token_id	speaker	tu_id	unit	id	span	form	lemma	upos	xpos	feats	deprel	type	meta_label	variation	jefferson_feats	align	prolongations	pace	guesses	overlaps
0-0	TOR006	0	0	0	((sospira))	((sospira))	_	_	_	_	_	nonverbalbehavior	_	none	_	Begin=1.718|End=2.21	_	_	_	_
1-0	TOR006	1	1	0	okay,	okay	_	_	_	_	_	linguistic	_	none	Intonation=WeaklyRising	Begin=2.21	_	_	_	_
1-1	TOR006	1	1	1	cia:o,	ciao	_	_	_	_	_	linguistic	_	none	Intonation=WeaklyRising	End=3.062	2x1	_	_	_
2-0	TOI034	2	2	0	ciao	ciao	_	_	_	_	_	linguistic	_	none	_	Begin=3.5|End=3.782	_	_	_	_
3-0	TOR006	3	3	0	come	come	_	_	_	_	_	linguistic	_	none	_	Begin=3.782	_	_	_	_
3-1	TOR006	3	3	1	ti	ti	_	_	_	_	_	linguistic	_	none	_	_	_	_	_	_
3-2	TOR006	3	3	2	chiami?	chiami	_	_	_	_	_	linguistic	_	none	Intonation=Rising	End=4.664	_	_	_	_
4-0	TOI034	4	4	0	annalaura	annalaura	_	_	_	_	_	linguistic	_	none	_	Begin=5.321|End=6.006	_	_	_	_
5-0	TOR006	5	5	0	okay	okay	_	_	_	_	_	linguistic	_	none	ProsodicLink=Yes	Begin=6.346	_	_	_	_
5-1	TOR006	5	5	1	ehm:	ehm	_	_	_	_	_	linguistic	_	none	_	_	2x1	_	_	_
5-2	TOR006	5	5	2	che	che	_	_	_	_	_	linguistic	_	none	_	_	_	_	_	_
5-3	TOR006	5	5	3	lavoro	lavoro	_	_	_	_	_	linguistic	_	none	_	_	_	_	_	_
5-4	TOR006	5	5	4	fai?	fai	_	_	_	_	_	linguistic	_	none	Intonation=Rising	End=8.847	_	_	_	_
6-0	TOI034	6	6	0	sono	sono	_	_	_	_	_	linguistic	_	none	_	Begin=9.166	_	_	_	_
6-1	TOI034	6	6	1	operaia	operaia	_	_	_	_	_	linguistic	_	none	_	_	_	_	_	_
6-2	TOI034	6	6	2	in	in	_	_	_	_	_	linguistic	_	none	_	_	_	_	_	_
6-3	TOI034	6	6	3	una	una	_	_	_	_	_	linguistic	_	none	_	_	_	_	_	_
6-4	TOI034	6	6	4	fabbrica	fabbrica	_	_	_	_	_	linguistic	_	none	_	_	_	_	_	_
6-5	TOI034	6	6	5	di	di	_	_	_	_	_	linguistic	_	none	_	_	_	_	_	_
6-6	TOI034	6	6	6	stampaggio	stampaggio	_	_	_	_	_	linguistic	_	none	_	_	_	_	_	_
6-7	TOI034	6	6	7	plastica.	plastica	_	_	_	_	_	linguistic	_	none	Intonation=Falling	End=11.711	_	_	_	_
7-0	TOR006	7	7	0	ok:ay	okay	_	_	_	_	_	linguistic	_	none	_	Begin=11.962	1x1	_	_	_
7-1	TOR006	7	7	1	da:	da	_	_	_	_	_	linguistic	_	none	_	_	1x1	_	_	_
7-2	TOR006	7	7	2	quanto	quanto	_	_	_	_	_	linguistic	_	none	_	_	_	_	_	_
7-3	TOR006	7	7	3	tempo?	tempo	_	_	_	_	_	linguistic	_	none	Intonation=Rising	End=13.94	_	_	_	_
8-0	TOI034	8	8	0	in	in	_	_	_	_	_	linguistic	_	none	_	Begin=14.977	_	_	_	_
8-1	TOI034	8	8	1	questa	questa	_	_	_	_	_	linguistic	_	none	_	_	_	_	_	_
8-2	TOI034	8	8	2	azienda	azienda	_	_	_	_	_	linguistic	_	none	_	_	_	_	_	_
8-3	TOI034	8	8	3	in	in	_	_	_	_	_	linguistic	_	none	_	_	_	_	_	_
8-4	TOI034	8	8	4	cui	cui	_	_	_	_	_	linguistic	_	none	_	_	_	_	_	_
8-5	TOI034	8	8	5	lavoro,	lavoro	_	_	_	_	_	linguistic	_	none	Intonation=WeaklyRising|PauseAfter=Yes	_	_	_	_	_
8-6	TOI034	8	8	6	(.)	(.)	_	_	_	_	_	shortpause	_	none	_	_	_	_	_	_
8-7	TOI034	8	8	7	da	da	_	_	_	_	_	linguistic	_	none	_	_	_	_	_	_
8-8	TOI034	8	8	8	marzo	marzo	_	_	_	_	_	linguistic	_	none	_	End=17.142	_	_	_	_
9-0	TOR006	9	9	0	mhmh	mhmh	_	_	_	_	_	linguistic	_	none	PauseAfter=Yes	Begin=17.449	_	_	_	_
9-1	TOR006	9	9	1	(.)	(.)	_	_	_	_	_	shortpause	_	none	_	_	_	_	_	_
9-2	TOR006	9	9	2	e:	e	_	_	_	_	_	linguistic	_	none	_	_	0x1	_	_	_
9-3	TOR006	9	9	3	prima:	prima	_	_	_	_	_	linguistic	_	none	ProsodicLink=Yes	_	4x1	_	_	_
9-4	TOR006	9	9	4	hai	hai	_	_	_	_	_	linguistic	_	none	_	_	_	_	_	_
9-5	TOR006	9	9	5	fatto	fatto	_	_	_	_	_	linguistic	_	none	_	_	_	_	_	_
9-6	TOR006	9	9	6	altro?	altro	_	_	_	_	_	linguistic	_	none	Intonation=Rising	End=19.485	_	_	_	_
10-0	TOI034	10	10	0	ho	ho	_	_	_	_	_	linguistic	_	none	_	Begin=20.093	_	_	_	_
10-1	TOI034	10	10	1	fatto	fatto	_	_	_	_	_	linguistic	_	none	_	_	_	_	_	_
10-2	TOI034	10	10	2	per	per	_	_	_	_	_	linguistic	_	none	_	_	_	_	_	_
10-3	TOI034	10	10	3	due	due	_	_	_	_	_	linguistic	_	none	_	_	_	_	_	_
10-4	TOI034	10	10	4	anni	anni	_	_	_	_	_	linguistic	_	none	_	_	_	_	_	_
10-5	TOI034	10	10	5	la	la	_	_	_	_	_	linguistic	_	none	_	_	_	_	_	_
10-6	TOI034	10	10	6	tata,	tata	_	_	_	_	_	linguistic	_	none	Intonation=WeaklyRising	End=21.827	_	_	_	_
11-0	TOR006	11	11	0	okay,	okay	_	_	_	_	_	linguistic	_	none	Intonation=WeaklyRising	Begin=22.143|End=22.74	_	_	_	_
12-0	TOI034	12	12	0	perché	perché	_	_	_	_	_	linguistic	_	none	_	Begin=22.834	_	_	_	_
12-1	TOI034	12	12	1	mi	mi	_	_	_	_	_	linguistic	_	none	_	_	_	_	_	_
12-2	TOI034	12	12	2	piaceva	piaceva	_	_	_	_	_	linguistic	_	none	_	_	_	_	_	_
12-3	TOI034	12	12	3	e	e	_	_	_	_	_	linguistic	_	none	_	_	_	_	_	_
12-4	TOI034	12	12	4	poi	poi	_	_	_	_	_	linguistic	_	none	_	_	_	_	_	_
12-5	TOI034	12	12	5	ho	ho	_	_	_	_	_	linguistic	_	none	_	_	_	_	_	_
12-6	TOI034	12	12	6	in~	in~	_	_	_	_	_	linguistic	_	none	Interrupted=Yes|PauseAfter=Yes	_	_	_	_	_
12-7	TOI034	12	12	7	(.)	(.)	_	_	_	_	_	shortpause	_	none	_	_	_	_	_	_
12-8	TOI034	12	12	8	deciso	deciso	_	_	_	_	_	linguistic	_	none	_	_	_	_	_	_
12-9	TOI034	12	12	9	di	di	_	_	_	_	_	linguistic	_	none	_	_	_	_	_	_
12-10	TOI034	12	12	10	iniziare	iniziare	_	_	_	_	_	linguistic	_	none	_	_	_	_	_	_
12-11	TOI034	12	12	11	a	a	_	_	_	_	_	linguistic	_	none	_	_	_	_	_	_
12-12	TOI034	12	12	12	fare	fare	_	_	_	_	_	linguistic	_	none	_	_	_	_	_	_
12-13	TOI034	12	12	13	un	un	_	_	_	_	_	linguistic	_	none	_	_	_	_	_	_
12-14	TOI034	12	12	14	lavoro	lavoro	_	_	_	_	_	linguistic	_	none	_	_	_	_	_	_
12-15	TOI034	12	12	15	un	un	_	_	_	_	_	linguistic	_	none	_	_	_	_	_	_
12-16	TOI034	12	12	16	po'	po'	_	_	_	_	_	linguistic	_	none	_	_	_	_	_	_
12-17	TOI034	12	12	17	più	più	_	_	_	_	_	linguistic	_	none	_	_	_	_	_	_
12-18	TOI034	12	12	18	serio	serio	_	_	_	_	_	linguistic	_	none	_	_	_	_	_	_
12-19	TOI034	12	12	19	che	che	_	_	_	_	_	linguistic	_	none	PauseAfter=Yes	_	_	_	_	_
12-20	TOI034	12	12	20	(.)	(.)	_	_	_	_	_	shortpause	_	none	_	_	_	_	_	_
12-21	TOI034	12	12	21	fosse	fosse	_	_	_	_	_	linguistic	_	none	_	_	_	_	_	_
12-22	TOI034	12	12	22	più	più	_	_	_	_	_	linguistic	_	none	_	_	_	_	_	_
12-23	TOI034	12	12	23	continuativo	continuativo	_	_	_	_	_	linguistic	_	none	_	End=28.276	_	_	_	_
13-0	TOR006	13	13	0	[mhmh]	mhmh	_	_	_	_	_	linguistic	_	none	_	Begin=27.035|End=27.455	_	_	_	0-4(0)
14-0	TOI034	14	14	0	e	e	_	_	_	_	_	linguistic	_	none	_	Begin=28.867	_	_	_	_
14-1	TOI034	14	14	1	per	per	_	_	_	_	_	linguistic	_	none	_	_	_	_	_	_
14-2	TOI034	14	14	2	caso	caso	_	_	_	_	_	linguistic	_	none	_	_	_	_	_	_
14-3	TOI034	14	14	3	mi	mi	_	_	_	_	_	linguistic	_	none	_	_	_	_	_	_
14-4	TOI034	14	14	4	son	son	_	_	_	_	_	linguistic	_	none	_	_	_	_	_	_
14-5	TOI034	14	14	5	trovata	trovata	_	_	_	_	_	linguistic	_	none	_	_	_	_	_	_
14-6	TOI034	14	14	6	a	a	_	_	_	_	_	linguistic	_	none	_	_	_	_	_	_
14-7	TOI034	14	14	7	lavorare	lavorare	_	_	_	_	_	linguistic	_	none	_	_	_	_	_	_
14-8	TOI034	14	14	8	in	in	_	_	_	_	_	linguistic	_	none	_	_	_	_	_	_
14-9	TOI034	14	14	9	fabbrica	fabbrica	_	_	_	_	_	linguistic	_	none	_	_	_	_	_	_
14-10	TOI034	14	14	10	non	non	_	_	_	_	_	linguistic	_	none	_	_	_	_	_	_
14-11	TOI034	14	14	11	avendo	avendo	_	_	_	_	_	linguistic	_	none	_	_	_	_	_	_
14-12	TOI034	14	14	12	altre	altre	_	_	_	_	_	linguistic	_	none	_	_	_	_	_	_
14-13	TOI034	14	14	13	esperienze	esperienze	_	_	_	_	_	linguistic	_	none	_	_	_	_	_	_
14-14	TOI034	14	14	14	e:	e	_	_	_	_	_	linguistic	_	none	PauseAfter=Yes	_	0x1	_	_	_
14-15	TOI034	14	14	15	(.)	(.)	_	_	_	_	_	shortpause	_	none	_	_	_	_	_	_
14-16	TOI034	14	14	16	adesso	adesso	_	_	_	_	_	linguistic	_	none	_	_	_	_	_	_
14-17	TOI034	14	14	17	continuo	continuo	_	_	_	_	_	linguistic	_	none	_	_	_	_	_	_
14-18	TOI034	14	14	18	con	con	_	_	_	_	_	linguistic	_	none	_	_	_	_	_	_
14-19	TOI034	14	14	19	questo	questo	_	_	_	_	_	linguistic	_	none	_	End=33.878	_	_	_	_
15-0	TOR006	15	15	0	okay	okay	_	_	_	_	_	linguistic	_	none	_	Begin=34.027	_	_	_	_
15-1	TOR006	15	15	1	e	e	_	_	_	_	_	linguistic	_	none	_	_	_	_	_	_
15-2	TOR006	15	15	2	questo	questo	_	_	_	_	_	linguistic	_	none	_	_	_	_	_	_
15-3	TOR006	15	15	3	lavoro	lavoro	_	_	_	_	_	linguistic	_	none	_	_	_	_	_	_
15-4	TOR006	15	15	4	in	in	_	_	_	_	_	linguistic	_	none	_	_	_	_	_	_
15-5	TOR006	15	15	5	fabbri~	fabbri~	_	_	_	_	_	linguistic	_	none	Interrupted=Yes	_	_	_	_	_
15-6	TOR006	15	15	6	in	in	_	_	_	_	_	linguistic	_	none	_	_	_	_	_	_
15-7	TOR006	15	15	7	questo	questo	_	_	_	_	_	linguistic	_	none	_	_	_	_	_	_
15-8	TOR006	15	15	8	lavoro	lavoro	_	_	_	_	_	linguistic	_	none	_	_	_	_	_	_
15-9	TOR006	15	15	9	in	in	_	_	_	_	_	linguistic	_	none	_	_	_	_	_	_
15-10	TOR006	15	15	10	fabbrica	fabbrica	_	_	_	_	_	linguistic	_	none	_	_	_	_	_	_
15-11	TOR006	15	15	11	proprio:	proprio	_	_	_	_	_	linguistic	_	none	_	_	6x1	_	_	_
15-12	TOR006	15	15	12	praticamente	praticamente	_	_	_	_	_	linguistic	_	none	_	_	_	_	_	_
15-13	TOR006	15	15	13	tu	tu	_	_	_	_	_	linguistic	_	none	_	_	_	_	_	_
15-14	TOR006	15	15	14	di	di	_	_	_	_	_	linguistic	_	none	_	_	_	_	_	_
15-15	TOR006	15	15	15	cosa:	cosa	_	_	_	_	_	linguistic	_	none	_	_	3x1	_	_	_
15-16	TOR006	15	15	16	ti	ti	_	_	_	_	_	linguistic	_	none	_	_	_	_	_	_
15-17	TOR006	15	15	17	occupi?	occupi	_	_	_	_	_	linguistic	_	none	Intonation=Rising	End=39.911	_	_	_	_
16-0	TOI034	16	16	0	io	io	_	_	_	_	_	linguistic	_	none	_	Begin=40.237	_	_	_	_
16-1	TOI034	16	16	1	ho:	ho	_	_	_	_	_	linguistic	_	none	_	_	1x1	_	_	_
16-2	TOI034	16	16	2	dei	dei	_	_	_	_	_	linguistic	_	none	_	_	_	_	_	_
16-3	TOI034	16	16	3	macchinari	macchinari	_	_	_	_	_	linguistic	_	none	_	_	_	_	_	_
16-4	TOI034	16	16	4	di	di	_	_	_	_	_	linguistic	_	none	_	_	_	_	_	_
16-5	TOI034	16	16	5	cui:	cui	_	_	_	_	_	linguistic	_	none	_	_	2x1	_	_	_
16-6	TOI034	16	16	6	sono	sono	_	_	_	_	_	linguistic	_	none	_	_	_	_	_	_
16-7	TOI034	16	16	7	responsabile	responsabile	_	_	_	_	_	linguistic	_	none	_	End=43.535	_	_	_	_
17-0	TOR006	17	17	0	[mhmh]	mhmh	_	_	_	_	_	linguistic	_	none	_	Begin=43.834|End=44.099	_	_	_	0-4(1)
18-0	TOI034	18	18	0	[da]	da	_	_	_	_	_	linguistic	_	none	_	Begin=43.923	_	_	_	0-2(1)
18-1	TOI034	18	18	1	cui:::	cui	_	_	_	_	_	linguistic	_	none	_	End=44.927	2x3	_	_	_
19-0	TOI034	19	19	0	esce	esce	_	_	_	_	_	linguistic	_	none	PauseAfter=Yes	Begin=45.584	_	_	_	_
19-1	TOI034	19	19	1	(.)	(.)	_	_	_	_	_	shortpause	_	none	_	_	_	_	_	_
19-2	TOI034	19	19	2	un	un	_	_	_	_	_	linguistic	_	none	_	_	_	_	_	_
19-3	TOI034	19	19	3	pezzo:	pezzo	_	_	_	_	_	linguistic	_	none	_	End=47.22	4x1	_	_	_
20-0	TOI034	20	20	0	prodotto	prodotto	_	_	_	_	_	linguistic	_	none	PauseAfter=Yes	Begin=47.383	_	_	_	_
20-1	TOI034	20	20	1	(.)	(.)	_	_	_	_	_	shortpause	_	none	_	_	_	_	_	_
20-2	TOI034	20	20	2	di	di	_	_	_	_	_	linguistic	_	none	_	_	_	_	_	_
20-3	TOI034	20	20	3	plastica	plastica	_	_	_	_	_	linguistic	_	none	_	_	_	_	_	_
20-4	TOI034	20	20	4	per	per	_	_	_	_	_	linguistic	_	none	_	_	_	_	_	_
20-5	TOI034	20	20	5	l'	l'	_	_	_	_	_	linguistic	_	none	SpaceAfter=No	_	_	_	_	_
20-6	TOI034	20	20	6	appunto	appunto	_	_	_	_	_	linguistic	_	none	_	End=49.32	_	_	_	_
21-0	TOR006	21	21	0	mh[mh]	mhmh	_	_	_	_	_	linguistic	_	none	_	Begin=49.35|End=49.9	_	_	_	2-4(2)
22-0	TOI034	22	22	0	[de]vo	devo	_	_	_	_	_	linguistic	_	none	_	Begin=49.62	_	_	_	0-2(2)
22-1	TOI034	22	22	1	controllarlo	controllarlo	_	_	_	_	_	linguistic	_	none	_	_	_	_	_	_
22-2	TOI034	22	22	2	confezionarlo:	confezionarlo	_	_	_	_	_	linguistic	_	none	_	_	12x1	_	_	_
22-3	TOI034	22	22	3	come	come	_	_	_	_	_	linguistic	_	none	_	_	_	_	_	_
22-4	TOI034	22	22	4	richiesto	richiesto	_	_	_	_	_	linguistic	_	none	_	End=52.177	_	_	_	_
23-0	TOI034	23	23	0	e	e	_	_	_	_	_	linguistic	_	none	_	Begin=52.76	_	_	_	_
23-1	TOI034	23	23	1	metterlo:	metterlo	_	_	_	_	_	linguistic	_	none	_	End=53.591	7x1	_	_	_
24-0	TOI034	24	24	0	e	e	_	_	_	_	_	linguistic	_	none	_	Begin=54.05	_	_	_	_
24-1	TOI034	24	24	1	portarlo	portarlo	_	_	_	_	_	linguistic	_	none	_	_	_	_	_	_
24-2	TOI034	24	24	2	via	via	_	_	_	_	_	linguistic	_	none	_	End=54.792	_	_	_	_
25-0	TOR006	25	25	0	e:	e	_	_	_	_	_	linguistic	_	none	_	Begin=55.33	0x1	_	_	_
25-1	TOR006	25	25	1	s~	s~	_	_	_	_	_	linguistic	_	none	Interrupted=Yes	_	_	_	_	_
25-2	TOR006	25	25	2	e:	e	_	_	_	_	_	linguistic	_	none	_	_	0x1	_	_	_
25-3	TOR006	25	25	3	questa	questa	_	_	_	_	_	linguistic	_	none	_	_	_	_	_	_
25-4	TOR006	25	25	4	plastica:	plastica	_	_	_	_	_	linguistic	_	none	_	_	7x1	_	_	_
25-5	TOR006	25	25	5	a	a	_	_	_	_	_	linguistic	_	none	_	_	_	_	_	_
25-6	TOR006	25	25	6	cosa	cosa	_	_	_	_	_	linguistic	_	none	_	_	_	_	_	_
25-7	TOR006	25	25	7	serve	serve	_	_	_	_	_	linguistic	_	none	_	_	_	_	_	_
25-8	TOR006	25	25	8	poi?	poi	_	_	_	_	_	linguistic	_	none	Intonation=Rising	End=58.26	_	_	_	_
26-0	TOI034	26	26	0	abbiamo	abbiamo	_	_	_	_	_	linguistic	_	none	_	Begin=59.06	_	_	_	_
26-1	TOI034	26	26	1	molteplici:	molteplici	_	_	_	_	_	linguistic	_	none	_	_	9x1	_	_	_
26-2	TOI034	26	26	2	contesti	contesti	_	_	_	_	_	linguistic	_	none	_	_	_	_	_	_
26-3	TOI034	26	26	3	in	in	_	_	_	_	_	linguistic	_	none	_	_	_	_	_	_
26-4	TOI034	26	26	4	cui::	cui	_	_	_	_	_	linguistic	_	none	_	_	2x2	_	_	_
26-5	TOI034	26	26	5	lavoriamo	lavoriamo	_	_	_	_	_	linguistic	_	none	_	_	_	_	_	_
26-6	TOI034	26	26	6	quindi:	quindi	_	_	_	_	_	linguistic	_	none	_	_	5x1	_	_	_
26-7	TOI034	26	26	7	automotive:	automotive	_	_	_	_	_	linguistic	_	none	_	End=65.007	9x1	_	_	_
27-0	TOI034	27	27	0	per	per	_	_	_	_	_	linguistic	_	none	ProsodicLink=Yes	Begin=65.41	_	_	_	_
27-1	TOI034	27	27	1	e:h	eh	_	_	_	_	_	linguistic	_	none	_	_	0x1	_	_	_
27-2	TOI034	27	27	2	elettrodomestici	elettrodomestici	_	_	_	_	_	linguistic	_	none	_	_	_	_	_	_
27-3	TOI034	27	27	3	come:	come	_	_	_	_	_	linguistic	_	none	_	_	3x1	_	_	_
27-4	TOI034	27	27	4	per	per	_	_	_	_	_	linguistic	_	none	_	_	_	_	_	_
27-5	TOI034	27	27	5	comunque	comunque	_	_	_	_	_	linguistic	_	none	_	_	_	_	_	_
27-6	TOI034	27	27	6	altro	altro	_	_	_	_	_	linguistic	_	none	_	_	_	_	_	_
27-7	TOI034	27	27	7	materiale	materiale	_	_	_	_	_	linguistic	_	none	_	_	_	_	_	_
27-8	TOI034	27	27	8	che	che	_	_	_	_	_	linguistic	_	none	_	End=69.91	_	_	_	_
28-0	TOI034	28	28	0	puoi	puoi	_	_	_	_	_	linguistic	_	none	_	Begin=70.11	_	_	_	_
28-1	TOI034	28	28	1	trovare	trovare	_	_	_	_	_	linguistic	_	none	_	_	_	_	_	_
28-2	TOI034	28	28	2	in	in	_	_	_	_	_	linguistic	_	none	_	_	_	_	_	_
28-3	TOI034	28	28	3	casa	casa	_	_	_	_	_	linguistic	_	none	_	_	_	_	_	_
28-4	TOI034	28	28	4	fatto	fatto	_	_	_	_	_	linguistic	_	none	_	_	_	_	_	_
28-5	TOI034	28	28	5	di	di	_	_	_	_	_	linguistic	_	none	_	_	_	_	_	_
28-6	TOI034	28	28	6	plastica	plastica	_	_	_	_	_	linguistic	_	none	_	End=71.903	_	_	_	_
29-0	TOR006	29	29	0	quindi	quindi	_	_	_	_	_	linguistic	_	none	_	Begin=72.093	_	_	_	_
29-1	TOR006	29	29	1	potrebbe	potrebbe	_	_	_	_	_	linguistic	_	none	_	_	_	_	_	_
29-2	TOR006	29	29	2	esssere	esssere	_	_	_	_	_	linguistic	_	none	_	_	_	_	_	_
29-3	TOR006	29	29	3	fatto	fatto	_	_	_	_	_	linguistic	_	none	_	_	_	_	_	_
29-4	TOR006	29	29	4	da	da	_	_	_	_	_	linguistic	_	none	_	_	_	_	_	_
29-5	TOR006	29	29	5	te	te	_	_	_	_	_	linguistic	_	none	_	_	_	_	_	_
29-6	TOR006	29	29	6	tipo:	tipo	_	_	_	_	_	linguistic	_	none	_	_	3x1	_	_	_
29-7	TOR006	29	29	7	una	una	_	_	_	_	_	linguistic	_	none	_	_	_	_	_	_
29-8	TOR006	29	29	8	cosa	cosa	_	_	_	_	_	linguistic	_	none	_	_	_	_	_	_
29-9	TOR006	29	29	9	che	che	_	_	_	_	_	linguistic	_	none	_	_	_	_	_	_
29-10	TOR006	29	29	10	io	io	_	_	_	_	_	linguistic	_	none	_	_	_	_	_	_
29-11	TOR006	29	29	11	ho	ho	_	_	_	_	_	linguistic	_	none	_	_	_	_	_	_
29-12	TOR006	29	29	12	in	in	_	_	_	_	_	linguistic	_	none	_	_	_	_	_	_
29-13	TOR006	29	29	13	casa	casa	_	_	_	_	_	linguistic	_	none	_	End=75.8	_	_	_	_
30-0	TOI034	30	30	0	potenzialmente	potenzialmente	_	_	_	_	_	linguistic	_	none	_	Begin=76.058	_	_	_	_
30-1	TOI034	30	30	1	sì.	sì	_	_	_	_	_	linguistic	_	none	Intonation=Falling	End=76.899	_	_	_	_
31-0	TOR006	31	31	0	oka:y	okay	_	_	_	_	_	linguistic	_	none	_	Begin=77.549|End=78.339	2x1	_	_	_
32-0	TOR006	32	32	0	quindi	quindi	_	_	_	_	_	linguistic	_	none	_	Begin=79.006	_	_	_	_
32-1	TOR006	32	32	1	lavori	lavori	_	_	_	_	_	linguistic	_	none	_	_	_	_	_	_
32-2	TOR006	32	32	2	in	in	_	_	_	_	_	linguistic	_	none	_	_	_	_	_	_
32-3	TOR006	32	32	3	proprio	proprio	_	_	_	_	_	linguistic	_	none	_	_	_	_	_	_
32-4	TOR006	32	32	4	o	o	_	_	_	_	_	linguistic	_	none	_	_	_	_	_	_
32-5	TOR006	32	32	5	sei	sei	_	_	_	_	_	linguistic	_	none	_	_	_	_	_	_
32-6	TOR006	32	32	6	un	un	_	_	_	_	_	linguistic	_	none	_	_	_	_	_	_
32-7	TOR006	32	32	7	dipendente	dipendente	_	_	_	_	_	linguistic	_	none	_	End=81.269	_	_	_	_
33-0	TOI034	33	33	0	son	son	_	_	_	_	_	linguistic	_	none	_	Begin=81.551	_	_	_	_
33-1	TOI034	33	33	1	dipendent[e]	dipendente	_	_	_	_	_	linguistic	_	none	_	End=82.418	_	_	_	9-10(3)
34-0	TOR006	34	34	0	[o]kay	okay	_	_	_	_	_	linguistic	_	none	_	Begin=82.26|End=82.884	_	_	_	0-1(3)
35-0	TOR006	35	35	0	il	il	_	_	_	_	_	linguistic	_	none	_	Begin=83.129	_	_	_	_
35-1	TOR006	35	35	1	tuo	tuo	_	_	_	_	_	linguistic	_	none	_	_	_	_	_	_
35-2	TOR006	35	35	2	capo	capo	_	_	_	_	_	linguistic	_	none	_	_	_	_	_	_
35-3	TOR006	35	35	3	ti	ti	_	_	_	_	_	linguistic	_	none	_	_	_	_	_	_
35-4	TOR006	35	35	4	tratta	tratta	_	_	_	_	_	linguistic	_	none	_	_	_	_	_	_
35-5	TOR006	35	35	5	bene?	bene	_	_	_	_	_	linguistic	_	none	Intonation=Rising	End=84.805	_	_	_	_
36-0	TOI034	36	36	0	sì:	sì	_	_	_	_	_	linguistic	_	none	_	Begin=85.325	1x1	_	_	_
36-1	TOI034	36	36	1	((ride))	((ride))	_	_	_	_	_	nonverbalbehavior	_	none	_	End=85.802	_	_	_	_
37-0	TOR006	37	37	0	ti	ti	_	_	_	_	_	linguistic	_	none	_	Begin=86.095	_	_	_	_
37-1	TOR006	37	37	1	paga	paga	_	_	_	_	_	linguistic	_	none	_	_	_	_	_	_
37-2	TOR006	37	37	2	bene?	bene	_	_	_	_	_	linguistic	_	none	Intonation=Rising	End=86.948	_	_	_	_
38-0	TOI034	38	38	0	no	no	_	_	_	_	_	linguistic	_	none	_	Begin=88.506|End=88.922	_	_	_	_
39-0	TOR006	39	39	0	[vorresti	vorresti	_	_	_	_	_	linguistic	_	none	_	Begin=89.584	_	_	_	0-8(4)
39-1	TOR006	39	39	1	avere	avere	_	_	_	_	_	linguistic	_	none	_	_	_	_	_	0-5(4)
39-2	TOR006	39	39	2	più]	più	_	_	_	_	_	linguistic	_	none	_	_	_	_	_	0-3(4)
39-3	TOR006	39	39	3	soldi?	soldi	_	_	_	_	_	linguistic	_	none	Intonation=Rising	_	_	_	_	_
39-4	TOR006	39	39	4	((ride))	((ride))	_	_	_	_	_	nonverbalbehavior	_	none	_	End=90.982	_	_	_	_
40-0	TOI034	40	40	0	[nel	nel	_	_	_	_	_	linguistic	_	none	_	Begin=89.68	_	_	_	0-3(4)
40-1	TOI034	40	40	1	senso]	senso	_	_	_	_	_	linguistic	_	none	_	End=90.396	_	_	_	0-5(4)
41-0	TOI034	41	41	0	non	non	_	_	_	_	_	linguistic	_	none	_	Begin=91.396	_	_	_	_
41-1	TOI034	41	41	1	vorrei	vorrei	_	_	_	_	_	linguistic	_	none	_	_	_	_	_	_
41-2	TOI034	41	41	2	averne	averne	_	_	_	_	_	linguistic	_	none	_	_	_	_	_	_
41-3	TOI034	41	41	3	di	di	_	_	_	_	_	linguistic	_	none	_	_	_	_	_	_
41-4	TOI034	41	41	4	più	più	_	_	_	_	_	linguistic	_	none	_	_	_	_	_	_
41-5	TOI034	41	41	5	ma	ma	_	_	_	_	_	linguistic	_	none	_	_	_	_	_	_
41-6	TOI034	41	41	6	vorrei	vorrei	_	_	_	_	_	linguistic	_	none	_	_	_	_	_	_
41-7	TOI034	41	41	7	che	che	_	_	_	_	_	linguistic	_	none	_	_	_	_	_	_
41-8	TOI034	41	41	8	fosse	fosse	_	_	_	_	_	linguistic	_	none	_	_	_	_	_	_
41-9	TOI034	41	41	9	più	più	_	_	_	_	_	linguistic	_	none	_	_	_	_	_	_
41-10	TOI034	41	41	10	giusto	giusto	_	_	_	_	_	linguistic	_	none	_	_	_	_	_	_
41-11	TOI034	41	41	11	secondo	secondo	_	_	_	_	_	linguistic	_	none	_	_	_	_	_	_
41-12	TOI034	41	41	12	il	il	_	_	_	_	_	linguistic	_	none	_	_	_	_	_	_
41-13	TOI034	41	41	13	contratto	contratto	_	_	_	_	_	linguistic	_	none	_	_	_	_	_	_
41-14	TOI034	41	41	14	nazionale	nazionale	_	_	_	_	_	linguistic	_	none	_	_	_	_	_	_
41-15	TOI034	41	41	15	del	del	_	_	_	_	_	linguistic	_	none	_	_	_	_	_	_
41-16	TOI034	41	41	16	lavoro	lavoro	_	_	_	_	_	linguistic	_	none	_	End=95.889	_	_	_	_
42-0	TOR006	42	42	0	perché	perché	_	_	_	_	_	linguistic	_	none	_	Begin=96.506	_	_	_	_
42-1	TOR006	42	42	1	tu	tu	_	_	_	_	_	linguistic	_	none	_	_	_	_	_	_
42-2	TOR006	42	42	2	conosci	conosci	_	_	_	_	_	linguistic	_	none	_	_	_	_	_	_
42-3	TOR006	42	42	3	il	il	_	_	_	_	_	linguistic	_	none	_	_	_	_	_	_
42-4	TOR006	42	42	4	contratto	contratto	_	_	_	_	_	linguistic	_	none	_	_	_	_	_	_
42-5	TOR006	42	42	5	nazionale	nazionale	_	_	_	_	_	linguistic	_	none	_	_	_	_	_	_
42-6	TOR006	42	42	6	del	del	_	_	_	_	_	linguistic	_	none	_	_	_	_	_	_
42-7	TOR006	42	42	7	lavoro?	lavoro	_	_	_	_	_	linguistic	_	none	Intonation=Rising	End=98.808	_	_	_	_
43-0	TOI034	43	43	0	sì	sì	_	_	_	_	_	linguistic	_	none	_	Begin=98.909|End=99.132	_	_	_	_
44-0	TOR006	44	44	0	e	e	_	_	_	_	_	linguistic	_	none	_	Begin=99.545	_	_	_	_
44-1	TOR006	44	44	1	che	che	_	_	_	_	_	linguistic	_	none	_	_	_	_	_	_
44-2	TOR006	44	44	2	cosa	cosa	_	_	_	_	_	linguistic	_	none	_	_	_	_	_	_
44-3	TOR006	44	44	3	dice?	dice	_	_	_	_	_	linguistic	_	none	Intonation=Rising	End=100.491	_	_	_	_
45-0	TOI034	45	45	0	ci	ci	_	_	_	_	_	linguistic	_	none	_	Begin=101.396	_	_	_	_
45-1	TOI034	45	45	1	sono	sono	_	_	_	_	_	linguistic	_	none	_	_	_	_	_	_
45-2	TOI034	45	45	2	delle	delle	_	_	_	_	_	linguistic	_	none	_	_	_	_	_	_
45-3	TOI034	45	45	3	determinate::	determinate	_	_	_	_	_	linguistic	_	none	_	_	10x2	_	_	_
45-4	TOI034	45	45	4	mh	mh	_	_	_	_	_	linguistic	_	none	_	End=103.909	_	_	_	_
46-0	TOI034	46	46	0	basi	basi	_	_	_	_	_	linguistic	_	none	_	Begin=105.337	_	_	_	_
46-1	TOI034	46	46	1	da	da	_	_	_	_	_	linguistic	_	none	_	_	_	_	_	_
46-2	TOI034	46	46	2	cui	cui	_	_	_	_	_	linguistic	_	none	_	_	_	_	_	_
46-3	TOI034	46	46	3	bisognerebbe	bisognerebbe	_	_	_	_	_	linguistic	_	none	_	_	_	_	_	_
46-4	TOI034	46	46	4	partire	partire	_	_	_	_	_	linguistic	_	none	_	_	_	_	_	_
46-5	TOI034	46	46	5	per	per	_	_	_	_	_	linguistic	_	none	_	_	_	_	_	_
46-6	TOI034	46	46	6	[appunto]	appunto	_	_	_	_	_	linguistic	_	none	_	_	_	_	_	0-7(5)
46-7	TOI034	46	46	7	per	per	_	_	_	_	_	linguistic	_	none	_	_	_	_	_	_
46-8	TOI034	46	46	8	un	un	_	_	_	_	_	linguistic	_	none	_	_	_	_	_	_
46-9	TOI034	46	46	9	contratto	contratto	_	_	_	_	_	linguistic	_	none	_	End=108.566	_	_	_	_
47-0	TOR006	47	47	0	[mhmh]	mhmh	_	_	_	_	_	linguistic	_	none	_	Begin=107.344|End=107.707	_	_	_	0-4(5)
48-0	TOR006	48	48	0	[okay]	okay	_	_	_	_	_	linguistic	_	none	_	Begin=108.967|End=109.506	_	_	_	0-4(6)
49-0	TOI034	49	49	0	[e:	e	_	_	_	_	_	linguistic	_	none	_	Begin=108.967	0x1	_	_	0-1(6)
49-1	TOI034	49	49	1	di]ciamo	diciamo	_	_	_	_	_	linguistic	_	none	_	_	_	_	_	0-2(6)
49-2	TOI034	49	49	2	che	che	_	_	_	_	_	linguistic	_	none	PauseAfter=Yes	_	_	_	_	_
49-3	TOI034	49	49	3	(.)	(.)	_	_	_	_	_	shortpause	_	none	_	_	_	_	_	_
49-4	TOI034	49	49	4	essendo	essendo	_	_	_	_	_	linguistic	_	none	_	_	_	_	_	_
49-5	TOI034	49	49	5	un'	un'	_	_	_	_	_	linguistic	_	none	SpaceAfter=No	_	_	_	_	_
49-6	TOI034	49	49	6	azienda:	azienda	_	_	_	_	_	linguistic	_	none	_	_	6x1	_	_	_
49-7	TOI034	49	49	7	m:h	mh	_	_	_	_	_	linguistic	_	none	_	_	0x1	_	_	_
49-8	TOI034	49	49	8	abbastanza	abbastanza	_	_	_	_	_	linguistic	_	none	_	_	_	_	_	_
49-9	TOI034	49	49	9	piccola	piccola	_	_	_	_	_	linguistic	_	none	_	_	_	_	_	_
49-10	TOI034	49	49	10	non	non	_	_	_	_	_	linguistic	_	none	_	End=113.906	_	_	_	_
50-0	TOI034	50	50	0	non	non	_	_	_	_	_	linguistic	_	none	_	Begin=115.207	_	_	_	_
50-1	TOI034	50	50	1	lo	lo	_	_	_	_	_	linguistic	_	none	_	_	_	_	_	_
50-2	TOI034	50	50	2	rispettano	rispettano	_	_	_	_	_	linguistic	_	none	_	_	_	_	_	_
50-3	TOI034	50	50	3	come	come	_	_	_	_	_	linguistic	_	none	_	_	_	_	_	_
50-4	TOI034	50	50	4	dovrebbero	dovrebbero	_	_	_	_	_	linguistic	_	none	_	End=116.69	_	_	_	_
51-0	TOR006	51	51	0	okay	okay	_	_	_	_	_	linguistic	_	none	_	Begin=117.006|End=117.626	_	_	_	_
52-0	TOI034	52	52	0	perché	perché	_	_	_	_	_	linguistic	_	none	_	Begin=117.87	_	_	_	_
52-1	TOI034	52	52	1	i	i	_	_	_	_	_	linguistic	_	none	_	_	_	_	_	_
52-2	TOI034	52	52	2	sindacati	sindacati	_	_	_	_	_	linguistic	_	none	_	_	_	_	_	_
52-3	TOI034	52	52	3	non	non	_	_	_	_	_	linguistic	_	none	_	_	_	_	_	_
52-4	TOI034	52	52	4	influiscono	influiscono	_	_	_	_	_	linguistic	_	none	_	_	_	_	_	_
52-5	TOI034	52	52	5	molto	molto	_	_	_	_	_	linguistic	_	none	_	End=119.722	_	_	_	_
53-0	TOR006	53	53	0	tu	tu	_	_	_	_	_	linguistic	_	none	_	Begin=120.142	_	_	_	_
53-1	TOR006	53	53	1	non	non	_	_	_	_	_	linguistic	_	none	_	_	_	_	_	_
53-2	TOR006	53	53	2	puoi	puoi	_	_	_	_	_	linguistic	_	none	_	_	_	_	_	_
53-3	TOR006	53	53	3	fare	fare	_	_	_	_	_	linguistic	_	none	_	_	_	_	_	_
53-4	TOR006	53	53	4	niente	niente	_	_	_	_	_	linguistic	_	none	_	_	_	_	_	_
53-5	TOR006	53	53	5	però	però	_	_	_	_	_	linguistic	_	none	_	_	_	_	_	_
53-6	TOR006	53	53	6	per	per	_	_	_	_	_	linguistic	_	none	_	_	_	_	_	_
53-7	TOR006	53	53	7	diciamo	diciamo	_	_	_	_	_	linguistic	_	none	_	_	_	_	_	_
53-8	TOR006	53	53	8	migliorare	migliorare	_	_	_	_	_	linguistic	_	none	_	_	_	_	_	_
53-9	TOR006	53	53	9	questa	questa	_	_	_	_	_	linguistic	_	none	_	_	_	_	_	_
53-10	TOR006	53	53	10	situazione?	situazione	_	_	_	_	_	linguistic	_	none	Intonation=Rising	End=123.916	_	_	_	_
54-0	TOI034	54	54	0	al	al	_	_	_	_	_	linguistic	_	none	_	Begin=123.961	_	_	_	_
54-1	TOI034	54	54	1	momento	momento	_	_	_	_	_	linguistic	_	none	_	_	_	_	_	_
54-2	TOI034	54	54	2	sono::	sono	_	_	_	_	_	linguistic	_	none	_	_	3x2	_	_	_
54-3	TOI034	54	54	3	ancora	ancora	_	_	_	_	_	linguistic	_	none	_	_	_	_	_	_
54-4	TOI034	54	54	4	a	a	_	_	_	_	_	linguistic	_	none	_	_	_	_	_	_
54-5	TOI034	54	54	5	tempo	tempo	_	_	_	_	_	linguistic	_	none	_	_	_	_	_	_
54-6	TOI034	54	54	6	determinato	determinato	_	_	_	_	_	linguistic	_	none	_	_	_	_	_	_
54-7	TOI034	54	54	7	sotto	sotto	_	_	_	_	_	linguistic	_	none	_	_	_	_	_	_
54-8	TOI034	54	54	8	agenzia	agenzia	_	_	_	_	_	linguistic	_	none	_	_	_	_	_	_
54-9	TOI034	54	54	9	quindi	quindi	_	_	_	_	_	linguistic	_	none	_	_	_	_	_	_
54-10	TOI034	54	54	10	non	non	_	_	_	_	_	linguistic	_	none	_	_	_	_	_	_
54-11	TOI034	54	54	11	mi	mi	_	_	_	_	_	linguistic	_	none	_	_	_	_	_	_
54-12	TOI034	54	54	12	posso	posso	_	_	_	_	_	linguistic	_	none	_	_	_	_	_	_
54-13	TOI034	54	54	13	permettere	permettere	_	_	_	_	_	linguistic	_	none	_	_	_	_	_	_
54-14	TOI034	54	54	14	di	di	_	_	_	_	_	linguistic	_	none	_	_	_	_	_	_
54-15	TOI034	54	54	15	dire	dire	_	_	_	_	_	linguistic	_	none	_	_	_	_	_	_
54-16	TOI034	54	54	16	molto	molto	_	_	_	_	_	linguistic	_	none	_	End=129.701	_	_	_	_
55-0	TOR006	55	55	0	mh[mh]	mhmh	_	_	_	_	_	linguistic	_	none	_	Begin=129.953|End=130.311	_	_	_	2-4(7)
56-0	TOI034	56	56	0	[si]curamente	sicuramente	_	_	_	_	_	linguistic	_	none	_	Begin=130.071	_	_	_	0-2(7)
56-1	TOI034	56	56	1	avendo	avendo	_	_	_	_	_	linguistic	_	none	_	_	_	_	_	_
56-2	TOI034	56	56	2	abbastanza	abbastanza	_	_	_	_	_	linguistic	_	none	_	_	_	_	_	_
56-3	TOI034	56	56	3	un	un	_	_	_	_	_	linguistic	_	none	_	_	_	_	_	_
56-4	TOI034	56	56	4	buon	buon	_	_	_	_	_	linguistic	_	none	_	_	_	_	_	_
56-5	TOI034	56	56	5	rapporto	rapporto	_	_	_	_	_	linguistic	_	none	_	_	_	_	_	_
56-6	TOI034	56	56	6	con	con	_	_	_	_	_	linguistic	_	none	_	_	_	_	_	_
56-7	TOI034	56	56	7	il	il	_	_	_	_	_	linguistic	_	none	_	_	_	_	_	_
56-8	TOI034	56	56	8	capo	capo	_	_	_	_	_	linguistic	_	none	_	_	_	_	_	_
56-9	TOI034	56	56	9	qualche:	qualche	_	_	_	_	_	linguistic	_	none	_	End=133.967	6x1	_	_	_
57-0	TOI034	57	57	0	qualcosa	qualcosa	_	_	_	_	_	linguistic	_	none	_	Begin=134.448	_	_	_	_
57-1	TOI034	57	57	1	glielo	glielo	_	_	_	_	_	linguistic	_	none	_	_	_	_	_	_
57-2	TOI034	57	57	2	dirò	dirò	_	_	_	_	_	linguistic	_	none	_	_	_	_	_	_
57-3	TOI034	57	57	3	poi	poi	_	_	_	_	_	linguistic	_	none	_	_	_	_	_	_
57-4	TOI034	57	57	4	in	in	_	_	_	_	_	linguistic	_	none	_	_	_	_	_	_
57-5	TOI034	57	57	5	futuro	futuro	_	_	_	_	_	linguistic	_	none	_	End=136.33	_	_	_	_
58-0	TOR006	58	58	0	ho	ho	_	_	_	_	_	linguistic	_	none	_	Begin=136.34	_	_	_	_
58-1	TOR006	58	58	1	capito	capito	_	_	_	_	_	linguistic	_	none	_	End=136.995	_	_	_	_
59-0	TOR006	59	59	0	quindi	quindi	_	_	_	_	_	linguistic	_	none	_	Begin=137.551	_	_	_	_
59-1	TOR006	59	59	1	hai	hai	_	_	_	_	_	linguistic	_	none	_	_	_	_	_	_
59-2	TOR006	59	59	2	trovato	trovato	_	_	_	_	_	linguistic	_	none	_	_	_	_	_	_
59-3	TOR006	59	59	3	tramite	tramite	_	_	_	_	_	linguistic	_	none	_	_	_	_	_	_
59-4	TOR006	59	59	4	agenzia:	agenzia	_	_	_	_	_	linguistic	_	none	_	_	6x1	_	_	_
59-5	TOR006	59	59	5	okay	okay	_	_	_	_	_	linguistic	_	none	_	_	_	_	_	_
59-6	TOR006	59	59	6	e	e	_	_	_	_	_	linguistic	_	none	_	_	_	_	_	_
59-7	TOR006	59	59	7	ti	ti	_	_	_	_	_	linguistic	_	none	_	_	_	_	_	_
59-8	TOR006	59	59	8	sei	sei	_	_	_	_	_	linguistic	_	none	_	_	_	_	_	_
59-9	TOR006	59	59	9	rivolta	rivolta	_	_	_	_	_	linguistic	_	none	_	_	_	_	_	_
59-10	TOR006	59	59	10	più	più	_	_	_	_	_	linguistic	_	none	_	_	_	_	_	_
59-11	TOR006	59	59	11	vol~	vol~	_	_	_	_	_	linguistic	_	none	Interrupted=Yes	_	_	_	_	_
59-12	TOR006	59	59	12	c(io)è	cioè	_	_	_	_	_	linguistic	_	none	Reduced=Yes	_	_	_	_	_
59-13	TOR006	59	59	13	m:h	mh	_	_	_	_	_	linguistic	_	none	_	_	0x1	_	_	_
59-14	TOR006	59	59	14	ti	ti	_	_	_	_	_	linguistic	_	none	_	_	_	_	_	_
59-15	TOR006	59	59	15	era	era	_	_	_	_	_	linguistic	_	none	_	_	_	_	_	_
59-16	TOR006	59	59	16	già	già	_	_	_	_	_	linguistic	_	none	_	_	_	_	_	_
59-17	TOR006	59	59	17	capitato	capitato	_	_	_	_	_	linguistic	_	none	_	_	_	_	_	_
59-18	TOR006	59	59	18	di	di	_	_	_	_	_	linguistic	_	none	_	_	_	_	_	_
59-19	TOR006	59	59	19	m:h	mh	_	_	_	_	_	linguistic	_	none	_	End=144.61	0x1	_	_	_
60-0	TOR006	60	60	0	trovare	trovare	_	_	_	_	_	linguistic	_	none	_	Begin=144.85	_	_	_	_
60-1	TOR006	60	60	1	lavoro	lavoro	_	_	_	_	_	linguistic	_	none	_	_	_	_	_	_
60-2	TOR006	60	60	2	tramite	tramite	_	_	_	_	_	linguistic	_	none	_	_	_	_	_	_
60-3	TOR006	60	60	3	agenzia?	agenzia	_	_	_	_	_	linguistic	_	none	Intonation=Rising	End=146.707	_	_	_	_
61-0	TOI034	61	61	0	no	no	_	_	_	_	_	linguistic	_	none	_	Begin=147.0	_	_	_	_
61-1	TOI034	61	61	1	io:	io	_	_	_	_	_	linguistic	_	none	_	_	1x1	_	_	_
61-2	TOI034	61	61	2	mi	mi	_	_	_	_	_	linguistic	_	none	_	_	_	_	_	_
61-3	TOI034	61	61	3	sono	sono	_	_	_	_	_	linguistic	_	none	_	_	_	_	_	_
61-4	TOI034	61	61	4	iscritta	iscritta	_	_	_	_	_	linguistic	_	none	_	_	_	_	_	_
61-5	TOI034	61	61	5	per	per	_	_	_	_	_	linguistic	_	none	_	_	_	_	_	_
61-6	TOI034	61	61	6	due	due	_	_	_	_	_	linguistic	_	none	_	_	_	_	_	_
61-7	TOI034	61	61	7	anni	anni	_	_	_	_	_	linguistic	_	none	_	_	_	_	_	_
61-8	TOI034	61	61	8	i	i	_	_	_	_	_	linguistic	_	none	_	_	_	_	_	_
61-9	TOI034	61	61	9	primi	primi	_	_	_	_	_	linguistic	_	none	_	_	_	_	_	_
61-10	TOI034	61	61	10	due	due	_	_	_	_	_	linguistic	_	none	_	_	_	_	_	_
61-11	TOI034	61	61	11	anni	anni	_	_	_	_	_	linguistic	_	none	_	_	_	_	_	_
61-12	TOI034	61	61	12	che	che	_	_	_	_	_	linguistic	_	none	_	_	_	_	_	_
61-13	TOI034	61	61	13	ho	ho	_	_	_	_	_	linguistic	_	none	_	_	_	_	_	_
61-14	TOI034	61	61	14	fatto	fatto	_	_	_	_	_	linguistic	_	none	_	_	_	_	_	_
61-15	TOI034	61	61	15	la	la	_	_	_	_	_	linguistic	_	none	_	_	_	_	_	_
61-16	TOI034	61	61	16	tata	tata	_	_	_	_	_	linguistic	_	none	_	End=151.045	_	_	_	_
62-0	TOI034	62	62	0	ero	ero	_	_	_	_	_	linguistic	_	none	_	Begin=151.246	_	_	_	_
62-1	TOI034	62	62	1	iscritta	iscritta	_	_	_	_	_	linguistic	_	none	_	_	_	_	_	_
62-2	TOI034	62	62	2	in	in	_	_	_	_	_	linguistic	_	none	_	_	_	_	_	_
62-3	TOI034	62	62	3	ag[enzia	agenzia	_	_	_	_	_	linguistic	_	none	_	_	_	_	_	2-7(8)
62-4	TOI034	62	62	4	non]	non	_	_	_	_	_	linguistic	_	none	_	_	_	_	_	0-3(8)
62-5	TOI034	62	62	5	mi	mi	_	_	_	_	_	linguistic	_	none	_	_	_	_	_	_
62-6	TOI034	62	62	6	hanno	hanno	_	_	_	_	_	linguistic	_	none	_	_	_	_	_	_
62-7	TOI034	62	62	7	mai	mai	_	_	_	_	_	linguistic	_	none	_	_	_	_	_	_
62-8	TOI034	62	62	8	calcolato	calcolato	_	_	_	_	_	linguistic	_	none	_	End=153.772	_	_	_	_
63-0	TOR006	63	63	0	[okay]	okay	_	_	_	_	_	linguistic	_	none	_	Begin=152.059|End=152.448	_	_	_	0-4(8)
64-0	TOR006	64	64	0	okay	okay	_	_	_	_	_	linguistic	_	none	_	Begin=154.103|End=154.807	_	_	_	_
65-0	TOI034	65	65	0	quando	quando	_	_	_	_	_	linguistic	_	none	_	Begin=154.902	_	_	_	_
65-1	TOI034	65	65	1	ho	ho	_	_	_	_	_	linguistic	_	none	_	_	_	_	_	_
65-2	TOI034	65	65	2	terminato	terminato	_	_	_	_	_	linguistic	_	none	_	_	_	_	_	_
65-3	TOI034	65	65	3	di	di	_	_	_	_	_	linguistic	_	none	_	_	_	_	_	_
65-4	TOI034	65	65	4	lavorare	lavorare	_	_	_	_	_	linguistic	_	none	_	_	_	_	_	_
65-5	TOI034	65	65	5	come	come	_	_	_	_	_	linguistic	_	none	_	_	_	_	_	_
65-6	TOI034	65	65	6	tata	tata	_	_	_	_	_	linguistic	_	none	_	_	_	_	_	_
65-7	TOI034	65	65	7	la	la	_	_	_	_	_	linguistic	_	none	_	_	_	_	_	_
65-8	TOI034	65	65	8	mamma	mamma	_	_	_	_	_	linguistic	_	none	_	_	_	_	_	_
65-9	TOI034	65	65	9	dei	dei	_	_	_	_	_	linguistic	_	none	_	_	_	_	_	_
65-10	TOI034	65	65	10	bimbo	bimbo	_	_	_	_	_	linguistic	_	none	_	_	_	_	_	_
65-11	TOI034	65	65	11	del	del	_	_	_	_	_	linguistic	_	none	_	_	_	_	_	_
65-12	TOI034	65	65	12	primo	primo	_	_	_	_	_	linguistic	_	none	_	_	_	_	_	_
65-13	TOI034	65	65	13	bimbo	bimbo	_	_	_	_	_	linguistic	_	none	_	_	_	_	_	_
65-14	TOI034	65	65	14	che	che	_	_	_	_	_	linguistic	_	none	_	_	_	_	_	_
65-15	TOI034	65	65	15	ho	ho	_	_	_	_	_	linguistic	_	none	_	_	_	_	_	_
65-16	TOI034	65	65	16	guardato	guardato	_	_	_	_	_	linguistic	_	none	_	End=159.383	_	_	_	_
66-0	TOR006	66	66	0	mhmh	mhmh	_	_	_	_	_	linguistic	_	none	_	Begin=159.383|End=159.608	_	_	_	_
67-0	TOI034	67	67	0	lavora	lavora	_	_	_	_	_	linguistic	_	none	_	Begin=159.6	_	_	_	_
67-1	TOI034	67	67	1	in	in	_	_	_	_	_	linguistic	_	none	_	_	_	_	_	_
67-2	TOI034	67	67	2	un'	un'	_	_	_	_	_	linguistic	_	none	SpaceAfter=No	_	_	_	_	_
67-3	TOI034	67	67	3	agenzia	agenzia	_	_	_	_	_	linguistic	_	none	_	_	_	_	_	_
67-4	TOI034	67	67	4	interin[ale]	interinale	_	_	_	_	_	linguistic	_	none	_	End=160.902	_	_	_	6-10(10)
68-0	TOR006	68	68	0	[o]ka[y]	okay	_	_	_	_	_	linguistic	_	none	_	Begin=160.707|End=161.337	_	_	_	0-1(10),3-4(11)
69-0	TOI034	69	69	0	[e]	e	_	_	_	_	_	linguistic	_	none	_	Begin=161.142	_	_	_	0-1(11)
69-1	TOI034	69	69	1	quindi	quindi	_	_	_	_	_	linguistic	_	none	_	_	_	_	_	_
69-2	TOI034	69	69	2	è	è	_	_	_	_	_	linguistic	_	none	_	_	_	_	_	_
69-3	TOI034	69	69	3	grazie	grazie	_	_	_	_	_	linguistic	_	none	_	_	_	_	_	_
69-4	TOI034	69	69	4	a	a	_	_	_	_	_	linguistic	_	none	_	_	_	_	_	_
69-5	TOI034	69	69	5	lei	lei	_	_	_	_	_	linguistic	_	none	_	_	_	_	_	_
69-6	TOI034	69	69	6	in	in	_	_	_	_	_	linguistic	_	none	_	_	_	_	_	_
69-7	TOI034	69	69	7	realtà	realtà	_	_	_	_	_	linguistic	_	none	_	_	_	_	_	_
69-8	TOI034	69	69	8	che	che	_	_	_	_	_	linguistic	_	none	_	_	_	_	_	_
69-9	TOI034	69	69	9	ho	ho	_	_	_	_	_	linguistic	_	none	_	_	_	_	_	_
69-10	TOI034	69	69	10	trovato	trovato	_	_	_	_	_	linguistic	_	none	_	_	_	_	_	_
69-11	TOI034	69	69	11	lavoro	lavoro	_	_	_	_	_	linguistic	_	none	_	End=163.126	_	_	_	_
70-0	TOR006	70	70	0	okay	okay	_	_	_	_	_	linguistic	_	none	_	Begin=163.61|End=164.073	_	_	_	_
71-0	TOR006	71	71	0	perfetto	perfetto	_	_	_	_	_	linguistic	_	none	_	Begin=164.506|End=165.221	_	_	_	_
72-0	TOR006	72	72	0	e:hm:::	ehm	_	_	_	_	_	linguistic	_	none	_	Begin=166.231	0x1,2x3	_	_	_
72-1	TOR006	72	72	1	quindi	quindi	_	_	_	_	_	linguistic	_	none	_	_	_	_	_	_
72-2	TOR006	72	72	2	esatto	esatto	_	_	_	_	_	linguistic	_	none	_	_	_	_	_	_
72-3	TOR006	72	72	3	e:	e	_	_	_	_	_	linguistic	_	none	_	_	0x1	_	_	_
72-4	TOR006	72	72	4	>volevo	volevo	_	_	_	_	_	linguistic	_	none	_	_	_	Fast=0-6(0)	_	_
72-5	TOR006	72	72	5	chiederti	chiederti	_	_	_	_	_	linguistic	_	none	_	_	_	Fast=0-9(0)	_	_
72-6	TOR006	72	72	6	qualcosa	qualcosa	_	_	_	_	_	linguistic	_	none	_	_	_	Fast=0-8(0)	_	_
72-7	TOR006	72	72	7	invece	invece	_	_	_	_	_	linguistic	_	none	_	_	_	Fast=0-6(0)	_	_
72-8	TOR006	72	72	8	su	su	_	_	_	_	_	linguistic	_	none	_	_	_	Fast=0-2(0)	_	_
72-9	TOR006	72	72	9	questo	questo	_	_	_	_	_	linguistic	_	none	_	_	_	Fast=0-6(0)	_	_
72-10	TOR006	72	72	10	lavoro	lavoro	_	_	_	_	_	linguistic	_	none	_	_	_	Fast=0-6(0)	_	_
72-11	TOR006	72	72	11	della	della	_	_	_	_	_	linguistic	_	none	_	_	_	Fast=0-5(0)	_	_
72-12	TOR006	72	72	12	tata<	tata	_	_	_	_	_	linguistic	_	none	_	_	_	Fast=0-4(0)	_	_
72-13	TOR006	72	72	13	che	che	_	_	_	_	_	linguistic	_	none	_	_	_	_	_	_
72-14	TOR006	72	72	14	hai	hai	_	_	_	_	_	linguistic	_	none	_	_	_	_	_	_
72-15	TOR006	72	72	15	fatto	fatto	_	_	_	_	_	linguistic	_	none	_	_	_	_	_	_
72-16	TOR006	72	72	16	per	per	_	_	_	_	_	linguistic	_	none	_	_	_	_	_	_
72-17	TOR006	72	72	17	due	due	_	_	_	_	_	linguistic	_	none	_	_	_	_	_	_
72-18	TOR006	72	72	18	anni	anni	_	_	_	_	_	linguistic	_	none	_	End=173.696	_	_	_	_
73-0	TOR006	73	73	0	e::	e	_	_	_	_	_	linguistic	_	none	_	Begin=174.207	0x2	_	_	_
73-1	TOR006	73	73	1	co~	co~	_	_	_	_	_	linguistic	_	none	Interrupted=Yes	_	_	_	_	_
73-2	TOR006	73	73	2	c(io)è	cioè	_	_	_	_	_	linguistic	_	none	Reduced=Yes	_	_	_	_	_
73-3	TOR006	73	73	3	raccontami	raccontami	_	_	_	_	_	linguistic	_	none	_	_	_	_	_	_
73-4	TOR006	73	73	4	un	un	_	_	_	_	_	linguistic	_	none	_	_	_	_	_	_
73-5	TOR006	73	73	5	po'	po'	_	_	_	_	_	linguistic	_	none	_	_	_	_	_	_
73-6	TOR006	73	73	6	che	che	_	_	_	_	_	linguistic	_	none	_	_	_	_	_	_
73-7	TOR006	73	73	7	bimbi	bimbi	_	_	_	_	_	linguistic	_	none	ProsodicLink=Yes	_	_	_	_	_
73-8	TOR006	73	73	8	quanti	quanti	_	_	_	_	_	linguistic	_	none	_	_	_	_	_	_
73-9	TOR006	73	73	9	an~	an~	_	_	_	_	_	linguistic	_	none	Interrupted=Yes	_	_	_	_	_
73-10	TOR006	73	73	10	quanti	quanti	_	_	_	_	_	linguistic	_	none	_	_	_	_	_	_
73-11	TOR006	73	73	11	anni	anni	_	_	_	_	_	linguistic	_	none	_	_	_	_	_	_
73-12	TOR006	73	73	12	avevano	avevano	_	_	_	_	_	linguistic	_	none	_	_	_	_	_	_
73-13	TOR006	73	73	13	co~	co~	_	_	_	_	_	linguistic	_	none	Interrupted=Yes	_	_	_	_	_
73-14	TOR006	73	73	14	cosa	cosa	_	_	_	_	_	linguistic	_	none	_	_	_	_	_	_
73-15	TOR006	73	73	15	facevi	facevi	_	_	_	_	_	linguistic	_	none	_	_	_	_	_	_
73-16	TOR006	73	73	16	tu	tu	_	_	_	_	_	linguistic	_	none	_	_	_	_	_	_
73-17	TOR006	73	73	17	con	con	_	_	_	_	_	linguistic	_	none	_	_	_	_	_	_
73-18	TOR006	73	73	18	loro	loro	_	_	_	_	_	linguistic	_	none	ProsodicLink=Yes	_	_	_	_	_
73-19	TOR006	73	73	19	quanti	quanti	_	_	_	_	_	linguistic	_	none	_	_	_	_	_	_
73-20	TOR006	73	73	20	giorni	giorni	_	_	_	_	_	linguistic	_	none	_	_	_	_	_	_
73-21	TOR006	73	73	21	a	a	_	_	_	_	_	linguistic	_	none	_	_	_	_	_	_
73-22	TOR006	73	73	22	settimana	settimana	_	_	_	_	_	linguistic	_	none	_	_	_	_	_	_
73-23	TOR006	73	73	23	anda:vi	andavi	_	_	_	_	_	linguistic	_	none	_	End=182.701	3x1	_	_	_
74-0	TOR006	74	74	0	u[n	un	_	_	_	_	_	linguistic	_	none	_	Begin=183.506	_	_	_	1-2(12)
74-1	TOR006	74	74	1	po':	po'	_	_	_	_	_	linguistic	_	none	_	_	1x1	_	_	0-3(12)
74-2	TOR006	74	74	2	così]	così	_	_	_	_	_	linguistic	_	none	_	End=184.705	_	_	_	0-4(12)
75-0	TOI034	75	75	0	[allora	allora	_	_	_	_	_	linguistic	_	none	PauseAfter=Yes	Begin=183.653	_	_	_	0-6(12)
75-1	TOI034	75	75	1	(.)	(.)	_	_	_	_	_	shortpause	_	none	_	_	_	_	_	_
75-2	TOI034	75	75	2	eh]	eh	_	_	_	_	_	linguistic	_	none	_	_	_	_	_	0-2(12)
75-3	TOI034	75	75	3	due	due	_	_	_	_	_	linguistic	_	none	_	_	_	_	_	_
75-4	TOI034	75	75	4	anni	anni	_	_	_	_	_	linguistic	_	none	_	_	_	_	_	_
75-5	TOI034	75	75	5	li	li	_	_	_	_	_	linguistic	_	none	_	_	_	_	_	_
75-6	TOI034	75	75	6	ho	ho	_	_	_	_	_	linguistic	_	none	_	_	_	_	_	_
75-7	TOI034	75	75	7	divisi	divisi	_	_	_	_	_	linguistic	_	none	_	_	_	_	_	_
75-8	TOI034	75	75	8	proprio	proprio	_	_	_	_	_	linguistic	_	none	_	_	_	_	_	_
75-9	TOI034	75	75	9	un	un	_	_	_	_	_	linguistic	_	none	_	_	_	_	_	_
75-10	TOI034	75	75	10	anno	anno	_	_	_	_	_	linguistic	_	none	_	_	_	_	_	_
75-11	TOI034	75	75	11	con	con	_	_	_	_	_	linguistic	_	none	_	_	_	_	_	_
75-12	TOI034	75	75	12	una	una	_	_	_	_	_	linguistic	_	none	_	_	_	_	_	_
75-13	TOI034	75	75	13	famiglia	famiglia	_	_	_	_	_	linguistic	_	none	_	_	_	_	_	_
75-14	TOI034	75	75	14	un	un	_	_	_	_	_	linguistic	_	none	_	_	_	_	_	_
75-15	TOI034	75	75	15	anno	anno	_	_	_	_	_	linguistic	_	none	_	_	_	_	_	_
75-16	TOI034	75	75	16	con	con	_	_	_	_	_	linguistic	_	none	_	_	_	_	_	_
75-17	TOI034	75	75	17	un'	un'	_	_	_	_	_	linguistic	_	none	SpaceAfter=No	_	_	_	_	_
75-18	TOI034	75	75	18	altra	altra	_	_	_	_	_	linguistic	_	none	_	End=188.05	_	_	_	_
76-0	TOR006	76	76	0	okay	okay	_	_	_	_	_	linguistic	_	none	_	Begin=188.056|End=188.603	_	_	_	_
77-0	TOI034	77	77	0	la	la	_	_	_	_	_	linguistic	_	none	_	Begin=188.948	_	_	_	_
77-1	TOI034	77	77	1	prima	prima	_	_	_	_	_	linguistic	_	none	_	_	_	_	_	_
77-2	TOI034	77	77	2	erano:	erano	_	_	_	_	_	linguistic	_	none	_	_	4x1	_	_	_
77-3	TOI034	77	77	3	genitori	genitori	_	_	_	_	_	linguistic	_	none	_	_	_	_	_	_
77-4	TOI034	77	77	4	lavoratori	lavoratori	_	_	_	_	_	linguistic	_	none	_	_	_	_	_	_
77-5	TOI034	77	77	5	entrambi	entrambi	_	_	_	_	_	linguistic	_	none	_	End=191.89	_	_	_	_
78-0	TOR006	78	78	0	mhmh	mhmh	_	_	_	_	_	linguistic	_	none	_	Begin=191.89|End=192.326	_	_	_	_
79-0	TOI034	79	79	0	fratellino	fratellino	_	_	_	_	_	linguistic	_	none	_	Begin=192.335	_	_	_	_
79-1	TOI034	79	79	1	più	più	_	_	_	_	_	linguistic	_	none	_	_	_	_	_	_
79-2	TOI034	79	79	2	grande,	grande	_	_	_	_	_	linguistic	_	none	Intonation=WeaklyRising	_	_	_	_	_
79-3	TOI034	79	79	3	e	e	_	_	_	_	_	linguistic	_	none	_	_	_	_	_	_
79-4	TOI034	79	79	4	il	il	_	_	_	_	_	linguistic	_	none	_	_	_	_	_	_
79-5	TOI034	79	79	5	più	più	_	_	_	_	_	linguistic	_	none	_	_	_	_	_	_
79-6	TOI034	79	79	6	piccolino	piccolino	_	_	_	_	_	linguistic	_	none	_	_	_	_	_	_
79-7	TOI034	79	79	7	quando	quando	_	_	_	_	_	linguistic	_	none	_	_	_	_	_	_
79-8	TOI034	79	79	8	sono	sono	_	_	_	_	_	linguistic	_	none	_	_	_	_	_	_
79-9	TOI034	79	79	9	arrivata	arrivata	_	_	_	_	_	linguistic	_	none	_	_	_	_	_	_
79-10	TOI034	79	79	10	a	a	_	_	_	_	_	linguistic	_	none	_	_	_	_	_	_
79-11	TOI034	79	79	11	un	un	_	_	_	_	_	linguistic	_	none	_	_	_	_	_	_
79-12	TOI034	79	79	12	anno	anno	_	_	_	_	_	linguistic	_	none	_	_	_	_	_	_
79-13	TOI034	79	79	13	e	e	_	_	_	_	_	linguistic	_	none	_	_	_	_	_	_
79-14	TOI034	79	79	14	mezzo	mezzo	_	_	_	_	_	linguistic	_	none	_	End=196.815	_	_	_	_
80-0	TOR006	80	80	0	okay	okay	_	_	_	_	_	linguistic	_	none	_	Begin=197.054|End=197.609	_	_	_	_
81-0	TOI034	81	81	0	un	un	_	_	_	_	_	linguistic	_	none	_	Begin=197.713	_	_	_	_
81-1	TOI034	81	81	1	anno	anno	_	_	_	_	_	linguistic	_	none	_	_	_	_	_	_
81-2	TOI034	81	81	2	e	e	_	_	_	_	_	linguistic	_	none	_	_	_	_	_	_
81-3	TOI034	81	81	3	qualche	qualche	_	_	_	_	_	linguistic	_	none	_	_	_	_	_	_
81-4	TOI034	81	81	4	mese	mese	_	_	_	_	_	linguistic	_	none	_	End=198.805	_	_	_	_
82-0	TOI034	82	82	0	e::	e	_	_	_	_	_	linguistic	_	none	_	Begin=199.006	0x2	_	_	_
82-1	TOI034	82	82	1	quindi	quindi	_	_	_	_	_	linguistic	_	none	_	_	_	_	_	_
82-2	TOI034	82	82	2	stavo	stavo	_	_	_	_	_	linguistic	_	none	_	_	_	_	_	_
82-3	TOI034	82	82	3	dalla	dalla	_	_	_	_	_	linguistic	_	none	_	_	_	_	_	_
82-4	TOI034	82	82	4	mattina:	mattina	_	_	_	_	_	linguistic	_	none	_	_	6x1	_	_	_
82-5	TOI034	82	82	5	al	al	_	_	_	_	_	linguistic	_	none	_	_	_	_	_	_
82-6	TOI034	82	82	6	pomeriggio	pomeriggio	_	_	_	_	_	linguistic	_	none	_	End=202.657	_	_	_	_
83-0	TOR006	83	83	0	mh[mh]	mhmh	_	_	_	_	_	linguistic	_	none	_	Begin=202.963|End=203.293	_	_	_	2-4(13)
84-0	TOI034	84	84	0	[c]'	c'	_	_	_	_	_	linguistic	_	none	SpaceAfter=No	Begin=203.243	_	_	_	0-1(13)
84-1	TOI034	84	84	1	era	era	_	_	_	_	_	linguistic	_	none	_	_	_	_	_	_
84-2	TOI034	84	84	2	la	la	_	_	_	_	_	linguistic	_	none	_	_	_	_	_	_
84-3	TOI034	84	84	3	nonna	nonna	_	_	_	_	_	linguistic	_	none	_	_	_	_	_	_
84-4	TOI034	84	84	4	che	che	_	_	_	_	_	linguistic	_	none	_	_	_	_	_	_
84-5	TOI034	84	84	5	ogni	ogni	_	_	_	_	_	linguistic	_	none	_	_	_	_	_	_
84-6	TOI034	84	84	6	tanto::	tanto	_	_	_	_	_	linguistic	_	none	_	End=205.054	4x2	_	_	_
85-0	TOI034	85	85	0	veniva:	veniva	_	_	_	_	_	linguistic	_	none	_	Begin=205.28	5x1	_	_	_
85-1	TOI034	85	85	1	a	a	_	_	_	_	_	linguistic	_	none	_	_	_	_	_	_
85-2	TOI034	85	85	2	prenderlo	prenderlo	_	_	_	_	_	linguistic	_	none	_	_	_	_	_	_
85-3	TOI034	85	85	3	piuttosto	piuttosto	_	_	_	_	_	linguistic	_	none	_	_	_	_	_	_
85-4	TOI034	85	85	4	che	che	_	_	_	_	_	linguistic	_	none	_	_	_	_	_	_
85-5	TOI034	85	85	5	a	a	_	_	_	_	_	linguistic	_	none	_	_	_	_	_	_
85-6	TOI034	85	85	6	portarlo:	portarlo	_	_	_	_	_	linguistic	_	none	_	_	7x1	_	_	_
85-7	TOI034	85	85	7	o	o	_	_	_	_	_	linguistic	_	none	_	_	_	_	_	_
85-8	TOI034	85	85	8	a	a	_	_	_	_	_	linguistic	_	none	_	_	_	_	_	_
85-9	TOI034	85	85	9	far	far	_	_	_	_	_	linguistic	_	none	_	_	_	_	_	_
85-10	TOI034	85	85	10	pranzo	pranzo	_	_	_	_	_	linguistic	_	none	ProsodicLink=Yes	_	_	_	_	_
85-11	TOI034	85	85	11	e	e	_	_	_	_	_	linguistic	_	none	_	_	_	_	_	_
85-12	TOI034	85	85	12	io	io	_	_	_	_	_	linguistic	_	none	_	_	_	_	_	_
85-13	TOI034	85	85	13	comunque	comunque	_	_	_	_	_	linguistic	_	none	_	_	_	_	_	_
85-14	TOI034	85	85	14	mi	mi	_	_	_	_	_	linguistic	_	none	_	_	_	_	_	_
85-15	TOI034	85	85	15	occupavo	occupavo	_	_	_	_	_	linguistic	_	none	_	_	_	_	_	_
85-16	TOI034	85	85	16	di	di	_	_	_	_	_	linguistic	_	none	_	_	_	_	_	_
85-17	TOI034	85	85	17	della	della	_	_	_	_	_	linguistic	_	none	_	_	_	_	_	_
85-18	TOI034	85	85	18	mattina	mattina	_	_	_	_	_	linguistic	_	none	_	_	_	_	_	_
85-19	TOI034	85	85	19	di	di	_	_	_	_	_	linguistic	_	none	_	_	_	_	_	_
85-20	TOI034	85	85	20	quando	quando	_	_	_	_	_	linguistic	_	none	_	_	_	_	_	_
85-21	TOI034	85	85	21	si	si	_	_	_	_	_	linguistic	_	none	_	_	_	_	_	_
85-22	TOI034	85	85	22	svegliava	svegliava	_	_	_	_	_	linguistic	_	none	_	_	_	_	_	_
85-23	TOI034	85	85	23	di	di	_	_	_	_	_	linguistic	_	none	_	_	_	_	_	_
85-24	TOI034	85	85	24	cambiarlo	cambiarlo	_	_	_	_	_	linguistic	_	none	_	_	_	_	_	_
85-25	TOI034	85	85	25	e	e	_	_	_	_	_	linguistic	_	none	_	_	_	_	_	_
85-26	TOI034	85	85	26	fargli	fargli	_	_	_	_	_	linguistic	_	none	_	_	_	_	_	_
85-27	TOI034	85	85	27	fare	fare	_	_	_	_	_	linguistic	_	none	_	_	_	_	_	_
85-28	TOI034	85	85	28	la	la	_	_	_	_	_	linguistic	_	none	_	_	_	_	_	_
85-29	TOI034	85	85	29	merenda	merenda	_	_	_	_	_	linguistic	_	none	_	_	_	_	_	_
85-30	TOI034	85	85	30	cambi	cambi	_	_	_	_	_	linguistic	_	none	PauseAfter=Yes	_	_	_	_	_
85-31	TOI034	85	85	31	(.)	(.)	_	_	_	_	_	shortpause	_	none	_	_	_	_	_	_
85-32	TOI034	85	85	32	vari	vari	_	_	_	_	_	linguistic	_	none	_	End=215.853	_	_	_	_
86-0	TOR006	86	86	0	mhmh	mhmh	_	_	_	_	_	linguistic	_	none	_	Begin=215.853|End=216.276	_	_	_	_
87-0	TOI034	87	87	0	pranzo:	pranzo	_	_	_	_	_	linguistic	_	none	_	Begin=216.28	5x1	_	_	_
87-1	TOI034	87	87	1	mh	mh	_	_	_	_	_	linguistic	_	none	_	_	_	_	_	_
87-2	TOI034	87	87	2	poi	poi	_	_	_	_	_	linguistic	_	none	_	_	_	_	_	_
87-3	TOI034	87	87	3	attività	attività	_	_	_	_	_	linguistic	_	none	_	_	_	_	_	_
87-4	TOI034	87	87	4	che	che	_	_	_	_	_	linguistic	_	none	_	End=219.012	_	_	_	_
88-0	TOI034	88	88	0	>ritenevo	ritenevo	_	_	_	_	_	linguistic	_	none	_	Begin=219.707	_	Fast=0-8(0)	_	_
88-1	TOI034	88	88	1	fossero	fossero	_	_	_	_	_	linguistic	_	none	_	_	_	Fast=0-7(0)	_	_
88-2	TOI034	88	88	2	più	più	_	_	_	_	_	linguistic	_	none	_	_	_	Fast=0-3(0)	_	_
88-3	TOI034	88	88	3	util[i<	utili	_	_	_	_	_	linguistic	_	none	PauseAfter=Yes	_	_	Fast=0-5(0)	_	4-5(14)
88-4	TOI034	88	88	4	(.)	(.)	_	_	_	_	_	shortpause	_	none	_	_	_	_	_	_
88-5	TOI034	88	88	5	nanna]	nanna	_	_	_	_	_	linguistic	_	none	_	End=221.67	_	_	_	0-5(14)
89-0	TOR006	89	89	0	[tipo	tipo	_	_	_	_	_	linguistic	_	none	_	Begin=220.804	_	_	_	0-4(14)
89-1	TOR006	89	89	1	cosa	cosa	_	_	_	_	_	linguistic	_	none	_	_	_	_	_	0-4(14)
89-2	TOR006	89	89	2	giocav]ate	giocavate	_	_	_	_	_	linguistic	_	none	_	_	_	_	_	0-6(14)
89-3	TOR006	89	89	3	di	di	_	_	_	_	_	linguistic	_	none	_	_	_	_	_	_
89-4	TOR006	89	89	4	sol~	sol~	_	_	_	_	_	linguistic	_	none	Interrupted=Yes	_	_	_	_	_
89-5	TOR006	89	89	5	c(io)è	cioè	_	_	_	_	_	linguistic	_	none	Reduced=Yes	_	_	_	_	_
89-6	TOR006	89	89	6	quali	quali	_	_	_	_	_	linguistic	_	none	_	_	_	_	_	_
89-7	TOR006	89	89	7	erano	erano	_	_	_	_	_	linguistic	_	none	_	_	_	_	_	_
89-8	TOR006	89	89	8	i	i	_	_	_	_	_	linguistic	_	none	_	_	_	_	_	_
89-9	TOR006	89	89	9	suoi	suoi	_	_	_	_	_	linguistic	_	none	_	_	_	_	_	_
89-10	TOR006	89	89	10	giochi	giochi	_	_	_	_	_	linguistic	_	none	_	_	_	_	_	_
89-11	TOR006	89	89	11	preferiti?	preferiti	_	_	_	_	_	linguistic	_	none	Intonation=Rising	End=224.201	_	_	_	_
90-0	TOI034	90	90	0	(beh)	beh	_	_	_	_	_	linguistic	_	none	_	Begin=224.8	_	_	0-3(0)	_
90-1	TOI034	90	90	1	lui	lui	_	_	_	_	_	linguistic	_	none	_	_	_	_	_	_
90-2	TOI034	90	90	2	era	era	_	_	_	_	_	linguistic	_	none	_	_	_	_	_	_
90-3	TOI034	90	90	3	un	un	_	_	_	_	_	linguistic	_	none	_	_	_	_	_	_
90-4	TOI034	90	90	4	patito	patito	_	_	_	_	_	linguistic	_	none	_	_	_	_	_	_
90-5	TOI034	90	90	5	di	di	_	_	_	_	_	linguistic	_	none	_	_	_	_	_	_
90-6	TOI034	90	90	6	supereroi	supereroi	_	_	_	_	_	linguistic	_	none	_	End=226.706	_	_	_	_
91-0	TOR006	91	91	0	okay	okay	_	_	_	_	_	linguistic	_	none	_	Begin=226.706|End=227.34	_	_	_	_
92-0	TOI034	92	92	0	però	però	_	_	_	_	_	linguistic	_	none	_	Begin=227.506	_	_	_	_
92-1	TOI034	92	92	1	ogni	ogni	_	_	_	_	_	linguistic	_	none	_	_	_	_	_	_
92-2	TOI034	92	92	2	tanto	tanto	_	_	_	_	_	linguistic	_	none	_	_	_	_	_	_
92-3	TOI034	92	92	3	cercavamo	cercavamo	_	_	_	_	_	linguistic	_	none	_	_	_	_	_	_
92-4	TOI034	92	92	4	di:	di	_	_	_	_	_	linguistic	_	none	_	_	1x1	_	_	_
92-5	TOI034	92	92	5	fargli	fargli	_	_	_	_	_	linguistic	_	none	_	_	_	_	_	_
92-6	TOI034	92	92	6	imparare	imparare	_	_	_	_	_	linguistic	_	none	_	_	_	_	_	_
92-7	TOI034	92	92	7	i	i	_	_	_	_	_	linguistic	_	none	_	_	_	_	_	_
92-8	TOI034	92	92	8	colori	colori	_	_	_	_	_	linguistic	_	none	_	End=231.191	_	_	_	_
93-0	TOR006	93	93	0	mhmh	mhmh	_	_	_	_	_	linguistic	_	none	_	Begin=231.306|End=231.616	_	_	_	_
94-0	TOI034	94	94	0	le	le	_	_	_	_	_	linguistic	_	none	_	Begin=231.813	_	_	_	_
94-1	TOI034	94	94	1	forme	forme	_	_	_	_	_	linguistic	_	none	ProsodicLink=Yes	_	_	_	_	_
94-2	TOI034	94	94	2	[allora	allora	_	_	_	_	_	linguistic	_	none	_	_	_	_	_	0-6(15)
94-3	TOI034	94	94	3	facevamo]	facevamo	_	_	_	_	_	linguistic	_	none	_	End=233.356	_	_	_	0-8(15)
95-0	TOR006	95	95	0	[aspetta	aspetta	_	_	_	_	_	linguistic	_	none	_	Begin=232.653	_	_	_	0-7(15)
95-1	TOR006	95	95	1	quant]i	quanti	_	_	_	_	_	linguistic	_	none	_	_	_	_	_	0-5(15)
95-2	TOR006	95	95	2	anni	anni	_	_	_	_	_	linguistic	_	none	_	_	_	_	_	_
95-3	TOR006	95	95	3	aveva?	aveva	_	_	_	_	_	linguistic	_	none	Intonation=Rising	End=234.06	_	_	_	_
96-0	TOI034	96	96	0	un	un	_	_	_	_	_	linguistic	_	none	_	Begin=234.166	_	_	_	_
96-1	TOI034	96	96	1	anno	anno	_	_	_	_	_	linguistic	_	none	_	_	_	_	_	_
96-2	TOI034	96	96	2	e	e	_	_	_	_	_	linguistic	_	none	_	_	_	_	_	_
96-3	TOI034	96	96	3	mezzo	mezzo	_	_	_	_	_	linguistic	_	none	_	End=234.813	_	_	_	_
97-0	TOR006	97	97	0	okay	okay	_	_	_	_	_	linguistic	_	none	_	Begin=235.36|End=235.954	_	_	_	_
98-0	TOI034	98	98	0	e	e	_	_	_	_	_	linguistic	_	none	_	Begin=236.046	_	_	_	_
98-1	TOI034	98	98	1	l'	l'	_	_	_	_	_	linguistic	_	none	SpaceAfter=No	_	_	_	_	_
98-2	TOI034	98	98	2	ho	ho	_	_	_	_	_	linguistic	_	none	_	_	_	_	_	_
98-3	TOI034	98	98	3	avuto	avuto	_	_	_	_	_	linguistic	_	none	_	_	_	_	_	_
98-4	TOI034	98	98	4	fino	fino	_	_	_	_	_	linguistic	_	none	_	_	_	_	_	_
98-5	TOI034	98	98	5	a	a	_	_	_	_	_	linguistic	_	none	_	_	_	_	_	_
98-6	TOI034	98	98	6	che	che	_	_	_	_	_	linguistic	_	none	_	_	_	_	_	_
98-7	TOI034	98	98	7	ha	ha	_	_	_	_	_	linguistic	_	none	_	_	_	_	_	_
98-8	TOI034	98	98	8	avuto	avuto	_	_	_	_	_	linguistic	_	none	_	_	_	_	_	_
98-9	TOI034	98	98	9	due	due	_	_	_	_	_	linguistic	_	none	_	_	_	_	_	_
98-10	TOI034	98	98	10	anni	anni	_	_	_	_	_	linguistic	_	none	_	_	_	_	_	_
98-11	TOI034	98	98	11	e	e	_	_	_	_	_	linguistic	_	none	_	_	_	_	_	_
98-12	TOI034	98	98	12	mezzo	mezzo	_	_	_	_	_	linguistic	_	none	_	End=237.929	_	_	_	_
99-0	TOR006	99	99	0	quindi	quindi	_	_	_	_	_	linguistic	_	none	PauseAfter=Yes	Begin=238.04	_	_	_	_
99-1	TOR006	99	99	1	(.)	(.)	_	_	_	_	_	shortpause	_	none	_	_	_	_	_	_
99-2	TOR006	99	99	2	tipo:	tipo	_	_	_	_	_	linguistic	_	none	_	_	3x1	_	_	_
99-3	TOR006	99	99	3	facevate	facevate	_	_	_	_	_	linguistic	_	none	_	_	_	_	_	_
99-4	TOR006	99	99	4	appu~	appu~	_	_	_	_	_	linguistic	_	none	Interrupted=Yes	_	_	_	_	_
99-5	TOR006	99	99	5	vabbè	vabbè	_	_	_	_	_	linguistic	_	none	_	_	_	_	_	_
99-6	TOR006	99	99	6	continua	continua	_	_	_	_	_	linguistic	_	none	_	_	_	_	_	_
99-7	TOR006	99	99	7	a	a	_	_	_	_	_	linguistic	_	none	_	_	_	_	_	_
99-8	TOR006	99	99	8	spiegarmi	spiegarmi	_	_	_	_	_	linguistic	_	none	_	_	_	_	_	_
99-9	TOR006	99	99	9	i	i	_	_	_	_	_	linguistic	_	none	_	_	_	_	_	_
99-10	TOR006	99	99	10	giochi	giochi	_	_	_	_	_	linguistic	_	none	_	_	_	_	_	_
99-11	TOR006	99	99	11	ch[e	che	_	_	_	_	_	linguistic	_	none	_	_	_	_	_	2-3(16)
99-12	TOR006	99	99	12	gli	gli	_	_	_	_	_	linguistic	_	none	_	_	_	_	_	0-3(16)
99-13	TOR006	99	99	13	(propo~)]	propo~	_	_	_	_	_	linguistic	_	none	Interrupted=Yes	End=243.182	_	_	0-6(0)	0-6(16)
100-0	TOI034	100	100	0	[impila]re:	impilare	_	_	_	_	_	linguistic	_	none	_	Begin=242.668	7x1	_	_	0-6(16)
100-1	TOI034	100	100	1	impilare	impilare	_	_	_	_	_	linguistic	_	none	_	_	_	_	_	_
100-2	TOI034	100	100	2	s~	s~	_	_	_	_	_	linguistic	_	none	Interrupted=Yes	_	_	_	_	_
100-3	TOI034	100	100	3	mh	mh	_	_	_	_	_	linguistic	_	none	_	_	_	_	_	_
100-4	TOI034	100	100	4	oggetti,	oggetti	_	_	_	_	_	linguistic	_	none	Intonation=WeaklyRising	End=245.386	_	_	_	_
101-0	TOI034	101	101	0	buttarli	buttarli	_	_	_	_	_	linguistic	_	none	_	Begin=245.673	_	_	_	_
101-1	TOI034	101	101	1	giù,	giù	_	_	_	_	_	linguistic	_	none	Intonation=WeaklyRising	End=246.506	_	_	_	_
102-0	TOR006	102	102	0	mhmh	mhmh	_	_	_	_	_	linguistic	_	none	_	Begin=246.706|End=247.066	_	_	_	_
103-0	TOI034	103	103	0	imparare:	imparare	_	_	_	_	_	linguistic	_	none	_	Begin=247.26	7x1	_	_	_
103-1	TOI034	103	103	1	a	a	_	_	_	_	_	linguistic	_	none	_	_	_	_	_	_
103-2	TOI034	103	103	2	muovere	muovere	_	_	_	_	_	linguistic	_	none	_	_	_	_	_	_
103-3	TOI034	103	103	3	bene	bene	_	_	_	_	_	linguistic	_	none	_	_	_	_	_	_
103-4	TOI034	103	103	4	il	il	_	_	_	_	_	linguistic	_	none	_	_	_	_	_	_
103-5	TOI034	103	103	5	polso	polso	_	_	_	_	_	linguistic	_	none	_	_	_	_	_	_
103-6	TOI034	103	103	6	la	la	_	_	_	_	_	linguistic	_	none	_	_	_	_	_	_
103-7	TOI034	103	103	7	coordinazione	coordinazione	_	_	_	_	_	linguistic	_	none	_	_	_	_	_	_
103-8	TOI034	103	103	8	delle	delle	_	_	_	_	_	linguistic	_	none	_	_	_	_	_	_
103-9	TOI034	103	103	9	manine	manine	_	_	_	_	_	linguistic	_	none	_	End=251.613	_	_	_	_
104-0	TOR006	104	104	0	mhmh	mhmh	_	_	_	_	_	linguistic	_	none	_	Begin=251.666|End=252.01	_	_	_	_
105-0	TOI034	105	105	0	appunto	appunto	_	_	_	_	_	linguistic	_	none	_	Begin=252.2	_	_	_	_
105-1	TOI034	105	105	1	i	i	_	_	_	_	_	linguistic	_	none	_	_	_	_	_	_
105-2	TOI034	105	105	2	colori:	colori	_	_	_	_	_	linguistic	_	none	_	_	5x1	_	_	_
105-3	TOI034	105	105	3	riuscire	riuscire	_	_	_	_	_	linguistic	_	none	_	_	_	_	_	_
105-4	TOI034	105	105	4	a	a	_	_	_	_	_	linguistic	_	none	_	_	_	_	_	_
105-5	TOI034	105	105	5	non	non	_	_	_	_	_	linguistic	_	none	_	_	_	_	_	_
105-6	TOI034	105	105	6	tanto	tanto	_	_	_	_	_	linguistic	_	none	_	_	_	_	_	_
105-7	TOI034	105	105	7	imparare	imparare	_	_	_	_	_	linguistic	_	none	_	_	_	_	_	_
105-8	TOI034	105	105	8	il	il	_	_	_	_	_	linguistic	_	none	_	_	_	_	_	_
105-9	TOI034	105	105	9	nome	nome	_	_	_	_	_	linguistic	_	none	_	_	_	_	_	_
105-10	TOI034	105	105	10	ma:	ma	_	_	_	_	_	linguistic	_	none	_	_	1x1	_	_	_
105-11	TOI034	105	105	11	a	a	_	_	_	_	_	linguistic	_	none	_	_	_	_	_	_
105-12	TOI034	105	105	12	distinguerli	distinguerli	_	_	_	_	_	linguistic	_	none	_	_	_	_	_	_
105-13	TOI034	105	105	13	[tra	tra	_	_	_	_	_	linguistic	_	none	_	_	_	_	_	0-3(17)
105-14	TOI034	105	105	14	gli	gli	_	_	_	_	_	linguistic	_	none	_	_	_	_	_	0-3(17)
105-15	TOI034	105	105	15	a]ltri	altri	_	_	_	_	_	linguistic	_	none	_	_	_	_	_	0-1(17)
105-16	TOI034	105	105	16	e	e	_	_	_	_	_	linguistic	_	none	_	_	_	_	_	_
105-17	TOI034	105	105	17	dividerli	dividerli	_	_	_	_	_	linguistic	_	none	_	End=258.423	_	_	_	_
106-0	TOR006	106	106	0	[mhmh]	mhmh	_	_	_	_	_	linguistic	_	none	_	Begin=256.99|End=257.5	_	_	_	0-4(17)
107-0	TOR006	107	107	0	mhmh	mhmh	_	_	_	_	_	linguistic	_	none	_	Begin=258.766|End=258.987	_	_	_	_
108-0	TOI034	108	108	0	e:::	e	_	_	_	_	_	linguistic	_	none	_	Begin=259.209|End=260.209	0x3	_	_	_
109-0	TOI034	109	109	0	poi	poi	_	_	_	_	_	linguistic	_	none	_	Begin=261.2	_	_	_	_
109-1	TOI034	109	109	1	andavamo	andavamo	_	_	_	_	_	linguistic	_	none	_	_	_	_	_	_
109-2	TOI034	109	109	2	in	in	_	_	_	_	_	linguistic	_	none	_	_	_	_	_	_
109-3	TOI034	109	109	3	bicicletta	bicicletta	_	_	_	_	_	linguistic	_	none	_	_	_	_	_	_
109-4	TOI034	109	109	4	che	che	_	_	_	_	_	linguistic	_	none	_	_	_	_	_	_
109-5	TOI034	109	109	5	a	a	_	_	_	_	_	linguistic	_	none	_	_	_	_	_	_
109-6	TOI034	109	109	6	lui	lui	_	_	_	_	_	linguistic	_	none	_	_	_	_	_	_
109-7	TOI034	109	109	7	t~	t~	_	_	_	_	_	linguistic	_	none	Interrupted=Yes	_	_	_	_	_
109-8	TOI034	109	109	8	piaceva	piaceva	_	_	_	_	_	linguistic	_	none	_	_	_	_	_	_
109-9	TOI034	109	109	9	tantissimo	tantissimo	_	_	_	_	_	linguistic	_	none	_	_	_	_	_	_
109-10	TOI034	109	109	10	quindi	quindi	_	_	_	_	_	linguistic	_	none	_	_	_	_	_	_
109-11	TOI034	109	109	11	lo	lo	_	_	_	_	_	linguistic	_	none	_	_	_	_	_	_
109-12	TOI034	109	109	12	portavo	portavo	_	_	_	_	_	linguistic	_	none	_	_	_	_	_	_
109-13	TOI034	109	109	13	in	in	_	_	_	_	_	linguistic	_	none	_	_	_	_	_	_
109-14	TOI034	109	109	14	giro	giro	_	_	_	_	_	linguistic	_	none	_	_	_	_	_	_
109-15	TOI034	109	109	15	andavamo	andavamo	_	_	_	_	_	linguistic	_	none	_	_	_	_	_	_
109-16	TOI034	109	109	16	in	in	_	_	_	_	_	linguistic	_	none	_	_	_	_	_	_
109-17	TOI034	109	109	17	mezzo	mezzo	_	_	_	_	_	linguistic	_	none	_	_	_	_	_	_
109-18	TOI034	109	109	18	ai	ai	_	_	_	_	_	linguistic	_	none	_	_	_	_	_	_
109-19	TOI034	109	109	19	campi	campi	_	_	_	_	_	linguistic	_	none	_	_	_	_	_	_
109-20	TOI034	109	109	20	a	a	_	_	_	_	_	linguistic	_	none	_	_	_	_	_	_
109-21	TOI034	109	109	21	vedere	vedere	_	_	_	_	_	linguistic	_	none	_	_	_	_	_	_
109-22	TOI034	109	109	22	gli	gli	_	_	_	_	_	linguistic	_	none	_	_	_	_	_	_
109-23	TOI034	109	109	23	animali	animali	_	_	_	_	_	linguistic	_	none	_	_	_	_	_	_
109-24	TOI034	109	109	24	della	della	_	_	_	_	_	linguistic	_	none	_	_	_	_	_	_
109-25	TOI034	109	109	25	fattoria,	fattoria	_	_	_	_	_	linguistic	_	none	Intonation=WeaklyRising	_	_	_	_	_
109-26	TOI034	109	109	26	[e:]	e	_	_	_	_	_	linguistic	_	none	_	End=267.839	0x1	_	_	0-1(18)
110-0	TOR006	110	110	0	[ok]ay	okay	_	_	_	_	_	linguistic	_	none	ProsodicLink=Yes	Begin=267.62	_	_	_	0-2(18)
110-1	TOR006	110	110	1	mi	mi	_	_	_	_	_	linguistic	_	none	_	_	_	_	_	_
110-2	TOR006	110	110	2	sai	sai	_	_	_	_	_	linguistic	_	none	_	_	_	_	_	_
110-3	TOR006	110	110	3	raccontare	raccontare	_	_	_	_	_	linguistic	_	none	_	_	_	_	_	_
110-4	TOR006	110	110	4	qualche	qualche	_	_	_	_	_	linguistic	_	none	_	_	_	_	_	_
110-5	TOR006	110	110	5	aneddoto	aneddoto	_	_	_	_	_	linguistic	_	none	_	_	_	_	_	_
110-6	TOR006	110	110	6	magari	magari	_	_	_	_	_	linguistic	_	none	_	_	_	_	_	_
110-7	TOR006	110	110	7	divertente:	divertente	_	_	_	_	_	linguistic	_	none	_	End=271.03	9x1	_	_	_
111-0	TOR006	111	111	0	di	di	_	_	_	_	_	linguistic	_	none	_	Begin=271.42	_	_	_	_
111-1	TOR006	111	111	1	quando	quando	_	_	_	_	_	linguistic	_	none	_	_	_	_	_	_
111-2	TOR006	111	111	2	andavate	andavate	_	_	_	_	_	linguistic	_	none	_	_	_	_	_	_
111-3	TOR006	111	111	3	in	in	_	_	_	_	_	linguistic	_	none	_	_	_	_	_	_
111-4	TOR006	111	111	4	bicicletta	bicicletta	_	_	_	_	_	linguistic	_	none	ProsodicLink=Yes	_	_	_	_	_
111-5	TOR006	111	111	5	che	che	_	_	_	_	_	linguistic	_	none	_	_	_	_	_	_
111-6	TOR006	111	111	6	ne	ne	_	_	_	_	_	linguistic	_	none	_	_	_	_	_	_
111-7	TOR006	111	111	7	so	so	_	_	_	_	_	linguistic	_	none	_	_	_	_	_	_
111-8	TOR006	111	111	8	che	che	_	_	_	_	_	linguistic	_	none	_	_	_	_	_	_
111-9	TOR006	111	111	9	è	è	_	_	_	_	_	linguistic	_	none	_	_	_	_	_	_
111-10	TOR006	111	111	10	caduto	caduto	_	_	_	_	_	linguistic	_	none	_	_	_	_	_	_
111-11	TOR006	111	111	11	e	e	_	_	_	_	_	linguistic	_	none	_	_	_	_	_	_
111-12	TOR006	111	111	12	si	si	_	_	_	_	_	linguistic	_	none	_	_	_	_	_	_
111-13	TOR006	111	111	13	è	è	_	_	_	_	_	linguistic	_	none	_	_	_	_	_	_
111-14	TOR006	111	111	14	(sfasciato)	sfasciato	_	_	_	_	_	linguistic	_	none	_	_	_	_	0-9(0)	_
111-15	TOR006	111	111	15	l[a::]	la	_	_	_	_	_	linguistic	_	none	_	End=275.68	1x2	_	_	1-2(19)
112-0	TOI034	112	112	0	[no]	no	_	_	_	_	_	linguistic	_	none	_	Begin=275.61	_	_	_	0-2(?)
112-1	TOI034	112	112	1	grazie	grazie	_	_	_	_	_	linguistic	_	none	_	_	_	_	_	_
112-2	TOI034	112	112	2	al	al	_	_	_	_	_	linguistic	_	none	_	_	_	_	_	_
112-3	TOI034	112	112	3	cielo	cielo	_	_	_	_	_	linguistic	_	none	_	_	_	_	_	_
112-4	TOI034	112	112	4	non	non	_	_	_	_	_	linguistic	_	none	_	_	_	_	_	_
112-5	TOI034	112	112	5	è	è	_	_	_	_	_	linguistic	_	none	_	_	_	_	_	_
112-6	TOI034	112	112	6	successo	successo	_	_	_	_	_	linguistic	_	none	_	_	_	_	_	_
112-7	TOI034	112	112	7	perché	perché	_	_	_	_	_	linguistic	_	none	_	_	_	_	_	_
112-8	TOI034	112	112	8	[se	se	_	_	_	_	_	linguistic	_	none	_	_	_	_	_	0-2(?)
112-9	TOI034	112	112	9	no	no	_	_	_	_	_	linguistic	_	none	_	_	_	_	_	0-2(?)
112-10	TOI034	112	112	10	sarei	sarei	_	_	_	_	_	linguistic	_	none	_	_	_	_	_	0-5(?)
112-11	TOI034	112	112	11	s]tata:	stata	_	_	_	_	_	linguistic	_	none	_	_	4x1	_	_	0-1(?)
112-12	TOI034	112	112	12	((ride))	((ride))	_	_	_	_	_	nonverbalbehavior	_	none	_	End=279.215	_	_	_	_
113-0	TOR006	113	113	0	((ride))	((ride))	_	_	_	_	_	nonverbalbehavior	_	none	_	Begin=276.49|End=277.34	_	_	_	_
114-0	TOR006	114	114	0	[okay]	okay	_	_	_	_	_	linguistic	_	none	_	Begin=277.7	_	_	_	0-4(20)
114-1	TOR006	114	114	1	((ride))	((ride))	_	_	_	_	_	nonverbalbehavior	_	none	_	End=278.411	_	_	_	_
115-0	TOR006	115	115	0	licenziata	licenziata	_	_	_	_	_	linguistic	_	none	_	Begin=279.0	_	_	_	_
115-1	TOR006	115	115	1	((ride))	((ride))	_	_	_	_	_	nonverbalbehavior	_	none	_	End=280.11	_	_	_	_
116-0	TOI034	116	116	0	((ride))	((ride))	_	_	_	_	_	nonverbalbehavior	_	none	_	Begin=280.11	_	_	_	_
116-1	TOI034	116	116	1	no	no	_	_	_	_	_	linguistic	_	none	_	_	_	_	_	_
116-2	TOI034	116	116	2	no	no	_	_	_	_	_	linguistic	_	none	_	_	_	_	_	_
116-3	TOI034	116	116	3	era:	era	_	_	_	_	_	linguistic	_	none	ProsodicLink=Yes	_	2x1	_	_	_
116-4	TOI034	116	116	4	m:h	mh	_	_	_	_	_	linguistic	_	none	_	End=281.991	0x1	_	_	_
117-0	TOI034	117	117	0	no	no	_	_	_	_	_	linguistic	_	none	_	Begin=284.41	_	_	_	_
117-1	TOI034	117	117	1	era	era	_	_	_	_	_	linguistic	_	none	_	_	_	_	_	_
117-2	TOI034	117	117	2	piccolino	piccolino	_	_	_	_	_	linguistic	_	none	_	_	_	_	_	_
117-3	TOI034	117	117	3	anc[ora	ancora	_	_	_	_	_	linguistic	_	none	_	_	_	_	_	3-6(22)
117-4	TOI034	117	117	4	non	non	_	_	_	_	_	linguistic	_	none	_	_	_	_	_	0-3(22)
117-5	TOI034	117	117	5	parl]ava	parlava	_	_	_	_	_	linguistic	_	none	_	_	_	_	_	0-4(22)
117-6	TOI034	117	117	6	tanto	tanto	_	_	_	_	_	linguistic	_	none	_	_	_	_	_	_
117-7	TOI034	117	117	7	e::	e	_	_	_	_	_	linguistic	_	none	_	End=287.894	0x2	_	_	_
118-0	TOR006	118	118	0	[okay]	okay	_	_	_	_	_	linguistic	_	none	_	Begin=285.71|End=286.21	_	_	_	0-4(22)
119-0	TOI034	119	119	0	m:h	mh	_	_	_	_	_	linguistic	_	none	ProsodicLink=Yes	Begin=288.01	0x1	_	_	_
119-1	TOI034	119	119	1	era	era	_	_	_	_	_	linguistic	_	none	_	_	_	_	_	_
119-2	TOI034	119	119	2	molto	molto	_	_	_	_	_	linguistic	_	none	_	_	_	_	_	_
119-3	TOI034	119	119	3	appassionato	appassionato	_	_	_	_	_	linguistic	_	none	_	_	_	_	_	_
119-4	TOI034	119	119	4	(a::i)	ai	_	_	_	_	_	linguistic	_	none	_	_	0x2	_	0-2(0)	_
119-5	TOI034	119	119	5	spiderman	spiderman	_	_	_	_	_	linguistic	_	none	_	_	_	_	_	_
119-6	TOI034	119	119	6	se	se	_	_	_	_	_	linguistic	_	none	_	_	_	_	_	_
119-7	TOI034	119	119	7	vuoi	vuoi	_	_	_	_	_	linguistic	_	none	_	_	_	_	_	_
119-8	TOI034	119	119	8	[e	e	_	_	_	_	_	linguistic	_	none	_	_	_	_	_	0-1(23)
119-9	TOI034	119	119	9	quando	quando	_	_	_	_	_	linguistic	_	none	_	_	_	_	_	0-6(23)
119-10	TOI034	119	119	10	me]ttevo	mettevo	_	_	_	_	_	linguistic	_	none	_	_	_	_	_	0-2(23)
119-11	TOI034	119	119	11	qualunque	qualunque	_	_	_	_	_	linguistic	_	none	_	_	_	_	_	_
119-12	TOI034	119	119	12	canzone	canzone	_	_	_	_	_	linguistic	_	none	_	_	_	_	_	_
119-13	TOI034	119	119	13	lui	lui	_	_	_	_	_	linguistic	_	none	_	_	_	_	_	_
119-14	TOI034	119	119	14	la	la	_	_	_	_	_	linguistic	_	none	_	_	_	_	_	_
119-15	TOI034	119	119	15	cantava	cantava	_	_	_	_	_	linguistic	_	none	_	_	_	_	_	_
119-16	TOI034	119	119	16	nonostante	nonostante	_	_	_	_	_	linguistic	_	none	_	_	_	_	_	_
119-17	TOI034	119	119	17	non	non	_	_	_	_	_	linguistic	_	none	_	_	_	_	_	_
119-18	TOI034	119	119	18	sapesse	sapesse	_	_	_	_	_	linguistic	_	none	_	_	_	_	_	_
119-19	TOI034	119	119	19	cantare	cantare	_	_	_	_	_	linguistic	_	none	_	End=295.51	_	_	_	_
120-0	TOR006	120	120	0	[mhmh]	mhmh	_	_	_	_	_	linguistic	_	none	_	Begin=291.597|End=292.21	_	_	_	0-4(23)
121-0	TOR006	121	121	0	((ride))	((ride))	_	_	_	_	_	nonverbalbehavior	_	none	_	Begin=293.21|End=293.589	_	_	_	_
122-0	TOR006	122	122	0	((ride))	((ride))	_	_	_	_	_	nonverbalbehavior	_	none	_	Begin=295.52|End=296.1	_	_	_	_
123-0	TOI034	123	123	0	ed	ed	_	_	_	_	_	linguistic	_	none	_	Begin=296.1	_	_	_	_
123-1	TOI034	123	123	1	era	era	_	_	_	_	_	linguistic	_	none	_	_	_	_	_	_
123-2	TOI034	123	123	2	anche	anche	_	_	_	_	_	linguistic	_	none	_	_	_	_	_	_
123-3	TOI034	123	123	3	molto	molto	_	_	_	_	_	linguistic	_	none	_	_	_	_	_	_
123-4	TOI034	123	123	4	molto	molto	_	_	_	_	_	linguistic	_	none	_	_	_	_	_	_
123-5	TOI034	123	123	5	convinto	convinto	_	_	_	_	_	linguistic	_	none	_	_	_	_	_	_
123-6	TOI034	123	123	6	di	di	_	_	_	_	_	linguistic	_	none	_	_	_	_	_	_
123-7	TOI034	123	123	7	quello	quello	_	_	_	_	_	linguistic	_	none	_	_	_	_	_	_
123-8	TOI034	123	123	8	che	che	_	_	_	_	_	linguistic	_	none	_	_	_	_	_	_
123-9	TOI034	123	123	9	dicesse	dicesse	_	_	_	_	_	linguistic	_	none	_	End=298.81	_	_	_	_
124-0	TOR006	124	124	0	((ride))	((ride))	_	_	_	_	_	nonverbalbehavior	_	none	_	Begin=298.08	_	_	_	_
124-1	TOR006	124	124	1	bene	bene	_	_	_	_	_	linguistic	_	none	_	End=299.723	_	_	_	_
125-0	TOR006	125	125	0	ma	ma	_	_	_	_	_	linguistic	_	none	_	Begin=300.11	_	_	_	_
125-1	TOR006	125	125	1	invece:	invece	_	_	_	_	_	linguistic	_	none	_	_	5x1	_	_	_
125-2	TOR006	125	125	2	quando	quando	_	_	_	_	_	linguistic	_	none	_	_	_	_	_	_
125-3	TOR006	125	125	3	dicevi	dicevi	_	_	_	_	_	linguistic	_	none	_	_	_	_	_	_
125-4	TOR006	125	125	4	che	che	_	_	_	_	_	linguistic	_	none	_	_	_	_	_	_
125-5	TOR006	125	125	5	lo	lo	_	_	_	_	_	linguistic	_	none	_	_	_	_	_	_
125-6	TOR006	125	125	6	portavi	portavi	_	_	_	_	_	linguistic	_	none	_	_	_	_	_	_
125-7	TOR006	125	125	7	dagli	dagli	_	_	_	_	_	linguistic	_	none	_	_	_	_	_	_
125-8	TOR006	125	125	8	a~	a~	_	_	_	_	_	linguistic	_	none	Interrupted=Yes	End=302.138	_	_	_	_
126-0	TOR006	126	126	0	dagli	dagli	_	_	_	_	_	linguistic	_	none	_	Begin=302.81	_	_	_	_
126-1	TOR006	126	126	1	animali	animali	_	_	_	_	_	linguistic	_	none	_	End=303.798	_	_	_	_
127-0	TOR006	127	127	0	cos~	cos~	_	_	_	_	_	linguistic	_	none	Interrupted=Yes|ProsodicLink=Yes	Begin=304.51	_	_	_	_
127-1	TOR006	127	127	1	tipo	tipo	_	_	_	_	_	linguistic	_	none	_	_	_	_	_	_
127-2	TOR006	127	127	2	che	che	_	_	_	_	_	linguistic	_	none	_	_	_	_	_	_
127-3	TOR006	127	127	3	animale	animale	_	_	_	_	_	linguistic	_	none	_	_	_	_	_	_
127-4	TOR006	127	127	4	gli	gli	_	_	_	_	_	linguistic	_	none	_	_	_	_	_	_
127-5	TOR006	127	127	5	piaceva:	piaceva	_	_	_	_	_	linguistic	_	none	_	_	6x1	_	_	_
127-6	TOR006	127	127	6	in	in	_	_	_	_	_	linguistic	_	none	_	_	_	_	_	_
127-7	TOR006	127	127	7	particolare?	particolare	_	_	_	_	_	linguistic	_	none	Intonation=Rising	End=307.33	_	_	_	_
128-0	TOI034	128	128	0	in	in	_	_	_	_	_	linguistic	_	none	_	Begin=307.81	_	_	_	_
128-1	TOI034	128	128	1	realtà	realtà	_	_	_	_	_	linguistic	_	none	_	_	_	_	_	_
128-2	TOI034	128	128	2	è:	è	_	_	_	_	_	linguistic	_	none	_	End=308.616	0x1	_	_	_
129-0	TOI034	129	129	0	è	è	_	_	_	_	_	linguistic	_	none	_	Begin=309.01	_	_	_	_
129-1	TOI034	129	129	1	un	un	_	_	_	_	_	linguistic	_	none	_	_	_	_	_	_
129-2	TOI034	129	129	2	bimbo	bimbo	_	_	_	_	_	linguistic	_	none	_	_	_	_	_	_
129-3	TOI034	129	129	3	molto	molto	_	_	_	_	_	linguistic	_	none	_	_	_	_	_	_
129-4	TOI034	129	129	4	molto	molto	_	_	_	_	_	linguistic	_	none	_	_	_	_	_	_
129-5	TOI034	129	129	5	curioso	curioso	_	_	_	_	_	linguistic	_	none	_	End=311.038	_	_	_	_
130-0	TOR006	130	130	0	mh[mh]	mhmh	_	_	_	_	_	linguistic	_	none	_	Begin=311.11|End=311.497	_	_	_	2-4(25)
131-0	TOI034	131	131	0	[quin]di:	quindi	_	_	_	_	_	linguistic	_	none	_	Begin=311.3	5x1	_	_	0-4(25)
131-1	TOI034	131	131	1	dal	dal	_	_	_	_	_	linguistic	_	none	_	_	_	_	_	_
131-2	TOI034	131	131	2	potevi	potevi	_	_	_	_	_	linguistic	_	none	_	_	_	_	_	_
131-3	TOI034	131	131	3	portargli	portargli	_	_	_	_	_	linguistic	_	none	_	_	_	_	_	_
131-4	TOI034	131	131	4	una	una	_	_	_	_	_	linguistic	_	none	_	_	_	_	_	_
131-5	TOI034	131	131	5	formica:	formica	_	_	_	_	_	linguistic	_	none	_	_	6x1	_	_	_
131-6	TOI034	131	131	6	a	a	_	_	_	_	_	linguistic	_	none	_	_	_	_	_	_
131-7	TOI034	131	131	7	un	un	_	_	_	_	_	linguistic	_	none	_	_	_	_	_	_
131-8	TOI034	131	131	8	>elefente	elefente	_	_	_	_	_	linguistic	_	none	_	_	_	Fast=0-8(0)	_	_
131-9	TOI034	131	131	9	lui	lui	_	_	_	_	_	linguistic	_	none	_	_	_	Fast=0-3(0)	_	_
131-10	TOI034	131	131	10	era	era	_	_	_	_	_	linguistic	_	none	_	_	_	Fast=0-3(0)	_	_
131-11	TOI034	131	131	11	uguale<	uguale	_	_	_	_	_	linguistic	_	none	_	_	_	Fast=0-6(0)	_	_
131-12	TOI034	131	131	12	però	però	_	_	_	_	_	linguistic	_	none	_	_	_	_	_	_
131-13	TOI034	131	131	13	(c(io)è	cioè	_	_	_	_	_	linguistic	_	none	ProsodicLink=Yes	_	_	_	_	_
131-14	TOI034	131	131	14	vabbè)	vabbè	_	_	_	_	_	linguistic	_	none	_	_	_	_	_	_
131-15	TOI034	131	131	15	nella	nella	_	_	_	_	_	linguistic	_	none	_	_	_	_	_	_
131-16	TOI034	131	131	16	zona	zona	_	_	_	_	_	linguistic	_	none	_	_	_	_	_	_
131-17	TOI034	131	131	17	in	in	_	_	_	_	_	linguistic	_	none	_	_	_	_	_	_
131-18	TOI034	131	131	18	cui	cui	_	_	_	_	_	linguistic	_	none	_	_	_	_	_	_
131-19	TOI034	131	131	19	andavamo	andavamo	_	_	_	_	_	linguistic	_	none	_	_	_	_	_	_
131-20	TOI034	131	131	20	c'	c'	_	_	_	_	_	linguistic	_	none	SpaceAfter=No	_	_	_	_	_
131-21	TOI034	131	131	21	era	era	_	_	_	_	_	linguistic	_	none	_	_	_	_	_	_
131-22	TOI034	131	131	22	un	un	_	_	_	_	_	linguistic	_	none	_	_	_	_	_	_
131-23	TOI034	131	131	23	piccolo	piccolo	_	_	_	_	_	linguistic	_	none	_	_	_	_	_	_
131-24	TOI034	131	131	24	pony,	pony	_	_	_	_	_	linguistic	_	none	Intonation=WeaklyRising	End=319.51	_	_	_	_
132-0	TOI034	132	132	0	c'	c'	_	_	_	_	_	linguistic	_	none	SpaceAfter=No	Begin=319.848	_	_	_	_
132-1	TOI034	132	132	1	erano	erano	_	_	_	_	_	linguistic	_	none	_	_	_	_	_	_
132-2	TOI034	132	132	2	le	le	_	_	_	_	_	linguistic	_	none	_	_	_	_	_	_
132-3	TOI034	132	132	3	[galli]ne	galline	_	_	_	_	_	linguistic	_	none	_	_	_	_	_	0-5(26)
132-4	TOI034	132	132	4	le	le	_	_	_	_	_	linguistic	_	none	_	_	_	_	_	_
132-5	TOI034	132	132	5	oche	oche	_	_	_	_	_	linguistic	_	none	_	_	_	_	_	_
132-6	TOI034	132	132	6	i	i	_	_	_	_	_	linguistic	_	none	_	_	_	_	_	_
132-7	TOI034	132	132	7	c[ani]	cani	_	_	_	_	_	linguistic	_	none	PauseAfter=Yes	_	_	_	_	0-4(27)
132-8	TOI034	132	132	8	(.)	(.)	_	_	_	_	_	shortpause	_	none	_	_	_	_	_	_
132-9	TOI034	132	132	9	i	i	_	_	_	_	_	linguistic	_	none	_	_	_	_	_	_
132-10	TOI034	132	132	10	gatti	gatti	_	_	_	_	_	linguistic	_	none	_	End=323.3	_	_	_	_
133-0	TOR006	133	133	0	[mhmh]	mhmh	_	_	_	_	_	linguistic	_	none	_	Begin=320.098|End=320.41	_	_	_	0-4(26)
134-0	TOR006	134	134	0	[okay]	okay	_	_	_	_	_	linguistic	_	none	_	Begin=322.01|End=322.61	_	_	_	0-4(27)
135-0	TOI034	135	135	0	lui	lui	_	_	_	_	_	linguistic	_	none	_	Begin=323.91	_	_	_	_
135-1	TOI034	135	135	1	però	però	_	_	_	_	_	linguistic	_	none	_	_	_	_	_	_
135-2	TOI034	135	135	2	non	non	_	_	_	_	_	linguistic	_	none	_	_	_	_	_	_
135-3	TOI034	135	135	3	avendone	avendone	_	_	_	_	_	linguistic	_	none	ProsodicLink=Yes	_	_	_	_	_
135-4	TOI034	135	135	4	non	non	_	_	_	_	_	linguistic	_	none	_	_	_	_	_	_
135-5	TOI034	135	135	5	avendo	avendo	_	_	_	_	_	linguistic	_	none	_	_	_	_	_	_
135-6	TOI034	135	135	6	mai	mai	_	_	_	_	_	linguistic	_	none	_	_	_	_	_	_
135-7	TOI034	135	135	7	avuto	avuto	_	_	_	_	_	linguistic	_	none	_	_	_	_	_	_
135-8	TOI034	135	135	8	animali	animali	_	_	_	_	_	linguistic	_	none	_	_	_	_	_	_
135-9	TOI034	135	135	9	in	in	_	_	_	_	_	linguistic	_	none	_	_	_	_	_	_
135-10	TOI034	135	135	10	casa	casa	_	_	_	_	_	linguistic	_	none	_	End=326.6	_	_	_	_
136-0	TOI034	136	136	0	a:veva	aveva	_	_	_	_	_	linguistic	_	none	_	Begin=327.3	0x1	_	_	_
136-1	TOI034	136	136	1	quella	quella	_	_	_	_	_	linguistic	_	none	_	_	_	_	_	_
136-2	TOI034	136	136	2	curiosità	curiosità	_	_	_	_	_	linguistic	_	none	_	_	_	_	_	_
136-3	TOI034	136	136	3	ma	ma	_	_	_	_	_	linguistic	_	none	_	_	_	_	_	_
136-4	TOI034	136	136	4	comunque	comunque	_	_	_	_	_	linguistic	_	none	_	_	_	_	_	_
136-5	TOI034	136	136	5	anche	anche	_	_	_	_	_	linguistic	_	none	_	_	_	_	_	_
136-6	TOI034	136	136	6	timore	timore	_	_	_	_	_	linguistic	_	none	PauseAfter=Yes	_	_	_	_	_
136-7	TOI034	136	136	7	(.)	(.)	_	_	_	_	_	shortpause	_	none	_	_	_	_	_	_
136-8	TOI034	136	136	8	quind[i	quindi	_	_	_	_	_	linguistic	_	none	_	_	_	_	_	5-6(28)
136-9	TOI034	136	136	9	non	non	_	_	_	_	_	linguistic	_	none	ProsodicLink=Yes	_	_	_	_	0-3(28)
136-10	TOI034	136	136	10	no]n	non	_	_	_	_	_	linguistic	_	none	_	_	_	_	_	0-2(28)
136-11	TOI034	136	136	11	lo	lo	_	_	_	_	_	linguistic	_	none	_	_	_	_	_	_
136-12	TOI034	136	136	12	esponevo	esponevo	_	_	_	_	_	linguistic	_	none	_	_	_	_	_	_
136-13	TOI034	136	136	13	mai	mai	_	_	_	_	_	linguistic	_	none	_	_	_	_	_	_
136-14	TOI034	136	136	14	troppo	troppo	_	_	_	_	_	linguistic	_	none	_	End=331.878	_	_	_	_
137-0	TOR006	137	137	0	[certo]	certo	_	_	_	_	_	linguistic	_	none	_	Begin=330.195|End=330.8	_	_	_	0-5(28)
138-0	TOI034	138	138	0	e	e	_	_	_	_	_	linguistic	_	none	_	Begin=332.16	_	_	_	_
138-1	TOI034	138	138	1	i	i	_	_	_	_	_	linguistic	_	none	_	_	_	_	_	_
138-2	TOI034	138	138	2	gatti	gatti	_	_	_	_	_	linguistic	_	none	_	_	_	_	_	_
138-3	TOI034	138	138	3	gli	gli	_	_	_	_	_	linguistic	_	none	_	_	_	_	_	_
138-4	TOI034	138	138	4	piacevano	piacevano	_	_	_	_	_	linguistic	_	none	_	_	_	_	_	_
138-5	TOI034	138	138	5	particolarmente	particolarmente	_	_	_	_	_	linguistic	_	none	_	End=333.904	_	_	_	_
139-0	TOR006	139	139	0	i	i	_	_	_	_	_	linguistic	_	none	_	Begin=334.2	_	_	_	_
139-1	TOR006	139	139	1	gatti	gatti	_	_	_	_	_	linguistic	_	none	_	_	_	_	_	_
139-2	TOR006	139	139	2	e	e	_	_	_	_	_	linguistic	_	none	_	_	_	_	_	_
139-3	TOR006	139	139	3	spiderman	spiderman	_	_	_	_	_	linguistic	_	none	_	End=335.426	_	_	_	_
140-0	TOI034	140	140	0	e	e	_	_	_	_	_	linguistic	_	none	_	Begin=335.7	_	_	_	_
140-1	TOI034	140	140	1	spi~	spi~	_	_	_	_	_	linguistic	_	none	Interrupted=Yes	_	_	_	_	_
140-2	TOI034	140	140	2	sì	sì	_	_	_	_	_	linguistic	_	none	_	_	_	_	_	_
140-3	TOI034	140	140	3	tutti	tutti	_	_	_	_	_	linguistic	_	none	_	_	_	_	_	_
140-4	TOI034	140	140	4	i	i	_	_	_	_	_	linguistic	_	none	_	_	_	_	_	_
140-5	TOI034	140	140	5	supereroi	supereroi	_	_	_	_	_	linguistic	_	none	_	_	_	_	_	_
140-6	TOI034	140	140	6	spiderman	spiderman	_	_	_	_	_	linguistic	_	none	_	_	_	_	_	_
140-7	TOI034	140	140	7	capitan	capitan	_	_	_	_	_	linguistic	_	none	_	_	_	_	_	_
140-8	TOI034	140	140	8	america	america	_	_	_	_	_	linguistic	_	none	_	End=338.61	_	_	_	_
141-0	TOR006	141	141	0	okay	okay	_	_	_	_	_	linguistic	_	none	_	Begin=338.81|End=339.328	_	_	_	_
142-0	TOR006	142	142	0	e	e	_	_	_	_	_	linguistic	_	none	_	Begin=339.71	_	_	_	_
142-1	TOR006	142	142	1	tu	tu	_	_	_	_	_	linguistic	_	none	_	_	_	_	_	_
142-2	TOR006	142	142	2	li	li	_	_	_	_	_	linguistic	_	none	_	_	_	_	_	_
142-3	TOR006	142	142	3	conoscevi	conoscevi	_	_	_	_	_	linguistic	_	none	_	_	_	_	_	_
142-4	TOR006	142	142	4	già	già	_	_	_	_	_	linguistic	_	none	_	_	_	_	_	_
142-5	TOR006	142	142	5	prima	prima	_	_	_	_	_	linguistic	_	none	_	_	_	_	_	_
142-6	TOR006	142	142	6	di	di	_	_	_	_	_	linguistic	_	none	_	_	_	_	_	_
142-7	TOR006	142	142	7	andar	andar	_	_	_	_	_	linguistic	_	none	_	_	_	_	_	_
142-8	TOR006	142	142	8	da	da	_	_	_	_	_	linguistic	_	none	_	_	_	_	_	_
142-9	TOR006	142	142	9	lui?	lui	_	_	_	_	_	linguistic	_	none	Intonation=Rising	End=342.045	_	_	_	_
143-0	TOI034	143	143	0	sì	sì	_	_	_	_	_	linguistic	_	none	_	Begin=342.67	_	_	_	_
143-1	TOI034	143	143	1	grazie	grazie	_	_	_	_	_	linguistic	_	none	_	_	_	_	_	_
143-2	TOI034	143	143	2	ai	ai	_	_	_	_	_	linguistic	_	none	_	_	_	_	_	_
143-3	TOI034	143	143	3	miei	miei	_	_	_	_	_	linguistic	_	none	_	_	_	_	_	_
143-4	TOI034	143	143	4	fratelli	fratelli	_	_	_	_	_	linguistic	_	none	_	_	_	_	_	_
143-5	TOI034	143	143	5	sì	sì	_	_	_	_	_	linguistic	_	none	_	_	_	_	_	_
143-6	TOI034	143	143	6	ovviament[e	ovviamente	_	_	_	_	_	linguistic	_	none	_	_	_	_	_	9-10(29)
143-7	TOI034	143	143	7	con	con	_	_	_	_	_	linguistic	_	none	_	_	_	_	_	0-3(29)
143-8	TOI034	143	143	8	lu]i	lui	_	_	_	_	_	linguistic	_	none	_	_	_	_	_	0-2(29)
143-9	TOI034	143	143	9	ho	ho	_	_	_	_	_	linguistic	_	none	_	_	_	_	_	_
143-10	TOI034	143	143	10	fatto	fatto	_	_	_	_	_	linguistic	_	none	_	_	_	_	_	_
143-11	TOI034	143	143	11	un	un	_	_	_	_	_	linguistic	_	none	_	_	_	_	_	_
143-12	TOI034	143	143	12	full	full	_	_	_	_	_	linguistic	_	none	_	_	_	_	_	_
143-13	TOI034	143	143	13	immersion	immersion	_	_	_	_	_	linguistic	_	none	_	_	_	_	_	_
143-14	TOI034	143	143	14	in	in	_	_	_	_	_	linguistic	_	none	_	_	_	_	_	_
143-15	TOI034	143	143	15	questo	questo	_	_	_	_	_	linguistic	_	none	_	_	_	_	_	_
143-16	TOI034	143	143	16	contesto:	contesto	_	_	_	_	_	linguistic	_	none	_	End=348.315	7x1	_	_	_
144-0	TOR006	144	144	0	[°okay°]	okay	_	_	_	_	_	linguistic	_	none	Volume=low	Begin=344.52|End=344.906	_	_	_	0-4(29)
145-0	TOR006	145	145	0	((ride))	((ride))	_	_	_	_	_	nonverbalbehavior	_	none	_	Begin=345.63|End=346.007	_	_	_	_
146-0	TOR006	146	146	0	((ride))	((ride))	_	_	_	_	_	nonverbalbehavior	_	none	_	Begin=346.3|End=347.253	_	_	_	_
147-0	TOR006	147	147	0	ok[ay]	okay	_	_	_	_	_	linguistic	_	none	_	Begin=348.31|End=348.919	_	_	_	2-4(31)
148-0	TOI034	148	148	0	[anche]	anche	_	_	_	_	_	linguistic	_	none	_	Begin=348.61	_	_	_	0-5(31)
148-1	TOI034	148	148	1	saperli	saperli	_	_	_	_	_	linguistic	_	none	_	_	_	_	_	_
148-2	TOI034	148	148	2	disegnare	disegnare	_	_	_	_	_	linguistic	_	none	_	_	_	_	_	_
148-3	TOI034	148	148	3	perché	perché	_	_	_	_	_	linguistic	_	none	_	_	_	_	_	_
148-4	TOI034	148	148	4	poi	poi	_	_	_	_	_	linguistic	_	none	_	_	_	_	_	_
148-5	TOI034	148	148	5	lui	lui	_	_	_	_	_	linguistic	_	none	_	_	_	_	_	_
148-6	TOI034	148	148	6	adorava	adorava	_	_	_	_	_	linguistic	_	none	_	_	_	_	_	_
148-7	TOI034	148	148	7	che	che	_	_	_	_	_	linguistic	_	none	_	End=351.214	_	_	_	_
149-0	TOR006	149	149	0	oka~	oka~	_	_	_	_	_	linguistic	_	none	Interrupted=Yes|ProsodicLink=Yes	Begin=351.4	_	_	_	_
149-1	TOR006	149	149	1	[a	a	_	_	_	_	_	linguistic	_	none	_	_	_	_	_	0-1(32)
149-2	TOR006	149	149	2	te	te	_	_	_	_	_	linguistic	_	none	_	_	_	_	_	0-2(32)
149-3	TOR006	149	149	3	piace	piace	_	_	_	_	_	linguistic	_	none	_	_	_	_	_	0-5(32)
149-4	TOR006	149	149	4	di]segnare?	disegnare	_	_	_	_	_	linguistic	_	none	Intonation=Rising	End=353.134	_	_	_	0-2(32)
150-0	TOI034	150	150	0	[i	i	_	_	_	_	_	linguistic	_	none	_	Begin=351.77	_	_	_	0-1(32)
150-1	TOI034	150	150	1	disegni]	disegni	_	_	_	_	_	linguistic	_	none	_	End=352.414	_	_	_	0-7(32)
151-0	TOI034	151	151	0	sì	sì	_	_	_	_	_	linguistic	_	none	_	Begin=353.18|End=353.362	_	_	_	_
152-0	TOR006	152	152	0	okay	okay	_	_	_	_	_	linguistic	_	none	PauseAfter=Yes	Begin=353.71	_	_	_	_
152-1	TOR006	152	152	1	(.)	(.)	_	_	_	_	_	shortpause	_	none	_	_	_	_	_	_
152-2	TOR006	152	152	2	disegni	disegni	_	_	_	_	_	linguistic	_	none	_	_	_	_	_	_
152-3	TOR006	152	152	3	bene?	bene	_	_	_	_	_	linguistic	_	none	Intonation=Rising	End=355.088	_	_	_	_
153-0	TOI034	153	153	0	disegno	disegno	_	_	_	_	_	linguistic	_	none	_	Begin=357.15	_	_	_	_
153-1	TOI034	153	153	1	a	a	_	_	_	_	_	linguistic	_	none	_	_	_	_	_	_
153-2	TOI034	153	153	2	modo	modo	_	_	_	_	_	linguistic	_	none	_	_	_	_	_	_
153-3	TOI034	153	153	3	mio	mio	_	_	_	_	_	linguistic	_	none	_	End=357.998	_	_	_	_
154-0	TOR006	154	154	0	va	va	_	_	_	_	_	linguistic	_	none	_	Begin=358.41	_	_	_	_
154-1	TOR006	154	154	1	bene	bene	_	_	_	_	_	linguistic	_	none	_	End=358.918	_	_	_	_
155-0	TOR006	155	155	0	e::	e	_	_	_	_	_	linguistic	_	none	_	Begin=359.76	0x2	_	_	_
155-1	TOR006	155	155	1	volevo	volevo	_	_	_	_	_	linguistic	_	none	_	_	_	_	_	_
155-2	TOR006	155	155	2	chiederti	chiederti	_	_	_	_	_	linguistic	_	none	_	_	_	_	_	_
155-3	TOR006	155	155	3	una	una	_	_	_	_	_	linguistic	_	none	_	_	_	_	_	_
155-4	TOR006	155	155	4	cosa	cosa	_	_	_	_	_	linguistic	_	none	_	End=362.21	_	_	_	_
156-0	TOR006	156	156	0	e:hm::	ehm	_	_	_	_	_	linguistic	_	none	_	Begin=362.48	0x1,2x2	_	_	_
156-1	TOR006	156	156	1	ho	ho	_	_	_	_	_	linguistic	_	none	_	_	_	_	_	_
156-2	TOR006	156	156	2	notato	notato	_	_	_	_	_	linguistic	_	none	_	_	_	_	_	_
156-3	TOR006	156	156	3	c~	c~	_	_	_	_	_	linguistic	_	none	Interrupted=Yes	_	_	_	_	_
156-4	TOR006	156	156	4	cioè	cioè	_	_	_	_	_	linguistic	_	none	_	_	_	_	_	_
156-5	TOR006	156	156	5	tu	tu	_	_	_	_	_	linguistic	_	none	_	_	_	_	_	_
156-6	TOR006	156	156	6	mi	mi	_	_	_	_	_	linguistic	_	none	_	_	_	_	_	_
156-7	TOR006	156	156	7	hai	hai	_	_	_	_	_	linguistic	_	none	_	_	_	_	_	_
156-8	TOR006	156	156	8	detto	detto	_	_	_	_	_	linguistic	_	none	_	End=365.924	_	_	_	_
157-0	TOR006	157	157	0	che	che	_	_	_	_	_	linguistic	_	none	_	Begin=366.81	_	_	_	_
157-1	TOR006	157	157	1	cercavi	cercavi	_	_	_	_	_	linguistic	_	none	ProsodicLink=Yes	_	_	_	_	_
157-2	TOR006	157	157	2	vabbè	vabbè	_	_	_	_	_	linguistic	_	none	_	_	_	_	_	_
157-3	TOR006	157	157	3	oltre	oltre	_	_	_	_	_	linguistic	_	none	_	_	_	_	_	_
157-4	TOR006	157	157	4	>(a	a	_	_	_	_	_	linguistic	_	none	_	_	_	Fast=0-1(0)	0-1(0)	_
157-5	TOR006	157	157	5	fargli	fargli	_	_	_	_	_	linguistic	_	none	_	_	_	Fast=0-6(0)	0-6(0)	_
157-6	TOR006	157	157	6	far)	far	_	_	_	_	_	linguistic	_	none	_	_	_	Fast=0-3(0)	0-3(0)	_
157-7	TOR006	157	157	7	giochi	giochi	_	_	_	_	_	linguistic	_	none	_	_	_	Fast=0-6(0)	_	_
157-8	TOR006	157	157	8	di	di	_	_	_	_	_	linguistic	_	none	_	_	_	Fast=0-2(0)	_	_
157-9	TOR006	157	157	9	spiderman<	spiderman	_	_	_	_	_	linguistic	_	none	_	End=369.109	_	Fast=0-9(0)	_	_
158-0	TOR006	158	158	0	di	di	_	_	_	_	_	linguistic	_	none	_	Begin=369.51	_	_	_	_
158-1	TOR006	158	158	1	far~	far~	_	_	_	_	_	linguistic	_	none	Interrupted=Yes	_	_	_	_	_
158-2	TOR006	158	158	2	diciam~	diciam~	_	_	_	_	_	linguistic	_	none	Interrupted=Yes|ProsodicLink=Yes	_	_	_	_	_
158-3	TOR006	158	158	3	>mh<	mh	_	_	_	_	_	linguistic	_	none	_	_	_	Fast=0-2(0)	_	_
158-4	TOR006	158	158	4	dei	dei	_	_	_	_	_	linguistic	_	none	_	_	_	_	_	_
158-5	TOR006	158	158	5	giochi	giochi	_	_	_	_	_	linguistic	_	none	_	_	_	_	_	_
158-6	TOR006	158	158	6	educativi	educativi	_	_	_	_	_	linguistic	_	none	_	_	_	_	_	_
158-7	TOR006	158	158	7	se	se	_	_	_	_	_	linguistic	_	none	_	_	_	_	_	_
158-8	TOR006	158	158	8	ho	ho	_	_	_	_	_	linguistic	_	none	_	_	_	_	_	_
158-9	TOR006	158	158	9	capito	capito	_	_	_	_	_	linguistic	_	none	_	_	_	_	_	_
158-10	TOR006	158	158	10	bene	bene	_	_	_	_	_	linguistic	_	none	_	_	_	_	_	_
158-11	TOR006	158	158	11	no?	no	_	_	_	_	_	linguistic	_	none	Intonation=Rising	End=372.303	_	_	_	_
159-0	TOR006	159	159	0	ma:	ma	_	_	_	_	_	linguistic	_	none	_	Begin=372.91	1x1	_	_	_
159-1	TOR006	159	159	1	come	come	_	_	_	_	_	linguistic	_	none	_	_	_	_	_	_
159-2	TOR006	159	159	2	ti	ti	_	_	_	_	_	linguistic	_	none	_	_	_	_	_	_
159-3	TOR006	159	159	3	è	è	_	_	_	_	_	linguistic	_	none	_	_	_	_	_	_
159-4	TOR006	159	159	4	venuta	venuta	_	_	_	_	_	linguistic	_	none	_	_	_	_	_	_
159-5	TOR006	159	159	5	questa::	questa	_	_	_	_	_	linguistic	_	none	_	_	5x2	_	_	_
159-6	TOR006	159	159	6	idea	idea	_	_	_	_	_	linguistic	_	none	_	_	_	_	_	_
159-7	TOR006	159	159	7	>c(io)é	cioé	_	_	_	_	_	linguistic	_	none	Reduced=Yes	_	_	Fast=0-4(0)	_	_
159-8	TOR006	159	159	8	nel	nel	_	_	_	_	_	linguistic	_	none	_	_	_	Fast=0-3(0)	_	_
159-9	TOR006	159	159	9	senso	senso	_	_	_	_	_	linguistic	_	none	_	_	_	Fast=0-5(0)	_	_
159-10	TOR006	159	159	10	io<	io	_	_	_	_	_	linguistic	_	none	ProsodicLink=Yes	_	_	Fast=0-2(0)	_	_
159-11	TOR006	159	159	11	mh	mh	_	_	_	_	_	linguistic	_	none	ProsodicLink=Yes	_	_	_	_	_
159-12	TOR006	159	159	12	penso	penso	_	_	_	_	_	linguistic	_	none	_	_	_	_	_	_
159-13	TOR006	159	159	13	magari	magari	_	_	_	_	_	linguistic	_	none	_	_	_	_	_	_
159-14	TOR006	159	159	14	ci	ci	_	_	_	_	_	linguistic	_	none	_	_	_	_	_	_
159-15	TOR006	159	159	15	sono	sono	_	_	_	_	_	linguistic	_	none	_	_	_	_	_	_
159-16	TOR006	159	159	16	molte	molte	_	_	_	_	_	linguistic	_	none	_	_	_	_	_	_
159-17	TOR006	159	159	17	tate	tate	_	_	_	_	_	linguistic	_	none	_	_	_	_	_	_
159-18	TOR006	159	159	18	che	che	_	_	_	_	_	linguistic	_	none	_	_	_	_	_	_
159-19	TOR006	159	159	19	si	si	_	_	_	_	_	linguistic	_	none	_	_	_	_	_	_
159-20	TOR006	159	159	20	limitano	limitano	_	_	_	_	_	linguistic	_	none	_	_	_	_	_	_
159-21	TOR006	159	159	21	a	a	_	_	_	_	_	linguistic	_	none	_	_	_	_	_	_
159-22	TOR006	159	159	22	far	far	_	_	_	_	_	linguistic	_	none	_	_	_	_	_	_
159-23	TOR006	159	159	23	giocare	giocare	_	_	_	_	_	linguistic	_	none	_	_	_	_	_	_
159-24	TOR006	159	159	24	i	i	_	_	_	_	_	linguistic	_	none	_	_	_	_	_	_
159-25	TOR006	159	159	25	bambini	bambini	_	_	_	_	_	linguistic	_	none	_	_	_	_	_	_
159-26	TOR006	159	159	26	senza	senza	_	_	_	_	_	linguistic	_	none	_	_	_	_	_	_
159-27	TOR006	159	159	27	quell'	quell'	_	_	_	_	_	linguistic	_	none	SpaceAfter=No	_	_	_	_	_
159-28	TOR006	159	159	28	idea	idea	_	_	_	_	_	linguistic	_	none	_	_	_	_	_	_
159-29	TOR006	159	159	29	come	come	_	_	_	_	_	linguistic	_	none	_	_	_	_	_	_
159-30	TOR006	159	159	30	avevi	avevi	_	_	_	_	_	linguistic	_	none	_	_	_	_	_	_
159-31	TOR006	159	159	31	tu	tu	_	_	_	_	_	linguistic	_	none	_	_	_	_	_	_
159-32	TOR006	159	159	32	forse	forse	_	_	_	_	_	linguistic	_	none	_	_	_	_	_	_
159-33	TOR006	159	159	33	di	di	_	_	_	_	_	linguistic	_	none	_	_	_	_	_	_
159-34	TOR006	159	159	34	fargli	fargli	_	_	_	_	_	linguistic	_	none	_	_	_	_	_	_
159-35	TOR006	159	159	35	imparare	imparare	_	_	_	_	_	linguistic	_	none	_	_	_	_	_	_
159-36	TOR006	159	159	36	delle	delle	_	_	_	_	_	linguistic	_	none	_	_	_	_	_	_
159-37	TOR006	159	159	37	cose	cose	_	_	_	_	_	linguistic	_	none	_	End=383.51	_	_	_	_
160-0	TOR006	160	160	0	come	come	_	_	_	_	_	linguistic	_	none	_	Begin=384.4	_	_	_	_
160-1	TOR006	160	160	1	mai:?	mai	_	_	_	_	_	linguistic	_	none	Intonation=Rising	End=385.124	2x1	_	_	_
161-0	TOR006	161	161	0	c~	c~	_	_	_	_	_	linguistic	_	none	Interrupted=Yes	Begin=385.41	_	_	_	_
161-1	TOR006	161	161	1	[cioè	cioè	_	_	_	_	_	linguistic	_	none	_	_	_	_	_	0-4(33)
161-2	TOR006	161	161	2	(ti	ti	_	_	_	_	_	linguistic	_	none	_	_	_	_	0-2(0)	0-2(33)
161-3	TOR006	161	161	3	è	è	_	_	_	_	_	linguistic	_	none	_	_	_	_	0-1(0)	0-1(33)
161-4	TOR006	161	161	4	venu~)]	venu~	_	_	_	_	_	linguistic	_	none	Interrupted=Yes	End=386.41	_	_	0-5(0)	0-5(33)
162-0	TOI034	162	162	0	[non	non	_	_	_	_	_	linguistic	_	none	_	Begin=385.692	_	_	_	0-3(33)
162-1	TOI034	162	162	1	lo	lo	_	_	_	_	_	linguistic	_	none	_	_	_	_	_	0-2(33)
162-2	TOI034	162	162	2	so]	so	_	_	_	_	_	linguistic	_	none	_	_	_	_	_	0-2(33)
162-3	TOI034	162	162	3	mi	mi	_	_	_	_	_	linguistic	_	none	_	_	_	_	_	_
162-4	TOI034	162	162	4	ha	ha	_	_	_	_	_	linguistic	_	none	_	_	_	_	_	_
162-5	TOI034	162	162	5	dimostrato	dimostrato	_	_	_	_	_	linguistic	_	none	_	_	_	_	_	_
162-6	TOI034	162	162	6	vabbè	vabbè	_	_	_	_	_	linguistic	_	none	_	_	_	_	_	_
162-7	TOI034	162	162	7	a	a	_	_	_	_	_	linguistic	_	none	_	_	_	_	_	_
162-8	TOI034	162	162	8	parte	parte	_	_	_	_	_	linguistic	_	none	_	_	_	_	_	_
162-9	TOI034	162	162	9	i	i	_	_	_	_	_	linguistic	_	none	_	_	_	_	_	_
162-10	TOI034	162	162	10	nostri	nostri	_	_	_	_	_	linguistic	_	none	_	_	_	_	_	_
162-11	TOI034	162	162	11	genitori	genitori	_	_	_	_	_	linguistic	_	none	_	_	_	_	_	_
162-12	TOI034	162	162	12	che:	che	_	_	_	_	_	linguistic	_	none	_	_	2x1	_	_	_
162-13	TOI034	162	162	13	l'	l'	_	_	_	_	_	linguistic	_	none	SpaceAfter=No	_	_	_	_	_
162-14	TOI034	162	162	14	hanno	hanno	_	_	_	_	_	linguistic	_	none	_	_	_	_	_	_
162-15	TOI034	162	162	15	sempre	sempre	_	_	_	_	_	linguistic	_	none	_	_	_	_	_	_
162-16	TOI034	162	162	16	vista	vista	_	_	_	_	_	linguistic	_	none	_	_	_	_	_	_
162-17	TOI034	162	162	17	così	così	_	_	_	_	_	linguistic	_	none	_	_	_	_	_	_
162-18	TOI034	162	162	18	non	non	_	_	_	_	_	linguistic	_	none	_	_	_	_	_	_
162-19	TOI034	162	162	19	era	era	_	_	_	_	_	linguistic	_	none	_	_	_	_	_	_
162-20	TOI034	162	162	20	la	la	_	_	_	_	_	linguistic	_	none	_	_	_	_	_	_
162-21	TOI034	162	162	21	prima	prima	_	_	_	_	_	linguistic	_	none	_	_	_	_	_	_
162-22	TOI034	162	162	22	volta	volta	_	_	_	_	_	linguistic	_	none	_	_	_	_	_	_
162-23	TOI034	162	162	23	che	che	_	_	_	_	_	linguistic	_	none	_	_	_	_	_	_
162-24	TOI034	162	162	24	mi	mi	_	_	_	_	_	linguistic	_	none	_	_	_	_	_	_
162-25	TOI034	162	162	25	capitava	capitava	_	_	_	_	_	linguistic	_	none	_	_	_	_	_	_
162-26	TOI034	162	162	26	di	di	_	_	_	_	_	linguistic	_	none	_	_	_	_	_	_
162-27	TOI034	162	162	27	stare	stare	_	_	_	_	_	linguistic	_	none	_	_	_	_	_	_
162-28	TOI034	162	162	28	con	con	_	_	_	_	_	linguistic	_	none	_	_	_	_	_	_
162-29	TOI034	162	162	29	i	i	_	_	_	_	_	linguistic	_	none	_	_	_	_	_	_
162-30	TOI034	162	162	30	bimbi	bimbi	_	_	_	_	_	linguistic	_	none	_	End=392.7	_	_	_	_
163-0	TOI034	163	163	0	e	e	_	_	_	_	_	linguistic	_	none	_	Begin=393.015	_	_	_	_
163-1	TOI034	163	163	1	poi	poi	_	_	_	_	_	linguistic	_	none	_	_	_	_	_	_
163-2	TOI034	163	163	2	anche	anche	_	_	_	_	_	linguistic	_	none	_	_	_	_	_	_
163-3	TOI034	163	163	3	i	i	_	_	_	_	_	linguistic	_	none	_	_	_	_	_	_
163-4	TOI034	163	163	4	bimbi	bimbi	_	_	_	_	_	linguistic	_	none	_	_	_	_	_	_
163-5	TOI034	163	163	5	fanno:	fanno	_	_	_	_	_	linguistic	_	none	_	End=394.8	4x1	_	_	_
164-0	TOI034	164	164	0	e::	e	_	_	_	_	_	linguistic	_	none	_	Begin=395.61	0x2	_	_	_
164-1	TOI034	164	164	1	se	se	_	_	_	_	_	linguistic	_	none	_	_	_	_	_	_
164-2	TOI034	164	164	2	riesci	riesci	_	_	_	_	_	linguistic	_	none	_	_	_	_	_	_
164-3	TOI034	164	164	3	a	a	_	_	_	_	_	linguistic	_	none	_	_	_	_	_	_
164-4	TOI034	164	164	4	tenerli	tenerli	_	_	_	_	_	linguistic	_	none	_	_	_	_	_	_
164-5	TOI034	164	164	5	attivi	attivi	_	_	_	_	_	linguistic	_	none	_	End=398.317	_	_	_	_
165-0	TOI034	165	165	0	fisicamente	fisicamente	_	_	_	_	_	linguistic	_	none	_	Begin=398.71	_	_	_	_
165-1	TOI034	165	165	1	e	e	_	_	_	_	_	linguistic	_	none	_	_	_	_	_	_
165-2	TOI034	165	165	2	mentalmente	mentalmente	_	_	_	_	_	linguistic	_	none	PauseAfter=Yes	_	_	_	_	_
165-3	TOI034	165	165	3	(.)	(.)	_	_	_	_	_	shortpause	_	none	_	_	_	_	_	_
165-4	TOI034	165	165	4	[rispon]dono	rispondono	_	_	_	_	_	linguistic	_	none	_	_	_	_	_	0-6(36)
165-5	TOI034	165	165	5	anche	anche	_	_	_	_	_	linguistic	_	none	_	_	_	_	_	_
165-6	TOI034	165	165	6	meglio	meglio	_	_	_	_	_	linguistic	_	none	_	_	_	_	_	_
165-7	TOI034	165	165	7	poi	poi	_	_	_	_	_	linguistic	_	none	_	_	_	_	_	_
165-8	TOI034	165	165	8	a	a	_	_	_	_	_	linguistic	_	none	_	_	_	_	_	_
165-9	TOI034	165	165	9	comun[que	comunque	_	_	_	_	_	linguistic	_	none	_	_	_	_	_	5-8(37)
165-10	TOI034	165	165	10	a	a	_	_	_	_	_	linguistic	_	none	_	_	_	_	_	0-1(37)
165-11	TOI034	165	165	11	li]vello	livello	_	_	_	_	_	linguistic	_	none	_	_	_	_	_	0-2(37)
165-12	TOI034	165	165	12	di	di	_	_	_	_	_	linguistic	_	none	_	_	_	_	_	_
165-13	TOI034	165	165	13	carattere	carattere	_	_	_	_	_	linguistic	_	none	PauseAfter=Yes	_	_	_	_	_
165-14	TOI034	165	165	14	(.)	(.)	_	_	_	_	_	shortpause	_	none	_	_	_	_	_	_
165-15	TOI034	165	165	15	cioè	cioè	_	_	_	_	_	linguistic	_	none	_	_	_	_	_	_
165-16	TOI034	165	165	16	[arrivano	arrivano	_	_	_	_	_	linguistic	_	none	_	_	_	_	_	0-8(34)
165-17	TOI034	165	165	17	a	a	_	_	_	_	_	linguistic	_	none	_	_	_	_	_	0-1(34)
165-18	TOI034	165	165	18	fine	fine	_	_	_	_	_	linguistic	_	none	_	_	_	_	_	0-4(34)
165-19	TOI034	165	165	19	gio]rnata	giornata	_	_	_	_	_	linguistic	_	none	_	_	_	_	_	0-3(34)
165-20	TOI034	165	165	20	che	che	_	_	_	_	_	linguistic	_	none	_	_	_	_	_	_
165-21	TOI034	165	165	21	non	non	_	_	_	_	_	linguistic	_	none	_	_	_	_	_	_
165-22	TOI034	165	165	22	sono	sono	_	_	_	_	_	linguistic	_	none	_	_	_	_	_	_
165-23	TOI034	165	165	23	stressati	stressati	_	_	_	_	_	linguistic	_	none	_	_	_	_	_	_
165-24	TOI034	165	165	24	per	per	_	_	_	_	_	linguistic	_	none	_	_	_	_	_	_
165-25	TOI034	165	165	25	essere	essere	_	_	_	_	_	linguistic	_	none	_	_	_	_	_	_
165-26	TOI034	165	165	26	stati	stati	_	_	_	_	_	linguistic	_	none	_	_	_	_	_	_
165-27	TOI034	165	165	27	tutto	tutto	_	_	_	_	_	linguistic	_	none	_	_	_	_	_	_
165-28	TOI034	165	165	28	il	il	_	_	_	_	_	linguistic	_	none	_	_	_	_	_	_
165-29	TOI034	165	165	29	giorno	giorno	_	_	_	_	_	linguistic	_	none	_	_	_	_	_	_
165-30	TOI034	165	165	30	davanti	davanti	_	_	_	_	_	linguistic	_	none	_	_	_	_	_	_
165-31	TOI034	165	165	31	al	al	_	_	_	_	_	linguistic	_	none	_	_	_	_	_	_
165-32	TOI034	165	165	32	[computer	computer	_	_	_	_	_	linguistic	_	none	_	_	_	_	_	0-8(35)
165-33	TOI034	165	165	33	o]	o	_	_	_	_	_	linguistic	_	none	_	_	_	_	_	0-1(35)
165-34	TOI034	165	165	34	piuttosto	piuttosto	_	_	_	_	_	linguistic	_	none	_	_	_	_	_	_
165-35	TOI034	165	165	35	che	che	_	_	_	_	_	linguistic	_	none	_	End=409.235	_	_	_	_
166-0	TOR006	166	166	0	[mhmh]	mhmh	_	_	_	_	_	linguistic	_	none	_	Begin=400.418|End=400.92	_	_	_	0-4(36)
167-0	TOR006	167	167	0	[mhmh]	mhmh	_	_	_	_	_	linguistic	_	none	_	Begin=402.62|End=403.0	_	_	_	0-4(37)
168-0	TOR006	168	168	0	[okay]	okay	_	_	_	_	_	linguistic	_	none	_	Begin=404.305|End=404.91	_	_	_	0-4(34)
169-0	TOR006	169	169	0	[certo]	certo	_	_	_	_	_	linguistic	_	none	_	Begin=407.7|End=408.4	_	_	_	0-5(35)
170-0	TOR006	170	170	0	okay	okay	_	_	_	_	_	linguistic	_	none	_	Begin=410.01|End=410.58	_	_	_	_
171-0	TOR006	171	171	0	e:	e	_	_	_	_	_	linguistic	_	none	_	Begin=411.3	0x1	_	_	_
171-1	TOR006	171	171	1	poi	poi	_	_	_	_	_	linguistic	_	none	_	_	_	_	_	_
171-2	TOR006	171	171	2	volevo	volevo	_	_	_	_	_	linguistic	_	none	_	_	_	_	_	_
171-3	TOR006	171	171	3	chiederti	chiederti	_	_	_	_	_	linguistic	_	none	_	_	_	_	_	_
171-4	TOR006	171	171	4	m:h	mh	_	_	_	_	_	linguistic	_	none	_	End=413.814	0x1	_	_	_
172-0	TOR006	172	172	0	e:h	eh	_	_	_	_	_	linguistic	_	none	_	Begin=414.71	0x1	_	_	_
172-1	TOR006	172	172	1	c(io)è	cioè	_	_	_	_	_	linguistic	_	none	Reduced=Yes	_	_	_	_	_
172-2	TOR006	172	172	2	che	che	_	_	_	_	_	linguistic	_	none	_	_	_	_	_	_
172-3	TOR006	172	172	3	scuola	scuola	_	_	_	_	_	linguistic	_	none	_	_	_	_	_	_
172-4	TOR006	172	172	4	hai	hai	_	_	_	_	_	linguistic	_	none	_	_	_	_	_	_
172-5	TOR006	172	172	5	fatto	fatto	_	_	_	_	_	linguistic	_	none	_	_	_	_	_	_
172-6	TOR006	172	172	6	prima	prima	_	_	_	_	_	linguistic	_	none	_	_	_	_	_	_
172-7	TOR006	172	172	7	di	di	_	_	_	_	_	linguistic	_	none	_	_	_	_	_	_
172-8	TOR006	172	172	8	[fare	fare	_	_	_	_	_	linguistic	_	none	_	_	_	_	_	0-4(38)
172-9	TOR006	172	172	9	un	un	_	_	_	_	_	linguistic	_	none	_	_	_	_	_	0-2(38)
172-10	TOR006	172	172	10	lavoro]?	lavoro	_	_	_	_	_	linguistic	_	none	Intonation=Rising	End=418.79	_	_	_	0-6(38)
173-0	TOI034	173	173	0	[mi	mi	_	_	_	_	_	linguistic	_	none	_	Begin=417.9	_	_	_	0-2(38)
173-1	TOI034	173	173	1	sono	sono	_	_	_	_	_	linguistic	_	none	_	_	_	_	_	0-4(38)
173-2	TOI034	173	173	2	diploma]ta:	diplomata	_	_	_	_	_	linguistic	_	none	_	_	8x1	_	_	0-7(38)
173-3	TOI034	173	173	3	in	in	_	_	_	_	_	linguistic	_	none	_	_	_	_	_	_
173-4	TOI034	173	173	4	geometra	geometra	_	_	_	_	_	linguistic	_	none	_	_	_	_	_	_
173-5	TOI034	173	173	5	tecnico	tecnico	_	_	_	_	_	linguistic	_	none	_	_	_	_	_	_
173-6	TOI034	173	173	6	delle	delle	_	_	_	_	_	linguistic	_	none	_	_	_	_	_	_
173-7	TOI034	173	173	7	[costruzio]ni	costruzioni	_	_	_	_	_	linguistic	_	none	_	End=421.6	_	_	_	0-9(39)
174-0	TOR006	174	174	0	[okay]	okay	_	_	_	_	_	linguistic	_	none	_	Begin=420.889|End=421.51	_	_	_	0-4(39)
175-0	TOR006	175	175	0	quindi	quindi	_	_	_	_	_	linguistic	_	none	PauseAfter=Yes	Begin=422.21	_	_	_	_
175-1	TOR006	175	175	1	(.)	(.)	_	_	_	_	_	shortpause	_	none	_	_	_	_	_	_
175-2	TOR006	175	175	2	nulla	nulla	_	_	_	_	_	linguistic	_	none	_	_	_	_	_	_
175-3	TOR006	175	175	3	che	che	_	_	_	_	_	linguistic	_	none	_	_	_	_	_	_
175-4	TOR006	175	175	4	centrasse	centrasse	_	_	_	_	_	linguistic	_	none	_	_	_	_	_	_
175-5	TOR006	175	175	5	con	con	_	_	_	_	_	linguistic	_	none	_	_	_	_	_	_
175-6	TOR006	175	175	6	i	i	_	_	_	_	_	linguistic	_	none	_	_	_	_	_	_
175-7	TOR006	175	175	7	bambini	bambini	_	_	_	_	_	linguistic	_	none	_	End=425.283	_	_	_	_
176-0	TOI034	176	176	0	assolutamente	assolutamente	_	_	_	_	_	linguistic	_	none	_	Begin=425.52	_	_	_	_
176-1	TOI034	176	176	1	no	no	_	_	_	_	_	linguistic	_	none	_	End=426.313	_	_	_	_
177-0	TOR006	177	177	0	okay	okay	_	_	_	_	_	linguistic	_	none	_	Begin=426.42	_	_	_	_
177-1	TOR006	177	177	1	però	però	_	_	_	_	_	linguistic	_	none	_	_	_	_	_	_
177-2	TOR006	177	177	2	quest~	quest~	_	_	_	_	_	linguistic	_	none	Interrupted=Yes	_	_	_	_	_
177-3	TOR006	177	177	3	tu	tu	_	_	_	_	_	linguistic	_	none	_	_	_	_	_	_
177-4	TOR006	177	177	4	avevi	avevi	_	_	_	_	_	linguistic	_	none	_	_	_	_	_	_
177-5	TOR006	177	177	5	questa:	questa	_	_	_	_	_	linguistic	_	none	_	_	5x1	_	_	_
177-6	TOR006	177	177	6	passione	passione	_	_	_	_	_	linguistic	_	none	_	_	_	_	_	_
177-7	TOR006	177	177	7	questa	questa	_	_	_	_	_	linguistic	_	none	_	_	_	_	_	_
177-8	TOR006	177	177	8	(in[clinazione])	inclinazione	_	_	_	_	_	linguistic	_	none	_	End=430.5	_	_	0-12(0)	2-12(40)
178-0	TOI034	178	178	0	[è	è	_	_	_	_	_	linguistic	_	none	_	Begin=429.691	_	_	_	0-1(40)
178-1	TOI034	178	178	1	stata	stata	_	_	_	_	_	linguistic	_	none	_	_	_	_	_	0-5(40)
178-2	TOI034	178	178	2	un'	un'	_	_	_	_	_	linguistic	_	none	SpaceAfter=No	_	_	_	_	0-3(40)
178-3	TOI034	178	178	3	af]finità	affinità	_	_	_	_	_	linguistic	_	none	_	_	_	_	_	0-2(40)
178-4	TOI034	178	178	4	anche	anche	_	_	_	_	_	linguistic	_	none	_	End=431.41	_	_	_	_
179-0	TOI034	179	179	0	è	è	_	_	_	_	_	linguistic	_	none	_	Begin=431.61	_	_	_	_
179-1	TOI034	179	179	1	s[tato	stato	_	_	_	_	_	linguistic	_	none	_	_	_	_	_	1-5(41)
179-2	TOI034	179	179	2	anche	anche	_	_	_	_	_	linguistic	_	none	_	_	_	_	_	0-5(41)
179-3	TOI034	179	179	3	un]	un	_	_	_	_	_	linguistic	_	none	_	_	_	_	_	0-2(41)
179-4	TOI034	179	179	4	po'	po'	_	_	_	_	_	linguistic	_	none	_	_	_	_	_	_
179-5	TOI034	179	179	5	più	più	_	_	_	_	_	linguistic	_	none	_	_	_	_	_	_
179-6	TOI034	179	179	6	semplice	semplice	_	_	_	_	_	linguistic	_	none	_	_	_	_	_	_
179-7	TOI034	179	179	7	perché	perché	_	_	_	_	_	linguistic	_	none	_	_	_	_	_	_
179-8	TOI034	179	179	8	quando	quando	_	_	_	_	_	linguistic	_	none	_	_	_	_	_	_
179-9	TOI034	179	179	9	io	io	_	_	_	_	_	linguistic	_	none	_	_	_	_	_	_
179-10	TOI034	179	179	10	ho	ho	_	_	_	_	_	linguistic	_	none	_	_	_	_	_	_
179-11	TOI034	179	179	11	fini~	fini~	_	_	_	_	_	linguistic	_	none	Interrupted=Yes|ProsodicLink=Yes	_	_	_	_	_
179-12	TOI034	179	179	12	terminato	terminato	_	_	_	_	_	linguistic	_	none	_	_	_	_	_	_
179-13	TOI034	179	179	13	le	le	_	_	_	_	_	linguistic	_	none	_	_	_	_	_	_
179-14	TOI034	179	179	14	scuole	scuole	_	_	_	_	_	linguistic	_	none	_	End=435.012	_	_	_	_
180-0	TOR006	180	180	0	[mhmh]	mhmh	_	_	_	_	_	linguistic	_	none	_	Begin=431.808|End=432.21	_	_	_	0-4(41)
181-0	TOI034	181	181	0	ho	ho	_	_	_	_	_	linguistic	_	none	_	Begin=435.3	_	_	_	_
181-1	TOI034	181	181	1	provato	provato	_	_	_	_	_	linguistic	_	none	_	_	_	_	_	_
181-2	TOI034	181	181	2	a	a	_	_	_	_	_	linguistic	_	none	_	_	_	_	_	_
181-3	TOI034	181	181	3	cercare	cercare	_	_	_	_	_	linguistic	_	none	_	_	_	_	_	_
181-4	TOI034	181	181	4	lavoro	lavoro	_	_	_	_	_	linguistic	_	none	_	_	_	_	_	_
181-5	TOI034	181	181	5	tramite	tramite	_	_	_	_	_	linguistic	_	none	_	_	_	_	_	_
181-6	TOI034	181	181	6	agenzie	agenzie	_	_	_	_	_	linguistic	_	none	_	_	_	_	_	_
181-7	TOI034	181	181	7	e	e	_	_	_	_	_	linguistic	_	none	_	_	_	_	_	_
181-8	TOI034	181	181	8	[tutti	tutti	_	_	_	_	_	linguistic	_	none	_	_	_	_	_	0-5(42)
181-9	TOI034	181	181	9	que]sti:	questi	_	_	_	_	_	linguistic	_	none	_	_	5x1	_	_	0-3(42)
181-10	TOI034	181	181	10	contesti	contesti	_	_	_	_	_	linguistic	_	none	_	_	_	_	_	_
181-11	TOI034	181	181	11	qua	qua	_	_	_	_	_	linguistic	_	none	_	_	_	_	_	_
181-12	TOI034	181	181	12	ma	ma	_	_	_	_	_	linguistic	_	none	_	_	_	_	_	_
181-13	TOI034	181	181	13	non	non	_	_	_	_	_	linguistic	_	none	_	End=439.41	_	_	_	_
182-0	TOR006	182	182	0	[mhmh]	mhmh	_	_	_	_	_	linguistic	_	none	_	Begin=437.5|End=437.893	_	_	_	0-4(42)
183-0	TOI034	183	183	0	s~	s~	_	_	_	_	_	linguistic	_	none	Interrupted=Yes	Begin=440.6	_	_	_	_
183-1	TOI034	183	183	1	senza	senza	_	_	_	_	_	linguistic	_	none	_	_	_	_	_	_
183-2	TOI034	183	183	2	avere	avere	_	_	_	_	_	linguistic	_	none	_	_	_	_	_	_
183-3	TOI034	183	183	3	esperienza	esperienza	_	_	_	_	_	linguistic	_	none	_	_	_	_	_	_
183-4	TOI034	183	183	4	a	a	_	_	_	_	_	linguistic	_	none	_	_	_	_	_	_
183-5	TOI034	183	183	5	nessuno	nessuno	_	_	_	_	_	linguistic	_	none	_	_	_	_	_	_
183-6	TOI034	183	183	6	interessava	interessava	_	_	_	_	_	linguistic	_	none	_	End=442.928	_	_	_	_
184-0	TOR006	184	184	0	ok[ay]	okay	_	_	_	_	_	linguistic	_	none	_	Begin=443.31|End=443.815	_	_	_	2-4(43)
185-0	TOI034	185	185	0	[e]	e	_	_	_	_	_	linguistic	_	none	_	Begin=443.61	_	_	_	0-1(43)
185-1	TOI034	185	185	1	quindi	quindi	_	_	_	_	_	linguistic	_	none	_	_	_	_	_	_
185-2	TOI034	185	185	2	per:	per	_	_	_	_	_	linguistic	_	none	_	_	2x1	_	_	_
185-3	TOI034	185	185	3	facilità	facilità	_	_	_	_	_	linguistic	_	none	_	_	_	_	_	_
185-4	TOI034	185	185	4	dic[iamo]	diciamo	_	_	_	_	_	linguistic	_	none	_	End=446.116	_	_	_	3-7(44)
186-0	TOR006	186	186	0	[ce]rto	certo	_	_	_	_	_	linguistic	_	none	_	Begin=445.827|End=446.41	_	_	_	0-2(44)
187-0	TOI034	187	187	0	poi	poi	_	_	_	_	_	linguistic	_	none	_	Begin=446.42	_	_	_	_
187-1	TOI034	187	187	1	comunque	comunque	_	_	_	_	_	linguistic	_	none	_	_	_	_	_	_
187-2	TOI034	187	187	2	mi	mi	_	_	_	_	_	linguistic	_	none	_	_	_	_	_	_
187-3	TOI034	187	187	3	piaceva	piaceva	_	_	_	_	_	linguistic	_	none	_	End=447.733	_	_	_	_
188-0	TOI034	188	188	0	mi	mi	_	_	_	_	_	linguistic	_	none	_	Begin=447.91	_	_	_	_
188-1	TOI034	188	188	1	son	son	_	_	_	_	_	linguistic	_	none	_	_	_	_	_	_
188-2	TOI034	188	188	2	ritrovata	ritrovata	_	_	_	_	_	linguistic	_	none	_	_	_	_	_	_
188-3	TOI034	188	188	3	a	a	_	_	_	_	_	linguistic	_	none	_	_	_	_	_	_
188-4	TOI034	188	188	4	far	far	_	_	_	_	_	linguistic	_	none	_	_	_	_	_	_
188-5	TOI034	188	188	5	la	la	_	_	_	_	_	linguistic	_	none	_	_	_	_	_	_
188-6	TOI034	188	188	6	tata	tata	_	_	_	_	_	linguistic	_	none	_	End=449.01	_	_	_	_
189-0	TOR006	189	189	0	okay	okay	_	_	_	_	_	linguistic	_	none	_	Begin=449.21	_	_	_	_
189-1	TOR006	189	189	1	e	e	_	_	_	_	_	linguistic	_	none	_	_	_	_	_	_
189-2	TOR006	189	189	2	invece	invece	_	_	_	_	_	linguistic	_	none	_	_	_	_	_	_
189-3	TOR006	189	189	3	il	il	_	_	_	_	_	linguistic	_	none	_	_	_	_	_	_
189-4	TOR006	189	189	4	secondo	secondo	_	_	_	_	_	linguistic	_	none	_	_	_	_	_	_
189-5	TOR006	189	189	5	anno?	anno	_	_	_	_	_	linguistic	_	none	Intonation=Rising	End=451.227	_	_	_	_
190-0	TOI034	190	190	0	per	per	_	_	_	_	_	linguistic	_	none	_	Begin=452.6	_	_	_	_
190-1	TOI034	190	190	1	quanto	quanto	_	_	_	_	_	linguistic	_	none	_	_	_	_	_	_
190-2	TOI034	190	190	2	il	il	_	_	_	_	_	linguistic	_	none	_	_	_	_	_	_
190-3	TOI034	190	190	3	primo	primo	_	_	_	_	_	linguistic	_	none	_	_	_	_	_	_
190-4	TOI034	190	190	4	anno	anno	_	_	_	_	_	linguistic	_	none	_	_	_	_	_	_
190-5	TOI034	190	190	5	sia	sia	_	_	_	_	_	linguistic	_	none	_	_	_	_	_	_
190-6	TOI034	190	190	6	stato	stato	_	_	_	_	_	linguistic	_	none	_	_	_	_	_	_
190-7	TOI034	190	190	7	tranquillo	tranquillo	_	_	_	_	_	linguistic	_	none	_	_	_	_	_	_
190-8	TOI034	190	190	8	perché	perché	_	_	_	_	_	linguistic	_	none	_	_	_	_	_	_
190-9	TOI034	190	190	9	comunque	comunque	_	_	_	_	_	linguistic	_	none	_	_	_	_	_	_
190-10	TOI034	190	190	10	il	il	_	_	_	_	_	linguistic	_	none	_	_	_	_	_	_
190-11	TOI034	190	190	11	bimbo	bimbo	_	_	_	_	_	linguistic	_	none	_	_	_	_	_	_
190-12	TOI034	190	190	12	era::	era	_	_	_	_	_	linguistic	_	none	_	_	2x2	_	_	_
190-13	TOI034	190	190	13	davvero	davvero	_	_	_	_	_	linguistic	_	none	_	_	_	_	_	_
190-14	TOI034	190	190	14	u:n	un	_	_	_	_	_	linguistic	_	none	_	_	0x1	_	_	_
190-15	TOI034	190	190	15	pezzo	pezzo	_	_	_	_	_	linguistic	_	none	_	_	_	_	_	_
190-16	TOI034	190	190	16	di	di	_	_	_	_	_	linguistic	_	none	_	_	_	_	_	_
190-17	TOI034	190	190	17	pane	pane	_	_	_	_	_	linguistic	_	none	_	_	_	_	_	_
190-18	TOI034	190	190	18	[perché]	perché	_	_	_	_	_	linguistic	_	none	_	_	_	_	_	0-6(45)
190-19	TOI034	190	190	19	(era:):	era	_	_	_	_	_	linguistic	_	none	_	End=458.804	2x2	_	0-3(0)	_
191-0	TOR006	191	191	0	[mhmh]	mhmh	_	_	_	_	_	linguistic	_	none	_	Begin=457.919|End=458.31	_	_	_	0-4(45)
192-0	TOI034	192	192	0	si	si	_	_	_	_	_	linguistic	_	none	_	Begin=459.2	_	_	_	_
192-1	TOI034	192	192	1	è	è	_	_	_	_	_	linguistic	_	none	_	_	_	_	_	_
192-2	TOI034	192	192	2	mi	mi	_	_	_	_	_	linguistic	_	none	_	_	_	_	_	_
192-3	TOI034	192	192	3	assecondava	assecondava	_	_	_	_	_	linguistic	_	none	_	_	_	_	_	_
192-4	TOI034	192	192	4	molto	molto	_	_	_	_	_	linguistic	_	none	_	_	_	_	_	_
192-5	TOI034	192	192	5	si	si	_	_	_	_	_	linguistic	_	none	_	_	_	_	_	_
192-6	TOI034	192	192	6	fidava	fidava	_	_	_	_	_	linguistic	_	none	_	_	_	_	_	_
192-7	TOI034	192	192	7	molt[o	molto	_	_	_	_	_	linguistic	_	none	_	_	_	_	_	4-5(46)
192-8	TOI034	192	192	8	e]:	e	_	_	_	_	_	linguistic	_	none	_	_	0x1	_	_	0-1(46)
192-9	TOI034	192	192	9	probabilmente	probabilmente	_	_	_	_	_	linguistic	_	none	_	_	_	_	_	_
192-10	TOI034	192	192	10	ero	ero	_	_	_	_	_	linguistic	_	none	_	_	_	_	_	_
192-11	TOI034	192	192	11	una	una	_	_	_	_	_	linguistic	_	none	_	_	_	_	_	_
192-12	TOI034	192	192	12	delle	delle	_	_	_	_	_	linguistic	_	none	_	_	_	_	_	_
192-13	TOI034	192	192	13	poche	poche	_	_	_	_	_	linguistic	_	none	_	_	_	_	_	_
192-14	TOI034	192	192	14	persone	persone	_	_	_	_	_	linguistic	_	none	_	_	_	_	_	_
192-15	TOI034	192	192	15	con	con	_	_	_	_	_	linguistic	_	none	_	_	_	_	_	_
192-16	TOI034	192	192	16	la	la	_	_	_	_	_	linguistic	_	none	_	_	_	_	_	_
192-17	TOI034	192	192	17	quale	quale	_	_	_	_	_	linguistic	_	none	_	_	_	_	_	_
192-18	TOI034	192	192	18	stava	stava	_	_	_	_	_	linguistic	_	none	_	_	_	_	_	_
192-19	TOI034	192	192	19	molto	molto	_	_	_	_	_	linguistic	_	none	_	_	_	_	_	_
192-20	TOI034	192	192	20	di	di	_	_	_	_	_	linguistic	_	none	_	_	_	_	_	_
192-21	TOI034	192	192	21	più	più	_	_	_	_	_	linguistic	_	none	_	_	_	_	_	_
192-22	TOI034	192	192	22	tranne	tranne	_	_	_	_	_	linguistic	_	none	_	End=465.187	_	_	_	_
193-0	TOR006	193	193	0	[mhmh]	mhmh	_	_	_	_	_	linguistic	_	none	_	Begin=461.819|End=462.11	_	_	_	0-4(46)
194-0	TOI034	194	194	0	>x<	x	_	_	_	_	_	unknown	_	none	Syllables=1	Begin=465.51	_	Fast=0-1(0)	_	_
194-1	TOI034	194	194	1	i	i	_	_	_	_	_	linguistic	_	none	_	_	_	_	_	_
194-2	TOI034	194	194	2	famili[ari]	familiari	_	_	_	_	_	linguistic	_	none	_	End=466.29	_	_	_	6-9(47)
195-0	TOR006	195	195	0	[mh]mh	mhmh	_	_	_	_	_	linguistic	_	none	_	Begin=466.11|End=466.51	_	_	_	0-2(47)
196-0	TOI034	196	196	0	il	il	_	_	_	_	_	linguistic	_	none	_	Begin=467.21	_	_	_	_
196-1	TOI034	196	196	1	secondo	secondo	_	_	_	_	_	linguistic	_	none	_	_	_	_	_	_
196-2	TOI034	196	196	2	anno	anno	_	_	_	_	_	linguistic	_	none	PauseAfter=Yes	_	_	_	_	_
196-3	TOI034	196	196	3	(.)	(.)	_	_	_	_	_	shortpause	_	none	_	_	_	_	_	_
196-4	TOI034	196	196	4	tramite	tramite	_	_	_	_	_	linguistic	_	none	_	_	_	_	_	_
196-5	TOI034	196	196	5	un	un	_	_	_	_	_	linguistic	_	none	_	_	_	_	_	_
196-6	TOI034	196	196	6	sito:	sito	_	_	_	_	_	linguistic	_	none	_	_	3x1	_	_	_
196-7	TOI034	196	196	7	di	di	_	_	_	_	_	linguistic	_	none	_	_	_	_	_	_
196-8	TOI034	196	196	8	tate	tate	_	_	_	_	_	linguistic	_	none	_	End=470.423	_	_	_	_
197-0	TOR006	197	197	0	mhmh	mhmh	_	_	_	_	_	linguistic	_	none	_	Begin=470.8|End=471.23	_	_	_	_
198-0	TOI034	198	198	0	e::hm:	ehm	_	_	_	_	_	linguistic	_	none	_	Begin=471.61	0x2,2x1	_	_	_
198-1	TOI034	198	198	1	ho	ho	_	_	_	_	_	linguistic	_	none	_	_	_	_	_	_
198-2	TOI034	198	198	2	scritto	scritto	_	_	_	_	_	linguistic	_	none	_	_	_	_	_	_
198-3	TOI034	198	198	3	a	a	_	_	_	_	_	linguistic	_	none	_	_	_	_	_	_
198-4	TOI034	198	198	4	diverse	diverse	_	_	_	_	_	linguistic	_	none	_	_	_	_	_	_
198-5	TOI034	198	198	5	mamme	mamme	_	_	_	_	_	linguistic	_	none	_	_	_	_	_	_
198-6	TOI034	198	198	6	c(io)é:	cioé	_	_	_	_	_	linguistic	_	none	Reduced=Yes	_	3x1	_	_	_
198-7	TOI034	198	198	7	ogni	ogni	_	_	_	_	_	linguistic	_	none	_	_	_	_	_	_
198-8	TOI034	198	198	8	profilo	profilo	_	_	_	_	_	linguistic	_	none	_	_	_	_	_	_
198-9	TOI034	198	198	9	ha	ha	_	_	_	_	_	linguistic	_	none	_	_	_	_	_	_
198-10	TOI034	198	198	10	>la	la	_	_	_	_	_	linguistic	_	none	_	_	_	Fast=0-2(0)	_	_
198-11	TOI034	198	198	11	descrizione	descrizione	_	_	_	_	_	linguistic	_	none	_	_	_	Fast=0-11(0)	_	_
198-12	TOI034	198	198	12	d[ei	dei	_	_	_	_	_	linguistic	_	none	_	_	_	Fast=0-3(0)	_	1-3(48)
198-13	TOI034	198	198	13	bimbi]	bimbi	_	_	_	_	_	linguistic	_	none	_	_	_	Fast=0-5(0)	_	0-5(48)
198-14	TOI034	198	198	14	che	che	_	_	_	_	_	linguistic	_	none	_	_	_	Fast=0-3(0)	_	_
198-15	TOI034	198	198	15	ha	ha	_	_	_	_	_	linguistic	_	none	_	_	_	Fast=0-2(0)	_	_
198-16	TOI034	198	198	16	degli	degli	_	_	_	_	_	linguistic	_	none	_	_	_	Fast=0-5(0)	_	_
198-17	TOI034	198	198	17	orari	orari	_	_	_	_	_	linguistic	_	none	_	_	_	Fast=0-5(0)	_	_
198-18	TOI034	198	198	18	di	di	_	_	_	_	_	linguistic	_	none	_	_	_	Fast=0-2(0)	_	_
198-19	TOI034	198	198	19	cui	cui	_	_	_	_	_	linguistic	_	none	_	_	_	Fast=0-3(0)	_	_
198-20	TOI034	198	198	20	necessita	necessita	_	_	_	_	_	linguistic	_	none	_	_	_	Fast=0-9(0)	_	_
198-21	TOI034	198	198	21	bababa<	bababa	_	_	_	_	_	linguistic	_	none	_	End=479.516	_	Fast=0-6(0)	_	_
199-0	TOR006	199	199	0	[mhmh]	mhmh	_	_	_	_	_	linguistic	_	none	_	Begin=477.216|End=477.61	_	_	_	0-4(48)
200-0	TOI034	200	200	0	niente	niente	_	_	_	_	_	linguistic	_	none	_	Begin=480.21|End=480.714	_	_	_	_
201-0	TOI034	201	201	0	>lavoravo	lavoravo	_	_	_	_	_	linguistic	_	none	_	Begin=481.01	_	Fast=0-8(0)	_	_
201-1	TOI034	201	201	1	dal	dal	_	_	_	_	_	linguistic	_	none	_	_	_	Fast=0-3(0)	_	_
201-2	TOI034	201	201	2	lunedì	lunedì	_	_	_	_	_	linguistic	_	none	_	_	_	Fast=0-6(0)	_	_
201-3	TOI034	201	201	3	al<	al	_	_	_	_	_	linguistic	_	none	_	_	_	Fast=0-2(0)	_	_
201-4	TOI034	201	201	4	venerdì	venerdì	_	_	_	_	_	linguistic	_	none	_	_	_	_	_	_
201-5	TOI034	201	201	5	prima	prima	_	_	_	_	_	linguistic	_	none	_	End=482.61	_	_	_	_
202-0	TOR006	202	202	0	mhmh	mhmh	_	_	_	_	_	linguistic	_	none	_	Begin=482.71|End=483.111	_	_	_	_
203-0	TOI034	203	203	0	dove	dove	_	_	_	_	_	linguistic	_	none	_	Begin=483.12	_	_	_	_
203-1	TOI034	203	203	1	ho	ho	_	_	_	_	_	linguistic	_	none	_	_	_	_	_	_
203-2	TOI034	203	203	2	lavorato	lavorato	_	_	_	_	_	linguistic	_	none	_	End=484.005	_	_	_	_
204-0	TOI034	204	204	0	lavoravo	lavoravo	_	_	_	_	_	linguistic	_	none	_	Begin=484.31	_	_	_	_
204-1	TOI034	204	204	1	venti~	venti~	_	_	_	_	_	linguistic	_	none	Interrupted=Yes|ProsodicLink=Yes	_	_	_	_	_
204-2	TOI034	204	204	2	quasi	quasi	_	_	_	_	_	linguistic	_	none	_	_	_	_	_	_
204-3	TOI034	204	204	3	tutti	tutti	_	_	_	_	_	linguistic	_	none	_	_	_	_	_	_
204-4	TOI034	204	204	4	i	i	_	_	_	_	_	linguistic	_	none	_	_	_	_	_	_
204-5	TOI034	204	204	5	giorni	giorni	_	_	_	_	_	linguistic	_	none	_	_	_	_	_	_
204-6	TOI034	204	204	6	cioè	cioè	_	_	_	_	_	linguistic	_	none	_	_	_	_	_	_
204-7	TOI034	204	204	7	a	a	_	_	_	_	_	linguistic	_	none	_	_	_	_	_	_
204-8	TOI034	204	204	8	richiest[a::]	richiesta	_	_	_	_	_	linguistic	_	none	_	_	8x2	_	_	8-9(49)
204-9	TOI034	204	204	9	andavo	andavo	_	_	_	_	_	linguistic	_	none	_	End=487.82	_	_	_	_
205-0	TOR006	205	205	0	[mhmh]	mhmh	_	_	_	_	_	linguistic	_	none	_	Begin=486.81|End=487.202	_	_	_	0-4(49)
206-0	TOR006	206	206	0	okay	okay	_	_	_	_	_	linguistic	_	none	_	Begin=488.3|End=488.694	_	_	_	_
207-0	TOI034	207	207	0	e::	e	_	_	_	_	_	linguistic	_	none	_	Begin=488.694	0x2	_	_	_
207-1	TOI034	207	207	1	questa	questa	_	_	_	_	_	linguistic	_	none	_	_	_	_	_	_
207-2	TOI034	207	207	2	famiglia	famiglia	_	_	_	_	_	linguistic	_	none	_	_	_	_	_	_
207-3	TOI034	207	207	3	era	era	_	_	_	_	_	linguistic	_	none	_	_	_	_	_	_
207-4	TOI034	207	207	4	molto	molto	_	_	_	_	_	linguistic	_	none	_	_	_	_	_	_
207-5	TOI034	207	207	5	molto	molto	_	_	_	_	_	linguistic	_	none	_	_	_	_	_	_
207-6	TOI034	207	207	6	ricca	ricca	_	_	_	_	_	linguistic	_	none	_	End=490.86	_	_	_	_
208-0	TOI034	208	208	0	famiglia	famiglia	_	_	_	_	_	linguistic	_	none	_	Begin=491.22	_	_	_	_
208-1	TOI034	208	208	1	di	di	_	_	_	_	_	linguistic	_	none	_	_	_	_	_	_
208-2	TOI034	208	208	2	torino	torino	_	_	_	_	_	linguistic	_	none	_	End=492.117	_	_	_	_
209-0	TOR006	209	209	0	m[hmh]	mhmh	_	_	_	_	_	linguistic	_	none	_	Begin=492.4|End=492.809	_	_	_	1-4(50)
210-0	TOI034	210	210	0	[e	e	_	_	_	_	_	linguistic	_	none	_	Begin=492.51	_	_	_	0-1(50)
210-1	TOI034	210	210	1	qui]ndi::	quindi	_	_	_	_	_	linguistic	_	none	_	End=493.519	5x2	_	_	0-3(50)
211-0	TOI034	211	211	0	diciamo	diciamo	_	_	_	_	_	linguistic	_	none	_	Begin=494.32	_	_	_	_
211-1	TOI034	211	211	1	che	che	_	_	_	_	_	linguistic	_	none	_	_	_	_	_	_
211-2	TOI034	211	211	2	io	io	_	_	_	_	_	linguistic	_	none	_	_	_	_	_	_
211-3	TOI034	211	211	3	ero:	ero	_	_	_	_	_	linguistic	_	none	ProsodicLink=Yes	_	2x1	_	_	_
211-4	TOI034	211	211	4	u:n	un	_	_	_	_	_	linguistic	_	none	_	End=496.396	0x1	_	_	_
212-0	TOI034	212	212	0	a	a	_	_	_	_	_	linguistic	_	none	_	Begin=497.01	_	_	_	_
212-1	TOI034	212	212	1	lor~	lor~	_	_	_	_	_	linguistic	_	none	Interrupted=Yes	_	_	_	_	_
212-2	TOI034	212	212	2	proprio	proprio	_	_	_	_	_	linguistic	_	none	_	_	_	_	_	_
212-3	TOI034	212	212	3	a	a	_	_	_	_	_	linguistic	_	none	_	_	_	_	_	_
212-4	TOI034	212	212	4	loro	loro	_	_	_	_	_	linguistic	_	none	_	_	_	_	_	_
212-5	TOI034	212	212	5	dispos[izione	disposizione	_	_	_	_	_	linguistic	_	none	_	_	_	_	_	6-12(51)
212-6	TOI034	212	212	6	complet]a	completa	_	_	_	_	_	linguistic	_	none	_	_	_	_	_	0-7(51)
212-7	TOI034	212	212	7	non	non	_	_	_	_	_	linguistic	_	none	_	_	_	_	_	_
212-8	TOI034	212	212	8	solo	solo	_	_	_	_	_	linguistic	_	none	_	_	_	_	_	_
212-9	TOI034	212	212	9	per	per	_	_	_	_	_	linguistic	_	none	_	_	_	_	_	_
212-10	TOI034	212	212	10	i	i	_	_	_	_	_	linguistic	_	none	_	_	_	_	_	_
212-11	TOI034	212	212	11	bimbi	bimbi	_	_	_	_	_	linguistic	_	none	_	_	_	_	_	_
212-12	TOI034	212	212	12	oltretutto	oltretutto	_	_	_	_	_	linguistic	_	none	_	_	_	_	_	_
212-13	TOI034	212	212	13	c(io)è:	cioè	_	_	_	_	_	linguistic	_	none	Reduced=Yes	End=501.526	3x1	_	_	_
213-0	TOR006	213	213	0	[oka~]	oka~	_	_	_	_	_	linguistic	_	none	Interrupted=Yes	Begin=498.49|End=499.11	_	_	_	0-4(51)
214-0	TOI034	214	214	0	mi	mi	_	_	_	_	_	linguistic	_	none	_	Begin=501.91	_	_	_	_
214-1	TOI034	214	214	1	sembrava	sembrava	_	_	_	_	_	linguistic	_	none	_	_	_	_	_	_
214-2	TOI034	214	214	2	ogni	ogni	_	_	_	_	_	linguistic	_	none	_	_	_	_	_	_
214-3	TOI034	214	214	3	tanto	tanto	_	_	_	_	_	linguistic	_	none	_	_	_	_	_	_
214-4	TOI034	214	214	4	di	di	_	_	_	_	_	linguistic	_	none	_	_	_	_	_	_
214-5	TOI034	214	214	5	fare	fare	_	_	_	_	_	linguistic	_	none	_	_	_	_	_	_
214-6	TOI034	214	214	6	più	più	_	_	_	_	_	linguistic	_	none	_	_	_	_	_	_
214-7	TOI034	214	214	7	da	da	_	_	_	_	_	linguistic	_	none	_	_	_	_	_	_
214-8	TOI034	214	214	8	dama	dama	_	_	_	_	_	linguistic	_	none	_	_	_	_	_	_
214-9	TOI034	214	214	9	di	di	_	_	_	_	_	linguistic	_	none	_	_	_	_	_	_
214-10	TOI034	214	214	10	compagnia	compagnia	_	_	_	_	_	linguistic	_	none	_	_	_	_	_	_
214-11	TOI034	214	214	11	che	che	_	_	_	_	_	linguistic	_	none	_	_	_	_	_	_
214-12	TOI034	214	214	12	d[a:	da	_	_	_	_	_	linguistic	_	none	_	_	1x1	_	_	1-2(53)
214-13	TOI034	214	214	13	d]a	da	_	_	_	_	_	linguistic	_	none	_	_	_	_	_	0-1(53)
214-14	TOI034	214	214	14	tata	tata	_	_	_	_	_	linguistic	_	none	_	End=505.359	_	_	_	_
215-0	TOR006	215	215	0	[mhmh]	mhmh	_	_	_	_	_	linguistic	_	none	_	Begin=504.624|End=505.01	_	_	_	0-4(53)
216-0	TOR006	216	216	0	tipo	tipo	_	_	_	_	_	linguistic	_	none	_	Begin=505.31	_	_	_	_
216-1	TOR006	216	216	1	cosa	cosa	_	_	_	_	_	linguistic	_	none	_	_	_	_	_	_
216-2	TOR006	216	216	2	facevi	facevi	_	_	_	_	_	linguistic	_	none	_	_	_	_	_	_
216-3	TOR006	216	216	3	che	che	_	_	_	_	_	linguistic	_	none	_	_	_	_	_	_
216-4	TOR006	216	216	4	ti	ti	_	_	_	_	_	linguistic	_	none	_	End=506.71	_	_	_	_
217-0	TOR006	217	217	0	dava	dava	_	_	_	_	_	linguistic	_	none	_	Begin=507.01	_	_	_	_
217-1	TOR006	217	217	1	un	un	_	_	_	_	_	linguistic	_	none	_	_	_	_	_	_
217-2	TOR006	217	217	2	po'	po'	_	_	_	_	_	linguistic	_	none	_	_	_	_	_	_
217-3	TOR006	217	217	3	fastidio?	fastidio	_	_	_	_	_	linguistic	_	none	Intonation=Rising	End=508.11	_	_	_	_
218-0	TOI034	218	218	0	magari	magari	_	_	_	_	_	linguistic	_	none	_	Begin=509.11	_	_	_	_
218-1	TOI034	218	218	1	lavorare	lavorare	_	_	_	_	_	linguistic	_	none	_	_	_	_	_	_
218-2	TOI034	218	218	2	quattordici	quattordici	_	_	_	_	_	linguistic	_	none	ProsodicLink=Yes	_	_	_	_	_
218-3	TOI034	218	218	3	quindici	quindici	_	_	_	_	_	linguistic	_	none	_	_	_	_	_	_
218-4	TOI034	218	218	4	al	al	_	_	_	_	_	linguistic	_	none	_	_	_	_	_	_
218-5	TOI034	218	218	5	giorno	giorno	_	_	_	_	_	linguistic	_	none	_	_	_	_	_	_
218-6	TOI034	218	218	6	ore	ore	_	_	_	_	_	linguistic	_	none	_	_	_	_	_	_
218-7	TOI034	218	218	7	quando	quando	_	_	_	_	_	linguistic	_	none	_	_	_	_	_	_
218-8	TOI034	218	218	8	i	i	_	_	_	_	_	linguistic	_	none	_	_	_	_	_	_
218-9	TOI034	218	218	9	genitori	genitori	_	_	_	_	_	linguistic	_	none	_	_	_	_	_	_
218-10	TOI034	218	218	10	erano	erano	_	_	_	_	_	linguistic	_	none	_	_	_	_	_	_
218-11	TOI034	218	218	11	presenti	presenti	_	_	_	_	_	linguistic	_	none	_	_	_	_	_	_
218-12	TOI034	218	218	12	((sospira))	((sospira))	_	_	_	_	_	nonverbalbehavior	_	none	_	End=512.956	_	_	_	_
219-0	TOR006	219	219	0	mh[mh]	mhmh	_	_	_	_	_	linguistic	_	none	_	Begin=512.813|End=513.308	_	_	_	2-4(55)
220-0	TOI034	220	220	0	[m]:a	ma	_	_	_	_	_	linguistic	_	none	_	Begin=513.116	0x1	_	_	0-1(55)
220-1	TOI034	220	220	1	loro::	loro	_	_	_	_	_	linguistic	_	none	PauseAfter=Yes	_	3x2	_	_	_
220-2	TOI034	220	220	2	(.)	(.)	_	_	_	_	_	shortpause	_	none	_	_	_	_	_	_
220-3	TOI034	220	220	3	presenti	presenti	_	_	_	_	_	linguistic	_	none	_	_	_	_	_	_
220-4	TOI034	220	220	4	nella	nella	_	_	_	_	_	linguistic	_	none	_	_	_	_	_	_
220-5	TOI034	220	220	5	casa	casa	_	_	_	_	_	linguistic	_	none	_	_	_	_	_	_
220-6	TOI034	220	220	6	pr[op(r)io]	proprio	_	_	_	_	_	linguistic	_	none	_	End=515.714	_	_	4-5(0)	2-7(56)
221-0	TOR006	221	221	0	[mh]mh	mhmh	_	_	_	_	_	linguistic	_	none	_	Begin=515.508|End=515.926	_	_	_	0-2(56)
222-0	TOI034	222	222	0	m~	m~	_	_	_	_	_	linguistic	_	none	Interrupted=Yes	Begin=516.22	_	_	_	_
222-1	TOI034	222	222	1	ma	ma	_	_	_	_	_	linguistic	_	none	_	_	_	_	_	_
222-2	TOI034	222	222	2	essendo	essendo	_	_	_	_	_	linguistic	_	none	_	_	_	_	_	_
222-3	TOI034	222	222	3	molto	molto	_	_	_	_	_	linguistic	_	none	_	_	_	_	_	_
222-4	TOI034	222	222	4	grossa	grossa	_	_	_	_	_	linguistic	_	none	_	_	_	_	_	_
222-5	TOI034	222	222	5	loro	loro	_	_	_	_	_	linguistic	_	none	_	_	_	_	_	_
222-6	TOI034	222	222	6	volevano	volevano	_	_	_	_	_	linguistic	_	none	_	_	_	_	_	_
222-7	TOI034	222	222	7	farsi:::	farsi	_	_	_	_	_	linguistic	_	none	_	End=519.409	4x3	_	_	_
223-0	TOI034	223	223	0	i	i	_	_	_	_	_	linguistic	_	none	_	Begin=520.11	_	_	_	_
223-1	TOI034	223	223	1	loro	loro	_	_	_	_	_	linguistic	_	none	_	_	_	_	_	_
223-2	TOI034	223	223	2	affari	affari	_	_	_	_	_	linguistic	_	none	_	_	_	_	_	_
223-3	TOI034	223	223	3	[e:	e	_	_	_	_	_	linguistic	_	none	_	_	0x1	_	_	0-1(57)
223-4	TOI034	223	223	4	io]	io	_	_	_	_	_	linguistic	_	none	_	_	_	_	_	0-2(57)
223-5	TOI034	223	223	5	dovevo	dovevo	_	_	_	_	_	linguistic	_	none	_	_	_	_	_	_
223-6	TOI034	223	223	6	stare	stare	_	_	_	_	_	linguistic	_	none	_	_	_	_	_	_
223-7	TOI034	223	223	7	con	con	_	_	_	_	_	linguistic	_	none	_	_	_	_	_	_
223-8	TOI034	223	223	8	i	i	_	_	_	_	_	linguistic	_	none	_	_	_	_	_	_
223-9	TOI034	223	223	9	bimbi	bimbi	_	_	_	_	_	linguistic	_	none	_	_	_	_	_	_
223-10	TOI034	223	223	10	ovviamente	ovviamente	_	_	_	_	_	linguistic	_	none	_	_	_	_	_	_
223-11	TOI034	223	223	11	però	però	_	_	_	_	_	linguistic	_	none	_	_	_	_	_	_
223-12	TOI034	223	223	12	come	come	_	_	_	_	_	linguistic	_	none	PauseAfter=Yes	_	_	_	_	_
223-13	TOI034	223	223	13	(.)	(.)	_	_	_	_	_	shortpause	_	none	_	_	_	_	_	_
223-14	TOI034	223	223	14	chiunque	chiunque	_	_	_	_	_	linguistic	_	none	_	_	_	_	_	_
223-15	TOI034	223	223	15	sa	sa	_	_	_	_	_	linguistic	_	none	_	End=524.818	_	_	_	_
224-0	TOR006	224	224	0	[mhmh]	mhmh	_	_	_	_	_	linguistic	_	none	_	Begin=521.01|End=521.409	_	_	_	0-4(57)
225-0	TOI034	225	225	0	e	e	_	_	_	_	_	linguistic	_	none	_	Begin=525.61	_	_	_	_
225-1	TOI034	225	225	1	un	un	_	_	_	_	_	linguistic	_	none	_	_	_	_	_	_
225-2	TOI034	225	225	2	bimbo	bimbo	_	_	_	_	_	linguistic	_	none	PauseAfter=Yes	_	_	_	_	_
225-3	TOI034	225	225	3	(.)	(.)	_	_	_	_	_	shortpause	_	none	_	_	_	_	_	_
225-4	TOI034	225	225	4	se	se	_	_	_	_	_	linguistic	_	none	_	_	_	_	_	_
225-5	TOI034	225	225	5	ha	ha	_	_	_	_	_	linguistic	_	none	_	_	_	_	_	_
225-6	TOI034	225	225	6	mamma	mamma	_	_	_	_	_	linguistic	_	none	_	End=527.31	_	_	_	_
226-0	TOI034	226	226	0	e	e	_	_	_	_	_	linguistic	_	none	_	Begin=527.81	_	_	_	_
226-1	TOI034	226	226	1	tata	tata	_	_	_	_	_	linguistic	_	none	_	_	_	_	_	_
226-2	TOI034	226	226	2	preferisce	preferisce	_	_	_	_	_	linguistic	_	none	_	_	_	_	_	_
226-3	TOI034	226	226	3	la	la	_	_	_	_	_	linguistic	_	none	_	_	_	_	_	_
226-4	TOI034	226	226	4	mam[ma	mamma	_	_	_	_	_	linguistic	_	none	PauseAfter=Yes	_	_	_	_	3-5(58)
226-5	TOI034	226	226	5	(.)	(.)	_	_	_	_	_	shortpause	_	none	_	_	_	_	_	_
226-6	TOI034	226	226	6	della	della	_	_	_	_	_	linguistic	_	none	_	_	_	_	_	0-5(58)
226-7	TOI034	226	226	7	ta]ta	tata	_	_	_	_	_	linguistic	_	none	_	_	_	_	_	0-2(58)
226-8	TOI034	226	226	8	a	a	_	_	_	_	_	linguistic	_	none	_	_	_	_	_	_
226-9	TOI034	226	226	9	meno	meno	_	_	_	_	_	linguistic	_	none	_	_	_	_	_	_
226-10	TOI034	226	226	10	che	che	_	_	_	_	_	linguistic	_	none	_	_	_	_	_	_
226-11	TOI034	226	226	11	prop(r)io	proprio	_	_	_	_	_	linguistic	_	none	_	_	_	_	4-5(0)	_
226-12	TOI034	226	226	12	non	non	_	_	_	_	_	linguistic	_	none	_	_	_	_	_	_
226-13	TOI034	226	226	13	abbia	abbia	_	_	_	_	_	linguistic	_	none	_	_	_	_	_	_
226-14	TOI034	226	226	14	avuto	avuto	_	_	_	_	_	linguistic	_	none	_	_	_	_	_	_
226-15	TOI034	226	226	15	a	a	_	_	_	_	_	linguistic	_	none	_	_	_	_	_	_
226-16	TOI034	226	226	16	che	che	_	_	_	_	_	linguistic	_	none	_	_	_	_	_	_
226-17	TOI034	226	226	17	fare	fare	_	_	_	_	_	linguistic	_	none	_	_	_	_	_	_
226-18	TOI034	226	226	18	soltanto	soltanto	_	_	_	_	_	linguistic	_	none	_	_	_	_	_	_
226-19	TOI034	226	226	19	con	con	_	_	_	_	_	linguistic	_	none	_	_	_	_	_	_
226-20	TOI034	226	226	20	la	la	_	_	_	_	_	linguistic	_	none	_	_	_	_	_	_
226-21	TOI034	226	226	21	tata	tata	_	_	_	_	_	linguistic	_	none	_	End=533.302	_	_	_	_
227-0	TOR006	227	227	0	[°certo°]	certo	_	_	_	_	_	linguistic	_	none	Volume=low	Begin=529.207|End=529.81	_	_	_	0-5(58)
228-0	TOR006	228	228	0	e	e	_	_	_	_	_	linguistic	_	none	_	Begin=533.91	_	_	_	_
228-1	TOR006	228	228	1	tu:	tu	_	_	_	_	_	linguistic	_	none	PauseAfter=Yes	_	1x1	_	_	_
228-2	TOR006	228	228	2	(.)	(.)	_	_	_	_	_	shortpause	_	none	_	_	_	_	_	_
228-3	TOR006	228	228	3	c(io)è	cioè	_	_	_	_	_	linguistic	_	none	Reduced=Yes	End=534.707	_	_	_	_
229-0	TOR006	229	229	0	gu~	gu~	_	_	_	_	_	linguistic	_	none	Interrupted=Yes	Begin=535.01	_	_	_	_
229-1	TOR006	229	229	1	guardavi	guardavi	_	_	_	_	_	linguistic	_	none	_	_	_	_	_	_
229-2	TOR006	229	229	2	sempre	sempre	_	_	_	_	_	linguistic	_	none	_	_	_	_	_	_
229-3	TOR006	229	229	3	un	un	_	_	_	_	_	linguistic	_	none	_	_	_	_	_	_
229-4	TOR006	229	229	4	bambino?	bambino	_	_	_	_	_	linguistic	_	none	Intonation=Rising	End=536.606	_	_	_	_
230-0	TOI034	230	230	0	sono	sono	_	_	_	_	_	linguistic	_	none	_	Begin=537.21	_	_	_	_
230-1	TOI034	230	230	1	arrivata	arrivata	_	_	_	_	_	linguistic	_	none	_	_	_	_	_	_
230-2	TOI034	230	230	2	che	che	_	_	_	_	_	linguistic	_	none	_	_	_	_	_	_
230-3	TOI034	230	230	3	c'	c'	_	_	_	_	_	linguistic	_	none	SpaceAfter=No	_	_	_	_	_
230-4	TOI034	230	230	4	era:	era	_	_	_	_	_	linguistic	_	none	_	_	2x1	_	_	_
230-5	TOI034	230	230	5	il	il	_	_	_	_	_	linguistic	_	none	_	_	_	_	_	_
230-6	TOI034	230	230	6	più	più	_	_	_	_	_	linguistic	_	none	_	_	_	_	_	_
230-7	TOI034	230	230	7	grande,	grande	_	_	_	_	_	linguistic	_	none	Intonation=WeaklyRising	_	_	_	_	_
230-8	TOI034	230	230	8	di	di	_	_	_	_	_	linguistic	_	none	_	_	_	_	_	_
230-9	TOI034	230	230	9	due	due	_	_	_	_	_	linguistic	_	none	_	_	_	_	_	_
230-10	TOI034	230	230	10	anni,	anni	_	_	_	_	_	linguistic	_	none	Intonation=WeaklyRising	End=539.685	_	_	_	_
231-0	TOR006	231	231	0	mhmh	mhmh	_	_	_	_	_	linguistic	_	none	_	Begin=539.685|End=540.116	_	_	_	_
232-0	TOI034	232	232	0	e:	e	_	_	_	_	_	linguistic	_	none	_	Begin=540.116	0x1	_	_	_
232-1	TOI034	232	232	1	dopo	dopo	_	_	_	_	_	linguistic	_	none	_	_	_	_	_	_
232-2	TOI034	232	232	2	poco	poco	_	_	_	_	_	linguistic	_	none	_	_	_	_	_	_
232-3	TOI034	232	232	3	è	è	_	_	_	_	_	linguistic	_	none	_	_	_	_	_	_
232-4	TOI034	232	232	4	nata	nata	_	_	_	_	_	linguistic	_	none	_	_	_	_	_	_
232-5	TOI034	232	232	5	la:	la	_	_	_	_	_	linguistic	_	none	_	_	1x1	_	_	_
232-6	TOI034	232	232	6	la	la	_	_	_	_	_	linguistic	_	none	_	_	_	_	_	_
232-7	TOI034	232	232	7	sorell[ina]	sorellina	_	_	_	_	_	linguistic	_	none	_	End=542.51	_	_	_	6-9(59)
233-0	TOR006	233	233	0	[°ok]ay°	okay	_	_	_	_	_	linguistic	_	none	Volume=low	Begin=542.212|End=542.76	_	_	_	0-2(59)
234-0	TOI034	234	234	0	e::	e	_	_	_	_	_	linguistic	_	none	_	Begin=543.31|End=544.12	0x2	_	_	_
235-0	TOI034	235	235	0	>infatti	infatti	_	_	_	_	_	linguistic	_	none	_	Begin=544.61	_	Fast=0-7(0)	_	_
235-1	TOI034	235	235	1	ho	ho	_	_	_	_	_	linguistic	_	none	_	_	_	Fast=0-2(0)	_	_
235-2	TOI034	235	235	2	conosciuto	conosciuto	_	_	_	_	_	linguistic	_	none	ProsodicLink=Yes	_	_	Fast=0-10(0)	_	_
235-3	TOI034	235	235	3	ora	ora	_	_	_	_	_	linguistic	_	none	_	_	_	Fast=0-3(0)	_	_
235-4	TOI034	235	235	4	più	più	_	_	_	_	_	linguistic	_	none	_	_	_	Fast=0-3(0)	_	_
235-5	TOI034	235	235	5	che	che	_	_	_	_	_	linguistic	_	none	_	_	_	Fast=0-3(0)	_	_
235-6	TOI034	235	235	6	altro	altro	_	_	_	_	_	linguistic	_	none	_	_	_	Fast=0-5(0)	_	_
235-7	TOI034	235	235	7	per<	per	_	_	_	_	_	linguistic	_	none	_	End=546.325	_	Fast=0-3(0)	_	_
236-0	TOI034	236	236	0	seguire	seguire	_	_	_	_	_	linguistic	_	none	_	Begin=546.8	_	_	_	_
236-1	TOI034	236	236	1	più	più	_	_	_	_	_	linguistic	_	none	_	_	_	_	_	_
236-2	TOI034	236	236	2	la	la	_	_	_	_	_	linguistic	_	none	_	_	_	_	_	_
236-3	TOI034	236	236	3	pi[ccola]	piccola	_	_	_	_	_	linguistic	_	none	_	End=547.906	_	_	_	2-7(60)
237-0	TOR006	237	237	0	[o]kay	okay	_	_	_	_	_	linguistic	_	none	_	Begin=547.717|End=548.356	_	_	_	0-1(60)
238-0	TOI034	238	238	0	lui	lui	_	_	_	_	_	linguistic	_	none	_	Begin=548.4	_	_	_	_
238-1	TOI034	238	238	1	andava	andava	_	_	_	_	_	linguistic	_	none	_	_	_	_	_	_
238-2	TOI034	238	238	2	già	già	_	_	_	_	_	linguistic	_	none	_	_	_	_	_	_
238-3	TOI034	238	238	3	al	al	_	_	_	_	_	linguistic	_	none	_	_	_	_	_	_
238-4	TOI034	238	238	4	nido	nido	_	_	_	_	_	linguistic	_	none	_	End=549.595	_	_	_	_
239-0	TOR006	239	239	0	okay	okay	_	_	_	_	_	linguistic	_	none	_	Begin=550.0|End=550.49	_	_	_	_
240-0	TOR006	240	240	0	e	e	_	_	_	_	_	linguistic	_	none	_	Begin=550.91	_	_	_	_
240-1	TOR006	240	240	1	tu	tu	_	_	_	_	_	linguistic	_	none	_	_	_	_	_	_
240-2	TOR006	240	240	2	hai	hai	_	_	_	_	_	linguistic	_	none	_	_	_	_	_	_
240-3	TOR006	240	240	3	mai	mai	_	_	_	_	_	linguistic	_	none	_	_	_	_	_	_
240-4	TOR006	240	240	4	trovato	trovato	_	_	_	_	_	linguistic	_	none	PauseAfter=Yes	_	_	_	_	_
240-5	TOR006	240	240	5	(.)	(.)	_	_	_	_	_	shortpause	_	none	_	_	_	_	_	_
240-6	TOR006	240	240	6	c(io)è	cioè	_	_	_	_	_	linguistic	_	none	Reduced=Yes	_	_	_	_	_
240-7	TOR006	240	240	7	>visto	visto	_	_	_	_	_	linguistic	_	none	_	_	_	Fast=0-5(0)	_	_
240-8	TOR006	240	240	8	che	che	_	_	_	_	_	linguistic	_	none	_	_	_	Fast=0-3(0)	_	_
240-9	TOR006	240	240	9	mi	mi	_	_	_	_	_	linguistic	_	none	_	_	_	Fast=0-2(0)	_	_
240-10	TOR006	240	240	10	dicevi	dicevi	_	_	_	_	_	linguistic	_	none	_	_	_	Fast=0-6(0)	_	_
240-11	TOR006	240	240	11	questa	questa	_	_	_	_	_	linguistic	_	none	_	_	_	Fast=0-6(0)	_	_
240-12	TOR006	240	240	12	situazione<	situazione	_	_	_	_	_	linguistic	_	none	_	_	_	Fast=0-10(0)	_	_
240-13	TOR006	240	240	13	un	un	_	_	_	_	_	linguistic	_	none	_	_	_	_	_	_
240-14	TOR006	240	240	14	po'	po'	_	_	_	_	_	linguistic	_	none	_	_	_	_	_	_
240-15	TOR006	240	240	15	stra:na	strana	_	_	_	_	_	linguistic	_	none	_	_	3x1	_	_	_
240-16	TOR006	240	240	16	un	un	_	_	_	_	_	linguistic	_	none	_	_	_	_	_	_
240-17	TOR006	240	240	17	po'	po'	_	_	_	_	_	linguistic	_	none	_	_	_	_	_	_
240-18	TOR006	240	240	18	particolare	particolare	_	_	_	_	_	linguistic	_	none	_	End=555.797	_	_	_	_
241-0	TOR006	241	241	0	hai	hai	_	_	_	_	_	linguistic	_	none	_	Begin=556.21	_	_	_	_
241-1	TOR006	241	241	1	mai	mai	_	_	_	_	_	linguistic	_	none	_	_	_	_	_	_
241-2	TOR006	241	241	2	trovato	trovato	_	_	_	_	_	linguistic	_	none	_	_	_	_	_	_
241-3	TOR006	241	241	3	magari	magari	_	_	_	_	_	linguistic	_	none	_	_	_	_	_	_
241-4	TOR006	241	241	4	segni	segni	_	_	_	_	_	linguistic	_	none	_	_	_	_	_	_
241-5	TOR006	241	241	5	di	di	_	_	_	_	_	linguistic	_	none	_	_	_	_	_	_
241-6	TOR006	241	241	6	sofferenze	sofferenze	_	_	_	_	_	linguistic	_	none	_	_	_	_	_	_
241-7	TOR006	241	241	7	in	in	_	_	_	_	_	linguistic	_	none	_	_	_	_	_	_
241-8	TOR006	241	241	8	lui	lui	_	_	_	_	_	linguistic	_	none	_	_	_	_	_	_
241-9	TOR006	241	241	9	c(io)è	cioè	_	_	_	_	_	linguistic	_	none	Reduced=Yes|ProsodicLink=Yes	_	_	_	_	_
241-10	TOR006	241	241	10	nel	nel	_	_	_	_	_	linguistic	_	none	_	_	_	_	_	_
241-11	TOR006	241	241	11	senso:	senso	_	_	_	_	_	linguistic	_	none	_	_	4x1	_	_	_
241-12	TOR006	241	241	12	di	di	_	_	_	_	_	linguistic	_	none	_	_	_	_	_	_
241-13	TOR006	241	241	13	dire:	dire	_	_	_	_	_	linguistic	_	none	_	_	3x1	_	_	_
241-14	TOR006	241	241	14	cavolo	cavolo	_	_	_	_	_	linguistic	_	none	_	_	_	_	_	_
241-15	TOR006	241	241	15	voglio	voglio	_	_	_	_	_	linguistic	_	none	_	_	_	_	_	_
241-16	TOR006	241	241	16	stare	stare	_	_	_	_	_	linguistic	_	none	_	_	_	_	_	_
241-17	TOR006	241	241	17	con	con	_	_	_	_	_	linguistic	_	none	_	_	_	_	_	_
241-18	TOR006	241	241	18	la	la	_	_	_	_	_	linguistic	_	none	_	_	_	_	_	_
241-19	TOR006	241	241	19	mia	mia	_	_	_	_	_	linguistic	_	none	_	_	_	_	_	_
241-20	TOR006	241	241	20	mamma	mamma	_	_	_	_	_	linguistic	_	none	_	_	_	_	_	_
241-21	TOR006	241	241	21	non	non	_	_	_	_	_	linguistic	_	none	_	_	_	_	_	_
241-22	TOR006	241	241	22	con	con	_	_	_	_	_	linguistic	_	none	_	_	_	_	_	_
241-23	TOR006	241	241	23	la	la	_	_	_	_	_	linguistic	_	none	_	_	_	_	_	_
241-24	TOR006	241	241	24	mia	mia	_	_	_	_	_	linguistic	_	none	_	_	_	_	_	_
241-25	TOR006	241	241	25	tata	tata	_	_	_	_	_	linguistic	_	none	_	_	_	_	_	_
241-26	TOR006	241	241	26	(per	per	_	_	_	_	_	linguistic	_	none	_	_	_	_	0-3(0)	_
241-27	TOR006	241	241	27	quanto	quanto	_	_	_	_	_	linguistic	_	none	_	_	_	_	0-6(0)	_
241-28	TOR006	241	241	28	[sia	sia	_	_	_	_	_	linguistic	_	none	_	_	_	_	0-3(0)	0-3(61)
241-29	TOR006	241	241	29	brava])	brava	_	_	_	_	_	linguistic	_	none	_	End=564.43	_	_	0-5(0)	0-5(61)
242-0	TOI034	242	242	0	[più	più	_	_	_	_	_	linguistic	_	none	_	Begin=563.901	_	_	_	0-3(61)
242-1	TOI034	242	242	1	che	che	_	_	_	_	_	linguistic	_	none	_	_	_	_	_	0-3(61)
242-2	TOI034	242	242	2	la	la	_	_	_	_	_	linguistic	_	none	_	_	_	_	_	0-2(61)
242-3	TOI034	242	242	3	ma]mma	mamma	_	_	_	_	_	linguistic	_	none	ProsodicLink=Yes	_	_	_	_	0-2(61)
242-4	TOI034	242	242	4	la	la	_	_	_	_	_	linguistic	_	none	_	_	_	_	_	_
242-5	TOI034	242	242	5	mamma	mamma	_	_	_	_	_	linguistic	_	none	ProsodicLink=Yes	_	_	_	_	_
242-6	TOI034	242	242	6	alla	alla	_	_	_	_	_	linguistic	_	none	_	_	_	_	_	_
242-7	TOI034	242	242	7	fine	fine	_	_	_	_	_	linguistic	_	none	_	_	_	_	_	_
242-8	TOI034	242	242	8	per	per	_	_	_	_	_	linguistic	_	none	_	_	_	_	_	_
242-9	TOI034	242	242	9	quanto:	quanto	_	_	_	_	_	linguistic	_	none	_	_	5x1	_	_	_
242-10	TOI034	242	242	10	m:h	mh	_	_	_	_	_	linguistic	_	none	_	End=566.8	0x1	_	_	_
243-0	TOR006	243	243	0	((tossisce))	((tossisce))	_	_	_	_	_	nonverbalbehavior	_	none	_	Begin=567.01|End=567.624	_	_	_	_
244-0	TOI034	244	244	0	avesse	avesse	_	_	_	_	_	linguistic	_	none	_	Begin=567.41	_	_	_	_
244-1	TOI034	244	244	1	una	una	_	_	_	_	_	linguistic	_	none	PauseAfter=Yes	_	_	_	_	_
244-2	TOI034	244	244	2	(.)	(.)	_	_	_	_	_	shortpause	_	none	_	_	_	_	_	_
244-3	TOI034	244	244	3	testa	testa	_	_	_	_	_	linguistic	_	none	_	_	_	_	_	_
244-4	TOI034	244	244	4	particolare	particolare	_	_	_	_	_	linguistic	_	none	_	_	_	_	_	_
244-5	TOI034	244	244	5	comunque	comunque	_	_	_	_	_	linguistic	_	none	_	_	_	_	_	_
244-6	TOI034	244	244	6	era	era	_	_	_	_	_	linguistic	_	none	_	_	_	_	_	_
244-7	TOI034	244	244	7	presente	presente	_	_	_	_	_	linguistic	_	none	_	_	_	_	_	_
244-8	TOI034	244	244	8	era	era	_	_	_	_	_	linguistic	_	none	_	_	_	_	_	_
244-9	TOI034	244	244	9	mol[to	molto	_	_	_	_	_	linguistic	_	none	_	_	_	_	_	3-5(62)
244-10	TOI034	244	244	10	crea]tiva	creativa	_	_	_	_	_	linguistic	_	none	_	_	_	_	_	0-4(62)
244-11	TOI034	244	244	11	molto	molto	_	_	_	_	_	linguistic	_	none	_	_	_	_	_	_
244-12	TOI034	244	244	12	terra	terra	_	_	_	_	_	linguistic	_	none	_	_	_	_	_	_
244-13	TOI034	244	244	13	terra	terra	_	_	_	_	_	linguistic	_	none	_	_	_	_	_	_
244-14	TOI034	244	244	14	e	e	_	_	_	_	_	linguistic	_	none	_	_	_	_	_	_
244-15	TOI034	244	244	15	no:n	non	_	_	_	_	_	linguistic	_	none	_	End=573.389	1x1	_	_	_
245-0	TOR006	245	245	0	[°mhmh°]	mhmh	_	_	_	_	_	linguistic	_	none	Volume=low	Begin=570.708|End=571.01	_	_	_	0-4(62)
246-0	TOR006	246	246	0	ok[ay]	okay	_	_	_	_	_	linguistic	_	none	_	Begin=573.91|End=574.45	_	_	_	2-4(63)
247-0	TOI034	247	247	0	[n:~	n~	_	_	_	_	_	linguistic	_	none	Interrupted=Yes	Begin=574.21	0x1	_	_	0-2(63)
247-1	TOI034	247	247	1	n]onostante	nonostante	_	_	_	_	_	linguistic	_	none	_	_	_	_	_	0-1(63)
247-2	TOI034	247	247	2	>arrivasse	arrivasse	_	_	_	_	_	linguistic	_	none	_	_	_	Fast=0-9(0)	_	_
247-3	TOI034	247	247	3	da	da	_	_	_	_	_	linguistic	_	none	_	_	_	Fast=0-2(0)	_	_
247-4	TOI034	247	247	4	un	un	_	_	_	_	_	linguistic	_	none	_	_	_	Fast=0-2(0)	_	_
247-5	TOI034	247	247	5	contesto	contesto	_	_	_	_	_	linguistic	_	none	_	_	_	Fast=0-8(0)	_	_
247-6	TOI034	247	247	6	particolare<	particolare	_	_	_	_	_	linguistic	_	none	_	_	_	Fast=0-11(0)	_	_
247-7	TOI034	247	247	7	non	non	_	_	_	_	_	linguistic	_	none	_	_	_	_	_	_
247-8	TOI034	247	247	8	era:	era	_	_	_	_	_	linguistic	_	none	_	End=576.934	2x1	_	_	_
248-0	TOR006	248	248	0	[mhmh]	mhmh	_	_	_	_	_	linguistic	_	none	_	Begin=577.11|End=577.56	_	_	_	0-4(64)
249-0	TOI034	249	249	0	[era	era	_	_	_	_	_	linguistic	_	none	_	Begin=577.11	_	_	_	0-3(64)
249-1	TOI034	249	249	1	il	il	_	_	_	_	_	linguistic	_	none	_	_	_	_	_	0-2(64)
249-2	TOI034	249	249	2	pa]pà	papà	_	_	_	_	_	linguistic	_	none	_	_	_	_	_	0-2(64)
249-3	TOI034	249	249	3	più	più	_	_	_	_	_	linguistic	_	none	_	_	_	_	_	_
249-4	TOI034	249	249	4	che	che	_	_	_	_	_	linguistic	_	none	_	_	_	_	_	_
249-5	TOI034	249	249	5	altro	altro	_	_	_	_	_	linguistic	_	none	_	_	_	_	_	_
249-6	TOI034	249	249	6	ch[e:	che	_	_	_	_	_	linguistic	_	none	_	_	2x1	_	_	2-3(65)
249-7	TOI034	249	249	7	il	il	_	_	_	_	_	linguistic	_	none	_	_	_	_	_	0-2(65)
249-8	TOI034	249	249	8	bimbo]	bimbo	_	_	_	_	_	linguistic	_	none	_	_	_	_	_	0-5(65)
249-9	TOI034	249	249	9	prop(r)io	proprio	_	_	_	_	_	linguistic	_	none	_	_	_	_	4-5(0)	_
249-10	TOI034	249	249	10	pativa	pativa	_	_	_	_	_	linguistic	_	none	_	End=579.742	_	_	_	_
250-0	TOR006	250	250	0	[okay]	okay	_	_	_	_	_	linguistic	_	none	_	Begin=578.488|End=579.0	_	_	_	0-4(65)
251-0	TOR006	251	251	0	mh[mh]	mhmh	_	_	_	_	_	linguistic	_	none	_	Begin=580.21|End=580.66	_	_	_	2-4(66)
252-0	TOI034	252	252	0	[perché]	perché	_	_	_	_	_	linguistic	_	none	_	Begin=580.399	_	_	_	0-6(66)
252-1	TOI034	252	252	1	per	per	_	_	_	_	_	linguistic	_	none	_	_	_	_	_	_
252-2	TOI034	252	252	2	es~	es~	_	_	_	_	_	linguistic	_	none	Interrupted=Yes|ProsodicLink=Yes	_	_	_	_	_
252-3	TOI034	252	252	3	stravedeva	stravedeva	_	_	_	_	_	linguistic	_	none	_	_	_	_	_	_
252-4	TOI034	252	252	4	per	per	_	_	_	_	_	linguistic	_	none	_	_	_	_	_	_
252-5	TOI034	252	252	5	il	il	_	_	_	_	_	linguistic	_	none	_	_	_	_	_	_
252-6	TOI034	252	252	6	papà	papà	_	_	_	_	_	linguistic	_	none	_	End=582.41	_	_	_	_
253-0	TOR006	253	253	0	mhmh	mhmh	_	_	_	_	_	linguistic	_	none	_	Begin=582.61|End=583.002	_	_	_	_
254-0	TOI034	254	254	0	ma	ma	_	_	_	_	_	linguistic	_	none	_	Begin=583.51	_	_	_	_
254-1	TOI034	254	254	1	il	il	_	_	_	_	_	linguistic	_	none	_	_	_	_	_	_
254-2	TOI034	254	254	2	papà	papà	_	_	_	_	_	linguistic	_	none	_	_	_	_	_	_
254-3	TOI034	254	254	3	non	non	_	_	_	_	_	linguistic	_	none	_	_	_	_	_	_
254-4	TOI034	254	254	4	era:	era	_	_	_	_	_	linguistic	_	none	_	End=584.907	2x1	_	_	_
255-0	TOI034	255	255	0	lo	lo	_	_	_	_	_	linguistic	_	none	_	Begin=585.21	_	_	_	_
255-1	TOI034	255	255	1	salutava	salutava	_	_	_	_	_	linguistic	_	none	_	_	_	_	_	_
255-2	TOI034	255	255	2	quando	quando	_	_	_	_	_	linguistic	_	none	_	_	_	_	_	_
255-3	TOI034	255	255	3	arrivava	arrivava	_	_	_	_	_	linguistic	_	none	_	_	_	_	_	_
255-4	TOI034	255	255	4	per	per	_	_	_	_	_	linguistic	_	none	_	_	_	_	_	_
255-5	TOI034	255	255	5	carit[à	carità	_	_	_	_	_	linguistic	_	none	_	_	_	_	_	5-6(67)
255-6	TOI034	255	255	6	g]li:	gli	_	_	_	_	_	linguistic	_	none	_	_	2x1	_	_	0-1(67)
255-7	TOI034	255	255	7	diceva	diceva	_	_	_	_	_	linguistic	_	none	_	_	_	_	_	_
255-8	TOI034	255	255	8	di	di	_	_	_	_	_	linguistic	_	none	_	_	_	_	_	_
255-9	TOI034	255	255	9	mangiare	mangiare	_	_	_	_	_	linguistic	_	none	_	_	_	_	_	_
255-10	TOI034	255	255	10	quando	quando	_	_	_	_	_	linguistic	_	none	_	_	_	_	_	_
255-11	TOI034	255	255	11	>eravamo	eravamo	_	_	_	_	_	linguistic	_	none	_	_	_	Fast=0-7(0)	_	_
255-12	TOI034	255	255	12	a	a	_	_	_	_	_	linguistic	_	none	_	_	_	Fast=0-1(0)	_	_
255-13	TOI034	255	255	13	tavola<	tavola	_	_	_	_	_	linguistic	_	none	_	End=589.405	_	Fast=0-6(0)	_	_
256-0	TOR006	256	256	0	[mhmh]	mhmh	_	_	_	_	_	linguistic	_	none	_	Begin=587.21|End=587.52	_	_	_	0-4(67)
257-0	TOI034	257	257	0	però	però	_	_	_	_	_	linguistic	_	none	_	Begin=589.81	_	_	_	_
257-1	TOI034	257	257	1	per	per	_	_	_	_	_	linguistic	_	none	_	_	_	_	_	_
257-2	TOI034	257	257	2	il	il	_	_	_	_	_	linguistic	_	none	_	_	_	_	_	_
257-3	TOI034	257	257	3	resto	resto	_	_	_	_	_	linguistic	_	none	_	_	_	_	_	_
257-4	TOI034	257	257	4	del	del	_	_	_	_	_	linguistic	_	none	_	_	_	_	_	_
257-5	TOI034	257	257	5	tempo	tempo	_	_	_	_	_	linguistic	_	none	_	_	_	_	_	_
257-6	TOI034	257	257	6	lo~	lo~	_	_	_	_	_	linguistic	_	none	Interrupted=Yes	_	_	_	_	_
257-7	TOI034	257	257	7	si	si	_	_	_	_	_	linguistic	_	none	_	_	_	_	_	_
257-8	TOI034	257	257	8	(comportava)	comportava	_	_	_	_	_	linguistic	_	none	_	_	_	_	0-10(0)	_
257-9	TOI034	257	257	9	più	più	_	_	_	_	_	linguistic	_	none	_	_	_	_	_	_
257-10	TOI034	257	257	10	come	come	_	_	_	_	_	linguistic	_	none	_	_	_	_	_	_
257-11	TOI034	257	257	11	un	un	_	_	_	_	_	linguistic	_	none	_	_	_	_	_	_
257-12	TOI034	257	257	12	nonno	nonno	_	_	_	_	_	linguistic	_	none	_	_	_	_	_	_
257-13	TOI034	257	257	13	che	che	_	_	_	_	_	linguistic	_	none	_	_	_	_	_	_
257-14	TOI034	257	257	14	come	come	_	_	_	_	_	linguistic	_	none	_	_	_	_	_	_
257-15	TOI034	257	257	15	un	un	_	_	_	_	_	linguistic	_	none	_	_	_	_	_	_
257-16	TOI034	257	257	16	pap[à	papà	_	_	_	_	_	linguistic	_	none	_	_	_	_	_	3-4(68)
257-17	TOI034	257	257	17	lo	lo	_	_	_	_	_	linguistic	_	none	_	_	_	_	_	0-2(68)
257-18	TOI034	257	257	18	viz]iava	viziava	_	_	_	_	_	linguistic	_	none	_	_	_	_	_	0-3(68)
257-19	TOI034	257	257	19	ma	ma	_	_	_	_	_	linguistic	_	none	_	_	_	_	_	_
257-20	TOI034	257	257	20	non	non	_	_	_	_	_	linguistic	_	none	_	_	_	_	_	_
257-21	TOI034	257	257	21	gli	gli	_	_	_	_	_	linguistic	_	none	_	_	_	_	_	_
257-22	TOI034	257	257	22	insegnava	insegnava	_	_	_	_	_	linguistic	_	none	_	_	_	_	_	_
257-23	TOI034	257	257	23	niente	niente	_	_	_	_	_	linguistic	_	none	_	End=595.31	_	_	_	_
258-0	TOR006	258	258	0	[mhmh]	mhmh	_	_	_	_	_	linguistic	_	none	_	Begin=593.322|End=593.71	_	_	_	0-4(68)
259-0	TOR006	259	259	0	ma:	ma	_	_	_	_	_	linguistic	_	none	_	Begin=595.71	1x1	_	_	_
259-1	TOR006	259	259	1	era	era	_	_	_	_	_	linguistic	_	none	_	_	_	_	_	_
259-2	TOR006	259	259	2	m:h	mh	_	_	_	_	_	linguistic	_	none	_	_	0x1	_	_	_
259-3	TOR006	259	259	3	una	una	_	_	_	_	_	linguistic	_	none	_	_	_	_	_	_
259-4	TOR006	259	259	4	persona	persona	_	_	_	_	_	linguistic	_	none	_	_	_	_	_	_
259-5	TOR006	259	259	5	che	che	_	_	_	_	_	linguistic	_	none	_	_	_	_	_	_
259-6	TOR006	259	259	6	lavorava	lavorava	_	_	_	_	_	linguistic	_	none	_	_	_	_	_	_
259-7	TOR006	259	259	7	tanto,	tanto	_	_	_	_	_	linguistic	_	none	Intonation=WeaklyRising	_	_	_	_	_
259-8	TOR006	259	259	8	o	o	_	_	_	_	_	linguistic	_	none	_	_	_	_	_	_
259-9	TOR006	259	259	9	semplicemente	semplicemente	_	_	_	_	_	linguistic	_	none	_	_	_	_	_	_
259-10	TOR006	259	259	10	non	non	_	_	_	_	_	linguistic	_	none	_	_	_	_	_	_
259-11	TOR006	259	259	11	aveva	aveva	_	_	_	_	_	linguistic	_	none	_	_	_	_	_	_
259-12	TOR006	259	259	12	voglia	voglia	_	_	_	_	_	linguistic	_	none	_	_	_	_	_	_
259-13	TOR006	259	259	13	di	di	_	_	_	_	_	linguistic	_	none	_	_	_	_	_	_
259-14	TOR006	259	259	14	stare	stare	_	_	_	_	_	linguistic	_	none	_	_	_	_	_	_
259-15	TOR006	259	259	15	dietro	dietro	_	_	_	_	_	linguistic	_	none	_	_	_	_	_	_
259-16	TOR006	259	259	16	ai	ai	_	_	_	_	_	linguistic	_	none	_	_	_	_	_	_
259-17	TOR006	259	259	17	figli	figli	_	_	_	_	_	linguistic	_	none	_	_	_	_	_	_
259-18	TOR006	259	259	18	a	a	_	_	_	_	_	linguistic	_	none	_	_	_	_	_	_
259-19	TOR006	259	259	19	tu~	tu~	_	_	_	_	_	linguistic	_	none	Interrupted=Yes	_	_	_	_	_
259-20	TOR006	259	259	20	a	a	_	_	_	_	_	linguistic	_	none	_	_	_	_	_	_
259-21	TOR006	259	259	21	tuo	tuo	_	_	_	_	_	linguistic	_	none	_	_	_	_	_	_
259-22	TOR006	259	259	22	parere?	parere	_	_	_	_	_	linguistic	_	none	Intonation=Rising	End=602.61	_	_	_	_
260-0	TOI034	260	260	0	io	io	_	_	_	_	_	linguistic	_	none	_	Begin=603.2	_	_	_	_
260-1	TOI034	260	260	1	presumo	presumo	_	_	_	_	_	linguistic	_	none	_	_	_	_	_	_
260-2	TOI034	260	260	2	che	che	_	_	_	_	_	linguistic	_	none	_	_	_	_	_	_
260-3	TOI034	260	260	3	non	non	_	_	_	_	_	linguistic	_	none	_	_	_	_	_	_
260-4	TOI034	260	260	4	avesse	avesse	_	_	_	_	_	linguistic	_	none	_	_	_	_	_	_
260-5	TOI034	260	260	5	voglia	voglia	_	_	_	_	_	linguistic	_	none	ProsodicLink=Yes	_	_	_	_	_
260-6	TOI034	260	260	6	che	che	_	_	_	_	_	linguistic	_	none	_	_	_	_	_	_
260-7	TOI034	260	260	7	l'	l'	_	_	_	_	_	linguistic	_	none	SpaceAfter=No	_	_	_	_	_
260-8	TOI034	260	260	8	abbia	abbia	_	_	_	_	_	linguistic	_	none	_	_	_	_	_	_
260-9	TOI034	260	260	9	fatto	fatto	_	_	_	_	_	linguistic	_	none	_	_	_	_	_	_
260-10	TOI034	260	260	10	perché	perché	_	_	_	_	_	linguistic	_	none	_	_	_	_	_	_
260-11	TOI034	260	260	11	era:	era	_	_	_	_	_	linguistic	_	none	_	_	2x1	_	_	_
260-12	TOI034	260	260	12	necessario	necessario	_	_	_	_	_	linguistic	_	none	ProsodicLink=Yes	_	_	_	_	_
260-13	TOI034	260	260	13	stava	stava	_	_	_	_	_	linguistic	_	none	_	_	_	_	_	_
260-14	TOI034	260	260	14	iniziando	iniziando	_	_	_	_	_	linguistic	_	none	_	_	_	_	_	_
260-15	TOI034	260	260	15	a	a	_	_	_	_	_	linguistic	_	none	_	_	_	_	_	_
260-16	TOI034	260	260	16	invecchiare	invecchiare	_	_	_	_	_	linguistic	_	none	ProsodicLink=Yes	_	_	_	_	_
260-17	TOI034	260	260	17	[e:]	e	_	_	_	_	_	linguistic	_	none	_	End=609.104	0x1	_	_	0-1(69)
261-0	TOR006	261	261	0	[mhmh]	mhmh	_	_	_	_	_	linguistic	_	none	_	Begin=608.61|End=609.11	_	_	_	0-4(69)
262-0	TOI034	262	262	0	l'	l'	_	_	_	_	_	linguistic	_	none	SpaceAfter=No	Begin=609.91	_	_	_	_
262-1	TOI034	262	262	1	ha	ha	_	_	_	_	_	linguistic	_	none	_	_	_	_	_	_
262-2	TOI034	262	262	2	fatto	fatto	_	_	_	_	_	linguistic	_	none	_	_	_	_	_	_
262-3	TOI034	262	262	3	e	e	_	_	_	_	_	linguistic	_	none	_	_	_	_	_	_
262-4	TOI034	262	262	4	poi:	poi	_	_	_	_	_	linguistic	_	none	_	_	2x1	_	_	_
262-5	TOI034	262	262	5	si	si	_	_	_	_	_	linguistic	_	none	_	_	_	_	_	_
262-6	TOI034	262	262	6	è	è	_	_	_	_	_	linguistic	_	none	_	_	_	_	_	_
262-7	TOI034	262	262	7	ritrovato:	ritrovato	_	_	_	_	_	linguistic	_	none	_	_	8x1	_	_	_
262-8	TOI034	262	262	8	comunque	comunque	_	_	_	_	_	linguistic	_	none	_	_	_	_	_	_
262-9	TOI034	262	262	9	>ad	ad	_	_	_	_	_	linguistic	_	none	_	_	_	Fast=0-2(0)	_	_
262-10	TOI034	262	262	10	avere	avere	_	_	_	_	_	linguistic	_	none	_	_	_	Fast=0-5(0)	_	_
262-11	TOI034	262	262	11	una	una	_	_	_	_	_	linguistic	_	none	_	_	_	Fast=0-3(0)	_	_
262-12	TOI034	262	262	12	moglie	moglie	_	_	_	_	_	linguistic	_	none	_	_	_	Fast=0-6(0)	_	_
262-13	TOI034	262	262	13	che	che	_	_	_	_	_	linguistic	_	none	_	_	_	Fast=0-3(0)	_	_
262-14	TOI034	262	262	14	ha<	ha	_	_	_	_	_	linguistic	_	none	_	End=613.72	_	Fast=0-2(0)	_	_
263-0	TOI034	263	263	0	lasc~	lasc~	_	_	_	_	_	linguistic	_	none	Interrupted=Yes	Begin=614.31	_	_	_	_
263-1	TOI034	263	263	1	c(io)è	cioè	_	_	_	_	_	linguistic	_	none	Reduced=Yes	End=614.913	_	_	_	_
264-0	TOI034	264	264	0	è	è	_	_	_	_	_	linguistic	_	none	_	Begin=615.51	_	_	_	_
264-1	TOI034	264	264	1	venuta	venuta	_	_	_	_	_	linguistic	_	none	_	_	_	_	_	_
264-2	TOI034	264	264	2	meno	meno	_	_	_	_	_	linguistic	_	none	_	_	_	_	_	_
264-3	TOI034	264	264	3	a	a	_	_	_	_	_	linguistic	_	none	_	_	_	_	_	_
264-4	TOI034	264	264	4	sè	sè	_	_	_	_	_	linguistic	_	none	_	_	_	_	_	_
264-5	TOI034	264	264	5	stessa	stessa	_	_	_	_	_	linguistic	_	none	_	_	_	_	_	_
264-6	TOI034	264	264	6	per	per	_	_	_	_	_	linguistic	_	none	_	_	_	_	_	_
264-7	TOI034	264	264	7	i	i	_	_	_	_	_	linguistic	_	none	_	_	_	_	_	_
264-8	TOI034	264	264	8	figli	figli	_	_	_	_	_	linguistic	_	none	_	_	_	_	_	_
264-9	TOI034	264	264	9	e	e	_	_	_	_	_	linguistic	_	none	_	_	_	_	_	_
264-10	TOI034	264	264	10	>[quindi	quindi	_	_	_	_	_	linguistic	_	none	_	_	_	Fast=0-6(0)	_	0-6(70)
264-11	TOI034	264	264	11	a	a	_	_	_	_	_	linguistic	_	none	_	_	_	Fast=0-1(0)	_	0-1(70)
264-12	TOI034	264	264	12	lui	lui	_	_	_	_	_	linguistic	_	none	_	_	_	Fast=0-3(0)	_	0-3(70)
264-13	TOI034	264	264	13	è	è	_	_	_	_	_	linguistic	_	none	_	_	_	Fast=0-1(0)	_	0-1(70)
264-14	TOI034	264	264	14	anda]to	andato	_	_	_	_	_	linguistic	_	none	_	_	_	Fast=0-6(0)	_	0-4(70)
264-15	TOI034	264	264	15	bene	bene	_	_	_	_	_	linguistic	_	none	_	_	_	Fast=0-4(0)	_	_
264-16	TOI034	264	264	16	così<	così	_	_	_	_	_	linguistic	_	none	_	_	_	Fast=0-4(0)	_	_
264-17	TOI034	264	264	17	ha	ha	_	_	_	_	_	linguistic	_	none	_	_	_	_	_	_
264-18	TOI034	264	264	18	continuato	continuato	_	_	_	_	_	linguistic	_	none	_	_	_	_	_	_
264-19	TOI034	264	264	19	a	a	_	_	_	_	_	linguistic	_	none	_	_	_	_	_	_
264-20	TOI034	264	264	20	fare	fare	_	_	_	_	_	linguistic	_	none	_	_	_	_	_	_
264-21	TOI034	264	264	21	la	la	_	_	_	_	_	linguistic	_	none	_	_	_	_	_	_
264-22	TOI034	264	264	22	sua	sua	_	_	_	_	_	linguistic	_	none	_	_	_	_	_	_
264-23	TOI034	264	264	23	vit[a:]	vita	_	_	_	_	_	linguistic	_	none	_	End=620.585	3x1	_	_	3-4(71)
265-0	TOR006	265	265	0	[mhmh]	mhmh	_	_	_	_	_	linguistic	_	none	_	Begin=617.695|End=618.11	_	_	_	0-4(70)
266-0	TOR006	266	266	0	[°ho]	ho	_	_	_	_	_	linguistic	_	none	Volume=low	Begin=620.372	_	_	_	0-2(71)
266-1	TOR006	266	266	1	capito°	capito	_	_	_	_	_	linguistic	_	none	Volume=low	End=621.01	_	_	_	_
267-0	TOI034	267	267	0	di:	di	_	_	_	_	_	linguistic	_	none	_	Begin=621.81	1x1	_	_	_
267-1	TOI034	267	267	1	svaghi	svaghi	_	_	_	_	_	linguistic	_	none	_	_	_	_	_	_
267-2	TOI034	267	267	2	e:	e	_	_	_	_	_	linguistic	_	none	_	End=623.22	0x1	_	_	_
268-0	TOR006	268	268	0	mhmh	mhmh	_	_	_	_	_	linguistic	_	none	_	Begin=623.71|End=624.21	_	_	_	_
269-0	TOR006	269	269	0	okay	okay	_	_	_	_	_	linguistic	_	none	_	Begin=625.41|End=626.21	_	_	_	_
270-0	TOR006	270	270	0	e::	e	_	_	_	_	_	linguistic	_	none	_	Begin=627.09	0x2	_	_	_
270-1	TOR006	270	270	1	qualche	qualche	_	_	_	_	_	linguistic	_	none	_	_	_	_	_	_
270-2	TOR006	270	270	2	volevo	volevo	_	_	_	_	_	linguistic	_	none	_	_	_	_	_	_
270-3	TOR006	270	270	3	chiederti	chiederti	_	_	_	_	_	linguistic	_	none	_	_	_	_	_	_
270-4	TOR006	270	270	4	rispetto	rispetto	_	_	_	_	_	linguistic	_	none	_	_	_	_	_	_
270-5	TOR006	270	270	5	ai	ai	_	_	_	_	_	linguistic	_	none	_	_	_	_	_	_
270-6	TOR006	270	270	6	bambini	bambini	_	_	_	_	_	linguistic	_	none	_	_	_	_	_	_
270-7	TOR006	270	270	7	se	se	_	_	_	_	_	linguistic	_	none	_	_	_	_	_	_
270-8	TOR006	270	270	8	c'	c'	_	_	_	_	_	linguistic	_	none	SpaceAfter=No	_	_	_	_	_
270-9	TOR006	270	270	9	è:	è	_	_	_	_	_	linguistic	_	none	ProsodicLink=Yes	_	0x1	_	_	_
270-10	TOR006	270	270	10	>vabbè	vabbè	_	_	_	_	_	linguistic	_	none	_	_	_	Fast=0-5(0)	_	_
270-11	TOR006	270	270	11	mi	mi	_	_	_	_	_	linguistic	_	none	_	_	_	Fast=0-2(0)	_	_
270-12	TOR006	270	270	12	hai	hai	_	_	_	_	_	linguistic	_	none	_	_	_	Fast=0-3(0)	_	_
270-13	TOR006	270	270	13	raccontato	raccontato	_	_	_	_	_	linguistic	_	none	_	_	_	Fast=0-10(0)	_	_
270-14	TOR006	270	270	14	del	del	_	_	_	_	_	linguistic	_	none	_	_	_	Fast=0-3(0)	_	_
270-15	TOR006	270	270	15	pri:mo<	primo	_	_	_	_	_	linguistic	_	none	_	_	2x1	Fast=0-5(0)	_	_
270-16	TOR006	270	270	16	che	che	_	_	_	_	_	linguistic	_	none	_	_	_	_	_	_
270-17	TOR006	270	270	17	andavate	andavate	_	_	_	_	_	linguistic	_	none	_	_	_	_	_	_
270-18	TOR006	270	270	18	in	in	_	_	_	_	_	linguistic	_	none	_	_	_	_	_	_
270-19	TOR006	270	270	19	bici	bici	_	_	_	_	_	linguistic	_	none	_	End=633.3	_	_	_	_
271-0	TOR006	271	271	0	volevo	volevo	_	_	_	_	_	linguistic	_	none	_	Begin=633.8	_	_	_	_
271-1	TOR006	271	271	1	chiederti	chiederti	_	_	_	_	_	linguistic	_	none	_	_	_	_	_	_
271-2	TOR006	271	271	2	se	se	_	_	_	_	_	linguistic	_	none	_	_	_	_	_	_
271-3	TOR006	271	271	3	c'	c'	_	_	_	_	_	linguistic	_	none	SpaceAfter=No	_	_	_	_	_
271-4	TOR006	271	271	4	è	è	_	_	_	_	_	linguistic	_	none	_	_	_	_	_	_
271-5	TOR006	271	271	5	qualche	qualche	_	_	_	_	_	linguistic	_	none	_	_	_	_	_	_
271-6	TOR006	271	271	6	altro	altro	_	_	_	_	_	linguistic	_	none	_	_	_	_	_	_
271-7	TOR006	271	271	7	episodio	episodio	_	_	_	_	_	linguistic	_	none	_	_	_	_	_	_
271-8	TOR006	271	271	8	diverte:nte	divertente	_	_	_	_	_	linguistic	_	none	PauseAfter=Yes	_	6x1	_	_	_
271-9	TOR006	271	271	9	(.)	(.)	_	_	_	_	_	shortpause	_	none	_	_	_	_	_	_
271-10	TOR006	271	271	10	non	non	_	_	_	_	_	linguistic	_	none	_	_	_	_	_	_
271-11	TOR006	271	271	11	so	so	_	_	_	_	_	linguistic	_	none	_	_	_	_	_	_
271-12	TOR006	271	271	12	se	se	_	_	_	_	_	linguistic	_	none	_	_	_	_	_	_
271-13	TOR006	271	271	13	s~	s~	_	_	_	_	_	linguistic	_	none	Interrupted=Yes	_	_	_	_	_
271-14	TOR006	271	271	14	puoi	puoi	_	_	_	_	_	linguistic	_	none	_	_	_	_	_	_
271-15	TOR006	271	271	15	anche	anche	_	_	_	_	_	linguistic	_	none	_	_	_	_	_	_
271-16	TOR006	271	271	16	pensarci	pensarci	_	_	_	_	_	linguistic	_	none	_	_	_	_	_	_
271-17	TOR006	271	271	17	due	due	_	_	_	_	_	linguistic	_	none	_	_	_	_	_	_
271-18	TOR006	271	271	18	s~	s~	_	_	_	_	_	linguistic	_	none	Interrupted=Yes	_	_	_	_	_
271-19	TOR006	271	271	19	minuti	minuti	_	_	_	_	_	linguistic	_	none	_	End=639.4	_	_	_	_
272-0	TOR006	272	272	0	e:h	eh	_	_	_	_	_	linguistic	_	none	_	Begin=639.91	0x1	_	_	_
272-1	TOR006	272	272	1	qualcosa	qualcosa	_	_	_	_	_	linguistic	_	none	_	_	_	_	_	_
272-2	TOR006	272	272	2	tipo:	tipo	_	_	_	_	_	linguistic	_	none	_	_	3x1	_	_	_
272-3	TOR006	272	272	3	qualche	qualche	_	_	_	_	_	linguistic	_	none	_	_	_	_	_	_
272-4	TOR006	272	272	4	uscita	uscita	_	_	_	_	_	linguistic	_	none	_	_	_	_	_	_
272-5	TOR006	272	272	5	particolare:	particolare	_	_	_	_	_	linguistic	_	none	_	End=643.405	10x1	_	_	_
273-0	TOR006	273	273	0	qualche	qualche	_	_	_	_	_	linguistic	_	none	_	Begin=644.11	_	_	_	_
273-1	TOR006	273	273	1	cosa	cosa	_	_	_	_	_	linguistic	_	none	_	_	_	_	_	_
273-2	TOR006	273	273	2	di	di	_	_	_	_	_	linguistic	_	none	_	_	_	_	_	_
273-3	TOR006	273	273	3	stra~	stra~	_	_	_	_	_	linguistic	_	none	Interrupted=Yes	_	_	_	_	_
273-4	TOR006	273	273	4	c(io)é	cioé	_	_	_	_	_	linguistic	_	none	Reduced=Yes	_	_	_	_	_
273-5	TOR006	273	273	5	>qualcosa	qualcosa	_	_	_	_	_	linguistic	_	none	_	_	_	Fast=0-8(0)	_	_
273-6	TOR006	273	273	6	che	che	_	_	_	_	_	linguistic	_	none	_	_	_	Fast=0-3(0)	_	_
273-7	TOR006	273	273	7	proprio	proprio	_	_	_	_	_	linguistic	_	none	_	_	_	Fast=0-7(0)	_	_
273-8	TOR006	273	273	8	ti	ti	_	_	_	_	_	linguistic	_	none	_	_	_	Fast=0-2(0)	_	_
273-9	TOR006	273	273	9	ricordi<	ricordi	_	_	_	_	_	linguistic	_	none	_	_	_	Fast=0-7(0)	_	_
273-10	TOR006	273	273	10	che	che	_	_	_	_	_	linguistic	_	none	_	_	_	_	_	_
273-11	TOR006	273	273	11	ti	ti	_	_	_	_	_	linguistic	_	none	_	_	_	_	_	_
273-12	TOR006	273	273	12	è	è	_	_	_	_	_	linguistic	_	none	_	_	_	_	_	_
273-13	TOR006	273	273	13	rimasta	rimasta	_	_	_	_	_	linguistic	_	none	_	_	_	_	_	_
273-14	TOR006	273	273	14	impressa	impressa	_	_	_	_	_	linguistic	_	none	_	_	_	_	_	_
273-15	TOR006	273	273	15	qualche:	qualche	_	_	_	_	_	linguistic	_	none	_	_	6x1	_	_	_
273-16	TOR006	273	273	16	cosa	cosa	_	_	_	_	_	linguistic	_	none	_	_	_	_	_	_
273-17	TOR006	273	273	17	strana	strana	_	_	_	_	_	linguistic	_	none	_	End=650.11	_	_	_	_
274-0	TOI034	274	274	0	vabbè	vabbè	_	_	_	_	_	linguistic	_	none	_	Begin=650.11	_	_	_	_
274-1	TOI034	274	274	1	i	i	_	_	_	_	_	linguistic	_	none	_	_	_	_	_	_
274-2	TOI034	274	274	2	bimbi,	bimbi	_	_	_	_	_	linguistic	_	none	Intonation=WeaklyRising|PauseAfter=Yes	_	_	_	_	_
274-3	TOI034	274	274	3	(.)	(.)	_	_	_	_	_	shortpause	_	none	_	_	_	_	_	_
274-4	TOI034	274	274	4	entrambi	entrambi	_	_	_	_	_	linguistic	_	none	_	End=652.12	_	_	_	_
275-0	TOI034	275	275	0	nonostante	nonostante	_	_	_	_	_	linguistic	_	none	_	Begin=652.52	_	_	_	_
275-1	TOI034	275	275	1	il	il	_	_	_	_	_	linguistic	_	none	_	_	_	_	_	_
275-2	TOI034	275	275	2	più	più	_	_	_	_	_	linguistic	_	none	_	_	_	_	_	_
275-3	TOI034	275	275	3	grande	grande	_	_	_	_	_	linguistic	_	none	_	_	_	_	_	_
275-4	TOI034	275	275	4	l'	l'	_	_	_	_	_	linguistic	_	none	SpaceAfter=No	_	_	_	_	_
275-5	TOI034	275	275	5	abbia	abbia	_	_	_	_	_	linguistic	_	none	_	_	_	_	_	_
275-6	TOI034	275	275	6	avuto:	avuto	_	_	_	_	_	linguistic	_	none	_	_	4x1	_	_	_
275-7	TOI034	275	275	7	meno	meno	_	_	_	_	_	linguistic	_	none	PauseAfter=Yes	_	_	_	_	_
275-8	TOI034	275	275	8	(.)	(.)	_	_	_	_	_	shortpause	_	none	_	_	_	_	_	_
275-9	TOI034	275	275	9	>perché	perché	_	_	_	_	_	linguistic	_	none	_	_	_	Fast=0-6(0)	_	_
275-10	TOI034	275	275	10	comunque	comunque	_	_	_	_	_	linguistic	_	none	_	_	_	Fast=0-8(0)	_	_
275-11	TOI034	275	275	11	lui	lui	_	_	_	_	_	linguistic	_	none	_	_	_	Fast=0-3(0)	_	_
275-12	TOI034	275	275	12	arrivava	arrivava	_	_	_	_	_	linguistic	_	none	_	_	_	Fast=0-8(0)	_	_
275-13	TOI034	275	275	13	a	a	_	_	_	_	_	linguistic	_	none	_	_	_	Fast=0-1(0)	_	_
275-14	TOI034	275	275	14	pomeriggio<	pomeriggio	_	_	_	_	_	linguistic	_	none	_	End=656.61	_	Fast=0-10(0)	_	_
276-0	TOI034	276	276	0	anche	anche	_	_	_	_	_	linguistic	_	none	_	Begin=656.9	_	_	_	_
276-1	TOI034	276	276	1	la	la	_	_	_	_	_	linguistic	_	none	_	_	_	_	_	_
276-2	TOI034	276	276	2	piccolina	piccolina	_	_	_	_	_	linguistic	_	none	_	_	_	_	_	_
276-3	TOI034	276	276	3	[l'	l'	_	_	_	_	_	linguistic	_	none	SpaceAfter=No	_	_	_	_	0-2(72)
276-4	TOI034	276	276	4	ho	ho	_	_	_	_	_	linguistic	_	none	_	_	_	_	_	0-2(72)
276-5	TOI034	276	276	5	avuta]	avuta	_	_	_	_	_	linguistic	_	none	_	_	_	_	_	0-5(72)
276-6	TOI034	276	276	6	da	da	_	_	_	_	_	linguistic	_	none	PauseAfter=Yes	_	_	_	_	_
276-7	TOI034	276	276	7	(.)	(.)	_	_	_	_	_	shortpause	_	none	_	_	_	_	_	_
276-8	TOI034	276	276	8	zero	zero	_	_	_	_	_	linguistic	_	none	ProsodicLink=Yes	_	_	_	_	_
276-9	TOI034	276	276	9	a:	a	_	_	_	_	_	linguistic	_	none	_	_	0x1	_	_	_
276-10	TOI034	276	276	10	dieci	dieci	_	_	_	_	_	linguistic	_	none	_	_	_	_	_	_
276-11	TOI034	276	276	11	mesi	mesi	_	_	_	_	_	linguistic	_	none	_	End=659.7	_	_	_	_
277-0	TOR006	277	277	0	[mhmh]	mhmh	_	_	_	_	_	linguistic	_	none	_	Begin=657.81|End=658.1	_	_	_	0-4(72)
278-0	TOR006	278	278	0	mhmh	mhmh	_	_	_	_	_	linguistic	_	none	_	Begin=660.1|End=660.51	_	_	_	_
279-0	TOI034	279	279	0	quindi	quindi	_	_	_	_	_	linguistic	_	none	_	Begin=660.52	_	_	_	_
279-1	TOI034	279	279	1	era:	era	_	_	_	_	_	linguistic	_	none	_	End=661.23	2x1	_	_	_
280-0	TOI034	280	280	0	mi	mi	_	_	_	_	_	linguistic	_	none	_	Begin=662.5	_	_	_	_
280-1	TOI034	280	280	1	ricordo	ricordo	_	_	_	_	_	linguistic	_	none	_	_	_	_	_	_
280-2	TOI034	280	280	2	che	che	_	_	_	_	_	linguistic	_	none	_	_	_	_	_	_
280-3	TOI034	280	280	3	dato	dato	_	_	_	_	_	linguistic	_	none	_	_	_	_	_	_
280-4	TOI034	280	280	4	che	che	_	_	_	_	_	linguistic	_	none	_	_	_	_	_	_
280-5	TOI034	280	280	5	il	il	_	_	_	_	_	linguistic	_	none	_	_	_	_	_	_
280-6	TOI034	280	280	6	papà	papà	_	_	_	_	_	linguistic	_	none	_	_	_	_	_	_
280-7	TOI034	280	280	7	era:	era	_	_	_	_	_	linguistic	_	none	_	_	2x1	_	_	_
280-8	TOI034	280	280	8	>particolarmente	particolarmente	_	_	_	_	_	linguistic	_	none	_	_	_	Fast=0-15(0)	_	_
280-9	TOI034	280	280	9	assente<	assente	_	_	_	_	_	linguistic	_	none	_	_	_	Fast=0-7(0)	_	_
280-10	TOI034	280	280	10	e	e	_	_	_	_	_	linguistic	_	none	_	_	_	_	_	_
280-11	TOI034	280	280	11	la	la	_	_	_	_	_	linguistic	_	none	_	_	_	_	_	_
280-12	TOI034	280	280	12	mamma	mamma	_	_	_	_	_	linguistic	_	none	_	_	_	_	_	_
280-13	TOI034	280	280	13	non	non	_	_	_	_	_	linguistic	_	none	_	_	_	_	_	_
280-14	TOI034	280	280	14	aveva	aveva	_	_	_	_	_	linguistic	_	none	_	_	_	_	_	_
280-15	TOI034	280	280	15	la	la	_	_	_	_	_	linguistic	_	none	_	_	_	_	_	_
280-16	TOI034	280	280	16	patente	patente	_	_	_	_	_	linguistic	_	none	_	_	_	_	_	_
280-17	TOI034	280	280	17	per	per	_	_	_	_	_	linguistic	_	none	_	_	_	_	_	_
280-18	TOI034	280	280	18	questioni	questioni	_	_	_	_	_	linguistic	_	none	_	_	_	_	_	_
280-19	TOI034	280	280	19	di	di	_	_	_	_	_	linguistic	_	none	_	_	_	_	_	_
280-20	TOI034	280	280	20	scelte	scelte	_	_	_	_	_	linguistic	_	none	ProsodicLink=Yes	_	_	_	_	_
280-21	TOI034	280	280	21	e:ro	ero	_	_	_	_	_	linguistic	_	none	_	_	0x1	_	_	_
280-22	TOI034	280	280	22	io	io	_	_	_	_	_	linguistic	_	none	_	_	_	_	_	_
280-23	TOI034	280	280	23	a	a	_	_	_	_	_	linguistic	_	none	_	_	_	_	_	_
280-24	TOI034	280	280	24	oc~	oc~	_	_	_	_	_	linguistic	_	none	Interrupted=Yes	_	_	_	_	_
280-25	TOI034	280	280	25	occuparmi	occuparmi	_	_	_	_	_	linguistic	_	none	_	_	_	_	_	_
280-26	TOI034	280	280	26	di	di	_	_	_	_	_	linguistic	_	none	_	_	_	_	_	_
280-27	TOI034	280	280	27	portarli	portarli	_	_	_	_	_	linguistic	_	none	_	_	_	_	_	_
280-28	TOI034	280	280	28	in	in	_	_	_	_	_	linguistic	_	none	_	_	_	_	_	_
280-29	TOI034	280	280	29	giro:	giro	_	_	_	_	_	linguistic	_	none	_	_	3x1	_	_	_
280-30	TOI034	280	280	30	e	e	_	_	_	_	_	linguistic	_	none	_	_	_	_	_	_
280-31	TOI034	280	280	31	fare	fare	_	_	_	_	_	linguistic	_	none	_	_	_	_	_	_
280-32	TOI034	280	280	32	commisioni	commisioni	_	_	_	_	_	linguistic	_	none	_	_	_	_	_	_
280-33	TOI034	280	280	33	o	o	_	_	_	_	_	linguistic	_	none	_	_	_	_	_	_
280-34	TOI034	280	280	34	cose	cose	_	_	_	_	_	linguistic	_	none	PauseAfter=Yes	_	_	_	_	_
280-35	TOI034	280	280	35	(.)	(.)	_	_	_	_	_	shortpause	_	none	_	_	_	_	_	_
280-36	TOI034	280	280	36	e	e	_	_	_	_	_	linguistic	_	none	_	_	_	_	_	_
280-37	TOI034	280	280	37	per	per	_	_	_	_	_	linguistic	_	none	_	_	_	_	_	_
280-38	TOI034	280	280	38	il	il	_	_	_	_	_	linguistic	_	none	_	_	_	_	_	_
280-39	TOI034	280	280	39	compleanno	compleanno	_	_	_	_	_	linguistic	_	none	_	_	_	_	_	_
280-40	TOI034	280	280	40	del	del	_	_	_	_	_	linguistic	_	none	_	_	_	_	_	_
280-41	TOI034	280	280	41	piccolo	piccolo	_	_	_	_	_	linguistic	_	none	_	End=674.787	_	_	_	_
281-0	TOI034	281	281	0	il	il	_	_	_	_	_	linguistic	_	none	_	Begin=675.3	_	_	_	_
281-1	TOI034	281	281	1	maschietto	maschietto	_	_	_	_	_	linguistic	_	none	_	End=676.01	_	_	_	_
282-0	TOI034	282	282	0	>abbiam	abbiam	_	_	_	_	_	linguistic	_	none	ProsodicLink=Yes	Begin=676.5	_	Fast=0-6(0)	_	_
282-1	TOI034	282	282	1	deciso	deciso	_	_	_	_	_	linguistic	_	none	_	_	_	Fast=0-6(0)	_	_
282-2	TOI034	282	282	2	di	di	_	_	_	_	_	linguistic	_	none	_	_	_	Fast=0-2(0)	_	_
282-3	TOI034	282	282	3	portarlo<	portarlo	_	_	_	_	_	linguistic	_	none	_	_	_	Fast=0-8(0)	_	_
282-4	TOI034	282	282	4	allo	allo	_	_	_	_	_	linguistic	_	none	_	_	_	_	_	_
282-5	TOI034	282	282	5	zoom	zoom	_	_	_	_	_	linguistic	_	none	_	End=677.98	_	_	_	_
283-0	TOR006	283	283	0	mhmh	mhmh	_	_	_	_	_	linguistic	_	none	_	Begin=678.31|End=678.731	_	_	_	_
284-0	TOI034	284	284	0	e::	e	_	_	_	_	_	linguistic	_	none	_	Begin=679.01|End=680.096	0x2	_	_	_
285-0	TOI034	285	285	0	ed	ed	_	_	_	_	_	linguistic	_	none	_	Begin=680.7	_	_	_	_
285-1	TOI034	285	285	1	è	è	_	_	_	_	_	linguistic	_	none	_	_	_	_	_	_
285-2	TOI034	285	285	2	stato:	stato	_	_	_	_	_	linguistic	_	none	_	_	4x1	_	_	_
285-3	TOI034	285	285	3	ovviamente	ovviamente	_	_	_	_	_	linguistic	_	none	_	_	_	_	_	_
285-4	TOI034	285	285	4	felice::	felice	_	_	_	_	_	linguistic	_	none	_	End=683.008	5x2	_	_	_
286-0	TOI034	286	286	0	come	come	_	_	_	_	_	linguistic	_	none	_	Begin=683.41	_	_	_	_
286-1	TOI034	286	286	1	non	non	_	_	_	_	_	linguistic	_	none	_	_	_	_	_	_
286-2	TOI034	286	286	2	m[ai]	mai	_	_	_	_	_	linguistic	_	none	_	End=684.299	_	_	_	1-3(73)
287-0	TOR006	287	287	0	[mh]mh	mhmh	_	_	_	_	_	linguistic	_	none	_	Begin=684.101|End=684.516	_	_	_	0-2(73)
288-0	TOI034	288	288	0	pe:r	per	_	_	_	_	_	linguistic	_	none	ProsodicLink=Yes	Begin=684.81	1x1	_	_	_
288-1	TOI034	288	288	1	e:h	eh	_	_	_	_	_	linguistic	_	none	_	_	0x1	_	_	_
288-2	TOI034	288	288	2	vedere	vedere	_	_	_	_	_	linguistic	_	none	_	_	_	_	_	_
288-3	TOI034	288	288	3	tutti	tutti	_	_	_	_	_	linguistic	_	none	_	_	_	_	_	_
288-4	TOI034	288	288	4	questi	questi	_	_	_	_	_	linguistic	_	none	_	_	_	_	_	_
288-5	TOI034	288	288	5	animali	animali	_	_	_	_	_	linguistic	_	none	_	_	_	_	_	_
288-6	TOI034	288	288	6	ma	ma	_	_	_	_	_	linguistic	_	none	_	_	_	_	_	_
288-7	TOI034	288	288	7	poi	poi	_	_	_	_	_	linguistic	_	none	_	_	_	_	_	_
288-8	TOI034	288	288	8	così	così	_	_	_	_	_	linguistic	_	none	_	_	_	_	_	_
288-9	TOI034	288	288	9	da	da	_	_	_	_	_	linguistic	_	none	_	_	_	_	_	_
288-10	TOI034	288	288	10	vicino	vicino	_	_	_	_	_	linguistic	_	none	_	End=688.595	_	_	_	_
289-0	TOI034	289	289	0	>e	e	_	_	_	_	_	linguistic	_	none	_	Begin=688.81	_	Fast=0-1(0)	_	_
289-1	TOI034	289	289	1	quello	quello	_	_	_	_	_	linguistic	_	none	_	_	_	Fast=0-6(0)	_	_
289-2	TOI034	289	289	2	l'	l'	_	_	_	_	_	linguistic	_	none	SpaceAfter=No	_	_	Fast=0-2(0)	_	_
289-3	TOI034	289	289	3	ha	ha	_	_	_	_	_	linguistic	_	none	_	_	_	Fast=0-2(0)	_	_
289-4	TOI034	289	289	4	colpito	colpito	_	_	_	_	_	linguistic	_	none	_	_	_	Fast=0-7(0)	_	_
289-5	TOI034	289	289	5	tanto<	tanto	_	_	_	_	_	linguistic	_	none	PauseAfter=Yes	_	_	Fast=0-5(0)	_	_
289-6	TOI034	289	289	6	(.)	(.)	_	_	_	_	_	shortpause	_	none	_	_	_	_	_	_
289-7	TOI034	289	289	7	e	e	_	_	_	_	_	linguistic	_	none	_	_	_	_	_	_
289-8	TOI034	289	289	8	ci	ci	_	_	_	_	_	linguistic	_	none	_	_	_	_	_	_
289-9	TOI034	289	289	9	ha	ha	_	_	_	_	_	linguistic	_	none	_	_	_	_	_	_
289-10	TOI034	289	289	10	e:h	eh	_	_	_	_	_	linguistic	_	none	_	_	0x1	_	_	_
289-11	TOI034	289	289	11	richiesto	richiesto	_	_	_	_	_	linguistic	_	none	_	End=692.115	_	_	_	_
290-0	TOI034	290	290	0	((ride))	((ride))	_	_	_	_	_	nonverbalbehavior	_	none	_	Begin=692.51	_	_	_	_
290-1	TOI034	290	290	1	per	per	_	_	_	_	_	linguistic	_	none	_	_	_	_	_	_
290-2	TOI034	290	290	2	ancora	ancora	_	_	_	_	_	linguistic	_	none	_	_	_	_	_	_
290-3	TOI034	290	290	3	molto	molto	_	_	_	_	_	linguistic	_	none	_	_	_	_	_	_
290-4	TOI034	290	290	4	tempo	tempo	_	_	_	_	_	linguistic	_	none	_	_	_	_	_	_
290-5	TOI034	290	290	5	di	di	_	_	_	_	_	linguistic	_	none	_	_	_	_	_	_
290-6	TOI034	290	290	6	andare	andare	_	_	_	_	_	linguistic	_	none	_	_	_	_	_	_
290-7	TOI034	290	290	7	a	a	_	_	_	_	_	linguistic	_	none	_	_	_	_	_	_
290-8	TOI034	290	290	8	que[sto	questo	_	_	_	_	_	linguistic	_	none	_	_	_	_	_	3-6(74)
290-9	TOI034	290	290	9	(ciu]m)	cium	_	_	_	_	_	linguistic	_	none	_	End=695.105	_	_	0-4(0)	0-3(74)
291-0	TOR006	291	291	0	[mhmh]	mhmh	_	_	_	_	_	linguistic	_	none	_	Begin=694.37|End=694.71	_	_	_	0-4(74)
292-0	TOR006	292	292	0	((ride))	((ride))	_	_	_	_	_	nonverbalbehavior	_	none	_	Begin=695.41|End=696.01	_	_	_	_
293-0	TOI034	293	293	0	al:	al	_	_	_	_	_	linguistic	_	none	PauseAfter=Yes	Begin=696.2	1x1	_	_	_
293-1	TOI034	293	293	1	(.)	(.)	_	_	_	_	_	shortpause	_	none	_	_	_	_	_	_
293-2	TOI034	293	293	2	allo	allo	_	_	_	_	_	linguistic	_	none	_	_	_	_	_	_
293-3	TOI034	293	293	3	zoo	zoo	_	_	_	_	_	linguistic	_	none	_	_	_	_	_	_
293-4	TOI034	293	293	4	e:h[m]	ehm	_	_	_	_	_	linguistic	_	none	PauseAfter=Yes	_	0x1	_	_	2-3(75)
293-5	TOI034	293	293	5	(.)	(.)	_	_	_	_	_	shortpause	_	none	_	_	_	_	_	_
293-6	TOI034	293	293	6	un	un	_	_	_	_	_	linguistic	_	none	_	_	_	_	_	_
293-7	TOI034	293	293	7	giorno	giorno	_	_	_	_	_	linguistic	_	none	_	_	_	_	_	_
293-8	TOI034	293	293	8	che	che	_	_	_	_	_	linguistic	_	none	_	_	_	_	_	_
293-9	TOI034	293	293	9	l'	l'	_	_	_	_	_	linguistic	_	none	SpaceAfter=No	_	_	_	_	_
293-10	TOI034	293	293	10	abbiamo	abbiamo	_	_	_	_	_	linguistic	_	none	_	_	_	_	_	_
293-11	TOI034	293	293	11	riportato	riportato	_	_	_	_	_	linguistic	_	none	_	_	_	_	_	_
293-12	TOI034	293	293	12	>e	e	_	_	_	_	_	linguistic	_	none	_	_	_	Fast=0-1(0)	_	_
293-13	TOI034	293	293	13	stavolta	stavolta	_	_	_	_	_	linguistic	_	none	_	_	_	Fast=0-8(0)	_	_
293-14	TOI034	293	293	14	eravamo	eravamo	_	_	_	_	_	linguistic	_	none	_	_	_	Fast=0-7(0)	_	_
293-15	TOI034	293	293	15	anche	anche	_	_	_	_	_	linguistic	_	none	_	_	_	Fast=0-5(0)	_	_
293-16	TOI034	293	293	16	col	col	_	_	_	_	_	linguistic	_	none	_	_	_	Fast=0-3(0)	_	_
293-17	TOI034	293	293	17	papà<	papà	_	_	_	_	_	linguistic	_	none	_	End=701.621	_	Fast=0-4(0)	_	_
294-0	TOR006	294	294	0	[°mhmh°]	mhmh	_	_	_	_	_	linguistic	_	none	Volume=low	Begin=698.389|End=698.8	_	_	_	0-4(75)
295-0	TOI034	295	295	0	per	per	_	_	_	_	_	linguistic	_	none	_	Begin=702.01	_	_	_	_
295-1	TOI034	295	295	1	strada	strada	_	_	_	_	_	linguistic	_	none	_	_	_	_	_	_
295-2	TOI034	295	295	2	che:	che	_	_	_	_	_	linguistic	_	none	ProsodicLink=Yes	_	2x1	_	_	_
295-3	TOI034	295	295	3	ehm	ehm	_	_	_	_	_	linguistic	_	none	ProsodicLink=Yes	_	_	_	_	_
295-4	TOI034	295	295	4	una	una	_	_	_	_	_	linguistic	_	none	_	_	_	_	_	_
295-5	TOI034	295	295	5	tangenziale	tangenziale	_	_	_	_	_	linguistic	_	none	_	_	_	_	_	_
295-6	TOI034	295	295	6	normalissima	normalissima	_	_	_	_	_	linguistic	_	none	_	_	_	_	_	_
295-7	TOI034	295	295	7	lui	lui	_	_	_	_	_	linguistic	_	none	_	End=706.153	_	_	_	_
296-0	TOI034	296	296	0	>ci	ci	_	_	_	_	_	linguistic	_	none	_	Begin=706.61	_	Fast=0-2(0)	_	_
296-1	TOI034	296	296	1	ha	ha	_	_	_	_	_	linguistic	_	none	_	_	_	Fast=0-2(0)	_	_
296-2	TOI034	296	296	2	chiesto	chiesto	_	_	_	_	_	linguistic	_	none	_	_	_	Fast=0-7(0)	_	_
296-3	TOI034	296	296	3	se	se	_	_	_	_	_	linguistic	_	none	_	_	_	Fast=0-2(0)	_	_
296-4	TOI034	296	296	4	stessimo	stessimo	_	_	_	_	_	linguistic	_	none	_	_	_	Fast=0-8(0)	_	_
296-5	TOI034	296	296	5	andando	andando	_	_	_	_	_	linguistic	_	none	_	_	_	Fast=0-7(0)	_	_
296-6	TOI034	296	296	6	allo	allo	_	_	_	_	_	linguistic	_	none	_	_	_	Fast=0-4(0)	_	_
296-7	TOI034	296	296	7	zoom<	zoom	_	_	_	_	_	linguistic	_	none	_	End=708.392	_	Fast=0-4(0)	_	_
297-0	TOR006	297	297	0	mh[mh]	mhmh	_	_	_	_	_	linguistic	_	none	_	Begin=708.51|End=708.927	_	_	_	2-4(76)
298-0	TOI034	298	298	0	[e	e	_	_	_	_	_	linguistic	_	none	_	Begin=708.71	_	_	_	0-1(76)
298-1	TOI034	298	298	1	no]i	noi	_	_	_	_	_	linguistic	_	none	_	_	_	_	_	0-2(76)
298-2	TOI034	298	298	2	tutti	tutti	_	_	_	_	_	linguistic	_	none	_	_	_	_	_	_
298-3	TOI034	298	298	3	siam	siam	_	_	_	_	_	linguistic	_	none	_	_	_	_	_	_
298-4	TOI034	298	298	4	rimasti	rimasti	_	_	_	_	_	linguistic	_	none	_	_	_	_	_	_
298-5	TOI034	298	298	5	spiazzati	spiazzati	_	_	_	_	_	linguistic	_	none	_	_	_	_	_	_
298-6	TOI034	298	298	6	perché	perché	_	_	_	_	_	linguistic	_	none	_	End=710.91	_	_	_	_
299-0	TOR006	299	299	0	m[hmh]	mhmh	_	_	_	_	_	linguistic	_	none	_	Begin=711.21|End=711.629	_	_	_	1-4(77)
300-0	TOI034	300	300	0	[per	per	_	_	_	_	_	linguistic	_	none	_	Begin=711.31	_	_	_	0-3(77)
300-1	TOI034	300	300	1	av]ere	avere	_	_	_	_	_	linguistic	_	none	_	_	_	_	_	0-2(77)
300-2	TOI034	300	300	2	due	due	_	_	_	_	_	linguistic	_	none	_	_	_	_	_	_
300-3	TOI034	300	300	3	anni	anni	_	_	_	_	_	linguistic	_	none	_	_	_	_	_	_
300-4	TOI034	300	300	4	e	e	_	_	_	_	_	linguistic	_	none	_	_	_	_	_	_
300-5	TOI034	300	300	5	mezzo	mezzo	_	_	_	_	_	linguistic	_	none	_	End=712.804	_	_	_	_
301-0	TOI034	301	301	0	>probabilmente<	probabilmente	_	_	_	_	_	linguistic	_	none	_	Begin=713.31	_	Fast=0-13(0)	_	_
301-1	TOI034	301	301	1	m:h	mh	_	_	_	_	_	linguistic	_	none	_	_	0x1	_	_	_
301-2	TOI034	301	301	2	qualcosa	qualcosa	_	_	_	_	_	linguistic	_	none	_	_	_	_	_	_
301-3	TOI034	301	301	3	ci	ci	_	_	_	_	_	linguistic	_	none	_	_	_	_	_	_
301-4	TOI034	301	301	4	sarà	sarà	_	_	_	_	_	linguistic	_	none	_	_	_	_	_	_
301-5	TOI034	301	301	5	scappa:to	scappato	_	_	_	_	_	linguistic	_	none	_	_	5x1	_	_	_
301-6	TOI034	301	301	6	piuttosto	piuttosto	_	_	_	_	_	linguistic	_	none	_	_	_	_	_	_
301-7	TOI034	301	301	7	che	che	_	_	_	_	_	linguistic	_	none	_	_	_	_	_	_
301-8	TOI034	301	301	8	essendo	essendo	_	_	_	_	_	linguistic	_	none	_	_	_	_	_	_
301-9	TOI034	301	301	9	una	una	_	_	_	_	_	linguistic	_	none	_	_	_	_	_	_
301-10	TOI034	301	301	10	s[orpresa]	sorpresa	_	_	_	_	_	linguistic	_	none	PauseAfter=Yes	_	_	_	_	1-8(78)
301-11	TOI034	301	301	11	(.)	(.)	_	_	_	_	_	shortpause	_	none	_	_	_	_	_	_
301-12	TOI034	301	301	12	però	però	_	_	_	_	_	linguistic	_	none	_	_	_	_	_	_
301-13	TOI034	301	301	13	comunque	comunque	_	_	_	_	_	linguistic	_	none	_	_	_	_	_	_
301-14	TOI034	301	301	14	ci	ci	_	_	_	_	_	linguistic	_	none	_	_	_	_	_	_
301-15	TOI034	301	301	15	ha	ha	_	_	_	_	_	linguistic	_	none	_	_	_	_	_	_
301-16	TOI034	301	301	16	fatto	fatto	_	_	_	_	_	linguistic	_	none	_	_	_	_	_	_
301-17	TOI034	301	301	17	impressione	impressione	_	_	_	_	_	linguistic	_	none	_	_	_	_	_	_
301-18	TOI034	301	301	18	che	che	_	_	_	_	_	linguistic	_	none	_	_	_	_	_	_
301-19	TOI034	301	301	19	lui	lui	_	_	_	_	_	linguistic	_	none	_	_	_	_	_	_
301-20	TOI034	301	301	20	era	era	_	_	_	_	_	linguistic	_	none	_	_	_	_	_	_
301-21	TOI034	301	301	21	lì	lì	_	_	_	_	_	linguistic	_	none	_	_	_	_	_	_
301-22	TOI034	301	301	22	che	che	_	_	_	_	_	linguistic	_	none	_	_	_	_	_	_
301-23	TOI034	301	301	23	guardava	guardava	_	_	_	_	_	linguistic	_	none	_	_	_	_	_	_
301-24	TOI034	301	301	24	fuori	fuori	_	_	_	_	_	linguistic	_	none	_	_	_	_	_	_
301-25	TOI034	301	301	25	era	era	_	_	_	_	_	linguistic	_	none	_	_	_	_	_	_
301-26	TOI034	301	301	26	tutto	tutto	_	_	_	_	_	linguistic	_	none	_	_	_	_	_	_
301-27	TOI034	301	301	27	contento	contento	_	_	_	_	_	linguistic	_	none	_	_	_	_	_	_
301-28	TOI034	301	301	28	e	e	_	_	_	_	_	linguistic	_	none	_	_	_	_	_	_
301-29	TOI034	301	301	29	ha	ha	_	_	_	_	_	linguistic	_	none	_	_	_	_	_	_
301-30	TOI034	301	301	30	detto	detto	_	_	_	_	_	linguistic	_	none	_	_	_	_	_	_
301-31	TOI034	301	301	31	andiamo	andiamo	_	_	_	_	_	linguistic	_	none	_	_	_	_	_	_
301-32	TOI034	301	301	32	allo	allo	_	_	_	_	_	linguistic	_	none	_	_	_	_	_	_
301-33	TOI034	301	301	33	zoom	zoom	_	_	_	_	_	linguistic	_	none	_	End=723.018	_	_	_	_
302-0	TOR006	302	302	0	[mhmh]	mhmh	_	_	_	_	_	linguistic	_	none	_	Begin=717.01|End=717.51	_	_	_	0-4(78)
303-0	TOR006	303	303	0	((ride))	((ride))	_	_	_	_	_	nonverbalbehavior	_	none	_	Begin=721.413|End=721.8	_	_	_	_
304-0	TOR006	304	304	0	((ride))	((ride))	_	_	_	_	_	nonverbalbehavior	_	none	PauseAfter=Yes	Begin=723.21	_	_	_	_
304-1	TOR006	304	304	1	(.)	(.)	_	_	_	_	_	shortpause	_	none	_	_	_	_	_	_
304-2	TOR006	304	304	2	ok[ay]	okay	_	_	_	_	_	linguistic	_	none	_	End=724.703	_	_	_	2-4(79)
305-0	TOI034	305	305	0	[effe]ttivamente	effettivamente	_	_	_	_	_	linguistic	_	none	_	Begin=724.423	_	_	_	0-4(79)
305-1	TOI034	305	305	1	sì	sì	_	_	_	_	_	linguistic	_	none	_	_	_	_	_	_
305-2	TOI034	305	305	2	andavamo	andavamo	_	_	_	_	_	linguistic	_	none	_	_	_	_	_	_
305-3	TOI034	305	305	3	[(allo	allo	_	_	_	_	_	linguistic	_	none	_	_	_	_	0-4(0)	0-4(80)
305-4	TOI034	305	305	4	zoom)]	zoom	_	_	_	_	_	linguistic	_	none	_	End=726.11	_	_	0-4(0)	0-4(80)
306-0	TOR006	306	306	0	[ok]ay	okay	_	_	_	_	_	linguistic	_	none	_	Begin=725.82	_	_	_	0-2(80)
306-1	TOR006	306	306	1	e	e	_	_	_	_	_	linguistic	_	none	_	_	_	_	_	_
306-2	TOR006	306	306	2	invece	invece	_	_	_	_	_	linguistic	_	none	_	_	_	_	_	_
306-3	TOR006	306	306	3	la	la	_	_	_	_	_	linguistic	_	none	_	_	_	_	_	_
306-4	TOR006	306	306	4	piccola	piccola	_	_	_	_	_	linguistic	_	none	_	_	_	_	_	_
306-5	TOR006	306	306	5	che	che	_	_	_	_	_	linguistic	_	none	_	_	_	_	_	_
306-6	TOR006	306	306	6	in	in	_	_	_	_	_	linguistic	_	none	_	_	_	_	_	_
306-7	TOR006	306	306	7	pratica	pratica	_	_	_	_	_	linguistic	_	none	_	_	_	_	_	_
306-8	TOR006	306	306	8	c(io)è	cioè	_	_	_	_	_	linguistic	_	none	Reduced=Yes	_	_	_	_	_
306-9	TOR006	306	306	9	l'	l'	_	_	_	_	_	linguistic	_	none	SpaceAfter=No	_	_	_	_	_
306-10	TOR006	306	306	10	hai	hai	_	_	_	_	_	linguistic	_	none	_	_	_	_	_	_
306-11	TOR006	306	306	11	vista	vista	_	_	_	_	_	linguistic	_	none	_	_	_	_	_	_
306-12	TOR006	306	306	12	crescere	crescere	_	_	_	_	_	linguistic	_	none	_	_	_	_	_	_
306-13	TOR006	306	306	13	pratic~	pratic~	_	_	_	_	_	linguistic	_	none	Interrupted=Yes	_	_	_	_	_
306-14	TOR006	306	306	14	[c(io)è	cioè	_	_	_	_	_	linguistic	_	none	Reduced=Yes	_	_	_	_	0-4(81)
306-15	TOR006	306	306	15	da	da	_	_	_	_	_	linguistic	_	none	_	_	_	_	_	0-2(81)
306-16	TOR006	306	306	16	qua]ndo	quando	_	_	_	_	_	linguistic	_	none	_	_	_	_	_	0-3(81)
306-17	TOR006	306	306	17	è	è	_	_	_	_	_	linguistic	_	none	_	_	_	_	_	_
306-18	TOR006	306	306	18	nata,	nata	_	_	_	_	_	linguistic	_	none	Intonation=WeaklyRising	End=730.91	_	_	_	_
307-0	TOI034	307	307	0	[mhmh]	mhmh	_	_	_	_	_	linguistic	_	none	_	Begin=729.714|End=730.01	_	_	_	0-4(81)
308-0	TOI034	308	308	0	stava	stava	_	_	_	_	_	linguistic	_	none	_	Begin=730.91	_	_	_	_
308-1	TOI034	308	308	1	solo	solo	_	_	_	_	_	linguistic	_	none	_	_	_	_	_	_
308-2	TOI034	308	308	2	con	con	_	_	_	_	_	linguistic	_	none	_	_	_	_	_	_
308-3	TOI034	308	308	3	me	me	_	_	_	_	_	linguistic	_	none	_	_	_	_	_	_
308-4	TOI034	308	308	4	e	e	_	_	_	_	_	linguistic	_	none	_	_	_	_	_	_
308-5	TOI034	308	308	5	con	con	_	_	_	_	_	linguistic	_	none	_	_	_	_	_	_
308-6	TOI034	308	308	6	la	la	_	_	_	_	_	linguistic	_	none	_	_	_	_	_	_
308-7	TOI034	308	308	7	mamma	mamma	_	_	_	_	_	linguistic	_	none	_	_	_	_	_	_
308-8	TOI034	308	308	8	col	col	_	_	_	_	_	linguistic	_	none	_	_	_	_	_	_
308-9	TOI034	308	308	9	[papà	papà	_	_	_	_	_	linguistic	_	none	_	_	_	_	_	0-4(82)
308-10	TOI034	308	308	10	no]	no	_	_	_	_	_	linguistic	_	none	_	End=733.0	_	_	_	0-2(82)
309-0	TOR006	309	309	0	[ok]ay	okay	_	_	_	_	_	linguistic	_	none	_	Begin=732.718|End=733.31	_	_	_	0-2(82)
310-0	TOR006	310	310	0	e:	e	_	_	_	_	_	linguistic	_	none	_	Begin=734.4	0x1	_	_	_
310-1	TOR006	310	310	1	di	di	_	_	_	_	_	linguistic	_	none	_	_	_	_	_	_
310-2	TOR006	310	310	2	lei:	lei	_	_	_	_	_	linguistic	_	none	_	_	2x1	_	_	_
310-3	TOR006	310	310	3	boh	boh	_	_	_	_	_	linguistic	_	none	_	_	_	_	_	_
310-4	TOR006	310	310	4	mi	mi	_	_	_	_	_	linguistic	_	none	_	_	_	_	_	_
310-5	TOR006	310	310	5	sai	sai	_	_	_	_	_	linguistic	_	none	_	_	_	_	_	_
310-6	TOR006	310	310	6	dire	dire	_	_	_	_	_	linguistic	_	none	_	_	_	_	_	_
310-7	TOR006	310	310	7	qualco:sa:?	qualcosa	_	_	_	_	_	linguistic	_	none	Intonation=Rising	_	5x1,7x1	_	_	_
310-8	TOR006	310	310	8	non	non	_	_	_	_	_	linguistic	_	none	_	_	_	_	_	_
310-9	TOR006	310	310	9	so	so	_	_	_	_	_	linguistic	_	none	_	_	_	_	_	_
310-10	TOR006	310	310	10	che	che	_	_	_	_	_	linguistic	_	none	_	_	_	_	_	_
310-11	TOR006	310	310	11	neonata	neonata	_	_	_	_	_	linguistic	_	none	_	_	_	_	_	_
310-12	TOR006	310	310	12	era	era	_	_	_	_	_	linguistic	_	none	_	_	_	_	_	_
310-13	TOR006	310	310	13	tipo	tipo	_	_	_	_	_	linguistic	_	none	_	_	_	_	_	_
310-14	TOR006	310	310	14	piangeva	piangeva	_	_	_	_	_	linguistic	_	none	_	_	_	_	_	_
310-15	TOR006	310	310	15	sempre	sempre	_	_	_	_	_	linguistic	_	none	_	_	_	_	_	_
310-16	TOR006	310	310	16	oppure	oppure	_	_	_	_	_	linguistic	_	none	_	_	_	_	_	_
310-17	TOR006	310	310	17	era	era	_	_	_	_	_	linguistic	_	none	_	_	_	_	_	_
310-18	TOR006	310	310	18	brava	brava	_	_	_	_	_	linguistic	_	none	_	_	_	_	_	_
310-19	TOR006	310	310	19	dormiva	dormiva	_	_	_	_	_	linguistic	_	none	_	End=742.51	_	_	_	_
311-0	TOI034	311	311	0	no:	no	_	_	_	_	_	linguistic	_	none	ProsodicLink=Yes	Begin=742.51	1x1	_	_	_
311-1	TOI034	311	311	1	all'	all'	_	_	_	_	_	linguistic	_	none	SpaceAfter=No	_	_	_	_	_
311-2	TOI034	311	311	2	inizio	inizio	_	_	_	_	_	linguistic	_	none	_	_	_	_	_	_
311-3	TOI034	311	311	3	ha	ha	_	_	_	_	_	linguistic	_	none	_	_	_	_	_	_
311-4	TOI034	311	311	4	patito	patito	_	_	_	_	_	linguistic	_	none	_	_	_	_	_	_
311-5	TOI034	311	311	5	un	un	_	_	_	_	_	linguistic	_	none	_	_	_	_	_	_
311-6	TOI034	311	311	6	po'	po'	_	_	_	_	_	linguistic	_	none	_	_	_	_	_	_
311-7	TOI034	311	311	7	perché	perché	_	_	_	_	_	linguistic	_	none	_	_	_	_	_	_
311-8	TOI034	311	311	8	la	la	_	_	_	_	_	linguistic	_	none	_	_	_	_	_	_
311-9	TOI034	311	311	9	mamma	mamma	_	_	_	_	_	linguistic	_	none	_	_	_	_	_	_
311-10	TOI034	311	311	10	non	non	_	_	_	_	_	linguistic	_	none	_	_	_	_	_	_
311-11	TOI034	311	311	11	è	è	_	_	_	_	_	linguistic	_	none	_	_	_	_	_	_
311-12	TOI034	311	311	12	stata	stata	_	_	_	_	_	linguistic	_	none	_	_	_	_	_	_
311-13	TOI034	311	311	13	tanto	tanto	_	_	_	_	_	linguistic	_	none	_	_	_	_	_	_
311-14	TOI034	311	311	14	bene	bene	_	_	_	_	_	linguistic	_	none	_	End=745.986	_	_	_	_
312-0	TOR006	312	312	0	mhmh	mhmh	_	_	_	_	_	linguistic	_	none	_	Begin=745.986|End=746.61	_	_	_	_
313-0	TOI034	313	313	0	lei	lei	_	_	_	_	_	linguistic	_	none	_	Begin=746.86	_	_	_	_
313-1	TOI034	313	313	1	era	era	_	_	_	_	_	linguistic	_	none	_	End=747.61	_	_	_	_
314-0	TOI034	314	314	0	leggermente	leggermente	_	_	_	_	_	linguistic	_	none	_	Begin=747.81	_	_	_	_
314-1	TOI034	314	314	1	itterica	itterica	_	_	_	_	_	linguistic	_	none	_	_	_	_	_	_
314-2	TOI034	314	314	2	quindi	quindi	_	_	_	_	_	linguistic	_	none	_	_	_	_	_	_
314-3	TOI034	314	314	3	è	è	_	_	_	_	_	linguistic	_	none	_	_	_	_	_	_
314-4	TOI034	314	314	4	stata	stata	_	_	_	_	_	linguistic	_	none	_	_	_	_	_	_
314-5	TOI034	314	314	5	un	un	_	_	_	_	_	linguistic	_	none	_	_	_	_	_	_
314-6	TOI034	314	314	6	pochino	pochino	_	_	_	_	_	linguistic	_	none	_	_	_	_	_	_
314-7	TOI034	314	314	7	di	di	_	_	_	_	_	linguistic	_	none	_	_	_	_	_	_
314-8	TOI034	314	314	8	più	più	_	_	_	_	_	linguistic	_	none	_	_	_	_	_	_
314-9	TOI034	314	314	9	in	in	_	_	_	_	_	linguistic	_	none	_	_	_	_	_	_
314-10	TOI034	314	314	10	ospedal[e	ospedale	_	_	_	_	_	linguistic	_	none	_	_	_	_	_	7-8(83)
314-11	TOI034	314	314	11	ma]	ma	_	_	_	_	_	linguistic	_	none	PauseAfter=Yes	_	_	_	_	0-2(83)
314-12	TOI034	314	314	12	(.)	(.)	_	_	_	_	_	shortpause	_	none	_	_	_	_	_	_
314-13	TOI034	314	314	13	nulla	nulla	_	_	_	_	_	linguistic	_	none	_	_	_	_	_	_
314-14	TOI034	314	314	14	di	di	_	_	_	_	_	linguistic	_	none	_	_	_	_	_	_
314-15	TOI034	314	314	15	che	che	_	_	_	_	_	linguistic	_	none	_	_	_	_	_	_
314-16	TOI034	314	314	16	la	la	_	_	_	_	_	linguistic	_	none	_	_	_	_	_	_
314-17	TOI034	314	314	17	mamma	mamma	_	_	_	_	_	linguistic	_	none	_	_	_	_	_	_
314-18	TOI034	314	314	18	invece	invece	_	_	_	_	_	linguistic	_	none	_	_	_	_	_	_
314-19	TOI034	314	314	19	ha	ha	_	_	_	_	_	linguistic	_	none	_	_	_	_	_	_
314-20	TOI034	314	314	20	avuto:	avuto	_	_	_	_	_	linguistic	_	none	_	_	4x1	_	_	_
314-21	TOI034	314	314	21	un	un	_	_	_	_	_	linguistic	_	none	_	_	_	_	_	_
314-22	TOI034	314	314	22	calo	calo	_	_	_	_	_	linguistic	_	none	_	_	_	_	_	_
314-23	TOI034	314	314	23	perché:	perché	_	_	_	_	_	linguistic	_	none	_	End=754.399	5x1	_	_	_
315-0	TOR006	315	315	0	[mhmh]	mhmh	_	_	_	_	_	linguistic	_	none	_	Begin=750.81|End=751.21	_	_	_	0-4(83)
316-0	TOI034	316	316	0	non	non	_	_	_	_	_	linguistic	_	none	_	Begin=755.01	_	_	_	_
316-1	TOI034	316	316	1	aveva	aveva	_	_	_	_	_	linguistic	_	none	_	_	_	_	_	_
316-2	TOI034	316	316	2	preso	preso	_	_	_	_	_	linguistic	_	none	_	_	_	_	_	_
316-3	TOI034	316	316	3	chili	chili	_	_	_	_	_	linguistic	_	none	_	End=756.533	_	_	_	_
317-0	TOI034	317	317	0	[e:	e	_	_	_	_	_	linguistic	_	none	_	Begin=757.11	0x1	_	_	0-1(85)
317-1	TOI034	317	317	1	qua]ndo	quando	_	_	_	_	_	linguistic	_	none	_	_	_	_	_	0-3(85)
317-2	TOI034	317	317	2	poi:	poi	_	_	_	_	_	linguistic	_	none	_	_	2x1	_	_	_
317-3	TOI034	317	317	3	duran~	duran~	_	_	_	_	_	linguistic	_	none	Interrupted=Yes	_	_	_	_	_
317-4	TOI034	317	317	4	c(io)è	cioè	_	_	_	_	_	linguistic	_	none	Reduced=Yes	_	_	_	_	_
317-5	TOI034	317	317	5	>quando	quando	_	_	_	_	_	linguistic	_	none	_	_	_	Fast=0-6(0)	_	_
317-6	TOI034	317	317	6	si	si	_	_	_	_	_	linguistic	_	none	_	_	_	Fast=0-2(0)	_	_
317-7	TOI034	317	317	7	(xx)<	xx	_	_	_	_	_	unknown	_	none	Syllables=2	_	_	Fast=0-2(0)	0-2(0)	_
317-8	TOI034	317	317	8	col	col	_	_	_	_	_	linguistic	_	none	_	_	_	_	_	_
317-9	TOI034	317	317	9	parto:	parto	_	_	_	_	_	linguistic	_	none	_	_	4x1	_	_	_
317-10	TOI034	317	317	10	è	è	_	_	_	_	_	linguistic	_	none	_	_	_	_	_	_
317-11	TOI034	317	317	11	già	già	_	_	_	_	_	linguistic	_	none	_	_	_	_	_	_
317-12	TOI034	317	317	12	una	una	_	_	_	_	_	linguistic	_	none	_	_	_	_	_	_
317-13	TOI034	317	317	13	perdita	perdita	_	_	_	_	_	linguistic	_	none	_	_	_	_	_	_
317-14	TOI034	317	317	14	abbastanza	abbastanza	_	_	_	_	_	linguistic	_	none	_	_	_	_	_	_
317-15	TOI034	317	317	15	gr[ossa	grossa	_	_	_	_	_	linguistic	_	none	_	_	_	_	_	2-6(86)
317-16	TOI034	317	317	16	e	e	_	_	_	_	_	linguistic	_	none	_	_	_	_	_	0-1(86)
317-17	TOI034	317	317	17	in]	in	_	_	_	_	_	linguistic	_	none	_	_	_	_	_	0-2(86)
317-18	TOI034	317	317	18	più	più	_	_	_	_	_	linguistic	_	none	_	_	_	_	_	_
317-19	TOI034	317	317	19	se	se	_	_	_	_	_	linguistic	_	none	_	_	_	_	_	_
317-20	TOI034	317	317	20	sei:	sei	_	_	_	_	_	linguistic	_	none	_	_	2x1	_	_	_
317-21	TOI034	317	317	21	particolarmente	particolarmente	_	_	_	_	_	linguistic	_	none	_	_	_	_	_	_
317-22	TOI034	317	317	22	fragil[e::],	fragile	_	_	_	_	_	linguistic	_	none	Intonation=WeaklyRising	End=764.92	6x2	_	_	6-7(84)
318-0	TOR006	318	318	0	[mhmh]	mhmh	_	_	_	_	_	linguistic	_	none	_	Begin=757.214|End=757.61	_	_	_	0-4(85)
319-0	TOR006	319	319	0	[mhmh]	mhmh	_	_	_	_	_	linguistic	_	none	_	Begin=761.815|End=762.21	_	_	_	0-4(86)
320-0	TOR006	320	320	0	[mhmh]	mhmh	_	_	_	_	_	linguistic	_	none	_	Begin=764.51|End=764.911	_	_	_	0-4(84)
321-0	TOI034	321	321	0	debole	debole	_	_	_	_	_	linguistic	_	none	_	Begin=765.31|End=765.896	_	_	_	_
322-0	TOI034	322	322	0	ero	ero	_	_	_	_	_	linguistic	_	none	_	Begin=766.4	_	_	_	_
322-1	TOI034	322	322	1	andata	andata	_	_	_	_	_	linguistic	_	none	_	_	_	_	_	_
322-2	TOI034	322	322	2	giù	giù	_	_	_	_	_	linguistic	_	none	_	_	_	_	_	_
322-3	TOI034	322	322	3	per	per	_	_	_	_	_	linguistic	_	none	_	_	_	_	_	_
322-4	TOI034	322	322	4	un	un	_	_	_	_	_	linguistic	_	none	_	_	_	_	_	_
322-5	TOI034	322	322	5	po'	po'	_	_	_	_	_	linguistic	_	none	_	_	_	_	_	_
322-6	TOI034	322	322	6	e	e	_	_	_	_	_	linguistic	_	none	_	_	_	_	_	_
322-7	TOI034	322	322	7	quindi	quindi	_	_	_	_	_	linguistic	_	none	_	_	_	_	_	_
322-8	TOI034	322	322	8	io	io	_	_	_	_	_	linguistic	_	none	ProsodicLink=Yes	_	_	_	_	_
322-9	TOI034	322	322	9	mi	mi	_	_	_	_	_	linguistic	_	none	ProsodicLink=Yes	_	_	_	_	_
322-10	TOI034	322	322	10	mi	mi	_	_	_	_	_	linguistic	_	none	_	_	_	_	_	_
322-11	TOI034	322	322	11	mi	mi	_	_	_	_	_	linguistic	_	none	_	_	_	_	_	_
322-12	TOI034	322	322	12	sono	sono	_	_	_	_	_	linguistic	_	none	_	_	_	_	_	_
322-13	TOI034	322	322	13	trovata	trovata	_	_	_	_	_	linguistic	_	none	_	_	_	_	_	_
322-14	TOI034	322	322	14	ad	ad	_	_	_	_	_	linguistic	_	none	_	_	_	_	_	_
322-15	TOI034	322	322	15	averla	averla	_	_	_	_	_	linguistic	_	none	_	_	_	_	_	_
322-16	TOI034	322	322	16	già	già	_	_	_	_	_	linguistic	_	none	_	_	_	_	_	_
322-17	TOI034	322	322	17	dopo	dopo	_	_	_	_	_	linguistic	_	none	_	_	_	_	_	_
322-18	TOI034	322	322	18	un	un	_	_	_	_	_	linguistic	_	none	_	_	_	_	_	_
322-19	TOI034	322	322	19	giorno	giorno	_	_	_	_	_	linguistic	_	none	_	_	_	_	_	_
322-20	TOI034	322	322	20	che	che	_	_	_	_	_	linguistic	_	none	_	_	_	_	_	_
322-21	TOI034	322	322	21	era	era	_	_	_	_	_	linguistic	_	none	_	_	_	_	_	_
322-22	TOI034	322	322	22	nata	nata	_	_	_	_	_	linguistic	_	none	_	End=771.32	_	_	_	_
323-0	TOR006	323	323	0	okay	okay	_	_	_	_	_	linguistic	_	none	_	Begin=771.7|End=772.228	_	_	_	_
324-0	TOI034	324	324	0	è	è	_	_	_	_	_	linguistic	_	none	_	Begin=772.51	_	_	_	_
324-1	TOI034	324	324	1	stato:	stato	_	_	_	_	_	linguistic	_	none	_	_	4x1	_	_	_
324-2	TOI034	324	324	2	ehm	ehm	_	_	_	_	_	linguistic	_	none	_	End=773.61	_	_	_	_
325-0	TOI034	325	325	0	impressionante	impressionante	_	_	_	_	_	linguistic	_	none	_	Begin=773.91	_	_	_	_
325-1	TOI034	325	325	1	ma	ma	_	_	_	_	_	linguistic	_	none	_	_	_	_	_	_
325-2	TOI034	325	325	2	incredibilmente	incredibilmente	_	_	_	_	_	linguistic	_	none	_	_	_	_	_	_
325-3	TOI034	325	325	3	bello	bello	_	_	_	_	_	linguistic	_	none	_	End=776.61	_	_	_	_
326-0	TOI034	326	326	0	n[on	non	_	_	_	_	_	linguistic	_	none	_	Begin=776.81	_	_	_	1-3(87)
326-1	TOI034	326	326	1	mi	mi	_	_	_	_	_	linguistic	_	none	_	_	_	_	_	0-2(87)
326-2	TOI034	326	326	2	era	era	_	_	_	_	_	linguistic	_	none	_	_	_	_	_	0-3(87)
326-3	TOI034	326	326	3	mai]	mai	_	_	_	_	_	linguistic	_	none	_	_	_	_	_	0-3(87)
326-4	TOI034	326	326	4	capitato	capitato	_	_	_	_	_	linguistic	_	none	_	_	_	_	_	_
326-5	TOI034	326	326	5	se~	se~	_	_	_	_	_	linguistic	_	none	Interrupted=Yes	_	_	_	_	_
326-6	TOI034	326	326	6	c(io)è	cioè	_	_	_	_	_	linguistic	_	none	Reduced=Yes	_	_	_	_	_
326-7	TOI034	326	326	7	senz'	senz'	_	_	_	_	_	linguistic	_	none	SpaceAfter=No	_	_	_	_	_
326-8	TOI034	326	326	8	altro	altro	_	_	_	_	_	linguistic	_	none	_	_	_	_	_	_
326-9	TOI034	326	326	9	ho	ho	_	_	_	_	_	linguistic	_	none	_	_	_	_	_	_
326-10	TOI034	326	326	10	avuto	avuto	_	_	_	_	_	linguistic	_	none	_	_	_	_	_	_
326-11	TOI034	326	326	11	a	a	_	_	_	_	_	linguistic	_	none	_	_	_	_	_	_
326-12	TOI034	326	326	12	che	che	_	_	_	_	_	linguistic	_	none	_	_	_	_	_	_
326-13	TOI034	326	326	13	fare	fare	_	_	_	_	_	linguistic	_	none	_	_	_	_	_	_
326-14	TOI034	326	326	14	con	con	_	_	_	_	_	linguistic	_	none	_	_	_	_	_	_
326-15	TOI034	326	326	15	bimbi	bimbi	_	_	_	_	_	linguistic	_	none	_	_	_	_	_	_
326-16	TOI034	326	326	16	così	così	_	_	_	_	_	linguistic	_	none	_	_	_	_	_	_
326-17	TOI034	326	326	17	piccoli	piccoli	_	_	_	_	_	linguistic	_	none	_	_	_	_	_	_
326-18	TOI034	326	326	18	ma	ma	_	_	_	_	_	linguistic	_	none	_	_	_	_	_	_
326-19	TOI034	326	326	19	per	per	_	_	_	_	_	linguistic	_	none	_	_	_	_	_	_
326-20	TOI034	326	326	20	questioni	questioni	_	_	_	_	_	linguistic	_	none	_	_	_	_	_	_
326-21	TOI034	326	326	21	di	di	_	_	_	_	_	linguistic	_	none	_	End=782.085	_	_	_	_
327-0	TOR006	327	327	0	[mhmh]	mhmh	_	_	_	_	_	linguistic	_	none	_	Begin=776.91|End=777.431	_	_	_	0-4(87)
328-0	TOI034	328	328	0	poco	poco	_	_	_	_	_	linguistic	_	none	_	Begin=782.6	_	_	_	_
328-1	TOI034	328	328	1	tempo	tempo	_	_	_	_	_	linguistic	_	none	_	_	_	_	_	_
328-2	TOI034	328	328	2	e	e	_	_	_	_	_	linguistic	_	none	_	_	_	_	_	_
328-3	TOI034	328	328	3	si~	si~	_	_	_	_	_	linguistic	_	none	Interrupted=Yes	_	_	_	_	_
328-4	TOI034	328	328	4	si~	si~	_	_	_	_	_	linguistic	_	none	Interrupted=Yes	_	_	_	_	_
328-5	TOI034	328	328	5	si~	si~	_	_	_	_	_	linguistic	_	none	Interrupted=Yes	_	_	_	_	_
328-6	TOI034	328	328	6	sicur[amente	sicuramente	_	_	_	_	_	linguistic	_	none	_	_	_	_	_	5-11(88)
328-7	TOI034	328	328	7	non	non	_	_	_	_	_	linguistic	_	none	_	_	_	_	_	0-3(88)
328-8	TOI034	328	328	8	al]l'	all'	_	_	_	_	_	linguistic	_	none	SpaceAfter=No	_	_	_	_	0-2(88)
328-9	TOI034	328	328	9	inizio	inizio	_	_	_	_	_	linguistic	_	none	_	End=785.622	_	_	_	_
329-0	TOR006	329	329	0	[mhmh]	mhmh	_	_	_	_	_	linguistic	_	none	_	Begin=784.61|End=785.21	_	_	_	0-4(88)
330-0	TOR006	330	330	0	°okay°	okay	_	_	_	_	_	linguistic	_	none	Volume=low	Begin=785.91|End=786.622	_	_	_	_
331-0	TOI034	331	331	0	e::	e	_	_	_	_	_	linguistic	_	none	_	Begin=786.622	0x2	_	_	_
331-1	TOI034	331	331	1	m:h	mh	_	_	_	_	_	linguistic	_	none	_	End=787.804	0x1	_	_	_
332-0	TOI034	332	332	0	niente	niente	_	_	_	_	_	linguistic	_	none	_	Begin=788.51	_	_	_	_
332-1	TOI034	332	332	1	lei::	lei	_	_	_	_	_	linguistic	_	none	_	End=789.92	2x2	_	_	_
333-0	TOI034	333	333	0	appunto	appunto	_	_	_	_	_	linguistic	_	none	_	Begin=791.31	_	_	_	_
333-1	TOI034	333	333	1	il	il	_	_	_	_	_	linguistic	_	none	_	_	_	_	_	_
333-2	TOI034	333	333	2	legame	legame	_	_	_	_	_	linguistic	_	none	_	_	_	_	_	_
333-3	TOI034	333	333	3	che	che	_	_	_	_	_	linguistic	_	none	_	_	_	_	_	_
333-4	TOI034	333	333	4	si	si	_	_	_	_	_	linguistic	_	none	_	_	_	_	_	_
333-5	TOI034	333	333	5	può	può	_	_	_	_	_	linguistic	_	none	_	_	_	_	_	_
333-6	TOI034	333	333	6	creare	creare	_	_	_	_	_	linguistic	_	none	_	_	_	_	_	_
333-7	TOI034	333	333	7	con	con	_	_	_	_	_	linguistic	_	none	_	_	_	_	_	_
333-8	TOI034	333	333	8	un	un	_	_	_	_	_	linguistic	_	none	_	_	_	_	_	_
333-9	TOI034	333	333	9	neonato:	neonato	_	_	_	_	_	linguistic	_	none	_	_	6x1	_	_	_
333-10	TOI034	333	333	10	lo	lo	_	_	_	_	_	linguistic	_	none	_	_	_	_	_	_
333-11	TOI034	333	333	11	creano	creano	_	_	_	_	_	linguistic	_	none	_	_	_	_	_	_
333-12	TOI034	333	333	12	di	di	_	_	_	_	_	linguistic	_	none	_	_	_	_	_	_
333-13	TOI034	333	333	13	solito	solito	_	_	_	_	_	linguistic	_	none	_	_	_	_	_	_
333-14	TOI034	333	333	14	solo	solo	_	_	_	_	_	linguistic	_	none	_	_	_	_	_	_
333-15	TOI034	333	333	15	i	i	_	_	_	_	_	linguistic	_	none	_	_	_	_	_	_
333-16	TOI034	333	333	16	genitori	genitori	_	_	_	_	_	linguistic	_	none	_	_	_	_	_	_
333-17	TOI034	333	333	17	il	il	_	_	_	_	_	linguistic	_	none	_	_	_	_	_	_
333-18	TOI034	333	333	18	fatto	fatto	_	_	_	_	_	linguistic	_	none	_	_	_	_	_	_
333-19	TOI034	333	333	19	che	che	_	_	_	_	_	linguistic	_	none	_	_	_	_	_	_
333-20	TOI034	333	333	20	l'	l'	_	_	_	_	_	linguistic	_	none	SpaceAfter=No	_	_	_	_	_
333-21	TOI034	333	333	21	avesse	avesse	_	_	_	_	_	linguistic	_	none	_	_	_	_	_	_
333-22	TOI034	333	333	22	creato	creato	_	_	_	_	_	linguistic	_	none	_	_	_	_	_	_
333-23	TOI034	333	333	23	con	con	_	_	_	_	_	linguistic	_	none	_	_	_	_	_	_
333-24	TOI034	333	333	24	me	me	_	_	_	_	_	linguistic	_	none	_	_	_	_	_	_
333-25	TOI034	333	333	25	e	e	_	_	_	_	_	linguistic	_	none	_	_	_	_	_	_
333-26	TOI034	333	333	26	la	la	_	_	_	_	_	linguistic	_	none	_	_	_	_	_	_
333-27	TOI034	333	333	27	mamma	mamma	_	_	_	_	_	linguistic	_	none	_	_	_	_	_	_
333-28	TOI034	333	333	28	era	era	_	_	_	_	_	linguistic	_	none	_	_	_	_	_	_
333-29	TOI034	333	333	29	una	una	_	_	_	_	_	linguistic	_	none	_	_	_	_	_	_
333-30	TOI034	333	333	30	cosa:	cosa	_	_	_	_	_	linguistic	_	none	_	End=799.421	3x1	_	_	_
334-0	TOR006	334	334	0	mhm[h]	mhmh	_	_	_	_	_	linguistic	_	none	_	Begin=800.41|End=800.838	_	_	_	3-4(89)
335-0	TOI034	335	335	0	[da]vvero	davvero	_	_	_	_	_	linguistic	_	none	PauseAfter=Yes	Begin=800.71	_	_	_	0-2(89)
335-1	TOI034	335	335	1	(.)	(.)	_	_	_	_	_	shortpause	_	none	_	_	_	_	_	_
335-2	TOI034	335	335	2	speciale	speciale	_	_	_	_	_	linguistic	_	none	_	End=802.009	_	_	_	_
336-0	TOR006	336	336	0	mhmh	mhmh	_	_	_	_	_	linguistic	_	none	_	Begin=802.5|End=802.902	_	_	_	_
337-0	TOI034	337	337	0	<come	come	_	_	_	_	_	linguistic	_	none	_	Begin=803.51	_	Slow=0-4(0)	_	_
337-1	TOI034	337	337	1	mi	mi	_	_	_	_	_	linguistic	_	none	_	_	_	Slow=0-2(0)	_	_
337-2	TOI034	337	337	2	guarda:va>	guardava	_	_	_	_	_	linguistic	_	none	_	_	5x1	Slow=0-8(0)	_	_
337-3	TOI034	337	337	3	quando	quando	_	_	_	_	_	linguistic	_	none	_	_	_	_	_	_
337-4	TOI034	337	337	4	magari	magari	_	_	_	_	_	linguistic	_	none	_	_	_	_	_	_
337-5	TOI034	337	337	5	si	si	_	_	_	_	_	linguistic	_	none	_	_	_	_	_	_
337-6	TOI034	337	337	6	doveva	doveva	_	_	_	_	_	linguistic	_	none	_	_	_	_	_	_
337-7	TOI034	337	337	7	addormenta:re	addormentare	_	_	_	_	_	linguistic	_	none	_	_	9x1	_	_	_
337-8	TOI034	337	337	8	come::	come	_	_	_	_	_	linguistic	_	none	_	End=807.618	3x2	_	_	_
338-0	TOI034	338	338	0	viveva	viveva	_	_	_	_	_	linguistic	_	none	_	Begin=808.11	_	_	_	_
338-1	TOI034	338	338	1	la	la	_	_	_	_	_	linguistic	_	none	_	_	_	_	_	_
338-2	TOI034	338	338	2	mia	mia	_	_	_	_	_	linguistic	_	none	_	_	_	_	_	_
338-3	TOI034	338	338	3	presenza:	presenza	_	_	_	_	_	linguistic	_	none	_	_	7x1	_	_	_
338-4	TOI034	338	338	4	cioè	cioè	_	_	_	_	_	linguistic	_	none	_	_	_	_	_	_
338-5	TOI034	338	338	5	quando	quando	_	_	_	_	_	linguistic	_	none	_	_	_	_	_	_
338-6	TOI034	338	338	6	la	la	_	_	_	_	_	linguistic	_	none	_	_	_	_	_	_
338-7	TOI034	338	338	7	dovevo	dovevo	_	_	_	_	_	linguistic	_	none	_	_	_	_	_	_
338-8	TOI034	338	338	8	addormentare	addormentare	_	_	_	_	_	linguistic	_	none	_	_	_	_	_	_
338-9	TOI034	338	338	9	m~	m~	_	_	_	_	_	linguistic	_	none	Interrupted=Yes	_	_	_	_	_
338-10	TOI034	338	338	10	bastava	bastava	_	_	_	_	_	linguistic	_	none	_	_	_	_	_	_
338-11	TOI034	338	338	11	mettergli	mettergli	_	_	_	_	_	linguistic	_	none	_	_	_	_	_	_
338-12	TOI034	338	338	12	una	una	_	_	_	_	_	linguistic	_	none	_	_	_	_	_	_
338-13	TOI034	338	338	13	mano	mano	_	_	_	_	_	linguistic	_	none	_	_	_	_	_	_
338-14	TOI034	338	338	14	vi[cino	vicino	_	_	_	_	_	linguistic	_	none	_	_	_	_	_	2-6(90)
338-15	TOI034	338	338	15	non	non	_	_	_	_	_	linguistic	_	none	_	_	_	_	_	0-3(90)
338-16	TOI034	338	338	16	t]enerla	tenerla	_	_	_	_	_	linguistic	_	none	_	_	_	_	_	0-1(90)
338-17	TOI034	338	338	17	neanche	neanche	_	_	_	_	_	linguistic	_	none	_	_	_	_	_	_
338-18	TOI034	338	338	18	più	più	_	_	_	_	_	linguistic	_	none	_	_	_	_	_	_
338-19	TOI034	338	338	19	in	in	_	_	_	_	_	linguistic	_	none	_	_	_	_	_	_
338-20	TOI034	338	338	20	braccio	braccio	_	_	_	_	_	linguistic	_	none	_	End=814.5	_	_	_	_
339-0	TOR006	339	339	0	[mhmh]	mhmh	_	_	_	_	_	linguistic	_	none	_	Begin=812.61|End=813.11	_	_	_	0-4(90)
340-0	TOR006	340	340	0	mhmh	mhmh	_	_	_	_	_	linguistic	_	none	_	Begin=814.7|End=815.1	_	_	_	_
341-0	TOI034	341	341	0	quando:	quando	_	_	_	_	_	linguistic	_	none	_	Begin=815.41	5x1	_	_	_
341-1	TOI034	341	341	1	magari	magari	_	_	_	_	_	linguistic	_	none	_	_	_	_	_	_
341-2	TOI034	341	341	2	non	non	_	_	_	_	_	linguistic	_	none	_	_	_	_	_	_
341-3	TOI034	341	341	3	c'	c'	_	_	_	_	_	linguistic	_	none	SpaceAfter=No	_	_	_	_	_
341-4	TOI034	341	341	4	ero	ero	_	_	_	_	_	linguistic	_	none	_	_	_	_	_	_
341-5	TOI034	341	341	5	bastava	bastava	_	_	_	_	_	linguistic	_	none	_	_	_	_	_	_
341-6	TOI034	341	341	6	che	che	_	_	_	_	_	linguistic	_	none	_	_	_	_	_	_
341-7	TOI034	341	341	7	gli	gli	_	_	_	_	_	linguistic	_	none	_	_	_	_	_	_
341-8	TOI034	341	341	8	lasciassi	lasciassi	_	_	_	_	_	linguistic	_	none	_	_	_	_	_	_
341-9	TOI034	341	341	9	la	la	_	_	_	_	_	linguistic	_	none	_	_	_	_	_	_
341-10	TOI034	341	341	10	mia	mia	_	_	_	_	_	linguistic	_	none	_	_	_	_	_	_
341-11	TOI034	341	341	11	maglia	maglia	_	_	_	_	_	linguistic	_	none	_	_	_	_	_	_
341-12	TOI034	341	341	12	vicino	vicino	_	_	_	_	_	linguistic	_	none	_	_	_	_	_	_
341-13	TOI034	341	341	13	e:d	ed	_	_	_	_	_	linguistic	_	none	_	_	0x1	_	_	_
341-14	TOI034	341	341	14	era	era	_	_	_	_	_	linguistic	_	none	_	_	_	_	_	_
341-15	TOI034	341	341	15	tranquilla	tranquilla	_	_	_	_	_	linguistic	_	none	_	End=820.605	_	_	_	_
342-0	TOR006	342	342	0	mhmh	mhmh	_	_	_	_	_	linguistic	_	none	_	Begin=820.605|End=821.124	_	_	_	_
343-0	TOI034	343	343	0	poi	poi	_	_	_	_	_	linguistic	_	none	PauseAfter=Yes	Begin=821.71	_	_	_	_
343-1	TOI034	343	343	1	(.)	(.)	_	_	_	_	_	shortpause	_	none	_	_	_	_	_	_
343-2	TOI034	343	343	2	la	la	_	_	_	_	_	linguistic	_	none	_	_	_	_	_	_
343-3	TOI034	343	343	3	mamma:	mamma	_	_	_	_	_	linguistic	_	none	_	_	4x1	_	_	_
343-4	TOI034	343	343	4	mi	mi	_	_	_	_	_	linguistic	_	none	_	_	_	_	_	_
343-5	TOI034	343	343	5	aveva	aveva	_	_	_	_	_	linguistic	_	none	_	_	_	_	_	_
343-6	TOI034	343	343	6	insegnato	insegnato	_	_	_	_	_	linguistic	_	none	_	_	_	_	_	_
343-7	TOI034	343	343	7	a	a	_	_	_	_	_	linguistic	_	none	_	_	_	_	_	_
343-8	TOI034	343	343	8	usare	usare	_	_	_	_	_	linguistic	_	none	_	_	_	_	_	_
343-9	TOI034	343	343	9	la	la	_	_	_	_	_	linguistic	_	none	_	_	_	_	_	_
343-10	TOI034	343	343	10	fascia	fascia	_	_	_	_	_	linguistic	_	none	_	End=825.02	_	_	_	_
344-0	TOR006	344	344	0	mhmh	mhmh	_	_	_	_	_	linguistic	_	none	_	Begin=825.31|End=825.698	_	_	_	_
345-0	TOI034	345	345	0	>(era	era	_	_	_	_	_	linguistic	_	none	_	Begin=825.91	_	Fast=0-3(0)	0-3(0)	_
345-1	TOI034	345	345	1	perché)	perché	_	_	_	_	_	linguistic	_	none	_	_	_	Fast=0-6(0)	0-6(0)	_
345-2	TOI034	345	345	2	quindi<	quindi	_	_	_	_	_	linguistic	_	none	_	_	_	Fast=0-6(0)	_	_
345-3	TOI034	345	345	3	con	con	_	_	_	_	_	linguistic	_	none	_	_	_	_	_	_
345-4	TOI034	345	345	4	quella:	quella	_	_	_	_	_	linguistic	_	none	_	_	5x1	_	_	_
345-5	TOI034	345	345	5	abbiamo	abbiamo	_	_	_	_	_	linguistic	_	none	_	_	_	_	_	_
345-6	TOI034	345	345	6	creato	creato	_	_	_	_	_	linguistic	_	none	_	_	_	_	_	_
345-7	TOI034	345	345	7	un	un	_	_	_	_	_	linguistic	_	none	_	_	_	_	_	_
345-8	TOI034	345	345	8	rapporto	rapporto	_	_	_	_	_	linguistic	_	none	_	_	_	_	_	_
345-9	TOI034	345	345	9	ancora	ancora	_	_	_	_	_	linguistic	_	none	_	_	_	_	_	_
345-10	TOI034	345	345	10	[più	più	_	_	_	_	_	linguistic	_	none	_	_	_	_	_	0-3(91)
345-11	TOI034	345	345	11	stretto]	stretto	_	_	_	_	_	linguistic	_	none	_	End=829.975	_	_	_	0-7(91)
346-0	TOR006	346	346	0	[c(io)è	cioè	_	_	_	_	_	linguistic	_	none	Reduced=Yes	Begin=829.208	_	_	_	0-4(91)
346-1	TOR006	346	346	1	la	la	_	_	_	_	_	linguistic	_	none	_	_	_	_	_	0-2(91)
346-2	TOR006	346	346	2	portavi]	portavi	_	_	_	_	_	linguistic	_	none	_	_	_	_	_	0-7(91)
346-3	TOR006	346	346	3	in	in	_	_	_	_	_	linguistic	_	none	_	_	_	_	_	_
346-4	TOR006	346	346	4	giro?	giro	_	_	_	_	_	linguistic	_	none	Intonation=Rising	_	_	_	_	_
346-5	TOR006	346	346	5	tipo	tipo	_	_	_	_	_	linguistic	_	none	_	_	_	_	_	_
346-6	TOR006	346	346	6	le	le	_	_	_	_	_	linguistic	_	none	_	_	_	_	_	_
346-7	TOR006	346	346	7	mamme	mamme	_	_	_	_	_	linguistic	_	none	_	_	_	_	_	_
346-8	TOR006	346	346	8	a[fricane]	africane	_	_	_	_	_	linguistic	_	none	_	End=831.51	_	_	_	1-8(92)
347-0	TOI034	347	347	0	[andavamo	andavamo	_	_	_	_	_	linguistic	_	none	_	Begin=831.11	_	_	_	0-8(92)
347-1	TOI034	347	347	1	a	a	_	_	_	_	_	linguistic	_	none	_	_	_	_	_	0-1(92)
347-2	TOI034	347	347	2	fa]re	fare	_	_	_	_	_	linguistic	_	none	_	_	_	_	_	0-2(92)
347-3	TOI034	347	347	3	le	le	_	_	_	_	_	linguistic	_	none	_	_	_	_	_	_
347-4	TOI034	347	347	4	passeggia:[te]	passeggiate	_	_	_	_	_	linguistic	_	none	_	End=832.91	8x1	_	_	9-11(93)
348-0	TOR006	348	348	0	[oka]y	okay	_	_	_	_	_	linguistic	_	none	_	Begin=832.61|End=833.31	_	_	_	0-3(93)
349-0	TOI034	349	349	0	quindi	quindi	_	_	_	_	_	linguistic	_	none	_	Begin=833.61	_	_	_	_
349-1	TOI034	349	349	1	lei	lei	_	_	_	_	_	linguistic	_	none	_	_	_	_	_	_
349-2	TOI034	349	349	2	intanto	intanto	_	_	_	_	_	linguistic	_	none	_	_	_	_	_	_
349-3	TOI034	349	349	3	dormiva	dormiva	_	_	_	_	_	linguistic	_	none	_	_	_	_	_	_
349-4	TOI034	349	349	4	e	e	_	_	_	_	_	linguistic	_	none	_	_	_	_	_	_
349-5	TOI034	349	349	5	comunque	comunque	_	_	_	_	_	linguistic	_	none	_	_	_	_	_	_
349-6	TOI034	349	349	6	stava	stava	_	_	_	_	_	linguistic	_	none	_	_	_	_	_	_
349-7	TOI034	349	349	7	all'	all'	_	_	_	_	_	linguistic	_	none	SpaceAfter=No	_	_	_	_	_
349-8	TOI034	349	349	8	aria	aria	_	_	_	_	_	linguistic	_	none	_	_	_	_	_	_
349-9	TOI034	349	349	9	aperta:	aperta	_	_	_	_	_	linguistic	_	none	_	_	5x1	_	_	_
349-10	TOI034	349	349	10	protetta	protetta	_	_	_	_	_	linguistic	_	none	_	End=837.607	_	_	_	_
350-0	TOR006	350	350	0	mhmh	mhmh	_	_	_	_	_	linguistic	_	none	_	Begin=838.01	_	_	_	_
350-1	TOR006	350	350	1	quindi	quindi	_	_	_	_	_	linguistic	_	none	_	_	_	_	_	_
350-2	TOR006	350	350	2	c(io)é:	cioé	_	_	_	_	_	linguistic	_	none	Reduced=Yes	End=839.526	3x1	_	_	_
351-0	TOR006	351	351	0	le	le	_	_	_	_	_	linguistic	_	none	_	Begin=840.11	_	_	_	_
351-1	TOR006	351	351	1	hai	hai	_	_	_	_	_	linguistic	_	none	_	_	_	_	_	_
351-2	TOR006	351	351	2	fatto	fatto	_	_	_	_	_	linguistic	_	none	_	_	_	_	_	_
351-3	TOR006	351	351	3	da	da	_	_	_	_	_	linguistic	_	none	_	_	_	_	_	_
351-4	TOR006	351	351	4	mamma	mamma	_	_	_	_	_	linguistic	_	none	_	_	_	_	_	_
351-5	TOR006	351	351	5	[quasi]	quasi	_	_	_	_	_	linguistic	_	none	_	End=841.691	_	_	_	0-5(94)
352-0	TOI034	352	352	0	[sì]	sì	_	_	_	_	_	linguistic	_	none	PauseAfter=Yes	Begin=841.307	_	_	_	0-2(94)
352-1	TOI034	352	352	1	(.)	(.)	_	_	_	_	_	shortpause	_	none	_	_	_	_	_	_
352-2	TOI034	352	352	2	praticamente	praticamente	_	_	_	_	_	linguistic	_	none	_	_	_	_	_	_
352-3	TOI034	352	352	3	sì	sì	_	_	_	_	_	linguistic	_	none	PauseAfter=Yes	_	_	_	_	_
352-4	TOI034	352	352	4	(.)	(.)	_	_	_	_	_	shortpause	_	none	_	_	_	_	_	_
352-5	TOI034	352	352	5	[non	non	_	_	_	_	_	linguistic	_	none	_	_	_	_	_	0-3(95)
352-6	TOI034	352	352	6	c'	c'	_	_	_	_	_	linguistic	_	none	SpaceAfter=No	_	_	_	_	0-2(95)
352-7	TOI034	352	352	7	ero	ero	_	_	_	_	_	linguistic	_	none	_	_	_	_	_	0-3(95)
352-8	TOI034	352	352	8	sol]o	solo	_	_	_	_	_	linguistic	_	none	_	_	_	_	_	0-3(95)
352-9	TOI034	352	352	9	la	la	_	_	_	_	_	linguistic	_	none	_	_	_	_	_	_
352-10	TOI034	352	352	10	notte:	notte	_	_	_	_	_	linguistic	_	none	_	_	4x1	_	_	_
352-11	TOI034	352	352	11	ma	ma	_	_	_	_	_	linguistic	_	none	_	End=844.32	_	_	_	_
353-0	TOR006	353	353	0	[oka:y]	okay	_	_	_	_	_	linguistic	_	none	_	Begin=842.617|End=843.42	2x1	_	_	0-4(95)
354-0	TOI034	354	354	0	fino	fino	_	_	_	_	_	linguistic	_	none	_	Begin=844.51	_	_	_	_
354-1	TOI034	354	354	1	che	che	_	_	_	_	_	linguistic	_	none	_	_	_	_	_	_
354-2	TOI034	354	354	2	si	si	_	_	_	_	_	linguistic	_	none	_	_	_	_	_	_
354-3	TOI034	354	354	3	addormentava	addormentava	_	_	_	_	_	linguistic	_	none	_	_	_	_	_	_
354-4	TOI034	354	354	4	e	e	_	_	_	_	_	linguistic	_	none	_	_	_	_	_	_
354-5	TOI034	354	354	5	[quando	quando	_	_	_	_	_	linguistic	_	none	_	_	_	_	_	0-6(96)
354-6	TOI034	354	354	6	si	si	_	_	_	_	_	linguistic	_	none	_	_	_	_	_	0-2(96)
354-7	TOI034	354	354	7	svegliava	svegliava	_	_	_	_	_	linguistic	_	none	_	_	_	_	_	0-9(96)
354-8	TOI034	354	354	8	i]o	io	_	_	_	_	_	linguistic	_	none	_	_	_	_	_	0-1(96)
354-9	TOI034	354	354	9	c'	c'	_	_	_	_	_	linguistic	_	none	SpaceAfter=No	_	_	_	_	_
354-10	TOI034	354	354	10	ero	ero	_	_	_	_	_	linguistic	_	none	_	End=846.923	_	_	_	_
355-0	TOR006	355	355	0	[oka:~]	oka~	_	_	_	_	_	linguistic	_	none	Interrupted=Yes	Begin=845.8|End=846.61	2x1	_	_	0-4(96)
356-0	TOR006	356	356	0	wow	wow	_	_	_	_	_	linguistic	_	none	_	Begin=847.91|End=848.291	_	_	_	_
357-0	TOR006	357	357	0	che	che	_	_	_	_	_	linguistic	_	none	_	Begin=848.91	_	_	_	_
357-1	TOR006	357	357	1	bello	bello	_	_	_	_	_	linguistic	_	none	_	End=849.513	_	_	_	_
358-0	TOR006	358	358	0	e::h	eh	_	_	_	_	_	linguistic	_	none	_	Begin=850.62	0x2	_	_	_
358-1	TOR006	358	358	1	>mi	mi	_	_	_	_	_	linguistic	_	none	_	_	_	Fast=0-2(0)	_	_
358-2	TOR006	358	358	2	sta	sta	_	_	_	_	_	linguistic	_	none	_	_	_	Fast=0-3(0)	_	_
358-3	TOR006	358	358	3	venendo	venendo	_	_	_	_	_	linguistic	_	none	_	_	_	Fast=0-7(0)	_	_
358-4	TOR006	358	358	4	da	da	_	_	_	_	_	linguistic	_	none	_	_	_	Fast=0-2(0)	_	_
358-5	TOR006	358	358	5	piangere<	piangere	_	_	_	_	_	linguistic	_	none	_	_	_	Fast=0-8(0)	_	_
358-6	TOR006	358	358	6	e:h	eh	_	_	_	_	_	linguistic	_	none	_	_	0x1	_	_	_
358-7	TOR006	358	358	7	cambiamo	cambiamo	_	_	_	_	_	linguistic	_	none	_	_	_	_	_	_
358-8	TOR006	358	358	8	argomento	argomento	_	_	_	_	_	linguistic	_	none	_	End=854.121	_	_	_	_
359-0	TOI034	359	359	0	((ride))	((ride))	_	_	_	_	_	nonverbalbehavior	_	none	_	Begin=853.02|End=853.61	_	_	_	_
360-0	TOR006	360	360	0	no	no	_	_	_	_	_	linguistic	_	none	_	Begin=854.71	_	_	_	_
360-1	TOR006	360	360	1	vabbè	vabbè	_	_	_	_	_	linguistic	_	none	_	_	_	_	_	_
360-2	TOR006	360	360	2	quindi	quindi	_	_	_	_	_	linguistic	_	none	_	_	_	_	_	_
360-3	TOR006	360	360	3	>okay	okay	_	_	_	_	_	linguistic	_	none	_	_	_	Fast=0-4(0)	_	_
360-4	TOR006	360	360	4	voglio	voglio	_	_	_	_	_	linguistic	_	none	_	_	_	Fast=0-6(0)	_	_
360-5	TOR006	360	360	5	chiederti:<	chiederti	_	_	_	_	_	linguistic	_	none	_	_	8x1	Fast=0-9(0)	_	_
360-6	TOR006	360	360	6	una	una	_	_	_	_	_	linguistic	_	none	_	_	_	_	_	_
360-7	TOR006	360	360	7	cosa	cosa	_	_	_	_	_	linguistic	_	none	_	End=857.91	_	_	_	_
361-0	TOR006	361	361	0	e:hm::	ehm	_	_	_	_	_	linguistic	_	none	_	Begin=859.11|End=860.429	0x1,2x2	_	_	_
362-0	TOR006	362	362	0	c(io)è	cioè	_	_	_	_	_	linguistic	_	none	Reduced=Yes	Begin=861.81	_	_	_	_
362-1	TOR006	362	362	1	questi	questi	_	_	_	_	_	linguistic	_	none	_	_	_	_	_	_
362-2	TOR006	362	362	2	due	due	_	_	_	_	_	linguistic	_	none	_	_	_	_	_	_
362-3	TOR006	362	362	3	lavori,	lavori	_	_	_	_	_	linguistic	_	none	Intonation=WeaklyRising	End=863.21	_	_	_	_
363-0	TOR006	363	363	0	m:h	mh	_	_	_	_	_	linguistic	_	none	_	Begin=864.02	0x1	_	_	_
363-1	TOR006	363	363	1	rispetto	rispetto	_	_	_	_	_	linguistic	_	none	_	_	_	_	_	_
363-2	TOR006	363	363	2	al	al	_	_	_	_	_	linguistic	_	none	_	_	_	_	_	_
363-3	TOR006	363	363	3	lavoro	lavoro	_	_	_	_	_	linguistic	_	none	_	_	_	_	_	_
363-4	TOR006	363	363	4	di:	di	_	_	_	_	_	linguistic	_	none	_	_	1x1	_	_	_
363-5	TOR006	363	363	5	oggi,	oggi	_	_	_	_	_	linguistic	_	none	Intonation=WeaklyRising	End=866.52	_	_	_	_
364-0	TOR006	364	364	0	pro	pro	_	_	_	_	_	linguistic	_	none	_	Begin=867.61	_	_	_	_
364-1	TOR006	364	364	1	e	e	_	_	_	_	_	linguistic	_	none	_	_	_	_	_	_
364-2	TOR006	364	364	2	contro?	contro	_	_	_	_	_	linguistic	_	none	Intonation=Rising	End=868.51	_	_	_	_
365-0	TOI034	365	365	0	>allora<	allora	_	_	_	_	_	linguistic	_	none	_	Begin=870.21	_	Fast=0-6(0)	_	_
365-1	TOI034	365	365	1	senz'	senz'	_	_	_	_	_	linguistic	_	none	SpaceAfter=No	_	_	_	_	_
365-2	TOI034	365	365	2	altro:	altro	_	_	_	_	_	linguistic	_	none	_	_	4x1	_	_	_
365-3	TOI034	365	365	3	quello	quello	_	_	_	_	_	linguistic	_	none	_	_	_	_	_	_
365-4	TOI034	365	365	4	che	che	_	_	_	_	_	linguistic	_	none	_	_	_	_	_	_
365-5	TOI034	365	365	5	ti	ti	_	_	_	_	_	linguistic	_	none	_	_	_	_	_	_
365-6	TOI034	365	365	6	dà	dà	_	_	_	_	_	linguistic	_	none	_	_	_	_	_	_
365-7	TOI034	365	365	7	un	un	_	_	_	_	_	linguistic	_	none	_	_	_	_	_	_
365-8	TOI034	365	365	8	bambino	bambino	_	_	_	_	_	linguistic	_	none	_	End=873.007	_	_	_	_
366-0	TOI034	366	366	0	ma	ma	_	_	_	_	_	linguistic	_	none	_	Begin=873.61	_	_	_	_
366-1	TOI034	366	366	1	anche	anche	_	_	_	_	_	linguistic	_	none	_	_	_	_	_	_
366-2	TOI034	366	366	2	semplicemente	semplicemente	_	_	_	_	_	linguistic	_	none	_	_	_	_	_	_
366-3	TOI034	366	366	3	senza	senza	_	_	_	_	_	linguistic	_	none	_	_	_	_	_	_
366-4	TOI034	366	366	4	farlo	farlo	_	_	_	_	_	linguistic	_	none	_	_	_	_	_	_
366-5	TOI034	366	366	5	come	come	_	_	_	_	_	linguistic	_	none	_	_	_	_	_	_
366-6	TOI034	366	366	6	lavoro	lavoro	_	_	_	_	_	linguistic	_	none	_	_	_	_	_	_
366-7	TOI034	366	366	7	non	non	_	_	_	_	_	linguistic	_	none	_	_	_	_	_	_
366-8	TOI034	366	366	8	non	non	_	_	_	_	_	linguistic	_	none	ProsodicLink=Yes	_	_	_	_	_
366-9	TOI034	366	366	9	e~	e~	_	_	_	_	_	linguistic	_	none	Interrupted=Yes	_	_	_	_	_
366-10	TOI034	366	366	10	non	non	_	_	_	_	_	linguistic	_	none	ProsodicLink=Yes	_	_	_	_	_
366-11	TOI034	366	366	11	eguaglia:	eguaglia	_	_	_	_	_	linguistic	_	none	_	_	7x1	_	_	_
366-12	TOI034	366	366	12	un	un	_	_	_	_	_	linguistic	_	none	_	End=878.41	_	_	_	_
367-0	TOI034	367	367	0	un	un	_	_	_	_	_	linguistic	_	none	_	Begin=878.81	_	_	_	_
367-1	TOI034	367	367	1	lavoro	lavoro	_	_	_	_	_	linguistic	_	none	_	_	_	_	_	_
367-2	TOI034	367	367	2	in	in	_	_	_	_	_	linguistic	_	none	_	_	_	_	_	_
367-3	TOI034	367	367	3	f[abbrica]	fabbrica	_	_	_	_	_	linguistic	_	none	_	End=880.01	_	_	_	1-8(97)
368-0	TOR006	368	368	0	[mhmh]	mhmh	_	_	_	_	_	linguistic	_	none	_	Begin=879.6|End=880.009	_	_	_	0-4(97)
369-0	TOI034	369	369	0	>però	però	_	_	_	_	_	linguistic	_	none	_	Begin=880.8	_	Fast=0-4(0)	_	_
369-1	TOI034	369	369	1	io	io	_	_	_	_	_	linguistic	_	none	_	_	_	Fast=0-2(0)	_	_
369-2	TOI034	369	369	2	sono	sono	_	_	_	_	_	linguistic	_	none	_	_	_	Fast=0-4(0)	_	_
369-3	TOI034	369	369	3	una	una	_	_	_	_	_	linguistic	_	none	_	_	_	Fast=0-3(0)	_	_
369-4	TOI034	369	369	4	persona	persona	_	_	_	_	_	linguistic	_	none	_	_	_	Fast=0-7(0)	_	_
369-5	TOI034	369	369	5	particolarmente<	particolarmente	_	_	_	_	_	linguistic	_	none	_	_	_	Fast=0-15(0)	_	_
369-6	TOI034	369	369	6	curiosa	curiosa	_	_	_	_	_	linguistic	_	none	_	_	_	_	_	_
369-7	TOI034	369	369	7	e	e	_	_	_	_	_	linguistic	_	none	_	_	_	_	_	_
369-8	TOI034	369	369	8	anche:	anche	_	_	_	_	_	linguistic	_	none	_	End=884.0	4x1	_	_	_
370-0	TOI034	370	370	0	fin	fin	_	_	_	_	_	linguistic	_	none	_	Begin=884.81	_	_	_	_
370-1	TOI034	370	370	1	troppo	troppo	_	_	_	_	_	linguistic	_	none	_	_	_	_	_	_
370-2	TOI034	370	370	2	metodica	metodica	_	_	_	_	_	linguistic	_	none	_	_	_	_	_	_
370-3	TOI034	370	370	3	e	e	_	_	_	_	_	linguistic	_	none	_	_	_	_	_	_
370-4	TOI034	370	370	4	precisa	precisa	_	_	_	_	_	linguistic	_	none	_	End=886.511	_	_	_	_
371-0	TOR006	371	371	0	m[hmh]	mhmh	_	_	_	_	_	linguistic	_	none	_	Begin=887.01|End=887.41	_	_	_	1-4(98)
372-0	TOI034	372	372	0	[quindi	quindi	_	_	_	_	_	linguistic	_	none	_	Begin=887.11	_	_	_	0-6(98)
372-1	TOI034	372	372	1	m]i	mi	_	_	_	_	_	linguistic	_	none	_	_	_	_	_	0-1(98)
372-2	TOI034	372	372	2	trovo	trovo	_	_	_	_	_	linguistic	_	none	_	_	_	_	_	_
372-3	TOI034	372	372	3	bene	bene	_	_	_	_	_	linguistic	_	none	_	_	_	_	_	_
372-4	TOI034	372	372	4	perché:	perché	_	_	_	_	_	linguistic	_	none	_	End=889.002	5x1	_	_	_
373-0	TOI034	373	373	0	riesco:	riesco	_	_	_	_	_	linguistic	_	none	_	Begin=889.51	5x1	_	_	_
373-1	TOI034	373	373	1	ad	ad	_	_	_	_	_	linguistic	_	none	_	_	_	_	_	_
373-2	TOI034	373	373	2	eccellere	eccellere	_	_	_	_	_	linguistic	_	none	_	_	_	_	_	_
373-3	TOI034	373	373	3	anche	anche	_	_	_	_	_	linguistic	_	none	_	_	_	_	_	_
373-4	TOI034	373	373	4	in	in	_	_	_	_	_	linguistic	_	none	_	_	_	_	_	_
373-5	TOI034	373	373	5	un	un	_	_	_	_	_	linguistic	_	none	_	_	_	_	_	_
373-6	TOI034	373	373	6	contesto	contesto	_	_	_	_	_	linguistic	_	none	_	_	_	_	_	_
373-7	TOI034	373	373	7	in	in	_	_	_	_	_	linguistic	_	none	_	_	_	_	_	_
373-8	TOI034	373	373	8	cui:	cui	_	_	_	_	_	linguistic	_	none	_	End=892.22	2x1	_	_	_
374-0	TOR006	374	374	0	mh[mh]	mhmh	_	_	_	_	_	linguistic	_	none	_	Begin=892.22|End=892.702	_	_	_	2-4(99)
375-0	TOI034	375	375	0	[bast]a	basta	_	_	_	_	_	linguistic	_	none	_	Begin=892.41	_	_	_	0-4(99)
375-1	TOI034	375	375	1	poco	poco	_	_	_	_	_	linguistic	_	none	_	_	_	_	_	_
375-2	TOI034	375	375	2	insomma	insomma	_	_	_	_	_	linguistic	_	none	_	End=893.392	_	_	_	_
376-0	TOR006	376	376	0	c(io)è	cioè	_	_	_	_	_	linguistic	_	none	Reduced=Yes	Begin=893.71	_	_	_	_
376-1	TOR006	376	376	1	fai	fai	_	_	_	_	_	linguistic	_	none	_	_	_	_	_	_
376-2	TOR006	376	376	2	un	un	_	_	_	_	_	linguistic	_	none	_	_	_	_	_	_
376-3	TOR006	376	376	3	lavoro	lavoro	_	_	_	_	_	linguistic	_	none	_	_	_	_	_	_
376-4	TOR006	376	376	4	mol~	mol~	_	_	_	_	_	linguistic	_	none	Interrupted=Yes	_	_	_	_	_
376-5	TOR006	376	376	5	in	in	_	_	_	_	_	linguistic	_	none	_	_	_	_	_	_
376-6	TOR006	376	376	6	cui	cui	_	_	_	_	_	linguistic	_	none	_	_	_	_	_	_
376-7	TOR006	376	376	7	ci	ci	_	_	_	_	_	linguistic	_	none	_	_	_	_	_	_
376-8	TOR006	376	376	8	va	va	_	_	_	_	_	linguistic	_	none	_	_	_	_	_	_
376-9	TOR006	376	376	9	molta	molta	_	_	_	_	_	linguistic	_	none	_	_	_	_	_	_
376-10	TOR006	376	376	10	precisione	precisione	_	_	_	_	_	linguistic	_	none	_	_	_	_	_	_
376-11	TOR006	376	376	11	quindi	quindi	_	_	_	_	_	linguistic	_	none	_	End=897.137	_	_	_	_
377-0	TOI034	377	377	0	dipende	dipende	_	_	_	_	_	linguistic	_	none	_	Begin=897.71	_	_	_	_
377-1	TOI034	377	377	1	da	da	_	_	_	_	_	linguistic	_	none	_	_	_	_	_	_
377-2	TOI034	377	377	2	che	che	_	_	_	_	_	linguistic	_	none	_	_	_	_	_	_
377-3	TOI034	377	377	3	testa	testa	_	_	_	_	_	linguistic	_	none	_	_	_	_	_	_
377-4	TOI034	377	377	4	hai	hai	_	_	_	_	_	linguistic	_	none	_	_	_	_	_	_
377-5	TOI034	377	377	5	se	se	_	_	_	_	_	linguistic	_	none	_	_	_	_	_	_
377-6	TOI034	377	377	6	vuoi:	vuoi	_	_	_	_	_	linguistic	_	none	_	_	3x1	_	_	_
377-7	TOI034	377	377	7	>lavorare	lavorare	_	_	_	_	_	linguistic	_	none	_	_	_	Fast=0-8(0)	_	_
377-8	TOI034	377	377	8	bene<	bene	_	_	_	_	_	linguistic	_	none	_	_	_	Fast=0-4(0)	_	_
377-9	TOI034	377	377	9	metti	metti	_	_	_	_	_	linguistic	_	none	_	_	_	Slow=0-5(0)	_	_
377-10	TOI034	377	377	10	tanta	tanta	_	_	_	_	_	linguistic	_	none	_	_	_	Slow=0-5(0)	_	_
377-11	TOI034	377	377	11	precisione	precisione	_	_	_	_	_	linguistic	_	none	_	_	_	Slow=0-10(0)	_	_
377-12	TOI034	377	377	12	poi	poi	_	_	_	_	_	linguistic	_	none	_	_	_	Slow=0-3(0)	_	_
377-13	TOI034	377	377	13	an~	an~	_	_	_	_	_	linguistic	_	none	Interrupted=Yes	_	_	Slow=0-3(0)	_	_
377-14	TOI034	377	377	14	e	e	_	_	_	_	_	linguistic	_	none	_	_	_	Slow=0-1(0)	_	_
377-15	TOI034	377	377	15	per	per	_	_	_	_	_	linguistic	_	none	_	_	_	Slow=0-3(0)	_	_
377-16	TOI034	377	377	16	me	me	_	_	_	_	_	linguistic	_	none	_	_	_	Slow=0-2(0)	_	_
377-17	TOI034	377	377	17	non	non	_	_	_	_	_	linguistic	_	none	_	_	_	Slow=0-3(0)	_	_
377-18	TOI034	377	377	18	è	è	_	_	_	_	_	linguistic	_	none	_	_	_	Slow=0-1(0)	_	_
377-19	TOI034	377	377	19	una	una	_	_	_	_	_	linguistic	_	none	_	_	_	Slow=0-3(0)	_	_
377-20	TOI034	377	377	20	>questione	questione	_	_	_	_	_	linguistic	_	none	_	_	_	Fast=0-9(1)	_	_
377-21	TOI034	377	377	21	di	di	_	_	_	_	_	linguistic	_	none	_	_	_	Fast=0-2(1)	_	_
377-22	TOI034	377	377	22	lavorare	lavorare	_	_	_	_	_	linguistic	_	none	_	_	_	Fast=0-8(1)	_	_
377-23	TOI034	377	377	23	bene	bene	_	_	_	_	_	linguistic	_	none	_	_	_	Fast=0-4(1)	_	_
377-24	TOI034	377	377	24	è	è	_	_	_	_	_	linguistic	_	none	_	_	_	Fast=0-1(1)	_	_
377-25	TOI034	377	377	25	che	che	_	_	_	_	_	linguistic	_	none	_	_	_	Fast=0-3(1)	_	_
377-26	TOI034	377	377	26	riesco	riesco	_	_	_	_	_	linguistic	_	none	_	_	_	Fast=0-6(1)	_	_
377-27	TOI034	377	377	27	a	a	_	_	_	_	_	linguistic	_	none	_	_	_	Fast=0-1(1)	_	_
377-28	TOI034	377	377	28	lavorare	lavorare	_	_	_	_	_	linguistic	_	none	_	_	_	Fast=0-8(1)	_	_
377-29	TOI034	377	377	29	solo	solo	_	_	_	_	_	linguistic	_	none	_	_	_	Fast=0-4(1)	_	_
377-30	TOI034	377	377	30	così<	così	_	_	_	_	_	linguistic	_	none	_	End=904.891	_	Fast=0-4(1)	_	_
378-0	TOR006	378	378	0	ok[ay]	okay	_	_	_	_	_	linguistic	_	none	_	Begin=905.01|End=905.536	_	_	_	2-4(100)
379-0	TOI034	379	379	0	[non]	non	_	_	_	_	_	linguistic	_	none	_	Begin=905.3	_	_	_	0-3(100)
379-1	TOI034	379	379	1	ho	ho	_	_	_	_	_	linguistic	_	none	_	_	_	_	_	_
379-2	TOI034	379	379	2	grandi:	grandi	_	_	_	_	_	linguistic	_	none	_	End=906.516	5x1	_	_	_
380-0	TOI034	380	380	0	(n[on	non	_	_	_	_	_	linguistic	_	none	_	Begin=906.71	_	_	0-3(0)	1-3(101)
380-1	TOI034	380	380	1	spazio)]	spazio	_	_	_	_	_	linguistic	_	none	_	End=907.398	_	_	0-6(0)	0-6(101)
381-0	TOR006	381	381	0	[quindi,	quindi	_	_	_	_	_	linguistic	_	none	Intonation=WeaklyRising	Begin=906.796	_	_	_	0-6(101)
381-1	TOR006	381	381	1	°o]kay°	okay	_	_	_	_	_	linguistic	_	none	Volume=low	_	_	_	_	0-1(101)
381-2	TOR006	381	381	2	però	però	_	_	_	_	_	linguistic	_	none	_	_	_	_	_	_
381-3	TOR006	381	381	3	diciamo	diciamo	_	_	_	_	_	linguistic	_	none	_	_	_	_	_	_
381-4	TOR006	381	381	4	che	che	_	_	_	_	_	linguistic	_	none	_	_	_	_	_	_
381-5	TOR006	381	381	5	hai	hai	_	_	_	_	_	linguistic	_	none	_	_	_	_	_	_
381-6	TOR006	381	381	6	trovato	trovato	_	_	_	_	_	linguistic	_	none	_	_	_	_	_	_
381-7	TOR006	381	381	7	un	un	_	_	_	_	_	linguistic	_	none	_	_	_	_	_	_
381-8	TOR006	381	381	8	lavoro	lavoro	_	_	_	_	_	linguistic	_	none	_	End=909.503	_	_	_	_
382-0	TOR006	382	382	0	che	che	_	_	_	_	_	linguistic	_	none	_	Begin=910.0	_	_	_	_
382-1	TOR006	382	382	1	comunque	comunque	_	_	_	_	_	linguistic	_	none	_	End=910.808	_	_	_	_
383-0	TOR006	383	383	0	è	è	_	_	_	_	_	linguistic	_	none	_	Begin=911.61	_	_	_	_
383-1	TOR006	383	383	1	incline	incline	_	_	_	_	_	linguistic	_	none	_	_	_	_	_	_
383-2	TOR006	383	383	2	al:le	alle	_	_	_	_	_	linguistic	_	none	_	_	1x1	_	_	_
383-3	TOR006	383	383	3	tue	tue	_	_	_	_	_	linguistic	_	none	_	_	_	_	_	_
383-4	TOR006	383	383	4	doti	doti	_	_	_	_	_	linguistic	_	none	_	_	_	_	_	_
383-5	TOR006	383	383	5	no?	no	_	_	_	_	_	linguistic	_	none	Intonation=Rising	End=913.32	_	_	_	_
384-0	TOI034	384	384	0	sì	sì	_	_	_	_	_	linguistic	_	none	_	Begin=913.61	_	_	_	_
384-1	TOI034	384	384	1	sì	sì	_	_	_	_	_	linguistic	_	none	_	_	_	_	_	_
384-2	TOI034	384	384	2	potenzialmente	potenzialmente	_	_	_	_	_	linguistic	_	none	_	_	_	_	_	_
384-3	TOI034	384	384	3	sì	sì	_	_	_	_	_	linguistic	_	none	PauseAfter=Yes	_	_	_	_	_
384-4	TOI034	384	384	4	(.)	(.)	_	_	_	_	_	shortpause	_	none	_	_	_	_	_	_
384-5	TOI034	384	384	5	[io:	io	_	_	_	_	_	linguistic	_	none	_	_	1x1	_	_	0-2(102)
384-6	TOI034	384	384	6	ho	ho	_	_	_	_	_	linguistic	_	none	_	_	_	_	_	0-2(102)
384-7	TOI034	384	384	7	se]mpre	sempre	_	_	_	_	_	linguistic	_	none	_	_	_	_	_	0-2(102)
384-8	TOI034	384	384	8	dato	dato	_	_	_	_	_	linguistic	_	none	_	_	_	_	_	_
384-9	TOI034	384	384	9	per	per	_	_	_	_	_	linguistic	_	none	_	_	_	_	_	_
384-10	TOI034	384	384	10	scontato	scontato	_	_	_	_	_	linguistic	_	none	_	_	_	_	_	_
384-11	TOI034	384	384	11	il	il	_	_	_	_	_	linguistic	_	none	_	_	_	_	_	_
384-12	TOI034	384	384	12	lavoro	lavoro	_	_	_	_	_	linguistic	_	none	_	_	_	_	_	_
384-13	TOI034	384	384	13	operaio	operaio	_	_	_	_	_	linguistic	_	none	_	_	_	_	_	_
384-14	TOI034	384	384	14	perché	perché	_	_	_	_	_	linguistic	_	none	_	_	_	_	_	_
384-15	TOI034	384	384	15	per	per	_	_	_	_	_	linguistic	_	none	_	_	_	_	_	_
384-16	TOI034	384	384	16	me	me	_	_	_	_	_	linguistic	_	none	_	_	_	_	_	_
384-17	TOI034	384	384	17	era	era	_	_	_	_	_	linguistic	_	none	_	_	_	_	_	_
384-18	TOI034	384	384	18	un	un	_	_	_	_	_	linguistic	_	none	_	_	_	_	_	_
384-19	TOI034	384	384	19	lavoro	lavoro	_	_	_	_	_	linguistic	_	none	_	End=919.04	_	_	_	_
385-0	TOR006	385	385	0	[okay]	okay	_	_	_	_	_	linguistic	_	none	_	Begin=915.085|End=915.71	_	_	_	0-4(102)
386-0	TOR006	386	386	0	mhmh	mhmh	_	_	_	_	_	linguistic	_	none	_	Begin=919.41|End=919.804	_	_	_	_
387-0	TOI034	387	387	0	poi	poi	_	_	_	_	_	linguistic	_	none	_	Begin=919.86	_	_	_	_
387-1	TOI034	387	387	1	in	in	_	_	_	_	_	linguistic	_	none	_	_	_	_	_	_
387-2	TOI034	387	387	2	realtà	realtà	_	_	_	_	_	linguistic	_	none	_	_	_	_	_	_
387-3	TOI034	387	387	3	ho	ho	_	_	_	_	_	linguistic	_	none	_	_	_	_	_	_
387-4	TOI034	387	387	4	scoperto	scoperto	_	_	_	_	_	linguistic	_	none	_	_	_	_	_	_
387-5	TOI034	387	387	5	che	che	_	_	_	_	_	linguistic	_	none	_	_	_	_	_	_
387-6	TOI034	387	387	6	ha:	ha	_	_	_	_	_	linguistic	_	none	PauseAfter=Yes	_	1x1	_	_	_
387-7	TOI034	387	387	7	(.)	(.)	_	_	_	_	_	shortpause	_	none	_	_	_	_	_	_
387-8	TOI034	387	387	8	svari[ati:	svariati	_	_	_	_	_	linguistic	_	none	_	_	7x1	_	_	5-8(103)
387-9	TOI034	387	387	9	a]spetti	aspetti	_	_	_	_	_	linguistic	_	none	_	_	_	_	_	0-1(103)
387-10	TOI034	387	387	10	per	per	_	_	_	_	_	linguistic	_	none	_	_	_	_	_	_
387-11	TOI034	387	387	11	ogni	ogni	_	_	_	_	_	linguistic	_	none	_	_	_	_	_	_
387-12	TOI034	387	387	12	posto	posto	_	_	_	_	_	linguistic	_	none	_	_	_	_	_	_
387-13	TOI034	387	387	13	in	in	_	_	_	_	_	linguistic	_	none	_	_	_	_	_	_
387-14	TOI034	387	387	14	ogni	ogni	_	_	_	_	_	linguistic	_	none	_	_	_	_	_	_
387-15	TOI034	387	387	15	azienda	azienda	_	_	_	_	_	linguistic	_	none	_	_	_	_	_	_
387-16	TOI034	387	387	16	con	con	_	_	_	_	_	linguistic	_	none	_	_	_	_	_	_
387-17	TOI034	387	387	17	ogni:	ogni	_	_	_	_	_	linguistic	_	none	_	_	3x1	_	_	_
387-18	TOI034	387	387	18	tipo	tipo	_	_	_	_	_	linguistic	_	none	_	_	_	_	_	_
387-19	TOI034	387	387	19	di	di	_	_	_	_	_	linguistic	_	none	_	_	_	_	_	_
387-20	TOI034	387	387	20	personale	personale	_	_	_	_	_	linguistic	_	none	_	_	_	_	_	_
387-21	TOI034	387	387	21	quindi	quindi	_	_	_	_	_	linguistic	_	none	_	End=927.301	_	_	_	_
388-0	TOR006	388	388	0	[mhmh]	mhmh	_	_	_	_	_	linguistic	_	none	_	Begin=922.305|End=922.81	_	_	_	0-4(103)
389-0	TOR006	389	389	0	okay	okay	_	_	_	_	_	linguistic	_	none	_	Begin=927.71|End=928.523	_	_	_	_
390-0	TOI034	390	390	0	forse	forse	_	_	_	_	_	linguistic	_	none	_	Begin=928.6	_	_	_	_
390-1	TOI034	390	390	1	sì	sì	_	_	_	_	_	linguistic	_	none	_	_	_	_	_	_
390-2	TOI034	390	390	2	potrei	potrei	_	_	_	_	_	linguistic	_	none	_	_	_	_	_	_
390-3	TOI034	390	390	3	aver	aver	_	_	_	_	_	linguistic	_	none	_	_	_	_	_	_
390-4	TOI034	390	390	4	trovato	trovato	_	_	_	_	_	linguistic	_	none	_	_	_	_	_	_
390-5	TOI034	390	390	5	qualcosa	qualcosa	_	_	_	_	_	linguistic	_	none	_	_	_	_	_	_
390-6	TOI034	390	390	6	di:	di	_	_	_	_	_	linguistic	_	none	_	_	1x1	_	_	_
390-7	TOI034	390	390	7	un	un	_	_	_	_	_	linguistic	_	none	_	_	_	_	_	_
390-8	TOI034	390	390	8	po'	po'	_	_	_	_	_	linguistic	_	none	_	_	_	_	_	_
390-9	TOI034	390	390	9	più	più	_	_	_	_	_	linguistic	_	none	_	_	_	_	_	_
390-10	TOI034	390	390	10	mio	mio	_	_	_	_	_	linguistic	_	none	PauseAfter=Yes	_	_	_	_	_
390-11	TOI034	390	390	11	(.)	(.)	_	_	_	_	_	shortpause	_	none	_	_	_	_	_	_
390-12	TOI034	390	390	12	sicuramente	sicuramente	_	_	_	_	_	linguistic	_	none	_	_	_	_	_	_
390-13	TOI034	390	390	13	non	non	_	_	_	_	_	linguistic	_	none	_	_	_	_	_	_
390-14	TOI034	390	390	14	lo	lo	_	_	_	_	_	linguistic	_	none	_	_	_	_	_	_
390-15	TOI034	390	390	15	farò	farò	_	_	_	_	_	linguistic	_	none	_	_	_	_	_	_
390-16	TOI034	390	390	16	per	per	_	_	_	_	_	linguistic	_	none	_	_	_	_	_	_
390-17	TOI034	390	390	17	tutta	tutta	_	_	_	_	_	linguistic	_	none	_	_	_	_	_	_
390-18	TOI034	390	390	18	la	la	_	_	_	_	_	linguistic	_	none	_	_	_	_	_	_
390-19	TOI034	390	390	19	vita	vita	_	_	_	_	_	linguistic	_	none	_	End=933.307	_	_	_	_
391-0	TOR006	391	391	0	mhmh	mhmh	_	_	_	_	_	linguistic	_	none	_	Begin=933.307|End=933.813	_	_	_	_
392-0	TOR006	392	392	0	e	e	_	_	_	_	_	linguistic	_	none	_	Begin=934.115	_	_	_	_
392-1	TOR006	392	392	1	cosa:	cosa	_	_	_	_	_	linguistic	_	none	_	_	3x1	_	_	_
392-2	TOR006	392	392	2	vorresti	vorresti	_	_	_	_	_	linguistic	_	none	_	_	_	_	_	_
392-3	TOR006	392	392	3	fare	fare	_	_	_	_	_	linguistic	_	none	_	_	_	_	_	_
392-4	TOR006	392	392	4	per	per	_	_	_	_	_	linguistic	_	none	_	_	_	_	_	_
392-5	TOR006	392	392	5	tutta	tutta	_	_	_	_	_	linguistic	_	none	_	_	_	_	_	_
392-6	TOR006	392	392	6	la	la	_	_	_	_	_	linguistic	_	none	_	_	_	_	_	_
392-7	TOR006	392	392	7	vita?	vita	_	_	_	_	_	linguistic	_	none	Intonation=Rising	End=936.41	_	_	_	_
393-0	TOI034	393	393	0	c(io)è	cioè	_	_	_	_	_	linguistic	_	none	Reduced=Yes|ProsodicLink=Yes	Begin=937.32	_	_	_	_
393-1	TOI034	393	393	1	un	un	_	_	_	_	_	linguistic	_	none	_	_	_	_	_	_
393-2	TOI034	393	393	2	contesto	contesto	_	_	_	_	_	linguistic	_	none	_	_	_	_	_	_
393-3	TOI034	393	393	3	leggermente	leggermente	_	_	_	_	_	linguistic	_	none	_	_	_	_	_	_
393-4	TOI034	393	393	4	superiore	superiore	_	_	_	_	_	linguistic	_	none	_	_	_	_	_	_
393-5	TOI034	393	393	5	per	per	_	_	_	_	_	linguistic	_	none	_	_	_	_	_	_
393-6	TOI034	393	393	6	quanto	quanto	_	_	_	_	_	linguistic	_	none	_	_	_	_	_	_
393-7	TOI034	393	393	7	riguarda	riguarda	_	_	_	_	_	linguistic	_	none	_	_	_	_	_	_
393-8	TOI034	393	393	8	la	la	_	_	_	_	_	linguistic	_	none	_	_	_	_	_	_
393-9	TOI034	393	393	9	produzione:	produzione	_	_	_	_	_	linguistic	_	none	_	End=941.501	9x1	_	_	_
394-0	TOI034	394	394	0	in	in	_	_	_	_	_	linguistic	_	none	_	Begin=942.22	_	_	_	_
394-1	TOI034	394	394	1	fabbrica	fabbrica	_	_	_	_	_	linguistic	_	none	_	_	_	_	_	_
394-2	TOI034	394	394	2	[che	che	_	_	_	_	_	linguistic	_	none	_	_	_	_	_	0-3(104)
394-3	TOI034	394	394	3	è	è	_	_	_	_	_	linguistic	_	none	_	_	_	_	_	0-1(104)
394-4	TOI034	394	394	4	la]	la	_	_	_	_	_	linguistic	_	none	_	_	_	_	_	0-2(104)
394-5	TOI034	394	394	5	qualità	qualità	_	_	_	_	_	linguistic	_	none	PauseAfter=Yes	_	_	_	_	_
394-6	TOI034	394	394	6	(.)	(.)	_	_	_	_	_	shortpause	_	none	_	_	_	_	_	_
394-7	TOI034	394	394	7	[mi	mi	_	_	_	_	_	linguistic	_	none	_	_	_	_	_	0-2(105)
394-8	TOI034	394	394	8	basterebbe]:	basterebbe	_	_	_	_	_	linguistic	_	none	_	_	9x1	_	_	0-10(105)
394-9	TOI034	394	394	9	vorrei	vorrei	_	_	_	_	_	linguistic	_	none	_	_	_	_	_	_
394-10	TOI034	394	394	10	fare	fare	_	_	_	_	_	linguistic	_	none	_	_	_	_	_	_
394-11	TOI034	394	394	11	qualche	qualche	_	_	_	_	_	linguistic	_	none	_	_	_	_	_	_
394-12	TOI034	394	394	12	corso	corso	_	_	_	_	_	linguistic	_	none	_	_	_	_	_	_
394-13	TOI034	394	394	13	e	e	_	_	_	_	_	linguistic	_	none	_	_	_	_	_	_
394-14	TOI034	394	394	14	andare:	andare	_	_	_	_	_	linguistic	_	none	_	End=947.099	5x1	_	_	_
395-0	TOR006	395	395	0	[mhmh]	mhmh	_	_	_	_	_	linguistic	_	none	_	Begin=943.101|End=943.51	_	_	_	0-4(104)
396-0	TOR006	396	396	0	[okay]	okay	_	_	_	_	_	linguistic	_	none	_	Begin=944.4|End=945.11	_	_	_	0-4(105)
397-0	TOI034	397	397	0	>a	a	_	_	_	_	_	linguistic	_	none	_	Begin=947.41	_	Fast=0-1(0)	_	_
397-1	TOI034	397	397	1	lavorare	lavorare	_	_	_	_	_	linguistic	_	none	_	_	_	Fast=0-8(0)	_	_
397-2	TOI034	397	397	2	in:<	in	_	_	_	_	_	linguistic	_	none	PauseAfter=Yes	_	1x1	Fast=0-2(0)	_	_
397-3	TOI034	397	397	3	(.)	(.)	_	_	_	_	_	shortpause	_	none	_	_	_	_	_	_
397-4	TOI034	397	397	4	qualità	qualità	_	_	_	_	_	linguistic	_	none	_	End=948.61	_	_	_	_
398-0	TOR006	398	398	0	quindi:	quindi	_	_	_	_	_	linguistic	_	none	_	Begin=948.98|End=949.601	5x1	_	_	_
399-0	TOR006	399	399	0	mh	mh	_	_	_	_	_	linguistic	_	none	ProsodicLink=Yes	Begin=949.91	_	_	_	_
399-1	TOR006	399	399	1	spiegami	spiegami	_	_	_	_	_	linguistic	_	none	_	_	_	_	_	_
399-2	TOR006	399	399	2	cioé	cioé	_	_	_	_	_	linguistic	_	none	_	_	_	_	_	_
399-3	TOR006	399	399	3	io	io	_	_	_	_	_	linguistic	_	none	_	_	_	_	_	_
399-4	TOR006	399	399	4	non	non	_	_	_	_	_	linguistic	_	none	_	_	_	_	_	_
399-5	TOR006	399	399	5	so	so	_	_	_	_	_	linguistic	_	none	_	_	_	_	_	_
399-6	TOR006	399	399	6	proprio	proprio	_	_	_	_	_	linguistic	_	none	_	_	_	_	_	_
399-7	TOR006	399	399	7	cosa	cosa	_	_	_	_	_	linguistic	_	none	_	_	_	_	_	_
399-8	TOR006	399	399	8	sia	sia	_	_	_	_	_	linguistic	_	none	_	End=952.3	_	_	_	_
400-0	TOI034	400	400	0	qualunque:	qualunque	_	_	_	_	_	linguistic	_	none	_	Begin=952.6	8x1	_	_	_
400-1	TOI034	400	400	1	prodotto	prodotto	_	_	_	_	_	linguistic	_	none	_	_	_	_	_	_
400-2	TOI034	400	400	2	che	che	_	_	_	_	_	linguistic	_	none	_	_	_	_	_	_
400-3	TOI034	400	400	3	noi	noi	_	_	_	_	_	linguistic	_	none	_	_	_	_	_	_
400-4	TOI034	400	400	4	stampiamo	stampiamo	_	_	_	_	_	linguistic	_	none	_	End=955.01	_	_	_	_
401-0	TOR006	401	401	0	m[hmh]	mhmh	_	_	_	_	_	linguistic	_	none	_	Begin=955.21|End=955.703	_	_	_	1-4(106)
402-0	TOI034	402	402	0	[dev'	dev'	_	_	_	_	_	linguistic	_	none	SpaceAfter=No	Begin=955.31	_	_	_	0-4(106)
402-1	TOI034	402	402	1	es]sere	essere	_	_	_	_	_	linguistic	_	none	_	_	_	_	_	0-2(106)
402-2	TOI034	402	402	2	controllato	controllato	_	_	_	_	_	linguistic	_	none	_	End=956.499	_	_	_	_
403-0	TOI034	403	403	0	[e	e	_	_	_	_	_	linguistic	_	none	_	Begin=956.71	_	_	_	0-1(107)
403-1	TOI034	403	403	1	deve:]	deve	_	_	_	_	_	linguistic	_	none	_	_	3x1	_	_	0-4(107)
403-2	TOI034	403	403	2	rispettare	rispettare	_	_	_	_	_	linguistic	_	none	_	_	_	_	_	_
403-3	TOI034	403	403	3	dei	dei	_	_	_	_	_	linguistic	_	none	_	_	_	_	_	_
403-4	TOI034	403	403	4	criteri	criteri	_	_	_	_	_	linguistic	_	none	PauseAfter=Yes	_	_	_	_	_
403-5	TOI034	403	403	5	(.)	(.)	_	_	_	_	_	shortpause	_	none	_	_	_	_	_	_
403-6	TOI034	403	403	6	dei	dei	_	_	_	_	_	linguistic	_	none	_	_	_	_	_	_
403-7	TOI034	403	403	7	parametri	parametri	_	_	_	_	_	linguistic	_	none	_	_	_	_	_	_
403-8	TOI034	403	403	8	che	che	_	_	_	_	_	linguistic	_	none	_	_	_	_	_	_
403-9	TOI034	403	403	9	vengono:	vengono	_	_	_	_	_	linguistic	_	none	_	_	6x1	_	_	_
403-10	TOI034	403	403	10	misurati	misurati	_	_	_	_	_	linguistic	_	none	_	_	_	_	_	_
403-11	TOI034	403	403	11	con	con	_	_	_	_	_	linguistic	_	none	_	_	_	_	_	_
403-12	TOI034	403	403	12	strumenti	strumenti	_	_	_	_	_	linguistic	_	none	_	End=961.916	_	_	_	_
404-0	TOR006	404	404	0	[mhmh]	mhmh	_	_	_	_	_	linguistic	_	none	_	Begin=956.712|End=957.21	_	_	_	0-4(107)
405-0	TOR006	405	405	0	mhmh	mhmh	_	_	_	_	_	linguistic	_	none	_	Begin=962.21|End=962.65	_	_	_	_
406-0	TOI034	406	406	0	e::	e	_	_	_	_	_	linguistic	_	none	_	Begin=962.71|End=963.91	0x2	_	_	_
407-0	TOI034	407	407	0	tutti	tutti	_	_	_	_	_	linguistic	_	none	_	Begin=964.31	_	_	_	_
407-1	TOI034	407	407	1	questi	questi	_	_	_	_	_	linguistic	_	none	_	_	_	_	_	_
407-2	TOI034	407	407	2	vengono:	vengono	_	_	_	_	_	linguistic	_	none	_	_	6x1	_	_	_
407-3	TOI034	407	407	3	calcolati	calcolati	_	_	_	_	_	linguistic	_	none	_	_	_	_	_	_
407-4	TOI034	407	407	4	dalla	dalla	_	_	_	_	_	linguistic	_	none	_	_	_	_	_	_
407-5	TOI034	407	407	5	qualità	qualità	_	_	_	_	_	linguistic	_	none	_	_	_	_	_	_
407-6	TOI034	407	407	6	che	che	_	_	_	_	_	linguistic	_	none	_	_	_	_	_	_
407-7	TOI034	407	407	7	si	si	_	_	_	_	_	linguistic	_	none	_	_	_	_	_	_
407-8	TOI034	407	407	8	accorda	accorda	_	_	_	_	_	linguistic	_	none	_	_	_	_	_	_
407-9	TOI034	407	407	9	con	con	_	_	_	_	_	linguistic	_	none	_	_	_	_	_	_
407-10	TOI034	407	407	10	il	il	_	_	_	_	_	linguistic	_	none	_	_	_	_	_	_
407-11	TOI034	407	407	11	cliente	cliente	_	_	_	_	_	linguistic	_	none	_	_	_	_	_	_
407-12	TOI034	407	407	12	e	e	_	_	_	_	_	linguistic	_	none	_	_	_	_	_	_
407-13	TOI034	407	407	13	gli	gli	_	_	_	_	_	linguistic	_	none	_	_	_	_	_	_
407-14	TOI034	407	407	14	dice	dice	_	_	_	_	_	linguistic	_	none	_	_	_	_	_	_
407-15	TOI034	407	407	15	questi	questi	_	_	_	_	_	linguistic	_	none	_	_	_	_	_	_
407-16	TOI034	407	407	16	sono	sono	_	_	_	_	_	linguistic	_	none	PauseAfter=Yes	_	_	_	_	_
407-17	TOI034	407	407	17	(.)	(.)	_	_	_	_	_	shortpause	_	none	_	_	_	_	_	_
407-18	TOI034	407	407	18	i	i	_	_	_	_	_	linguistic	_	none	_	_	_	_	_	_
407-19	TOI034	407	407	19	range	range	_	_	_	_	_	linguistic	_	none	_	_	_	_	_	_
407-20	TOI034	407	407	20	in	in	_	_	_	_	_	linguistic	_	none	_	_	_	_	_	_
407-21	TOI034	407	407	21	cui	cui	_	_	_	_	_	linguistic	_	none	_	_	_	_	_	_
407-22	TOI034	407	407	22	deve	deve	_	_	_	_	_	linguistic	_	none	_	_	_	_	_	_
407-23	TOI034	407	407	23	essere	essere	_	_	_	_	_	linguistic	_	none	_	_	_	_	_	_
407-24	TOI034	407	407	24	stampato	stampato	_	_	_	_	_	linguistic	_	none	_	_	_	_	_	_
407-25	TOI034	407	407	25	non	non	_	_	_	_	_	linguistic	_	none	_	_	_	_	_	_
407-26	TOI034	407	407	26	devono	devono	_	_	_	_	_	linguistic	_	none	PauseAfter=Yes	_	_	_	_	_
407-27	TOI034	407	407	27	(.)	(.)	_	_	_	_	_	shortpause	_	none	_	_	_	_	_	_
407-28	TOI034	407	407	28	>né	né	_	_	_	_	_	linguistic	_	none	_	_	_	Fast=0-2(0)	_	_
407-29	TOI034	407	407	29	essere	essere	_	_	_	_	_	linguistic	_	none	_	_	_	Fast=0-6(0)	_	_
407-30	TOI034	407	407	30	meno	meno	_	_	_	_	_	linguistic	_	none	_	_	_	Fast=0-4(0)	_	_
407-31	TOI034	407	407	31	né	né	_	_	_	_	_	linguistic	_	none	_	_	_	Fast=0-2(0)	_	_
407-32	TOI034	407	407	32	di	di	_	_	_	_	_	linguistic	_	none	_	_	_	Fast=0-2(0)	_	_
407-33	TOI034	407	407	33	più<	più	_	_	_	_	_	linguistic	_	none	_	End=973.19	_	Fast=0-3(0)	_	_
408-0	TOR006	408	408	0	okay	okay	_	_	_	_	_	linguistic	_	none	_	Begin=973.41|End=974.05	_	_	_	_
409-0	TOI034	409	409	0	>quindi	quindi	_	_	_	_	_	linguistic	_	none	_	Begin=974.21	_	Fast=0-6(0)	_	_
409-1	TOI034	409	409	1	la	la	_	_	_	_	_	linguistic	_	none	_	_	_	Fast=0-2(0)	_	_
409-2	TOI034	409	409	2	qualità	qualità	_	_	_	_	_	linguistic	_	none	_	_	_	Fast=0-7(0)	_	_
409-3	TOI034	409	409	3	si<	si	_	_	_	_	_	linguistic	_	none	_	End=975.315	_	Fast=0-2(0)	_	_
410-0	TOI034	410	410	0	e::h	eh	_	_	_	_	_	linguistic	_	none	_	Begin=975.51|End=976.61	0x2	_	_	_
411-0	TOI034	411	411	0	>fa	fa	_	_	_	_	_	linguistic	_	none	_	Begin=976.82	_	Fast=0-2(0)	_	_
411-1	TOI034	411	411	1	tutta	tutta	_	_	_	_	_	linguistic	_	none	_	_	_	Fast=0-5(0)	_	_
411-2	TOI034	411	411	2	la	la	_	_	_	_	_	linguistic	_	none	_	_	_	Fast=0-2(0)	_	_
411-3	TOI034	411	411	3	parte	parte	_	_	_	_	_	linguistic	_	none	_	_	_	Fast=0-5(0)	_	_
411-4	TOI034	411	411	4	di	di	_	_	_	_	_	linguistic	_	none	_	_	_	Fast=0-2(0)	_	_
411-5	TOI034	411	411	5	progettazione	progettazione	_	_	_	_	_	linguistic	_	none	_	_	_	Fast=0-13(0)	_	_
411-6	TOI034	411	411	6	del	del	_	_	_	_	_	linguistic	_	none	_	_	_	Fast=0-3(0)	_	_
411-7	TOI034	411	411	7	pezzo:<	pezzo	_	_	_	_	_	linguistic	_	none	_	End=979.323	4x1	Fast=0-5(0)	_	_
412-0	TOI034	412	412	0	e	e	_	_	_	_	_	linguistic	_	none	_	Begin=979.51	_	_	_	_
412-1	TOI034	412	412	1	si	si	_	_	_	_	_	linguistic	_	none	_	_	_	_	_	_
412-2	TOI034	412	412	2	occupa	occupa	_	_	_	_	_	linguistic	_	none	_	_	_	_	_	_
412-3	TOI034	412	412	3	di:	di	_	_	_	_	_	linguistic	_	none	_	End=981.435	1x1	_	_	_
413-0	TOI034	413	413	0	e::h	eh	_	_	_	_	_	linguistic	_	none	_	Begin=981.71	0x2	_	_	_
413-1	TOI034	413	413	1	far	far	_	_	_	_	_	linguistic	_	none	_	_	_	_	_	_
413-2	TOI034	413	413	2	sì	sì	_	_	_	_	_	linguistic	_	none	_	_	_	_	_	_
413-3	TOI034	413	413	3	che	che	_	_	_	_	_	linguistic	_	none	_	_	_	_	_	_
413-4	TOI034	413	413	4	questi:	questi	_	_	_	_	_	linguistic	_	none	_	End=983.232	5x1	_	_	_
414-0	TOI034	414	414	0	eh	eh	_	_	_	_	_	linguistic	_	none	_	Begin=983.41|End=983.62	_	_	_	_
415-0	TOI034	415	415	0	(as~)	as~	_	_	_	_	_	linguistic	_	none	Interrupted=Yes	Begin=983.9	_	_	0-3(0)	_
415-1	TOI034	415	415	1	eh	eh	_	_	_	_	_	linguistic	_	none	_	_	_	_	_	_
415-2	TOI034	415	415	2	questi	questi	_	_	_	_	_	linguistic	_	none	_	_	_	_	_	_
415-3	TOI034	415	415	3	parametri	parametri	_	_	_	_	_	linguistic	_	none	_	_	_	_	_	_
415-4	TOI034	415	415	4	vengano	vengano	_	_	_	_	_	linguistic	_	none	_	_	_	_	_	_
415-5	TOI034	415	415	5	rispettati	rispettati	_	_	_	_	_	linguistic	_	none	_	End=986.307	_	_	_	_
416-0	TOR006	416	416	0	c'	c'	_	_	_	_	_	linguistic	_	none	SpaceAfter=No	Begin=986.307	_	_	_	_
416-1	TOR006	416	416	1	è	è	_	_	_	_	_	linguistic	_	none	_	_	_	_	_	_
416-2	TOR006	416	416	2	anche	anche	_	_	_	_	_	linguistic	_	none	_	_	_	_	_	_
416-3	TOR006	416	416	3	una	una	_	_	_	_	_	linguistic	_	none	_	_	_	_	_	_
416-4	TOR006	416	416	4	componente	componente	_	_	_	_	_	linguistic	_	none	_	_	_	_	_	_
416-5	TOR006	416	416	5	di	di	_	_	_	_	_	linguistic	_	none	_	_	_	_	_	_
416-6	TOR006	416	416	6	marketing?	marketing	_	_	_	_	_	linguistic	_	none	Intonation=Rising|PauseAfter=Yes	_	_	_	_	_
416-7	TOR006	416	416	7	(.)	(.)	_	_	_	_	_	shortpause	_	none	_	_	_	_	_	_
416-8	TOR006	416	416	8	dietro	dietro	_	_	_	_	_	linguistic	_	none	_	_	_	_	_	_
416-9	TOR006	416	416	9	n~	n~	_	_	_	_	_	linguistic	_	none	Interrupted=Yes	_	_	_	_	_
416-10	TOR006	416	416	10	o	o	_	_	_	_	_	linguistic	_	none	_	_	_	_	_	_
416-11	TOR006	416	416	11	proprio	proprio	_	_	_	_	_	linguistic	_	none	_	_	_	_	_	_
416-12	TOR006	416	416	12	no?	no	_	_	_	_	_	linguistic	_	none	Intonation=Rising	End=989.8	_	_	_	_
417-0	TOI034	417	417	0	non	non	_	_	_	_	_	linguistic	_	none	_	Begin=991.21	_	_	_	_
417-1	TOI034	417	417	1	penso	penso	_	_	_	_	_	linguistic	_	none	_	End=991.91	_	_	_	_
418-0	TOR006	418	418	0	okay	okay	_	_	_	_	_	linguistic	_	none	_	Begin=991.91|End=992.41	_	_	_	_
419-0	TOR006	419	419	0	o[kay]	okay	_	_	_	_	_	linguistic	_	none	_	Begin=993.01|End=993.512	_	_	_	1-4(108)
420-0	TOI034	420	420	0	[si]curamente	sicuramente	_	_	_	_	_	linguistic	_	none	_	Begin=993.212	_	_	_	0-2(108)
420-1	TOI034	420	420	1	ci	ci	_	_	_	_	_	linguistic	_	none	_	_	_	_	_	_
420-2	TOI034	420	420	2	sono	sono	_	_	_	_	_	linguistic	_	none	_	_	_	_	_	_
420-3	TOI034	420	420	3	comunque,	comunque	_	_	_	_	_	linguistic	_	none	Intonation=WeaklyRising|PauseAfter=Yes	_	_	_	_	_
420-4	TOI034	420	420	4	(.)	(.)	_	_	_	_	_	shortpause	_	none	_	_	_	_	_	_
420-5	TOI034	420	420	5	c(io)è	cioè	_	_	_	_	_	linguistic	_	none	Reduced=Yes	_	_	_	_	_
420-6	TOI034	420	420	6	ogni	ogni	_	_	_	_	_	linguistic	_	none	_	_	_	_	_	_
420-7	TOI034	420	420	7	azienda:	azienda	_	_	_	_	_	linguistic	_	none	_	_	6x1	_	_	_
420-8	TOI034	420	420	8	stipula	stipula	_	_	_	_	_	linguistic	_	none	_	_	_	_	_	_
420-9	TOI034	420	420	9	un	un	_	_	_	_	_	linguistic	_	none	_	_	_	_	_	_
420-10	TOI034	420	420	10	contratto	contratto	_	_	_	_	_	linguistic	_	none	_	_	_	_	_	_
420-11	TOI034	420	420	11	di~	di~	_	_	_	_	_	linguistic	_	none	Interrupted=Yes|PauseAfter=Yes	_	_	_	_	_
420-12	TOI034	420	420	12	(.)	(.)	_	_	_	_	_	shortpause	_	none	_	_	_	_	_	_
420-13	TOI034	420	420	13	diverso	diverso	_	_	_	_	_	linguistic	_	none	_	_	_	_	_	_
420-14	TOI034	420	420	14	con	con	_	_	_	_	_	linguistic	_	none	_	_	_	_	_	_
420-15	TOI034	420	420	15	ogni	ogni	_	_	_	_	_	linguistic	_	none	_	_	_	_	_	_
420-16	TOI034	420	420	16	cliente	cliente	_	_	_	_	_	linguistic	_	none	_	_	_	_	_	_
420-17	TOI034	420	420	17	se	se	_	_	_	_	_	linguistic	_	none	_	_	_	_	_	_
420-18	TOI034	420	420	18	[sa	sa	_	_	_	_	_	linguistic	_	none	_	_	_	_	_	0-2(109)
420-19	TOI034	420	420	19	ch]e	che	_	_	_	_	_	linguistic	_	none	_	_	_	_	_	0-2(109)
420-20	TOI034	420	420	20	un	un	_	_	_	_	_	linguistic	_	none	_	_	_	_	_	_
420-21	TOI034	420	420	21	determinato	determinato	_	_	_	_	_	linguistic	_	none	_	_	_	_	_	_
420-22	TOI034	420	420	22	pezzo	pezzo	_	_	_	_	_	linguistic	_	none	_	_	_	_	_	_
420-23	TOI034	420	420	23	viene	viene	_	_	_	_	_	linguistic	_	none	_	_	_	_	_	_
420-24	TOI034	420	420	24	con	con	_	_	_	_	_	linguistic	_	none	_	_	_	_	_	_
420-25	TOI034	420	420	25	dei	dei	_	_	_	_	_	linguistic	_	none	_	_	_	_	_	_
420-26	TOI034	420	420	26	difetti	difetti	_	_	_	_	_	linguistic	_	none	_	End=1002.4	_	_	_	_
421-0	TOR006	421	421	0	[mhmh]	mhmh	_	_	_	_	_	linguistic	_	none	_	Begin=999.38|End=999.81	_	_	_	0-4(109)
422-0	TOI034	422	422	0	[molto	molto	_	_	_	_	_	linguistic	_	none	_	Begin=1002.6	_	_	_	0-5(110)
422-1	TOI034	422	422	1	pr]obabilmente	probabilmente	_	_	_	_	_	linguistic	_	none	PauseAfter=Yes	_	_	_	_	0-2(110)
422-2	TOI034	422	422	2	(.)	(.)	_	_	_	_	_	shortpause	_	none	_	_	_	_	_	_
422-3	TOI034	422	422	3	gli	gli	_	_	_	_	_	linguistic	_	none	_	_	_	_	_	_
422-4	TOI034	422	422	4	dice	dice	_	_	_	_	_	linguistic	_	none	_	_	_	_	_	_
422-5	TOI034	422	422	5	io	io	_	_	_	_	_	linguistic	_	none	_	_	_	_	_	_
422-6	TOI034	422	422	6	te	te	_	_	_	_	_	linguistic	_	none	_	_	_	_	_	_
422-7	TOI034	422	422	7	lo	lo	_	_	_	_	_	linguistic	_	none	_	_	_	_	_	_
422-8	TOI034	422	422	8	faccio	faccio	_	_	_	_	_	linguistic	_	none	_	_	_	_	_	_
422-9	TOI034	422	422	9	pagare	pagare	_	_	_	_	_	linguistic	_	none	_	_	_	_	_	_
422-10	TOI034	422	422	10	meno	meno	_	_	_	_	_	linguistic	_	none	_	End=1005.202	_	_	_	_
423-0	TOR006	423	423	0	[mhmh]	mhmh	_	_	_	_	_	linguistic	_	none	_	Begin=1002.61|End=1003.01	_	_	_	0-4(110)
424-0	TOI034	424	424	0	ma	ma	_	_	_	_	_	linguistic	_	none	_	Begin=1005.51	_	_	_	_
424-1	TOI034	424	424	1	tu	tu	_	_	_	_	_	linguistic	_	none	_	_	_	_	_	_
424-2	TOI034	424	424	2	aspettati	aspettati	_	_	_	_	_	linguistic	_	none	_	_	_	_	_	_
424-3	TOI034	424	424	3	questa	questa	_	_	_	_	_	linguistic	_	none	_	_	_	_	_	_
424-4	TOI034	424	424	4	qualità	qualità	_	_	_	_	_	linguistic	_	none	_	End=1006.915	_	_	_	_
425-0	TOR006	425	425	0	ho	ho	_	_	_	_	_	linguistic	_	none	_	Begin=1007.02	_	_	_	_
425-1	TOR006	425	425	1	[capito]	capito	_	_	_	_	_	linguistic	_	none	_	End=1007.706	_	_	_	0-6(111)
426-0	TOI034	426	426	0	[tu	tu	_	_	_	_	_	linguistic	_	none	_	Begin=1007.21	_	_	_	0-2(111)
426-1	TOI034	426	426	1	non	non	_	_	_	_	_	linguistic	_	none	_	_	_	_	_	0-3(111)
426-2	TOI034	426	426	2	mi	mi	_	_	_	_	_	linguistic	_	none	_	_	_	_	_	0-2(111)
426-3	TOI034	426	426	3	puo]i:	puoi	_	_	_	_	_	linguistic	_	none	PauseAfter=Yes	_	3x1	_	_	0-3(111)
426-4	TOI034	426	426	4	(.)	(.)	_	_	_	_	_	shortpause	_	none	_	_	_	_	_	_
426-5	TOI034	426	426	5	dare	dare	_	_	_	_	_	linguistic	_	none	_	_	_	_	_	_
426-6	TOI034	426	426	6	probl[emi]	problemi	_	_	_	_	_	linguistic	_	none	_	End=1008.919	_	_	_	5-8(112)
427-0	TOR006	427	427	0	[mh]mh	mhmh	_	_	_	_	_	linguistic	_	none	_	Begin=1008.7|End=1009.231	_	_	_	0-2(112)
428-0	TOI034	428	428	0	io	io	_	_	_	_	_	linguistic	_	none	_	Begin=1009.31	_	_	_	_
428-1	TOI034	428	428	1	ti	ti	_	_	_	_	_	linguistic	_	none	_	_	_	_	_	_
428-2	TOI034	428	428	2	stampo	stampo	_	_	_	_	_	linguistic	_	none	_	_	_	_	_	_
428-3	TOI034	428	428	3	così	così	_	_	_	_	_	linguistic	_	none	_	_	_	_	_	_
428-4	TOI034	428	428	4	sicuramente	sicuramente	_	_	_	_	_	linguistic	_	none	_	_	_	_	_	_
428-5	TOI034	428	428	5	non	non	_	_	_	_	_	linguistic	_	none	_	_	_	_	_	_
428-6	TOI034	428	428	6	ti	ti	_	_	_	_	_	linguistic	_	none	_	_	_	_	_	_
428-7	TOI034	428	428	7	darò	darò	_	_	_	_	_	linguistic	_	none	_	End=1011.525	_	_	_	_
429-0	TOI034	429	429	0	dei	dei	_	_	_	_	_	linguistic	_	none	_	Begin=1012.01	_	_	_	_
429-1	TOI034	429	429	1	pezzi	pezzi	_	_	_	_	_	linguistic	_	none	PauseAfter=Yes	_	_	_	_	_
429-2	TOI034	429	429	2	(.)	(.)	_	_	_	_	_	shortpause	_	none	_	_	_	_	_	_
429-3	TOI034	429	429	3	eh	eh	_	_	_	_	_	linguistic	_	none	ProsodicLink=Yes	_	_	_	_	_
429-4	TOI034	429	429	4	fatti	fatti	_	_	_	_	_	linguistic	_	none	_	_	_	_	_	_
429-5	TOI034	429	429	5	propio	propio	_	_	_	_	_	linguistic	_	none	_	_	_	_	_	_
429-6	TOI034	429	429	6	male,	male	_	_	_	_	_	linguistic	_	none	Intonation=WeaklyRising	_	_	_	_	_
429-7	TOI034	429	429	7	[ma:]	ma	_	_	_	_	_	linguistic	_	none	_	End=1014.7	1x1	_	_	0-2(113)
430-0	TOR006	430	430	0	[mhmh]	mhmh	_	_	_	_	_	linguistic	_	none	_	Begin=1014.31|End=1014.7	_	_	_	0-4(113)
431-0	TOI034	431	431	0	ti	ti	_	_	_	_	_	linguistic	_	none	_	Begin=1014.9	_	_	_	_
431-1	TOI034	431	431	1	do	do	_	_	_	_	_	linguistic	_	none	_	_	_	_	_	_
431-2	TOI034	431	431	2	appunto	appunto	_	_	_	_	_	linguistic	_	none	_	_	_	_	_	_
431-3	TOI034	431	431	3	questi:	questi	_	_	_	_	_	linguistic	_	none	_	End=1016.221	5x1	_	_	_
432-0	TOR006	432	432	0	sì	sì	_	_	_	_	_	linguistic	_	none	_	Begin=1016.221	_	_	_	_
432-1	TOR006	432	432	1	con:	con	_	_	_	_	_	linguistic	_	none	ProsodicLink=Yes	_	2x1	_	_	_
432-2	TOR006	432	432	2	dei	dei	_	_	_	_	_	linguistic	_	none	_	_	_	_	_	_
432-3	TOR006	432	432	3	difetti	difetti	_	_	_	_	_	linguistic	_	none	_	End=1017.821	_	_	_	_
433-0	TOI034	433	433	0	°questi	questi	_	_	_	_	_	linguistic	_	none	Volume=low	Begin=1018.4	_	_	_	_
433-1	TOI034	433	433	1	(x)	x	_	_	_	_	_	unknown	_	none	Volume=low|Syllables=1	_	_	_	0-1(0)	_
433-2	TOI034	433	433	2	difetti	difetti	_	_	_	_	_	linguistic	_	none	Volume=low	_	_	_	_	_
433-3	TOI034	433	433	3	qua°	qua	_	_	_	_	_	linguistic	_	none	Volume=low	End=1019.719	_	_	_	_
434-0	TOR006	434	434	0	oka:y	okay	_	_	_	_	_	linguistic	_	none	_	Begin=1020.01	2x1	_	_	_
434-1	TOR006	434	434	1	ho	ho	_	_	_	_	_	linguistic	_	none	_	_	_	_	_	_
434-2	TOR006	434	434	2	capito	capito	_	_	_	_	_	linguistic	_	none	_	End=1021.398	_	_	_	_
435-0	TOR006	435	435	0	allora	allora	_	_	_	_	_	linguistic	_	none	_	Begin=1022.81	_	_	_	_
435-1	TOR006	435	435	1	e:hm::	ehm	_	_	_	_	_	linguistic	_	none	_	_	0x1,2x2	_	_	_
435-2	TOR006	435	435	2	>allora	allora	_	_	_	_	_	linguistic	_	none	_	_	_	Fast=0-6(0)	_	_
435-3	TOR006	435	435	3	tu	tu	_	_	_	_	_	linguistic	_	none	_	_	_	Fast=0-2(0)	_	_
435-4	TOR006	435	435	4	dove	dove	_	_	_	_	_	linguistic	_	none	_	_	_	Fast=0-4(0)	_	_
435-5	TOR006	435	435	5	lavori<?	lavori	_	_	_	_	_	linguistic	_	none	Intonation=Rising	_	_	Fast=0-6(0)	_	_
435-6	TOR006	435	435	6	cioè	cioè	_	_	_	_	_	linguistic	_	none	_	_	_	_	_	_
435-7	TOR006	435	435	7	la	la	_	_	_	_	_	linguistic	_	none	_	_	_	_	_	_
435-8	TOR006	435	435	8	sede	sede	_	_	_	_	_	linguistic	_	none	_	_	_	_	_	_
435-9	TOR006	435	435	9	dell'	dell'	_	_	_	_	_	linguistic	_	none	SpaceAfter=No	_	_	_	_	_
435-10	TOR006	435	435	10	azienda?	azienda	_	_	_	_	_	linguistic	_	none	Intonation=Rising	End=1028.704	_	_	_	_
436-0	TOI034	436	436	0	cambiano	cambiano	_	_	_	_	_	linguistic	_	none	_	Begin=1029.01	_	_	_	_
436-1	TOI034	436	436	1	in	in	_	_	_	_	_	linguistic	_	none	_	_	_	_	_	_
436-2	TOI034	436	436	2	provincia	provincia	_	_	_	_	_	linguistic	_	none	_	_	_	_	_	_
436-3	TOI034	436	436	3	di	di	_	_	_	_	_	linguistic	_	none	_	_	_	_	_	_
436-4	TOI034	436	436	4	torino	torino	_	_	_	_	_	linguistic	_	none	_	End=1030.428	_	_	_	_
437-0	TOR006	437	437	0	okay	okay	_	_	_	_	_	linguistic	_	none	_	Begin=1030.428|End=1031.117	_	_	_	_
438-0	TOR006	438	438	0	e	e	_	_	_	_	_	linguistic	_	none	_	Begin=1032.41	_	_	_	_
438-1	TOR006	438	438	1	pensi	pensi	_	_	_	_	_	linguistic	_	none	_	_	_	_	_	_
438-2	TOR006	438	438	2	che:	che	_	_	_	_	_	linguistic	_	none	_	_	2x1	_	_	_
438-3	TOR006	438	438	3	questa	questa	_	_	_	_	_	linguistic	_	none	_	_	_	_	_	_
438-4	TOR006	438	438	4	zona	zona	_	_	_	_	_	linguistic	_	none	_	_	_	_	_	_
438-5	TOR006	438	438	5	sia	sia	_	_	_	_	_	linguistic	_	none	_	_	_	_	_	_
438-6	TOR006	438	438	6	un	un	_	_	_	_	_	linguistic	_	none	_	_	_	_	_	_
438-7	TOR006	438	438	7	buon	buon	_	_	_	_	_	linguistic	_	none	_	_	_	_	_	_
438-8	TOR006	438	438	8	posto	posto	_	_	_	_	_	linguistic	_	none	_	_	_	_	_	_
438-9	TOR006	438	438	9	per	per	_	_	_	_	_	linguistic	_	none	_	_	_	_	_	_
438-10	TOR006	438	438	10	lavorare?	lavorare	_	_	_	_	_	linguistic	_	none	Intonation=Rising	End=1035.901	_	_	_	_
439-0	TOI034	439	439	0	per	per	_	_	_	_	_	linguistic	_	none	_	Begin=1037.108	_	_	_	_
439-1	TOI034	439	439	1	assurdo	assurdo	_	_	_	_	_	linguistic	_	none	_	_	_	_	_	_
439-2	TOI034	439	439	2	è	è	_	_	_	_	_	linguistic	_	none	_	_	_	_	_	_
439-3	TOI034	439	439	3	un'	un'	_	_	_	_	_	linguistic	_	none	SpaceAfter=No	_	_	_	_	_
439-4	TOI034	439	439	4	azienda	azienda	_	_	_	_	_	linguistic	_	none	_	_	_	_	_	_
439-5	TOI034	439	439	5	che	che	_	_	_	_	_	linguistic	_	none	_	_	_	_	_	_
439-6	TOI034	439	439	6	ha:	ha	_	_	_	_	_	linguistic	_	none	_	_	1x1	_	_	_
439-7	TOI034	439	439	7	vi~	vi~	_	_	_	_	_	linguistic	_	none	Interrupted=Yes	_	_	_	_	_
439-8	TOI034	439	439	8	è:	è	_	_	_	_	_	linguistic	_	none	_	_	0x1	_	_	_
439-9	TOI034	439	439	9	in	in	_	_	_	_	_	linguistic	_	none	_	_	_	_	_	_
439-10	TOI034	439	439	10	un	un	_	_	_	_	_	linguistic	_	none	_	_	_	_	_	_
439-11	TOI034	439	439	11	centro	centro	_	_	_	_	_	linguistic	_	none	_	_	_	_	_	_
439-12	TOI034	439	439	12	di	di	_	_	_	_	_	linguistic	_	none	_	_	_	_	_	_
439-13	TOI034	439	439	13	un	un	_	_	_	_	_	linguistic	_	none	_	_	_	_	_	_
439-14	TOI034	439	439	14	paese	paese	_	_	_	_	_	linguistic	_	none	_	End=1040.21	_	_	_	_
440-0	TOI034	440	440	0	non	non	_	_	_	_	_	linguistic	_	none	_	Begin=1040.608	_	_	_	_
440-1	TOI034	440	440	1	è	è	_	_	_	_	_	linguistic	_	none	_	_	_	_	_	_
440-2	TOI034	440	440	2	un'	un'	_	_	_	_	_	linguistic	_	none	SpaceAfter=No	_	_	_	_	_
440-3	TOI034	440	440	3	azienda	azienda	_	_	_	_	_	linguistic	_	none	_	_	_	_	_	_
440-4	TOI034	440	440	4	rumorosa	rumorosa	_	_	_	_	_	linguistic	_	none	_	_	_	_	_	_
440-5	TOI034	440	440	5	o	o	_	_	_	_	_	linguistic	_	none	_	_	_	_	_	_
440-6	TOI034	440	440	6	con::	con	_	_	_	_	_	linguistic	_	none	_	_	2x2	_	_	_
440-7	TOI034	440	440	7	che:	che	_	_	_	_	_	linguistic	_	none	_	_	2x1	_	_	_
440-8	TOI034	440	440	8	gr~	gr~	_	_	_	_	_	linguistic	_	none	Interrupted=Yes	_	_	_	_	_
440-9	TOI034	440	440	9	grava	grava	_	_	_	_	_	linguistic	_	none	_	_	_	_	_	_
440-10	TOI034	440	440	10	sulla	sulla	_	_	_	_	_	linguistic	_	none	_	_	_	_	_	_
440-11	TOI034	440	440	11	cittadina	cittadina	_	_	_	_	_	linguistic	_	none	_	_	_	_	_	_
440-12	TOI034	440	440	12	però	però	_	_	_	_	_	linguistic	_	none	_	_	_	_	_	_
440-13	TOI034	440	440	13	[sì	sì	_	_	_	_	_	linguistic	_	none	_	_	_	_	_	0-2(114)
440-14	TOI034	440	440	14	>è	è	_	_	_	_	_	linguistic	_	none	_	_	_	Fast=0-1(0)	_	0-1(114)
440-15	TOI034	440	440	15	molto	molto	_	_	_	_	_	linguistic	_	none	_	_	_	Fast=0-5(0)	_	0-5(114)
440-16	TOI034	440	440	16	tra]nquilla	tranquilla	_	_	_	_	_	linguistic	_	none	_	_	_	Fast=0-10(0)	_	0-3(114)
440-17	TOI034	440	440	17	mi	mi	_	_	_	_	_	linguistic	_	none	_	_	_	Fast=0-2(0)	_	_
440-18	TOI034	440	440	18	piace<	piace	_	_	_	_	_	linguistic	_	none	_	End=1047.508	_	Fast=0-5(0)	_	_
441-0	TOR006	441	441	0	[mhmh]	mhmh	_	_	_	_	_	linguistic	_	none	_	Begin=1046.214|End=1046.71	_	_	_	0-4(114)
442-0	TOR006	442	442	0	okay	okay	_	_	_	_	_	linguistic	_	none	_	Begin=1047.71|End=1048.403	_	_	_	_
443-0	TOR006	443	443	0	quindi:	quindi	_	_	_	_	_	linguistic	_	none	_	Begin=1049.01	5x1	_	_	_
443-1	TOR006	443	443	1	m::h	mh	_	_	_	_	_	linguistic	_	none	PauseAfter=Yes	_	0x2	_	_	_
443-2	TOR006	443	443	2	(.)	(.)	_	_	_	_	_	shortpause	_	none	_	_	_	_	_	_
443-3	TOR006	443	443	3	quindi	quindi	_	_	_	_	_	linguistic	_	none	_	_	_	_	_	_
443-4	TOR006	443	443	4	cioè	cioè	_	_	_	_	_	linguistic	_	none	_	_	_	_	_	_
443-5	TOR006	443	443	5	non:	non	_	_	_	_	_	linguistic	_	none	_	End=1052.321	2x1	_	_	_
444-0	TOR006	444	444	0	non	non	_	_	_	_	_	linguistic	_	none	_	Begin=1052.71	_	_	_	_
444-1	TOR006	444	444	1	preferiresti	preferiresti	_	_	_	_	_	linguistic	_	none	_	_	_	_	_	_
444-2	TOR006	444	444	2	lavorare:	lavorare	_	_	_	_	_	linguistic	_	none	_	End=1054.413	7x1	_	_	_
445-0	TOR006	445	445	0	ipoteticamente	ipoteticamente	_	_	_	_	_	linguistic	_	none	_	Begin=1055.01	_	_	_	_
445-1	TOR006	445	445	1	in	in	_	_	_	_	_	linguistic	_	none	_	_	_	_	_	_
445-2	TOR006	445	445	2	<un'	un'	_	_	_	_	_	linguistic	_	none	SpaceAfter=No	_	_	Slow=0-3(0)	_	_
445-3	TOR006	445	445	3	altra>	altra	_	_	_	_	_	linguistic	_	none	_	_	_	Slow=0-5(0)	_	_
445-4	TOR006	445	445	4	ci~	ci~	_	_	_	_	_	linguistic	_	none	Interrupted=Yes	_	_	_	_	_
445-5	TOR006	445	445	5	cioè	cioè	_	_	_	_	_	linguistic	_	none	_	_	_	_	_	_
445-6	TOR006	445	445	6	non	non	_	_	_	_	_	linguistic	_	none	_	_	_	_	_	_
445-7	TOR006	445	445	7	vorresti	vorresti	_	_	_	_	_	linguistic	_	none	_	_	_	_	_	_
445-8	TOR006	445	445	8	lavorare	lavorare	_	_	_	_	_	linguistic	_	none	_	_	_	_	_	_
445-9	TOR006	445	445	9	che	che	_	_	_	_	_	linguistic	_	none	_	_	_	_	_	_
445-10	TOR006	445	445	10	ne	ne	_	_	_	_	_	linguistic	_	none	_	_	_	_	_	_
445-11	TOR006	445	445	11	so	so	_	_	_	_	_	linguistic	_	none	_	_	_	_	_	_
445-12	TOR006	445	445	12	a	a	_	_	_	_	_	linguistic	_	none	_	_	_	_	_	_
445-13	TOR006	445	445	13	torino	torino	_	_	_	_	_	linguistic	_	none	_	_	_	_	_	_
445-14	TOR006	445	445	14	o	o	_	_	_	_	_	linguistic	_	none	_	_	_	_	_	_
445-15	TOR006	445	445	15	a	a	_	_	_	_	_	linguistic	_	none	_	_	_	_	_	_
445-16	TOR006	445	445	16	chieri	chieri	_	_	_	_	_	linguistic	_	none	_	_	_	_	_	_
445-17	TOR006	445	445	17	per	per	_	_	_	_	_	linguistic	_	none	_	_	_	_	_	_
445-18	TOR006	445	445	18	essere	essere	_	_	_	_	_	linguistic	_	none	_	_	_	_	_	_
445-19	TOR006	445	445	19	più	più	_	_	_	_	_	linguistic	_	none	_	_	_	_	_	_
445-20	TOR006	445	445	20	comoda:	comoda	_	_	_	_	_	linguistic	_	none	_	End=1061.523	5x1	_	_	_
446-0	TOI034	446	446	0	senz'	senz'	_	_	_	_	_	linguistic	_	none	SpaceAfter=No	Begin=1062.21	_	_	_	_
446-1	TOI034	446	446	1	altro	altro	_	_	_	_	_	linguistic	_	none	_	_	_	_	_	_
446-2	TOI034	446	446	2	chieri	chieri	_	_	_	_	_	linguistic	_	none	_	_	_	_	_	_
446-3	TOI034	446	446	3	non	non	_	_	_	_	_	linguistic	_	none	_	_	_	_	_	_
446-4	TOI034	446	446	4	mi	mi	_	_	_	_	_	linguistic	_	none	_	_	_	_	_	_
446-5	TOI034	446	446	5	dispiacerebbe	dispiacerebbe	_	_	_	_	_	linguistic	_	none	_	_	_	_	_	_
446-6	TOI034	446	446	6	dato	dato	_	_	_	_	_	linguistic	_	none	_	_	_	_	_	_
446-7	TOI034	446	446	7	che	che	_	_	_	_	_	linguistic	_	none	_	_	_	_	_	_
446-8	TOI034	446	446	8	vantiamo	vantiamo	_	_	_	_	_	linguistic	_	none	_	_	_	_	_	_
446-9	TOI034	446	446	9	anche	anche	_	_	_	_	_	linguistic	_	none	_	_	_	_	_	_
446-10	TOI034	446	446	10	di	di	_	_	_	_	_	linguistic	_	none	_	_	_	_	_	_
446-11	TOI034	446	446	11	una:	una	_	_	_	_	_	linguistic	_	none	_	_	2x1	_	_	_
446-12	TOI034	446	446	12	zona	zona	_	_	_	_	_	linguistic	_	none	_	_	_	_	_	_
446-13	TOI034	446	446	13	industriale	industriale	_	_	_	_	_	linguistic	_	none	_	_	_	_	_	_
446-14	TOI034	446	446	14	non	non	_	_	_	_	_	linguistic	_	none	_	_	_	_	_	_
446-15	TOI034	446	446	15	da	da	_	_	_	_	_	linguistic	_	none	_	_	_	_	_	_
446-16	TOI034	446	446	16	poco	poco	_	_	_	_	_	linguistic	_	none	_	End=1067.03	_	_	_	_
447-0	TOR006	447	447	0	mhmh	mhmh	_	_	_	_	_	linguistic	_	none	_	Begin=1067.4|End=1067.81	_	_	_	_
448-0	TOI034	448	448	0	però	però	_	_	_	_	_	linguistic	_	none	_	Begin=1068.61	_	_	_	_
448-1	TOI034	448	448	1	per	per	_	_	_	_	_	linguistic	_	none	_	_	_	_	_	_
448-2	TOI034	448	448	2	il	il	_	_	_	_	_	linguistic	_	none	_	_	_	_	_	_
448-3	TOI034	448	448	3	momento	momento	_	_	_	_	_	linguistic	_	none	_	_	_	_	_	_
448-4	TOI034	448	448	4	sono	sono	_	_	_	_	_	linguistic	_	none	_	_	_	_	_	_
448-5	TOI034	448	448	5	lì	lì	_	_	_	_	_	linguistic	_	none	_	_	_	_	_	_
448-6	TOI034	448	448	6	quindi:	quindi	_	_	_	_	_	linguistic	_	none	_	End=1070.313	5x1	_	_	_
449-0	TOR006	449	449	0	[okay]	okay	_	_	_	_	_	linguistic	_	none	_	Begin=1070.51|End=1071.21	_	_	_	0-4(115)
450-0	TOI034	450	450	0	[mi	mi	_	_	_	_	_	linguistic	_	none	_	Begin=1070.51	_	_	_	0-2(115)
450-1	TOI034	450	450	1	va	va	_	_	_	_	_	linguistic	_	none	_	_	_	_	_	0-2(115)
450-2	TOI034	450	450	2	già	già	_	_	_	_	_	linguistic	_	none	_	_	_	_	_	0-3(115)
450-3	TOI034	450	450	3	beni]ssimo	benissimo	_	_	_	_	_	linguistic	_	none	PauseAfter=Yes	_	_	_	_	0-4(115)
450-4	TOI034	450	450	4	(.)	(.)	_	_	_	_	_	shortpause	_	none	_	_	_	_	_	_
450-5	TOI034	450	450	5	>ho	ho	_	_	_	_	_	linguistic	_	none	_	_	_	Fast=0-2(0)	_	_
450-6	TOI034	450	450	6	lavorato	lavorato	_	_	_	_	_	linguistic	_	none	_	_	_	Fast=0-8(0)	_	_
450-7	TOI034	450	450	7	anche<	anche	_	_	_	_	_	linguistic	_	none	_	End=1072.41	_	Fast=0-5(0)	_	_
451-0	TOI034	451	451	0	più	più	_	_	_	_	_	linguistic	_	none	_	Begin=1072.81	_	_	_	_
451-1	TOI034	451	451	1	lontano	lontano	_	_	_	_	_	linguistic	_	none	ProsodicLink=Yes	_	_	_	_	_
451-2	TOI034	451	451	2	non	non	_	_	_	_	_	linguistic	_	none	_	_	_	_	_	_
451-3	TOI034	451	451	3	è:	è	_	_	_	_	_	linguistic	_	none	_	End=1074.009	0x1	_	_	_
452-0	TOR006	452	452	0	okay	okay	_	_	_	_	_	linguistic	_	none	_	Begin=1074.21|End=1074.809	_	_	_	_
453-0	TOR006	453	453	0	quanto	quanto	_	_	_	_	_	linguistic	_	none	_	Begin=1075.51	_	_	_	_
453-1	TOR006	453	453	1	ci	ci	_	_	_	_	_	linguistic	_	none	_	_	_	_	_	_
453-2	TOR006	453	453	2	metti	metti	_	_	_	_	_	linguistic	_	none	_	_	_	_	_	_
453-3	TOR006	453	453	3	per	per	_	_	_	_	_	linguistic	_	none	_	_	_	_	_	_
453-4	TOR006	453	453	4	andare	andare	_	_	_	_	_	linguistic	_	none	_	_	_	_	_	_
453-5	TOR006	453	453	5	a	a	_	_	_	_	_	linguistic	_	none	_	_	_	_	_	_
453-6	TOR006	453	453	6	cambiano?	cambiano	_	_	_	_	_	linguistic	_	none	Intonation=Rising	End=1077.3	_	_	_	_
454-0	TOI034	454	454	0	die:ci	dieci	_	_	_	_	_	linguistic	_	none	_	Begin=1078.315	2x1	_	_	_
454-1	TOI034	454	454	1	minuti	minuti	_	_	_	_	_	linguistic	_	none	_	End=1079.096	_	_	_	_
455-0	TOR006	455	455	0	e	e	_	_	_	_	_	linguistic	_	none	_	Begin=1079.21	_	_	_	_
455-1	TOR006	455	455	1	vai	vai	_	_	_	_	_	linguistic	_	none	_	_	_	_	_	_
455-2	TOR006	455	455	2	col	col	_	_	_	_	_	linguistic	_	none	_	_	_	_	_	_
455-3	TOR006	455	455	3	con:	con	_	_	_	_	_	linguistic	_	none	_	_	2x1	_	_	_
455-4	TOR006	455	455	4	la	la	_	_	_	_	_	linguistic	_	none	_	_	_	_	_	_
455-5	TOR006	455	455	5	macchina?	macchina	_	_	_	_	_	linguistic	_	none	Intonation=Rising	End=1081.017	_	_	_	_
456-0	TOI034	456	456	0	con	con	_	_	_	_	_	linguistic	_	none	_	Begin=1081.017	_	_	_	_
456-1	TOI034	456	456	1	la	la	_	_	_	_	_	linguistic	_	none	_	_	_	_	_	_
456-2	TOI034	456	456	2	mia	mia	_	_	_	_	_	linguistic	_	none	_	_	_	_	_	_
456-3	TOI034	456	456	3	macchina	macchina	_	_	_	_	_	linguistic	_	none	_	_	_	_	_	_
456-4	TOI034	456	456	4	sì	sì	_	_	_	_	_	linguistic	_	none	_	End=1081.809	_	_	_	_
457-0	TOR006	457	457	0	okay	okay	_	_	_	_	_	linguistic	_	none	_	Begin=1081.809|End=1082.301	_	_	_	_
458-0	TOR006	458	458	0	[e::]	e	_	_	_	_	_	linguistic	_	none	_	Begin=1083.02|End=1084.008	0x2	_	_	0-1(116)
459-0	TOI034	459	459	0	[non	non	_	_	_	_	_	linguistic	_	none	_	Begin=1083.622	_	_	_	0-3(116)
459-1	TOI034	459	459	1	ci	ci	_	_	_	_	_	linguistic	_	none	_	_	_	_	_	0-2(116)
459-2	TOI034	459	459	2	s]ono	sono	_	_	_	_	_	linguistic	_	none	_	_	_	_	_	0-1(116)
459-3	TOI034	459	459	3	purtroppo	purtroppo	_	_	_	_	_	linguistic	_	none	_	_	_	_	_	_
459-4	TOI034	459	459	4	mezzi::	mezzi	_	_	_	_	_	linguistic	_	none	_	End=1085.71	4x2	_	_	_
460-0	TOI034	460	460	0	che	che	_	_	_	_	_	linguistic	_	none	_	Begin=1086.12	_	_	_	_
460-1	TOI034	460	460	1	facciano	facciano	_	_	_	_	_	linguistic	_	none	_	_	_	_	_	_
460-2	TOI034	460	460	2	questa	questa	_	_	_	_	_	linguistic	_	none	_	_	_	_	_	_
460-3	TOI034	460	460	3	tratta	tratta	_	_	_	_	_	linguistic	_	none	_	End=1087.429	_	_	_	_
461-0	TOR006	461	461	0	okay	okay	_	_	_	_	_	linguistic	_	none	_	Begin=1088.01|End=1088.617	_	_	_	_
462-0	TOR006	462	462	0	e:h	eh	_	_	_	_	_	linguistic	_	none	_	Begin=1089.21	0x1	_	_	_
462-1	TOR006	462	462	1	hai	hai	_	_	_	_	_	linguistic	_	none	_	_	_	_	_	_
462-2	TOR006	462	462	2	mai	mai	_	_	_	_	_	linguistic	_	none	_	_	_	_	_	_
462-3	TOR006	462	462	3	vissuto	vissuto	_	_	_	_	_	linguistic	_	none	_	_	_	_	_	_
462-4	TOR006	462	462	4	fuori:	fuori	_	_	_	_	_	linguistic	_	none	_	_	4x1	_	_	_
462-5	TOR006	462	462	5	chieri?	chieri	_	_	_	_	_	linguistic	_	none	Intonation=Rising	End=1091.705	_	_	_	_
463-0	TOI034	463	463	0	no	no	_	_	_	_	_	linguistic	_	none	_	Begin=1092.92|End=1093.13	_	_	_	_
464-0	TOR006	464	464	0	okay	okay	_	_	_	_	_	linguistic	_	none	_	Begin=1093.51|End=1094.104	_	_	_	_
465-0	TOI034	465	465	0	no	no	_	_	_	_	_	linguistic	_	none	PauseAfter=Yes	Begin=1094.11	_	_	_	_
465-1	TOI034	465	465	1	(.)	(.)	_	_	_	_	_	shortpause	_	none	_	_	_	_	_	_
465-2	TOI034	465	465	2	se	se	_	_	_	_	_	linguistic	_	none	_	_	_	_	_	_
465-3	TOI034	465	465	3	non	non	_	_	_	_	_	linguistic	_	none	_	_	_	_	_	_
465-4	TOI034	465	465	4	per	per	_	_	_	_	_	linguistic	_	none	_	_	_	_	_	_
465-5	TOI034	465	465	5	vacanze	vacanze	_	_	_	_	_	linguistic	_	none	_	_	_	_	_	_
465-6	TOI034	465	465	6	no	no	_	_	_	_	_	linguistic	_	none	_	End=1095.425	_	_	_	_
466-0	TOR006	466	466	0	okay	okay	_	_	_	_	_	linguistic	_	none	_	Begin=1095.71|End=1096.398	_	_	_	_
467-0	TOR006	467	467	0	e:	e	_	_	_	_	_	linguistic	_	none	_	Begin=1097.01	0x1	_	_	_
467-1	TOR006	467	467	1	ti	ti	_	_	_	_	_	linguistic	_	none	_	_	_	_	_	_
467-2	TOR006	467	467	2	trasferiresti	trasferiresti	_	_	_	_	_	linguistic	_	none	_	_	_	_	_	_
467-3	TOR006	467	467	3	all'	all'	_	_	_	_	_	linguistic	_	none	SpaceAfter=No	_	_	_	_	_
467-4	TOR006	467	467	4	estero	estero	_	_	_	_	_	linguistic	_	none	_	_	_	_	_	_
467-5	TOR006	467	467	5	per	per	_	_	_	_	_	linguistic	_	none	_	_	_	_	_	_
467-6	TOR006	467	467	6	lavorare?	lavorare	_	_	_	_	_	linguistic	_	none	Intonation=Rising	End=1099.73	_	_	_	_
468-0	TOI034	468	468	0	no	no	_	_	_	_	_	linguistic	_	none	_	Begin=1100.21|End=1100.413	_	_	_	_
469-0	TOR006	469	469	0	mhmh	mhmh	_	_	_	_	_	linguistic	_	none	_	Begin=1100.81	_	_	_	_
469-1	TOR006	469	469	1	come	come	_	_	_	_	_	linguistic	_	none	_	_	_	_	_	_
469-2	TOR006	469	469	2	mai?	mai	_	_	_	_	_	linguistic	_	none	Intonation=Rising	End=1101.924	_	_	_	_
470-0	TOI034	470	470	0	m:::h	mh	_	_	_	_	_	linguistic	_	none	_	Begin=1104.01|End=1105.794	0x3	_	_	_
471-0	TOI034	471	471	0	al	al	_	_	_	_	_	linguistic	_	none	_	Begin=1106.01	_	_	_	_
471-1	TOI034	471	471	1	di	di	_	_	_	_	_	linguistic	_	none	_	_	_	_	_	_
471-2	TOI034	471	471	2	là	là	_	_	_	_	_	linguistic	_	none	_	_	_	_	_	_
471-3	TOI034	471	471	3	che	che	_	_	_	_	_	linguistic	_	none	_	_	_	_	_	_
471-4	TOI034	471	471	4	debba::	debba	_	_	_	_	_	linguistic	_	none	_	End=1107.608	4x2	_	_	_
472-0	TOI034	472	472	0	debba	debba	_	_	_	_	_	linguistic	_	none	_	Begin=1108.01	_	_	_	_
472-1	TOI034	472	472	1	imparare	imparare	_	_	_	_	_	linguistic	_	none	_	_	_	_	_	_
472-2	TOI034	472	472	2	la:	la	_	_	_	_	_	linguistic	_	none	_	_	1x1	_	_	_
472-3	TOI034	472	472	3	l:~	l~	_	_	_	_	_	linguistic	_	none	Interrupted=Yes	_	0x1	_	_	_
472-4	TOI034	472	472	4	la	la	_	_	_	_	_	linguistic	_	none	_	_	_	_	_	_
472-5	TOI034	472	472	5	lingua	lingua	_	_	_	_	_	linguistic	_	none	_	_	_	_	_	_
472-6	TOI034	472	472	6	estera	estera	_	_	_	_	_	linguistic	_	none	_	_	_	_	_	_
472-7	TOI034	472	472	7	e:	e	_	_	_	_	_	linguistic	_	none	_	End=1111.325	0x1	_	_	_
473-0	TOR006	473	473	0	mhmh	mhmh	_	_	_	_	_	linguistic	_	none	_	Begin=1111.7|End=1112.01	_	_	_	_
474-0	TOI034	474	474	0	e	e	_	_	_	_	_	linguistic	_	none	_	Begin=1112.01	_	_	_	_
474-1	TOI034	474	474	1	questo	questo	_	_	_	_	_	linguistic	_	none	_	_	_	_	_	_
474-2	TOI034	474	474	2	è	è	_	_	_	_	_	linguistic	_	none	_	_	_	_	_	_
474-3	TOI034	474	474	3	un	un	_	_	_	_	_	linguistic	_	none	_	_	_	_	_	_
474-4	TOI034	474	474	4	dato	dato	_	_	_	_	_	linguistic	_	none	_	_	_	_	_	_
474-5	TOI034	474	474	5	di	di	_	_	_	_	_	linguistic	_	none	_	_	_	_	_	_
474-6	TOI034	474	474	6	fatto	fatto	_	_	_	_	_	linguistic	_	none	_	_	_	_	_	_
474-7	TOI034	474	474	7	però:	però	_	_	_	_	_	linguistic	_	none	_	End=1113.718	3x1	_	_	_
475-0	TOI034	475	475	0	non	non	_	_	_	_	_	linguistic	_	none	_	Begin=1114.31	_	_	_	_
475-1	TOI034	475	475	1	mi	mi	_	_	_	_	_	linguistic	_	none	_	_	_	_	_	_
475-2	TOI034	475	475	2	piace::	piace	_	_	_	_	_	linguistic	_	none	_	End=1115.902	4x2	_	_	_
476-0	TOI034	476	476	0	>cambiare	cambiare	_	_	_	_	_	linguistic	_	none	_	Begin=1116.81	_	Fast=0-8(0)	_	_
476-1	TOI034	476	476	1	così	così	_	_	_	_	_	linguistic	_	none	_	_	_	Fast=0-4(0)	_	_
476-2	TOI034	476	476	2	tanto	tanto	_	_	_	_	_	linguistic	_	none	_	_	_	Fast=0-5(0)	_	_
476-3	TOI034	476	476	3	tradizioni	tradizioni	_	_	_	_	_	linguistic	_	none	_	_	_	Fast=0-10(0)	_	_
476-4	TOI034	476	476	4	e	e	_	_	_	_	_	linguistic	_	none	_	_	_	Fast=0-1(0)	_	_
476-5	TOI034	476	476	5	cultu[ra:<	cultura	_	_	_	_	_	linguistic	_	none	ProsodicLink=Yes	_	6x1	Fast=0-7(0)	_	5-7(117)
476-6	TOI034	476	476	6	e:]:	e	_	_	_	_	_	linguistic	_	none	_	_	0x2	_	_	0-1(117)
476-7	TOI034	476	476	7	abitudini	abitudini	_	_	_	_	_	linguistic	_	none	PauseAfter=Yes	_	_	_	_	_
476-8	TOI034	476	476	8	(.)	(.)	_	_	_	_	_	shortpause	_	none	_	_	_	_	_	_
476-9	TOI034	476	476	9	a	a	_	_	_	_	_	linguistic	_	none	_	_	_	_	_	_
476-10	TOI034	476	476	10	me	me	_	_	_	_	_	linguistic	_	none	_	_	_	_	_	_
476-11	TOI034	476	476	11	piace	piace	_	_	_	_	_	linguistic	_	none	_	_	_	_	_	_
476-12	TOI034	476	476	12	il	il	_	_	_	_	_	linguistic	_	none	_	_	_	_	_	_
476-13	TOI034	476	476	13	mio	mio	_	_	_	_	_	linguistic	_	none	_	_	_	_	_	_
476-14	TOI034	476	476	14	paese	paese	_	_	_	_	_	linguistic	_	none	PauseAfter=Yes	_	_	_	_	_
476-15	TOI034	476	476	15	(.)	(.)	_	_	_	_	_	shortpause	_	none	_	_	_	_	_	_
476-16	TOI034	476	476	16	per	per	_	_	_	_	_	linguistic	_	none	_	_	_	_	_	_
476-17	TOI034	476	476	17	quanti	quanti	_	_	_	_	_	linguistic	_	none	_	_	_	_	_	_
476-18	TOI034	476	476	18	problemi	problemi	_	_	_	_	_	linguistic	_	none	_	_	_	_	_	_
476-19	TOI034	476	476	19	abbia	abbia	_	_	_	_	_	linguistic	_	none	_	End=1123.3	_	_	_	_
477-0	TOR006	477	477	0	[mhmh]	mhmh	_	_	_	_	_	linguistic	_	none	_	Begin=1118.786|End=1119.3	_	_	_	0-4(117)
478-0	TOR006	478	478	0	mhmh	mhmh	_	_	_	_	_	linguistic	_	none	_	Begin=1123.61|End=1124.01	_	_	_	_
479-0	TOI034	479	479	0	negli	negli	_	_	_	_	_	linguistic	_	none	_	Begin=1124.21	_	_	_	_
479-1	TOI034	479	479	1	altri	altri	_	_	_	_	_	linguistic	_	none	_	_	_	_	_	_
479-2	TOI034	479	479	2	ce	ce	_	_	_	_	_	linguistic	_	none	_	_	_	_	_	_
479-3	TOI034	479	479	3	ne	ne	_	_	_	_	_	linguistic	_	none	_	_	_	_	_	_
479-4	TOI034	479	479	4	sono	sono	_	_	_	_	_	linguistic	_	none	_	_	_	_	_	_
479-5	TOI034	479	479	5	tanti	tanti	_	_	_	_	_	linguistic	_	none	_	_	_	_	_	_
479-6	TOI034	479	479	6	altri	altri	_	_	_	_	_	linguistic	_	none	_	End=1126.031	_	_	_	_
480-0	TOR006	480	480	0	[°certo°]	certo	_	_	_	_	_	linguistic	_	none	Volume=low	Begin=1126.305|End=1126.801	_	_	_	0-5(118)
481-0	TOI034	481	481	0	[quindi]:	quindi	_	_	_	_	_	linguistic	_	none	_	Begin=1126.305|End=1126.91	5x1	_	_	0-6(118)
482-0	TOI034	482	482	0	a	a	_	_	_	_	_	linguistic	_	none	_	Begin=1127.21	_	_	_	_
482-1	TOI034	482	482	1	me	me	_	_	_	_	_	linguistic	_	none	_	_	_	_	_	_
482-2	TOI034	482	482	2	piace	piace	_	_	_	_	_	linguistic	_	none	_	_	_	_	_	_
482-3	TOI034	482	482	3	l'	l'	_	_	_	_	_	linguistic	_	none	SpaceAfter=No	_	_	_	_	_
482-4	TOI034	482	482	4	italia	italia	_	_	_	_	_	linguistic	_	none	_	_	_	_	_	_
482-5	TOI034	482	482	5	mi	mi	_	_	_	_	_	linguistic	_	none	_	_	_	_	_	_
482-6	TOI034	482	482	6	piace	piace	_	_	_	_	_	linguistic	_	none	_	_	_	_	_	_
482-7	TOI034	482	482	7	come	come	_	_	_	_	_	linguistic	_	none	_	_	_	_	_	_
482-8	TOI034	482	482	8	si	si	_	_	_	_	_	linguistic	_	none	_	_	_	_	_	_
482-9	TOI034	482	482	9	vive	vive	_	_	_	_	_	linguistic	_	none	_	_	_	_	_	_
482-10	TOI034	482	482	10	qua	qua	_	_	_	_	_	linguistic	_	none	_	End=1129.983	_	_	_	_
483-0	TOI034	483	483	0	non:	non	_	_	_	_	_	linguistic	_	none	_	Begin=1130.61	2x1	_	_	_
483-1	TOI034	483	483	1	non	non	_	_	_	_	_	linguistic	_	none	ProsodicLink=Yes	_	_	_	_	_
483-2	TOI034	483	483	2	non	non	_	_	_	_	_	linguistic	_	none	_	_	_	_	_	_
483-3	TOI034	483	483	3	andrei	andrei	_	_	_	_	_	linguistic	_	none	_	_	_	_	_	_
483-4	TOI034	483	483	4	altrove	altrove	_	_	_	_	_	linguistic	_	none	_	_	_	_	_	_
483-5	TOI034	483	483	5	se	se	_	_	_	_	_	linguistic	_	none	_	_	_	_	_	_
483-6	TOI034	483	483	6	non:	non	_	_	_	_	_	linguistic	_	none	PauseAfter=Yes	_	2x1	_	_	_
483-7	TOI034	483	483	7	(.)	(.)	_	_	_	_	_	shortpause	_	none	_	_	_	_	_	_
483-8	TOI034	483	483	8	per	per	_	_	_	_	_	linguistic	_	none	_	_	_	_	_	_
483-9	TOI034	483	483	9	una	una	_	_	_	_	_	linguistic	_	none	_	_	_	_	_	_
483-10	TOI034	483	483	10	vacanza	vacanza	_	_	_	_	_	linguistic	_	none	_	_	_	_	_	_
483-11	TOI034	483	483	11	sicuramente	sicuramente	_	_	_	_	_	linguistic	_	none	_	_	_	_	_	_
483-12	TOI034	483	483	12	per	per	_	_	_	_	_	linguistic	_	none	_	_	_	_	_	_
483-13	TOI034	483	483	13	curiosità	curiosità	_	_	_	_	_	linguistic	_	none	_	_	_	_	_	_
483-14	TOI034	483	483	14	vacanze	vacanze	_	_	_	_	_	linguistic	_	none	_	_	_	_	_	_
483-15	TOI034	483	483	15	per	per	_	_	_	_	_	linguistic	_	none	_	_	_	_	_	_
483-16	TOI034	483	483	16	conoscere:	conoscere	_	_	_	_	_	linguistic	_	none	_	_	8x1	_	_	_
483-17	TOI034	483	483	17	altre	altre	_	_	_	_	_	linguistic	_	none	_	_	_	_	_	_
483-18	TOI034	483	483	18	persone	persone	_	_	_	_	_	linguistic	_	none	_	_	_	_	_	_
483-19	TOI034	483	483	19	le	le	_	_	_	_	_	linguistic	_	none	_	_	_	_	_	_
483-20	TOI034	483	483	20	popola[zioni	popolazioni	_	_	_	_	_	linguistic	_	none	_	_	_	_	_	6-11(119)
483-21	TOI034	483	483	21	le]	le	_	_	_	_	_	linguistic	_	none	_	_	_	_	_	0-2(119)
483-22	TOI034	483	483	22	abitudini	abitudini	_	_	_	_	_	linguistic	_	none	PauseAfter=Yes	_	_	_	_	_
483-23	TOI034	483	483	23	(.)	(.)	_	_	_	_	_	shortpause	_	none	_	_	_	_	_	_
483-24	TOI034	483	483	24	sì	sì	_	_	_	_	_	linguistic	_	none	_	End=1139.209	_	_	_	_
484-0	TOR006	484	484	0	[mhmh]	mhmh	_	_	_	_	_	linguistic	_	none	_	Begin=1137.986|End=1138.51	_	_	_	0-4(119)
485-0	TOR006	485	485	0	tipo:	tipo	_	_	_	_	_	linguistic	_	none	_	Begin=1139.71	3x1	_	_	_
485-1	TOR006	485	485	1	un	un	_	_	_	_	_	linguistic	_	none	_	_	_	_	_	_
485-2	TOR006	485	485	2	viaggio:	viaggio	_	_	_	_	_	linguistic	_	none	_	_	6x1	_	_	_
485-3	TOR006	485	485	3	che	che	_	_	_	_	_	linguistic	_	none	_	_	_	_	_	_
485-4	TOR006	485	485	4	proprio	proprio	_	_	_	_	_	linguistic	_	none	_	_	_	_	_	_
485-5	TOR006	485	485	5	vorresti	vorresti	_	_	_	_	_	linguistic	_	none	_	_	_	_	_	_
485-6	TOR006	485	485	6	fare?	fare	_	_	_	_	_	linguistic	_	none	Intonation=Rising	End=1142.326	_	_	_	_
486-0	TOI034	486	486	0	m::h	mh	_	_	_	_	_	linguistic	_	none	_	Begin=1144.31	0x2	_	_	_
486-1	TOI034	486	486	1	in	in	_	_	_	_	_	linguistic	_	none	_	_	_	_	_	_
486-2	TOI034	486	486	2	realtà	realtà	_	_	_	_	_	linguistic	_	none	_	_	_	_	_	_
486-3	TOI034	486	486	3	non	non	_	_	_	_	_	linguistic	_	none	_	_	_	_	_	_
486-4	TOI034	486	486	4	ho	ho	_	_	_	_	_	linguistic	_	none	PauseAfter=Yes	_	_	_	_	_
486-5	TOI034	486	486	5	(.)	(.)	_	_	_	_	_	shortpause	_	none	_	_	_	_	_	_
486-6	TOI034	486	486	6	un	un	_	_	_	_	_	linguistic	_	none	PauseAfter=Yes	_	_	_	_	_
486-7	TOI034	486	486	7	(.)	(.)	_	_	_	_	_	shortpause	_	none	_	_	_	_	_	_
486-8	TOI034	486	486	8	viaggio	viaggio	_	_	_	_	_	linguistic	_	none	_	End=1147.098	_	_	_	_
487-0	TOI034	487	487	0	a:vrei	avrei	_	_	_	_	_	linguistic	_	none	_	Begin=1147.51	0x1	_	_	_
487-1	TOI034	487	487	1	piacere	piacere	_	_	_	_	_	linguistic	_	none	_	_	_	_	_	_
487-2	TOI034	487	487	2	di	di	_	_	_	_	_	linguistic	_	none	_	_	_	_	_	_
487-3	TOI034	487	487	3	visitare	visitare	_	_	_	_	_	linguistic	_	none	_	_	_	_	_	_
487-4	TOI034	487	487	4	determinate:	determinate	_	_	_	_	_	linguistic	_	none	_	_	10x1	_	_	_
487-5	TOI034	487	487	5	città	città	_	_	_	_	_	linguistic	_	none	_	End=1150.299	_	_	_	_
488-0	TOR006	488	488	0	vai	vai	_	_	_	_	_	linguistic	_	none	PauseAfter=Yes	Begin=1150.299	_	_	_	_
488-1	TOR006	488	488	1	(.)	(.)	_	_	_	_	_	shortpause	_	none	_	_	_	_	_	_
488-2	TOR006	488	488	2	spara	spara	_	_	_	_	_	linguistic	_	none	_	End=1151.126	_	_	_	_
489-0	TOI034	489	489	0	mosca	mosca	_	_	_	_	_	linguistic	_	none	_	Begin=1151.41|End=1151.82	_	_	_	_
490-0	TOR006	490	490	0	°okay°	okay	_	_	_	_	_	linguistic	_	none	Volume=low	Begin=1152.11|End=1152.616	_	_	_	_
491-0	TOR006	491	491	0	[c(io)è	cioè	_	_	_	_	_	linguistic	_	none	Reduced=Yes	Begin=1154.81	_	_	_	0-4(120)
491-1	TOR006	491	491	1	°un	un	_	_	_	_	_	linguistic	_	none	Volume=low	_	_	_	_	0-2(120)
491-2	TOR006	491	491	2	qu]alcosa:°	qualcosa	_	_	_	_	_	linguistic	_	none	Volume=low	End=1156.115	7x1	_	_	0-2(120)
492-0	TOI034	492	492	0	[perché:]	perché	_	_	_	_	_	linguistic	_	none	_	Begin=1154.81|End=1155.61	5x1	_	_	0-6(120)
493-0	TOI034	493	493	0	>perché	perché	_	_	_	_	_	linguistic	_	none	_	Begin=1156.41	_	Fast=0-6(0)	_	_
493-1	TOI034	493	493	1	completamente	completamente	_	_	_	_	_	linguistic	_	none	_	_	_	Fast=0-13(0)	_	_
493-2	TOI034	493	493	2	di~<	di~	_	_	_	_	_	linguistic	_	none	Interrupted=Yes	_	_	Fast=0-3(0)	_	_
493-3	TOI034	493	493	3	c(io)è	cioè	_	_	_	_	_	linguistic	_	none	Reduced=Yes|PauseAfter=Yes	_	_	Slow=0-4(0)	_	_
493-4	TOI034	493	493	4	(.)	(.)	_	_	_	_	_	shortpause	_	none	_	_	_	_	_	_
493-5	TOI034	493	493	5	se:	se	_	_	_	_	_	linguistic	_	none	_	_	1x1	Slow=0-2(0)	_	_
493-6	TOI034	493	493	6	m:h	mh	_	_	_	_	_	linguistic	_	none	_	_	0x1	Slow=0-2(0)	_	_
493-7	TOI034	493	493	7	vogliamo	vogliamo	_	_	_	_	_	linguistic	_	none	PauseAfter=Yes	_	_	Slow=0-8(0)	_	_
493-8	TOI034	493	493	8	(.)	(.)	_	_	_	_	_	shortpause	_	none	_	_	_	_	_	_
493-9	TOI034	493	493	9	>adesso	adesso	_	_	_	_	_	linguistic	_	none	_	_	_	Fast=0-6(1)	_	_
493-10	TOI034	493	493	10	si	si	_	_	_	_	_	linguistic	_	none	_	_	_	Fast=0-2(1)	_	_
493-11	TOI034	493	493	11	sta	sta	_	_	_	_	_	linguistic	_	none	_	_	_	Fast=0-3(1)	_	_
493-12	TOI034	493	493	12	parlando	parlando	_	_	_	_	_	linguistic	_	none	_	_	_	Fast=0-8(1)	_	_
493-13	TOI034	493	493	13	del	del	_	_	_	_	_	linguistic	_	none	_	_	_	Fast=0-3(1)	_	_
493-14	TOI034	493	493	14	contesto	contesto	_	_	_	_	_	linguistic	_	none	_	_	_	Fast=0-8(1)	_	_
493-15	TOI034	493	493	15	europeo<	europeo	_	_	_	_	_	linguistic	_	none	_	End=1161.51	_	Fast=0-7(1)	_	_
494-0	TOR006	494	494	0	mhmh	mhmh	_	_	_	_	_	linguistic	_	none	_	Begin=1161.51|End=1161.91	_	_	_	_
495-0	TOI034	495	495	0	fuori:	fuori	_	_	_	_	_	linguistic	_	none	_	Begin=1162.51	4x1	_	_	_
495-1	TOI034	495	495	1	è	è	_	_	_	_	_	linguistic	_	none	_	_	_	_	_	_
495-2	TOI034	495	495	2	è	è	_	_	_	_	_	linguistic	_	none	_	_	_	_	_	_
495-3	TOI034	495	495	3	un	un	_	_	_	_	_	linguistic	_	none	_	_	_	_	_	_
495-4	TOI034	495	495	4	po'	po'	_	_	_	_	_	linguistic	_	none	_	_	_	_	_	_
495-5	TOI034	495	495	5	più:	più	_	_	_	_	_	linguistic	_	none	_	End=1164.604	2x1	_	_	_
496-0	TOI034	496	496	0	generica	generica	_	_	_	_	_	linguistic	_	none	_	Begin=1165.21	_	_	_	_
496-1	TOI034	496	496	1	la	la	_	_	_	_	_	linguistic	_	none	_	_	_	_	_	_
496-2	TOI034	496	496	2	questione	questione	_	_	_	_	_	linguistic	_	none	_	_	_	_	_	_
496-3	TOI034	496	496	3	perché	perché	_	_	_	_	_	linguistic	_	none	_	_	_	_	_	_
496-4	TOI034	496	496	4	non	non	_	_	_	_	_	linguistic	_	none	_	_	_	_	_	_
496-5	TOI034	496	496	5	°me	me	_	_	_	_	_	linguistic	_	none	Volume=low	_	_	_	_	_
496-6	TOI034	496	496	6	ne	ne	_	_	_	_	_	linguistic	_	none	Volume=low	_	_	_	_	_
496-7	TOI034	496	496	7	intendo	intendo	_	_	_	_	_	linguistic	_	none	Volume=low	_	_	_	_	_
496-8	TOI034	496	496	8	tanto°	tanto	_	_	_	_	_	linguistic	_	none	Volume=low	End=1167.61	_	_	_	_
497-0	TOI034	497	497	0	però	però	_	_	_	_	_	linguistic	_	none	_	Begin=1168.21	_	_	_	_
497-1	TOI034	497	497	1	in	in	_	_	_	_	_	linguistic	_	none	_	_	_	_	_	_
497-2	TOI034	497	497	2	europa	europa	_	_	_	_	_	linguistic	_	none	_	End=1169.327	_	_	_	_
498-0	TOI034	498	498	0	abbiamo:	abbiamo	_	_	_	_	_	linguistic	_	none	_	Begin=1169.81|End=1170.71	6x1	_	_	_
499-0	TOI034	499	499	0	tanti	tanti	_	_	_	_	_	linguistic	_	none	_	Begin=1171.01	_	_	_	_
499-1	TOI034	499	499	1	tipi	tipi	_	_	_	_	_	linguistic	_	none	_	_	_	_	_	_
499-2	TOI034	499	499	2	di	di	_	_	_	_	_	linguistic	_	none	_	_	_	_	_	_
499-3	TOI034	499	499	3	popolazione	popolazione	_	_	_	_	_	linguistic	_	none	_	_	_	_	_	_
499-4	TOI034	499	499	4	con	con	_	_	_	_	_	linguistic	_	none	_	_	_	_	_	_
499-5	TOI034	499	499	5	tante	tante	_	_	_	_	_	linguistic	_	none	_	_	_	_	_	_
499-6	TOI034	499	499	6	tradizione	tradizione	_	_	_	_	_	linguistic	_	none	_	_	_	_	_	_
499-7	TOI034	499	499	7	con	con	_	_	_	_	_	linguistic	_	none	_	_	_	_	_	_
499-8	TOI034	499	499	8	un	un	_	_	_	_	_	linguistic	_	none	_	_	_	_	_	_
499-9	TOI034	499	499	9	linguaggio	linguaggio	_	_	_	_	_	linguistic	_	none	_	_	_	_	_	_
499-10	TOI034	499	499	10	con	con	_	_	_	_	_	linguistic	_	none	_	_	_	_	_	_
499-11	TOI034	499	499	11	un	un	_	_	_	_	_	linguistic	_	none	_	_	_	_	_	_
499-12	TOI034	499	499	12	alfabeto	alfabeto	_	_	_	_	_	linguistic	_	none	_	_	_	_	_	_
499-13	TOI034	499	499	13	proprio	proprio	_	_	_	_	_	linguistic	_	none	_	_	_	_	_	_
499-14	TOI034	499	499	14	un	un	_	_	_	_	_	linguistic	_	none	_	_	_	_	_	_
499-15	TOI034	499	499	15	modo	modo	_	_	_	_	_	linguistic	_	none	_	_	_	_	_	_
499-16	TOI034	499	499	16	di	di	_	_	_	_	_	linguistic	_	none	_	_	_	_	_	_
499-17	TOI034	499	499	17	scrivere	scrivere	_	_	_	_	_	linguistic	_	none	_	_	_	_	_	_
499-18	TOI034	499	499	18	tut~	tut~	_	_	_	_	_	linguistic	_	none	Interrupted=Yes	_	_	_	_	_
499-19	TOI034	499	499	19	completamente	completamente	_	_	_	_	_	linguistic	_	none	_	_	_	_	_	_
499-20	TOI034	499	499	20	div[erso]	diverso	_	_	_	_	_	linguistic	_	none	_	End=1177.801	_	_	_	3-7(121)
500-0	TOR006	500	500	0	[mh]mh	mhmh	_	_	_	_	_	linguistic	_	none	_	Begin=1177.61|End=1178.01	_	_	_	0-2(121)
501-0	TOI034	501	501	0	no	no	_	_	_	_	_	linguistic	_	none	PauseAfter=Yes	Begin=1179.01	_	_	_	_
501-1	TOI034	501	501	1	(.)	(.)	_	_	_	_	_	shortpause	_	none	_	_	_	_	_	_
501-2	TOI034	501	501	2	in	in	_	_	_	_	_	linguistic	_	none	_	_	_	_	_	_
501-3	TOI034	501	501	3	realtà	realtà	_	_	_	_	_	linguistic	_	none	_	_	_	_	_	_
501-4	TOI034	501	501	4	abbastanza	abbastanza	_	_	_	_	_	linguistic	_	none	_	_	_	_	_	_
501-5	TOI034	501	501	5	affine	affine	_	_	_	_	_	linguistic	_	none	_	_	_	_	_	_
501-6	TOI034	501	501	6	a	a	_	_	_	_	_	linguistic	_	none	_	_	_	_	_	_
501-7	TOI034	501	501	7	noi	noi	_	_	_	_	_	linguistic	_	none	_	End=1180.699	_	_	_	_
502-0	TOI034	502	502	0	m:osc~	mosc~	_	_	_	_	_	linguistic	_	none	Interrupted=Yes|ProsodicLink=Yes	Begin=1181.31	0x1	_	_	_
502-1	TOI034	502	502	1	c(io)è	cioè	_	_	_	_	_	linguistic	_	none	Reduced=Yes	_	_	_	_	_
502-2	TOI034	502	502	2	la	la	_	_	_	_	_	linguistic	_	none	_	_	_	_	_	_
502-3	TOI034	502	502	3	russia,	russia	_	_	_	_	_	linguistic	_	none	Intonation=WeaklyRising	End=1182.8	_	_	_	_
503-0	TOR006	503	503	0	mh[mh]	mhmh	_	_	_	_	_	linguistic	_	none	_	Begin=1183.01|End=1183.51	_	_	_	2-4(122)
504-0	TOI034	504	504	0	[e]	e	_	_	_	_	_	linguistic	_	none	_	Begin=1183.306	_	_	_	0-1(122)
504-1	TOI034	504	504	1	poi	poi	_	_	_	_	_	linguistic	_	none	_	_	_	_	_	_
504-2	TOI034	504	504	2	mosca	mosca	_	_	_	_	_	linguistic	_	none	_	_	_	_	_	_
504-3	TOI034	504	504	3	in	in	_	_	_	_	_	linguistic	_	none	_	_	_	_	_	_
504-4	TOI034	504	504	4	particolare	particolare	_	_	_	_	_	linguistic	_	none	_	_	_	_	_	_
504-5	TOI034	504	504	5	mi	mi	_	_	_	_	_	linguistic	_	none	_	_	_	_	_	_
504-6	TOI034	504	504	6	piace	piace	_	_	_	_	_	linguistic	_	none	_	End=1185.1	_	_	_	_
505-0	TOI034	505	505	0	perché	perché	_	_	_	_	_	linguistic	_	none	_	Begin=1185.4	_	_	_	_
505-1	TOI034	505	505	1	completamente	completamente	_	_	_	_	_	linguistic	_	none	_	_	_	_	_	_
505-2	TOI034	505	505	2	diversa	diversa	_	_	_	_	_	linguistic	_	none	ProsodicLink=Yes	_	_	_	_	_
505-3	TOI034	505	505	3	vorrei:	vorrei	_	_	_	_	_	linguistic	_	none	_	_	5x1	_	_	_
505-4	TOI034	505	505	4	entrare:	entrare	_	_	_	_	_	linguistic	_	none	PauseAfter=Yes	_	6x1	_	_	_
505-5	TOI034	505	505	5	(.)	(.)	_	_	_	_	_	shortpause	_	none	_	_	_	_	_	_
505-6	TOI034	505	505	6	in	in	_	_	_	_	_	linguistic	_	none	_	_	_	_	_	_
505-7	TOI034	505	505	7	un:	un	_	_	_	_	_	linguistic	_	none	_	End=1188.71	1x1	_	_	_
506-0	TOI034	506	506	0	non	non	_	_	_	_	_	linguistic	_	none	_	Begin=1189.01	_	_	_	_
506-1	TOI034	506	506	1	sentirmi	sentirmi	_	_	_	_	_	linguistic	_	none	_	_	_	_	_	_
506-2	TOI034	506	506	2	più	più	_	_	_	_	_	linguistic	_	none	_	_	_	_	_	_
506-3	TOI034	506	506	3	in	in	_	_	_	_	_	linguistic	_	none	_	_	_	_	_	_
506-4	TOI034	506	506	4	europa	europa	_	_	_	_	_	linguistic	_	none	_	End=1190.397	_	_	_	_
507-0	TOR006	507	507	0	ho	ho	_	_	_	_	_	linguistic	_	none	_	Begin=1190.51	_	_	_	_
507-1	TOR006	507	507	1	capito	capito	_	_	_	_	_	linguistic	_	none	_	End=1191.227	_	_	_	_
508-0	TOI034	508	508	0	però	però	_	_	_	_	_	linguistic	_	none	_	Begin=1191.7	_	_	_	_
508-1	TOI034	508	508	1	con	con	_	_	_	_	_	linguistic	_	none	_	_	_	_	_	_
508-2	TOI034	508	508	2	la	la	_	_	_	_	_	linguistic	_	none	_	_	_	_	_	_
508-3	TOI034	508	508	3	stessa	stessa	_	_	_	_	_	linguistic	_	none	_	_	_	_	_	_
508-4	TOI034	508	508	4	civiltà	civiltà	_	_	_	_	_	linguistic	_	none	_	End=1192.94	_	_	_	_
509-0	TOR006	509	509	0	mhmh	mhmh	_	_	_	_	_	linguistic	_	none	_	Begin=1193.21|End=1193.609	_	_	_	_
510-0	TOR006	510	510	0	okay	okay	_	_	_	_	_	linguistic	_	none	_	Begin=1194.31|End=1194.91	_	_	_	_
511-0	TOR006	511	511	0	e::	e	_	_	_	_	_	linguistic	_	none	_	Begin=1195.81	0x2	_	_	_
511-1	TOR006	511	511	1	in	in	_	_	_	_	_	linguistic	_	none	_	_	_	_	_	_
511-2	TOR006	511	511	2	che	che	_	_	_	_	_	linguistic	_	none	_	_	_	_	_	_
511-3	TOR006	511	511	3	zona	zona	_	_	_	_	_	linguistic	_	none	_	_	_	_	_	_
511-4	TOR006	511	511	4	di	di	_	_	_	_	_	linguistic	_	none	_	_	_	_	_	_
511-5	TOR006	511	511	5	chieri	chieri	_	_	_	_	_	linguistic	_	none	_	_	_	_	_	_
511-6	TOR006	511	511	6	vivi?	vivi	_	_	_	_	_	linguistic	_	none	Intonation=Rising	End=1198.31	_	_	_	_
512-0	TOI034	512	512	0	centro	centro	_	_	_	_	_	linguistic	_	none	_	Begin=1200.41	_	_	_	_
512-1	TOI034	512	512	1	°siamo	siamo	_	_	_	_	_	linguistic	_	none	Volume=low	_	_	_	_	_
512-2	TOI034	512	512	2	ancora	ancora	_	_	_	_	_	linguistic	_	none	Volume=low	_	_	_	_	_
512-3	TOI034	512	512	3	abbastanza°	abbastanza	_	_	_	_	_	linguistic	_	none	Volume=low	End=1202.21	_	_	_	_
513-0	TOR006	513	513	0	mhmh	mhmh	_	_	_	_	_	linguistic	_	none	_	Begin=1202.3	_	_	_	_
513-1	TOR006	513	513	1	hai	hai	_	_	_	_	_	linguistic	_	none	_	_	_	_	_	_
513-2	TOR006	513	513	2	sempre	sempre	_	_	_	_	_	linguistic	_	none	_	_	_	_	_	_
513-3	TOR006	513	513	3	vissuto	vissuto	_	_	_	_	_	linguistic	_	none	_	_	_	_	_	_
513-4	TOR006	513	513	4	qua	qua	_	_	_	_	_	linguistic	_	none	_	_	_	_	_	_
513-5	TOR006	513	513	5	o	o	_	_	_	_	_	linguistic	_	none	_	_	_	_	_	_
513-6	TOR006	513	513	6	hai	hai	_	_	_	_	_	linguistic	_	none	_	_	_	_	_	_
513-7	TOR006	513	513	7	c~	c~	_	_	_	_	_	linguistic	_	none	Interrupted=Yes	_	_	_	_	_
513-8	TOR006	513	513	8	traslocato?	traslocato	_	_	_	_	_	linguistic	_	none	Intonation=Rising	End=1205.31	_	_	_	_
514-0	TOI034	514	514	0	no	no	_	_	_	_	_	linguistic	_	none	_	Begin=1205.41	_	_	_	_
514-1	TOI034	514	514	1	>		_	_	_	_	_	error	_	none	_	_	_	_	_	_
514-2	TOI034	514	514	2	((P))	((P))	_	_	_	_	_	nonverbalbehavior	_	none	_	_	_	Fast=0-1(0)	_	_
514-3	TOI034	514	514	3	abbiam	abbiam	_	_	_	_	_	linguistic	_	none	_	_	_	Fast=0-6(0)	_	_
514-4	TOI034	514	514	4	fatto<	fatto	_	_	_	_	_	linguistic	_	none	_	_	_	Fast=0-5(0)	_	_
514-5	TOI034	514	514	5	tre	tre	_	_	_	_	_	linguistic	_	none	_	_	_	_	_	_
514-6	TOI034	514	514	6	traslochi	traslochi	_	_	_	_	_	linguistic	_	none	_	End=1207.01	_	_	_	_
515-0	TOR006	515	515	0	dove	dove	_	_	_	_	_	linguistic	_	none	_	Begin=1207.4|End=1207.7	_	_	_	_
516-0	TOR006	516	516	0	sem[pre	sempre	_	_	_	_	_	linguistic	_	none	_	Begin=1208.1	_	_	_	3-6(123)
516-1	TOR006	516	516	1	a	a	_	_	_	_	_	linguistic	_	none	_	_	_	_	_	0-1(123)
516-2	TOR006	516	516	2	ch~]	ch~	_	_	_	_	_	linguistic	_	none	Interrupted=Yes	End=1208.702	_	_	_	0-3(123)
517-0	TOI034	517	517	0	[ce]ntro	centro	_	_	_	_	_	linguistic	_	none	_	Begin=1208.41	_	_	_	0-2(123)
517-1	TOI034	517	517	1	chieri,	chieri	_	_	_	_	_	linguistic	_	none	Intonation=WeaklyRising	End=1209.423	_	_	_	_
518-0	TOI034	518	518	0	collina	collina	_	_	_	_	_	linguistic	_	none	_	Begin=1209.6	_	_	_	_
518-1	TOI034	518	518	1	e	e	_	_	_	_	_	linguistic	_	none	_	_	_	_	_	_
518-2	TOI034	518	518	2	di	di	_	_	_	_	_	linguistic	_	none	_	_	_	_	_	_
518-3	TOI034	518	518	3	nuovo	nuovo	_	_	_	_	_	linguistic	_	none	_	_	_	_	_	_
518-4	TOI034	518	518	4	c~	c~	_	_	_	_	_	linguistic	_	none	Interrupted=Yes|PauseAfter=Yes	_	_	_	_	_
518-5	TOI034	518	518	5	(.)	(.)	_	_	_	_	_	shortpause	_	none	_	_	_	_	_	_
518-6	TOI034	518	518	6	centro	centro	_	_	_	_	_	linguistic	_	none	_	End=1211.71	_	_	_	_
519-0	TOR006	519	519	0	okay	okay	_	_	_	_	_	linguistic	_	none	_	Begin=1211.91|End=1212.639	_	_	_	_
520-0	TOR006	520	520	0	hai	hai	_	_	_	_	_	linguistic	_	none	_	Begin=1213.11	_	_	_	_
520-1	TOR006	520	520	1	frequentato:	frequentato	_	_	_	_	_	linguistic	_	none	_	_	10x1	_	_	_
520-2	TOR006	520	520	2	la	la	_	_	_	_	_	linguistic	_	none	_	_	_	_	_	_
520-3	TOR006	520	520	3	scuola	scuola	_	_	_	_	_	linguistic	_	none	_	_	_	_	_	_
520-4	TOR006	520	520	4	a	a	_	_	_	_	_	linguistic	_	none	_	_	_	_	_	_
520-5	TOR006	520	520	5	chieri?	chieri	_	_	_	_	_	linguistic	_	none	Intonation=Rising	End=1215.33	_	_	_	_
521-0	TOI034	521	521	0	tutte	tutte	_	_	_	_	_	linguistic	_	none	PauseAfter=Yes	Begin=1215.33	_	_	_	_
521-1	TOI034	521	521	1	(.)	(.)	_	_	_	_	_	shortpause	_	none	_	_	_	_	_	_
521-2	TOI034	521	521	2	sì	sì	_	_	_	_	_	linguistic	_	none	_	End=1216.319	_	_	_	_
522-0	TOR006	522	522	0	t~	t~	_	_	_	_	_	linguistic	_	none	Interrupted=Yes	Begin=1216.71	_	_	_	_
522-1	TOR006	522	522	1	quindi	quindi	_	_	_	_	_	linguistic	_	none	_	_	_	_	_	_
522-2	TOR006	522	522	2	sia	sia	_	_	_	_	_	linguistic	_	none	_	_	_	_	_	_
522-3	TOR006	522	522	3	dall'	dall'	_	_	_	_	_	linguistic	_	none	SpaceAfter=No	_	_	_	_	_
522-4	TOR006	522	522	4	asilo	asilo	_	_	_	_	_	linguistic	_	none	_	_	_	_	_	_
522-5	TOR006	522	522	5	[(alle)	alle	_	_	_	_	_	linguistic	_	none	_	_	_	_	0-4(0)	0-4(124)
522-6	TOR006	522	522	6	elementari	elementari	_	_	_	_	_	linguistic	_	none	ProsodicLink=Yes	_	_	_	_	0-10(124)
522-7	TOR006	522	522	7	e]	e	_	_	_	_	_	linguistic	_	none	_	End=1219.033	_	_	_	0-1(124)
523-0	TOI034	523	523	0	[dall'	dall'	_	_	_	_	_	linguistic	_	none	SpaceAfter=No	Begin=1218.028	_	_	_	0-5(124)
523-1	TOI034	523	523	1	asilo	asilo	_	_	_	_	_	linguistic	_	none	_	_	_	_	_	0-5(124)
523-2	TOI034	523	523	2	>fino	fino	_	_	_	_	_	linguistic	_	none	_	_	_	Fast=0-4(0)	_	0-4(124)
523-3	TOI034	523	523	3	alle]	alle	_	_	_	_	_	linguistic	_	none	_	_	_	Fast=0-4(0)	_	0-4(124)
523-4	TOI034	523	523	4	superiori<	superiori	_	_	_	_	_	linguistic	_	none	_	End=1219.51	_	Fast=0-9(0)	_	_
524-0	TOR006	524	524	0	okay	okay	_	_	_	_	_	linguistic	_	none	_	Begin=1219.91	_	_	_	_
524-1	TOR006	524	524	1	i	i	_	_	_	_	_	linguistic	_	none	_	_	_	_	_	_
524-2	TOR006	524	524	2	tuoi	tuoi	_	_	_	_	_	linguistic	_	none	_	_	_	_	_	_
524-3	TOR006	524	524	3	amici	amici	_	_	_	_	_	linguistic	_	none	_	_	_	_	_	_
524-4	TOR006	524	524	4	vivono::	vivono	_	_	_	_	_	linguistic	_	none	_	_	5x2	_	_	_
524-5	TOR006	524	524	5	vicino	vicino	_	_	_	_	_	linguistic	_	none	_	_	_	_	_	_
524-6	TOR006	524	524	6	a	a	_	_	_	_	_	linguistic	_	none	_	_	_	_	_	_
524-7	TOR006	524	524	7	te?	te	_	_	_	_	_	linguistic	_	none	Intonation=Rising	_	_	_	_	_
524-8	TOR006	524	524	8	o	o	_	_	_	_	_	linguistic	_	none	_	_	_	_	_	_
524-9	TOR006	524	524	9	s~	s~	_	_	_	_	_	linguistic	_	none	Interrupted=Yes|ProsodicLink=Yes	_	_	_	_	_
524-10	TOR006	524	524	10	oppure	oppure	_	_	_	_	_	linguistic	_	none	_	_	_	_	_	_
524-11	TOR006	524	524	11	si	si	_	_	_	_	_	linguistic	_	none	_	_	_	_	_	_
524-12	TOR006	524	524	12	sono	sono	_	_	_	_	_	linguistic	_	none	_	_	_	_	_	_
524-13	TOR006	524	524	13	spostati:,	spostati	_	_	_	_	_	linguistic	_	none	Intonation=WeaklyRising	End=1224.81	7x1	_	_	_
525-0	TOR006	525	525	0	in	in	_	_	_	_	_	linguistic	_	none	_	Begin=1225.11	_	_	_	_
525-1	TOR006	525	525	1	varie	varie	_	_	_	_	_	linguistic	_	none	_	_	_	_	_	_
525-2	TOR006	525	525	2	z~	z~	_	_	_	_	_	linguistic	_	none	Interrupted=Yes|PauseAfter=Yes	_	_	_	_	_
525-3	TOR006	525	525	3	(.)	(.)	_	_	_	_	_	shortpause	_	none	_	_	_	_	_	_
525-4	TOR006	525	525	4	[in	in	_	_	_	_	_	linguistic	_	none	_	_	_	_	_	0-2(125)
525-5	TOR006	525	525	5	altri	altri	_	_	_	_	_	linguistic	_	none	_	_	_	_	_	0-5(125)
525-6	TOR006	525	525	6	posti]	posti	_	_	_	_	_	linguistic	_	none	_	End=1227.1	_	_	_	0-5(125)
526-0	TOI034	526	526	0	[in	in	_	_	_	_	_	linguistic	_	none	_	Begin=1226.0	_	_	_	0-2(125)
526-1	TOI034	526	526	1	realtà:]:	realtà	_	_	_	_	_	linguistic	_	none	_	_	5x2	_	_	0-6(125)
526-2	TOI034	526	526	2	no	no	_	_	_	_	_	linguistic	_	none	_	End=1227.8	_	_	_	_
527-0	TOI034	527	527	0	vivono	vivono	_	_	_	_	_	linguistic	_	none	_	Begin=1228.91	_	_	_	_
527-1	TOI034	527	527	1	vicini	vicini	_	_	_	_	_	linguistic	_	none	_	_	_	_	_	_
527-2	TOI034	527	527	2	a	a	_	_	_	_	_	linguistic	_	none	_	_	_	_	_	_
527-3	TOI034	527	527	3	chieri	chieri	_	_	_	_	_	linguistic	_	none	_	End=1230.2	_	_	_	_
528-0	TOR006	528	528	0	mhm[h]	mhmh	_	_	_	_	_	linguistic	_	none	_	Begin=1230.51|End=1230.908	_	_	_	3-4(126)
529-0	TOI034	529	529	0	[q]uello	quello	_	_	_	_	_	linguistic	_	none	_	Begin=1230.81	_	_	_	0-1(126)
529-1	TOI034	529	529	1	sì	sì	_	_	_	_	_	linguistic	_	none	_	End=1231.232	_	_	_	_
530-0	TOR006	530	530	0	>oka~<	oka~	_	_	_	_	_	linguistic	_	none	Interrupted=Yes	Begin=1231.81	_	Fast=0-4(0)	_	_
530-1	TOR006	530	530	1	però	però	_	_	_	_	_	linguistic	_	none	_	_	_	_	_	_
530-2	TOR006	530	530	2	non	non	_	_	_	_	_	linguistic	_	none	_	_	_	_	_	_
530-3	TOR006	530	530	3	più	più	_	_	_	_	_	linguistic	_	none	_	_	_	_	_	_
530-4	TOR006	530	530	4	a	a	_	_	_	_	_	linguistic	_	none	_	_	_	_	_	_
530-5	TOR006	530	530	5	chieri	chieri	_	_	_	_	_	linguistic	_	none	_	End=1233.208	_	_	_	_
531-0	TOI034	531	531	0	m:h	mh	_	_	_	_	_	linguistic	_	none	_	Begin=1233.81	0x1	_	_	_
531-1	TOI034	531	531	1	ho	ho	_	_	_	_	_	linguistic	_	none	_	_	_	_	_	_
531-2	TOI034	531	531	2	perso	perso	_	_	_	_	_	linguistic	_	none	_	_	_	_	_	_
531-3	TOI034	531	531	3	un	un	_	_	_	_	_	linguistic	_	none	_	_	_	_	_	_
531-4	TOI034	531	531	4	po'	po'	_	_	_	_	_	linguistic	_	none	_	_	_	_	_	_
531-5	TOI034	531	531	5	i	i	_	_	_	_	_	linguistic	_	none	_	_	_	_	_	_
531-6	TOI034	531	531	6	contatti	contatti	_	_	_	_	_	linguistic	_	none	_	_	_	_	_	_
531-7	TOI034	531	531	7	con	con	_	_	_	_	_	linguistic	_	none	_	_	_	_	_	_
531-8	TOI034	531	531	8	chi:	chi	_	_	_	_	_	linguistic	_	none	_	_	2x1	_	_	_
531-9	TOI034	531	531	9	>fosse	fosse	_	_	_	_	_	linguistic	_	none	_	_	_	Fast=0-5(0)	_	_
531-10	TOI034	531	531	10	di	di	_	_	_	_	_	linguistic	_	none	_	_	_	Fast=0-2(0)	_	_
531-11	TOI034	531	531	11	chieri<	chieri	_	_	_	_	_	linguistic	_	none	_	End=1237.316	_	Fast=0-6(0)	_	_
532-0	TOR006	532	532	0	okay	okay	_	_	_	_	_	linguistic	_	none	_	Begin=1237.41|End=1238.11	_	_	_	_
533-0	TOR006	533	533	0	e:	e	_	_	_	_	_	linguistic	_	none	_	Begin=1238.81	0x1	_	_	_
533-1	TOR006	533	533	1	ti	ti	_	_	_	_	_	linguistic	_	none	_	_	_	_	_	_
533-2	TOR006	533	533	2	piace:	piace	_	_	_	_	_	linguistic	_	none	_	_	4x1	_	_	_
533-3	TOR006	533	533	3	la	la	_	_	_	_	_	linguistic	_	none	_	_	_	_	_	_
533-4	TOR006	533	533	4	tua	tua	_	_	_	_	_	linguistic	_	none	_	_	_	_	_	_
533-5	TOR006	533	533	5	zona?	zona	_	_	_	_	_	linguistic	_	none	Intonation=Rising	End=1240.81	_	_	_	_
534-0	TOI034	534	534	0	sì	sì	_	_	_	_	_	linguistic	_	none	_	Begin=1241.32|End=1241.6	_	_	_	_
535-0	TOR006	535	535	0	come	come	_	_	_	_	_	linguistic	_	none	_	Begin=1242.11	_	_	_	_
535-1	TOR006	535	535	1	mai?	mai	_	_	_	_	_	linguistic	_	none	Intonation=Rising	End=1242.816	_	_	_	_
536-0	TOI034	536	536	0	(è)	è	_	_	_	_	_	linguistic	_	none	_	Begin=1243.5	_	_	0-1(0)	_
536-1	TOI034	536	536	1	tranquilla	tranquilla	_	_	_	_	_	linguistic	_	none	_	End=1244.52	_	_	_	_
537-0	TOR006	537	537	0	mhm[h]	mhmh	_	_	_	_	_	linguistic	_	none	_	Begin=1244.8|End=1245.21	_	_	_	3-4(127)
538-0	TOI034	538	538	0	[ries]cono	riescono	_	_	_	_	_	linguistic	_	none	_	Begin=1245.11	_	_	_	0-4(127)
538-1	TOI034	538	538	1	ancora	ancora	_	_	_	_	_	linguistic	_	none	_	_	_	_	_	_
538-2	TOI034	538	538	2	>speriamo	speriamo	_	_	_	_	_	linguistic	_	none	_	_	_	Fast=0-8(0)	_	_
538-3	TOI034	538	538	3	che	che	_	_	_	_	_	linguistic	_	none	_	_	_	Fast=0-3(0)	_	_
538-4	TOI034	538	538	4	mantengano	mantengano	_	_	_	_	_	linguistic	_	none	_	_	_	Fast=0-10(0)	_	_
538-5	TOI034	538	538	5	ancora	ancora	_	_	_	_	_	linguistic	_	none	_	_	_	Fast=0-6(0)	_	_
538-6	TOI034	538	538	6	un	un	_	_	_	_	_	linguistic	_	none	_	_	_	Fast=0-2(0)	_	_
538-7	TOI034	538	538	7	po'	po'	_	_	_	_	_	linguistic	_	none	_	_	_	Fast=0-3(0)	_	_
538-8	TOI034	538	538	8	di	di	_	_	_	_	_	linguistic	_	none	_	_	_	Fast=0-2(0)	_	_
538-9	TOI034	538	538	9	verde<	verde	_	_	_	_	_	linguistic	_	none	_	End=1247.813	_	Fast=0-5(0)	_	_
539-0	TOR006	539	539	0	((ride))	((ride))	_	_	_	_	_	nonverbalbehavior	_	none	_	Begin=1246.901|End=1247.71	_	_	_	_
540-0	TOR006	540	540	0	okay	okay	_	_	_	_	_	linguistic	_	none	_	Begin=1248.21|End=1248.91	_	_	_	_
541-0	TOI034	541	541	0	e::	e	_	_	_	_	_	linguistic	_	none	_	Begin=1248.91|End=1250.022	0x2	_	_	_
542-0	TOI034	542	542	0	e	e	_	_	_	_	_	linguistic	_	none	_	Begin=1251.01	_	_	_	_
542-1	TOI034	542	542	1	poi	poi	_	_	_	_	_	linguistic	_	none	_	_	_	_	_	_
542-2	TOI034	542	542	2	si	si	_	_	_	_	_	linguistic	_	none	_	_	_	_	_	_
542-3	TOI034	542	542	3	sta	sta	_	_	_	_	_	linguistic	_	none	_	_	_	_	_	_
542-4	TOI034	542	542	4	bene	bene	_	_	_	_	_	linguistic	_	none	_	End=1252.01	_	_	_	_
543-0	TOR006	543	543	0	[okay]	okay	_	_	_	_	_	linguistic	_	none	_	Begin=1252.31|End=1253.0	_	_	_	0-4(128)
544-0	TOI034	544	544	0	[non	non	_	_	_	_	_	linguistic	_	none	_	Begin=1252.31	_	_	_	0-3(128)
544-1	TOI034	544	544	1	è:]	è	_	_	_	_	_	linguistic	_	none	_	_	0x1	_	_	0-1(128)
544-2	TOI034	544	544	2	non	non	_	_	_	_	_	linguistic	_	none	_	_	_	_	_	_
544-3	TOI034	544	544	3	abbiamo	abbiamo	_	_	_	_	_	linguistic	_	none	_	_	_	_	_	_
544-4	TOI034	544	544	4	p~	p~	_	_	_	_	_	linguistic	_	none	Interrupted=Yes	_	_	_	_	_
544-5	TOI034	544	544	5	grandi	grandi	_	_	_	_	_	linguistic	_	none	_	_	_	_	_	_
544-6	TOI034	544	544	6	problemi	problemi	_	_	_	_	_	linguistic	_	none	_	End=1254.42	_	_	_	_
545-0	TOR006	545	545	0	e::h	eh	_	_	_	_	_	linguistic	_	none	_	Begin=1254.81	0x2	_	_	_
545-1	TOR006	545	545	1	quin~	quin~	_	_	_	_	_	linguistic	_	none	Interrupted=Yes|ProsodicLink=Yes	_	_	_	_	_
545-2	TOR006	545	545	2	ci	ci	_	_	_	_	_	linguistic	_	none	_	_	_	_	_	_
545-3	TOR006	545	545	3	sono	sono	_	_	_	_	_	linguistic	_	none	_	_	_	_	_	_
545-4	TOR006	545	545	4	alcuni	alcuni	_	_	_	_	_	linguistic	_	none	_	_	_	_	_	_
545-5	TOR006	545	545	5	problemi	problemi	_	_	_	_	_	linguistic	_	none	_	_	_	_	_	_
545-6	TOR006	545	545	6	op~	op~	_	_	_	_	_	linguistic	_	none	Interrupted=Yes	_	_	_	_	_
545-7	TOR006	545	545	7	e:h	eh	_	_	_	_	_	linguistic	_	none	_	_	0x1	_	_	_
545-8	TOR006	545	545	8	cose	cose	_	_	_	_	_	linguistic	_	none	_	_	_	_	_	_
545-9	TOR006	545	545	9	da	da	_	_	_	_	_	linguistic	_	none	_	_	_	_	_	_
545-10	TOR006	545	545	10	migliorare:?	migliorare	_	_	_	_	_	linguistic	_	none	Intonation=Rising	_	9x1	_	_	_
545-11	TOR006	545	545	11	oppure	oppure	_	_	_	_	_	linguistic	_	none	_	_	_	_	_	_
545-12	TOR006	545	545	12	ti	ti	_	_	_	_	_	linguistic	_	none	_	_	_	_	_	_
545-13	TOR006	545	545	13	piace	piace	_	_	_	_	_	linguistic	_	none	_	End=1260.401	_	_	_	_
546-0	TOI034	546	546	0	senz'	senz'	_	_	_	_	_	linguistic	_	none	SpaceAfter=No	Begin=1261.12	_	_	_	_
546-1	TOI034	546	546	1	altro	altro	_	_	_	_	_	linguistic	_	none	_	_	_	_	_	_
546-2	TOI034	546	546	2	hanno::	hanno	_	_	_	_	_	linguistic	_	none	_	End=1262.941	4x2	_	_	_
547-0	TOI034	547	547	0	tolto	tolto	_	_	_	_	_	linguistic	_	none	_	Begin=1263.3	_	_	_	_
547-1	TOI034	547	547	1	troppo	troppo	_	_	_	_	_	linguistic	_	none	_	_	_	_	_	_
547-2	TOI034	547	547	2	verde	verde	_	_	_	_	_	linguistic	_	none	_	_	_	_	_	_
547-3	TOI034	547	547	3	per	per	_	_	_	_	_	linguistic	_	none	_	_	_	_	_	_
547-4	TOI034	547	547	4	fare:	fare	_	_	_	_	_	linguistic	_	none	_	End=1264.815	3x1	_	_	_
548-0	TOI034	548	548	0	tanti	tanti	_	_	_	_	_	linguistic	_	none	_	Begin=1265.01	_	_	_	_
548-1	TOI034	548	548	1	parcheggi	parcheggi	_	_	_	_	_	linguistic	_	none	_	End=1266.019	_	_	_	_
549-0	TOR006	549	549	0	((ride))	((ride))	_	_	_	_	_	nonverbalbehavior	_	none	_	Begin=1266.31	_	_	_	_
549-1	TOR006	549	549	1	okay	okay	_	_	_	_	_	linguistic	_	none	_	End=1267.103	_	_	_	_
550-0	TOI034	550	550	0	((ride))	((ride))	_	_	_	_	_	nonverbalbehavior	_	none	_	Begin=1267.103	_	_	_	_
550-1	TOI034	550	550	1	e:	e	_	_	_	_	_	linguistic	_	none	_	_	0x1	_	_	_
550-2	TOI034	550	550	2	questo	questo	_	_	_	_	_	linguistic	_	none	_	_	_	_	_	_
550-3	TOI034	550	550	3	è	è	_	_	_	_	_	linguistic	_	none	_	_	_	_	_	_
550-4	TOI034	550	550	4	un	un	_	_	_	_	_	linguistic	_	none	_	_	_	_	_	_
550-5	TOI034	550	550	5	po':	po'	_	_	_	_	_	linguistic	_	none	_	_	1x1	_	_	_
550-6	TOI034	550	550	6	a	a	_	_	_	_	_	linguistic	_	none	_	_	_	_	_	_
550-7	TOI034	550	550	7	discapito	discapito	_	_	_	_	_	linguistic	_	none	_	_	_	_	_	_
550-8	TOI034	550	550	8	nostro	nostro	_	_	_	_	_	linguistic	_	none	_	End=1270.2	_	_	_	_
551-0	TOR006	551	551	0	mhmh	mhmh	_	_	_	_	_	linguistic	_	none	_	Begin=1270.5|End=1271.03	_	_	_	_
552-0	TOI034	552	552	0	però:	però	_	_	_	_	_	linguistic	_	none	_	Begin=1271.41|End=1272.013	3x1	_	_	_
553-0	TOI034	553	553	0	non	non	_	_	_	_	_	linguistic	_	none	_	Begin=1272.8	_	_	_	_
553-1	TOI034	553	553	1	ci	ci	_	_	_	_	_	linguistic	_	none	_	_	_	_	_	_
553-2	TOI034	553	553	2	sono	sono	_	_	_	_	_	linguistic	_	none	_	_	_	_	_	_
553-3	TOI034	553	553	3	grandi	grandi	_	_	_	_	_	linguistic	_	none	_	_	_	_	_	_
553-4	TOI034	553	553	4	cos[e	cose	_	_	_	_	_	linguistic	_	none	_	_	_	_	_	3-4(129)
553-5	TOI034	553	553	5	che	che	_	_	_	_	_	linguistic	_	none	_	_	_	_	_	0-3(129)
553-6	TOI034	553	553	6	cambierei]	cambierei	_	_	_	_	_	linguistic	_	none	_	End=1274.617	_	_	_	0-9(129)
554-0	TOR006	554	554	0	[okay]	okay	_	_	_	_	_	linguistic	_	none	_	Begin=1273.91|End=1274.61	_	_	_	0-4(129)
555-0	TOR006	555	555	0	quindi	quindi	_	_	_	_	_	linguistic	_	none	_	Begin=1274.9	_	_	_	_
555-1	TOR006	555	555	1	c(io)è:	cioè	_	_	_	_	_	linguistic	_	none	Reduced=Yes	_	3x1	_	_	_
555-2	TOR006	555	555	2	mh	mh	_	_	_	_	_	linguistic	_	none	ProsodicLink=Yes	_	_	_	_	_
555-3	TOR006	555	555	3	diciamo	diciamo	_	_	_	_	_	linguistic	_	none	_	_	_	_	_	_
555-4	TOR006	555	555	4	a	a	_	_	_	_	_	linguistic	_	none	_	_	_	_	_	_
555-5	TOR006	555	555	5	te	te	_	_	_	_	_	linguistic	_	none	_	_	_	_	_	_
555-6	TOR006	555	555	6	piace:	piace	_	_	_	_	_	linguistic	_	none	_	_	4x1	_	_	_
555-7	TOR006	555	555	7	vivere:	vivere	_	_	_	_	_	linguistic	_	none	_	_	5x1	_	_	_
555-8	TOR006	555	555	8	un	un	_	_	_	_	_	linguistic	_	none	_	_	_	_	_	_
555-9	TOR006	555	555	9	po'	po'	_	_	_	_	_	linguistic	_	none	_	_	_	_	_	_
555-10	TOR006	555	555	10	se	se	_	_	_	_	_	linguistic	_	none	_	_	_	_	_	_
555-11	TOR006	555	555	11	ho	ho	_	_	_	_	_	linguistic	_	none	_	_	_	_	_	_
555-12	TOR006	555	555	12	capito	capito	_	_	_	_	_	linguistic	_	none	_	_	_	_	_	_
555-13	TOR006	555	555	13	bene:	bene	_	_	_	_	_	linguistic	_	none	_	_	3x1	_	_	_
555-14	TOR006	555	555	14	eh	eh	_	_	_	_	_	linguistic	_	none	_	_	_	_	_	_
555-15	TOR006	555	555	15	in	in	_	_	_	_	_	linguistic	_	none	_	_	_	_	_	_
555-16	TOR006	555	555	16	mezzo	mezzo	_	_	_	_	_	linguistic	_	none	_	_	_	_	_	_
555-17	TOR006	555	555	17	al	al	_	_	_	_	_	linguistic	_	none	_	_	_	_	_	_
555-18	TOR006	555	555	18	verde	verde	_	_	_	_	_	linguistic	_	none	_	_	_	_	_	_
555-19	TOR006	555	555	19	diciamo	diciamo	_	_	_	_	_	linguistic	_	none	_	End=1281.2	_	_	_	_
556-0	TOR006	556	556	0	c(io)è	cioè	_	_	_	_	_	linguistic	_	none	Reduced=Yes|PauseAfter=Yes	Begin=1281.51	_	_	_	_
556-1	TOR006	556	556	1	(.)	(.)	_	_	_	_	_	shortpause	_	none	_	_	_	_	_	_
556-2	TOR006	556	556	2	dove	dove	_	_	_	_	_	linguistic	_	none	_	_	_	_	_	_
556-3	TOR006	556	556	3	ci	ci	_	_	_	_	_	linguistic	_	none	_	_	_	_	_	_
556-4	TOR006	556	556	4	sia	sia	_	_	_	_	_	linguistic	_	none	_	_	_	_	_	_
556-5	TOR006	556	556	5	la	la	_	_	_	_	_	linguistic	_	none	_	_	_	_	_	_
556-6	TOR006	556	556	6	natura	natura	_	_	_	_	_	linguistic	_	none	_	End=1283.102	_	_	_	_
557-0	TOI034	557	557	0	chieri	chieri	_	_	_	_	_	linguistic	_	none	_	Begin=1283.31	_	_	_	_
557-1	TOI034	557	557	1	è	è	_	_	_	_	_	linguistic	_	none	_	_	_	_	_	_
557-2	TOI034	557	557	2	un	un	_	_	_	_	_	linguistic	_	none	_	_	_	_	_	_
557-3	TOI034	557	557	3	buon	buon	_	_	_	_	_	linguistic	_	none	_	_	_	_	_	_
557-4	TOI034	557	557	4	compromesso	compromesso	_	_	_	_	_	linguistic	_	none	_	_	_	_	_	_
557-5	TOI034	557	557	5	per	per	_	_	_	_	_	linguistic	_	none	_	_	_	_	_	_
557-6	TOI034	557	557	6	avere	avere	_	_	_	_	_	linguistic	_	none	PauseAfter=Yes	_	_	_	_	_
557-7	TOI034	557	557	7	(.)	(.)	_	_	_	_	_	shortpause	_	none	_	_	_	_	_	_
557-8	TOI034	557	557	8	natura	natura	_	_	_	_	_	linguistic	_	none	_	End=1286.29	_	_	_	_
558-0	TOR006	558	558	0	mhmh	mhmh	_	_	_	_	_	linguistic	_	none	_	Begin=1286.6|End=1286.91	_	_	_	_
559-0	TOI034	559	559	0	campi:	campi	_	_	_	_	_	linguistic	_	none	ProsodicLink=Yes	Begin=1286.91	4x1	_	_	_
559-1	TOI034	559	559	1	e:	e	_	_	_	_	_	linguistic	_	none	_	_	0x1	_	_	_
559-2	TOI034	559	559	2	a	a	_	_	_	_	_	linguistic	_	none	PauseAfter=Yes	_	_	_	_	_
559-3	TOI034	559	559	3	(.)	(.)	_	_	_	_	_	shortpause	_	none	_	_	_	_	_	_
559-4	TOI034	559	559	4	due	due	_	_	_	_	_	linguistic	_	none	_	_	_	_	_	_
559-5	TOI034	559	559	5	minuti	minuti	_	_	_	_	_	linguistic	_	none	_	_	_	_	_	_
559-6	TOI034	559	559	6	da	da	_	_	_	_	_	linguistic	_	none	_	_	_	_	_	_
559-7	TOI034	559	559	7	un	un	_	_	_	_	_	linguistic	_	none	_	_	_	_	_	_
559-8	TOI034	559	559	8	centro	centro	_	_	_	_	_	linguistic	_	none	_	End=1290.428	_	_	_	_
560-0	TOR006	560	560	0	mhmh	mhmh	_	_	_	_	_	linguistic	_	none	_	Begin=1290.428|End=1290.801	_	_	_	_
561-0	TOI034	561	561	0	>e	e	_	_	_	_	_	linguistic	_	none	_	Begin=1291.01	_	Fast=0-1(0)	_	_
561-1	TOI034	561	561	1	quindi	quindi	_	_	_	_	_	linguistic	_	none	_	_	_	Fast=0-6(0)	_	_
561-2	TOI034	561	561	2	avere	avere	_	_	_	_	_	linguistic	_	none	_	_	_	Fast=0-5(0)	_	_
561-3	TOI034	561	561	3	a	a	_	_	_	_	_	linguistic	_	none	_	_	_	Fast=0-1(0)	_	_
561-4	TOI034	561	561	4	disposizione	disposizione	_	_	_	_	_	linguistic	_	none	_	_	_	Fast=0-12(0)	_	_
561-5	TOI034	561	561	5	qualunque	qualunque	_	_	_	_	_	linguistic	_	none	_	_	_	Fast=0-9(0)	_	_
561-6	TOI034	561	561	6	cosa	cosa	_	_	_	_	_	linguistic	_	none	_	_	_	Fast=0-4(0)	_	_
561-7	TOI034	561	561	7	t~<	t~	_	_	_	_	_	linguistic	_	none	Interrupted=Yes	_	_	Fast=0-2(0)	_	_
561-8	TOI034	561	561	8	tu	tu	_	_	_	_	_	linguistic	_	none	_	_	_	_	_	_
561-9	TOI034	561	561	9	possa	possa	_	_	_	_	_	linguistic	_	none	_	_	_	_	_	_
561-10	TOI034	561	561	10	avere:	avere	_	_	_	_	_	linguistic	_	none	_	_	4x1	_	_	_
561-11	TOI034	561	561	11	bisogno	bisogno	_	_	_	_	_	linguistic	_	none	PauseAfter=Yes	_	_	_	_	_
561-12	TOI034	561	561	12	(.)	(.)	_	_	_	_	_	shortpause	_	none	_	_	_	_	_	_
561-13	TOI034	561	561	13	[dal]	dal	_	_	_	_	_	linguistic	_	none	_	_	_	_	_	0-3(130)
561-14	TOI034	561	561	14	supermerc[ato]:	supermercato	_	_	_	_	_	linguistic	_	none	_	_	11x1	_	_	9-12(131)
561-15	TOI034	561	561	15	all'	all'	_	_	_	_	_	linguistic	_	none	SpaceAfter=No	_	_	_	_	_
561-16	TOI034	561	561	16	ospedale	ospedale	_	_	_	_	_	linguistic	_	none	_	_	_	_	_	_
561-17	TOI034	561	561	17	alla	alla	_	_	_	_	_	linguistic	_	none	_	_	_	_	_	_
561-18	TOI034	561	561	18	stazione	stazione	_	_	_	_	_	linguistic	_	none	_	_	_	_	_	_
561-19	TOI034	561	561	19	a:l	al	_	_	_	_	_	linguistic	_	none	_	_	0x1	_	_	_
561-20	TOI034	561	561	20	negozietto	negozietto	_	_	_	_	_	linguistic	_	none	_	_	_	_	_	_
561-21	TOI034	561	561	21	farmacia	farmacia	_	_	_	_	_	linguistic	_	none	_	End=1300.21	_	_	_	_
562-0	TOR006	562	562	0	[mhmh]	mhmh	_	_	_	_	_	linguistic	_	none	_	Begin=1294.801|End=1295.21	_	_	_	0-4(130)
563-0	TOR006	563	563	0	[cert~]	cert~	_	_	_	_	_	linguistic	_	none	Interrupted=Yes	Begin=1295.788|End=1296.21	_	_	_	0-5(131)
564-0	TOR006	564	564	0	((tossisce))	((tossisce))	_	_	_	_	_	nonverbalbehavior	_	none	_	Begin=1299.811|End=1300.61	_	_	_	_
565-0	TOI034	565	565	0	questo	questo	_	_	_	_	_	linguistic	_	none	_	Begin=1300.61	_	_	_	_
565-1	TOI034	565	565	1	mi	mi	_	_	_	_	_	linguistic	_	none	_	_	_	_	_	_
565-2	TOI034	565	565	2	piace	piace	_	_	_	_	_	linguistic	_	none	_	End=1301.51	_	_	_	_
566-0	TOI034	566	566	0	ave[re]	avere	_	_	_	_	_	linguistic	_	none	_	Begin=1301.721|End=1302.12	_	_	_	3-5(132)
567-0	TOR006	567	567	0	°ok[ay]°	okay	_	_	_	_	_	linguistic	_	none	Volume=low	Begin=1301.85|End=1302.385	_	_	_	2-4(132)
568-0	TOI034	568	568	0	un	un	_	_	_	_	_	linguistic	_	none	_	Begin=1302.6	_	_	_	_
568-1	TOI034	568	568	1	insieme	insieme	_	_	_	_	_	linguistic	_	none	_	_	_	_	_	_
568-2	TOI034	568	568	2	delle	delle	_	_	_	_	_	linguistic	_	none	_	_	_	_	_	_
568-3	TOI034	568	568	3	cose	cose	_	_	_	_	_	linguistic	_	none	_	End=1303.99	_	_	_	_
569-0	TOR006	569	569	0	okay	okay	_	_	_	_	_	linguistic	_	none	_	Begin=1304.21|End=1305.017	_	_	_	_
570-0	TOR006	570	570	0	e:::h	eh	_	_	_	_	_	linguistic	_	none	_	Begin=1305.8	0x3	_	_	_
570-1	TOR006	570	570	1	>allora<	allora	_	_	_	_	_	linguistic	_	none	_	_	_	Fast=0-6(0)	_	_
570-2	TOR006	570	570	2	trovi	trovi	_	_	_	_	_	linguistic	_	none	_	_	_	_	_	_
570-3	TOR006	570	570	3	tutto	tutto	_	_	_	_	_	linguistic	_	none	_	_	_	_	_	_
570-4	TOR006	570	570	4	nel	nel	_	_	_	_	_	linguistic	_	none	_	_	_	_	_	_
570-5	TOR006	570	570	5	tuo	tuo	_	_	_	_	_	linguistic	_	none	_	_	_	_	_	_
570-6	TOR006	570	570	6	quartiere	quartiere	_	_	_	_	_	linguistic	_	none	_	_	_	_	_	_
570-7	TOR006	570	570	7	o	o	_	_	_	_	_	linguistic	_	none	_	_	_	_	_	_
570-8	TOR006	570	570	8	devi	devi	_	_	_	_	_	linguistic	_	none	_	_	_	_	_	_
570-9	TOR006	570	570	9	spesso	spesso	_	_	_	_	_	linguistic	_	none	_	_	_	_	_	_
570-10	TOR006	570	570	10	spostarti?	spostarti	_	_	_	_	_	linguistic	_	none	Intonation=Rising	End=1311.422	_	_	_	_
571-0	TOI034	571	571	0	c'	c'	_	_	_	_	_	linguistic	_	none	SpaceAfter=No	Begin=1312.01	_	_	_	_
571-1	TOI034	571	571	1	è	è	_	_	_	_	_	linguistic	_	none	_	_	_	_	_	_
571-2	TOI034	571	571	2	tutto	tutto	_	_	_	_	_	linguistic	_	none	_	End=1312.61	_	_	_	_
572-0	TOR006	572	572	0	okay	okay	_	_	_	_	_	linguistic	_	none	_	Begin=1312.71|End=1313.397	_	_	_	_
573-0	TOR006	573	573	0	e	e	_	_	_	_	_	linguistic	_	none	_	Begin=1313.71	_	_	_	_
573-1	TOR006	573	573	1	come	come	_	_	_	_	_	linguistic	_	none	_	_	_	_	_	_
573-2	TOR006	573	573	2	ti	ti	_	_	_	_	_	linguistic	_	none	_	_	_	_	_	_
573-3	TOR006	573	573	3	muovi	muovi	_	_	_	_	_	linguistic	_	none	_	_	_	_	_	_
573-4	TOR006	573	573	4	in	in	_	_	_	_	_	linguistic	_	none	_	_	_	_	_	_
573-5	TOR006	573	573	5	città?	città	_	_	_	_	_	linguistic	_	none	Intonation=Rising	End=1315.11	_	_	_	_
574-0	TOR006	574	574	0	prevalentemente,	prevalentemente	_	_	_	_	_	linguistic	_	none	Intonation=WeaklyRising	Begin=1315.4|End=1316.611	_	_	_	_
575-0	TOI034	575	575	0	purtroppo	purtroppo	_	_	_	_	_	linguistic	_	none	_	Begin=1316.611	_	_	_	_
575-1	TOI034	575	575	1	adesso	adesso	_	_	_	_	_	linguistic	_	none	_	_	_	_	_	_
575-2	TOI034	575	575	2	in	in	_	_	_	_	_	linguistic	_	none	_	_	_	_	_	_
575-3	TOI034	575	575	3	macchina	macchina	_	_	_	_	_	linguistic	_	none	_	_	_	_	_	_
575-4	TOI034	575	575	4	prima	prima	_	_	_	_	_	linguistic	_	none	_	_	_	_	_	_
575-5	TOI034	575	575	5	in	in	_	_	_	_	_	linguistic	_	none	_	_	_	_	_	_
575-6	TOI034	575	575	6	bici	bici	_	_	_	_	_	linguistic	_	none	_	End=1318.51	_	_	_	_
576-0	TOR006	576	576	0	°okay°	okay	_	_	_	_	_	linguistic	_	none	Volume=low	Begin=1319.01	_	_	_	_
576-1	TOR006	576	576	1	ma	ma	_	_	_	_	_	linguistic	_	none	_	_	_	_	_	_
576-2	TOR006	576	576	2	i~	i~	_	_	_	_	_	linguistic	_	none	Interrupted=Yes	_	_	_	_	_
576-3	TOR006	576	576	3	in	in	_	_	_	_	_	linguistic	_	none	_	_	_	_	_	_
576-4	TOR006	576	576	4	bici	bici	_	_	_	_	_	linguistic	_	none	_	_	_	_	_	_
576-5	TOR006	576	576	5	anche	anche	_	_	_	_	_	linguistic	_	none	_	_	_	_	_	_
576-6	TOR006	576	576	6	>quando	quando	_	_	_	_	_	linguistic	_	none	_	_	_	Fast=0-6(0)	_	_
576-7	TOR006	576	576	7	faceva	faceva	_	_	_	_	_	linguistic	_	none	_	_	_	Fast=0-6(0)	_	_
576-8	TOR006	576	576	8	freddo<?	freddo	_	_	_	_	_	linguistic	_	none	Intonation=Rising	End=1321.894	_	Fast=0-6(0)	_	_
577-0	TOI034	577	577	0	sì	sì	_	_	_	_	_	linguistic	_	none	_	Begin=1321.894	_	_	_	_
577-1	TOI034	577	577	1	sì	sì	_	_	_	_	_	linguistic	_	none	_	End=1322.317	_	_	_	_
578-0	TOR006	578	578	0	eh	eh	_	_	_	_	_	linguistic	_	none	_	Begin=1323.01	_	_	_	_
578-1	TOR006	578	578	1	però	però	_	_	_	_	_	linguistic	_	none	_	_	_	_	_	_
578-2	TOR006	578	578	2	ora	ora	_	_	_	_	_	linguistic	_	none	_	_	_	_	_	_
578-3	TOR006	578	578	3	hai	hai	_	_	_	_	_	linguistic	_	none	_	_	_	_	_	_
578-4	TOR006	578	578	4	perso	perso	_	_	_	_	_	linguistic	_	none	_	_	_	_	_	_
578-5	TOR006	578	578	5	l'	l'	_	_	_	_	_	linguistic	_	none	SpaceAfter=No	_	_	_	_	_
578-6	TOR006	578	578	6	allenamento	allenamento	_	_	_	_	_	linguistic	_	none	_	End=1325.009	_	_	_	_
579-0	TOR006	579	579	0	((ride))	((ride))	_	_	_	_	_	nonverbalbehavior	_	none	_	Begin=1325.31|End=1326.928	_	_	_	_
580-0	TOI034	580	580	0	m:h	mh	_	_	_	_	_	linguistic	_	none	_	Begin=1325.31	0x1	_	_	_
580-1	TOI034	580	580	1	sono	sono	_	_	_	_	_	linguistic	_	none	_	_	_	_	_	_
580-2	TOI034	580	580	2	pigra	pigra	_	_	_	_	_	linguistic	_	none	_	End=1326.928	_	_	_	_
581-0	TOR006	581	581	0	okay	okay	_	_	_	_	_	linguistic	_	none	_	Begin=1327.11	_	_	_	_
581-1	TOR006	581	581	1	((ride))	((ride))	_	_	_	_	_	nonverbalbehavior	_	none	_	End=1328.165	_	_	_	_
582-0	TOI034	582	582	0	la	la	_	_	_	_	_	linguistic	_	none	_	Begin=1328.165	_	_	_	_
582-1	TOI034	582	582	1	macchina	macchina	_	_	_	_	_	linguistic	_	none	_	_	_	_	_	_
582-2	TOI034	582	582	2	è	è	_	_	_	_	_	linguistic	_	none	_	_	_	_	_	_
582-3	TOI034	582	582	3	troppo	troppo	_	_	_	_	_	linguistic	_	none	_	_	_	_	_	_
582-4	TOI034	582	582	4	comoda	comoda	_	_	_	_	_	linguistic	_	none	_	End=1329.51	_	_	_	_
583-0	TOR006	583	583	0	eh	eh	_	_	_	_	_	linguistic	_	none	_	Begin=1329.51	_	_	_	_
583-1	TOR006	583	583	1	sì	sì	_	_	_	_	_	linguistic	_	none	PauseAfter=Yes	_	_	_	_	_
583-2	TOR006	583	583	2	(.)	(.)	_	_	_	_	_	shortpause	_	none	_	_	_	_	_	_
583-3	TOR006	583	583	3	però	però	_	_	_	_	_	linguistic	_	none	_	_	_	_	_	_
583-4	TOR006	583	583	4	il	il	_	_	_	_	_	linguistic	_	none	_	_	_	_	_	_
583-5	TOR006	583	583	5	parcheggio	parcheggio	_	_	_	_	_	linguistic	_	none	_	_	_	_	_	_
583-6	TOR006	583	583	6	lo	lo	_	_	_	_	_	linguistic	_	none	_	_	_	_	_	_
583-7	TOR006	583	583	7	trovi?	trovi	_	_	_	_	_	linguistic	_	none	Intonation=Rising	End=1331.428	_	_	_	_
584-0	TOI034	584	584	0	sì:	sì	_	_	_	_	_	linguistic	_	none	_	Begin=1332.01|End=1332.507	1x1	_	_	_
585-0	TOR006	585	585	0	°oka~°	oka~	_	_	_	_	_	linguistic	_	none	Interrupted=Yes|Volume=low	Begin=1332.91|End=1333.316	_	_	_	_
586-0	TOR006	586	586	0	e:h	eh	_	_	_	_	_	linguistic	_	none	_	Begin=1334.4	0x1	_	_	_
586-1	TOR006	586	586	1	chieri	chieri	_	_	_	_	_	linguistic	_	none	_	_	_	_	_	_
586-2	TOR006	586	586	2	è	è	_	_	_	_	_	linguistic	_	none	_	_	_	_	_	_
586-3	TOR006	586	586	3	cambiata	cambiata	_	_	_	_	_	linguistic	_	none	_	_	_	_	_	_
586-4	TOR006	586	586	4	molto	molto	_	_	_	_	_	linguistic	_	none	_	_	_	_	_	_
586-5	TOR006	586	586	5	negli	negli	_	_	_	_	_	linguistic	_	none	_	_	_	_	_	_
586-6	TOR006	586	586	6	ultimi	ultimi	_	_	_	_	_	linguistic	_	none	_	_	_	_	_	_
586-7	TOR006	586	586	7	anni?	anni	_	_	_	_	_	linguistic	_	none	Intonation=Rising	End=1336.915	_	_	_	_
587-0	TOR006	587	587	0	secondo	secondo	_	_	_	_	_	linguistic	_	none	_	Begin=1337.41	_	_	_	_
587-1	TOR006	587	587	1	te	te	_	_	_	_	_	linguistic	_	none	_	End=1338.224	_	_	_	_
588-0	TOI034	588	588	0	è	è	_	_	_	_	_	linguistic	_	none	_	Begin=1338.91	_	_	_	_
588-1	TOI034	588	588	1	cambiata	cambiata	_	_	_	_	_	linguistic	_	none	_	_	_	_	_	_
588-2	TOI034	588	588	2	parecchio	parecchio	_	_	_	_	_	linguistic	_	none	ProsodicLink=Yes	_	_	_	_	_
588-3	TOI034	588	588	3	sì	sì	_	_	_	_	_	linguistic	_	none	_	End=1340.222	_	_	_	_
589-0	TOR006	589	589	0	e:h	eh	_	_	_	_	_	linguistic	_	none	_	Begin=1340.51	0x1	_	_	_
589-1	TOR006	589	589	1	in	in	_	_	_	_	_	linguistic	_	none	_	_	_	_	_	_
589-2	TOR006	589	589	2	bene	bene	_	_	_	_	_	linguistic	_	none	_	_	_	_	_	_
589-3	TOR006	589	589	3	o	o	_	_	_	_	_	linguistic	_	none	_	_	_	_	_	_
589-4	TOR006	589	589	4	in	in	_	_	_	_	_	linguistic	_	none	_	_	_	_	_	_
589-5	TOR006	589	589	5	male?	male	_	_	_	_	_	linguistic	_	none	Intonation=Rising	End=1342.022	_	_	_	_
590-0	TOI034	590	590	0	purtroppo	purtroppo	_	_	_	_	_	linguistic	_	none	_	Begin=1342.31	_	_	_	_
590-1	TOI034	590	590	1	in	in	_	_	_	_	_	linguistic	_	none	_	_	_	_	_	_
590-2	TOI034	590	590	2	male	male	_	_	_	_	_	linguistic	_	none	_	End=1343.211	_	_	_	_
591-0	TOR006	591	591	0	fammi::	fammi	_	_	_	_	_	linguistic	_	none	_	Begin=1343.51	4x2	_	_	_
591-1	TOR006	591	591	1	ps~	ps~	_	_	_	_	_	linguistic	_	none	Interrupted=Yes	_	_	_	_	_
591-2	TOR006	591	591	2	x	x	_	_	_	_	_	unknown	_	none	PauseAfter=Yes|Syllables=1	_	_	_	_	_
591-3	TOR006	591	591	3	(.)	(.)	_	_	_	_	_	shortpause	_	none	_	_	_	_	_	_
591-4	TOR006	591	591	4	boh	boh	_	_	_	_	_	linguistic	_	none	_	_	_	_	_	_
591-5	TOR006	591	591	5	motivami	motivami	_	_	_	_	_	linguistic	_	none	_	_	_	_	_	_
591-6	TOR006	591	591	6	questa:	questa	_	_	_	_	_	linguistic	_	none	_	_	5x1	_	_	_
591-7	TOR006	591	591	7	affermazione	affermazione	_	_	_	_	_	linguistic	_	none	_	End=1347.892	_	_	_	_
592-0	TOI034	592	592	0	chieri	chieri	_	_	_	_	_	linguistic	_	none	_	Begin=1348.81	_	_	_	_
592-1	TOI034	592	592	1	m:h	mh	_	_	_	_	_	linguistic	_	none	_	_	0x1	_	_	_
592-2	TOI034	592	592	2	>avendoci	avendoci	_	_	_	_	_	linguistic	_	none	_	_	_	Fast=0-8(0)	_	_
592-3	TOI034	592	592	3	abitato	abitato	_	_	_	_	_	linguistic	_	none	_	_	_	Fast=0-7(0)	_	_
592-4	TOI034	592	592	4	da	da	_	_	_	_	_	linguistic	_	none	_	_	_	Fast=0-2(0)	_	_
592-5	TOI034	592	592	5	quando	quando	_	_	_	_	_	linguistic	_	none	_	_	_	Fast=0-6(0)	_	_
592-6	TOI034	592	592	6	sono	sono	_	_	_	_	_	linguistic	_	none	_	_	_	Fast=0-4(0)	_	_
592-7	TOI034	592	592	7	nata<	nata	_	_	_	_	_	linguistic	_	none	_	End=1352.1	_	Fast=0-4(0)	_	_
593-0	TOR006	593	593	0	mh[mh]	mhmh	_	_	_	_	_	linguistic	_	none	_	Begin=1352.21|End=1352.709	_	_	_	2-4(133)
594-0	TOI034	594	594	0	[e]	e	_	_	_	_	_	linguistic	_	none	_	Begin=1352.41	_	_	_	0-1(133)
594-1	TOI034	594	594	1	avendola	avendola	_	_	_	_	_	linguistic	_	none	_	_	_	_	_	_
594-2	TOI034	594	594	2	girata	girata	_	_	_	_	_	linguistic	_	none	_	_	_	_	_	_
594-3	TOI034	594	594	3	perché:	perché	_	_	_	_	_	linguistic	_	none	_	_	5x1	_	_	_
594-4	TOI034	594	594	4	comunque	comunque	_	_	_	_	_	linguistic	_	none	_	_	_	_	_	_
594-5	TOI034	594	594	5	per	per	_	_	_	_	_	linguistic	_	none	_	_	_	_	_	_
594-6	TOI034	594	594	6	necessità	necessità	_	_	_	_	_	linguistic	_	none	_	_	_	_	_	_
594-7	TOI034	594	594	7	e	e	_	_	_	_	_	linguistic	_	none	_	_	_	_	_	_
594-8	TOI034	594	594	8	n[on]	non	_	_	_	_	_	linguistic	_	none	_	End=1355.91	_	_	_	1-3(134)
595-0	TOR006	595	595	0	[mh]mh	mhmh	_	_	_	_	_	linguistic	_	none	_	Begin=1355.61|End=1356.01	_	_	_	0-2(134)
596-0	TOI034	596	596	0	era:	era	_	_	_	_	_	linguistic	_	none	_	Begin=1356.61|End=1357.513	2x1	_	_	_
597-0	TOI034	597	597	0	un	un	_	_	_	_	_	linguistic	_	none	_	Begin=1357.91	_	_	_	_
597-1	TOI034	597	597	1	centro	centro	_	_	_	_	_	linguistic	_	none	_	_	_	_	_	_
597-2	TOI034	597	597	2	cittadino	cittadino	_	_	_	_	_	linguistic	_	none	PauseAfter=Yes	_	_	_	_	_
597-3	TOI034	597	597	3	(.)	(.)	_	_	_	_	_	shortpause	_	none	_	_	_	_	_	_
597-4	TOI034	597	597	4	una	una	_	_	_	_	_	linguistic	_	none	_	_	_	_	_	_
597-5	TOI034	597	597	5	città	città	_	_	_	_	_	linguistic	_	none	PauseAfter=Yes	_	_	_	_	_
597-6	TOI034	597	597	6	(.)	(.)	_	_	_	_	_	shortpause	_	none	_	_	_	_	_	_
597-7	TOI034	597	597	7	piccola	piccola	_	_	_	_	_	linguistic	_	none	_	_	_	_	_	_
597-8	TOI034	597	597	8	città	città	_	_	_	_	_	linguistic	_	none	_	End=1361.33	_	_	_	_
598-0	TOI034	598	598	0	sparsa	sparsa	_	_	_	_	_	linguistic	_	none	_	Begin=1361.6|End=1362.495	_	_	_	_
599-0	TOI034	599	599	0	in	in	_	_	_	_	_	linguistic	_	none	_	Begin=1363.31	_	_	_	_
599-1	TOI034	599	599	1	un::	un	_	_	_	_	_	linguistic	_	none	_	_	1x2	_	_	_
599-2	TOI034	599	599	2	non	non	_	_	_	_	_	linguistic	_	none	_	_	_	_	_	_
599-3	TOI034	599	599	3	tanto	tanto	_	_	_	_	_	linguistic	_	none	_	_	_	_	_	_
599-4	TOI034	599	599	4	spazio	spazio	_	_	_	_	_	linguistic	_	none	_	_	_	_	_	_
599-5	TOI034	599	599	5	ma	ma	_	_	_	_	_	linguistic	_	none	PauseAfter=Yes	_	_	_	_	_
599-6	TOI034	599	599	6	(.)	(.)	_	_	_	_	_	shortpause	_	none	_	_	_	_	_	_
599-7	TOI034	599	599	7	che	che	_	_	_	_	_	linguistic	_	none	_	_	_	_	_	_
599-8	TOI034	599	599	8	>ed	ed	_	_	_	_	_	linguistic	_	none	ProsodicLink=Yes	_	_	Fast=0-2(0)	_	_
599-9	TOI034	599	599	9	era	era	_	_	_	_	_	linguistic	_	none	_	_	_	Fast=0-3(0)	_	_
599-10	TOI034	599	599	10	riuscita	riuscita	_	_	_	_	_	linguistic	_	none	_	_	_	Fast=0-8(0)	_	_
599-11	TOI034	599	599	11	a	a	_	_	_	_	_	linguistic	_	none	_	_	_	Fast=0-1(0)	_	_
599-12	TOI034	599	599	12	distribuire<	distribuire	_	_	_	_	_	linguistic	_	none	_	_	_	Fast=0-11(0)	_	_
599-13	TOI034	599	599	13	il	il	_	_	_	_	_	linguistic	_	none	_	_	_	_	_	_
599-14	TOI034	599	599	14	tutto	tutto	_	_	_	_	_	linguistic	_	none	_	_	_	_	_	_
599-15	TOI034	599	599	15	bene	bene	_	_	_	_	_	linguistic	_	none	_	End=1369.02	_	_	_	_
600-0	TOR006	600	600	0	mhmh	mhmh	_	_	_	_	_	linguistic	_	none	_	Begin=1369.21|End=1369.61	_	_	_	_
601-0	TOI034	601	601	0	essendo	essendo	_	_	_	_	_	linguistic	_	none	_	Begin=1369.71	_	_	_	_
601-1	TOI034	601	601	1	a	a	_	_	_	_	_	linguistic	_	none	_	_	_	_	_	_
601-2	TOI034	601	601	2	disposizione	disposizione	_	_	_	_	_	linguistic	_	none	_	_	_	_	_	_
601-3	TOI034	601	601	3	qualunque	qualunque	_	_	_	_	_	linguistic	_	none	_	_	_	_	_	_
601-4	TOI034	601	601	4	cosa	cosa	_	_	_	_	_	linguistic	_	none	_	_	_	_	_	_
601-5	TOI034	601	601	5	per	per	_	_	_	_	_	linguistic	_	none	_	_	_	_	_	_
601-6	TOI034	601	601	6	ogni	ogni	_	_	_	_	_	linguistic	_	none	PauseAfter=Yes	_	_	_	_	_
601-7	TOI034	601	601	7	(.)	(.)	_	_	_	_	_	shortpause	_	none	_	_	_	_	_	_
601-8	TOI034	601	601	8	zona	zona	_	_	_	_	_	linguistic	_	none	_	_	_	_	_	_
601-9	TOI034	601	601	9	di	di	_	_	_	_	_	linguistic	_	none	_	_	_	_	_	_
601-10	TOI034	601	601	10	chieri	chieri	_	_	_	_	_	linguistic	_	none	_	_	_	_	_	_
601-11	TOI034	601	601	11	mettiamol[a	mettiamola	_	_	_	_	_	linguistic	_	none	_	_	_	_	_	9-10(135)
601-12	TOI034	601	601	12	così]	così	_	_	_	_	_	linguistic	_	none	_	End=1373.822	_	_	_	0-4(135)
602-0	TOR006	602	602	0	[mhm]h	mhmh	_	_	_	_	_	linguistic	_	none	_	Begin=1373.504|End=1373.91	_	_	_	0-3(135)
603-0	TOI034	603	603	0	adesso	adesso	_	_	_	_	_	linguistic	_	none	_	Begin=1374.61	_	_	_	_
603-1	TOI034	603	603	1	hanno::	hanno	_	_	_	_	_	linguistic	_	none	_	End=1377.02	4x2	_	_	_
604-0	TOI034	604	604	0	concentrato	concentrato	_	_	_	_	_	linguistic	_	none	_	Begin=1377.4	_	_	_	_
604-1	TOI034	604	604	1	la	la	_	_	_	_	_	linguistic	_	none	_	_	_	_	_	_
604-2	TOI034	604	604	2	necessità:	necessità	_	_	_	_	_	linguistic	_	none	_	_	8x1	_	_	_
604-3	TOI034	604	604	3	di	di	_	_	_	_	_	linguistic	_	none	_	_	_	_	_	_
604-4	TOI034	604	604	4	avere	avere	_	_	_	_	_	linguistic	_	none	_	_	_	_	_	_
604-5	TOI034	604	604	5	centri	centri	_	_	_	_	_	linguistic	_	none	_	_	_	_	_	_
604-6	TOI034	604	604	6	commerciali	commerciali	_	_	_	_	_	linguistic	_	none	_	End=1381.291	_	_	_	_
605-0	TOR006	605	605	0	mhmh	mhmh	_	_	_	_	_	linguistic	_	none	_	Begin=1381.6|End=1382.11	_	_	_	_
606-0	TOI034	606	606	0	sempre	sempre	_	_	_	_	_	linguistic	_	none	_	Begin=1382.11	_	_	_	_
606-1	TOI034	606	606	1	più	più	_	_	_	_	_	linguistic	_	none	_	_	_	_	_	_
606-2	TOI034	606	606	2	grandi	grandi	_	_	_	_	_	linguistic	_	none	_	_	_	_	_	_
606-3	TOI034	606	606	3	sempre	sempre	_	_	_	_	_	linguistic	_	none	_	_	_	_	_	_
606-4	TOI034	606	606	4	<più::	più	_	_	_	_	_	linguistic	_	none	_	_	2x2	Slow=0-3(0)	_	_
606-5	TOI034	606	606	5	invadenti:	invadenti	_	_	_	_	_	linguistic	_	none	_	_	8x1	Slow=0-9(0)	_	_
606-6	TOI034	606	606	6	luminosi	luminosi	_	_	_	_	_	linguistic	_	none	_	_	_	Slow=0-8(0)	_	_
606-7	TOI034	606	606	7	e::>	e	_	_	_	_	_	linguistic	_	none	_	End=1388.22	0x2	Slow=0-1(0)	_	_
607-0	TOI034	607	607	0	con	con	_	_	_	_	_	linguistic	_	none	_	Begin=1388.51	_	_	_	_
607-1	TOI034	607	607	1	traffico	traffico	_	_	_	_	_	linguistic	_	none	_	_	_	_	_	_
607-2	TOI034	607	607	2	continuo	continuo	_	_	_	_	_	linguistic	_	none	_	_	_	_	_	_
607-3	TOI034	607	607	3	int[orno	intorno	_	_	_	_	_	linguistic	_	none	_	_	_	_	_	3-7(136)
607-4	TOI034	607	607	4	per]ché	perché	_	_	_	_	_	linguistic	_	none	_	End=1390.731	_	_	_	0-3(136)
608-0	TOR006	608	608	0	[mhmh]	mhmh	_	_	_	_	_	linguistic	_	none	_	Begin=1390.108|End=1390.51	_	_	_	0-4(136)
609-0	TOI034	609	609	0	chieri	chieri	_	_	_	_	_	linguistic	_	none	PauseAfter=Yes	Begin=1391.01	_	_	_	_
609-1	TOI034	609	609	1	(.)	(.)	_	_	_	_	_	shortpause	_	none	_	_	_	_	_	_
609-2	TOI034	609	609	2	racchiude	racchiude	_	_	_	_	_	linguistic	_	none	_	_	_	_	_	_
609-3	TOI034	609	609	3	tutte	tutte	_	_	_	_	_	linguistic	_	none	_	_	_	_	_	_
609-4	TOI034	609	609	4	le	le	_	_	_	_	_	linguistic	_	none	_	_	_	_	_	_
609-5	TOI034	609	609	5	colline	colline	_	_	_	_	_	linguistic	_	none	_	_	_	_	_	_
609-6	TOI034	609	609	6	dei	dei	_	_	_	_	_	linguistic	_	none	_	_	_	_	_	_
609-7	TOI034	609	609	7	dintorni	dintorni	_	_	_	_	_	linguistic	_	none	_	End=1394.034	_	_	_	_
610-0	TOR006	610	610	0	mhmh	mhmh	_	_	_	_	_	linguistic	_	none	_	Begin=1394.034|End=1394.51	_	_	_	_
611-0	TOI034	611	611	0	paesini	paesini	_	_	_	_	_	linguistic	_	none	PauseAfter=Yes	Begin=1394.81	_	_	_	_
611-1	TOI034	611	611	1	(.)	(.)	_	_	_	_	_	shortpause	_	none	_	_	_	_	_	_
611-2	TOI034	611	611	2	e	e	_	_	_	_	_	linguistic	_	none	_	_	_	_	_	_
611-3	TOI034	611	611	3	colline	colline	_	_	_	_	_	linguistic	_	none	_	End=1396.213	_	_	_	_
612-0	TOI034	612	612	0	>e	e	_	_	_	_	_	linguistic	_	none	_	Begin=1396.51	_	Fast=0-1(0)	_	_
612-1	TOI034	612	612	1	quindi	quindi	_	_	_	_	_	linguistic	_	none	_	_	_	Fast=0-6(0)	_	_
612-2	TOI034	612	612	2	c'	c'	_	_	_	_	_	linguistic	_	none	SpaceAfter=No	_	_	Fast=0-2(0)	_	_
612-3	TOI034	612	612	3	è	è	_	_	_	_	_	linguistic	_	none	_	_	_	Fast=0-1(0)	_	_
612-4	TOI034	612	612	4	molta	molta	_	_	_	_	_	linguistic	_	none	_	_	_	Fast=0-5(0)	_	_
612-5	TOI034	612	612	5	gente<	gente	_	_	_	_	_	linguistic	_	none	_	_	_	Fast=0-5(0)	_	_
612-6	TOI034	612	612	6	che	che	_	_	_	_	_	linguistic	_	none	PauseAfter=Yes	_	_	_	_	_
612-7	TOI034	612	612	7	(.)	(.)	_	_	_	_	_	shortpause	_	none	_	_	_	_	_	_
612-8	TOI034	612	612	8	ci	ci	_	_	_	_	_	linguistic	_	none	_	_	_	_	_	_
612-9	TOI034	612	612	9	arriva	arriva	_	_	_	_	_	linguistic	_	none	_	End=1398.626	_	_	_	_
613-0	TOR006	613	613	0	mhmh	mhmh	_	_	_	_	_	linguistic	_	none	_	Begin=1398.8|End=1399.21	_	_	_	_
614-0	TOI034	614	614	0	speravo	speravo	_	_	_	_	_	linguistic	_	none	_	Begin=1400.41	_	_	_	_
614-1	TOI034	614	614	1	che	che	_	_	_	_	_	linguistic	_	none	_	_	_	_	_	_
614-2	TOI034	614	614	2	rispettassero	rispettassero	_	_	_	_	_	linguistic	_	none	_	_	_	_	_	_
614-3	TOI034	614	614	3	(un	un	_	_	_	_	_	linguistic	_	none	_	_	_	_	0-2(0)	_
614-4	TOI034	614	614	4	po'	po'	_	_	_	_	_	linguistic	_	none	_	_	_	_	0-3(0)	_
614-5	TOI034	614	614	5	più)	più	_	_	_	_	_	linguistic	_	none	ProsodicLink=Yes	_	_	_	0-3(0)	_
614-6	TOI034	614	614	6	di	di	_	_	_	_	_	linguistic	_	none	_	_	_	_	_	_
614-7	TOI034	614	614	7	più	più	_	_	_	_	_	linguistic	_	none	_	_	_	_	_	_
614-8	TOI034	614	614	8	il	il	_	_	_	_	_	linguistic	_	none	_	_	_	_	_	_
614-9	TOI034	614	614	9	centro	centro	_	_	_	_	_	linguistic	_	none	PauseAfter=Yes	_	_	_	_	_
614-10	TOI034	614	614	10	(.)	(.)	_	_	_	_	_	shortpause	_	none	_	_	_	_	_	_
614-11	TOI034	614	614	11	e	e	_	_	_	_	_	linguistic	_	none	_	_	_	_	_	_
614-12	TOI034	614	614	12	lasciassero	lasciassero	_	_	_	_	_	linguistic	_	none	_	_	_	_	_	_
614-13	TOI034	614	614	13	perdere	perdere	_	_	_	_	_	linguistic	_	none	_	_	_	_	_	_
614-14	TOI034	614	614	14	tutti:	tutti	_	_	_	_	_	linguistic	_	none	_	_	4x1	_	_	_
614-15	TOI034	614	614	15	questi:	questi	_	_	_	_	_	linguistic	_	none	_	End=1405.1	5x1	_	_	_
615-0	TOI034	615	615	0	appunto:	appunto	_	_	_	_	_	linguistic	_	none	_	Begin=1405.4	6x1	_	_	_
615-1	TOI034	615	615	1	negozi	negozi	_	_	_	_	_	linguistic	_	none	_	End=1406.503	_	_	_	_
616-0	TOI034	616	616	0	e	e	_	_	_	_	_	linguistic	_	none	_	Begin=1406.81	_	_	_	_
616-1	TOI034	616	616	1	invece	invece	_	_	_	_	_	linguistic	_	none	_	_	_	_	_	_
616-2	TOI034	616	616	2	continuano	continuano	_	_	_	_	_	linguistic	_	none	_	_	_	_	_	_
616-3	TOI034	616	616	3	a:	a	_	_	_	_	_	linguistic	_	none	_	End=1408.419	0x1	_	_	_
617-0	TOI034	617	617	0	a	a	_	_	_	_	_	linguistic	_	none	_	Begin=1409.11	_	_	_	_
617-1	TOI034	617	617	1	costruirne	costruirne	_	_	_	_	_	linguistic	_	none	_	End=1410.025	_	_	_	_
618-0	TOI034	618	618	0	nonostante	nonostante	_	_	_	_	_	linguistic	_	none	_	Begin=1410.21	_	_	_	_
618-1	TOI034	618	618	1	la	la	_	_	_	_	_	linguistic	_	none	_	_	_	_	_	_
618-2	TOI034	618	618	2	popolazione	popolazione	_	_	_	_	_	linguistic	_	none	_	_	_	_	_	_
618-3	TOI034	618	618	3	sia	sia	_	_	_	_	_	linguistic	_	none	_	_	_	_	_	_
618-4	TOI034	618	618	4	sempre	sempre	_	_	_	_	_	linguistic	_	none	_	_	_	_	_	_
618-5	TOI034	618	618	5	la	la	_	_	_	_	_	linguistic	_	none	_	_	_	_	_	_
618-6	TOI034	618	618	6	stessa	stessa	_	_	_	_	_	linguistic	_	none	PauseAfter=Yes	_	_	_	_	_
618-7	TOI034	618	618	7	(.)	(.)	_	_	_	_	_	shortpause	_	none	_	_	_	_	_	_
618-8	TOI034	618	618	8	e	e	_	_	_	_	_	linguistic	_	none	_	_	_	_	_	_
618-9	TOI034	618	618	9	abbiamo	abbiamo	_	_	_	_	_	linguistic	_	none	_	_	_	_	_	_
618-10	TOI034	618	618	10	sempre	sempre	_	_	_	_	_	linguistic	_	none	_	_	_	_	_	_
618-11	TOI034	618	618	11	vissuto	vissuto	_	_	_	_	_	linguistic	_	none	_	_	_	_	_	_
618-12	TOI034	618	618	12	con	con	_	_	_	_	_	linguistic	_	none	_	End=1414.309	_	_	_	_
619-0	TOI034	619	619	0	quattro	quattro	_	_	_	_	_	linguistic	_	none	_	Begin=1415.11	_	_	_	_
619-1	TOI034	619	619	1	o	o	_	_	_	_	_	linguistic	_	none	_	_	_	_	_	_
619-2	TOI034	619	619	2	cinque	cinque	_	_	_	_	_	linguistic	_	none	_	_	_	_	_	_
619-3	TOI034	619	619	3	supermercati	supermercati	_	_	_	_	_	linguistic	_	none	_	_	_	_	_	_
619-4	TOI034	619	619	4	forse	forse	_	_	_	_	_	linguistic	_	none	_	End=1417.01	_	_	_	_
620-0	TOI034	620	620	0	un	un	_	_	_	_	_	linguistic	_	none	_	Begin=1417.31	_	_	_	_
620-1	TOI034	620	620	1	supermercato	supermercato	_	_	_	_	_	linguistic	_	none	_	_	_	_	_	_
620-2	TOI034	620	620	2	tutti	tutti	_	_	_	_	_	linguistic	_	none	_	_	_	_	_	_
620-3	TOI034	620	620	3	gli	gli	_	_	_	_	_	linguistic	_	none	_	_	_	_	_	_
620-4	TOI034	620	620	4	altri	altri	_	_	_	_	_	linguistic	_	none	_	_	_	_	_	_
620-5	TOI034	620	620	5	erano:	erano	_	_	_	_	_	linguistic	_	none	_	End=1419.307	4x1	_	_	_
621-0	TOR006	621	621	0	mhmh	mhmh	_	_	_	_	_	linguistic	_	none	_	Begin=1419.61|End=1420.113	_	_	_	_
622-0	TOI034	622	622	0	erano	erano	_	_	_	_	_	linguistic	_	none	_	Begin=1420.71	_	_	_	_
622-1	TOI034	622	622	1	>più	più	_	_	_	_	_	linguistic	_	none	_	_	_	Fast=0-3(0)	_	_
622-2	TOI034	622	622	2	piccoli<	piccoli	_	_	_	_	_	linguistic	_	none	_	End=1421.927	_	Fast=0-7(0)	_	_
623-0	TOR006	623	623	0	faresti	faresti	_	_	_	_	_	linguistic	_	none	_	Begin=1422.31	_	_	_	_
623-1	TOR006	623	623	1	mai	mai	_	_	_	_	_	linguistic	_	none	_	_	_	_	_	_
623-2	TOR006	623	623	2	la	la	_	_	_	_	_	linguistic	_	none	_	_	_	_	_	_
623-3	TOR006	623	623	3	cassiera	cassiera	_	_	_	_	_	linguistic	_	none	_	_	_	_	_	_
623-4	TOR006	623	623	4	quindi?	quindi	_	_	_	_	_	linguistic	_	none	Intonation=Rising	End=1424.109	_	_	_	_
624-0	TOI034	624	624	0	no:	no	_	_	_	_	_	linguistic	_	none	_	Begin=1424.61	1x1	_	_	_
624-1	TOI034	624	624	1	assolutamente	assolutamente	_	_	_	_	_	linguistic	_	none	_	_	_	_	_	_
624-2	TOI034	624	624	2	no	no	_	_	_	_	_	linguistic	_	none	_	_	_	_	_	_
624-3	TOI034	624	624	3	non	non	_	_	_	_	_	linguistic	_	none	_	_	_	_	_	_
624-4	TOI034	624	624	4	avrei	avrei	_	_	_	_	_	linguistic	_	none	_	_	_	_	_	_
624-5	TOI034	624	624	5	la	la	_	_	_	_	_	linguistic	_	none	_	_	_	_	_	_
624-6	TOI034	624	624	6	pazienza	pazienza	_	_	_	_	_	linguistic	_	none	_	_	_	_	_	_
624-7	TOI034	624	624	7	per	per	_	_	_	_	_	linguistic	_	none	_	_	_	_	_	_
624-8	TOI034	624	624	8	gest[ire:]:	gestire	_	_	_	_	_	linguistic	_	none	_	_	6x2	_	_	4-7(137)
624-9	TOI034	624	624	9	le	le	_	_	_	_	_	linguistic	_	none	_	_	_	_	_	_
624-10	TOI034	624	624	10	persone	persone	_	_	_	_	_	linguistic	_	none	_	End=1428.614	_	_	_	_
625-0	TOR006	625	625	0	((ride))	((ride))	_	_	_	_	_	nonverbalbehavior	_	none	_	Begin=1425.304|End=1425.71	_	_	_	_
626-0	TOR006	626	626	0	[oka~]	oka~	_	_	_	_	_	linguistic	_	none	Interrupted=Yes	Begin=1427.42	_	_	_	0-4(137)
626-1	TOR006	626	626	1	((ride))	((ride))	_	_	_	_	_	nonverbalbehavior	_	none	_	End=1428.614	_	_	_	_
627-0	TOR006	627	627	0	le	le	_	_	_	_	_	linguistic	_	none	_	Begin=1429.01	_	_	_	_
627-1	TOR006	627	627	1	manderesti	manderesti	_	_	_	_	_	linguistic	_	none	_	_	_	_	_	_
627-2	TOR006	627	627	2	tutte	tutte	_	_	_	_	_	linguistic	_	none	_	_	_	_	_	_
627-3	TOR006	627	627	3	a	a	_	_	_	_	_	linguistic	_	none	_	_	_	_	_	_
627-4	TOR006	627	627	4	quel	quel	_	_	_	_	_	linguistic	_	none	_	_	_	_	_	_
627-5	TOR006	627	627	5	paese	paese	_	_	_	_	_	linguistic	_	none	_	End=1430.712	_	_	_	_
628-0	TOI034	628	628	0	no	no	_	_	_	_	_	linguistic	_	none	_	Begin=1431.631	_	_	_	_
628-1	TOI034	628	628	1	però	però	_	_	_	_	_	linguistic	_	none	_	End=1432.21	_	_	_	_
629-0	TOR006	629	629	0	((ride))	((ride))	_	_	_	_	_	nonverbalbehavior	_	none	_	Begin=1432.01	_	_	_	_
629-1	TOR006	629	629	1	okay	okay	_	_	_	_	_	linguistic	_	none	_	End=1434.383	_	_	_	_
630-0	TOI034	630	630	0	quasi	quasi	_	_	_	_	_	linguistic	_	none	_	Begin=1432.91|End=1433.646	_	_	_	_
631-0	TOR006	631	631	0	e:h	eh	_	_	_	_	_	linguistic	_	none	ProsodicLink=Yes	Begin=1435.11	0x1	_	_	_
631-1	TOR006	631	631	1	eh,	eh	_	_	_	_	_	linguistic	_	none	Intonation=WeaklyRising	_	_	_	_	_
631-2	TOR006	631	631	2	cosa	cosa	_	_	_	_	_	linguistic	_	none	_	_	_	_	_	_
631-3	TOR006	631	631	3	fai	fai	_	_	_	_	_	linguistic	_	none	_	_	_	_	_	_
631-4	TOR006	631	631	4	durante	durante	_	_	_	_	_	linguistic	_	none	_	_	_	_	_	_
631-5	TOR006	631	631	5	il	il	_	_	_	_	_	linguistic	_	none	_	_	_	_	_	_
631-6	TOR006	631	631	6	tuo	tuo	_	_	_	_	_	linguistic	_	none	_	_	_	_	_	_
631-7	TOR006	631	631	7	tempo	tempo	_	_	_	_	_	linguistic	_	none	_	_	_	_	_	_
631-8	TOR006	631	631	8	libero	libero	_	_	_	_	_	linguistic	_	none	_	End=1437.71	_	_	_	_
632-0	TOR006	632	632	0	fai	fai	_	_	_	_	_	linguistic	_	none	_	Begin=1438.01	_	_	_	_
632-1	TOR006	632	632	1	sport?	sport	_	_	_	_	_	linguistic	_	none	Intonation=Rising	End=1438.903	_	_	_	_
633-0	TOI034	633	633	0	ho	ho	_	_	_	_	_	linguistic	_	none	_	Begin=1439.41	_	_	_	_
633-1	TOI034	633	633	1	smesso	smesso	_	_	_	_	_	linguistic	_	none	_	End=1440.01	_	_	_	_
634-0	TOR006	634	634	0	cosa	cosa	_	_	_	_	_	linguistic	_	none	_	Begin=1440.41	_	_	_	_
634-1	TOR006	634	634	1	facevi	facevi	_	_	_	_	_	linguistic	_	none	_	_	_	_	_	_
634-2	TOR006	634	634	2	però,	però	_	_	_	_	_	linguistic	_	none	Intonation=WeaklyRising	End=1441.429	_	_	_	_
635-0	TOI034	635	635	0	l'	l'	_	_	_	_	_	linguistic	_	none	SpaceAfter=No	Begin=1442.61	_	_	_	_
635-1	TOI034	635	635	1	ultimo	ultimo	_	_	_	_	_	linguistic	_	none	_	_	_	_	_	_
635-2	TOI034	635	635	2	sport	sport	_	_	_	_	_	linguistic	_	none	_	_	_	_	_	_
635-3	TOI034	635	635	3	che	che	_	_	_	_	_	linguistic	_	none	_	_	_	_	_	_
635-4	TOI034	635	635	4	ho	ho	_	_	_	_	_	linguistic	_	none	_	_	_	_	_	_
635-5	TOI034	635	635	5	fatto	fatto	_	_	_	_	_	linguistic	_	none	_	_	_	_	_	_
635-6	TOI034	635	635	6	è	è	_	_	_	_	_	linguistic	_	none	_	_	_	_	_	_
635-7	TOI034	635	635	7	stato	stato	_	_	_	_	_	linguistic	_	none	_	_	_	_	_	_
635-8	TOI034	635	635	8	calcio	calcio	_	_	_	_	_	linguistic	_	none	_	_	_	_	_	_
635-9	TOI034	635	635	9	a	a	_	_	_	_	_	linguistic	_	none	_	_	_	_	_	_
635-10	TOI034	635	635	10	cinque	cinque	_	_	_	_	_	linguistic	_	none	_	_	_	_	_	_
635-11	TOI034	635	635	11	femminile	femminile	_	_	_	_	_	linguistic	_	none	_	End=1445.32	_	_	_	_
636-0	TOR006	636	636	0	prima?	prima	_	_	_	_	_	linguistic	_	none	Intonation=Rising	Begin=1445.61|End=1446.002	_	_	_	_
637-0	TOI034	637	637	0	prima:	prima	_	_	_	_	_	linguistic	_	none	_	Begin=1446.91	4x1	_	_	_
637-1	TOI034	637	637	1	ho	ho	_	_	_	_	_	linguistic	_	none	_	_	_	_	_	_
637-2	TOI034	637	637	2	fatto	fatto	_	_	_	_	_	linguistic	_	none	_	_	_	_	_	_
637-3	TOI034	637	637	3	ciclismo,	ciclismo	_	_	_	_	_	linguistic	_	none	Intonation=WeaklyRising	End=1448.598	_	_	_	_
638-0	TOR006	638	638	0	mhmh	mhmh	_	_	_	_	_	linguistic	_	none	_	Begin=1449.01|End=1449.41	_	_	_	_
639-0	TOI034	639	639	0	e	e	_	_	_	_	_	linguistic	_	none	_	Begin=1449.51	_	_	_	_
639-1	TOI034	639	639	1	prima	prima	_	_	_	_	_	linguistic	_	none	_	_	_	_	_	_
639-2	TOI034	639	639	2	ancora	ancora	_	_	_	_	_	linguistic	_	none	_	_	_	_	_	_
639-3	TOI034	639	639	3	ho	ho	_	_	_	_	_	linguistic	_	none	_	_	_	_	_	_
639-4	TOI034	639	639	4	fatto	fatto	_	_	_	_	_	linguistic	_	none	_	_	_	_	_	_
639-5	TOI034	639	639	5	atletica	atletica	_	_	_	_	_	linguistic	_	none	_	End=1451.115	_	_	_	_
640-0	TOR006	640	640	0	e	e	_	_	_	_	_	linguistic	_	none	_	Begin=1451.6	_	_	_	_
640-1	TOR006	640	640	1	calcio	calcio	_	_	_	_	_	linguistic	_	none	_	_	_	_	_	_
640-2	TOR006	640	640	2	cinque	cinque	_	_	_	_	_	linguistic	_	none	_	_	_	_	_	_
640-3	TOR006	640	640	3	l'	l'	_	_	_	_	_	linguistic	_	none	SpaceAfter=No	_	_	_	_	_
640-4	TOR006	640	640	4	hai	hai	_	_	_	_	_	linguistic	_	none	_	_	_	_	_	_
640-5	TOR006	640	640	5	smesso:	smesso	_	_	_	_	_	linguistic	_	none	_	_	5x1	_	_	_
640-6	TOR006	640	640	6	per::ch[é]?	perché	_	_	_	_	_	linguistic	_	none	Intonation=Rising	End=1454.9	2x2	_	_	4-6(140)
641-0	TOI034	641	641	0	[a]	a	_	_	_	_	_	linguistic	_	none	_	Begin=1454.801	_	_	_	0-1(140)
641-1	TOI034	641	641	1	seguito	seguito	_	_	_	_	_	linguistic	_	none	_	_	_	_	_	_
641-2	TOI034	641	641	2	di	di	_	_	_	_	_	linguistic	_	none	_	_	_	_	_	_
641-3	TOI034	641	641	3	un:	un	_	_	_	_	_	linguistic	_	none	PauseAfter=Yes	_	1x1	_	_	_
641-4	TOI034	641	641	4	(.)	(.)	_	_	_	_	_	shortpause	_	none	_	_	_	_	_	_
641-5	TOI034	641	641	5	trauma	trauma	_	_	_	_	_	linguistic	_	none	_	_	_	_	_	_
641-6	TOI034	641	641	6	alla	alla	_	_	_	_	_	linguistic	_	none	_	_	_	_	_	_
641-7	TOI034	641	641	7	caviglia	caviglia	_	_	_	_	_	linguistic	_	none	_	_	_	_	_	_
641-8	TOI034	641	641	8	e:	e	_	_	_	_	_	linguistic	_	none	_	_	0x1	_	_	_
641-9	TOI034	641	641	9	intervento	intervento	_	_	_	_	_	linguistic	_	none	_	End=1457.91	_	_	_	_
642-0	TOR006	642	642	0	okay	okay	_	_	_	_	_	linguistic	_	none	_	Begin=1458.31|End=1458.884	_	_	_	_
643-0	TOR006	643	643	0	ma	ma	_	_	_	_	_	linguistic	_	none	_	Begin=1459.11	_	_	_	_
643-1	TOR006	643	643	1	ora	ora	_	_	_	_	_	linguistic	_	none	PauseAfter=Yes	_	_	_	_	_
643-2	TOR006	643	643	2	(.)	(.)	_	_	_	_	_	shortpause	_	none	_	_	_	_	_	_
643-3	TOR006	643	643	3	c(io)è	cioè	_	_	_	_	_	linguistic	_	none	Reduced=Yes	_	_	_	_	_
643-4	TOR006	643	643	4	vole:ndo	volendo	_	_	_	_	_	linguistic	_	none	_	_	3x1	_	_	_
643-5	TOR006	643	643	5	potresti	potresti	_	_	_	_	_	linguistic	_	none	_	_	_	_	_	_
643-6	TOR006	643	643	6	fare	fare	_	_	_	_	_	linguistic	_	none	_	_	_	_	_	_
643-7	TOR006	643	643	7	altri	altri	_	_	_	_	_	linguistic	_	none	_	_	_	_	_	_
643-8	TOR006	643	643	8	tipi	tipi	_	_	_	_	_	linguistic	_	none	_	_	_	_	_	_
643-9	TOR006	643	643	9	di	di	_	_	_	_	_	linguistic	_	none	_	_	_	_	_	_
643-10	TOR006	643	643	10	spo:rt?	sport	_	_	_	_	_	linguistic	_	none	Intonation=Rising	End=1463.191	2x1	_	_	_
644-0	TOI034	644	644	0	la	la	_	_	_	_	_	linguistic	_	none	_	Begin=1463.91	_	_	_	_
644-1	TOI034	644	644	1	la::	la	_	_	_	_	_	linguistic	_	none	_	_	1x2	_	_	_
644-2	TOI034	644	644	2	non	non	_	_	_	_	_	linguistic	_	none	_	_	_	_	_	_
644-3	TOI034	644	644	3	posso	posso	_	_	_	_	_	linguistic	_	none	_	_	_	_	_	_
644-4	TOI034	644	644	4	più	più	_	_	_	_	_	linguistic	_	none	_	_	_	_	_	_
644-5	TOI034	644	644	5	fare	fare	_	_	_	_	_	linguistic	_	none	_	_	_	_	_	_
644-6	TOI034	644	644	6	nulla	nulla	_	_	_	_	_	linguistic	_	none	_	_	_	_	_	_
644-7	TOI034	644	644	7	a	a	_	_	_	_	_	linguistic	_	none	_	_	_	_	_	_
644-8	TOI034	644	644	8	livello	livello	_	_	_	_	_	linguistic	_	none	_	_	_	_	_	_
644-9	TOI034	644	644	9	agonistico	agonistico	_	_	_	_	_	linguistic	_	none	_	End=1467.304	_	_	_	_
645-0	TOR006	645	645	0	>ah	ah	_	_	_	_	_	linguistic	_	none	_	Begin=1467.51	_	_	_	_
645-1	TOR006	645	645	1	lo	lo	_	_	_	_	_	linguistic	_	none	_	_	_	_	_	_
645-2	TOR006	645	645	2	facevi	facevi	_	_	_	_	_	linguistic	_	none	_	_	_	_	_	_
645-3	TOR006	645	645	3	a	a	_	_	_	_	_	linguistic	_	none	_	_	_	_	_	_
645-4	TOR006	645	645	4	livello	livello	_	_	_	_	_	linguistic	_	none	_	_	_	_	_	_
645-5	TOR006	645	645	5	agonistic[o]>?	agonistico	_	_	_	_	_	linguistic	_	none	Intonation=Rising	End=1469.11	_	_	_	9-10(141)
646-0	TOI034	646	646	0	[s]ì	sì	_	_	_	_	_	linguistic	_	none	_	Begin=1469.0|End=1469.2	_	_	_	0-1(141)
647-0	TOI034	647	647	0	>°sempre	sempre	_	_	_	_	_	linguistic	_	none	Volume=low	Begin=1469.41	_	Fast=0-6(0)	_	_
647-1	TOI034	647	647	1	fatto	fatto	_	_	_	_	_	linguistic	_	none	Volume=low	_	_	Fast=0-5(0)	_	_
647-2	TOI034	647	647	2	tutto	tutto	_	_	_	_	_	linguistic	_	none	Volume=low	_	_	Fast=0-5(0)	_	_
647-3	TOI034	647	647	3	a	a	_	_	_	_	_	linguistic	_	none	Volume=low	_	_	Fast=0-1(0)	_	_
647-4	TOI034	647	647	4	liv[ello	livello	_	_	_	_	_	linguistic	_	none	Volume=low	_	_	Fast=0-7(0)	_	3-7(142)
647-5	TOI034	647	647	5	agonistico]°<	agonistico	_	_	_	_	_	linguistic	_	none	Volume=low	End=1470.914	_	Fast=0-10(0)	_	0-10(142)
648-0	TOR006	648	648	0	[e:	e	_	_	_	_	_	linguistic	_	none	_	Begin=1470.41	0x1	_	_	0-1(142)
648-1	TOR006	648	648	1	quindi]	quindi	_	_	_	_	_	linguistic	_	none	_	_	_	_	_	0-6(142)
648-2	TOR006	648	648	2	la	la	_	_	_	_	_	linguistic	_	none	_	_	_	_	_	_
648-3	TOR006	648	648	3	tua	tua	_	_	_	_	_	linguistic	_	none	_	_	_	_	_	_
648-4	TOR006	648	648	4	s~	s~	_	_	_	_	_	linguistic	_	none	Interrupted=Yes|PauseAfter=Yes	_	_	_	_	_
648-5	TOR006	648	648	5	(.)	(.)	_	_	_	_	_	shortpause	_	none	_	_	_	_	_	_
648-6	TOR006	648	648	6	c(io)è	cioè	_	_	_	_	_	linguistic	_	none	Reduced=Yes	_	_	_	_	_
648-7	TOR006	648	648	7	la	la	_	_	_	_	_	linguistic	_	none	_	_	_	_	_	_
648-8	TOR006	648	648	8	tua	tua	_	_	_	_	_	linguistic	_	none	_	_	_	_	_	_
648-9	TOR006	648	648	9	squadra	squadra	_	_	_	_	_	linguistic	_	none	_	_	_	_	_	_
648-10	TOR006	648	648	10	cos'	cos'	_	_	_	_	_	linguistic	_	none	SpaceAfter=No	_	_	_	_	_
648-11	TOR006	648	648	11	era?	era	_	_	_	_	_	linguistic	_	none	Intonation=Rising	End=1473.31	_	_	_	_
649-0	TOR006	649	649	0	c(io)è	cioè	_	_	_	_	_	linguistic	_	none	Reduced=Yes	Begin=1474.61	_	_	_	_
649-1	TOR006	649	649	1	la	la	_	_	_	_	_	linguistic	_	none	_	_	_	_	_	_
649-2	TOR006	649	649	2	tua	tua	_	_	_	_	_	linguistic	_	none	_	_	_	_	_	_
649-3	TOR006	649	649	3	[squadra	squadra	_	_	_	_	_	linguistic	_	none	_	_	_	_	_	0-7(143)
649-4	TOR006	649	649	4	del	del	_	_	_	_	_	linguistic	_	none	_	_	_	_	_	0-3(143)
649-5	TOR006	649	649	5	calcio],	calcio	_	_	_	_	_	linguistic	_	none	Intonation=WeaklyRising	End=1476.405	_	_	_	0-6(143)
650-0	TOI034	650	650	0	[ah	ah	_	_	_	_	_	linguistic	_	none	_	Begin=1475.089	_	_	_	0-2(143)
650-1	TOI034	650	650	1	okay	okay	_	_	_	_	_	linguistic	_	none	_	_	_	_	_	0-4(143)
650-2	TOI034	650	650	2	giocavamo:]	giocavamo	_	_	_	_	_	linguistic	_	none	ProsodicLink=Yes	_	8x1	_	_	0-9(143)
650-3	TOI034	650	650	3	in:	in	_	_	_	_	_	linguistic	_	none	_	_	1x1	_	_	_
650-4	TOI034	650	650	4	figc	figc	_	_	_	_	_	linguistic	_	none	_	_	_	_	_	_
650-5	TOI034	650	650	5	serie	serie	_	_	_	_	_	linguistic	_	none	_	_	_	_	_	_
650-6	TOI034	650	650	6	c	c	_	_	_	_	_	linguistic	_	none	_	End=1478.01	_	_	_	_
651-0	TOR006	651	651	0	okay	okay	_	_	_	_	_	linguistic	_	none	_	Begin=1478.5|End=1479.2	_	_	_	_
652-0	TOR006	652	652	0	e:	e	_	_	_	_	_	linguistic	_	none	_	Begin=1479.61	0x1	_	_	_
652-1	TOR006	652	652	1	ciclismo	ciclismo	_	_	_	_	_	linguistic	_	none	_	_	_	_	_	_
652-2	TOR006	652	652	2	anche	anche	_	_	_	_	_	linguistic	_	none	_	_	_	_	_	_
652-3	TOR006	652	652	3	era	era	_	_	_	_	_	linguistic	_	none	_	_	_	_	_	_
652-4	TOR006	652	652	4	agoni[stico],	agonistico	_	_	_	_	_	linguistic	_	none	Intonation=WeaklyRising	End=1481.822	_	_	_	5-10(144)
653-0	TOI034	653	653	0	[sì]	sì	_	_	_	_	_	linguistic	_	none	_	Begin=1481.41|End=1481.71	_	_	_	0-2(144)
654-0	TOR006	654	654	0	°okay°	okay	_	_	_	_	_	linguistic	_	none	Volume=low	Begin=1482.21	_	_	_	_
654-1	TOR006	654	654	1	quindi	quindi	_	_	_	_	_	linguistic	_	none	_	_	_	_	_	_
654-2	TOR006	654	654	2	hai	hai	_	_	_	_	_	linguistic	_	none	_	_	_	_	_	_
654-3	TOR006	654	654	3	fatto	fatto	_	_	_	_	_	linguistic	_	none	_	_	_	_	_	_
654-4	TOR006	654	654	4	gar[e::]	gare	_	_	_	_	_	linguistic	_	none	_	End=1484.61	3x2	_	_	3-4(145)
655-0	TOI034	655	655	0	[s]ì:	sì	_	_	_	_	_	linguistic	_	none	_	Begin=1484.41|End=1484.837	1x1	_	_	0-1(145)
656-0	TOR006	656	656	0	dove	dove	_	_	_	_	_	linguistic	_	none	_	Begin=1485.11	_	_	_	_
656-1	TOR006	656	656	1	tipo?	tipo	_	_	_	_	_	linguistic	_	none	Intonation=Rising	End=1486.232	_	_	_	_
657-0	TOI034	657	657	0	era	era	_	_	_	_	_	linguistic	_	none	_	Begin=1486.41	_	_	_	_
657-1	TOI034	657	657	1	sempre	sempre	_	_	_	_	_	linguistic	_	none	_	_	_	_	_	_
657-2	TOI034	657	657	2	qua	qua	_	_	_	_	_	linguistic	_	none	_	_	_	_	_	_
657-3	TOI034	657	657	3	nei	nei	_	_	_	_	_	linguistic	_	none	_	_	_	_	_	_
657-4	TOI034	657	657	4	dintorni	dintorni	_	_	_	_	_	linguistic	_	none	_	_	_	_	_	_
657-5	TOI034	657	657	5	di:	di	_	_	_	_	_	linguistic	_	none	_	_	1x1	_	_	_
657-6	TOI034	657	657	6	di	di	_	_	_	_	_	linguistic	_	none	_	_	_	_	_	_
657-7	TOI034	657	657	7	chieri	chieri	_	_	_	_	_	linguistic	_	none	_	_	_	_	_	_
657-8	TOI034	657	657	8	perché	perché	_	_	_	_	_	linguistic	_	none	_	_	_	_	_	_
657-9	TOI034	657	657	9	la	la	_	_	_	_	_	linguistic	_	none	_	_	_	_	_	_
657-10	TOI034	657	657	10	squadra	squadra	_	_	_	_	_	linguistic	_	none	_	_	_	_	_	_
657-11	TOI034	657	657	11	era	era	_	_	_	_	_	linguistic	_	none	_	_	_	_	_	_
657-12	TOI034	657	657	12	la	la	_	_	_	_	_	linguistic	_	none	_	_	_	_	_	_
657-13	TOI034	657	657	13	chierese	chierese	_	_	_	_	_	linguistic	_	none	PauseAfter=Yes	_	_	_	_	_
657-14	TOI034	657	657	14	(.)	(.)	_	_	_	_	_	shortpause	_	none	_	_	_	_	_	_
657-15	TOI034	657	657	15	[e:	e	_	_	_	_	_	linguistic	_	none	_	_	0x1	_	_	0-1(146)
657-16	TOI034	657	657	16	>f]acevamo	facevamo	_	_	_	_	_	linguistic	_	none	_	_	_	Fast=0-8(0)	_	0-1(146)
657-17	TOI034	657	657	17	gare	gare	_	_	_	_	_	linguistic	_	none	_	_	_	Fast=0-4(0)	_	_
657-18	TOI034	657	657	18	qua	qua	_	_	_	_	_	linguistic	_	none	_	_	_	Fast=0-3(0)	_	_
657-19	TOI034	657	657	19	nei	nei	_	_	_	_	_	linguistic	_	none	_	_	_	Fast=0-3(0)	_	_
657-20	TOI034	657	657	20	dintorni<	dintorni	_	_	_	_	_	linguistic	_	none	_	End=1492.013	_	Fast=0-8(0)	_	_
658-0	TOR006	658	658	0	[mhmh]	mhmh	_	_	_	_	_	linguistic	_	none	_	Begin=1490.026|End=1490.61	_	_	_	0-4(146)
659-0	TOR006	659	659	0	hai	hai	_	_	_	_	_	linguistic	_	none	_	Begin=1492.1	_	_	_	_
659-1	TOR006	659	659	1	vinto	vinto	_	_	_	_	_	linguistic	_	none	_	_	_	_	_	_
659-2	TOR006	659	659	2	delle	delle	_	_	_	_	_	linguistic	_	none	_	_	_	_	_	_
659-3	TOR006	659	659	3	gare,	gare	_	_	_	_	_	linguistic	_	none	Intonation=WeaklyRising	End=1493.417	_	_	_	_
660-0	TOI034	660	660	0	qualche	qualche	_	_	_	_	_	linguistic	_	none	_	Begin=1493.803	_	_	_	_
660-1	TOI034	660	660	1	coppa	coppa	_	_	_	_	_	linguistic	_	none	_	_	_	_	_	_
660-2	TOI034	660	660	2	l'	l'	_	_	_	_	_	linguistic	_	none	SpaceAfter=No	_	_	_	_	_
660-3	TOI034	660	660	3	ho	ho	_	_	_	_	_	linguistic	_	none	_	_	_	_	_	_
660-4	TOI034	660	660	4	vinta	vinta	_	_	_	_	_	linguistic	_	none	_	End=1494.91	_	_	_	_
661-0	TOR006	661	661	0	o[ka~]	oka~	_	_	_	_	_	linguistic	_	none	Interrupted=Yes	Begin=1495.01	_	_	_	1-4(147)
661-1	TOR006	661	661	1	((ride))	((ride))	_	_	_	_	_	nonverbalbehavior	_	none	_	_	_	_	_	_
661-2	TOR006	661	661	2	e	e	_	_	_	_	_	linguistic	_	none	_	_	_	_	_	_
661-3	TOR006	661	661	3	invece	invece	_	_	_	_	_	linguistic	_	none	_	_	_	_	_	_
661-4	TOR006	661	661	4	le	le	_	_	_	_	_	linguistic	_	none	_	_	_	_	_	_
661-5	TOR006	661	661	5	partite:?	partite	_	_	_	_	_	linguistic	_	none	Intonation=Rising	End=1498.71	6x1	_	_	_
662-0	TOI034	662	662	0	[eh]	eh	_	_	_	_	_	linguistic	_	none	_	Begin=1495.199	_	_	_	0-2(147)
662-1	TOI034	662	662	1	un	un	_	_	_	_	_	linguistic	_	none	_	_	_	_	_	_
662-2	TOI034	662	662	2	po'	po'	_	_	_	_	_	linguistic	_	none	_	_	_	_	_	_
662-3	TOI034	662	662	3	tanto	tanto	_	_	_	_	_	linguistic	_	none	_	_	_	_	_	_
662-4	TOI034	662	662	4	tempo	tempo	_	_	_	_	_	linguistic	_	none	_	_	_	_	_	_
662-5	TOI034	662	662	5	fa	fa	_	_	_	_	_	linguistic	_	none	_	_	_	_	_	_
662-6	TOI034	662	662	6	però	però	_	_	_	_	_	linguistic	_	none	_	End=1496.7	_	_	_	_
663-0	TOI034	663	663	0	abbiamo:	abbiamo	_	_	_	_	_	linguistic	_	none	PauseAfter=Yes	Begin=1499.81	6x1	_	_	_
663-1	TOI034	663	663	1	(.)	(.)	_	_	_	_	_	shortpause	_	none	_	_	_	_	_	_
663-2	TOI034	663	663	2	era	era	_	_	_	_	_	linguistic	_	none	_	_	_	_	_	_
663-3	TOI034	663	663	3	una	una	_	_	_	_	_	linguistic	_	none	_	_	_	_	_	_
663-4	TOI034	663	663	4	bella	bella	_	_	_	_	_	linguistic	_	none	_	_	_	_	_	_
663-5	TOI034	663	663	5	squadra	squadra	_	_	_	_	_	linguistic	_	none	_	_	_	_	_	_
663-6	TOI034	663	663	6	[era]	era	_	_	_	_	_	linguistic	_	none	PauseAfter=Yes	_	_	_	_	0-3(148)
663-7	TOI034	663	663	7	(.)	(.)	_	_	_	_	_	shortpause	_	none	_	_	_	_	_	_
663-8	TOI034	663	663	8	adesso	adesso	_	_	_	_	_	linguistic	_	none	_	_	_	_	_	_
663-9	TOI034	663	663	9	purtroppo	purtroppo	_	_	_	_	_	linguistic	_	none	_	_	_	_	_	_
663-10	TOI034	663	663	10	non	non	_	_	_	_	_	linguistic	_	none	_	_	_	_	_	_
663-11	TOI034	663	663	11	più	più	_	_	_	_	_	linguistic	_	none	_	_	_	_	_	_
663-12	TOI034	663	663	12	in	in	_	_	_	_	_	linguistic	_	none	_	_	_	_	_	_
663-13	TOI034	663	663	13	[cui:]	cui	_	_	_	_	_	linguistic	_	none	_	_	2x1	_	_	0-3(149)
663-14	TOI034	663	663	14	si	si	_	_	_	_	_	linguistic	_	none	_	_	_	_	_	_
663-15	TOI034	663	663	15	creava	creava	_	_	_	_	_	linguistic	_	none	_	_	_	_	_	_
663-16	TOI034	663	663	16	più	più	_	_	_	_	_	linguistic	_	none	_	_	_	_	_	_
663-17	TOI034	663	663	17	squadra	squadra	_	_	_	_	_	linguistic	_	none	_	_	_	_	_	_
663-18	TOI034	663	663	18	che	che	_	_	_	_	_	linguistic	_	none	_	_	_	_	_	_
663-19	TOI034	663	663	19	necessità	necessità	_	_	_	_	_	linguistic	_	none	_	_	_	_	_	_
663-20	TOI034	663	663	20	di	di	_	_	_	_	_	linguistic	_	none	_	_	_	_	_	_
663-21	TOI034	663	663	21	vincere	vincere	_	_	_	_	_	linguistic	_	none	_	End=1507.61	_	_	_	_
664-0	TOR006	664	664	0	[mhmh]	mhmh	_	_	_	_	_	linguistic	_	none	_	Begin=1502.2|End=1502.71	_	_	_	0-4(148)
665-0	TOR006	665	665	0	[mhmh]	mhmh	_	_	_	_	_	linguistic	_	none	_	Begin=1504.4|End=1505.0	_	_	_	0-4(149)
666-0	TOR006	666	666	0	okay	okay	_	_	_	_	_	linguistic	_	none	_	Begin=1507.71|End=1508.105	_	_	_	_
667-0	TOI034	667	667	0	>quindi	quindi	_	_	_	_	_	linguistic	_	none	_	Begin=1508.41	_	Fast=0-6(0)	_	_
667-1	TOI034	667	667	1	c'	c'	_	_	_	_	_	linguistic	_	none	SpaceAfter=No	_	_	Fast=0-2(0)	_	_
667-2	TOI034	667	667	2	era	era	_	_	_	_	_	linguistic	_	none	_	_	_	Fast=0-3(0)	_	_
667-3	TOI034	667	667	3	condivisione<	condivisione	_	_	_	_	_	linguistic	_	none	_	_	_	Fast=0-12(0)	_	_
667-4	TOI034	667	667	4	di:	di	_	_	_	_	_	linguistic	_	none	_	_	1x1	_	_	_
667-5	TOI034	667	667	5	serate	serate	_	_	_	_	_	linguistic	_	none	_	_	_	_	_	_
667-6	TOI034	667	667	6	pensieri	pensieri	_	_	_	_	_	linguistic	_	none	_	_	_	_	_	_
667-7	TOI034	667	667	7	cene	cene	_	_	_	_	_	linguistic	_	none	_	End=1511.822	_	_	_	_
668-0	TOI034	668	668	0	>e	e	_	_	_	_	_	linguistic	_	none	_	Begin=1512.51	_	Fast=0-1(0)	_	_
668-1	TOI034	668	668	1	poi	poi	_	_	_	_	_	linguistic	_	none	_	_	_	Fast=0-3(0)	_	_
668-2	TOI034	668	668	2	comunque	comunque	_	_	_	_	_	linguistic	_	none	_	_	_	Fast=0-8(0)	_	_
668-3	TOI034	668	668	3	però<	però	_	_	_	_	_	linguistic	_	none	_	_	_	Fast=0-4(0)	_	_
668-4	TOI034	668	668	4	l'	l'	_	_	_	_	_	linguistic	_	none	SpaceAfter=No	_	_	_	_	_
668-5	TOI034	668	668	5	impegno	impegno	_	_	_	_	_	linguistic	_	none	_	_	_	_	_	_
668-6	TOI034	668	668	6	in	in	_	_	_	_	_	linguistic	_	none	_	_	_	_	_	_
668-7	TOI034	668	668	7	campo	campo	_	_	_	_	_	linguistic	_	none	_	_	_	_	_	_
668-8	TOI034	668	668	8	c'	c'	_	_	_	_	_	linguistic	_	none	SpaceAfter=No	_	_	_	_	_
668-9	TOI034	668	668	9	era	era	_	_	_	_	_	linguistic	_	none	_	End=1515.236	_	_	_	_
669-0	TOR006	669	669	0	m[hm]~	mhm~	_	_	_	_	_	linguistic	_	none	Interrupted=Yes	Begin=1515.31|End=1515.712	_	_	_	1-3(150)
670-0	TOI034	670	670	0	[senz]'	senz'	_	_	_	_	_	linguistic	_	none	SpaceAfter=No	Begin=1515.405	_	_	_	0-4(150)
670-1	TOI034	670	670	1	altro	altro	_	_	_	_	_	linguistic	_	none	_	_	_	_	_	_
670-2	TOI034	670	670	2	>eravamo	eravamo	_	_	_	_	_	linguistic	_	none	_	_	_	Fast=0-7(0)	_	_
670-3	TOI034	670	670	3	tutte	tutte	_	_	_	_	_	linguistic	_	none	_	_	_	Fast=0-5(0)	_	_
670-4	TOI034	670	670	4	ragazze<	ragazze	_	_	_	_	_	linguistic	_	none	_	_	_	Fast=0-7(0)	_	_
670-5	TOI034	670	670	5	che	che	_	_	_	_	_	linguistic	_	none	_	_	_	_	_	_
670-6	TOI034	670	670	6	arrivavano:	arrivavano	_	_	_	_	_	linguistic	_	none	_	_	9x1	_	_	_
670-7	TOI034	670	670	7	da:	da	_	_	_	_	_	linguistic	_	none	ProsodicLink=Yes	_	1x1	_	_	_
670-8	TOI034	670	670	8	m:h	mh	_	_	_	_	_	linguistic	_	none	_	End=1518.51	0x1	_	_	_
671-0	TOI034	671	671	0	>ambienti	ambienti	_	_	_	_	_	linguistic	_	none	_	Begin=1519.0	_	Fast=0-8(0)	_	_
671-1	TOI034	671	671	1	completamente	completamente	_	_	_	_	_	linguistic	_	none	_	_	_	Fast=0-13(0)	_	_
671-2	TOI034	671	671	2	diversi	diversi	_	_	_	_	_	linguistic	_	none	_	_	_	Fast=0-7(0)	_	_
671-3	TOI034	671	671	3	rispetto	rispetto	_	_	_	_	_	linguistic	_	none	_	_	_	Fast=0-8(0)	_	_
671-4	TOI034	671	671	4	al	al	_	_	_	_	_	linguistic	_	none	_	_	_	Fast=0-2(0)	_	_
671-5	TOI034	671	671	5	calcio,	calcio	_	_	_	_	_	linguistic	_	none	Intonation=WeaklyRising	_	_	Fast=0-6(0)	_	_
671-6	TOI034	671	671	6	allo	allo	_	_	_	_	_	linguistic	_	none	_	_	_	Fast=0-4(0)	_	_
671-7	TOI034	671	671	7	sport	sport	_	_	_	_	_	linguistic	_	none	_	_	_	Fast=0-5(0)	_	_
671-8	TOI034	671	671	8	del	del	_	_	_	_	_	linguistic	_	none	_	_	_	Fast=0-3(0)	_	_
671-9	TOI034	671	671	9	calcio	calcio	_	_	_	_	_	linguistic	_	none	_	_	_	Fast=0-6(0)	_	_
671-10	TOI034	671	671	10	quindi<	quindi	_	_	_	_	_	linguistic	_	none	_	End=1522.401	_	Fast=0-6(0)	_	_
672-0	TOI034	672	672	0	ai~	ai~	_	_	_	_	_	linguistic	_	none	Interrupted=Yes	Begin=1522.61	_	_	_	_
672-1	TOI034	672	672	1	ci	ci	_	_	_	_	_	linguistic	_	none	_	_	_	_	_	_
672-2	TOI034	672	672	2	abbiam	abbiam	_	_	_	_	_	linguistic	_	none	_	_	_	_	_	_
672-3	TOI034	672	672	3	messo	messo	_	_	_	_	_	linguistic	_	none	_	_	_	_	_	_
672-4	TOI034	672	672	4	un	un	_	_	_	_	_	linguistic	_	none	_	_	_	_	_	_
672-5	TOI034	672	672	5	po'	po'	_	_	_	_	_	linguistic	_	none	_	_	_	_	_	_
672-6	TOI034	672	672	6	a	a	_	_	_	_	_	linguistic	_	none	_	_	_	_	_	_
672-7	TOI034	672	672	7	ingranare	ingranare	_	_	_	_	_	linguistic	_	none	_	End=1524.085	_	_	_	_
673-0	TOR006	673	673	0	mhmh	mhmh	_	_	_	_	_	linguistic	_	none	_	Begin=1524.51|End=1525.01	_	_	_	_
674-0	TOR006	674	674	0	però	però	_	_	_	_	_	linguistic	_	none	_	Begin=1525.2	_	_	_	_
674-1	TOR006	674	674	1	appun~	appun~	_	_	_	_	_	linguistic	_	none	Interrupted=Yes|PauseAfter=Yes	_	_	_	_	_
674-2	TOR006	674	674	2	(.)	(.)	_	_	_	_	_	shortpause	_	none	_	_	_	_	_	_
674-3	TOR006	674	674	3	c(io)è	cioè	_	_	_	_	_	linguistic	_	none	Reduced=Yes	_	_	_	_	_
674-4	TOR006	674	674	4	hai	hai	_	_	_	_	_	linguistic	_	none	_	_	_	_	_	_
674-5	TOR006	674	674	5	un	un	_	_	_	_	_	linguistic	_	none	_	_	_	_	_	_
674-6	TOR006	674	674	6	ricordo	ricordo	_	_	_	_	_	linguistic	_	none	_	_	_	_	_	_
674-7	TOR006	674	674	7	buono	buono	_	_	_	_	_	linguistic	_	none	_	_	_	_	_	_
674-8	TOR006	674	674	8	di	di	_	_	_	_	_	linguistic	_	none	_	_	_	_	_	_
674-9	TOR006	674	674	9	questa	questa	_	_	_	_	_	linguistic	_	none	_	_	_	_	_	_
674-10	TOR006	674	674	10	[esperienza	esperienza	_	_	_	_	_	linguistic	_	none	_	_	_	_	_	0-10(151)
674-11	TOR006	674	674	11	sp]ortiva	sportiva	_	_	_	_	_	linguistic	_	none	_	End=1528.602	_	_	_	0-2(151)
675-0	TOI034	675	675	0	[sì:]	sì	_	_	_	_	_	linguistic	_	none	_	Begin=1527.607|End=1528.11	1x1	_	_	0-2(151)
676-0	TOI034	676	676	0	sì	sì	_	_	_	_	_	linguistic	_	none	ProsodicLink=Yes	Begin=1528.9	_	_	_	_
676-1	TOI034	676	676	1	[sì	sì	_	_	_	_	_	linguistic	_	none	ProsodicLink=Yes	_	_	_	_	0-2(152)
676-2	TOI034	676	676	2	sì]	sì	_	_	_	_	_	linguistic	_	none	_	End=1529.51	_	_	_	0-2(152)
677-0	TOR006	677	677	0	[oka]y	okay	_	_	_	_	_	linguistic	_	none	_	Begin=1529.11|End=1529.61	_	_	_	0-3(152)
678-0	TOR006	678	678	0	e:	e	_	_	_	_	_	linguistic	_	none	_	Begin=1530.21	0x1	_	_	_
678-1	TOR006	678	678	1	ora	ora	_	_	_	_	_	linguistic	_	none	_	_	_	_	_	_
678-2	TOR006	678	678	2	vorrest~	vorrest~	_	_	_	_	_	linguistic	_	none	Interrupted=Yes|PauseAfter=Yes	_	_	_	_	_
678-3	TOR006	678	678	3	(.)	(.)	_	_	_	_	_	shortpause	_	none	_	_	_	_	_	_
678-4	TOR006	678	678	4	c(io)è	cioè	_	_	_	_	_	linguistic	_	none	Reduced=Yes	_	_	_	_	_
678-5	TOR006	678	678	5	>nel	nel	_	_	_	_	_	linguistic	_	none	_	_	_	Fast=0-3(0)	_	_
678-6	TOR006	678	678	6	senso	senso	_	_	_	_	_	linguistic	_	none	_	_	_	Fast=0-5(0)	_	_
678-7	TOR006	678	678	7	non	non	_	_	_	_	_	linguistic	_	none	_	_	_	Fast=0-3(0)	_	_
678-8	TOR006	678	678	8	ho	ho	_	_	_	_	_	linguistic	_	none	_	_	_	Fast=0-2(0)	_	_
678-9	TOR006	678	678	9	capito	capito	_	_	_	_	_	linguistic	_	none	_	_	_	Fast=0-6(0)	_	_
678-10	TOR006	678	678	10	se:<	se	_	_	_	_	_	linguistic	_	none	_	End=1533.103	1x1	Fast=0-2(0)	_	_
679-0	TOR006	679	679	0	n:on	non	_	_	_	_	_	linguistic	_	none	_	Begin=1533.31	0x1	_	_	_
679-1	TOR006	679	679	1	fai	fai	_	_	_	_	_	linguistic	_	none	_	_	_	_	_	_
679-2	TOR006	679	679	2	più	più	_	_	_	_	_	linguistic	_	none	_	_	_	_	_	_
679-3	TOR006	679	679	3	sport	sport	_	_	_	_	_	linguistic	_	none	_	_	_	_	_	_
679-4	TOR006	679	679	4	>per	per	_	_	_	_	_	linguistic	_	none	_	_	_	Fast=0-3(0)	_	_
679-5	TOR006	679	679	5	mancanza	mancanza	_	_	_	_	_	linguistic	_	none	_	_	_	Fast=0-8(0)	_	_
679-6	TOR006	679	679	6	di	di	_	_	_	_	_	linguistic	_	none	_	_	_	Fast=0-2(0)	_	_
679-7	TOR006	679	679	7	tempo:<	tempo	_	_	_	_	_	linguistic	_	none	_	_	4x1	Fast=0-5(0)	_	_
679-8	TOR006	679	679	8	o	o	_	_	_	_	_	linguistic	_	none	_	_	_	_	_	_
679-9	TOR006	679	679	9	pigri[zia	pigrizia	_	_	_	_	_	linguistic	_	none	_	_	_	_	_	5-8(153)
679-10	TOR006	679	679	10	(o)]	o	_	_	_	_	_	linguistic	_	none	_	End=1537.011	_	_	0-1(0)	0-1(153)
680-0	TOI034	680	680	0	[pigri][zia]	pigrizia	_	_	_	_	_	linguistic	_	none	_	Begin=1536.61|End=1537.51	_	_	_	0-5(153),5-8(154)
681-0	TOR006	681	681	0	[o]kay	okay	_	_	_	_	_	linguistic	_	none	_	Begin=1537.29|End=1538.01	_	_	_	0-1(154)
682-0	TOI034	682	682	0	particolarmente	particolarmente	_	_	_	_	_	linguistic	_	none	_	Begin=1538.11	_	_	_	_
682-1	TOI034	682	682	1	pigrizia	pigrizia	_	_	_	_	_	linguistic	_	none	_	_	_	_	_	_
682-2	TOI034	682	682	2	perché	perché	_	_	_	_	_	linguistic	_	none	_	_	_	_	_	_
682-3	TOI034	682	682	3	qualcosina	qualcosina	_	_	_	_	_	linguistic	_	none	_	_	_	_	_	_
682-4	TOI034	682	682	4	potrei	potrei	_	_	_	_	_	linguistic	_	none	_	_	_	_	_	_
682-5	TOI034	682	682	5	fare	fare	_	_	_	_	_	linguistic	_	none	_	End=1541.304	_	_	_	_
683-0	TOR006	683	683	0	mhmh	mhmh	_	_	_	_	_	linguistic	_	none	_	Begin=1541.304|End=1541.71	_	_	_	_
684-0	TOI034	684	684	0	solo	solo	_	_	_	_	_	linguistic	_	none	_	Begin=1542.21	_	_	_	_
684-1	TOI034	684	684	1	che:	che	_	_	_	_	_	linguistic	_	none	_	_	2x1	_	_	_
684-2	TOI034	684	684	2	se	se	_	_	_	_	_	linguistic	_	none	_	_	_	_	_	_
684-3	TOI034	684	684	3	io	io	_	_	_	_	_	linguistic	_	none	_	_	_	_	_	_
684-4	TOI034	684	684	4	non	non	_	_	_	_	_	linguistic	_	none	_	_	_	_	_	_
684-5	TOI034	684	684	5	ho	ho	_	_	_	_	_	linguistic	_	none	_	_	_	_	_	_
684-6	TOI034	684	684	6	qualcuno	qualcuno	_	_	_	_	_	linguistic	_	none	_	_	_	_	_	_
684-7	TOI034	684	684	7	che	che	_	_	_	_	_	linguistic	_	none	_	_	_	_	_	_
684-8	TOI034	684	684	8	mi	mi	_	_	_	_	_	linguistic	_	none	_	_	_	_	_	_
684-9	TOI034	684	684	9	stia	stia	_	_	_	_	_	linguistic	_	none	_	_	_	_	_	_
684-10	TOI034	684	684	10	dietro	dietro	_	_	_	_	_	linguistic	_	none	_	End=1545.104	_	_	_	_
685-0	TOI034	685	685	0	non	non	_	_	_	_	_	linguistic	_	none	_	Begin=1545.41	_	_	_	_
685-1	TOI034	685	685	1	fa~	fa~	_	_	_	_	_	linguistic	_	none	Interrupted=Yes	_	_	_	_	_
685-2	TOI034	685	685	2	non	non	_	_	_	_	_	linguistic	_	none	_	_	_	_	_	_
685-3	TOI034	685	685	3	lo	lo	_	_	_	_	_	linguistic	_	none	_	_	_	_	_	_
685-4	TOI034	685	685	4	faccio	faccio	_	_	_	_	_	linguistic	_	none	_	End=1546.91	_	_	_	_
686-0	TOR006	686	686	0	o[kay]	okay	_	_	_	_	_	linguistic	_	none	_	Begin=1546.91|End=1547.447	_	_	_	1-4(155)
687-0	TOI034	687	687	0	>[infatti]	infatti	_	_	_	_	_	linguistic	_	none	_	Begin=1547.114	_	Fast=0-7(0)	_	0-7(155)
687-1	TOI034	687	687	1	ho	ho	_	_	_	_	_	linguistic	_	none	_	_	_	Fast=0-2(0)	_	_
687-2	TOI034	687	687	2	sempre	sempre	_	_	_	_	_	linguistic	_	none	_	_	_	Fast=0-6(0)	_	_
687-3	TOI034	687	687	3	fatto	fatto	_	_	_	_	_	linguistic	_	none	_	_	_	Fast=0-5(0)	_	_
687-4	TOI034	687	687	4	sport<	sport	_	_	_	_	_	linguistic	_	none	_	_	_	Fast=0-5(0)	_	_
687-5	TOI034	687	687	5	in	in	_	_	_	_	_	linguistic	_	none	_	_	_	_	_	_
687-6	TOI034	687	687	6	cui:	cui	_	_	_	_	_	linguistic	_	none	_	_	2x1	_	_	_
687-7	TOI034	687	687	7	c'	c'	_	_	_	_	_	linguistic	_	none	SpaceAfter=No	_	_	_	_	_
687-8	TOI034	687	687	8	era:no:	erano	_	_	_	_	_	linguistic	_	none	_	End=1549.71	2x1,4x1	_	_	_
688-0	TOI034	688	688	0	dei:	dei	_	_	_	_	_	linguistic	_	none	_	Begin=1550.31|End=1551.003	2x1	_	_	_
689-0	TOI034	689	689	0	allenatori	allenatori	_	_	_	_	_	linguistic	_	none	_	Begin=1551.31|End=1552.206	_	_	_	_
690-0	TOR006	690	690	0	mh[mh]	mhmh	_	_	_	_	_	linguistic	_	none	_	Begin=1552.31|End=1552.81	_	_	_	2-4(156)
691-0	TOI034	691	691	0	[che]	che	_	_	_	_	_	linguistic	_	none	_	Begin=1552.61	_	_	_	0-3(156)
691-1	TOI034	691	691	1	pretendevano	pretendevano	_	_	_	_	_	linguistic	_	none	_	_	_	_	_	_
691-2	TOI034	691	691	2	la	la	_	_	_	_	_	linguistic	_	none	_	_	_	_	_	_
691-3	TOI034	691	691	3	presenza	presenza	_	_	_	_	_	linguistic	_	none	_	_	_	_	_	_
691-4	TOI034	691	691	4	in	in	_	_	_	_	_	linguistic	_	none	_	_	_	_	_	_
691-5	TOI034	691	691	5	allenamento	allenamento	_	_	_	_	_	linguistic	_	none	_	_	_	_	_	_
691-6	TOI034	691	691	6	per	per	_	_	_	_	_	linguistic	_	none	_	_	_	_	_	_
691-7	TOI034	691	691	7	poi:	poi	_	_	_	_	_	linguistic	_	none	PauseAfter=Yes	_	2x1	_	_	_
691-8	TOI034	691	691	8	(.)	(.)	_	_	_	_	_	shortpause	_	none	_	_	_	_	_	_
691-9	TOI034	691	691	9	avere	avere	_	_	_	_	_	linguistic	_	none	_	_	_	_	_	_
691-10	TOI034	691	691	10	la	la	_	_	_	_	_	linguistic	_	none	_	_	_	_	_	_
691-11	TOI034	691	691	11	possibilità	possibilità	_	_	_	_	_	linguistic	_	none	_	_	_	_	_	_
691-12	TOI034	691	691	12	[di:	di	_	_	_	_	_	linguistic	_	none	_	_	1x1	_	_	0-2(157)
691-13	TOI034	691	691	13	gare]ggiar[e:]	gareggiare	_	_	_	_	_	linguistic	_	none	_	End=1558.4	9x1	_	_	0-4(157),9-10(158)
692-0	TOR006	692	692	0	[di:]	di	_	_	_	_	_	linguistic	_	none	_	Begin=1557.192|End=1557.71	1x1	_	_	0-2(157)
693-0	TOR006	693	693	0	[o]kay	okay	_	_	_	_	_	linguistic	_	none	_	Begin=1558.207|End=1558.81	_	_	_	0-1(158)
694-0	TOI034	694	694	0	o:	o	_	_	_	_	_	linguistic	_	none	_	Begin=1559.01	0x1	_	_	_
694-1	TOI034	694	694	1	giocare	giocare	_	_	_	_	_	linguistic	_	none	_	End=1559.718	_	_	_	_
695-0	TOR006	695	695	0	okay	okay	_	_	_	_	_	linguistic	_	none	_	Begin=1560.21	_	_	_	_
695-1	TOR006	695	695	1	ho	ho	_	_	_	_	_	linguistic	_	none	_	_	_	_	_	_
695-2	TOR006	695	695	2	capito	capito	_	_	_	_	_	linguistic	_	none	_	End=1561.41	_	_	_	_
696-0	TOR006	696	696	0	e:::hm::	ehm	_	_	_	_	_	linguistic	_	none	_	Begin=1562.51	0x3,2x2	_	_	_
696-1	TOR006	696	696	1	allora	allora	_	_	_	_	_	linguistic	_	none	_	_	_	_	_	_
696-2	TOR006	696	696	2	per	per	_	_	_	_	_	linguistic	_	none	_	_	_	_	_	_
696-3	TOR006	696	696	3	quanto	quanto	_	_	_	_	_	linguistic	_	none	_	_	_	_	_	_
696-4	TOR006	696	696	4	riguarda:	riguarda	_	_	_	_	_	linguistic	_	none	_	_	7x1	_	_	_
696-5	TOR006	696	696	5	il	il	_	_	_	_	_	linguistic	_	none	_	_	_	_	_	_
696-6	TOR006	696	696	6	s~	s~	_	_	_	_	_	linguistic	_	none	Interrupted=Yes|ProsodicLink=Yes	_	_	_	_	_
696-7	TOR006	696	696	7	sempre	sempre	_	_	_	_	_	linguistic	_	none	_	_	_	_	_	_
696-8	TOR006	696	696	8	il	il	_	_	_	_	_	linguistic	_	none	_	_	_	_	_	_
696-9	TOR006	696	696	9	tuo	tuo	_	_	_	_	_	linguistic	_	none	_	_	_	_	_	_
696-10	TOR006	696	696	10	tempo	tempo	_	_	_	_	_	linguistic	_	none	_	_	_	_	_	_
696-11	TOR006	696	696	11	libero:	libero	_	_	_	_	_	linguistic	_	none	_	_	5x1	_	_	_
696-12	TOR006	696	696	12	le	le	_	_	_	_	_	linguistic	_	none	_	_	_	_	_	_
696-13	TOR006	696	696	13	uscite:	uscite	_	_	_	_	_	linguistic	_	none	_	_	5x1	_	_	_
696-14	TOR006	696	696	14	non	non	_	_	_	_	_	linguistic	_	none	_	_	_	_	_	_
696-15	TOR006	696	696	15	so	so	_	_	_	_	_	linguistic	_	none	_	_	_	_	_	_
696-16	TOR006	696	696	16	penso	penso	_	_	_	_	_	linguistic	_	none	_	_	_	_	_	_
696-17	TOR006	696	696	17	al	al	_	_	_	_	_	linguistic	_	none	_	_	_	_	_	_
696-18	TOR006	696	696	18	weekend,	weekend	_	_	_	_	_	linguistic	_	none	Intonation=WeaklyRising	End=1570.696	_	_	_	_
697-0	TOR006	697	697	0	in	in	_	_	_	_	_	linguistic	_	none	_	Begin=1571.11	_	_	_	_
697-1	TOR006	697	697	1	quali	quali	_	_	_	_	_	linguistic	_	none	_	_	_	_	_	_
697-2	TOR006	697	697	2	posti	posti	_	_	_	_	_	linguistic	_	none	_	_	_	_	_	_
697-3	TOR006	697	697	3	esci?	esci	_	_	_	_	_	linguistic	_	none	Intonation=Rising	End=1572.7	_	_	_	_
698-0	TOR006	698	698	0	s[olitament~]	solitament~	_	_	_	_	_	linguistic	_	none	Interrupted=Yes	Begin=1573.31|End=1574.137	_	_	_	1-11(159)
699-0	TOI034	699	699	0	[particolarme]nte	particolarmente	_	_	_	_	_	linguistic	_	none	_	Begin=1573.51	_	_	_	0-12(159)
699-1	TOI034	699	699	1	torino	torino	_	_	_	_	_	linguistic	_	none	_	End=1574.716	_	_	_	_
700-0	TOR006	700	700	0	mhmh	mhmh	_	_	_	_	_	linguistic	_	none	_	Begin=1575.21	_	_	_	_
700-1	TOR006	700	700	1	[dove?	dove	_	_	_	_	_	linguistic	_	none	Intonation=Rising	_	_	_	_	0-4(160)
700-2	TOR006	700	700	2	ad	ad	_	_	_	_	_	linguistic	_	none	_	_	_	_	_	0-2(160)
700-3	TOR006	700	700	3	ese]mpio	esempio	_	_	_	_	_	linguistic	_	none	_	_	_	_	_	0-3(160)
700-4	TOR006	700	700	4	in	in	_	_	_	_	_	linguistic	_	none	_	_	_	_	_	_
700-5	TOR006	700	700	5	che	che	_	_	_	_	_	linguistic	_	none	_	_	_	_	_	_
700-6	TOR006	700	700	6	z[ona,	zona	_	_	_	_	_	linguistic	_	none	Intonation=WeaklyRising	_	_	_	_	1-4(161)
700-7	TOR006	700	700	7	in]	in	_	_	_	_	_	linguistic	_	none	_	End=1577.518	_	_	_	0-2(161)
701-0	TOI034	701	701	0	[perché:]	perché	_	_	_	_	_	linguistic	_	none	_	Begin=1575.722|End=1576.41	5x1	_	_	0-6(160)
702-0	TOI034	702	702	0	[in	in	_	_	_	_	_	linguistic	_	none	_	Begin=1577.21	_	_	_	0-2(161)
702-1	TOI034	702	702	1	rea]ltà	realtà	_	_	_	_	_	linguistic	_	none	_	_	_	_	_	0-3(161)
702-2	TOI034	702	702	2	qualunque	qualunque	_	_	_	_	_	linguistic	_	none	_	End=1578.308	_	_	_	_
703-0	TOR006	703	703	0	mhmh	mhmh	_	_	_	_	_	linguistic	_	none	_	Begin=1578.61|End=1579.015	_	_	_	_
704-0	TOI034	704	704	0	per	per	_	_	_	_	_	linguistic	_	none	_	Begin=1579.015	_	_	_	_
704-1	TOI034	704	704	1	la	la	_	_	_	_	_	linguistic	_	none	_	_	_	_	_	_
704-2	TOI034	704	704	2	sera::	sera	_	_	_	_	_	linguistic	_	none	_	End=1580.32	3x2	_	_	_
705-0	TOI034	705	705	0	spazio	spazio	_	_	_	_	_	linguistic	_	none	_	Begin=1580.91	_	_	_	_
705-1	TOI034	705	705	1	da	da	_	_	_	_	_	linguistic	_	none	_	_	_	_	_	_
705-2	TOI034	705	705	2	san	san	_	_	_	_	_	linguistic	_	none	_	_	_	_	_	_
705-3	TOI034	705	705	3	salvario	salvario	_	_	_	_	_	linguistic	_	none	_	_	_	_	_	_
705-4	TOI034	705	705	4	[al	al	_	_	_	_	_	linguistic	_	none	_	_	_	_	_	0-2(162)
705-5	TOI034	705	705	5	quadrila]tero:	quadrilatero	_	_	_	_	_	linguistic	_	none	_	_	11x1	_	_	0-8(162)
705-6	TOI034	705	705	6	santa	santa	_	_	_	_	_	linguistic	_	none	_	_	_	_	_	_
705-7	TOI034	705	705	7	giulia:	giulia	_	_	_	_	_	linguistic	_	none	_	End=1584.51	5x1	_	_	_
706-0	TOR006	706	706	0	[mhmh]	mhmh	_	_	_	_	_	linguistic	_	none	_	Begin=1582.41|End=1582.81	_	_	_	0-4(162)
707-0	TOR006	707	707	0	mhmh	mhmh	_	_	_	_	_	linguistic	_	none	_	Begin=1584.51|End=1585.005	_	_	_	_
708-0	TOI034	708	708	0	il	il	_	_	_	_	_	linguistic	_	none	_	Begin=1585.005	_	_	_	_
708-1	TOI034	708	708	1	centro	centro	_	_	_	_	_	linguistic	_	none	_	End=1585.904	_	_	_	_
709-0	TOI034	709	709	0	e::	e	_	_	_	_	_	linguistic	_	none	_	Begin=1586.71|End=1587.635	0x2	_	_	_
710-0	TOR006	710	710	0	m:h	mh	_	_	_	_	_	linguistic	_	none	_	Begin=1589.01	0x1	_	_	_
710-1	TOR006	710	710	1	da	da	_	_	_	_	_	linguistic	_	none	_	_	_	_	_	_
710-2	TOR006	710	710	2	più	più	_	_	_	_	_	linguistic	_	none	_	_	_	_	_	_
710-3	TOR006	710	710	3	possibilità:	possibilità	_	_	_	_	_	linguistic	_	none	_	_	10x1	_	_	_
710-4	TOR006	710	710	4	di	di	_	_	_	_	_	linguistic	_	none	_	_	_	_	_	_
710-5	TOR006	710	710	5	passare	passare	_	_	_	_	_	linguistic	_	none	_	_	_	_	_	_
710-6	TOR006	710	710	6	il	il	_	_	_	_	_	linguistic	_	none	_	_	_	_	_	_
710-7	TOR006	710	710	7	tempo	tempo	_	_	_	_	_	linguistic	_	none	_	End=1592.102	_	_	_	_
711-0	TOR006	711	711	0	[mhmh]	mhmh	_	_	_	_	_	linguistic	_	none	_	Begin=1592.31|End=1592.811	_	_	_	0-4(163)
712-0	TOI034	712	712	0	[andando]:	andando	_	_	_	_	_	linguistic	_	none	_	Begin=1592.31	6x1	_	_	0-7(163)
712-1	TOI034	712	712	1	a	a	_	_	_	_	_	linguistic	_	none	_	_	_	_	_	_
712-2	TOI034	712	712	2	teatro	teatro	_	_	_	_	_	linguistic	_	none	_	_	_	_	_	_
712-3	TOI034	712	712	3	piuttosto	piuttosto	_	_	_	_	_	linguistic	_	none	_	_	_	_	_	_
712-4	TOI034	712	712	4	che	che	_	_	_	_	_	linguistic	_	none	_	_	_	_	_	_
712-5	TOI034	712	712	5	a	a	_	_	_	_	_	linguistic	_	none	_	_	_	_	_	_
712-6	TOI034	712	712	6	una	una	_	_	_	_	_	linguistic	_	none	_	_	_	_	_	_
712-7	TOI034	712	712	7	mostra	mostra	_	_	_	_	_	linguistic	_	none	_	_	_	_	_	_
712-8	TOI034	712	712	8	piuttosto	piuttosto	_	_	_	_	_	linguistic	_	none	_	_	_	_	_	_
712-9	TOI034	712	712	9	che:	che	_	_	_	_	_	linguistic	_	none	_	_	2x1	_	_	_
712-10	TOI034	712	712	10	a	a	_	_	_	_	_	linguistic	_	none	_	_	_	_	_	_
712-11	TOI034	712	712	11	fare	fare	_	_	_	_	_	linguistic	_	none	_	_	_	_	_	_
712-12	TOI034	712	712	12	una	una	_	_	_	_	_	linguistic	_	none	_	_	_	_	_	_
712-13	TOI034	712	712	13	passeggiata	passeggiata	_	_	_	_	_	linguistic	_	none	_	_	_	_	_	_
712-14	TOI034	712	712	14	in	in	_	_	_	_	_	linguistic	_	none	_	_	_	_	_	_
712-15	TOI034	712	712	15	un	un	_	_	_	_	_	linguistic	_	none	_	_	_	_	_	_
712-16	TOI034	712	712	16	parco	parco	_	_	_	_	_	linguistic	_	none	_	End=1597.31	_	_	_	_
713-0	TOR006	713	713	0	mhmh	mhmh	_	_	_	_	_	linguistic	_	none	_	Begin=1597.6|End=1597.911	_	_	_	_
714-0	TOI034	714	714	0	o::	o	_	_	_	_	_	linguistic	_	none	_	Begin=1597.914|End=1598.81	0x2	_	_	_
715-0	TOI034	715	715	0	andare	andare	_	_	_	_	_	linguistic	_	none	_	Begin=1599.51	_	_	_	_
715-1	TOI034	715	715	1	a	a	_	_	_	_	_	linguistic	_	none	_	_	_	_	_	_
715-2	TOI034	715	715	2	vedere:	vedere	_	_	_	_	_	linguistic	_	none	_	End=1600.608	5x1	_	_	_
716-0	TOI034	716	716	0	zone	zone	_	_	_	_	_	linguistic	_	none	_	Begin=1601.61	_	_	_	_
716-1	TOI034	716	716	1	che	che	_	_	_	_	_	linguistic	_	none	_	_	_	_	_	_
716-2	TOI034	716	716	2	appunto	appunto	_	_	_	_	_	linguistic	_	none	_	_	_	_	_	_
716-3	TOI034	716	716	3	>no	no	_	_	_	_	_	linguistic	_	none	ProsodicLink=Yes	_	_	Fast=0-2(0)	_	_
716-4	TOI034	716	716	4	no	no	_	_	_	_	_	linguistic	_	none	ProsodicLink=Yes	_	_	Fast=0-2(0)	_	_
716-5	TOI034	716	716	5	non<	non	_	_	_	_	_	linguistic	_	none	_	_	_	Fast=0-3(0)	_	_
716-6	TOI034	716	716	6	conoscevo	conoscevo	_	_	_	_	_	linguistic	_	none	_	_	_	_	_	_
716-7	TOI034	716	716	7	prima	prima	_	_	_	_	_	linguistic	_	none	_	End=1604.031	_	_	_	_
717-0	TOR006	717	717	0	cos'	cos'	_	_	_	_	_	linguistic	_	none	SpaceAfter=No	Begin=1604.71	_	_	_	_
717-1	TOR006	717	717	1	hai	hai	_	_	_	_	_	linguistic	_	none	_	_	_	_	_	_
717-2	TOR006	717	717	2	visto	visto	_	_	_	_	_	linguistic	_	none	_	_	_	_	_	_
717-3	TOR006	717	717	3	a	a	_	_	_	_	_	linguistic	_	none	_	_	_	_	_	_
717-4	TOR006	717	717	4	teatro	teatro	_	_	_	_	_	linguistic	_	none	_	_	_	_	_	_
717-5	TOR006	717	717	5	°ultimamen[te]°	ultimamente	_	_	_	_	_	linguistic	_	none	Volume=low	End=1607.01	_	_	_	8-11(164)
718-0	TOI034	718	718	0	[te]atro	teatro	_	_	_	_	_	linguistic	_	none	_	Begin=1606.81	_	_	_	0-2(164)
718-1	TOI034	718	718	1	ho	ho	_	_	_	_	_	linguistic	_	none	_	_	_	_	_	_
718-2	TOI034	718	718	2	visto:	visto	_	_	_	_	_	linguistic	_	none	_	End=1608.51	4x1	_	_	_
719-0	TOI034	719	719	0	>un	un	_	_	_	_	_	linguistic	_	none	_	Begin=1609.01	_	Fast=0-2(0)	_	_
719-1	TOI034	719	719	1	po'	po'	_	_	_	_	_	linguistic	_	none	_	_	_	Fast=0-3(0)	_	_
719-2	TOI034	719	719	2	di	di	_	_	_	_	_	linguistic	_	none	_	_	_	Fast=0-2(0)	_	_
719-3	TOI034	719	719	3	tempo<	tempo	_	_	_	_	_	linguistic	_	none	_	_	_	Fast=0-5(0)	_	_
719-4	TOI034	719	719	4	fa	fa	_	_	_	_	_	linguistic	_	none	_	End=1609.913	_	_	_	_
720-0	TOI034	720	720	0	e:h	eh	_	_	_	_	_	linguistic	_	none	_	Begin=1610.61	0x1	_	_	_
720-1	TOI034	720	720	1	qualche	qualche	_	_	_	_	_	linguistic	_	none	_	_	_	_	_	_
720-2	TOI034	720	720	2	opera	opera	_	_	_	_	_	linguistic	_	none	_	_	_	_	_	_
720-3	TOI034	720	720	3	di	di	_	_	_	_	_	linguistic	_	none	_	_	_	_	_	_
720-4	TOI034	720	720	4	shakespeare	shakespeare	_	_	_	_	_	linguistic	_	none	_	End=1612.21	_	_	_	_
721-0	TOR006	721	721	0	mhmh	mhmh	_	_	_	_	_	linguistic	_	none	_	Begin=1612.51|End=1613.11	_	_	_	_
722-0	TOR006	722	722	0	e	e	_	_	_	_	_	linguistic	_	none	_	Begin=1613.31	_	_	_	_
722-1	TOR006	722	722	1	invece:	invece	_	_	_	_	_	linguistic	_	none	_	_	5x1	_	_	_
722-2	TOR006	722	722	2	m:h	mh	_	_	_	_	_	linguistic	_	none	_	End=1614.905	0x1	_	_	_
723-0	TOR006	723	723	0	cinema?	cinema	_	_	_	_	_	linguistic	_	none	Intonation=Rising	Begin=1615.7|End=1616.303	_	_	_	_
724-0	TOI034	724	724	0	cinema,	cinema	_	_	_	_	_	linguistic	_	none	Intonation=WeaklyRising	Begin=1617.51	_	_	_	_
724-1	TOI034	724	724	1	l'	l'	_	_	_	_	_	linguistic	_	none	SpaceAfter=No	_	_	_	_	_
724-2	TOI034	724	724	2	ultimo	ultimo	_	_	_	_	_	linguistic	_	none	_	_	_	_	_	_
724-3	TOI034	724	724	3	film,	film	_	_	_	_	_	linguistic	_	none	Intonation=WeaklyRising	End=1619.312	_	_	_	_
725-0	TOR006	725	725	0	o	o	_	_	_	_	_	linguistic	_	none	_	Begin=1621.41	_	_	_	_
725-1	TOR006	725	725	1	>film	film	_	_	_	_	_	linguistic	_	none	_	_	_	Fast=0-4(0)	_	_
725-2	TOR006	725	725	2	che	che	_	_	_	_	_	linguistic	_	none	_	_	_	Fast=0-3(0)	_	_
725-3	TOR006	725	725	3	ti	ti	_	_	_	_	_	linguistic	_	none	_	_	_	Fast=0-2(0)	_	_
725-4	TOR006	725	725	4	è	è	_	_	_	_	_	linguistic	_	none	_	_	_	Fast=0-1(0)	_	_
725-5	TOR006	725	725	5	piaciuto<	piaciuto	_	_	_	_	_	linguistic	_	none	_	_	_	Fast=0-8(0)	_	_
725-6	TOR006	725	725	6	anche	anche	_	_	_	_	_	linguistic	_	none	_	_	_	_	_	_
725-7	TOR006	725	725	7	se	se	_	_	_	_	_	linguistic	_	none	_	_	_	_	_	_
725-8	TOR006	725	725	8	non	non	_	_	_	_	_	linguistic	_	none	_	_	_	_	_	_
725-9	TOR006	725	725	9	è	è	_	_	_	_	_	linguistic	_	none	_	_	_	_	_	_
725-10	TOR006	725	725	10	l'	l'	_	_	_	_	_	linguistic	_	none	SpaceAfter=No	_	_	_	_	_
725-11	TOR006	725	725	11	ultimo	ultimo	_	_	_	_	_	linguistic	_	none	_	End=1623.824	_	_	_	_
726-0	TOI034	726	726	0	è	è	_	_	_	_	_	linguistic	_	none	_	Begin=1624.81	_	_	_	_
726-1	TOI034	726	726	1	che	che	_	_	_	_	_	linguistic	_	none	ProsodicLink=Yes	_	_	_	_	_
726-2	TOI034	726	726	2	i:	i	_	_	_	_	_	linguistic	_	none	PauseAfter=Yes	_	0x1	_	_	_
726-3	TOI034	726	726	3	(.)	(.)	_	_	_	_	_	shortpause	_	none	_	_	_	_	_	_
726-4	TOI034	726	726	4	io	io	_	_	_	_	_	linguistic	_	none	_	_	_	_	_	_
726-5	TOI034	726	726	5	ho	ho	_	_	_	_	_	linguistic	_	none	_	_	_	_	_	_
726-6	TOI034	726	726	6	una	una	_	_	_	_	_	linguistic	_	none	_	_	_	_	_	_
726-7	TOI034	726	726	7	memoria	memoria	_	_	_	_	_	linguistic	_	none	_	_	_	_	_	_
726-8	TOI034	726	726	8	molto	molto	_	_	_	_	_	linguistic	_	none	_	_	_	_	_	_
726-9	TOI034	726	726	9	a	a	_	_	_	_	_	linguistic	_	none	_	_	_	_	_	_
726-10	TOI034	726	726	10	breve	breve	_	_	_	_	_	linguistic	_	none	_	_	_	_	_	_
726-11	TOI034	726	726	11	termine	termine	_	_	_	_	_	linguistic	_	none	_	End=1628.12	_	_	_	_
727-0	TOR006	727	727	0	((ride))	((ride))	_	_	_	_	_	nonverbalbehavior	_	none	_	Begin=1627.501	_	_	_	_
727-1	TOR006	727	727	1	va	va	_	_	_	_	_	linguistic	_	none	_	_	_	_	_	_
727-2	TOR006	727	727	2	bene	bene	_	_	_	_	_	linguistic	_	none	PauseAfter=Yes	_	_	_	_	_
727-3	TOR006	727	727	3	(.)	(.)	_	_	_	_	_	shortpause	_	none	_	_	_	_	_	_
727-4	TOR006	727	727	4	ultimamente	ultimamente	_	_	_	_	_	linguistic	_	none	_	_	_	_	_	_
727-5	TOR006	727	727	5	non	non	_	_	_	_	_	linguistic	_	none	_	_	_	_	_	_
727-6	TOR006	727	727	6	sei	sei	_	_	_	_	_	linguistic	_	none	_	_	_	_	_	_
727-7	TOR006	727	727	7	andata	andata	_	_	_	_	_	linguistic	_	none	_	_	_	_	_	_
727-8	TOR006	727	727	8	al	al	_	_	_	_	_	linguistic	_	none	_	_	_	_	_	_
727-9	TOR006	727	727	9	cinema?	cinema	_	_	_	_	_	linguistic	_	none	Intonation=Rising	End=1631.41	_	_	_	_
728-0	TOI034	728	728	0	ultimamente	ultimamente	_	_	_	_	_	linguistic	_	none	_	Begin=1631.71	_	_	_	_
728-1	TOI034	728	728	1	nell'	nell'	_	_	_	_	_	linguistic	_	none	SpaceAfter=No	_	_	_	_	_
728-2	TOI034	728	728	2	ultimo	ultimo	_	_	_	_	_	linguistic	_	none	_	_	_	_	_	_
728-3	TOI034	728	728	3	mese	mese	_	_	_	_	_	linguistic	_	none	_	_	_	_	_	_
728-4	TOI034	728	728	4	no	no	_	_	_	_	_	linguistic	_	none	_	End=1633.21	_	_	_	_
729-0	TOR006	729	729	0	((ride))	((ride))	_	_	_	_	_	nonverbalbehavior	_	none	_	Begin=1633.21	_	_	_	_
729-1	TOR006	729	729	1	ok[a~]	oka~	_	_	_	_	_	linguistic	_	none	Interrupted=Yes	End=1634.01	_	_	_	2-4(166)
730-0	TOI034	730	730	0	[qui~]	qui~	_	_	_	_	_	linguistic	_	none	Interrupted=Yes	Begin=1633.71	_	_	_	0-4(166)
730-1	TOI034	730	730	1	prima	prima	_	_	_	_	_	linguistic	_	none	_	_	_	_	_	_
730-2	TOI034	730	730	2	è	è	_	_	_	_	_	linguistic	_	none	_	_	_	_	_	_
730-3	TOI034	730	730	3	già	già	_	_	_	_	_	linguistic	_	none	_	_	_	_	_	_
730-4	TOI034	730	730	4	un	un	_	_	_	_	_	linguistic	_	none	_	_	_	_	_	_
730-5	TOI034	730	730	5	problema	problema	_	_	_	_	_	linguistic	_	none	_	End=1635.301	_	_	_	_
731-0	TOR006	731	731	0	((ride))	((ride))	_	_	_	_	_	nonverbalbehavior	_	none	_	Begin=1635.5	_	_	_	_
731-1	TOR006	731	731	1	sei	sei	_	_	_	_	_	linguistic	_	none	_	_	_	_	_	_
731-2	TOR006	731	731	2	come	come	_	_	_	_	_	linguistic	_	none	_	_	_	_	_	_
731-3	TOR006	731	731	3	dory	dory	_	_	_	_	_	linguistic	_	none	_	_	_	_	_	_
731-4	TOR006	731	731	4	((ride))	((ride))	_	_	_	_	_	nonverbalbehavior	_	none	_	End=1639.4	_	_	_	_
732-0	TOI034	732	732	0	sì	sì	_	_	_	_	_	linguistic	_	none	_	Begin=1637.9	_	_	_	_
732-1	TOI034	732	732	1	praticamente	praticamente	_	_	_	_	_	linguistic	_	none	_	_	_	_	_	_
732-2	TOI034	732	732	2	sì	sì	_	_	_	_	_	linguistic	_	none	_	End=1639.01	_	_	_	_
733-0	TOI034	733	733	0	mi	mi	_	_	_	_	_	linguistic	_	none	_	Begin=1639.596	_	_	_	_
733-1	TOI034	733	733	1	ricordo	ricordo	_	_	_	_	_	linguistic	_	none	_	_	_	_	_	_
733-2	TOI034	733	733	2	tante	tante	_	_	_	_	_	linguistic	_	none	_	_	_	_	_	_
733-3	TOI034	733	733	3	cose	cose	_	_	_	_	_	linguistic	_	none	_	_	_	_	_	_
733-4	TOI034	733	733	4	ch~	ch~	_	_	_	_	_	linguistic	_	none	Interrupted=Yes|ProsodicLink=Yes	_	_	_	_	_
733-5	TOI034	733	733	5	di	di	_	_	_	_	_	linguistic	_	none	_	_	_	_	_	_
733-6	TOI034	733	733	6	cui	cui	_	_	_	_	_	linguistic	_	none	_	_	_	_	_	_
733-7	TOI034	733	733	7	non	non	_	_	_	_	_	linguistic	_	none	_	_	_	_	_	_
733-8	TOI034	733	733	8	mi	mi	_	_	_	_	_	linguistic	_	none	_	_	_	_	_	_
733-9	TOI034	733	733	9	serve:	serve	_	_	_	_	_	linguistic	_	none	_	_	4x1	_	_	_
733-10	TOI034	733	733	10	c(io)è	cioè	_	_	_	_	_	linguistic	_	none	Reduced=Yes	_	_	_	_	_
733-11	TOI034	733	733	11	non	non	_	_	_	_	_	linguistic	_	none	_	_	_	_	_	_
733-12	TOI034	733	733	12	mi	mi	_	_	_	_	_	linguistic	_	none	_	_	_	_	_	_
733-13	TOI034	733	733	13	serve	serve	_	_	_	_	_	linguistic	_	none	_	_	_	_	_	_
733-14	TOI034	733	733	14	ricordare	ricordare	_	_	_	_	_	linguistic	_	none	_	_	_	_	_	_
733-15	TOI034	733	733	15	e	e	_	_	_	_	_	linguistic	_	none	_	_	_	_	_	_
733-16	TOI034	733	733	16	tante	tante	_	_	_	_	_	linguistic	_	none	_	_	_	_	_	_
733-17	TOI034	733	733	17	altre	altre	_	_	_	_	_	linguistic	_	none	_	_	_	_	_	_
733-18	TOI034	733	733	18	invece	invece	_	_	_	_	_	linguistic	_	none	_	_	_	_	_	_
733-19	TOI034	733	733	19	le	le	_	_	_	_	_	linguistic	_	none	_	_	_	_	_	_
733-20	TOI034	733	733	20	rimuovo	rimuovo	_	_	_	_	_	linguistic	_	none	_	End=1644.21	_	_	_	_
734-0	TOR006	734	734	0	((ride))	((ride))	_	_	_	_	_	nonverbalbehavior	_	none	_	Begin=1640.5	_	_	_	_
734-1	TOR006	734	734	1	tipo	tipo	_	_	_	_	_	linguistic	_	none	_	_	_	_	_	_
734-2	TOR006	734	734	2	una	una	_	_	_	_	_	linguistic	_	none	_	_	_	_	_	_
734-3	TOR006	734	734	3	cosa	cosa	_	_	_	_	_	linguistic	_	none	_	_	_	_	_	_
734-4	TOR006	734	734	4	che	che	_	_	_	_	_	linguistic	_	none	_	_	_	_	_	_
734-5	TOR006	734	734	5	ti	ti	_	_	_	_	_	linguistic	_	none	_	_	_	_	_	_
734-6	TOR006	734	734	6	ricordi	ricordi	_	_	_	_	_	linguistic	_	none	_	_	_	_	_	_
734-7	TOR006	734	734	7	che	che	_	_	_	_	_	linguistic	_	none	_	_	_	_	_	_
734-8	TOR006	734	734	8	non	non	_	_	_	_	_	linguistic	_	none	_	_	_	_	_	_
734-9	TOR006	734	734	9	ti	ti	_	_	_	_	_	linguistic	_	none	_	_	_	_	_	_
734-10	TOR006	734	734	10	serve?	serve	_	_	_	_	_	linguistic	_	none	Intonation=Rising	End=1646.701	_	_	_	_
735-0	TOI034	735	735	0	che	che	_	_	_	_	_	linguistic	_	none	_	Begin=1647.51	_	_	_	_
735-1	TOI034	735	735	1	non	non	_	_	_	_	_	linguistic	_	none	_	_	_	_	_	_
735-2	TOI034	735	735	2	mi	mi	_	_	_	_	_	linguistic	_	none	_	_	_	_	_	_
735-3	TOI034	735	735	3	serve?	serve	_	_	_	_	_	linguistic	_	none	Intonation=Rising	End=1648.439	_	_	_	_
736-0	TOR006	736	736	0	((ride))	((ride))	_	_	_	_	_	nonverbalbehavior	_	none	_	Begin=1648.81|End=1649.506	_	_	_	_
737-0	TOI034	737	737	0	ricordarmi	ricordarmi	_	_	_	_	_	linguistic	_	none	_	Begin=1649.91	_	_	_	_
737-1	TOI034	737	737	1	le	le	_	_	_	_	_	linguistic	_	none	_	_	_	_	_	_
737-2	TOI034	737	737	2	cose	cose	_	_	_	_	_	linguistic	_	none	_	_	_	_	_	_
737-3	TOI034	737	737	3	degli	degli	_	_	_	_	_	linguistic	_	none	_	_	_	_	_	_
737-4	TOI034	737	737	4	altri	altri	_	_	_	_	_	linguistic	_	none	_	_	_	_	_	_
737-5	TOI034	737	737	5	((ride))	((ride))	_	_	_	_	_	nonverbalbehavior	_	none	_	End=1652.294	_	_	_	_
738-0	TOR006	738	738	0	((ride))	((ride))	_	_	_	_	_	nonverbalbehavior	_	none	_	Begin=1651.71	_	_	_	_
738-1	TOR006	738	738	1	>ma	ma	_	_	_	_	_	linguistic	_	none	ProsodicLink=Yes	_	_	Fast=0-2(0)	_	_
738-2	TOR006	738	738	2	ma	ma	_	_	_	_	_	linguistic	_	none	_	_	_	Fast=0-2(0)	_	_
738-3	TOR006	738	738	3	non	non	_	_	_	_	_	linguistic	_	none	_	_	_	Fast=0-3(0)	_	_
738-4	TOR006	738	738	4	è	è	_	_	_	_	_	linguistic	_	none	_	_	_	Fast=0-1(0)	_	_
738-5	TOR006	738	738	5	vero<	vero	_	_	_	_	_	linguistic	_	none	_	_	_	Fast=0-4(0)	_	_
738-6	TOR006	738	738	6	a	a	_	_	_	_	_	linguistic	_	none	_	_	_	_	_	_
738-7	TOR006	738	738	7	volte	volte	_	_	_	_	_	linguistic	_	none	_	_	_	_	_	_
738-8	TOR006	738	738	8	può	può	_	_	_	_	_	linguistic	_	none	_	_	_	_	_	_
738-9	TOR006	738	738	9	essere	essere	_	_	_	_	_	linguistic	_	none	_	_	_	_	_	_
738-10	TOR006	738	738	10	[utile]	utile	_	_	_	_	_	linguistic	_	none	_	End=1654.528	_	_	_	0-5(?)
739-0	TOI034	739	739	0	[sono]	sono	_	_	_	_	_	linguistic	_	none	_	Begin=1654.2	_	_	_	0-4(170)
739-1	TOI034	739	739	1	un'	un'	_	_	_	_	_	linguistic	_	none	SpaceAfter=No	_	_	_	_	_
739-2	TOI034	739	739	2	ottimo	ottimo	_	_	_	_	_	linguistic	_	none	_	_	_	_	_	_
739-3	TOI034	739	739	3	promemoria	promemoria	_	_	_	_	_	linguistic	_	none	_	_	_	_	_	_
739-4	TOI034	739	739	4	per	per	_	_	_	_	_	linguistic	_	none	_	_	_	_	_	_
739-5	TOI034	739	739	5	gli	gli	_	_	_	_	_	linguistic	_	none	_	_	_	_	_	_
739-6	TOI034	739	739	6	altri	altri	_	_	_	_	_	linguistic	_	none	_	_	_	_	_	_
739-7	TOI034	739	739	7	e	e	_	_	_	_	_	linguistic	_	none	_	_	_	_	_	_
739-8	TOI034	739	739	8	non	non	_	_	_	_	_	linguistic	_	none	_	_	_	_	_	_
739-9	TOI034	739	739	9	per	per	_	_	_	_	_	linguistic	_	none	_	_	_	_	_	_
739-10	TOI034	739	739	10	me	me	_	_	_	_	_	linguistic	_	none	_	_	_	_	_	_
739-11	TOI034	739	739	11	stessa	stessa	_	_	_	_	_	linguistic	_	none	_	_	_	_	_	_
739-12	TOI034	739	739	12	((ride))	((ride))	_	_	_	_	_	nonverbalbehavior	_	none	_	End=1657.288	_	_	_	_
740-0	TOR006	740	740	0	((ride))	((ride))	_	_	_	_	_	nonverbalbehavior	_	none	_	Begin=1655.9|End=1656.5	_	_	_	_
741-0	TOR006	741	741	0	va	va	_	_	_	_	_	linguistic	_	none	_	Begin=1658.81	_	_	_	_
741-1	TOR006	741	741	1	bene	bene	_	_	_	_	_	linguistic	_	none	_	_	_	_	_	_
741-2	TOR006	741	741	2	e:h	eh	_	_	_	_	_	linguistic	_	none	_	_	0x1	_	_	_
741-3	TOR006	741	741	3	>per	per	_	_	_	_	_	linguistic	_	none	_	_	_	Fast=0-3(0)	_	_
741-4	TOR006	741	741	4	quanto	quanto	_	_	_	_	_	linguistic	_	none	_	_	_	Fast=0-6(0)	_	_
741-5	TOR006	741	741	5	riguarda	riguarda	_	_	_	_	_	linguistic	_	none	_	_	_	Fast=0-8(0)	_	_
741-6	TOR006	741	741	6	la	la	_	_	_	_	_	linguistic	_	none	_	_	_	Fast=0-2(0)	_	_
741-7	TOR006	741	741	7	musica<	musica	_	_	_	_	_	linguistic	_	none	_	_	_	Fast=0-6(0)	_	_
741-8	TOR006	741	741	8	hai	hai	_	_	_	_	_	linguistic	_	none	_	_	_	_	_	_
741-9	TOR006	741	741	9	un	un	_	_	_	_	_	linguistic	_	none	_	_	_	_	_	_
741-10	TOR006	741	741	10	genere:	genere	_	_	_	_	_	linguistic	_	none	_	_	5x1	_	_	_
741-11	TOR006	741	741	11	musical[e	musicale	_	_	_	_	_	linguistic	_	none	_	_	_	_	_	7-8(171)
741-12	TOR006	741	741	12	prefe]rito,	preferito	_	_	_	_	_	linguistic	_	none	Intonation=WeaklyRising	End=1662.91	_	_	_	0-5(171)
742-0	TOI034	742	742	0	[come]?	come	_	_	_	_	_	linguistic	_	none	Intonation=Rising	Begin=1662.2|End=1662.51	_	_	_	0-4(171)
743-0	TOR006	743	743	0	per	per	_	_	_	_	_	linguistic	_	none	_	Begin=1663.01	_	_	_	_
743-1	TOR006	743	743	1	quanto	quanto	_	_	_	_	_	linguistic	_	none	_	_	_	_	_	_
743-2	TOR006	743	743	2	riguarda	riguarda	_	_	_	_	_	linguistic	_	none	_	_	_	_	_	_
743-3	TOR006	743	743	3	la	la	_	_	_	_	_	linguistic	_	none	_	_	_	_	_	_
743-4	TOR006	743	743	4	musica	musica	_	_	_	_	_	linguistic	_	none	PauseAfter=Yes	_	_	_	_	_
743-5	TOR006	743	743	5	(.)	(.)	_	_	_	_	_	shortpause	_	none	_	_	_	_	_	_
743-6	TOR006	743	743	6	hai	hai	_	_	_	_	_	linguistic	_	none	_	_	_	_	_	_
743-7	TOR006	743	743	7	un	un	_	_	_	_	_	linguistic	_	none	_	_	_	_	_	_
743-8	TOR006	743	743	8	genere	genere	_	_	_	_	_	linguistic	_	none	_	_	_	_	_	_
743-9	TOR006	743	743	9	musica:le	musicale	_	_	_	_	_	linguistic	_	none	_	_	5x1	_	_	_
743-10	TOR006	743	743	10	[che]	che	_	_	_	_	_	linguistic	_	none	_	End=1666.01	_	_	_	0-3(172)
744-0	TOI034	744	744	0	[va]do	vado	_	_	_	_	_	linguistic	_	none	_	Begin=1665.813	_	_	_	0-2(172)
744-1	TOI034	744	744	1	molto	molto	_	_	_	_	_	linguistic	_	none	_	_	_	_	_	_
744-2	TOI034	744	744	2	a:	a	_	_	_	_	_	linguistic	_	none	ProsodicLink=Yes	_	0x1	_	_	_
744-3	TOI034	744	744	3	mh	mh	_	_	_	_	_	linguistic	_	none	PauseAfter=Yes	_	_	_	_	_
744-4	TOI034	744	744	4	(.)	(.)	_	_	_	_	_	shortpause	_	none	_	_	_	_	_	_
744-5	TOI034	744	744	5	umore	umore	_	_	_	_	_	linguistic	_	none	_	End=1667.81	_	_	_	_
745-0	TOI034	745	745	0	però	però	_	_	_	_	_	linguistic	_	none	_	Begin=1668.11	_	_	_	_
745-1	TOI034	745	745	1	princ[ipalmen]te	principalmente	_	_	_	_	_	linguistic	_	none	_	_	_	_	_	5-12(173)
745-2	TOI034	745	745	2	musica	musica	_	_	_	_	_	linguistic	_	none	_	_	_	_	_	_
745-3	TOI034	745	745	3	commerciale:	commerciale	_	_	_	_	_	linguistic	_	none	_	End=1671.008	10x1	_	_	_
746-0	TOR006	746	746	0	((sospira))	((sospira))	_	_	_	_	_	nonverbalbehavior	_	none	_	Begin=1668.22	_	_	_	_
746-1	TOR006	746	746	1	[okay]	okay	_	_	_	_	_	linguistic	_	none	_	End=1669.214	_	_	_	0-4(173)
747-0	TOR006	747	747	0	ok[ay]	okay	_	_	_	_	_	linguistic	_	none	_	Begin=1671.11|End=1671.81	_	_	_	2-4(174)
748-0	TOI034	748	748	0	[dicia]mo	diciamo	_	_	_	_	_	linguistic	_	none	_	Begin=1671.51	_	_	_	0-5(174)
748-1	TOI034	748	748	1	da	da	_	_	_	_	_	linguistic	_	none	_	_	_	_	_	_
748-2	TOI034	748	748	2	discoteca	discoteca	_	_	_	_	_	linguistic	_	none	_	End=1672.61	_	_	_	_
749-0	TOR006	749	749	0	dimmi:	dimmi	_	_	_	_	_	linguistic	_	none	PauseAfter=Yes	Begin=1672.6	4x1	_	_	_
749-1	TOR006	749	749	1	(.)	(.)	_	_	_	_	_	shortpause	_	none	_	_	_	_	_	_
749-2	TOR006	749	749	2	(boh)	boh	_	_	_	_	_	linguistic	_	none	_	_	_	_	0-3(0)	_
749-3	TOR006	749	749	3	i	i	_	_	_	_	_	linguistic	_	none	_	_	_	_	_	_
749-4	TOR006	749	749	4	tuoi	tuoi	_	_	_	_	_	linguistic	_	none	_	_	_	_	_	_
749-5	TOR006	749	749	5	artisti	artisti	_	_	_	_	_	linguistic	_	none	_	_	_	_	_	_
749-6	TOR006	749	749	6	preferiti,	preferiti	_	_	_	_	_	linguistic	_	none	Intonation=WeaklyRising	End=1675.499	_	_	_	_
750-0	TOI034	750	750	0	mamma	mamma	_	_	_	_	_	linguistic	_	none	_	Begin=1676.71	_	_	_	_
750-1	TOI034	750	750	1	mia	mia	_	_	_	_	_	linguistic	_	none	PauseAfter=Yes	_	_	_	_	_
750-2	TOI034	750	750	2	(.)	(.)	_	_	_	_	_	shortpause	_	none	_	_	_	_	_	_
750-3	TOI034	750	750	3	questa	questa	_	_	_	_	_	linguistic	_	none	_	_	_	_	_	_
750-4	TOI034	750	750	4	è	è	_	_	_	_	_	linguistic	_	none	_	_	_	_	_	_
750-5	TOI034	750	750	5	sempre	sempre	_	_	_	_	_	linguistic	_	none	_	_	_	_	_	_
750-6	TOI034	750	750	6	una	una	_	_	_	_	_	linguistic	_	none	_	_	_	_	_	_
750-7	TOI034	750	750	7	di	di	_	_	_	_	_	linguistic	_	none	_	_	_	_	_	_
750-8	TOI034	750	750	8	quelle	quelle	_	_	_	_	_	linguistic	_	none	_	_	_	_	_	_
750-9	TOI034	750	750	9	cose	cose	_	_	_	_	_	linguistic	_	none	_	_	_	_	_	_
750-10	TOI034	750	750	10	che	che	_	_	_	_	_	linguistic	_	none	_	_	_	_	_	_
750-11	TOI034	750	750	11	io	io	_	_	_	_	_	linguistic	_	none	_	_	_	_	_	_
750-12	TOI034	750	750	12	non	non	_	_	_	_	_	linguistic	_	none	_	_	_	_	_	_
750-13	TOI034	750	750	13	ricordo	ricordo	_	_	_	_	_	linguistic	_	none	_	End=1679.503	_	_	_	_
751-0	TOI034	751	751	0	((ride))	((ride))	_	_	_	_	_	nonverbalbehavior	_	none	_	Begin=1679.9|End=1680.447	_	_	_	_
752-0	TOR006	752	752	0	((ride))	((ride))	_	_	_	_	_	nonverbalbehavior	_	none	_	Begin=1679.91	_	_	_	_
752-1	TOR006	752	752	1	da:i	dai	_	_	_	_	_	linguistic	_	none	_	End=1681.01	1x1	_	_	_
753-0	TOI034	753	753	0	e:h	eh	_	_	_	_	_	linguistic	_	none	_	Begin=1681.21	0x1	_	_	_
753-1	TOI034	753	753	1	non:	non	_	_	_	_	_	linguistic	_	none	_	_	2x1	_	_	_
753-2	TOI034	753	753	2	>non	non	_	_	_	_	_	linguistic	_	none	_	_	_	Fast=0-3(0)	_	_
753-3	TOI034	753	753	3	ho	ho	_	_	_	_	_	linguistic	_	none	_	_	_	Fast=0-2(0)	_	_
753-4	TOI034	753	753	4	mai	mai	_	_	_	_	_	linguistic	_	none	_	_	_	Fast=0-3(0)	_	_
753-5	TOI034	753	753	5	avuto<	avuto	_	_	_	_	_	linguistic	_	none	_	End=1682.817	_	Fast=0-5(0)	_	_
754-0	TOR006	754	754	0	una	una	_	_	_	_	_	linguistic	_	none	_	Begin=1682.817	_	_	_	_
754-1	TOR006	754	754	1	canzone:	canzone	_	_	_	_	_	linguistic	_	none	_	End=1684.2	6x1	_	_	_
755-0	TOR006	755	755	0	[>la	la	_	_	_	_	_	linguistic	_	none	_	Begin=1685.51	_	Fast=0-2(0)	_	0-2(176)
755-1	TOR006	755	755	1	canzone	canzone	_	_	_	_	_	linguistic	_	none	_	_	_	Fast=0-7(0)	_	0-7(176)
755-2	TOR006	755	755	2	che	che	_	_	_	_	_	linguistic	_	none	_	_	_	Fast=0-3(0)	_	0-3(176)
755-3	TOR006	755	755	3	ascolti<]	ascolti	_	_	_	_	_	linguistic	_	none	_	End=1686.601	_	Fast=0-7(0)	_	0-7(176)
756-0	TOI034	756	756	0	[s:ophie	sophie	_	_	_	_	_	linguistic	_	none	_	Begin=1685.51	0x1	_	_	0-6(?)
756-1	TOI034	756	756	1	tu]cker:	tucker	_	_	_	_	_	linguistic	_	none	_	_	5x1	_	_	0-2(?)
756-2	TOI034	756	756	2	>friends	friends	_	_	_	_	_	linguistic	_	none	_	_	_	Fast=0-7(0)	_	_
756-3	TOI034	756	756	3	mi	mi	_	_	_	_	_	linguistic	_	none	_	_	_	Fast=0-2(0)	_	_
756-4	TOI034	756	756	4	pare<	pare	_	_	_	_	_	linguistic	_	none	_	_	_	Fast=0-4(0)	_	_
756-5	TOI034	756	756	5	((ride))	((ride))	_	_	_	_	_	nonverbalbehavior	_	none	_	End=1690.0	_	_	_	_
757-0	TOR006	757	757	0	°va	va	_	_	_	_	_	linguistic	_	none	Volume=low	Begin=1689.2	_	_	_	_
757-1	TOR006	757	757	1	bene°	bene	_	_	_	_	_	linguistic	_	none	Volume=low	_	_	_	_	_
757-2	TOR006	757	757	2	((ride))	((ride))	_	_	_	_	_	nonverbalbehavior	_	none	_	End=1690.31	_	_	_	_
758-0	TOR006	758	758	0	>quindi	quindi	_	_	_	_	_	linguistic	_	none	_	Begin=1691.01	_	Fast=0-6(0)	_	_
758-1	TOR006	758	758	1	musica	musica	_	_	_	_	_	linguistic	_	none	_	_	_	Fast=0-6(0)	_	_
758-2	TOR006	758	758	2	commercia:le	commerciale	_	_	_	_	_	linguistic	_	none	_	_	8x1	Fast=0-11(0)	_	_
758-3	TOR006	758	758	3	okay<	okay	_	_	_	_	_	linguistic	_	none	_	_	_	Fast=0-4(0)	_	_
758-4	TOR006	758	758	4	c~	c~	_	_	_	_	_	linguistic	_	none	Interrupted=Yes	_	_	_	_	_
758-5	TOR006	758	758	5	vai	vai	_	_	_	_	_	linguistic	_	none	_	_	_	_	_	_
758-6	TOR006	758	758	6	a	a	_	_	_	_	_	linguistic	_	none	_	_	_	_	_	_
758-7	TOR006	758	758	7	ballare?	ballare	_	_	_	_	_	linguistic	_	none	Intonation=Rising	End=1693.806	_	_	_	_
759-0	TOI034	759	759	0	sì	sì	_	_	_	_	_	linguistic	_	none	_	Begin=1693.91|End=1694.103	_	_	_	_
760-0	TOR006	760	760	0	dove?	dove	_	_	_	_	_	linguistic	_	none	Intonation=Rising	Begin=1694.5|End=1694.901	_	_	_	_
761-0	TOI034	761	761	0	dipende	dipende	_	_	_	_	_	linguistic	_	none	_	Begin=1696.01	_	_	_	_
761-1	TOI034	761	761	1	dalla	dalla	_	_	_	_	_	linguistic	_	none	_	_	_	_	_	_
761-2	TOI034	761	761	2	serata	serata	_	_	_	_	_	linguistic	_	none	_	End=1697.293	_	_	_	_
762-0	TOR006	762	762	0	ok[ay]	okay	_	_	_	_	_	linguistic	_	none	_	Begin=1697.41|End=1697.997	_	_	_	2-4(178)
763-0	TOI034	763	763	0	[ci	ci	_	_	_	_	_	linguistic	_	none	_	Begin=1697.81	_	_	_	0-2(178)
763-1	TOI034	763	763	1	s]on	son	_	_	_	_	_	linguistic	_	none	_	_	_	_	_	0-1(178)
763-2	TOI034	763	763	2	tanti	tanti	_	_	_	_	_	linguistic	_	none	_	_	_	_	_	_
763-3	TOI034	763	763	3	locali	locali	_	_	_	_	_	linguistic	_	none	_	_	_	_	_	_
763-4	TOI034	763	763	4	a	a	_	_	_	_	_	linguistic	_	none	_	_	_	_	_	_
763-5	TOI034	763	763	5	torino:	torino	_	_	_	_	_	linguistic	_	none	_	End=1699.4	5x1	_	_	_
764-0	TOR006	764	764	0	okay	okay	_	_	_	_	_	linguistic	_	none	_	Begin=1699.61|End=1700.053	_	_	_	_
765-0	TOI034	765	765	0	mh	mh	_	_	_	_	_	linguistic	_	none	_	Begin=1700.053|End=1700.3	_	_	_	_
766-0	TOI034	766	766	0	cerco	cerco	_	_	_	_	_	linguistic	_	none	_	Begin=1700.61	_	_	_	_
766-1	TOI034	766	766	1	di	di	_	_	_	_	_	linguistic	_	none	_	_	_	_	_	_
766-2	TOI034	766	766	2	non	non	_	_	_	_	_	linguistic	_	none	_	_	_	_	_	_
766-3	TOI034	766	766	3	andare:	andare	_	_	_	_	_	linguistic	_	none	_	_	5x1	_	_	_
766-4	TOI034	766	766	4	in	in	_	_	_	_	_	linguistic	_	none	_	_	_	_	_	_
766-5	TOI034	766	766	5	serate	serate	_	_	_	_	_	linguistic	_	none	_	_	_	_	_	_
766-6	TOI034	766	766	6	più:	più	_	_	_	_	_	linguistic	_	none	_	End=1703.298	2x1	_	_	_
767-0	TOI034	767	767	0	e::h	eh	_	_	_	_	_	linguistic	_	none	_	Begin=1704.0|End=1705.12	0x2	_	_	_
768-0	TOI034	768	768	0	non	non	_	_	_	_	_	linguistic	_	none	_	Begin=1708.11	_	_	_	_
768-1	TOI034	768	768	1	so	so	_	_	_	_	_	linguistic	_	none	_	_	_	_	_	_
768-2	TOI034	768	768	2	come	come	_	_	_	_	_	linguistic	_	none	_	_	_	_	_	_
768-3	TOI034	768	768	3	spiegarlo:	spiegarlo	_	_	_	_	_	linguistic	_	none	_	End=1709.619	8x1	_	_	_
769-0	TOI034	769	769	0	mh?	mh	_	_	_	_	_	linguistic	_	none	Intonation=Rising	Begin=1710.61|End=1711.01	_	_	_	_
770-0	TOR006	770	770	0	°(puoi	puoi	_	_	_	_	_	linguistic	_	none	_	Begin=1711.11	_	_	0-4(0)	_
770-1	TOR006	770	770	1	dire	dire	_	_	_	_	_	linguistic	_	none	_	_	_	_	0-4(0)	_
770-2	TOR006	770	770	2	quel~)	quel~	_	_	_	_	_	linguistic	_	none	Interrupted=Yes	End=1711.688	_	_	0-5(0)	_
771-0	TOI034	771	771	0	((ride))	((ride))	_	_	_	_	_	nonverbalbehavior	_	none	_	Begin=1712.41	_	_	_	_
771-1	TOI034	771	771	1	no	no	_	_	_	_	_	linguistic	_	none	_	_	_	_	_	_
771-2	TOI034	771	771	2	no	no	_	_	_	_	_	linguistic	_	none	_	_	_	_	_	_
771-3	TOI034	771	771	3	s~	s~	_	_	_	_	_	linguistic	_	none	Interrupted=Yes	_	_	_	_	_
771-4	TOI034	771	771	4	non	non	_	_	_	_	_	linguistic	_	none	_	_	_	_	_	_
771-5	TOI034	771	771	5	mi	mi	_	_	_	_	_	linguistic	_	none	_	_	_	_	_	_
771-6	TOI034	771	771	6	viene	viene	_	_	_	_	_	linguistic	_	none	_	_	_	_	_	_
771-7	TOI034	771	771	7	proprio	proprio	_	_	_	_	_	linguistic	_	none	_	_	_	_	_	_
771-8	TOI034	771	771	8	la	la	_	_	_	_	_	linguistic	_	none	_	_	_	_	_	_
771-9	TOI034	771	771	9	par[ola]	parola	_	_	_	_	_	linguistic	_	none	_	End=1715.225	_	_	_	3-6(179)
772-0	TOR006	772	772	0	[o]kay	okay	_	_	_	_	_	linguistic	_	none	_	Begin=1715.01|End=1715.51	_	_	_	0-1(179)
773-0	TOI034	773	773	0	quelle	quelle	_	_	_	_	_	linguistic	_	none	_	Begin=1715.51|End=1716.007	_	_	_	_
774-0	TOI034	774	774	0	più	più	_	_	_	_	_	linguistic	_	none	_	Begin=1716.61	_	_	_	_
774-1	TOI034	774	774	1	generiche	generiche	_	_	_	_	_	linguistic	_	none	_	_	_	_	_	_
774-2	TOI034	774	774	2	non	non	_	_	_	_	_	linguistic	_	none	_	_	_	_	_	_
774-3	TOI034	774	774	3	lo	lo	_	_	_	_	_	linguistic	_	none	_	_	_	_	_	_
774-4	TOI034	774	774	4	so:	so	_	_	_	_	_	linguistic	_	none	_	_	1x1	_	_	_
774-5	TOI034	774	774	5	pi[ù::]	più	_	_	_	_	_	linguistic	_	none	_	End=1718.81	2x2	_	_	2-3(180)
775-0	TOR006	775	775	0	[okay]	okay	_	_	_	_	_	linguistic	_	none	_	Begin=1718.31|End=1718.81	_	_	_	0-4(180)
776-0	TOI034	776	776	0	(adorate)	adorate	_	_	_	_	_	linguistic	_	none	_	Begin=1719.11	_	_	0-7(0)	_
776-1	TOI034	776	776	1	da	da	_	_	_	_	_	linguistic	_	none	_	_	_	_	_	_
776-2	TOI034	776	776	2	tutti	tutti	_	_	_	_	_	linguistic	_	none	_	_	_	_	_	_
776-3	TOI034	776	776	3	c[erco]	cerco	_	_	_	_	_	linguistic	_	none	_	_	_	_	_	1-5(181)
776-4	TOI034	776	776	4	qualcosa	qualcosa	_	_	_	_	_	linguistic	_	none	_	_	_	_	_	_
776-5	TOI034	776	776	5	di	di	_	_	_	_	_	linguistic	_	none	_	_	_	_	_	_
776-6	TOI034	776	776	6	un	un	_	_	_	_	_	linguistic	_	none	_	_	_	_	_	_
776-7	TOI034	776	776	7	po'	po'	_	_	_	_	_	linguistic	_	none	_	_	_	_	_	_
776-8	TOI034	776	776	8	più:	più	_	_	_	_	_	linguistic	_	none	_	End=1721.71	2x1	_	_	_
777-0	TOR006	777	777	0	[o~]	o~	_	_	_	_	_	linguistic	_	none	Interrupted=Yes	Begin=1720.203|End=1720.41	_	_	_	0-2(181)
778-0	TOI034	778	778	0	ricercato	ricercato	_	_	_	_	_	linguistic	_	none	_	Begin=1723.11|End=1723.706	_	_	_	_
779-0	TOR006	779	779	0	°~donna	~donna	_	_	_	_	_	linguistic	_	none	Interrupted=Yes|Volume=low	Begin=1724.51	_	_	_	_
779-1	TOR006	779	779	1	ricercato	ricercato	_	_	_	_	_	linguistic	_	none	Volume=low	_	_	_	_	_
779-2	TOR006	779	779	2	va	va	_	_	_	_	_	linguistic	_	none	Volume=low	_	_	_	_	_
779-3	TOR006	779	779	3	bene°	bene	_	_	_	_	_	linguistic	_	none	Volume=low	_	_	_	_	_
779-4	TOR006	779	779	4	vai	vai	_	_	_	_	_	linguistic	_	none	_	_	_	_	_	_
779-5	TOR006	779	779	5	anche	anche	_	_	_	_	_	linguistic	_	none	_	_	_	_	_	_
779-6	TOR006	779	779	6	ai	ai	_	_	_	_	_	linguistic	_	none	_	_	_	_	_	_
779-7	TOR006	779	779	7	concerti?	concerti	_	_	_	_	_	linguistic	_	none	Intonation=Rising	End=1727.298	_	_	_	_
780-0	TOI034	780	780	0	no	no	_	_	_	_	_	linguistic	_	none	_	Begin=1728.21|End=1728.436	_	_	_	_
781-0	TOR006	781	781	0	((ride))	((ride))	_	_	_	_	_	nonverbalbehavior	_	none	_	Begin=1729.61	_	_	_	_
781-1	TOR006	781	781	1	perché	perché	_	_	_	_	_	linguistic	_	none	_	_	_	_	_	_
781-2	TOR006	781	781	2	non	non	_	_	_	_	_	linguistic	_	none	_	_	_	_	_	_
781-3	TOR006	781	781	3	c'	c'	_	_	_	_	_	linguistic	_	none	SpaceAfter=No	_	_	_	_	_
781-4	TOR006	781	781	4	hai	hai	_	_	_	_	_	linguistic	_	none	_	_	_	_	_	_
781-5	TOR006	781	781	5	i	i	_	_	_	_	_	linguistic	_	none	_	_	_	_	_	_
781-6	TOR006	781	781	6	soldi?	soldi	_	_	_	_	_	linguistic	_	none	Intonation=Rising|PauseAfter=Yes	_	_	_	_	_
781-7	TOR006	781	781	7	(.)	(.)	_	_	_	_	_	shortpause	_	none	_	_	_	_	_	_
781-8	TOR006	781	781	8	o	o	_	_	_	_	_	linguistic	_	none	_	_	_	_	_	_
781-9	TOR006	781	781	9	perché:,	perché	_	_	_	_	_	linguistic	_	none	Intonation=WeaklyRising	End=1731.916	5x1	_	_	_
782-0	TOR006	782	782	0	non	non	_	_	_	_	_	linguistic	_	none	_	Begin=1732.21	_	_	_	_
782-1	TOR006	782	782	1	ti	ti	_	_	_	_	_	linguistic	_	none	_	_	_	_	_	_
782-2	TOR006	782	782	2	piacciono	piacciono	_	_	_	_	_	linguistic	_	none	_	_	_	_	_	_
782-3	TOR006	782	782	3	i	i	_	_	_	_	_	linguistic	_	none	_	_	_	_	_	_
782-4	TOR006	782	782	4	concerti	concerti	_	_	_	_	_	linguistic	_	none	_	End=1733.698	_	_	_	_
783-0	TOI034	783	783	0	sempre	sempre	_	_	_	_	_	linguistic	_	none	_	Begin=1734.4	_	_	_	_
783-1	TOI034	783	783	1	per	per	_	_	_	_	_	linguistic	_	none	_	_	_	_	_	_
783-2	TOI034	783	783	2	la	la	_	_	_	_	_	linguistic	_	none	_	_	_	_	_	_
783-3	TOI034	783	783	3	questione	questione	_	_	_	_	_	linguistic	_	none	_	_	_	_	_	_
783-4	TOI034	783	783	4	che	che	_	_	_	_	_	linguistic	_	none	_	_	_	_	_	_
783-5	TOI034	783	783	5	non	non	_	_	_	_	_	linguistic	_	none	_	_	_	_	_	_
783-6	TOI034	783	783	6	ricordo	ricordo	_	_	_	_	_	linguistic	_	none	_	_	_	_	_	_
783-7	TOI034	783	783	7	un	un	_	_	_	_	_	linguistic	_	none	_	_	_	_	_	_
783-8	TOI034	783	783	8	mio	mio	_	_	_	_	_	linguistic	_	none	_	_	_	_	_	_
783-9	TOI034	783	783	9	artista	artista	_	_	_	_	_	linguistic	_	none	_	_	_	_	_	_
783-10	TOI034	783	783	10	preferito	preferito	_	_	_	_	_	linguistic	_	none	_	_	_	_	_	_
783-11	TOI034	783	783	11	e	e	_	_	_	_	_	linguistic	_	none	_	_	_	_	_	_
783-12	TOI034	783	783	12	che	che	_	_	_	_	_	linguistic	_	none	_	_	_	_	_	_
783-13	TOI034	783	783	13	io	io	_	_	_	_	_	linguistic	_	none	_	_	_	_	_	_
783-14	TOI034	783	783	14	non	non	_	_	_	_	_	linguistic	_	none	_	_	_	_	_	_
783-15	TOI034	783	783	15	ho	ho	_	_	_	_	_	linguistic	_	none	_	_	_	_	_	_
783-16	TOI034	783	783	16	mai	mai	_	_	_	_	_	linguistic	_	none	_	_	_	_	_	_
783-17	TOI034	783	783	17	avuto:	avuto	_	_	_	_	_	linguistic	_	none	_	_	4x1	_	_	_
783-18	TOI034	783	783	18	una	una	_	_	_	_	_	linguistic	_	none	_	_	_	_	_	_
783-19	TOI034	783	783	19	grande	grande	_	_	_	_	_	linguistic	_	none	_	_	_	_	_	_
783-20	TOI034	783	783	20	passione	passione	_	_	_	_	_	linguistic	_	none	_	_	_	_	_	_
783-21	TOI034	783	783	21	per	per	_	_	_	_	_	linguistic	_	none	_	_	_	_	_	_
783-22	TOI034	783	783	22	qualcuno	qualcuno	_	_	_	_	_	linguistic	_	none	_	_	_	_	_	_
783-23	TOI034	783	783	23	quindi	quindi	_	_	_	_	_	linguistic	_	none	_	_	_	_	_	_
783-24	TOI034	783	783	24	ritengo	ritengo	_	_	_	_	_	linguistic	_	none	_	_	_	_	_	_
783-25	TOI034	783	783	25	che	che	_	_	_	_	_	linguistic	_	none	_	_	_	_	_	_
783-26	TOI034	783	783	26	per	per	_	_	_	_	_	linguistic	_	none	_	_	_	_	_	_
783-27	TOI034	783	783	27	il	il	_	_	_	_	_	linguistic	_	none	_	_	_	_	_	_
783-28	TOI034	783	783	28	momento	momento	_	_	_	_	_	linguistic	_	none	_	_	_	_	_	_
783-29	TOI034	783	783	29	>non	non	_	_	_	_	_	linguistic	_	none	_	_	_	Fast=0-3(0)	_	_
783-30	TOI034	783	783	30	ho	ho	_	_	_	_	_	linguistic	_	none	_	_	_	Fast=0-2(0)	_	_
783-31	TOI034	783	783	31	ancora	ancora	_	_	_	_	_	linguistic	_	none	_	_	_	Fast=0-6(0)	_	_
783-32	TOI034	783	783	32	trovato	trovato	_	_	_	_	_	linguistic	_	none	_	_	_	Fast=0-7(0)	_	_
783-33	TOI034	783	783	33	la	la	_	_	_	_	_	linguistic	_	none	_	_	_	Fast=0-2(0)	_	_
783-34	TOI034	783	783	34	persona	persona	_	_	_	_	_	linguistic	_	none	_	_	_	Fast=0-7(0)	_	_
783-35	TOI034	783	783	35	per	per	_	_	_	_	_	linguistic	_	none	_	_	_	Fast=0-3(0)	_	_
783-36	TOI034	783	783	36	cui	cui	_	_	_	_	_	linguistic	_	none	_	_	_	Fast=0-3(0)	_	_
783-37	TOI034	783	783	37	valga	valga	_	_	_	_	_	linguistic	_	none	_	_	_	Fast=0-5(0)	_	_
783-38	TOI034	783	783	38	la	la	_	_	_	_	_	linguistic	_	none	_	_	_	Fast=0-2(0)	_	_
783-39	TOI034	783	783	39	pena	pena	_	_	_	_	_	linguistic	_	none	_	_	_	Fast=0-4(0)	_	_
783-40	TOI034	783	783	40	andare	andare	_	_	_	_	_	linguistic	_	none	_	_	_	Fast=0-6(0)	_	_
783-41	TOI034	783	783	41	a	a	_	_	_	_	_	linguistic	_	none	_	_	_	Fast=0-1(0)	_	_
783-42	TOI034	783	783	42	un	un	_	_	_	_	_	linguistic	_	none	_	_	_	Fast=0-2(0)	_	_
783-43	TOI034	783	783	43	concerto<	concerto	_	_	_	_	_	linguistic	_	none	_	End=1744.7	_	Fast=0-8(0)	_	_
784-0	TOR006	784	784	0	((ride))	((ride))	_	_	_	_	_	nonverbalbehavior	_	none	_	Begin=1734.602|End=1734.91	_	_	_	_
785-0	TOR006	785	785	0	((ride))	((ride))	_	_	_	_	_	nonverbalbehavior	_	none	_	Begin=1736.41|End=1738.41	_	_	_	_
786-0	TOR006	786	786	0	(ho)	ho	_	_	_	_	_	linguistic	_	none	_	Begin=1744.81	_	_	0-2(0)	_
786-1	TOR006	786	786	1	capito	capito	_	_	_	_	_	linguistic	_	none	_	End=1745.714	_	_	_	_
787-0	TOR006	787	787	0	allora	allora	_	_	_	_	_	linguistic	_	none	_	Begin=1746.61	_	_	_	_
787-1	TOR006	787	787	1	tu	tu	_	_	_	_	_	linguistic	_	none	_	_	_	_	_	_
787-2	TOR006	787	787	2	eh	eh	_	_	_	_	_	linguistic	_	none	_	_	_	_	_	_
787-3	TOR006	787	787	3	hai	hai	_	_	_	_	_	linguistic	_	none	_	_	_	_	_	_
787-4	TOR006	787	787	4	fatto	fatto	_	_	_	_	_	linguistic	_	none	_	_	_	_	_	_
787-5	TOR006	787	787	5	calcio	calcio	_	_	_	_	_	linguistic	_	none	_	End=1748.727	_	_	_	_
788-0	TOI034	788	788	0	°sì°	sì	_	_	_	_	_	linguistic	_	none	Volume=low	Begin=1749.11|End=1749.522	_	_	_	_
789-0	TOR006	789	789	0	quindi	quindi	_	_	_	_	_	linguistic	_	none	_	Begin=1749.81	_	_	_	_
789-1	TOR006	789	789	1	che	che	_	_	_	_	_	linguistic	_	none	_	_	_	_	_	_
789-2	TOR006	789	789	2	squadra	squadra	_	_	_	_	_	linguistic	_	none	_	_	_	_	_	_
789-3	TOR006	789	789	3	tifi?	tifi	_	_	_	_	_	linguistic	_	none	Intonation=Rising	End=1751.022	_	_	_	_
790-0	TOI034	790	790	0	non	non	_	_	_	_	_	linguistic	_	none	_	Begin=1752.51	_	_	_	_
790-1	TOI034	790	790	1	mi	mi	_	_	_	_	_	linguistic	_	none	_	_	_	_	_	_
790-2	TOI034	790	790	2	piace	piace	_	_	_	_	_	linguistic	_	none	_	_	_	_	_	_
790-3	TOI034	790	790	3	il	il	_	_	_	_	_	linguistic	_	none	_	_	_	_	_	_
790-4	TOI034	790	790	4	calcio	calcio	_	_	_	_	_	linguistic	_	none	_	End=1753.616	_	_	_	_
791-0	TOR006	791	791	0	((ride))	((ride))	_	_	_	_	_	nonverbalbehavior	_	none	_	Begin=1755.31	_	_	_	_
791-1	TOR006	791	791	1	xxx	xxx	_	_	_	_	_	unknown	_	none	Syllables=3	_	_	_	_	_
791-2	TOR006	791	791	2	incazzare	incazzare	_	_	_	_	_	linguistic	_	none	_	End=1757.313	_	_	_	_
792-0	TOI034	792	792	0	(no:n)	non	_	_	_	_	_	linguistic	_	none	_	Begin=1757.41	1x1	_	0-3(0)	_
792-1	TOI034	792	792	1	mi	mi	_	_	_	_	_	linguistic	_	none	_	_	_	_	_	_
792-2	TOI034	792	792	2	piace	piace	_	_	_	_	_	linguistic	_	none	_	_	_	_	_	_
792-3	TOI034	792	792	3	il	il	_	_	_	_	_	linguistic	_	none	_	_	_	_	_	_
792-4	TOI034	792	792	4	calcio	calcio	_	_	_	_	_	linguistic	_	none	_	_	_	_	_	_
792-5	TOI034	792	792	5	perché	perché	_	_	_	_	_	linguistic	_	none	_	_	_	_	_	_
792-6	TOI034	792	792	6	il	il	_	_	_	_	_	linguistic	_	none	_	_	_	_	_	_
792-7	TOI034	792	792	7	calcio	calcio	_	_	_	_	_	linguistic	_	none	_	_	_	_	_	_
792-8	TOI034	792	792	8	è	è	_	_	_	_	_	linguistic	_	none	_	_	_	_	_	_
792-9	TOI034	792	792	9	troppo	troppo	_	_	_	_	_	linguistic	_	none	_	_	_	_	_	_
792-10	TOI034	792	792	10	troppo:	troppo	_	_	_	_	_	linguistic	_	none	PauseAfter=Yes	_	5x1	_	_	_
792-11	TOI034	792	792	11	(.)	(.)	_	_	_	_	_	shortpause	_	none	_	_	_	_	_	_
792-12	TOI034	792	792	12	cioè	cioè	_	_	_	_	_	linguistic	_	none	_	_	_	_	_	_
792-13	TOI034	792	792	13	se	se	_	_	_	_	_	linguistic	_	none	_	_	_	_	_	_
792-14	TOI034	792	792	14	fosse	fosse	_	_	_	_	_	linguistic	_	none	_	_	_	_	_	_
792-15	TOI034	792	792	15	quello	quello	_	_	_	_	_	linguistic	_	none	_	_	_	_	_	_
792-16	TOI034	792	792	16	di	di	_	_	_	_	_	linguistic	_	none	_	_	_	_	_	_
792-17	TOI034	792	792	17	quarant'	quarant'	_	_	_	_	_	linguistic	_	none	SpaceAfter=No	_	_	_	_	_
792-18	TOI034	792	792	18	anni	anni	_	_	_	_	_	linguistic	_	none	_	_	_	_	_	_
792-19	TOI034	792	792	19	[fa	fa	_	_	_	_	_	linguistic	_	none	_	_	_	_	_	0-2(182)
792-20	TOI034	792	792	20	in]	in	_	_	_	_	_	linguistic	_	none	_	_	_	_	_	0-2(182)
792-21	TOI034	792	792	21	cui	cui	_	_	_	_	_	linguistic	_	none	_	_	_	_	_	_
792-22	TOI034	792	792	22	i	i	_	_	_	_	_	linguistic	_	none	_	_	_	_	_	_
792-23	TOI034	792	792	23	giocatori	giocatori	_	_	_	_	_	linguistic	_	none	_	_	_	_	_	_
792-24	TOI034	792	792	24	andavano	andavano	_	_	_	_	_	linguistic	_	none	_	_	_	_	_	_
792-25	TOI034	792	792	25	a	a	_	_	_	_	_	linguistic	_	none	_	_	_	_	_	_
792-26	TOI034	792	792	26	lavo:~	lavo~	_	_	_	_	_	linguistic	_	none	Interrupted=Yes	_	3x1	_	_	_
792-27	TOI034	792	792	27	andavano	andavano	_	_	_	_	_	linguistic	_	none	_	_	_	_	_	_
792-28	TOI034	792	792	28	ad	ad	_	_	_	_	_	linguistic	_	none	_	_	_	_	_	_
792-29	TOI034	792	792	29	allenamento	allenamento	_	_	_	_	_	linguistic	_	none	_	_	_	_	_	_
792-30	TOI034	792	792	30	con	con	_	_	_	_	_	linguistic	_	none	_	_	_	_	_	_
792-31	TOI034	792	792	31	la	la	_	_	_	_	_	linguistic	_	none	_	_	_	_	_	_
792-32	TOI034	792	792	32	ventiquattro	ventiquattro	_	_	_	_	_	linguistic	_	none	_	_	_	_	_	_
792-33	TOI034	792	792	33	ore	ore	_	_	_	_	_	linguistic	_	none	_	_	_	_	_	_
792-34	TOI034	792	792	34	sarebbe	sarebbe	_	_	_	_	_	linguistic	_	none	PauseAfter=Yes	_	_	_	_	_
792-35	TOI034	792	792	35	(.)	(.)	_	_	_	_	_	shortpause	_	none	_	_	_	_	_	_
792-36	TOI034	792	792	36	onesto	onesto	_	_	_	_	_	linguistic	_	none	_	End=1767.004	_	_	_	_
793-0	TOR006	793	793	0	[mh]	mh	_	_	_	_	_	linguistic	_	none	_	Begin=1762.11|End=1762.41	_	_	_	0-2(182)
794-0	TOR006	794	794	0	mh	mh	_	_	_	_	_	linguistic	_	none	_	Begin=1767.31|End=1767.605	_	_	_	_
795-0	TOI034	795	795	0	il	il	_	_	_	_	_	linguistic	_	none	_	Begin=1767.91	_	_	_	_
795-1	TOI034	795	795	1	fatto	fatto	_	_	_	_	_	linguistic	_	none	_	_	_	_	_	_
795-2	TOI034	795	795	2	che	che	_	_	_	_	_	linguistic	_	none	_	_	_	_	_	_
795-3	TOI034	795	795	3	adesso	adesso	_	_	_	_	_	linguistic	_	none	_	_	_	_	_	_
795-4	TOI034	795	795	4	invece	invece	_	_	_	_	_	linguistic	_	none	_	_	_	_	_	_
795-5	TOI034	795	795	5	sia	sia	_	_	_	_	_	linguistic	_	none	_	_	_	_	_	_
795-6	TOI034	795	795	6	<tutta>	tutta	_	_	_	_	_	linguistic	_	none	_	_	_	Slow=0-5(0)	_	_
795-7	TOI034	795	795	7	una	una	_	_	_	_	_	linguistic	_	none	_	_	_	_	_	_
795-8	TOI034	795	795	8	questione	questione	_	_	_	_	_	linguistic	_	none	_	_	_	_	_	_
795-9	TOI034	795	795	9	di	di	_	_	_	_	_	linguistic	_	none	_	_	_	_	_	_
795-10	TOI034	795	795	10	soldi	soldi	_	_	_	_	_	linguistic	_	none	_	_	_	_	_	_
795-11	TOI034	795	795	11	>esclusivamente	esclusivamente	_	_	_	_	_	linguistic	_	none	_	_	_	Fast=0-14(0)	_	_
795-12	TOI034	795	795	12	di	di	_	_	_	_	_	linguistic	_	none	_	_	_	Fast=0-2(0)	_	_
795-13	TOI034	795	795	13	soldi<	soldi	_	_	_	_	_	linguistic	_	none	_	_	_	Fast=0-5(0)	_	_
795-14	TOI034	795	795	14	di	di	_	_	_	_	_	linguistic	_	none	_	_	_	_	_	_
795-15	TOI034	795	795	15	scommesse	scommesse	_	_	_	_	_	linguistic	_	none	_	_	_	_	_	_
795-16	TOI034	795	795	16	di::	di	_	_	_	_	_	linguistic	_	none	_	End=1774.412	1x2	_	_	_
796-0	TOI034	796	796	0	partite	partite	_	_	_	_	_	linguistic	_	none	_	Begin=1775.21	_	_	_	_
796-1	TOI034	796	796	1	già::	già	_	_	_	_	_	linguistic	_	none	_	_	2x2	_	_	_
796-2	TOI034	796	796	2	decise	decise	_	_	_	_	_	linguistic	_	none	_	_	_	_	_	_
796-3	TOI034	796	796	3	prima	prima	_	_	_	_	_	linguistic	_	none	_	_	_	_	_	_
796-4	TOI034	796	796	4	ancora	ancora	_	_	_	_	_	linguistic	_	none	_	_	_	_	_	_
796-5	TOI034	796	796	5	di	di	_	_	_	_	_	linguistic	_	none	_	_	_	_	_	_
796-6	TOI034	796	796	6	essere	essere	_	_	_	_	_	linguistic	_	none	_	_	_	_	_	_
796-7	TOI034	796	796	7	giocate	giocate	_	_	_	_	_	linguistic	_	none	PauseAfter=Yes	_	_	_	_	_
796-8	TOI034	796	796	8	(.)	(.)	_	_	_	_	_	shortpause	_	none	_	_	_	_	_	_
796-9	TOI034	796	796	9	per	per	_	_	_	_	_	linguistic	_	none	_	_	_	_	_	_
796-10	TOI034	796	796	10	me	me	_	_	_	_	_	linguistic	_	none	_	_	_	_	_	_
796-11	TOI034	796	796	11	no	no	_	_	_	_	_	linguistic	_	none	_	End=1779.21	_	_	_	_
797-0	TOR006	797	797	0	okay	okay	_	_	_	_	_	linguistic	_	none	_	Begin=1779.3|End=1780.0	_	_	_	_
798-0	TOR006	798	798	0	c[osa	cosa	_	_	_	_	_	linguistic	_	none	_	Begin=1780.2	_	_	_	1-4(183)
798-1	TOR006	798	798	1	ne	ne	_	_	_	_	_	linguistic	_	none	_	_	_	_	_	0-2(183)
798-2	TOR006	798	798	2	p~]	p~	_	_	_	_	_	linguistic	_	none	Interrupted=Yes	End=1780.63	_	_	_	0-2(183)
799-0	TOI034	799	799	0	[quindi]	quindi	_	_	_	_	_	linguistic	_	none	_	Begin=1780.31	_	_	_	0-6(183)
799-1	TOI034	799	799	1	per	per	_	_	_	_	_	linguistic	_	none	PauseAfter=Yes	_	_	_	_	_
799-2	TOI034	799	799	2	(.)	(.)	_	_	_	_	_	shortpause	_	none	_	_	_	_	_	_
799-3	TOI034	799	799	3	gener[azioni]	generazioni	_	_	_	_	_	linguistic	_	none	_	_	_	_	_	5-11(184)
799-4	TOI034	799	799	4	eh	eh	_	_	_	_	_	linguistic	_	none	ProsodicLink=Yes	_	_	_	_	_
799-5	TOI034	799	799	5	juventus	juventus	_	_	_	_	_	linguistic	_	none	_	_	_	_	_	_
799-6	TOI034	799	799	6	ma	ma	_	_	_	_	_	linguistic	_	none	_	_	_	_	_	_
799-7	TOI034	799	799	7	solo	solo	_	_	_	_	_	linguistic	_	none	_	_	_	_	_	_
799-8	TOI034	799	799	8	per	per	_	_	_	_	_	linguistic	_	none	_	_	_	_	_	_
799-9	TOI034	799	799	9	il	il	_	_	_	_	_	linguistic	_	none	_	_	_	_	_	_
799-10	TOI034	799	799	10	nonno	nonno	_	_	_	_	_	linguistic	_	none	_	End=1784.022	_	_	_	_
800-0	TOR006	800	800	0	[mhmh]	mhmh	_	_	_	_	_	linguistic	_	none	_	Begin=1781.501|End=1782.01	_	_	_	0-4(184)
801-0	TOI034	801	801	0	però	però	_	_	_	_	_	linguistic	_	none	_	Begin=1784.49	_	_	_	_
801-1	TOI034	801	801	1	bon	bon	_	_	_	_	_	linguistic	_	none	_	End=1785.11	_	_	_	_
802-0	TOR006	802	802	0	((ride))	((ride))	_	_	_	_	_	nonverbalbehavior	_	none	_	Begin=1784.81	_	_	_	_
802-1	TOR006	802	802	1	per	per	_	_	_	_	_	linguistic	_	none	_	_	_	_	_	_
802-2	TOR006	802	802	2	il	il	_	_	_	_	_	linguistic	_	none	_	_	_	_	_	_
802-3	TOR006	802	802	3	no~	no~	_	_	_	_	_	linguistic	_	none	Interrupted=Yes	_	_	_	_	_
802-4	TOR006	802	802	4	((ride))	((ride))	_	_	_	_	_	nonverbalbehavior	_	none	_	End=1785.61	_	_	_	_
803-0	TOR006	803	803	0	c~	c~	_	_	_	_	_	linguistic	_	none	Interrupted=Yes|ProsodicLink=Yes	Begin=1786.01	_	_	_	_
803-1	TOR006	803	803	1	come	come	_	_	_	_	_	linguistic	_	none	_	_	_	_	_	_
803-2	TOR006	803	803	2	si	si	_	_	_	_	_	linguistic	_	none	_	_	_	_	_	_
803-3	TOR006	803	803	3	chiama	chiama	_	_	_	_	_	linguistic	_	none	_	_	_	_	_	_
803-4	TOR006	803	803	4	tuo	tuo	_	_	_	_	_	linguistic	_	none	_	_	_	_	_	_
803-5	TOR006	803	803	5	nonno?	nonno	_	_	_	_	_	linguistic	_	none	Intonation=Rising	End=1787.475	_	_	_	_
804-0	TOI034	804	804	0	emilio	emilio	_	_	_	_	_	linguistic	_	none	_	Begin=1788.01|End=1788.61	_	_	_	_
805-0	TOR006	805	805	0	bellissimo	bellissimo	_	_	_	_	_	linguistic	_	none	_	Begin=1788.91	_	_	_	_
805-1	TOR006	805	805	1	nom~	nom~	_	_	_	_	_	linguistic	_	none	Interrupted=Yes	End=1789.724	_	_	_	_
806-0	TOR006	806	806	0	quindi	quindi	_	_	_	_	_	linguistic	_	none	_	Begin=1790.21	_	_	_	_
806-1	TOR006	806	806	1	cosa	cosa	_	_	_	_	_	linguistic	_	none	_	_	_	_	_	_
806-2	TOR006	806	806	2	pensi	pensi	_	_	_	_	_	linguistic	_	none	_	_	_	_	_	_
806-3	TOR006	806	806	3	dell'	dell'	_	_	_	_	_	linguistic	_	none	SpaceAfter=No	_	_	_	_	_
806-4	TOR006	806	806	4	acquisizione	acquisizione	_	_	_	_	_	linguistic	_	none	_	_	_	_	_	_
806-5	TOR006	806	806	5	di	di	_	_	_	_	_	linguistic	_	none	_	_	_	_	_	_
806-6	TOR006	806	806	6	ronaldo	ronaldo	_	_	_	_	_	linguistic	_	none	_	_	_	_	_	_
806-7	TOR006	806	806	7	da	da	_	_	_	_	_	linguistic	_	none	_	_	_	_	_	_
806-8	TOR006	806	806	8	parte	parte	_	_	_	_	_	linguistic	_	none	_	_	_	_	_	_
806-9	TOR006	806	806	9	della	della	_	_	_	_	_	linguistic	_	none	_	_	_	_	_	_
806-10	TOR006	806	806	10	juve?	juve	_	_	_	_	_	linguistic	_	none	Intonation=Rising	End=1793.592	_	_	_	_
807-0	TOI034	807	807	0	che:	che	_	_	_	_	_	linguistic	_	none	_	Begin=1794.21	2x1	_	_	_
807-1	TOI034	807	807	1	è	è	_	_	_	_	_	linguistic	_	none	_	_	_	_	_	_
807-2	TOI034	807	807	2	una	una	_	_	_	_	_	linguistic	_	none	_	_	_	_	_	_
807-3	TOI034	807	807	3	cosa	cosa	_	_	_	_	_	linguistic	_	none	_	_	_	_	_	_
807-4	TOI034	807	807	4	senza	senza	_	_	_	_	_	linguistic	_	none	_	_	_	_	_	_
807-5	TOI034	807	807	5	senso	senso	_	_	_	_	_	linguistic	_	none	_	End=1796.207	_	_	_	_
808-0	TOR006	808	808	0	((ride))	((ride))	_	_	_	_	_	nonverbalbehavior	_	none	_	Begin=1795.71|End=1796.91	_	_	_	_
809-0	TOI034	809	809	0	è	è	_	_	_	_	_	linguistic	_	none	_	Begin=1796.695	_	_	_	_
809-1	TOI034	809	809	1	sem~	sem~	_	_	_	_	_	linguistic	_	none	Interrupted=Yes|PauseAfter=Yes	_	_	_	_	_
809-2	TOI034	809	809	2	(.)	(.)	_	_	_	_	_	shortpause	_	none	_	_	_	_	_	_
809-3	TOI034	809	809	3	è	è	_	_	_	_	_	linguistic	_	none	_	_	_	_	_	_
809-4	TOI034	809	809	4	proprio:	proprio	_	_	_	_	_	linguistic	_	none	_	End=1798.21	6x1	_	_	_
810-0	TOI034	810	810	0	solo	solo	_	_	_	_	_	linguistic	_	none	_	Begin=1798.41	_	_	_	_
810-1	TOI034	810	810	1	per	per	_	_	_	_	_	linguistic	_	none	_	_	_	_	_	_
810-2	TOI034	810	810	2	far	far	_	_	_	_	_	linguistic	_	none	_	_	_	_	_	_
810-3	TOI034	810	810	3	vedere	vedere	_	_	_	_	_	linguistic	_	none	_	_	_	_	_	_
810-4	TOI034	810	810	4	<quanto	quanto	_	_	_	_	_	linguistic	_	none	_	_	_	Slow=0-6(0)	_	_
810-5	TOI034	810	810	5	la	la	_	_	_	_	_	linguistic	_	none	_	_	_	Slow=0-2(0)	_	_
810-6	TOI034	810	810	6	juve	juve	_	_	_	_	_	linguistic	_	none	_	_	_	Slow=0-4(0)	_	_
810-7	TOI034	810	810	7	sia	sia	_	_	_	_	_	linguistic	_	none	_	_	_	Slow=0-3(0)	_	_
810-8	TOI034	810	810	8	forte:>	forte	_	_	_	_	_	linguistic	_	none	_	End=1801.105	4x1	Slow=0-5(0)	_	_
811-0	TOR006	811	811	0	mh[mh]	mhmh	_	_	_	_	_	linguistic	_	none	_	Begin=1801.41|End=1801.91	_	_	_	2-4(186)
812-0	TOI034	812	812	0	[in	in	_	_	_	_	_	linguistic	_	none	_	Begin=1801.61	_	_	_	0-2(186)
812-1	TOI034	812	812	1	f]atto	fatto	_	_	_	_	_	linguistic	_	none	_	_	_	_	_	0-1(186)
812-2	TOI034	812	812	2	di	di	_	_	_	_	_	linguistic	_	none	_	_	_	_	_	_
812-3	TOI034	812	812	3	soldi	soldi	_	_	_	_	_	linguistic	_	none	_	End=1802.819	_	_	_	_
813-0	TOI034	813	813	0	e	e	_	_	_	_	_	linguistic	_	none	_	Begin=1803.51	_	_	_	_
813-1	TOI034	813	813	1	possa	possa	_	_	_	_	_	linguistic	_	none	_	_	_	_	_	_
813-2	TOI034	813	813	2	avere	avere	_	_	_	_	_	linguistic	_	none	_	_	_	_	_	_
813-3	TOI034	813	813	3	ciò	ciò	_	_	_	_	_	linguistic	_	none	_	_	_	_	_	_
813-4	TOI034	813	813	4	che	che	_	_	_	_	_	linguistic	_	none	_	_	_	_	_	_
813-5	TOI034	813	813	5	vuole	vuole	_	_	_	_	_	linguistic	_	none	_	End=1805.205	_	_	_	_
814-0	TOR006	814	814	0	mhm[h]	mhmh	_	_	_	_	_	linguistic	_	none	_	Begin=1805.41|End=1805.802	_	_	_	3-4(187)
815-0	TOI034	815	815	0	[a]nche	anche	_	_	_	_	_	linguistic	_	none	_	Begin=1805.71	_	_	_	0-1(187)
815-1	TOI034	815	815	1	uno	uno	_	_	_	_	_	linguistic	_	none	_	_	_	_	_	_
815-2	TOI034	815	815	2	dei	dei	_	_	_	_	_	linguistic	_	none	_	_	_	_	_	_
815-3	TOI034	815	815	3	giocatori	giocatori	_	_	_	_	_	linguistic	_	none	_	_	_	_	_	_
815-4	TOI034	815	815	4	migliori	migliori	_	_	_	_	_	linguistic	_	none	_	End=1807.514	_	_	_	_
816-0	TOI034	816	816	0	che	che	_	_	_	_	_	linguistic	_	none	_	Begin=1807.61	_	_	_	_
816-1	TOI034	816	816	1	a	a	_	_	_	_	_	linguistic	_	none	_	_	_	_	_	_
816-2	TOI034	816	816	2	me	me	_	_	_	_	_	linguistic	_	none	_	_	_	_	_	_
816-3	TOI034	816	816	3	non	non	_	_	_	_	_	linguistic	_	none	_	_	_	_	_	_
816-4	TOI034	816	816	4	piace	piace	_	_	_	_	_	linguistic	_	none	_	_	_	_	_	_
816-5	TOI034	816	816	5	ma	ma	_	_	_	_	_	linguistic	_	none	_	_	_	_	_	_
816-6	TOI034	816	816	6	>uno	uno	_	_	_	_	_	linguistic	_	none	_	_	_	Fast=0-3(0)	_	_
816-7	TOI034	816	816	7	dei	dei	_	_	_	_	_	linguistic	_	none	_	_	_	Fast=0-3(0)	_	_
816-8	TOI034	816	816	8	giocatori	giocatori	_	_	_	_	_	linguistic	_	none	_	_	_	Fast=0-9(0)	_	_
816-9	TOI034	816	816	9	migliori	migliori	_	_	_	_	_	linguistic	_	none	_	_	_	Fast=0-8(0)	_	_
816-10	TOI034	816	816	10	che	che	_	_	_	_	_	linguistic	_	none	_	_	_	Fast=0-3(0)	_	_
816-11	TOI034	816	816	11	c'	c'	_	_	_	_	_	linguistic	_	none	SpaceAfter=No	_	_	Fast=0-2(0)	_	_
816-12	TOI034	816	816	12	è	è	_	_	_	_	_	linguistic	_	none	_	_	_	Fast=0-1(0)	_	_
816-13	TOI034	816	816	13	sul	sul	_	_	_	_	_	linguistic	_	none	_	_	_	Fast=0-3(0)	_	_
816-14	TOI034	816	816	14	mercato<	mercato	_	_	_	_	_	linguistic	_	none	_	End=1810.61	_	Fast=0-7(0)	_	_
817-0	TOR006	817	817	0	((ride))	((ride))	_	_	_	_	_	nonverbalbehavior	_	none	_	Begin=1808.993|End=1809.51	_	_	_	_
818-0	TOR006	818	818	0	oka:y	okay	_	_	_	_	_	linguistic	_	none	_	Begin=1811.21|End=1811.995	2x1	_	_	_
819-0	TOR006	819	819	0	[e:::	e	_	_	_	_	_	linguistic	_	none	_	Begin=1813.01	0x3	_	_	0-1(188)
819-1	TOR006	819	819	1	>°(vuo~)°<]	vuo~	_	_	_	_	_	linguistic	_	none	Interrupted=Yes|Volume=low	End=1815.61	_	Fast=0-4(0)	0-4(0)	0-4(188)
820-0	TOI034	820	820	0	>[non]	non	_	_	_	_	_	linguistic	_	none	_	Begin=1815.31	_	Fast=0-3(0)	_	0-3(188)
820-1	TOI034	820	820	1	è	è	_	_	_	_	_	linguistic	_	none	_	_	_	Fast=0-1(0)	_	_
820-2	TOI034	820	820	2	non	non	_	_	_	_	_	linguistic	_	none	_	_	_	Fast=0-3(0)	_	_
820-3	TOI034	820	820	3	ha<	ha	_	_	_	_	_	linguistic	_	none	_	_	_	Fast=0-2(0)	_	_
820-4	TOI034	820	820	4	(impossibile)	impossibile	_	_	_	_	_	linguistic	_	none	_	_	_	Slow=0-11(0)	0-11(0)	_
820-5	TOI034	820	820	5	che	che	_	_	_	_	_	linguistic	_	none	_	_	_	Slow=0-3(0)	_	_
820-6	TOI034	820	820	6	una	una	_	_	_	_	_	linguistic	_	none	_	_	_	Slow=0-3(0)	_	_
820-7	TOI034	820	820	7	squadra	squadra	_	_	_	_	_	linguistic	_	none	_	_	_	Slow=0-7(0)	_	_
820-8	TOI034	820	820	8	>cioè	cioè	_	_	_	_	_	linguistic	_	none	_	_	_	Fast=0-4(1)	_	_
820-9	TOI034	820	820	9	io	io	_	_	_	_	_	linguistic	_	none	_	_	_	Fast=0-2(1)	_	_
820-10	TOI034	820	820	10	posso	posso	_	_	_	_	_	linguistic	_	none	_	_	_	Fast=0-5(1)	_	_
820-11	TOI034	820	820	11	capire	capire	_	_	_	_	_	linguistic	_	none	_	_	_	Fast=0-6(1)	_	_
820-12	TOI034	820	820	12	che<	che	_	_	_	_	_	linguistic	_	none	_	End=1818.41	_	Fast=0-3(1)	_	_
821-0	TOI034	821	821	0	varino	varino	_	_	_	_	_	linguistic	_	none	_	Begin=1818.71	_	_	_	_
821-1	TOI034	821	821	1	dei:	dei	_	_	_	_	_	linguistic	_	none	PauseAfter=Yes	_	2x1	_	_	_
821-2	TOI034	821	821	2	(.)	(.)	_	_	_	_	_	shortpause	_	none	_	_	_	_	_	_
821-3	TOI034	821	821	3	giocatori	giocatori	_	_	_	_	_	linguistic	_	none	_	End=1820.416	_	_	_	_
822-0	TOR006	822	822	0	mhmh	mhmh	_	_	_	_	_	linguistic	_	none	_	Begin=1820.416|End=1820.91	_	_	_	_
823-0	TOI034	823	823	0	ma	ma	_	_	_	_	_	linguistic	_	none	_	Begin=1821.1	_	_	_	_
823-1	TOI034	823	823	1	non	non	_	_	_	_	_	linguistic	_	none	_	_	_	_	_	_
823-2	TOI034	823	823	2	si	si	_	_	_	_	_	linguistic	_	none	_	_	_	_	_	_
823-3	TOI034	823	823	3	può	può	_	_	_	_	_	linguistic	_	none	_	_	_	_	_	_
823-4	TOI034	823	823	4	costruirsi	costruirsi	_	_	_	_	_	linguistic	_	none	_	_	_	_	_	_
823-5	TOI034	823	823	5	la	la	_	_	_	_	_	linguistic	_	none	_	_	_	_	_	_
823-6	TOI034	823	823	6	squadra	squadra	_	_	_	_	_	linguistic	_	none	_	_	_	_	_	_
823-7	TOI034	823	823	7	ogni	ogni	_	_	_	_	_	linguistic	_	none	_	_	_	_	_	_
823-8	TOI034	823	823	8	anno	anno	_	_	_	_	_	linguistic	_	none	_	_	_	_	_	_
823-9	TOI034	823	823	9	come	come	_	_	_	_	_	linguistic	_	none	_	End=1823.42	_	_	_	_
824-0	TOI034	824	824	0	piace	piace	_	_	_	_	_	linguistic	_	none	_	Begin=1823.61	_	_	_	_
824-1	TOI034	824	824	1	in	in	_	_	_	_	_	linguistic	_	none	_	_	_	_	_	_
824-2	TOI034	824	824	2	base	base	_	_	_	_	_	linguistic	_	none	_	_	_	_	_	_
824-3	TOI034	824	824	3	ai	ai	_	_	_	_	_	linguistic	_	none	_	_	_	_	_	_
824-4	TOI034	824	824	4	soldi	soldi	_	_	_	_	_	linguistic	_	none	_	_	_	_	_	_
824-5	TOI034	824	824	5	che	che	_	_	_	_	_	linguistic	_	none	_	_	_	_	_	_
824-6	TOI034	824	824	6	hai	hai	_	_	_	_	_	linguistic	_	none	_	_	_	_	_	_
824-7	TOI034	824	824	7	in	in	_	_	_	_	_	linguistic	_	none	_	_	_	_	_	_
824-8	TOI034	824	824	8	tasca	tasca	_	_	_	_	_	linguistic	_	none	_	End=1825.501	_	_	_	_
825-0	TOR006	825	825	0	certo	certo	_	_	_	_	_	linguistic	_	none	_	Begin=1825.501|End=1826.06	_	_	_	_
826-0	TOI034	826	826	0	c(io)è	cioè	_	_	_	_	_	linguistic	_	none	Reduced=Yes	Begin=1826.11	_	_	_	_
826-1	TOI034	826	826	1	quella	quella	_	_	_	_	_	linguistic	_	none	_	_	_	_	_	_
826-2	TOI034	826	826	2	non	non	_	_	_	_	_	linguistic	_	none	_	_	_	_	_	_
826-3	TOI034	826	826	3	è	è	_	_	_	_	_	linguistic	_	none	_	_	_	_	_	_
826-4	TOI034	826	826	4	una	una	_	_	_	_	_	linguistic	_	none	_	_	_	_	_	_
826-5	TOI034	826	826	5	squadra	squadra	_	_	_	_	_	linguistic	_	none	_	End=1827.51	_	_	_	_
827-0	TOI034	827	827	0	quello	quello	_	_	_	_	_	linguistic	_	none	_	Begin=1827.81	_	_	_	_
827-1	TOI034	827	827	1	è	è	_	_	_	_	_	linguistic	_	none	_	_	_	_	_	_
827-2	TOI034	827	827	2	un	un	_	_	_	_	_	linguistic	_	none	_	_	_	_	_	_
827-3	TOI034	827	827	3	insieme	insieme	_	_	_	_	_	linguistic	_	none	_	_	_	_	_	_
827-4	TOI034	827	827	4	di	di	_	_	_	_	_	linguistic	_	none	_	_	_	_	_	_
827-5	TOI034	827	827	5	persone	persone	_	_	_	_	_	linguistic	_	none	_	_	_	_	_	_
827-6	TOI034	827	827	6	che	che	_	_	_	_	_	linguistic	_	none	_	_	_	_	_	_
827-7	TOI034	827	827	7	vengono	vengono	_	_	_	_	_	linguistic	_	none	_	_	_	_	_	_
827-8	TOI034	827	827	8	messe	messe	_	_	_	_	_	linguistic	_	none	_	_	_	_	_	_
827-9	TOI034	827	827	9	insieme	insieme	_	_	_	_	_	linguistic	_	none	_	End=1830.71	_	_	_	_
828-0	TOR006	828	828	0	mhmh	mhmh	_	_	_	_	_	linguistic	_	none	_	Begin=1830.81|End=1831.31	_	_	_	_
829-0	TOI034	829	829	0	pe:r	per	_	_	_	_	_	linguistic	_	none	PauseAfter=Yes	Begin=1831.31	1x1	_	_	_
829-1	TOI034	829	829	1	(.)	(.)	_	_	_	_	_	shortpause	_	none	_	_	_	_	_	_
829-2	TOI034	829	829	2	giocare	giocare	_	_	_	_	_	linguistic	_	none	_	_	_	_	_	_
829-3	TOI034	829	829	3	delle	delle	_	_	_	_	_	linguistic	_	none	_	_	_	_	_	_
829-4	TOI034	829	829	4	partite	partite	_	_	_	_	_	linguistic	_	none	_	End=1833.134	_	_	_	_
830-0	TOR006	830	830	0	e	e	_	_	_	_	_	linguistic	_	none	_	Begin=1833.2	_	_	_	_
830-1	TOR006	830	830	1	secondo	secondo	_	_	_	_	_	linguistic	_	none	_	_	_	_	_	_
830-2	TOR006	830	830	2	te	te	_	_	_	_	_	linguistic	_	none	_	_	_	_	_	_
830-3	TOR006	830	830	3	giocano	giocano	_	_	_	_	_	linguistic	_	none	_	_	_	_	_	_
830-4	TOR006	830	830	4	be~	be~	_	_	_	_	_	linguistic	_	none	Interrupted=Yes	_	_	_	_	_
830-5	TOR006	830	830	5	cioè	cioè	_	_	_	_	_	linguistic	_	none	_	_	_	_	_	_
830-6	TOR006	830	830	6	tu	tu	_	_	_	_	_	linguistic	_	none	_	_	_	_	_	_
830-7	TOR006	830	830	7	guardi	guardi	_	_	_	_	_	linguistic	_	none	_	_	_	_	_	_
830-8	TOR006	830	830	8	le	le	_	_	_	_	_	linguistic	_	none	_	_	_	_	_	_
830-9	TOR006	830	830	9	partite	partite	_	_	_	_	_	linguistic	_	none	_	_	_	_	_	_
830-10	TOR006	830	830	10	o	o	_	_	_	_	_	linguistic	_	none	_	_	_	_	_	_
830-11	TOR006	830	830	11	no?	no	_	_	_	_	_	linguistic	_	none	Intonation=Rising	End=1835.71	_	_	_	_
831-0	TOI034	831	831	0	san~	san~	_	_	_	_	_	linguistic	_	none	Interrupted=Yes	Begin=1835.71	_	_	_	_
831-1	TOI034	831	831	1	s:~	s~	_	_	_	_	_	linguistic	_	none	Interrupted=Yes	_	0x1	_	_	_
831-2	TOI034	831	831	2	saltuariamente	saltuariamente	_	_	_	_	_	linguistic	_	none	_	_	_	_	_	_
831-3	TOI034	831	831	3	sì	sì	_	_	_	_	_	linguistic	_	none	_	End=1837.619	_	_	_	_
832-0	TOR006	832	832	0	e	e	_	_	_	_	_	linguistic	_	none	PauseAfter=Yes	Begin=1837.71	_	_	_	_
832-1	TOR006	832	832	1	(.)	(.)	_	_	_	_	_	shortpause	_	none	_	_	_	_	_	_
832-2	TOR006	832	832	2	e	e	_	_	_	_	_	linguistic	_	none	_	_	_	_	_	_
832-3	TOR006	832	832	3	secondo	secondo	_	_	_	_	_	linguistic	_	none	_	_	_	_	_	_
832-4	TOR006	832	832	4	te	te	_	_	_	_	_	linguistic	_	none	PauseAfter=Yes	_	_	_	_	_
832-5	TOR006	832	832	5	(.)	(.)	_	_	_	_	_	shortpause	_	none	_	_	_	_	_	_
832-6	TOR006	832	832	6	c(io)è	cioè	_	_	_	_	_	linguistic	_	none	Reduced=Yes	_	_	_	_	_
832-7	TOR006	832	832	7	visto	visto	_	_	_	_	_	linguistic	_	none	_	_	_	_	_	_
832-8	TOR006	832	832	8	che	che	_	_	_	_	_	linguistic	_	none	_	_	_	_	_	_
832-9	TOR006	832	832	9	tu	tu	_	_	_	_	_	linguistic	_	none	_	_	_	_	_	_
832-10	TOR006	832	832	10	hai	hai	_	_	_	_	_	linguistic	_	none	_	_	_	_	_	_
832-11	TOR006	832	832	11	fatto	fatto	_	_	_	_	_	linguistic	_	none	_	_	_	_	_	_
832-12	TOR006	832	832	12	calcio	calcio	_	_	_	_	_	linguistic	_	none	_	_	_	_	_	_
832-13	TOR006	832	832	13	e	e	_	_	_	_	_	linguistic	_	none	_	_	_	_	_	_
832-14	TOR006	832	832	14	sai	sai	_	_	_	_	_	linguistic	_	none	_	_	_	_	_	_
832-15	TOR006	832	832	15	cosa	cosa	_	_	_	_	_	linguistic	_	none	_	_	_	_	_	_
832-16	TOR006	832	832	16	vuol	vuol	_	_	_	_	_	linguistic	_	none	_	_	_	_	_	_
832-17	TOR006	832	832	17	dire	dire	_	_	_	_	_	linguistic	_	none	_	_	_	_	_	_
832-18	TOR006	832	832	18	giocare	giocare	_	_	_	_	_	linguistic	_	none	_	_	_	_	_	_
832-19	TOR006	832	832	19	secondo	secondo	_	_	_	_	_	linguistic	_	none	_	_	_	_	_	_
832-20	TOR006	832	832	20	te	te	_	_	_	_	_	linguistic	_	none	_	_	_	_	_	_
832-21	TOR006	832	832	21	queste	queste	_	_	_	_	_	linguistic	_	none	_	_	_	_	_	_
832-22	TOR006	832	832	22	persone	persone	_	_	_	_	_	linguistic	_	none	_	_	_	_	_	_
832-23	TOR006	832	832	23	<mess:e	messe	_	_	_	_	_	linguistic	_	none	_	_	3x1	Slow=0-5(0)	_	_
832-24	TOR006	832	832	24	insieme>	insieme	_	_	_	_	_	linguistic	_	none	_	_	_	Slow=0-7(0)	_	_
832-25	TOR006	832	832	25	per	per	_	_	_	_	_	linguistic	_	none	_	_	_	_	_	_
832-26	TOR006	832	832	26	soldi	soldi	_	_	_	_	_	linguistic	_	none	_	_	_	_	_	_
832-27	TOR006	832	832	27	giocano	giocano	_	_	_	_	_	linguistic	_	none	_	_	_	_	_	_
832-28	TOR006	832	832	28	bene	bene	_	_	_	_	_	linguistic	_	none	_	_	_	_	_	_
832-29	TOR006	832	832	29	o	o	_	_	_	_	_	linguistic	_	none	_	_	_	_	_	_
832-30	TOR006	832	832	30	male?	male	_	_	_	_	_	linguistic	_	none	Intonation=Rising	End=1845.117	_	_	_	_
833-0	TOI034	833	833	0	allora	allora	_	_	_	_	_	linguistic	_	none	_	Begin=1845.6|End=1846.213	_	_	_	_
834-0	TOI034	834	834	0	io	io	_	_	_	_	_	linguistic	_	none	_	Begin=1846.71	_	_	_	_
834-1	TOI034	834	834	1	ho	ho	_	_	_	_	_	linguistic	_	none	_	_	_	_	_	_
834-2	TOI034	834	834	2	fatto	fatto	_	_	_	_	_	linguistic	_	none	_	_	_	_	_	_
834-3	TOI034	834	834	3	calcio	calcio	_	_	_	_	_	linguistic	_	none	_	_	_	_	_	_
834-4	TOI034	834	834	4	cinque	cinque	_	_	_	_	_	linguistic	_	none	_	_	_	_	_	_
834-5	TOI034	834	834	5	>ed	ed	_	_	_	_	_	linguistic	_	none	_	_	_	Fast=0-2(0)	_	_
834-6	TOI034	834	834	6	è	è	_	_	_	_	_	linguistic	_	none	_	_	_	Fast=0-1(0)	_	_
834-7	TOI034	834	834	7	già	già	_	_	_	_	_	linguistic	_	none	_	_	_	Fast=0-3(0)	_	_
834-8	TOI034	834	834	8	un	un	_	_	_	_	_	linguistic	_	none	_	_	_	Fast=0-2(0)	_	_
834-9	TOI034	834	834	9	contesto	contesto	_	_	_	_	_	linguistic	_	none	_	_	_	Fast=0-8(0)	_	_
834-10	TOI034	834	834	10	completamente	completamente	_	_	_	_	_	linguistic	_	none	_	_	_	Fast=0-13(0)	_	_
834-11	TOI034	834	834	11	diverso<	diverso	_	_	_	_	_	linguistic	_	none	_	_	_	Fast=0-7(0)	_	_
834-12	TOI034	834	834	12	dal	dal	_	_	_	_	_	linguistic	_	none	_	_	_	_	_	_
834-13	TOI034	834	834	13	calcio	calcio	_	_	_	_	_	linguistic	_	none	_	_	_	_	_	_
834-14	TOI034	834	834	14	undici	undici	_	_	_	_	_	linguistic	_	none	PauseAfter=Yes	_	_	_	_	_
834-15	TOI034	834	834	15	(.)	(.)	_	_	_	_	_	shortpause	_	none	_	_	_	_	_	_
834-16	TOI034	834	834	16	le	le	_	_	_	_	_	linguistic	_	none	_	_	_	_	_	_
834-17	TOI034	834	834	17	regole	regole	_	_	_	_	_	linguistic	_	none	_	_	_	_	_	_
834-18	TOI034	834	834	18	però	però	_	_	_	_	_	linguistic	_	none	_	_	_	_	_	_
834-19	TOI034	834	834	19	le	le	_	_	_	_	_	linguistic	_	none	_	_	_	_	_	_
834-20	TOI034	834	834	20	so	so	_	_	_	_	_	linguistic	_	none	_	_	_	_	_	_
834-21	TOI034	834	834	21	ugualmente	ugualmente	_	_	_	_	_	linguistic	_	none	_	End=1851.917	_	_	_	_
835-0	TOI034	835	835	0	e:	e	_	_	_	_	_	linguistic	_	none	_	Begin=1852.1|End=1852.621	0x1	_	_	_
836-0	TOI034	836	836	0	con	con	_	_	_	_	_	linguistic	_	none	_	Begin=1853.11	_	_	_	_
836-1	TOI034	836	836	1	que:llo	quello	_	_	_	_	_	linguistic	_	none	_	_	2x1	_	_	_
836-2	TOI034	836	836	2	co~	co~	_	_	_	_	_	linguistic	_	none	Interrupted=Yes	_	_	_	_	_
836-3	TOI034	836	836	3	per	per	_	_	_	_	_	linguistic	_	none	_	_	_	_	_	_
836-4	TOI034	836	836	4	come	come	_	_	_	_	_	linguistic	_	none	_	_	_	_	_	_
836-5	TOI034	836	836	5	vengono	vengono	_	_	_	_	_	linguistic	_	none	_	_	_	_	_	_
836-6	TOI034	836	836	6	seguiti	seguiti	_	_	_	_	_	linguistic	_	none	_	_	_	_	_	_
836-7	TOI034	836	836	7	col	col	_	_	_	_	_	linguistic	_	none	_	_	_	_	_	_
836-8	TOI034	836	836	8	fatto	fatto	_	_	_	_	_	linguistic	_	none	_	_	_	_	_	_
836-9	TOI034	836	836	9	che	che	_	_	_	_	_	linguistic	_	none	_	_	_	_	_	_
836-10	TOI034	836	836	10	lo	lo	_	_	_	_	_	linguistic	_	none	_	_	_	_	_	_
836-11	TOI034	836	836	11	fanno	fanno	_	_	_	_	_	linguistic	_	none	_	_	_	_	_	_
836-12	TOI034	836	836	12	tutti	tutti	_	_	_	_	_	linguistic	_	none	_	_	_	_	_	_
836-13	TOI034	836	836	13	i	i	_	_	_	_	_	linguistic	_	none	_	_	_	_	_	_
836-14	TOI034	836	836	14	giorni	giorni	_	_	_	_	_	linguistic	_	none	_	End=1856.917	_	_	_	_
837-0	TOI034	837	837	0	e	e	_	_	_	_	_	linguistic	_	none	_	Begin=1857.21	_	_	_	_
837-1	TOI034	837	837	1	sono	sono	_	_	_	_	_	linguistic	_	none	_	_	_	_	_	_
837-2	TOI034	837	837	2	loro	loro	_	_	_	_	_	linguistic	_	none	_	End=1858.232	_	_	_	_
838-0	TOI034	838	838	0	possono	possono	_	_	_	_	_	linguistic	_	none	_	Begin=1859.51	_	_	_	_
838-1	TOI034	838	838	1	anche	anche	_	_	_	_	_	linguistic	_	none	_	_	_	_	_	_
838-2	TOI034	838	838	2	giocare	giocare	_	_	_	_	_	linguistic	_	none	_	_	_	_	_	_
838-3	TOI034	838	838	3	bene	bene	_	_	_	_	_	linguistic	_	none	_	_	_	_	_	_
838-4	TOI034	838	838	4	certo	certo	_	_	_	_	_	linguistic	_	none	_	_	_	_	_	_
838-5	TOI034	838	838	5	è	è	_	_	_	_	_	linguistic	_	none	_	_	_	_	_	_
838-6	TOI034	838	838	6	che	che	_	_	_	_	_	linguistic	_	none	_	_	_	_	_	_
838-7	TOI034	838	838	7	su	su	_	_	_	_	_	linguistic	_	none	_	_	_	_	_	_
838-8	TOI034	838	838	8	influiscono	influiscono	_	_	_	_	_	linguistic	_	none	_	_	_	_	_	_
838-9	TOI034	838	838	9	anche	anche	_	_	_	_	_	linguistic	_	none	_	_	_	_	_	_
838-10	TOI034	838	838	10	su	su	_	_	_	_	_	linguistic	_	none	_	_	_	_	_	_
838-11	TOI034	838	838	11	di	di	_	_	_	_	_	linguistic	_	none	_	_	_	_	_	_
838-12	TOI034	838	838	12	loro	loro	_	_	_	_	_	linguistic	_	none	_	End=1863.31	_	_	_	_
839-0	TOI034	839	839	0	m::h	mh	_	_	_	_	_	linguistic	_	none	_	Begin=1863.81|End=1864.826	0x2	_	_	_
840-0	TOI034	840	840	0	avvenimenti:	avvenimenti	_	_	_	_	_	linguistic	_	none	_	Begin=1865.71	10x1	_	_	_
840-1	TOI034	840	840	1	e::	e	_	_	_	_	_	linguistic	_	none	_	End=1867.611	0x2	_	_	_
841-0	TOI034	841	841	0	sentimenti	sentimenti	_	_	_	_	_	linguistic	_	none	_	Begin=1867.71	_	_	_	_
841-1	TOI034	841	841	1	e[mozio]ni	emozioni	_	_	_	_	_	linguistic	_	none	_	_	_	_	_	1-6(189)
841-2	TOI034	841	841	2	che	che	_	_	_	_	_	linguistic	_	none	_	_	_	_	_	_
841-3	TOI034	841	841	3	influiscono	influiscono	_	_	_	_	_	linguistic	_	none	_	_	_	_	_	_
841-4	TOI034	841	841	4	su	su	_	_	_	_	_	linguistic	_	none	_	_	_	_	_	_
841-5	TOI034	841	841	5	qualunque	qualunque	_	_	_	_	_	linguistic	_	none	_	_	_	_	_	_
841-6	TOI034	841	841	6	altra	altra	_	_	_	_	_	linguistic	_	none	_	_	_	_	_	_
841-7	TOI034	841	841	7	squadra	squadra	_	_	_	_	_	linguistic	_	none	_	_	_	_	_	_
841-8	TOI034	841	841	8	anche	anche	_	_	_	_	_	linguistic	_	none	_	_	_	_	_	_
841-9	TOI034	841	841	9	minore	minore	_	_	_	_	_	linguistic	_	none	_	End=1871.6	_	_	_	_
842-0	TOR006	842	842	0	[cer~]	cer~	_	_	_	_	_	linguistic	_	none	Interrupted=Yes	Begin=1868.608|End=1869.01	_	_	_	0-4(189)
843-0	TOI034	843	843	0	quindi	quindi	_	_	_	_	_	linguistic	_	none	_	Begin=1872.01	_	_	_	_
843-1	TOI034	843	843	1	è	è	_	_	_	_	_	linguistic	_	none	_	_	_	_	_	_
843-2	TOI034	843	843	2	normale	normale	_	_	_	_	_	linguistic	_	none	_	_	_	_	_	_
843-3	TOI034	843	843	3	che	che	_	_	_	_	_	linguistic	_	none	_	_	_	_	_	_
843-4	TOI034	843	843	4	ci	ci	_	_	_	_	_	linguistic	_	none	_	_	_	_	_	_
843-5	TOI034	843	843	5	siano	siano	_	_	_	_	_	linguistic	_	none	_	_	_	_	_	_
843-6	TOI034	843	843	6	c[asi	casi	_	_	_	_	_	linguistic	_	none	_	_	_	_	_	1-4(190)
843-7	TOI034	843	843	7	in	in	_	_	_	_	_	linguistic	_	none	_	_	_	_	_	0-2(190)
843-8	TOI034	843	843	8	cu]i:	cui	_	_	_	_	_	linguistic	_	none	_	End=1874.216	2x1	_	_	0-2(190)
844-0	TOR006	844	844	0	[mhmh]	mhmh	_	_	_	_	_	linguistic	_	none	_	Begin=1873.411|End=1873.81	_	_	_	0-4(190)
845-0	TOI034	845	845	0	il	il	_	_	_	_	_	linguistic	_	none	_	Begin=1874.71	_	_	_	_
845-1	TOI034	845	845	1	giocatore:	giocatore	_	_	_	_	_	linguistic	_	none	_	_	8x1	_	_	_
845-2	TOI034	845	845	2	per	per	_	_	_	_	_	linguistic	_	none	_	_	_	_	_	_
845-3	TOI034	845	845	3	quanto	quanto	_	_	_	_	_	linguistic	_	none	_	_	_	_	_	_
845-4	TOI034	845	845	4	fortissimo	fortissimo	_	_	_	_	_	linguistic	_	none	_	_	_	_	_	_
845-5	TOI034	845	845	5	non	non	_	_	_	_	_	linguistic	_	none	_	_	_	_	_	_
845-6	TOI034	845	845	6	riesca	riesca	_	_	_	_	_	linguistic	_	none	_	_	_	_	_	_
845-7	TOI034	845	845	7	a	a	_	_	_	_	_	linguistic	_	none	_	_	_	_	_	_
845-8	TOI034	845	845	8	dare	dare	_	_	_	_	_	linguistic	_	none	_	_	_	_	_	_
845-9	TOI034	845	845	9	il	il	_	_	_	_	_	linguistic	_	none	_	_	_	_	_	_
845-10	TOI034	845	845	10	meglio	meglio	_	_	_	_	_	linguistic	_	none	_	_	_	_	_	_
845-11	TOI034	845	845	11	oppure:	oppure	_	_	_	_	_	linguistic	_	none	_	_	5x1	_	_	_
845-12	TOI034	845	845	12	appunto:	appunto	_	_	_	_	_	linguistic	_	none	_	End=1879.027	6x1	_	_	_
846-0	TOI034	846	846	0	non	non	_	_	_	_	_	linguistic	_	none	_	Begin=1880.01	_	_	_	_
846-1	TOI034	846	846	1	sia:	sia	_	_	_	_	_	linguistic	_	none	_	End=1881.013	2x1	_	_	_
847-0	TOI034	847	847	0	non	non	_	_	_	_	_	linguistic	_	none	_	Begin=1881.6	_	_	_	_
847-1	TOI034	847	847	1	ci	ci	_	_	_	_	_	linguistic	_	none	_	_	_	_	_	_
847-2	TOI034	847	847	2	sia	sia	_	_	_	_	_	linguistic	_	none	_	_	_	_	_	_
847-3	TOI034	847	847	3	(bene)	bene	_	_	_	_	_	linguistic	_	none	_	_	_	_	0-4(0)	_
847-4	TOI034	847	847	4	comunicazione	comunicazione	_	_	_	_	_	linguistic	_	none	_	_	_	_	_	_
847-5	TOI034	847	847	5	con	con	_	_	_	_	_	linguistic	_	none	_	_	_	_	_	_
847-6	TOI034	847	847	6	gli	gli	_	_	_	_	_	linguistic	_	none	_	_	_	_	_	_
847-7	TOI034	847	847	7	altri:	altri	_	_	_	_	_	linguistic	_	none	_	_	4x1	_	_	_
847-8	TOI034	847	847	8	della	della	_	_	_	_	_	linguistic	_	none	_	_	_	_	_	_
847-9	TOI034	847	847	9	squadra	squadra	_	_	_	_	_	linguistic	_	none	_	End=1884.71	_	_	_	_
848-0	TOR006	848	848	0	oka:y	okay	_	_	_	_	_	linguistic	_	none	_	Begin=1885.01|End=1885.81	2x1	_	_	_
849-0	TOR006	849	849	0	>ti	ti	_	_	_	_	_	linguistic	_	none	_	Begin=1886.41	_	Fast=0-2(0)	_	_
849-1	TOR006	849	849	1	volevo	volevo	_	_	_	_	_	linguistic	_	none	_	_	_	Fast=0-6(0)	_	_
849-2	TOR006	849	849	2	chiedere	chiedere	_	_	_	_	_	linguistic	_	none	_	_	_	Fast=0-8(0)	_	_
849-3	TOR006	849	849	3	un'	un'	_	_	_	_	_	linguistic	_	none	SpaceAfter=No	_	_	Fast=0-3(0)	_	_
849-4	TOR006	849	849	4	ultima	ultima	_	_	_	_	_	linguistic	_	none	_	_	_	Fast=0-6(0)	_	_
849-5	TOR006	849	849	5	cosa<,	cosa	_	_	_	_	_	linguistic	_	none	Intonation=WeaklyRising	End=1888.107	_	Fast=0-4(0)	_	_
850-0	TOR006	850	850	0	e::	e	_	_	_	_	_	linguistic	_	none	_	Begin=1890.01	0x2	_	_	_
850-1	TOR006	850	850	1	allora:	allora	_	_	_	_	_	linguistic	_	none	_	_	5x1	_	_	_
850-2	TOR006	850	850	2	ti	ti	_	_	_	_	_	linguistic	_	none	_	_	_	_	_	_
850-3	TOR006	850	850	3	piace	piace	_	_	_	_	_	linguistic	_	none	_	End=1892.51	_	_	_	_
851-0	TOR006	851	851	0	andare	andare	_	_	_	_	_	linguistic	_	none	_	Begin=1892.7	_	_	_	_
851-1	TOR006	851	851	1	al	al	_	_	_	_	_	linguistic	_	none	_	_	_	_	_	_
851-2	TOR006	851	851	2	cinema?	cinema	_	_	_	_	_	linguistic	_	none	Intonation=Rising	End=1893.837	_	_	_	_
852-0	TOI034	852	852	0	saltuariamente	saltuariamente	_	_	_	_	_	linguistic	_	none	PauseAfter=Yes	Begin=1894.61	_	_	_	_
852-1	TOI034	852	852	1	(.)	(.)	_	_	_	_	_	shortpause	_	none	_	_	_	_	_	_
852-2	TOI034	852	852	2	sì	sì	_	_	_	_	_	linguistic	_	none	_	End=1895.914	_	_	_	_
853-0	TOR006	853	853	0	quindi	quindi	_	_	_	_	_	linguistic	_	none	_	Begin=1895.914	_	_	_	_
853-1	TOR006	853	853	1	non	non	_	_	_	_	_	linguistic	_	none	_	_	_	_	_	_
853-2	TOR006	853	853	2	ci	ci	_	_	_	_	_	linguistic	_	none	_	_	_	_	_	_
853-3	TOR006	853	853	3	vai	vai	_	_	_	_	_	linguistic	_	none	_	_	_	_	_	_
853-4	TOR006	853	853	4	spesso	spesso	_	_	_	_	_	linguistic	_	none	_	End=1897.31	_	_	_	_
854-0	TOI034	854	854	0	no	no	_	_	_	_	_	linguistic	_	none	_	Begin=1897.31	_	_	_	_
854-1	TOI034	854	854	1	no	no	_	_	_	_	_	linguistic	_	none	_	End=1897.81	_	_	_	_
855-0	TOR006	855	855	0	e:	e	_	_	_	_	_	linguistic	_	none	_	Begin=1898.31	0x1	_	_	_
855-1	TOR006	855	855	1	però	però	_	_	_	_	_	linguistic	_	none	_	_	_	_	_	_
855-2	TOR006	855	855	2	tipo	tipo	_	_	_	_	_	linguistic	_	none	_	_	_	_	_	_
855-3	TOR006	855	855	3	alla	alla	_	_	_	_	_	linguistic	_	none	_	_	_	_	_	_
855-4	TOR006	855	855	4	tivù	tivù	_	_	_	_	_	linguistic	_	none	_	_	_	_	_	_
855-5	TOR006	855	855	5	che	che	_	_	_	_	_	linguistic	_	none	_	_	_	_	_	_
855-6	TOR006	855	855	6	ne	ne	_	_	_	_	_	linguistic	_	none	_	_	_	_	_	_
855-7	TOR006	855	855	7	so	so	_	_	_	_	_	linguistic	_	none	_	_	_	_	_	_
855-8	TOR006	855	855	8	che	che	_	_	_	_	_	linguistic	_	none	_	_	_	_	_	_
855-9	TOR006	855	855	9	film	film	_	_	_	_	_	linguistic	_	none	PauseAfter=Yes	_	_	_	_	_
855-10	TOR006	855	855	10	(.)	(.)	_	_	_	_	_	shortpause	_	none	_	_	_	_	_	_
855-11	TOR006	855	855	11	ti	ti	_	_	_	_	_	linguistic	_	none	_	_	_	_	_	_
855-12	TOR006	855	855	12	piacciono	piacciono	_	_	_	_	_	linguistic	_	none	_	_	_	_	_	_
855-13	TOR006	855	855	13	come	come	_	_	_	_	_	linguistic	_	none	_	_	_	_	_	_
855-14	TOR006	855	855	14	generi	generi	_	_	_	_	_	linguistic	_	none	_	_	_	_	_	_
855-15	TOR006	855	855	15	che	che	_	_	_	_	_	linguistic	_	none	_	End=1903.127	_	_	_	_
856-0	TOR006	856	856	0	ha~	ha~	_	_	_	_	_	linguistic	_	none	Interrupted=Yes|ProsodicLink=Yes	Begin=1903.31	_	_	_	_
856-1	TOR006	856	856	1	ci	ci	_	_	_	_	_	linguistic	_	none	_	_	_	_	_	_
856-2	TOR006	856	856	2	sono	sono	_	_	_	_	_	linguistic	_	none	_	_	_	_	_	_
856-3	TOR006	856	856	3	dei	dei	_	_	_	_	_	linguistic	_	none	_	_	_	_	_	_
856-4	TOR006	856	856	4	programmi	programmi	_	_	_	_	_	linguistic	_	none	_	_	_	_	_	_
856-5	TOR006	856	856	5	che	che	_	_	_	_	_	linguistic	_	none	_	_	_	_	_	_
856-6	TOR006	856	856	6	ti	ti	_	_	_	_	_	linguistic	_	none	_	_	_	_	_	_
856-7	TOR006	856	856	7	pia:cciono:	piacciono	_	_	_	_	_	linguistic	_	none	_	End=1905.91	2x1,8x1	_	_	_
857-0	TOI034	857	857	0	premesso	premesso	_	_	_	_	_	linguistic	_	none	_	Begin=1906.21	_	_	_	_
857-1	TOI034	857	857	1	che	che	_	_	_	_	_	linguistic	_	none	_	_	_	_	_	_
857-2	TOI034	857	857	2	non	non	_	_	_	_	_	linguistic	_	none	_	_	_	_	_	_
857-3	TOI034	857	857	3	guardo:	guardo	_	_	_	_	_	linguistic	_	none	_	_	5x1	_	_	_
857-4	TOI034	857	857	4	>cioè	cioè	_	_	_	_	_	linguistic	_	none	_	_	_	Fast=0-4(0)	_	_
857-5	TOI034	857	857	5	guardo	guardo	_	_	_	_	_	linguistic	_	none	_	_	_	Fast=0-6(0)	_	_
857-6	TOI034	857	857	6	raramente	raramente	_	_	_	_	_	linguistic	_	none	_	_	_	Fast=0-9(0)	_	_
857-7	TOI034	857	857	7	la	la	_	_	_	_	_	linguistic	_	none	_	_	_	Fast=0-2(0)	_	_
857-8	TOI034	857	857	8	tivù<	tivù	_	_	_	_	_	linguistic	_	none	_	End=1909.117	_	Fast=0-4(0)	_	_
858-0	TOR006	858	858	0	guardi	guardi	_	_	_	_	_	linguistic	_	none	_	Begin=1909.31	_	_	_	_
858-1	TOR006	858	858	1	su	su	_	_	_	_	_	linguistic	_	none	_	_	_	_	_	_
858-2	TOR006	858	858	2	internet?	internet	_	_	_	_	_	linguistic	_	none	Intonation=Rising	End=1911.012	_	_	_	_
859-0	TOI034	859	859	0	neanche	neanche	_	_	_	_	_	linguistic	_	none	_	Begin=1911.21|End=1911.803	_	_	_	_
860-0	TOR006	860	860	0	no	no	_	_	_	_	_	linguistic	_	none	PauseAfter=Yes	Begin=1912.01	_	_	_	_
860-1	TOR006	860	860	1	(.)	(.)	_	_	_	_	_	shortpause	_	none	_	_	_	_	_	_
860-2	TOR006	860	860	2	quindi	quindi	_	_	_	_	_	linguistic	_	none	_	_	_	_	_	_
860-3	TOR006	860	860	3	non	non	_	_	_	_	_	linguistic	_	none	_	_	_	_	_	_
860-4	TOR006	860	860	4	guard[i:]	guardi	_	_	_	_	_	linguistic	_	none	_	End=1913.61	5x1	_	_	5-6(191)
861-0	TOI034	861	861	0	[n]on	non	_	_	_	_	_	linguistic	_	none	_	Begin=1913.51	_	_	_	0-1(191)
861-1	TOI034	861	861	1	ho:	ho	_	_	_	_	_	linguistic	_	none	_	_	1x1	_	_	_
861-2	TOI034	861	861	2	preferisco	preferisco	_	_	_	_	_	linguistic	_	none	_	_	_	_	_	_
861-3	TOI034	861	861	3	spendere:	spendere	_	_	_	_	_	linguistic	_	none	_	End=1915.41	7x1	_	_	_
862-0	TOI034	862	862	0	diversamente	diversamente	_	_	_	_	_	linguistic	_	none	_	Begin=1915.61	_	_	_	_
862-1	TOI034	862	862	1	il	il	_	_	_	_	_	linguistic	_	none	_	_	_	_	_	_
862-2	TOI034	862	862	2	mio	mio	_	_	_	_	_	linguistic	_	none	_	_	_	_	_	_
862-3	TOI034	862	862	3	tempo	tempo	_	_	_	_	_	linguistic	_	none	_	End=1917.004	_	_	_	_
863-0	TOI034	863	863	0	c(io)[è	cioè	_	_	_	_	_	linguistic	_	none	PauseAfter=Yes	Begin=1917.21	_	_	1-3(0)	3-4(192)
863-1	TOI034	863	863	1	(.)	(.)	_	_	_	_	_	shortpause	_	none	_	_	_	_	_	_
863-2	TOI034	863	863	2	ora:]	ora	_	_	_	_	_	linguistic	_	none	_	End=1918.103	2x1	_	_	0-3(192)
864-0	TOR006	864	864	0	[come	come	_	_	_	_	_	linguistic	_	none	_	Begin=1917.41	_	_	_	0-4(192)
864-1	TOR006	864	864	1	lo	lo	_	_	_	_	_	linguistic	_	none	_	_	_	_	_	0-2(192)
864-2	TOR006	864	864	2	spe]:ndi?	spendi	_	_	_	_	_	linguistic	_	none	Intonation=Rising	End=1918.61	2x1	_	_	0-3(192)
865-0	TOI034	865	865	0	uscendo	uscendo	_	_	_	_	_	linguistic	_	none	_	Begin=1918.71	_	_	_	_
865-1	TOI034	865	865	1	con	con	_	_	_	_	_	linguistic	_	none	_	_	_	_	_	_
865-2	TOI034	865	865	2	le	le	_	_	_	_	_	linguistic	_	none	_	_	_	_	_	_
865-3	TOI034	865	865	3	persone	persone	_	_	_	_	_	linguistic	_	none	_	_	_	_	_	_
865-4	TOI034	865	865	4	parlando::	parlando	_	_	_	_	_	linguistic	_	none	_	End=1921.21	7x2	_	_	_
866-0	TOI034	866	866	0	cenando:	cenando	_	_	_	_	_	linguistic	_	none	_	Begin=1921.71|End=1922.701	6x1	_	_	_
867-0	TOR006	867	867	0	mhmh	mhmh	_	_	_	_	_	linguistic	_	none	_	Begin=1922.81|End=1923.3	_	_	_	_
868-0	TOI034	868	868	0	piuttosot	piuttosot	_	_	_	_	_	linguistic	_	none	_	Begin=1923.51	_	_	_	_
868-1	TOI034	868	868	1	che:	che	_	_	_	_	_	linguistic	_	none	_	End=1924.61	2x1	_	_	_
869-0	TOI034	869	869	0	guardare	guardare	_	_	_	_	_	linguistic	_	none	_	Begin=1924.71	_	_	_	_
869-1	TOI034	869	869	1	un	un	_	_	_	_	_	linguistic	_	none	_	_	_	_	_	_
869-2	TOI034	869	869	2	video	video	_	_	_	_	_	linguistic	_	none	_	_	_	_	_	_
869-3	TOI034	869	869	3	di	di	_	_	_	_	_	linguistic	_	none	_	_	_	_	_	_
869-4	TOI034	869	869	4	qualcun	qualcun	_	_	_	_	_	linguistic	_	none	_	_	_	_	_	_
869-5	TOI034	869	869	5	altro	altro	_	_	_	_	_	linguistic	_	none	_	End=1926.21	_	_	_	_
870-0	TOR006	870	870	0	okay	okay	_	_	_	_	_	linguistic	_	none	_	Begin=1927.31	_	_	_	_
870-1	TOR006	870	870	1	va	va	_	_	_	_	_	linguistic	_	none	_	_	_	_	_	_
870-2	TOR006	870	870	2	bene	bene	_	_	_	_	_	linguistic	_	none	_	_	_	_	_	_
870-3	TOR006	870	870	3	grazie	grazie	_	_	_	_	_	linguistic	_	none	_	_	_	_	_	_
870-4	TOR006	870	870	4	mille	mille	_	_	_	_	_	linguistic	_	none	_	End=1929.01	_	_	_	_
871-0	TOI034	871	871	0	grazie	grazie	_	_	_	_	_	linguistic	_	none	_	Begin=1929.41	_	_	_	_
871-1	TOI034	871	871	1	a	a	_	_	_	_	_	linguistic	_	none	_	_	_	_	_	_
871-2	TOI034	871	871	2	lei	lei	_	_	_	_	_	linguistic	_	none	_	End=1930.11	_	_	_	_
