token_id	speaker	tu_id	unit	id	span	form	lemma	upos	xpos	feats	deprel	type	meta_label	variation	jefferson_feats	align	prolongations	pace	guesses	overlaps
0-0	TOR004	0	0	0	va	va	_	_	_	_	_	linguistic	_	none	_	Begin=0.64	_	_	_	_
0-1	TOR004	0	0	1	bene	bene	_	_	_	_	_	linguistic	_	none	PauseAfter=Yes	_	_	_	_	_
0-2	TOR004	0	0	2	(.)	(.)	_	_	_	_	_	shortpause	_	none	_	_	_	_	_	_
0-3	TOR004	0	0	3	sta	sta	_	_	_	_	_	linguistic	_	none	_	_	_	_	_	_
0-4	TOR004	0	0	4	registrando.	registrando	_	_	_	_	_	linguistic	_	none	Intonation=Falling	End=2.003	_	_	_	_
1-0	TOR004	1	1	0	allora	allora	_	_	_	_	_	linguistic	_	none	_	Begin=2.379|End=2.836	_	_	_	_
2-0	TOR004	2	2	0	grazie,	grazie	_	_	_	_	_	linguistic	_	none	Intonation=WeaklyRising	Begin=3.892|End=4.581	_	_	_	_
3-0	TOR004	3	3	0	per	per	_	_	_	_	_	linguistic	_	none	ProsodicLink=Yes	Begin=5.262	_	_	_	_
3-1	TOR004	3	3	1	e:h	eh	_	_	_	_	_	linguistic	_	none	_	_	0x1	_	_	_
3-2	TOR004	3	3	2	aver	aver	_	_	_	_	_	linguistic	_	none	_	_	_	_	_	_
3-3	TOR004	3	3	3	deciso	deciso	_	_	_	_	_	linguistic	_	none	_	_	_	_	_	_
3-4	TOR004	3	3	4	di	di	_	_	_	_	_	linguistic	_	none	_	_	_	_	_	_
3-5	TOR004	3	3	5	farti	farti	_	_	_	_	_	linguistic	_	none	_	_	_	_	_	_
3-6	TOR004	3	3	6	intervistare,	intervistare	_	_	_	_	_	linguistic	_	none	Intonation=WeaklyRising	End=7.621	_	_	_	_
4-0	TOR004	4	4	0	ti	ti	_	_	_	_	_	linguistic	_	none	_	Begin=7.982	_	_	_	_
4-1	TOR004	4	4	1	faccio	faccio	_	_	_	_	_	linguistic	_	none	_	_	_	_	_	_
4-2	TOR004	4	4	2	qualche	qualche	_	_	_	_	_	linguistic	_	none	_	_	_	_	_	_
4-3	TOR004	4	4	3	domanda:	domanda	_	_	_	_	_	linguistic	_	none	_	_	6x1	_	_	_
4-4	TOR004	4	4	4	su	su	_	_	_	_	_	linguistic	_	none	_	_	_	_	_	_
4-5	TOR004	4	4	5	di	di	_	_	_	_	_	linguistic	_	none	_	_	_	_	_	_
4-6	TOR004	4	4	6	te,	te	_	_	_	_	_	linguistic	_	none	Intonation=WeaklyRising	End=9.672	_	_	_	_
5-0	TOI020	5	5	0	sì,	sì	_	_	_	_	_	linguistic	_	none	Intonation=WeaklyRising	Begin=9.893	_	_	_	_
5-1	TOI020	5	5	1	come	come	_	_	_	_	_	linguistic	_	none	_	_	_	_	_	_
5-2	TOI020	5	5	2	vuoi.	vuoi	_	_	_	_	_	linguistic	_	none	Intonation=Falling	End=10.66	_	_	_	_
6-0	TOR004	6	6	0	come	come	_	_	_	_	_	linguistic	_	none	_	Begin=10.75	_	_	_	_
6-1	TOR004	6	6	1	ti	ti	_	_	_	_	_	linguistic	_	none	_	_	_	_	_	_
6-2	TOR004	6	6	2	chiami?	chiami	_	_	_	_	_	linguistic	_	none	Intonation=Rising	End=11.515	_	_	_	_
7-0	TOI020	7	7	0	margherita:	margherita	_	_	_	_	_	linguistic	_	none	_	Begin=11.809	9x1	_	_	_
7-1	TOI020	7	7	1	arancioni,	arancioni	_	_	_	_	_	linguistic	_	none	Intonation=WeaklyRising	End=13.443	_	_	_	_
8-0	TOR004	8	8	0	dove	dove	_	_	_	_	_	linguistic	_	none	_	Begin=13.468	_	_	_	_
8-1	TOR004	8	8	1	sei	sei	_	_	_	_	_	linguistic	_	none	_	_	_	_	_	_
8-2	TOR004	8	8	2	nata?	nata	_	_	_	_	_	linguistic	_	none	Intonation=Rising	End=14.24	_	_	_	_
9-0	TOI020	9	9	0	ad	ad	_	_	_	_	_	linguistic	_	none	_	Begin=14.373	_	_	_	_
9-1	TOI020	9	9	1	avigiano	avigiano	_	_	_	_	_	linguistic	_	none	_	_	_	_	_	_
9-2	TOI020	9	9	2	il	il	_	_	_	_	_	linguistic	_	none	_	_	_	_	_	_
9-3	TOI020	9	9	3	tredici	tredici	_	_	_	_	_	linguistic	_	none	_	_	_	_	_	_
9-4	TOI020	9	9	4	quattro	quattro	_	_	_	_	_	linguistic	_	none	_	_	_	_	_	_
9-5	TOI020	9	9	5	cinquantanove,	cinquantanove	_	_	_	_	_	linguistic	_	none	Intonation=WeaklyRising	End=17.383	_	_	_	_
10-0	TOR004	10	10	0	okay,	okay	_	_	_	_	_	linguistic	_	none	Intonation=WeaklyRising	Begin=17.604|End=18.263	_	_	_	_
11-0	TOR004	11	11	0	avigliano	avigliano	_	_	_	_	_	linguistic	_	none	_	Begin=18.47	_	_	_	_
11-1	TOR004	11	11	1	in	in	_	_	_	_	_	linguistic	_	none	_	_	_	_	_	_
11-2	TOR004	11	11	2	provincia	provincia	_	_	_	_	_	linguistic	_	none	_	_	_	_	_	_
11-3	TOR004	11	11	3	di,	di	_	_	_	_	_	linguistic	_	none	Intonation=WeaklyRising	End=19.51	_	_	_	_
12-0	TOI020	12	12	0	potenza.	potenza	_	_	_	_	_	linguistic	_	none	Intonation=Falling	Begin=19.753|End=20.418	_	_	_	_
13-0	TOR004	13	13	0	potenza	potenza	_	_	_	_	_	linguistic	_	none	_	Begin=20.65	_	_	_	_
13-1	TOR004	13	13	1	quindi	quindi	_	_	_	_	_	linguistic	_	none	_	_	_	_	_	_
13-2	TOR004	13	13	2	in	in	_	_	_	_	_	linguistic	_	none	_	_	_	_	_	_
13-3	TOR004	13	13	3	basilicata.	basilicata	_	_	_	_	_	linguistic	_	none	Intonation=Falling|PauseAfter=Yes	_	_	_	_	_
13-4	TOR004	13	13	4	(.)	(.)	_	_	_	_	_	shortpause	_	none	_	_	_	_	_	_
13-5	TOR004	13	13	5	mh	mh	_	_	_	_	_	linguistic	_	none	_	_	_	_	_	_
13-6	TOR004	13	13	6	[mh,	mh	_	_	_	_	_	linguistic	_	none	Intonation=WeaklyRising	_	_	_	_	0-2(2)
13-7	TOR004	13	13	7	e]:	e	_	_	_	_	_	linguistic	_	none	_	_	0x1	_	_	0-1(2)
13-8	TOR004	13	13	8	sei	sei	_	_	_	_	_	linguistic	_	none	_	_	_	_	_	_
13-9	TOR004	13	13	9	venuta	venuta	_	_	_	_	_	linguistic	_	none	_	_	_	_	_	_
13-10	TOR004	13	13	10	qui	qui	_	_	_	_	_	linguistic	_	none	_	_	_	_	_	_
13-11	TOR004	13	13	11	a	a	_	_	_	_	_	linguistic	_	none	_	_	_	_	_	_
13-12	TOR004	13	13	12	torino,	torino	_	_	_	_	_	linguistic	_	none	Intonation=WeaklyRising	End=25.113	_	_	_	_
14-0	TOI020	14	14	0	[esat~]	esat~	_	_	_	_	_	linguistic	_	none	Interrupted=Yes	Begin=22.553|End=22.972	_	_	_	0-5(2)
15-0	TOI020	15	15	0	[ne]l	nel	_	_	_	_	_	linguistic	_	none	ProsodicLink=Yes	Begin=25.31	_	_	_	0-2(3)
15-1	TOI020	15	15	1	eh	eh	_	_	_	_	_	linguistic	_	none	_	_	_	_	_	_
15-2	TOI020	15	15	2	millenovecento	millenovecento	_	_	_	_	_	linguistic	_	none	_	_	_	_	_	_
15-3	TOI020	15	15	3	settantotto	settantotto	_	_	_	_	_	linguistic	_	none	_	_	_	_	_	_
15-4	TOI020	15	15	4	sono	sono	_	_	_	_	_	linguistic	_	none	_	_	_	_	_	_
15-5	TOI020	15	15	5	quaranta	quaranta	_	_	_	_	_	linguistic	_	none	_	_	_	_	_	_
15-6	TOI020	15	15	6	anni,	anni	_	_	_	_	_	linguistic	_	none	Intonation=WeaklyRising	End=30.91	_	_	_	_
16-0	TOR004	16	16	0	[n	n	_	_	_	_	_	linguistic	_	none	ProsodicLink=Yes	Begin=25.31	_	_	_	0-1(3)
16-1	TOR004	16	16	1	eh]	eh	_	_	_	_	_	linguistic	_	none	_	End=25.453	_	_	_	0-2(3)
17-0	TOR004	17	17	0	quindi	quindi	_	_	_	_	_	linguistic	_	none	_	Begin=31.318	_	_	_	_
17-1	TOR004	17	17	1	eri	eri	_	_	_	_	_	linguistic	_	none	_	_	_	_	_	_
17-2	TOR004	17	17	2	giovanissima,	giovanissima	_	_	_	_	_	linguistic	_	none	Intonation=WeaklyRising	End=32.366	_	_	_	_
18-0	TOI020	18	18	0	eh	eh	_	_	_	_	_	linguistic	_	none	_	Begin=32.688	_	_	_	_
18-1	TOI020	18	18	1	abbastanza	abbastanza	_	_	_	_	_	linguistic	_	none	_	_	_	_	_	_
18-2	TOI020	18	18	2	((ride))	((ride))	_	_	_	_	_	nonverbalbehavior	_	none	_	End=35.908	_	_	_	_
19-0	TOR004	19	19	0	caspita	caspita	_	_	_	_	_	linguistic	_	none	_	Begin=34.82|End=35.583	_	_	_	_
20-0	TOR004	20	20	0	e	e	_	_	_	_	_	linguistic	_	none	PauseAfter=Yes	Begin=35.908	_	_	_	_
20-1	TOR004	20	20	1	(.)	(.)	_	_	_	_	_	shortpause	_	none	_	_	_	_	_	_
20-2	TOR004	20	20	2	i	i	_	_	_	_	_	linguistic	_	none	_	_	_	_	_	_
20-3	TOR004	20	20	3	tuoi	tuoi	_	_	_	_	_	linguistic	_	none	_	_	_	_	_	_
20-4	TOR004	20	20	4	genitori,	genitori	_	_	_	_	_	linguistic	_	none	Intonation=WeaklyRising	_	_	_	_	_
20-5	TOR004	20	20	5	era	era	_	_	_	_	_	linguistic	_	none	_	_	_	_	_	_
20-6	TOR004	20	20	6	originari	originari	_	_	_	_	_	linguistic	_	none	_	_	_	_	_	_
20-7	TOR004	20	20	7	di:	di	_	_	_	_	_	linguistic	_	none	_	End=38.438	1x1	_	_	_
21-0	TOI020	21	21	0	son[o::	sono	_	_	_	_	_	linguistic	_	none	_	Begin=38.698	3x2	_	_	3-4(6)
21-1	TOI020	21	21	1	della]	della	_	_	_	_	_	linguistic	_	none	_	_	_	_	_	0-5(6)
21-2	TOI020	21	21	2	s~	s~	_	_	_	_	_	linguistic	_	none	Interrupted=Yes	_	_	_	_	_
21-3	TOI020	21	21	3	ci(o)è	cioè	_	_	_	_	_	linguistic	_	none	Reduced=Yes	_	_	_	_	_
21-4	TOI020	21	21	4	sì	sì	_	_	_	_	_	linguistic	_	none	_	_	_	_	_	_
21-5	TOI020	21	21	5	erano	erano	_	_	_	_	_	linguistic	_	none	_	_	_	_	_	_
21-6	TOI020	21	21	6	sc[usa,	scusa	_	_	_	_	_	linguistic	_	none	Intonation=WeaklyRising	_	_	_	_	2-5(7)
21-7	TOI020	21	21	7	della]:	della	_	_	_	_	_	linguistic	_	none	_	_	4x1	_	_	0-5(7)
21-8	TOI020	21	21	8	basilicata	basilicata	_	_	_	_	_	linguistic	_	none	_	_	_	_	_	_
21-9	TOI020	21	21	9	e::	e	_	_	_	_	_	linguistic	_	none	_	_	0x2	_	_	_
21-10	TOI020	21	21	10	io	io	_	_	_	_	_	linguistic	_	none	_	_	_	_	_	_
21-11	TOI020	21	21	11	sono	sono	_	_	_	_	_	linguistic	_	none	_	_	_	_	_	_
21-12	TOI020	21	21	12	nata:	nata	_	_	_	_	_	linguistic	_	none	_	_	3x1	_	_	_
21-13	TOI020	21	21	13	e	e	_	_	_	_	_	linguistic	_	none	_	_	_	_	_	_
21-14	TOI020	21	21	14	cresciuta	cresciuta	_	_	_	_	_	linguistic	_	none	_	_	_	_	_	_
21-15	TOI020	21	21	15	lì.	lì	_	_	_	_	_	linguistic	_	none	Intonation=Falling	_	_	_	_	_
21-16	TOI020	21	21	16	fino	fino	_	_	_	_	_	linguistic	_	none	_	_	_	_	_	_
21-17	TOI020	21	21	17	all'	all'	_	_	_	_	_	linguistic	_	none	SpaceAfter=No	_	_	_	_	_
21-18	TOI020	21	21	18	età	età	_	_	_	_	_	linguistic	_	none	_	_	_	_	_	_
21-19	TOI020	21	21	19	di:	di	_	_	_	_	_	linguistic	_	none	_	End=47.492	1x1	_	_	_
22-0	TOR004	22	22	0	[o	o	_	_	_	_	_	linguistic	_	none	_	Begin=39.811	_	_	_	0-1(6)
22-1	TOR004	22	22	1	sono]	sono	_	_	_	_	_	linguistic	_	none	_	End=40.452	_	_	_	0-4(6)
23-0	TOR004	23	23	0	[no~	no~	_	_	_	_	_	linguistic	_	none	Interrupted=Yes	Begin=41.842	_	_	_	0-3(7)
23-1	TOR004	23	23	1	eh]	eh	_	_	_	_	_	linguistic	_	none	_	End=42.328	_	_	_	0-2(7)
24-0	TOI020	24	24	0	diciotto	diciotto	_	_	_	_	_	linguistic	_	none	_	Begin=48.117	_	_	_	_
24-1	TOI020	24	24	1	anni,	anni	_	_	_	_	_	linguistic	_	none	Intonation=WeaklyRising	End=49.153	_	_	_	_
25-0	TOR004	25	25	0	quindi	quindi	_	_	_	_	_	linguistic	_	none	_	Begin=49.536	_	_	_	_
25-1	TOR004	25	25	1	parli:	parli	_	_	_	_	_	linguistic	_	none	_	_	4x1	_	_	_
25-2	TOR004	25	25	2	un	un	_	_	_	_	_	linguistic	_	none	_	_	_	_	_	_
25-3	TOR004	25	25	3	po'	po'	_	_	_	_	_	linguistic	_	none	_	_	_	_	_	_
25-4	TOR004	25	25	4	il	il	_	_	_	_	_	linguistic	_	none	_	_	_	_	_	_
25-5	TOR004	25	25	5	dialetto::	dialetto	_	_	_	_	_	linguistic	_	none	_	_	7x2	_	_	_
25-6	TOR004	25	25	6	[molto].	molto	_	_	_	_	_	linguistic	_	none	Intonation=Falling	End=52.375	_	_	_	0-5(9)
26-0	TOI020	26	26	0	[lo	lo	_	_	_	_	_	linguistic	_	none	_	Begin=51.862	_	_	_	0-2(9)
26-1	TOI020	26	26	1	parlo]	parlo	_	_	_	_	_	linguistic	_	none	PauseAfter=Yes	_	_	_	_	0-5(9)
26-2	TOI020	26	26	2	(.)	(.)	_	_	_	_	_	shortpause	_	none	_	_	_	_	_	_
26-3	TOI020	26	26	3	molto.	molto	_	_	_	_	_	linguistic	_	none	Intonation=Falling	End=53.171	_	_	_	_
27-0	TOR004	27	27	0	sì?	sì	_	_	_	_	_	linguistic	_	none	Intonation=Rising	Begin=53.203|End=53.593	_	_	_	_
28-0	TOI020	28	28	0	sì	sì	_	_	_	_	_	linguistic	_	none	_	Begin=53.65	_	_	_	_
28-1	TOI020	28	28	1	[sì]	sì	_	_	_	_	_	linguistic	_	none	_	End=54.118	_	_	_	0-2(11)
29-0	TOR004	29	29	0	[perché]	perché	_	_	_	_	_	linguistic	_	none	_	Begin=53.891	_	_	_	0-6(11)
29-1	TOR004	29	29	1	con	con	_	_	_	_	_	linguistic	_	none	_	_	_	_	_	_
29-2	TOR004	29	29	2	i	i	_	_	_	_	_	linguistic	_	none	_	_	_	_	_	_
29-3	TOR004	29	29	3	tuoi	tuoi	_	_	_	_	_	linguistic	_	none	_	_	_	_	_	_
29-4	TOR004	29	29	4	genitori	genitori	_	_	_	_	_	linguistic	_	none	_	_	_	_	_	_
29-5	TOR004	29	29	5	parl[avi],	parlavi	_	_	_	_	_	linguistic	_	none	Intonation=WeaklyRising	End=55.542	_	_	_	4-7(12)
30-0	TOI020	30	30	0	[con]	con	_	_	_	_	_	linguistic	_	none	_	Begin=55.233	_	_	_	0-3(12)
30-1	TOI020	30	30	1	i	i	_	_	_	_	_	linguistic	_	none	_	_	_	_	_	_
30-2	TOI020	30	30	2	miei	miei	_	_	_	_	_	linguistic	_	none	_	_	_	_	_	_
30-3	TOI020	30	30	3	genitori	genitori	_	_	_	_	_	linguistic	_	none	_	_	_	_	_	_
30-4	TOI020	30	30	4	lo	lo	_	_	_	_	_	linguistic	_	none	_	_	_	_	_	_
30-5	TOI020	30	30	5	parlavo,	parlavo	_	_	_	_	_	linguistic	_	none	Intonation=WeaklyRising	_	_	_	_	_
30-6	TOI020	30	30	6	con	con	_	_	_	_	_	linguistic	_	none	_	_	_	_	_	_
30-7	TOI020	30	30	7	mia	mia	_	_	_	_	_	linguistic	_	none	_	_	_	_	_	_
30-8	TOI020	30	30	8	suocera	suocera	_	_	_	_	_	linguistic	_	none	_	_	_	_	_	_
30-9	TOI020	30	30	9	che:	che	_	_	_	_	_	linguistic	_	none	_	_	2x1	_	_	_
30-10	TOI020	30	30	10	e	e	_	_	_	_	_	linguistic	_	none	_	_	_	_	_	_
30-11	TOI020	30	30	11	mio	mio	_	_	_	_	_	linguistic	_	none	_	_	_	_	_	_
30-12	TOI020	30	30	12	suocero	suocero	_	_	_	_	_	linguistic	_	none	_	_	_	_	_	_
30-13	TOI020	30	30	13	che	che	_	_	_	_	_	linguistic	_	none	_	_	_	_	_	_
30-14	TOI020	30	30	14	erano	erano	_	_	_	_	_	linguistic	_	none	_	_	_	_	_	_
30-15	TOI020	30	30	15	dello	dello	_	_	_	_	_	linguistic	_	none	_	_	_	_	_	_
30-16	TOI020	30	30	16	stesso	stesso	_	_	_	_	_	linguistic	_	none	_	_	_	_	_	_
30-17	TOI020	30	30	17	mio	mio	_	_	_	_	_	linguistic	_	none	_	_	_	_	_	_
30-18	TOI020	30	30	18	paese:	paese	_	_	_	_	_	linguistic	_	none	_	_	4x1	_	_	_
30-19	TOI020	30	30	19	lo	lo	_	_	_	_	_	linguistic	_	none	_	_	_	_	_	_
30-20	TOI020	30	30	20	parlavo,	parlavo	_	_	_	_	_	linguistic	_	none	Intonation=WeaklyRising	End=63.346	_	_	_	_
31-0	TOI020	31	31	0	con	con	_	_	_	_	_	linguistic	_	none	ProsodicLink=Yes	Begin=63.914	_	_	_	_
31-1	TOI020	31	31	1	eh	eh	_	_	_	_	_	linguistic	_	none	_	_	_	_	_	_
31-2	TOI020	31	31	2	i	i	_	_	_	_	_	linguistic	_	none	_	End=65.155	_	_	_	_
32-0	TOI020	32	32	0	cugini	cugini	_	_	_	_	_	linguistic	_	none	_	Begin=65.637	_	_	_	_
32-1	TOI020	32	32	1	la	la	_	_	_	_	_	linguistic	_	none	_	_	_	_	_	_
32-2	TOI020	32	32	2	retata	retata	_	_	_	_	_	linguistic	_	none	_	_	_	_	_	_
32-3	TOI020	32	32	3	della	della	_	_	_	_	_	linguistic	_	none	_	_	_	_	_	_
32-4	TOI020	32	32	4	famiglia,	famiglia	_	_	_	_	_	linguistic	_	none	Intonation=WeaklyRising	End=68.136	_	_	_	_
33-0	TOI020	33	33	0	che	che	_	_	_	_	_	linguistic	_	none	PauseAfter=Yes	Begin=68.345	_	_	_	_
33-1	TOI020	33	33	1	(.)	(.)	_	_	_	_	_	shortpause	_	none	_	_	_	_	_	_
33-2	TOI020	33	33	2	ho	ho	_	_	_	_	_	linguistic	_	none	_	_	_	_	_	_
33-3	TOI020	33	33	3	trovato	trovato	_	_	_	_	_	linguistic	_	none	_	_	_	_	_	_
33-4	TOI020	33	33	4	qui	qui	_	_	_	_	_	linguistic	_	none	_	_	_	_	_	_
33-5	TOI020	33	33	5	a	a	_	_	_	_	_	linguistic	_	none	_	_	_	_	_	_
33-6	TOI020	33	33	6	torino	torino	_	_	_	_	_	linguistic	_	none	_	_	_	_	_	_
33-7	TOI020	33	33	7	di	di	_	_	_	_	_	linguistic	_	none	_	_	_	_	_	_
33-8	TOI020	33	33	8	mio	mio	_	_	_	_	_	linguistic	_	none	_	_	_	_	_	_
33-9	TOI020	33	33	9	marito,	marito	_	_	_	_	_	linguistic	_	none	Intonation=WeaklyRising	End=71.216	_	_	_	_
34-0	TOI020	34	34	0	l'	l'	_	_	_	_	_	linguistic	_	none	SpaceAfter=No	Begin=71.684	_	_	_	_
34-1	TOI020	34	34	1	ho:	ho	_	_	_	_	_	linguistic	_	none	_	_	1x1	_	_	_
34-2	TOI020	34	34	2	l'	l'	_	_	_	_	_	linguistic	_	none	SpaceAfter=No	_	_	_	_	_
34-3	TOI020	34	34	3	ho	ho	_	_	_	_	_	linguistic	_	none	_	_	_	_	_	_
34-4	TOI020	34	34	4	sempre:	sempre	_	_	_	_	_	linguistic	_	none	_	_	5x1	_	_	_
34-5	TOI020	34	34	5	parlato	parlato	_	_	_	_	_	linguistic	_	none	_	_	_	_	_	_
34-6	TOI020	34	34	6	anzi	anzi	_	_	_	_	_	linguistic	_	none	_	_	_	_	_	_
34-7	TOI020	34	34	7	forse	forse	_	_	_	_	_	linguistic	_	none	_	_	_	_	_	_
34-8	TOI020	34	34	8	lo	lo	_	_	_	_	_	linguistic	_	none	_	_	_	_	_	_
34-9	TOI020	34	34	9	parlavo	parlavo	_	_	_	_	_	linguistic	_	none	_	_	_	_	_	_
34-10	TOI020	34	34	10	più	più	_	_	_	_	_	linguistic	_	none	_	_	_	_	_	_
34-11	TOI020	34	34	11	io	io	_	_	_	_	_	linguistic	_	none	_	_	_	_	_	_
34-12	TOI020	34	34	12	che	che	_	_	_	_	_	linguistic	_	none	_	_	_	_	_	_
34-13	TOI020	34	34	13	sono	sono	_	_	_	_	_	linguistic	_	none	_	_	_	_	_	_
34-14	TOI020	34	34	14	arrivat[a	arrivata	_	_	_	_	_	linguistic	_	none	_	_	_	_	_	5-8(15)
34-15	TOI020	34	34	15	che	che	_	_	_	_	_	linguistic	_	none	_	_	_	_	_	0-3(15)
34-16	TOI020	34	34	16	loro	loro	_	_	_	_	_	linguistic	_	none	_	_	_	_	_	0-4(15)
34-17	TOI020	34	34	17	che]	che	_	_	_	_	_	linguistic	_	none	_	_	_	_	_	0-2(15)
34-18	TOI020	34	34	18	erano:	erano	_	_	_	_	_	linguistic	_	none	_	_	4x1	_	_	_
34-19	TOI020	34	34	19	qua,	qua	_	_	_	_	_	linguistic	_	none	Intonation=WeaklyRising	End=78.672	_	_	_	_
35-0	TOR004	35	35	0	[che	che	_	_	_	_	_	linguistic	_	none	_	Begin=76.862	_	_	_	0-3(15)
35-1	TOR004	35	35	1	lo:ro]	loro	_	_	_	_	_	linguistic	_	none	_	End=77.683	1x1	_	_	0-4(15)
36-0	TOI020	36	36	0	e	e	_	_	_	_	_	linguistic	_	none	_	Begin=79.227	_	_	_	_
36-1	TOI020	36	36	1	ancora	ancora	_	_	_	_	_	linguistic	_	none	_	_	_	_	_	_
36-2	TOI020	36	36	2	adesso::	adesso	_	_	_	_	_	linguistic	_	none	_	_	5x2	_	_	_
36-3	TOI020	36	36	3	spesso	spesso	_	_	_	_	_	linguistic	_	none	_	_	_	_	_	_
36-4	TOI020	36	36	4	lo	lo	_	_	_	_	_	linguistic	_	none	_	_	_	_	_	_
36-5	TOI020	36	36	5	parlo::	parlo	_	_	_	_	_	linguistic	_	none	_	End=83.027	4x2	_	_	_
37-0	TOI020	37	37	0	in	in	_	_	_	_	_	linguistic	_	none	_	Begin=83.382	_	_	_	_
37-1	TOI020	37	37	1	casa,	casa	_	_	_	_	_	linguistic	_	none	Intonation=WeaklyRising	End=84.13	_	_	_	_
38-0	TOI020	38	38	0	lo	lo	_	_	_	_	_	linguistic	_	none	_	Begin=84.425	_	_	_	_
38-1	TOI020	38	38	1	parlo.	parlo	_	_	_	_	_	linguistic	_	none	Intonation=Falling|PauseAfter=Yes	_	_	_	_	_
38-2	TOI020	38	38	2	(.)	(.)	_	_	_	_	_	shortpause	_	none	_	_	_	_	_	_
38-3	TOI020	38	38	3	[con	con	_	_	_	_	_	linguistic	_	none	_	_	_	_	_	0-3(17)
38-4	TOI020	38	38	4	perché]:	perché	_	_	_	_	_	linguistic	_	none	_	_	5x1	_	_	0-6(17)
38-5	TOI020	38	38	5	sia:	sia	_	_	_	_	_	linguistic	_	none	_	_	2x1	_	_	_
38-6	TOI020	38	38	6	mio	mio	_	_	_	_	_	linguistic	_	none	_	_	_	_	_	_
38-7	TOI020	38	38	7	marito	marito	_	_	_	_	_	linguistic	_	none	_	_	_	_	_	_
38-8	TOI020	38	38	8	che	che	_	_	_	_	_	linguistic	_	none	_	_	_	_	_	_
38-9	TOI020	38	38	9	mia	mia	_	_	_	_	_	linguistic	_	none	_	_	_	_	_	_
38-10	TOI020	38	38	10	figlia	figlia	_	_	_	_	_	linguistic	_	none	_	_	_	_	_	_
38-11	TOI020	38	38	11	lo	lo	_	_	_	_	_	linguistic	_	none	_	_	_	_	_	_
38-12	TOI020	38	38	12	capiscono,	capiscono	_	_	_	_	_	linguistic	_	none	Intonation=WeaklyRising	_	_	_	_	_
38-13	TOI020	38	38	13	anche	anche	_	_	_	_	_	linguistic	_	none	_	_	_	_	_	_
38-14	TOI020	38	38	14	mio	mio	_	_	_	_	_	linguistic	_	none	_	_	_	_	_	_
38-15	TOI020	38	38	15	nipote.	nipote	_	_	_	_	_	linguistic	_	none	Intonation=Falling	End=90.347	_	_	_	_
39-0	TOR004	39	39	0	[con	con	_	_	_	_	_	linguistic	_	none	_	Begin=85.947	_	_	_	0-3(17)
39-1	TOR004	39	39	1	tuo	tuo	_	_	_	_	_	linguistic	_	none	_	_	_	_	_	0-3(17)
39-2	TOR004	39	39	2	marito]?	marito	_	_	_	_	_	linguistic	_	none	Intonation=Rising	End=86.769	_	_	_	0-6(17)
40-0	TOI020	40	40	0	lo	lo	_	_	_	_	_	linguistic	_	none	_	Begin=91.038	_	_	_	_
40-1	TOI020	40	40	1	capiscono,	capiscono	_	_	_	_	_	linguistic	_	none	Intonation=WeaklyRising	_	_	_	_	_
40-2	TOI020	40	40	2	ma	ma	_	_	_	_	_	linguistic	_	none	_	_	_	_	_	_
40-3	TOI020	40	40	3	non	non	_	_	_	_	_	linguistic	_	none	_	_	_	_	_	_
40-4	TOI020	40	40	4	lo	lo	_	_	_	_	_	linguistic	_	none	_	_	_	_	_	_
40-5	TOI020	40	40	5	parlano,	parlano	_	_	_	_	_	linguistic	_	none	Intonation=WeaklyRising	End=93.528	_	_	_	_
41-0	TOI020	41	41	0	e::h	eh	_	_	_	_	_	linguistic	_	none	_	Begin=94.172|End=95.083	0x2	_	_	_
42-0	TOI020	42	42	0	però:	però	_	_	_	_	_	linguistic	_	none	_	Begin=95.953	3x1	_	_	_
42-1	TOI020	42	42	1	io	io	_	_	_	_	_	linguistic	_	none	_	_	_	_	_	_
42-2	TOI020	42	42	2	lo	lo	_	_	_	_	_	linguistic	_	none	_	_	_	_	_	_
42-3	TOI020	42	42	3	parlo.	parlo	_	_	_	_	_	linguistic	_	none	Intonation=Falling	_	_	_	_	_
42-4	TOI020	42	42	4	quindi	quindi	_	_	_	_	_	linguistic	_	none	_	_	_	_	_	_
42-5	TOI020	42	42	5	loro	loro	_	_	_	_	_	linguistic	_	none	_	_	_	_	_	_
42-6	TOI020	42	42	6	mi	mi	_	_	_	_	_	linguistic	_	none	_	_	_	_	_	_
42-7	TOI020	42	42	7	devono	devono	_	_	_	_	_	linguistic	_	none	_	_	_	_	_	_
42-8	TOI020	42	42	8	cpaire	cpaire	_	_	_	_	_	linguistic	_	none	_	_	_	_	_	_
42-9	TOI020	42	42	9	per	per	_	_	_	_	_	linguistic	_	none	_	_	_	_	_	_
42-10	TOI020	42	42	10	°fo[rza°].	forza	_	_	_	_	_	linguistic	_	none	Intonation=Falling|Volume=low	_	_	_	_	2-5(?)
42-11	TOI020	42	42	11	((ride))	((ride))	_	_	_	_	_	nonverbalbehavior	_	none	_	End=101.503	_	_	_	_
43-0	TOR004	43	43	0	[e	e	_	_	_	_	_	linguistic	_	none	_	Begin=99.52	_	_	_	0-1(19)
43-1	TOR004	43	43	1	ce]rto	certo	_	_	_	_	_	linguistic	_	none	_	End=100.277	_	_	_	0-2(19)
44-0	TOR004	44	44	0	beh	beh	_	_	_	_	_	linguistic	_	none	_	Begin=100.759	_	_	_	_
44-1	TOR004	44	44	1	diciamo	diciamo	_	_	_	_	_	linguistic	_	none	_	_	_	_	_	_
44-2	TOR004	44	44	2	che	che	_	_	_	_	_	linguistic	_	none	_	_	_	_	_	_
44-3	TOR004	44	44	3	el	el	_	_	_	_	_	linguistic	_	none	ProsodicLink=Yes	_	_	_	_	_
44-4	TOR004	44	44	4	eh	eh	_	_	_	_	_	linguistic	_	none	_	_	_	_	_	_
44-5	TOR004	44	44	5	un	un	_	_	_	_	_	linguistic	_	none	_	_	_	_	_	_
44-6	TOR004	44	44	6	po'	po'	_	_	_	_	_	linguistic	_	none	_	_	_	_	_	_
44-7	TOR004	44	44	7	ci(o)è	cioè	_	_	_	_	_	linguistic	_	none	Reduced=Yes	_	_	_	_	_
44-8	TOR004	44	44	8	l'	l'	_	_	_	_	_	linguistic	_	none	SpaceAfter=No	_	_	_	_	_
44-9	TOR004	44	44	9	hai:	hai	_	_	_	_	_	linguistic	_	none	_	_	2x1	_	_	_
44-10	TOR004	44	44	10	l'	l'	_	_	_	_	_	linguistic	_	none	SpaceAfter=No	_	_	_	_	_
44-11	TOR004	44	44	11	hai	hai	_	_	_	_	_	linguistic	_	none	_	_	_	_	_	_
44-12	TOR004	44	44	12	usato::	usato	_	_	_	_	_	linguistic	_	none	PauseAfter=Yes	_	4x2	_	_	_
44-13	TOR004	44	44	13	(.)	(.)	_	_	_	_	_	shortpause	_	none	_	_	_	_	_	_
44-14	TOR004	44	44	14	ma	ma	_	_	_	_	_	linguistic	_	none	_	_	_	_	_	_
44-15	TOR004	44	44	15	lo	lo	_	_	_	_	_	linguistic	_	none	_	_	_	_	_	_
44-16	TOR004	44	44	16	usi	usi	_	_	_	_	_	linguistic	_	none	_	_	_	_	_	_
44-17	TOR004	44	44	17	volontariamente	volontariamente	_	_	_	_	_	linguistic	_	none	_	_	_	_	_	_
44-18	TOR004	44	44	18	nel	nel	_	_	_	_	_	linguistic	_	none	_	_	_	_	_	_
44-19	TOR004	44	44	19	senso	senso	_	_	_	_	_	linguistic	_	none	_	_	_	_	_	_
44-20	TOR004	44	44	20	o	o	_	_	_	_	_	linguistic	_	none	_	_	_	_	_	_
44-21	TOR004	44	44	21	t[i	ti	_	_	_	_	_	linguistic	_	none	_	_	_	_	_	0-2(21)
44-22	TOR004	44	44	22	viene	viene	_	_	_	_	_	linguistic	_	none	_	_	_	_	_	0-5(21)
44-23	TOR004	44	44	23	così,	così	_	_	_	_	_	linguistic	_	none	Intonation=WeaklyRising|PauseAfter=Yes	_	_	_	_	0-4(21)
44-24	TOR004	44	44	24	(.)	(.)	_	_	_	_	_	shortpause	_	none	_	_	_	_	_	_
44-25	TOR004	44	44	25	naturale].	naturale	_	_	_	_	_	linguistic	_	none	Intonation=Falling	End=109.165	_	_	_	0-7(21)
45-0	TOI020	45	45	0	[no	no	_	_	_	_	_	linguistic	_	none	_	Begin=107.548	_	_	_	0-2(21)
45-1	TOI020	45	45	1	mi	mi	_	_	_	_	_	linguistic	_	none	_	_	_	_	_	0-2(21)
45-2	TOI020	45	45	2	viene:	viene	_	_	_	_	_	linguistic	_	none	_	_	4x1	_	_	0-5(21)
45-3	TOI020	45	45	3	spon]taneo	spontaneo	_	_	_	_	_	linguistic	_	none	_	_	_	_	_	0-4(21)
45-4	TOI020	45	45	4	sì	sì	_	_	_	_	_	linguistic	_	none	_	_	_	_	_	_
45-5	TOI020	45	45	5	sì	sì	_	_	_	_	_	linguistic	_	none	_	_	_	_	_	_
45-6	TOI020	45	45	6	sì.	sì	_	_	_	_	_	linguistic	_	none	Intonation=Falling	End=110.385	_	_	_	_
46-0	TOI020	46	46	0	anche	anche	_	_	_	_	_	linguistic	_	none	_	Begin=110.715	_	_	_	_
46-1	TOI020	46	46	1	con	con	_	_	_	_	_	linguistic	_	none	_	_	_	_	_	_
46-2	TOI020	46	46	2	i	i	_	_	_	_	_	linguistic	_	none	_	_	_	_	_	_
46-3	TOI020	46	46	3	cugini	cugini	_	_	_	_	_	linguistic	_	none	_	_	_	_	_	_
46-4	TOI020	46	46	4	io:	io	_	_	_	_	_	linguistic	_	none	_	_	1x1	_	_	_
46-5	TOI020	46	46	5	m~	m~	_	_	_	_	_	linguistic	_	none	Interrupted=Yes	_	_	_	_	_
46-6	TOI020	46	46	6	molto	molto	_	_	_	_	_	linguistic	_	none	_	_	_	_	_	_
46-7	TOI020	46	46	7	spesso	spesso	_	_	_	_	_	linguistic	_	none	_	_	_	_	_	_
46-8	TOI020	46	46	8	parto	parto	_	_	_	_	_	linguistic	_	none	_	_	_	_	_	_
46-9	TOI020	46	46	9	in	in	_	_	_	_	_	linguistic	_	none	_	_	_	_	_	_
46-10	TOI020	46	46	10	italiano	italiano	_	_	_	_	_	linguistic	_	none	_	_	_	_	_	_
46-11	TOI020	46	46	11	e	e	_	_	_	_	_	linguistic	_	none	_	_	_	_	_	_
46-12	TOI020	46	46	12	[poi	poi	_	_	_	_	_	linguistic	_	none	_	_	_	_	_	0-3(22)
46-13	TOI020	46	46	13	vado:	vado	_	_	_	_	_	linguistic	_	none	_	_	3x1	_	_	0-4(22)
46-14	TOI020	46	46	14	sì	sì	_	_	_	_	_	linguistic	_	none	_	_	_	_	_	0-2(22)
46-15	TOI020	46	46	15	sì]	sì	_	_	_	_	_	linguistic	_	none	_	End=116.095	_	_	_	0-2(22)
47-0	TOR004	47	47	0	[e	e	_	_	_	_	_	linguistic	_	none	_	Begin=114.902	_	_	_	0-1(22)
47-1	TOR004	47	47	1	poi	poi	_	_	_	_	_	linguistic	_	none	_	_	_	_	_	0-3(22)
47-2	TOR004	47	47	2	parti	parti	_	_	_	_	_	linguistic	_	none	_	_	_	_	_	0-5(22)
47-3	TOR004	47	47	3	a	a	_	_	_	_	_	linguistic	_	none	_	_	_	_	_	0-1(22)
47-4	TOR004	47	47	4	parlare]	parlare	_	_	_	_	_	linguistic	_	none	_	_	_	_	_	0-7(22)
47-5	TOR004	47	47	5	diale~	diale~	_	_	_	_	_	linguistic	_	none	Interrupted=Yes	End=116.364	_	_	_	_
48-0	TOI020	48	48	0	con	con	_	_	_	_	_	linguistic	_	none	_	Begin=116.364	_	_	_	_
48-1	TOI020	48	48	1	le	le	_	_	_	_	_	linguistic	_	none	_	_	_	_	_	_
48-2	TOI020	48	48	2	persone	persone	_	_	_	_	_	linguistic	_	none	_	_	_	_	_	_
48-3	TOI020	48	48	3	che	che	_	_	_	_	_	linguistic	_	none	_	_	_	_	_	_
48-4	TOI020	48	48	4	so	so	_	_	_	_	_	linguistic	_	none	_	_	_	_	_	_
48-5	TOI020	48	48	5	che,	che	_	_	_	_	_	linguistic	_	none	Intonation=WeaklyRising	End=118.076	_	_	_	_
49-0	TOI020	49	49	0	mi	mi	_	_	_	_	_	linguistic	_	none	_	Begin=118.443	_	_	_	_
49-1	TOI020	49	49	1	capiscono	capiscono	_	_	_	_	_	linguistic	_	none	_	_	_	_	_	_
49-2	TOI020	49	49	2	mi	mi	_	_	_	_	_	linguistic	_	none	_	_	_	_	_	_
49-3	TOI020	49	49	3	viene	viene	_	_	_	_	_	linguistic	_	none	_	_	_	_	_	_
49-4	TOI020	49	49	4	naturale.	naturale	_	_	_	_	_	linguistic	_	none	Intonation=Falling	End=120.602	_	_	_	_
50-0	TOR004	50	50	0	quindi	quindi	_	_	_	_	_	linguistic	_	none	_	Begin=120.892	_	_	_	_
50-1	TOR004	50	50	1	tu	tu	_	_	_	_	_	linguistic	_	none	_	_	_	_	_	_
50-2	TOR004	50	50	2	le	le	_	_	_	_	_	linguistic	_	none	_	_	_	_	_	_
50-3	TOR004	50	50	3	scuole	scuole	_	_	_	_	_	linguistic	_	none	_	_	_	_	_	_
50-4	TOR004	50	50	4	le	le	_	_	_	_	_	linguistic	_	none	_	_	_	_	_	_
50-5	TOR004	50	50	5	hai	hai	_	_	_	_	_	linguistic	_	none	_	_	_	_	_	_
50-6	TOR004	50	50	6	fatte,	fatte	_	_	_	_	_	linguistic	_	none	Intonation=WeaklyRising	End=122.319	_	_	_	_
51-0	TOI020	51	51	0	[e::h	eh	_	_	_	_	_	linguistic	_	none	_	Begin=122.855	0x2	_	_	0-2(25)
51-1	TOI020	51	51	1	a]:d	ad	_	_	_	_	_	linguistic	_	none	_	_	0x1	_	_	0-1(25)
51-2	TOI020	51	51	2	avigliano	avigliano	_	_	_	_	_	linguistic	_	none	_	_	_	_	_	_
51-3	TOI020	51	51	3	ho	ho	_	_	_	_	_	linguistic	_	none	_	_	_	_	_	_
51-4	TOI020	51	51	4	fatto	fatto	_	_	_	_	_	linguistic	_	none	_	_	_	_	_	_
51-5	TOI020	51	51	5	le	le	_	_	_	_	_	linguistic	_	none	_	_	_	_	_	_
51-6	TOI020	51	51	6	medie,	medie	_	_	_	_	_	linguistic	_	none	Intonation=WeaklyRising	_	_	_	_	_
51-7	TOI020	51	51	7	e	e	_	_	_	_	_	linguistic	_	none	_	_	_	_	_	_
51-8	TOI020	51	51	8	le	le	_	_	_	_	_	linguistic	_	none	_	_	_	_	_	_
51-9	TOI020	51	51	9	elementari	elementari	_	_	_	_	_	linguistic	_	none	_	_	_	_	_	_
51-10	TOI020	51	51	10	e	e	_	_	_	_	_	linguistic	_	none	_	_	_	_	_	_
51-11	TOI020	51	51	11	le	le	_	_	_	_	_	linguistic	_	none	_	_	_	_	_	_
51-12	TOI020	51	51	12	medi[e].	medie	_	_	_	_	_	linguistic	_	none	Intonation=Falling	End=127.758	_	_	_	4-5(26)
52-0	TOR004	52	52	0	[ad	ad	_	_	_	_	_	linguistic	_	none	_	Begin=123.039	_	_	_	0-2(25)
52-1	TOR004	52	52	1	aviglia~]	aviglia~	_	_	_	_	_	linguistic	_	none	Interrupted=Yes	End=123.682	_	_	_	0-8(25)
53-0	TOR004	53	53	0	[mh]	mh	_	_	_	_	_	linguistic	_	none	_	Begin=127.628	_	_	_	0-2(26)
53-1	TOR004	53	53	1	mh	mh	_	_	_	_	_	linguistic	_	none	_	End=127.973	_	_	_	_
54-0	TOI020	54	54	0	poi	poi	_	_	_	_	_	linguistic	_	none	_	Begin=128.417	_	_	_	_
54-1	TOI020	54	54	1	invece,	invece	_	_	_	_	_	linguistic	_	none	Intonation=WeaklyRising	_	_	_	_	_
54-2	TOI020	54	54	2	ho	ho	_	_	_	_	_	linguistic	_	none	_	_	_	_	_	_
54-3	TOI020	54	54	3	fatto:	fatto	_	_	_	_	_	linguistic	_	none	_	_	4x1	_	_	_
54-4	TOI020	54	54	4	i	i	_	_	_	_	_	linguistic	_	none	_	_	_	_	_	_
54-5	TOI020	54	54	5	tre	tre	_	_	_	_	_	linguistic	_	none	_	_	_	_	_	_
54-6	TOI020	54	54	6	anni	anni	_	_	_	_	_	linguistic	_	none	_	_	_	_	_	_
54-7	TOI020	54	54	7	di	di	_	_	_	_	_	linguistic	_	none	_	_	_	_	_	_
54-8	TOI020	54	54	8	scuola	scuola	_	_	_	_	_	linguistic	_	none	_	_	_	_	_	_
54-9	TOI020	54	54	9	magistra:le	magistrale	_	_	_	_	_	linguistic	_	none	_	_	7x1	_	_	_
54-10	TOI020	54	54	10	a:::	a	_	_	_	_	_	linguistic	_	none	ProsodicLink=Yes	_	0x3	_	_	_
54-11	TOI020	54	54	11	m	m	_	_	_	_	_	linguistic	_	none	ProsodicLink=Yes	_	_	_	_	_
54-12	TOI020	54	54	12	e:h	eh	_	_	_	_	_	linguistic	_	none	_	_	0x1	_	_	_
54-13	TOI020	54	54	13	a	a	_	_	_	_	_	linguistic	_	none	_	_	_	_	_	_
54-14	TOI020	54	54	14	rionero	rionero	_	_	_	_	_	linguistic	_	none	_	_	_	_	_	_
54-15	TOI020	54	54	15	che	che	_	_	_	_	_	linguistic	_	none	_	_	_	_	_	_
54-16	TOI020	54	54	16	è	è	_	_	_	_	_	linguistic	_	none	_	_	_	_	_	_
54-17	TOI020	54	54	17	un	un	_	_	_	_	_	linguistic	_	none	_	_	_	_	_	_
54-18	TOI020	54	54	18	paese	paese	_	_	_	_	_	linguistic	_	none	_	_	_	_	_	_
54-19	TOI020	54	54	19	vicino,	vicino	_	_	_	_	_	linguistic	_	none	Intonation=WeaklyRising	End=136.721	_	_	_	_
55-0	TOI020	55	55	0	e::h	eh	_	_	_	_	_	linguistic	_	none	_	Begin=137.404	0x2	_	_	_
55-1	TOI020	55	55	1	dove	dove	_	_	_	_	_	linguistic	_	none	_	_	_	_	_	_
55-2	TOI020	55	55	2	andavo	andavo	_	_	_	_	_	linguistic	_	none	_	_	_	_	_	_
55-3	TOI020	55	55	3	appunto,	appunto	_	_	_	_	_	linguistic	_	none	Intonation=WeaklyRising	End=139.279	_	_	_	_
56-0	TOI020	56	56	0	viaggiando	viaggiando	_	_	_	_	_	linguistic	_	none	_	Begin=139.653	_	_	_	_
56-1	TOI020	56	56	1	dalle	dalle	_	_	_	_	_	linguistic	_	none	_	_	_	_	_	_
56-2	TOI020	56	56	2	sei	sei	_	_	_	_	_	linguistic	_	none	_	_	_	_	_	_
56-3	TOI020	56	56	3	del	del	_	_	_	_	_	linguistic	_	none	_	_	_	_	_	_
56-4	TOI020	56	56	4	mattino	mattino	_	_	_	_	_	linguistic	_	none	_	_	_	_	_	_
56-5	TOI020	56	56	5	e	e	_	_	_	_	_	linguistic	_	none	_	_	_	_	_	_
56-6	TOI020	56	56	6	tornando	tornando	_	_	_	_	_	linguistic	_	none	_	_	_	_	_	_
56-7	TOI020	56	56	7	a	a	_	_	_	_	_	linguistic	_	none	_	_	_	_	_	_
56-8	TOI020	56	56	8	casa	casa	_	_	_	_	_	linguistic	_	none	_	_	_	_	_	_
56-9	TOI020	56	56	9	alle	alle	_	_	_	_	_	linguistic	_	none	_	_	_	_	_	_
56-10	TOI020	56	56	10	quattro	quattro	_	_	_	_	_	linguistic	_	none	_	_	_	_	_	_
56-11	TOI020	56	56	11	o	o	_	_	_	_	_	linguistic	_	none	_	_	_	_	_	_
56-12	TOI020	56	56	12	alle	alle	_	_	_	_	_	linguistic	_	none	_	_	_	_	_	_
56-13	TOI020	56	56	13	sei	sei	_	_	_	_	_	linguistic	_	none	_	_	_	_	_	_
56-14	TOI020	56	56	14	di	di	_	_	_	_	_	linguistic	_	none	_	_	_	_	_	_
56-15	TOI020	56	56	15	sera	sera	_	_	_	_	_	linguistic	_	none	_	_	_	_	_	_
56-16	TOI020	56	56	16	perché	perché	_	_	_	_	_	linguistic	_	none	_	End=144.742	_	_	_	_
57-0	TOI020	57	57	0	le	le	_	_	_	_	_	linguistic	_	none	_	Begin=145.17	_	_	_	_
57-1	TOI020	57	57	1	distanze	distanze	_	_	_	_	_	linguistic	_	none	_	_	_	_	_	_
57-2	TOI020	57	57	2	i	i	_	_	_	_	_	linguistic	_	none	_	_	_	_	_	_
57-3	TOI020	57	57	3	tre:ni	treni	_	_	_	_	_	linguistic	_	none	_	_	2x1	_	_	_
57-4	TOI020	57	57	4	coincidenze	coincidenze	_	_	_	_	_	linguistic	_	none	_	_	_	_	_	_
57-5	TOI020	57	57	5	eccetera,	eccetera	_	_	_	_	_	linguistic	_	none	Intonation=WeaklyRising	End=148.313	_	_	_	_
58-0	TOI020	58	58	0	e	e	_	_	_	_	_	linguistic	_	none	ProsodicLink=Yes	Begin=148.947	_	_	_	_
58-1	TOI020	58	58	1	p:oi	poi	_	_	_	_	_	linguistic	_	none	_	_	0x1	_	_	_
58-2	TOI020	58	58	2	ho	ho	_	_	_	_	_	linguistic	_	none	_	_	_	_	_	_
58-3	TOI020	58	58	3	fatto	fatto	_	_	_	_	_	linguistic	_	none	_	_	_	_	_	_
58-4	TOI020	58	58	4	un	un	_	_	_	_	_	linguistic	_	none	_	_	_	_	_	_
58-5	TOI020	58	58	5	corso	corso	_	_	_	_	_	linguistic	_	none	_	_	_	_	_	_
58-6	TOI020	58	58	6	a	a	_	_	_	_	_	linguistic	_	none	_	_	_	_	_	_
58-7	TOI020	58	58	7	vare:se	varese	_	_	_	_	_	linguistic	_	none	_	End=153.175	3x1	_	_	_
59-0	TOI020	59	59	0	di	di	_	_	_	_	_	linguistic	_	none	_	Begin=154.429	_	_	_	_
59-1	TOI020	59	59	1	educatore,	educatore	_	_	_	_	_	linguistic	_	none	Intonation=WeaklyRising	_	_	_	_	_
59-2	TOI020	59	59	2	asilo	asilo	_	_	_	_	_	linguistic	_	none	_	_	_	_	_	_
59-3	TOI020	59	59	3	nido	nido	_	_	_	_	_	linguistic	_	none	_	_	_	_	_	_
59-4	TOI020	59	59	4	un	un	_	_	_	_	_	linguistic	_	none	_	_	_	_	_	_
59-5	TOI020	59	59	5	corso	corso	_	_	_	_	_	linguistic	_	none	_	_	_	_	_	_
59-6	TOI020	59	59	6	regionale,	regionale	_	_	_	_	_	linguistic	_	none	Intonation=WeaklyRising	End=157.985	_	_	_	_
60-0	TOI020	60	60	0	che	che	_	_	_	_	_	linguistic	_	none	PauseAfter=Yes	Begin=159.015	_	_	_	_
60-1	TOI020	60	60	1	(.)	(.)	_	_	_	_	_	shortpause	_	none	_	_	_	_	_	_
60-2	TOI020	60	60	2	sarebbe	sarebbe	_	_	_	_	_	linguistic	_	none	_	_	_	_	_	_
60-3	TOI020	60	60	3	dovuto::	dovuto	_	_	_	_	_	linguistic	_	none	_	_	5x2	_	_	_
60-4	TOI020	60	60	4	essere:::	essere	_	_	_	_	_	linguistic	_	none	_	End=163.212	5x3	_	_	_
61-0	TOI020	61	61	0	e:h	eh	_	_	_	_	_	linguistic	_	none	_	Begin=163.921	0x1	_	_	_
61-1	TOI020	61	61	1	come	come	_	_	_	_	_	linguistic	_	none	_	_	_	_	_	_
61-2	TOI020	61	61	2	si	si	_	_	_	_	_	linguistic	_	none	_	_	_	_	_	_
61-3	TOI020	61	61	3	dice,	dice	_	_	_	_	_	linguistic	_	none	Intonation=WeaklyRising	_	_	_	_	_
61-4	TOI020	61	61	4	essere::	essere	_	_	_	_	_	linguistic	_	none	_	_	5x2	_	_	_
61-5	TOI020	61	61	5	m	m	_	_	_	_	_	linguistic	_	none	ProsodicLink=Yes	_	_	_	_	_
61-6	TOI020	61	61	6	e:h	eh	_	_	_	_	_	linguistic	_	none	_	_	0x1	_	_	_
61-7	TOI020	61	61	7	valido	valido	_	_	_	_	_	linguistic	_	none	_	_	_	_	_	_
61-8	TOI020	61	61	8	anche	anche	_	_	_	_	_	linguistic	_	none	_	_	_	_	_	_
61-9	TOI020	61	61	9	s~	s~	_	_	_	_	_	linguistic	_	none	Interrupted=Yes	_	_	_	_	_
61-10	TOI020	61	61	10	dove:va	doveva	_	_	_	_	_	linguistic	_	none	_	_	3x1	_	_	_
61-11	TOI020	61	61	11	essere	essere	_	_	_	_	_	linguistic	_	none	_	_	_	_	_	_
61-12	TOI020	61	61	12	riconosciuto	riconosciuto	_	_	_	_	_	linguistic	_	none	_	_	_	_	_	_
61-13	TOI020	61	61	13	anche	anche	_	_	_	_	_	linguistic	_	none	_	_	_	_	_	_
61-14	TOI020	61	61	14	dalla	dalla	_	_	_	_	_	linguistic	_	none	_	_	_	_	_	_
61-15	TOI020	61	61	15	regione	regione	_	_	_	_	_	linguistic	_	none	_	_	_	_	_	_
61-16	TOI020	61	61	16	basilicata,	basilicata	_	_	_	_	_	linguistic	_	none	Intonation=WeaklyRising	End=172.576	_	_	_	_
62-0	TOI020	62	62	0	alla	alla	_	_	_	_	_	linguistic	_	none	_	Begin=173.181	_	_	_	_
62-1	TOI020	62	62	1	fine	fine	_	_	_	_	_	linguistic	_	none	_	_	_	_	_	_
62-2	TOI020	62	62	2	la	la	_	_	_	_	_	linguistic	_	none	_	_	_	_	_	_
62-3	TOI020	62	62	3	regione	regione	_	_	_	_	_	linguistic	_	none	_	_	_	_	_	_
62-4	TOI020	62	62	4	basilicata	basilicata	_	_	_	_	_	linguistic	_	none	_	_	_	_	_	_
62-5	TOI020	62	62	5	non	non	_	_	_	_	_	linguistic	_	none	_	_	_	_	_	_
62-6	TOI020	62	62	6	l'	l'	_	_	_	_	_	linguistic	_	none	SpaceAfter=No	_	_	_	_	_
62-7	TOI020	62	62	7	ha,	ha	_	_	_	_	_	linguistic	_	none	Intonation=WeaklyRising	End=175.74	_	_	_	_
63-0	TOI020	63	63	0	non	non	_	_	_	_	_	linguistic	_	none	_	Begin=176.196	_	_	_	_
63-1	TOI020	63	63	1	l'	l'	_	_	_	_	_	linguistic	_	none	SpaceAfter=No	_	_	_	_	_
63-2	TOI020	63	63	2	ha	ha	_	_	_	_	_	linguistic	_	none	_	_	_	_	_	_
63-3	TOI020	63	63	3	accettato,	accettato	_	_	_	_	_	linguistic	_	none	Intonation=WeaklyRising	End=177.592	_	_	_	_
64-0	TOI020	64	64	0	e:	e	_	_	_	_	_	linguistic	_	none	_	Begin=178.22	0x1	_	_	_
64-1	TOI020	64	64	1	poi	poi	_	_	_	_	_	linguistic	_	none	_	_	_	_	_	_
64-2	TOI020	64	64	2	vabbè	vabbè	_	_	_	_	_	linguistic	_	none	_	_	_	_	_	_
64-3	TOI020	64	64	3	la	la	_	_	_	_	_	linguistic	_	none	_	_	_	_	_	_
64-4	TOI020	64	64	4	mia	mia	_	_	_	_	_	linguistic	_	none	_	_	_	_	_	_
64-5	TOI020	64	64	5	vita	vita	_	_	_	_	_	linguistic	_	none	_	_	_	_	_	_
64-6	TOI020	64	64	6	è	è	_	_	_	_	_	linguistic	_	none	_	_	_	_	_	_
64-7	TOI020	64	64	7	cambiata	cambiata	_	_	_	_	_	linguistic	_	none	_	_	_	_	_	_
64-8	TOI020	64	64	8	perché	perché	_	_	_	_	_	linguistic	_	none	_	_	_	_	_	_
64-9	TOI020	64	64	9	comunque	comunque	_	_	_	_	_	linguistic	_	none	_	_	_	_	_	_
64-10	TOI020	64	64	10	me	me	_	_	_	_	_	linguistic	_	none	_	_	_	_	_	_
64-11	TOI020	64	64	11	ne	ne	_	_	_	_	_	linguistic	_	none	_	_	_	_	_	_
64-12	TOI020	64	64	12	sono	sono	_	_	_	_	_	linguistic	_	none	_	_	_	_	_	_
64-13	TOI020	64	64	13	venuta	venuta	_	_	_	_	_	linguistic	_	none	_	_	_	_	_	_
64-14	TOI020	64	64	14	qui	qui	_	_	_	_	_	linguistic	_	none	_	_	_	_	_	_
64-15	TOI020	64	64	15	a	a	_	_	_	_	_	linguistic	_	none	_	_	_	_	_	_
64-16	TOI020	64	64	16	torino,	torino	_	_	_	_	_	linguistic	_	none	Intonation=WeaklyRising	End=183.053	_	_	_	_
65-0	TOI020	65	65	0	a	a	_	_	_	_	_	linguistic	_	none	_	Begin=183.569	_	_	_	_
65-1	TOI020	65	65	1	torino	torino	_	_	_	_	_	linguistic	_	none	_	_	_	_	_	_
65-2	TOI020	65	65	2	questo	questo	_	_	_	_	_	linguistic	_	none	_	_	_	_	_	_
65-3	TOI020	65	65	3	corso	corso	_	_	_	_	_	linguistic	_	none	_	End=185.654	_	_	_	_
66-0	TOI020	66	66	0	l'	l'	_	_	_	_	_	linguistic	_	none	SpaceAfter=No	Begin=186.045	_	_	_	_
66-1	TOI020	66	66	1	hanno:	hanno	_	_	_	_	_	linguistic	_	none	_	_	4x1	_	_	_
66-2	TOI020	66	66	2	accettato	accettato	_	_	_	_	_	linguistic	_	none	_	_	_	_	_	_
66-3	TOI020	66	66	3	sì	sì	_	_	_	_	_	linguistic	_	none	_	_	_	_	_	_
66-4	TOI020	66	66	4	e	e	_	_	_	_	_	linguistic	_	none	_	_	_	_	_	_
66-5	TOI020	66	66	5	no	no	_	_	_	_	_	linguistic	_	none	_	_	_	_	_	_
66-6	TOI020	66	66	6	nel	nel	_	_	_	_	_	linguistic	_	none	_	_	_	_	_	_
66-7	TOI020	66	66	7	senso	senso	_	_	_	_	_	linguistic	_	none	_	_	_	_	_	_
66-8	TOI020	66	66	8	che	che	_	_	_	_	_	linguistic	_	none	_	_	_	_	_	_
66-9	TOI020	66	66	9	mi	mi	_	_	_	_	_	linguistic	_	none	_	_	_	_	_	_
66-10	TOI020	66	66	10	hanno	hanno	_	_	_	_	_	linguistic	_	none	_	_	_	_	_	_
66-11	TOI020	66	66	11	presa,	presa	_	_	_	_	_	linguistic	_	none	Intonation=WeaklyRising	End=190.359	_	_	_	_
67-0	TOI020	67	67	0	come	come	_	_	_	_	_	linguistic	_	none	_	Begin=190.781	_	_	_	_
67-1	TOI020	67	67	1	supplente,	supplente	_	_	_	_	_	linguistic	_	none	Intonation=WeaklyRising	_	_	_	_	_
67-2	TOI020	67	67	2	accettandomi	accettandomi	_	_	_	_	_	linguistic	_	none	_	_	_	_	_	_
67-3	TOI020	67	67	3	quel	quel	_	_	_	_	_	linguistic	_	none	_	_	_	_	_	_
67-4	TOI020	67	67	4	corso	corso	_	_	_	_	_	linguistic	_	none	_	_	_	_	_	_
67-5	TOI020	67	67	5	poi	poi	_	_	_	_	_	linguistic	_	none	_	_	_	_	_	_
67-6	TOI020	67	67	6	però	però	_	_	_	_	_	linguistic	_	none	_	_	_	_	_	_
67-7	TOI020	67	67	7	l'	l'	_	_	_	_	_	linguistic	_	none	SpaceAfter=No	_	_	_	_	_
67-8	TOI020	67	67	8	ho	ho	_	_	_	_	_	linguistic	_	none	_	_	_	_	_	_
67-9	TOI020	67	67	9	dovuto	dovuto	_	_	_	_	_	linguistic	_	none	_	_	_	_	_	_
67-10	TOI020	67	67	10	rifa:re,	rifare	_	_	_	_	_	linguistic	_	none	Intonation=WeaklyRising	End=195.769	3x1	_	_	_
68-0	TOR004	68	68	0	ma[donna]	madonna	_	_	_	_	_	linguistic	_	none	_	Begin=195.925|End=196.648	_	_	_	2-7(34)
69-0	TOI020	69	69	0	[perché	perché	_	_	_	_	_	linguistic	_	none	_	Begin=196.126	_	_	_	0-6(34)
69-1	TOI020	69	69	1	lo]	lo	_	_	_	_	_	linguistic	_	none	_	_	_	_	_	0-2(34)
69-2	TOI020	69	69	2	rifaceva	rifaceva	_	_	_	_	_	linguistic	_	none	_	_	_	_	_	_
69-3	TOI020	69	69	3	la:	la	_	_	_	_	_	linguistic	_	none	_	_	1x1	_	_	_
69-4	TOI020	69	69	4	città	città	_	_	_	_	_	linguistic	_	none	_	_	_	_	_	_
69-5	TOI020	69	69	5	di	di	_	_	_	_	_	linguistic	_	none	_	_	_	_	_	_
69-6	TOI020	69	69	6	torino,	torino	_	_	_	_	_	linguistic	_	none	Intonation=WeaklyRising	End=198.912	_	_	_	_
70-0	TOI020	70	70	0	quindi	quindi	_	_	_	_	_	linguistic	_	none	_	Begin=199.408	_	_	_	_
70-1	TOI020	70	70	1	ho	ho	_	_	_	_	_	linguistic	_	none	_	_	_	_	_	_
70-2	TOI020	70	70	2	rifatto	rifatto	_	_	_	_	_	linguistic	_	none	_	_	_	_	_	_
70-3	TOI020	70	70	3	il	il	_	_	_	_	_	linguistic	_	none	_	_	_	_	_	_
70-4	TOI020	70	70	4	corso	corso	_	_	_	_	_	linguistic	_	none	_	_	_	_	_	_
70-5	TOI020	70	70	5	ho	ho	_	_	_	_	_	linguistic	_	none	_	_	_	_	_	_
70-6	TOI020	70	70	6	fatto	fatto	_	_	_	_	_	linguistic	_	none	_	_	_	_	_	_
70-7	TOI020	70	70	7	il	il	_	_	_	_	_	linguistic	_	none	_	_	_	_	_	_
70-8	TOI020	70	70	8	concorso	concorso	_	_	_	_	_	linguistic	_	none	_	_	_	_	_	_
70-9	TOI020	70	70	9	e	e	_	_	_	_	_	linguistic	_	none	_	_	_	_	_	_
70-10	TOI020	70	70	10	alla	alla	_	_	_	_	_	linguistic	_	none	_	_	_	_	_	_
70-11	TOI020	70	70	11	fine	fine	_	_	_	_	_	linguistic	_	none	_	_	_	_	_	_
70-12	TOI020	70	70	12	sono	sono	_	_	_	_	_	linguistic	_	none	_	_	_	_	_	_
70-13	TOI020	70	70	13	entrata	entrata	_	_	_	_	_	linguistic	_	none	_	_	_	_	_	_
70-14	TOI020	70	70	14	come:	come	_	_	_	_	_	linguistic	_	none	_	_	3x1	_	_	_
70-15	TOI020	70	70	15	educatore:	educatore	_	_	_	_	_	linguistic	_	none	_	_	8x1	_	_	_
70-16	TOI020	70	70	16	qua	qua	_	_	_	_	_	linguistic	_	none	_	_	_	_	_	_
70-17	TOI020	70	70	17	nella:	nella	_	_	_	_	_	linguistic	_	none	_	_	4x1	_	_	_
70-18	TOI020	70	70	18	città	città	_	_	_	_	_	linguistic	_	none	_	_	_	_	_	_
70-19	TOI020	70	70	19	di	di	_	_	_	_	_	linguistic	_	none	_	_	_	_	_	_
70-20	TOI020	70	70	20	torino,	torino	_	_	_	_	_	linguistic	_	none	Intonation=WeaklyRising	End=206.152	_	_	_	_
71-0	TOI020	71	71	0	vado	vado	_	_	_	_	_	linguistic	_	none	_	Begin=207.404	_	_	_	_
71-1	TOI020	71	71	1	avanti	avanti	_	_	_	_	_	linguistic	_	none	_	_	_	_	_	_
71-2	TOI020	71	71	2	e	e	_	_	_	_	_	linguistic	_	none	_	_	_	_	_	_
71-3	TOI020	71	71	3	ti	ti	_	_	_	_	_	linguistic	_	none	_	_	_	_	_	_
71-4	TOI020	71	71	4	dico	dico	_	_	_	_	_	linguistic	_	none	_	_	_	_	_	_
71-5	TOI020	71	71	5	ho	ho	_	_	_	_	_	linguistic	_	none	_	_	_	_	_	_
71-6	TOI020	71	71	6	fatto	fatto	_	_	_	_	_	linguistic	_	none	_	_	_	_	_	_
71-7	TOI020	71	71	7	l'	l'	_	_	_	_	_	linguistic	_	none	SpaceAfter=No	_	_	_	_	_
71-8	TOI020	71	71	8	educatore	educatore	_	_	_	_	_	linguistic	_	none	_	_	_	_	_	_
71-9	TOI020	71	71	9	pe:r	per	_	_	_	_	_	linguistic	_	none	ProsodicLink=Yes	_	1x1	_	_	_
71-10	TOI020	71	71	10	eh	eh	_	_	_	_	_	linguistic	_	none	_	End=211.545	_	_	_	_
72-0	TOI020	72	72	0	po~	po~	_	_	_	_	_	linguistic	_	none	Interrupted=Yes	Begin=212.679	_	_	_	_
72-1	TOI020	72	72	1	allora	allora	_	_	_	_	_	linguistic	_	none	_	_	_	_	_	_
72-2	TOI020	72	72	2	dall'	dall'	_	_	_	_	_	linguistic	_	none	SpaceAfter=No	_	_	_	_	_
72-3	TOI020	72	72	3	ottantuno	ottantuno	_	_	_	_	_	linguistic	_	none	_	End=215.184	_	_	_	_
73-0	TOI020	73	73	0	al	al	_	_	_	_	_	linguistic	_	none	ProsodicLink=Yes	Begin=216.262	_	_	_	_
73-1	TOI020	73	73	1	eh	eh	_	_	_	_	_	linguistic	_	none	_	_	_	_	_	_
73-2	TOI020	73	73	2	novantadue	novantadue	_	_	_	_	_	linguistic	_	none	_	_	_	_	_	_
73-3	TOI020	73	73	3	novantatré,	novantatré	_	_	_	_	_	linguistic	_	none	Intonation=WeaklyRising	End=219.056	_	_	_	_
74-0	TOI020	74	74	0	ho	ho	_	_	_	_	_	linguistic	_	none	_	Begin=219.651	_	_	_	_
74-1	TOI020	74	74	1	fatto	fatto	_	_	_	_	_	linguistic	_	none	_	_	_	_	_	_
74-2	TOI020	74	74	2	l'	l'	_	_	_	_	_	linguistic	_	none	SpaceAfter=No	_	_	_	_	_
74-3	TOI020	74	74	3	educatore	educatore	_	_	_	_	_	linguistic	_	none	_	_	_	_	_	_
74-4	TOI020	74	74	4	con	con	_	_	_	_	_	linguistic	_	none	_	_	_	_	_	_
74-5	TOI020	74	74	5	i	i	_	_	_	_	_	linguistic	_	none	_	_	_	_	_	_
74-6	TOI020	74	74	6	bambini	bambini	_	_	_	_	_	linguistic	_	none	_	_	_	_	_	_
74-7	TOI020	74	74	7	da	da	_	_	_	_	_	linguistic	_	none	_	_	_	_	_	_
74-8	TOI020	74	74	8	zero	zero	_	_	_	_	_	linguistic	_	none	_	_	_	_	_	_
74-9	TOI020	74	74	9	a	a	_	_	_	_	_	linguistic	_	none	_	_	_	_	_	_
74-10	TOI020	74	74	10	tre	tre	_	_	_	_	_	linguistic	_	none	_	_	_	_	_	_
74-11	TOI020	74	74	11	anni,	anni	_	_	_	_	_	linguistic	_	none	Intonation=WeaklyRising	End=223.147	_	_	_	_
75-0	TOI020	75	75	0	poi	poi	_	_	_	_	_	linguistic	_	none	_	Begin=224.212	_	_	_	_
75-1	TOI020	75	75	1	dal	dal	_	_	_	_	_	linguistic	_	none	_	_	_	_	_	_
75-2	TOI020	75	75	2	novantatre	novantatre	_	_	_	_	_	linguistic	_	none	_	_	_	_	_	_
75-3	TOI020	75	75	3	al	al	_	_	_	_	_	linguistic	_	none	_	_	_	_	_	_
75-4	TOI020	75	75	4	duemila	duemila	_	_	_	_	_	linguistic	_	none	PauseAfter=Yes	_	_	_	_	_
75-5	TOI020	75	75	5	(.)	(.)	_	_	_	_	_	shortpause	_	none	_	_	_	_	_	_
75-6	TOI020	75	75	6	e	e	_	_	_	_	_	linguistic	_	none	_	_	_	_	_	_
75-7	TOI020	75	75	7	tre	tre	_	_	_	_	_	linguistic	_	none	_	_	_	_	_	_
75-8	TOI020	75	75	8	ho	ho	_	_	_	_	_	linguistic	_	none	_	_	_	_	_	_
75-9	TOI020	75	75	9	fatto:	fatto	_	_	_	_	_	linguistic	_	none	_	_	4x1	_	_	_
75-10	TOI020	75	75	10	l'	l'	_	_	_	_	_	linguistic	_	none	SpaceAfter=No	_	_	_	_	_
75-11	TOI020	75	75	11	economa	economa	_	_	_	_	_	linguistic	_	none	_	End=230.742	_	_	_	_
76-0	TOI020	76	76	0	che	che	_	_	_	_	_	linguistic	_	none	_	Begin=231.106	_	_	_	_
76-1	TOI020	76	76	1	sarebbe::	sarebbe	_	_	_	_	_	linguistic	_	none	_	_	6x2	_	_	_
76-2	TOI020	76	76	2	anzi	anzi	_	_	_	_	_	linguistic	_	none	_	_	_	_	_	_
76-3	TOI020	76	76	3	una	una	_	_	_	_	_	linguistic	_	none	_	_	_	_	_	_
76-4	TOI020	76	76	4	facente	facente	_	_	_	_	_	linguistic	_	none	_	_	_	_	_	_
76-5	TOI020	76	76	5	funzioni	funzioni	_	_	_	_	_	linguistic	_	none	_	End=234.886	_	_	_	_
77-0	TOI020	77	77	0	e	e	_	_	_	_	_	linguistic	_	none	_	Begin=235.064	_	_	_	_
77-1	TOI020	77	77	1	di	di	_	_	_	_	_	linguistic	_	none	_	_	_	_	_	_
77-2	TOI020	77	77	2	quindi	quindi	_	_	_	_	_	linguistic	_	none	_	_	_	_	_	_
77-3	TOI020	77	77	3	mi	mi	_	_	_	_	_	linguistic	_	none	_	_	_	_	_	_
77-4	TOI020	77	77	4	or~	or~	_	_	_	_	_	linguistic	_	none	Interrupted=Yes	_	_	_	_	_
77-5	TOI020	77	77	5	mi	mi	_	_	_	_	_	linguistic	_	none	_	_	_	_	_	_
77-6	TOI020	77	77	6	gestivo	gestivo	_	_	_	_	_	linguistic	_	none	_	_	_	_	_	_
77-7	TOI020	77	77	7	l'	l'	_	_	_	_	_	linguistic	_	none	SpaceAfter=No	_	_	_	_	_
77-8	TOI020	77	77	8	organico	organico	_	_	_	_	_	linguistic	_	none	_	_	_	_	_	_
77-9	TOI020	77	77	9	del	del	_	_	_	_	_	linguistic	_	none	_	_	_	_	_	_
77-10	TOI020	77	77	10	nido:	nido	_	_	_	_	_	linguistic	_	none	_	_	3x1	_	_	_
77-11	TOI020	77	77	11	e	e	_	_	_	_	_	linguistic	_	none	_	_	_	_	_	_
77-12	TOI020	77	77	12	insomma	insomma	_	_	_	_	_	linguistic	_	none	_	_	_	_	_	_
77-13	TOI020	77	77	13	tutto	tutto	_	_	_	_	_	linguistic	_	none	_	_	_	_	_	_
77-14	TOI020	77	77	14	quello	quello	_	_	_	_	_	linguistic	_	none	_	_	_	_	_	_
77-15	TOI020	77	77	15	che	che	_	_	_	_	_	linguistic	_	none	_	End=240.08	_	_	_	_
78-0	TOR004	78	78	0	relaz[ione]:	relazione	_	_	_	_	_	linguistic	_	none	_	Begin=240.309	8x1	_	_	5-9(38)
78-1	TOR004	78	78	1	personale	personale	_	_	_	_	_	linguistic	_	none	_	_	_	_	_	_
78-2	TOR004	78	78	2	[inso~]	inso~	_	_	_	_	_	linguistic	_	none	Interrupted=Yes	End=242.363	_	_	_	0-5(37)
79-0	TOI020	79	79	0	[e	e	_	_	_	_	_	linguistic	_	none	_	Begin=240.804	_	_	_	0-1(38)
79-1	TOI020	79	79	1	la~]	la~	_	_	_	_	_	linguistic	_	none	Interrupted=Yes	End=241.207	_	_	_	0-3(38)
80-0	TOI020	80	80	0	[pers]ona:le	personale	_	_	_	_	_	linguistic	_	none	_	Begin=241.999	6x1	_	_	0-4(37)
80-1	TOI020	80	80	1	pubblico	pubblico	_	_	_	_	_	linguistic	_	none	_	_	_	_	_	_
80-2	TOI020	80	80	2	sì,	sì	_	_	_	_	_	linguistic	_	none	Intonation=WeaklyRising	End=244.209	_	_	_	_
81-0	TOI020	81	81	0	eh	eh	_	_	_	_	_	linguistic	_	none	_	Begin=244.646	_	_	_	_
81-1	TOI020	81	81	1	amministrazio:ne	amministrazione	_	_	_	_	_	linguistic	_	none	_	_	12x1	_	_	_
81-2	TOI020	81	81	2	[tutto	tutto	_	_	_	_	_	linguistic	_	none	_	_	_	_	_	0-5(39)
81-3	TOI020	81	81	3	quan]to,	quanto	_	_	_	_	_	linguistic	_	none	Intonation=WeaklyRising	End=247.398	_	_	_	0-4(39)
82-0	TOR004	82	82	0	[caspita]	caspita	_	_	_	_	_	linguistic	_	none	_	Begin=246.51|End=247.067	_	_	_	0-7(39)
83-0	TOI020	83	83	0	e	e	_	_	_	_	_	linguistic	_	none	ProsodicLink=Yes	Begin=248.014	_	_	_	_
83-1	TOI020	83	83	1	p:poi:	ppoi	_	_	_	_	_	linguistic	_	none	_	_	0x1,3x1	_	_	_
83-2	TOI020	83	83	2	e::hm	ehm	_	_	_	_	_	linguistic	_	none	_	_	0x2	_	_	_
83-3	TOI020	83	83	3	sono:::	sono	_	_	_	_	_	linguistic	_	none	ProsodicLink=Yes	_	3x3	_	_	_
83-4	TOI020	83	83	4	mh	mh	_	_	_	_	_	linguistic	_	none	_	_	_	_	_	_
83-5	TOI020	83	83	5	andata	andata	_	_	_	_	_	linguistic	_	none	_	_	_	_	_	_
83-6	TOI020	83	83	6	negli	negli	_	_	_	_	_	linguistic	_	none	_	_	_	_	_	_
83-7	TOI020	83	83	7	uffici	uffici	_	_	_	_	_	linguistic	_	none	_	End=253.85	_	_	_	_
84-0	TOI020	84	84	0	in	in	_	_	_	_	_	linguistic	_	none	_	Begin=254.291	_	_	_	_
84-1	TOI020	84	84	1	circoscrizione,	circoscrizione	_	_	_	_	_	linguistic	_	none	Intonation=WeaklyRising	End=255.715	_	_	_	_
85-0	TOI020	85	85	0	dove,	dove	_	_	_	_	_	linguistic	_	none	Intonation=WeaklyRising|PauseAfter=Yes	Begin=256.351	_	_	_	_
85-1	TOI020	85	85	1	(.)	(.)	_	_	_	_	_	shortpause	_	none	_	_	_	_	_	_
85-2	TOI020	85	85	2	per	per	_	_	_	_	_	linguistic	_	none	_	_	_	_	_	_
85-3	TOI020	85	85	3	un	un	_	_	_	_	_	linguistic	_	none	_	_	_	_	_	_
85-4	TOI020	85	85	4	periodo	periodo	_	_	_	_	_	linguistic	_	none	_	_	_	_	_	_
85-5	TOI020	85	85	5	mi	mi	_	_	_	_	_	linguistic	_	none	_	_	_	_	_	_
85-6	TOI020	85	85	6	sono	sono	_	_	_	_	_	linguistic	_	none	_	_	_	_	_	_
85-7	TOI020	85	85	7	occupata	occupata	_	_	_	_	_	linguistic	_	none	_	_	_	_	_	_
85-8	TOI020	85	85	8	delle	delle	_	_	_	_	_	linguistic	_	none	_	_	_	_	_	_
85-9	TOI020	85	85	9	s~	s~	_	_	_	_	_	linguistic	_	none	Interrupted=Yes	_	_	_	_	_
85-10	TOI020	85	85	10	sempre	sempre	_	_	_	_	_	linguistic	_	none	_	_	_	_	_	_
85-11	TOI020	85	85	11	del	del	_	_	_	_	_	linguistic	_	none	_	_	_	_	_	_
85-12	TOI020	85	85	12	dell'	dell'	_	_	_	_	_	linguistic	_	none	SpaceAfter=No	_	_	_	_	_
85-13	TOI020	85	85	13	istruzione	istruzione	_	_	_	_	_	linguistic	_	none	_	_	_	_	_	_
85-14	TOI020	85	85	14	ero	ero	_	_	_	_	_	linguistic	_	none	_	_	_	_	_	_
85-15	TOI020	85	85	15	all'	all'	_	_	_	_	_	linguistic	_	none	SpaceAfter=No	_	_	_	_	_
85-16	TOI020	85	85	16	uffucio	uffucio	_	_	_	_	_	linguistic	_	none	_	_	_	_	_	_
85-17	TOI020	85	85	17	istruzione.	istruzione	_	_	_	_	_	linguistic	_	none	Intonation=Falling	End=263.139	_	_	_	_
86-0	TOI020	86	86	0	poi	poi	_	_	_	_	_	linguistic	_	none	_	Begin=263.911	_	_	_	_
86-1	TOI020	86	86	1	dall'	dall'	_	_	_	_	_	linguistic	_	none	SpaceAfter=No	_	_	_	_	_
86-2	TOI020	86	86	2	ufficio	ufficio	_	_	_	_	_	linguistic	_	none	_	_	_	_	_	_
86-3	TOI020	86	86	3	istruzione	istruzione	_	_	_	_	_	linguistic	_	none	_	_	_	_	_	_
86-4	TOI020	86	86	4	sono	sono	_	_	_	_	_	linguistic	_	none	_	_	_	_	_	_
86-5	TOI020	86	86	5	andata	andata	_	_	_	_	_	linguistic	_	none	_	_	_	_	_	_
86-6	TOI020	86	86	6	all'	all'	_	_	_	_	_	linguistic	_	none	SpaceAfter=No	_	_	_	_	_
86-7	TOI020	86	86	7	ufficio	ufficio	_	_	_	_	_	linguistic	_	none	PauseAfter=Yes	_	_	_	_	_
86-8	TOI020	86	86	8	(.)	(.)	_	_	_	_	_	shortpause	_	none	_	_	_	_	_	_
86-9	TOI020	86	86	9	lavoro,	lavoro	_	_	_	_	_	linguistic	_	none	Intonation=WeaklyRising	End=268.302	_	_	_	_
87-0	TOR004	87	87	0	mh	mh	_	_	_	_	_	linguistic	_	none	_	Begin=268.745	_	_	_	_
87-1	TOR004	87	87	1	mh	mh	_	_	_	_	_	linguistic	_	none	_	End=269.213	_	_	_	_
88-0	TOI020	88	88	0	eh	eh	_	_	_	_	_	linguistic	_	none	_	Begin=269.436	_	_	_	_
88-1	TOI020	88	88	1	dove:	dove	_	_	_	_	_	linguistic	_	none	_	_	3x1	_	_	_
88-2	TOI020	88	88	2	mi	mi	_	_	_	_	_	linguistic	_	none	_	_	_	_	_	_
88-3	TOI020	88	88	3	occupavo	occupavo	_	_	_	_	_	linguistic	_	none	_	_	_	_	_	_
88-4	TOI020	88	88	4	di:	di	_	_	_	_	_	linguistic	_	none	_	_	1x1	_	_	_
88-5	TOI020	88	88	5	disoccupa:ti,	disoccupati	_	_	_	_	_	linguistic	_	none	Intonation=WeaklyRising	_	8x1	_	_	_
88-6	TOI020	88	88	6	cantieri:sti,	cantieristi	_	_	_	_	_	linguistic	_	none	Intonation=WeaklyRising	_	7x1	_	_	_
88-7	TOI020	88	88	7	eccetera	eccetera	_	_	_	_	_	linguistic	_	none	_	_	_	_	_	_
88-8	TOI020	88	88	8	eccetera.	eccetera	_	_	_	_	_	linguistic	_	none	Intonation=Falling	End=274.789	_	_	_	_
89-0	TOI020	89	89	0	nel	nel	_	_	_	_	_	linguistic	_	none	_	Begin=274.866	_	_	_	_
89-1	TOI020	89	89	1	frattempo	frattempo	_	_	_	_	_	linguistic	_	none	_	_	_	_	_	_
89-2	TOI020	89	89	2	ho	ho	_	_	_	_	_	linguistic	_	none	_	_	_	_	_	_
89-3	TOI020	89	89	3	fatto	fatto	_	_	_	_	_	linguistic	_	none	_	_	_	_	_	_
89-4	TOI020	89	89	4	anche	anche	_	_	_	_	_	linguistic	_	none	_	_	_	_	_	_
89-5	TOI020	89	89	5	gestione	gestione	_	_	_	_	_	linguistic	_	none	_	_	_	_	_	_
89-6	TOI020	89	89	6	del	del	_	_	_	_	_	linguistic	_	none	_	_	_	_	_	_
89-7	TOI020	89	89	7	personale	personale	_	_	_	_	_	linguistic	_	none	_	End=278.308	_	_	_	_
90-0	TOI020	90	90	0	di	di	_	_	_	_	_	linguistic	_	none	_	Begin=279.18	_	_	_	_
90-1	TOI020	90	90	1	(cantieristi),	cantieristi	_	_	_	_	_	linguistic	_	none	Intonation=WeaklyRising	End=280.528	_	_	0-11(0)	_
91-0	TOR004	91	91	0	mh	mh	_	_	_	_	_	linguistic	_	none	_	Begin=280.656	_	_	_	_
91-1	TOR004	91	91	1	mh	mh	_	_	_	_	_	linguistic	_	none	_	End=281.097	_	_	_	_
92-0	TOI020	92	92	0	e	e	_	_	_	_	_	linguistic	_	none	_	Begin=281.268	_	_	_	_
92-1	TOI020	92	92	1	anche::	anche	_	_	_	_	_	linguistic	_	none	ProsodicLink=Yes	_	4x2	_	_	_
92-2	TOI020	92	92	2	mh	mh	_	_	_	_	_	linguistic	_	none	_	End=282.794	_	_	_	_
93-0	TOI020	93	93	0	operatori:	operatori	_	_	_	_	_	linguistic	_	none	_	Begin=283.537	8x1	_	_	_
93-1	TOI020	93	93	1	del	del	_	_	_	_	_	linguistic	_	none	_	_	_	_	_	_
93-2	TOI020	93	93	2	servizio,	servizio	_	_	_	_	_	linguistic	_	none	Intonation=WeaklyRising	End=285.815	_	_	_	_
94-0	TOR004	94	94	0	per	per	_	_	_	_	_	linguistic	_	none	_	Begin=285.974	_	_	_	_
94-1	TOR004	94	94	1	il	il	_	_	_	_	_	linguistic	_	none	_	_	_	_	_	_
94-2	TOR004	94	94	2	comune	comune	_	_	_	_	_	linguistic	_	none	_	_	_	_	_	_
94-3	TOR004	94	94	3	di	di	_	_	_	_	_	linguistic	_	none	_	_	_	_	_	_
94-4	TOR004	94	94	4	tor[ino	torino	_	_	_	_	_	linguistic	_	none	_	_	_	_	_	3-6(40)
94-5	TOR004	94	94	5	quin(di)]	quindi	_	_	_	_	_	linguistic	_	none	_	End=287.289	_	_	4-6(0)	0-6(40)
95-0	TOI020	95	95	0	[sempre]	sempre	_	_	_	_	_	linguistic	_	none	_	Begin=286.857	_	_	_	0-6(40)
95-1	TOI020	95	95	1	tutto	tutto	_	_	_	_	_	linguistic	_	none	_	_	_	_	_	_
95-2	TOI020	95	95	2	per	per	_	_	_	_	_	linguistic	_	none	_	_	_	_	_	_
95-3	TOI020	95	95	3	il	il	_	_	_	_	_	linguistic	_	none	_	_	_	_	_	_
95-4	TOI020	95	95	4	comune	comune	_	_	_	_	_	linguistic	_	none	_	_	_	_	_	_
95-5	TOI020	95	95	5	di	di	_	_	_	_	_	linguistic	_	none	_	_	_	_	_	_
95-6	TOI020	95	95	6	torino	torino	_	_	_	_	_	linguistic	_	none	_	_	_	_	_	_
95-7	TOI020	95	95	7	ho	ho	_	_	_	_	_	linguistic	_	none	_	_	_	_	_	_
95-8	TOI020	95	95	8	sempre	sempre	_	_	_	_	_	linguistic	_	none	_	_	_	_	_	_
95-9	TOI020	95	95	9	lavorato	lavorato	_	_	_	_	_	linguistic	_	none	_	_	_	_	_	_
95-10	TOI020	95	95	10	solo	solo	_	_	_	_	_	linguistic	_	none	_	_	_	_	_	_
95-11	TOI020	95	95	11	per	per	_	_	_	_	_	linguistic	_	none	_	_	_	_	_	_
95-12	TOI020	95	95	12	il	il	_	_	_	_	_	linguistic	_	none	_	_	_	_	_	_
95-13	TOI020	95	95	13	comune	comune	_	_	_	_	_	linguistic	_	none	_	_	_	_	_	_
95-14	TOI020	95	95	14	di	di	_	_	_	_	_	linguistic	_	none	_	_	_	_	_	_
95-15	TOI020	95	95	15	torino.	torino	_	_	_	_	_	linguistic	_	none	Intonation=Falling	End=291.286	_	_	_	_
96-0	TOI020	96	96	0	e::	e	_	_	_	_	_	linguistic	_	none	_	Begin=292.111	0x2	_	_	_
96-1	TOI020	96	96	1	e	e	_	_	_	_	_	linguistic	_	none	ProsodicLink=Yes	_	_	_	_	_
96-2	TOI020	96	96	2	p:oi	poi	_	_	_	_	_	linguistic	_	none	_	_	0x1	_	_	_
96-3	TOI020	96	96	3	sempre	sempre	_	_	_	_	_	linguistic	_	none	_	_	_	_	_	_
96-4	TOI020	96	96	4	all'	all'	_	_	_	_	_	linguistic	_	none	SpaceAfter=No	_	_	_	_	_
96-5	TOI020	96	96	5	interno	interno	_	_	_	_	_	linguistic	_	none	_	_	_	_	_	_
96-6	TOI020	96	96	6	della	della	_	_	_	_	_	linguistic	_	none	_	_	_	_	_	_
96-7	TOI020	96	96	7	cirscoscrizione	cirscoscrizione	_	_	_	_	_	linguistic	_	none	_	End=296.865	_	_	_	_
97-0	TOI020	97	97	0	ho	ho	_	_	_	_	_	linguistic	_	none	_	Begin=297.13	_	_	_	_
97-1	TOI020	97	97	1	cambiato:	cambiato	_	_	_	_	_	linguistic	_	none	_	_	7x1	_	_	_
97-2	TOI020	97	97	2	ufficio	ufficio	_	_	_	_	_	linguistic	_	none	_	_	_	_	_	_
97-3	TOI020	97	97	3	perché	perché	_	_	_	_	_	linguistic	_	none	_	_	_	_	_	_
97-4	TOI020	97	97	4	li	li	_	_	_	_	_	linguistic	_	none	_	_	_	_	_	_
97-5	TOI020	97	97	5	c'	c'	_	_	_	_	_	linguistic	_	none	SpaceAfter=No	_	_	_	_	_
97-6	TOI020	97	97	6	era:	era	_	_	_	_	_	linguistic	_	none	_	End=300.143	2x1	_	_	_
98-0	TOI020	98	98	0	ormai	ormai	_	_	_	_	_	linguistic	_	none	_	Begin=300.637	_	_	_	_
98-1	TOI020	98	98	1	poco	poco	_	_	_	_	_	linguistic	_	none	_	_	_	_	_	_
98-2	TOI020	98	98	2	perché	perché	_	_	_	_	_	linguistic	_	none	_	_	_	_	_	_
98-3	TOI020	98	98	3	con	con	_	_	_	_	_	linguistic	_	none	_	_	_	_	_	_
98-4	TOI020	98	98	4	la:	la	_	_	_	_	_	linguistic	_	none	_	_	1x1	_	_	_
98-5	TOI020	98	98	5	disoccupazione	disoccupazione	_	_	_	_	_	linguistic	_	none	_	_	_	_	_	_
98-6	TOI020	98	98	6	e	e	_	_	_	_	_	linguistic	_	none	_	_	_	_	_	_
98-7	TOI020	98	98	7	tutto	tutto	_	_	_	_	_	linguistic	_	none	_	_	_	_	_	_
98-8	TOI020	98	98	8	quanto	quanto	_	_	_	_	_	linguistic	_	none	_	_	_	_	_	_
98-9	TOI020	98	98	9	le	le	_	_	_	_	_	linguistic	_	none	_	_	_	_	_	_
98-10	TOI020	98	98	10	offerte	offerte	_	_	_	_	_	linguistic	_	none	_	_	_	_	_	_
98-11	TOI020	98	98	11	di	di	_	_	_	_	_	linguistic	_	none	_	_	_	_	_	_
98-12	TOI020	98	98	12	lavoro	lavoro	_	_	_	_	_	linguistic	_	none	_	End=305.501	_	_	_	_
99-0	TOR004	99	99	0	non	non	_	_	_	_	_	linguistic	_	none	ProsodicLink=Yes	Begin=305.783	_	_	_	_
99-1	TOR004	99	99	1	[non	non	_	_	_	_	_	linguistic	_	none	_	_	_	_	_	0-3(41)
99-2	TOR004	99	99	2	erano]	erano	_	_	_	_	_	linguistic	_	none	_	End=306.686	_	_	_	0-5(41)
100-0	TOI020	100	100	0	[non	non	_	_	_	_	_	linguistic	_	none	_	Begin=305.999	_	_	_	0-3(41)
100-1	TOI020	100	100	1	c~]	c~	_	_	_	_	_	linguistic	_	none	Interrupted=Yes	_	_	_	_	0-2(41)
100-2	TOI020	100	100	2	non	non	_	_	_	_	_	linguistic	_	none	_	_	_	_	_	_
100-3	TOI020	100	100	3	ce	ce	_	_	_	_	_	linguistic	_	none	_	_	_	_	_	_
100-4	TOI020	100	100	4	n'	n'	_	_	_	_	_	linguistic	_	none	SpaceAfter=No	_	_	_	_	_
100-5	TOI020	100	100	5	erano	erano	_	_	_	_	_	linguistic	_	none	_	_	_	_	_	_
100-6	TOI020	100	100	6	quindi	quindi	_	_	_	_	_	linguistic	_	none	_	_	_	_	_	_
100-7	TOI020	100	100	7	avevamo:	avevamo	_	_	_	_	_	linguistic	_	none	_	End=309.0	6x1	_	_	_
101-0	TOI020	101	101	0	poco:	poco	_	_	_	_	_	linguistic	_	none	_	Begin=309.482	3x1	_	_	_
101-1	TOI020	101	101	1	da	da	_	_	_	_	_	linguistic	_	none	_	_	_	_	_	_
101-2	TOI020	101	101	2	da	da	_	_	_	_	_	linguistic	_	none	_	_	_	_	_	_
101-3	TOI020	101	101	3	offrire	offrire	_	_	_	_	_	linguistic	_	none	_	_	_	_	_	_
101-4	TOI020	101	101	4	e	e	_	_	_	_	_	linguistic	_	none	_	_	_	_	_	_
101-5	TOI020	101	101	5	le	le	_	_	_	_	_	linguistic	_	none	_	_	_	_	_	_
101-6	TOI020	101	101	6	persone	persone	_	_	_	_	_	linguistic	_	none	_	_	_	_	_	_
101-7	TOI020	101	101	7	eravamo	eravamo	_	_	_	_	_	linguistic	_	none	_	End=312.77	_	_	_	_
102-0	TOI020	102	102	0	insomma	insomma	_	_	_	_	_	linguistic	_	none	PauseAfter=Yes	Begin=313.394	_	_	_	_
102-1	TOI020	102	102	1	(.)	(.)	_	_	_	_	_	shortpause	_	none	_	_	_	_	_	_
102-2	TOI020	102	102	2	e::h	eh	_	_	_	_	_	linguistic	_	none	_	End=315.319	0x2	_	_	_
103-0	TOI020	103	103	0	più	più	_	_	_	_	_	linguistic	_	none	_	Begin=316.118	_	_	_	_
103-1	TOI020	103	103	1	che	che	_	_	_	_	_	linguistic	_	none	_	_	_	_	_	_
103-2	TOI020	103	103	2	sufficienti	sufficienti	_	_	_	_	_	linguistic	_	none	_	_	_	_	_	_
103-3	TOI020	103	103	3	e	e	_	_	_	_	_	linguistic	_	none	_	_	_	_	_	_
103-4	TOI020	103	103	4	quindi	quindi	_	_	_	_	_	linguistic	_	none	_	_	_	_	_	_
103-5	TOI020	103	103	5	io	io	_	_	_	_	_	linguistic	_	none	_	_	_	_	_	_
103-6	TOI020	103	103	6	m	m	_	_	_	_	_	linguistic	_	none	ProsodicLink=Yes	_	_	_	_	_
103-7	TOI020	103	103	7	e:h	eh	_	_	_	_	_	linguistic	_	none	_	_	0x1	_	_	_
103-8	TOI020	103	103	8	sono	sono	_	_	_	_	_	linguistic	_	none	_	_	_	_	_	_
103-9	TOI020	103	103	9	andata	andata	_	_	_	_	_	linguistic	_	none	_	End=319.516	_	_	_	_
104-0	TOI020	104	104	0	all'	all'	_	_	_	_	_	linguistic	_	none	SpaceAfter=No	Begin=319.974	_	_	_	_
104-1	TOI020	104	104	1	ufficio	ufficio	_	_	_	_	_	linguistic	_	none	_	_	_	_	_	_
104-2	TOI020	104	104	2	anagrafico,	anagrafico	_	_	_	_	_	linguistic	_	none	Intonation=WeaklyRising	End=321.716	_	_	_	_
105-0	TOI020	105	105	0	dove:	dove	_	_	_	_	_	linguistic	_	none	_	Begin=322.079	3x1	_	_	_
105-1	TOI020	105	105	1	sono	sono	_	_	_	_	_	linguistic	_	none	_	_	_	_	_	_
105-2	TOI020	105	105	2	ancora	ancora	_	_	_	_	_	linguistic	_	none	_	_	_	_	_	_
105-3	TOI020	105	105	3	adesso.	adesso	_	_	_	_	_	linguistic	_	none	Intonation=Falling	End=324.007	_	_	_	_
106-0	TOR004	106	106	0	e	e	_	_	_	_	_	linguistic	_	none	_	Begin=324.026	_	_	_	_
106-1	TOR004	106	106	1	di	di	_	_	_	_	_	linguistic	_	none	_	_	_	_	_	_
106-2	TOR004	106	106	2	cosa	cosa	_	_	_	_	_	linguistic	_	none	_	_	_	_	_	_
106-3	TOR004	106	106	3	ti	ti	_	_	_	_	_	linguistic	_	none	_	_	_	_	_	_
106-4	TOR004	106	106	4	occupi	occupi	_	_	_	_	_	linguistic	_	none	_	_	_	_	_	_
106-5	TOR004	106	106	5	adesso?	adesso	_	_	_	_	_	linguistic	_	none	Intonation=Rising	End=325.394	_	_	_	_
107-0	TOI020	107	107	0	(a)desso:	adesso	_	_	_	_	_	linguistic	_	none	_	Begin=325.394	5x1	_	0-1(0)	_
107-1	TOI020	107	107	1	sono:	sono	_	_	_	_	_	linguistic	_	none	_	_	3x1	_	_	_
107-2	TOI020	107	107	2	all'	all'	_	_	_	_	_	linguistic	_	none	SpaceAfter=No	_	_	_	_	_
107-3	TOI020	107	107	3	anagrafe	anagrafe	_	_	_	_	_	linguistic	_	none	_	_	_	_	_	_
107-4	TOI020	107	107	4	di	di	_	_	_	_	_	linguistic	_	none	_	_	_	_	_	_
107-5	TOI020	107	107	5	via	via	_	_	_	_	_	linguistic	_	none	_	_	_	_	_	_
107-6	TOI020	107	107	6	dove	dove	_	_	_	_	_	linguistic	_	none	_	_	_	_	_	_
107-7	TOI020	107	107	7	facciamo::	facciamo	_	_	_	_	_	linguistic	_	none	_	_	7x2	_	_	_
107-8	TOI020	107	107	8	noi	noi	_	_	_	_	_	linguistic	_	none	_	_	_	_	_	_
107-9	TOI020	107	107	9	non	non	_	_	_	_	_	linguistic	_	none	ProsodicLink=Yes	_	_	_	_	_
107-10	TOI020	107	107	10	e:h	eh	_	_	_	_	_	linguistic	_	none	_	_	0x1	_	_	_
107-11	TOI020	107	107	11	non	non	_	_	_	_	_	linguistic	_	none	_	_	_	_	_	_
107-12	TOI020	107	107	12	abbiamo	abbiamo	_	_	_	_	_	linguistic	_	none	_	_	_	_	_	_
107-13	TOI020	107	107	13	l'	l'	_	_	_	_	_	linguistic	_	none	SpaceAfter=No	_	_	_	_	_
107-14	TOI020	107	107	14	ufficio	ufficio	_	_	_	_	_	linguistic	_	none	_	_	_	_	_	_
107-15	TOI020	107	107	15	dove	dove	_	_	_	_	_	linguistic	_	none	_	_	_	_	_	_
107-16	TOI020	107	107	16	fa	fa	_	_	_	_	_	linguistic	_	none	_	End=332.727	_	_	_	_
108-0	TOI020	108	108	0	o	o	_	_	_	_	_	linguistic	_	none	_	Begin=333.071	_	_	_	_
108-1	TOI020	108	108	1	solo	solo	_	_	_	_	_	linguistic	_	none	_	_	_	_	_	_
108-2	TOI020	108	108	2	lo	lo	_	_	_	_	_	linguistic	_	none	_	_	_	_	_	_
108-3	TOI020	108	108	3	stato	stato	_	_	_	_	_	linguistic	_	none	_	_	_	_	_	_
108-4	TOI020	108	108	4	civi:le	civile	_	_	_	_	_	linguistic	_	none	_	_	3x1	_	_	_
108-5	TOI020	108	108	5	o	o	_	_	_	_	_	linguistic	_	none	_	_	_	_	_	_
108-6	TOI020	108	108	6	solo:	solo	_	_	_	_	_	linguistic	_	none	_	End=335.667	3x1	_	_	_
109-0	TOI020	109	109	0	e:h	eh	_	_	_	_	_	linguistic	_	none	_	Begin=335.963	0x1	_	_	_
109-1	TOI020	109	109	1	l'	l'	_	_	_	_	_	linguistic	_	none	SpaceAfter=No	_	_	_	_	_
109-2	TOI020	109	109	2	immigrazioni	immigrazioni	_	_	_	_	_	linguistic	_	none	_	_	_	_	_	_
109-3	TOI020	109	109	3	o	o	_	_	_	_	_	linguistic	_	none	_	_	_	_	_	_
109-4	TOI020	109	109	4	le	le	_	_	_	_	_	linguistic	_	none	_	_	_	_	_	_
109-5	TOI020	109	109	5	re[sidenz]e	residenze	_	_	_	_	_	linguistic	_	none	_	_	_	_	_	1-8(42)
109-6	TOI020	109	109	6	o	o	_	_	_	_	_	linguistic	_	none	_	_	_	_	_	_
109-7	TOI020	109	109	7	le	le	_	_	_	_	_	linguistic	_	none	_	_	_	_	_	_
109-8	TOI020	109	109	8	carte	carte	_	_	_	_	_	linguistic	_	none	_	_	_	_	_	_
109-9	TOI020	109	109	9	d'	d'	_	_	_	_	_	linguistic	_	none	SpaceAfter=No	_	_	_	_	_
109-10	TOI020	109	109	10	identità	identità	_	_	_	_	_	linguistic	_	none	_	_	_	_	_	_
109-11	TOI020	109	109	11	ma	ma	_	_	_	_	_	linguistic	_	none	_	_	_	_	_	_
109-12	TOI020	109	109	12	noi	noi	_	_	_	_	_	linguistic	_	none	_	_	_	_	_	_
109-13	TOI020	109	109	13	siamo	siamo	_	_	_	_	_	linguistic	_	none	_	_	_	_	_	_
109-14	TOI020	109	109	14	un	un	_	_	_	_	_	linguistic	_	none	_	_	_	_	_	_
109-15	TOI020	109	109	15	ufficio	ufficio	_	_	_	_	_	linguistic	_	none	_	_	_	_	_	_
109-16	TOI020	109	109	16	dove	dove	_	_	_	_	_	linguistic	_	none	_	_	_	_	_	_
109-17	TOI020	109	109	17	tutti	tutti	_	_	_	_	_	linguistic	_	none	_	_	_	_	_	_
109-18	TOI020	109	109	18	gli	gli	_	_	_	_	_	linguistic	_	none	_	_	_	_	_	_
109-19	TOI020	109	109	19	operato[ri	operatori	_	_	_	_	_	linguistic	_	none	_	_	_	_	_	5-9(43)
109-20	TOI020	109	109	20	sanno	sanno	_	_	_	_	_	linguistic	_	none	_	_	_	_	_	0-5(43)
109-21	TOI020	109	109	21	fare]	fare	_	_	_	_	_	linguistic	_	none	_	_	_	_	_	0-3(43)
109-22	TOI020	109	109	22	tutto,	tutto	_	_	_	_	_	linguistic	_	none	Intonation=WeaklyRising	End=343.917	_	_	_	_
110-0	TOR004	110	110	0	[okay]	okay	_	_	_	_	_	linguistic	_	none	_	Begin=337.787|End=338.287	_	_	_	0-4(42)
111-0	TOR004	111	111	0	[fanno	fanno	_	_	_	_	_	linguistic	_	none	_	Begin=342.505	_	_	_	0-5(43)
111-1	TOR004	111	111	1	tutto].	tutto	_	_	_	_	_	linguistic	_	none	Intonation=Falling	End=343.361	_	_	_	0-5(43)
112-0	TOI020	112	112	0	e	e	_	_	_	_	_	linguistic	_	none	_	Begin=344.333	_	_	_	_
112-1	TOI020	112	112	1	quindi::	quindi	_	_	_	_	_	linguistic	_	none	ProsodicLink=Yes	_	5x2	_	_	_
112-2	TOI020	112	112	2	m	m	_	_	_	_	_	linguistic	_	none	ProsodicLink=Yes	_	_	_	_	_
112-3	TOI020	112	112	3	e:h	eh	_	_	_	_	_	linguistic	_	none	_	_	0x1	_	_	_
112-4	TOI020	112	112	4	lavoriamo	lavoriamo	_	_	_	_	_	linguistic	_	none	_	_	_	_	_	_
112-5	TOI020	112	112	5	lì	lì	_	_	_	_	_	linguistic	_	none	_	_	_	_	_	_
112-6	TOI020	112	112	6	abbiamo	abbiamo	_	_	_	_	_	linguistic	_	none	PauseAfter=Yes	_	_	_	_	_
112-7	TOI020	112	112	7	(.)	(.)	_	_	_	_	_	shortpause	_	none	_	_	_	_	_	_
112-8	TOI020	112	112	8	un	un	_	_	_	_	_	linguistic	_	none	ProsodicLink=Yes	_	_	_	_	_
112-9	TOI020	112	112	9	eh	eh	_	_	_	_	_	linguistic	_	none	_	_	_	_	_	_
112-10	TOI020	112	112	10	responsabile	responsabile	_	_	_	_	_	linguistic	_	none	_	_	_	_	_	_
112-11	TOI020	112	112	11	che	che	_	_	_	_	_	linguistic	_	none	_	_	_	_	_	_
112-12	TOI020	112	112	12	è	è	_	_	_	_	_	linguistic	_	none	_	_	_	_	_	_
112-13	TOI020	112	112	13	molto	molto	_	_	_	_	_	linguistic	_	none	_	_	_	_	_	_
112-14	TOI020	112	112	14	molto	molto	_	_	_	_	_	linguistic	_	none	_	_	_	_	_	_
112-15	TOI020	112	112	15	brava	brava	_	_	_	_	_	linguistic	_	none	_	_	_	_	_	_
112-16	TOI020	112	112	16	quindi	quindi	_	_	_	_	_	linguistic	_	none	_	End=351.07	_	_	_	_
113-0	TOI020	113	113	0	le	le	_	_	_	_	_	linguistic	_	none	_	Begin=351.561	_	_	_	_
113-1	TOI020	113	113	1	nostre	nostre	_	_	_	_	_	linguistic	_	none	_	_	_	_	_	_
113-2	TOI020	113	113	2	carenze:	carenze	_	_	_	_	_	linguistic	_	none	_	_	6x1	_	_	_
113-3	TOI020	113	113	3	sono	sono	_	_	_	_	_	linguistic	_	none	_	_	_	_	_	_
113-4	TOI020	113	113	4	ben	ben	_	_	_	_	_	linguistic	_	none	_	_	_	_	_	_
113-5	TOI020	113	113	5	coperte	coperte	_	_	_	_	_	linguistic	_	none	_	_	_	_	_	_
113-6	TOI020	113	113	6	da	da	_	_	_	_	_	linguistic	_	none	_	_	_	_	_	_
113-7	TOI020	113	113	7	lei	lei	_	_	_	_	_	linguistic	_	none	_	_	_	_	_	_
113-8	TOI020	113	113	8	e	e	_	_	_	_	_	linguistic	_	none	_	_	_	_	_	_
113-9	TOI020	113	113	9	quindi	quindi	_	_	_	_	_	linguistic	_	none	PauseAfter=Yes	_	_	_	_	_
113-10	TOI020	113	113	10	(.)	(.)	_	_	_	_	_	shortpause	_	none	_	_	_	_	_	_
113-11	TOI020	113	113	11	riu[sciamo:]	riusciamo	_	_	_	_	_	linguistic	_	none	_	End=356.837	8x1	_	_	3-9(44)
114-0	TOR004	114	114	0	[si	si	_	_	_	_	_	linguistic	_	none	_	Begin=356.172	_	_	_	0-2(44)
114-1	TOR004	114	114	1	lavora]	lavora	_	_	_	_	_	linguistic	_	none	_	End=356.827	_	_	_	0-6(44)
115-0	TOI020	115	115	0	sì	sì	_	_	_	_	_	linguistic	_	none	_	Begin=357.301	_	_	_	_
115-1	TOI020	115	115	1	riusciamo	riusciamo	_	_	_	_	_	linguistic	_	none	_	_	_	_	_	_
115-2	TOI020	115	115	2	a	a	_	_	_	_	_	linguistic	_	none	_	_	_	_	_	_
115-3	TOI020	115	115	3	lavorare	lavorare	_	_	_	_	_	linguistic	_	none	_	_	_	_	_	_
115-4	TOI020	115	115	4	bene	bene	_	_	_	_	_	linguistic	_	none	_	_	_	_	_	_
115-5	TOI020	115	115	5	perché	perché	_	_	_	_	_	linguistic	_	none	_	_	_	_	_	_
115-6	TOI020	115	115	6	dove	dove	_	_	_	_	_	linguistic	_	none	_	_	_	_	_	_
115-7	TOI020	115	115	7	tu	tu	_	_	_	_	_	linguistic	_	none	_	_	_	_	_	_
115-8	TOI020	115	115	8	non	non	_	_	_	_	_	linguistic	_	none	_	_	_	_	_	_
115-9	TOI020	115	115	9	arrivi:	arrivi	_	_	_	_	_	linguistic	_	none	_	_	5x1	_	_	_
115-10	TOI020	115	115	10	c'	c'	_	_	_	_	_	linguistic	_	none	SpaceAfter=No	_	_	_	_	_
115-11	TOI020	115	115	11	è	è	_	_	_	_	_	linguistic	_	none	_	_	_	_	_	_
115-12	TOI020	115	115	12	lei	lei	_	_	_	_	_	linguistic	_	none	_	_	_	_	_	_
115-13	TOI020	115	115	13	[che	che	_	_	_	_	_	linguistic	_	none	_	_	_	_	_	0-3(45)
115-14	TOI020	115	115	14	comunque	comunque	_	_	_	_	_	linguistic	_	none	_	_	_	_	_	0-8(45)
115-15	TOI020	115	115	15	ti	ti	_	_	_	_	_	linguistic	_	none	_	_	_	_	_	0-2(45)
115-16	TOI020	115	115	16	a]iuta	aiuta	_	_	_	_	_	linguistic	_	none	_	End=362.482	_	_	_	0-1(45)
116-0	TOR004	116	116	0	[per	per	_	_	_	_	_	linguistic	_	none	_	Begin=360.923	_	_	_	0-3(45)
116-1	TOR004	116	116	1	fortuna]	fortuna	_	_	_	_	_	linguistic	_	none	_	End=361.819	_	_	_	0-7(45)
117-0	TOI020	117	117	0	altrimenti	altrimenti	_	_	_	_	_	linguistic	_	none	_	Begin=362.863	_	_	_	_
117-1	TOI020	117	117	1	noi	noi	_	_	_	_	_	linguistic	_	none	_	_	_	_	_	_
117-2	TOI020	117	117	2	non	non	_	_	_	_	_	linguistic	_	none	ProsodicLink=Yes	_	_	_	_	_
117-3	TOI020	117	117	3	e:hm	ehm	_	_	_	_	_	linguistic	_	none	_	End=364.71	0x1	_	_	_
118-0	TOI020	118	118	0	m	m	_	_	_	_	_	linguistic	_	none	ProsodicLink=Yes	Begin=365.473	_	_	_	_
118-1	TOI020	118	118	1	eh	eh	_	_	_	_	_	linguistic	_	none	_	_	_	_	_	_
118-2	TOI020	118	118	2	ameno	ameno	_	_	_	_	_	linguistic	_	none	_	_	_	_	_	_
118-3	TOI020	118	118	3	io	io	_	_	_	_	_	linguistic	_	none	PauseAfter=Yes	_	_	_	_	_
118-4	TOI020	118	118	4	(.)	(.)	_	_	_	_	_	shortpause	_	none	_	_	_	_	_	_
118-5	TOI020	118	118	5	parlo	parlo	_	_	_	_	_	linguistic	_	none	_	_	_	_	_	_
118-6	TOI020	118	118	6	dico	dico	_	_	_	_	_	linguistic	_	none	_	_	_	_	_	_
118-7	TOI020	118	118	7	noi	noi	_	_	_	_	_	linguistic	_	none	_	_	_	_	_	_
118-8	TOI020	118	118	8	[ma	ma	_	_	_	_	_	linguistic	_	none	_	_	_	_	_	0-2(46)
118-9	TOI020	118	118	9	parl~]	parl~	_	_	_	_	_	linguistic	_	none	Interrupted=Yes	End=368.705	_	_	_	0-5(46)
119-0	TOR004	119	119	0	[sì	sì	_	_	_	_	_	linguistic	_	none	_	Begin=368.102	_	_	_	0-2(46)
119-1	TOR004	119	119	1	anche	anche	_	_	_	_	_	linguistic	_	none	_	_	_	_	_	0-5(46)
119-2	TOR004	119	119	2	per]ché	perché	_	_	_	_	_	linguistic	_	none	_	_	_	_	_	0-3(46)
119-3	TOR004	119	119	3	la	la	_	_	_	_	_	linguistic	_	none	_	_	_	_	_	_
119-4	TOR004	119	119	4	tua	tua	_	_	_	_	_	linguistic	_	none	_	_	_	_	_	_
119-5	TOR004	119	119	5	formazione	formazione	_	_	_	_	_	linguistic	_	none	_	_	_	_	_	_
119-6	TOR004	119	119	6	è	è	_	_	_	_	_	linguistic	_	none	_	_	_	_	_	_
119-7	TOR004	119	119	7	stata	stata	_	_	_	_	_	linguistic	_	none	_	_	_	_	_	_
119-8	TOR004	119	119	8	anche	anche	_	_	_	_	_	linguistic	_	none	_	_	_	_	_	_
119-9	TOR004	119	119	9	diversa	diversa	_	_	_	_	_	linguistic	_	none	_	_	_	_	_	_
119-10	TOR004	119	119	10	[in	in	_	_	_	_	_	linguistic	_	none	_	_	_	_	_	0-2(47)
119-11	TOR004	119	119	11	parte]	parte	_	_	_	_	_	linguistic	_	none	_	End=371.064	_	_	_	0-5(47)
120-0	TOI020	120	120	0	[è	è	_	_	_	_	_	linguistic	_	none	_	Begin=370.535	_	_	_	0-1(47)
120-1	TOI020	120	120	1	stata]	stata	_	_	_	_	_	linguistic	_	none	_	_	_	_	_	0-5(47)
120-2	TOI020	120	120	2	diversa	diversa	_	_	_	_	_	linguistic	_	none	_	_	_	_	_	_
120-3	TOI020	120	120	3	[ma]	ma	_	_	_	_	_	linguistic	_	none	_	_	_	_	_	0-2(48)
120-4	TOI020	120	120	4	poi	poi	_	_	_	_	_	linguistic	_	none	_	_	_	_	_	_
120-5	TOI020	120	120	5	comunque	comunque	_	_	_	_	_	linguistic	_	none	_	_	_	_	_	_
120-6	TOI020	120	120	6	e::hm	ehm	_	_	_	_	_	linguistic	_	none	_	End=374.276	0x2	_	_	_
121-0	TOR004	121	121	0	[quindi]	quindi	_	_	_	_	_	linguistic	_	none	_	Begin=371.733|End=372.049	_	_	_	0-6(48)
122-0	TOI020	122	122	0	a	a	_	_	_	_	_	linguistic	_	none	_	Begin=374.655	_	_	_	_
122-1	TOI020	122	122	1	volte	volte	_	_	_	_	_	linguistic	_	none	_	_	_	_	_	_
122-2	TOI020	122	122	2	hai	hai	_	_	_	_	_	linguistic	_	none	_	_	_	_	_	_
122-3	TOI020	122	122	3	proprio	proprio	_	_	_	_	_	linguistic	_	none	_	_	_	_	_	_
122-4	TOI020	122	122	4	delle:	delle	_	_	_	_	_	linguistic	_	none	ProsodicLink=Yes	_	4x1	_	_	_
122-5	TOI020	122	122	5	mh	mh	_	_	_	_	_	linguistic	_	none	_	End=376.515	_	_	_	_
123-0	TOI020	123	123	0	ci	ci	_	_	_	_	_	linguistic	_	none	_	Begin=376.843	_	_	_	_
123-1	TOI020	123	123	1	sono	sono	_	_	_	_	_	linguistic	_	none	_	_	_	_	_	_
123-2	TOI020	123	123	2	dei	dei	_	_	_	_	_	linguistic	_	none	_	_	_	_	_	_
123-3	TOI020	123	123	3	momenti	momenti	_	_	_	_	_	linguistic	_	none	_	_	_	_	_	_
123-4	TOI020	123	123	4	in	in	_	_	_	_	_	linguistic	_	none	_	_	_	_	_	_
123-5	TOI020	123	123	5	cui,	cui	_	_	_	_	_	linguistic	_	none	Intonation=WeaklyRising	End=378.336	_	_	_	_
124-0	TOI020	124	124	0	ti	ti	_	_	_	_	_	linguistic	_	none	_	Begin=378.513	_	_	_	_
124-1	TOI020	124	124	1	dimentichi	dimentichi	_	_	_	_	_	linguistic	_	none	_	_	_	_	_	_
124-2	TOI020	124	124	2	no?	no	_	_	_	_	_	linguistic	_	none	Intonation=Rising	_	_	_	_	_
124-3	TOI020	124	124	3	hai	hai	_	_	_	_	_	linguistic	_	none	_	_	_	_	_	_
124-4	TOI020	124	124	4	proprio	proprio	_	_	_	_	_	linguistic	_	none	_	_	_	_	_	_
124-5	TOI020	124	124	5	questo	questo	_	_	_	_	_	linguistic	_	none	_	_	_	_	_	_
124-6	TOI020	124	124	6	vuoto	vuoto	_	_	_	_	_	linguistic	_	none	_	_	_	_	_	_
124-7	TOI020	124	124	7	vuoi	vuoi	_	_	_	_	_	linguistic	_	none	_	_	_	_	_	_
124-8	TOI020	124	124	8	perché	perché	_	_	_	_	_	linguistic	_	none	_	_	_	_	_	_
124-9	TOI020	124	124	9	comunque	comunque	_	_	_	_	_	linguistic	_	none	_	_	_	_	_	_
124-10	TOI020	124	124	10	l'	l'	_	_	_	_	_	linguistic	_	none	SpaceAfter=No	_	_	_	_	_
124-11	TOI020	124	124	11	età,	età	_	_	_	_	_	linguistic	_	none	Intonation=WeaklyRising	End=382.352	_	_	_	_
125-0	TOI020	125	125	0	vuol	vuol	_	_	_	_	_	linguistic	_	none	_	Begin=382.753	_	_	_	_
125-1	TOI020	125	125	1	dire	dire	_	_	_	_	_	linguistic	_	none	_	_	_	_	_	_
125-2	TOI020	125	125	2	no?	no	_	_	_	_	_	linguistic	_	none	Intonation=Rising	End=383.522	_	_	_	_
126-0	TOR004	126	126	0	beh,	beh	_	_	_	_	_	linguistic	_	none	Intonation=WeaklyRising	Begin=383.522	_	_	_	_
126-1	TOR004	126	126	1	cert[o].	certo	_	_	_	_	_	linguistic	_	none	Intonation=Falling	End=384.163	_	_	_	4-5(49)
127-0	TOI020	127	127	0	[a]	a	_	_	_	_	_	linguistic	_	none	_	Begin=384.075	_	_	_	0-1(49)
127-1	TOI020	127	127	1	volte	volte	_	_	_	_	_	linguistic	_	none	_	_	_	_	_	_
127-2	TOI020	127	127	2	ti	ti	_	_	_	_	_	linguistic	_	none	PauseAfter=Yes	_	_	_	_	_
127-3	TOI020	127	127	3	(.)	(.)	_	_	_	_	_	shortpause	_	none	_	_	_	_	_	_
127-4	TOI020	127	127	4	la	la	_	_	_	_	_	linguistic	_	none	_	_	_	_	_	_
127-5	TOI020	127	127	5	stessa	stessa	_	_	_	_	_	linguistic	_	none	_	_	_	_	_	_
127-6	TOI020	127	127	6	cosa	cosa	_	_	_	_	_	linguistic	_	none	_	_	_	_	_	_
127-7	TOI020	127	127	7	che	che	_	_	_	_	_	linguistic	_	none	_	_	_	_	_	_
127-8	TOI020	127	127	8	magari	magari	_	_	_	_	_	linguistic	_	none	_	_	_	_	_	_
127-9	TOI020	127	127	9	hai	hai	_	_	_	_	_	linguistic	_	none	_	_	_	_	_	_
127-10	TOI020	127	127	10	fatto	fatto	_	_	_	_	_	linguistic	_	none	_	_	_	_	_	_
127-11	TOI020	127	127	11	due	due	_	_	_	_	_	linguistic	_	none	_	_	_	_	_	_
127-12	TOI020	127	127	12	giorni	giorni	_	_	_	_	_	linguistic	_	none	_	_	_	_	_	_
127-13	TOI020	127	127	13	prima	prima	_	_	_	_	_	linguistic	_	none	_	_	_	_	_	_
127-14	TOI020	127	127	14	hai	hai	_	_	_	_	_	linguistic	_	none	_	_	_	_	_	_
127-15	TOI020	127	127	15	l'	l'	_	_	_	_	_	linguistic	_	none	SpaceAfter=No	_	_	_	_	_
127-16	TOI020	127	127	16	attimo	attimo	_	_	_	_	_	linguistic	_	none	_	_	_	_	_	_
127-17	TOI020	127	127	17	dici	dici	_	_	_	_	_	linguistic	_	none	_	_	_	_	_	_
127-18	TOI020	127	127	18	ma,	ma	_	_	_	_	_	linguistic	_	none	Intonation=WeaklyRising	_	_	_	_	_
127-19	TOI020	127	127	19	allora	allora	_	_	_	_	_	linguistic	_	none	_	_	_	_	_	_
127-20	TOI020	127	127	20	come	come	_	_	_	_	_	linguistic	_	none	_	_	_	_	_	_
127-21	TOI020	127	127	21	e:h	eh	_	_	_	_	_	linguistic	_	none	_	_	0x1	_	_	_
127-22	TOI020	127	127	22	allora	allora	_	_	_	_	_	linguistic	_	none	_	_	_	_	_	_
127-23	TOI020	127	127	23	la	la	_	_	_	_	_	linguistic	_	none	_	_	_	_	_	_
127-24	TOI020	127	127	24	sicurezza	sicurezza	_	_	_	_	_	linguistic	_	none	_	_	_	_	_	_
127-25	TOI020	127	127	25	di	di	_	_	_	_	_	linguistic	_	none	_	_	_	_	_	_
127-26	TOI020	127	127	26	avere	avere	_	_	_	_	_	linguistic	_	none	_	End=392.527	_	_	_	_
128-0	TOI020	128	128	0	comunque	comunque	_	_	_	_	_	linguistic	_	none	_	Begin=392.954	_	_	_	_
128-1	TOI020	128	128	1	una	una	_	_	_	_	_	linguistic	_	none	_	_	_	_	_	_
128-2	TOI020	128	128	2	persona	persona	_	_	_	_	_	linguistic	_	none	_	_	_	_	_	_
128-3	TOI020	128	128	3	che,	che	_	_	_	_	_	linguistic	_	none	Intonation=WeaklyRising	End=394.612	_	_	_	_
129-0	TOI020	129	129	0	ti	ti	_	_	_	_	_	linguistic	_	none	_	Begin=394.869	_	_	_	_
129-1	TOI020	129	129	1	dice	dice	_	_	_	_	_	linguistic	_	none	_	_	_	_	_	_
129-2	TOI020	129	129	2	no	no	_	_	_	_	_	linguistic	_	none	_	_	_	_	_	_
129-3	TOI020	129	129	3	no	no	_	_	_	_	_	linguistic	_	none	_	_	_	_	_	_
129-4	TOI020	129	129	4	guarda	guarda	_	_	_	_	_	linguistic	_	none	_	_	_	_	_	_
129-5	TOI020	129	129	5	oppure	oppure	_	_	_	_	_	linguistic	_	none	_	_	_	_	_	_
129-6	TOI020	129	129	6	se	se	_	_	_	_	_	linguistic	_	none	_	_	_	_	_	_
129-7	TOI020	129	129	7	sba:gli	sbagli	_	_	_	_	_	linguistic	_	none	_	_	2x1	_	_	_
129-8	TOI020	129	129	8	no	no	_	_	_	_	_	linguistic	_	none	_	_	_	_	_	_
129-9	TOI020	129	129	9	non	non	_	_	_	_	_	linguistic	_	none	_	_	_	_	_	_
129-10	TOI020	129	129	10	ti	ti	_	_	_	_	_	linguistic	_	none	_	_	_	_	_	_
129-11	TOI020	129	129	11	preoccupa:re	preoccupare	_	_	_	_	_	linguistic	_	none	_	_	8x1	_	_	_
129-12	TOI020	129	129	12	a:h	ah	_	_	_	_	_	linguistic	_	none	_	_	0x1	_	_	_
129-13	TOI020	129	129	13	aggiustiamo	aggiustiamo	_	_	_	_	_	linguistic	_	none	_	_	_	_	_	_
129-14	TOI020	129	129	14	facciamo	facciamo	_	_	_	_	_	linguistic	_	none	_	_	_	_	_	_
129-15	TOI020	129	129	15	a:h	ah	_	_	_	_	_	linguistic	_	none	_	End=400.216	0x1	_	_	_
130-0	TOI020	130	130	0	si	si	_	_	_	_	_	linguistic	_	none	_	Begin=400.593	_	_	_	_
130-1	TOI020	130	130	1	risolve	risolve	_	_	_	_	_	linguistic	_	none	_	_	_	_	_	_
130-2	TOI020	130	130	2	eh.	eh	_	_	_	_	_	linguistic	_	none	Intonation=Falling	_	_	_	_	_
130-3	TOI020	130	130	3	quindi	quindi	_	_	_	_	_	linguistic	_	none	_	_	_	_	_	_
130-4	TOI020	130	130	4	tutto	tutto	_	_	_	_	_	linguistic	_	none	_	_	_	_	_	_
130-5	TOI020	130	130	5	questo	questo	_	_	_	_	_	linguistic	_	none	_	_	_	_	_	_
130-6	TOI020	130	130	6	ti	ti	_	_	_	_	_	linguistic	_	none	_	_	_	_	_	_
130-7	TOI020	130	130	7	aiuta	aiuta	_	_	_	_	_	linguistic	_	none	_	_	_	_	_	_
130-8	TOI020	130	130	8	per	per	_	_	_	_	_	linguistic	_	none	_	_	_	_	_	_
130-9	TOI020	130	130	9	la	la	_	_	_	_	_	linguistic	_	none	_	_	_	_	_	_
130-10	TOI020	130	130	10	s~	s~	_	_	_	_	_	linguistic	_	none	Interrupted=Yes	_	_	_	_	_
130-11	TOI020	130	130	11	quasi	quasi	_	_	_	_	_	linguistic	_	none	_	_	_	_	_	_
130-12	TOI020	130	130	12	sessant'	sessant'	_	_	_	_	_	linguistic	_	none	SpaceAfter=No	_	_	_	_	_
130-13	TOI020	130	130	13	anni	anni	_	_	_	_	_	linguistic	_	none	_	End=405.251	_	_	_	_
131-0	TOR004	131	131	0	[a	a	_	_	_	_	_	linguistic	_	none	_	Begin=405.789	_	_	_	0-1(50)
131-1	TOR004	131	131	1	poi	poi	_	_	_	_	_	linguistic	_	none	_	_	_	_	_	0-3(50)
131-2	TOR004	131	131	2	il	il	_	_	_	_	_	linguistic	_	none	_	_	_	_	_	0-2(50)
131-3	TOR004	131	131	3	cambiamen]to	cambiamento	_	_	_	_	_	linguistic	_	none	_	_	_	_	_	0-9(50)
131-4	TOR004	131	131	4	tecnologico	tecnologico	_	_	_	_	_	linguistic	_	none	_	_	_	_	_	_
131-5	TOR004	131	131	5	ci(o)è	cioè	_	_	_	_	_	linguistic	_	none	Reduced=Yes	_	_	_	_	_
131-6	TOR004	131	131	6	è	è	_	_	_	_	_	linguistic	_	none	_	_	_	_	_	_
131-7	TOR004	131	131	7	[conti:nuo	continuo	_	_	_	_	_	linguistic	_	none	_	_	4x1	_	_	0-8(51)
131-8	TOR004	131	131	8	nel	nel	_	_	_	_	_	linguistic	_	none	_	_	_	_	_	0-3(51)
131-9	TOR004	131	131	9	s]enso	senso	_	_	_	_	_	linguistic	_	none	_	_	_	_	_	0-1(51)
131-10	TOR004	131	131	10	che	che	_	_	_	_	_	linguistic	_	none	_	_	_	_	_	_
131-11	TOR004	131	131	11	non	non	_	_	_	_	_	linguistic	_	none	_	_	_	_	_	_
131-12	TOR004	131	131	12	è:	è	_	_	_	_	_	linguistic	_	none	_	_	0x1	_	_	_
131-13	TOR004	131	131	13	così	così	_	_	_	_	_	linguistic	_	none	_	_	_	_	_	_
131-14	TOR004	131	131	14	facile	facile	_	_	_	_	_	linguistic	_	none	_	_	_	_	_	_
131-15	TOR004	131	131	15	magari	magari	_	_	_	_	_	linguistic	_	none	_	_	_	_	_	_
131-16	TOR004	131	131	16	ma	ma	_	_	_	_	_	linguistic	_	none	_	_	_	_	_	_
131-17	TOR004	131	131	17	non	non	_	_	_	_	_	linguistic	_	none	_	_	_	_	_	_
131-18	TOR004	131	131	18	[non	non	_	_	_	_	_	linguistic	_	none	_	_	_	_	_	0-3(52)
131-19	TOR004	131	131	19	è]	è	_	_	_	_	_	linguistic	_	none	_	_	_	_	_	0-1(52)
131-20	TOR004	131	131	20	facile	facile	_	_	_	_	_	linguistic	_	none	_	_	_	_	_	_
131-21	TOR004	131	131	21	secondo	secondo	_	_	_	_	_	linguistic	_	none	_	_	_	_	_	_
131-22	TOR004	131	131	22	me	me	_	_	_	_	_	linguistic	_	none	_	_	_	_	_	_
131-23	TOR004	131	131	23	per	per	_	_	_	_	_	linguistic	_	none	_	_	_	_	_	_
131-24	TOR004	131	131	24	chi::	chi	_	_	_	_	_	linguistic	_	none	_	_	2x2	_	_	_
131-25	TOR004	131	131	25	è	è	_	_	_	_	_	linguistic	_	none	_	_	_	_	_	_
131-26	TOR004	131	131	26	più	più	_	_	_	_	_	linguistic	_	none	_	_	_	_	_	_
131-27	TOR004	131	131	27	giovane:	giovane	_	_	_	_	_	linguistic	_	none	_	_	6x1	_	_	_
131-28	TOR004	131	131	28	pens[o:]	penso	_	_	_	_	_	linguistic	_	none	_	End=414.552	4x1	_	_	4-5(53)
132-0	TOI020	132	132	0	[e::h]	eh	_	_	_	_	_	linguistic	_	none	_	Begin=405.793|End=406.488	0x2	_	_	0-2(50)
133-0	TOI020	133	133	0	[esatto]	esatto	_	_	_	_	_	linguistic	_	none	_	Begin=407.747|End=408.662	_	_	_	0-6(51)
134-0	TOI020	134	134	0	[poi],	poi	_	_	_	_	_	linguistic	_	none	Intonation=WeaklyRising	Begin=408.856|End=409.215	_	_	_	0-3(52)
135-0	TOI020	135	135	0	[ma	ma	_	_	_	_	_	linguistic	_	none	_	Begin=414.326	_	_	_	0-2(53)
135-1	TOI020	135	135	1	no]i	noi	_	_	_	_	_	linguistic	_	none	_	_	_	_	_	0-2(53)
135-2	TOI020	135	135	2	adesso	adesso	_	_	_	_	_	linguistic	_	none	_	_	_	_	_	_
135-3	TOI020	135	135	3	stiamo	stiamo	_	_	_	_	_	linguistic	_	none	_	_	_	_	_	_
135-4	TOI020	135	135	4	usando	usando	_	_	_	_	_	linguistic	_	none	_	_	_	_	_	_
135-5	TOI020	135	135	5	i	i	_	_	_	_	_	linguistic	_	none	_	_	_	_	_	_
135-6	TOI020	135	135	6	macchinari:	macchinari	_	_	_	_	_	linguistic	_	none	_	_	9x1	_	_	_
135-7	TOI020	135	135	7	nuovi:	nuovi	_	_	_	_	_	linguistic	_	none	_	End=417.5	4x1	_	_	_
136-0	TOI020	136	136	0	che	che	_	_	_	_	_	linguistic	_	none	_	Begin=417.79	_	_	_	_
136-1	TOI020	136	136	1	sono	sono	_	_	_	_	_	linguistic	_	none	_	_	_	_	_	_
136-2	TOI020	136	136	2	quelli:	quelli	_	_	_	_	_	linguistic	_	none	_	_	5x1	_	_	_
136-3	TOI020	136	136	3	ministeriali,	ministeriali	_	_	_	_	_	linguistic	_	none	Intonation=WeaklyRising	End=419.888	_	_	_	_
137-0	TOI020	137	137	0	e::h	eh	_	_	_	_	_	linguistic	_	none	_	Begin=420.416	0x2	_	_	_
137-1	TOI020	137	137	1	che	che	_	_	_	_	_	linguistic	_	none	_	_	_	_	_	_
137-2	TOI020	137	137	2	c(i)	ci	_	_	_	_	_	linguistic	_	none	_	_	_	_	1-2(0)	_
137-3	TOI020	137	137	3	hanno	hanno	_	_	_	_	_	linguistic	_	none	_	_	_	_	_	_
137-4	TOI020	137	137	4	mandato	mandato	_	_	_	_	_	linguistic	_	none	_	_	_	_	_	_
137-5	TOI020	137	137	5	da:	da	_	_	_	_	_	linguistic	_	none	_	_	1x1	_	_	_
137-6	TOI020	137	137	6	da	da	_	_	_	_	_	linguistic	_	none	_	_	_	_	_	_
137-7	TOI020	137	137	7	roma	roma	_	_	_	_	_	linguistic	_	none	_	_	_	_	_	_
137-8	TOI020	137	137	8	per	per	_	_	_	_	_	linguistic	_	none	_	_	_	_	_	_
137-9	TOI020	137	137	9	le	le	_	_	_	_	_	linguistic	_	none	_	_	_	_	_	_
137-10	TOI020	137	137	10	carte	carte	_	_	_	_	_	linguistic	_	none	_	_	_	_	_	_
137-11	TOI020	137	137	11	elettroniche.	elettroniche	_	_	_	_	_	linguistic	_	none	Intonation=Falling	End=424.748	_	_	_	_
138-0	TOI020	138	138	0	e	e	_	_	_	_	_	linguistic	_	none	_	Begin=425.046	_	_	_	_
138-1	TOI020	138	138	1	in	in	_	_	_	_	_	linguistic	_	none	_	_	_	_	_	_
138-2	TOI020	138	138	2	effetti	effetti	_	_	_	_	_	linguistic	_	none	_	_	_	_	_	_
138-3	TOI020	138	138	3	ci	ci	_	_	_	_	_	linguistic	_	none	_	_	_	_	_	_
138-4	TOI020	138	138	4	ci	ci	_	_	_	_	_	linguistic	_	none	_	_	_	_	_	_
138-5	TOI020	138	138	5	sono	sono	_	_	_	_	_	linguistic	_	none	_	_	_	_	_	_
138-6	TOI020	138	138	6	delle	delle	_	_	_	_	_	linguistic	_	none	_	_	_	_	_	_
138-7	TOI020	138	138	7	co:se,	cose	_	_	_	_	_	linguistic	_	none	Intonation=WeaklyRising	End=427.396	1x1	_	_	_
139-0	TOI020	139	139	0	che	che	_	_	_	_	_	linguistic	_	none	PauseAfter=Yes	Begin=427.629	_	_	_	_
139-1	TOI020	139	139	1	(.)	(.)	_	_	_	_	_	shortpause	_	none	_	_	_	_	_	_
139-2	TOI020	139	139	2	comunque	comunque	_	_	_	_	_	linguistic	_	none	_	_	_	_	_	_
139-3	TOI020	139	139	3	proprio,	proprio	_	_	_	_	_	linguistic	_	none	Intonation=WeaklyRising	_	_	_	_	_
139-4	TOI020	139	139	4	non	non	_	_	_	_	_	linguistic	_	none	_	_	_	_	_	_
139-5	TOI020	139	139	5	no~	no~	_	_	_	_	_	linguistic	_	none	Interrupted=Yes	_	_	_	_	_
139-6	TOI020	139	139	6	non	non	_	_	_	_	_	linguistic	_	none	_	_	_	_	_	_
139-7	TOI020	139	139	7	sai	sai	_	_	_	_	_	linguistic	_	none	_	_	_	_	_	_
139-8	TOI020	139	139	8	perché	perché	_	_	_	_	_	linguistic	_	none	_	_	_	_	_	_
139-9	TOI020	139	139	9	o	o	_	_	_	_	_	linguistic	_	none	_	_	_	_	_	_
139-10	TOI020	139	139	10	non	non	_	_	_	_	_	linguistic	_	none	_	_	_	_	_	_
139-11	TOI020	139	139	11	ti	ti	_	_	_	_	_	linguistic	_	none	_	_	_	_	_	_
139-12	TOI020	139	139	12	fanno	fanno	_	_	_	_	_	linguistic	_	none	_	_	_	_	_	_
139-13	TOI020	139	139	13	il	il	_	_	_	_	_	linguistic	_	none	_	_	_	_	_	_
139-14	TOI020	139	139	14	corso	corso	_	_	_	_	_	linguistic	_	none	_	End=432.412	_	_	_	_
140-0	TOI020	140	140	0	eh	eh	_	_	_	_	_	linguistic	_	none	_	Begin=432.872	_	_	_	_
140-1	TOI020	140	140	1	mh	mh	_	_	_	_	_	linguistic	_	none	_	_	_	_	_	_
140-2	TOI020	140	140	2	[quindi	quindi	_	_	_	_	_	linguistic	_	none	_	_	_	_	_	0-6(54)
140-3	TOI020	140	140	3	ti]	ti	_	_	_	_	_	linguistic	_	none	_	End=434.083	_	_	_	0-2(54)
141-0	TOR004	141	141	0	[cioè	cioè	_	_	_	_	_	linguistic	_	none	_	Begin=433.308	_	_	_	0-4(54)
141-1	TOR004	141	141	1	non	non	_	_	_	_	_	linguistic	_	none	_	_	_	_	_	0-3(54)
141-2	TOR004	141	141	2	ci	ci	_	_	_	_	_	linguistic	_	none	_	_	_	_	_	0-2(54)
141-3	TOR004	141	141	3	sono	sono	_	_	_	_	_	linguistic	_	none	_	_	_	_	_	0-4(54)
141-4	TOR004	141	141	4	co]rsi	corsi	_	_	_	_	_	linguistic	_	none	_	_	_	_	_	0-2(54)
141-5	TOR004	141	141	5	di	di	_	_	_	_	_	linguistic	_	none	_	_	_	_	_	_
141-6	TOR004	141	141	6	formazio[ne]?	formazione	_	_	_	_	_	linguistic	_	none	Intonation=Rising	End=435.167	_	_	_	8-10(55)
142-0	TOI020	142	142	0	[no]:.	no	_	_	_	_	_	linguistic	_	none	Intonation=Falling	Begin=434.967	1x1	_	_	0-2(55)
142-1	TOI020	142	142	1	ti	ti	_	_	_	_	_	linguistic	_	none	_	_	_	_	_	_
142-2	TOI020	142	142	2	fanno	fanno	_	_	_	_	_	linguistic	_	none	_	_	_	_	_	_
142-3	TOI020	142	142	3	però::	però	_	_	_	_	_	linguistic	_	none	_	_	3x2	_	_	_
142-4	TOI020	142	142	4	ci(o)è	cioè	_	_	_	_	_	linguistic	_	none	Reduced=Yes	_	_	_	_	_
142-5	TOI020	142	142	5	che	che	_	_	_	_	_	linguistic	_	none	_	_	_	_	_	_
142-6	TOI020	142	142	6	ne	ne	_	_	_	_	_	linguistic	_	none	_	_	_	_	_	_
142-7	TOI020	142	142	7	so	so	_	_	_	_	_	linguistic	_	none	_	_	_	_	_	_
142-8	TOI020	142	142	8	quando	quando	_	_	_	_	_	linguistic	_	none	_	_	_	_	_	_
142-9	TOI020	142	142	9	è	è	_	_	_	_	_	linguistic	_	none	_	_	_	_	_	_
142-10	TOI020	142	142	10	successo	successo	_	_	_	_	_	linguistic	_	none	_	_	_	_	_	_
142-11	TOI020	142	142	11	per	per	_	_	_	_	_	linguistic	_	none	_	_	_	_	_	_
142-12	TOI020	142	142	12	la	la	_	_	_	_	_	linguistic	_	none	_	_	_	_	_	_
142-13	TOI020	142	142	13	carta	carta	_	_	_	_	_	linguistic	_	none	_	_	_	_	_	_
142-14	TOI020	142	142	14	elettronica	elettronica	_	_	_	_	_	linguistic	_	none	_	_	_	_	_	_
142-15	TOI020	142	142	15	ci	ci	_	_	_	_	_	linguistic	_	none	_	_	_	_	_	_
142-16	TOI020	142	142	16	hanno	hanno	_	_	_	_	_	linguistic	_	none	_	_	_	_	_	_
142-17	TOI020	142	142	17	detto	detto	_	_	_	_	_	linguistic	_	none	_	_	_	_	_	_
142-18	TOI020	142	142	18	ah	ah	_	_	_	_	_	linguistic	_	none	_	_	_	_	_	_
142-19	TOI020	142	142	19	bisogna	bisogna	_	_	_	_	_	linguistic	_	none	_	_	_	_	_	_
142-20	TOI020	142	142	20	fare	fare	_	_	_	_	_	linguistic	_	none	_	_	_	_	_	_
142-21	TOI020	142	142	21	così	così	_	_	_	_	_	linguistic	_	none	_	_	_	_	_	_
142-22	TOI020	142	142	22	così	così	_	_	_	_	_	linguistic	_	none	_	_	_	_	_	_
142-23	TOI020	142	142	23	così	così	_	_	_	_	_	linguistic	_	none	_	_	_	_	_	_
142-24	TOI020	142	142	24	però	però	_	_	_	_	_	linguistic	_	none	_	_	_	_	_	_
142-25	TOI020	142	142	25	poi	poi	_	_	_	_	_	linguistic	_	none	_	_	_	_	_	_
142-26	TOI020	142	142	26	tutto	tutto	_	_	_	_	_	linguistic	_	none	_	_	_	_	_	_
142-27	TOI020	142	142	27	quello	quello	_	_	_	_	_	linguistic	_	none	_	_	_	_	_	_
142-28	TOI020	142	142	28	che:	che	_	_	_	_	_	linguistic	_	none	_	End=443.82	2x1	_	_	_
143-0	TOI020	143	143	0	te	te	_	_	_	_	_	linguistic	_	none	_	Begin=444.147	_	_	_	_
143-1	TOI020	143	143	1	lo	lo	_	_	_	_	_	linguistic	_	none	_	_	_	_	_	_
143-2	TOI020	143	143	2	devi:::	devi	_	_	_	_	_	linguistic	_	none	_	_	3x3	_	_	_
143-3	TOI020	143	143	3	eh	eh	_	_	_	_	_	linguistic	_	none	ProsodicLink=Yes	_	_	_	_	_
143-4	TOI020	143	143	4	eh	eh	_	_	_	_	_	linguistic	_	none	_	_	_	_	_	_
143-5	TOI020	143	143	5	giocare	giocare	_	_	_	_	_	linguistic	_	none	_	_	_	_	_	_
143-6	TOI020	143	143	6	sul	sul	_	_	_	_	_	linguistic	_	none	_	_	_	_	_	_
143-7	TOI020	143	143	7	[campo	campo	_	_	_	_	_	linguistic	_	none	_	_	_	_	_	0-5(56)
143-8	TOI020	143	143	8	c(io)]è	cioè	_	_	_	_	_	linguistic	_	none	_	End=447.361	_	_	1-3(0)	0-3(56)
144-0	TOR004	144	144	0	[certo].	certo	_	_	_	_	_	linguistic	_	none	Intonation=Falling	Begin=446.638|End=447.156	_	_	_	0-5(56)
145-0	TOI020	145	145	0	e:h	eh	_	_	_	_	_	linguistic	_	none	_	Begin=447.632	0x1	_	_	_
145-1	TOI020	145	145	1	non	non	_	_	_	_	_	linguistic	_	none	_	_	_	_	_	_
145-2	TOI020	145	145	2	si	si	_	_	_	_	_	linguistic	_	none	_	_	_	_	_	_
145-3	TOI020	145	145	3	accende	accende	_	_	_	_	_	linguistic	_	none	_	_	_	_	_	_
145-4	TOI020	145	145	4	la	la	_	_	_	_	_	linguistic	_	none	_	_	_	_	_	_
145-5	TOI020	145	145	5	stampante	stampante	_	_	_	_	_	linguistic	_	none	_	_	_	_	_	_
145-6	TOI020	145	145	6	come	come	_	_	_	_	_	linguistic	_	none	_	_	_	_	_	_
145-7	TOI020	145	145	7	si	si	_	_	_	_	_	linguistic	_	none	_	_	_	_	_	_
145-8	TOI020	145	145	8	fa	fa	_	_	_	_	_	linguistic	_	none	_	_	_	_	_	_
145-9	TOI020	145	145	9	e	e	_	_	_	_	_	linguistic	_	none	_	_	_	_	_	_
145-10	TOI020	145	145	10	come	come	_	_	_	_	_	linguistic	_	none	_	_	_	_	_	_
145-11	TOI020	145	145	11	non	non	_	_	_	_	_	linguistic	_	none	_	_	_	_	_	_
145-12	TOI020	145	145	12	si	si	_	_	_	_	_	linguistic	_	none	_	_	_	_	_	_
145-13	TOI020	145	145	13	fa	fa	_	_	_	_	_	linguistic	_	none	_	_	_	_	_	_
145-14	TOI020	145	145	14	e	e	_	_	_	_	_	linguistic	_	none	_	_	_	_	_	_
145-15	TOI020	145	145	15	non	non	_	_	_	_	_	linguistic	_	none	_	_	_	_	_	_
145-16	TOI020	145	145	16	ti	ti	_	_	_	_	_	linguistic	_	none	_	_	_	_	_	_
145-17	TOI020	145	145	17	legge	legge	_	_	_	_	_	linguistic	_	none	_	_	_	_	_	_
145-18	TOI020	145	145	18	il	il	_	_	_	_	_	linguistic	_	none	_	_	_	_	_	_
145-19	TOI020	145	145	19	lettore	lettore	_	_	_	_	_	linguistic	_	none	_	End=453.038	_	_	_	_
146-0	TOI020	146	146	0	perché	perché	_	_	_	_	_	linguistic	_	none	_	Begin=453.321	_	_	_	_
146-1	TOI020	146	146	1	poi	poi	_	_	_	_	_	linguistic	_	none	_	_	_	_	_	_
146-2	TOI020	146	146	2	scannerizza	scannerizza	_	_	_	_	_	linguistic	_	none	_	_	_	_	_	_
146-3	TOI020	146	146	3	automaticamente	automaticamente	_	_	_	_	_	linguistic	_	none	_	_	_	_	_	_
146-4	TOI020	146	146	4	quindi	quindi	_	_	_	_	_	linguistic	_	none	_	_	_	_	_	_
146-5	TOI020	146	146	5	non	non	_	_	_	_	_	linguistic	_	none	_	_	_	_	_	_
146-6	TOI020	146	146	6	ti	ti	_	_	_	_	_	linguistic	_	none	_	_	_	_	_	_
146-7	TOI020	146	146	7	prende	prende	_	_	_	_	_	linguistic	_	none	_	_	_	_	_	_
146-8	TOI020	146	146	8	la	la	_	_	_	_	_	linguistic	_	none	_	_	_	_	_	_
146-9	TOI020	146	146	9	foto	foto	_	_	_	_	_	linguistic	_	none	_	_	_	_	_	_
146-10	TOI020	146	146	10	e	e	_	_	_	_	_	linguistic	_	none	_	_	_	_	_	_
146-11	TOI020	146	146	11	come	come	_	_	_	_	_	linguistic	_	none	_	_	_	_	_	_
146-12	TOI020	146	146	12	devo	devo	_	_	_	_	_	linguistic	_	none	_	_	_	_	_	_
146-13	TOI020	146	146	13	fare,	fare	_	_	_	_	_	linguistic	_	none	Intonation=WeaklyRising	End=458.073	_	_	_	_
147-0	TOI020	147	147	0	e	e	_	_	_	_	_	linguistic	_	none	_	Begin=458.347	_	_	_	_
147-1	TOI020	147	147	1	devi	devi	_	_	_	_	_	linguistic	_	none	_	_	_	_	_	_
147-2	TOI020	147	147	2	premere	premere	_	_	_	_	_	linguistic	_	none	_	_	_	_	_	_
147-3	TOI020	147	147	3	qua	qua	_	_	_	_	_	linguistic	_	none	_	_	_	_	_	_
147-4	TOI020	147	147	4	e	e	_	_	_	_	_	linguistic	_	none	_	_	_	_	_	_
147-5	TOI020	147	147	5	devi	devi	_	_	_	_	_	linguistic	_	none	_	_	_	_	_	_
147-6	TOI020	147	147	6	premere	premere	_	_	_	_	_	linguistic	_	none	_	_	_	_	_	_
147-7	TOI020	147	147	7	la,	la	_	_	_	_	_	linguistic	_	none	Intonation=WeaklyRising	_	_	_	_	_
147-8	TOI020	147	147	8	eh	eh	_	_	_	_	_	linguistic	_	none	_	_	_	_	_	_
147-9	TOI020	147	147	9	c(io)[è	cioè	_	_	_	_	_	linguistic	_	none	_	_	_	_	1-3(0)	3-4(57)
147-10	TOI020	147	147	10	sono]	sono	_	_	_	_	_	linguistic	_	none	_	_	_	_	_	0-4(57)
147-11	TOI020	147	147	11	tante	tante	_	_	_	_	_	linguistic	_	none	_	_	_	_	_	_
147-12	TOI020	147	147	12	cose	cose	_	_	_	_	_	linguistic	_	none	_	End=462.528	_	_	_	_
148-0	TOR004	148	148	0	[certo]	certo	_	_	_	_	_	linguistic	_	none	_	Begin=461.245|End=461.653	_	_	_	0-5(57)
149-0	TOI020	149	149	0	dove	dove	_	_	_	_	_	linguistic	_	none	_	Begin=462.857	_	_	_	_
149-1	TOI020	149	149	1	comunque	comunque	_	_	_	_	_	linguistic	_	none	_	_	_	_	_	_
149-2	TOI020	149	149	2	magari	magari	_	_	_	_	_	linguistic	_	none	_	_	_	_	_	_
149-3	TOI020	149	149	3	un	un	_	_	_	_	_	linguistic	_	none	_	_	_	_	_	_
149-4	TOI020	149	149	4	master	master	_	_	_	_	_	linguistic	_	none	_	_	_	_	_	_
149-5	TOI020	149	149	5	informatico,	informatico	_	_	_	_	_	linguistic	_	none	Intonation=WeaklyRising|PauseAfter=Yes	_	_	_	_	_
149-6	TOI020	149	149	6	(.)	(.)	_	_	_	_	_	shortpause	_	none	_	_	_	_	_	_
149-7	TOI020	149	149	7	per	per	_	_	_	_	_	linguistic	_	none	_	_	_	_	_	_
149-8	TOI020	149	149	8	carità	carità	_	_	_	_	_	linguistic	_	none	_	_	_	_	_	_
149-9	TOI020	149	149	9	e:h	eh	_	_	_	_	_	linguistic	_	none	_	_	0x1	_	_	_
149-10	TOI020	149	149	10	è	è	_	_	_	_	_	linguistic	_	none	_	_	_	_	_	_
149-11	TOI020	149	149	11	anche	anche	_	_	_	_	_	linguistic	_	none	_	_	_	_	_	_
149-12	TOI020	149	149	12	capa[ce	capace	_	_	_	_	_	linguistic	_	none	_	_	_	_	_	4-6(58)
149-13	TOI020	149	149	13	e:h]	eh	_	_	_	_	_	linguistic	_	none	_	End=468.048	0x1	_	_	0-2(58)
150-0	TOR004	150	150	0	[ma	ma	_	_	_	_	_	linguistic	_	none	_	Begin=467.472	_	_	_	0-2(58)
150-1	TOR004	150	150	1	anche	anche	_	_	_	_	_	linguistic	_	none	_	_	_	_	_	0-5(58)
150-2	TOR004	150	150	2	un	un	_	_	_	_	_	linguistic	_	none	_	_	_	_	_	0-2(58)
150-3	TOR004	150	150	3	co]rso.	corso	_	_	_	_	_	linguistic	_	none	Intonation=Falling	_	_	_	_	0-2(58)
150-4	TOR004	150	150	4	[c(io)è	cioè	_	_	_	_	_	linguistic	_	none	Reduced=Yes	_	_	_	_	0-4(59)
150-5	TOR004	150	150	5	nel	nel	_	_	_	_	_	linguistic	_	none	_	_	_	_	_	0-3(59)
150-6	TOR004	150	150	6	senso:]	senso	_	_	_	_	_	linguistic	_	none	_	End=469.676	4x1	_	_	0-5(59)
151-0	TOI020	151	151	0	[e:h	eh	_	_	_	_	_	linguistic	_	none	_	Begin=468.436	0x1	_	_	0-2(59)
151-1	TOI020	151	151	1	però:]:	però	_	_	_	_	_	linguistic	_	none	_	End=469.862	3x2	_	_	0-4(59)
152-0	TOI020	152	152	0	n	n	_	_	_	_	_	linguistic	_	none	ProsodicLink=Yes	Begin=470.097	_	_	_	_
152-1	TOI020	152	152	1	e:h	eh	_	_	_	_	_	linguistic	_	none	_	_	0x1	_	_	_
152-2	TOI020	152	152	2	n	n	_	_	_	_	_	linguistic	_	none	ProsodicLink=Yes	_	_	_	_	_
152-3	TOI020	152	152	3	e::oi	eoi	_	_	_	_	_	linguistic	_	none	_	_	0x2	_	_	_
152-4	TOI020	152	152	4	che	che	_	_	_	_	_	linguistic	_	none	_	_	_	_	_	_
152-5	TOI020	152	152	5	eh	eh	_	_	_	_	_	linguistic	_	none	_	_	_	_	_	_
152-6	TOI020	152	152	6	comunque	comunque	_	_	_	_	_	linguistic	_	none	_	_	_	_	_	_
152-7	TOI020	152	152	7	lavori	lavori	_	_	_	_	_	linguistic	_	none	_	End=473.283	_	_	_	_
153-0	TOI020	153	153	0	e:h	eh	_	_	_	_	_	linguistic	_	none	_	Begin=473.654	0x1	_	_	_
153-1	TOI020	153	153	1	m	m	_	_	_	_	_	linguistic	_	none	ProsodicLink=Yes	_	_	_	_	_
153-2	TOI020	153	153	2	e::h	eh	_	_	_	_	_	linguistic	_	none	_	End=475.03	0x2	_	_	_
154-0	TOI020	154	154	0	su	su	_	_	_	_	_	linguistic	_	none	_	Begin=475.339	_	_	_	_
154-1	TOI020	154	154	1	queste	queste	_	_	_	_	_	linguistic	_	none	_	_	_	_	_	_
154-2	TOI020	154	154	2	macchine	macchine	_	_	_	_	_	linguistic	_	none	_	_	_	_	_	_
154-3	TOI020	154	154	3	dove	dove	_	_	_	_	_	linguistic	_	none	_	_	_	_	_	_
154-4	TOI020	154	154	4	comunque,	comunque	_	_	_	_	_	linguistic	_	none	Intonation=WeaklyRising|PauseAfter=Yes	_	_	_	_	_
154-5	TOI020	154	154	5	(.)	(.)	_	_	_	_	_	shortpause	_	none	_	_	_	_	_	_
154-6	TOI020	154	154	6	però	però	_	_	_	_	_	linguistic	_	none	_	_	_	_	_	_
154-7	TOI020	154	154	7	ti	ti	_	_	_	_	_	linguistic	_	none	_	_	_	_	_	_
154-8	TOI020	154	154	8	aggiusti.	aggiusti	_	_	_	_	_	linguistic	_	none	Intonation=Falling	_	_	_	_	_
154-9	TOI020	154	154	9	poi	poi	_	_	_	_	_	linguistic	_	none	_	_	_	_	_	_
154-10	TOI020	154	154	10	per	per	_	_	_	_	_	linguistic	_	none	_	_	_	_	_	_
154-11	TOI020	154	154	11	esempio	esempio	_	_	_	_	_	linguistic	_	none	_	_	_	_	_	_
154-12	TOI020	154	154	12	abbiamo	abbiamo	_	_	_	_	_	linguistic	_	none	_	End=479.937	_	_	_	_
155-0	TOI020	155	155	0	i::	i	_	_	_	_	_	linguistic	_	none	_	Begin=480.334	0x2	_	_	_
155-1	TOI020	155	155	1	m	m	_	_	_	_	_	linguistic	_	none	ProsodicLink=Yes	_	_	_	_	_
155-2	TOI020	155	155	2	e:h	eh	_	_	_	_	_	linguistic	_	none	_	End=481.476	0x1	_	_	_
156-0	TOI020	156	156	0	i	i	_	_	_	_	_	linguistic	_	none	_	Begin=481.906	_	_	_	_
156-1	TOI020	156	156	1	database	database	_	_	_	_	_	linguistic	_	none	_	_	_	_	_	_
156-2	TOI020	156	156	2	che	che	_	_	_	_	_	linguistic	_	none	_	_	_	_	_	_
156-3	TOI020	156	156	3	ad~	ad~	_	_	_	_	_	linguistic	_	none	Interrupted=Yes	_	_	_	_	_
156-4	TOI020	156	156	4	ancora	ancora	_	_	_	_	_	linguistic	_	none	_	_	_	_	_	_
156-5	TOI020	156	156	5	non	non	_	_	_	_	_	linguistic	_	none	_	_	_	_	_	_
156-6	TOI020	156	156	6	si:	si	_	_	_	_	_	linguistic	_	none	_	_	1x1	_	_	_
156-7	TOI020	156	156	7	incontrano	incontrano	_	_	_	_	_	linguistic	_	none	_	End=484.984	_	_	_	_
157-0	TOR004	157	157	0	oh	oh	_	_	_	_	_	linguistic	_	none	_	Begin=484.981	_	_	_	_
157-1	TOR004	157	157	1	[signo:r]	signor	_	_	_	_	_	linguistic	_	none	_	End=485.721	4x1	_	_	0-6(61)
158-0	TOI020	158	158	0	[quindi]	quindi	_	_	_	_	_	linguistic	_	none	_	Begin=485.206|End=485.703	_	_	_	0-6(61)
159-0	TOI020	159	159	0	quello,	quello	_	_	_	_	_	linguistic	_	none	Intonation=WeaklyRising	Begin=486.218	_	_	_	_
159-1	TOI020	159	159	1	e	e	_	_	_	_	_	linguistic	_	none	_	_	_	_	_	_
159-2	TOI020	159	159	2	quindi	quindi	_	_	_	_	_	linguistic	_	none	_	_	_	_	_	_
159-3	TOI020	159	159	3	quello	quello	_	_	_	_	_	linguistic	_	none	_	_	_	_	_	_
159-4	TOI020	159	159	4	che:	che	_	_	_	_	_	linguistic	_	none	_	_	2x1	_	_	_
159-5	TOI020	159	159	5	di	di	_	_	_	_	_	linguistic	_	none	_	_	_	_	_	_
159-6	TOI020	159	159	6	roma	roma	_	_	_	_	_	linguistic	_	none	_	End=489.205	_	_	_	_
160-0	TOI020	160	160	0	non	non	_	_	_	_	_	linguistic	_	none	_	Begin=489.57	_	_	_	_
160-1	TOI020	160	160	1	è:	è	_	_	_	_	_	linguistic	_	none	_	_	0x1	_	_	_
160-2	TOI020	160	160	2	come	come	_	_	_	_	_	linguistic	_	none	_	_	_	_	_	_
160-3	TOI020	160	160	3	questo	questo	_	_	_	_	_	linguistic	_	none	_	_	_	_	_	_
160-4	TOI020	160	160	4	che	che	_	_	_	_	_	linguistic	_	none	_	_	_	_	_	_
160-5	TOI020	160	160	5	noi	noi	_	_	_	_	_	linguistic	_	none	_	_	_	_	_	_
160-6	TOI020	160	160	6	abbia~	abbia~	_	_	_	_	_	linguistic	_	none	Interrupted=Yes	_	_	_	_	_
160-7	TOI020	160	160	7	sono	sono	_	_	_	_	_	linguistic	_	none	_	_	_	_	_	_
160-8	TOI020	160	160	8	due:	due	_	_	_	_	_	linguistic	_	none	_	_	2x1	_	_	_
160-9	TOI020	160	160	9	e::h	eh	_	_	_	_	_	linguistic	_	none	_	_	0x2	_	_	_
160-10	TOI020	160	160	10	mh	mh	_	_	_	_	_	linguistic	_	none	_	_	_	_	_	_
160-11	TOI020	160	160	11	come?	come	_	_	_	_	_	linguistic	_	none	Intonation=Rising	_	_	_	_	_
160-12	TOI020	160	160	12	due	due	_	_	_	_	_	linguistic	_	none	_	_	_	_	_	_
160-13	TOI020	160	160	13	motori	motori	_	_	_	_	_	linguistic	_	none	_	_	_	_	_	_
160-14	TOI020	160	160	14	diversi.	diversi	_	_	_	_	_	linguistic	_	none	Intonation=Falling	End=495.637	_	_	_	_
161-0	TOI020	161	161	0	quindi,	quindi	_	_	_	_	_	linguistic	_	none	Intonation=WeaklyRising	Begin=496.094|End=496.681	_	_	_	_
162-0	TOI020	162	162	0	mh	mh	_	_	_	_	_	linguistic	_	none	_	Begin=497.076	_	_	_	_
162-1	TOI020	162	162	1	dev[i:	devi	_	_	_	_	_	linguistic	_	none	_	_	3x1	_	_	3-4(62)
162-2	TOI020	162	162	2	eh]	eh	_	_	_	_	_	linguistic	_	none	_	_	_	_	_	0-2(62)
162-3	TOI020	162	162	3	devi	devi	_	_	_	_	_	linguistic	_	none	_	_	_	_	_	_
162-4	TOI020	162	162	4	ricarica~	ricarica~	_	_	_	_	_	linguistic	_	none	Interrupted=Yes	_	_	_	_	_
162-5	TOI020	162	162	5	la	la	_	_	_	_	_	linguistic	_	none	_	_	_	_	_	_
162-6	TOI020	162	162	6	cose	cose	_	_	_	_	_	linguistic	_	none	_	_	_	_	_	_
162-7	TOI020	162	162	7	che	che	_	_	_	_	_	linguistic	_	none	_	_	_	_	_	_
162-8	TOI020	162	162	8	hai	hai	_	_	_	_	_	linguistic	_	none	_	_	_	_	_	_
162-9	TOI020	162	162	9	da	da	_	_	_	_	_	linguistic	_	none	_	_	_	_	_	_
162-10	TOI020	162	162	10	una	una	_	_	_	_	_	linguistic	_	none	_	_	_	_	_	_
162-11	TOI020	162	162	11	parte	parte	_	_	_	_	_	linguistic	_	none	_	_	_	_	_	_
162-12	TOI020	162	162	12	te	te	_	_	_	_	_	linguistic	_	none	_	_	_	_	_	_
162-13	TOI020	162	162	13	le	le	_	_	_	_	_	linguistic	_	none	_	_	_	_	_	_
162-14	TOI020	162	162	14	devi	devi	_	_	_	_	_	linguistic	_	none	_	_	_	_	_	_
162-15	TOI020	162	162	15	ricaric[are	ricaricare	_	_	_	_	_	linguistic	_	none	_	_	_	_	_	7-10(63)
162-16	TOI020	162	162	16	dall'	dall'	_	_	_	_	_	linguistic	_	none	SpaceAfter=No	_	_	_	_	0-5(63)
162-17	TOI020	162	162	17	altra]	altra	_	_	_	_	_	linguistic	_	none	_	End=502.495	_	_	_	0-5(63)
163-0	TOR004	163	163	0	[certo]	certo	_	_	_	_	_	linguistic	_	none	_	Begin=497.639|End=498.088	_	_	_	0-5(62)
164-0	TOR004	164	164	0	[c(io)è	cioè	_	_	_	_	_	linguistic	_	none	Reduced=Yes	Begin=501.499	_	_	_	0-4(63)
164-1	TOR004	164	164	1	quindi	quindi	_	_	_	_	_	linguistic	_	none	_	_	_	_	_	0-6(63)
164-2	TOR004	164	164	2	fai	fai	_	_	_	_	_	linguistic	_	none	_	_	_	_	_	0-3(63)
164-3	TOR004	164	164	3	il	il	_	_	_	_	_	linguistic	_	none	_	_	_	_	_	0-2(63)
164-4	TOR004	164	164	4	doppio	doppio	_	_	_	_	_	linguistic	_	none	_	_	_	_	_	0-6(63)
164-5	TOR004	164	164	5	la]voro	lavoro	_	_	_	_	_	linguistic	_	none	_	_	_	_	_	0-2(63)
164-6	TOR004	164	164	6	pra[ticame~]	praticame~	_	_	_	_	_	linguistic	_	none	Interrupted=Yes	End=503.154	_	_	_	3-10(64)
165-0	TOI020	165	165	0	[quindi]	quindi	_	_	_	_	_	linguistic	_	none	_	Begin=502.869	_	_	_	0-6(64)
165-1	TOI020	165	165	1	fai	fai	_	_	_	_	_	linguistic	_	none	_	_	_	_	_	_
165-2	TOI020	165	165	2	il	il	_	_	_	_	_	linguistic	_	none	_	_	_	_	_	_
165-3	TOI020	165	165	3	doppio	doppio	_	_	_	_	_	linguistic	_	none	_	_	_	_	_	_
165-4	TOI020	165	165	4	lavoro	lavoro	_	_	_	_	_	linguistic	_	none	_	_	_	_	_	_
165-5	TOI020	165	165	5	ma	ma	_	_	_	_	_	linguistic	_	none	_	_	_	_	_	_
165-6	TOI020	165	165	6	devi	devi	_	_	_	_	_	linguistic	_	none	_	_	_	_	_	_
165-7	TOI020	165	165	7	stare	stare	_	_	_	_	_	linguistic	_	none	_	_	_	_	_	_
165-8	TOI020	165	165	8	molto	molto	_	_	_	_	_	linguistic	_	none	_	_	_	_	_	_
165-9	TOI020	165	165	9	attenta	attenta	_	_	_	_	_	linguistic	_	none	_	_	_	_	_	_
165-10	TOI020	165	165	10	perché	perché	_	_	_	_	_	linguistic	_	none	_	_	_	_	_	_
165-11	TOI020	165	165	11	[per	per	_	_	_	_	_	linguistic	_	none	_	_	_	_	_	0-3(65)
165-12	TOI020	165	165	12	esempio],	esempio	_	_	_	_	_	linguistic	_	none	Intonation=WeaklyRising	End=506.923	_	_	_	0-7(65)
166-0	TOR004	166	166	0	[non	non	_	_	_	_	_	linguistic	_	none	_	Begin=505.922	_	_	_	0-3(65)
166-1	TOR004	166	166	1	perderti]:.	perderti	_	_	_	_	_	linguistic	_	none	Intonation=Falling	End=507.143	7x1	_	_	0-8(65)
167-0	TOI020	167	167	0	no:	no	_	_	_	_	_	linguistic	_	none	_	Begin=507.391	1x1	_	_	_
167-1	TOI020	167	167	1	più	più	_	_	_	_	_	linguistic	_	none	_	_	_	_	_	_
167-2	TOI020	167	167	2	che	che	_	_	_	_	_	linguistic	_	none	_	_	_	_	_	_
167-3	TOI020	167	167	3	al~	al~	_	_	_	_	_	linguistic	_	none	Interrupted=Yes	_	_	_	_	_
167-4	TOI020	167	167	4	>c(io)è<	cioè	_	_	_	_	_	linguistic	_	none	Reduced=Yes	_	_	Fast=0-4(0)	_	_
167-5	TOI020	167	167	5	tipo	tipo	_	_	_	_	_	linguistic	_	none	_	_	_	_	_	_
167-6	TOI020	167	167	6	no?	no	_	_	_	_	_	linguistic	_	none	Intonation=Rising	_	_	_	_	_
167-7	TOI020	167	167	7	tu	tu	_	_	_	_	_	linguistic	_	none	_	_	_	_	_	_
167-8	TOI020	167	167	8	devi	devi	_	_	_	_	_	linguistic	_	none	_	_	_	_	_	_
167-9	TOI020	167	167	9	dire	dire	_	_	_	_	_	linguistic	_	none	PauseAfter=Yes	_	_	_	_	_
167-10	TOI020	167	167	10	(.)	(.)	_	_	_	_	_	shortpause	_	none	_	_	_	_	_	_
167-11	TOI020	167	167	11	e::h	eh	_	_	_	_	_	linguistic	_	none	ProsodicLink=Yes	_	0x2	_	_	_
167-12	TOI020	167	167	12	mh	mh	_	_	_	_	_	linguistic	_	none	_	_	_	_	_	_
167-13	TOI020	167	167	13	mentre	mentre	_	_	_	_	_	linguistic	_	none	_	_	_	_	_	_
167-14	TOI020	167	167	14	in	in	_	_	_	_	_	linguistic	_	none	_	_	_	_	_	_
167-15	TOI020	167	167	15	alcune	alcune	_	_	_	_	_	linguistic	_	none	_	_	_	_	_	_
167-16	TOI020	167	167	16	cose	cose	_	_	_	_	_	linguistic	_	none	_	_	_	_	_	_
167-17	TOI020	167	167	17	in	in	_	_	_	_	_	linguistic	_	none	_	_	_	_	_	_
167-18	TOI020	167	167	18	automatico	automatico	_	_	_	_	_	linguistic	_	none	_	_	_	_	_	_
167-19	TOI020	167	167	19	ti	ti	_	_	_	_	_	linguistic	_	none	_	_	_	_	_	_
167-20	TOI020	167	167	20	viene	viene	_	_	_	_	_	linguistic	_	none	_	_	_	_	_	_
167-21	TOI020	167	167	21	la	la	_	_	_	_	_	linguistic	_	none	_	_	_	_	_	_
167-22	TOI020	167	167	22	data	data	_	_	_	_	_	linguistic	_	none	_	_	_	_	_	_
167-23	TOI020	167	167	23	di	di	_	_	_	_	_	linguistic	_	none	_	_	_	_	_	_
167-24	TOI020	167	167	24	oggi	oggi	_	_	_	_	_	linguistic	_	none	_	End=514.907	_	_	_	_
168-0	TOI020	168	168	0	ma	ma	_	_	_	_	_	linguistic	_	none	_	Begin=515.311	_	_	_	_
168-1	TOI020	168	168	1	io	io	_	_	_	_	_	linguistic	_	none	_	_	_	_	_	_
168-2	TOI020	168	168	2	se	se	_	_	_	_	_	linguistic	_	none	_	_	_	_	_	_
168-3	TOI020	168	168	3	mi	mi	_	_	_	_	_	linguistic	_	none	_	_	_	_	_	_
168-4	TOI020	168	168	4	devo	devo	_	_	_	_	_	linguistic	_	none	_	_	_	_	_	_
168-5	TOI020	168	168	5	caricare	caricare	_	_	_	_	_	linguistic	_	none	_	_	_	_	_	_
168-6	TOI020	168	168	6	la	la	_	_	_	_	_	linguistic	_	none	_	_	_	_	_	_
168-7	TOI020	168	168	7	carta	carta	_	_	_	_	_	linguistic	_	none	_	_	_	_	_	_
168-8	TOI020	168	168	8	d'	d'	_	_	_	_	_	linguistic	_	none	SpaceAfter=No	_	_	_	_	_
168-9	TOI020	168	168	9	identità	identità	_	_	_	_	_	linguistic	_	none	_	_	_	_	_	_
168-10	TOI020	168	168	10	di	di	_	_	_	_	_	linguistic	_	none	_	_	_	_	_	_
168-11	TOI020	168	168	11	una	una	_	_	_	_	_	linguistic	_	none	_	_	_	_	_	_
168-12	TOI020	168	168	12	persona	persona	_	_	_	_	_	linguistic	_	none	_	_	_	_	_	_
168-13	TOI020	168	168	13	quando	quando	_	_	_	_	_	linguistic	_	none	_	_	_	_	_	_
168-14	TOI020	168	168	14	la	la	_	_	_	_	_	linguistic	_	none	_	_	_	_	_	_
168-15	TOI020	168	168	15	vado	vado	_	_	_	_	_	linguistic	_	none	_	_	_	_	_	_
168-16	TOI020	168	168	16	a	a	_	_	_	_	_	linguistic	_	none	_	_	_	_	_	_
168-17	TOI020	168	168	17	caricare	caricare	_	_	_	_	_	linguistic	_	none	_	_	_	_	_	_
168-18	TOI020	168	168	18	sul	sul	_	_	_	_	_	linguistic	_	none	_	_	_	_	_	_
168-19	TOI020	168	168	19	database	database	_	_	_	_	_	linguistic	_	none	_	_	_	_	_	_
168-20	TOI020	168	168	20	del	del	_	_	_	_	_	linguistic	_	none	_	_	_	_	_	_
168-21	TOI020	168	168	21	comune	comune	_	_	_	_	_	linguistic	_	none	_	_	_	_	_	_
168-22	TOI020	168	168	22	di:	di	_	_	_	_	_	linguistic	_	none	_	_	1x1	_	_	_
168-23	TOI020	168	168	23	di	di	_	_	_	_	_	linguistic	_	none	_	_	_	_	_	_
168-24	TOI020	168	168	24	torino,	torino	_	_	_	_	_	linguistic	_	none	Intonation=WeaklyRising	End=522.561	_	_	_	_
169-0	TOI020	169	169	0	devo	devo	_	_	_	_	_	linguistic	_	none	_	Begin=523.611	_	_	_	_
169-1	TOI020	169	169	1	scrivere	scrivere	_	_	_	_	_	linguistic	_	none	_	_	_	_	_	_
169-2	TOI020	169	169	2	f~	f~	_	_	_	_	_	linguistic	_	none	Interrupted=Yes	_	_	_	_	_
169-3	TOI020	169	169	3	è	è	_	_	_	_	_	linguistic	_	none	_	_	_	_	_	_
169-4	TOI020	169	169	4	una	una	_	_	_	_	_	linguistic	_	none	_	_	_	_	_	_
169-5	TOI020	169	169	5	cavolata	cavolata	_	_	_	_	_	linguistic	_	none	_	_	_	_	_	_
169-6	TOI020	169	169	6	però	però	_	_	_	_	_	linguistic	_	none	_	_	_	_	_	_
169-7	TOI020	169	169	7	devo	devo	_	_	_	_	_	linguistic	_	none	_	_	_	_	_	_
169-8	TOI020	169	169	8	scrivere	scrivere	_	_	_	_	_	linguistic	_	none	_	_	_	_	_	_
169-9	TOI020	169	169	9	undici	undici	_	_	_	_	_	linguistic	_	none	_	_	_	_	_	_
169-10	TOI020	169	169	10	uno	uno	_	_	_	_	_	linguistic	_	none	PauseAfter=Yes	_	_	_	_	_
169-11	TOI020	169	169	11	(.)	(.)	_	_	_	_	_	shortpause	_	none	_	_	_	_	_	_
169-12	TOI020	169	169	12	duemila	duemila	_	_	_	_	_	linguistic	_	none	_	_	_	_	_	_
169-13	TOI020	169	169	13	e	e	_	_	_	_	_	linguistic	_	none	_	_	_	_	_	_
169-14	TOI020	169	169	14	diciannove.	diciannove	_	_	_	_	_	linguistic	_	none	Intonation=Falling	End=528.669	_	_	_	_
170-0	TOR004	170	170	0	mh	mh	_	_	_	_	_	linguistic	_	none	_	Begin=528.848|End=529.128	_	_	_	_
171-0	TOI020	171	171	0	se	se	_	_	_	_	_	linguistic	_	none	_	Begin=529.128	_	_	_	_
171-1	TOI020	171	171	1	mi	mi	_	_	_	_	_	linguistic	_	none	_	_	_	_	_	_
171-2	TOI020	171	171	2	sbaglio	sbaglio	_	_	_	_	_	linguistic	_	none	_	End=530.19	_	_	_	_
172-0	TOI020	172	172	0	io	io	_	_	_	_	_	linguistic	_	none	_	Begin=530.429	_	_	_	_
172-1	TOI020	172	172	1	ho	ho	_	_	_	_	_	linguistic	_	none	_	_	_	_	_	_
172-2	TOI020	172	172	2	fatto	fatto	_	_	_	_	_	linguistic	_	none	_	_	_	_	_	_
172-3	TOI020	172	172	3	un	un	_	_	_	_	_	linguistic	_	none	_	_	_	_	_	_
172-4	TOI020	172	172	4	macello.	macello	_	_	_	_	_	linguistic	_	none	Intonation=Falling	End=531.665	_	_	_	_
173-0	TOR004	173	173	0	perché	perché	_	_	_	_	_	linguistic	_	none	_	Begin=531.77	_	_	_	_
173-1	TOR004	173	173	1	non	non	_	_	_	_	_	linguistic	_	none	_	_	_	_	_	_
173-2	TOR004	173	173	2	si	si	_	_	_	_	_	linguistic	_	none	_	_	_	_	_	_
173-3	TOR004	173	173	3	trova	trova	_	_	_	_	_	linguistic	_	none	_	_	_	_	_	_
173-4	TOR004	173	173	4	più	più	_	_	_	_	_	linguistic	_	none	_	_	_	_	_	_
173-5	TOR004	173	173	5	[da	da	_	_	_	_	_	linguistic	_	none	_	_	_	_	_	0-2(66)
173-6	TOR004	173	173	6	nessuna	nessuna	_	_	_	_	_	linguistic	_	none	_	_	_	_	_	0-7(66)
173-7	TOR004	173	173	7	parte]	parte	_	_	_	_	_	linguistic	_	none	_	End=533.612	_	_	_	0-5(66)
174-0	TOI020	174	174	0	[perché	perché	_	_	_	_	_	linguistic	_	none	_	Begin=532.578	_	_	_	0-6(66)
174-1	TOI020	174	174	1	poi	poi	_	_	_	_	_	linguistic	_	none	_	_	_	_	_	0-3(66)
174-2	TOI020	174	174	2	dive]nta	diventa	_	_	_	_	_	linguistic	_	none	_	_	_	_	_	0-4(66)
174-3	TOI020	174	174	3	quindi	quindi	_	_	_	_	_	linguistic	_	none	_	_	_	_	_	_
174-4	TOI020	174	174	4	[se	se	_	_	_	_	_	linguistic	_	none	_	_	_	_	_	0-2(67)
174-5	TOI020	174	174	5	devo	devo	_	_	_	_	_	linguistic	_	none	_	_	_	_	_	0-4(67)
174-6	TOI020	174	174	6	s]tare	stare	_	_	_	_	_	linguistic	_	none	_	_	_	_	_	0-1(67)
174-7	TOI020	174	174	7	attenta,	attenta	_	_	_	_	_	linguistic	_	none	Intonation=WeaklyRising	_	_	_	_	_
174-8	TOI020	174	174	8	°a	a	_	_	_	_	_	linguistic	_	none	Volume=low	_	_	_	_	_
174-9	TOI020	174	174	9	quello	quello	_	_	_	_	_	linguistic	_	none	Volume=low	_	_	_	_	_
174-10	TOI020	174	174	10	che	che	_	_	_	_	_	linguistic	_	none	Volume=low	_	_	_	_	_
174-11	TOI020	174	174	11	fa(ccio)°	faccio	_	_	_	_	_	linguistic	_	none	Volume=low	_	_	_	2-6(0)	_
174-12	TOI020	174	174	12	e	e	_	_	_	_	_	linguistic	_	none	_	_	_	_	_	_
174-13	TOI020	174	174	13	ci	ci	_	_	_	_	_	linguistic	_	none	_	_	_	_	_	_
174-14	TOI020	174	174	14	sta	sta	_	_	_	_	_	linguistic	_	none	_	End=537.348	_	_	_	_
175-0	TOR004	175	175	0	[si::]	si	_	_	_	_	_	linguistic	_	none	_	Begin=534.452|End=535.113	1x2	_	_	0-2(67)
176-0	TOI020	176	176	0	però	però	_	_	_	_	_	linguistic	_	none	_	Begin=537.636	_	_	_	_
176-1	TOI020	176	176	1	la	la	_	_	_	_	_	linguistic	_	none	_	_	_	_	_	_
176-2	TOI020	176	176	2	confusione	confusione	_	_	_	_	_	linguistic	_	none	_	_	_	_	_	_
176-3	TOI020	176	176	3	abbiamo	abbiamo	_	_	_	_	_	linguistic	_	none	_	_	_	_	_	_
176-4	TOI020	176	176	4	t~	t~	_	_	_	_	_	linguistic	_	none	Interrupted=Yes	_	_	_	_	_
176-5	TOI020	176	176	5	gli	gli	_	_	_	_	_	linguistic	_	none	_	_	_	_	_	_
176-6	TOI020	176	176	6	eh	eh	_	_	_	_	_	linguistic	_	none	_	_	_	_	_	_
176-7	TOI020	176	176	7	s~	s~	_	_	_	_	_	linguistic	_	none	Interrupted=Yes	_	_	_	_	_
176-8	TOI020	176	176	8	gli	gli	_	_	_	_	_	linguistic	_	none	_	_	_	_	_	_
176-9	TOI020	176	176	9	sportelli	sportelli	_	_	_	_	_	linguistic	_	none	_	_	_	_	_	_
176-10	TOI020	176	176	10	son	son	_	_	_	_	_	linguistic	_	none	_	_	_	_	_	_
176-11	TOI020	176	176	11	tutti	tutti	_	_	_	_	_	linguistic	_	none	_	_	_	_	_	_
176-12	TOI020	176	176	12	ape:rti	aperti	_	_	_	_	_	linguistic	_	none	_	_	2x1	_	_	_
176-13	TOI020	176	176	13	quindi	quindi	_	_	_	_	_	linguistic	_	none	_	_	_	_	_	_
176-14	TOI020	176	176	14	tutta	tutta	_	_	_	_	_	linguistic	_	none	_	_	_	_	_	_
176-15	TOI020	176	176	15	la	la	_	_	_	_	_	linguistic	_	none	_	_	_	_	_	_
176-16	TOI020	176	176	16	con[fusione	confusione	_	_	_	_	_	linguistic	_	none	_	_	_	_	_	3-10(68)
176-17	TOI020	176	176	17	eh]	eh	_	_	_	_	_	linguistic	_	none	_	End=543.485	_	_	_	0-2(68)
177-0	TOR004	177	177	0	[mamma	mamma	_	_	_	_	_	linguistic	_	none	_	Begin=542.773	_	_	_	0-5(68)
177-1	TOR004	177	177	1	mia]	mia	_	_	_	_	_	linguistic	_	none	_	End=543.509	_	_	_	0-3(68)
178-0	TOI020	178	178	0	è	è	_	_	_	_	_	linguistic	_	none	_	Begin=543.894	_	_	_	_
178-1	TOI020	178	178	1	un	un	_	_	_	_	_	linguistic	_	none	_	_	_	_	_	_
178-2	TOI020	178	178	2	po'	po'	_	_	_	_	_	linguistic	_	none	PauseAfter=Yes	_	_	_	_	_
178-3	TOI020	178	178	3	(.)	(.)	_	_	_	_	_	shortpause	_	none	_	_	_	_	_	_
178-4	TOI020	178	178	4	però	però	_	_	_	_	_	linguistic	_	none	_	_	_	_	_	_
178-5	TOI020	178	178	5	ce	ce	_	_	_	_	_	linguistic	_	none	_	_	_	_	_	_
178-6	TOI020	178	178	6	la	la	_	_	_	_	_	linguistic	_	none	_	_	_	_	_	_
178-7	TOI020	178	178	7	facciamo	facciamo	_	_	_	_	_	linguistic	_	none	_	_	_	_	_	_
178-8	TOI020	178	178	8	ce	ce	_	_	_	_	_	linguistic	_	none	_	_	_	_	_	_
178-9	TOI020	178	178	9	la	la	_	_	_	_	_	linguistic	_	none	_	_	_	_	_	_
178-10	TOI020	178	178	10	cavia(mo).	caviamo	_	_	_	_	_	linguistic	_	none	Intonation=Falling	_	_	_	5-7(0)	_
178-11	TOI020	178	178	11	((sospira))	((sospira))	_	_	_	_	_	nonverbalbehavior	_	none	_	End=546.746	_	_	_	_
179-0	TOR004	179	179	0	com'	com'	_	_	_	_	_	linguistic	_	none	SpaceAfter=No	Begin=546.438	_	_	_	_
179-1	TOR004	179	179	1	è	è	_	_	_	_	_	linguistic	_	none	_	_	_	_	_	_
179-2	TOR004	179	179	2	la::	la	_	_	_	_	_	linguistic	_	none	_	_	1x2	_	_	_
179-3	TOR004	179	179	3	lavorare	lavorare	_	_	_	_	_	linguistic	_	none	_	_	_	_	_	_
179-4	TOR004	179	179	4	lì	lì	_	_	_	_	_	linguistic	_	none	_	_	_	_	_	_
179-5	TOR004	179	179	5	dal	dal	_	_	_	_	_	linguistic	_	none	_	_	_	_	_	_
179-6	TOR004	179	179	6	punto	punto	_	_	_	_	_	linguistic	_	none	_	_	_	_	_	_
179-7	TOR004	179	179	7	di	di	_	_	_	_	_	linguistic	_	none	_	_	_	_	_	_
179-8	TOR004	179	179	8	vista	vista	_	_	_	_	_	linguistic	_	none	_	_	_	_	_	_
179-9	TOR004	179	179	9	umano,	umano	_	_	_	_	_	linguistic	_	none	Intonation=WeaklyRising	_	_	_	_	_
179-10	TOR004	179	179	10	nel	nel	_	_	_	_	_	linguistic	_	none	_	_	_	_	_	_
179-11	TOR004	179	179	11	senso	senso	_	_	_	_	_	linguistic	_	none	_	_	_	_	_	_
179-12	TOR004	179	179	12	chi	chi	_	_	_	_	_	linguistic	_	none	_	_	_	_	_	_
179-13	TOR004	179	179	13	[ti	ti	_	_	_	_	_	linguistic	_	none	_	_	_	_	_	0-2(70)
179-14	TOR004	179	179	14	capita],	capita	_	_	_	_	_	linguistic	_	none	Intonation=WeaklyRising	End=550.528	_	_	_	0-6(70)
180-0	TOI020	180	180	0	[e:h	eh	_	_	_	_	_	linguistic	_	none	_	Begin=549.812	0x1	_	_	0-2(70)
180-1	TOI020	180	180	1	beh	beh	_	_	_	_	_	linguistic	_	none	_	_	_	_	_	0-3(70)
180-2	TOI020	180	180	2	i~]	i~	_	_	_	_	_	linguistic	_	none	Interrupted=Yes	_	_	_	_	0-2(70)
180-3	TOI020	180	180	3	hai	hai	_	_	_	_	_	linguistic	_	none	_	_	_	_	_	_
180-4	TOI020	180	180	4	di	di	_	_	_	_	_	linguistic	_	none	_	_	_	_	_	_
180-5	TOI020	180	180	5	tutto.	tutto	_	_	_	_	_	linguistic	_	none	Intonation=Falling	End=551.711	_	_	_	_
181-0	TOR004	181	181	0	sì?	sì	_	_	_	_	_	linguistic	_	none	Intonation=Rising	Begin=551.711|End=552.083	_	_	_	_
182-0	TOI020	182	182	0	hai	hai	_	_	_	_	_	linguistic	_	none	_	Begin=552.083	_	_	_	_
182-1	TOI020	182	182	1	di	di	_	_	_	_	_	linguistic	_	none	_	_	_	_	_	_
182-2	TOI020	182	182	2	tutto.	tutto	_	_	_	_	_	linguistic	_	none	Intonation=Falling	End=552.96	_	_	_	_
183-0	TOI020	183	183	0	diciamo	diciamo	_	_	_	_	_	linguistic	_	none	_	Begin=553.501	_	_	_	_
183-1	TOI020	183	183	1	che	che	_	_	_	_	_	linguistic	_	none	PauseAfter=Yes	_	_	_	_	_
183-2	TOI020	183	183	2	(.)	(.)	_	_	_	_	_	shortpause	_	none	_	_	_	_	_	_
183-3	TOI020	183	183	3	uman~	uman~	_	_	_	_	_	linguistic	_	none	Interrupted=Yes	_	_	_	_	_
183-4	TOI020	183	183	4	e:h	eh	_	_	_	_	_	linguistic	_	none	_	_	0x1	_	_	_
183-5	TOI020	183	183	5	allora	allora	_	_	_	_	_	linguistic	_	none	_	_	_	_	_	_
183-6	TOI020	183	183	6	il	il	_	_	_	_	_	linguistic	_	none	_	_	_	_	_	_
183-7	TOI020	183	183	7	periodo	periodo	_	_	_	_	_	linguistic	_	none	_	_	_	_	_	_
183-8	TOI020	183	183	8	dove,	dove	_	_	_	_	_	linguistic	_	none	Intonation=WeaklyRising	End=557.548	_	_	_	_
184-0	TOI020	184	184	0	ho	ho	_	_	_	_	_	linguistic	_	none	_	Begin=558.019	_	_	_	_
184-1	TOI020	184	184	1	vissuto	vissuto	_	_	_	_	_	linguistic	_	none	_	_	_	_	_	_
184-2	TOI020	184	184	2	e::h	eh	_	_	_	_	_	linguistic	_	none	_	_	0x2	_	_	_
184-3	TOI020	184	184	3	la	la	_	_	_	_	_	linguistic	_	none	_	_	_	_	_	_
184-4	TOI020	184	184	4	pesantezza	pesantezza	_	_	_	_	_	linguistic	_	none	_	_	_	_	_	_
184-5	TOI020	184	184	5	del	del	_	_	_	_	_	linguistic	_	none	_	_	_	_	_	_
184-6	TOI020	184	184	6	periodo	periodo	_	_	_	_	_	linguistic	_	none	_	End=562.765	_	_	_	_
185-0	TOI020	185	185	0	è	è	_	_	_	_	_	linguistic	_	none	_	Begin=563.214	_	_	_	_
185-1	TOI020	185	185	1	stato	stato	_	_	_	_	_	linguistic	_	none	_	_	_	_	_	_
185-2	TOI020	185	185	2	nell'	nell'	_	_	_	_	_	linguistic	_	none	SpaceAfter=No	_	_	_	_	_
185-3	TOI020	185	185	3	ufficio	ufficio	_	_	_	_	_	linguistic	_	none	_	_	_	_	_	_
185-4	TOI020	185	185	4	lavoro.	lavoro	_	_	_	_	_	linguistic	_	none	Intonation=Falling	End=564.811	_	_	_	_
186-0	TOR004	186	186	0	mh	mh	_	_	_	_	_	linguistic	_	none	_	Begin=565.015	_	_	_	_
186-1	TOR004	186	186	1	mh	mh	_	_	_	_	_	linguistic	_	none	_	End=565.364	_	_	_	_
187-0	TOI020	187	187	0	perché	perché	_	_	_	_	_	linguistic	_	none	_	Begin=565.583	_	_	_	_
187-1	TOI020	187	187	1	al	al	_	_	_	_	_	linguistic	_	none	_	_	_	_	_	_
187-2	TOI020	187	187	2	nido,	nido	_	_	_	_	_	linguistic	_	none	Intonation=WeaklyRising	_	_	_	_	_
187-3	TOI020	187	187	3	okay	okay	_	_	_	_	_	linguistic	_	none	_	_	_	_	_	_
187-4	TOI020	187	187	4	c'	c'	_	_	_	_	_	linguistic	_	none	SpaceAfter=No	_	_	_	_	_
187-5	TOI020	187	187	5	erano,	erano	_	_	_	_	_	linguistic	_	none	Intonation=WeaklyRising	End=568.25	_	_	_	_
188-0	TOI020	188	188	0	come	come	_	_	_	_	_	linguistic	_	none	_	Begin=569.07	_	_	_	_
188-1	TOI020	188	188	1	educatore	educatore	_	_	_	_	_	linguistic	_	none	_	_	_	_	_	_
188-2	TOI020	188	188	2	vabbè	vabbè	_	_	_	_	_	linguistic	_	none	_	_	_	_	_	_
188-3	TOI020	188	188	3	eri	eri	_	_	_	_	_	linguistic	_	none	_	_	_	_	_	_
188-4	TOI020	188	188	4	gio:vane:	giovane	_	_	_	_	_	linguistic	_	none	_	_	2x1,6x1	_	_	_
188-5	TOI020	188	188	5	era	era	_	_	_	_	_	linguistic	_	none	_	_	_	_	_	_
188-6	TOI020	188	188	6	tutta	tutta	_	_	_	_	_	linguistic	_	none	_	_	_	_	_	_
188-7	TOI020	188	188	7	un'	un'	_	_	_	_	_	linguistic	_	none	SpaceAfter=No	_	_	_	_	_
188-8	TOI020	188	188	8	altra	altra	_	_	_	_	_	linguistic	_	none	_	_	_	_	_	_
188-9	TOI020	188	188	9	roba.	roba	_	_	_	_	_	linguistic	_	none	Intonation=Falling	End=572.547	_	_	_	_
189-0	TOI020	189	189	0	poi	poi	_	_	_	_	_	linguistic	_	none	_	Begin=572.749|End=573.246	_	_	_	_
190-0	TOI020	190	190	0	entrando,	entrando	_	_	_	_	_	linguistic	_	none	Intonation=WeaklyRising	Begin=573.75	_	_	_	_
190-1	TOI020	190	190	1	e	e	_	_	_	_	_	linguistic	_	none	_	_	_	_	_	_
190-2	TOI020	190	190	2	quindi	quindi	_	_	_	_	_	linguistic	_	none	_	_	_	_	_	_
190-3	TOI020	190	190	3	il	il	_	_	_	_	_	linguistic	_	none	_	_	_	_	_	_
190-4	TOI020	190	190	4	contatto	contatto	_	_	_	_	_	linguistic	_	none	_	_	_	_	_	_
190-5	TOI020	190	190	5	con	con	_	_	_	_	_	linguistic	_	none	_	_	_	_	_	_
190-6	TOI020	190	190	6	i	i	_	_	_	_	_	linguistic	_	none	_	_	_	_	_	_
190-7	TOI020	190	190	7	bambini	bambini	_	_	_	_	_	linguistic	_	none	_	_	_	_	_	_
190-8	TOI020	190	190	8	e~	e~	_	_	_	_	_	linguistic	_	none	Interrupted=Yes	_	_	_	_	_
190-9	TOI020	190	190	9	è	è	_	_	_	_	_	linguistic	_	none	_	_	_	_	_	_
190-10	TOI020	190	190	10	tutta	tutta	_	_	_	_	_	linguistic	_	none	_	_	_	_	_	_
190-11	TOI020	190	190	11	una	una	_	_	_	_	_	linguistic	_	none	_	_	_	_	_	_
190-12	TOI020	190	190	12	cosa:	cosa	_	_	_	_	_	linguistic	_	none	_	_	3x1	_	_	_
190-13	TOI020	190	190	13	diversa.	diversa	_	_	_	_	_	linguistic	_	none	Intonation=Falling	End=579.075	_	_	_	_
191-0	TOI020	191	191	0	poi	poi	_	_	_	_	_	linguistic	_	none	_	Begin=579.755	_	_	_	_
191-1	TOI020	191	191	1	sono	sono	_	_	_	_	_	linguistic	_	none	_	_	_	_	_	_
191-2	TOI020	191	191	2	entrata	entrata	_	_	_	_	_	linguistic	_	none	_	_	_	_	_	_
191-3	TOI020	191	191	3	in	in	_	_	_	_	_	linguistic	_	none	_	_	_	_	_	_
191-4	TOI020	191	191	4	ufficio	ufficio	_	_	_	_	_	linguistic	_	none	_	_	_	_	_	_
191-5	TOI020	191	191	5	e	e	_	_	_	_	_	linguistic	_	none	_	_	_	_	_	_
191-6	TOI020	191	191	6	lì	lì	_	_	_	_	_	linguistic	_	none	_	_	_	_	_	_
191-7	TOI020	191	191	7	cominci	cominci	_	_	_	_	_	linguistic	_	none	_	_	_	_	_	_
191-8	TOI020	191	191	8	a	a	_	_	_	_	_	linguistic	_	none	_	_	_	_	_	_
191-9	TOI020	191	191	9	vedere	vedere	_	_	_	_	_	linguistic	_	none	_	_	_	_	_	_
191-10	TOI020	191	191	10	i	i	_	_	_	_	_	linguistic	_	none	_	_	_	_	_	_
191-11	TOI020	191	191	11	problemi	problemi	_	_	_	_	_	linguistic	_	none	_	_	_	_	_	_
191-12	TOI020	191	191	12	dei	dei	_	_	_	_	_	linguistic	_	none	_	_	_	_	_	_
191-13	TOI020	191	191	13	genitori	genitori	_	_	_	_	_	linguistic	_	none	_	_	_	_	_	_
191-14	TOI020	191	191	14	che	che	_	_	_	_	_	linguistic	_	none	_	_	_	_	_	_
191-15	TOI020	191	191	15	non	non	_	_	_	_	_	linguistic	_	none	_	_	_	_	_	_
191-16	TOI020	191	191	16	trovano	trovano	_	_	_	_	_	linguistic	_	none	_	_	_	_	_	_
191-17	TOI020	191	191	17	il	il	_	_	_	_	_	linguistic	_	none	_	_	_	_	_	_
191-18	TOI020	191	191	18	posto	posto	_	_	_	_	_	linguistic	_	none	_	_	_	_	_	_
191-19	TOI020	191	191	19	del	del	_	_	_	_	_	linguistic	_	none	_	_	_	_	_	_
191-20	TOI020	191	191	20	bambino	bambino	_	_	_	_	_	linguistic	_	none	_	_	_	_	_	_
191-21	TOI020	191	191	21	al	al	_	_	_	_	_	linguistic	_	none	_	_	_	_	_	_
191-22	TOI020	191	191	22	nido	nido	_	_	_	_	_	linguistic	_	none	_	_	_	_	_	_
191-23	TOI020	191	191	23	e	e	_	_	_	_	_	linguistic	_	none	_	_	_	_	_	_
191-24	TOI020	191	191	24	quindi	quindi	_	_	_	_	_	linguistic	_	none	_	_	_	_	_	_
191-25	TOI020	191	191	25	la	la	_	_	_	_	_	linguistic	_	none	_	_	_	_	_	_
191-26	TOI020	191	191	26	la	la	_	_	_	_	_	linguistic	_	none	_	_	_	_	_	_
191-27	TOI020	191	191	27	la	la	_	_	_	_	_	linguistic	_	none	_	_	_	_	_	_
191-28	TOI020	191	191	28	la	la	_	_	_	_	_	linguistic	_	none	_	_	_	_	_	_
191-29	TOI020	191	191	29	tutti	tutti	_	_	_	_	_	linguistic	_	none	_	_	_	_	_	_
191-30	TOI020	191	191	30	questi	questi	_	_	_	_	_	linguistic	_	none	_	_	_	_	_	_
191-31	TOI020	191	191	31	problemi	problemi	_	_	_	_	_	linguistic	_	none	_	_	_	_	_	_
191-32	TOI020	191	191	32	la	la	_	_	_	_	_	linguistic	_	none	_	_	_	_	_	_
191-33	TOI020	191	191	33	gente	gente	_	_	_	_	_	linguistic	_	none	_	_	_	_	_	_
191-34	TOI020	191	191	34	che	che	_	_	_	_	_	linguistic	_	none	_	_	_	_	_	_
191-35	TOI020	191	191	35	non	non	_	_	_	_	_	linguistic	_	none	_	_	_	_	_	_
191-36	TOI020	191	191	36	riesce	riesce	_	_	_	_	_	linguistic	_	none	_	_	_	_	_	_
191-37	TOI020	191	191	37	a	a	_	_	_	_	_	linguistic	_	none	_	_	_	_	_	_
191-38	TOI020	191	191	38	pagare	pagare	_	_	_	_	_	linguistic	_	none	_	_	_	_	_	_
191-39	TOI020	191	191	39	la	la	_	_	_	_	_	linguistic	_	none	_	_	_	_	_	_
191-40	TOI020	191	191	40	retta	retta	_	_	_	_	_	linguistic	_	none	_	End=591.146	_	_	_	_
192-0	TOI020	192	192	0	e	e	_	_	_	_	_	linguistic	_	none	_	Begin=591.557	_	_	_	_
192-1	TOI020	192	192	1	inso~	inso~	_	_	_	_	_	linguistic	_	none	Interrupted=Yes	_	_	_	_	_
192-2	TOI020	192	192	2	questi	questi	_	_	_	_	_	linguistic	_	none	_	_	_	_	_	_
192-3	TOI020	192	192	3	pro~	pro~	_	_	_	_	_	linguistic	_	none	Interrupted=Yes	_	_	_	_	_
192-4	TOI020	192	192	4	poi	poi	_	_	_	_	_	linguistic	_	none	_	_	_	_	_	_
192-5	TOI020	192	192	5	chi	chi	_	_	_	_	_	linguistic	_	none	_	_	_	_	_	_
192-6	TOI020	192	192	6	eh	eh	_	_	_	_	_	linguistic	_	none	_	_	_	_	_	_
192-7	TOI020	192	192	7	chi	chi	_	_	_	_	_	linguistic	_	none	_	_	_	_	_	_
192-8	TOI020	192	192	8	lo	lo	_	_	_	_	_	linguistic	_	none	_	_	_	_	_	_
192-9	TOI020	192	192	9	fa	fa	_	_	_	_	_	linguistic	_	none	_	_	_	_	_	_
192-10	TOI020	192	192	10	chi	chi	_	_	_	_	_	linguistic	_	none	_	_	_	_	_	_
192-11	TOI020	192	192	11	lo	lo	_	_	_	_	_	linguistic	_	none	_	_	_	_	_	_
192-12	TOI020	192	192	12	è	è	_	_	_	_	_	linguistic	_	none	_	_	_	_	_	_
192-13	TOI020	192	192	13	eh	eh	_	_	_	_	_	linguistic	_	none	_	_	_	_	_	_
192-14	TOI020	192	192	14	quindi.	quindi	_	_	_	_	_	linguistic	_	none	Intonation=Falling	End=595.848	_	_	_	_
193-0	TOR004	193	193	0	c[erto]	certo	_	_	_	_	_	linguistic	_	none	_	Begin=596.219|End=596.63	_	_	_	1-5(71)
194-0	TOI020	194	194	0	[comin]ci	cominci	_	_	_	_	_	linguistic	_	none	_	Begin=596.31	_	_	_	0-5(71)
194-1	TOI020	194	194	1	anche	anche	_	_	_	_	_	linguistic	_	none	_	_	_	_	_	_
194-2	TOI020	194	194	2	un	un	_	_	_	_	_	linguistic	_	none	_	_	_	_	_	_
194-3	TOI020	194	194	3	po'	po'	_	_	_	_	_	linguistic	_	none	_	_	_	_	_	_
194-4	TOI020	194	194	4	a	a	_	_	_	_	_	linguistic	_	none	_	_	_	_	_	_
194-5	TOI020	194	194	5	capire	capire	_	_	_	_	_	linguistic	_	none	_	End=597.86	_	_	_	_
195-0	TOI020	195	195	0	[a::	a	_	_	_	_	_	linguistic	_	none	_	Begin=598.498	0x2	_	_	0-1(72)
195-1	TOI020	195	195	1	a	a	_	_	_	_	_	linguistic	_	none	_	_	_	_	_	0-1(72)
195-2	TOI020	195	195	2	dis]tinguere	distinguere	_	_	_	_	_	linguistic	_	none	_	_	_	_	_	0-3(72)
195-3	TOI020	195	195	3	°però	però	_	_	_	_	_	linguistic	_	none	Volume=low	_	_	_	_	_
195-4	TOI020	195	195	4	diventa	diventa	_	_	_	_	_	linguistic	_	none	Volume=low	_	_	_	_	_
195-5	TOI020	195	195	5	molto	molto	_	_	_	_	_	linguistic	_	none	Volume=low	_	_	_	_	_
195-6	TOI020	195	195	6	difficile°	difficile	_	_	_	_	_	linguistic	_	none	Volume=low	_	_	_	_	_
195-7	TOI020	195	195	7	e	e	_	_	_	_	_	linguistic	_	none	_	_	_	_	_	_
195-8	TOI020	195	195	8	questa	questa	_	_	_	_	_	linguistic	_	none	_	_	_	_	_	_
195-9	TOI020	195	195	9	è	è	_	_	_	_	_	linguistic	_	none	_	_	_	_	_	_
195-10	TOI020	195	195	10	la	la	_	_	_	_	_	linguistic	_	none	_	_	_	_	_	_
195-11	TOI020	195	195	11	prima	prima	_	_	_	_	_	linguistic	_	none	_	_	_	_	_	_
195-12	TOI020	195	195	12	parte.	parte	_	_	_	_	_	linguistic	_	none	Intonation=Falling	End=603.14	_	_	_	_
196-0	TOR004	196	196	0	[a	a	_	_	_	_	_	linguistic	_	none	_	Begin=598.886	_	_	_	0-1(72)
196-1	TOR004	196	196	1	distingue(re)]	distinguere	_	_	_	_	_	linguistic	_	none	_	End=599.762	_	_	9-11(0)	0-11(72)
197-0	TOI020	197	197	0	poi	poi	_	_	_	_	_	linguistic	_	none	_	Begin=604.262	_	_	_	_
197-1	TOI020	197	197	1	quando	quando	_	_	_	_	_	linguistic	_	none	_	_	_	_	_	_
197-2	TOI020	197	197	2	sono	sono	_	_	_	_	_	linguistic	_	none	_	_	_	_	_	_
197-3	TOI020	197	197	3	andata	andata	_	_	_	_	_	linguistic	_	none	_	_	_	_	_	_
197-4	TOI020	197	197	4	all'	all'	_	_	_	_	_	linguistic	_	none	SpaceAfter=No	_	_	_	_	_
197-5	TOI020	197	197	5	ufficio	ufficio	_	_	_	_	_	linguistic	_	none	_	_	_	_	_	_
197-6	TOI020	197	197	6	istruzione	istruzione	_	_	_	_	_	linguistic	_	none	_	End=606.846	_	_	_	_
198-0	TOI020	198	198	0	eh	eh	_	_	_	_	_	linguistic	_	none	_	Begin=607.04	_	_	_	_
198-1	TOI020	198	198	1	lì	lì	_	_	_	_	_	linguistic	_	none	_	_	_	_	_	_
198-2	TOI020	198	198	2	era,	era	_	_	_	_	_	linguistic	_	none	Intonation=WeaklyRising|PauseAfter=Yes	_	_	_	_	_
198-3	TOI020	198	198	3	(.)	(.)	_	_	_	_	_	shortpause	_	none	_	_	_	_	_	_
198-4	TOI020	198	198	4	prettamente	prettamente	_	_	_	_	_	linguistic	_	none	_	_	_	_	_	_
198-5	TOI020	198	198	5	amministrativo	amministrativo	_	_	_	_	_	linguistic	_	none	_	_	_	_	_	_
198-6	TOI020	198	198	6	quindi	quindi	_	_	_	_	_	linguistic	_	none	_	_	_	_	_	_
198-7	TOI020	198	198	7	era,	era	_	_	_	_	_	linguistic	_	none	Intonation=WeaklyRising|PauseAfter=Yes	_	_	_	_	_
198-8	TOI020	198	198	8	(.)	(.)	_	_	_	_	_	shortpause	_	none	_	_	_	_	_	_
198-9	TOI020	198	198	9	completamente	completamente	_	_	_	_	_	linguistic	_	none	_	_	_	_	_	_
198-10	TOI020	198	198	10	diverso	diverso	_	_	_	_	_	linguistic	_	none	_	_	_	_	_	_
198-11	TOI020	198	198	11	perché	perché	_	_	_	_	_	linguistic	_	none	_	_	_	_	_	_
198-12	TOI020	198	198	12	tu	tu	_	_	_	_	_	linguistic	_	none	_	_	_	_	_	_
198-13	TOI020	198	198	13	facevi	facevi	_	_	_	_	_	linguistic	_	none	_	_	_	_	_	_
198-14	TOI020	198	198	14	la	la	_	_	_	_	_	linguistic	_	none	_	_	_	_	_	_
198-15	TOI020	198	198	15	tua	tua	_	_	_	_	_	linguistic	_	none	_	_	_	_	_	_
198-16	TOI020	198	198	16	co:sa	cosa	_	_	_	_	_	linguistic	_	none	_	_	1x1	_	_	_
198-17	TOI020	198	198	17	mh	mh	_	_	_	_	_	linguistic	_	none	_	_	_	_	_	_
198-18	TOI020	198	198	18	ti	ti	_	_	_	_	_	linguistic	_	none	_	_	_	_	_	_
198-19	TOI020	198	198	19	controllavi	controllavi	_	_	_	_	_	linguistic	_	none	_	_	_	_	_	_
198-20	TOI020	198	198	20	le	le	_	_	_	_	_	linguistic	_	none	_	_	_	_	_	_
198-21	TOI020	198	198	21	c~	c~	_	_	_	_	_	linguistic	_	none	Interrupted=Yes	_	_	_	_	_
198-22	TOI020	198	198	22	tutte	tutte	_	_	_	_	_	linguistic	_	none	_	_	_	_	_	_
198-23	TOI020	198	198	23	le	le	_	_	_	_	_	linguistic	_	none	_	_	_	_	_	_
198-24	TOI020	198	198	24	le	le	_	_	_	_	_	linguistic	_	none	_	_	_	_	_	_
198-25	TOI020	198	198	25	cose	cose	_	_	_	_	_	linguistic	_	none	_	End=617.779	_	_	_	_
199-0	TOI020	199	199	0	avevamo	avevamo	_	_	_	_	_	linguistic	_	none	_	Begin=618.113	_	_	_	_
199-1	TOI020	199	199	1	una	una	_	_	_	_	_	linguistic	_	none	_	_	_	_	_	_
199-2	TOI020	199	199	2	parte	parte	_	_	_	_	_	linguistic	_	none	_	_	_	_	_	_
199-3	TOI020	199	199	3	bella	bella	_	_	_	_	_	linguistic	_	none	_	_	_	_	_	_
199-4	TOI020	199	199	4	dove,	dove	_	_	_	_	_	linguistic	_	none	Intonation=WeaklyRising	End=620.247	_	_	_	_
200-0	TOI020	200	200	0	lavoravamo	lavoravamo	_	_	_	_	_	linguistic	_	none	_	Begin=620.539	_	_	_	_
200-1	TOI020	200	200	1	con	con	_	_	_	_	_	linguistic	_	none	_	_	_	_	_	_
200-2	TOI020	200	200	2	le	le	_	_	_	_	_	linguistic	_	none	_	_	_	_	_	_
200-3	TOI020	200	200	3	scuo:le	scuole	_	_	_	_	_	linguistic	_	none	_	_	3x1	_	_	_
200-4	TOI020	200	200	4	e	e	_	_	_	_	_	linguistic	_	none	_	_	_	_	_	_
200-5	TOI020	200	200	5	tutto	tutto	_	_	_	_	_	linguistic	_	none	_	_	_	_	_	_
200-6	TOI020	200	200	6	quanto	quanto	_	_	_	_	_	linguistic	_	none	_	_	_	_	_	_
200-7	TOI020	200	200	7	quindi	quindi	_	_	_	_	_	linguistic	_	none	_	End=623.222	_	_	_	_
201-0	TOI020	201	201	0	okay.	okay	_	_	_	_	_	linguistic	_	none	Intonation=Falling	Begin=623.928	_	_	_	_
201-1	TOI020	201	201	1	erano	erano	_	_	_	_	_	linguistic	_	none	_	_	_	_	_	_
201-2	TOI020	201	201	2	i	i	_	_	_	_	_	linguistic	_	none	_	_	_	_	_	_
201-3	TOI020	201	201	3	consigli	consigli	_	_	_	_	_	linguistic	_	none	_	_	_	_	_	_
201-4	TOI020	201	201	4	di::	di	_	_	_	_	_	linguistic	_	none	_	End=626.672	1x2	_	_	_
202-0	TOR004	202	202	0	di	di	_	_	_	_	_	linguistic	_	none	_	Begin=626.672	_	_	_	_
202-1	TOR004	202	202	1	co~	co~	_	_	_	_	_	linguistic	_	none	Interrupted=Yes	_	_	_	_	_
202-2	TOR004	202	202	2	[di	di	_	_	_	_	_	linguistic	_	none	_	_	_	_	_	0-2(73)
202-3	TOR004	202	202	3	collegio:	collegio	_	_	_	_	_	linguistic	_	none	_	_	7x1	_	_	0-8(73)
202-4	TOR004	202	202	4	docenti]	docenti	_	_	_	_	_	linguistic	_	none	_	End=628.561	_	_	_	0-7(73)
203-0	TOI020	203	203	0	[di	di	_	_	_	_	_	linguistic	_	none	_	Begin=627.132	_	_	_	0-2(73)
203-1	TOI020	203	203	1	que~	que~	_	_	_	_	_	linguistic	_	none	Interrupted=Yes	_	_	_	_	0-4(73)
203-2	TOI020	203	203	2	°mh	mh	_	_	_	_	_	linguistic	_	none	ProsodicLink=Yes|Volume=low	_	_	_	_	0-2(73)
203-3	TOI020	203	203	3	eh°	eh	_	_	_	_	_	linguistic	_	none	Volume=low	_	_	_	_	0-2(73)
203-4	TOI020	203	203	4	no	no	_	_	_	_	_	linguistic	_	none	_	_	_	_	_	0-2(73)
203-5	TOI020	203	203	5	no]	no	_	_	_	_	_	linguistic	_	none	_	_	_	_	_	0-2(73)
203-6	TOI020	203	203	6	i	i	_	_	_	_	_	linguistic	_	none	_	_	_	_	_	_
203-7	TOI020	203	203	7	consigli	consigli	_	_	_	_	_	linguistic	_	none	_	_	_	_	_	_
203-8	TOI020	203	203	8	di	di	_	_	_	_	_	linguistic	_	none	_	_	_	_	_	_
203-9	TOI020	203	203	9	dei	dei	_	_	_	_	_	linguistic	_	none	_	_	_	_	_	_
203-10	TOI020	203	203	10	raga:zzi	ragazzi	_	_	_	_	_	linguistic	_	none	_	_	3x1	_	_	_
203-11	TOI020	203	203	11	quindi	quindi	_	_	_	_	_	linguistic	_	none	_	_	_	_	_	_
203-12	TOI020	203	203	12	[f~	f~	_	_	_	_	_	linguistic	_	none	Interrupted=Yes	_	_	_	_	0-2(74)
203-13	TOI020	203	203	13	si	si	_	_	_	_	_	linguistic	_	none	_	_	_	_	_	0-2(74)
203-14	TOI020	203	203	14	face]vano	facevano	_	_	_	_	_	linguistic	_	none	_	End=632.274	_	_	_	0-4(74)
204-0	TOR004	204	204	0	[ah	ah	_	_	_	_	_	linguistic	_	none	_	Begin=631.244	_	_	_	0-2(74)
204-1	TOR004	204	204	1	sì]	sì	_	_	_	_	_	linguistic	_	none	_	End=631.812	_	_	_	0-2(74)
205-0	TOI020	205	205	0	un	un	_	_	_	_	_	linguistic	_	none	_	Begin=632.574	_	_	_	_
205-1	TOI020	205	205	1	sacco	sacco	_	_	_	_	_	linguistic	_	none	_	_	_	_	_	_
205-2	TOI020	205	205	2	di	di	_	_	_	_	_	linguistic	_	none	_	_	_	_	_	_
205-3	TOI020	205	205	3	cose	cose	_	_	_	_	_	linguistic	_	none	_	_	_	_	_	_
205-4	TOI020	205	205	4	a	a	_	_	_	_	_	linguistic	_	none	_	_	_	_	_	_
205-5	TOI020	205	205	5	livello::	livello	_	_	_	_	_	linguistic	_	none	_	_	6x2	_	_	_
205-6	TOI020	205	205	6	di	di	_	_	_	_	_	linguistic	_	none	_	_	_	_	_	_
205-7	TOI020	205	205	7	circoscrizione,	circoscrizione	_	_	_	_	_	linguistic	_	none	Intonation=WeaklyRising	_	_	_	_	_
205-8	TOI020	205	205	8	°eccetera°.	eccetera	_	_	_	_	_	linguistic	_	none	Intonation=Falling|Volume=low	End=636.628	_	_	_	_
206-0	TOI020	206	206	0	poi	poi	_	_	_	_	_	linguistic	_	none	_	Begin=637.141	_	_	_	_
206-1	TOI020	206	206	1	quando	quando	_	_	_	_	_	linguistic	_	none	_	_	_	_	_	_
206-2	TOI020	206	206	2	sono	sono	_	_	_	_	_	linguistic	_	none	_	_	_	_	_	_
206-3	TOI020	206	206	3	andata	andata	_	_	_	_	_	linguistic	_	none	_	_	_	_	_	_
206-4	TOI020	206	206	4	all'	all'	_	_	_	_	_	linguistic	_	none	SpaceAfter=No	_	_	_	_	_
206-5	TOI020	206	206	5	ufficio,	ufficio	_	_	_	_	_	linguistic	_	none	Intonation=WeaklyRising	_	_	_	_	_
206-6	TOI020	206	206	6	e	e	_	_	_	_	_	linguistic	_	none	_	_	_	_	_	_
206-7	TOI020	206	206	7	lì	lì	_	_	_	_	_	linguistic	_	none	_	_	_	_	_	_
206-8	TOI020	206	206	8	sono	sono	_	_	_	_	_	linguistic	_	none	_	_	_	_	_	_
206-9	TOI020	206	206	9	passata	passata	_	_	_	_	_	linguistic	_	none	_	_	_	_	_	_
206-10	TOI020	206	206	10	all'	all'	_	_	_	_	_	linguistic	_	none	SpaceAfter=No	_	_	_	_	_
206-11	TOI020	206	206	11	ufficio::	ufficio	_	_	_	_	_	linguistic	_	none	_	_	6x2	_	_	_
206-12	TOI020	206	206	12	lavoro	lavoro	_	_	_	_	_	linguistic	_	none	_	_	_	_	_	_
206-13	TOI020	206	206	13	perché	perché	_	_	_	_	_	linguistic	_	none	_	_	_	_	_	_
206-14	TOI020	206	206	14	avevano	avevano	_	_	_	_	_	linguistic	_	none	_	_	_	_	_	_
206-15	TOI020	206	206	15	bisogno	bisogno	_	_	_	_	_	linguistic	_	none	_	_	_	_	_	_
206-16	TOI020	206	206	16	quindi::	quindi	_	_	_	_	_	linguistic	_	none	_	_	5x2	_	_	_
206-17	TOI020	206	206	17	mh	mh	_	_	_	_	_	linguistic	_	none	_	_	_	_	_	_
206-18	TOI020	206	206	18	sono	sono	_	_	_	_	_	linguistic	_	none	_	_	_	_	_	_
206-19	TOI020	206	206	19	andata	andata	_	_	_	_	_	linguistic	_	none	_	_	_	_	_	_
206-20	TOI020	206	206	20	lì,	lì	_	_	_	_	_	linguistic	_	none	Intonation=WeaklyRising	End=645.905	_	_	_	_
207-0	TOI020	207	207	0	e:::h	eh	_	_	_	_	_	linguistic	_	none	_	Begin=647.082	0x3	_	_	_
207-1	TOI020	207	207	1	lì::	lì	_	_	_	_	_	linguistic	_	none	_	_	1x2	_	_	_
207-2	TOI020	207	207	2	è	è	_	_	_	_	_	linguistic	_	none	_	_	_	_	_	_
207-3	TOI020	207	207	3	stato	stato	_	_	_	_	_	linguistic	_	none	_	_	_	_	_	_
207-4	TOI020	207	207	4	pesante	pesante	_	_	_	_	_	linguistic	_	none	_	_	_	_	_	_
207-5	TOI020	207	207	5	perché	perché	_	_	_	_	_	linguistic	_	none	_	_	_	_	_	_
207-6	TOI020	207	207	6	avevamo.	avevamo	_	_	_	_	_	linguistic	_	none	Intonation=Falling	_	_	_	_	_
207-7	TOI020	207	207	7	le	le	_	_	_	_	_	linguistic	_	none	_	_	_	_	_	_
207-8	TOI020	207	207	8	persone	persone	_	_	_	_	_	linguistic	_	none	_	_	_	_	_	_
207-9	TOI020	207	207	9	che	che	_	_	_	_	_	linguistic	_	none	_	_	_	_	_	_
207-10	TOI020	207	207	10	venivano	venivano	_	_	_	_	_	linguistic	_	none	_	_	_	_	_	_
207-11	TOI020	207	207	11	per	per	_	_	_	_	_	linguistic	_	none	_	_	_	_	_	_
207-12	TOI020	207	207	12	fare	fare	_	_	_	_	_	linguistic	_	none	_	_	_	_	_	_
207-13	TOI020	207	207	13	le	le	_	_	_	_	_	linguistic	_	none	_	_	_	_	_	_
207-14	TOI020	207	207	14	iscrizioni:	iscrizioni	_	_	_	_	_	linguistic	_	none	_	_	9x1	_	_	_
207-15	TOI020	207	207	15	e:h	eh	_	_	_	_	_	linguistic	_	none	_	_	0x1	_	_	_
207-16	TOI020	207	207	16	per	per	_	_	_	_	_	linguistic	_	none	_	_	_	_	_	_
207-17	TOI020	207	207	17	offrirsi	offrirsi	_	_	_	_	_	linguistic	_	none	_	_	_	_	_	_
207-18	TOI020	207	207	18	per	per	_	_	_	_	_	linguistic	_	none	_	_	_	_	_	_
207-19	TOI020	207	207	19	il	il	_	_	_	_	_	linguistic	_	none	_	_	_	_	_	_
207-20	TOI020	207	207	20	lavoro	lavoro	_	_	_	_	_	linguistic	_	none	_	_	_	_	_	_
207-21	TOI020	207	207	21	del	del	_	_	_	_	_	linguistic	_	none	_	_	_	_	_	_
207-22	TOI020	207	207	22	collocam[ento].	collocamento	_	_	_	_	_	linguistic	_	none	Intonation=Falling	End=658.412	_	_	_	8-12(75)
208-0	TOR004	208	208	0	[mh]	mh	_	_	_	_	_	linguistic	_	none	_	Begin=658.06	_	_	_	0-2(75)
208-1	TOR004	208	208	1	mh	mh	_	_	_	_	_	linguistic	_	none	_	End=658.554	_	_	_	_
209-0	TOI020	209	209	0	ed	ed	_	_	_	_	_	linguistic	_	none	_	Begin=658.796	_	_	_	_
209-1	TOI020	209	209	1	erano	erano	_	_	_	_	_	linguistic	_	none	_	_	_	_	_	_
209-2	TOI020	209	209	2	sempre,	sempre	_	_	_	_	_	linguistic	_	none	Intonation=WeaklyRising	_	_	_	_	_
209-3	TOI020	209	209	3	di	di	_	_	_	_	_	linguistic	_	none	_	_	_	_	_	_
209-4	TOI020	209	209	4	meno	meno	_	_	_	_	_	linguistic	_	none	_	_	_	_	_	_
209-5	TOI020	209	209	5	le	le	_	_	_	_	_	linguistic	_	none	_	_	_	_	_	_
209-6	TOI020	209	209	6	offerte	offerte	_	_	_	_	_	linguistic	_	none	_	_	_	_	_	_
209-7	TOI020	209	209	7	così	così	_	_	_	_	_	linguistic	_	none	_	End=661.866	_	_	_	_
210-0	TOI020	210	210	0	arrivavano,	arrivavano	_	_	_	_	_	linguistic	_	none	Intonation=WeaklyRising	Begin=662.421	_	_	_	_
210-1	TOI020	210	210	1	ed	ed	_	_	_	_	_	linguistic	_	none	_	_	_	_	_	_
210-2	TOI020	210	210	2	è	è	_	_	_	_	_	linguistic	_	none	_	_	_	_	_	_
210-3	TOI020	210	210	3	stato	stato	_	_	_	_	_	linguistic	_	none	_	_	_	_	_	_
210-4	TOI020	210	210	4	il	il	_	_	_	_	_	linguistic	_	none	_	_	_	_	_	_
210-5	TOI020	210	210	5	periodo	periodo	_	_	_	_	_	linguistic	_	none	_	_	_	_	_	_
210-6	TOI020	210	210	6	dove	dove	_	_	_	_	_	linguistic	_	none	_	_	_	_	_	_
210-7	TOI020	210	210	7	arrivavano,	arrivavano	_	_	_	_	_	linguistic	_	none	Intonation=WeaklyRising	_	_	_	_	_
210-8	TOI020	210	210	8	i	i	_	_	_	_	_	linguistic	_	none	_	_	_	_	_	_
210-9	TOI020	210	210	9	primi	primi	_	_	_	_	_	linguistic	_	none	_	_	_	_	_	_
210-10	TOI020	210	210	10	licenziamenti,	licenziamenti	_	_	_	_	_	linguistic	_	none	Intonation=WeaklyRising	End=667.305	_	_	_	_
211-0	TOI020	211	211	0	a	a	_	_	_	_	_	linguistic	_	none	_	Begin=668.245	_	_	_	_
211-1	TOI020	211	211	1	bum	bum	_	_	_	_	_	linguistic	_	none	_	End=668.845	_	_	_	_
212-0	TOR004	212	212	0	mh	mh	_	_	_	_	_	linguistic	_	none	_	Begin=669.086	_	_	_	_
212-1	TOR004	212	212	1	[mh]	mh	_	_	_	_	_	linguistic	_	none	_	End=669.508	_	_	_	0-2(76)
213-0	TOI020	213	213	0	[qui]ndi	quindi	_	_	_	_	_	linguistic	_	none	_	Begin=669.324	_	_	_	0-3(76)
213-1	TOI020	213	213	1	cinquantenni,	cinquantenni	_	_	_	_	_	linguistic	_	none	Intonation=WeaklyRising	End=671.094	_	_	_	_
214-0	TOI020	214	214	0	[nel	nel	_	_	_	_	_	linguistic	_	none	_	Begin=671.519	_	_	_	0-3(77)
214-1	TOI020	214	214	1	due	due	_	_	_	_	_	linguistic	_	none	_	_	_	_	_	0-3(77)
214-2	TOI020	214	214	2	mila:	mila	_	_	_	_	_	linguistic	_	none	_	_	3x1	_	_	0-4(77)
214-3	TOI020	214	214	3	nel	nel	_	_	_	_	_	linguistic	_	none	_	_	_	_	_	0-3(77)
214-4	TOI020	214	214	4	due]mila	duemila	_	_	_	_	_	linguistic	_	none	_	_	_	_	_	0-3(77)
214-5	TOI020	214	214	5	e	e	_	_	_	_	_	linguistic	_	none	_	_	_	_	_	_
214-6	TOI020	214	214	6	tre::	tre	_	_	_	_	_	linguistic	_	none	_	_	2x2	_	_	_
214-7	TOI020	214	214	7	eh	eh	_	_	_	_	_	linguistic	_	none	_	_	_	_	_	_
214-8	TOI020	214	214	8	no	no	_	_	_	_	_	linguistic	_	none	_	End=675.678	_	_	_	_
215-0	TOR004	215	215	0	[madonna	madonna	_	_	_	_	_	linguistic	_	none	_	Begin=671.519	_	_	_	0-7(77)
215-1	TOR004	215	215	1	che	che	_	_	_	_	_	linguistic	_	none	_	_	_	_	_	0-3(77)
215-2	TOR004	215	215	2	non	non	_	_	_	_	_	linguistic	_	none	_	_	_	_	_	0-3(77)
215-3	TOR004	215	215	3	avevano:]	avevano	_	_	_	_	_	linguistic	_	none	_	End=673.375	6x1	_	_	0-7(77)
216-0	TOI020	216	216	0	duemila	duemila	_	_	_	_	_	linguistic	_	none	_	Begin=676.1	_	_	_	_
216-1	TOI020	216	216	1	e	e	_	_	_	_	_	linguistic	_	none	_	_	_	_	_	_
216-2	TOI020	216	216	2	tre	tre	_	_	_	_	_	linguistic	_	none	_	_	_	_	_	_
216-3	TOI020	216	216	3	duemila	duemila	_	_	_	_	_	linguistic	_	none	_	_	_	_	_	_
216-4	TOI020	216	216	4	e	e	_	_	_	_	_	linguistic	_	none	_	_	_	_	_	_
216-5	TOI020	216	216	5	sette	sette	_	_	_	_	_	linguistic	_	none	_	_	_	_	_	_
216-6	TOI020	216	216	6	°due[mila	duemila	_	_	_	_	_	linguistic	_	none	Volume=low	_	_	_	_	3-7(78)
216-7	TOI020	216	216	7	e	e	_	_	_	_	_	linguistic	_	none	Volume=low	_	_	_	_	0-1(78)
216-8	TOI020	216	216	8	ot(to)°	otto	_	_	_	_	_	linguistic	_	none	Volume=low	_	_	_	2-4(0)	0-4(78)
216-9	TOI020	216	216	9	comun~	comun~	_	_	_	_	_	linguistic	_	none	Interrupted=Yes	_	_	_	_	0-6(78)
216-10	TOI020	216	216	10	nel	nel	_	_	_	_	_	linguistic	_	none	_	_	_	_	_	0-3(78)
216-11	TOI020	216	216	11	duemila	duemila	_	_	_	_	_	linguistic	_	none	_	_	_	_	_	0-7(78)
216-12	TOI020	216	216	12	e	e	_	_	_	_	_	linguistic	_	none	_	_	_	_	_	0-1(78)
216-13	TOI020	216	216	13	s]::ei	sei	_	_	_	_	_	linguistic	_	none	_	_	0x2	_	_	0-1(78)
216-14	TOI020	216	216	14	[così]	così	_	_	_	_	_	linguistic	_	none	_	_	_	_	_	0-4(79)
216-15	TOI020	216	216	15	esatto,	esatto	_	_	_	_	_	linguistic	_	none	Intonation=WeaklyRising	End=682.452	_	_	_	_
217-0	TOR004	217	217	0	[sì	sì	_	_	_	_	_	linguistic	_	none	_	Begin=678.456	_	_	_	0-2(78)
217-1	TOR004	217	217	1	quando	quando	_	_	_	_	_	linguistic	_	none	_	_	_	_	_	0-6(78)
217-2	TOR004	217	217	2	poi	poi	_	_	_	_	_	linguistic	_	none	_	_	_	_	_	0-3(78)
217-3	TOR004	217	217	3	è	è	_	_	_	_	_	linguistic	_	none	_	_	_	_	_	0-1(78)
217-4	TOR004	217	217	4	cominciata	cominciata	_	_	_	_	_	linguistic	_	none	_	_	_	_	_	0-10(78)
217-5	TOR004	217	217	5	la	la	_	_	_	_	_	linguistic	_	none	_	_	_	_	_	0-2(78)
217-6	TOR004	217	217	6	crisi:]	crisi	_	_	_	_	_	linguistic	_	none	_	End=680.429	4x1	_	_	0-5(78)
218-0	TOR004	218	218	0	[sì]	sì	_	_	_	_	_	linguistic	_	none	_	Begin=680.983|End=681.38	_	_	_	0-2(79)
219-0	TOI020	219	219	0	che	che	_	_	_	_	_	linguistic	_	none	_	Begin=682.645	_	_	_	_
219-1	TOI020	219	219	1	è	è	_	_	_	_	_	linguistic	_	none	_	_	_	_	_	_
219-2	TOI020	219	219	2	cominciata	cominciata	_	_	_	_	_	linguistic	_	none	_	_	_	_	_	_
219-3	TOI020	219	219	3	quella	quella	_	_	_	_	_	linguistic	_	none	_	_	_	_	_	_
219-4	TOI020	219	219	4	crisi	crisi	_	_	_	_	_	linguistic	_	none	_	_	_	_	_	_
219-5	TOI020	219	219	5	lì	lì	_	_	_	_	_	linguistic	_	none	_	End=684.606	_	_	_	_
220-0	TOI020	220	220	0	cominciavano	cominciavano	_	_	_	_	_	linguistic	_	none	_	Begin=684.93	_	_	_	_
220-1	TOI020	220	220	1	a	a	_	_	_	_	_	linguistic	_	none	_	_	_	_	_	_
220-2	TOI020	220	220	2	arrivare	arrivare	_	_	_	_	_	linguistic	_	none	_	_	_	_	_	_
220-3	TOI020	220	220	3	le	le	_	_	_	_	_	linguistic	_	none	_	_	_	_	_	_
220-4	TOI020	220	220	4	persone	persone	_	_	_	_	_	linguistic	_	none	_	_	_	_	_	_
220-5	TOI020	220	220	5	che	che	_	_	_	_	_	linguistic	_	none	_	_	_	_	_	_
220-6	TOI020	220	220	6	rimanevano	rimanevano	_	_	_	_	_	linguistic	_	none	_	_	_	_	_	_
220-7	TOI020	220	220	7	a	a	_	_	_	_	_	linguistic	_	none	_	_	_	_	_	_
220-8	TOI020	220	220	8	casa	casa	_	_	_	_	_	linguistic	_	none	PauseAfter=Yes	_	_	_	_	_
220-9	TOI020	220	220	9	(.)	(.)	_	_	_	_	_	shortpause	_	none	_	_	_	_	_	_
220-10	TOI020	220	220	10	dall'	dall'	_	_	_	_	_	linguistic	_	none	SpaceAfter=No	_	_	_	_	_
220-11	TOI020	220	220	11	oggi	oggi	_	_	_	_	_	linguistic	_	none	_	_	_	_	_	_
220-12	TOI020	220	220	12	al	al	_	_	_	_	_	linguistic	_	none	_	_	_	_	_	_
220-13	TOI020	220	220	13	domani	domani	_	_	_	_	_	linguistic	_	none	PauseAfter=Yes	_	_	_	_	_
220-14	TOI020	220	220	14	(.)	(.)	_	_	_	_	_	shortpause	_	none	_	_	_	_	_	_
220-15	TOI020	220	220	15	licenziate	licenziate	_	_	_	_	_	linguistic	_	none	_	_	_	_	_	_
220-16	TOI020	220	220	16	con	con	_	_	_	_	_	linguistic	_	none	_	_	_	_	_	_
220-17	TOI020	220	220	17	mutui::,	mutui	_	_	_	_	_	linguistic	_	none	Intonation=WeaklyRising	End=692.197	4x2	_	_	_
221-0	TOI020	221	221	0	[e::]	e	_	_	_	_	_	linguistic	_	none	_	Begin=693.016|End=693.789	0x2	_	_	0-1(80)
222-0	TOR004	222	222	0	[sì	sì	_	_	_	_	_	linguistic	_	none	_	Begin=693.296	_	_	_	0-2(80)
222-1	TOR004	222	222	1	magari]	magari	_	_	_	_	_	linguistic	_	none	_	_	_	_	_	0-6(80)
222-2	TOR004	222	222	2	pi~	pi~	_	_	_	_	_	linguistic	_	none	Interrupted=Yes	_	_	_	_	_
222-3	TOR004	222	222	3	padri	padri	_	_	_	_	_	linguistic	_	none	_	_	_	_	_	_
222-4	TOR004	222	222	4	di	di	_	_	_	_	_	linguistic	_	none	_	_	_	_	_	_
222-5	TOR004	222	222	5	famiglia	famiglia	_	_	_	_	_	linguistic	_	none	_	_	_	_	_	_
222-6	TOR004	222	222	6	insom[ma].	insomma	_	_	_	_	_	linguistic	_	none	Intonation=Falling	End=695.299	_	_	_	5-7(81)
223-0	TOI020	223	223	0	[pa]dri	padri	_	_	_	_	_	linguistic	_	none	_	Begin=695.145	_	_	_	0-2(81)
223-1	TOI020	223	223	1	o	o	_	_	_	_	_	linguistic	_	none	_	_	_	_	_	_
223-2	TOI020	223	223	2	madri	madri	_	_	_	_	_	linguistic	_	none	_	_	_	_	_	_
223-3	TOI020	223	223	3	di	di	_	_	_	_	_	linguistic	_	none	_	_	_	_	_	_
223-4	TOI020	223	223	4	fami:glia	famiglia	_	_	_	_	_	linguistic	_	none	_	_	3x1	_	_	_
223-5	TOI020	223	223	5	persone	persone	_	_	_	_	_	linguistic	_	none	_	_	_	_	_	_
223-6	TOI020	223	223	6	da	da	_	_	_	_	_	linguistic	_	none	_	_	_	_	_	_
223-7	TOI020	223	223	7	sole	sole	_	_	_	_	_	linguistic	_	none	_	_	_	_	_	_
223-8	TOI020	223	223	8	che	che	_	_	_	_	_	linguistic	_	none	_	_	_	_	_	_
223-9	TOI020	223	223	9	si	si	_	_	_	_	_	linguistic	_	none	_	_	_	_	_	_
223-10	TOI020	223	223	10	ritrovavano	ritrovavano	_	_	_	_	_	linguistic	_	none	_	_	_	_	_	_
223-11	TOI020	223	223	11	senza	senza	_	_	_	_	_	linguistic	_	none	_	_	_	_	_	_
223-12	TOI020	223	223	12	lavoro	lavoro	_	_	_	_	_	linguistic	_	none	_	_	_	_	_	_
223-13	TOI020	223	223	13	senza	senza	_	_	_	_	_	linguistic	_	none	_	_	_	_	_	_
223-14	TOI020	223	223	14	niente,	niente	_	_	_	_	_	linguistic	_	none	Intonation=WeaklyRising	End=701.013	_	_	_	_
224-0	TOI020	224	224	0	eh	eh	_	_	_	_	_	linguistic	_	none	_	Begin=701.643	_	_	_	_
224-1	TOI020	224	224	1	con	con	_	_	_	_	_	linguistic	_	none	_	_	_	_	_	_
224-2	TOI020	224	224	2	gli	gli	_	_	_	_	_	linguistic	_	none	_	_	_	_	_	_
224-3	TOI020	224	224	3	affitti	affitti	_	_	_	_	_	linguistic	_	none	_	_	_	_	_	_
224-4	TOI020	224	224	4	da	da	_	_	_	_	_	linguistic	_	none	_	_	_	_	_	_
224-5	TOI020	224	224	5	pagare	pagare	_	_	_	_	_	linguistic	_	none	_	_	_	_	_	_
224-6	TOI020	224	224	6	bollette	bollette	_	_	_	_	_	linguistic	_	none	_	_	_	_	_	_
224-7	TOI020	224	224	7	insom(ma)	insomma	_	_	_	_	_	linguistic	_	none	_	_	_	_	5-7(0)	_
224-8	TOI020	224	224	8	con	con	_	_	_	_	_	linguistic	_	none	_	_	_	_	_	_
224-9	TOI020	224	224	9	tutti	tutti	_	_	_	_	_	linguistic	_	none	_	_	_	_	_	_
224-10	TOI020	224	224	10	questi	questi	_	_	_	_	_	linguistic	_	none	_	_	_	_	_	_
224-11	TOI020	224	224	11	problemi,	problemi	_	_	_	_	_	linguistic	_	none	Intonation=WeaklyRising	_	_	_	_	_
224-12	TOI020	224	224	12	e	e	_	_	_	_	_	linguistic	_	none	_	_	_	_	_	_
224-13	TOI020	224	224	13	tu	tu	_	_	_	_	_	linguistic	_	none	_	_	_	_	_	_
224-14	TOI020	224	224	14	che	che	_	_	_	_	_	linguistic	_	none	_	End=706.507	_	_	_	_
225-0	TOI020	225	225	0	non	non	_	_	_	_	_	linguistic	_	none	_	Begin=707.265	_	_	_	_
225-1	TOI020	225	225	1	avevi	avevi	_	_	_	_	_	linguistic	_	none	_	_	_	_	_	_
225-2	TOI020	225	225	2	cinquant'	cinquant'	_	_	_	_	_	linguistic	_	none	SpaceAfter=No	_	_	_	_	_
225-3	TOI020	225	225	3	anni	anni	_	_	_	_	_	linguistic	_	none	_	_	_	_	_	_
225-4	TOI020	225	225	4	ma	ma	_	_	_	_	_	linguistic	_	none	_	_	_	_	_	_
225-5	TOI020	225	225	5	c'	c'	_	_	_	_	_	linguistic	_	none	SpaceAfter=No	_	_	_	_	_
225-6	TOI020	225	225	6	eri	eri	_	_	_	_	_	linguistic	_	none	_	_	_	_	_	_
225-7	TOI020	225	225	7	quasi	quasi	_	_	_	_	_	linguistic	_	none	_	_	_	_	_	_
225-8	TOI020	225	225	8	vicino	vicino	_	_	_	_	_	linguistic	_	none	_	_	_	_	_	_
225-9	TOI020	225	225	9	dicevi	dicevi	_	_	_	_	_	linguistic	_	none	_	_	_	_	_	_
225-10	TOI020	225	225	10	madonna	madonna	_	_	_	_	_	linguistic	_	none	_	_	_	_	_	_
225-11	TOI020	225	225	11	mia.	mia	_	_	_	_	_	linguistic	_	none	Intonation=Falling	_	_	_	_	_
225-12	TOI020	225	225	12	ma	ma	_	_	_	_	_	linguistic	_	none	_	_	_	_	_	_
225-13	TOI020	225	225	13	come	come	_	_	_	_	_	linguistic	_	none	_	_	_	_	_	_
225-14	TOI020	225	225	14	fanno?	fanno	_	_	_	_	_	linguistic	_	none	Intonation=Rising	_	_	_	_	_
225-15	TOI020	225	225	15	potrei	potrei	_	_	_	_	_	linguistic	_	none	_	_	_	_	_	_
225-16	TOI020	225	225	16	essere	essere	_	_	_	_	_	linguistic	_	none	_	_	_	_	_	_
225-17	TOI020	225	225	17	io	io	_	_	_	_	_	linguistic	_	none	_	_	_	_	_	_
225-18	TOI020	225	225	18	al	al	_	_	_	_	_	linguistic	_	none	_	_	_	_	_	_
225-19	TOI020	225	225	19	posto	posto	_	_	_	_	_	linguistic	_	none	_	_	_	_	_	_
225-20	TOI020	225	225	20	suo	suo	_	_	_	_	_	linguistic	_	none	_	_	_	_	_	_
225-21	TOI020	225	225	21	io	io	_	_	_	_	_	linguistic	_	none	_	_	_	_	_	_
225-22	TOI020	225	225	22	sono	sono	_	_	_	_	_	linguistic	_	none	_	_	_	_	_	_
225-23	TOI020	225	225	23	fortunata	fortunata	_	_	_	_	_	linguistic	_	none	_	_	_	_	_	_
225-24	TOI020	225	225	24	perché	perché	_	_	_	_	_	linguistic	_	none	_	_	_	_	_	_
225-25	TOI020	225	225	25	comunque	comunque	_	_	_	_	_	linguistic	_	none	_	_	_	_	_	_
225-26	TOI020	225	225	26	alla	alla	_	_	_	_	_	linguistic	_	none	_	_	_	_	_	_
225-27	TOI020	225	225	27	fine	fine	_	_	_	_	_	linguistic	_	none	_	_	_	_	_	_
225-28	TOI020	225	225	28	del	del	_	_	_	_	_	linguistic	_	none	_	_	_	_	_	_
225-29	TOI020	225	225	29	mese	mese	_	_	_	_	_	linguistic	_	none	_	End=716.855	_	_	_	_
226-0	TOI020	226	226	0	uno	uno	_	_	_	_	_	linguistic	_	none	_	Begin=717.375	_	_	_	_
226-1	TOI020	226	226	1	stipendio	stipendio	_	_	_	_	_	linguistic	_	none	_	_	_	_	_	_
226-2	TOI020	226	226	2	so	so	_	_	_	_	_	linguistic	_	none	_	_	_	_	_	_
226-3	TOI020	226	226	3	che	che	_	_	_	_	_	linguistic	_	none	_	_	_	_	_	_
226-4	TOI020	226	226	4	posso	posso	_	_	_	_	_	linguistic	_	none	_	_	_	_	_	_
226-5	TOI020	226	226	5	fare	fare	_	_	_	_	_	linguistic	_	none	_	_	_	_	_	_
226-6	TOI020	226	226	6	affidamento,	affidamento	_	_	_	_	_	linguistic	_	none	Intonation=WeaklyRising	End=720.137	_	_	_	_
227-0	TOI020	227	227	0	c'	c'	_	_	_	_	_	linguistic	_	none	SpaceAfter=No	Begin=720.309	_	_	_	_
227-1	TOI020	227	227	1	era	era	_	_	_	_	_	linguistic	_	none	_	End=720.684	_	_	_	_
228-0	TOI020	228	228	0	no	no	_	_	_	_	_	linguistic	_	none	ProsodicLink=Yes	Begin=721.052	_	_	_	_
228-1	TOI020	228	228	1	mh	mh	_	_	_	_	_	linguistic	_	none	_	_	_	_	_	_
228-2	TOI020	228	228	2	lo	lo	_	_	_	_	_	linguistic	_	none	_	_	_	_	_	_
228-3	TOI020	228	228	3	raccontavo	raccontavo	_	_	_	_	_	linguistic	_	none	_	_	_	_	_	_
228-4	TOI020	228	228	4	di	di	_	_	_	_	_	linguistic	_	none	_	_	_	_	_	_
228-5	TOI020	228	228	5	nuovo	nuovo	_	_	_	_	_	linguistic	_	none	_	_	_	_	_	_
228-6	TOI020	228	228	6	ieri.	ieri	_	_	_	_	_	linguistic	_	none	Intonation=Falling	_	_	_	_	_
228-7	TOI020	228	228	7	a::	a	_	_	_	_	_	linguistic	_	none	_	_	0x2	_	_	_
228-8	TOI020	228	228	8	a	a	_	_	_	_	_	linguistic	_	none	_	_	_	_	_	_
228-9	TOI020	228	228	9	una	una	_	_	_	_	_	linguistic	_	none	_	_	_	_	_	_
228-10	TOI020	228	228	10	collega	collega	_	_	_	_	_	linguistic	_	none	_	_	_	_	_	_
228-11	TOI020	228	228	11	dico	dico	_	_	_	_	_	linguistic	_	none	_	_	_	_	_	_
228-12	TOI020	228	228	12	gua(rda)	guarda	_	_	_	_	_	linguistic	_	none	_	_	_	_	3-6(0)	_
228-13	TOI020	228	228	13	io	io	_	_	_	_	_	linguistic	_	none	_	_	_	_	_	_
228-14	TOI020	228	228	14	la	la	_	_	_	_	_	linguistic	_	none	_	_	_	_	_	_
228-15	TOI020	228	228	15	volta	volta	_	_	_	_	_	linguistic	_	none	_	_	_	_	_	_
228-16	TOI020	228	228	16	che	che	_	_	_	_	_	linguistic	_	none	_	_	_	_	_	_
228-17	TOI020	228	228	17	son	son	_	_	_	_	_	linguistic	_	none	_	_	_	_	_	_
228-18	TOI020	228	228	18	rimasta	rimasta	_	_	_	_	_	linguistic	_	none	_	_	_	_	_	_
228-19	TOI020	228	228	19	più	più	_	_	_	_	_	linguistic	_	none	_	_	_	_	_	_
228-20	TOI020	228	228	20	sconvolta,	sconvolta	_	_	_	_	_	linguistic	_	none	Intonation=WeaklyRising	End=728.035	_	_	_	_
229-0	TOI020	229	229	0	è	è	_	_	_	_	_	linguistic	_	none	_	Begin=728.505	_	_	_	_
229-1	TOI020	229	229	1	stato	stato	_	_	_	_	_	linguistic	_	none	_	_	_	_	_	_
229-2	TOI020	229	229	2	di	di	_	_	_	_	_	linguistic	_	none	_	_	_	_	_	_
229-3	TOI020	229	229	3	questa	questa	_	_	_	_	_	linguistic	_	none	_	_	_	_	_	_
229-4	TOI020	229	229	4	signora	signora	_	_	_	_	_	linguistic	_	none	PauseAfter=Yes	_	_	_	_	_
229-5	TOI020	229	229	5	(.)	(.)	_	_	_	_	_	shortpause	_	none	_	_	_	_	_	_
229-6	TOI020	229	229	6	e	e	_	_	_	_	_	linguistic	_	none	_	_	_	_	_	_
229-7	TOI020	229	229	7	pe~	pe~	_	_	_	_	_	linguistic	_	none	Interrupted=Yes	_	_	_	_	_
229-8	TOI020	229	229	8	se	se	_	_	_	_	_	linguistic	_	none	_	_	_	_	_	_
229-9	TOI020	229	229	9	me	me	_	_	_	_	_	linguistic	_	none	_	_	_	_	_	_
229-10	TOI020	229	229	10	lo	lo	_	_	_	_	_	linguistic	_	none	_	_	_	_	_	_
229-11	TOI020	229	229	11	ricordo	ricordo	_	_	_	_	_	linguistic	_	none	_	_	_	_	_	_
229-12	TOI020	229	229	12	ancora	ancora	_	_	_	_	_	linguistic	_	none	_	_	_	_	_	_
229-13	TOI020	229	229	13	adesso	adesso	_	_	_	_	_	linguistic	_	none	_	_	_	_	_	_
229-14	TOI020	229	229	14	è	è	_	_	_	_	_	linguistic	_	none	_	_	_	_	_	_
229-15	TOI020	229	229	15	perché	perché	_	_	_	_	_	linguistic	_	none	_	_	_	_	_	_
229-16	TOI020	229	229	16	proprio	proprio	_	_	_	_	_	linguistic	_	none	_	_	_	_	_	_
229-17	TOI020	229	229	17	e:h,	eh	_	_	_	_	_	linguistic	_	none	Intonation=WeaklyRising	End=734.44	0x1	_	_	_
230-0	TOI020	230	230	0	questa	questa	_	_	_	_	_	linguistic	_	none	_	Begin=734.909	_	_	_	_
230-1	TOI020	230	230	1	signora	signora	_	_	_	_	_	linguistic	_	none	_	_	_	_	_	_
230-2	TOI020	230	230	2	lavorava	lavorava	_	_	_	_	_	linguistic	_	none	_	_	_	_	_	_
230-3	TOI020	230	230	3	in	in	_	_	_	_	_	linguistic	_	none	_	_	_	_	_	_
230-4	TOI020	230	230	4	questa	questa	_	_	_	_	_	linguistic	_	none	_	_	_	_	_	_
230-5	TOI020	230	230	5	fabbrica,	fabbrica	_	_	_	_	_	linguistic	_	none	Intonation=WeaklyRising	_	_	_	_	_
230-6	TOI020	230	230	6	stava	stava	_	_	_	_	_	linguistic	_	none	_	_	_	_	_	_
230-7	TOI020	230	230	7	ma:le.	male	_	_	_	_	_	linguistic	_	none	Intonation=Falling	_	1x1	_	_	_
230-8	TOI020	230	230	8	aveva	aveva	_	_	_	_	_	linguistic	_	none	_	_	_	_	_	_
230-9	TOI020	230	230	9	problemi	problemi	_	_	_	_	_	linguistic	_	none	_	_	_	_	_	_
230-10	TOI020	230	230	10	di	di	_	_	_	_	_	linguistic	_	none	_	_	_	_	_	_
230-11	TOI020	230	230	11	schiena	schiena	_	_	_	_	_	linguistic	_	none	_	_	_	_	_	_
230-12	TOI020	230	230	12	era	era	_	_	_	_	_	linguistic	_	none	_	_	_	_	_	_
230-13	TOI020	230	230	13	andata	andata	_	_	_	_	_	linguistic	_	none	_	_	_	_	_	_
230-14	TOI020	230	230	14	si	si	_	_	_	_	_	linguistic	_	none	_	_	_	_	_	_
230-15	TOI020	230	230	15	era:	era	_	_	_	_	_	linguistic	_	none	_	_	2x1	_	_	_
230-16	TOI020	230	230	16	ricoverata,	ricoverata	_	_	_	_	_	linguistic	_	none	Intonation=WeaklyRising	_	_	_	_	_
230-17	TOI020	230	230	17	l'	l'	_	_	_	_	_	linguistic	_	none	SpaceAfter=No	_	_	_	_	_
230-18	TOI020	230	230	18	aveva	aveva	_	_	_	_	_	linguistic	_	none	_	_	_	_	_	_
230-19	TOI020	230	230	19	doveva	doveva	_	_	_	_	_	linguistic	_	none	_	_	_	_	_	_
230-20	TOI020	230	230	20	fare	fare	_	_	_	_	_	linguistic	_	none	_	_	_	_	_	_
230-21	TOI020	230	230	21	st'	st'	_	_	_	_	_	linguistic	_	none	SpaceAfter=No	_	_	_	_	_
230-22	TOI020	230	230	22	intervento	intervento	_	_	_	_	_	linguistic	_	none	_	_	_	_	_	_
230-23	TOI020	230	230	23	ma	ma	_	_	_	_	_	linguistic	_	none	_	_	_	_	_	_
230-24	TOI020	230	230	24	lei	lei	_	_	_	_	_	linguistic	_	none	_	_	_	_	_	_
230-25	TOI020	230	230	25	tergiversava	tergiversava	_	_	_	_	_	linguistic	_	none	_	_	_	_	_	_
230-26	TOI020	230	230	26	perché	perché	_	_	_	_	_	linguistic	_	none	_	End=746.289	_	_	_	_
231-0	TOI020	231	231	0	sapeva	sapeva	_	_	_	_	_	linguistic	_	none	_	Begin=746.877	_	_	_	_
231-1	TOI020	231	231	1	che	che	_	_	_	_	_	linguistic	_	none	_	_	_	_	_	_
231-2	TOI020	231	231	2	se	se	_	_	_	_	_	linguistic	_	none	_	_	_	_	_	_
231-3	TOI020	231	231	3	faceva	faceva	_	_	_	_	_	linguistic	_	none	_	_	_	_	_	_
231-4	TOI020	231	231	4	l'	l'	_	_	_	_	_	linguistic	_	none	SpaceAfter=No	_	_	_	_	_
231-5	TOI020	231	231	5	[intervento	intervento	_	_	_	_	_	linguistic	_	none	_	_	_	_	_	0-10(82)
231-6	TOI020	231	231	6	la	la	_	_	_	_	_	linguistic	_	none	_	_	_	_	_	0-2(82)
231-7	TOI020	231	231	7	lasciavano]	lasciavano	_	_	_	_	_	linguistic	_	none	_	_	_	_	_	0-10(82)
231-8	TOI020	231	231	8	a	a	_	_	_	_	_	linguistic	_	none	_	_	_	_	_	_
231-9	TOI020	231	231	9	ca(sa)	casa	_	_	_	_	_	linguistic	_	none	_	End=749.763	_	_	1-4(0)	_
232-0	TOR004	232	232	0	[la	la	_	_	_	_	_	linguistic	_	none	_	Begin=748.225	_	_	_	0-2(82)
232-1	TOR004	232	232	1	lasciavano	lasciavano	_	_	_	_	_	linguistic	_	none	_	_	_	_	_	0-10(82)
232-2	TOR004	232	232	2	a	a	_	_	_	_	_	linguistic	_	none	_	_	_	_	_	0-1(82)
232-3	TOR004	232	232	3	casa]	casa	_	_	_	_	_	linguistic	_	none	_	End=749.386	_	_	_	0-4(82)
233-0	TOR004	233	233	0	si[gnor]	signor	_	_	_	_	_	linguistic	_	none	_	Begin=749.763|End=750.539	_	_	_	2-6(83)
234-0	TOI020	234	234	0	[comunque]	comunque	_	_	_	_	_	linguistic	_	none	_	Begin=750.135	_	_	_	0-8(83)
234-1	TOI020	234	234	1	alla	alla	_	_	_	_	_	linguistic	_	none	_	_	_	_	_	_
234-2	TOI020	234	234	2	fine	fine	_	_	_	_	_	linguistic	_	none	_	End=751.346	_	_	_	_
235-0	TOI020	235	235	0	ha	ha	_	_	_	_	_	linguistic	_	none	_	Begin=752.041	_	_	_	_
235-1	TOI020	235	235	1	fatto	fatto	_	_	_	_	_	linguistic	_	none	_	_	_	_	_	_
235-2	TOI020	235	235	2	l'	l'	_	_	_	_	_	linguistic	_	none	SpaceAfter=No	_	_	_	_	_
235-3	TOI020	235	235	3	intervento,	intervento	_	_	_	_	_	linguistic	_	none	Intonation=WeaklyRising	End=754.131	_	_	_	_
236-0	TOI020	236	236	0	eh	eh	_	_	_	_	_	linguistic	_	none	_	Begin=755.009	_	_	_	_
236-1	TOI020	236	236	1	quindi	quindi	_	_	_	_	_	linguistic	_	none	_	_	_	_	_	_
236-2	TOI020	236	236	2	ha	ha	_	_	_	_	_	linguistic	_	none	_	_	_	_	_	_
236-3	TOI020	236	236	3	fatto	fatto	_	_	_	_	_	linguistic	_	none	_	_	_	_	_	_
236-4	TOI020	236	236	4	il	il	_	_	_	_	_	linguistic	_	none	_	_	_	_	_	_
236-5	TOI020	236	236	5	periodo.	periodo	_	_	_	_	_	linguistic	_	none	Intonation=Falling	_	_	_	_	_
236-6	TOI020	236	236	6	però	però	_	_	_	_	_	linguistic	_	none	_	_	_	_	_	_
236-7	TOI020	236	236	7	ne	ne	_	_	_	_	_	linguistic	_	none	_	_	_	_	_	_
236-8	TOI020	236	236	8	ne	ne	_	_	_	_	_	linguistic	_	none	_	_	_	_	_	_
236-9	TOI020	236	236	9	doveva	doveva	_	_	_	_	_	linguistic	_	none	_	_	_	_	_	_
236-10	TOI020	236	236	10	fare	fare	_	_	_	_	_	linguistic	_	none	_	_	_	_	_	_
236-11	TOI020	236	236	11	un	un	_	_	_	_	_	linguistic	_	none	_	_	_	_	_	_
236-12	TOI020	236	236	12	altro	altro	_	_	_	_	_	linguistic	_	none	_	_	_	_	_	_
236-13	TOI020	236	236	13	io	io	_	_	_	_	_	linguistic	_	none	_	_	_	_	_	_
236-14	TOI020	236	236	14	a[desso	adesso	_	_	_	_	_	linguistic	_	none	_	_	_	_	_	1-6(84)
236-15	TOI020	236	236	15	non	non	_	_	_	_	_	linguistic	_	none	_	_	_	_	_	0-3(84)
236-16	TOI020	236	236	16	mi	mi	_	_	_	_	_	linguistic	_	none	_	_	_	_	_	0-2(84)
236-17	TOI020	236	236	17	ri]cordo	ricordo	_	_	_	_	_	linguistic	_	none	_	_	_	_	_	0-2(84)
236-18	TOI020	236	236	18	se	se	_	_	_	_	_	linguistic	_	none	_	_	_	_	_	_
236-19	TOI020	236	236	19	era	era	_	_	_	_	_	linguistic	_	none	PauseAfter=Yes	_	_	_	_	_
236-20	TOI020	236	236	20	(.)	(.)	_	_	_	_	_	shortpause	_	none	_	_	_	_	_	_
236-21	TOI020	236	236	21	comunque	comunque	_	_	_	_	_	linguistic	_	none	_	_	_	_	_	_
236-22	TOI020	236	236	22	avrebbe	avrebbe	_	_	_	_	_	linguistic	_	none	_	_	_	_	_	_
236-23	TOI020	236	236	23	dovuto	dovuto	_	_	_	_	_	linguistic	_	none	_	_	_	_	_	_
236-24	TOI020	236	236	24	fare	fare	_	_	_	_	_	linguistic	_	none	_	_	_	_	_	_
236-25	TOI020	236	236	25	quest'	quest'	_	_	_	_	_	linguistic	_	none	SpaceAfter=No	_	_	_	_	_
236-26	TOI020	236	236	26	altro	altro	_	_	_	_	_	linguistic	_	none	_	_	_	_	_	_
236-27	TOI020	236	236	27	[interven(to)].	intervento	_	_	_	_	_	linguistic	_	none	Intonation=Falling	End=763.216	_	_	7-10(0)	0-10(85)
237-0	TOR004	237	237	0	[sì]	sì	_	_	_	_	_	linguistic	_	none	_	Begin=759.01|End=759.515	_	_	_	0-2(84)
238-0	TOR004	238	238	0	[sì	sì	_	_	_	_	_	linguistic	_	none	_	Begin=762.693	_	_	_	0-2(85)
238-1	TOR004	238	238	1	che	che	_	_	_	_	_	linguistic	_	none	_	_	_	_	_	0-3(85)
238-2	TOR004	238	238	2	già	già	_	_	_	_	_	linguistic	_	none	_	_	_	_	_	0-3(85)
238-3	TOR004	238	238	3	u]no	uno	_	_	_	_	_	linguistic	_	none	_	_	_	_	_	0-1(85)
238-4	TOR004	238	238	4	era	era	_	_	_	_	_	linguistic	_	none	_	_	_	_	_	_
238-5	TOR004	238	238	5	tira:[to]	tirato	_	_	_	_	_	linguistic	_	none	_	End=764.297	3x1	_	_	4-6(86)
239-0	TOI020	239	239	0	[e]satto,	esatto	_	_	_	_	_	linguistic	_	none	Intonation=WeaklyRising	Begin=764.138|End=764.834	_	_	_	0-1(86)
240-0	TOI020	240	240	0	allora	allora	_	_	_	_	_	linguistic	_	none	_	Begin=765.09	_	_	_	_
240-1	TOI020	240	240	1	lei	lei	_	_	_	_	_	linguistic	_	none	_	_	_	_	_	_
240-2	TOI020	240	240	2	comunque	comunque	_	_	_	_	_	linguistic	_	none	_	_	_	_	_	_
240-3	TOI020	240	240	3	aspettava	aspettava	_	_	_	_	_	linguistic	_	none	_	_	_	_	_	_
240-4	TOI020	240	240	4	aspettava	aspettava	_	_	_	_	_	linguistic	_	none	_	_	_	_	_	_
240-5	TOI020	240	240	5	aspettava	aspettava	_	_	_	_	_	linguistic	_	none	_	_	_	_	_	_
240-6	TOI020	240	240	6	aspettava	aspettava	_	_	_	_	_	linguistic	_	none	_	End=768.696	_	_	_	_
241-0	TOI020	241	241	0	a	a	_	_	_	_	_	linguistic	_	none	_	Begin=769.34	_	_	_	_
241-1	TOI020	241	241	1	un	un	_	_	_	_	_	linguistic	_	none	_	_	_	_	_	_
241-2	TOI020	241	241	2	certo	certo	_	_	_	_	_	linguistic	_	none	_	_	_	_	_	_
241-3	TOI020	241	241	3	punto,	punto	_	_	_	_	_	linguistic	_	none	Intonation=WeaklyRising	End=770.729	_	_	_	_
242-0	TOI020	242	242	0	eh	eh	_	_	_	_	_	linguistic	_	none	_	Begin=771.608	_	_	_	_
242-1	TOI020	242	242	1	dic[e::	dice	_	_	_	_	_	linguistic	_	none	ProsodicLink=Yes	_	3x2	_	_	3-4(87)
242-2	TOI020	242	242	2	mh]	mh	_	_	_	_	_	linguistic	_	none	_	End=773.57	_	_	_	0-2(87)
243-0	TOR004	243	243	0	[che	che	_	_	_	_	_	linguistic	_	none	_	Begin=772.518	_	_	_	0-3(87)
243-1	TOR004	243	243	1	carino]	carino	_	_	_	_	_	linguistic	_	none	_	End=773.343	_	_	_	0-6(87)
244-0	TOI020	244	244	0	eh	eh	_	_	_	_	_	linguistic	_	none	_	Begin=774.618	_	_	_	_
244-1	TOI020	244	244	1	lei	lei	_	_	_	_	_	linguistic	_	none	_	_	_	_	_	_
244-2	TOI020	244	244	2	che	che	_	_	_	_	_	linguistic	_	none	_	_	_	_	_	_
244-3	TOI020	244	244	3	è	è	_	_	_	_	_	linguistic	_	none	_	_	_	_	_	_
244-4	TOI020	244	244	4	andata	andata	_	_	_	_	_	linguistic	_	none	_	_	_	_	_	_
244-5	TOI020	244	244	5	continuava	continuava	_	_	_	_	_	linguistic	_	none	_	_	_	_	_	_
244-6	TOI020	244	244	6	ad	ad	_	_	_	_	_	linguistic	_	none	_	_	_	_	_	_
244-7	TOI020	244	244	7	andare	andare	_	_	_	_	_	linguistic	_	none	_	_	_	_	_	_
244-8	TOI020	244	244	8	a	a	_	_	_	_	_	linguistic	_	none	_	_	_	_	_	_
244-9	TOI020	244	244	9	lavorare,	lavorare	_	_	_	_	_	linguistic	_	none	Intonation=WeaklyRising	End=778.253	_	_	_	_
245-0	TOI020	245	245	0	oh	oh	_	_	_	_	_	linguistic	_	none	_	Begin=779.329	_	_	_	_
245-1	TOI020	245	245	1	un	un	_	_	_	_	_	linguistic	_	none	_	_	_	_	_	_
245-2	TOI020	245	245	2	giorno	giorno	_	_	_	_	_	linguistic	_	none	_	_	_	_	_	_
245-3	TOI020	245	245	3	è	è	_	_	_	_	_	linguistic	_	none	_	_	_	_	_	_
245-4	TOI020	245	245	4	stata	stata	_	_	_	_	_	linguistic	_	none	_	_	_	_	_	_
245-5	TOI020	245	245	5	male	male	_	_	_	_	_	linguistic	_	none	_	_	_	_	_	_
245-6	TOI020	245	245	6	si	si	_	_	_	_	_	linguistic	_	none	_	_	_	_	_	_
245-7	TOI020	245	245	7	è	è	_	_	_	_	_	linguistic	_	none	_	_	_	_	_	_
245-8	TOI020	245	245	8	bloccata	bloccata	_	_	_	_	_	linguistic	_	none	_	End=781.655	_	_	_	_
246-0	TOI020	246	246	0	sul	sul	_	_	_	_	_	linguistic	_	none	_	Begin=781.781	_	_	_	_
246-1	TOI020	246	246	1	lavoro.	lavoro	_	_	_	_	_	linguistic	_	none	Intonation=Falling	End=782.587	_	_	_	_
247-0	TOR004	247	247	0	quindi	quindi	_	_	_	_	_	linguistic	_	none	_	Begin=782.751	_	_	_	_
247-1	TOR004	247	247	1	infort[unio:]	infortunio	_	_	_	_	_	linguistic	_	none	_	End=784.136	9x1	_	_	6-10(88)
248-0	TOI020	248	248	0	[e	e	_	_	_	_	_	linguistic	_	none	_	Begin=783.371	_	_	_	0-1(88)
248-1	TOI020	248	248	1	quin~	quin~	_	_	_	_	_	linguistic	_	none	Interrupted=Yes	_	_	_	_	0-5(88)
248-2	TOI020	248	248	2	no]	no	_	_	_	_	_	linguistic	_	none	_	_	_	_	_	0-2(88)
248-3	TOI020	248	248	3	non	non	_	_	_	_	_	linguistic	_	none	_	_	_	_	_	_
248-4	TOI020	248	248	4	è	è	_	_	_	_	_	linguistic	_	none	_	_	_	_	_	_
248-5	TOI020	248	248	5	infortunio	infortunio	_	_	_	_	_	linguistic	_	none	_	_	_	_	_	_
248-6	TOI020	248	248	6	[perché	perché	_	_	_	_	_	linguistic	_	none	_	_	_	_	_	0-6(89)
248-7	TOI020	248	248	7	qua]ndo	quando	_	_	_	_	_	linguistic	_	none	_	_	_	_	_	0-3(89)
248-8	TOI020	248	248	8	tu	tu	_	_	_	_	_	linguistic	_	none	PauseAfter=Yes	_	_	_	_	_
248-9	TOI020	248	248	9	(.)	(.)	_	_	_	_	_	shortpause	_	none	_	_	_	_	_	_
248-10	TOI020	248	248	10	ti	ti	_	_	_	_	_	linguistic	_	none	_	_	_	_	_	_
248-11	TOI020	248	248	11	ti	ti	_	_	_	_	_	linguistic	_	none	_	_	_	_	_	_
248-12	TOI020	248	248	12	blocchi	blocchi	_	_	_	_	_	linguistic	_	none	_	_	_	_	_	_
248-13	TOI020	248	248	13	ma	ma	_	_	_	_	_	linguistic	_	none	_	_	_	_	_	_
248-14	TOI020	248	248	14	che	che	_	_	_	_	_	linguistic	_	none	_	_	_	_	_	_
248-15	TOI020	248	248	15	hai	hai	_	_	_	_	_	linguistic	_	none	_	_	_	_	_	_
248-16	TOI020	248	248	16	già	già	_	_	_	_	_	linguistic	_	none	_	_	_	_	_	_
248-17	TOI020	248	248	17	una	una	_	_	_	_	_	linguistic	_	none	_	_	_	_	_	_
248-18	TOI020	248	248	18	situazione	situazione	_	_	_	_	_	linguistic	_	none	_	_	_	_	_	_
248-19	TOI020	248	248	19	tua	tua	_	_	_	_	_	linguistic	_	none	_	_	_	_	_	_
248-20	TOI020	248	248	20	dif[ficile],	difficile	_	_	_	_	_	linguistic	_	none	Intonation=WeaklyRising	_	_	_	_	3-9(90)
248-21	TOI020	248	248	21	non	non	_	_	_	_	_	linguistic	_	none	_	_	_	_	_	_
248-22	TOI020	248	248	22	n	n	_	_	_	_	_	linguistic	_	none	ProsodicLink=Yes	_	_	_	_	_
248-23	TOI020	248	248	23	eh	eh	_	_	_	_	_	linguistic	_	none	_	_	_	_	_	_
248-24	TOI020	248	248	24	neanche,	neanche	_	_	_	_	_	linguistic	_	none	Intonation=WeaklyRising	_	_	_	_	_
248-25	TOI020	248	248	25	se	se	_	_	_	_	_	linguistic	_	none	_	_	_	_	_	_
248-26	TOI020	248	248	26	vai	vai	_	_	_	_	_	linguistic	_	none	_	_	_	_	_	_
248-27	TOI020	248	248	27	in	in	_	_	_	_	_	linguistic	_	none	_	_	_	_	_	_
248-28	TOI020	248	248	28	malattia	malattia	_	_	_	_	_	linguistic	_	none	_	_	_	_	_	_
248-29	TOI020	248	248	29	[l'	l'	_	_	_	_	_	linguistic	_	none	SpaceAfter=No	_	_	_	_	0-2(91)
248-30	TOI020	248	248	30	inf~	inf~	_	_	_	_	_	linguistic	_	none	Interrupted=Yes	_	_	_	_	0-4(91)
248-31	TOI020	248	248	31	non	non	_	_	_	_	_	linguistic	_	none	_	_	_	_	_	0-3(91)
248-32	TOI020	248	248	32	è]	è	_	_	_	_	_	linguistic	_	none	_	_	_	_	_	0-1(91)
248-33	TOI020	248	248	33	un	un	_	_	_	_	_	linguistic	_	none	_	_	_	_	_	_
248-34	TOI020	248	248	34	infortunio.	infortunio	_	_	_	_	_	linguistic	_	none	Intonation=Falling	End=794.455	_	_	_	_
249-0	TOR004	249	249	0	[neanche]	neanche	_	_	_	_	_	linguistic	_	none	_	Begin=785.34|End=785.808	_	_	_	0-7(89)
250-0	TOR004	250	250	0	[colpa	colpa	_	_	_	_	_	linguistic	_	none	_	Begin=789.866	_	_	_	0-5(90)
250-1	TOR004	250	250	1	tua]	tua	_	_	_	_	_	linguistic	_	none	_	End=790.678	_	_	_	0-3(90)
251-0	TOR004	251	251	0	[ah	ah	_	_	_	_	_	linguistic	_	none	_	Begin=792.956	_	_	_	0-2(91)
251-1	TOR004	251	251	1	bon]	bon	_	_	_	_	_	linguistic	_	none	_	End=793.507	_	_	_	0-3(91)
252-0	TOI020	252	252	0	quindi	quindi	_	_	_	_	_	linguistic	_	none	_	Begin=794.878	_	_	_	_
252-1	TOI020	252	252	1	l'	l'	_	_	_	_	_	linguistic	_	none	SpaceAfter=No	_	_	_	_	_
252-2	TOI020	252	252	2	han~	han~	_	_	_	_	_	linguistic	_	none	Interrupted=Yes	_	_	_	_	_
252-3	TOI020	252	252	3	perché	perché	_	_	_	_	_	linguistic	_	none	_	_	_	_	_	_
252-4	TOI020	252	252	4	non	non	_	_	_	_	_	linguistic	_	none	_	_	_	_	_	_
252-5	TOI020	252	252	5	è	è	_	_	_	_	_	linguistic	_	none	_	_	_	_	_	_
252-6	TOI020	252	252	6	che	che	_	_	_	_	_	linguistic	_	none	_	_	_	_	_	_
252-7	TOI020	252	252	7	ti	ti	_	_	_	_	_	linguistic	_	none	_	_	_	_	_	_
252-8	TOI020	252	252	8	sei	sei	_	_	_	_	_	linguistic	_	none	_	_	_	_	_	_
252-9	TOI020	252	252	9	f[atta	fatta	_	_	_	_	_	linguistic	_	none	_	_	_	_	_	0-5(92)
252-10	TOI020	252	252	10	male	male	_	_	_	_	_	linguistic	_	none	_	_	_	_	_	0-4(92)
252-11	TOI020	252	252	11	mentre]	mentre	_	_	_	_	_	linguistic	_	none	_	End=797.394	_	_	_	0-6(92)
253-0	TOR004	253	253	0	[certo.	certo	_	_	_	_	_	linguistic	_	none	Intonation=Falling	Begin=796.335	_	_	_	0-5(92)
253-1	TOR004	253	253	1	sì	sì	_	_	_	_	_	linguistic	_	none	_	_	_	_	_	0-2(92)
253-2	TOR004	253	253	2	sì],	sì	_	_	_	_	_	linguistic	_	none	Intonation=WeaklyRising	End=797.265	_	_	_	0-2(92)
254-0	TOI020	254	254	0	e	e	_	_	_	_	_	linguistic	_	none	_	Begin=797.93	_	_	_	_
254-1	TOI020	254	254	1	quindi	quindi	_	_	_	_	_	linguistic	_	none	_	_	_	_	_	_
254-2	TOI020	254	254	2	lei,	lei	_	_	_	_	_	linguistic	_	none	Intonation=WeaklyRising	_	_	_	_	_
254-3	TOI020	254	254	3	l'	l'	_	_	_	_	_	linguistic	_	none	SpaceAfter=No	_	_	_	_	_
254-4	TOI020	254	254	4	hanno	hanno	_	_	_	_	_	linguistic	_	none	_	_	_	_	_	_
254-5	TOI020	254	254	5	presa,	presa	_	_	_	_	_	linguistic	_	none	Intonation=WeaklyRising	_	_	_	_	_
254-6	TOI020	254	254	6	l'	l'	_	_	_	_	_	linguistic	_	none	SpaceAfter=No	_	_	_	_	_
254-7	TOI020	254	254	7	hanno	hanno	_	_	_	_	_	linguistic	_	none	_	_	_	_	_	_
254-8	TOI020	254	254	8	portata	portata	_	_	_	_	_	linguistic	_	none	_	_	_	_	_	_
254-9	TOI020	254	254	9	con	con	_	_	_	_	_	linguistic	_	none	_	_	_	_	_	_
254-10	TOI020	254	254	10	l'	l'	_	_	_	_	_	linguistic	_	none	SpaceAfter=No	_	_	_	_	_
254-11	TOI020	254	254	11	ambulanza	ambulanza	_	_	_	_	_	linguistic	_	none	_	_	_	_	_	_
254-12	TOI020	254	254	12	al	al	_	_	_	_	_	linguistic	_	none	_	_	_	_	_	_
254-13	TOI020	254	254	13	pronto	pronto	_	_	_	_	_	linguistic	_	none	_	_	_	_	_	_
254-14	TOI020	254	254	14	soccorso	soccorso	_	_	_	_	_	linguistic	_	none	_	_	_	_	_	_
254-15	TOI020	254	254	15	perché	perché	_	_	_	_	_	linguistic	_	none	_	_	_	_	_	_
254-16	TOI020	254	254	16	lei	lei	_	_	_	_	_	linguistic	_	none	_	_	_	_	_	_
254-17	TOI020	254	254	17	non	non	_	_	_	_	_	linguistic	_	none	_	_	_	_	_	_
254-18	TOI020	254	254	18	si	si	_	_	_	_	_	linguistic	_	none	_	_	_	_	_	_
254-19	TOI020	254	254	19	poteva	poteva	_	_	_	_	_	linguistic	_	none	_	_	_	_	_	_
254-20	TOI020	254	254	20	quindi	quindi	_	_	_	_	_	linguistic	_	none	_	_	_	_	_	_
254-21	TOI020	254	254	21	da	da	_	_	_	_	_	linguistic	_	none	_	_	_	_	_	_
254-22	TOI020	254	254	22	lì	lì	_	_	_	_	_	linguistic	_	none	_	_	_	_	_	_
254-23	TOI020	254	254	23	a	a	_	_	_	_	_	linguistic	_	none	_	_	_	_	_	_
254-24	TOI020	254	254	24	x	x	_	_	_	_	_	unknown	_	none	Syllables=1	_	_	_	_	_
254-25	TOI020	254	254	25	ha	ha	_	_	_	_	_	linguistic	_	none	_	_	_	_	_	_
254-26	TOI020	254	254	26	fatto	fatto	_	_	_	_	_	linguistic	_	none	_	_	_	_	_	_
254-27	TOI020	254	254	27	tutto	tutto	_	_	_	_	_	linguistic	_	none	_	_	_	_	_	_
254-28	TOI020	254	254	28	quello	quello	_	_	_	_	_	linguistic	_	none	_	_	_	_	_	_
254-29	TOI020	254	254	29	che	che	_	_	_	_	_	linguistic	_	none	_	_	_	_	_	_
254-30	TOI020	254	254	30	doveva	doveva	_	_	_	_	_	linguistic	_	none	_	_	_	_	_	_
254-31	TOI020	254	254	31	fare	fare	_	_	_	_	_	linguistic	_	none	_	_	_	_	_	_
254-32	TOI020	254	254	32	dall'	dall'	_	_	_	_	_	linguistic	_	none	SpaceAfter=No	_	_	_	_	_
254-33	TOI020	254	254	33	ospedale	ospedale	_	_	_	_	_	linguistic	_	none	_	_	_	_	_	_
254-34	TOI020	254	254	34	non	non	_	_	_	_	_	linguistic	_	none	_	_	_	_	_	_
254-35	TOI020	254	254	35	l'	l'	_	_	_	_	_	linguistic	_	none	SpaceAfter=No	_	_	_	_	_
254-36	TOI020	254	254	36	han	han	_	_	_	_	_	linguistic	_	none	_	_	_	_	_	_
254-37	TOI020	254	254	37	fatta	fatta	_	_	_	_	_	linguistic	_	none	_	_	_	_	_	_
254-38	TOI020	254	254	38	uscire	uscire	_	_	_	_	_	linguistic	_	none	_	_	_	_	_	_
254-39	TOI020	254	254	39	perché	perché	_	_	_	_	_	linguistic	_	none	_	End=808.514	_	_	_	_
255-0	TOI020	255	255	0	ovviamente	ovviamente	_	_	_	_	_	linguistic	_	none	_	Begin=809.252	_	_	_	_
255-1	TOI020	255	255	1	ave[va	aveva	_	_	_	_	_	linguistic	_	none	_	_	_	_	_	3-5(94)
255-2	TOI020	255	255	2	una	una	_	_	_	_	_	linguistic	_	none	_	_	_	_	_	0-3(94)
255-3	TOI020	255	255	3	situaz]ione	situazione	_	_	_	_	_	linguistic	_	none	_	_	_	_	_	0-6(94)
255-4	TOI020	255	255	4	grave	grave	_	_	_	_	_	linguistic	_	none	_	_	_	_	_	_
255-5	TOI020	255	255	5	così,	così	_	_	_	_	_	linguistic	_	none	Intonation=WeaklyRising	_	_	_	_	_
255-6	TOI020	255	255	6	morale	morale	_	_	_	_	_	linguistic	_	none	_	_	_	_	_	_
255-7	TOI020	255	255	7	della	della	_	_	_	_	_	linguistic	_	none	_	_	_	_	_	_
255-8	TOI020	255	255	8	favola	favola	_	_	_	_	_	linguistic	_	none	_	_	_	_	_	_
255-9	TOI020	255	255	9	lei	lei	_	_	_	_	_	linguistic	_	none	_	_	_	_	_	_
255-10	TOI020	255	255	10	aveva	aveva	_	_	_	_	_	linguistic	_	none	_	_	_	_	_	_
255-11	TOI020	255	255	11	superato	superato	_	_	_	_	_	linguistic	_	none	_	End=814.517	_	_	_	_
256-0	TOR004	256	256	0	[non	non	_	_	_	_	_	linguistic	_	none	_	Begin=810.046	_	_	_	0-3(94)
256-1	TOR004	256	256	1	poteva]	poteva	_	_	_	_	_	linguistic	_	none	_	End=810.886	_	_	_	0-6(94)
257-0	TOI020	257	257	0	il	il	_	_	_	_	_	linguistic	_	none	_	Begin=814.816	_	_	_	_
257-1	TOI020	257	257	1	periodo	periodo	_	_	_	_	_	linguistic	_	none	_	_	_	_	_	_
257-2	TOI020	257	257	2	di	di	_	_	_	_	_	linguistic	_	none	_	_	_	_	_	_
257-3	TOI020	257	257	3	malattia,	malattia	_	_	_	_	_	linguistic	_	none	Intonation=WeaklyRising	End=816.538	_	_	_	_
258-0	TOI020	258	258	0	e::h	eh	_	_	_	_	_	linguistic	_	none	ProsodicLink=Yes	Begin=817.141	0x2	_	_	_
258-1	TOI020	258	258	1	mh	mh	_	_	_	_	_	linguistic	_	none	_	_	_	_	_	_
258-2	TOI020	258	258	2	a	a	_	_	_	_	_	linguistic	_	none	_	_	_	_	_	_
258-3	TOI020	258	258	3	quel	quel	_	_	_	_	_	linguistic	_	none	_	_	_	_	_	_
258-4	TOI020	258	258	4	punto	punto	_	_	_	_	_	linguistic	_	none	_	_	_	_	_	_
258-5	TOI020	258	258	5	lì	lì	_	_	_	_	_	linguistic	_	none	_	End=818.849	_	_	_	_
259-0	TOI020	259	259	0	il	il	_	_	_	_	_	linguistic	_	none	ProsodicLink=Yes	Begin=819.043	_	_	_	_
259-1	TOI020	259	259	1	eh	eh	_	_	_	_	_	linguistic	_	none	PauseAfter=Yes	_	_	_	_	_
259-2	TOI020	259	259	2	(.)	(.)	_	_	_	_	_	shortpause	_	none	_	_	_	_	_	_
259-3	TOI020	259	259	3	poco	poco	_	_	_	_	_	linguistic	_	none	_	_	_	_	_	_
259-4	TOI020	259	259	4	prima	prima	_	_	_	_	_	linguistic	_	none	_	_	_	_	_	_
259-5	TOI020	259	259	5	di	di	_	_	_	_	_	linguistic	_	none	_	_	_	_	_	_
259-6	TOI020	259	259	6	natale.	natale	_	_	_	_	_	linguistic	_	none	Intonation=Falling	_	_	_	_	_
259-7	TOI020	259	259	7	io	io	_	_	_	_	_	linguistic	_	none	_	_	_	_	_	_
259-8	TOI020	259	259	8	ricordo	ricordo	_	_	_	_	_	linguistic	_	none	_	_	_	_	_	_
259-9	TOI020	259	259	9	che	che	_	_	_	_	_	linguistic	_	none	_	_	_	_	_	_
259-10	TOI020	259	259	10	le	le	_	_	_	_	_	linguistic	_	none	_	_	_	_	_	_
259-11	TOI020	259	259	11	ave~	ave~	_	_	_	_	_	linguistic	_	none	Interrupted=Yes	_	_	_	_	_
259-12	TOI020	259	259	12	avesse	avesse	_	_	_	_	_	linguistic	_	none	_	_	_	_	_	_
259-13	TOI020	259	259	13	detto	detto	_	_	_	_	_	linguistic	_	none	_	_	_	_	_	_
259-14	TOI020	259	259	14	l'	l'	_	_	_	_	_	linguistic	_	none	SpaceAfter=No	_	_	_	_	_
259-15	TOI020	259	259	15	antiviglia	antiviglia	_	_	_	_	_	linguistic	_	none	_	_	_	_	_	_
259-16	TOI020	259	259	16	di	di	_	_	_	_	_	linguistic	_	none	_	_	_	_	_	_
259-17	TOI020	259	259	17	natale	natale	_	_	_	_	_	linguistic	_	none	_	_	_	_	_	_
259-18	TOI020	259	259	18	o	o	_	_	_	_	_	linguistic	_	none	_	_	_	_	_	_
259-19	TOI020	259	259	19	la	la	_	_	_	_	_	linguistic	_	none	_	_	_	_	_	_
259-20	TOI020	259	259	20	vigilia	vigilia	_	_	_	_	_	linguistic	_	none	_	_	_	_	_	_
259-21	TOI020	259	259	21	di	di	_	_	_	_	_	linguistic	_	none	_	_	_	_	_	_
259-22	TOI020	259	259	22	natale	natale	_	_	_	_	_	linguistic	_	none	_	End=826.535	_	_	_	_
260-0	TOI020	260	260	0	è	è	_	_	_	_	_	linguistic	_	none	_	Begin=826.984	_	_	_	_
260-1	TOI020	260	260	1	arrivata	arrivata	_	_	_	_	_	linguistic	_	none	_	_	_	_	_	_
260-2	TOI020	260	260	2	la	la	_	_	_	_	_	linguistic	_	none	_	_	_	_	_	_
260-3	TOI020	260	260	3	lettera	lettera	_	_	_	_	_	linguistic	_	none	_	_	_	_	_	_
260-4	TOI020	260	260	4	di	di	_	_	_	_	_	linguistic	_	none	_	_	_	_	_	_
260-5	TOI020	260	260	5	licenziamento.	licenziamento	_	_	_	_	_	linguistic	_	none	Intonation=Falling	End=829.124	_	_	_	_
261-0	TOI020	261	261	0	e	e	_	_	_	_	_	linguistic	_	none	_	Begin=830.27	_	_	_	_
261-1	TOI020	261	261	1	lei	lei	_	_	_	_	_	linguistic	_	none	_	_	_	_	_	_
261-2	TOI020	261	261	2	[quando	quando	_	_	_	_	_	linguistic	_	none	_	_	_	_	_	0-6(95)
261-3	TOI020	261	261	3	arrivat~]	arrivat~	_	_	_	_	_	linguistic	_	none	Interrupted=Yes	_	_	_	_	0-8(95)
261-4	TOI020	261	261	4	quando	quando	_	_	_	_	_	linguistic	_	none	_	_	_	_	_	_
261-5	TOI020	261	261	5	lei	lei	_	_	_	_	_	linguistic	_	none	_	_	_	_	_	_
261-6	TOI020	261	261	6	è	è	_	_	_	_	_	linguistic	_	none	_	_	_	_	_	_
261-7	TOI020	261	261	7	arrivata	arrivata	_	_	_	_	_	linguistic	_	none	_	_	_	_	_	_
261-8	TOI020	261	261	8	lì	lì	_	_	_	_	_	linguistic	_	none	_	_	_	_	_	_
261-9	TOI020	261	261	9	da	da	_	_	_	_	_	linguistic	_	none	_	_	_	_	_	_
261-10	TOI020	261	261	10	noi,	noi	_	_	_	_	_	linguistic	_	none	Intonation=WeaklyRising	End=833.64	_	_	_	_
262-0	TOR004	262	262	0	[quindi	quindi	_	_	_	_	_	linguistic	_	none	_	Begin=830.562	_	_	_	0-6(95)
262-1	TOR004	262	262	1	che	che	_	_	_	_	_	linguistic	_	none	_	_	_	_	_	0-3(95)
262-2	TOR004	262	262	2	bel	bel	_	_	_	_	_	linguistic	_	none	_	_	_	_	_	0-3(95)
262-3	TOR004	262	262	3	natale	natale	_	_	_	_	_	linguistic	_	none	_	_	_	_	_	0-6(95)
262-4	TOR004	262	262	4	che	che	_	_	_	_	_	linguistic	_	none	_	_	_	_	_	0-3(95)
262-5	TOR004	262	262	5	eh]	eh	_	_	_	_	_	linguistic	_	none	_	End=831.805	_	_	_	0-2(95)
263-0	TOI020	263	263	0	piangeva	piangeva	_	_	_	_	_	linguistic	_	none	PauseAfter=Yes	Begin=834.15	_	_	_	_
263-1	TOI020	263	263	1	(.)	(.)	_	_	_	_	_	shortpause	_	none	_	_	_	_	_	_
263-2	TOI020	263	263	2	come	come	_	_	_	_	_	linguistic	_	none	_	_	_	_	_	_
263-3	TOI020	263	263	3	una	una	_	_	_	_	_	linguistic	_	none	_	_	_	_	_	_
263-4	TOI020	263	263	4	disperata.	disperata	_	_	_	_	_	linguistic	_	none	Intonation=Falling	_	_	_	_	_
263-5	TOI020	263	263	5	[e	e	_	_	_	_	_	linguistic	_	none	_	_	_	_	_	0-1(96)
263-6	TOI020	263	263	6	tu	tu	_	_	_	_	_	linguistic	_	none	_	_	_	_	_	0-2(96)
263-7	TOI020	263	263	7	sei	sei	_	_	_	_	_	linguistic	_	none	_	_	_	_	_	0-3(96)
263-8	TOI020	263	263	8	lì]	lì	_	_	_	_	_	linguistic	_	none	_	_	_	_	_	0-2(96)
263-9	TOI020	263	263	9	dietro	dietro	_	_	_	_	_	linguistic	_	none	_	_	_	_	_	_
263-10	TOI020	263	263	10	a	a	_	_	_	_	_	linguistic	_	none	_	_	_	_	_	_
263-11	TOI020	263	263	11	un	un	_	_	_	_	_	linguistic	_	none	_	_	_	_	_	_
263-12	TOI020	263	263	12	a	a	_	_	_	_	_	linguistic	_	none	_	_	_	_	_	_
263-13	TOI020	263	263	13	una	una	_	_	_	_	_	linguistic	_	none	_	_	_	_	_	_
263-14	TOI020	263	263	14	scrivania	scrivania	_	_	_	_	_	linguistic	_	none	_	_	_	_	_	_
263-15	TOI020	263	263	15	che,	che	_	_	_	_	_	linguistic	_	none	Intonation=WeaklyRising	End=839.239	_	_	_	_
264-0	TOR004	264	264	0	[°mado~°]	mado~	_	_	_	_	_	linguistic	_	none	Interrupted=Yes|Volume=low	Begin=836.217|End=836.898	_	_	_	0-5(96)
265-0	TOR004	265	265	0	vorre[sti	vorresti	_	_	_	_	_	linguistic	_	none	_	Begin=839.585	_	_	_	5-8(97)
265-1	TOR004	265	265	1	aiuta~]	aiuta~	_	_	_	_	_	linguistic	_	none	Interrupted=Yes	End=840.597	_	_	_	0-6(97)
266-0	TOI020	266	266	0	[accogl]i	accogli	_	_	_	_	_	linguistic	_	none	_	Begin=839.882	_	_	_	0-6(97)
266-1	TOI020	266	266	1	solo:	solo	_	_	_	_	_	linguistic	_	none	_	_	3x1	_	_	_
266-2	TOI020	266	266	2	quello	quello	_	_	_	_	_	linguistic	_	none	_	_	_	_	_	_
266-3	TOI020	266	266	3	che	che	_	_	_	_	_	linguistic	_	none	_	_	_	_	_	_
266-4	TOI020	266	266	4	ti	ti	_	_	_	_	_	linguistic	_	none	_	_	_	_	_	_
266-5	TOI020	266	266	5	dicono	dicono	_	_	_	_	_	linguistic	_	none	_	_	_	_	_	_
266-6	TOI020	266	266	6	ma	ma	_	_	_	_	_	linguistic	_	none	_	_	_	_	_	_
266-7	TOI020	266	266	7	eh	eh	_	_	_	_	_	linguistic	_	none	_	_	_	_	_	_
266-8	TOI020	266	266	8	non	non	_	_	_	_	_	linguistic	_	none	_	_	_	_	_	_
266-9	TOI020	266	266	9	non	non	_	_	_	_	_	linguistic	_	none	_	_	_	_	_	_
266-10	TOI020	266	266	10	non	non	_	_	_	_	_	linguistic	_	none	_	_	_	_	_	_
266-11	TOI020	266	266	11	è	è	_	_	_	_	_	linguistic	_	none	_	_	_	_	_	_
266-12	TOI020	266	266	12	che	che	_	_	_	_	_	linguistic	_	none	_	_	_	_	_	_
266-13	TOI020	266	266	13	tu	tu	_	_	_	_	_	linguistic	_	none	_	_	_	_	_	_
266-14	TOI020	266	266	14	li	li	_	_	_	_	_	linguistic	_	none	_	_	_	_	_	_
266-15	TOI020	266	266	15	puoi	puoi	_	_	_	_	_	linguistic	_	none	_	_	_	_	_	_
266-16	TOI020	266	266	16	aiutare	aiutare	_	_	_	_	_	linguistic	_	none	_	_	_	_	_	_
266-17	TOI020	266	266	17	perché	perché	_	_	_	_	_	linguistic	_	none	_	End=845.321	_	_	_	_
267-0	TOI020	267	267	0	>non	non	_	_	_	_	_	linguistic	_	none	_	Begin=845.683	_	Fast=0-3(0)	_	_
267-1	TOI020	267	267	1	è	è	_	_	_	_	_	linguistic	_	none	_	_	_	Fast=0-1(0)	_	_
267-2	TOI020	267	267	2	che<	che	_	_	_	_	_	linguistic	_	none	_	_	_	Fast=0-3(0)	_	_
267-3	TOI020	267	267	3	tu	tu	_	_	_	_	_	linguistic	_	none	_	_	_	_	_	_
267-4	TOI020	267	267	4	gli	gli	_	_	_	_	_	linguistic	_	none	_	_	_	_	_	_
267-5	TOI020	267	267	5	puoi	puoi	_	_	_	_	_	linguistic	_	none	_	_	_	_	_	_
267-6	TOI020	267	267	6	offrire	offrire	_	_	_	_	_	linguistic	_	none	_	_	_	_	_	_
267-7	TOI020	267	267	7	un	un	_	_	_	_	_	linguistic	_	none	_	_	_	_	_	_
267-8	TOI020	267	267	8	lavo:ro	lavoro	_	_	_	_	_	linguistic	_	none	_	_	3x1	_	_	_
267-9	TOI020	267	267	9	gli	gli	_	_	_	_	_	linguistic	_	none	_	_	_	_	_	_
267-10	TOI020	267	267	10	puoi	puoi	_	_	_	_	_	linguistic	_	none	PauseAfter=Yes	_	_	_	_	_
267-11	TOI020	267	267	11	(.)	(.)	_	_	_	_	_	shortpause	_	none	_	_	_	_	_	_
267-12	TOI020	267	267	12	cioè	cioè	_	_	_	_	_	linguistic	_	none	_	_	_	_	_	_
267-13	TOI020	267	267	13	tu	tu	_	_	_	_	_	linguistic	_	none	_	_	_	_	_	_
267-14	TOI020	267	267	14	sei	sei	_	_	_	_	_	linguistic	_	none	_	_	_	_	_	_
267-15	TOI020	267	267	15	lì	lì	_	_	_	_	_	linguistic	_	none	_	_	_	_	_	_
267-16	TOI020	267	267	16	accogli	accogli	_	_	_	_	_	linguistic	_	none	_	_	_	_	_	_
267-17	TOI020	267	267	17	gli	gli	_	_	_	_	_	linguistic	_	none	_	_	_	_	_	_
267-18	TOI020	267	267	18	dai,	dai	_	_	_	_	_	linguistic	_	none	Intonation=WeaklyRising	End=850.818	_	_	_	_
268-0	TOI020	268	268	0	il	il	_	_	_	_	_	linguistic	_	none	_	Begin=851.064	_	_	_	_
268-1	TOI020	268	268	1	curriculum	curriculum	_	_	_	_	_	linguistic	_	none	_	_	_	_	_	_
268-2	TOI020	268	268	2	e	e	_	_	_	_	_	linguistic	_	none	_	_	_	_	_	_
268-3	TOI020	268	268	3	glielo	glielo	_	_	_	_	_	linguistic	_	none	_	_	_	_	_	_
268-4	TOI020	268	268	4	prepa:ri	prepari	_	_	_	_	_	linguistic	_	none	_	_	4x1	_	_	_
268-5	TOI020	268	268	5	glielo	glielo	_	_	_	_	_	linguistic	_	none	_	_	_	_	_	_
268-6	TOI020	268	268	6	fa:i	fai	_	_	_	_	_	linguistic	_	none	_	_	1x1	_	_	_
268-7	TOI020	268	268	7	gli	gli	_	_	_	_	_	linguistic	_	none	_	_	_	_	_	_
268-8	TOI020	268	268	8	dici	dici	_	_	_	_	_	linguistic	_	none	_	_	_	_	_	_
268-9	TOI020	268	268	9	(gua~)	gua~	_	_	_	_	_	linguistic	_	none	Interrupted=Yes	_	_	_	0-4(0)	_
268-10	TOI020	268	268	10	queste	queste	_	_	_	_	_	linguistic	_	none	_	_	_	_	_	_
268-11	TOI020	268	268	11	sono	sono	_	_	_	_	_	linguistic	_	none	_	_	_	_	_	_
268-12	TOI020	268	268	12	le	le	_	_	_	_	_	linguistic	_	none	_	_	_	_	_	_
268-13	TOI020	268	268	13	agenzi:e,	agenzie	_	_	_	_	_	linguistic	_	none	Intonation=WeaklyRising	_	5x1	_	_	_
268-14	TOI020	268	268	14	forse	forse	_	_	_	_	_	linguistic	_	none	_	_	_	_	_	_
268-15	TOI020	268	268	15	questi	questi	_	_	_	_	_	linguistic	_	none	_	_	_	_	_	_
268-16	TOI020	268	268	16	ce~	ce~	_	_	_	_	_	linguistic	_	none	Interrupted=Yes	_	_	_	_	_
268-17	TOI020	268	268	17	perché	perché	_	_	_	_	_	linguistic	_	none	_	_	_	_	_	_
268-18	TOI020	268	268	18	noi	noi	_	_	_	_	_	linguistic	_	none	_	_	_	_	_	_
268-19	TOI020	268	268	19	non	non	_	_	_	_	_	linguistic	_	none	_	_	_	_	_	_
268-20	TOI020	268	268	20	potevamo	potevamo	_	_	_	_	_	linguistic	_	none	_	_	_	_	_	_
268-21	TOI020	268	268	21	fa~	fa~	_	_	_	_	_	linguistic	_	none	Interrupted=Yes	_	_	_	_	_
268-22	TOI020	268	268	22	non	non	_	_	_	_	_	linguistic	_	none	_	_	_	_	_	_
268-23	TOI020	268	268	23	non	non	_	_	_	_	_	linguistic	_	none	_	_	_	_	_	_
268-24	TOI020	268	268	24	facevamo	facevamo	_	_	_	_	_	linguistic	_	none	_	End=859.582	_	_	_	_
269-0	TOI020	269	269	0	incontro	incontro	_	_	_	_	_	linguistic	_	none	_	Begin=859.939	_	_	_	_
269-1	TOI020	269	269	1	domanda	domanda	_	_	_	_	_	linguistic	_	none	_	_	_	_	_	_
269-2	TOI020	269	269	2	offerta.	offerta	_	_	_	_	_	linguistic	_	none	Intonation=Falling	End=861.756	_	_	_	_
270-0	TOR004	270	270	0	no	no	_	_	_	_	_	linguistic	_	none	_	Begin=862.128	_	_	_	_
270-1	TOR004	270	270	1	perché	perché	_	_	_	_	_	linguistic	_	none	_	_	_	_	_	_
270-2	TOR004	270	270	2	non	non	_	_	_	_	_	linguistic	_	none	_	_	_	_	_	_
270-3	TOR004	270	270	3	siete	siete	_	_	_	_	_	linguistic	_	none	_	_	_	_	_	_
270-4	TOR004	270	270	4	a[genzia	agenzia	_	_	_	_	_	linguistic	_	none	_	_	_	_	_	1-7(98)
270-5	TOR004	270	270	5	interinale],	interinale	_	_	_	_	_	linguistic	_	none	Intonation=WeaklyRising	End=863.911	_	_	_	0-10(98)
271-0	TOI020	271	271	0	[non	non	_	_	_	_	_	linguistic	_	none	_	Begin=862.968	_	_	_	0-3(98)
271-1	TOI020	271	271	1	siamo,	siamo	_	_	_	_	_	linguistic	_	none	Intonation=WeaklyRising	_	_	_	_	0-5(98)
271-2	TOI020	271	271	2	es]atto.	esatto	_	_	_	_	_	linguistic	_	none	Intonation=Falling	_	_	_	_	0-2(98)
271-3	TOI020	271	271	3	noi	noi	_	_	_	_	_	linguistic	_	none	_	_	_	_	_	_
271-4	TOI020	271	271	4	davamo	davamo	_	_	_	_	_	linguistic	_	none	_	_	_	_	_	_
271-5	TOI020	271	271	5	solo	solo	_	_	_	_	_	linguistic	_	none	_	_	_	_	_	_
271-6	TOI020	271	271	6	le:	le	_	_	_	_	_	linguistic	_	none	_	_	1x1	_	_	_
271-7	TOI020	271	271	7	informazioni,	informazioni	_	_	_	_	_	linguistic	_	none	Intonation=WeaklyRising	_	_	_	_	_
271-8	TOI020	271	271	8	m	m	_	_	_	_	_	linguistic	_	none	ProsodicLink=Yes	_	_	_	_	_
271-9	TOI020	271	271	9	e::h	eh	_	_	_	_	_	linguistic	_	none	_	_	0x2	_	_	_
271-10	TOI020	271	271	10	diciamo.	diciamo	_	_	_	_	_	linguistic	_	none	Intonation=Falling	End=868.497	_	_	_	_
272-0	TOI020	272	272	0	(insomma)	insomma	_	_	_	_	_	linguistic	_	none	_	Begin=868.858|End=869.119	_	_	0-7(0)	_
273-0	TOI020	273	273	0	e::h	eh	_	_	_	_	_	linguistic	_	none	_	Begin=869.636|End=870.601	0x2	_	_	_
274-0	TOI020	274	274	0	l	l	_	_	_	_	_	linguistic	_	none	ProsodicLink=Yes	Begin=871.571	_	_	_	_
274-1	TOI020	274	274	1	eh	eh	_	_	_	_	_	linguistic	_	none	_	_	_	_	_	_
274-2	TOI020	274	274	2	ti	ti	_	_	_	_	_	linguistic	_	none	_	_	_	_	_	_
274-3	TOI020	274	274	3	aiutiamo	aiutiamo	_	_	_	_	_	linguistic	_	none	_	_	_	_	_	_
274-4	TOI020	274	274	4	a	a	_	_	_	_	_	linguistic	_	none	_	_	_	_	_	_
274-5	TOI020	274	274	5	fare	fare	_	_	_	_	_	linguistic	_	none	_	_	_	_	_	_
274-6	TOI020	274	274	6	il	il	_	_	_	_	_	linguistic	_	none	_	_	_	_	_	_
274-7	TOI020	274	274	7	curriculum,	curriculum	_	_	_	_	_	linguistic	_	none	Intonation=WeaklyRising|PauseAfter=Yes	_	_	_	_	_
274-8	TOI020	274	274	8	(.)	(.)	_	_	_	_	_	shortpause	_	none	_	_	_	_	_	_
274-9	TOI020	274	274	9	poi	poi	_	_	_	_	_	linguistic	_	none	_	_	_	_	_	_
274-10	TOI020	274	274	10	sempre	sempre	_	_	_	_	_	linguistic	_	none	_	_	_	_	_	_
274-11	TOI020	274	274	11	in	in	_	_	_	_	_	linguistic	_	none	_	_	_	_	_	_
274-12	TOI020	274	274	12	quel	quel	_	_	_	_	_	linguistic	_	none	_	_	_	_	_	_
274-13	TOI020	274	274	13	periodo	periodo	_	_	_	_	_	linguistic	_	none	_	_	_	_	_	_
274-14	TOI020	274	274	14	lì	lì	_	_	_	_	_	linguistic	_	none	_	_	_	_	_	_
274-15	TOI020	274	274	15	abbiamo	abbiamo	_	_	_	_	_	linguistic	_	none	_	_	_	_	_	_
274-16	TOI020	274	274	16	fatto	fatto	_	_	_	_	_	linguistic	_	none	_	_	_	_	_	_
274-17	TOI020	274	274	17	delle	delle	_	_	_	_	_	linguistic	_	none	_	_	_	_	_	_
274-18	TOI020	274	274	18	cose	cose	_	_	_	_	_	linguistic	_	none	_	_	_	_	_	_
274-19	TOI020	274	274	19	belle	belle	_	_	_	_	_	linguistic	_	none	_	_	_	_	_	_
274-20	TOI020	274	274	20	con	con	_	_	_	_	_	linguistic	_	none	_	_	_	_	_	_
274-21	TOI020	274	274	21	le	le	_	_	_	_	_	linguistic	_	none	_	_	_	_	_	_
274-22	TOI020	274	274	22	scuole	scuole	_	_	_	_	_	linguistic	_	none	_	_	_	_	_	_
274-23	TOI020	274	274	23	anche	anche	_	_	_	_	_	linguistic	_	none	_	_	_	_	_	_
274-24	TOI020	274	274	24	lì,	lì	_	_	_	_	_	linguistic	_	none	Intonation=WeaklyRising	End=878.025	_	_	_	_
275-0	TOI020	275	275	0	perché,	perché	_	_	_	_	_	linguistic	_	none	Intonation=WeaklyRising	Begin=878.62	_	_	_	_
275-1	TOI020	275	275	1	io	io	_	_	_	_	_	linguistic	_	none	_	_	_	_	_	_
275-2	TOI020	275	275	2	son	son	_	_	_	_	_	linguistic	_	none	_	_	_	_	_	_
275-3	TOI020	275	275	3	sempre	sempre	_	_	_	_	_	linguistic	_	none	_	_	_	_	_	_
275-4	TOI020	275	275	4	stata	stata	_	_	_	_	_	linguistic	_	none	_	_	_	_	_	_
275-5	TOI020	275	275	5	fortunata:	fortunata	_	_	_	_	_	linguistic	_	none	_	End=880.844	8x1	_	_	_
276-0	TOI020	276	276	0	con	con	_	_	_	_	_	linguistic	_	none	ProsodicLink=Yes	Begin=881.027	_	_	_	_
276-1	TOI020	276	276	1	e:h	eh	_	_	_	_	_	linguistic	_	none	_	End=882.109	0x1	_	_	_
277-0	TOI020	277	277	0	la	la	_	_	_	_	_	linguistic	_	none	_	Begin=882.905	_	_	_	_
277-1	TOI020	277	277	1	circoscrizione	circoscrizione	_	_	_	_	_	linguistic	_	none	_	_	_	_	_	_
277-2	TOI020	277	277	2	con	con	_	_	_	_	_	linguistic	_	none	_	_	_	_	_	_
277-3	TOI020	277	277	3	l'	l'	_	_	_	_	_	linguistic	_	none	SpaceAfter=No	_	_	_	_	_
277-4	TOI020	277	277	4	amministrativo	amministrativo	_	_	_	_	_	linguistic	_	none	_	_	_	_	_	_
277-5	TOI020	277	277	5	ho	ho	_	_	_	_	_	linguistic	_	none	_	_	_	_	_	_
277-6	TOI020	277	277	6	sempre	sempre	_	_	_	_	_	linguistic	_	none	_	_	_	_	_	_
277-7	TOI020	277	277	7	avuto:	avuto	_	_	_	_	_	linguistic	_	none	_	_	4x1	_	_	_
277-8	TOI020	277	277	8	dei	dei	_	_	_	_	_	linguistic	_	none	_	_	_	_	_	_
277-9	TOI020	277	277	9	buoni	buoni	_	_	_	_	_	linguistic	_	none	_	_	_	_	_	_
277-10	TOI020	277	277	10	responsabili.	responsabili	_	_	_	_	_	linguistic	_	none	Intonation=Falling	_	_	_	_	_
277-11	TOI020	277	277	11	che	che	_	_	_	_	_	linguistic	_	none	_	_	_	_	_	_
277-12	TOI020	277	277	12	quindi:	quindi	_	_	_	_	_	linguistic	_	none	_	End=888.166	5x1	_	_	_
278-0	TOR004	278	278	0	che	che	_	_	_	_	_	linguistic	_	none	_	Begin=888.344	_	_	_	_
278-1	TOR004	278	278	1	non	non	_	_	_	_	_	linguistic	_	none	_	_	_	_	_	_
278-2	TOR004	278	278	2	è	è	_	_	_	_	_	linguistic	_	none	_	_	_	_	_	_
278-3	TOR004	278	278	3	scontato.	scontato	_	_	_	_	_	linguistic	_	none	Intonation=Falling	_	_	_	_	_
278-4	TOR004	278	278	4	((ride))	((ride))	_	_	_	_	_	nonverbalbehavior	_	none	_	_	_	_	_	_
278-5	TOR004	278	278	5	[perché],	perché	_	_	_	_	_	linguistic	_	none	Intonation=WeaklyRising	End=889.8	_	_	_	0-6(99)
279-0	TOI020	279	279	0	[che	che	_	_	_	_	_	linguistic	_	none	_	Begin=889.439	_	_	_	0-3(99)
279-1	TOI020	279	279	1	no]n	non	_	_	_	_	_	linguistic	_	none	_	_	_	_	_	0-2(99)
279-2	TOI020	279	279	2	è	è	_	_	_	_	_	linguistic	_	none	_	_	_	_	_	_
279-3	TOI020	279	279	3	sco[nta:]to,	scontato	_	_	_	_	_	linguistic	_	none	Intonation=WeaklyRising	_	5x1	_	_	3-6(100)
279-4	TOI020	279	279	4	>no	no	_	_	_	_	_	linguistic	_	none	_	_	_	Fast=0-2(0)	_	_
279-5	TOI020	279	279	5	no	no	_	_	_	_	_	linguistic	_	none	_	_	_	Fast=0-2(0)	_	_
279-6	TOI020	279	279	6	no<	no	_	_	_	_	_	linguistic	_	none	_	_	_	Fast=0-2(0)	_	_
279-7	TOI020	279	279	7	infatti,	infatti	_	_	_	_	_	linguistic	_	none	Intonation=WeaklyRising	_	_	_	_	_
279-8	TOI020	279	279	8	anche	anche	_	_	_	_	_	linguistic	_	none	_	_	_	_	_	_
279-9	TOI020	279	279	9	questa:	questa	_	_	_	_	_	linguistic	_	none	_	_	5x1	_	_	_
279-10	TOI020	279	279	10	era:	era	_	_	_	_	_	linguistic	_	none	_	End=893.502	2x1	_	_	_
280-0	TOR004	280	280	0	[ci(o)è]	cioè	_	_	_	_	_	linguistic	_	none	Reduced=Yes	Begin=890.277|End=890.738	_	_	_	0-4(100)
281-0	TOI020	281	281	0	una	una	_	_	_	_	_	linguistic	_	none	_	Begin=893.893	_	_	_	_
281-1	TOI020	281	281	1	collega	collega	_	_	_	_	_	linguistic	_	none	_	_	_	_	_	_
281-2	TOI020	281	281	2	che	che	_	_	_	_	_	linguistic	_	none	_	_	_	_	_	_
281-3	TOI020	281	281	3	voleva	voleva	_	_	_	_	_	linguistic	_	none	_	_	_	_	_	_
281-4	TOI020	281	281	4	fare	fare	_	_	_	_	_	linguistic	_	none	_	_	_	_	_	_
281-5	TOI020	281	281	5	un	un	_	_	_	_	_	linguistic	_	none	_	_	_	_	_	_
281-6	TOI020	281	281	6	sacco	sacco	_	_	_	_	_	linguistic	_	none	_	_	_	_	_	_
281-7	TOI020	281	281	7	di	di	_	_	_	_	_	linguistic	_	none	_	_	_	_	_	_
281-8	TOI020	281	281	8	co:se,	cose	_	_	_	_	_	linguistic	_	none	Intonation=WeaklyRising	_	1x1	_	_	_
281-9	TOI020	281	281	9	quindi:	quindi	_	_	_	_	_	linguistic	_	none	_	_	5x1	_	_	_
281-10	TOI020	281	281	10	andavamo:	andavamo	_	_	_	_	_	linguistic	_	none	_	_	7x1	_	_	_
281-11	TOI020	281	281	11	a	a	_	_	_	_	_	linguistic	_	none	_	_	_	_	_	_
281-12	TOI020	281	281	12	nelle	nelle	_	_	_	_	_	linguistic	_	none	_	_	_	_	_	_
281-13	TOI020	281	281	13	scuole	scuole	_	_	_	_	_	linguistic	_	none	_	End=898.504	_	_	_	_
282-0	TOI020	282	282	0	dove	dove	_	_	_	_	_	linguistic	_	none	_	Begin=898.888|End=899.358	_	_	_	_
283-0	TOI020	283	283	0	e::h	eh	_	_	_	_	_	linguistic	_	none	_	Begin=899.719	0x2	_	_	_
283-1	TOI020	283	283	1	c'	c'	_	_	_	_	_	linguistic	_	none	SpaceAfter=No	_	_	_	_	_
283-2	TOI020	283	283	2	era	era	_	_	_	_	_	linguistic	_	none	_	_	_	_	_	_
283-3	TOI020	283	283	3	eh	eh	_	_	_	_	_	linguistic	_	none	_	_	_	_	_	_
283-4	TOI020	283	283	4	a~	a~	_	_	_	_	_	linguistic	_	none	Interrupted=Yes	_	_	_	_	_
283-5	TOI020	283	283	5	nell'	nell'	_	_	_	_	_	linguistic	_	none	SpaceAfter=No	_	_	_	_	_
283-6	TOI020	283	283	6	ultimo	ultimo	_	_	_	_	_	linguistic	_	none	_	_	_	_	_	_
283-7	TOI020	283	283	7	anno	anno	_	_	_	_	_	linguistic	_	none	_	_	_	_	_	_
283-8	TOI020	283	283	8	quindi	quindi	_	_	_	_	_	linguistic	_	none	_	_	_	_	_	_
283-9	TOI020	283	283	9	nell'	nell'	_	_	_	_	_	linguistic	_	none	SpaceAfter=No	_	_	_	_	_
283-10	TOI020	283	283	10	anno	anno	_	_	_	_	_	linguistic	_	none	_	_	_	_	_	_
283-11	TOI020	283	283	11	in	in	_	_	_	_	_	linguistic	_	none	_	_	_	_	_	_
283-12	TOI020	283	283	12	cui	cui	_	_	_	_	_	linguistic	_	none	_	_	_	_	_	_
283-13	TOI020	283	283	13	si	si	_	_	_	_	_	linguistic	_	none	_	_	_	_	_	_
283-14	TOI020	283	283	14	diplomavano,	diplomavano	_	_	_	_	_	linguistic	_	none	Intonation=WeaklyRising	_	_	_	_	_
283-15	TOI020	283	283	15	dove,	dove	_	_	_	_	_	linguistic	_	none	Intonation=WeaklyRising	End=905.131	_	_	_	_
284-0	TOI020	284	284	0	gli	gli	_	_	_	_	_	linguistic	_	none	_	Begin=905.332	_	_	_	_
284-1	TOI020	284	284	1	si	si	_	_	_	_	_	linguistic	_	none	_	_	_	_	_	_
284-2	TOI020	284	284	2	diceva	diceva	_	_	_	_	_	linguistic	_	none	_	_	_	_	_	_
284-3	TOI020	284	284	3	cosa	cosa	_	_	_	_	_	linguistic	_	none	_	_	_	_	_	_
284-4	TOI020	284	284	4	dovevano	dovevano	_	_	_	_	_	linguistic	_	none	_	_	_	_	_	_
284-5	TOI020	284	284	5	fare	fare	_	_	_	_	_	linguistic	_	none	_	_	_	_	_	_
284-6	TOI020	284	284	6	come	come	_	_	_	_	_	linguistic	_	none	_	_	_	_	_	_
284-7	TOI020	284	284	7	si	si	_	_	_	_	_	linguistic	_	none	_	_	_	_	_	_
284-8	TOI020	284	284	8	dovevano	dovevano	_	_	_	_	_	linguistic	_	none	_	_	_	_	_	_
284-9	TOI020	284	284	9	comp[orta:re	comportare	_	_	_	_	_	linguistic	_	none	_	_	7x1	_	_	4-10(101)
284-10	TOI020	284	284	10	e]	e	_	_	_	_	_	linguistic	_	none	_	_	_	_	_	0-1(101)
284-11	TOI020	284	284	11	ed	ed	_	_	_	_	_	linguistic	_	none	_	_	_	_	_	_
284-12	TOI020	284	284	12	era	era	_	_	_	_	_	linguistic	_	none	_	_	_	_	_	_
284-13	TOI020	284	284	13	orientamento	orientamento	_	_	_	_	_	linguistic	_	none	_	_	_	_	_	_
284-14	TOI020	284	284	14	al	al	_	_	_	_	_	linguistic	_	none	_	_	_	_	_	_
284-15	TOI020	284	284	15	lavoro.	lavoro	_	_	_	_	_	linguistic	_	none	Intonation=Falling	_	_	_	_	_
284-16	TOI020	284	284	16	sì.	sì	_	_	_	_	_	linguistic	_	none	Intonation=Falling	End=911.575	_	_	_	_
285-0	TOR004	285	285	0	[orientamento]	orientamento	_	_	_	_	_	linguistic	_	none	_	Begin=908.377|End=909.264	_	_	_	0-12(101)
286-0	TOI020	286	286	0	ed	ed	_	_	_	_	_	linguistic	_	none	_	Begin=911.976	_	_	_	_
286-1	TOI020	286	286	1	è,	è	_	_	_	_	_	linguistic	_	none	Intonation=WeaklyRising|PauseAfter=Yes	_	_	_	_	_
286-2	TOI020	286	286	2	(.)	(.)	_	_	_	_	_	shortpause	_	none	_	_	_	_	_	_
286-3	TOI020	286	286	3	l'	l'	_	_	_	_	_	linguistic	_	none	SpaceAfter=No	_	_	_	_	_
286-4	TOI020	286	286	4	abbiam	abbiam	_	_	_	_	_	linguistic	_	none	_	_	_	_	_	_
286-5	TOI020	286	286	5	fatto	fatto	_	_	_	_	_	linguistic	_	none	_	_	_	_	_	_
286-6	TOI020	286	286	6	per	per	_	_	_	_	_	linguistic	_	none	ProsodicLink=Yes	_	_	_	_	_
286-7	TOI020	286	286	7	eh	eh	_	_	_	_	_	linguistic	_	none	_	_	_	_	_	_
286-8	TOI020	286	286	8	due	due	_	_	_	_	_	linguistic	_	none	_	_	_	_	_	_
286-9	TOI020	286	286	9	anni	anni	_	_	_	_	_	linguistic	_	none	_	_	_	_	_	_
286-10	TOI020	286	286	10	forse,	forse	_	_	_	_	_	linguistic	_	none	Intonation=WeaklyRising	_	_	_	_	_
286-11	TOI020	286	286	11	e	e	_	_	_	_	_	linguistic	_	none	_	_	_	_	_	_
286-12	TOI020	286	286	12	poi:	poi	_	_	_	_	_	linguistic	_	none	_	_	2x1	_	_	_
286-13	TOI020	286	286	13	vabbè.	vabbè	_	_	_	_	_	linguistic	_	none	Intonation=Falling	End=916.286	_	_	_	_
287-0	TOI020	287	287	0	non	non	_	_	_	_	_	linguistic	_	none	ProsodicLink=Yes	Begin=916.763	_	_	_	_
287-1	TOI020	287	287	1	eh	eh	_	_	_	_	_	linguistic	_	none	_	End=917.44	_	_	_	_
288-0	TOR004	288	288	0	sì	sì	_	_	_	_	_	linguistic	_	none	_	Begin=917.878	_	_	_	_
288-1	TOR004	288	288	1	poi	poi	_	_	_	_	_	linguistic	_	none	_	_	_	_	_	_
288-2	TOR004	288	288	2	magari	magari	_	_	_	_	_	linguistic	_	none	_	_	_	_	_	_
288-3	TOR004	288	288	3	n~	n~	_	_	_	_	_	linguistic	_	none	Interrupted=Yes	_	_	_	_	_
288-4	TOR004	288	288	4	e::h	eh	_	_	_	_	_	linguistic	_	none	_	_	0x2	_	_	_
288-5	TOR004	288	288	5	vengono	vengono	_	_	_	_	_	linguistic	_	none	_	_	_	_	_	_
288-6	TOR004	288	288	6	meno	meno	_	_	_	_	_	linguistic	_	none	_	_	_	_	_	_
288-7	TOR004	288	288	7	anche	anche	_	_	_	_	_	linguistic	_	none	_	_	_	_	_	_
288-8	TOR004	288	288	8	i	i	_	_	_	_	_	linguistic	_	none	_	_	_	_	_	_
288-9	TOR004	288	288	9	fo:ndi,	fondi	_	_	_	_	_	linguistic	_	none	Intonation=WeaklyRising	_	1x1	_	_	_
288-10	TOR004	288	288	10	c(io)è:	cioè	_	_	_	_	_	linguistic	_	none	Reduced=Yes	End=921.058	3x1	_	_	_
289-0	TOI020	289	289	0	ma	ma	_	_	_	_	_	linguistic	_	none	_	Begin=921.058	_	_	_	_
289-1	TOI020	289	289	1	no	no	_	_	_	_	_	linguistic	_	none	_	_	_	_	_	_
289-2	TOI020	289	289	2	noi	noi	_	_	_	_	_	linguistic	_	none	_	_	_	_	_	_
289-3	TOI020	289	289	3	andavamo	andavamo	_	_	_	_	_	linguistic	_	none	_	_	_	_	_	_
289-4	TOI020	289	289	4	a	a	_	_	_	_	_	linguistic	_	none	_	_	_	_	_	_
289-5	TOI020	289	289	5	gratis.	gratis	_	_	_	_	_	linguistic	_	none	Intonation=Falling	_	_	_	_	_
289-6	TOI020	289	289	6	[nel	nel	_	_	_	_	_	linguistic	_	none	_	_	_	_	_	0-3(102)
289-7	TOI020	289	289	7	senso	senso	_	_	_	_	_	linguistic	_	none	_	_	_	_	_	0-5(102)
289-8	TOI020	289	289	8	che]	che	_	_	_	_	_	linguistic	_	none	_	_	_	_	_	0-3(102)
289-9	TOI020	289	289	9	no	no	_	_	_	_	_	linguistic	_	none	_	_	_	_	_	_
289-10	TOI020	289	289	10	no	no	_	_	_	_	_	linguistic	_	none	_	_	_	_	_	_
289-11	TOI020	289	289	11	noi	noi	_	_	_	_	_	linguistic	_	none	_	_	_	_	_	_
289-12	TOI020	289	289	12	con	con	_	_	_	_	_	linguistic	_	none	_	_	_	_	_	_
289-13	TOI020	289	289	13	le	le	_	_	_	_	_	linguistic	_	none	_	_	_	_	_	_
289-14	TOI020	289	289	14	nostre	nostre	_	_	_	_	_	linguistic	_	none	_	_	_	_	_	_
289-15	TOI020	289	289	15	ore:	ore	_	_	_	_	_	linguistic	_	none	_	End=925.455	2x1	_	_	_
290-0	TOR004	290	290	0	[ah	ah	_	_	_	_	_	linguistic	_	none	_	Begin=922.876	_	_	_	0-2(102)
290-1	TOR004	290	290	1	ecco]	ecco	_	_	_	_	_	linguistic	_	none	_	End=923.458	_	_	_	0-4(102)
291-0	TOI020	291	291	0	andava:mo	andavamo	_	_	_	_	_	linguistic	_	none	_	Begin=925.802	5x1	_	_	_
291-1	TOI020	291	291	1	al	al	_	_	_	_	_	linguistic	_	none	_	_	_	_	_	_
291-2	TOI020	291	291	2	pomeriggio	pomeriggio	_	_	_	_	_	linguistic	_	none	_	_	_	_	_	_
291-3	TOI020	291	291	3	si	si	_	_	_	_	_	linguistic	_	none	_	_	_	_	_	_
291-4	TOI020	291	291	4	prendeva	prendeva	_	_	_	_	_	linguistic	_	none	_	_	_	_	_	_
291-5	TOI020	291	291	5	l'	l'	_	_	_	_	_	linguistic	_	none	SpaceAfter=No	_	_	_	_	_
291-6	TOI020	291	291	6	accordo	accordo	_	_	_	_	_	linguistic	_	none	_	_	_	_	_	_
291-7	TOI020	291	291	7	con	con	_	_	_	_	_	linguistic	_	none	_	_	_	_	_	_
291-8	TOI020	291	291	8	la	la	_	_	_	_	_	linguistic	_	none	_	_	_	_	_	_
291-9	TOI020	291	291	9	pre:side	preside	_	_	_	_	_	linguistic	_	none	_	_	2x1	_	_	_
291-10	TOI020	291	291	10	si	si	_	_	_	_	_	linguistic	_	none	_	_	_	_	_	_
291-11	TOI020	291	291	11	faceva	faceva	_	_	_	_	_	linguistic	_	none	_	_	_	_	_	_
291-12	TOI020	291	291	12	questa	questa	_	_	_	_	_	linguistic	_	none	_	_	_	_	_	_
291-13	TOI020	291	291	13	roba.	roba	_	_	_	_	_	linguistic	_	none	Intonation=Falling	End=930.761	_	_	_	_
292-0	TOI020	292	292	0	però:::	però	_	_	_	_	_	linguistic	_	none	_	Begin=931.476	3x3	_	_	_
292-1	TOI020	292	292	1	poi	poi	_	_	_	_	_	linguistic	_	none	_	_	_	_	_	_
292-2	TOI020	292	292	2	dopo,	dopo	_	_	_	_	_	linguistic	_	none	Intonation=WeaklyRising	_	_	_	_	_
292-3	TOI020	292	292	3	appunto	appunto	_	_	_	_	_	linguistic	_	none	_	_	_	_	_	_
292-4	TOI020	292	292	4	quell'	quell'	_	_	_	_	_	linguistic	_	none	SpaceAfter=No	_	_	_	_	_
292-5	TOI020	292	292	5	ufficio	ufficio	_	_	_	_	_	linguistic	_	none	_	_	_	_	_	_
292-6	TOI020	292	292	6	lì	lì	_	_	_	_	_	linguistic	_	none	_	_	_	_	_	_
292-7	TOI020	292	292	7	e	e	_	_	_	_	_	linguistic	_	none	_	_	_	_	_	_
292-8	TOI020	292	292	8	andato	andato	_	_	_	_	_	linguistic	_	none	_	_	_	_	_	_
292-9	TOI020	292	292	9	a::	a	_	_	_	_	_	linguistic	_	none	_	End=937.142	0x2	_	_	_
293-0	TOI020	293	293	0	a::	a	_	_	_	_	_	linguistic	_	none	_	Begin=937.724	0x2	_	_	_
293-1	TOI020	293	293	1	a	a	_	_	_	_	_	linguistic	_	none	_	_	_	_	_	_
293-2	TOI020	293	293	2	finire	finire	_	_	_	_	_	linguistic	_	none	_	_	_	_	_	_
293-3	TOI020	293	293	3	perché,	perché	_	_	_	_	_	linguistic	_	none	Intonation=WeaklyRising	_	_	_	_	_
293-4	TOI020	293	293	4	non	non	_	_	_	_	_	linguistic	_	none	_	_	_	_	_	_
293-5	TOI020	293	293	5	essendoci	essendoci	_	_	_	_	_	linguistic	_	none	_	_	_	_	_	_
293-6	TOI020	293	293	6	più:	più	_	_	_	_	_	linguistic	_	none	_	_	2x1	_	_	_
293-7	TOI020	293	293	7	fondi	fondi	_	_	_	_	_	linguistic	_	none	_	_	_	_	_	_
293-8	TOI020	293	293	8	non	non	_	_	_	_	_	linguistic	_	none	_	_	_	_	_	_
293-9	TOI020	293	293	9	c'	c'	_	_	_	_	_	linguistic	_	none	SpaceAfter=No	_	_	_	_	_
293-10	TOI020	293	293	10	è	è	_	_	_	_	_	linguistic	_	none	_	End=941.637	_	_	_	_
294-0	TOI020	294	294	0	a~	a~	_	_	_	_	_	linguistic	_	none	Interrupted=Yes	Begin=941.998	_	_	_	_
294-1	TOI020	294	294	1	non	non	_	_	_	_	_	linguistic	_	none	_	_	_	_	_	_
294-2	TOI020	294	294	2	c'	c'	_	_	_	_	_	linguistic	_	none	SpaceAfter=No	_	_	_	_	_
294-3	TOI020	294	294	3	era	era	_	_	_	_	_	linguistic	_	none	_	_	_	_	_	_
294-4	TOI020	294	294	4	più	più	_	_	_	_	_	linguistic	_	none	_	_	_	_	_	_
294-5	TOI020	294	294	5	niente	niente	_	_	_	_	_	linguistic	_	none	_	_	_	_	_	_
294-6	TOI020	294	294	6	quindi:	quindi	_	_	_	_	_	linguistic	_	none	_	_	5x1	_	_	_
294-7	TOI020	294	294	7	l	l	_	_	_	_	_	linguistic	_	none	ProsodicLink=Yes	_	_	_	_	_
294-8	TOI020	294	294	8	eh	eh	_	_	_	_	_	linguistic	_	none	_	_	_	_	_	_
294-9	TOI020	294	294	9	l'	l'	_	_	_	_	_	linguistic	_	none	SpaceAfter=No	_	_	_	_	_
294-10	TOI020	294	294	10	ufficio	ufficio	_	_	_	_	_	linguistic	_	none	_	_	_	_	_	_
294-11	TOI020	294	294	11	diciamo,	diciamo	_	_	_	_	_	linguistic	_	none	Intonation=WeaklyRising	End=945.236	_	_	_	_
295-0	TOI020	295	295	0	ah	ah	_	_	_	_	_	linguistic	_	none	_	Begin=945.561	_	_	_	_
295-1	TOI020	295	295	1	de~	de~	_	_	_	_	_	linguistic	_	none	Interrupted=Yes	_	_	_	_	_
295-2	TOI020	295	295	2	c'	c'	_	_	_	_	_	linguistic	_	none	SpaceAfter=No	_	_	_	_	_
295-3	TOI020	295	295	3	è	è	_	_	_	_	_	linguistic	_	none	_	_	_	_	_	_
295-4	TOI020	295	295	4	stato	stato	_	_	_	_	_	linguistic	_	none	_	_	_	_	_	_
295-5	TOI020	295	295	5	poi	poi	_	_	_	_	_	linguistic	_	none	_	_	_	_	_	_
295-6	TOI020	295	295	6	per	per	_	_	_	_	_	linguistic	_	none	_	_	_	_	_	_
295-7	TOI020	295	295	7	un	un	_	_	_	_	_	linguistic	_	none	_	_	_	_	_	_
295-8	TOI020	295	295	8	periodo	periodo	_	_	_	_	_	linguistic	_	none	_	_	_	_	_	_
295-9	TOI020	295	295	9	che	che	_	_	_	_	_	linguistic	_	none	_	_	_	_	_	_
295-10	TOI020	295	295	10	facevano	facevano	_	_	_	_	_	linguistic	_	none	_	_	_	_	_	_
295-11	TOI020	295	295	11	solo	solo	_	_	_	_	_	linguistic	_	none	_	_	_	_	_	_
295-12	TOI020	295	295	12	dei	dei	_	_	_	_	_	linguistic	_	none	_	_	_	_	_	_
295-13	TOI020	295	295	13	curriculum	curriculum	_	_	_	_	_	linguistic	_	none	_	End=949.229	_	_	_	_
296-0	TOI020	296	296	0	e	e	_	_	_	_	_	linguistic	_	none	_	Begin=949.695	_	_	_	_
296-1	TOI020	296	296	1	poi	poi	_	_	_	_	_	linguistic	_	none	_	_	_	_	_	_
296-2	TOI020	296	296	2	basta	basta	_	_	_	_	_	linguistic	_	none	_	_	_	_	_	_
296-3	TOI020	296	296	3	perché:	perché	_	_	_	_	_	linguistic	_	none	_	_	5x1	_	_	_
296-4	TOI020	296	296	4	cosa:,	cosa	_	_	_	_	_	linguistic	_	none	Intonation=WeaklyRising	_	3x1	_	_	_
296-5	TOI020	296	296	5	cosa	cosa	_	_	_	_	_	linguistic	_	none	_	_	_	_	_	_
296-6	TOI020	296	296	6	offri?	offri	_	_	_	_	_	linguistic	_	none	Intonation=Rising	End=952.592	_	_	_	_
297-0	TOR004	297	297	0	no	no	_	_	_	_	_	linguistic	_	none	_	Begin=952.979	_	_	_	_
297-1	TOR004	297	297	1	[in	in	_	_	_	_	_	linguistic	_	none	_	_	_	_	_	0-2(103)
297-2	TOR004	297	297	2	effetti]	effetti	_	_	_	_	_	linguistic	_	none	_	End=953.773	_	_	_	0-7(103)
298-0	TOI020	298	298	0	[cosa	cosa	_	_	_	_	_	linguistic	_	none	_	Begin=953.206	_	_	_	0-4(103)
298-1	TOI020	298	298	1	gli	gli	_	_	_	_	_	linguistic	_	none	_	_	_	_	_	0-3(103)
298-2	TOI020	298	298	2	d]ici?	dici	_	_	_	_	_	linguistic	_	none	Intonation=Rising	End=954.202	_	_	_	0-1(103)
299-0	TOI020	299	299	0	non	non	_	_	_	_	_	linguistic	_	none	_	Begin=954.463	_	_	_	_
299-1	TOI020	299	299	1	anche	anche	_	_	_	_	_	linguistic	_	none	_	_	_	_	_	_
299-2	TOI020	299	299	2	perché	perché	_	_	_	_	_	linguistic	_	none	_	_	_	_	_	_
299-3	TOI020	299	299	3	poi	poi	_	_	_	_	_	linguistic	_	none	_	_	_	_	_	_
299-4	TOI020	299	299	4	oggi,	oggi	_	_	_	_	_	linguistic	_	none	Intonation=WeaklyRising	End=956.116	_	_	_	_
300-0	TOI020	300	300	0	eh	eh	_	_	_	_	_	linguistic	_	none	_	Begin=956.688	_	_	_	_
300-1	TOI020	300	300	1	u~	u~	_	_	_	_	_	linguistic	_	none	Interrupted=Yes	_	_	_	_	_
300-2	TOI020	300	300	2	per	per	_	_	_	_	_	linguistic	_	none	_	_	_	_	_	_
300-3	TOI020	300	300	3	fortuna	fortuna	_	_	_	_	_	linguistic	_	none	_	_	_	_	_	_
300-4	TOI020	300	300	4	ognuno:	ognuno	_	_	_	_	_	linguistic	_	none	_	_	5x1	_	_	_
300-5	TOI020	300	300	5	sa	sa	_	_	_	_	_	linguistic	_	none	_	_	_	_	_	_
300-6	TOI020	300	300	6	anche	anche	_	_	_	_	_	linguistic	_	none	_	_	_	_	_	_
300-7	TOI020	300	300	7	come	come	_	_	_	_	_	linguistic	_	none	_	_	_	_	_	_
300-8	TOI020	300	300	8	giostrarsi	giostrarsi	_	_	_	_	_	linguistic	_	none	_	_	_	_	_	_
300-9	TOI020	300	300	9	e	e	_	_	_	_	_	linguistic	_	none	_	_	_	_	_	_
300-10	TOI020	300	300	10	farsi	farsi	_	_	_	_	_	linguistic	_	none	_	_	_	_	_	_
300-11	TOI020	300	300	11	un	un	_	_	_	_	_	linguistic	_	none	_	_	_	_	_	_
300-12	TOI020	300	300	12	curri:culum	curriculum	_	_	_	_	_	linguistic	_	none	_	_	4x1	_	_	_
300-13	TOI020	300	300	13	insomma.	insomma	_	_	_	_	_	linguistic	_	none	Intonation=Falling	_	_	_	_	_
300-14	TOI020	300	300	14	è	è	_	_	_	_	_	linguistic	_	none	_	_	_	_	_	_
300-15	TOI020	300	300	15	diverso.	diverso	_	_	_	_	_	linguistic	_	none	Intonation=Falling	_	_	_	_	_
300-16	TOI020	300	300	16	allora,	allora	_	_	_	_	_	linguistic	_	none	Intonation=WeaklyRising	End=963.986	_	_	_	_
301-0	TOI020	301	301	0	dieci	dieci	_	_	_	_	_	linguistic	_	none	_	Begin=964.37	_	_	_	_
301-1	TOI020	301	301	1	anni	anni	_	_	_	_	_	linguistic	_	none	_	_	_	_	_	_
301-2	TOI020	301	301	2	[fa	fa	_	_	_	_	_	linguistic	_	none	_	_	_	_	_	0-2(104)
301-3	TOI020	301	301	3	non	non	_	_	_	_	_	linguistic	_	none	_	_	_	_	_	0-3(104)
301-4	TOI020	301	301	4	era]	era	_	_	_	_	_	linguistic	_	none	_	End=965.689	_	_	_	0-3(104)
302-0	TOR004	302	302	0	[sì	sì	_	_	_	_	_	linguistic	_	none	_	Begin=964.81	_	_	_	0-2(104)
302-1	TOR004	302	302	1	eran	eran	_	_	_	_	_	linguistic	_	none	_	_	_	_	_	0-4(104)
302-2	TOR004	302	302	2	le	le	_	_	_	_	_	linguistic	_	none	_	_	_	_	_	0-2(104)
302-3	TOR004	302	302	3	prim]e:	prime	_	_	_	_	_	linguistic	_	none	_	End=965.999	4x1	_	_	0-4(104)
303-0	TOI020	303	303	0	mh	mh	_	_	_	_	_	linguistic	_	none	_	Begin=966.112	_	_	_	_
303-1	TOI020	303	303	1	non	non	_	_	_	_	_	linguistic	_	none	_	_	_	_	_	_
303-2	TOI020	303	303	2	era	era	_	_	_	_	_	linguistic	_	none	_	_	_	_	_	_
303-3	TOI020	303	303	3	così	così	_	_	_	_	_	linguistic	_	none	_	_	_	_	_	_
303-4	TOI020	303	303	4	non	non	_	_	_	_	_	linguistic	_	none	ProsodicLink=Yes	_	_	_	_	_
303-5	TOI020	303	303	5	eh	eh	_	_	_	_	_	linguistic	_	none	_	_	_	_	_	_
303-6	TOI020	303	303	6	non	non	_	_	_	_	_	linguistic	_	none	_	_	_	_	_	_
303-7	TOI020	303	303	7	si	si	_	_	_	_	_	linguistic	_	none	_	_	_	_	_	_
303-8	TOI020	303	303	8	sapeva	sapeva	_	_	_	_	_	linguistic	_	none	_	_	_	_	_	_
303-9	TOI020	303	303	9	neanche	neanche	_	_	_	_	_	linguistic	_	none	_	_	_	_	_	_
303-10	TOI020	303	303	10	tirar	tirar	_	_	_	_	_	linguistic	_	none	_	_	_	_	_	_
303-11	TOI020	303	303	11	giù	giù	_	_	_	_	_	linguistic	_	none	_	_	_	_	_	_
303-12	TOI020	303	303	12	un	un	_	_	_	_	_	linguistic	_	none	_	_	_	_	_	_
303-13	TOI020	303	303	13	curriculum	curriculum	_	_	_	_	_	linguistic	_	none	_	_	_	_	_	_
303-14	TOI020	303	303	14	un	un	_	_	_	_	_	linguistic	_	none	_	_	_	_	_	_
303-15	TOI020	303	303	15	curriculum	curriculum	_	_	_	_	_	linguistic	_	none	_	_	_	_	_	_
303-16	TOI020	303	303	16	europeo	europeo	_	_	_	_	_	linguistic	_	none	_	End=970.794	_	_	_	_
304-0	TOI020	304	304	0	europe:o	europeo	_	_	_	_	_	linguistic	_	none	_	Begin=971.311	5x1	_	_	_
304-1	TOI020	304	304	1	on	on	_	_	_	_	_	linguistic	_	none	_	_	_	_	_	_
304-2	TOI020	304	304	2	si	si	_	_	_	_	_	linguistic	_	none	_	_	_	_	_	_
304-3	TOI020	304	304	3	sapeva	sapeva	_	_	_	_	_	linguistic	_	none	_	_	_	_	_	_
304-4	TOI020	304	304	4	il	il	_	_	_	_	_	linguistic	_	none	_	_	_	_	_	_
304-5	TOI020	304	304	5	modello	modello	_	_	_	_	_	linguistic	_	none	_	_	_	_	_	_
304-6	TOI020	304	304	6	com'	com'	_	_	_	_	_	linguistic	_	none	SpaceAfter=No	_	_	_	_	_
304-7	TOI020	304	304	7	e:ra,	era	_	_	_	_	_	linguistic	_	none	Intonation=WeaklyRising	End=974.101	0x1	_	_	_
305-0	TOR004	305	305	0	sì	sì	_	_	_	_	_	linguistic	_	none	_	Begin=974.503	_	_	_	_
305-1	TOR004	305	305	1	che	che	_	_	_	_	_	linguistic	_	none	_	_	_	_	_	_
305-2	TOR004	305	305	2	[tra	tra	_	_	_	_	_	linguistic	_	none	_	_	_	_	_	0-3(105)
305-3	TOR004	305	305	3	l'	l'	_	_	_	_	_	linguistic	_	none	SpaceAfter=No	_	_	_	_	0-2(105)
305-4	TOR004	305	305	4	al]tro	altro	_	_	_	_	_	linguistic	_	none	_	_	_	_	_	0-2(105)
305-5	TOR004	305	305	5	cambia	cambia	_	_	_	_	_	linguistic	_	none	_	_	_	_	_	_
305-6	TOR004	305	305	6	alla	alla	_	_	_	_	_	linguistic	_	none	_	_	_	_	_	_
305-7	TOR004	305	305	7	velocità	velocità	_	_	_	_	_	linguistic	_	none	_	_	_	_	_	_
305-8	TOR004	305	305	8	della	della	_	_	_	_	_	linguistic	_	none	_	_	_	_	_	_
305-9	TOR004	305	305	9	luce	luce	_	_	_	_	_	linguistic	_	none	_	_	_	_	_	_
305-10	TOR004	305	305	10	perché	perché	_	_	_	_	_	linguistic	_	none	_	_	_	_	_	_
305-11	TOR004	305	305	11	a[desso	adesso	_	_	_	_	_	linguistic	_	none	_	_	_	_	_	0-6(106)
305-12	TOR004	305	305	12	nes]suno	nessuno	_	_	_	_	_	linguistic	_	none	_	_	_	_	_	0-3(106)
305-13	TOR004	305	305	13	vuole	vuole	_	_	_	_	_	linguistic	_	none	_	_	_	_	_	_
305-14	TOR004	305	305	14	più	più	_	_	_	_	_	linguistic	_	none	_	_	_	_	_	_
305-15	TOR004	305	305	15	il	il	_	_	_	_	_	linguistic	_	none	_	_	_	_	_	_
305-16	TOR004	305	305	16	curriculum	curriculum	_	_	_	_	_	linguistic	_	none	_	_	_	_	_	_
305-17	TOR004	305	305	17	europeo	europeo	_	_	_	_	_	linguistic	_	none	_	_	_	_	_	_
305-18	TOR004	305	305	18	quindi	quindi	_	_	_	_	_	linguistic	_	none	_	_	_	_	_	_
305-19	TOR004	305	305	19	f[igurati].	figurati	_	_	_	_	_	linguistic	_	none	Intonation=Falling	End=979.679	_	_	_	0-8(107)
306-0	TOI020	306	306	0	[sì]	sì	_	_	_	_	_	linguistic	_	none	_	Begin=974.707|End=974.939	_	_	_	0-2(105)
307-0	TOI020	307	307	0	[eh	eh	_	_	_	_	_	linguistic	_	none	_	Begin=976.681	_	_	_	0-2(106)
307-1	TOI020	307	307	1	eh]	eh	_	_	_	_	_	linguistic	_	none	_	End=977.069	_	_	_	0-2(106)
308-0	TOI020	308	308	0	[eh	eh	_	_	_	_	_	linguistic	_	none	_	Begin=979.189	_	_	_	0-2(107)
308-1	TOI020	308	308	1	ve]di	vedi	_	_	_	_	_	linguistic	_	none	_	_	_	_	_	0-2(107)
308-2	TOI020	308	308	2	io	io	_	_	_	_	_	linguistic	_	none	_	_	_	_	_	_
308-3	TOI020	308	308	3	no:n	non	_	_	_	_	_	linguistic	_	none	_	_	1x1	_	_	_
308-4	TOI020	308	308	4	lo	lo	_	_	_	_	_	linguistic	_	none	_	_	_	_	_	_
308-5	TOI020	308	308	5	s~	s~	_	_	_	_	_	linguistic	_	none	Interrupted=Yes	_	_	_	_	_
308-6	TOI020	308	308	6	io	io	_	_	_	_	_	linguistic	_	none	_	_	_	_	_	_
308-7	TOI020	308	308	7	sono	sono	_	_	_	_	_	linguistic	_	none	_	_	_	_	_	_
308-8	TOI020	308	308	8	rimasta::	rimasta	_	_	_	_	_	linguistic	_	none	_	End=982.171	6x2	_	_	_
309-0	TOR004	309	309	0	no	no	_	_	_	_	_	linguistic	_	none	PauseAfter=Yes	Begin=982.536	_	_	_	_
309-1	TOR004	309	309	1	(.)	(.)	_	_	_	_	_	shortpause	_	none	_	_	_	_	_	_
309-2	TOR004	309	309	2	[adesso	adesso	_	_	_	_	_	linguistic	_	none	_	_	_	_	_	0-6(108)
309-3	TOR004	309	309	3	no].	no	_	_	_	_	_	linguistic	_	none	Intonation=Falling	End=983.399	_	_	_	0-2(108)
310-0	TOI020	310	310	0	[adesso	adesso	_	_	_	_	_	linguistic	_	none	_	Begin=982.792	_	_	_	0-6(108)
310-1	TOI020	310	310	1	(come)]	come	_	_	_	_	_	linguistic	_	none	_	_	_	_	0-4(0)	0-4(108)
310-2	TOI020	310	310	2	lo	lo	_	_	_	_	_	linguistic	_	none	_	_	_	_	_	_
310-3	TOI020	310	310	3	vogliono,	vogliono	_	_	_	_	_	linguistic	_	none	Intonation=WeaklyRising	End=983.909	_	_	_	_
311-0	TOR004	311	311	0	eh	eh	_	_	_	_	_	linguistic	_	none	_	Begin=984.01	_	_	_	_
311-1	TOR004	311	311	1	un	un	_	_	_	_	_	linguistic	_	none	_	_	_	_	_	_
311-2	TOR004	311	311	2	curriculum	curriculum	_	_	_	_	_	linguistic	_	none	ProsodicLink=Yes	_	_	_	_	_
311-3	TOR004	311	311	3	[eh]	eh	_	_	_	_	_	linguistic	_	none	_	End=985.55	_	_	_	0-2(109)
312-0	TOI020	312	312	0	[ma],	ma	_	_	_	_	_	linguistic	_	none	Intonation=WeaklyRising	Begin=985.383	_	_	_	0-2(109)
312-1	TOI020	312	312	1	adesso	adesso	_	_	_	_	_	linguistic	_	none	_	_	_	_	_	_
312-2	TOI020	312	312	2	so	so	_	_	_	_	_	linguistic	_	none	_	_	_	_	_	_
312-3	TOI020	312	312	3	che	che	_	_	_	_	_	linguistic	_	none	_	_	_	_	_	_
312-4	TOI020	312	312	4	addirittura,	addirittura	_	_	_	_	_	linguistic	_	none	Intonation=WeaklyRising	_	_	_	_	_
312-5	TOI020	312	312	5	le	le	_	_	_	_	_	linguistic	_	none	_	_	_	_	_	_
312-6	TOI020	312	312	6	mandi	mandi	_	_	_	_	_	linguistic	_	none	_	_	_	_	_	_
312-7	TOI020	312	312	7	solo	solo	_	_	_	_	_	linguistic	_	none	_	_	_	_	_	_
312-8	TOI020	312	312	8	direttamente	direttamente	_	_	_	_	_	linguistic	_	none	_	_	_	_	_	_
312-9	TOI020	312	312	9	già	già	_	_	_	_	_	linguistic	_	none	_	_	_	_	_	_
312-10	TOI020	312	312	10	con	con	_	_	_	_	_	linguistic	_	none	_	_	_	_	_	_
312-11	TOI020	312	312	11	il	il	_	_	_	_	_	linguistic	_	none	_	_	_	_	_	_
312-12	TOI020	312	312	12	lavora	lavora	_	_	_	_	_	linguistic	_	none	_	_	_	_	_	_
312-13	TOI020	312	312	13	con	con	_	_	_	_	_	linguistic	_	none	_	_	_	_	_	_
312-14	TOI020	312	312	14	no:i	noi	_	_	_	_	_	linguistic	_	none	_	_	1x1	_	_	_
312-15	TOI020	312	312	15	qu[indi	quindi	_	_	_	_	_	linguistic	_	none	_	_	_	_	_	2-6(110)
312-16	TOI020	312	312	16	non	non	_	_	_	_	_	linguistic	_	none	_	_	_	_	_	0-3(110)
312-17	TOI020	312	312	17	v]ogliono	vogliono	_	_	_	_	_	linguistic	_	none	_	_	_	_	_	0-1(110)
312-18	TOI020	312	312	18	neanche	neanche	_	_	_	_	_	linguistic	_	none	_	_	_	_	_	_
312-19	TOI020	312	312	19	es[a~]	esa~	_	_	_	_	_	linguistic	_	none	Interrupted=Yes	End=992.111	_	_	_	2-4(111)
313-0	TOR004	313	313	0	[sì]	sì	_	_	_	_	_	linguistic	_	none	_	Begin=990.393|End=990.81	_	_	_	0-2(110)
314-0	TOR004	314	314	0	[s]ì	sì	_	_	_	_	_	linguistic	_	none	_	Begin=992.011	_	_	_	0-1(111)
314-1	TOR004	314	314	1	chiedi:	chiedi	_	_	_	_	_	linguistic	_	none	_	_	5x1	_	_	_
314-2	TOR004	314	314	2	chiedi	chiedi	_	_	_	_	_	linguistic	_	none	_	_	_	_	_	_
314-3	TOR004	314	314	3	il	il	_	_	_	_	_	linguistic	_	none	ProsodicLink=Yes	_	_	_	_	_
314-4	TOR004	314	314	4	eh	eh	_	_	_	_	_	linguistic	_	none	_	_	_	_	_	_
314-5	TOR004	314	314	5	ti~	ti~	_	_	_	_	_	linguistic	_	none	Interrupted=Yes	_	_	_	_	_
314-6	TOR004	314	314	6	mh	mh	_	_	_	_	_	linguistic	_	none	_	_	_	_	_	_
314-7	TOR004	314	314	7	boh	boh	_	_	_	_	_	linguistic	_	none	_	_	_	_	_	_
314-8	TOR004	314	314	8	fai:	fai	_	_	_	_	_	linguistic	_	none	_	_	2x1	_	_	_
314-9	TOR004	314	314	9	l'	l'	_	_	_	_	_	linguistic	_	none	SpaceAfter=No	_	_	_	_	_
314-10	TOR004	314	314	10	applicazione	applicazione	_	_	_	_	_	linguistic	_	none	_	_	_	_	_	_
314-11	TOR004	314	314	11	per	per	_	_	_	_	_	linguistic	_	none	_	_	_	_	_	_
314-12	TOR004	314	314	12	la	la	_	_	_	_	_	linguistic	_	none	_	_	_	_	_	_
314-13	TOR004	314	314	13	posizione,	posizione	_	_	_	_	_	linguistic	_	none	Intonation=WeaklyRising	_	_	_	_	_
314-14	TOR004	314	314	14	e	e	_	_	_	_	_	linguistic	_	none	_	_	_	_	_	_
314-15	TOR004	314	314	15	poi	poi	_	_	_	_	_	linguistic	_	none	_	_	_	_	_	_
314-16	TOR004	314	314	16	vogliono	vogliono	_	_	_	_	_	linguistic	_	none	_	_	_	_	_	_
314-17	TOR004	314	314	17	ti	ti	_	_	_	_	_	linguistic	_	none	_	_	_	_	_	_
314-18	TOR004	314	314	18	chiamano	chiamano	_	_	_	_	_	linguistic	_	none	_	_	_	_	_	_
314-19	TOR004	314	314	19	se	se	_	_	_	_	_	linguistic	_	none	_	_	_	_	_	_
314-20	TOR004	314	314	20	n[o]	no	_	_	_	_	_	linguistic	_	none	_	End=998.176	_	_	_	0-2(112)
315-0	TOI020	315	315	0	[e]:satto.	esatto	_	_	_	_	_	linguistic	_	none	Intonation=Falling	Begin=998.124|End=998.86	0x1	_	_	0-1(112)
316-0	TOR004	316	316	0	vabbè	vabbè	_	_	_	_	_	linguistic	_	none	_	Begin=998.905|End=999.341	_	_	_	_
317-0	TOI020	317	317	0	e	e	_	_	_	_	_	linguistic	_	none	_	Begin=999.692	_	_	_	_
317-1	TOI020	317	317	1	questo	questo	_	_	_	_	_	linguistic	_	none	_	_	_	_	_	_
317-2	TOI020	317	317	2	è,	è	_	_	_	_	_	linguistic	_	none	Intonation=WeaklyRising|PauseAfter=Yes	_	_	_	_	_
317-3	TOI020	317	317	3	(.)	(.)	_	_	_	_	_	shortpause	_	none	_	_	_	_	_	_
317-4	TOI020	317	317	4	quanto	quanto	_	_	_	_	_	linguistic	_	none	_	End=1001.035	_	_	_	_
318-0	TOR004	318	318	0	allora	allora	_	_	_	_	_	linguistic	_	none	_	Begin=1001.318|End=1001.834	_	_	_	_
319-0	TOR004	319	319	0	e:::	e	_	_	_	_	_	linguistic	_	none	_	Begin=1002.148	0x3	_	_	_
319-1	TOR004	319	319	1	no	no	_	_	_	_	_	linguistic	_	none	_	_	_	_	_	_
319-2	TOR004	319	319	2	volevo	volevo	_	_	_	_	_	linguistic	_	none	_	_	_	_	_	_
319-3	TOR004	319	319	3	chiederti	chiederti	_	_	_	_	_	linguistic	_	none	_	_	_	_	_	_
319-4	TOR004	319	319	4	una	una	_	_	_	_	_	linguistic	_	none	_	_	_	_	_	_
319-5	TOR004	319	319	5	cosa,	cosa	_	_	_	_	_	linguistic	_	none	Intonation=WeaklyRising	_	_	_	_	_
319-6	TOR004	319	319	6	rispetto	rispetto	_	_	_	_	_	linguistic	_	none	PauseAfter=Yes	_	_	_	_	_
319-7	TOR004	319	319	7	(.)	(.)	_	_	_	_	_	shortpause	_	none	_	_	_	_	_	_
319-8	TOR004	319	319	8	al	al	_	_	_	_	_	linguistic	_	none	ProsodicLink=Yes	_	_	_	_	_
319-9	TOR004	319	319	9	eh	eh	_	_	_	_	_	linguistic	_	none	_	_	_	_	_	_
319-10	TOR004	319	319	10	al	al	_	_	_	_	_	linguistic	_	none	_	_	_	_	_	_
319-11	TOR004	319	319	11	tuo	tuo	_	_	_	_	_	linguistic	_	none	_	_	_	_	_	_
319-12	TOR004	319	319	12	rapporto	rapporto	_	_	_	_	_	linguistic	_	none	_	_	_	_	_	_
319-13	TOR004	319	319	13	con	con	_	_	_	_	_	linguistic	_	none	_	_	_	_	_	_
319-14	TOR004	319	319	14	la	la	_	_	_	_	_	linguistic	_	none	_	_	_	_	_	_
319-15	TOR004	319	319	15	tua:	tua	_	_	_	_	_	linguistic	_	none	_	_	2x1	_	_	_
319-16	TOR004	319	319	16	terra	terra	_	_	_	_	_	linguistic	_	none	_	_	_	_	_	_
319-17	TOR004	319	319	17	di	di	_	_	_	_	_	linguistic	_	none	_	_	_	_	_	_
319-18	TOR004	319	319	18	origine,	origine	_	_	_	_	_	linguistic	_	none	Intonation=WeaklyRising	End=1008.312	_	_	_	_
320-0	TOI020	320	320	0	e::h	eh	_	_	_	_	_	linguistic	_	none	_	Begin=1009.226	0x2	_	_	_
320-1	TOI020	320	320	1	la	la	_	_	_	_	_	linguistic	_	none	_	_	_	_	_	_
320-2	TOI020	320	320	2	mia	mia	_	_	_	_	_	linguistic	_	none	_	_	_	_	_	_
320-3	TOI020	320	320	3	bella	bella	_	_	_	_	_	linguistic	_	none	_	_	_	_	_	_
320-4	TOI020	320	320	4	terra	terra	_	_	_	_	_	linguistic	_	none	_	End=1011.36	_	_	_	_
321-0	TOR004	321	321	0	eh	eh	_	_	_	_	_	linguistic	_	none	PauseAfter=Yes	Begin=1011.695	_	_	_	_
321-1	TOR004	321	321	1	(.)	(.)	_	_	_	_	_	shortpause	_	none	_	_	_	_	_	_
321-2	TOR004	321	321	2	st[ai:]	stai	_	_	_	_	_	linguistic	_	none	_	End=1012.644	3x1	_	_	2-4(113)
322-0	TOI020	322	322	0	[il	il	_	_	_	_	_	linguistic	_	none	_	Begin=1012.227	_	_	_	0-2(113)
322-1	TOI020	322	322	1	ra]pporto	rapporto	_	_	_	_	_	linguistic	_	none	_	_	_	_	_	0-2(113)
322-2	TOI020	322	322	2	è	è	_	_	_	_	_	linguistic	_	none	_	_	_	_	_	_
322-3	TOI020	322	322	3	che:	che	_	_	_	_	_	linguistic	_	none	_	End=1014.261	2x1	_	_	_
323-0	TOR004	323	323	0	ci	ci	_	_	_	_	_	linguistic	_	none	_	Begin=1014.576	_	_	_	_
323-1	TOR004	323	323	1	sei	sei	_	_	_	_	_	linguistic	_	none	_	_	_	_	_	_
323-2	TOR004	323	323	2	tornata?	tornata	_	_	_	_	_	linguistic	_	none	Intonation=Rising	End=1015.548	_	_	_	_
324-0	TOI020	324	324	0	tantissim[o],	tantissimo	_	_	_	_	_	linguistic	_	none	Intonation=WeaklyRising	Begin=1015.626|End=1016.723	_	_	_	9-10(114)
325-0	TOR004	325	325	0	[sì]	sì	_	_	_	_	_	linguistic	_	none	_	Begin=1016.603|End=1016.929	_	_	_	0-2(114)
326-0	TOI020	326	326	0	ci	ci	_	_	_	_	_	linguistic	_	none	_	Begin=1017.399	_	_	_	_
326-1	TOI020	326	326	1	sono:	sono	_	_	_	_	_	linguistic	_	none	_	_	3x1	_	_	_
326-2	TOI020	326	326	2	tornata	tornata	_	_	_	_	_	linguistic	_	none	_	_	_	_	_	_
326-3	TOI020	326	326	3	vabbè,	vabbè	_	_	_	_	_	linguistic	_	none	Intonation=WeaklyRising	_	_	_	_	_
326-4	TOI020	326	326	4	i:	i	_	_	_	_	_	linguistic	_	none	_	_	0x1	_	_	_
326-5	TOI020	326	326	5	primi	primi	_	_	_	_	_	linguistic	_	none	_	_	_	_	_	_
326-6	TOI020	326	326	6	anni:,	anni	_	_	_	_	_	linguistic	_	none	Intonation=WeaklyRising	_	3x1	_	_	_
326-7	TOI020	326	326	7	andavamo:	andavamo	_	_	_	_	_	linguistic	_	none	_	_	7x1	_	_	_
326-8	TOI020	326	326	8	s~	s~	_	_	_	_	_	linguistic	_	none	Interrupted=Yes	_	_	_	_	_
326-9	TOI020	326	326	9	tutti	tutti	_	_	_	_	_	linguistic	_	none	_	_	_	_	_	_
326-10	TOI020	326	326	10	gli	gli	_	_	_	_	_	linguistic	_	none	_	_	_	_	_	_
326-11	TOI020	326	326	11	anni,	anni	_	_	_	_	_	linguistic	_	none	Intonation=WeaklyRising	End=1022.435	_	_	_	_
327-0	TOI020	327	327	0	e:::	e	_	_	_	_	_	linguistic	_	none	_	Begin=1023.561	0x3	_	_	_
327-1	TOI020	327	327	1	finché	finché	_	_	_	_	_	linguistic	_	none	_	_	_	_	_	_
327-2	TOI020	327	327	2	ho	ho	_	_	_	_	_	linguistic	_	none	_	_	_	_	_	_
327-3	TOI020	327	327	3	avuto:	avuto	_	_	_	_	_	linguistic	_	none	_	_	4x1	_	_	_
327-4	TOI020	327	327	4	anche	anche	_	_	_	_	_	linguistic	_	none	_	_	_	_	_	_
327-5	TOI020	327	327	5	la:	la	_	_	_	_	_	linguistic	_	none	_	_	1x1	_	_	_
327-6	TOI020	327	327	6	la	la	_	_	_	_	_	linguistic	_	none	_	_	_	_	_	_
327-7	TOI020	327	327	7	figlia:	figlia	_	_	_	_	_	linguistic	_	none	_	End=1027.992	5x1	_	_	_
328-0	TOI020	328	328	0	che	che	_	_	_	_	_	linguistic	_	none	_	Begin=1028.486	_	_	_	_
328-1	TOI020	328	328	1	(ha)	ha	_	_	_	_	_	linguistic	_	none	_	_	_	_	0-2(0)	_
328-2	TOI020	328	328	2	appunto	appunto	_	_	_	_	_	linguistic	_	none	_	_	_	_	_	_
328-3	TOI020	328	328	3	quattordici	quattordici	_	_	_	_	_	linguistic	_	none	_	_	_	_	_	_
328-4	TOI020	328	328	4	quindic'	quindic'	_	_	_	_	_	linguistic	_	none	SpaceAfter=No	_	_	_	_	_
328-5	TOI020	328	328	5	anni,	anni	_	_	_	_	_	linguistic	_	none	Intonation=WeaklyRising	_	_	_	_	_
328-6	TOI020	328	328	6	e	e	_	_	_	_	_	linguistic	_	none	_	_	_	_	_	_
328-7	TOI020	328	328	7	con	con	_	_	_	_	_	linguistic	_	none	_	_	_	_	_	_
328-8	TOI020	328	328	8	i	i	_	_	_	_	_	linguistic	_	none	_	_	_	_	_	_
328-9	TOI020	328	328	9	miei	miei	_	_	_	_	_	linguistic	_	none	_	_	_	_	_	_
328-10	TOI020	328	328	10	suoceri	suoceri	_	_	_	_	_	linguistic	_	none	_	_	_	_	_	_
328-11	TOI020	328	328	11	quindi	quindi	_	_	_	_	_	linguistic	_	none	_	_	_	_	_	_
328-12	TOI020	328	328	12	si	si	_	_	_	_	_	linguistic	_	none	_	_	_	_	_	_
328-13	TOI020	328	328	13	faceva	faceva	_	_	_	_	_	linguistic	_	none	_	End=1033.279	_	_	_	_
329-0	TOI020	329	329	0	eh	eh	_	_	_	_	_	linguistic	_	none	_	Begin=1033.838	_	_	_	_
329-1	TOI020	329	329	1	mare	mare	_	_	_	_	_	linguistic	_	none	_	_	_	_	_	_
329-2	TOI020	329	329	2	con	con	_	_	_	_	_	linguistic	_	none	_	_	_	_	_	_
329-3	TOI020	329	329	3	i	i	_	_	_	_	_	linguistic	_	none	_	_	_	_	_	_
329-4	TOI020	329	329	4	miei	miei	_	_	_	_	_	linguistic	_	none	_	_	_	_	_	_
329-5	TOI020	329	329	5	suoceri:::	suoceri	_	_	_	_	_	linguistic	_	none	ProsodicLink=Yes	_	6x3	_	_	_
329-6	TOI020	329	329	6	eh	eh	_	_	_	_	_	linguistic	_	none	_	_	_	_	_	_
329-7	TOI020	329	329	7	qua,	qua	_	_	_	_	_	linguistic	_	none	Intonation=WeaklyRising|PauseAfter=Yes	_	_	_	_	_
329-8	TOI020	329	329	8	(.)	(.)	_	_	_	_	_	shortpause	_	none	_	_	_	_	_	_
329-9	TOI020	329	329	9	poi	poi	_	_	_	_	_	linguistic	_	none	_	_	_	_	_	_
329-10	TOI020	329	329	10	loro	loro	_	_	_	_	_	linguistic	_	none	_	_	_	_	_	_
329-11	TOI020	329	329	11	andavano	andavano	_	_	_	_	_	linguistic	_	none	_	_	_	_	_	_
329-12	TOI020	329	329	12	giù,	giù	_	_	_	_	_	linguistic	_	none	Intonation=WeaklyRising	_	_	_	_	_
329-13	TOI020	329	329	13	andava	andava	_	_	_	_	_	linguistic	_	none	_	_	_	_	_	_
329-14	TOI020	329	329	14	anche	anche	_	_	_	_	_	linguistic	_	none	_	_	_	_	_	_
329-15	TOI020	329	329	15	le:i	lei	_	_	_	_	_	linguistic	_	none	_	End=1040.576	1x1	_	_	_
330-0	TOI020	330	330	0	perché	perché	_	_	_	_	_	linguistic	_	none	_	Begin=1041.047	_	_	_	_
330-1	TOI020	330	330	1	comunque	comunque	_	_	_	_	_	linguistic	_	none	_	_	_	_	_	_
330-2	TOI020	330	330	2	con	con	_	_	_	_	_	linguistic	_	none	_	_	_	_	_	_
330-3	TOI020	330	330	3	le	le	_	_	_	_	_	linguistic	_	none	_	_	_	_	_	_
330-4	TOI020	330	330	4	vaca:nze	vacanze	_	_	_	_	_	linguistic	_	none	_	_	3x1	_	_	_
330-5	TOI020	330	330	5	e:h,	eh	_	_	_	_	_	linguistic	_	none	Intonation=WeaklyRising	_	0x1	_	_	_
330-6	TOI020	330	330	6	poi	poi	_	_	_	_	_	linguistic	_	none	_	_	_	_	_	_
330-7	TOI020	330	330	7	con	con	_	_	_	_	_	linguistic	_	none	_	_	_	_	_	_
330-8	TOI020	330	330	8	le	le	_	_	_	_	_	linguistic	_	none	_	_	_	_	_	_
330-9	TOI020	330	330	9	superio~	superio~	_	_	_	_	_	linguistic	_	none	Interrupted=Yes	_	_	_	_	_
330-10	TOI020	330	330	10	quindi	quindi	_	_	_	_	_	linguistic	_	none	_	_	_	_	_	_
330-11	TOI020	330	330	11	a	a	_	_	_	_	_	linguistic	_	none	PauseAfter=Yes	_	_	_	_	_
330-12	TOI020	330	330	12	(.)	(.)	_	_	_	_	_	shortpause	_	none	_	_	_	_	_	_
330-13	TOI020	330	330	13	quattordici	quattordici	_	_	_	_	_	linguistic	_	none	_	_	_	_	_	_
330-14	TOI020	330	330	14	anni:	anni	_	_	_	_	_	linguistic	_	none	_	_	3x1	_	_	_
330-15	TOI020	330	330	15	è	è	_	_	_	_	_	linguistic	_	none	_	_	_	_	_	_
330-16	TOI020	330	330	16	cambiato	cambiato	_	_	_	_	_	linguistic	_	none	_	_	_	_	_	_
330-17	TOI020	330	330	17	poi	poi	_	_	_	_	_	linguistic	_	none	_	_	_	_	_	_
330-18	TOI020	330	330	18	il	il	_	_	_	_	_	linguistic	_	none	_	_	_	_	_	_
330-19	TOI020	330	330	19	giro.	giro	_	_	_	_	_	linguistic	_	none	Intonation=Falling	End=1048.241	_	_	_	_
331-0	TOI020	331	331	0	poi	poi	_	_	_	_	_	linguistic	_	none	_	Begin=1048.305	_	_	_	_
331-1	TOI020	331	331	1	comunque,	comunque	_	_	_	_	_	linguistic	_	none	Intonation=WeaklyRising	End=1049.134	_	_	_	_
332-0	TOI020	332	332	0	e::::h	eh	_	_	_	_	_	linguistic	_	none	_	Begin=1049.884|End=1052.168	0x4	_	_	_
333-0	TOI020	333	333	0	noi	noi	_	_	_	_	_	linguistic	_	none	_	Begin=1052.649	_	_	_	_
333-1	TOI020	333	333	1	anche	anche	_	_	_	_	_	linguistic	_	none	_	_	_	_	_	_
333-2	TOI020	333	333	2	a~	a~	_	_	_	_	_	linguistic	_	none	Interrupted=Yes	_	_	_	_	_
333-3	TOI020	333	333	3	in~	in~	_	_	_	_	_	linguistic	_	none	Interrupted=Yes	_	_	_	_	_
333-4	TOI020	333	333	4	mh	mh	_	_	_	_	_	linguistic	_	none	_	_	_	_	_	_
333-5	TOI020	333	333	5	magari	magari	_	_	_	_	_	linguistic	_	none	_	_	_	_	_	_
333-6	TOI020	333	333	6	abbiamo	abbiamo	_	_	_	_	_	linguistic	_	none	_	_	_	_	_	_
333-7	TOI020	333	333	7	iniziato	iniziato	_	_	_	_	_	linguistic	_	none	_	_	_	_	_	_
333-8	TOI020	333	333	8	ad	ad	_	_	_	_	_	linguistic	_	none	_	_	_	_	_	_
333-9	TOI020	333	333	9	andare	andare	_	_	_	_	_	linguistic	_	none	_	_	_	_	_	_
333-10	TOI020	333	333	10	a	a	_	_	_	_	_	linguistic	_	none	_	_	_	_	_	_
333-11	TOI020	333	333	11	fare	fare	_	_	_	_	_	linguistic	_	none	_	_	_	_	_	_
333-12	TOI020	333	333	12	qualche:	qualche	_	_	_	_	_	linguistic	_	none	_	_	6x1	_	_	_
333-13	TOI020	333	333	13	viaggio	viaggio	_	_	_	_	_	linguistic	_	none	_	_	_	_	_	_
333-14	TOI020	333	333	14	qualcosa	qualcosa	_	_	_	_	_	linguistic	_	none	_	_	_	_	_	_
333-15	TOI020	333	333	15	quindi	quindi	_	_	_	_	_	linguistic	_	none	_	_	_	_	_	_
333-16	TOI020	333	333	16	°scusa°	scusa	_	_	_	_	_	linguistic	_	none	Volume=low	End=1058.571	_	_	_	_
334-0	TOI020	334	334	0	ci	ci	_	_	_	_	_	linguistic	_	none	_	Begin=1058.895	_	_	_	_
334-1	TOI020	334	334	1	siamo:	siamo	_	_	_	_	_	linguistic	_	none	_	_	4x1	_	_	_
334-2	TOI020	334	334	2	spostati	spostati	_	_	_	_	_	linguistic	_	none	_	_	_	_	_	_
334-3	TOI020	334	334	3	così,	così	_	_	_	_	_	linguistic	_	none	Intonation=WeaklyRising	End=1061.23	_	_	_	_
335-0	TOI020	335	335	0	e	e	_	_	_	_	_	linguistic	_	none	_	Begin=1061.831	_	_	_	_
335-1	TOI020	335	335	1	po:i	poi	_	_	_	_	_	linguistic	_	none	_	_	1x1	_	_	_
335-2	TOI020	335	335	2	c'	c'	_	_	_	_	_	linguistic	_	none	SpaceAfter=No	_	_	_	_	_
335-3	TOI020	335	335	3	è	è	_	_	_	_	_	linguistic	_	none	_	_	_	_	_	_
335-4	TOI020	335	335	4	stato	stato	_	_	_	_	_	linguistic	_	none	_	_	_	_	_	_
335-5	TOI020	335	335	5	un	un	_	_	_	_	_	linguistic	_	none	_	_	_	_	_	_
335-6	TOI020	335	335	6	periodo	periodo	_	_	_	_	_	linguistic	_	none	_	_	_	_	_	_
335-7	TOI020	335	335	7	dove	dove	_	_	_	_	_	linguistic	_	none	_	End=1065.092	_	_	_	_
336-0	TOI020	336	336	0	non	non	_	_	_	_	_	linguistic	_	none	_	Begin=1065.234	_	_	_	_
336-1	TOI020	336	336	1	sono	sono	_	_	_	_	_	linguistic	_	none	_	_	_	_	_	_
336-2	TOI020	336	336	2	più	più	_	_	_	_	_	linguistic	_	none	_	_	_	_	_	_
336-3	TOI020	336	336	3	andata	andata	_	_	_	_	_	linguistic	_	none	_	_	_	_	_	_
336-4	TOI020	336	336	4	perché	perché	_	_	_	_	_	linguistic	_	none	_	_	_	_	_	_
336-5	TOI020	336	336	5	veniva	veniva	_	_	_	_	_	linguistic	_	none	_	_	_	_	_	_
336-6	TOI020	336	336	6	mia	mia	_	_	_	_	_	linguistic	_	none	_	_	_	_	_	_
336-7	TOI020	336	336	7	mamm[a:	mamma	_	_	_	_	_	linguistic	_	none	_	_	4x1	_	_	4-5(115)
336-8	TOI020	336	336	8	qui]	qui	_	_	_	_	_	linguistic	_	none	_	_	_	_	_	0-3(115)
336-9	TOI020	336	336	9	e	e	_	_	_	_	_	linguistic	_	none	_	_	_	_	_	_
336-10	TOI020	336	336	10	quindi	quindi	_	_	_	_	_	linguistic	_	none	_	_	_	_	_	_
336-11	TOI020	336	336	11	stava:	stava	_	_	_	_	_	linguistic	_	none	_	_	4x1	_	_	_
336-12	TOI020	336	336	12	qui	qui	_	_	_	_	_	linguistic	_	none	_	_	_	_	_	_
336-13	TOI020	336	336	13	tutto	tutto	_	_	_	_	_	linguistic	_	none	_	_	_	_	_	_
336-14	TOI020	336	336	14	l'	l'	_	_	_	_	_	linguistic	_	none	SpaceAfter=No	_	_	_	_	_
336-15	TOI020	336	336	15	inve:rno,	inverno	_	_	_	_	_	linguistic	_	none	Intonation=WeaklyRising	End=1071.24	3x1	_	_	_
337-0	TOR004	337	337	0	[mh]	mh	_	_	_	_	_	linguistic	_	none	_	Begin=1068.486|End=1068.838	_	_	_	0-2(115)
338-0	TOI020	338	338	0	allora	allora	_	_	_	_	_	linguistic	_	none	_	Begin=1071.836	_	_	_	_
338-1	TOI020	338	338	1	m	m	_	_	_	_	_	linguistic	_	none	ProsodicLink=Yes	_	_	_	_	_
338-2	TOI020	338	338	2	eh	eh	_	_	_	_	_	linguistic	_	none	_	_	_	_	_	_
338-3	TOI020	338	338	3	o	o	_	_	_	_	_	linguistic	_	none	_	_	_	_	_	_
338-4	TOI020	338	338	4	la	la	_	_	_	_	_	linguistic	_	none	_	_	_	_	_	_
338-5	TOI020	338	338	5	accompagnava:mo	accompagnavamo	_	_	_	_	_	linguistic	_	none	_	_	11x1	_	_	_
338-6	TOI020	338	338	6	e	e	_	_	_	_	_	linguistic	_	none	_	_	_	_	_	_
338-7	TOI020	338	338	7	quindi	quindi	_	_	_	_	_	linguistic	_	none	_	_	_	_	_	_
338-8	TOI020	338	338	8	a	a	_	_	_	_	_	linguistic	_	none	_	_	_	_	_	_
338-9	TOI020	338	338	9	quel	quel	_	_	_	_	_	linguistic	_	none	_	_	_	_	_	_
338-10	TOI020	338	338	10	punto	punto	_	_	_	_	_	linguistic	_	none	_	_	_	_	_	_
338-11	TOI020	338	338	11	lì	lì	_	_	_	_	_	linguistic	_	none	_	_	_	_	_	_
338-12	TOI020	338	338	12	stavi	stavi	_	_	_	_	_	linguistic	_	none	_	_	_	_	_	_
338-13	TOI020	338	338	13	qualche	qualche	_	_	_	_	_	linguistic	_	none	_	_	_	_	_	_
338-14	TOI020	338	338	14	giorno	giorno	_	_	_	_	_	linguistic	_	none	_	_	_	_	_	_
338-15	TOI020	338	338	15	poi	poi	_	_	_	_	_	linguistic	_	none	_	_	_	_	_	_
338-16	TOI020	338	338	16	venivi	venivi	_	_	_	_	_	linguistic	_	none	_	_	_	_	_	_
338-17	TOI020	338	338	17	via:	via	_	_	_	_	_	linguistic	_	none	_	_	2x1	_	_	_
338-18	TOI020	338	338	18	e	e	_	_	_	_	_	linguistic	_	none	_	_	_	_	_	_
338-19	TOI020	338	338	19	non	non	_	_	_	_	_	linguistic	_	none	_	End=1078.661	_	_	_	_
339-0	TOI020	339	339	0	non	non	_	_	_	_	_	linguistic	_	none	_	Begin=1079.012	_	_	_	_
339-1	TOI020	339	339	1	facevi	facevi	_	_	_	_	_	linguistic	_	none	_	_	_	_	_	_
339-2	TOI020	339	339	2	più	più	_	_	_	_	_	linguistic	_	none	_	_	_	_	_	_
339-3	TOI020	339	339	3	il	il	_	_	_	_	_	linguistic	_	none	_	_	_	_	_	_
339-4	TOI020	339	339	4	mese:	mese	_	_	_	_	_	linguistic	_	none	_	_	3x1	_	_	_
339-5	TOI020	339	339	5	canonico	canonico	_	_	_	_	_	linguistic	_	none	_	_	_	_	_	_
339-6	TOI020	339	339	6	che	che	_	_	_	_	_	linguistic	_	none	_	_	_	_	_	_
339-7	TOI020	339	339	7	si	si	_	_	_	_	_	linguistic	_	none	_	_	_	_	_	_
339-8	TOI020	339	339	8	faceva,	faceva	_	_	_	_	_	linguistic	_	none	Intonation=WeaklyRising	End=1083.037	_	_	_	_
340-0	TOI020	340	340	0	una	una	_	_	_	_	_	linguistic	_	none	_	Begin=1083.865	_	_	_	_
340-1	TOI020	340	340	1	volta.	volta	_	_	_	_	_	linguistic	_	none	Intonation=Falling	End=1084.66	_	_	_	_
341-0	TOI020	341	341	0	e	e	_	_	_	_	_	linguistic	_	none	_	Begin=1085.721	_	_	_	_
341-1	TOI020	341	341	1	poi::	poi	_	_	_	_	_	linguistic	_	none	_	_	2x2	_	_	_
341-2	TOI020	341	341	2	quando	quando	_	_	_	_	_	linguistic	_	none	_	_	_	_	_	_
341-3	TOI020	341	341	3	è	è	_	_	_	_	_	linguistic	_	none	_	_	_	_	_	_
341-4	TOI020	341	341	4	stata	stata	_	_	_	_	_	linguistic	_	none	_	_	_	_	_	_
341-5	TOI020	341	341	5	male	male	_	_	_	_	_	linguistic	_	none	_	_	_	_	_	_
341-6	TOI020	341	341	6	mia	mia	_	_	_	_	_	linguistic	_	none	_	_	_	_	_	_
341-7	TOI020	341	341	7	mamma	mamma	_	_	_	_	_	linguistic	_	none	_	_	_	_	_	_
341-8	TOI020	341	341	8	vabbè	vabbè	_	_	_	_	_	linguistic	_	none	_	_	_	_	_	_
341-9	TOI020	341	341	9	eh	eh	_	_	_	_	_	linguistic	_	none	_	_	_	_	_	_
341-10	TOI020	341	341	10	c(io)è	cioè	_	_	_	_	_	linguistic	_	none	Reduced=Yes	_	_	_	_	_
341-11	TOI020	341	341	11	son	son	_	_	_	_	_	linguistic	_	none	_	_	_	_	_	_
341-12	TOI020	341	341	12	stati:	stati	_	_	_	_	_	linguistic	_	none	_	_	4x1	_	_	_
341-13	TOI020	341	341	13	son	son	_	_	_	_	_	linguistic	_	none	_	_	_	_	_	_
341-14	TOI020	341	341	14	stati	stati	_	_	_	_	_	linguistic	_	none	_	_	_	_	_	_
341-15	TOI020	341	341	15	un	un	_	_	_	_	_	linguistic	_	none	_	_	_	_	_	_
341-16	TOI020	341	341	16	paio	paio	_	_	_	_	_	linguistic	_	none	_	_	_	_	_	_
341-17	TOI020	341	341	17	d'	d'	_	_	_	_	_	linguistic	_	none	SpaceAfter=No	_	_	_	_	_
341-18	TOI020	341	341	18	anni	anni	_	_	_	_	_	linguistic	_	none	_	_	_	_	_	_
341-19	TOI020	341	341	19	dove	dove	_	_	_	_	_	linguistic	_	none	_	End=1092.955	_	_	_	_
342-0	TOI020	342	342	0	sono	sono	_	_	_	_	_	linguistic	_	none	_	Begin=1093.461	_	_	_	_
342-1	TOI020	342	342	1	andata:	andata	_	_	_	_	_	linguistic	_	none	_	_	5x1	_	_	_
342-2	TOI020	342	342	2	una	una	_	_	_	_	_	linguistic	_	none	_	_	_	_	_	_
342-3	TOI020	342	342	3	anche	anche	_	_	_	_	_	linguistic	_	none	_	_	_	_	_	_
342-4	TOI020	342	342	4	due	due	_	_	_	_	_	linguistic	_	none	_	_	_	_	_	_
342-5	TOI020	342	342	5	volte	volte	_	_	_	_	_	linguistic	_	none	_	_	_	_	_	_
342-6	TOI020	342	342	6	al	al	_	_	_	_	_	linguistic	_	none	_	_	_	_	_	_
342-7	TOI020	342	342	7	mes[e	mese	_	_	_	_	_	linguistic	_	none	_	_	_	_	_	3-4(116)
342-8	TOI020	342	342	8	>inso]mma<	insomma	_	_	_	_	_	linguistic	_	none	_	_	_	Fast=0-7(0)	_	0-4(116)
342-9	TOI020	342	342	9	secondo	secondo	_	_	_	_	_	linguistic	_	none	_	_	_	_	_	_
342-10	TOI020	342	342	10	le:	le	_	_	_	_	_	linguistic	_	none	_	End=1097.446	1x1	_	_	_
343-0	TOR004	343	343	0	[mh	mh	_	_	_	_	_	linguistic	_	none	_	Begin=1096.001	_	_	_	0-2(116)
343-1	TOR004	343	343	1	mh]	mh	_	_	_	_	_	linguistic	_	none	_	End=1096.452	_	_	_	0-2(116)
344-0	TOR004	344	344	0	le	le	_	_	_	_	_	linguistic	_	none	_	Begin=1097.768	_	_	_	_
344-1	TOR004	344	344	1	cirs[costan~]	cirscostan~	_	_	_	_	_	linguistic	_	none	Interrupted=Yes	End=1098.51	_	_	_	4-11(117)
345-0	TOI020	345	345	0	[le	le	_	_	_	_	_	linguistic	_	none	_	Begin=1098.07	_	_	_	0-2(117)
345-1	TOI020	345	345	1	nece]ssità,	necessità	_	_	_	_	_	linguistic	_	none	Intonation=WeaklyRising	_	_	_	_	0-4(117)
345-2	TOI020	345	345	2	e	e	_	_	_	_	_	linguistic	_	none	_	_	_	_	_	_
345-3	TOI020	345	345	3	poi	poi	_	_	_	_	_	linguistic	_	none	_	_	_	_	_	_
345-4	TOI020	345	345	4	da	da	_	_	_	_	_	linguistic	_	none	_	_	_	_	_	_
345-5	TOI020	345	345	5	quando	quando	_	_	_	_	_	linguistic	_	none	_	_	_	_	_	_
345-6	TOI020	345	345	6	è	è	_	_	_	_	_	linguistic	_	none	_	_	_	_	_	_
345-7	TOI020	345	345	7	mancata	mancata	_	_	_	_	_	linguistic	_	none	_	_	_	_	_	_
345-8	TOI020	345	345	8	mia	mia	_	_	_	_	_	linguistic	_	none	_	_	_	_	_	_
345-9	TOI020	345	345	9	mmma	mmma	_	_	_	_	_	linguistic	_	none	_	_	_	_	_	_
345-10	TOI020	345	345	10	sono	sono	_	_	_	_	_	linguistic	_	none	_	_	_	_	_	_
345-11	TOI020	345	345	11	andata	andata	_	_	_	_	_	linguistic	_	none	_	_	_	_	_	_
345-12	TOI020	345	345	12	solo	solo	_	_	_	_	_	linguistic	_	none	_	_	_	_	_	_
345-13	TOI020	345	345	13	in	in	_	_	_	_	_	linguistic	_	none	_	_	_	_	_	_
345-14	TOI020	345	345	14	circostanze::	circostanze	_	_	_	_	_	linguistic	_	none	_	End=1104.255	10x2	_	_	_
346-0	TOI020	346	346	0	di:	di	_	_	_	_	_	linguistic	_	none	_	Begin=1105.174	1x1	_	_	_
346-1	TOI020	346	346	1	o:	o	_	_	_	_	_	linguistic	_	none	_	_	0x1	_	_	_
346-2	TOI020	346	346	2	matrimoni	matrimoni	_	_	_	_	_	linguistic	_	none	_	_	_	_	_	_
346-3	TOI020	346	346	3	o	o	_	_	_	_	_	linguistic	_	none	_	_	_	_	_	_
346-4	TOI020	346	346	4	di::	di	_	_	_	_	_	linguistic	_	none	_	_	1x2	_	_	_
346-5	TOI020	346	346	5	lutto	lutto	_	_	_	_	_	linguistic	_	none	_	_	_	_	_	_
346-6	TOI020	346	346	6	oh	oh	_	_	_	_	_	linguistic	_	none	_	_	_	_	_	_
346-7	TOI020	346	346	7	queste	queste	_	_	_	_	_	linguistic	_	none	_	_	_	_	_	_
346-8	TOI020	346	346	8	cose	cose	_	_	_	_	_	linguistic	_	none	_	_	_	_	_	_
346-9	TOI020	346	346	9	qua,	qua	_	_	_	_	_	linguistic	_	none	Intonation=WeaklyRising	End=1109.892	_	_	_	_
347-0	TOI020	347	347	0	e	e	_	_	_	_	_	linguistic	_	none	_	Begin=1110.568	_	_	_	_
347-1	TOI020	347	347	1	poi	poi	_	_	_	_	_	linguistic	_	none	_	_	_	_	_	_
347-2	TOI020	347	347	2	invece	invece	_	_	_	_	_	linguistic	_	none	_	_	_	_	_	_
347-3	TOI020	347	347	3	l'	l'	_	_	_	_	_	linguistic	_	none	SpaceAfter=No	_	_	_	_	_
347-4	TOI020	347	347	4	anno	anno	_	_	_	_	_	linguistic	_	none	_	_	_	_	_	_
347-5	TOI020	347	347	5	scorso	scorso	_	_	_	_	_	linguistic	_	none	_	_	_	_	_	_
347-6	TOI020	347	347	6	abbiam	abbiam	_	_	_	_	_	linguistic	_	none	_	_	_	_	_	_
347-7	TOI020	347	347	7	fatto	fatto	_	_	_	_	_	linguistic	_	none	_	_	_	_	_	_
347-8	TOI020	347	347	8	una	una	_	_	_	_	_	linguistic	_	none	_	End=1113.447	_	_	_	_
348-0	TOI020	348	348	0	un	un	_	_	_	_	_	linguistic	_	none	_	Begin=1114.602	_	_	_	_
348-1	TOI020	348	348	1	giro	giro	_	_	_	_	_	linguistic	_	none	_	_	_	_	_	_
348-2	TOI020	348	348	2	con	con	_	_	_	_	_	linguistic	_	none	ProsodicLink=Yes	_	_	_	_	_
348-3	TOI020	348	348	3	e::h	eh	_	_	_	_	_	linguistic	_	none	_	End=1116.447	0x2	_	_	_
349-0	TOI020	349	349	0	a	a	_	_	_	_	_	linguistic	_	none	_	Begin=1116.954	_	_	_	_
349-1	TOI020	349	349	1	xxx,	xxx	_	_	_	_	_	linguistic	_	none	Intonation=WeaklyRising	End=1118.028	_	_	_	_
350-0	TOI020	350	350	0	e:	e	_	_	_	_	_	linguistic	_	none	_	Begin=1118.514	0x1	_	_	_
350-1	TOI020	350	350	1	lì	lì	_	_	_	_	_	linguistic	_	none	_	_	_	_	_	_
350-2	TOI020	350	350	2	siam	siam	_	_	_	_	_	linguistic	_	none	_	_	_	_	_	_
350-3	TOI020	350	350	3	stati	stati	_	_	_	_	_	linguistic	_	none	_	End=1119.774	_	_	_	_
351-0	TOI020	351	351	0	tre	tre	_	_	_	_	_	linguistic	_	none	_	Begin=1120.081	_	_	_	_
351-1	TOI020	351	351	1	giorni	giorni	_	_	_	_	_	linguistic	_	none	_	_	_	_	_	_
351-2	TOI020	351	351	2	o~	o~	_	_	_	_	_	linguistic	_	none	Interrupted=Yes	_	_	_	_	_
351-3	TOI020	351	351	3	boh	boh	_	_	_	_	_	linguistic	_	none	_	_	_	_	_	_
351-4	TOI020	351	351	4	non	non	_	_	_	_	_	linguistic	_	none	_	_	_	_	_	_
351-5	TOI020	351	351	5	lo	lo	_	_	_	_	_	linguistic	_	none	_	_	_	_	_	_
351-6	TOI020	351	351	6	so.	so	_	_	_	_	_	linguistic	_	none	Intonation=Falling	_	_	_	_	_
351-7	TOI020	351	351	7	tr[e	tre	_	_	_	_	_	linguistic	_	none	_	_	_	_	_	2-3(118)
351-8	TOI020	351	351	8	quattro	quattro	_	_	_	_	_	linguistic	_	none	_	_	_	_	_	0-7(118)
351-9	TOI020	351	351	9	gior(ni)]	giorni	_	_	_	_	_	linguistic	_	none	_	End=1122.692	_	_	4-6(0)	0-6(118)
352-0	TOR004	352	352	0	[però	però	_	_	_	_	_	linguistic	_	none	_	Begin=1121.868	_	_	_	0-4(118)
352-1	TOR004	352	352	1	un	un	_	_	_	_	_	linguistic	_	none	_	_	_	_	_	0-2(118)
352-2	TOR004	352	352	2	viaggio	viaggio	_	_	_	_	_	linguistic	_	none	_	_	_	_	_	0-7(118)
352-3	TOR004	352	352	3	di]	di	_	_	_	_	_	linguistic	_	none	_	End=1122.7	_	_	_	0-2(118)
353-0	TOI020	353	353	0	di	di	_	_	_	_	_	linguistic	_	none	_	Begin=1123.009	_	_	_	_
353-1	TOI020	353	353	1	piacere	piacere	_	_	_	_	_	linguistic	_	none	_	_	_	_	_	_
353-2	TOI020	353	353	2	dove	dove	_	_	_	_	_	linguistic	_	none	_	End=1124.422	_	_	_	_
354-0	TOI020	354	354	0	ma	ma	_	_	_	_	_	linguistic	_	none	_	Begin=1125.481	_	_	_	_
354-1	TOI020	354	354	1	proprio	proprio	_	_	_	_	_	linguistic	_	none	_	_	_	_	_	_
354-2	TOI020	354	354	2	bene	bene	_	_	_	_	_	linguistic	_	none	_	_	_	_	_	_
354-3	TOI020	354	354	3	bene	bene	_	_	_	_	_	linguistic	_	none	_	_	_	_	_	_
354-4	TOI020	354	354	4	bene	bene	_	_	_	_	_	linguistic	_	none	_	_	_	_	_	_
354-5	TOI020	354	354	5	bene	bene	_	_	_	_	_	linguistic	_	none	_	_	_	_	_	_
354-6	TOI020	354	354	6	bene	bene	_	_	_	_	_	linguistic	_	none	_	_	_	_	_	_
354-7	TOI020	354	354	7	p[erché]	perché	_	_	_	_	_	linguistic	_	none	_	End=1128.127	_	_	_	1-6(119)
355-0	TOR004	355	355	0	[qua]nto	quanto	_	_	_	_	_	linguistic	_	none	_	Begin=1127.928	_	_	_	0-3(119)
355-1	TOR004	355	355	1	avete	avete	_	_	_	_	_	linguistic	_	none	_	_	_	_	_	_
355-2	TOR004	355	355	2	mangiato?	mangiato	_	_	_	_	_	linguistic	_	none	Intonation=Rising	End=1129.46	_	_	_	_
356-0	TOI020	356	356	0	no	no	_	_	_	_	_	linguistic	_	none	_	Begin=1129.46	_	_	_	_
356-1	TOI020	356	356	1	neanche	neanche	_	_	_	_	_	linguistic	_	none	_	_	_	_	_	_
356-2	TOI020	356	356	2	tanto	tanto	_	_	_	_	_	linguistic	_	none	_	_	_	_	_	_
356-3	TOI020	356	356	3	però	però	_	_	_	_	_	linguistic	_	none	_	_	_	_	_	_
356-4	TOI020	356	356	4	proprio:	proprio	_	_	_	_	_	linguistic	_	none	_	_	6x1	_	_	_
356-5	TOI020	356	356	5	siam	siam	_	_	_	_	_	linguistic	_	none	_	_	_	_	_	_
356-6	TOI020	356	356	6	stati	stati	_	_	_	_	_	linguistic	_	none	_	_	_	_	_	_
356-7	TOI020	356	356	7	bene::	bene	_	_	_	_	_	linguistic	_	none	_	End=1133.644	3x2	_	_	_
357-0	TOI020	357	357	0	dove	dove	_	_	_	_	_	linguistic	_	none	_	Begin=1133.801	_	_	_	_
357-1	TOI020	357	357	1	abbiam	abbiam	_	_	_	_	_	linguistic	_	none	_	_	_	_	_	_
357-2	TOI020	357	357	2	fatto	fatto	_	_	_	_	_	linguistic	_	none	_	_	_	_	_	_
357-3	TOI020	357	357	3	quello	quello	_	_	_	_	_	linguistic	_	none	_	_	_	_	_	_
357-4	TOI020	357	357	4	che	che	_	_	_	_	_	linguistic	_	none	_	_	_	_	_	_
357-5	TOI020	357	357	5	volevamo	volevamo	_	_	_	_	_	linguistic	_	none	_	_	_	_	_	_
357-6	TOI020	357	357	6	perché	perché	_	_	_	_	_	linguistic	_	none	_	_	_	_	_	_
357-7	TOI020	357	357	7	non	non	_	_	_	_	_	linguistic	_	none	_	_	_	_	_	_
357-8	TOI020	357	357	8	avevamo,	avevamo	_	_	_	_	_	linguistic	_	none	Intonation=WeaklyRising	End=1136.941	_	_	_	_
358-0	TOI020	358	358	0	nessun	nessun	_	_	_	_	_	linguistic	_	none	ProsodicLink=Yes	Begin=1137.396	_	_	_	_
358-1	TOI020	358	358	1	e:h	eh	_	_	_	_	_	linguistic	_	none	_	_	0x1	_	_	_
358-2	TOI020	358	358	2	e::m	em	_	_	_	_	_	linguistic	_	none	ProsodicLink=Yes	_	0x2	_	_	_
358-3	TOI020	358	358	3	e:h	eh	_	_	_	_	_	linguistic	_	none	_	End=1139.945	0x1	_	_	_
359-0	TOI020	359	359	0	obbligo::	obbligo	_	_	_	_	_	linguistic	_	none	_	Begin=1140.153|End=1141.421	6x2	_	_	_
360-0	TOI020	360	360	0	tra	tra	_	_	_	_	_	linguistic	_	none	_	Begin=1142.341	_	_	_	_
360-1	TOI020	360	360	1	virgolette	virgolette	_	_	_	_	_	linguistic	_	none	_	_	_	_	_	_
360-2	TOI020	360	360	2	famigliare.	famigliare	_	_	_	_	_	linguistic	_	none	Intonation=Falling	_	_	_	_	_
360-3	TOI020	360	360	3	nel	nel	_	_	_	_	_	linguistic	_	none	_	_	_	_	_	_
360-4	TOI020	360	360	4	senso	senso	_	_	_	_	_	linguistic	_	none	_	_	_	_	_	_
360-5	TOI020	360	360	5	che	che	_	_	_	_	_	linguistic	_	none	PauseAfter=Yes	_	_	_	_	_
360-6	TOI020	360	360	6	(.)	(.)	_	_	_	_	_	shortpause	_	none	_	_	_	_	_	_
360-7	TOI020	360	360	7	non	non	_	_	_	_	_	linguistic	_	none	_	_	_	_	_	_
360-8	TOI020	360	360	8	[dormivamo	dormivamo	_	_	_	_	_	linguistic	_	none	_	_	_	_	_	0-9(120)
360-9	TOI020	360	360	9	a	a	_	_	_	_	_	linguistic	_	none	_	_	_	_	_	0-1(120)
360-10	TOI020	360	360	10	casa],	casa	_	_	_	_	_	linguistic	_	none	Intonation=WeaklyRising	End=1146.316	_	_	_	0-4(120)
361-0	TOR004	361	361	0	[non	non	_	_	_	_	_	linguistic	_	none	_	Begin=1144.909	_	_	_	0-3(120)
361-1	TOR004	361	361	1	c'	c'	_	_	_	_	_	linguistic	_	none	SpaceAfter=No	_	_	_	_	0-2(120)
361-2	TOR004	361	361	2	erano	erano	_	_	_	_	_	linguistic	_	none	_	_	_	_	_	0-5(120)
361-3	TOR004	361	361	3	delle	delle	_	_	_	_	_	linguistic	_	none	_	_	_	_	_	0-5(120)
361-4	TOR004	361	361	4	situazio]ni.	situazioni	_	_	_	_	_	linguistic	_	none	Intonation=Falling	End=1146.432	_	_	_	0-8(120)
362-0	TOI020	362	362	0	non	non	_	_	_	_	_	linguistic	_	none	_	Begin=1146.62	_	_	_	_
362-1	TOI020	362	362	1	dormivamo	dormivamo	_	_	_	_	_	linguistic	_	none	_	_	_	_	_	_
362-2	TOI020	362	362	2	a	a	_	_	_	_	_	linguistic	_	none	_	_	_	_	_	_
362-3	TOI020	362	362	3	casa	casa	_	_	_	_	_	linguistic	_	none	_	_	_	_	_	_
362-4	TOI020	362	362	4	di	di	_	_	_	_	_	linguistic	_	none	_	_	_	_	_	_
362-5	TOI020	362	362	5	nessuno	nessuno	_	_	_	_	_	linguistic	_	none	_	_	_	_	_	_
362-6	TOI020	362	362	6	quindi,	quindi	_	_	_	_	_	linguistic	_	none	Intonation=WeaklyRising	End=1149.175	_	_	_	_
363-0	TOI020	363	363	0	eh	eh	_	_	_	_	_	linguistic	_	none	_	Begin=1149.422	_	_	_	_
363-1	TOI020	363	363	1	sai	sai	_	_	_	_	_	linguistic	_	none	_	_	_	_	_	_
363-2	TOI020	363	363	2	non	non	_	_	_	_	_	linguistic	_	none	_	_	_	_	_	_
363-3	TOI020	363	363	3	hai	hai	_	_	_	_	_	linguistic	_	none	_	_	_	_	_	_
363-4	TOI020	363	363	4	l'	l'	_	_	_	_	_	linguistic	_	none	SpaceAfter=No	_	_	_	_	_
363-5	TOI020	363	363	5	obbligo	obbligo	_	_	_	_	_	linguistic	_	none	_	_	_	_	_	_
363-6	TOI020	363	363	6	poi	poi	_	_	_	_	_	linguistic	_	none	_	_	_	_	_	_
363-7	TOI020	363	363	7	di	di	_	_	_	_	_	linguistic	_	none	_	_	_	_	_	_
363-8	TOI020	363	363	8	tornare	tornare	_	_	_	_	_	linguistic	_	none	_	_	_	_	_	_
363-9	TOI020	363	363	9	perché	perché	_	_	_	_	_	linguistic	_	none	_	_	_	_	_	_
363-10	TOI020	363	363	10	comunque	comunque	_	_	_	_	_	linguistic	_	none	PauseAfter=Yes	_	_	_	_	_
363-11	TOI020	363	363	11	(.)	(.)	_	_	_	_	_	shortpause	_	none	_	_	_	_	_	_
363-12	TOI020	363	363	12	a	a	_	_	_	_	_	linguistic	_	none	_	_	_	_	_	_
363-13	TOI020	363	363	13	[una	una	_	_	_	_	_	linguistic	_	none	_	_	_	_	_	0-3(121)
363-14	TOI020	363	363	14	certa	certa	_	_	_	_	_	linguistic	_	none	_	_	_	_	_	0-5(121)
363-15	TOI020	363	363	15	ora	ora	_	_	_	_	_	linguistic	_	none	_	_	_	_	_	0-3(121)
363-16	TOI020	363	363	16	se]i	sei	_	_	_	_	_	linguistic	_	none	_	_	_	_	_	0-2(121)
363-17	TOI020	363	363	17	a	a	_	_	_	_	_	linguistic	_	none	_	_	_	_	_	_
363-18	TOI020	363	363	18	casa	casa	_	_	_	_	_	linguistic	_	none	_	_	_	_	_	_
363-19	TOI020	363	363	19	di	di	_	_	_	_	_	linguistic	_	none	_	_	_	_	_	_
363-20	TOI020	363	363	20	altri,	altri	_	_	_	_	_	linguistic	_	none	Intonation=WeaklyRising	_	_	_	_	_
363-21	TOI020	363	363	21	così.	così	_	_	_	_	_	linguistic	_	none	Intonation=Falling	End=1155.556	_	_	_	_
364-0	TOR004	364	364	0	[sì	sì	_	_	_	_	_	linguistic	_	none	_	Begin=1152.894	_	_	_	0-2(121)
364-1	TOR004	364	364	1	sei	sei	_	_	_	_	_	linguistic	_	none	_	_	_	_	_	0-3(121)
364-2	TOR004	364	364	2	a	a	_	_	_	_	_	linguistic	_	none	_	_	_	_	_	0-1(121)
364-3	TOR004	364	364	3	casa	casa	_	_	_	_	_	linguistic	_	none	_	_	_	_	_	0-4(121)
364-4	TOR004	364	364	4	di	di	_	_	_	_	_	linguistic	_	none	_	_	_	_	_	0-2(121)
364-5	TOR004	364	364	5	altri].	altri	_	_	_	_	_	linguistic	_	none	Intonation=Falling	End=1154.25	_	_	_	0-5(121)
365-0	TOI020	365	365	0	c'	c'	_	_	_	_	_	linguistic	_	none	SpaceAfter=No	Begin=1156.0	_	_	_	_
365-1	TOI020	365	365	1	hanno	hanno	_	_	_	_	_	linguistic	_	none	_	_	_	_	_	_
365-2	TOI020	365	365	2	ospita:to	ospitato	_	_	_	_	_	linguistic	_	none	PauseAfter=Yes	_	5x1	_	_	_
365-3	TOI020	365	365	3	(.)	(.)	_	_	_	_	_	shortpause	_	none	_	_	_	_	_	_
365-4	TOI020	365	365	4	tutti	tutti	_	_	_	_	_	linguistic	_	none	_	_	_	_	_	_
365-5	TOI020	365	365	5	quelli	quelli	_	_	_	_	_	linguistic	_	none	_	_	_	_	_	_
365-6	TOI020	365	365	6	che:	che	_	_	_	_	_	linguistic	_	none	_	_	2x1	_	_	_
365-7	TOI020	365	365	7	c'	c'	_	_	_	_	_	linguistic	_	none	SpaceAfter=No	_	_	_	_	_
365-8	TOI020	365	365	8	han	han	_	_	_	_	_	linguistic	_	none	_	_	_	_	_	_
365-9	TOI020	365	365	9	potuto	potuto	_	_	_	_	_	linguistic	_	none	_	_	_	_	_	_
365-10	TOI020	365	365	10	ospitare,	ospitare	_	_	_	_	_	linguistic	_	none	Intonation=WeaklyRising	_	_	_	_	_
365-11	TOI020	365	365	11	c'	c'	_	_	_	_	_	linguistic	_	none	SpaceAfter=No	_	_	_	_	_
365-12	TOI020	365	365	12	hanno	hanno	_	_	_	_	_	linguistic	_	none	_	_	_	_	_	_
365-13	TOI020	365	365	13	ospitato	ospitato	_	_	_	_	_	linguistic	_	none	_	_	_	_	_	_
365-14	TOI020	365	365	14	alla	alla	_	_	_	_	_	linguistic	_	none	_	_	_	_	_	_
365-15	TOI020	365	365	15	grande	grande	_	_	_	_	_	linguistic	_	none	_	_	_	_	_	_
365-16	TOI020	365	365	16	siam	siam	_	_	_	_	_	linguistic	_	none	_	_	_	_	_	_
365-17	TOI020	365	365	17	stati	stati	_	_	_	_	_	linguistic	_	none	_	_	_	_	_	_
365-18	TOI020	365	365	18	bene	bene	_	_	_	_	_	linguistic	_	none	_	End=1162.837	_	_	_	_
366-0	TOI020	366	366	0	però	però	_	_	_	_	_	linguistic	_	none	_	Begin=1163.463	_	_	_	_
366-1	TOI020	366	366	1	ecco	ecco	_	_	_	_	_	linguistic	_	none	_	_	_	_	_	_
366-2	TOI020	366	366	2	se	se	_	_	_	_	_	linguistic	_	none	_	_	_	_	_	_
366-3	TOI020	366	366	3	ti	ti	_	_	_	_	_	linguistic	_	none	_	_	_	_	_	_
366-4	TOI020	366	366	4	devo	devo	_	_	_	_	_	linguistic	_	none	_	_	_	_	_	_
366-5	TOI020	366	366	5	dire,	dire	_	_	_	_	_	linguistic	_	none	Intonation=WeaklyRising	_	_	_	_	_
366-6	TOI020	366	366	6	tornerei	tornerei	_	_	_	_	_	linguistic	_	none	_	_	_	_	_	_
366-7	TOI020	366	366	7	giù,	giù	_	_	_	_	_	linguistic	_	none	Intonation=WeaklyRising	_	_	_	_	_
366-8	TOI020	366	366	8	se	se	_	_	_	_	_	linguistic	_	none	_	_	_	_	_	_
366-9	TOI020	366	366	9	è	è	_	_	_	_	_	linguistic	_	none	_	_	_	_	_	_
366-10	TOI020	366	366	10	questo	questo	_	_	_	_	_	linguistic	_	none	_	_	_	_	_	_
366-11	TOI020	366	366	11	che	che	_	_	_	_	_	linguistic	_	none	_	_	_	_	_	_
366-12	TOI020	366	366	12	vuoi	vuoi	_	_	_	_	_	linguistic	_	none	_	_	_	_	_	_
366-13	TOI020	366	366	13	sapere	sapere	_	_	_	_	_	linguistic	_	none	_	_	_	_	_	_
366-14	TOI020	366	366	14	torneresti	torneresti	_	_	_	_	_	linguistic	_	none	_	_	_	_	_	_
366-15	TOI020	366	366	15	giù,	giù	_	_	_	_	_	linguistic	_	none	Intonation=WeaklyRising	_	_	_	_	_
366-16	TOI020	366	366	16	no.	no	_	_	_	_	_	linguistic	_	none	Intonation=Falling	_	_	_	_	_
366-17	TOI020	366	366	17	io	io	_	_	_	_	_	linguistic	_	none	_	_	_	_	_	_
366-18	TOI020	366	366	18	dal	dal	_	_	_	_	_	linguistic	_	none	_	_	_	_	_	_
366-19	TOI020	366	366	19	primo	primo	_	_	_	_	_	linguistic	_	none	_	_	_	_	_	_
366-20	TOI020	366	366	20	momento	momento	_	_	_	_	_	linguistic	_	none	_	_	_	_	_	_
366-21	TOI020	366	366	21	non	non	_	_	_	_	_	linguistic	_	none	_	_	_	_	_	_
366-22	TOI020	366	366	22	sarei	sarei	_	_	_	_	_	linguistic	_	none	_	_	_	_	_	_
366-23	TOI020	366	366	23	più	più	_	_	_	_	_	linguistic	_	none	_	_	_	_	_	_
366-24	TOI020	366	366	24	ritorn[ata	ritornata	_	_	_	_	_	linguistic	_	none	_	_	_	_	_	6-9(122)
366-25	TOI020	366	366	25	giù].	giù	_	_	_	_	_	linguistic	_	none	Intonation=Falling	End=1171.627	_	_	_	0-3(122)
367-0	TOR004	367	367	0	[no]?	no	_	_	_	_	_	linguistic	_	none	Intonation=Rising	Begin=1171.289|End=1171.641	_	_	_	0-2(122)
368-0	TOR004	368	368	0	ti	ti	_	_	_	_	_	linguistic	_	none	_	Begin=1171.839	_	_	_	_
368-1	TOR004	368	368	1	è	è	_	_	_	_	_	linguistic	_	none	_	_	_	_	_	_
368-2	TOR004	368	368	2	piaciuta	piaciuta	_	_	_	_	_	linguistic	_	none	_	_	_	_	_	_
368-3	TOR004	368	368	3	quindi	quindi	_	_	_	_	_	linguistic	_	none	_	_	_	_	_	_
368-4	TOR004	368	368	4	torino	torino	_	_	_	_	_	linguistic	_	none	_	_	_	_	_	_
368-5	TOR004	368	368	5	ti	ti	_	_	_	_	_	linguistic	_	none	_	_	_	_	_	_
368-6	TOR004	368	368	6	sei	sei	_	_	_	_	_	linguistic	_	none	_	_	_	_	_	_
368-7	TOR004	368	368	7	trovata	trovata	_	_	_	_	_	linguistic	_	none	_	_	_	_	_	_
368-8	TOR004	368	368	8	bene,	bene	_	_	_	_	_	linguistic	_	none	Intonation=WeaklyRising	End=1173.838	_	_	_	_
369-0	TOI020	369	369	0	non	non	_	_	_	_	_	linguistic	_	none	ProsodicLink=Yes	Begin=1173.997	_	_	_	_
369-1	TOI020	369	369	1	eh	eh	_	_	_	_	_	linguistic	_	none	_	_	_	_	_	_
369-2	TOI020	369	369	2	[non	non	_	_	_	_	_	linguistic	_	none	_	_	_	_	_	0-3(123)
369-3	TOI020	369	369	3	è]	è	_	_	_	_	_	linguistic	_	none	_	End=1175.152	_	_	_	0-1(123)
370-0	TOR004	370	370	0	[non	non	_	_	_	_	_	linguistic	_	none	_	Begin=1174.743	_	_	_	0-3(123)
370-1	TOR004	370	370	1	per]	per	_	_	_	_	_	linguistic	_	none	_	_	_	_	_	0-3(123)
370-2	TOR004	370	370	2	que[sto]	questo	_	_	_	_	_	linguistic	_	none	_	End=1175.6	_	_	_	3-6(124)
371-0	TOI020	371	371	0	[n]on	non	_	_	_	_	_	linguistic	_	none	_	Begin=1175.441	_	_	_	0-1(124)
371-1	TOI020	371	371	1	per	per	_	_	_	_	_	linguistic	_	none	_	_	_	_	_	_
371-2	TOI020	371	371	2	questo.	questo	_	_	_	_	_	linguistic	_	none	Intonation=Falling	_	_	_	_	_
371-3	TOI020	371	371	3	non	non	_	_	_	_	_	linguistic	_	none	ProsodicLink=Yes	_	_	_	_	_
371-4	TOI020	371	371	4	e::h	eh	_	_	_	_	_	linguistic	_	none	_	End=1178.095	0x2	_	_	_
372-0	TOI020	372	372	0	non	non	_	_	_	_	_	linguistic	_	none	_	Begin=1178.853	_	_	_	_
372-1	TOI020	372	372	1	mi	mi	_	_	_	_	_	linguistic	_	none	_	_	_	_	_	_
372-2	TOI020	372	372	2	è	è	_	_	_	_	_	linguistic	_	none	_	_	_	_	_	_
372-3	TOI020	372	372	3	mai	mai	_	_	_	_	_	linguistic	_	none	_	_	_	_	_	_
372-4	TOI020	372	372	4	piaciuto	piaciuto	_	_	_	_	_	linguistic	_	none	_	_	_	_	_	_
372-5	TOI020	372	372	5	anche	anche	_	_	_	_	_	linguistic	_	none	_	_	_	_	_	_
372-6	TOI020	372	372	6	quando	quando	_	_	_	_	_	linguistic	_	none	_	_	_	_	_	_
372-7	TOI020	372	372	7	ero	ero	_	_	_	_	_	linguistic	_	none	_	_	_	_	_	_
372-8	TOI020	372	372	8	lì,	lì	_	_	_	_	_	linguistic	_	none	Intonation=WeaklyRising	_	_	_	_	_
372-9	TOI020	372	372	9	il	il	_	_	_	_	_	linguistic	_	none	_	_	_	_	_	_
372-10	TOI020	372	372	10	modo	modo	_	_	_	_	_	linguistic	_	none	_	_	_	_	_	_
372-11	TOI020	372	372	11	di:	di	_	_	_	_	_	linguistic	_	none	_	_	1x1	_	_	_
372-12	TOI020	372	372	12	m	m	_	_	_	_	_	linguistic	_	none	ProsodicLink=Yes	_	_	_	_	_
372-13	TOI020	372	372	13	e:h	eh	_	_	_	_	_	linguistic	_	none	_	End=1183.684	0x1	_	_	_
373-0	TOI020	373	373	0	anche	anche	_	_	_	_	_	linguistic	_	none	_	Begin=1186.545	_	_	_	_
373-1	TOI020	373	373	1	di	di	_	_	_	_	_	linguistic	_	none	_	_	_	_	_	_
373-2	TOI020	373	373	2	vivere	vivere	_	_	_	_	_	linguistic	_	none	_	_	_	_	_	_
373-3	TOI020	373	373	3	forse.	forse	_	_	_	_	_	linguistic	_	none	Intonation=Falling	_	_	_	_	_
373-4	TOI020	373	373	4	però:	però	_	_	_	_	_	linguistic	_	none	_	_	3x1	_	_	_
373-5	TOI020	373	373	5	è	è	_	_	_	_	_	linguistic	_	none	_	_	_	_	_	_
373-6	TOI020	373	373	6	questo	questo	_	_	_	_	_	linguistic	_	none	_	_	_	_	_	_
373-7	TOI020	373	373	7	modo,	modo	_	_	_	_	_	linguistic	_	none	Intonation=WeaklyRising	End=1189.455	_	_	_	_
374-0	TOI020	374	374	0	io	io	_	_	_	_	_	linguistic	_	none	_	Begin=1190.627	_	_	_	_
374-1	TOI020	374	374	1	l~	l~	_	_	_	_	_	linguistic	_	none	Interrupted=Yes	_	_	_	_	_
374-2	TOI020	374	374	2	io:	io	_	_	_	_	_	linguistic	_	none	_	_	1x1	_	_	_
374-3	TOI020	374	374	3	dico	dico	_	_	_	_	_	linguistic	_	none	_	_	_	_	_	_
374-4	TOI020	374	374	4	che	che	_	_	_	_	_	linguistic	_	none	_	_	_	_	_	_
374-5	TOI020	374	374	5	c'	c'	_	_	_	_	_	linguistic	_	none	SpaceAfter=No	_	_	_	_	_
374-6	TOI020	374	374	6	è	è	_	_	_	_	_	linguistic	_	none	_	_	_	_	_	_
374-7	TOI020	374	374	7	una	una	_	_	_	_	_	linguistic	_	none	_	_	_	_	_	_
374-8	TOI020	374	374	8	falsità	falsità	_	_	_	_	_	linguistic	_	none	_	_	_	_	_	_
374-9	TOI020	374	374	9	all'	all'	_	_	_	_	_	linguistic	_	none	SpaceAfter=No	_	_	_	_	_
374-10	TOI020	374	374	10	interno	interno	_	_	_	_	_	linguistic	_	none	_	_	_	_	_	_
374-11	TOI020	374	374	11	di	di	_	_	_	_	_	linguistic	_	none	_	_	_	_	_	_
374-12	TOI020	374	374	12	tutto	tutto	_	_	_	_	_	linguistic	_	none	_	_	_	_	_	_
374-13	TOI020	374	374	13	quel	quel	_	_	_	_	_	linguistic	_	none	_	_	_	_	_	_
374-14	TOI020	374	374	14	sistema,	sistema	_	_	_	_	_	linguistic	_	none	Intonation=WeaklyRising	_	_	_	_	_
374-15	TOI020	374	374	15	nel	nel	_	_	_	_	_	linguistic	_	none	_	_	_	_	_	_
374-16	TOI020	374	374	16	senso	senso	_	_	_	_	_	linguistic	_	none	_	_	_	_	_	_
374-17	TOI020	374	374	17	che,	che	_	_	_	_	_	linguistic	_	none	Intonation=WeaklyRising	End=1195.996	_	_	_	_
375-0	TOI020	375	375	0	fai	fai	_	_	_	_	_	linguistic	_	none	_	Begin=1196.363	_	_	_	_
375-1	TOI020	375	375	1	come	come	_	_	_	_	_	linguistic	_	none	_	_	_	_	_	_
375-2	TOI020	375	375	2	dico	dico	_	_	_	_	_	linguistic	_	none	_	_	_	_	_	_
375-3	TOI020	375	375	3	io	io	_	_	_	_	_	linguistic	_	none	_	_	_	_	_	_
375-4	TOI020	375	375	4	ma	ma	_	_	_	_	_	linguistic	_	none	_	_	_	_	_	_
375-5	TOI020	375	375	5	non	non	_	_	_	_	_	linguistic	_	none	_	_	_	_	_	_
375-6	TOI020	375	375	6	fare	fare	_	_	_	_	_	linguistic	_	none	_	_	_	_	_	_
375-7	TOI020	375	375	7	come	come	_	_	_	_	_	linguistic	_	none	_	_	_	_	_	_
375-8	TOI020	375	375	8	faccio	faccio	_	_	_	_	_	linguistic	_	none	_	_	_	_	_	_
375-9	TOI020	375	375	9	io	io	_	_	_	_	_	linguistic	_	none	_	End=1199.141	_	_	_	_
376-0	TOR004	376	376	0	mh	mh	_	_	_	_	_	linguistic	_	none	_	Begin=1199.219|End=1199.481	_	_	_	_
377-0	TOI020	377	377	0	e	e	_	_	_	_	_	linguistic	_	none	_	Begin=1199.569	_	_	_	_
377-1	TOI020	377	377	1	quindi	quindi	_	_	_	_	_	linguistic	_	none	_	_	_	_	_	_
377-2	TOI020	377	377	2	è	è	_	_	_	_	_	linguistic	_	none	_	_	_	_	_	_
377-3	TOI020	377	377	3	un	un	_	_	_	_	_	linguistic	_	none	PauseAfter=Yes	_	_	_	_	_
377-4	TOI020	377	377	4	(.)	(.)	_	_	_	_	_	shortpause	_	none	_	_	_	_	_	_
377-5	TOI020	377	377	5	è	è	_	_	_	_	_	linguistic	_	none	_	_	_	_	_	_
377-6	TOI020	377	377	6	un	un	_	_	_	_	_	linguistic	_	none	_	_	_	_	_	_
377-7	TOI020	377	377	7	sistema	sistema	_	_	_	_	_	linguistic	_	none	_	_	_	_	_	_
377-8	TOI020	377	377	8	che	che	_	_	_	_	_	linguistic	_	none	_	_	_	_	_	_
377-9	TOI020	377	377	9	non	non	_	_	_	_	_	linguistic	_	none	_	_	_	_	_	_
377-10	TOI020	377	377	10	mi	mi	_	_	_	_	_	linguistic	_	none	_	_	_	_	_	_
377-11	TOI020	377	377	11	è	è	_	_	_	_	_	linguistic	_	none	_	_	_	_	_	_
377-12	TOI020	377	377	12	mai	mai	_	_	_	_	_	linguistic	_	none	_	_	_	_	_	_
377-13	TOI020	377	377	13	piaciuto	piaciuto	_	_	_	_	_	linguistic	_	none	_	_	_	_	_	_
377-14	TOI020	377	377	14	cioè	cioè	_	_	_	_	_	linguistic	_	none	_	_	_	_	_	_
377-15	TOI020	377	377	15	non	non	_	_	_	_	_	linguistic	_	none	_	_	_	_	_	_
377-16	TOI020	377	377	16	lo	lo	_	_	_	_	_	linguistic	_	none	_	_	_	_	_	_
377-17	TOI020	377	377	17	s~	s~	_	_	_	_	_	linguistic	_	none	Interrupted=Yes	_	_	_	_	_
377-18	TOI020	377	377	18	io:	io	_	_	_	_	_	linguistic	_	none	_	_	1x1	_	_	_
377-19	TOI020	377	377	19	per	per	_	_	_	_	_	linguistic	_	none	_	_	_	_	_	_
377-20	TOI020	377	377	20	esempio,	esempio	_	_	_	_	_	linguistic	_	none	Intonation=WeaklyRising	End=1204.569	_	_	_	_
378-0	TOI020	378	378	0	son	son	_	_	_	_	_	linguistic	_	none	_	Begin=1205.662	_	_	_	_
378-1	TOI020	378	378	1	sempre	sempre	_	_	_	_	_	linguistic	_	none	_	_	_	_	_	_
378-2	TOI020	378	378	2	stata	stata	_	_	_	_	_	linguistic	_	none	_	_	_	_	_	_
378-3	TOI020	378	378	3	una	una	_	_	_	_	_	linguistic	_	none	_	_	_	_	_	_
378-4	TOI020	378	378	4	dove	dove	_	_	_	_	_	linguistic	_	none	_	_	_	_	_	_
378-5	TOI020	378	378	5	i	i	_	_	_	_	_	linguistic	_	none	_	_	_	_	_	_
378-6	TOI020	378	378	6	mie:i	miei	_	_	_	_	_	linguistic	_	none	_	_	2x1	_	_	_
378-7	TOI020	378	378	7	genitori	genitori	_	_	_	_	_	linguistic	_	none	_	_	_	_	_	_
378-8	TOI020	378	378	8	non	non	_	_	_	_	_	linguistic	_	none	_	_	_	_	_	_
378-9	TOI020	378	378	9	mi	mi	_	_	_	_	_	linguistic	_	none	_	_	_	_	_	_
378-10	TOI020	378	378	10	hanno	hanno	_	_	_	_	_	linguistic	_	none	_	_	_	_	_	_
378-11	TOI020	378	378	11	ma:i	mai	_	_	_	_	_	linguistic	_	none	_	_	1x1	_	_	_
378-12	TOI020	378	378	12	vincolata	vincolata	_	_	_	_	_	linguistic	_	none	_	_	_	_	_	_
378-13	TOI020	378	378	13	non	non	_	_	_	_	_	linguistic	_	none	_	_	_	_	_	_
378-14	TOI020	378	378	14	puoi	puoi	_	_	_	_	_	linguistic	_	none	_	_	_	_	_	_
378-15	TOI020	378	378	15	uscire,	uscire	_	_	_	_	_	linguistic	_	none	Intonation=WeaklyRising	_	_	_	_	_
378-16	TOI020	378	378	16	non	non	_	_	_	_	_	linguistic	_	none	_	_	_	_	_	_
378-17	TOI020	378	378	17	puoi	puoi	_	_	_	_	_	linguistic	_	none	_	_	_	_	_	_
378-18	TOI020	378	378	18	vedere	vedere	_	_	_	_	_	linguistic	_	none	_	_	_	_	_	_
378-19	TOI020	378	378	19	i	i	_	_	_	_	_	linguistic	_	none	_	_	_	_	_	_
378-20	TOI020	378	378	20	rag~	rag~	_	_	_	_	_	linguistic	_	none	Interrupted=Yes	_	_	_	_	_
378-21	TOI020	378	378	21	perché	perché	_	_	_	_	_	linguistic	_	none	_	_	_	_	_	_
378-22	TOI020	378	378	22	comunque	comunque	_	_	_	_	_	linguistic	_	none	_	End=1212.462	_	_	_	_
379-0	TOI020	379	379	0	tieni	tieni	_	_	_	_	_	linguistic	_	none	_	Begin=1212.722	_	_	_	_
379-1	TOI020	379	379	1	conto	conto	_	_	_	_	_	linguistic	_	none	_	_	_	_	_	_
379-2	TOI020	379	379	2	che	che	_	_	_	_	_	linguistic	_	none	_	_	_	_	_	_
379-3	TOI020	379	379	3	io	io	_	_	_	_	_	linguistic	_	none	_	_	_	_	_	_
379-4	TOI020	379	379	4	c'	c'	_	_	_	_	_	linguistic	_	none	SpaceAfter=No	_	_	_	_	_
379-5	TOI020	379	379	5	ho	ho	_	_	_	_	_	linguistic	_	none	_	_	_	_	_	_
379-6	TOI020	379	379	6	sessant'	sessant'	_	_	_	_	_	linguistic	_	none	SpaceAfter=No	_	_	_	_	_
379-7	TOI020	379	379	7	anni	anni	_	_	_	_	_	linguistic	_	none	_	End=1214.778	_	_	_	_
380-0	TOI020	380	380	0	e::	e	_	_	_	_	_	linguistic	_	none	_	Begin=1215.419|End=1215.805	0x2	_	_	_
381-0	TOI020	381	381	0	cinquant'	cinquant'	_	_	_	_	_	linguistic	_	none	SpaceAfter=No	Begin=1216.134	_	_	_	_
381-1	TOI020	381	381	1	anni	anni	_	_	_	_	_	linguistic	_	none	_	_	_	_	_	_
381-2	TOI020	381	381	2	fa:	fa	_	_	_	_	_	linguistic	_	none	_	End=1217.493	1x1	_	_	_
382-0	TOI020	382	382	0	no[n	non	_	_	_	_	_	linguistic	_	none	_	Begin=1217.902	_	_	_	2-3(125)
382-1	TOI020	382	382	1	è	è	_	_	_	_	_	linguistic	_	none	_	_	_	_	_	0-1(125)
382-2	TOI020	382	382	2	che	che	_	_	_	_	_	linguistic	_	none	_	_	_	_	_	0-3(125)
382-3	TOI020	382	382	3	tu	tu	_	_	_	_	_	linguistic	_	none	_	_	_	_	_	0-2(125)
382-4	TOI020	382	382	4	po]tevi,	potevi	_	_	_	_	_	linguistic	_	none	Intonation=WeaklyRising	_	_	_	_	0-2(125)
382-5	TOI020	382	382	5	nel	nel	_	_	_	_	_	linguistic	_	none	_	_	_	_	_	_
382-6	TOI020	382	382	6	sud	sud	_	_	_	_	_	linguistic	_	none	_	_	_	_	_	_
382-7	TOI020	382	382	7	non	non	_	_	_	_	_	linguistic	_	none	_	_	_	_	_	_
382-8	TOI020	382	382	8	è	è	_	_	_	_	_	linguistic	_	none	_	_	_	_	_	_
382-9	TOI020	382	382	9	che	che	_	_	_	_	_	linguistic	_	none	_	_	_	_	_	_
382-10	TOI020	382	382	10	tu	tu	_	_	_	_	_	linguistic	_	none	_	_	_	_	_	_
382-11	TOI020	382	382	11	potevi	potevi	_	_	_	_	_	linguistic	_	none	_	_	_	_	_	_
382-12	TOI020	382	382	12	andare:	andare	_	_	_	_	_	linguistic	_	none	_	_	5x1	_	_	_
382-13	TOI020	382	382	13	o:	o	_	_	_	_	_	linguistic	_	none	_	_	0x1	_	_	_
382-14	TOI020	382	382	14	ti	ti	_	_	_	_	_	linguistic	_	none	_	_	_	_	_	_
382-15	TOI020	382	382	15	vedevano	vedevano	_	_	_	_	_	linguistic	_	none	_	_	_	_	_	_
382-16	TOI020	382	382	16	con	con	_	_	_	_	_	linguistic	_	none	_	_	_	_	_	_
382-17	TOI020	382	382	17	i	i	_	_	_	_	_	linguistic	_	none	_	_	_	_	_	_
382-18	TOI020	382	382	18	ragazzi	ragazzi	_	_	_	_	_	linguistic	_	none	_	_	_	_	_	_
382-19	TOI020	382	382	19	era,	era	_	_	_	_	_	linguistic	_	none	Intonation=WeaklyRising	End=1223.219	_	_	_	_
383-0	TOR004	383	383	0	[nel	nel	_	_	_	_	_	linguistic	_	none	_	Begin=1217.974	_	_	_	0-3(125)
383-1	TOR004	383	383	1	sud]	sud	_	_	_	_	_	linguistic	_	none	_	End=1218.664	_	_	_	0-3(125)
384-0	TOI020	384	384	0	c(io)è	cioè	_	_	_	_	_	linguistic	_	none	Reduced=Yes	Begin=1223.601	_	_	_	_
384-1	TOI020	384	384	1	ti	ti	_	_	_	_	_	linguistic	_	none	_	_	_	_	_	_
384-2	TOI020	384	384	2	vedevano	vedevano	_	_	_	_	_	linguistic	_	none	_	_	_	_	_	_
384-3	TOI020	384	384	3	con	con	_	_	_	_	_	linguistic	_	none	_	_	_	_	_	_
384-4	TOI020	384	384	4	i	i	_	_	_	_	_	linguistic	_	none	_	_	_	_	_	_
384-5	TOI020	384	384	5	ragazzi	ragazzi	_	_	_	_	_	linguistic	_	none	_	_	_	_	_	_
384-6	TOI020	384	384	6	eri	eri	_	_	_	_	_	linguistic	_	none	_	_	_	_	_	_
384-7	TOI020	384	384	7	una	una	_	_	_	_	_	linguistic	_	none	_	_	_	_	_	_
384-8	TOI020	384	384	8	poco	poco	_	_	_	_	_	linguistic	_	none	_	_	_	_	_	_
384-9	TOI020	384	384	9	di	di	_	_	_	_	_	linguistic	_	none	_	_	_	_	_	_
384-10	TOI020	384	384	10	buono	buono	_	_	_	_	_	linguistic	_	none	_	_	_	_	_	_
384-11	TOI020	384	384	11	se	se	_	_	_	_	_	linguistic	_	none	_	_	_	_	_	_
384-12	TOI020	384	384	12	oggi	oggi	_	_	_	_	_	linguistic	_	none	_	_	_	_	_	_
384-13	TOI020	384	384	13	ti	ti	_	_	_	_	_	linguistic	_	none	_	_	_	_	_	_
384-14	TOI020	384	384	14	vedevano	vedevano	_	_	_	_	_	linguistic	_	none	_	_	_	_	_	_
384-15	TOI020	384	384	15	con	con	_	_	_	_	_	linguistic	_	none	_	_	_	_	_	_
384-16	TOI020	384	384	16	uno	uno	_	_	_	_	_	linguistic	_	none	_	_	_	_	_	_
384-17	TOI020	384	384	17	e	e	_	_	_	_	_	linguistic	_	none	_	_	_	_	_	_
384-18	TOI020	384	384	18	domani	domani	_	_	_	_	_	linguistic	_	none	_	_	_	_	_	_
384-19	TOI020	384	384	19	con	con	_	_	_	_	_	linguistic	_	none	_	_	_	_	_	_
384-20	TOI020	384	384	20	un	un	_	_	_	_	_	linguistic	_	none	_	_	_	_	_	_
384-21	TOI020	384	384	21	altr[o],	altro	_	_	_	_	_	linguistic	_	none	Intonation=WeaklyRising	End=1228.763	_	_	_	4-5(126)
385-0	TOR004	385	385	0	[e]ra	era	_	_	_	_	_	linguistic	_	none	_	Begin=1228.664	_	_	_	0-1(126)
385-1	TOR004	385	385	1	ancora	ancora	_	_	_	_	_	linguistic	_	none	_	_	_	_	_	_
385-2	TOR004	385	385	2	peg[gio].	peggio	_	_	_	_	_	linguistic	_	none	Intonation=Falling	End=1229.64	_	_	_	3-6(127)
386-0	TOI020	386	386	0	[era	era	_	_	_	_	_	linguistic	_	none	_	Begin=1229.337	_	_	_	0-3(127)
386-1	TOI020	386	386	1	anc]ora	ancora	_	_	_	_	_	linguistic	_	none	_	_	_	_	_	0-3(127)
386-2	TOI020	386	386	2	peggio	peggio	_	_	_	_	_	linguistic	_	none	_	End=1230.106	_	_	_	_
387-0	TOI020	387	387	0	io	io	_	_	_	_	_	linguistic	_	none	_	Begin=1230.379	_	_	_	_
387-1	TOI020	387	387	1	devo	devo	_	_	_	_	_	linguistic	_	none	_	_	_	_	_	_
387-2	TOI020	387	387	2	dire	dire	_	_	_	_	_	linguistic	_	none	_	_	_	_	_	_
387-3	TOI020	387	387	3	che,	che	_	_	_	_	_	linguistic	_	none	Intonation=WeaklyRising	End=1231.561	_	_	_	_
388-0	TOI020	388	388	0	con	con	_	_	_	_	_	linguistic	_	none	_	Begin=1231.93	_	_	_	_
388-1	TOI020	388	388	1	la	la	_	_	_	_	_	linguistic	_	none	_	_	_	_	_	_
388-2	TOI020	388	388	2	mia	mia	_	_	_	_	_	linguistic	_	none	_	_	_	_	_	_
388-3	TOI020	388	388	3	famiglia	famiglia	_	_	_	_	_	linguistic	_	none	_	_	_	_	_	_
388-4	TOI020	388	388	4	questo	questo	_	_	_	_	_	linguistic	_	none	_	_	_	_	_	_
388-5	TOI020	388	388	5	problema	problema	_	_	_	_	_	linguistic	_	none	_	_	_	_	_	_
388-6	TOI020	388	388	6	non	non	_	_	_	_	_	linguistic	_	none	_	_	_	_	_	_
388-7	TOI020	388	388	7	l'	l'	_	_	_	_	_	linguistic	_	none	SpaceAfter=No	_	_	_	_	_
388-8	TOI020	388	388	8	ho	ho	_	_	_	_	_	linguistic	_	none	_	_	_	_	_	_
388-9	TOI020	388	388	9	proprio	proprio	_	_	_	_	_	linguistic	_	none	_	_	_	_	_	_
388-10	TOI020	388	388	10	vissuto	vissuto	_	_	_	_	_	linguistic	_	none	_	_	_	_	_	_
388-11	TOI020	388	388	11	quindi	quindi	_	_	_	_	_	linguistic	_	none	_	_	_	_	_	_
388-12	TOI020	388	388	12	io	io	_	_	_	_	_	linguistic	_	none	_	_	_	_	_	_
388-13	TOI020	388	388	13	ero	ero	_	_	_	_	_	linguistic	_	none	_	_	_	_	_	_
388-14	TOI020	388	388	14	abbastanza,	abbastanza	_	_	_	_	_	linguistic	_	none	Intonation=WeaklyRising	End=1236.652	_	_	_	_
389-0	TOI020	389	389	0	libera:	libera	_	_	_	_	_	linguistic	_	none	_	Begin=1237.191	5x1	_	_	_
389-1	TOI020	389	389	1	di:	di	_	_	_	_	_	linguistic	_	none	_	_	1x1	_	_	_
389-2	TOI020	389	389	2	andare	andare	_	_	_	_	_	linguistic	_	none	_	_	_	_	_	_
389-3	TOI020	389	389	3	poi	poi	_	_	_	_	_	linguistic	_	none	_	_	_	_	_	_
389-4	TOI020	389	389	4	frequentavo	frequentavo	_	_	_	_	_	linguistic	_	none	_	End=1239.7	_	_	_	_
390-0	TOI020	390	390	0	allora	allora	_	_	_	_	_	linguistic	_	none	_	Begin=1240.238	_	_	_	_
390-1	TOI020	390	390	1	la	la	_	_	_	_	_	linguistic	_	none	_	_	_	_	_	_
390-2	TOI020	390	390	2	figc	figc	_	_	_	_	_	linguistic	_	none	_	_	_	_	_	_
390-3	TOI020	390	390	3	quindi	quindi	_	_	_	_	_	linguistic	_	none	_	_	_	_	_	_
390-4	TOI020	390	390	4	con	con	_	_	_	_	_	linguistic	_	none	_	_	_	_	_	_
390-5	TOI020	390	390	5	il	il	_	_	_	_	_	linguistic	_	none	_	_	_	_	_	_
390-6	TOI020	390	390	6	partito	partito	_	_	_	_	_	linguistic	_	none	_	_	_	_	_	_
390-7	TOI020	390	390	7	anda:vo	andavo	_	_	_	_	_	linguistic	_	none	_	_	3x1	_	_	_
390-8	TOI020	390	390	8	face:vo	facevo	_	_	_	_	_	linguistic	_	none	_	_	3x1	_	_	_
390-9	TOI020	390	390	9	quindi	quindi	_	_	_	_	_	linguistic	_	none	_	_	_	_	_	_
390-10	TOI020	390	390	10	non	non	_	_	_	_	_	linguistic	_	none	ProsodicLink=Yes	_	_	_	_	_
390-11	TOI020	390	390	11	eh	eh	_	_	_	_	_	linguistic	_	none	_	End=1244.99	_	_	_	_
391-0	TOI020	391	391	0	non	non	_	_	_	_	_	linguistic	_	none	_	Begin=1245.446	_	_	_	_
391-1	TOI020	391	391	1	ho	ho	_	_	_	_	_	linguistic	_	none	_	_	_	_	_	_
391-2	TOI020	391	391	2	mai	mai	_	_	_	_	_	linguistic	_	none	_	_	_	_	_	_
391-3	TOI020	391	391	3	avuto	avuto	_	_	_	_	_	linguistic	_	none	_	_	_	_	_	_
391-4	TOI020	391	391	4	questo::	questo	_	_	_	_	_	linguistic	_	none	ProsodicLink=Yes	_	5x2	_	_	_
391-5	TOI020	391	391	5	mh	mh	_	_	_	_	_	linguistic	_	none	_	_	_	_	_	_
391-6	TOI020	391	391	6	questo	questo	_	_	_	_	_	linguistic	_	none	_	_	_	_	_	_
391-7	TOI020	391	391	7	problema	problema	_	_	_	_	_	linguistic	_	none	_	End=1248.533	_	_	_	_
392-0	TOI020	392	392	0	quando	quando	_	_	_	_	_	linguistic	_	none	_	Begin=1248.797	_	_	_	_
392-1	TOI020	392	392	1	andavamo	andavamo	_	_	_	_	_	linguistic	_	none	_	_	_	_	_	_
392-2	TOI020	392	392	2	nelle	nelle	_	_	_	_	_	linguistic	_	none	_	_	_	_	_	_
392-3	TOI020	392	392	3	case	case	_	_	_	_	_	linguistic	_	none	PauseAfter=Yes	_	_	_	_	_
392-4	TOI020	392	392	4	(.)	(.)	_	_	_	_	_	shortpause	_	none	_	_	_	_	_	_
392-5	TOI020	392	392	5	per	per	_	_	_	_	_	linguistic	_	none	_	_	_	_	_	_
392-6	TOI020	392	392	6	fare	fare	_	_	_	_	_	linguistic	_	none	_	_	_	_	_	_
392-7	TOI020	392	392	7	propaganda	propaganda	_	_	_	_	_	linguistic	_	none	_	_	_	_	_	_
392-8	TOI020	392	392	8	elettora:le	elettorale	_	_	_	_	_	linguistic	_	none	_	_	7x1	_	_	_
392-9	TOI020	392	392	9	così,	così	_	_	_	_	_	linguistic	_	none	Intonation=WeaklyRising	_	_	_	_	_
392-10	TOI020	392	392	10	ci	ci	_	_	_	_	_	linguistic	_	none	_	_	_	_	_	_
392-11	TOI020	392	392	11	sentivamo	sentivamo	_	_	_	_	_	linguistic	_	none	_	_	_	_	_	_
392-12	TOI020	392	392	12	dire	dire	_	_	_	_	_	linguistic	_	none	_	_	_	_	_	_
392-13	TOI020	392	392	13	le	le	_	_	_	_	_	linguistic	_	none	_	_	_	_	_	_
392-14	TOI020	392	392	14	ragazze	ragazze	_	_	_	_	_	linguistic	_	none	_	End=1254.707	_	_	_	_
393-0	TOI020	393	393	0	state	state	_	_	_	_	_	linguistic	_	none	_	Begin=1255.018	_	_	_	_
393-1	TOI020	393	393	1	a	a	_	_	_	_	_	linguistic	_	none	_	_	_	_	_	_
393-2	TOI020	393	393	2	casa	casa	_	_	_	_	_	linguistic	_	none	_	_	_	_	_	_
393-3	TOI020	393	393	3	a	a	_	_	_	_	_	linguistic	_	none	_	_	_	_	_	_
393-4	TOI020	393	393	4	fare	fare	_	_	_	_	_	linguistic	_	none	_	_	_	_	_	_
393-5	TOI020	393	393	5	la	la	_	_	_	_	_	linguistic	_	none	_	_	_	_	_	_
393-6	TOI020	393	393	6	calza,	calza	_	_	_	_	_	linguistic	_	none	Intonation=WeaklyRising	End=1256.756	_	_	_	_
394-0	TOI020	394	394	0	però	però	_	_	_	_	_	linguistic	_	none	_	Begin=1257.552	_	_	_	_
394-1	TOI020	394	394	1	andava	andava	_	_	_	_	_	linguistic	_	none	_	_	_	_	_	_
394-2	TOI020	394	394	2	bene	bene	_	_	_	_	_	linguistic	_	none	_	_	_	_	_	_
394-3	TOI020	394	394	3	capito,	capito	_	_	_	_	_	linguistic	_	none	Intonation=WeaklyRising	_	_	_	_	_
394-4	TOI020	394	394	4	perché	perché	_	_	_	_	_	linguistic	_	none	_	_	_	_	_	_
394-5	TOI020	394	394	5	tanto	tanto	_	_	_	_	_	linguistic	_	none	_	_	_	_	_	_
394-6	TOI020	394	394	6	lo	lo	_	_	_	_	_	linguistic	_	none	_	_	_	_	_	_
394-7	TOI020	394	394	7	sapevi	sapevi	_	_	_	_	_	linguistic	_	none	_	_	_	_	_	_
394-8	TOI020	394	394	8	che	che	_	_	_	_	_	linguistic	_	none	_	_	_	_	_	_
394-9	TOI020	394	394	9	era	era	_	_	_	_	_	linguistic	_	none	_	_	_	_	_	_
394-10	TOI020	394	394	10	quello:	quello	_	_	_	_	_	linguistic	_	none	_	End=1261.304	5x1	_	_	_
395-0	TOR004	395	395	0	il	il	_	_	_	_	_	linguistic	_	none	_	Begin=1261.586	_	_	_	_
395-1	TOR004	395	395	1	modo	modo	_	_	_	_	_	linguistic	_	none	_	_	_	_	_	_
395-2	TOR004	395	395	2	di	di	_	_	_	_	_	linguistic	_	none	_	_	_	_	_	_
395-3	TOR004	395	395	3	pensare,	pensare	_	_	_	_	_	linguistic	_	none	Intonation=WeaklyRising	End=1262.64	_	_	_	_
396-0	TOI020	396	396	0	però::	però	_	_	_	_	_	linguistic	_	none	_	Begin=1262.642	3x2	_	_	_
396-1	TOI020	396	396	1	comunque:	comunque	_	_	_	_	_	linguistic	_	none	_	End=1264.785	7x1	_	_	_
397-0	TOI020	397	397	0	questo::	questo	_	_	_	_	_	linguistic	_	none	_	Begin=1264.985	5x2	_	_	_
397-1	TOI020	397	397	1	°m	m	_	_	_	_	_	linguistic	_	none	ProsodicLink=Yes|Volume=low	_	_	_	_	_
397-2	TOI020	397	397	2	e:h°	eh	_	_	_	_	_	linguistic	_	none	Volume=low	_	0x1	_	_	_
397-3	TOI020	397	397	3	siste:ma	sistema	_	_	_	_	_	linguistic	_	none	_	_	4x1	_	_	_
397-4	TOI020	397	397	4	di:	di	_	_	_	_	_	linguistic	_	none	_	_	1x1	_	_	_
397-5	TOI020	397	397	5	guardare	guardare	_	_	_	_	_	linguistic	_	none	_	_	_	_	_	_
397-6	TOI020	397	397	6	sempre	sempre	_	_	_	_	_	linguistic	_	none	_	_	_	_	_	_
397-7	TOI020	397	397	7	l'	l'	_	_	_	_	_	linguistic	_	none	SpaceAfter=No	_	_	_	_	_
397-8	TOI020	397	397	8	altro,	altro	_	_	_	_	_	linguistic	_	none	Intonation=WeaklyRising	_	_	_	_	_
397-9	TOI020	397	397	9	capire	capire	_	_	_	_	_	linguistic	_	none	_	_	_	_	_	_
397-10	TOI020	397	397	10	cosa	cosa	_	_	_	_	_	linguistic	_	none	_	_	_	_	_	_
397-11	TOI020	397	397	11	fa	fa	_	_	_	_	_	linguistic	_	none	_	_	_	_	_	_
397-12	TOI020	397	397	12	gli	gli	_	_	_	_	_	linguistic	_	none	_	_	_	_	_	_
397-13	TOI020	397	397	13	al~	al~	_	_	_	_	_	linguistic	_	none	Interrupted=Yes	_	_	_	_	_
397-14	TOI020	397	397	14	l'	l'	_	_	_	_	_	linguistic	_	none	SpaceAfter=No	_	_	_	_	_
397-15	TOI020	397	397	15	altro	altro	_	_	_	_	_	linguistic	_	none	_	End=1272.216	_	_	_	_
398-0	TOI020	398	398	0	è	è	_	_	_	_	_	linguistic	_	none	_	Begin=1272.696	_	_	_	_
398-1	TOI020	398	398	1	sempre	sempre	_	_	_	_	_	linguistic	_	none	_	_	_	_	_	_
398-2	TOI020	398	398	2	stata	stata	_	_	_	_	_	linguistic	_	none	_	_	_	_	_	_
398-3	TOI020	398	398	3	una	una	_	_	_	_	_	linguistic	_	none	_	_	_	_	_	_
398-4	TOI020	398	398	4	roba,	roba	_	_	_	_	_	linguistic	_	none	Intonation=WeaklyRising	End=1273.957	_	_	_	_
399-0	TOI020	399	399	0	ecco	ecco	_	_	_	_	_	linguistic	_	none	_	Begin=1274.203	_	_	_	_
399-1	TOI020	399	399	1	l'	l'	_	_	_	_	_	linguistic	_	none	SpaceAfter=No	_	_	_	_	_
399-2	TOI020	399	399	2	immischiarsi	immischiarsi	_	_	_	_	_	linguistic	_	none	_	_	_	_	_	_
399-3	TOI020	399	399	3	nelle	nelle	_	_	_	_	_	linguistic	_	none	_	_	_	_	_	_
399-4	TOI020	399	399	4	fac[cende	faccende	_	_	_	_	_	linguistic	_	none	_	_	_	_	_	2-8(128)
399-5	TOI020	399	399	5	degli	degli	_	_	_	_	_	linguistic	_	none	_	_	_	_	_	0-5(128)
399-6	TOI020	399	399	6	altri	altri	_	_	_	_	_	linguistic	_	none	_	_	_	_	_	0-5(128)
399-7	TOI020	399	399	7	a	a	_	_	_	_	_	linguistic	_	none	_	_	_	_	_	0-1(128)
399-8	TOI020	399	399	8	me	me	_	_	_	_	_	linguistic	_	none	_	_	_	_	_	0-2(128)
399-9	TOI020	399	399	9	no]n	non	_	_	_	_	_	linguistic	_	none	ProsodicLink=Yes	_	_	_	_	0-2(128)
399-10	TOI020	399	399	10	eh	eh	_	_	_	_	_	linguistic	_	none	_	_	_	_	_	_
399-11	TOI020	399	399	11	c(io)è	cioè	_	_	_	_	_	linguistic	_	none	Reduced=Yes	_	_	_	_	_
399-12	TOI020	399	399	12	a	a	_	_	_	_	_	linguistic	_	none	_	_	_	_	_	_
399-13	TOI020	399	399	13	me	me	_	_	_	_	_	linguistic	_	none	_	_	_	_	_	_
399-14	TOI020	399	399	14	non	non	_	_	_	_	_	linguistic	_	none	ProsodicLink=Yes	_	_	_	_	_
399-15	TOI020	399	399	15	e:h	eh	_	_	_	_	_	linguistic	_	none	_	End=1278.483	0x1	_	_	_
400-0	TOR004	400	400	0	[è	è	_	_	_	_	_	linguistic	_	none	_	Begin=1275.81	_	_	_	0-1(128)
400-1	TOR004	400	400	1	stressante	stressante	_	_	_	_	_	linguistic	_	none	_	_	_	_	_	0-10(128)
400-2	TOR004	400	400	2	comunque].	comunque	_	_	_	_	_	linguistic	_	none	Intonation=Falling	End=1277.214	_	_	_	0-8(128)
401-0	TOI020	401	401	0	poi	poi	_	_	_	_	_	linguistic	_	none	_	Begin=1278.92	_	_	_	_
401-1	TOI020	401	401	1	come	come	_	_	_	_	_	linguistic	_	none	_	_	_	_	_	_
401-2	TOI020	401	401	2	mi	mi	_	_	_	_	_	linguistic	_	none	_	_	_	_	_	_
401-3	TOI020	401	401	3	dicevano,	dicevano	_	_	_	_	_	linguistic	_	none	Intonation=WeaklyRising	_	_	_	_	_
401-4	TOI020	401	401	4	(guarda)	guarda	_	_	_	_	_	linguistic	_	none	_	_	_	_	0-6(0)	_
401-5	TOI020	401	401	5	che	che	_	_	_	_	_	linguistic	_	none	_	_	_	_	_	_
401-6	TOI020	401	401	6	anche	anche	_	_	_	_	_	linguistic	_	none	_	_	_	_	_	_
401-7	TOI020	401	401	7	a	a	_	_	_	_	_	linguistic	_	none	_	_	_	_	_	_
401-8	TOI020	401	401	8	torino	torino	_	_	_	_	_	linguistic	_	none	_	_	_	_	_	_
401-9	TOI020	401	401	9	è	è	_	_	_	_	_	linguistic	_	none	_	_	_	_	_	_
401-10	TOI020	401	401	10	la	la	_	_	_	_	_	linguistic	_	none	_	_	_	_	_	_
401-11	TOI020	401	401	11	stessa	stessa	_	_	_	_	_	linguistic	_	none	_	_	_	_	_	_
401-12	TOI020	401	401	12	cosa	cosa	_	_	_	_	_	linguistic	_	none	_	_	_	_	_	_
401-13	TOI020	401	401	13	perché	perché	_	_	_	_	_	linguistic	_	none	_	_	_	_	_	_
401-14	TOI020	401	401	14	tanto	tanto	_	_	_	_	_	linguistic	_	none	_	_	_	_	_	_
401-15	TOI020	401	401	15	nel	nel	_	_	_	_	_	linguistic	_	none	_	_	_	_	_	_
401-16	TOI020	401	401	16	quartiere	quartiere	_	_	_	_	_	linguistic	_	none	_	End=1283.552	_	_	_	_
402-0	TOI020	402	402	0	però	però	_	_	_	_	_	linguistic	_	none	_	Begin=1284.049	_	_	_	_
402-1	TOI020	402	402	1	sai	sai	_	_	_	_	_	linguistic	_	none	_	_	_	_	_	_
402-2	TOI020	402	402	2	nel	nel	_	_	_	_	_	linguistic	_	none	_	_	_	_	_	_
402-3	TOI020	402	402	3	quartiere	quartiere	_	_	_	_	_	linguistic	_	none	_	_	_	_	_	_
402-4	TOI020	402	402	4	io	io	_	_	_	_	_	linguistic	_	none	_	_	_	_	_	_
402-5	TOI020	402	402	5	l'	l'	_	_	_	_	_	linguistic	_	none	SpaceAfter=No	_	_	_	_	_
402-6	TOI020	402	402	6	ho	ho	_	_	_	_	_	linguistic	_	none	_	_	_	_	_	_
402-7	TOI020	402	402	7	sempre	sempre	_	_	_	_	_	linguistic	_	none	_	_	_	_	_	_
402-8	TOI020	402	402	8	vissuta	vissuta	_	_	_	_	_	linguistic	_	none	_	_	_	_	_	_
402-9	TOI020	402	402	9	così.	così	_	_	_	_	_	linguistic	_	none	Intonation=Falling	_	_	_	_	_
402-10	TOI020	402	402	10	se	se	_	_	_	_	_	linguistic	_	none	_	_	_	_	_	_
402-11	TOI020	402	402	11	tu	tu	_	_	_	_	_	linguistic	_	none	_	_	_	_	_	_
402-12	TOI020	402	402	12	non	non	_	_	_	_	_	linguistic	_	none	_	_	_	_	_	_
402-13	TOI020	402	402	13	dai	dai	_	_	_	_	_	linguistic	_	none	_	_	_	_	_	_
402-14	TOI020	402	402	14	confidenza,	confidenza	_	_	_	_	_	linguistic	_	none	Intonation=WeaklyRising	End=1288.637	_	_	_	_
403-0	TOI020	403	403	0	e	e	_	_	_	_	_	linguistic	_	none	_	Begin=1289.298	_	_	_	_
403-1	TOI020	403	403	1	ti	ti	_	_	_	_	_	linguistic	_	none	_	_	_	_	_	_
403-2	TOI020	403	403	2	dicono	dicono	_	_	_	_	_	linguistic	_	none	_	_	_	_	_	_
403-3	TOI020	403	403	3	qualcosa,	qualcosa	_	_	_	_	_	linguistic	_	none	Intonation=WeaklyRising	End=1291.086	_	_	_	_
404-0	TOR004	404	404	0	affa[ri	affari	_	_	_	_	_	linguistic	_	none	_	Begin=1291.271	_	_	_	4-6(129)
404-1	TOR004	404	404	1	loro]	loro	_	_	_	_	_	linguistic	_	none	_	End=1292.004	_	_	_	0-4(129)
405-0	TOI020	405	405	0	[e	e	_	_	_	_	_	linguistic	_	none	_	Begin=1291.483	_	_	_	0-1(129)
405-1	TOI020	405	405	1	te	te	_	_	_	_	_	linguistic	_	none	_	_	_	_	_	0-2(129)
405-2	TOI020	405	405	2	la	la	_	_	_	_	_	linguistic	_	none	_	_	_	_	_	0-2(129)
405-3	TOI020	405	405	3	di]cono	dicono	_	_	_	_	_	linguistic	_	none	_	_	_	_	_	0-2(129)
405-4	TOI020	405	405	4	affari	affari	_	_	_	_	_	linguistic	_	none	_	_	_	_	_	_
405-5	TOI020	405	405	5	loro.	loro	_	_	_	_	_	linguistic	_	none	Intonation=Falling	_	_	_	_	_
405-6	TOI020	405	405	6	invece	invece	_	_	_	_	_	linguistic	_	none	_	_	_	_	_	_
405-7	TOI020	405	405	7	lì:	lì	_	_	_	_	_	linguistic	_	none	_	End=1293.936	1x1	_	_	_
406-0	TOI020	406	406	0	e:h,	eh	_	_	_	_	_	linguistic	_	none	Intonation=WeaklyRising	Begin=1294.332	0x1	_	_	_
406-1	TOI020	406	406	1	gira	gira	_	_	_	_	_	linguistic	_	none	_	_	_	_	_	_
406-2	TOI020	406	406	2	gira	gira	_	_	_	_	_	linguistic	_	none	_	_	_	_	_	_
406-3	TOI020	406	406	3	qualcuno	qualcuno	_	_	_	_	_	linguistic	_	none	_	_	_	_	_	_
406-4	TOI020	406	406	4	ti	ti	_	_	_	_	_	linguistic	_	none	_	_	_	_	_	_
406-5	TOI020	406	406	5	viene	viene	_	_	_	_	_	linguistic	_	none	_	_	_	_	_	_
406-6	TOI020	406	406	6	poi	poi	_	_	_	_	_	linguistic	_	none	_	_	_	_	_	_
406-7	TOI020	406	406	7	a	a	_	_	_	_	_	linguistic	_	none	_	_	_	_	_	_
406-8	TOI020	406	406	8	dire	dire	_	_	_	_	_	linguistic	_	none	_	_	_	_	_	_
406-9	TOI020	406	406	9	no?	no	_	_	_	_	_	linguistic	_	none	Intonation=Rising	_	_	_	_	_
406-10	TOI020	406	406	10	che	che	_	_	_	_	_	linguistic	_	none	_	_	_	_	_	_
406-11	TOI020	406	406	11	cosa	cosa	_	_	_	_	_	linguistic	_	none	_	_	_	_	_	_
406-12	TOI020	406	406	12	hanno	hanno	_	_	_	_	_	linguistic	_	none	_	_	_	_	_	_
406-13	TOI020	406	406	13	detto,	detto	_	_	_	_	_	linguistic	_	none	Intonation=WeaklyRising	_	_	_	_	_
406-14	TOI020	406	406	14	che	che	_	_	_	_	_	linguistic	_	none	_	_	_	_	_	_
406-15	TOI020	406	406	15	cosa	cosa	_	_	_	_	_	linguistic	_	none	_	_	_	_	_	_
406-16	TOI020	406	406	16	hanno	hanno	_	_	_	_	_	linguistic	_	none	_	_	_	_	_	_
406-17	TOI020	406	406	17	fa~	fa~	_	_	_	_	_	linguistic	_	none	Interrupted=Yes	_	_	_	_	_
406-18	TOI020	406	406	18	e	e	_	_	_	_	_	linguistic	_	none	_	_	_	_	_	_
406-19	TOI020	406	406	19	allora:	allora	_	_	_	_	_	linguistic	_	none	_	End=1300.1	5x1	_	_	_
407-0	TOI020	407	407	0	c(io)è	cioè	_	_	_	_	_	linguistic	_	none	Reduced=Yes	Begin=1300.507	_	_	_	_
407-1	TOI020	407	407	1	che	che	_	_	_	_	_	linguistic	_	none	_	_	_	_	_	_
407-2	TOI020	407	407	2	ne	ne	_	_	_	_	_	linguistic	_	none	_	_	_	_	_	_
407-3	TOI020	407	407	3	so	so	_	_	_	_	_	linguistic	_	none	_	_	_	_	_	_
407-4	TOI020	407	407	4	io	io	_	_	_	_	_	linguistic	_	none	_	_	_	_	_	_
407-5	TOI020	407	407	5	andavo	andavo	_	_	_	_	_	linguistic	_	none	_	_	_	_	_	_
407-6	TOI020	407	407	6	da	da	_	_	_	_	_	linguistic	_	none	_	_	_	_	_	_
407-7	TOI020	407	407	7	sola	sola	_	_	_	_	_	linguistic	_	none	_	_	_	_	_	_
407-8	TOI020	407	407	8	perché	perché	_	_	_	_	_	linguistic	_	none	_	_	_	_	_	_
407-9	TOI020	407	407	9	marcello	marcello	_	_	_	_	_	linguistic	_	none	_	_	_	_	_	_
407-10	TOI020	407	407	10	non	non	_	_	_	_	_	linguistic	_	none	_	_	_	_	_	_
407-11	TOI020	407	407	11	veniva	veniva	_	_	_	_	_	linguistic	_	none	_	_	_	_	_	_
407-12	TOI020	407	407	12	giù,	giù	_	_	_	_	_	linguistic	_	none	Intonation=WeaklyRising	End=1304.016	_	_	_	_
408-0	TOI020	408	408	0	alla	alla	_	_	_	_	_	linguistic	_	none	_	Begin=1304.644	_	_	_	_
408-1	TOI020	408	408	1	fine	fine	_	_	_	_	_	linguistic	_	none	_	_	_	_	_	_
408-2	TOI020	408	408	2	si	si	_	_	_	_	_	linguistic	_	none	_	_	_	_	_	_
408-3	TOI020	408	408	3	sono	sono	_	_	_	_	_	linguistic	_	none	_	_	_	_	_	_
408-4	TOI020	408	408	4	posti	posti	_	_	_	_	_	linguistic	_	none	_	_	_	_	_	_
408-5	TOI020	408	408	5	il	il	_	_	_	_	_	linguistic	_	none	_	_	_	_	_	_
408-6	TOI020	408	408	6	problema	problema	_	_	_	_	_	linguistic	_	none	_	_	_	_	_	_
408-7	TOI020	408	408	7	se	se	_	_	_	_	_	linguistic	_	none	_	_	_	_	_	_
408-8	TOI020	408	408	8	io	io	_	_	_	_	_	linguistic	_	none	_	_	_	_	_	_
408-9	TOI020	408	408	9	mi	mi	_	_	_	_	_	linguistic	_	none	_	_	_	_	_	_
408-10	TOI020	408	408	10	ero	ero	_	_	_	_	_	linguistic	_	none	_	_	_	_	_	_
408-11	TOI020	408	408	11	lasciata	lasciata	_	_	_	_	_	linguistic	_	none	_	_	_	_	_	_
408-12	TOI020	408	408	12	con	con	_	_	_	_	_	linguistic	_	none	_	_	_	_	_	_
408-13	TOI020	408	408	13	mio	mio	_	_	_	_	_	linguistic	_	none	_	_	_	_	_	_
408-14	TOI020	408	408	14	marito	marito	_	_	_	_	_	linguistic	_	none	_	End=1308.24	_	_	_	_
409-0	TOR004	409	409	0	°o	o	_	_	_	_	_	linguistic	_	none	Volume=low	Begin=1308.242	_	_	_	_
409-1	TOR004	409	409	1	signore°	signore	_	_	_	_	_	linguistic	_	none	Volume=low	End=1308.989	_	_	_	_
410-0	TOI020	410	410	0	mi	mi	_	_	_	_	_	linguistic	_	none	_	Begin=1309.074	_	_	_	_
410-1	TOI020	410	410	1	vedevano	vedevano	_	_	_	_	_	linguistic	_	none	_	_	_	_	_	_
410-2	TOI020	410	410	2	vestita	vestita	_	_	_	_	_	linguistic	_	none	PauseAfter=Yes	_	_	_	_	_
410-3	TOI020	410	410	3	(.)	(.)	_	_	_	_	_	shortpause	_	none	_	_	_	_	_	_
410-4	TOI020	410	410	4	d~	d~	_	_	_	_	_	linguistic	_	none	Interrupted=Yes	_	_	_	_	_
410-5	TOI020	410	410	5	di	di	_	_	_	_	_	linguistic	_	none	_	_	_	_	_	_
410-6	TOI020	410	410	6	nero	nero	_	_	_	_	_	linguistic	_	none	_	_	_	_	_	_
410-7	TOI020	410	410	7	perché	perché	_	_	_	_	_	linguistic	_	none	_	_	_	_	_	_
410-8	TOI020	410	410	8	io	io	_	_	_	_	_	linguistic	_	none	_	_	_	_	_	_
410-9	TOI020	410	410	9	ecc~	ecc~	_	_	_	_	_	linguistic	_	none	Interrupted=Yes	_	_	_	_	_
410-10	TOI020	410	410	10	c(io)è	cioè	_	_	_	_	_	linguistic	_	none	Reduced=Yes	_	_	_	_	_
410-11	TOI020	410	410	11	voglio	voglio	_	_	_	_	_	linguistic	_	none	_	_	_	_	_	_
410-12	TOI020	410	410	12	dire	dire	_	_	_	_	_	linguistic	_	none	_	_	_	_	_	_
410-13	TOI020	410	410	13	non	non	_	_	_	_	_	linguistic	_	none	_	_	_	_	_	_
410-14	TOI020	410	410	14	è	è	_	_	_	_	_	linguistic	_	none	_	_	_	_	_	_
410-15	TOI020	410	410	15	che	che	_	_	_	_	_	linguistic	_	none	_	_	_	_	_	_
410-16	TOI020	410	410	16	son	son	_	_	_	_	_	linguistic	_	none	_	_	_	_	_	_
410-17	TOI020	410	410	17	tanto	tanto	_	_	_	_	_	linguistic	_	none	_	_	_	_	_	_
410-18	TOI020	410	410	18	vestita	vestita	_	_	_	_	_	linguistic	_	none	_	_	_	_	_	_
410-19	TOI020	410	410	19	di	di	_	_	_	_	_	linguistic	_	none	_	_	_	_	_	_
410-20	TOI020	410	410	20	chiaro,	chiaro	_	_	_	_	_	linguistic	_	none	Intonation=WeaklyRising	End=1315.065	_	_	_	_
411-0	TOR004	411	411	0	((ride))	((ride))	_	_	_	_	_	nonverbalbehavior	_	none	_	Begin=1313.424|End=1314.56	_	_	_	_
412-0	TOI020	412	412	0	gli	gli	_	_	_	_	_	linguistic	_	none	_	Begin=1315.466	_	_	_	_
412-1	TOI020	412	412	1	han	han	_	_	_	_	_	linguistic	_	none	_	_	_	_	_	_
412-2	TOI020	412	412	2	chiesto	chiesto	_	_	_	_	_	linguistic	_	none	_	_	_	_	_	_
412-3	TOI020	412	412	3	a	a	_	_	_	_	_	linguistic	_	none	_	_	_	_	_	_
412-4	TOI020	412	412	4	mio	mio	_	_	_	_	_	linguistic	_	none	_	_	_	_	_	_
412-5	TOI020	412	412	5	fratello	fratello	_	_	_	_	_	linguistic	_	none	_	_	_	_	_	_
412-6	TOI020	412	412	6	se	se	_	_	_	_	_	linguistic	_	none	_	_	_	_	_	_
412-7	TOI020	412	412	7	ero	ero	_	_	_	_	_	linguistic	_	none	_	_	_	_	_	_
412-8	TOI020	412	412	8	diventata	diventata	_	_	_	_	_	linguistic	_	none	_	_	_	_	_	_
412-9	TOI020	412	412	9	vedova	vedova	_	_	_	_	_	linguistic	_	none	_	_	_	_	_	_
412-10	TOI020	412	412	10	[e	e	_	_	_	_	_	linguistic	_	none	_	_	_	_	_	0-1(130)
412-11	TOI020	412	412	11	loro	loro	_	_	_	_	_	linguistic	_	none	_	_	_	_	_	0-4(130)
412-12	TOI020	412	412	12	non	non	_	_	_	_	_	linguistic	_	none	_	_	_	_	_	0-3(130)
412-13	TOI020	412	412	13	l'	l'	_	_	_	_	_	linguistic	_	none	SpaceAfter=No	_	_	_	_	0-2(130)
412-14	TOI020	412	412	14	a~]	a~	_	_	_	_	_	linguistic	_	none	Interrupted=Yes	_	_	_	_	0-2(130)
412-15	TOI020	412	412	15	te	te	_	_	_	_	_	linguistic	_	none	_	_	_	_	_	_
412-16	TOI020	412	412	16	lo	lo	_	_	_	_	_	linguistic	_	none	_	_	_	_	_	_
412-17	TOI020	412	412	17	giuro	giuro	_	_	_	_	_	linguistic	_	none	_	End=1319.656	_	_	_	_
413-0	TOR004	413	413	0	[veramente],	veramente	_	_	_	_	_	linguistic	_	none	Intonation=WeaklyRising	Begin=1317.702|End=1318.698	_	_	_	0-9(130)
414-0	TOR004	414	414	0	((ride))	((ride))	_	_	_	_	_	nonverbalbehavior	_	none	_	Begin=1319.94|End=1320.134	_	_	_	_
415-0	TOI020	415	415	0	e	e	_	_	_	_	_	linguistic	_	none	_	Begin=1320.164	_	_	_	_
415-1	TOI020	415	415	1	non	non	_	_	_	_	_	linguistic	_	none	_	_	_	_	_	_
415-2	TOI020	415	415	2	l'	l'	_	_	_	_	_	linguistic	_	none	SpaceAfter=No	_	_	_	_	_
415-3	TOI020	415	415	3	avevano	avevano	_	_	_	_	_	linguistic	_	none	_	_	_	_	_	_
415-4	TOI020	415	415	4	sa[puto],	saputo	_	_	_	_	_	linguistic	_	none	Intonation=WeaklyRising	End=1321.554	_	_	_	1-6(131)
416-0	TOR004	416	416	0	[e	e	_	_	_	_	_	linguistic	_	none	_	Begin=1321.209	_	_	_	0-1(131)
416-1	TOR004	416	416	1	tu]	tu	_	_	_	_	_	linguistic	_	none	_	_	_	_	_	0-2(131)
416-2	TOR004	416	416	2	cos'	cos'	_	_	_	_	_	linguistic	_	none	SpaceAfter=No	_	_	_	_	_
416-3	TOR004	416	416	3	ha[i	hai	_	_	_	_	_	linguistic	_	none	_	_	_	_	_	1-3(132)
416-4	TOR004	416	416	4	detto]?	detto	_	_	_	_	_	linguistic	_	none	Intonation=Rising	End=1322.563	_	_	_	0-5(132)
417-0	TOI020	417	417	0	[°sai,°	sai	_	_	_	_	_	linguistic	_	none	Intonation=WeaklyRising|PauseAfter=Yes|Volume=low	Begin=1321.811	_	_	_	0-3(132)
417-1	TOI020	417	417	1	(.)	(.)	_	_	_	_	_	shortpause	_	none	_	_	_	_	_	_
417-2	TOI020	417	417	2	io]	io	_	_	_	_	_	linguistic	_	none	_	_	_	_	_	0-2(132)
417-3	TOI020	417	417	3	niente.	niente	_	_	_	_	_	linguistic	_	none	Intonation=Falling	_	_	_	_	_
417-4	TOI020	417	417	4	proprio	proprio	_	_	_	_	_	linguistic	_	none	_	_	_	_	_	_
417-5	TOI020	417	417	5	>io	io	_	_	_	_	_	linguistic	_	none	_	_	_	Fast=0-2(0)	_	_
417-6	TOI020	417	417	6	gli	gli	_	_	_	_	_	linguistic	_	none	_	_	_	Fast=0-3(0)	_	_
417-7	TOI020	417	417	7	ho	ho	_	_	_	_	_	linguistic	_	none	_	_	_	Fast=0-2(0)	_	_
417-8	TOI020	417	417	8	detto<	detto	_	_	_	_	_	linguistic	_	none	_	_	_	Fast=0-5(0)	_	_
417-9	TOI020	417	417	9	no.	no	_	_	_	_	_	linguistic	_	none	Intonation=Falling	End=1324.202	_	_	_	_
418-0	TOI020	418	418	0	veramente	veramente	_	_	_	_	_	linguistic	_	none	_	Begin=1324.465	_	_	_	_
418-1	TOI020	418	418	1	è	è	_	_	_	_	_	linguistic	_	none	_	_	_	_	_	_
418-2	TOI020	418	418	2	ancora	ancora	_	_	_	_	_	linguistic	_	none	_	_	_	_	_	_
418-3	TOI020	418	418	3	vivo	vivo	_	_	_	_	_	linguistic	_	none	_	End=1325.952	_	_	_	_
419-0	TOI020	419	419	0	sono	sono	_	_	_	_	_	linguistic	_	none	_	Begin=1326.402	_	_	_	_
419-1	TOI020	419	419	1	andati	andati	_	_	_	_	_	linguistic	_	none	_	_	_	_	_	_
419-2	TOI020	419	419	2	dalla	dalla	_	_	_	_	_	linguistic	_	none	_	_	_	_	_	_
419-3	TOI020	419	419	3	cugina	cugina	_	_	_	_	_	linguistic	_	none	_	_	_	_	_	_
419-4	TOI020	419	419	4	di	di	_	_	_	_	_	linguistic	_	none	_	_	_	_	_	_
419-5	TOI020	419	419	5	mio	mio	_	_	_	_	_	linguistic	_	none	_	_	_	_	_	_
419-6	TOI020	419	419	6	mari:to	marito	_	_	_	_	_	linguistic	_	none	PauseAfter=Yes	_	3x1	_	_	_
419-7	TOI020	419	419	7	(.)	(.)	_	_	_	_	_	shortpause	_	none	_	_	_	_	_	_
419-8	TOI020	419	419	8	perché	perché	_	_	_	_	_	linguistic	_	none	_	_	_	_	_	_
419-9	TOI020	419	419	9	un	un	_	_	_	_	_	linguistic	_	none	_	_	_	_	_	_
419-10	TOI020	419	419	10	anno	anno	_	_	_	_	_	linguistic	_	none	_	_	_	_	_	_
419-11	TOI020	419	419	11	sono	sono	_	_	_	_	_	linguistic	_	none	_	_	_	_	_	_
419-12	TOI020	419	419	12	andata	andata	_	_	_	_	_	linguistic	_	none	_	_	_	_	_	_
419-13	TOI020	419	419	13	con	con	_	_	_	_	_	linguistic	_	none	_	_	_	_	_	_
419-14	TOI020	419	419	14	un	un	_	_	_	_	_	linguistic	_	none	_	_	_	_	_	_
419-15	TOI020	419	419	15	raga~	raga~	_	_	_	_	_	linguistic	_	none	Interrupted=Yes	_	_	_	_	_
419-16	TOI020	419	419	16	ecco	ecco	_	_	_	_	_	linguistic	_	none	_	_	_	_	_	_
419-17	TOI020	419	419	17	per	per	_	_	_	_	_	linguistic	_	none	_	_	_	_	_	_
419-18	TOI020	419	419	18	dirti	dirti	_	_	_	_	_	linguistic	_	none	_	_	_	_	_	_
419-19	TOI020	419	419	19	no?	no	_	_	_	_	_	linguistic	_	none	Intonation=Rising	End=1332.374	_	_	_	_
420-0	TOI020	420	420	0	io	io	_	_	_	_	_	linguistic	_	none	_	Begin=1332.754	_	_	_	_
420-1	TOI020	420	420	1	sono	sono	_	_	_	_	_	linguistic	_	none	_	_	_	_	_	_
420-2	TOI020	420	420	2	andata	andata	_	_	_	_	_	linguistic	_	none	_	_	_	_	_	_
420-3	TOI020	420	420	3	con	con	_	_	_	_	_	linguistic	_	none	_	_	_	_	_	_
420-4	TOI020	420	420	4	un	un	_	_	_	_	_	linguistic	_	none	_	_	_	_	_	_
420-5	TOI020	420	420	5	amico	amico	_	_	_	_	_	linguistic	_	none	_	_	_	_	_	_
420-6	TOI020	420	420	6	di	di	_	_	_	_	_	linguistic	_	none	_	_	_	_	_	_
420-7	TOI020	420	420	7	marcello,	marcello	_	_	_	_	_	linguistic	_	none	Intonation=WeaklyRising	End=1335.343	_	_	_	_
421-0	TOI020	421	421	0	c'	c'	_	_	_	_	_	linguistic	_	none	SpaceAfter=No	Begin=1335.885	_	_	_	_
421-1	TOI020	421	421	1	era	era	_	_	_	_	_	linguistic	_	none	_	_	_	_	_	_
421-2	TOI020	421	421	2	anche	anche	_	_	_	_	_	linguistic	_	none	_	_	_	_	_	_
421-3	TOI020	421	421	3	marcello	marcello	_	_	_	_	_	linguistic	_	none	_	_	_	_	_	_
421-4	TOI020	421	421	4	ma	ma	_	_	_	_	_	linguistic	_	none	_	_	_	_	_	_
421-5	TOI020	421	421	5	marcello	marcello	_	_	_	_	_	linguistic	_	none	_	_	_	_	_	_
421-6	TOI020	421	421	6	era	era	_	_	_	_	_	linguistic	_	none	_	_	_	_	_	_
421-7	TOI020	421	421	7	rimasto	rimasto	_	_	_	_	_	linguistic	_	none	_	_	_	_	_	_
421-8	TOI020	421	421	8	a	a	_	_	_	_	_	linguistic	_	none	_	_	_	_	_	_
421-9	TOI020	421	421	9	casa	casa	_	_	_	_	_	linguistic	_	none	_	_	_	_	_	_
421-10	TOI020	421	421	10	e	e	_	_	_	_	_	linguistic	_	none	_	_	_	_	_	_
421-11	TOI020	421	421	11	io	io	_	_	_	_	_	linguistic	_	none	_	_	_	_	_	_
421-12	TOI020	421	421	12	e	e	_	_	_	_	_	linguistic	_	none	_	_	_	_	_	_
421-13	TOI020	421	421	13	lui	lui	_	_	_	_	_	linguistic	_	none	_	_	_	_	_	_
421-14	TOI020	421	421	14	siamo	siamo	_	_	_	_	_	linguistic	_	none	_	_	_	_	_	_
421-15	TOI020	421	421	15	andati	andati	_	_	_	_	_	linguistic	_	none	_	End=1340.251	_	_	_	_
422-0	TOR004	422	422	0	((ride))	((ride))	_	_	_	_	_	nonverbalbehavior	_	none	_	Begin=1340.124|End=1340.567	_	_	_	_
423-0	TOI020	423	423	0	a	a	_	_	_	_	_	linguistic	_	none	_	Begin=1340.543	_	_	_	_
423-1	TOI020	423	423	1	f~	f~	_	_	_	_	_	linguistic	_	none	Interrupted=Yes	End=1340.975	_	_	_	_
424-0	TOI020	424	424	0	non	non	_	_	_	_	_	linguistic	_	none	_	Begin=1341.342	_	_	_	_
424-1	TOI020	424	424	1	so	so	_	_	_	_	_	linguistic	_	none	_	_	_	_	_	_
424-2	TOI020	424	424	2	>magari	magari	_	_	_	_	_	linguistic	_	none	_	_	_	Fast=0-6(0)	_	_
424-3	TOI020	424	424	3	siamo	siamo	_	_	_	_	_	linguistic	_	none	_	_	_	Fast=0-5(0)	_	_
424-4	TOI020	424	424	4	andati<	andati	_	_	_	_	_	linguistic	_	none	_	_	_	Fast=0-6(0)	_	_
424-5	TOI020	424	424	5	a	a	_	_	_	_	_	linguistic	_	none	_	_	_	_	_	_
424-6	TOI020	424	424	6	fare	fare	_	_	_	_	_	linguistic	_	none	_	_	_	_	_	_
424-7	TOI020	424	424	7	una	una	_	_	_	_	_	linguistic	_	none	_	_	_	_	_	_
424-8	TOI020	424	424	8	commissio~	commissio~	_	_	_	_	_	linguistic	_	none	Interrupted=Yes	_	_	_	_	_
424-9	TOI020	424	424	9	o	o	_	_	_	_	_	linguistic	_	none	_	_	_	_	_	_
424-10	TOI020	424	424	10	comunque	comunque	_	_	_	_	_	linguistic	_	none	_	_	_	_	_	_
424-11	TOI020	424	424	11	siamo	siamo	_	_	_	_	_	linguistic	_	none	_	_	_	_	_	_
424-12	TOI020	424	424	12	usciti,	usciti	_	_	_	_	_	linguistic	_	none	Intonation=WeaklyRising	End=1344.856	_	_	_	_
425-0	TOI020	425	425	0	non	non	_	_	_	_	_	linguistic	_	none	_	Begin=1345.164	_	_	_	_
425-1	TOI020	425	425	1	hanno	hanno	_	_	_	_	_	linguistic	_	none	_	_	_	_	_	_
425-2	TOI020	425	425	2	visto	visto	_	_	_	_	_	linguistic	_	none	PauseAfter=Yes	_	_	_	_	_
425-3	TOI020	425	425	3	(.)	(.)	_	_	_	_	_	shortpause	_	none	_	_	_	_	_	_
425-4	TOI020	425	425	4	mar~	mar~	_	_	_	_	_	linguistic	_	none	Interrupted=Yes	_	_	_	_	_
425-5	TOI020	425	425	5	ah	ah	_	_	_	_	_	linguistic	_	none	_	_	_	_	_	_
425-6	TOI020	425	425	6	eravamo	eravamo	_	_	_	_	_	linguistic	_	none	_	_	_	_	_	_
425-7	TOI020	425	425	7	andati	andati	_	_	_	_	_	linguistic	_	none	_	_	_	_	_	_
425-8	TOI020	425	425	8	per	per	_	_	_	_	_	linguistic	_	none	_	_	_	_	_	_
425-9	TOI020	425	425	9	la	la	_	_	_	_	_	linguistic	_	none	_	_	_	_	_	_
425-10	TOI020	425	425	10	perché	perché	_	_	_	_	_	linguistic	_	none	_	_	_	_	_	_
425-11	TOI020	425	425	11	dovevamo	dovevamo	_	_	_	_	_	linguistic	_	none	_	_	_	_	_	_
425-12	TOI020	425	425	12	firmare	firmare	_	_	_	_	_	linguistic	_	none	_	_	_	_	_	_
425-13	TOI020	425	425	13	dal	dal	_	_	_	_	_	linguistic	_	none	_	_	_	_	_	_
425-14	TOI020	425	425	14	notaio.	notaio	_	_	_	_	_	linguistic	_	none	Intonation=Falling	End=1350.037	_	_	_	_
426-0	TOI020	426	426	0	quindi	quindi	_	_	_	_	_	linguistic	_	none	_	Begin=1350.711	_	_	_	_
426-1	TOI020	426	426	1	c'	c'	_	_	_	_	_	linguistic	_	none	SpaceAfter=No	_	_	_	_	_
426-2	TOI020	426	426	2	era	era	_	_	_	_	_	linguistic	_	none	_	_	_	_	_	_
426-3	TOI020	426	426	3	anche	anche	_	_	_	_	_	linguistic	_	none	_	_	_	_	_	_
426-4	TOI020	426	426	4	questo	questo	_	_	_	_	_	linguistic	_	none	_	_	_	_	_	_
426-5	TOI020	426	426	5	ragazzo	ragazzo	_	_	_	_	_	linguistic	_	none	_	_	_	_	_	_
426-6	TOI020	426	426	6	con	con	_	_	_	_	_	linguistic	_	none	_	_	_	_	_	_
426-7	TOI020	426	426	7	noi	noi	_	_	_	_	_	linguistic	_	none	_	_	_	_	_	_
426-8	TOI020	426	426	8	un	un	_	_	_	_	_	linguistic	_	none	_	_	_	_	_	_
426-9	TOI020	426	426	9	nostro	nostro	_	_	_	_	_	linguistic	_	none	_	_	_	_	_	_
426-10	TOI020	426	426	10	amico,	amico	_	_	_	_	_	linguistic	_	none	Intonation=WeaklyRising	End=1353.872	_	_	_	_
427-0	TOI020	427	427	0	hanno	hanno	_	_	_	_	_	linguistic	_	none	_	Begin=1354.124	_	_	_	_
427-1	TOI020	427	427	1	visto	visto	_	_	_	_	_	linguistic	_	none	_	_	_	_	_	_
427-2	TOI020	427	427	2	me	me	_	_	_	_	_	linguistic	_	none	_	_	_	_	_	_
427-3	TOI020	427	427	3	con	con	_	_	_	_	_	linguistic	_	none	_	_	_	_	_	_
427-4	TOI020	427	427	4	questo	questo	_	_	_	_	_	linguistic	_	none	_	_	_	_	_	_
427-5	TOI020	427	427	5	amico	amico	_	_	_	_	_	linguistic	_	none	_	_	_	_	_	_
427-6	TOI020	427	427	6	sono	sono	_	_	_	_	_	linguistic	_	none	_	_	_	_	_	_
427-7	TOI020	427	427	7	andati	andati	_	_	_	_	_	linguistic	_	none	_	_	_	_	_	_
427-8	TOI020	427	427	8	dalla	dalla	_	_	_	_	_	linguistic	_	none	_	_	_	_	_	_
427-9	TOI020	427	427	9	cugina	cugina	_	_	_	_	_	linguistic	_	none	_	_	_	_	_	_
427-10	TOI020	427	427	10	di	di	_	_	_	_	_	linguistic	_	none	PauseAfter=Yes	_	_	_	_	_
427-11	TOI020	427	427	11	(.)	(.)	_	_	_	_	_	shortpause	_	none	_	_	_	_	_	_
427-12	TOI020	427	427	12	mar[cello],	marcello	_	_	_	_	_	linguistic	_	none	Intonation=WeaklyRising	End=1358.55	_	_	_	3-8(133)
428-0	TOR004	428	428	0	[ci(o)è	cioè	_	_	_	_	_	linguistic	_	none	Reduced=Yes	Begin=1358.235	_	_	_	0-4(133)
428-1	TOR004	428	428	1	ne]anche	neanche	_	_	_	_	_	linguistic	_	none	_	_	_	_	_	0-2(133)
428-2	TOR004	428	428	2	da	da	_	_	_	_	_	linguistic	_	none	_	_	_	_	_	_
428-3	TOR004	428	428	3	marcello	marcello	_	_	_	_	_	linguistic	_	none	_	_	_	_	_	_
428-4	TOR004	428	428	4	da	da	_	_	_	_	_	linguistic	_	none	_	_	_	_	_	_
428-5	TOR004	428	428	5	sua	sua	_	_	_	_	_	linguistic	_	none	_	_	_	_	_	_
428-6	TOR004	428	428	6	[cugina]	cugina	_	_	_	_	_	linguistic	_	none	_	End=1360.158	_	_	_	0-6(134)
429-0	TOI020	429	429	0	[no.	no	_	_	_	_	_	linguistic	_	none	Intonation=Falling	Begin=1359.75	_	_	_	0-2(134)
429-1	TOI020	429	429	1	è]	è	_	_	_	_	_	linguistic	_	none	_	_	_	_	_	0-1(134)
429-2	TOI020	429	429	2	perché,	perché	_	_	_	_	_	linguistic	_	none	Intonation=WeaklyRising	_	_	_	_	_
429-3	TOI020	429	429	3	marcello	marcello	_	_	_	_	_	linguistic	_	none	_	_	_	_	_	_
429-4	TOI020	429	429	4	non	non	_	_	_	_	_	linguistic	_	none	_	_	_	_	_	_
429-5	TOI020	429	429	5	l'	l'	_	_	_	_	_	linguistic	_	none	SpaceAfter=No	_	_	_	_	_
429-6	TOI020	429	429	6	avevano	avevano	_	_	_	_	_	linguistic	_	none	_	_	_	_	_	_
429-7	TOI020	429	429	7	visto	visto	_	_	_	_	_	linguistic	_	none	_	_	_	_	_	_
429-8	TOI020	429	429	8	quindi	quindi	_	_	_	_	_	linguistic	_	none	_	_	_	_	_	_
429-9	TOI020	429	429	9	[sono	sono	_	_	_	_	_	linguistic	_	none	_	_	_	_	_	0-4(135)
429-10	TOI020	429	429	10	andati	andati	_	_	_	_	_	linguistic	_	none	_	_	_	_	_	0-6(135)
429-11	TOI020	429	429	11	dal]la	dalla	_	_	_	_	_	linguistic	_	none	_	_	_	_	_	0-3(135)
429-12	TOI020	429	429	12	cugina	cugina	_	_	_	_	_	linguistic	_	none	_	_	_	_	_	_
429-13	TOI020	429	429	13	che	che	_	_	_	_	_	linguistic	_	none	_	_	_	_	_	_
429-14	TOI020	429	429	14	ha	ha	_	_	_	_	_	linguistic	_	none	_	_	_	_	_	_
429-15	TOI020	429	429	15	un	un	_	_	_	_	_	linguistic	_	none	_	_	_	_	_	_
429-16	TOI020	429	429	16	negozio,	negozio	_	_	_	_	_	linguistic	_	none	Intonation=WeaklyRising	End=1364.88	_	_	_	_
430-0	TOR004	430	430	0	[ah	ah	_	_	_	_	_	linguistic	_	none	_	Begin=1362.385	_	_	_	0-2(135)
430-1	TOR004	430	430	1	eh	eh	_	_	_	_	_	linguistic	_	none	_	_	_	_	_	0-2(135)
430-2	TOR004	430	430	2	no]	no	_	_	_	_	_	linguistic	_	none	_	End=1363.188	_	_	_	0-2(135)
431-0	TOI020	431	431	0	e	e	_	_	_	_	_	linguistic	_	none	_	Begin=1365.194	_	_	_	_
431-1	TOI020	431	431	1	gli	gli	_	_	_	_	_	linguistic	_	none	_	_	_	_	_	_
431-2	TOI020	431	431	2	hanno	hanno	_	_	_	_	_	linguistic	_	none	_	_	_	_	_	_
431-3	TOI020	431	431	3	detto	detto	_	_	_	_	_	linguistic	_	none	_	_	_	_	_	_
431-4	TOI020	431	431	4	°ma	ma	_	_	_	_	_	linguistic	_	none	Volume=low	_	_	_	_	_
431-5	TOI020	431	431	5	no	no	_	_	_	_	_	linguistic	_	none	PauseAfter=Yes|Volume=low	_	_	_	_	_
431-6	TOI020	431	431	6	(.)	(.)	_	_	_	_	_	shortpause	_	none	_	_	_	_	_	_
431-7	TOI020	431	431	7	abbiamo	abbiamo	_	_	_	_	_	linguistic	_	none	Volume=low	_	_	_	_	_
431-8	TOI020	431	431	8	visto	visto	_	_	_	_	_	linguistic	_	none	Volume=low	_	_	_	_	_
431-9	TOI020	431	431	9	margherita°	margherita	_	_	_	_	_	linguistic	_	none	Volume=low	End=1367.886	_	_	_	_
432-0	TOI020	432	432	0	con	con	_	_	_	_	_	linguistic	_	none	_	Begin=1368.292	_	_	_	_
432-1	TOI020	432	432	1	un	un	_	_	_	_	_	linguistic	_	none	_	_	_	_	_	_
432-2	TOI020	432	432	2	altro.	altro	_	_	_	_	_	linguistic	_	none	Intonation=Falling	End=1369.237	_	_	_	_
433-0	TOI020	433	433	0	ma	ma	_	_	_	_	_	linguistic	_	none	_	Begin=1369.475	_	_	_	_
433-1	TOI020	433	433	1	quindi	quindi	_	_	_	_	_	linguistic	_	none	_	_	_	_	_	_
433-2	TOI020	433	433	2	non	non	_	_	_	_	_	linguistic	_	none	_	_	_	_	_	_
433-3	TOI020	433	433	3	sta	sta	_	_	_	_	_	linguistic	_	none	_	_	_	_	_	_
433-4	TOI020	433	433	4	più	più	_	_	_	_	_	linguistic	_	none	_	_	_	_	_	_
433-5	TOI020	433	433	5	insieme	insieme	_	_	_	_	_	linguistic	_	none	_	_	_	_	_	_
433-6	TOI020	433	433	6	a	a	_	_	_	_	_	linguistic	_	none	_	_	_	_	_	_
433-7	TOI020	433	433	7	tuo	tuo	_	_	_	_	_	linguistic	_	none	_	_	_	_	_	_
433-8	TOI020	433	433	8	cugino.	cugino	_	_	_	_	_	linguistic	_	none	Intonation=Falling	_	_	_	_	_
433-9	TOI020	433	433	9	per	per	_	_	_	_	_	linguistic	_	none	_	_	_	_	_	_
433-10	TOI020	433	433	10	dire	dire	_	_	_	_	_	linguistic	_	none	_	_	_	_	_	_
433-11	TOI020	433	433	11	no,	no	_	_	_	_	_	linguistic	_	none	Intonation=WeaklyRising	End=1372.731	_	_	_	_
434-0	TOI020	434	434	0	e	e	_	_	_	_	_	linguistic	_	none	_	Begin=1373.26	_	_	_	_
434-1	TOI020	434	434	1	lei	lei	_	_	_	_	_	linguistic	_	none	_	_	_	_	_	_
434-2	TOI020	434	434	2	dice	dice	_	_	_	_	_	linguistic	_	none	_	_	_	_	_	_
434-3	TOI020	434	434	3	mah,	mah	_	_	_	_	_	linguistic	_	none	Intonation=WeaklyRising	_	_	_	_	_
434-4	TOI020	434	434	4	veramente	veramente	_	_	_	_	_	linguistic	_	none	_	_	_	_	_	_
434-5	TOI020	434	434	5	son	son	_	_	_	_	_	linguistic	_	none	_	_	_	_	_	_
434-6	TOI020	434	434	6	venuti	venuti	_	_	_	_	_	linguistic	_	none	_	_	_	_	_	_
434-7	TOI020	434	434	7	prima	prima	_	_	_	_	_	linguistic	_	none	_	_	_	_	_	_
434-8	TOI020	434	434	8	qua.	qua	_	_	_	_	_	linguistic	_	none	Intonation=Falling	_	_	_	_	_
434-9	TOI020	434	434	9	non	non	_	_	_	_	_	linguistic	_	none	_	_	_	_	_	_
434-10	TOI020	434	434	10	lo	lo	_	_	_	_	_	linguistic	_	none	_	_	_	_	_	_
434-11	TOI020	434	434	11	so	so	_	_	_	_	_	linguistic	_	none	_	_	_	_	_	_
434-12	TOI020	434	434	12	poi	poi	_	_	_	_	_	linguistic	_	none	_	_	_	_	_	_
434-13	TOI020	434	434	13	se	se	_	_	_	_	_	linguistic	_	none	_	_	_	_	_	_
434-14	TOI020	434	434	14	si	si	_	_	_	_	_	linguistic	_	none	_	_	_	_	_	_
434-15	TOI020	434	434	15	son	son	_	_	_	_	_	linguistic	_	none	_	_	_	_	_	_
434-16	TOI020	434	434	16	lasciati	lasciati	_	_	_	_	_	linguistic	_	none	_	_	_	_	_	_
434-17	TOI020	434	434	17	nel	nel	_	_	_	_	_	linguistic	_	none	_	_	_	_	_	_
434-18	TOI020	434	434	18	fratte~	fratte~	_	_	_	_	_	linguistic	_	none	Interrupted=Yes	_	_	_	_	_
434-19	TOI020	434	434	19	perché	perché	_	_	_	_	_	linguistic	_	none	_	_	_	_	_	_
434-20	TOI020	434	434	20	poi	poi	_	_	_	_	_	linguistic	_	none	_	_	_	_	_	_
434-21	TOI020	434	434	21	ri:di	ridi	_	_	_	_	_	linguistic	_	none	_	_	1x1	_	_	_
434-22	TOI020	434	434	22	no?	no	_	_	_	_	_	linguistic	_	none	Intonation=Rising	End=1380.188	_	_	_	_
435-0	TOR004	435	435	0	sì	sì	_	_	_	_	_	linguistic	_	none	_	Begin=1380.377	_	_	_	_
435-1	TOR004	435	435	1	che	che	_	_	_	_	_	linguistic	_	none	_	_	_	_	_	_
435-2	TOR004	435	435	2	devi	devi	_	_	_	_	_	linguistic	_	none	_	_	_	_	_	_
435-3	TOR004	435	435	3	[fare]?	fare	_	_	_	_	_	linguistic	_	none	Intonation=Rising	End=1381.196	_	_	_	0-4(136)
436-0	TOI020	436	436	0	[>invece<]	invece	_	_	_	_	_	linguistic	_	none	_	Begin=1380.814|End=1381.2	_	Fast=0-6(0)	_	0-6(136)
437-0	TOI020	437	437	0	se	se	_	_	_	_	_	linguistic	_	none	_	Begin=1381.377	_	_	_	_
437-1	TOI020	437	437	1	si	si	_	_	_	_	_	linguistic	_	none	_	_	_	_	_	_
437-2	TOI020	437	437	2	son	son	_	_	_	_	_	linguistic	_	none	_	_	_	_	_	_
437-3	TOI020	437	437	3	lasciati	lasciati	_	_	_	_	_	linguistic	_	none	_	_	_	_	_	_
437-4	TOI020	437	437	4	nel	nel	_	_	_	_	_	linguistic	_	none	_	_	_	_	_	_
437-5	TOI020	437	437	5	frattemp[o	frattempo	_	_	_	_	_	linguistic	_	none	_	_	_	_	_	8-9(137)
437-6	TOI020	437	437	6	magari	magari	_	_	_	_	_	linguistic	_	none	_	_	_	_	_	0-6(137)
437-7	TOI020	437	437	7	non	non	_	_	_	_	_	linguistic	_	none	_	_	_	_	_	0-3(137)
437-8	TOI020	437	437	8	lo	lo	_	_	_	_	_	linguistic	_	none	_	_	_	_	_	0-2(137)
437-9	TOI020	437	437	9	s]o,	so	_	_	_	_	_	linguistic	_	none	Intonation=WeaklyRising	_	_	_	_	0-1(137)
437-10	TOI020	437	437	10	dice.	dice	_	_	_	_	_	linguistic	_	none	Intonation=Falling	_	_	_	_	_
437-11	TOI020	437	437	11	perché	perché	_	_	_	_	_	linguistic	_	none	_	_	_	_	_	_
437-12	TOI020	437	437	12	magari	magari	_	_	_	_	_	linguistic	_	none	_	_	_	_	_	_
437-13	TOI020	437	437	13	da	da	_	_	_	_	_	linguistic	_	none	_	_	_	_	_	_
437-14	TOI020	437	437	14	qua	qua	_	_	_	_	_	linguistic	_	none	_	_	_	_	_	_
437-15	TOI020	437	437	15	ad	ad	_	_	_	_	_	linguistic	_	none	_	_	_	_	_	_
437-16	TOI020	437	437	16	essere	essere	_	_	_	_	_	linguistic	_	none	_	_	_	_	_	_
437-17	TOI020	437	437	17	andati	andati	_	_	_	_	_	linguistic	_	none	_	_	_	_	_	_
437-18	TOI020	437	437	18	a	a	_	_	_	_	_	linguistic	_	none	_	_	_	_	_	_
437-19	TOI020	437	437	19	casa	casa	_	_	_	_	_	linguistic	_	none	_	_	_	_	_	_
437-20	TOI020	437	437	20	di	di	_	_	_	_	_	linguistic	_	none	_	_	_	_	_	_
437-21	TOI020	437	437	21	zia	zia	_	_	_	_	_	linguistic	_	none	_	_	_	_	_	_
437-22	TOI020	437	437	22	maria	maria	_	_	_	_	_	linguistic	_	none	_	_	_	_	_	_
437-23	TOI020	437	437	23	si	si	_	_	_	_	_	linguistic	_	none	_	_	_	_	_	_
437-24	TOI020	437	437	24	saran	saran	_	_	_	_	_	linguistic	_	none	_	_	_	_	_	_
437-25	TOI020	437	437	25	lasciati,	lasciati	_	_	_	_	_	linguistic	_	none	Intonation=WeaklyRising	End=1389.15	_	_	_	_
438-0	TOR004	438	438	0	[mi	mi	_	_	_	_	_	linguistic	_	none	_	Begin=1383.164	_	_	_	0-2(137)
438-1	TOR004	438	438	1	dispia:ce]	dispiace	_	_	_	_	_	linguistic	_	none	_	End=1384.105	5x1	_	_	0-8(137)
439-0	TOI020	439	439	0	no	no	_	_	_	_	_	linguistic	_	none	_	Begin=1389.624	_	_	_	_
439-1	TOI020	439	439	1	per	per	_	_	_	_	_	linguistic	_	none	_	_	_	_	_	_
439-2	TOI020	439	439	2	d[ire]	dire	_	_	_	_	_	linguistic	_	none	_	End=1390.313	_	_	_	1-4(138)
440-0	TOR004	440	440	0	[qui]ndi	quindi	_	_	_	_	_	linguistic	_	none	_	Begin=1390.117	_	_	_	0-3(138)
440-1	TOR004	440	440	1	li	li	_	_	_	_	_	linguistic	_	none	_	_	_	_	_	_
440-2	TOR004	440	440	2	ha	ha	_	_	_	_	_	linguistic	_	none	_	_	_	_	_	_
440-3	TOR004	440	440	3	presi	presi	_	_	_	_	_	linguistic	_	none	_	_	_	_	_	_
440-4	TOR004	440	440	4	in	in	_	_	_	_	_	linguistic	_	none	_	_	_	_	_	_
440-5	TOR004	440	440	5	g[i:ro]	giro	_	_	_	_	_	linguistic	_	none	_	_	1x1	_	_	1-4(139)
440-6	TOR004	440	440	6	((ride))	((ride))	_	_	_	_	_	nonverbalbehavior	_	none	_	End=1391.672	_	_	_	_
441-0	TOI020	441	441	0	[li	li	_	_	_	_	_	linguistic	_	none	_	Begin=1391.32	_	_	_	0-2(139)
441-1	TOI020	441	441	1	ha	ha	_	_	_	_	_	linguistic	_	none	_	_	_	_	_	0-2(139)
441-2	TOI020	441	441	2	pre]si	presi	_	_	_	_	_	linguistic	_	none	_	_	_	_	_	0-3(139)
441-3	TOI020	441	441	3	in	in	_	_	_	_	_	linguistic	_	none	_	_	_	_	_	_
441-4	TOI020	441	441	4	giro	giro	_	_	_	_	_	linguistic	_	none	_	End=1392.211	_	_	_	_
442-0	TOI020	442	442	0	però:	però	_	_	_	_	_	linguistic	_	none	_	Begin=1392.297	3x1	_	_	_
442-1	TOI020	442	442	1	è:	è	_	_	_	_	_	linguistic	_	none	_	_	0x1	_	_	_
442-2	TOI020	442	442	2	è	è	_	_	_	_	_	linguistic	_	none	_	_	_	_	_	_
442-3	TOI020	442	442	3	così	così	_	_	_	_	_	linguistic	_	none	_	_	_	_	_	_
442-4	TOI020	442	442	4	ma	ma	_	_	_	_	_	linguistic	_	none	_	_	_	_	_	_
442-5	TOI020	442	442	5	questa	questa	_	_	_	_	_	linguistic	_	none	_	_	_	_	_	_
442-6	TOI020	442	442	6	è	è	_	_	_	_	_	linguistic	_	none	_	_	_	_	_	_
442-7	TOI020	442	442	7	la	la	_	_	_	_	_	linguistic	_	none	_	_	_	_	_	_
442-8	TOI020	442	442	8	vita::	vita	_	_	_	_	_	linguistic	_	none	_	End=1395.7	3x2	_	_	_
443-0	TOR004	443	443	0	del	del	_	_	_	_	_	linguistic	_	none	_	Begin=1395.817	_	_	_	_
443-1	TOR004	443	443	1	pae[se].	paese	_	_	_	_	_	linguistic	_	none	Intonation=Falling	End=1396.56	_	_	_	3-5(140)
444-0	TOI020	444	444	0	[po]i:	poi	_	_	_	_	_	linguistic	_	none	_	Begin=1396.361	2x1	_	_	0-2(140)
444-1	TOI020	444	444	1	se	se	_	_	_	_	_	linguistic	_	none	_	_	_	_	_	_
444-2	TOI020	444	444	2	ne	ne	_	_	_	_	_	linguistic	_	none	_	_	_	_	_	_
444-3	TOI020	444	444	3	parli	parli	_	_	_	_	_	linguistic	_	none	_	_	_	_	_	_
444-4	TOI020	444	444	4	con	con	_	_	_	_	_	linguistic	_	none	_	_	_	_	_	_
444-5	TOI020	444	444	5	loro	loro	_	_	_	_	_	linguistic	_	none	_	_	_	_	_	_
444-6	TOI020	444	444	6	>ti	ti	_	_	_	_	_	linguistic	_	none	_	_	_	Fast=0-2(0)	_	_
444-7	TOI020	444	444	7	dicono<	dicono	_	_	_	_	_	linguistic	_	none	_	_	_	Fast=0-6(0)	_	_
444-8	TOI020	444	444	8	ah	ah	_	_	_	_	_	linguistic	_	none	_	_	_	_	_	_
444-9	TOI020	444	444	9	no	no	_	_	_	_	_	linguistic	_	none	_	_	_	_	_	_
444-10	TOI020	444	444	10	non	non	_	_	_	_	_	linguistic	_	none	_	_	_	_	_	_
444-11	TOI020	444	444	11	è	è	_	_	_	_	_	linguistic	_	none	_	_	_	_	_	_
444-12	TOI020	444	444	12	vero,	vero	_	_	_	_	_	linguistic	_	none	Intonation=WeaklyRising	_	_	_	_	_
444-13	TOI020	444	444	13	perché	perché	_	_	_	_	_	linguistic	_	none	_	_	_	_	_	_
444-14	TOI020	444	444	14	sei	sei	_	_	_	_	_	linguistic	_	none	_	_	_	_	_	_
444-15	TOI020	444	444	15	tu	tu	_	_	_	_	_	linguistic	_	none	_	_	_	_	_	_
444-16	TOI020	444	444	16	però	però	_	_	_	_	_	linguistic	_	none	_	_	_	_	_	_
444-17	TOI020	444	444	17	invece	invece	_	_	_	_	_	linguistic	_	none	_	_	_	_	_	_
444-18	TOI020	444	444	18	è	è	_	_	_	_	_	linguistic	_	none	_	_	_	_	_	_
444-19	TOI020	444	444	19	così.	così	_	_	_	_	_	linguistic	_	none	Intonation=Falling	End=1401.109	_	_	_	_
445-0	TOI020	445	445	0	c(io)è:	cioè	_	_	_	_	_	linguistic	_	none	Reduced=Yes	Begin=1401.537|End=1402.019	3x1	_	_	_
446-0	TOI020	446	446	0	che	che	_	_	_	_	_	linguistic	_	none	_	Begin=1402.277	_	_	_	_
446-1	TOI020	446	446	1	ne	ne	_	_	_	_	_	linguistic	_	none	_	_	_	_	_	_
446-2	TOI020	446	446	2	so,	so	_	_	_	_	_	linguistic	_	none	Intonation=WeaklyRising	_	_	_	_	_
446-3	TOI020	446	446	3	ecco,	ecco	_	_	_	_	_	linguistic	_	none	Intonation=WeaklyRising	_	_	_	_	_
446-4	TOI020	446	446	4	tu:	tu	_	_	_	_	_	linguistic	_	none	_	End=1403.997	1x1	_	_	_
447-0	TOI020	447	447	0	eh	eh	_	_	_	_	_	linguistic	_	none	_	Begin=1404.32	_	_	_	_
447-1	TOI020	447	447	1	c'	c'	_	_	_	_	_	linguistic	_	none	SpaceAfter=No	_	_	_	_	_
447-2	TOI020	447	447	2	hai	hai	_	_	_	_	_	linguistic	_	none	_	_	_	_	_	_
447-3	TOI020	447	447	3	il	il	_	_	_	_	_	linguistic	_	none	_	_	_	_	_	_
447-4	TOI020	447	447	4	fidanza:to,	fidanzato	_	_	_	_	_	linguistic	_	none	Intonation=WeaklyRising	_	6x1	_	_	_
447-5	TOI020	447	447	5	eh	eh	_	_	_	_	_	linguistic	_	none	_	_	_	_	_	_
447-6	TOI020	447	447	6	adesso,	adesso	_	_	_	_	_	linguistic	_	none	Intonation=WeaklyRising	End=1406.905	_	_	_	_
448-0	TOI020	448	448	0	è	è	_	_	_	_	_	linguistic	_	none	_	Begin=1407.054	_	_	_	_
448-1	TOI020	448	448	1	tutto	tutto	_	_	_	_	_	linguistic	_	none	_	_	_	_	_	_
448-2	TOI020	448	448	2	normale	normale	_	_	_	_	_	linguistic	_	none	_	_	_	_	_	_
448-3	TOI020	448	448	3	no?	no	_	_	_	_	_	linguistic	_	none	Intonation=Rising	_	_	_	_	_
448-4	TOI020	448	448	4	che	che	_	_	_	_	_	linguistic	_	none	_	_	_	_	_	_
448-5	TOI020	448	448	5	tuo	tuo	_	_	_	_	_	linguistic	_	none	_	_	_	_	_	_
448-6	TOI020	448	448	6	figlio:	figlio	_	_	_	_	_	linguistic	_	none	_	_	5x1	_	_	_
448-7	TOI020	448	448	7	esce	esce	_	_	_	_	_	linguistic	_	none	_	_	_	_	_	_
448-8	TOI020	448	448	8	con	con	_	_	_	_	_	linguistic	_	none	_	End=1410.142	_	_	_	_
449-0	TOI020	449	449	0	ma	ma	_	_	_	_	_	linguistic	_	none	_	Begin=1410.473	_	_	_	_
449-1	TOI020	449	449	1	mia	mia	_	_	_	_	_	linguistic	_	none	_	_	_	_	_	_
449-2	TOI020	449	449	2	figlia	figlia	_	_	_	_	_	linguistic	_	none	_	_	_	_	_	_
449-3	TOI020	449	449	3	che	che	_	_	_	_	_	linguistic	_	none	_	_	_	_	_	_
449-4	TOI020	449	449	4	a	a	_	_	_	_	_	linguistic	_	none	_	_	_	_	_	_
449-5	TOI020	449	449	5	oggi	oggi	_	_	_	_	_	linguistic	_	none	_	_	_	_	_	_
449-6	TOI020	449	449	6	c'	c'	_	_	_	_	_	linguistic	_	none	SpaceAfter=No	_	_	_	_	_
449-7	TOI020	449	449	7	ha:	ha	_	_	_	_	_	linguistic	_	none	_	_	1x1	_	_	_
449-8	TOI020	449	449	8	trentotto	trentotto	_	_	_	_	_	linguistic	_	none	_	_	_	_	_	_
449-9	TOI020	449	449	9	anni	anni	_	_	_	_	_	linguistic	_	none	_	_	_	_	_	_
449-10	TOI020	449	449	10	e	e	_	_	_	_	_	linguistic	_	none	_	_	_	_	_	_
449-11	TOI020	449	449	11	lo	lo	_	_	_	_	_	linguistic	_	none	_	_	_	_	_	_
449-12	TOI020	449	449	12	faceva,	faceva	_	_	_	_	_	linguistic	_	none	Intonation=WeaklyRising	End=1414.102	_	_	_	_
450-0	TOI020	450	450	0	diec'	diec'	_	_	_	_	_	linguistic	_	none	SpaceAfter=No	Begin=1414.263	_	_	_	_
450-1	TOI020	450	450	1	anni	anni	_	_	_	_	_	linguistic	_	none	_	_	_	_	_	_
450-2	TOI020	450	450	2	fa,	fa	_	_	_	_	_	linguistic	_	none	Intonation=WeaklyRising	End=1415.275	_	_	_	_
451-0	TOI020	451	451	0	anzi	anzi	_	_	_	_	_	linguistic	_	none	_	Begin=1415.927|End=1416.382	_	_	_	_
452-0	TOI020	452	452	0	quindic'	quindic'	_	_	_	_	_	linguistic	_	none	SpaceAfter=No	Begin=1416.746	_	_	_	_
452-1	TOI020	452	452	1	anni	anni	_	_	_	_	_	linguistic	_	none	_	_	_	_	_	_
452-2	TOI020	452	452	2	fa:	fa	_	_	_	_	_	linguistic	_	none	_	_	1x1	_	_	_
452-3	TOI020	452	452	3	non	non	_	_	_	_	_	linguistic	_	none	_	_	_	_	_	_
452-4	TOI020	452	452	4	andava	andava	_	_	_	_	_	linguistic	_	none	_	_	_	_	_	_
452-5	TOI020	452	452	5	bene	bene	_	_	_	_	_	linguistic	_	none	_	_	_	_	_	_
452-6	TOI020	452	452	6	che	che	_	_	_	_	_	linguistic	_	none	_	_	_	_	_	_
452-7	TOI020	452	452	7	c'	c'	_	_	_	_	_	linguistic	_	none	SpaceAfter=No	_	_	_	_	1-2(141)
452-8	TOI020	452	452	8	[aveva	aveva	_	_	_	_	_	linguistic	_	none	_	_	_	_	_	0-5(141)
452-9	TOI020	452	452	9	ven]t'	vent'	_	_	_	_	_	linguistic	_	none	SpaceAfter=No	_	_	_	_	0-2(141)
452-10	TOI020	452	452	10	anni.	anni	_	_	_	_	_	linguistic	_	none	Intonation=Falling	End=1420.006	_	_	_	_
453-0	TOR004	453	453	0	[cioè]?	cioè	_	_	_	_	_	linguistic	_	none	Intonation=Rising	Begin=1419.071|End=1419.538	_	_	_	0-4(141)
454-0	TOI020	454	454	0	nel	nel	_	_	_	_	_	linguistic	_	none	_	Begin=1420.459	_	_	_	_
454-1	TOI020	454	454	1	senso	senso	_	_	_	_	_	linguistic	_	none	_	_	_	_	_	_
454-2	TOI020	454	454	2	che	che	_	_	_	_	_	linguistic	_	none	_	_	_	_	_	_
454-3	TOI020	454	454	3	se	se	_	_	_	_	_	linguistic	_	none	_	End=1421.613	_	_	_	_
455-0	TOI020	455	455	0	andava	andava	_	_	_	_	_	linguistic	_	none	_	Begin=1422.138	_	_	_	_
455-1	TOI020	455	455	1	in	in	_	_	_	_	_	linguistic	_	none	_	_	_	_	_	_
455-2	TOI020	455	455	2	vacanza	vacanza	_	_	_	_	_	linguistic	_	none	_	_	_	_	_	_
455-3	TOI020	455	455	3	col	col	_	_	_	_	_	linguistic	_	none	_	_	_	_	_	_
455-4	TOI020	455	455	4	fidanza:to	fidanzato	_	_	_	_	_	linguistic	_	none	_	_	6x1	_	_	_
455-5	TOI020	455	455	5	così,	così	_	_	_	_	_	linguistic	_	none	Intonation=WeaklyRising	End=1424.94	_	_	_	_
456-0	TOI020	456	456	0	non	non	_	_	_	_	_	linguistic	_	none	_	Begin=1425.1	_	_	_	_
456-1	TOI020	456	456	1	andava	andava	_	_	_	_	_	linguistic	_	none	_	_	_	_	_	_
456-2	TOI020	456	456	2	bene.	bene	_	_	_	_	_	linguistic	_	none	Intonation=Falling	End=1426.071	_	_	_	_
457-0	TOI020	457	457	0	oggi	oggi	_	_	_	_	_	linguistic	_	none	_	Begin=1426.469|End=1427.092	_	_	_	_
458-0	TOI020	458	458	0	gli	gli	_	_	_	_	_	linguistic	_	none	_	Begin=1427.372	_	_	_	_
458-1	TOI020	458	458	1	st~	st~	_	_	_	_	_	linguistic	_	none	Interrupted=Yes	_	_	_	_	_
458-2	TOI020	458	458	2	le	le	_	_	_	_	_	linguistic	_	none	_	_	_	_	_	_
458-3	TOI020	458	458	3	stesse	stesse	_	_	_	_	_	linguistic	_	none	_	_	_	_	_	_
458-4	TOI020	458	458	4	persone	persone	_	_	_	_	_	linguistic	_	none	_	_	_	_	_	_
458-5	TOI020	458	458	5	che	che	_	_	_	_	_	linguistic	_	none	_	End=1429.672	_	_	_	_
459-0	TOI020	459	459	0	quindic'	quindic'	_	_	_	_	_	linguistic	_	none	SpaceAfter=No	Begin=1430.104	_	_	_	_
459-1	TOI020	459	459	1	anni	anni	_	_	_	_	_	linguistic	_	none	_	_	_	_	_	_
459-2	TOI020	459	459	2	f[a:	fa	_	_	_	_	_	linguistic	_	none	PauseAfter=Yes	_	1x1	_	_	0-2(142)
459-3	TOI020	459	459	3	(.)	(.)	_	_	_	_	_	shortpause	_	none	_	_	_	_	_	_
459-4	TOI020	459	459	4	dicevano	dicevano	_	_	_	_	_	linguistic	_	none	_	_	_	_	_	0-8(142)
459-5	TOI020	459	459	5	che]	che	_	_	_	_	_	linguistic	_	none	_	_	_	_	_	0-3(142)
459-6	TOI020	459	459	6	non	non	_	_	_	_	_	linguistic	_	none	_	_	_	_	_	_
459-7	TOI020	459	459	7	andava	andava	_	_	_	_	_	linguistic	_	none	_	_	_	_	_	_
459-8	TOI020	459	459	8	bene	bene	_	_	_	_	_	linguistic	_	none	_	_	_	_	_	_
459-9	TOI020	459	459	9	perché	perché	_	_	_	_	_	linguistic	_	none	_	_	_	_	_	_
459-10	TOI020	459	459	10	i	i	_	_	_	_	_	linguistic	_	none	_	_	_	_	_	_
459-11	TOI020	459	459	11	figli	figli	_	_	_	_	_	linguistic	_	none	_	_	_	_	_	_
459-12	TOI020	459	459	12	erano	erano	_	_	_	_	_	linguistic	_	none	_	_	_	_	_	_
459-13	TOI020	459	459	13	piccoli	piccoli	_	_	_	_	_	linguistic	_	none	_	End=1434.683	_	_	_	_
460-0	TOR004	460	460	0	[dicevano	dicevano	_	_	_	_	_	linguistic	_	none	_	Begin=1431.025	_	_	_	0-8(142)
460-1	TOR004	460	460	1	che	che	_	_	_	_	_	linguistic	_	none	_	_	_	_	_	0-3(142)
460-2	TOR004	460	460	2	non	non	_	_	_	_	_	linguistic	_	none	_	_	_	_	_	0-3(142)
460-3	TOR004	460	460	3	andava	andava	_	_	_	_	_	linguistic	_	none	_	_	_	_	_	0-6(142)
460-4	TOR004	460	460	4	bene]	bene	_	_	_	_	_	linguistic	_	none	_	End=1432.232	_	_	_	0-4(142)
461-0	TOI020	461	461	0	oggi	oggi	_	_	_	_	_	linguistic	_	none	_	Begin=1435.112	_	_	_	_
461-1	TOI020	461	461	1	si	si	_	_	_	_	_	linguistic	_	none	_	_	_	_	_	_
461-2	TOI020	461	461	2	trovano	trovano	_	_	_	_	_	linguistic	_	none	_	_	_	_	_	_
461-3	TOI020	461	461	3	con	con	_	_	_	_	_	linguistic	_	none	_	_	_	_	_	_
461-4	TOI020	461	461	4	i	i	_	_	_	_	_	linguistic	_	none	_	_	_	_	_	_
461-5	TOI020	461	461	5	figli	figli	_	_	_	_	_	linguistic	_	none	_	_	_	_	_	_
461-6	TOI020	461	461	6	che	che	_	_	_	_	_	linguistic	_	none	_	_	_	_	_	_
461-7	TOI020	461	461	7	a	a	_	_	_	_	_	linguistic	_	none	_	_	_	_	_	_
461-8	TOI020	461	461	8	vent'	vent'	_	_	_	_	_	linguistic	_	none	SpaceAfter=No	_	_	_	_	_
461-9	TOI020	461	461	9	anni	anni	_	_	_	_	_	linguistic	_	none	_	_	_	_	_	_
461-10	TOI020	461	461	10	fanno	fanno	_	_	_	_	_	linguistic	_	none	_	_	_	_	_	_
461-11	TOI020	461	461	11	quell[o	quello	_	_	_	_	_	linguistic	_	none	_	_	_	_	_	4-6(143)
461-12	TOI020	461	461	12	che	che	_	_	_	_	_	linguistic	_	none	_	_	_	_	_	0-3(143)
461-13	TOI020	461	461	13	fanno	fanno	_	_	_	_	_	linguistic	_	none	_	_	_	_	_	0-5(143)
461-14	TOI020	461	461	14	tu]tti.	tutti	_	_	_	_	_	linguistic	_	none	Intonation=Falling	_	_	_	_	0-2(143)
461-15	TOI020	461	461	15	le	le	_	_	_	_	_	linguistic	_	none	_	_	_	_	_	_
461-16	TOI020	461	461	16	stesse	stesse	_	_	_	_	_	linguistic	_	none	_	_	_	_	_	_
461-17	TOI020	461	461	17	co~	co~	_	_	_	_	_	linguistic	_	none	Interrupted=Yes	End=1440.441	_	_	_	_
462-0	TOR004	462	462	0	[le	le	_	_	_	_	_	linguistic	_	none	_	Begin=1438.546	_	_	_	0-2(143)
462-1	TOR004	462	462	1	stesse	stesse	_	_	_	_	_	linguistic	_	none	_	_	_	_	_	0-6(143)
462-2	TOR004	462	462	2	cose]	cose	_	_	_	_	_	linguistic	_	none	_	End=1439.473	_	_	_	0-4(143)
463-0	TOI020	463	463	0	si	si	_	_	_	_	_	linguistic	_	none	_	Begin=1441.026	_	_	_	_
463-1	TOI020	463	463	1	trovano	trovano	_	_	_	_	_	linguistic	_	none	_	_	_	_	_	_
463-2	TOI020	463	463	2	un	un	_	_	_	_	_	linguistic	_	none	_	_	_	_	_	_
463-3	TOI020	463	463	3	po'	po'	_	_	_	_	_	linguistic	_	none	_	_	_	_	_	_
463-4	TOI020	463	463	4	in	in	_	_	_	_	_	linguistic	_	none	_	_	_	_	_	_
463-5	TOI020	463	463	5	difficoltà.	difficoltà	_	_	_	_	_	linguistic	_	none	Intonation=Falling	_	_	_	_	_
463-6	TOI020	463	463	6	perché	perché	_	_	_	_	_	linguistic	_	none	_	_	_	_	_	_
463-7	TOI020	463	463	7	poi	poi	_	_	_	_	_	linguistic	_	none	_	_	_	_	_	_
463-8	TOI020	463	463	8	io	io	_	_	_	_	_	linguistic	_	none	_	_	_	_	_	_
463-9	TOI020	463	463	9	sono	sono	_	_	_	_	_	linguistic	_	none	_	_	_	_	_	_
463-10	TOI020	463	463	10	stronza	stronza	_	_	_	_	_	linguistic	_	none	_	End=1444.23	_	_	_	_
464-0	TOI020	464	464	0	e	e	_	_	_	_	_	linguistic	_	none	_	Begin=1444.511	_	_	_	_
464-1	TOI020	464	464	1	questo	questo	_	_	_	_	_	linguistic	_	none	_	_	_	_	_	_
464-2	TOI020	464	464	2	lo	lo	_	_	_	_	_	linguistic	_	none	_	_	_	_	_	_
464-3	TOI020	464	464	3	v~	v~	_	_	_	_	_	linguistic	_	none	Interrupted=Yes	_	_	_	_	_
464-4	TOI020	464	464	4	devi	devi	_	_	_	_	_	linguistic	_	none	_	_	_	_	_	_
464-5	TOI020	464	464	5	dire	dire	_	_	_	_	_	linguistic	_	none	_	_	_	_	_	_
464-6	TOI020	464	464	6	proprio,	proprio	_	_	_	_	_	linguistic	_	none	Intonation=WeaklyRising	End=1446.501	_	_	_	_
465-0	TOI020	465	465	0	perché	perché	_	_	_	_	_	linguistic	_	none	_	Begin=1446.901	_	_	_	_
465-1	TOI020	465	465	1	a	a	_	_	_	_	_	linguistic	_	none	_	_	_	_	_	_
465-2	TOI020	465	465	2	me	me	_	_	_	_	_	linguistic	_	none	_	_	_	_	_	_
465-3	TOI020	465	465	3	poi	poi	_	_	_	_	_	linguistic	_	none	_	_	_	_	_	_
465-4	TOI020	465	465	4	se	se	_	_	_	_	_	linguistic	_	none	_	_	_	_	_	_
465-5	TOI020	465	465	5	mi	mi	_	_	_	_	_	linguistic	_	none	_	_	_	_	_	_
465-6	TOI020	465	465	6	hanno	hanno	_	_	_	_	_	linguistic	_	none	_	_	_	_	_	_
465-7	TOI020	465	465	7	toccato	toccato	_	_	_	_	_	linguistic	_	none	_	_	_	_	_	_
465-8	TOI020	465	465	8	poco	poco	_	_	_	_	_	linguistic	_	none	_	_	_	_	_	_
465-9	TOI020	465	465	9	poco	poco	_	_	_	_	_	linguistic	_	none	_	_	_	_	_	_
465-10	TOI020	465	465	10	poi	poi	_	_	_	_	_	linguistic	_	none	_	_	_	_	_	_
465-11	TOI020	465	465	11	un	un	_	_	_	_	_	linguistic	_	none	_	_	_	_	_	_
465-12	TOI020	465	465	12	pochino	pochino	_	_	_	_	_	linguistic	_	none	_	_	_	_	_	_
465-13	TOI020	465	465	13	glielo	glielo	_	_	_	_	_	linguistic	_	none	_	_	_	_	_	_
465-14	TOI020	465	465	14	faccio	faccio	_	_	_	_	_	linguistic	_	none	_	_	_	_	_	_
465-15	TOI020	465	465	15	anche	anche	_	_	_	_	_	linguistic	_	none	_	_	_	_	_	_
465-16	TOI020	465	465	16	ricorda:~	ricorda~	_	_	_	_	_	linguistic	_	none	Interrupted=Yes	_	6x1	_	_	_
465-17	TOI020	465	465	17	eh	eh	_	_	_	_	_	linguistic	_	none	_	_	_	_	_	_
465-18	TOI020	465	465	18	beh	beh	_	_	_	_	_	linguistic	_	none	_	_	_	_	_	_
465-19	TOI020	465	465	19	no	no	_	_	_	_	_	linguistic	_	none	_	_	_	_	_	_
465-20	TOI020	465	465	20	eh	eh	_	_	_	_	_	linguistic	_	none	_	_	_	_	_	_
465-21	TOI020	465	465	21	perch[é]	perché	_	_	_	_	_	linguistic	_	none	_	End=1453.196	_	_	_	5-6(144)
466-0	TOR004	466	466	0	[però],	però	_	_	_	_	_	linguistic	_	none	Intonation=WeaklyRising	Begin=1452.891|End=1453.199	_	_	_	0-4(144)
467-0	TOR004	467	467	0	u:n	un	_	_	_	_	_	linguistic	_	none	_	Begin=1453.298	0x1	_	_	_
467-1	TOR004	467	467	1	po'	po'	_	_	_	_	_	linguistic	_	none	_	_	_	_	_	_
467-2	TOR004	467	467	2	di	di	_	_	_	_	_	linguistic	_	none	_	_	_	_	_	_
467-3	TOR004	467	467	3	soddisfa[zione	soddisfazione	_	_	_	_	_	linguistic	_	none	_	_	_	_	_	8-13(145)
467-4	TOR004	467	467	4	uno	uno	_	_	_	_	_	linguistic	_	none	_	_	_	_	_	0-3(145)
467-5	TOR004	467	467	5	se	se	_	_	_	_	_	linguistic	_	none	_	_	_	_	_	0-2(145)
467-6	TOR004	467	467	6	la	la	_	_	_	_	_	linguistic	_	none	_	_	_	_	_	0-2(145)
467-7	TOR004	467	467	7	deve	deve	_	_	_	_	_	linguistic	_	none	_	_	_	_	_	0-4(145)
467-8	TOR004	467	467	8	togliere]	togliere	_	_	_	_	_	linguistic	_	none	_	End=1455.614	_	_	_	0-8(145)
468-0	TOI020	468	468	0	[eh	eh	_	_	_	_	_	linguistic	_	none	_	Begin=1454.291	_	_	_	0-2(145)
468-1	TOI020	468	468	1	un	un	_	_	_	_	_	linguistic	_	none	_	_	_	_	_	0-2(145)
468-2	TOI020	468	468	2	po'	po'	_	_	_	_	_	linguistic	_	none	_	_	_	_	_	0-3(145)
468-3	TOI020	468	468	3	di	di	_	_	_	_	_	linguistic	_	none	_	_	_	_	_	0-2(145)
468-4	TOI020	468	468	4	so~	so~	_	_	_	_	_	linguistic	_	none	Interrupted=Yes	_	_	_	_	0-3(145)
468-5	TOI020	468	468	5	perché	perché	_	_	_	_	_	linguistic	_	none	_	_	_	_	_	0-6(145)
468-6	TOI020	468	468	6	co]munque	comunque	_	_	_	_	_	linguistic	_	none	_	_	_	_	_	0-2(145)
468-7	TOI020	468	468	7	io	io	_	_	_	_	_	linguistic	_	none	_	_	_	_	_	_
468-8	TOI020	468	468	8	allora	allora	_	_	_	_	_	linguistic	_	none	_	_	_	_	_	_
468-9	TOI020	468	468	9	dicevo,	dicevo	_	_	_	_	_	linguistic	_	none	Intonation=WeaklyRising	End=1457.4	_	_	_	_
469-0	TOI020	469	469	0	°dicevo°	dicevo	_	_	_	_	_	linguistic	_	none	Volume=low	Begin=1457.999|End=1458.309	_	_	_	_
470-0	TOI020	470	470	0	comunque	comunque	_	_	_	_	_	linguistic	_	none	_	Begin=1458.518	_	_	_	_
470-1	TOI020	470	470	1	io	io	_	_	_	_	_	linguistic	_	none	_	_	_	_	_	_
470-2	TOI020	470	470	2	qua	qua	_	_	_	_	_	linguistic	_	none	_	_	_	_	_	_
470-3	TOI020	470	470	3	io	io	_	_	_	_	_	linguistic	_	none	_	_	_	_	_	_
470-4	TOI020	470	470	4	vi	vi	_	_	_	_	_	linguistic	_	none	_	_	_	_	_	_
470-5	TOI020	470	470	5	aspetto.	aspetto	_	_	_	_	_	linguistic	_	none	Intonation=Falling	_	_	_	_	_
470-6	TOI020	470	470	6	perché	perché	_	_	_	_	_	linguistic	_	none	_	_	_	_	_	_
470-7	TOI020	470	470	7	questo	questo	_	_	_	_	_	linguistic	_	none	_	_	_	_	_	_
470-8	TOI020	470	470	8	era	era	_	_	_	_	_	linguistic	_	none	_	_	_	_	_	_
470-9	TOI020	470	470	9	un	un	_	_	_	_	_	linguistic	_	none	_	_	_	_	_	_
470-10	TOI020	470	470	10	gesto	gesto	_	_	_	_	_	linguistic	_	none	_	_	_	_	_	_
470-11	TOI020	470	470	11	che	che	_	_	_	_	_	linguistic	_	none	_	_	_	_	_	_
470-12	TOI020	470	470	12	faceva	faceva	_	_	_	_	_	linguistic	_	none	_	_	_	_	_	_
470-13	TOI020	470	470	13	mia	mia	_	_	_	_	_	linguistic	_	none	_	_	_	_	_	_
470-14	TOI020	470	470	14	mamma,	mamma	_	_	_	_	_	linguistic	_	none	Intonation=WeaklyRising	End=1462.695	_	_	_	_
471-0	TOR004	471	471	0	eh	eh	_	_	_	_	_	linguistic	_	none	_	Begin=1462.695|End=1462.873	_	_	_	_
472-0	TOI020	472	472	0	perché	perché	_	_	_	_	_	linguistic	_	none	_	Begin=1463.164	_	_	_	_
472-1	TOI020	472	472	1	diceva,	diceva	_	_	_	_	_	linguistic	_	none	Intonation=WeaklyRising	_	_	_	_	_
472-2	TOI020	472	472	2	ricordatevi	ricordatevi	_	_	_	_	_	linguistic	_	none	_	_	_	_	_	_
472-3	TOI020	472	472	3	che	che	_	_	_	_	_	linguistic	_	none	_	_	_	_	_	_
472-4	TOI020	472	472	4	alla	alla	_	_	_	_	_	linguistic	_	none	_	_	_	_	_	_
472-5	TOI020	472	472	5	fine	fine	_	_	_	_	_	linguistic	_	none	_	_	_	_	_	_
472-6	TOI020	472	472	6	di	di	_	_	_	_	_	linguistic	_	none	_	_	_	_	_	_
472-7	TOI020	472	472	7	tutto	tutto	_	_	_	_	_	linguistic	_	none	PauseAfter=Yes	_	_	_	_	_
472-8	TOI020	472	472	8	(.)	(.)	_	_	_	_	_	shortpause	_	none	_	_	_	_	_	_
472-9	TOI020	472	472	9	tutti	tutti	_	_	_	_	_	linguistic	_	none	_	_	_	_	_	_
472-10	TOI020	472	472	10	qua	qua	_	_	_	_	_	linguistic	_	none	_	_	_	_	_	_
472-11	TOI020	472	472	11	vanno	vanno	_	_	_	_	_	linguistic	_	none	_	_	_	_	_	_
472-12	TOI020	472	472	12	a	a	_	_	_	_	_	linguistic	_	none	_	_	_	_	_	_
472-13	TOI020	472	472	13	finire	finire	_	_	_	_	_	linguistic	_	none	_	End=1468.007	_	_	_	_
473-0	TOI020	473	473	0	sempre	sempre	_	_	_	_	_	linguistic	_	none	_	Begin=1468.259	_	_	_	_
473-1	TOI020	473	473	1	tutti	tutti	_	_	_	_	_	linguistic	_	none	_	_	_	_	_	_
473-2	TOI020	473	473	2	sotto	sotto	_	_	_	_	_	linguistic	_	none	_	_	_	_	_	_
473-3	TOI020	473	473	3	lo	lo	_	_	_	_	_	linguistic	_	none	_	_	_	_	_	_
473-4	TOI020	473	473	4	stesso::	stesso	_	_	_	_	_	linguistic	_	none	_	_	5x2	_	_	_
473-5	TOI020	473	473	5	co~	co~	_	_	_	_	_	linguistic	_	none	Interrupted=Yes	End=1470.487	_	_	_	_
474-0	TOI020	474	474	0	perché	perché	_	_	_	_	_	linguistic	_	none	_	Begin=1470.84	_	_	_	_
474-1	TOI020	474	474	1	comunque	comunque	_	_	_	_	_	linguistic	_	none	_	_	_	_	_	_
474-2	TOI020	474	474	2	è	è	_	_	_	_	_	linguistic	_	none	_	_	_	_	_	_
474-3	TOI020	474	474	3	una	una	_	_	_	_	_	linguistic	_	none	_	_	_	_	_	_
474-4	TOI020	474	474	4	ruota	ruota	_	_	_	_	_	linguistic	_	none	_	_	_	_	_	_
474-5	TOI020	474	474	5	che:	che	_	_	_	_	_	linguistic	_	none	_	_	2x1	_	_	_
474-6	TOI020	474	474	6	che	che	_	_	_	_	_	linguistic	_	none	_	_	_	_	_	_
474-7	TOI020	474	474	7	gira	gira	_	_	_	_	_	linguistic	_	none	_	_	_	_	_	_
474-8	TOI020	474	474	8	c(io)è	cioè	_	_	_	_	_	linguistic	_	none	Reduced=Yes	_	_	_	_	_
474-9	TOI020	474	474	9	voglio	voglio	_	_	_	_	_	linguistic	_	none	_	_	_	_	_	_
474-10	TOI020	474	474	10	dire,	dire	_	_	_	_	_	linguistic	_	none	Intonation=WeaklyRising	End=1474.182	_	_	_	_
475-0	TOI020	475	475	0	sono	sono	_	_	_	_	_	linguistic	_	none	_	Begin=1474.348	_	_	_	_
475-1	TOI020	475	475	1	esperienze	esperienze	_	_	_	_	_	linguistic	_	none	_	_	_	_	_	_
475-2	TOI020	475	475	2	che	che	_	_	_	_	_	linguistic	_	none	_	_	_	_	_	_
475-3	TOI020	475	475	3	fanno:	fanno	_	_	_	_	_	linguistic	_	none	_	_	4x1	_	_	_
475-4	TOI020	475	475	4	tutti	tutti	_	_	_	_	_	linguistic	_	none	_	End=1476.517	_	_	_	_
476-0	TOI020	476	476	0	e	e	_	_	_	_	_	linguistic	_	none	_	Begin=1476.769	_	_	_	_
476-1	TOI020	476	476	1	vai	vai	_	_	_	_	_	linguistic	_	none	_	_	_	_	_	_
476-2	TOI020	476	476	2	a	a	_	_	_	_	_	linguistic	_	none	_	_	_	_	_	_
476-3	TOI020	476	476	3	capodanno	capodanno	_	_	_	_	_	linguistic	_	none	_	_	_	_	_	_
476-4	TOI020	476	476	4	con	con	_	_	_	_	_	linguistic	_	none	_	_	_	_	_	_
476-5	TOI020	476	476	5	gli	gli	_	_	_	_	_	linguistic	_	none	_	_	_	_	_	_
476-6	TOI020	476	476	6	amici	amici	_	_	_	_	_	linguistic	_	none	_	_	_	_	_	_
476-7	TOI020	476	476	7	a	a	_	_	_	_	_	linguistic	_	none	_	_	_	_	_	_
476-8	TOI020	476	476	8	[quindic'	quindic'	_	_	_	_	_	linguistic	_	none	SpaceAfter=No	_	_	_	_	0-8(146)
476-9	TOI020	476	476	9	a]nni,	anni	_	_	_	_	_	linguistic	_	none	Intonation=WeaklyRising	End=1480.205	_	_	_	0-1(146)
477-0	TOR004	477	477	0	[ma	ma	_	_	_	_	_	linguistic	_	none	_	Begin=1479.135	_	_	_	0-2(146)
477-1	TOR004	477	477	1	certo].	certo	_	_	_	_	_	linguistic	_	none	Intonation=Falling	End=1479.809	_	_	_	0-5(146)
478-0	TOI020	478	478	0	e:h	eh	_	_	_	_	_	linguistic	_	none	_	Begin=1480.56	0x1	_	_	_
478-1	TOI020	478	478	1	dici	dici	_	_	_	_	_	linguistic	_	none	_	_	_	_	_	_
478-2	TOI020	478	478	2	solo	solo	_	_	_	_	_	linguistic	_	none	_	_	_	_	_	_
478-3	TOI020	478	478	3	speriamo	speriamo	_	_	_	_	_	linguistic	_	none	_	_	_	_	_	_
478-4	TOI020	478	478	4	dio	dio	_	_	_	_	_	linguistic	_	none	_	_	_	_	_	_
478-5	TOI020	478	478	5	che	che	_	_	_	_	_	linguistic	_	none	_	_	_	_	_	_
478-6	TOI020	478	478	6	va[da	vada	_	_	_	_	_	linguistic	_	none	_	_	_	_	_	2-4(147)
478-7	TOI020	478	478	7	tutto	tutto	_	_	_	_	_	linguistic	_	none	_	_	_	_	_	0-5(147)
478-8	TOI020	478	478	8	bene]	bene	_	_	_	_	_	linguistic	_	none	_	_	_	_	_	0-4(147)
478-9	TOI020	478	478	9	che	che	_	_	_	_	_	linguistic	_	none	_	_	_	_	_	_
478-10	TOI020	478	478	10	nessuno	nessuno	_	_	_	_	_	linguistic	_	none	_	_	_	_	_	_
478-11	TOI020	478	478	11	si	si	_	_	_	_	_	linguistic	_	none	_	_	_	_	_	_
478-12	TOI020	478	478	12	faccia	faccia	_	_	_	_	_	linguistic	_	none	_	_	_	_	_	_
478-13	TOI020	478	478	13	ma:le	male	_	_	_	_	_	linguistic	_	none	_	End=1485.283	1x1	_	_	_
479-0	TOR004	479	479	0	[faccia	faccia	_	_	_	_	_	linguistic	_	none	_	Begin=1482.839	_	_	_	0-6(147)
479-1	TOR004	479	479	1	attenzione].	attenzione	_	_	_	_	_	linguistic	_	none	Intonation=Falling	End=1483.676	_	_	_	0-10(147)
480-0	TOI020	480	480	0	perché	perché	_	_	_	_	_	linguistic	_	none	_	Begin=1485.778	_	_	_	_
480-1	TOI020	480	480	1	o	o	_	_	_	_	_	linguistic	_	none	_	_	_	_	_	_
480-2	TOI020	480	480	2	vai	vai	_	_	_	_	_	linguistic	_	none	_	_	_	_	_	_
480-3	TOI020	480	480	3	in	in	_	_	_	_	_	linguistic	_	none	_	_	_	_	_	_
480-4	TOI020	480	480	4	campagna	campagna	_	_	_	_	_	linguistic	_	none	_	_	_	_	_	_
480-5	TOI020	480	480	5	che	che	_	_	_	_	_	linguistic	_	none	_	_	_	_	_	_
480-6	TOI020	480	480	6	c'	c'	_	_	_	_	_	linguistic	_	none	SpaceAfter=No	_	_	_	_	_
480-7	TOI020	480	480	7	è	è	_	_	_	_	_	linguistic	_	none	_	_	_	_	_	_
480-8	TOI020	480	480	8	il	il	_	_	_	_	_	linguistic	_	none	_	_	_	_	_	_
480-9	TOI020	480	480	9	fuoco	fuoco	_	_	_	_	_	linguistic	_	none	_	End=1488.518	_	_	_	_
481-0	TOI020	481	481	0	o	o	_	_	_	_	_	linguistic	_	none	_	Begin=1488.968	_	_	_	_
481-1	TOI020	481	481	1	ad	ad	_	_	_	_	_	linguistic	_	none	_	_	_	_	_	_
481-2	TOI020	481	481	2	agosto	agosto	_	_	_	_	_	linguistic	_	none	_	_	_	_	_	_
481-3	TOI020	481	481	3	che	che	_	_	_	_	_	linguistic	_	none	_	_	_	_	_	_
481-4	TOI020	481	481	4	accendono	accendono	_	_	_	_	_	linguistic	_	none	_	_	_	_	_	_
481-5	TOI020	481	481	5	ste	ste	_	_	_	_	_	linguistic	_	none	_	_	_	_	_	_
481-6	TOI020	481	481	6	cavolo	cavolo	_	_	_	_	_	linguistic	_	none	_	_	_	_	_	_
481-7	TOI020	481	481	7	di	di	_	_	_	_	_	linguistic	_	none	_	_	_	_	_	_
481-8	TOI020	481	481	8	cose	cose	_	_	_	_	_	linguistic	_	none	_	_	_	_	_	_
481-9	TOI020	481	481	9	con	con	_	_	_	_	_	linguistic	_	none	_	_	_	_	_	_
481-10	TOI020	481	481	10	il	il	_	_	_	_	_	linguistic	_	none	ProsodicLink=Yes	_	_	_	_	_
481-11	TOI020	481	481	11	e:h	eh	_	_	_	_	_	linguistic	_	none	_	End=1493.161	0x1	_	_	_
482-0	TOR004	482	482	0	sì	sì	_	_	_	_	_	linguistic	_	none	_	Begin=1493.458	_	_	_	_
482-1	TOR004	482	482	1	le	le	_	_	_	_	_	linguistic	_	none	_	_	_	_	_	_
482-2	TOR004	482	482	2	la[ntern(e)]	lanterne	_	_	_	_	_	linguistic	_	none	_	End=1494.578	_	_	7-8(0)	2-8(148)
483-0	TOI020	483	483	0	[con	con	_	_	_	_	_	linguistic	_	none	_	Begin=1493.886	_	_	_	0-3(148)
483-1	TOI020	483	483	1	l'	l'	_	_	_	_	_	linguistic	_	none	SpaceAfter=No	_	_	_	_	0-2(148)
483-2	TOI020	483	483	2	al]cool	alcool	_	_	_	_	_	linguistic	_	none	_	_	_	_	_	0-2(148)
483-3	TOI020	483	483	3	con	con	_	_	_	_	_	linguistic	_	none	_	_	_	_	_	_
483-4	TOI020	483	483	4	queste	queste	_	_	_	_	_	linguistic	_	none	_	_	_	_	_	_
483-5	TOI020	483	483	5	robe	robe	_	_	_	_	_	linguistic	_	none	_	_	_	_	_	_
483-6	TOI020	483	483	6	qua	qua	_	_	_	_	_	linguistic	_	none	_	_	_	_	_	_
483-7	TOI020	483	483	7	allora	allora	_	_	_	_	_	linguistic	_	none	_	_	_	_	_	_
483-8	TOI020	483	483	8	dici	dici	_	_	_	_	_	linguistic	_	none	_	_	_	_	_	_
483-9	TOI020	483	483	9	speriamo	speriamo	_	_	_	_	_	linguistic	_	none	_	_	_	_	_	_
483-10	TOI020	483	483	10	il	il	_	_	_	_	_	linguistic	_	none	_	_	_	_	_	_
483-11	TOI020	483	483	11	padre	padre	_	_	_	_	_	linguistic	_	none	_	_	_	_	_	_
483-12	TOI020	483	483	12	eterno	eterno	_	_	_	_	_	linguistic	_	none	_	_	_	_	_	_
483-13	TOI020	483	483	13	solo	solo	_	_	_	_	_	linguistic	_	none	_	_	_	_	_	_
483-14	TOI020	483	483	14	che	che	_	_	_	_	_	linguistic	_	none	_	_	_	_	_	_
483-15	TOI020	483	483	15	non	non	_	_	_	_	_	linguistic	_	none	_	_	_	_	_	_
483-16	TOI020	483	483	16	succeda	succeda	_	_	_	_	_	linguistic	_	none	_	_	_	_	_	_
483-17	TOI020	483	483	17	nien~	nien~	_	_	_	_	_	linguistic	_	none	Interrupted=Yes	End=1499.702	_	_	_	_
484-0	TOI020	484	484	0	e:h	eh	_	_	_	_	_	linguistic	_	none	_	Begin=1500.087	0x1	_	_	_
484-1	TOI020	484	484	1	ma	ma	_	_	_	_	_	linguistic	_	none	_	_	_	_	_	_
484-2	TOI020	484	484	2	no:,	no	_	_	_	_	_	linguistic	_	none	Intonation=WeaklyRising	_	1x1	_	_	_
484-3	TOI020	484	484	3	ma	ma	_	_	_	_	_	linguistic	_	none	_	_	_	_	_	_
484-4	TOI020	484	484	4	non	non	_	_	_	_	_	linguistic	_	none	_	_	_	_	_	_
484-5	TOI020	484	484	5	va	va	_	_	_	_	_	linguistic	_	none	_	_	_	_	_	_
484-6	TOI020	484	484	6	be:ne,	bene	_	_	_	_	_	linguistic	_	none	Intonation=WeaklyRising	_	1x1	_	_	_
484-7	TOI020	484	484	7	troppa	troppa	_	_	_	_	_	linguistic	_	none	_	_	_	_	_	_
484-8	TOI020	484	484	8	libertà,	libertà	_	_	_	_	_	linguistic	_	none	Intonation=WeaklyRising	_	_	_	_	_
484-9	TOI020	484	484	9	tro~	tro~	_	_	_	_	_	linguistic	_	none	Interrupted=Yes	End=1503.141	_	_	_	_
485-0	TOI020	485	485	0	dopo	dopo	_	_	_	_	_	linguistic	_	none	_	Begin=1504.093	_	_	_	_
485-1	TOI020	485	485	1	quando	quando	_	_	_	_	_	linguistic	_	none	_	_	_	_	_	_
485-2	TOI020	485	485	2	si	si	_	_	_	_	_	linguistic	_	none	_	_	_	_	_	_
485-3	TOI020	485	485	3	trovano	trovano	_	_	_	_	_	linguistic	_	none	_	_	_	_	_	_
485-4	TOI020	485	485	4	i	i	_	_	_	_	_	linguistic	_	none	_	_	_	_	_	_
485-5	TOI020	485	485	5	figli	figli	_	_	_	_	_	linguistic	_	none	_	_	_	_	_	_
485-6	TOI020	485	485	6	così,	così	_	_	_	_	_	linguistic	_	none	Intonation=WeaklyRising|PauseAfter=Yes	_	_	_	_	_
485-7	TOI020	485	485	7	(.)	(.)	_	_	_	_	_	shortpause	_	none	_	_	_	_	_	_
485-8	TOI020	485	485	8	ugua:le.	uguale	_	_	_	_	_	linguistic	_	none	Intonation=Falling	_	3x1	_	_	_
485-9	TOI020	485	485	9	allora	allora	_	_	_	_	_	linguistic	_	none	_	End=1507.777	_	_	_	_
486-0	TOI020	486	486	0	come	come	_	_	_	_	_	linguistic	_	none	_	Begin=1508.373	_	_	_	_
486-1	TOI020	486	486	1	ha	ha	_	_	_	_	_	linguistic	_	none	_	_	_	_	_	_
486-2	TOI020	486	486	2	detto	detto	_	_	_	_	_	linguistic	_	none	_	_	_	_	_	_
486-3	TOI020	486	486	3	papa	papa	_	_	_	_	_	linguistic	_	none	_	_	_	_	_	_
486-4	TOI020	486	486	4	francesco	francesco	_	_	_	_	_	linguistic	_	none	_	_	_	_	_	_
486-5	TOI020	486	486	5	è	è	_	_	_	_	_	linguistic	_	none	_	_	_	_	_	_
486-6	TOI020	486	486	6	meglio	meglio	_	_	_	_	_	linguistic	_	none	_	_	_	_	_	_
486-7	TOI020	486	486	7	che	che	_	_	_	_	_	linguistic	_	none	_	_	_	_	_	_
486-8	TOI020	486	486	8	non	non	_	_	_	_	_	linguistic	_	none	_	_	_	_	_	_
486-9	TOI020	486	486	9	andate	andate	_	_	_	_	_	linguistic	_	none	_	_	_	_	_	_
486-10	TOI020	486	486	10	in	in	_	_	_	_	_	linguistic	_	none	_	_	_	_	_	_
486-11	TOI020	486	486	11	chiesa	chiesa	_	_	_	_	_	linguistic	_	none	_	_	_	_	_	_
486-12	TOI020	486	486	12	se	se	_	_	_	_	_	linguistic	_	none	_	_	_	_	_	_
486-13	TOI020	486	486	13	poi	poi	_	_	_	_	_	linguistic	_	none	_	_	_	_	_	_
486-14	TOI020	486	486	14	dovete	dovete	_	_	_	_	_	linguistic	_	none	_	_	_	_	_	_
486-15	TOI020	486	486	15	critic[are]	criticare	_	_	_	_	_	linguistic	_	none	_	End=1513.4	_	_	_	6-9(149)
487-0	TOR004	487	487	0	[esa]tto	esatto	_	_	_	_	_	linguistic	_	none	_	Begin=1513.034	_	_	_	0-3(149)
487-1	TOR004	487	487	1	es[a~]	esa~	_	_	_	_	_	linguistic	_	none	Interrupted=Yes	End=1514.058	_	_	_	2-4(150)
488-0	TOI020	488	488	0	[me]glio	meglio	_	_	_	_	_	linguistic	_	none	_	Begin=1513.856	_	_	_	0-2(150)
488-1	TOI020	488	488	1	atei	atei	_	_	_	_	_	linguistic	_	none	_	End=1514.797	_	_	_	_
489-0	TOI020	489	489	0	ed	ed	_	_	_	_	_	linguistic	_	none	_	Begin=1515.081	_	_	_	_
489-1	TOI020	489	489	1	è	è	_	_	_	_	_	linguistic	_	none	_	_	_	_	_	_
489-2	TOI020	489	489	2	la	la	_	_	_	_	_	linguistic	_	none	_	_	_	_	_	_
489-3	TOI020	489	489	3	stessa	stessa	_	_	_	_	_	linguistic	_	none	_	_	_	_	_	_
489-4	TOI020	489	489	4	cosa	cosa	_	_	_	_	_	linguistic	_	none	_	End=1516.551	_	_	_	_
490-0	TOR004	490	490	0	sì	sì	_	_	_	_	_	linguistic	_	none	_	Begin=1516.585|End=1516.82	_	_	_	_
491-0	TOI020	491	491	0	°quindi:°	quindi	_	_	_	_	_	linguistic	_	none	Volume=low	Begin=1516.837|End=1517.557	5x1	_	_	_
492-0	TOI020	492	492	0	°così°	così	_	_	_	_	_	linguistic	_	none	Volume=low	Begin=1517.85|End=1518.182	_	_	_	_
493-0	TOR004	493	493	0	e:	e	_	_	_	_	_	linguistic	_	none	_	Begin=1518.699	0x1	_	_	_
493-1	TOR004	493	493	1	cosa:,	cosa	_	_	_	_	_	linguistic	_	none	Intonation=WeaklyRising	_	3x1	_	_	_
493-2	TOR004	493	493	2	ti	ti	_	_	_	_	_	linguistic	_	none	_	_	_	_	_	_
493-3	TOR004	493	493	3	volevo	volevo	_	_	_	_	_	linguistic	_	none	_	_	_	_	_	_
493-4	TOR004	493	493	4	chiedere	chiedere	_	_	_	_	_	linguistic	_	none	_	_	_	_	_	_
493-5	TOR004	493	493	5	un'	un'	_	_	_	_	_	linguistic	_	none	SpaceAfter=No	_	_	_	_	_
493-6	TOR004	493	493	6	altra	altra	_	_	_	_	_	linguistic	_	none	_	_	_	_	_	_
493-7	TOR004	493	493	7	cosa,	cosa	_	_	_	_	_	linguistic	_	none	Intonation=WeaklyRising	End=1521.287	_	_	_	_
494-0	TOR004	494	494	0	e::	e	_	_	_	_	_	linguistic	_	none	PauseAfter=Yes	Begin=1521.824	0x2	_	_	_
494-1	TOR004	494	494	1	(.)	(.)	_	_	_	_	_	shortpause	_	none	_	_	_	_	_	_
494-2	TOR004	494	494	2	quindi	quindi	_	_	_	_	_	linguistic	_	none	_	_	_	_	_	_
494-3	TOR004	494	494	3	qual	qual	_	_	_	_	_	linguistic	_	none	_	_	_	_	_	_
494-4	TOR004	494	494	4	è	è	_	_	_	_	_	linguistic	_	none	_	_	_	_	_	_
494-5	TOR004	494	494	5	più	più	_	_	_	_	_	linguistic	_	none	_	_	_	_	_	_
494-6	TOR004	494	494	6	o	o	_	_	_	_	_	linguistic	_	none	_	_	_	_	_	_
494-7	TOR004	494	494	7	meno	meno	_	_	_	_	_	linguistic	_	none	_	_	_	_	_	_
494-8	TOR004	494	494	8	diciamo	diciamo	_	_	_	_	_	linguistic	_	none	_	_	_	_	_	_
494-9	TOR004	494	494	9	la:	la	_	_	_	_	_	linguistic	_	none	_	_	1x1	_	_	_
494-10	TOR004	494	494	10	la	la	_	_	_	_	_	linguistic	_	none	_	_	_	_	_	_
494-11	TOR004	494	494	11	differenza	differenza	_	_	_	_	_	linguistic	_	none	_	_	_	_	_	_
494-12	TOR004	494	494	12	che	che	_	_	_	_	_	linguistic	_	none	_	_	_	_	_	_
494-13	TOR004	494	494	13	hai	hai	_	_	_	_	_	linguistic	_	none	_	_	_	_	_	_
494-14	TOR004	494	494	14	visto:	visto	_	_	_	_	_	linguistic	_	none	_	End=1526.132	4x1	_	_	_
495-0	TOR004	495	495	0	dal	dal	_	_	_	_	_	linguistic	_	none	_	Begin=1526.294	_	_	_	_
495-1	TOR004	495	495	1	vivere:	vivere	_	_	_	_	_	linguistic	_	none	_	_	5x1	_	_	_
495-2	TOR004	495	495	2	giù	giù	_	_	_	_	_	linguistic	_	none	_	_	_	_	_	_
495-3	TOR004	495	495	3	al	al	_	_	_	_	_	linguistic	_	none	_	_	_	_	_	_
495-4	TOR004	495	495	4	>vivere	vivere	_	_	_	_	_	linguistic	_	none	_	_	_	Fast=0-6(0)	_	_
495-5	TOR004	495	495	5	qua	qua	_	_	_	_	_	linguistic	_	none	_	_	_	Fast=0-3(0)	_	_
495-6	TOR004	495	495	6	c(io)è<	cioè	_	_	_	_	_	linguistic	_	none	Reduced=Yes	_	_	Fast=0-4(0)	_	_
495-7	TOR004	495	495	7	qual	qual	_	_	_	_	_	linguistic	_	none	_	_	_	_	_	_
495-8	TOR004	495	495	8	è	è	_	_	_	_	_	linguistic	_	none	_	_	_	_	_	_
495-9	TOR004	495	495	9	la	la	_	_	_	_	_	linguistic	_	none	_	_	_	_	_	_
495-10	TOR004	495	495	10	differenza	differenza	_	_	_	_	_	linguistic	_	none	_	_	_	_	_	_
495-11	TOR004	495	495	11	più	più	_	_	_	_	_	linguistic	_	none	_	_	_	_	_	_
495-12	TOR004	495	495	12	grande	grande	_	_	_	_	_	linguistic	_	none	_	_	_	_	_	_
495-13	TOR004	495	495	13	che:	che	_	_	_	_	_	linguistic	_	none	_	End=1530.116	2x1	_	_	_
496-0	TOI020	496	496	0	per	per	_	_	_	_	_	linguistic	_	none	_	Begin=1530.116	_	_	_	_
496-1	TOI020	496	496	1	me?	me	_	_	_	_	_	linguistic	_	none	Intonation=Rising	End=1530.69	_	_	_	_
497-0	TOR004	497	497	0	sì	sì	_	_	_	_	_	linguistic	_	none	_	Begin=1530.69	_	_	_	_
497-1	TOR004	497	497	1	per	per	_	_	_	_	_	linguistic	_	none	_	_	_	_	_	_
497-2	TOR004	497	497	2	te	te	_	_	_	_	_	linguistic	_	none	_	End=1531.37	_	_	_	_
498-0	TOR004	498	498	0	cioè	cioè	_	_	_	_	_	linguistic	_	none	_	Begin=1532.825	_	_	_	_
498-1	TOR004	498	498	1	sul~	sul~	_	_	_	_	_	linguistic	_	none	Interrupted=Yes	_	_	_	_	_
498-2	TOR004	498	498	2	sulla	sulla	_	_	_	_	_	linguistic	_	none	_	_	_	_	_	_
498-3	TOR004	498	498	3	base	base	_	_	_	_	_	linguistic	_	none	_	_	_	_	_	_
498-4	TOR004	498	498	4	della	della	_	_	_	_	_	linguistic	_	none	_	_	_	_	_	_
498-5	TOR004	498	498	5	tua	tua	_	_	_	_	_	linguistic	_	none	_	_	_	_	_	_
498-6	TOR004	498	498	6	esperienza	esperienza	_	_	_	_	_	linguistic	_	none	_	_	_	_	_	_
498-7	TOR004	498	498	7	no?	no	_	_	_	_	_	linguistic	_	none	Intonation=Rising	_	_	_	_	_
498-8	TOR004	498	498	8	quello	quello	_	_	_	_	_	linguistic	_	none	_	_	_	_	_	_
498-9	TOR004	498	498	9	che	che	_	_	_	_	_	linguistic	_	none	PauseAfter=Yes	_	_	_	_	_
498-10	TOR004	498	498	10	(.)	(.)	_	_	_	_	_	shortpause	_	none	_	_	_	_	_	_
498-11	TOR004	498	498	11	com'	com'	_	_	_	_	_	linguistic	_	none	SpaceAfter=No	_	_	_	_	_
498-12	TOR004	498	498	12	è	è	_	_	_	_	_	linguistic	_	none	_	_	_	_	_	_
498-13	TOR004	498	498	13	stata	stata	_	_	_	_	_	linguistic	_	none	_	_	_	_	_	_
498-14	TOR004	498	498	14	l'	l'	_	_	_	_	_	linguistic	_	none	SpaceAfter=No	_	_	_	_	_
498-15	TOR004	498	498	15	impressione	impressione	_	_	_	_	_	linguistic	_	none	_	_	_	_	_	_
498-16	TOR004	498	498	16	di:	di	_	_	_	_	_	linguistic	_	none	_	_	1x1	_	_	_
498-17	TOR004	498	498	17	di	di	_	_	_	_	_	linguistic	_	none	_	_	_	_	_	_
498-18	TOR004	498	498	18	tor[ino	torino	_	_	_	_	_	linguistic	_	none	_	_	_	_	_	1-6(151)
498-19	TOR004	498	498	19	quando	quando	_	_	_	_	_	linguistic	_	none	_	_	_	_	_	0-6(151)
498-20	TOR004	498	498	20	sei	sei	_	_	_	_	_	linguistic	_	none	_	_	_	_	_	0-3(151)
498-21	TOR004	498	498	21	arriva~]	arriva~	_	_	_	_	_	linguistic	_	none	Interrupted=Yes	End=1538.352	_	_	_	0-6(151)
499-0	TOI020	499	499	0	[torino,	torino	_	_	_	_	_	linguistic	_	none	Intonation=WeaklyRising	Begin=1537.512	_	_	_	0-6(151)
499-1	TOI020	499	499	1	beh:]	beh	_	_	_	_	_	linguistic	_	none	_	_	2x1	_	_	0-3(151)
499-2	TOI020	499	499	2	io	io	_	_	_	_	_	linguistic	_	none	_	_	_	_	_	_
499-3	TOI020	499	499	3	torino	torino	_	_	_	_	_	linguistic	_	none	_	_	_	_	_	_
499-4	TOI020	499	499	4	devo	devo	_	_	_	_	_	linguistic	_	none	_	_	_	_	_	_
499-5	TOI020	499	499	5	dire	dire	_	_	_	_	_	linguistic	_	none	_	_	_	_	_	_
499-6	TOI020	499	499	6	che	che	_	_	_	_	_	linguistic	_	none	_	_	_	_	_	_
499-7	TOI020	499	499	7	mh	mh	_	_	_	_	_	linguistic	_	none	_	_	_	_	_	_
499-8	TOI020	499	499	8	mi	mi	_	_	_	_	_	linguistic	_	none	_	_	_	_	_	_
499-9	TOI020	499	499	9	hanno:	hanno	_	_	_	_	_	linguistic	_	none	_	_	4x1	_	_	_
499-10	TOI020	499	499	10	vabbè	vabbè	_	_	_	_	_	linguistic	_	none	PauseAfter=Yes	_	_	_	_	_
499-11	TOI020	499	499	11	(.)	(.)	_	_	_	_	_	shortpause	_	none	_	_	_	_	_	_
499-12	TOI020	499	499	12	son	son	_	_	_	_	_	linguistic	_	none	_	_	_	_	_	_
499-13	TOI020	499	499	13	stata	stata	_	_	_	_	_	linguistic	_	none	_	_	_	_	_	_
499-14	TOI020	499	499	14	fortunatae:h.	fortunataeh	_	_	_	_	_	linguistic	_	none	Intonation=Falling	End=1543.022	9x1	_	_	_
500-0	TOI020	500	500	0	perché:	perché	_	_	_	_	_	linguistic	_	none	_	Begin=1543.462|End=1544.247	5x1	_	_	_
501-0	TOI020	501	501	0	m	m	_	_	_	_	_	linguistic	_	none	ProsodicLink=Yes	Begin=1544.512	_	_	_	_
501-1	TOI020	501	501	1	e:h	eh	_	_	_	_	_	linguistic	_	none	_	_	0x1	_	_	_
501-2	TOI020	501	501	2	io	io	_	_	_	_	_	linguistic	_	none	_	_	_	_	_	_
501-3	TOI020	501	501	3	ho	ho	_	_	_	_	_	linguistic	_	none	_	_	_	_	_	_
501-4	TOI020	501	501	4	avuto	avuto	_	_	_	_	_	linguistic	_	none	_	_	_	_	_	_
501-5	TOI020	501	501	5	il	il	_	_	_	_	_	linguistic	_	none	_	_	_	_	_	_
501-6	TOI020	501	501	6	retaggio	retaggio	_	_	_	_	_	linguistic	_	none	_	_	_	_	_	_
501-7	TOI020	501	501	7	della	della	_	_	_	_	_	linguistic	_	none	_	_	_	_	_	_
501-8	TOI020	501	501	8	famiglia	famiglia	_	_	_	_	_	linguistic	_	none	_	_	_	_	_	_
501-9	TOI020	501	501	9	di:	di	_	_	_	_	_	linguistic	_	none	_	_	1x1	_	_	_
501-10	TOI020	501	501	10	marcello,	marcello	_	_	_	_	_	linguistic	_	none	Intonation=WeaklyRising	End=1548.307	_	_	_	_
502-0	TOI020	502	502	0	e::	e	_	_	_	_	_	linguistic	_	none	_	Begin=1548.834	0x2	_	_	_
502-1	TOI020	502	502	1	i	i	_	_	_	_	_	linguistic	_	none	_	_	_	_	_	_
502-2	TOI020	502	502	2	cugini	cugini	_	_	_	_	_	linguistic	_	none	_	_	_	_	_	_
502-3	TOI020	502	502	3	che	che	_	_	_	_	_	linguistic	_	none	_	_	_	_	_	_
502-4	TOI020	502	502	4	mi	mi	_	_	_	_	_	linguistic	_	none	_	_	_	_	_	_
502-5	TOI020	502	502	5	han	han	_	_	_	_	_	linguistic	_	none	_	_	_	_	_	_
502-6	TOI020	502	502	6	voluto	voluto	_	_	_	_	_	linguistic	_	none	_	_	_	_	_	_
502-7	TOI020	502	502	7	subito:	subito	_	_	_	_	_	linguistic	_	none	_	_	5x1	_	_	_
502-8	TOI020	502	502	8	bene,	bene	_	_	_	_	_	linguistic	_	none	Intonation=WeaklyRising	_	_	_	_	_
502-9	TOI020	502	502	9	mi	mi	_	_	_	_	_	linguistic	_	none	_	_	_	_	_	_
502-10	TOI020	502	502	10	hanno	hanno	_	_	_	_	_	linguistic	_	none	_	_	_	_	_	_
502-11	TOI020	502	502	11	accolta	accolta	_	_	_	_	_	linguistic	_	none	_	_	_	_	_	_
502-12	TOI020	502	502	12	bene	bene	_	_	_	_	_	linguistic	_	none	_	_	_	_	_	_
502-13	TOI020	502	502	13	dai	dai	_	_	_	_	_	linguistic	_	none	_	_	_	_	_	_
502-14	TOI020	502	502	14	più	più	_	_	_	_	_	linguistic	_	none	_	_	_	_	_	_
502-15	TOI020	502	502	15	picoli	picoli	_	_	_	_	_	linguistic	_	none	_	End=1554.196	_	_	_	_
503-0	TOI020	503	503	0	a:	a	_	_	_	_	_	linguistic	_	none	_	Begin=1554.441	0x1	_	_	_
503-1	TOI020	503	503	1	e	e	_	_	_	_	_	linguistic	_	none	_	_	_	_	_	_
503-2	TOI020	503	503	2	a	a	_	_	_	_	_	linguistic	_	none	_	_	_	_	_	_
503-3	TOI020	503	503	3	quelli	quelli	_	_	_	_	_	linguistic	_	none	_	_	_	_	_	_
503-4	TOI020	503	503	4	più	più	_	_	_	_	_	linguistic	_	none	_	_	_	_	_	_
503-5	TOI020	503	503	5	più	più	_	_	_	_	_	linguistic	_	none	_	_	_	_	_	_
503-6	TOI020	503	503	6	grandi.	grandi	_	_	_	_	_	linguistic	_	none	Intonation=Falling	End=1556.181	_	_	_	_
504-0	TOI020	504	504	0	e	e	_	_	_	_	_	linguistic	_	none	_	Begin=1556.623	_	_	_	_
504-1	TOI020	504	504	1	quindi	quindi	_	_	_	_	_	linguistic	_	none	_	_	_	_	_	_
504-2	TOI020	504	504	2	questo	questo	_	_	_	_	_	linguistic	_	none	_	_	_	_	_	_
504-3	TOI020	504	504	3	mi	mi	_	_	_	_	_	linguistic	_	none	_	_	_	_	_	_
504-4	TOI020	504	504	4	ha	ha	_	_	_	_	_	linguistic	_	none	_	_	_	_	_	_
504-5	TOI020	504	504	5	fatto:	fatto	_	_	_	_	_	linguistic	_	none	_	_	4x1	_	_	_
504-6	TOI020	504	504	6	sentire	sentire	_	_	_	_	_	linguistic	_	none	_	_	_	_	_	_
504-7	TOI020	504	504	7	subito:	subito	_	_	_	_	_	linguistic	_	none	_	_	5x1	_	_	_
504-8	TOI020	504	504	8	a	a	_	_	_	_	_	linguistic	_	none	_	_	_	_	_	_
504-9	TOI020	504	504	9	casa	casa	_	_	_	_	_	linguistic	_	none	_	_	_	_	_	_
504-10	TOI020	504	504	10	subito	subito	_	_	_	_	_	linguistic	_	none	_	_	_	_	_	_
504-11	TOI020	504	504	11	famiglia.	famiglia	_	_	_	_	_	linguistic	_	none	Intonation=Falling	End=1561.688	_	_	_	_
505-0	TOI020	505	505	0	e::h	eh	_	_	_	_	_	linguistic	_	none	_	Begin=1563.123	0x2	_	_	_
505-1	TOI020	505	505	1	io	io	_	_	_	_	_	linguistic	_	none	_	_	_	_	_	_
505-2	TOI020	505	505	2	ho	ho	_	_	_	_	_	linguistic	_	none	_	_	_	_	_	_
505-3	TOI020	505	505	3	cercato,	cercato	_	_	_	_	_	linguistic	_	none	Intonation=WeaklyRising|PauseAfter=Yes	_	_	_	_	_
505-4	TOI020	505	505	4	(.)	(.)	_	_	_	_	_	shortpause	_	none	_	_	_	_	_	_
505-5	TOI020	505	505	5	mh	mh	_	_	_	_	_	linguistic	_	none	_	_	_	_	_	_
505-6	TOI020	505	505	6	marcello	marcello	_	_	_	_	_	linguistic	_	none	_	_	_	_	_	_
505-7	TOI020	505	505	7	aveva	aveva	_	_	_	_	_	linguistic	_	none	_	_	_	_	_	_
505-8	TOI020	505	505	8	i	i	_	_	_	_	_	linguistic	_	none	_	_	_	_	_	_
505-9	TOI020	505	505	9	suoi	suoi	_	_	_	_	_	linguistic	_	none	_	_	_	_	_	_
505-10	TOI020	505	505	10	amici,	amici	_	_	_	_	_	linguistic	_	none	Intonation=WeaklyRising	End=1567.057	_	_	_	_
506-0	TOI020	506	506	0	per	per	_	_	_	_	_	linguistic	_	none	_	Begin=1567.169	_	_	_	_
506-1	TOI020	506	506	1	carità:	carità	_	_	_	_	_	linguistic	_	none	_	_	5x1	_	_	_
506-2	TOI020	506	506	2	ah	ah	_	_	_	_	_	linguistic	_	none	_	_	_	_	_	_
506-3	TOI020	506	506	3	mi	mi	_	_	_	_	_	linguistic	_	none	_	_	_	_	_	_
506-4	TOI020	506	506	4	hanno	hanno	_	_	_	_	_	linguistic	_	none	_	_	_	_	_	_
506-5	TOI020	506	506	5	acco:lta	accolta	_	_	_	_	_	linguistic	_	none	_	_	3x1	_	_	_
506-6	TOI020	506	506	6	tutto	tutto	_	_	_	_	_	linguistic	_	none	_	_	_	_	_	_
506-7	TOI020	506	506	7	quanto,	quanto	_	_	_	_	_	linguistic	_	none	Intonation=WeaklyRising	End=1570.447	_	_	_	_
507-0	TOI020	507	507	0	però	però	_	_	_	_	_	linguistic	_	none	_	Begin=1571.009	_	_	_	_
507-1	TOI020	507	507	1	io	io	_	_	_	_	_	linguistic	_	none	_	_	_	_	_	_
507-2	TOI020	507	507	2	poi	poi	_	_	_	_	_	linguistic	_	none	_	_	_	_	_	_
507-3	TOI020	507	507	3	ho	ho	_	_	_	_	_	linguistic	_	none	_	_	_	_	_	_
507-4	TOI020	507	507	4	cercato	cercato	_	_	_	_	_	linguistic	_	none	_	_	_	_	_	_
507-5	TOI020	507	507	5	le	le	_	_	_	_	_	linguistic	_	none	_	_	_	_	_	_
507-6	TOI020	507	507	6	mie	mie	_	_	_	_	_	linguistic	_	none	PauseAfter=Yes	_	_	_	_	_
507-7	TOI020	507	507	7	(.)	(.)	_	_	_	_	_	shortpause	_	none	_	_	_	_	_	_
507-8	TOI020	507	507	8	[amici]zie.	amicizie	_	_	_	_	_	linguistic	_	none	Intonation=Falling	End=1574.388	_	_	_	0-5(152)
508-0	TOR004	508	508	0	[mh	mh	_	_	_	_	_	linguistic	_	none	_	Begin=1573.45	_	_	_	0-2(152)
508-1	TOR004	508	508	1	mh]	mh	_	_	_	_	_	linguistic	_	none	_	End=1573.948	_	_	_	0-2(152)
509-0	TOI020	509	509	0	perché	perché	_	_	_	_	_	linguistic	_	none	_	Begin=1574.91	_	_	_	_
509-1	TOI020	509	509	1	comunque	comunque	_	_	_	_	_	linguistic	_	none	_	_	_	_	_	_
509-2	TOI020	509	509	2	secondo	secondo	_	_	_	_	_	linguistic	_	none	_	_	_	_	_	_
509-3	TOI020	509	509	3	me:	me	_	_	_	_	_	linguistic	_	none	_	_	1x1	_	_	_
509-4	TOI020	509	509	4	è	è	_	_	_	_	_	linguistic	_	none	_	_	_	_	_	_
509-5	TOI020	509	509	5	gius~	gius~	_	_	_	_	_	linguistic	_	none	Interrupted=Yes	_	_	_	_	_
509-6	TOI020	509	509	6	gli	gli	_	_	_	_	_	linguistic	_	none	_	_	_	_	_	_
509-7	TOI020	509	509	7	altri	altri	_	_	_	_	_	linguistic	_	none	_	_	_	_	_	_
509-8	TOI020	509	509	8	ti	ti	_	_	_	_	_	linguistic	_	none	_	_	_	_	_	_
509-9	TOI020	509	509	9	accolgono	accolgono	_	_	_	_	_	linguistic	_	none	_	_	_	_	_	_
509-10	TOI020	509	509	10	perché	perché	_	_	_	_	_	linguistic	_	none	_	End=1579.081	_	_	_	_
510-0	TOI020	510	510	0	sei	sei	_	_	_	_	_	linguistic	_	none	_	Begin=1579.68	_	_	_	_
510-1	TOI020	510	510	1	arrivata	arrivata	_	_	_	_	_	linguistic	_	none	_	_	_	_	_	_
510-2	TOI020	510	510	2	e	e	_	_	_	_	_	linguistic	_	none	_	_	_	_	_	_
510-3	TOI020	510	510	3	comunque	comunque	_	_	_	_	_	linguistic	_	none	_	_	_	_	_	_
510-4	TOI020	510	510	4	sei	sei	_	_	_	_	_	linguistic	_	none	_	End=1581.798	_	_	_	_
511-0	TOI020	511	511	0	la	la	_	_	_	_	_	linguistic	_	none	_	Begin=1582.177	_	_	_	_
511-1	TOI020	511	511	1	fidanzata	fidanzata	_	_	_	_	_	linguistic	_	none	_	_	_	_	_	_
511-2	TOI020	511	511	2	poi	poi	_	_	_	_	_	linguistic	_	none	_	_	_	_	_	_
511-3	TOI020	511	511	3	la	la	_	_	_	_	_	linguistic	_	none	_	_	_	_	_	_
511-4	TOI020	511	511	4	moglie	moglie	_	_	_	_	_	linguistic	_	none	_	_	_	_	_	_
511-5	TOI020	511	511	5	e:h	eh	_	_	_	_	_	linguistic	_	none	_	End=1584.372	0x1	_	_	_
512-0	TOI020	512	512	0	poi	poi	_	_	_	_	_	linguistic	_	none	_	Begin=1584.56	_	_	_	_
512-1	TOI020	512	512	1	per	per	_	_	_	_	_	linguistic	_	none	_	_	_	_	_	_
512-2	TOI020	512	512	2	carità	carità	_	_	_	_	_	linguistic	_	none	_	_	_	_	_	_
512-3	TOI020	512	512	3	ci	ci	_	_	_	_	_	linguistic	_	none	_	_	_	_	_	_
512-4	TOI020	512	512	4	stai	stai	_	_	_	_	_	linguistic	_	none	_	_	_	_	_	_
512-5	TOI020	512	512	5	bene	bene	_	_	_	_	_	linguistic	_	none	_	_	_	_	_	_
512-6	TOI020	512	512	6	e	e	_	_	_	_	_	linguistic	_	none	_	_	_	_	_	_
512-7	TOI020	512	512	7	diventi	diventi	_	_	_	_	_	linguistic	_	none	_	_	_	_	_	_
512-8	TOI020	512	512	8	anche	anche	_	_	_	_	_	linguistic	_	none	_	_	_	_	_	_
512-9	TOI020	512	512	9	ami:co	amico	_	_	_	_	_	linguistic	_	none	_	_	2x1	_	_	_
512-10	TOI020	512	512	10	e	e	_	_	_	_	_	linguistic	_	none	_	_	_	_	_	_
512-11	TOI020	512	512	11	tutto	tutto	_	_	_	_	_	linguistic	_	none	_	_	_	_	_	_
512-12	TOI020	512	512	12	quanto	quanto	_	_	_	_	_	linguistic	_	none	_	End=1588.572	_	_	_	_
513-0	TOI020	513	513	0	però	però	_	_	_	_	_	linguistic	_	none	_	Begin=1589.256	_	_	_	_
513-1	TOI020	513	513	1	io	io	_	_	_	_	_	linguistic	_	none	_	_	_	_	_	_
513-2	TOI020	513	513	2	avevo	avevo	_	_	_	_	_	linguistic	_	none	_	_	_	_	_	_
513-3	TOI020	513	513	3	questa	questa	_	_	_	_	_	linguistic	_	none	_	_	_	_	_	_
513-4	TOI020	513	513	4	necessit[à]	necessità	_	_	_	_	_	linguistic	_	none	_	End=1591.193	_	_	_	8-9(153)
514-0	TOR004	514	514	0	[d]i	di	_	_	_	_	_	linguistic	_	none	_	Begin=1591.11	_	_	_	0-1(153)
514-1	TOR004	514	514	1	avere	avere	_	_	_	_	_	linguistic	_	none	_	_	_	_	_	_
514-2	TOR004	514	514	2	un'	un'	_	_	_	_	_	linguistic	_	none	SpaceAfter=No	_	_	_	_	_
514-3	TOR004	514	514	3	iden[tità]	identità	_	_	_	_	_	linguistic	_	none	_	End=1592.193	_	_	_	3-8(154)
515-0	TOI020	515	515	0	[di	di	_	_	_	_	_	linguistic	_	none	_	Begin=1591.822	_	_	_	0-2(154)
515-1	TOI020	515	515	1	ave]re,	avere	_	_	_	_	_	linguistic	_	none	Intonation=WeaklyRising|PauseAfter=Yes	_	_	_	_	0-3(154)
515-2	TOI020	515	515	2	(.)	(.)	_	_	_	_	_	shortpause	_	none	_	_	_	_	_	_
515-3	TOI020	515	515	3	un'	un'	_	_	_	_	_	linguistic	_	none	SpaceAfter=No	_	_	_	_	_
515-4	TOI020	515	515	4	identità.	identità	_	_	_	_	_	linguistic	_	none	Intonation=Falling	End=1593.357	_	_	_	_
516-0	TOI020	516	516	0	sì	sì	_	_	_	_	_	linguistic	_	none	_	Begin=1593.561	_	_	_	_
516-1	TOI020	516	516	1	sì	sì	_	_	_	_	_	linguistic	_	none	_	_	_	_	_	_
516-2	TOI020	516	516	2	sì	sì	_	_	_	_	_	linguistic	_	none	_	End=1594.172	_	_	_	_
517-0	TOI020	517	517	0	questo	questo	_	_	_	_	_	linguistic	_	none	_	Begin=1594.347	_	_	_	_
517-1	TOI020	517	517	1	sì.	sì	_	_	_	_	_	linguistic	_	none	Intonation=Falling	End=1594.981	_	_	_	_
518-0	TOI020	518	518	0	e::	e	_	_	_	_	_	linguistic	_	none	_	Begin=1595.399	0x2	_	_	_
518-1	TOI020	518	518	1	diciamo	diciamo	_	_	_	_	_	linguistic	_	none	_	_	_	_	_	_
518-2	TOI020	518	518	2	che	che	_	_	_	_	_	linguistic	_	none	_	_	_	_	_	_
518-3	TOI020	518	518	3	poi	poi	_	_	_	_	_	linguistic	_	none	_	End=1597.035	_	_	_	_
519-0	TOI020	519	519	0	col	col	_	_	_	_	_	linguistic	_	none	_	Begin=1597.318	_	_	_	_
519-1	TOI020	519	519	1	tempo:	tempo	_	_	_	_	_	linguistic	_	none	_	_	4x1	_	_	_
519-2	TOI020	519	519	2	ho	ho	_	_	_	_	_	linguistic	_	none	_	_	_	_	_	_
519-3	TOI020	519	519	3	avuto:	avuto	_	_	_	_	_	linguistic	_	none	_	End=1599.495	4x1	_	_	_
520-0	TOI020	520	520	0	c(io)è	cioè	_	_	_	_	_	linguistic	_	none	Reduced=Yes	Begin=1599.714	_	_	_	_
520-1	TOI020	520	520	1	io	io	_	_	_	_	_	linguistic	_	none	_	End=1600.293	_	_	_	_
521-0	TOI020	521	521	0	io	io	_	_	_	_	_	linguistic	_	none	_	Begin=1600.681	_	_	_	_
521-1	TOI020	521	521	1	non	non	_	_	_	_	_	linguistic	_	none	_	_	_	_	_	_
521-2	TOI020	521	521	2	ho	ho	_	_	_	_	_	linguistic	_	none	_	_	_	_	_	_
521-3	TOI020	521	521	3	mai:	mai	_	_	_	_	_	linguistic	_	none	_	End=1601.859	2x1	_	_	_
522-0	TOI020	522	522	0	pur	pur	_	_	_	_	_	linguistic	_	none	_	Begin=1602.515	_	_	_	_
522-1	TOI020	522	522	1	lavorando	lavorando	_	_	_	_	_	linguistic	_	none	_	_	_	_	_	_
522-2	TOI020	522	522	2	in	in	_	_	_	_	_	linguistic	_	none	_	_	_	_	_	_
522-3	TOI020	522	522	3	comune	comune	_	_	_	_	_	linguistic	_	none	_	_	_	_	_	_
522-4	TOI020	522	522	4	come	come	_	_	_	_	_	linguistic	_	none	_	_	_	_	_	_
522-5	TOI020	522	522	5	marcello	marcello	_	_	_	_	_	linguistic	_	none	_	End=1604.788	_	_	_	_
523-0	TOI020	523	523	0	pu:r	pur	_	_	_	_	_	linguistic	_	none	_	Begin=1605.276	1x1	_	_	_
523-1	TOI020	523	523	1	avendo	avendo	_	_	_	_	_	linguistic	_	none	_	_	_	_	_	_
523-2	TOI020	523	523	2	avuto	avuto	_	_	_	_	_	linguistic	_	none	_	_	_	_	_	_
523-3	TOI020	523	523	3	poi:	poi	_	_	_	_	_	linguistic	_	none	_	_	2x1	_	_	_
523-4	TOI020	523	523	4	il	il	_	_	_	_	_	linguistic	_	none	_	_	_	_	_	_
523-5	TOI020	523	523	5	rapporto	rapporto	_	_	_	_	_	linguistic	_	none	_	_	_	_	_	_
523-6	TOI020	523	523	6	con	con	_	_	_	_	_	linguistic	_	none	_	_	_	_	_	_
523-7	TOI020	523	523	7	il	il	_	_	_	_	_	linguistic	_	none	_	_	_	_	_	_
523-8	TOI020	523	523	8	sindacato	sindacato	_	_	_	_	_	linguistic	_	none	_	_	_	_	_	_
523-9	TOI020	523	523	9	con	con	_	_	_	_	_	linguistic	_	none	_	_	_	_	_	_
523-10	TOI020	523	523	10	marcello,	marcello	_	_	_	_	_	linguistic	_	none	Intonation=WeaklyRising	End=1609.75	_	_	_	_
524-0	TOI020	524	524	0	eh	eh	_	_	_	_	_	linguistic	_	none	_	Begin=1610.443	_	_	_	_
524-1	TOI020	524	524	1	io	io	_	_	_	_	_	linguistic	_	none	_	_	_	_	_	_
524-2	TOI020	524	524	2	non	non	_	_	_	_	_	linguistic	_	none	_	_	_	_	_	_
524-3	TOI020	524	524	3	ho	ho	_	_	_	_	_	linguistic	_	none	_	_	_	_	_	_
524-4	TOI020	524	524	4	mai	mai	_	_	_	_	_	linguistic	_	none	_	_	_	_	_	_
524-5	TOI020	524	524	5	voluto	voluto	_	_	_	_	_	linguistic	_	none	_	_	_	_	_	_
524-6	TOI020	524	524	6	essere	essere	_	_	_	_	_	linguistic	_	none	_	_	_	_	_	_
524-7	TOI020	524	524	7	la	la	_	_	_	_	_	linguistic	_	none	_	_	_	_	_	_
524-8	TOI020	524	524	8	moglie	moglie	_	_	_	_	_	linguistic	_	none	_	_	_	_	_	_
524-9	TOI020	524	524	9	di	di	_	_	_	_	_	linguistic	_	none	_	_	_	_	_	_
524-10	TOI020	524	524	10	marcello	marcello	_	_	_	_	_	linguistic	_	none	_	_	_	_	_	_
524-11	TOI020	524	524	11	perché:	perché	_	_	_	_	_	linguistic	_	none	_	_	5x1	_	_	_
524-12	TOI020	524	524	12	era	era	_	_	_	_	_	linguistic	_	none	_	_	_	_	_	_
524-13	TOI020	524	524	13	anche	anche	_	_	_	_	_	linguistic	_	none	_	_	_	_	_	_
524-14	TOI020	524	524	14	lui	lui	_	_	_	_	_	linguistic	_	none	_	_	_	_	_	_
524-15	TOI020	524	524	15	lì	lì	_	_	_	_	_	linguistic	_	none	_	End=1615.757	_	_	_	_
525-0	TOR004	525	525	0	c[erto]	certo	_	_	_	_	_	linguistic	_	none	_	Begin=1615.982|End=1616.524	_	_	_	1-5(155)
526-0	TOI020	526	526	0	[io	io	_	_	_	_	_	linguistic	_	none	_	Begin=1616.122	_	_	_	0-2(155)
526-1	TOI020	526	526	1	s]ono	sono	_	_	_	_	_	linguistic	_	none	PauseAfter=Yes	_	_	_	_	0-1(155)
526-2	TOI020	526	526	2	(.)	(.)	_	_	_	_	_	shortpause	_	none	_	_	_	_	_	_
526-3	TOI020	526	526	3	[margherita]	margherita	_	_	_	_	_	linguistic	_	none	_	End=1617.743	_	_	_	0-10(156)
527-0	TOR004	527	527	0	[sei	sei	_	_	_	_	_	linguistic	_	none	_	Begin=1617.122	_	_	_	0-3(156)
527-1	TOR004	527	527	1	arrivata]	arrivata	_	_	_	_	_	linguistic	_	none	_	_	_	_	_	0-8(156)
527-2	TOR004	527	527	2	perché	perché	_	_	_	_	_	linguistic	_	none	_	End=1618.22	_	_	_	_
528-0	TOI020	528	528	0	io	io	_	_	_	_	_	linguistic	_	none	_	Begin=1618.435	_	_	_	_
528-1	TOI020	528	528	1	soni	soni	_	_	_	_	_	linguistic	_	none	_	_	_	_	_	_
528-2	TOI020	528	528	2	margherita	margherita	_	_	_	_	_	linguistic	_	none	_	_	_	_	_	_
528-3	TOI020	528	528	3	e	e	_	_	_	_	_	linguistic	_	none	_	_	_	_	_	_
528-4	TOI020	528	528	4	io:	io	_	_	_	_	_	linguistic	_	none	_	_	1x1	_	_	_
528-5	TOI020	528	528	5	sono	sono	_	_	_	_	_	linguistic	_	none	_	_	_	_	_	_
528-6	TOI020	528	528	6	questa	questa	_	_	_	_	_	linguistic	_	none	_	_	_	_	_	_
528-7	TOI020	528	528	7	a	a	_	_	_	_	_	linguistic	_	none	_	_	_	_	_	_
528-8	TOI020	528	528	8	prescindere	prescindere	_	_	_	_	_	linguistic	_	none	_	_	_	_	_	_
528-9	TOI020	528	528	9	da	da	_	_	_	_	_	linguistic	_	none	_	_	_	_	_	_
528-10	TOI020	528	528	10	quello.	quello	_	_	_	_	_	linguistic	_	none	Intonation=Falling	_	_	_	_	_
528-11	TOI020	528	528	11	e	e	_	_	_	_	_	linguistic	_	none	_	_	_	_	_	_
528-12	TOI020	528	528	12	la	la	_	_	_	_	_	linguistic	_	none	_	_	_	_	_	_
528-13	TOI020	528	528	13	stessa	stessa	_	_	_	_	_	linguistic	_	none	_	_	_	_	_	_
528-14	TOI020	528	528	14	cosa	cosa	_	_	_	_	_	linguistic	_	none	_	_	_	_	_	_
528-15	TOI020	528	528	15	anche	anche	_	_	_	_	_	linguistic	_	none	_	_	_	_	_	_
528-16	TOI020	528	528	16	giù,	giù	_	_	_	_	_	linguistic	_	none	Intonation=WeaklyRising	End=1623.587	_	_	_	_
529-0	TOI020	529	529	0	perché	perché	_	_	_	_	_	linguistic	_	none	_	Begin=1624.048	_	_	_	_
529-1	TOI020	529	529	1	eh	eh	_	_	_	_	_	linguistic	_	none	_	_	_	_	_	_
529-2	TOI020	529	529	2	io	io	_	_	_	_	_	linguistic	_	none	_	_	_	_	_	_
529-3	TOI020	529	529	3	giù	giù	_	_	_	_	_	linguistic	_	none	_	End=1625.284	_	_	_	_
530-0	TOI020	530	530	0	mh	mh	_	_	_	_	_	linguistic	_	none	_	Begin=1625.752	_	_	_	_
530-1	TOI020	530	530	1	(ero)	ero	_	_	_	_	_	linguistic	_	none	_	_	_	_	0-3(0)	_
530-2	TOI020	530	530	2	anche,	anche	_	_	_	_	_	linguistic	_	none	Intonation=WeaklyRising	End=1626.605	_	_	_	_
531-0	TOI020	531	531	0	giovane	giovane	_	_	_	_	_	linguistic	_	none	PauseAfter=Yes	Begin=1627.447	_	_	_	_
531-1	TOI020	531	531	1	(.)	(.)	_	_	_	_	_	shortpause	_	none	_	_	_	_	_	_
531-2	TOI020	531	531	2	prima	prima	_	_	_	_	_	linguistic	_	none	_	_	_	_	_	_
531-3	TOI020	531	531	3	di	di	_	_	_	_	_	linguistic	_	none	_	_	_	_	_	_
531-4	TOI020	531	531	4	venire	venire	_	_	_	_	_	linguistic	_	none	_	_	_	_	_	_
531-5	TOI020	531	531	5	via	via	_	_	_	_	_	linguistic	_	none	_	End=1629.696	_	_	_	_
532-0	TOI020	532	532	0	ho	ho	_	_	_	_	_	linguistic	_	none	_	Begin=1630.128	_	_	_	_
532-1	TOI020	532	532	1	avuto	avuto	_	_	_	_	_	linguistic	_	none	PauseAfter=Yes	_	_	_	_	_
532-2	TOI020	532	532	2	(.)	(.)	_	_	_	_	_	shortpause	_	none	_	_	_	_	_	_
532-3	TOI020	532	532	3	e	e	_	_	_	_	_	linguistic	_	none	_	_	_	_	_	_
532-4	TOI020	532	532	4	ho	ho	_	_	_	_	_	linguistic	_	none	_	End=1631.777	_	_	_	_
533-0	TOI020	533	533	0	ce	ce	_	_	_	_	_	linguistic	_	none	_	Begin=1632.151	_	_	_	_
533-1	TOI020	533	533	1	l'	l'	_	_	_	_	_	linguistic	_	none	SpaceAfter=No	_	_	_	_	_
533-2	TOI020	533	533	2	ho,	ho	_	_	_	_	_	linguistic	_	none	Intonation=WeaklyRising	_	_	_	_	_
533-3	TOI020	533	533	3	ma	ma	_	_	_	_	_	linguistic	_	none	_	_	_	_	_	_
533-4	TOI020	533	533	4	allora	allora	_	_	_	_	_	linguistic	_	none	_	_	_	_	_	_
533-5	TOI020	533	533	5	era	era	_	_	_	_	_	linguistic	_	none	_	End=1634.138	_	_	_	_
534-0	TOI020	534	534	0	e:::h	eh	_	_	_	_	_	linguistic	_	none	_	Begin=1634.58	0x3	_	_	_
534-1	TOI020	534	534	1	consigliere	consigliere	_	_	_	_	_	linguistic	_	none	_	_	_	_	_	_
534-2	TOI020	534	534	2	comuna:le	comunale	_	_	_	_	_	linguistic	_	none	_	_	5x1	_	_	_
534-3	TOI020	534	534	3	poi	poi	_	_	_	_	_	linguistic	_	none	_	_	_	_	_	_
534-4	TOI020	534	534	4	è	è	_	_	_	_	_	linguistic	_	none	_	_	_	_	_	_
534-5	TOI020	534	534	5	stato	stato	_	_	_	_	_	linguistic	_	none	_	_	_	_	_	_
534-6	TOI020	534	534	6	presidente	presidente	_	_	_	_	_	linguistic	_	none	_	_	_	_	_	_
534-7	TOI020	534	534	7	della	della	_	_	_	_	_	linguistic	_	none	_	_	_	_	_	_
534-8	TOI020	534	534	8	provincia	provincia	_	_	_	_	_	linguistic	_	none	_	_	_	_	_	_
534-9	TOI020	534	534	9	e	e	_	_	_	_	_	linguistic	_	none	_	_	_	_	_	_
534-10	TOI020	534	534	10	qundi	qundi	_	_	_	_	_	linguistic	_	none	_	_	_	_	_	_
534-11	TOI020	534	534	11	anche	anche	_	_	_	_	_	linguistic	_	none	_	_	_	_	_	_
534-12	TOI020	534	534	12	lì,	lì	_	_	_	_	_	linguistic	_	none	Intonation=WeaklyRising	End=1640.348	_	_	_	_
535-0	TOI020	535	535	0	tu	tu	_	_	_	_	_	linguistic	_	none	_	Begin=1640.807	_	_	_	_
535-1	TOI020	535	535	1	eri	eri	_	_	_	_	_	linguistic	_	none	_	_	_	_	_	_
535-2	TOI020	535	535	2	identificata	identificata	_	_	_	_	_	linguistic	_	none	_	_	_	_	_	_
535-3	TOI020	535	535	3	come	come	_	_	_	_	_	linguistic	_	none	_	_	_	_	_	_
535-4	TOI020	535	535	4	[la	la	_	_	_	_	_	linguistic	_	none	_	_	_	_	_	0-2(157)
535-5	TOI020	535	535	5	sorella	sorella	_	_	_	_	_	linguistic	_	none	_	_	_	_	_	0-7(157)
535-6	TOI020	535	535	6	la	la	_	_	_	_	_	linguistic	_	none	_	_	_	_	_	0-2(157)
535-7	TOI020	535	535	7	so]rella	sorella	_	_	_	_	_	linguistic	_	none	_	_	_	_	_	0-2(157)
535-8	TOI020	535	535	8	di.	di	_	_	_	_	_	linguistic	_	none	Intonation=Falling	End=1644.697	_	_	_	_
536-0	TOR004	536	536	0	[la	la	_	_	_	_	_	linguistic	_	none	_	Begin=1642.411	_	_	_	0-2(157)
536-1	TOR004	536	536	1	moglie	moglie	_	_	_	_	_	linguistic	_	none	_	_	_	_	_	0-6(157)
536-2	TOR004	536	536	2	di.	di	_	_	_	_	_	linguistic	_	none	Intonation=Falling	_	_	_	_	0-2(157)
536-3	TOR004	536	536	3	ah	ah	_	_	_	_	_	linguistic	_	none	_	_	_	_	_	0-2(157)
536-4	TOR004	536	536	4	la	la	_	_	_	_	_	linguistic	_	none	_	_	_	_	_	0-2(157)
536-5	TOR004	536	536	5	sore(lla)]	sorella	_	_	_	_	_	linguistic	_	none	_	End=1644.048	_	_	4-7(0)	0-7(157)
537-0	TOI020	537	537	0	(allora)	allora	_	_	_	_	_	linguistic	_	none	_	Begin=1645.134	_	_	0-6(0)	_
537-1	TOI020	537	537	1	no:	no	_	_	_	_	_	linguistic	_	none	_	End=1645.945	1x1	_	_	_
538-0	TOI020	538	538	0	(hai)	hai	_	_	_	_	_	linguistic	_	none	_	Begin=1646.294	_	_	0-3(0)	_
538-1	TOI020	538	538	1	capito?	capito	_	_	_	_	_	linguistic	_	none	Intonation=Rising	End=1646.987	_	_	_	_
539-0	TOR004	539	539	0	sì	sì	_	_	_	_	_	linguistic	_	none	_	Begin=1647.054	_	_	_	_
539-1	TOR004	539	539	1	cer[to].	certo	_	_	_	_	_	linguistic	_	none	Intonation=Falling	End=1647.802	_	_	_	3-5(158)
540-0	TOI020	540	540	0	[e	e	_	_	_	_	_	linguistic	_	none	_	Begin=1647.534	_	_	_	0-1(158)
540-1	TOI020	540	540	1	que]sta	questa	_	_	_	_	_	linguistic	_	none	_	_	_	_	_	0-3(158)
540-2	TOI020	540	540	2	cosa	cosa	_	_	_	_	_	linguistic	_	none	_	_	_	_	_	_
540-3	TOI020	540	540	3	qua	qua	_	_	_	_	_	linguistic	_	none	_	_	_	_	_	_
540-4	TOI020	540	540	4	devo	devo	_	_	_	_	_	linguistic	_	none	_	_	_	_	_	_
540-5	TOI020	540	540	5	dire	dire	_	_	_	_	_	linguistic	_	none	_	_	_	_	_	_
540-6	TOI020	540	540	6	che	che	_	_	_	_	_	linguistic	_	none	_	_	_	_	_	_
540-7	TOI020	540	540	7	io	io	_	_	_	_	_	linguistic	_	none	_	_	_	_	_	_
540-8	TOI020	540	540	8	son	son	_	_	_	_	_	linguistic	_	none	PauseAfter=Yes	_	_	_	_	_
540-9	TOI020	540	540	9	(.)	(.)	_	_	_	_	_	shortpause	_	none	_	_	_	_	_	_
540-10	TOI020	540	540	10	son	son	_	_	_	_	_	linguistic	_	none	_	_	_	_	_	_
540-11	TOI020	540	540	11	riuscita	riuscita	_	_	_	_	_	linguistic	_	none	_	_	_	_	_	_
540-12	TOI020	540	540	12	a	a	_	_	_	_	_	linguistic	_	none	_	_	_	_	_	_
540-13	TOI020	540	540	13	gestirmela::	gestirmela	_	_	_	_	_	linguistic	_	none	_	_	9x2	_	_	_
540-14	TOI020	540	540	14	bene,	bene	_	_	_	_	_	linguistic	_	none	Intonation=WeaklyRising	End=1652.475	_	_	_	_
541-0	TOI020	541	541	0	mh	mh	_	_	_	_	_	linguistic	_	none	_	Begin=1652.831	_	_	_	_
541-1	TOI020	541	541	1	senza:	senza	_	_	_	_	_	linguistic	_	none	_	_	4x1	_	_	_
541-2	TOI020	541	541	2	m	m	_	_	_	_	_	linguistic	_	none	ProsodicLink=Yes	_	_	_	_	_
541-3	TOI020	541	541	3	e:h	eh	_	_	_	_	_	linguistic	_	none	_	End=1654.151	0x1	_	_	_
542-0	TOI020	542	542	0	nessuna:	nessuna	_	_	_	_	_	linguistic	_	none	_	Begin=1654.878	6x1	_	_	_
542-1	TOI020	542	542	1	difficoltà,	difficoltà	_	_	_	_	_	linguistic	_	none	Intonation=WeaklyRising	End=1656.628	_	_	_	_
543-0	TOI020	543	543	0	differenze	differenze	_	_	_	_	_	linguistic	_	none	_	Begin=1657.188	_	_	_	_
543-1	TOI020	543	543	1	no	no	_	_	_	_	_	linguistic	_	none	_	_	_	_	_	_
543-2	TOI020	543	543	2	perché	perché	_	_	_	_	_	linguistic	_	none	_	_	_	_	_	_
543-3	TOI020	543	543	3	io	io	_	_	_	_	_	linguistic	_	none	_	_	_	_	_	_
543-4	TOI020	543	543	4	poi	poi	_	_	_	_	_	linguistic	_	none	_	_	_	_	_	_
543-5	TOI020	543	543	5	ti	ti	_	_	_	_	_	linguistic	_	none	_	_	_	_	_	_
543-6	TOI020	543	543	6	dico	dico	_	_	_	_	_	linguistic	_	none	_	_	_	_	_	_
543-7	TOI020	543	543	7	anche	anche	_	_	_	_	_	linguistic	_	none	_	_	_	_	_	_
543-8	TOI020	543	543	8	lì,	lì	_	_	_	_	_	linguistic	_	none	Intonation=WeaklyRising	_	_	_	_	_
543-9	TOI020	543	543	9	mi	mi	_	_	_	_	_	linguistic	_	none	_	_	_	_	_	_
543-10	TOI020	543	543	10	sentivo	sentivo	_	_	_	_	_	linguistic	_	none	_	_	_	_	_	_
543-11	TOI020	543	543	11	libera	libera	_	_	_	_	_	linguistic	_	none	_	End=1661.127	_	_	_	_
544-0	TOI020	544	544	0	[come:	come	_	_	_	_	_	linguistic	_	none	_	Begin=1661.275	3x1	_	_	0-4(159)
544-1	TOI020	544	544	1	m	m	_	_	_	_	_	linguistic	_	none	ProsodicLink=Yes	_	_	_	_	0-1(159)
544-2	TOI020	544	544	2	e:h]	eh	_	_	_	_	_	linguistic	_	none	_	_	0x1	_	_	0-2(159)
544-3	TOI020	544	544	3	perché	perché	_	_	_	_	_	linguistic	_	none	_	_	_	_	_	_
544-4	TOI020	544	544	4	comun[que	comunque	_	_	_	_	_	linguistic	_	none	_	_	_	_	_	5-8(160)
544-5	TOI020	544	544	5	la	la	_	_	_	_	_	linguistic	_	none	_	_	_	_	_	0-2(160)
544-6	TOI020	544	544	6	mia	mia	_	_	_	_	_	linguistic	_	none	_	_	_	_	_	0-3(160)
544-7	TOI020	544	544	7	famiglia	famiglia	_	_	_	_	_	linguistic	_	none	_	_	_	_	_	0-8(160)
544-8	TOI020	544	544	8	mi	mi	_	_	_	_	_	linguistic	_	none	_	_	_	_	_	0-2(160)
544-9	TOI020	544	544	9	ha]	ha	_	_	_	_	_	linguistic	_	none	_	_	_	_	_	0-2(160)
544-10	TOI020	544	544	10	dato:	dato	_	_	_	_	_	linguistic	_	none	_	End=1664.873	3x1	_	_	_
545-0	TOR004	545	545	0	[di	di	_	_	_	_	_	linguistic	_	none	_	Begin=1661.291	_	_	_	0-2(159)
545-1	TOR004	545	545	1	fare	fare	_	_	_	_	_	linguistic	_	none	_	_	_	_	_	0-4(159)
545-2	TOR004	545	545	2	quello	quello	_	_	_	_	_	linguistic	_	none	_	_	_	_	_	0-6(159)
545-3	TOR004	545	545	3	che]	che	_	_	_	_	_	linguistic	_	none	_	End=1662.301	_	_	_	0-3(159)
546-0	TOR004	546	546	0	[che	che	_	_	_	_	_	linguistic	_	none	_	Begin=1663.114	_	_	_	0-3(160)
546-1	TOR004	546	546	1	ritenevi	ritenevi	_	_	_	_	_	linguistic	_	none	_	_	_	_	_	0-8(160)
546-2	TOR004	546	546	2	opportu~]	opportu~	_	_	_	_	_	linguistic	_	none	Interrupted=Yes	End=1664.224	_	_	_	0-8(160)
547-0	TOI020	547	547	0	questa:	questa	_	_	_	_	_	linguistic	_	none	_	Begin=1665.389	5x1	_	_	_
547-1	TOI020	547	547	1	grand[e	grande	_	_	_	_	_	linguistic	_	none	_	_	_	_	_	5-6(161)
547-2	TOI020	547	547	2	opportunità.	opportunità	_	_	_	_	_	linguistic	_	none	Intonation=Falling|PauseAfter=Yes	_	_	_	_	0-11(161)
547-3	TOI020	547	547	3	(.)	(.)	_	_	_	_	_	shortpause	_	none	_	_	_	_	_	_
547-4	TOI020	547	547	4	era	era	_	_	_	_	_	linguistic	_	none	_	_	_	_	_	0-3(161)
547-5	TOI020	547	547	5	ava]nti,	avanti	_	_	_	_	_	linguistic	_	none	Intonation=WeaklyRising	End=1668.487	_	_	_	0-3(161)
548-0	TOR004	548	548	0	[sì	sì	_	_	_	_	_	linguistic	_	none	_	Begin=1666.222	_	_	_	0-2(161)
548-1	TOR004	548	548	1	era	era	_	_	_	_	_	linguistic	_	none	_	_	_	_	_	0-3(161)
548-2	TOR004	548	548	2	avanti	avanti	_	_	_	_	_	linguistic	_	none	_	_	_	_	_	0-6(161)
548-3	TOR004	548	548	3	diciamo	diciamo	_	_	_	_	_	linguistic	_	none	_	_	_	_	_	0-7(161)
548-4	TOR004	548	548	4	rispetto],	rispetto	_	_	_	_	_	linguistic	_	none	Intonation=WeaklyRising	End=1668.015	_	_	_	0-8(161)
549-0	TOI020	549	549	0	diciamo	diciamo	_	_	_	_	_	linguistic	_	none	_	Begin=1668.814	_	_	_	_
549-1	TOI020	549	549	1	che,	che	_	_	_	_	_	linguistic	_	none	Intonation=WeaklyRising|PauseAfter=Yes	_	_	_	_	_
549-2	TOI020	549	549	2	(.)	(.)	_	_	_	_	_	shortpause	_	none	_	_	_	_	_	_
549-3	TOI020	549	549	3	c'	c'	_	_	_	_	_	linguistic	_	none	SpaceAfter=No	_	_	_	_	_
549-4	TOI020	549	549	4	erano	erano	_	_	_	_	_	linguistic	_	none	_	_	_	_	_	_
549-5	TOI020	549	549	5	le	le	_	_	_	_	_	linguistic	_	none	_	_	_	_	_	_
549-6	TOI020	549	549	6	regole	regole	_	_	_	_	_	linguistic	_	none	_	_	_	_	_	_
549-7	TOI020	549	549	7	sapevi	sapevi	_	_	_	_	_	linguistic	_	none	_	_	_	_	_	_
549-8	TOI020	549	549	8	che	che	_	_	_	_	_	linguistic	_	none	_	_	_	_	_	_
549-9	TOI020	549	549	9	le	le	_	_	_	_	_	linguistic	_	none	_	_	_	_	_	_
549-10	TOI020	549	549	10	regole	regole	_	_	_	_	_	linguistic	_	none	_	_	_	_	_	_
549-11	TOI020	549	549	11	erano	erano	_	_	_	_	_	linguistic	_	none	_	_	_	_	_	_
549-12	TOI020	549	549	12	quelle	quelle	_	_	_	_	_	linguistic	_	none	_	_	_	_	_	_
549-13	TOI020	549	549	13	e	e	_	_	_	_	_	linguistic	_	none	_	_	_	_	_	_
549-14	TOI020	549	549	14	dopo	dopo	_	_	_	_	_	linguistic	_	none	_	_	_	_	_	_
549-15	TOI020	549	549	15	che	che	_	_	_	_	_	linguistic	_	none	_	_	_	_	_	_
549-16	TOI020	549	549	16	avevi	avevi	_	_	_	_	_	linguistic	_	none	_	_	_	_	_	_
549-17	TOI020	549	549	17	fatto	fatto	_	_	_	_	_	linguistic	_	none	_	_	_	_	_	_
549-18	TOI020	549	549	18	quello	quello	_	_	_	_	_	linguistic	_	none	_	End=1674.367	_	_	_	_
550-0	TOI020	550	550	0	andava	andava	_	_	_	_	_	linguistic	_	none	_	Begin=1674.721	_	_	_	_
550-1	TOI020	550	550	1	bene.	bene	_	_	_	_	_	linguistic	_	none	Intonation=Falling	End=1675.676	_	_	_	_
551-0	TOI020	551	551	0	eh	eh	_	_	_	_	_	linguistic	_	none	_	Begin=1676.469	_	_	_	_
551-1	TOI020	551	551	1	sapevi	sapevi	_	_	_	_	_	linguistic	_	none	_	_	_	_	_	_
551-2	TOI020	551	551	2	che	che	_	_	_	_	_	linguistic	_	none	_	_	_	_	_	_
551-3	TOI020	551	551	3	quello	quello	_	_	_	_	_	linguistic	_	none	_	_	_	_	_	_
551-4	TOI020	551	551	4	non	non	_	_	_	_	_	linguistic	_	none	_	_	_	_	_	_
551-5	TOI020	551	551	5	lo	lo	_	_	_	_	_	linguistic	_	none	_	_	_	_	_	_
551-6	TOI020	551	551	6	potevi	potevi	_	_	_	_	_	linguistic	_	none	_	_	_	_	_	_
551-7	TOI020	551	551	7	fare,	fare	_	_	_	_	_	linguistic	_	none	Intonation=WeaklyRising	_	_	_	_	_
551-8	TOI020	551	551	8	e	e	_	_	_	_	_	linguistic	_	none	_	_	_	_	_	_
551-9	TOI020	551	551	9	non	non	_	_	_	_	_	linguistic	_	none	_	_	_	_	_	_
551-10	TOI020	551	551	10	lo	lo	_	_	_	_	_	linguistic	_	none	_	_	_	_	_	_
551-11	TOI020	551	551	11	dovevi	dovevi	_	_	_	_	_	linguistic	_	none	_	_	_	_	_	_
551-12	TOI020	551	551	12	fare.	fare	_	_	_	_	_	linguistic	_	none	Intonation=Falling	End=1680.028	_	_	_	_
552-0	TOI020	552	552	0	mh	mh	_	_	_	_	_	linguistic	_	none	_	Begin=1680.388	_	_	_	_
552-1	TOI020	552	552	1	punto	punto	_	_	_	_	_	linguistic	_	none	_	End=1681.369	_	_	_	_
553-0	TOI020	553	553	0	e:::h	eh	_	_	_	_	_	linguistic	_	none	_	Begin=1681.777|End=1683.096	0x3	_	_	_
554-0	TOI020	554	554	0	non	non	_	_	_	_	_	linguistic	_	none	_	Begin=1683.439	_	_	_	_
554-1	TOI020	554	554	1	non	non	_	_	_	_	_	linguistic	_	none	_	_	_	_	_	_
554-2	TOI020	554	554	2	c'	c'	_	_	_	_	_	linguistic	_	none	SpaceAfter=No	_	_	_	_	_
554-3	TOI020	554	554	3	era::	era	_	_	_	_	_	linguistic	_	none	_	_	2x2	_	_	_
554-4	TOI020	554	554	4	questo	questo	_	_	_	_	_	linguistic	_	none	_	_	_	_	_	_
554-5	TOI020	554	554	5	che	che	_	_	_	_	_	linguistic	_	none	_	_	_	_	_	_
554-6	TOI020	554	554	6	ne	ne	_	_	_	_	_	linguistic	_	none	_	_	_	_	_	_
554-7	TOI020	554	554	7	so	so	_	_	_	_	_	linguistic	_	none	_	_	_	_	_	_
554-8	TOI020	554	554	8	io	io	_	_	_	_	_	linguistic	_	none	_	_	_	_	_	_
554-9	TOI020	554	554	9	sapevo	sapevo	_	_	_	_	_	linguistic	_	none	_	_	_	_	_	_
554-10	TOI020	554	554	10	per	per	_	_	_	_	_	linguistic	_	none	_	_	_	_	_	_
554-11	TOI020	554	554	11	esempio	esempio	_	_	_	_	_	linguistic	_	none	_	_	_	_	_	_
554-12	TOI020	554	554	12	che	che	_	_	_	_	_	linguistic	_	none	_	End=1687.674	_	_	_	_
555-0	TOI020	555	555	0	se:	se	_	_	_	_	_	linguistic	_	none	_	Begin=1688.03	1x1	_	_	_
555-1	TOI020	555	555	1	volevo	volevo	_	_	_	_	_	linguistic	_	none	_	_	_	_	_	_
555-2	TOI020	555	555	2	andare	andare	_	_	_	_	_	linguistic	_	none	_	_	_	_	_	_
555-3	TOI020	555	555	3	a	a	_	_	_	_	_	linguistic	_	none	_	_	_	_	_	_
555-4	TOI020	555	555	4	fare	fare	_	_	_	_	_	linguistic	_	none	_	_	_	_	_	_
555-5	TOI020	555	555	5	qualcosa	qualcosa	_	_	_	_	_	linguistic	_	none	_	_	_	_	_	_
555-6	TOI020	555	555	6	io	io	_	_	_	_	_	linguistic	_	none	_	_	_	_	_	_
555-7	TOI020	555	555	7	dovevo	dovevo	_	_	_	_	_	linguistic	_	none	_	_	_	_	_	_
555-8	TOI020	555	555	8	chiedere	chiedere	_	_	_	_	_	linguistic	_	none	_	_	_	_	_	_
555-9	TOI020	555	555	9	il	il	_	_	_	_	_	linguistic	_	none	_	_	_	_	_	_
555-10	TOI020	555	555	10	permesso.	permesso	_	_	_	_	_	linguistic	_	none	Intonation=Falling	_	_	_	_	_
555-11	TOI020	555	555	11	[se	se	_	_	_	_	_	linguistic	_	none	_	_	_	_	_	0-2(162)
555-12	TOI020	555	555	12	mi	mi	_	_	_	_	_	linguistic	_	none	_	_	_	_	_	0-2(162)
555-13	TOI020	555	555	13	di]cevano	dicevano	_	_	_	_	_	linguistic	_	none	_	_	_	_	_	0-2(162)
555-14	TOI020	555	555	14	di	di	_	_	_	_	_	linguistic	_	none	_	_	_	_	_	_
555-15	TOI020	555	555	15	no,	no	_	_	_	_	_	linguistic	_	none	Intonation=WeaklyRising	End=1692.649	_	_	_	_
556-0	TOR004	556	556	0	[certo]	certo	_	_	_	_	_	linguistic	_	none	_	Begin=1691.276|End=1691.797	_	_	_	0-5(162)
557-0	TOR004	557	557	0	er[a	era	_	_	_	_	_	linguistic	_	none	_	Begin=1692.651	_	_	_	2-3(163)
557-1	TOR004	557	557	1	no],	no	_	_	_	_	_	linguistic	_	none	Intonation=WeaklyRising	End=1693.005	_	_	_	0-2(163)
558-0	TOI020	558	558	0	[e]ra	era	_	_	_	_	_	linguistic	_	none	_	Begin=1692.828	_	_	_	0-1(163)
558-1	TOI020	558	558	1	no,	no	_	_	_	_	_	linguistic	_	none	Intonation=WeaklyRising	End=1693.388	_	_	_	_
559-0	TOR004	559	559	0	cer(to)	certo	_	_	_	_	_	linguistic	_	none	_	Begin=1693.45|End=1693.734	_	_	3-5(0)	_
560-0	TOI020	560	560	0	punto	punto	_	_	_	_	_	linguistic	_	none	_	Begin=1693.734|End=1694.212	_	_	_	_
561-0	TOI020	561	561	0	c(io)è	cioè	_	_	_	_	_	linguistic	_	none	Reduced=Yes	Begin=1694.504	_	_	_	_
561-1	TOI020	561	561	1	io	io	_	_	_	_	_	linguistic	_	none	_	_	_	_	_	_
561-2	TOI020	561	561	2	sono	sono	_	_	_	_	_	linguistic	_	none	_	_	_	_	_	_
561-3	TOI020	561	561	3	andata	andata	_	_	_	_	_	linguistic	_	none	_	End=1695.759	_	_	_	_
562-0	TOI020	562	562	0	a	a	_	_	_	_	_	linguistic	_	none	_	Begin=1695.878	_	_	_	_
562-1	TOI020	562	562	1	fare,	fare	_	_	_	_	_	linguistic	_	none	Intonation=WeaklyRising	_	_	_	_	_
562-2	TOI020	562	562	2	gli	gli	_	_	_	_	_	linguistic	_	none	_	_	_	_	_	_
562-3	TOI020	562	562	3	scioperi,	scioperi	_	_	_	_	_	linguistic	_	none	Intonation=WeaklyRising	End=1697.637	_	_	_	_
563-0	TOI020	563	563	0	io	io	_	_	_	_	_	linguistic	_	none	_	Begin=1698.118	_	_	_	_
563-1	TOI020	563	563	1	mi	mi	_	_	_	_	_	linguistic	_	none	_	_	_	_	_	_
563-2	TOI020	563	563	2	ricordo	ricordo	_	_	_	_	_	linguistic	_	none	_	_	_	_	_	_
563-3	TOI020	563	563	3	una	una	_	_	_	_	_	linguistic	_	none	_	_	_	_	_	_
563-4	TOI020	563	563	4	mattina	mattina	_	_	_	_	_	linguistic	_	none	_	_	_	_	_	_
563-5	TOI020	563	563	5	ero	ero	_	_	_	_	_	linguistic	_	none	_	_	_	_	_	_
563-6	TOI020	563	563	6	già	già	_	_	_	_	_	linguistic	_	none	_	_	_	_	_	_
563-7	TOI020	563	563	7	pronta	pronta	_	_	_	_	_	linguistic	_	none	PauseAfter=Yes	_	_	_	_	_
563-8	TOI020	563	563	8	(.)	(.)	_	_	_	_	_	shortpause	_	none	_	_	_	_	_	_
563-9	TOI020	563	563	9	per	per	_	_	_	_	_	linguistic	_	none	_	_	_	_	_	_
563-10	TOI020	563	563	10	andare:	andare	_	_	_	_	_	linguistic	_	none	_	End=1701.954	5x1	_	_	_
564-0	TOI020	564	564	0	a	a	_	_	_	_	_	linguistic	_	none	_	Begin=1702.261	_	_	_	_
564-1	TOI020	564	564	1	potenza	potenza	_	_	_	_	_	linguistic	_	none	_	_	_	_	_	_
564-2	TOI020	564	564	2	col	col	_	_	_	_	_	linguistic	_	none	_	_	_	_	_	_
564-3	TOI020	564	564	3	treno	treno	_	_	_	_	_	linguistic	_	none	_	_	_	_	_	_
564-4	TOI020	564	564	4	perché	perché	_	_	_	_	_	linguistic	_	none	_	_	_	_	_	_
564-5	TOI020	564	564	5	c'	c'	_	_	_	_	_	linguistic	_	none	SpaceAfter=No	_	_	_	_	_
564-6	TOI020	564	564	6	era	era	_	_	_	_	_	linguistic	_	none	_	_	_	_	_	_
564-7	TOI020	564	564	7	una	una	_	_	_	_	_	linguistic	_	none	_	_	_	_	_	_
564-8	TOI020	564	564	8	manifestazione	manifestazione	_	_	_	_	_	linguistic	_	none	_	_	_	_	_	_
564-9	TOI020	564	564	9	e	e	_	_	_	_	_	linguistic	_	none	_	_	_	_	_	_
564-10	TOI020	564	564	10	volevo	volevo	_	_	_	_	_	linguistic	_	none	_	_	_	_	_	_
564-11	TOI020	564	564	11	andare,	andare	_	_	_	_	_	linguistic	_	none	Intonation=WeaklyRising	End=1706.612	_	_	_	_
565-0	TOI020	565	565	0	mia	mia	_	_	_	_	_	linguistic	_	none	_	Begin=1707.504	_	_	_	_
565-1	TOI020	565	565	1	mamma	mamma	_	_	_	_	_	linguistic	_	none	_	_	_	_	_	_
565-2	TOI020	565	565	2	mi	mi	_	_	_	_	_	linguistic	_	none	_	_	_	_	_	_
565-3	TOI020	565	565	3	ha	ha	_	_	_	_	_	linguistic	_	none	_	_	_	_	_	_
565-4	TOI020	565	565	4	detto,	detto	_	_	_	_	_	linguistic	_	none	Intonation=WeaklyRising|PauseAfter=Yes	_	_	_	_	_
565-5	TOI020	565	565	5	(.)	(.)	_	_	_	_	_	shortpause	_	none	_	_	_	_	_	_
565-6	TOI020	565	565	6	tu	tu	_	_	_	_	_	linguistic	_	none	_	_	_	_	_	_
565-7	TOI020	565	565	7	di	di	_	_	_	_	_	linguistic	_	none	_	_	_	_	_	_
565-8	TOI020	565	565	8	qua	qua	_	_	_	_	_	linguistic	_	none	PauseAfter=Yes	_	_	_	_	_
565-9	TOI020	565	565	9	(.)	(.)	_	_	_	_	_	shortpause	_	none	_	_	_	_	_	_
565-10	TOI020	565	565	10	non	non	_	_	_	_	_	linguistic	_	none	_	_	_	_	_	_
565-11	TOI020	565	565	11	ti	ti	_	_	_	_	_	linguistic	_	none	_	_	_	_	_	_
565-12	TOI020	565	565	12	muovi	muovi	_	_	_	_	_	linguistic	_	none	_	End=1710.694	_	_	_	_
566-0	TOI020	566	566	0	tu	tu	_	_	_	_	_	linguistic	_	none	_	Begin=1711.268	_	_	_	_
566-1	TOI020	566	566	1	non	non	_	_	_	_	_	linguistic	_	none	_	_	_	_	_	_
566-2	TOI020	566	566	2	ci	ci	_	_	_	_	_	linguistic	_	none	_	_	_	_	_	_
566-3	TOI020	566	566	3	vai	vai	_	_	_	_	_	linguistic	_	none	_	End=1712.338	_	_	_	_
567-0	TOI020	567	567	0	poi	poi	_	_	_	_	_	linguistic	_	none	PauseAfter=Yes	Begin=1713.263	_	_	_	_
567-1	TOI020	567	567	1	(.)	(.)	_	_	_	_	_	shortpause	_	none	_	_	_	_	_	_
567-2	TOI020	567	567	2	mio	mio	_	_	_	_	_	linguistic	_	none	_	_	_	_	_	_
567-3	TOI020	567	567	3	fratello	fratello	_	_	_	_	_	linguistic	_	none	PauseAfter=Yes	_	_	_	_	_
567-4	TOI020	567	567	4	(.)	(.)	_	_	_	_	_	shortpause	_	none	_	_	_	_	_	_
567-5	TOI020	567	567	5	che	che	_	_	_	_	_	linguistic	_	none	_	_	_	_	_	_
567-6	TOI020	567	567	6	doveva	doveva	_	_	_	_	_	linguistic	_	none	_	_	_	_	_	_
567-7	TOI020	567	567	7	andare	andare	_	_	_	_	_	linguistic	_	none	_	_	_	_	_	_
567-8	TOI020	567	567	8	anche	anche	_	_	_	_	_	linguistic	_	none	_	_	_	_	_	_
567-9	TOI020	567	567	9	lui,	lui	_	_	_	_	_	linguistic	_	none	Intonation=WeaklyRising	End=1716.941	_	_	_	_
568-0	TOI020	568	568	0	subito	subito	_	_	_	_	_	linguistic	_	none	_	Begin=1717.578	_	_	_	_
568-1	TOI020	568	568	1	no~	no~	_	_	_	_	_	linguistic	_	none	Interrupted=Yes	_	_	_	_	_
568-2	TOI020	568	568	2	non	non	_	_	_	_	_	linguistic	_	none	_	_	_	_	_	_
568-3	TOI020	568	568	3	mi	mi	_	_	_	_	_	linguistic	_	none	_	_	_	_	_	_
568-4	TOI020	568	568	4	sono	sono	_	_	_	_	_	linguistic	_	none	_	_	_	_	_	_
568-5	TOI020	568	568	5	mossa	mossa	_	_	_	_	_	linguistic	_	none	_	End=1719.756	_	_	_	_
569-0	TOI020	569	569	0	perché,	perché	_	_	_	_	_	linguistic	_	none	Intonation=WeaklyRising	Begin=1720.019	_	_	_	_
569-1	TOI020	569	569	1	non	non	_	_	_	_	_	linguistic	_	none	ProsodicLink=Yes	_	_	_	_	_
569-2	TOI020	569	569	2	eh	eh	_	_	_	_	_	linguistic	_	none	_	_	_	_	_	_
569-3	TOI020	569	569	3	non	non	_	_	_	_	_	linguistic	_	none	_	_	_	_	_	_
569-4	TOI020	569	569	4	ci	ci	_	_	_	_	_	linguistic	_	none	_	_	_	_	_	_
569-5	TOI020	569	569	5	vai	vai	_	_	_	_	_	linguistic	_	none	_	_	_	_	_	_
569-6	TOI020	569	569	6	punto.	punto	_	_	_	_	_	linguistic	_	none	Intonation=Falling	_	_	_	_	_
569-7	TOI020	569	569	7	ho	ho	_	_	_	_	_	linguistic	_	none	_	_	_	_	_	_
569-8	TOI020	569	569	8	pia:nto	pianto	_	_	_	_	_	linguistic	_	none	_	_	2x1	_	_	_
569-9	TOI020	569	569	9	(bla	bla	_	_	_	_	_	linguistic	_	none	_	_	_	_	0-3(0)	_
569-10	TOI020	569	569	10	bla	bla	_	_	_	_	_	linguistic	_	none	_	_	_	_	0-3(0)	_
569-11	TOI020	569	569	11	bla),	bla	_	_	_	_	_	linguistic	_	none	Intonation=WeaklyRising	End=1723.829	_	_	0-3(0)	_
570-0	TOI020	570	570	0	e	e	_	_	_	_	_	linguistic	_	none	_	Begin=1724.118	_	_	_	_
570-1	TOI020	570	570	1	non	non	_	_	_	_	_	linguistic	_	none	_	_	_	_	_	_
570-2	TOI020	570	570	2	ci	ci	_	_	_	_	_	linguistic	_	none	_	_	_	_	_	_
570-3	TOI020	570	570	3	sono	sono	_	_	_	_	_	linguistic	_	none	_	_	_	_	_	_
570-4	TOI020	570	570	4	andata.	andata	_	_	_	_	_	linguistic	_	none	Intonation=Falling	End=1725.063	_	_	_	_
571-0	TOI020	571	571	0	po:i	poi	_	_	_	_	_	linguistic	_	none	_	Begin=1725.421	1x1	_	_	_
571-1	TOI020	571	571	1	mio	mio	_	_	_	_	_	linguistic	_	none	_	_	_	_	_	_
571-2	TOI020	571	571	2	fratello	fratello	_	_	_	_	_	linguistic	_	none	_	_	_	_	_	_
571-3	TOI020	571	571	3	probabilmente	probabilmente	_	_	_	_	_	linguistic	_	none	_	_	_	_	_	_
571-4	TOI020	571	571	4	deve	deve	_	_	_	_	_	linguistic	_	none	_	_	_	_	_	_
571-5	TOI020	571	571	5	aver	aver	_	_	_	_	_	linguistic	_	none	_	_	_	_	_	_
571-6	TOI020	571	571	6	detto	detto	_	_	_	_	_	linguistic	_	none	_	_	_	_	_	_
571-7	TOI020	571	571	7	a	a	_	_	_	_	_	linguistic	_	none	_	_	_	_	_	_
571-8	TOI020	571	571	8	mia	mia	_	_	_	_	_	linguistic	_	none	_	_	_	_	_	_
571-9	TOI020	571	571	9	mamma	mamma	_	_	_	_	_	linguistic	_	none	_	_	_	_	_	_
571-10	TOI020	571	571	10	guard(a)	guarda	_	_	_	_	_	linguistic	_	none	_	_	_	_	5-6(0)	_
571-11	TOI020	571	571	11	ci	ci	_	_	_	_	_	linguistic	_	none	_	_	_	_	_	_
571-12	TOI020	571	571	12	sono	sono	_	_	_	_	_	linguistic	_	none	_	_	_	_	_	_
571-13	TOI020	571	571	13	anchi:o	anchio	_	_	_	_	_	linguistic	_	none	PauseAfter=Yes	_	4x1	_	_	_
571-14	TOI020	571	571	14	(.)	(.)	_	_	_	_	_	shortpause	_	none	_	_	_	_	_	_
571-15	TOI020	571	571	15	e:h	eh	_	_	_	_	_	linguistic	_	none	_	_	0x1	_	_	_
571-16	TOI020	571	571	16	vado	vado	_	_	_	_	_	linguistic	_	none	_	_	_	_	_	_
571-17	TOI020	571	571	17	anchi:o	anchio	_	_	_	_	_	linguistic	_	none	_	_	4x1	_	_	_
571-18	TOI020	571	571	18	abbiamo	abbiamo	_	_	_	_	_	linguistic	_	none	_	_	_	_	_	_
571-19	TOI020	571	571	19	i	i	_	_	_	_	_	linguistic	_	none	_	_	_	_	_	_
571-20	TOI020	571	571	20	cordo:ni	cordoni	_	_	_	_	_	linguistic	_	none	_	_	4x1	_	_	_
571-21	TOI020	571	571	21	>perché<	perché	_	_	_	_	_	linguistic	_	none	_	_	_	Fast=0-6(0)	_	_
571-22	TOI020	571	571	22	una	una	_	_	_	_	_	linguistic	_	none	_	_	_	_	_	_
571-23	TOI020	571	571	23	volta	volta	_	_	_	_	_	linguistic	_	none	_	_	_	_	_	_
571-24	TOI020	571	571	24	non	non	_	_	_	_	_	linguistic	_	none	_	_	_	_	_	_
571-25	TOI020	571	571	25	era	era	_	_	_	_	_	linguistic	_	none	_	_	_	_	_	_
571-26	TOI020	571	571	26	come	come	_	_	_	_	_	linguistic	_	none	_	_	_	_	_	_
571-27	TOI020	571	571	27	adess[o].	adesso	_	_	_	_	_	linguistic	_	none	Intonation=Falling	End=1735.075	_	_	_	5-6(164)
572-0	TOR004	572	572	0	[eh	eh	_	_	_	_	_	linguistic	_	none	_	Begin=1734.896	_	_	_	0-2(164)
572-1	TOR004	572	572	1	no]	no	_	_	_	_	_	linguistic	_	none	_	_	_	_	_	0-2(164)
572-2	TOR004	572	572	2	infatti.	infatti	_	_	_	_	_	linguistic	_	none	Intonation=Falling	_	_	_	_	_
572-3	TOR004	572	572	3	infatti	infatti	_	_	_	_	_	linguistic	_	none	_	_	_	_	_	_
572-4	TOR004	572	572	4	mi	mi	_	_	_	_	_	linguistic	_	none	_	_	_	_	_	_
572-5	TOR004	572	572	5	chiedevo	chiedevo	_	_	_	_	_	linguistic	_	none	_	_	_	_	_	_
572-6	TOR004	572	572	6	com[e:]	come	_	_	_	_	_	linguistic	_	none	_	End=1737.076	3x1	_	_	3-4(165)
573-0	TOI020	573	573	0	[c'	c'	_	_	_	_	_	linguistic	_	none	SpaceAfter=No	Begin=1736.873	_	_	_	0-2(165)
573-1	TOI020	573	573	1	e]rano	erano	_	_	_	_	_	linguistic	_	none	_	_	_	_	_	0-1(165)
573-2	TOI020	573	573	2	i	i	_	_	_	_	_	linguistic	_	none	_	_	_	_	_	_
573-3	TOI020	573	573	3	cordoni,	cordoni	_	_	_	_	_	linguistic	_	none	Intonation=WeaklyRising	_	_	_	_	_
573-4	TOI020	573	573	4	allora	allora	_	_	_	_	_	linguistic	_	none	_	_	_	_	_	_
573-5	TOI020	573	573	5	quando	quando	_	_	_	_	_	linguistic	_	none	_	_	_	_	_	_
573-6	TOI020	573	573	6	tu	tu	_	_	_	_	_	linguistic	_	none	_	_	_	_	_	_
573-7	TOI020	573	573	7	andavi	andavi	_	_	_	_	_	linguistic	_	none	_	_	_	_	_	_
573-8	TOI020	573	573	8	a	a	_	_	_	_	_	linguistic	_	none	_	_	_	_	_	_
573-9	TOI020	573	573	9	una	una	_	_	_	_	_	linguistic	_	none	_	_	_	_	_	_
573-10	TOI020	573	573	10	manifestazione	manifestazione	_	_	_	_	_	linguistic	_	none	_	End=1740.859	_	_	_	_
574-0	TOI020	574	574	0	nei	nei	_	_	_	_	_	linguistic	_	none	_	Begin=1741.607	_	_	_	_
574-1	TOI020	574	574	1	laterali,	laterali	_	_	_	_	_	linguistic	_	none	Intonation=WeaklyRising	_	_	_	_	_
574-2	TOI020	574	574	2	c'	c'	_	_	_	_	_	linguistic	_	none	SpaceAfter=No	_	_	_	_	_
574-3	TOI020	574	574	3	era	era	_	_	_	_	_	linguistic	_	none	_	_	_	_	_	_
574-4	TOI020	574	574	4	il	il	_	_	_	_	_	linguistic	_	none	_	_	_	_	_	_
574-5	TOI020	574	574	5	cordone,	cordone	_	_	_	_	_	linguistic	_	none	Intonation=WeaklyRising	End=1744.215	_	_	_	_
575-0	TOI020	575	575	0	de:i	dei	_	_	_	_	_	linguistic	_	none	_	Begin=1744.612	1x1	_	_	_
575-1	TOI020	575	575	1	militanti,	militanti	_	_	_	_	_	linguistic	_	none	Intonation=WeaklyRising	End=1746.268	_	_	_	_
576-0	TOI020	576	576	0	dei	dei	_	_	_	_	_	linguistic	_	none	_	Begin=1746.654	_	_	_	_
576-1	TOI020	576	576	1	partiti,	partiti	_	_	_	_	_	linguistic	_	none	Intonation=WeaklyRising	End=1747.732	_	_	_	_
577-0	TOI020	577	577	0	che	che	_	_	_	_	_	linguistic	_	none	_	Begin=1747.855	_	_	_	_
577-1	TOI020	577	577	1	facevano	facevano	_	_	_	_	_	linguistic	_	none	_	_	_	_	_	_
577-2	TOI020	577	577	2	da	da	_	_	_	_	_	linguistic	_	none	_	_	_	_	_	_
577-3	TOI020	577	577	3	scudo	scudo	_	_	_	_	_	linguistic	_	none	_	_	_	_	_	_
577-4	TOI020	577	577	4	praticamente	praticamente	_	_	_	_	_	linguistic	_	none	_	_	_	_	_	_
577-5	TOI020	577	577	5	e	e	_	_	_	_	_	linguistic	_	none	_	_	_	_	_	_
577-6	TOI020	577	577	6	quindi	quindi	_	_	_	_	_	linguistic	_	none	_	_	_	_	_	_
577-7	TOI020	577	577	7	chi:	chi	_	_	_	_	_	linguistic	_	none	_	_	2x1	_	_	_
577-8	TOI020	577	577	8	voleva	voleva	_	_	_	_	_	linguistic	_	none	_	_	_	_	_	_
577-9	TOI020	577	577	9	entrare	entrare	_	_	_	_	_	linguistic	_	none	_	_	_	_	_	_
577-10	TOI020	577	577	10	da:	da	_	_	_	_	_	linguistic	_	none	_	_	1x1	_	_	_
577-11	TOI020	577	577	11	fuori,	fuori	_	_	_	_	_	linguistic	_	none	Intonation=WeaklyRising	_	_	_	_	_
577-12	TOI020	577	577	12	mena:re,	menare	_	_	_	_	_	linguistic	_	none	Intonation=WeaklyRising	_	3x1	_	_	_
577-13	TOI020	577	577	13	manganel(li),	manganelli	_	_	_	_	_	linguistic	_	none	Intonation=WeaklyRising	End=1754.092	_	_	8-10(0)	_
578-0	TOI020	578	578	0	fascisti	fascisti	_	_	_	_	_	linguistic	_	none	_	Begin=1754.295	_	_	_	_
578-1	TOI020	578	578	1	se	se	_	_	_	_	_	linguistic	_	none	_	_	_	_	_	_
578-2	TOI020	578	578	2	era	era	_	_	_	_	_	linguistic	_	none	_	_	_	_	_	_
578-3	TOI020	578	578	3	di	di	_	_	_	_	_	linguistic	_	none	_	_	_	_	_	_
578-4	TOI020	578	578	4	s~	s~	_	_	_	_	_	linguistic	_	none	Interrupted=Yes	_	_	_	_	_
578-5	TOI020	578	578	5	di::	di	_	_	_	_	_	linguistic	_	none	_	_	1x2	_	_	_
578-6	TOI020	578	578	6	sinistra	sinistra	_	_	_	_	_	linguistic	_	none	_	_	_	_	_	_
578-7	TOI020	578	578	7	il	il	_	_	_	_	_	linguistic	_	none	_	_	_	_	_	_
578-8	TOI020	578	578	8	corte:o.	corteo	_	_	_	_	_	linguistic	_	none	Intonation=Falling	_	4x1	_	_	_
578-9	TOI020	578	578	9	di:	di	_	_	_	_	_	linguistic	_	none	_	End=1758.388	1x1	_	_	_
579-0	TOI020	579	579	0	e:h	eh	_	_	_	_	_	linguistic	_	none	_	Begin=1758.788	0x1	_	_	_
579-1	TOI020	579	579	1	i	i	_	_	_	_	_	linguistic	_	none	_	_	_	_	_	_
579-2	TOI020	579	579	2	comunisti	comunisti	_	_	_	_	_	linguistic	_	none	_	_	_	_	_	_
579-3	TOI020	579	579	3	se	se	_	_	_	_	_	linguistic	_	none	_	_	_	_	_	_
579-4	TOI020	579	579	4	era:	era	_	_	_	_	_	linguistic	_	none	_	_	2x1	_	_	_
579-5	TOI020	579	579	5	di	di	_	_	_	_	_	linguistic	_	none	_	_	_	_	_	_
579-6	TOI020	579	579	6	d[estra	destra	_	_	_	_	_	linguistic	_	none	_	_	_	_	_	1-6(166)
579-7	TOI020	579	579	7	il	il	_	_	_	_	_	linguistic	_	none	_	_	_	_	_	0-2(166)
579-8	TOI020	579	579	8	co]rteo	corteo	_	_	_	_	_	linguistic	_	none	PauseAfter=Yes	_	_	_	_	0-2(166)
579-9	TOI020	579	579	9	(.)	(.)	_	_	_	_	_	shortpause	_	none	_	_	_	_	_	_
579-10	TOI020	579	579	10	che	che	_	_	_	_	_	linguistic	_	none	_	_	_	_	_	_
579-11	TOI020	579	579	11	non	non	_	_	_	_	_	linguistic	_	none	_	_	_	_	_	_
579-12	TOI020	579	579	12	ci	ci	_	_	_	_	_	linguistic	_	none	_	_	_	_	_	_
579-13	TOI020	579	579	13	andavamo,	andavamo	_	_	_	_	_	linguistic	_	none	Intonation=WeaklyRising	End=1762.84	_	_	_	_
580-0	TOR004	580	580	0	[destra]	destra	_	_	_	_	_	linguistic	_	none	_	Begin=1760.702|End=1761.25	_	_	_	0-6(166)
581-0	TOI020	581	581	0	perché	perché	_	_	_	_	_	linguistic	_	none	_	Begin=1763.097	_	_	_	_
581-1	TOI020	581	581	1	lì	lì	_	_	_	_	_	linguistic	_	none	_	_	_	_	_	_
581-2	TOI020	581	581	2	non	non	_	_	_	_	_	linguistic	_	none	_	_	_	_	_	_
581-3	TOI020	581	581	3	ti	ti	_	_	_	_	_	linguistic	_	none	_	_	_	_	_	_
581-4	TOI020	581	581	4	vai	vai	_	_	_	_	_	linguistic	_	none	_	_	_	_	_	_
581-5	TOI020	581	581	5	a	a	_	_	_	_	_	linguistic	_	none	_	_	_	_	_	_
581-6	TOI020	581	581	6	cercare	cercare	_	_	_	_	_	linguistic	_	none	_	_	_	_	_	_
581-7	TOI020	581	581	7	le	le	_	_	_	_	_	linguistic	_	none	_	_	_	_	_	_
581-8	TOI020	581	581	8	rogne,	rogne	_	_	_	_	_	linguistic	_	none	Intonation=WeaklyRising	End=1765.514	_	_	_	_
582-0	TOI020	582	582	0	allora,	allora	_	_	_	_	_	linguistic	_	none	Intonation=WeaklyRising	Begin=1765.837	_	_	_	_
582-1	TOI020	582	582	1	io	io	_	_	_	_	_	linguistic	_	none	_	_	_	_	_	_
582-2	TOI020	582	582	2	mi	mi	_	_	_	_	_	linguistic	_	none	_	_	_	_	_	_
582-3	TOI020	582	582	3	ricordo	ricordo	_	_	_	_	_	linguistic	_	none	_	_	_	_	_	_
582-4	TOI020	582	582	4	che	che	_	_	_	_	_	linguistic	_	none	_	_	_	_	_	_
582-5	TOI020	582	582	5	sono	sono	_	_	_	_	_	linguistic	_	none	_	_	_	_	_	_
582-6	TOI020	582	582	6	andata	andata	_	_	_	_	_	linguistic	_	none	_	_	_	_	_	_
582-7	TOI020	582	582	7	a	a	_	_	_	_	_	linguistic	_	none	_	_	_	_	_	_
582-8	TOI020	582	582	8	questa	questa	_	_	_	_	_	linguistic	_	none	_	_	_	_	_	_
582-9	TOI020	582	582	9	manifestazione	manifestazione	_	_	_	_	_	linguistic	_	none	_	_	_	_	_	_
582-10	TOI020	582	582	10	che	che	_	_	_	_	_	linguistic	_	none	_	_	_	_	_	_
582-11	TOI020	582	582	11	per	per	_	_	_	_	_	linguistic	_	none	_	_	_	_	_	_
582-12	TOI020	582	582	12	me	me	_	_	_	_	_	linguistic	_	none	_	_	_	_	_	_
582-13	TOI020	582	582	13	era:	era	_	_	_	_	_	linguistic	_	none	_	End=1770.744	2x1	_	_	_
583-0	TOI020	583	583	0	la	la	_	_	_	_	_	linguistic	_	none	_	Begin=1771.063	_	_	_	_
583-1	TOI020	583	583	1	cosa	cosa	_	_	_	_	_	linguistic	_	none	_	_	_	_	_	_
583-2	TOI020	583	583	2	più	più	_	_	_	_	_	linguistic	_	none	_	_	_	_	_	_
583-3	TOI020	583	583	3	bella	bella	_	_	_	_	_	linguistic	_	none	_	_	_	_	_	_
583-4	TOI020	583	583	4	che	che	_	_	_	_	_	linguistic	_	none	_	_	_	_	_	_
583-5	TOI020	583	583	5	dovevo	dovevo	_	_	_	_	_	linguistic	_	none	_	_	_	_	_	_
583-6	TOI020	583	583	6	fa:re.	fare	_	_	_	_	_	linguistic	_	none	Intonation=Falling	_	1x1	_	_	_
583-7	TOI020	583	583	7	per	per	_	_	_	_	_	linguistic	_	none	_	_	_	_	_	_
583-8	TOI020	583	583	8	dire.	dire	_	_	_	_	_	linguistic	_	none	Intonation=Falling	End=1773.688	_	_	_	_
584-0	TOI020	584	584	0	invece	invece	_	_	_	_	_	linguistic	_	none	_	Begin=1774.193	_	_	_	_
584-1	TOI020	584	584	1	quando	quando	_	_	_	_	_	linguistic	_	none	_	_	_	_	_	_
584-2	TOI020	584	584	2	eravamo	eravamo	_	_	_	_	_	linguistic	_	none	_	_	_	_	_	_
584-3	TOI020	584	584	3	a:	a	_	_	_	_	_	linguistic	_	none	_	_	0x1	_	_	_
584-4	TOI020	584	584	4	a	a	_	_	_	_	_	linguistic	_	none	_	_	_	_	_	_
584-5	TOI020	584	584	5	scuola	scuola	_	_	_	_	_	linguistic	_	none	_	_	_	_	_	_
584-6	TOI020	584	584	6	a	a	_	_	_	_	_	linguistic	_	none	_	_	_	_	_	_
584-7	TOI020	584	584	7	rionero	rionero	_	_	_	_	_	linguistic	_	none	_	_	_	_	_	_
584-8	TOI020	584	584	8	le	le	_	_	_	_	_	linguistic	_	none	_	_	_	_	_	_
584-9	TOI020	584	584	9	manifestazioni	manifestazioni	_	_	_	_	_	linguistic	_	none	_	_	_	_	_	_
584-10	TOI020	584	584	10	lì	lì	_	_	_	_	_	linguistic	_	none	PauseAfter=Yes	_	_	_	_	_
584-11	TOI020	584	584	11	(.)	(.)	_	_	_	_	_	shortpause	_	none	_	_	_	_	_	_
584-12	TOI020	584	584	12	ce	ce	_	_	_	_	_	linguistic	_	none	_	_	_	_	_	_
584-13	TOI020	584	584	13	le	le	_	_	_	_	_	linguistic	_	none	_	_	_	_	_	_
584-14	TOI020	584	584	14	facevamo	facevamo	_	_	_	_	_	linguistic	_	none	_	_	_	_	_	_
584-15	TOI020	584	584	15	perché.	perché	_	_	_	_	_	linguistic	_	none	Intonation=Falling	End=1780.284	_	_	_	_
585-0	TOI020	585	585	0	>(non)	non	_	_	_	_	_	linguistic	_	none	_	Begin=1780.666	_	Fast=0-3(0)	0-3(0)	_
585-1	TOI020	585	585	1	è	è	_	_	_	_	_	linguistic	_	none	_	_	_	Fast=0-1(0)	_	_
585-2	TOI020	585	585	2	che<	che	_	_	_	_	_	linguistic	_	none	_	_	_	Fast=0-3(0)	_	_
585-3	TOI020	585	585	3	io	io	_	_	_	_	_	linguistic	_	none	_	_	_	_	_	_
585-4	TOI020	585	585	4	sapevo	sapevo	_	_	_	_	_	linguistic	_	none	_	_	_	_	_	_
585-5	TOI020	585	585	5	che	che	_	_	_	_	_	linguistic	_	none	_	_	_	_	_	_
585-6	TOI020	585	585	6	faceva(mo)	facevamo	_	_	_	_	_	linguistic	_	none	_	_	_	_	6-8(1)	_
585-7	TOI020	585	585	7	le	le	_	_	_	_	_	linguistic	_	none	_	_	_	_	_	_
585-8	TOI020	585	585	8	manifestazioni.	manifestazioni	_	_	_	_	_	linguistic	_	none	Intonation=Falling	_	_	_	_	_
585-9	TOI020	585	585	9	e	e	_	_	_	_	_	linguistic	_	none	_	_	_	_	_	_
585-10	TOI020	585	585	10	quindi	quindi	_	_	_	_	_	linguistic	_	none	_	_	_	_	_	_
585-11	TOI020	585	585	11	ci	ci	_	_	_	_	_	linguistic	_	none	_	_	_	_	_	_
585-12	TOI020	585	585	12	facevamo	facevamo	_	_	_	_	_	linguistic	_	none	_	_	_	_	_	_
585-13	TOI020	585	585	13	le	le	_	_	_	_	_	linguistic	_	none	_	_	_	_	_	_
585-14	TOI020	585	585	14	manifesta[zioni],	manifestazioni	_	_	_	_	_	linguistic	_	none	Intonation=WeaklyRising	End=1785.731	_	_	_	9-14(167)
586-0	TOR004	586	586	0	[cioè]?	cioè	_	_	_	_	_	linguistic	_	none	Intonation=Rising	Begin=1785.181|End=1785.719	_	_	_	0-4(167)
587-0	TOI020	587	587	0	nel	nel	_	_	_	_	_	linguistic	_	none	_	Begin=1786.106	_	_	_	_
587-1	TOI020	587	587	1	senso	senso	_	_	_	_	_	linguistic	_	none	_	_	_	_	_	_
587-2	TOI020	587	587	2	che:	che	_	_	_	_	_	linguistic	_	none	_	End=1787.344	2x1	_	_	_
588-0	TOI020	588	588	0	facevamo	facevamo	_	_	_	_	_	linguistic	_	none	_	Begin=1787.648	_	_	_	_
588-1	TOI020	588	588	1	le	le	_	_	_	_	_	linguistic	_	none	_	_	_	_	_	_
588-2	TOI020	588	588	2	manifestazioni	manifestazioni	_	_	_	_	_	linguistic	_	none	_	_	_	_	_	_
588-3	TOI020	588	588	3	ma	ma	_	_	_	_	_	linguistic	_	none	_	_	_	_	_	_
588-4	TOI020	588	588	4	li	li	_	_	_	_	_	linguistic	_	none	_	_	_	_	_	_
588-5	TOI020	588	588	5	ci	ci	_	_	_	_	_	linguistic	_	none	_	_	_	_	_	_
588-6	TOI020	588	588	6	anda:vo	andavo	_	_	_	_	_	linguistic	_	none	_	_	3x1	_	_	_
588-7	TOI020	588	588	7	perché	perché	_	_	_	_	_	linguistic	_	none	_	_	_	_	_	_
588-8	TOI020	588	588	8	mia	mia	_	_	_	_	_	linguistic	_	none	_	_	_	_	_	_
588-9	TOI020	588	588	9	m[amma	mamma	_	_	_	_	_	linguistic	_	none	_	_	_	_	_	1-5(168)
588-10	TOI020	588	588	10	non	non	_	_	_	_	_	linguistic	_	none	_	_	_	_	_	0-3(168)
588-11	TOI020	588	588	11	è]	è	_	_	_	_	_	linguistic	_	none	_	_	_	_	_	0-1(168)
588-12	TOI020	588	588	12	che	che	_	_	_	_	_	linguistic	_	none	_	_	_	_	_	_
588-13	TOI020	588	588	13	po[tevo	potevo	_	_	_	_	_	linguistic	_	none	_	_	_	_	_	2-6(169)
588-14	TOI020	588	588	14	dirgli]	dirgli	_	_	_	_	_	linguistic	_	none	_	End=1792.263	_	_	_	0-6(169)
589-0	TOR004	589	589	0	[eri	eri	_	_	_	_	_	linguistic	_	none	_	Begin=1790.774	_	_	_	0-3(168)
589-1	TOR004	589	589	1	lì]	lì	_	_	_	_	_	linguistic	_	none	_	End=1791.226	_	_	_	0-2(168)
590-0	TOR004	590	590	0	[andavi	andavi	_	_	_	_	_	linguistic	_	none	_	Begin=1791.629	_	_	_	0-6(169)
590-1	TOR004	590	590	1	a	a	_	_	_	_	_	linguistic	_	none	_	_	_	_	_	0-1(169)
590-2	TOR004	590	590	2	scu]ola	scuola	_	_	_	_	_	linguistic	_	none	_	_	_	_	_	0-3(169)
590-3	TOR004	590	590	3	[c(io)è].	cioè	_	_	_	_	_	linguistic	_	none	Intonation=Falling|Reduced=Yes	End=1792.899	_	_	_	0-4(170)
591-0	TOI020	591	591	0	[anda]vo	andavo	_	_	_	_	_	linguistic	_	none	_	Begin=1792.556	_	_	_	0-4(170)
591-1	TOI020	591	591	1	a	a	_	_	_	_	_	linguistic	_	none	_	_	_	_	_	_
591-2	TOI020	591	591	2	scuo:la	scuola	_	_	_	_	_	linguistic	_	none	_	_	3x1	_	_	_
591-3	TOI020	591	591	3	[poi	poi	_	_	_	_	_	linguistic	_	none	_	_	_	_	_	0-3(171)
591-4	TOI020	591	591	4	se	se	_	_	_	_	_	linguistic	_	none	_	_	_	_	_	0-2(171)
591-5	TOI020	591	591	5	c'	c'	_	_	_	_	_	linguistic	_	none	SpaceAfter=No	_	_	_	_	0-2(171)
591-6	TOI020	591	591	6	è]	è	_	_	_	_	_	linguistic	_	none	_	_	_	_	_	0-1(171)
591-7	TOI020	591	591	7	la	la	_	_	_	_	_	linguistic	_	none	_	_	_	_	_	_
591-8	TOI020	591	591	8	manifesta[zio(ne)	manifestazione	_	_	_	_	_	linguistic	_	none	_	_	_	_	11-14(0)	8-14(172)
591-9	TOI020	591	591	9	c'	c'	_	_	_	_	_	linguistic	_	none	SpaceAfter=No	_	_	_	_	0-2(172)
591-10	TOI020	591	591	10	è	è	_	_	_	_	_	linguistic	_	none	_	_	_	_	_	0-1(172)
591-11	TOI020	591	591	11	la	la	_	_	_	_	_	linguistic	_	none	_	_	_	_	_	0-2(172)
591-12	TOI020	591	591	12	m]anifestazione[eh.	manifestazioneeh	_	_	_	_	_	linguistic	_	none	Intonation=Falling	_	_	_	_	12-16(173)
591-13	TOI020	591	591	13	°eh°	eh	_	_	_	_	_	linguistic	_	none	Volume=low	_	_	_	_	0-2(173)
591-14	TOI020	591	591	14	ci(o)è	cioè	_	_	_	_	_	linguistic	_	none	Reduced=Yes	_	_	_	_	0-4(173)
591-15	TOI020	591	591	15	co]sa	cosa	_	_	_	_	_	linguistic	_	none	_	_	_	_	_	0-1(173)
591-16	TOI020	591	591	16	ti	ti	_	_	_	_	_	linguistic	_	none	_	_	_	_	_	_
591-17	TOI020	591	591	17	devo	devo	_	_	_	_	_	linguistic	_	none	_	_	_	_	_	_
591-18	TOI020	591	591	18	dire,	dire	_	_	_	_	_	linguistic	_	none	Intonation=WeaklyRising	_	_	_	_	_
591-19	TOI020	591	591	19	siamo	siamo	_	_	_	_	_	linguistic	_	none	_	_	_	_	_	_
591-20	TOI020	591	591	20	tutti	tutti	_	_	_	_	_	linguistic	_	none	_	_	_	_	_	_
591-21	TOI020	591	591	21	lì,	lì	_	_	_	_	_	linguistic	_	none	Intonation=WeaklyRising	End=1799.37	_	_	_	_
592-0	TOR004	592	592	0	[certo]	certo	_	_	_	_	_	linguistic	_	none	_	Begin=1793.444|End=1794.076	_	_	_	0-5(171)
593-0	TOR004	593	593	0	[eh	eh	_	_	_	_	_	linguistic	_	none	_	Begin=1794.856	_	_	_	0-2(172)
593-1	TOR004	593	593	1	ma],	ma	_	_	_	_	_	linguistic	_	none	Intonation=WeaklyRising	End=1795.411	_	_	_	0-2(172)
594-0	TOR004	594	594	0	[che	che	_	_	_	_	_	linguistic	_	none	_	Begin=1796.208	_	_	_	0-3(173)
594-1	TOR004	594	594	1	cosa	cosa	_	_	_	_	_	linguistic	_	none	_	_	_	_	_	0-4(173)
594-2	TOR004	594	594	2	ti	ti	_	_	_	_	_	linguistic	_	none	_	_	_	_	_	0-2(173)
594-3	TOR004	594	594	3	devo	devo	_	_	_	_	_	linguistic	_	none	_	_	_	_	_	0-4(173)
594-4	TOR004	594	594	4	dir~],	dir~	_	_	_	_	_	linguistic	_	none	Intonation=WeaklyRising|Interrupted=Yes	End=1797.343	_	_	_	0-4(173)
595-0	TOI020	595	595	0	poi	poi	_	_	_	_	_	linguistic	_	none	_	Begin=1799.757	_	_	_	_
595-1	TOI020	595	595	1	noi	noi	_	_	_	_	_	linguistic	_	none	_	_	_	_	_	_
595-2	TOI020	595	595	2	avevamo	avevamo	_	_	_	_	_	linguistic	_	none	_	_	_	_	_	_
595-3	TOI020	595	595	3	le	le	_	_	_	_	_	linguistic	_	none	_	_	_	_	_	_
595-4	TOI020	595	595	4	suore	suore	_	_	_	_	_	linguistic	_	none	_	_	_	_	_	_
595-5	TOI020	595	595	5	che	che	_	_	_	_	_	linguistic	_	none	_	_	_	_	_	_
595-6	TOI020	595	595	6	portavano	portavano	_	_	_	_	_	linguistic	_	none	_	_	_	_	_	_
595-7	TOI020	595	595	7	le	le	_	_	_	_	_	linguistic	_	none	_	_	_	_	_	_
595-8	TOI020	595	595	8	ragazze	ragazze	_	_	_	_	_	linguistic	_	none	_	_	_	_	_	_
595-9	TOI020	595	595	9	da	da	_	_	_	_	_	linguistic	_	none	_	_	_	_	_	_
595-10	TOI020	595	595	10	lì	lì	_	_	_	_	_	linguistic	_	none	_	_	_	_	_	_
595-11	TOI020	595	595	11	dai	dai	_	_	_	_	_	linguistic	_	none	_	_	_	_	_	_
595-12	TOI020	595	595	12	collegi	collegi	_	_	_	_	_	linguistic	_	none	_	End=1803.693	_	_	_	_
596-0	TOI020	596	596	0	e	e	_	_	_	_	_	linguistic	_	none	_	Begin=1804.051	_	_	_	_
596-1	TOI020	596	596	1	quindi	quindi	_	_	_	_	_	linguistic	_	none	_	_	_	_	_	_
596-2	TOI020	596	596	2	facevamo	facevamo	_	_	_	_	_	linguistic	_	none	_	_	_	_	_	_
596-3	TOI020	596	596	3	[dei	dei	_	_	_	_	_	linguistic	_	none	_	_	_	_	_	0-3(174)
596-4	TOI020	596	596	4	cu~	cu~	_	_	_	_	_	linguistic	_	none	Interrupted=Yes	_	_	_	_	0-3(174)
596-5	TOI020	596	596	5	>f]acev[amo	facevamo	_	_	_	_	_	linguistic	_	none	_	_	_	Fast=0-8(0)	_	0-1(174),5-8(175)
596-6	TOI020	596	596	6	dei<]	dei	_	_	_	_	_	linguistic	_	none	_	End=1806.024	_	Fast=0-3(0)	_	0-3(175)
597-0	TOR004	597	597	0	[madò]	madò	_	_	_	_	_	linguistic	_	none	_	Begin=1804.936|End=1805.27	_	_	_	0-4(174)
598-0	TOR004	598	598	0	[immaginanati]	immaginanati	_	_	_	_	_	linguistic	_	none	_	Begin=1805.533	_	_	_	0-12(175)
598-1	TOR004	598	598	1	le	le	_	_	_	_	_	linguistic	_	none	_	_	_	_	_	_
598-2	TOR004	598	598	2	suore	suore	_	_	_	_	_	linguistic	_	none	_	_	_	_	_	_
598-3	TOR004	598	598	3	c~	c~	_	_	_	_	_	linguistic	_	none	Interrupted=Yes	_	_	_	_	_
598-4	TOR004	598	598	4	com'	com'	_	_	_	_	_	linguistic	_	none	SpaceAfter=No	_	_	_	_	_
598-5	TOR004	598	598	5	erano	erano	_	_	_	_	_	linguistic	_	none	_	_	_	_	_	_
598-6	TOR004	598	598	6	le	le	_	_	_	_	_	linguistic	_	none	_	_	_	_	_	_
598-7	TOR004	598	598	7	suore	suore	_	_	_	_	_	linguistic	_	none	_	_	_	_	_	_
598-8	TOR004	598	598	8	alla	alla	_	_	_	_	_	linguistic	_	none	_	_	_	_	_	_
598-9	TOR004	598	598	9	manifestazio[ne],	manifestazione	_	_	_	_	_	linguistic	_	none	Intonation=WeaklyRising	End=1809.028	_	_	_	11-14(176)
599-0	TOI020	599	599	0	[n]on	non	_	_	_	_	_	linguistic	_	none	_	Begin=1808.953	_	_	_	0-1(176)
599-1	TOI020	599	599	1	alla	alla	_	_	_	_	_	linguistic	_	none	_	_	_	_	_	_
599-2	TOI020	599	599	2	mani~	mani~	_	_	_	_	_	linguistic	_	none	Interrupted=Yes	_	_	_	_	_
599-3	TOI020	599	599	3	loro	loro	_	_	_	_	_	linguistic	_	none	_	_	_	_	_	_
599-4	TOI020	599	599	4	portavano	portavano	_	_	_	_	_	linguistic	_	none	_	_	_	_	_	_
599-5	TOI020	599	599	5	le	le	_	_	_	_	_	linguistic	_	none	_	_	_	_	_	_
599-6	TOI020	599	599	6	com~	com~	_	_	_	_	_	linguistic	_	none	Interrupted=Yes	_	_	_	_	_
599-7	TOI020	599	599	7	le:	le	_	_	_	_	_	linguistic	_	none	_	_	1x1	_	_	_
599-8	TOI020	599	599	8	ragazzine	ragazzine	_	_	_	_	_	linguistic	_	none	_	_	_	_	_	_
599-9	TOI020	599	599	9	per	per	_	_	_	_	_	linguistic	_	none	_	_	_	_	_	_
599-10	TOI020	599	599	10	entrare	entrare	_	_	_	_	_	linguistic	_	none	_	_	_	_	_	_
599-11	TOI020	599	599	11	a	a	_	_	_	_	_	linguistic	_	none	_	_	_	_	_	_
599-12	TOI020	599	599	12	scuola.	scuola	_	_	_	_	_	linguistic	_	none	Intonation=Falling	_	_	_	_	_
599-13	TOI020	599	599	13	e	e	_	_	_	_	_	linguistic	_	none	_	_	_	_	_	_
599-14	TOI020	599	599	14	noi	noi	_	_	_	_	_	linguistic	_	none	_	_	_	_	_	_
599-15	TOI020	599	599	15	facevamo	facevamo	_	_	_	_	_	linguistic	_	none	_	_	_	_	_	_
599-16	TOI020	599	599	16	il	il	_	_	_	_	_	linguistic	_	none	_	_	_	_	_	_
599-17	TOI020	599	599	17	picchetto	picchetto	_	_	_	_	_	linguistic	_	none	_	_	_	_	_	_
599-18	TOI020	599	599	18	perché	perché	_	_	_	_	_	linguistic	_	none	_	_	_	_	_	_
599-19	TOI020	599	599	19	non	non	_	_	_	_	_	linguistic	_	none	_	_	_	_	_	_
599-20	TOI020	599	599	20	dovevano	dovevano	_	_	_	_	_	linguistic	_	none	_	_	_	_	_	_
599-21	TOI020	599	599	21	entrae	entrae	_	_	_	_	_	linguistic	_	none	_	_	_	_	_	_
599-22	TOI020	599	599	22	[le	le	_	_	_	_	_	linguistic	_	none	_	_	_	_	_	0-2(177)
599-23	TOI020	599	599	23	ragazze	ragazze	_	_	_	_	_	linguistic	_	none	_	_	_	_	_	0-7(177)
599-24	TOI020	599	599	24	a	a	_	_	_	_	_	linguistic	_	none	_	_	_	_	_	0-1(177)
599-25	TOI020	599	599	25	scuola].	scuola	_	_	_	_	_	linguistic	_	none	Intonation=Falling	End=1817.07	_	_	_	0-6(177)
600-0	TOR004	600	600	0	[ci(o)è	cioè	_	_	_	_	_	linguistic	_	none	Reduced=Yes	Begin=1816.127	_	_	_	0-4(177)
600-1	TOR004	600	600	1	picchettavate	picchettavate	_	_	_	_	_	linguistic	_	none	_	_	_	_	_	0-13(177)
600-2	TOR004	600	600	2	le]	le	_	_	_	_	_	linguistic	_	none	_	_	_	_	_	0-2(177)
600-3	TOR004	600	600	3	suore,	suore	_	_	_	_	_	linguistic	_	none	Intonation=WeaklyRising	End=1817.551	_	_	_	_
601-0	TOI020	601	601	0	e	e	_	_	_	_	_	linguistic	_	none	_	Begin=1817.57	_	_	_	_
601-1	TOI020	601	601	1	certo	certo	_	_	_	_	_	linguistic	_	none	_	_	_	_	_	_
601-2	TOI020	601	601	2	perché	perché	_	_	_	_	_	linguistic	_	none	_	_	_	_	_	_
601-3	TOI020	601	601	3	se	se	_	_	_	_	_	linguistic	_	none	_	_	_	_	_	_
601-4	TOI020	601	601	4	no	no	_	_	_	_	_	linguistic	_	none	_	_	_	_	_	_
601-5	TOI020	601	601	5	facevano	facevano	_	_	_	_	_	linguistic	_	none	_	_	_	_	_	_
601-6	TOI020	601	601	6	entrare	entrare	_	_	_	_	_	linguistic	_	none	_	_	_	_	_	_
601-7	TOI020	601	601	7	le	le	_	_	_	_	_	linguistic	_	none	_	_	_	_	_	_
601-8	TOI020	601	601	8	ragazze	ragazze	_	_	_	_	_	linguistic	_	none	_	_	_	_	_	_
601-9	TOI020	601	601	9	ma	ma	_	_	_	_	_	linguistic	_	none	_	_	_	_	_	_
601-10	TOI020	601	601	10	le	le	_	_	_	_	_	linguistic	_	none	_	_	_	_	_	_
601-11	TOI020	601	601	11	ragazze	ragazze	_	_	_	_	_	linguistic	_	none	_	_	_	_	_	_
601-12	TOI020	601	601	12	erano	erano	_	_	_	_	_	linguistic	_	none	_	_	_	_	_	_
601-13	TOI020	601	601	13	d'	d'	_	_	_	_	_	linguistic	_	none	SpaceAfter=No	_	_	_	_	_
601-14	TOI020	601	601	14	accordo	accordo	_	_	_	_	_	linguistic	_	none	_	_	_	_	_	_
601-15	TOI020	601	601	15	con	con	_	_	_	_	_	linguistic	_	none	_	_	_	_	_	_
601-16	TOI020	601	601	16	noi	noi	_	_	_	_	_	linguistic	_	none	_	End=1821.793	_	_	_	_
602-0	TOI020	602	602	0	e	e	_	_	_	_	_	linguistic	_	none	_	Begin=1822.255	_	_	_	_
602-1	TOI020	602	602	1	quin~	quin~	_	_	_	_	_	linguistic	_	none	Interrupted=Yes	End=1822.624	_	_	_	_
603-0	TOI020	603	603	0	e	e	_	_	_	_	_	linguistic	_	none	_	Begin=1823.084	_	_	_	_
603-1	TOI020	603	603	1	son	son	_	_	_	_	_	linguistic	_	none	_	_	_	_	_	_
603-2	TOI020	603	603	2	stati	stati	_	_	_	_	_	linguistic	_	none	_	_	_	_	_	_
603-3	TOI020	603	603	3	anni	anni	_	_	_	_	_	linguistic	_	none	_	_	_	_	_	_
603-4	TOI020	603	603	4	be:lli	belli	_	_	_	_	_	linguistic	_	none	_	_	1x1	_	_	_
603-5	TOI020	603	603	5	ecco	ecco	_	_	_	_	_	linguistic	_	none	_	_	_	_	_	_
603-6	TOI020	603	603	6	poi:	poi	_	_	_	_	_	linguistic	_	none	_	End=1825.443	2x1	_	_	_
604-0	TOI020	604	604	0	[no	no	_	_	_	_	_	linguistic	_	none	_	Begin=1825.639	_	_	_	0-2(178)
604-1	TOI020	604	604	1	no]	no	_	_	_	_	_	linguistic	_	none	_	End=1826.107	_	_	_	0-2(178)
605-0	TOR004	605	605	0	[e	e	_	_	_	_	_	linguistic	_	none	_	Begin=1825.639	_	_	_	0-1(178)
605-1	TOR004	605	605	1	non	non	_	_	_	_	_	linguistic	_	none	_	_	_	_	_	0-3(178)
605-2	TOR004	605	605	2	è	è	_	_	_	_	_	linguistic	_	none	_	_	_	_	_	0-1(178)
605-3	TOR004	605	605	3	mai]	mai	_	_	_	_	_	linguistic	_	none	_	_	_	_	_	0-3(178)
605-4	TOR004	605	605	4	successo	successo	_	_	_	_	_	linguistic	_	none	_	_	_	_	_	_
605-5	TOR004	605	605	5	niente	niente	_	_	_	_	_	linguistic	_	none	_	_	_	_	_	_
605-6	TOR004	605	605	6	d[i::]	di	_	_	_	_	_	linguistic	_	none	_	End=1827.731	1x2	_	_	1-2(179)
606-0	TOI020	606	606	0	[no]	no	_	_	_	_	_	linguistic	_	none	_	Begin=1827.406	_	_	_	0-2(179)
606-1	TOI020	606	606	1	n	n	_	_	_	_	_	linguistic	_	none	ProsodicLink=Yes	_	_	_	_	_
606-2	TOI020	606	606	2	[eh]	eh	_	_	_	_	_	linguistic	_	none	_	End=1828.247	_	_	_	0-2(180)
607-0	TOR004	607	607	0	[vi]	vi	_	_	_	_	_	linguistic	_	none	_	Begin=1828.136	_	_	_	0-2(180)
607-1	TOR004	607	607	1	siete	siete	_	_	_	_	_	linguistic	_	none	_	_	_	_	_	_
607-2	TOR004	607	607	2	divertiti	divertiti	_	_	_	_	_	linguistic	_	none	_	_	_	_	_	_
607-3	TOR004	607	607	3	diciamo	diciamo	_	_	_	_	_	linguistic	_	none	_	_	_	_	_	_
607-4	TOR004	607	607	4	[anche]	anche	_	_	_	_	_	linguistic	_	none	_	End=1830.045	_	_	_	0-5(181)
608-0	TOI020	608	608	0	[sì	sì	_	_	_	_	_	linguistic	_	none	_	Begin=1829.539	_	_	_	0-2(181)
608-1	TOI020	608	608	1	no]	no	_	_	_	_	_	linguistic	_	none	_	_	_	_	_	0-2(181)
608-2	TOI020	608	608	2	io	io	_	_	_	_	_	linguistic	_	none	_	_	_	_	_	_
608-3	TOI020	608	608	3	non	non	_	_	_	_	_	linguistic	_	none	_	_	_	_	_	_
608-4	TOI020	608	608	4	ho:	ho	_	_	_	_	_	linguistic	_	none	_	_	1x1	_	_	_
608-5	TOI020	608	608	5	noi	noi	_	_	_	_	_	linguistic	_	none	_	_	_	_	_	_
608-6	TOI020	608	608	6	non	non	_	_	_	_	_	linguistic	_	none	_	_	_	_	_	_
608-7	TOI020	608	608	7	abbiamo	abbiamo	_	_	_	_	_	linguistic	_	none	_	_	_	_	_	_
608-8	TOI020	608	608	8	avut~	avut~	_	_	_	_	_	linguistic	_	none	Interrupted=Yes	_	_	_	_	_
608-9	TOI020	608	608	9	io	io	_	_	_	_	_	linguistic	_	none	_	_	_	_	_	_
608-10	TOI020	608	608	10	non	non	_	_	_	_	_	linguistic	_	none	_	_	_	_	_	_
608-11	TOI020	608	608	11	ho	ho	_	_	_	_	_	linguistic	_	none	_	_	_	_	_	_
608-12	TOI020	608	608	12	mai:	mai	_	_	_	_	_	linguistic	_	none	_	_	2x1	_	_	_
608-13	TOI020	608	608	13	avuto	avuto	_	_	_	_	_	linguistic	_	none	_	_	_	_	_	_
608-14	TOI020	608	608	14	pro[blemi	problemi	_	_	_	_	_	linguistic	_	none	_	_	_	_	_	3-8(182)
608-15	TOI020	608	608	15	di:]	di	_	_	_	_	_	linguistic	_	none	_	End=1834.761	1x1	_	_	0-2(182)
609-0	TOR004	609	609	0	[problemi],	problemi	_	_	_	_	_	linguistic	_	none	Intonation=WeaklyRising	Begin=1833.916|End=1834.532	_	_	_	0-8(182)
610-0	TOI020	610	610	0	°no	no	_	_	_	_	_	linguistic	_	none	Volume=low	Begin=1835.313	_	_	_	_
610-1	TOI020	610	610	1	no	no	_	_	_	_	_	linguistic	_	none	Volume=low	_	_	_	_	_
610-2	TOI020	610	610	2	con	con	_	_	_	_	_	linguistic	_	none	ProsodicLink=Yes|Volume=low	_	_	_	_	_
610-3	TOI020	610	610	3	e:h	eh	_	_	_	_	_	linguistic	_	none	Volume=low	_	0x1	_	_	_
610-4	TOI020	610	610	4	no.°	no	_	_	_	_	_	linguistic	_	none	Intonation=Falling|Volume=low	End=1836.843	_	_	_	_
611-0	TOI020	611	611	0	°as[solutamen]te	assolutamente	_	_	_	_	_	linguistic	_	none	Volume=low	Begin=1837.477	_	_	_	2-11(183)
611-1	TOI020	611	611	1	no.°	no	_	_	_	_	_	linguistic	_	none	Intonation=Falling|Volume=low	End=1838.613	_	_	_	_
612-0	TOR004	612	612	0	[okay]	okay	_	_	_	_	_	linguistic	_	none	_	Begin=1837.675|End=1838.229	_	_	_	0-4(183)
613-0	TOR004	613	613	0	e::m	em	_	_	_	_	_	linguistic	_	none	ProsodicLink=Yes	Begin=1838.78	0x2	_	_	_
613-1	TOR004	613	613	1	e:h	eh	_	_	_	_	_	linguistic	_	none	_	_	0x1	_	_	_
613-2	TOR004	613	613	2	e	e	_	_	_	_	_	linguistic	_	none	_	_	_	_	_	_
613-3	TOR004	613	613	3	invece	invece	_	_	_	_	_	linguistic	_	none	_	_	_	_	_	_
613-4	TOR004	613	613	4	c'	c'	_	_	_	_	_	linguistic	_	none	SpaceAfter=No	_	_	_	_	_
613-5	TOR004	613	613	5	è	è	_	_	_	_	_	linguistic	_	none	_	_	_	_	_	_
613-6	TOR004	613	613	6	qualcosa,	qualcosa	_	_	_	_	_	linguistic	_	none	Intonation=WeaklyRising|PauseAfter=Yes	_	_	_	_	_
613-7	TOR004	613	613	7	(.)	(.)	_	_	_	_	_	shortpause	_	none	_	_	_	_	_	_
613-8	TOR004	613	613	8	comunque	comunque	_	_	_	_	_	linguistic	_	none	_	_	_	_	_	_
613-9	TOR004	613	613	9	anche	anche	_	_	_	_	_	linguistic	_	none	_	_	_	_	_	_
613-10	TOR004	613	613	10	mentre	mentre	_	_	_	_	_	linguistic	_	none	_	_	_	_	_	_
613-11	TOR004	613	613	11	sei	sei	_	_	_	_	_	linguistic	_	none	_	_	_	_	_	_
613-12	TOR004	613	613	12	stata	stata	_	_	_	_	_	linguistic	_	none	_	_	_	_	_	_
613-13	TOR004	613	613	13	a	a	_	_	_	_	_	linguistic	_	none	_	_	_	_	_	_
613-14	TOR004	613	613	14	torino,	torino	_	_	_	_	_	linguistic	_	none	Intonation=WeaklyRising	_	_	_	_	_
613-15	TOR004	613	613	15	magari:	magari	_	_	_	_	_	linguistic	_	none	_	End=1843.816	5x1	_	_	_
614-0	TOR004	614	614	0	qualche:	qualche	_	_	_	_	_	linguistic	_	none	_	Begin=1843.98	6x1	_	_	_
614-1	TOR004	614	614	1	tradizio:ne	tradizione	_	_	_	_	_	linguistic	_	none	_	_	7x1	_	_	_
614-2	TOR004	614	614	2	qualche	qualche	_	_	_	_	_	linguistic	_	none	_	_	_	_	_	_
614-3	TOR004	614	614	3	festa	festa	_	_	_	_	_	linguistic	_	none	_	_	_	_	_	_
614-4	TOR004	614	614	4	che	che	_	_	_	_	_	linguistic	_	none	_	_	_	_	_	_
614-5	TOR004	614	614	5	ti	ti	_	_	_	_	_	linguistic	_	none	_	_	_	_	_	_
614-6	TOR004	614	614	6	manca:	manca	_	_	_	_	_	linguistic	_	none	_	End=1847.496	4x1	_	_	_
615-0	TOR004	615	615	0	che	che	_	_	_	_	_	linguistic	_	none	_	Begin=1847.812	_	_	_	_
615-1	TOR004	615	615	1	ti	ti	_	_	_	_	_	linguistic	_	none	_	_	_	_	_	_
615-2	TOR004	615	615	2	è	è	_	_	_	_	_	linguistic	_	none	_	_	_	_	_	_
615-3	TOR004	615	615	3	manca:ta	mancata	_	_	_	_	_	linguistic	_	none	_	_	4x1	_	_	_
615-4	TOR004	615	615	4	de[l	del	_	_	_	_	_	linguistic	_	none	PauseAfter=Yes	_	_	_	_	2-3(184)
615-5	TOR004	615	615	5	(.)	(.)	_	_	_	_	_	shortpause	_	none	_	_	_	_	_	_
615-6	TOR004	615	615	6	di]	di	_	_	_	_	_	linguistic	_	none	_	_	_	_	_	0-2(184)
615-7	TOR004	615	615	7	giù.	giù	_	_	_	_	_	linguistic	_	none	Intonation=Falling	End=1850.108	_	_	_	_
616-0	TOI020	616	616	0	[di	di	_	_	_	_	_	linguistic	_	none	_	Begin=1849.15	_	_	_	0-2(184)
616-1	TOI020	616	616	1	giù]?	giù	_	_	_	_	_	linguistic	_	none	Intonation=Rising	End=1849.712	_	_	_	0-3(184)
617-0	TOI020	617	617	0	ma	ma	_	_	_	_	_	linguistic	_	none	_	Begin=1851.107	_	_	_	_
617-1	TOI020	617	617	1	no	no	_	_	_	_	_	linguistic	_	none	_	_	_	_	_	_
617-2	TOI020	617	617	2	perché	perché	_	_	_	_	_	linguistic	_	none	_	_	_	_	_	_
617-3	TOI020	617	617	3	qua:	qua	_	_	_	_	_	linguistic	_	none	_	End=1852.77	2x1	_	_	_
618-0	TOI020	618	618	0	è	è	_	_	_	_	_	linguistic	_	none	_	Begin=1853.289	_	_	_	_
618-1	TOI020	618	618	1	la	la	_	_	_	_	_	linguistic	_	none	_	_	_	_	_	_
618-2	TOI020	618	618	2	festa	festa	_	_	_	_	_	linguistic	_	none	_	End=1854.296	_	_	_	_
619-0	TOR004	619	619	0	c'	c'	_	_	_	_	_	linguistic	_	none	SpaceAfter=No	Begin=1854.294	_	_	_	_
619-1	TOR004	619	619	1	era	era	_	_	_	_	_	linguistic	_	none	_	_	_	_	_	_
619-2	TOR004	619	619	2	sempre	sempre	_	_	_	_	_	linguistic	_	none	_	_	_	_	_	_
619-3	TOR004	619	619	3	fe[sta],	festa	_	_	_	_	_	linguistic	_	none	Intonation=WeaklyRising	End=1855.492	_	_	_	1-5(186)
620-0	TOI020	620	620	0	[sì:]	sì	_	_	_	_	_	linguistic	_	none	_	Begin=1855.238	1x1	_	_	0-2(186)
620-1	TOI020	620	620	1	no	no	_	_	_	_	_	linguistic	_	none	_	_	_	_	_	_
620-2	TOI020	620	620	2	no	no	_	_	_	_	_	linguistic	_	none	_	_	_	_	_	_
620-3	TOI020	620	620	3	no	no	_	_	_	_	_	linguistic	_	none	_	_	_	_	_	_
620-4	TOI020	620	620	4	e::h	eh	_	_	_	_	_	linguistic	_	none	_	_	0x2	_	_	_
620-5	TOI020	620	620	5	noi::	noi	_	_	_	_	_	linguistic	_	none	_	End=1858.299	2x2	_	_	_
621-0	TOI020	621	621	0	anzi.	anzi	_	_	_	_	_	linguistic	_	none	Intonation=Falling|PauseAfter=Yes	Begin=1859.366	_	_	_	_
621-1	TOI020	621	621	1	(.)	(.)	_	_	_	_	_	shortpause	_	none	_	_	_	_	_	_
621-2	TOI020	621	621	2	ti	ti	_	_	_	_	_	linguistic	_	none	_	_	_	_	_	_
621-3	TOI020	621	621	3	dico	dico	_	_	_	_	_	linguistic	_	none	_	_	_	_	_	_
621-4	TOI020	621	621	4	che	che	_	_	_	_	_	linguistic	_	none	_	_	_	_	_	_
621-5	TOI020	621	621	5	mia	mia	_	_	_	_	_	linguistic	_	none	_	_	_	_	_	_
621-6	TOI020	621	621	6	figlia	figlia	_	_	_	_	_	linguistic	_	none	_	_	_	_	_	_
621-7	TOI020	621	621	7	ogni	ogni	_	_	_	_	_	linguistic	_	none	_	_	_	_	_	_
621-8	TOI020	621	621	8	tanto	tanto	_	_	_	_	_	linguistic	_	none	_	_	_	_	_	_
621-9	TOI020	621	621	9	dice	dice	_	_	_	_	_	linguistic	_	none	_	_	_	_	_	_
621-10	TOI020	621	621	10	mamma	mamma	_	_	_	_	_	linguistic	_	none	_	_	_	_	_	_
621-11	TOI020	621	621	11	ma	ma	_	_	_	_	_	linguistic	_	none	_	_	_	_	_	_
621-12	TOI020	621	621	12	meno	meno	_	_	_	_	_	linguistic	_	none	_	_	_	_	_	_
621-13	TOI020	621	621	13	male	male	_	_	_	_	_	linguistic	_	none	_	_	_	_	_	_
621-14	TOI020	621	621	14	che	che	_	_	_	_	_	linguistic	_	none	_	_	_	_	_	_
621-15	TOI020	621	621	15	io	io	_	_	_	_	_	linguistic	_	none	_	_	_	_	_	_
621-16	TOI020	621	621	16	ho	ho	_	_	_	_	_	linguistic	_	none	_	_	_	_	_	_
621-17	TOI020	621	621	17	vissuto	vissuto	_	_	_	_	_	linguistic	_	none	_	_	_	_	_	_
621-18	TOI020	621	621	18	quel	quel	_	_	_	_	_	linguistic	_	none	ProsodicLink=Yes	_	_	_	_	_
621-19	TOI020	621	621	19	eh	eh	_	_	_	_	_	linguistic	_	none	_	End=1865.791	_	_	_	_
622-0	TOI020	622	622	0	perché	perché	_	_	_	_	_	linguistic	_	none	_	Begin=1866.115	_	_	_	_
622-1	TOI020	622	622	1	io	io	_	_	_	_	_	linguistic	_	none	_	_	_	_	_	_
622-2	TOI020	622	622	2	lara	lara	_	_	_	_	_	linguistic	_	none	_	_	_	_	_	_
622-3	TOI020	622	622	3	poi	poi	_	_	_	_	_	linguistic	_	none	_	_	_	_	_	_
622-4	TOI020	622	622	4	l'	l'	_	_	_	_	_	linguistic	_	none	SpaceAfter=No	_	_	_	_	_
622-5	TOI020	622	622	5	ho	ho	_	_	_	_	_	linguistic	_	none	_	_	_	_	_	_
622-6	TOI020	622	622	6	avuta:	avuta	_	_	_	_	_	linguistic	_	none	_	_	4x1	_	_	_
622-7	TOI020	622	622	7	subito	subito	_	_	_	_	_	linguistic	_	none	_	_	_	_	_	_
622-8	TOI020	622	622	8	io	io	_	_	_	_	_	linguistic	_	none	_	_	_	_	_	_
622-9	TOI020	622	622	9	mi	mi	_	_	_	_	_	linguistic	_	none	_	_	_	_	_	_
622-10	TOI020	622	622	10	son	son	_	_	_	_	_	linguistic	_	none	_	_	_	_	_	_
622-11	TOI020	622	622	11	spos~	spos~	_	_	_	_	_	linguistic	_	none	Interrupted=Yes	_	_	_	_	_
622-12	TOI020	622	622	12	sono	sono	_	_	_	_	_	linguistic	_	none	_	_	_	_	_	_
622-13	TOI020	622	622	13	arrivata	arrivata	_	_	_	_	_	linguistic	_	none	_	_	_	_	_	_
622-14	TOI020	622	622	14	nel	nel	_	_	_	_	_	linguistic	_	none	_	_	_	_	_	_
622-15	TOI020	622	622	15	settantotto.	settantotto	_	_	_	_	_	linguistic	_	none	Intonation=Falling	End=1870.296	_	_	_	_
623-0	TOI020	623	623	0	mi	mi	_	_	_	_	_	linguistic	_	none	_	Begin=1870.643	_	_	_	_
623-1	TOI020	623	623	1	sono	sono	_	_	_	_	_	linguistic	_	none	_	_	_	_	_	_
623-2	TOI020	623	623	2	sposata	sposata	_	_	_	_	_	linguistic	_	none	_	_	_	_	_	_
623-3	TOI020	623	623	3	nel	nel	_	_	_	_	_	linguistic	_	none	_	_	_	_	_	_
623-4	TOI020	623	623	4	settantanove	settantanove	_	_	_	_	_	linguistic	_	none	_	_	_	_	_	_
623-5	TOI020	623	623	5	allo~	allo~	_	_	_	_	_	linguistic	_	none	Interrupted=Yes	_	_	_	_	_
623-6	TOI020	623	623	6	nell'	nell'	_	_	_	_	_	linguistic	_	none	SpaceAfter=No	_	_	_	_	_
623-7	TOI020	623	623	7	ottanta	ottanta	_	_	_	_	_	linguistic	_	none	_	_	_	_	_	_
623-8	TOI020	623	623	8	ho	ho	_	_	_	_	_	linguistic	_	none	_	_	_	_	_	_
623-9	TOI020	623	623	9	avuto	avuto	_	_	_	_	_	linguistic	_	none	_	_	_	_	_	_
623-10	TOI020	623	623	10	lara	lara	_	_	_	_	_	linguistic	_	none	_	_	_	_	_	_
623-11	TOI020	623	623	11	quindi	quindi	_	_	_	_	_	linguistic	_	none	_	_	_	_	_	_
623-12	TOI020	623	623	12	lei	lei	_	_	_	_	_	linguistic	_	none	_	_	_	_	_	_
623-13	TOI020	623	623	13	ha	ha	_	_	_	_	_	linguistic	_	none	_	_	_	_	_	_
623-14	TOI020	623	623	14	vissuto,	vissuto	_	_	_	_	_	linguistic	_	none	Intonation=WeaklyRising	End=1875.682	_	_	_	_
624-0	TOI020	624	624	0	tutto	tutto	_	_	_	_	_	linguistic	_	none	_	Begin=1876.175	_	_	_	_
624-1	TOI020	624	624	1	quello	quello	_	_	_	_	_	linguistic	_	none	_	_	_	_	_	_
624-2	TOI020	624	624	2	che	che	_	_	_	_	_	linguistic	_	none	_	_	_	_	_	_
624-3	TOI020	624	624	3	abbiamo:	abbiamo	_	_	_	_	_	linguistic	_	none	_	_	6x1	_	_	_
624-4	TOI020	624	624	4	vissuto	vissuto	_	_	_	_	_	linguistic	_	none	_	_	_	_	_	_
624-5	TOI020	624	624	5	noi	noi	_	_	_	_	_	linguistic	_	none	_	_	_	_	_	_
624-6	TOI020	624	624	6	no?	no	_	_	_	_	_	linguistic	_	none	Intonation=Rising	End=1878.917	_	_	_	_
625-0	TOI020	625	625	0	e:	e	_	_	_	_	_	linguistic	_	none	_	Begin=1879.282	0x1	_	_	_
625-1	TOI020	625	625	1	noi	noi	_	_	_	_	_	linguistic	_	none	_	_	_	_	_	_
625-2	TOI020	625	625	2	eravamo	eravamo	_	_	_	_	_	linguistic	_	none	_	_	_	_	_	_
625-3	TOI020	625	625	3	a	a	_	_	_	_	_	linguistic	_	none	_	_	_	_	_	_
625-4	TOI020	625	625	4	casa,	casa	_	_	_	_	_	linguistic	_	none	Intonation=WeaklyRising	End=1881.637	_	_	_	_
626-0	TOI020	626	626	0	prima	prima	_	_	_	_	_	linguistic	_	none	_	Begin=1881.993	_	_	_	_
626-1	TOI020	626	626	1	di	di	_	_	_	_	_	linguistic	_	none	_	_	_	_	_	_
626-2	TOI020	626	626	2	mia	mia	_	_	_	_	_	linguistic	_	none	_	_	_	_	_	_
626-3	TOI020	626	626	3	suocera	suocera	_	_	_	_	_	linguistic	_	none	_	_	_	_	_	_
626-4	TOI020	626	626	4	ma	ma	_	_	_	_	_	linguistic	_	none	_	_	_	_	_	_
626-5	TOI020	626	626	5	principalmen~	principalmen~	_	_	_	_	_	linguistic	_	none	Interrupted=Yes	_	_	_	_	_
626-6	TOI020	626	626	6	c(io)è	cioè	_	_	_	_	_	linguistic	_	none	Reduced=Yes	_	_	_	_	_
626-7	TOI020	626	626	7	°m	m	_	_	_	_	_	linguistic	_	none	ProsodicLink=Yes|Volume=low	_	_	_	_	_
626-8	TOI020	626	626	8	eh°	eh	_	_	_	_	_	linguistic	_	none	Volume=low	_	_	_	_	_
626-9	TOI020	626	626	9	poi	poi	_	_	_	_	_	linguistic	_	none	_	_	_	_	_	_
626-10	TOI020	626	626	10	dopo	dopo	_	_	_	_	_	linguistic	_	none	_	_	_	_	_	_
626-11	TOI020	626	626	11	quando	quando	_	_	_	_	_	linguistic	_	none	_	_	_	_	_	_
626-12	TOI020	626	626	12	siamo	siamo	_	_	_	_	_	linguistic	_	none	_	_	_	_	_	_
626-13	TOI020	626	626	13	andati	andati	_	_	_	_	_	linguistic	_	none	_	_	_	_	_	_
626-14	TOI020	626	626	14	noi	noi	_	_	_	_	_	linguistic	_	none	_	_	_	_	_	_
626-15	TOI020	626	626	15	lì:	lì	_	_	_	_	_	linguistic	_	none	_	End=1887.095	1x1	_	_	_
627-0	TOI020	627	627	0	e:h	eh	_	_	_	_	_	linguistic	_	none	_	Begin=1887.714	0x1	_	_	_
627-1	TOI020	627	627	1	noi	noi	_	_	_	_	_	linguistic	_	none	_	_	_	_	_	_
627-2	TOI020	627	627	2	la	la	_	_	_	_	_	linguistic	_	none	_	_	_	_	_	_
627-3	TOI020	627	627	3	sera	sera	_	_	_	_	_	linguistic	_	none	_	_	_	_	_	_
627-4	TOI020	627	627	4	la	la	_	_	_	_	_	linguistic	_	none	_	_	_	_	_	_
627-5	TOI020	627	627	5	viglia	viglia	_	_	_	_	_	linguistic	_	none	_	_	_	_	_	_
627-6	TOI020	627	627	6	di	di	_	_	_	_	_	linguistic	_	none	_	_	_	_	_	_
627-7	TOI020	627	627	7	cap~	cap~	_	_	_	_	_	linguistic	_	none	Interrupted=Yes	_	_	_	_	_
627-8	TOI020	627	627	8	di:	di	_	_	_	_	_	linguistic	_	none	_	_	1x1	_	_	_
627-9	TOI020	627	627	9	natale,	natale	_	_	_	_	_	linguistic	_	none	Intonation=WeaklyRising	End=1891.136	_	_	_	_
628-0	TOI020	628	628	0	ci	ci	_	_	_	_	_	linguistic	_	none	_	Begin=1891.473	_	_	_	_
628-1	TOI020	628	628	1	trovavamo,	trovavamo	_	_	_	_	_	linguistic	_	none	Intonation=WeaklyRising	End=1892.323	_	_	_	_
629-0	TOI020	629	629	0	tu~	tu~	_	_	_	_	_	linguistic	_	none	Interrupted=Yes	Begin=1892.624|End=1892.788	_	_	_	_
630-0	TOI020	630	630	0	tutti,	tutti	_	_	_	_	_	linguistic	_	none	Intonation=WeaklyRising	Begin=1893.518|End=1894.335	_	_	_	_
631-0	TOI020	631	631	0	a	a	_	_	_	_	_	linguistic	_	none	_	Begin=1894.857	_	_	_	_
631-1	TOI020	631	631	1	casa	casa	_	_	_	_	_	linguistic	_	none	_	_	_	_	_	_
631-2	TOI020	631	631	2	mia	mia	_	_	_	_	_	linguistic	_	none	_	End=1895.716	_	_	_	_
632-0	TOR004	632	632	0	eh	eh	_	_	_	_	_	linguistic	_	none	_	Begin=1895.747	_	_	_	_
632-1	TOR004	632	632	1	già.	già	_	_	_	_	_	linguistic	_	none	Intonation=Falling|PauseAfter=Yes	_	_	_	_	_
632-2	TOR004	632	632	2	(.)	(.)	_	_	_	_	_	shortpause	_	none	_	_	_	_	_	_
632-3	TOR004	632	632	3	quin[di]	quindi	_	_	_	_	_	linguistic	_	none	_	End=1896.623	_	_	_	4-6(187)
633-0	TOI020	633	633	0	[e]	e	_	_	_	_	_	linguistic	_	none	_	Begin=1896.509	_	_	_	0-1(187)
633-1	TOI020	633	633	1	quindi	quindi	_	_	_	_	_	linguistic	_	none	_	_	_	_	_	_
633-2	TOI020	633	633	2	eh	eh	_	_	_	_	_	linguistic	_	none	_	_	_	_	_	_
633-3	TOI020	633	633	3	s~	s~	_	_	_	_	_	linguistic	_	none	Interrupted=Yes	_	_	_	_	_
633-4	TOI020	633	633	4	c'	c'	_	_	_	_	_	linguistic	_	none	SpaceAfter=No	_	_	_	_	_
633-5	TOI020	633	633	5	erano::	erano	_	_	_	_	_	linguistic	_	none	_	_	4x2	_	_	_
633-6	TOI020	633	633	6	e:h	eh	_	_	_	_	_	linguistic	_	none	_	_	0x1	_	_	_
633-7	TOI020	633	633	7	i:::	i	_	_	_	_	_	linguistic	_	none	_	_	0x3	_	_	_
633-8	TOI020	633	633	8	suoi	suoi	_	_	_	_	_	linguistic	_	none	_	_	_	_	_	_
633-9	TOI020	633	633	9	che	che	_	_	_	_	_	linguistic	_	none	_	_	_	_	_	_
633-10	TOI020	633	633	10	arrivavano	arrivavano	_	_	_	_	_	linguistic	_	none	_	_	_	_	_	_
633-11	TOI020	633	633	11	da	da	_	_	_	_	_	linguistic	_	none	_	_	_	_	_	_
633-12	TOI020	633	633	12	messa,	messa	_	_	_	_	_	linguistic	_	none	Intonation=WeaklyRising	End=1901.914	_	_	_	_
634-0	TOI020	634	634	0	passavano:	passavano	_	_	_	_	_	linguistic	_	none	_	Begin=1902.293	8x1	_	_	_
634-1	TOI020	634	634	1	da	da	_	_	_	_	_	linguistic	_	none	_	_	_	_	_	_
634-2	TOI020	634	634	2	casa	casa	_	_	_	_	_	linguistic	_	none	_	_	_	_	_	_
634-3	TOI020	634	634	3	poi	poi	_	_	_	_	_	linguistic	_	none	_	_	_	_	_	_
634-4	TOI020	634	634	4	mano	mano	_	_	_	_	_	linguistic	_	none	_	_	_	_	_	_
634-5	TOI020	634	634	5	mano	mano	_	_	_	_	_	linguistic	_	none	_	_	_	_	_	_
634-6	TOI020	634	634	6	con	con	_	_	_	_	_	linguistic	_	none	_	_	_	_	_	_
634-7	TOI020	634	634	7	le	le	_	_	_	_	_	linguistic	_	none	_	_	_	_	_	_
634-8	TOI020	634	634	8	ragazze:	ragazze	_	_	_	_	_	linguistic	_	none	_	_	6x1	_	_	_
634-9	TOI020	634	634	9	che	che	_	_	_	_	_	linguistic	_	none	_	_	_	_	_	_
634-10	TOI020	634	634	10	si	si	_	_	_	_	_	linguistic	_	none	_	_	_	_	_	_
634-11	TOI020	634	634	11	aggiungevano,	aggiungevano	_	_	_	_	_	linguistic	_	none	Intonation=WeaklyRising	End=1906.968	_	_	_	_
635-0	TOI020	635	635	0	noi,	noi	_	_	_	_	_	linguistic	_	none	Intonation=WeaklyRising	Begin=1907.355	_	_	_	_
635-1	TOI020	635	635	1	m~	m~	_	_	_	_	_	linguistic	_	none	Interrupted=Yes	_	_	_	_	_
635-2	TOI020	635	635	2	gioc~	gioc~	_	_	_	_	_	linguistic	_	none	Interrupted=Yes	_	_	_	_	_
635-3	TOI020	635	635	3	ma	ma	_	_	_	_	_	linguistic	_	none	_	_	_	_	_	_
635-4	TOI020	635	635	4	davvero	davvero	_	_	_	_	_	linguistic	_	none	_	_	_	_	_	_
635-5	TOI020	635	635	5	eh,	eh	_	_	_	_	_	linguistic	_	none	Intonation=WeaklyRising	_	_	_	_	_
635-6	TOI020	635	635	6	non	non	_	_	_	_	_	linguistic	_	none	_	_	_	_	_	_
635-7	TOI020	635	635	7	te	te	_	_	_	_	_	linguistic	_	none	_	_	_	_	_	_
635-8	TOI020	635	635	8	lo	lo	_	_	_	_	_	linguistic	_	none	_	_	_	_	_	_
635-9	TOI020	635	635	9	dico:	dico	_	_	_	_	_	linguistic	_	none	_	_	3x1	_	_	_
635-10	TOI020	635	635	10	mh	mh	_	_	_	_	_	linguistic	_	none	_	_	_	_	_	_
635-11	TOI020	635	635	11	così	così	_	_	_	_	_	linguistic	_	none	_	End=1910.833	_	_	_	_
636-0	TOI020	636	636	0	noi	noi	_	_	_	_	_	linguistic	_	none	_	Begin=1911.086	_	_	_	_
636-1	TOI020	636	636	1	giocavamo	giocavamo	_	_	_	_	_	linguistic	_	none	_	_	_	_	_	_
636-2	TOI020	636	636	2	a	a	_	_	_	_	_	linguistic	_	none	_	_	_	_	_	_
636-3	TOI020	636	636	3	tombola	tombola	_	_	_	_	_	linguistic	_	none	_	_	_	_	_	_
636-4	TOI020	636	636	4	una	una	_	_	_	_	_	linguistic	_	none	_	_	_	_	_	_
636-5	TOI020	636	636	5	parte	parte	_	_	_	_	_	linguistic	_	none	_	_	_	_	_	_
636-6	TOI020	636	636	6	in	in	_	_	_	_	_	linguistic	_	none	_	_	_	_	_	_
636-7	TOI020	636	636	7	cucina.	cucina	_	_	_	_	_	linguistic	_	none	Intonation=Falling|PauseAfter=Yes	_	_	_	_	_
636-8	TOI020	636	636	8	(.)	(.)	_	_	_	_	_	shortpause	_	none	_	_	_	_	_	_
636-9	TOI020	636	636	9	tu	tu	_	_	_	_	_	linguistic	_	none	_	_	_	_	_	_
636-10	TOI020	636	636	10	non	non	_	_	_	_	_	linguistic	_	none	_	_	_	_	_	_
636-11	TOI020	636	636	11	l'	l'	_	_	_	_	_	linguistic	_	none	SpaceAfter=No	_	_	_	_	_
636-12	TOI020	636	636	12	hai	hai	_	_	_	_	_	linguistic	_	none	_	_	_	_	_	_
636-13	TOI020	636	636	13	vista	vista	_	_	_	_	_	linguistic	_	none	_	_	_	_	_	_
636-14	TOI020	636	636	14	casa	casa	_	_	_	_	_	linguistic	_	none	_	_	_	_	_	_
636-15	TOI020	636	636	15	[mia	mia	_	_	_	_	_	linguistic	_	none	_	_	_	_	_	0-3(188)
636-16	TOI020	636	636	16	di]	di	_	_	_	_	_	linguistic	_	none	_	_	_	_	_	0-2(188)
636-17	TOI020	636	636	17	via	via	_	_	_	_	_	linguistic	_	none	_	End=1916.338	_	_	_	_
637-0	TOR004	637	637	0	[no].	no	_	_	_	_	_	linguistic	_	none	Intonation=Falling	Begin=1915.278|End=1915.526	_	_	_	0-2(188)
638-0	TOI020	638	638	0	piccola	piccola	_	_	_	_	_	linguistic	_	none	_	Begin=1916.817|End=1917.55	_	_	_	_
639-0	TOI020	639	639	0	una	una	_	_	_	_	_	linguistic	_	none	_	Begin=1918.218	_	_	_	_
639-1	TOI020	639	639	1	parte	parte	_	_	_	_	_	linguistic	_	none	_	_	_	_	_	_
639-2	TOI020	639	639	2	in	in	_	_	_	_	_	linguistic	_	none	_	_	_	_	_	_
639-3	TOI020	639	639	3	cucina	cucina	_	_	_	_	_	linguistic	_	none	_	_	_	_	_	_
639-4	TOI020	639	639	4	con	con	_	_	_	_	_	linguistic	_	none	_	_	_	_	_	_
639-5	TOI020	639	639	5	questo	questo	_	_	_	_	_	linguistic	_	none	_	_	_	_	_	_
639-6	TOI020	639	639	6	tavolo,	tavolo	_	_	_	_	_	linguistic	_	none	Intonation=WeaklyRising	End=1920.852	_	_	_	_
640-0	TOI020	640	640	0	con	con	_	_	_	_	_	linguistic	_	none	_	Begin=1921.058	_	_	_	_
640-1	TOI020	640	640	1	l'	l'	_	_	_	_	_	linguistic	_	none	SpaceAfter=No	_	_	_	_	_
640-2	TOI020	640	640	2	altro	altro	_	_	_	_	_	linguistic	_	none	_	_	_	_	_	_
640-3	TOI020	640	640	3	tavolo	tavolo	_	_	_	_	_	linguistic	_	none	_	_	_	_	_	_
640-4	TOI020	640	640	4	e	e	_	_	_	_	_	linguistic	_	none	_	_	_	_	_	_
640-5	TOI020	640	640	5	più:	più	_	_	_	_	_	linguistic	_	none	_	_	2x1	_	_	_
640-6	TOI020	640	640	6	insomma	insomma	_	_	_	_	_	linguistic	_	none	_	_	_	_	_	_
640-7	TOI020	640	640	7	si	si	_	_	_	_	_	linguistic	_	none	_	_	_	_	_	_
640-8	TOI020	640	640	8	cercava	cercava	_	_	_	_	_	linguistic	_	none	_	_	_	_	_	_
640-9	TOI020	640	640	9	di	di	_	_	_	_	_	linguistic	_	none	_	_	_	_	_	_
640-10	TOI020	640	640	10	allungare	allungare	_	_	_	_	_	linguistic	_	none	_	_	_	_	_	_
640-11	TOI020	640	640	11	come	come	_	_	_	_	_	linguistic	_	none	_	_	_	_	_	_
640-12	TOI020	640	640	12	potev~	potev~	_	_	_	_	_	linguistic	_	none	Interrupted=Yes	End=1925.43	_	_	_	_
641-0	TOI020	641	641	0	e	e	_	_	_	_	_	linguistic	_	none	_	Begin=1925.908	_	_	_	_
641-1	TOI020	641	641	1	poi	poi	_	_	_	_	_	linguistic	_	none	_	_	_	_	_	_
641-2	TOI020	641	641	2	c'	c'	_	_	_	_	_	linguistic	_	none	SpaceAfter=No	_	_	_	_	_
641-3	TOI020	641	641	3	era	era	_	_	_	_	_	linguistic	_	none	_	_	_	_	_	_
641-4	TOI020	641	641	4	gente	gente	_	_	_	_	_	linguistic	_	none	_	_	_	_	_	_
641-5	TOI020	641	641	5	nell'	nell'	_	_	_	_	_	linguistic	_	none	SpaceAfter=No	_	_	_	_	_
641-6	TOI020	641	641	6	entrata,	entrata	_	_	_	_	_	linguistic	_	none	Intonation=WeaklyRising	End=1928.015	_	_	_	_
642-0	TOI020	642	642	0	con	con	_	_	_	_	_	linguistic	_	none	ProsodicLink=Yes	Begin=1928.929	_	_	_	_
642-1	TOI020	642	642	1	eh	eh	_	_	_	_	_	linguistic	_	none	_	_	_	_	_	_
642-2	TOI020	642	642	2	l'	l'	_	_	_	_	_	linguistic	_	none	SpaceAfter=No	_	_	_	_	_
642-3	TOI020	642	642	3	asse	asse	_	_	_	_	_	linguistic	_	none	_	_	_	_	_	_
642-4	TOI020	642	642	4	per	per	_	_	_	_	_	linguistic	_	none	ProsodicLink=Yes	_	_	_	_	_
642-5	TOI020	642	642	5	eh	eh	_	_	_	_	_	linguistic	_	none	_	_	_	_	_	_
642-6	TOI020	642	642	6	lavare	lavare	_	_	_	_	_	linguistic	_	none	_	_	_	_	_	_
642-7	TOI020	642	642	7	i	i	_	_	_	_	_	linguistic	_	none	_	_	_	_	_	_
642-8	TOI020	642	642	8	panni	panni	_	_	_	_	_	linguistic	_	none	_	End=1932.368	_	_	_	_
643-0	TOI020	643	643	0	lì	lì	_	_	_	_	_	linguistic	_	none	_	Begin=1932.654	_	_	_	_
643-1	TOI020	643	643	1	su	su	_	_	_	_	_	linguistic	_	none	_	_	_	_	_	_
643-2	TOI020	643	643	2	due:	due	_	_	_	_	_	linguistic	_	none	_	End=1933.836	2x1	_	_	_
644-0	TOI020	644	644	0	e:h	eh	_	_	_	_	_	linguistic	_	none	_	Begin=1934.307	0x1	_	_	_
644-1	TOI020	644	644	1	ginocchia	ginocchia	_	_	_	_	_	linguistic	_	none	_	_	_	_	_	_
644-2	TOI020	644	644	2	che	che	_	_	_	_	_	linguistic	_	none	_	_	_	_	_	_
644-3	TOI020	644	644	3	si	si	_	_	_	_	_	linguistic	_	none	_	_	_	_	_	_
644-4	TOI020	644	644	4	tenevano	tenevano	_	_	_	_	_	linguistic	_	none	_	_	_	_	_	_
644-5	TOI020	644	644	5	le	le	_	_	_	_	_	linguistic	_	none	_	_	_	_	_	_
644-6	TOI020	644	644	6	[cartelle],	cartelle	_	_	_	_	_	linguistic	_	none	Intonation=WeaklyRising	End=1937.448	_	_	_	0-8(189)
645-0	TOR004	645	645	0	[come	come	_	_	_	_	_	linguistic	_	none	_	Begin=1936.536	_	_	_	0-4(189)
645-1	TOR004	645	645	1	tavolo],	tavolo	_	_	_	_	_	linguistic	_	none	Intonation=WeaklyRising	_	_	_	_	0-6(189)
645-2	TOR004	645	645	2	((ride))	((ride))	_	_	_	_	_	nonverbalbehavior	_	none	_	End=1937.674	_	_	_	_
646-0	TOI020	646	646	0	sì	sì	_	_	_	_	_	linguistic	_	none	_	Begin=1937.711	_	_	_	_
646-1	TOI020	646	646	1	c(io)è	cioè	_	_	_	_	_	linguistic	_	none	Reduced=Yes	_	_	_	_	_
646-2	TOI020	646	646	2	[era	era	_	_	_	_	_	linguistic	_	none	_	_	_	_	_	0-3(190)
646-3	TOI020	646	646	3	un	un	_	_	_	_	_	linguistic	_	none	_	_	_	_	_	0-2(190)
646-4	TOI020	646	646	4	modo	modo	_	_	_	_	_	linguistic	_	none	_	_	_	_	_	0-4(190)
646-5	TOI020	646	646	5	per]	per	_	_	_	_	_	linguistic	_	none	_	End=1939.639	_	_	_	0-3(190)
647-0	TOR004	647	647	0	[è	è	_	_	_	_	_	linguistic	_	none	_	Begin=1938.628	_	_	_	0-1(190)
647-1	TOR004	647	647	1	bellissimo]	bellissimo	_	_	_	_	_	linguistic	_	none	_	End=1939.628	_	_	_	0-10(190)
648-0	TOI020	648	648	0	con	con	_	_	_	_	_	linguistic	_	none	_	Begin=1940.011	_	_	_	_
648-1	TOI020	648	648	1	i	i	_	_	_	_	_	linguistic	_	none	_	_	_	_	_	_
648-2	TOI020	648	648	2	fagio:li	fagioli	_	_	_	_	_	linguistic	_	none	_	End=1941.439	4x1	_	_	_
649-0	TOI020	649	649	0	perché	perché	_	_	_	_	_	linguistic	_	none	_	Begin=1941.738|End=1942.384	_	_	_	_
650-0	TOI020	650	650	0	pur	pur	_	_	_	_	_	linguistic	_	none	_	Begin=1942.566	_	_	_	_
650-1	TOI020	650	650	1	avendo:	avendo	_	_	_	_	_	linguistic	_	none	_	_	5x1	_	_	_
650-2	TOI020	650	650	2	i	i	_	_	_	_	_	linguistic	_	none	_	_	_	_	_	_
650-3	TOI020	650	650	3	gli	gli	_	_	_	_	_	linguistic	_	none	_	_	_	_	_	_
650-4	TOI020	650	650	4	altri	altri	_	_	_	_	_	linguistic	_	none	_	_	_	_	_	_
650-5	TOI020	650	650	5	co~	co~	_	_	_	_	_	linguistic	_	none	Interrupted=Yes	_	_	_	_	_
650-6	TOI020	650	650	6	noi	noi	_	_	_	_	_	linguistic	_	none	_	_	_	_	_	_
650-7	TOI020	650	650	7	dovevamo	dovevamo	_	_	_	_	_	linguistic	_	none	_	_	_	_	_	_
650-8	TOI020	650	650	8	gio[care	giocare	_	_	_	_	_	linguistic	_	none	_	_	_	_	_	3-7(191)
650-9	TOI020	650	650	9	con	con	_	_	_	_	_	linguistic	_	none	_	_	_	_	_	0-3(191)
650-10	TOI020	650	650	10	i	i	_	_	_	_	_	linguistic	_	none	_	_	_	_	_	0-1(191)
650-11	TOI020	650	650	11	fagio~]	fagio~	_	_	_	_	_	linguistic	_	none	Interrupted=Yes	End=1945.885	_	_	_	0-6(191)
651-0	TOR004	651	651	0	[coi	coi	_	_	_	_	_	linguistic	_	none	_	Begin=1945.159	_	_	_	0-3(191)
651-1	TOR004	651	651	1	fagio~]	fagio~	_	_	_	_	_	linguistic	_	none	Interrupted=Yes	End=1945.76	_	_	_	0-6(191)
652-0	TOI020	652	652	0	perché	perché	_	_	_	_	_	linguistic	_	none	_	Begin=1946.123	_	_	_	_
652-1	TOI020	652	652	1	così	così	_	_	_	_	_	linguistic	_	none	_	_	_	_	_	_
652-2	TOI020	652	652	2	ogni	ogni	_	_	_	_	_	linguistic	_	none	_	_	_	_	_	_
652-3	TOI020	652	652	3	tanto	tanto	_	_	_	_	_	linguistic	_	none	_	_	_	_	_	_
652-4	TOI020	652	652	4	partivano	partivano	_	_	_	_	_	linguistic	_	none	_	_	_	_	_	_
652-5	TOI020	652	652	5	i	i	_	_	_	_	_	linguistic	_	none	_	_	_	_	_	_
652-6	TOI020	652	652	6	fagioli	fagioli	_	_	_	_	_	linguistic	_	none	_	_	_	_	_	_
652-7	TOI020	652	652	7	e	e	_	_	_	_	_	linguistic	_	none	_	_	_	_	_	_
652-8	TOI020	652	652	8	facevamo	facevamo	_	_	_	_	_	linguistic	_	none	_	_	_	_	_	_
652-9	TOI020	652	652	9	casino	casino	_	_	_	_	_	linguistic	_	none	_	End=1949.488	_	_	_	_
653-0	TOI020	653	653	0	perché	perché	_	_	_	_	_	linguistic	_	none	_	Begin=1949.858	_	_	_	_
653-1	TOI020	653	653	1	poi	poi	_	_	_	_	_	linguistic	_	none	_	End=1950.535	_	_	_	_
654-0	TOI020	654	654	0	e:	e	_	_	_	_	_	linguistic	_	none	_	Begin=1950.992	0x1	_	_	_
654-1	TOI020	654	654	1	lara	lara	_	_	_	_	_	linguistic	_	none	_	_	_	_	_	_
654-2	TOI020	654	654	2	tante	tante	_	_	_	_	_	linguistic	_	none	_	_	_	_	_	_
654-3	TOI020	654	654	3	volte	volte	_	_	_	_	_	linguistic	_	none	_	_	_	_	_	_
654-4	TOI020	654	654	4	mi	mi	_	_	_	_	_	linguistic	_	none	_	_	_	_	_	_
654-5	TOI020	654	654	5	dice	dice	_	_	_	_	_	linguistic	_	none	_	_	_	_	_	_
654-6	TOI020	654	654	6	mamma	mamma	_	_	_	_	_	linguistic	_	none	_	_	_	_	_	_
654-7	TOI020	654	654	7	ma	ma	_	_	_	_	_	linguistic	_	none	_	_	_	_	_	_
654-8	TOI020	654	654	8	eh	eh	_	_	_	_	_	linguistic	_	none	_	_	_	_	_	_
654-9	TOI020	654	654	9	io	io	_	_	_	_	_	linguistic	_	none	_	_	_	_	_	_
654-10	TOI020	654	654	10	i	i	_	_	_	_	_	linguistic	_	none	_	_	_	_	_	_
654-11	TOI020	654	654	11	natali	natali	_	_	_	_	_	linguistic	_	none	_	_	_	_	_	_
654-12	TOI020	654	654	12	più	più	_	_	_	_	_	linguistic	_	none	_	_	_	_	_	_
654-13	TOI020	654	654	13	belli:	belli	_	_	_	_	_	linguistic	_	none	_	End=1955.127	4x1	_	_	_
655-0	TOI020	655	655	0	credo	credo	_	_	_	_	_	linguistic	_	none	_	Begin=1955.562	_	_	_	_
655-1	TOI020	655	655	1	che	che	_	_	_	_	_	linguistic	_	none	PauseAfter=Yes	_	_	_	_	_
655-2	TOI020	655	655	2	(.)	(.)	_	_	_	_	_	shortpause	_	none	_	_	_	_	_	_
655-3	TOI020	655	655	3	ta:nti	tanti	_	_	_	_	_	linguistic	_	none	_	_	1x1	_	_	_
655-4	TOI020	655	655	4	tanti	tanti	_	_	_	_	_	linguistic	_	none	_	_	_	_	_	_
655-5	TOI020	655	655	5	della	della	_	_	_	_	_	linguistic	_	none	_	_	_	_	_	_
655-6	TOI020	655	655	6	mia	mia	_	_	_	_	_	linguistic	_	none	_	_	_	_	_	_
655-7	TOI020	655	655	7	età	età	_	_	_	_	_	linguistic	_	none	_	End=1958.655	_	_	_	_
656-0	TOI020	656	656	0	a	a	_	_	_	_	_	linguistic	_	none	_	Begin=1959.054	_	_	_	_
656-1	TOI020	656	656	1	torino	torino	_	_	_	_	_	linguistic	_	none	_	_	_	_	_	_
656-2	TOI020	656	656	2	i	i	_	_	_	_	_	linguistic	_	none	_	_	_	_	_	_
656-3	TOI020	656	656	3	natali	natali	_	_	_	_	_	linguistic	_	none	_	_	_	_	_	_
656-4	TOI020	656	656	4	co~	co~	_	_	_	_	_	linguistic	_	none	Interrupted=Yes	_	_	_	_	_
656-5	TOI020	656	656	5	i	i	_	_	_	_	_	linguistic	_	none	_	_	_	_	_	_
656-6	TOI020	656	656	6	natali	natali	_	_	_	_	_	linguistic	_	none	_	_	_	_	_	_
656-7	TOI020	656	656	7	come	come	_	_	_	_	_	linguistic	_	none	_	_	_	_	_	_
656-8	TOI020	656	656	8	me	me	_	_	_	_	_	linguistic	_	none	_	_	_	_	_	_
656-9	TOI020	656	656	9	[non	non	_	_	_	_	_	linguistic	_	none	_	_	_	_	_	0-3(192)
656-10	TOI020	656	656	10	li	li	_	_	_	_	_	linguistic	_	none	_	_	_	_	_	0-2(192)
656-11	TOI020	656	656	11	hanno	hanno	_	_	_	_	_	linguistic	_	none	_	_	_	_	_	0-5(192)
656-12	TOI020	656	656	12	vissu]ti.	vissuti	_	_	_	_	_	linguistic	_	none	Intonation=Falling	End=1962.726	_	_	_	0-5(192)
657-0	TOR004	657	657	0	[eh	eh	_	_	_	_	_	linguistic	_	none	_	Begin=1961.517	_	_	_	0-2(192)
657-1	TOR004	657	657	1	no	no	_	_	_	_	_	linguistic	_	none	_	_	_	_	_	0-2(192)
657-2	TOR004	657	657	2	certo]	certo	_	_	_	_	_	linguistic	_	none	_	End=1962.397	_	_	_	0-5(192)
658-0	TOI020	658	658	0	e:h	eh	_	_	_	_	_	linguistic	_	none	_	Begin=1963.218|End=1963.72	0x1	_	_	_
659-0	TOI020	659	659	0	perché	perché	_	_	_	_	_	linguistic	_	none	_	Begin=1963.968	_	_	_	_
659-1	TOI020	659	659	1	comunque	comunque	_	_	_	_	_	linguistic	_	none	_	_	_	_	_	_
659-2	TOI020	659	659	2	era:	era	_	_	_	_	_	linguistic	_	none	_	_	2x1	_	_	_
659-3	TOI020	659	659	3	beh	beh	_	_	_	_	_	linguistic	_	none	_	End=1965.847	_	_	_	_
660-0	TOI020	660	660	0	tu	tu	_	_	_	_	_	linguistic	_	none	_	Begin=1966.114	_	_	_	_
660-1	TOI020	660	660	1	come	come	_	_	_	_	_	linguistic	_	none	_	_	_	_	_	_
660-2	TOI020	660	660	2	vedi:	vedi	_	_	_	_	_	linguistic	_	none	_	_	3x1	_	_	_
660-3	TOI020	660	660	3	io	io	_	_	_	_	_	linguistic	_	none	_	_	_	_	_	_
660-4	TOI020	660	660	4	cerco.	cerco	_	_	_	_	_	linguistic	_	none	Intonation=Falling	End=1967.807	_	_	_	_
661-0	TOI020	661	661	0	in	in	_	_	_	_	_	linguistic	_	none	_	Begin=1968.313	_	_	_	_
661-1	TOI020	661	661	1	qualche	qualche	_	_	_	_	_	linguistic	_	none	_	_	_	_	_	_
661-2	TOI020	661	661	2	modo	modo	_	_	_	_	_	linguistic	_	none	_	_	_	_	_	_
661-3	TOI020	661	661	3	di:	di	_	_	_	_	_	linguistic	_	none	_	_	1x1	_	_	_
661-4	TOI020	661	661	4	m	m	_	_	_	_	_	linguistic	_	none	ProsodicLink=Yes	_	_	_	_	_
661-5	TOI020	661	661	5	eh	eh	_	_	_	_	_	linguistic	_	none	_	End=1970.678	_	_	_	_
662-0	TOI020	662	662	0	di	di	_	_	_	_	_	linguistic	_	none	_	Begin=1971.023	_	_	_	_
662-1	TOI020	662	662	1	f[a:re	fare	_	_	_	_	_	linguistic	_	none	_	_	1x1	_	_	1-4(193)
662-2	TOI020	662	662	2	di	di	_	_	_	_	_	linguistic	_	none	_	_	_	_	_	0-2(193)
662-3	TOI020	662	662	3	sta]:re	stare	_	_	_	_	_	linguistic	_	none	_	_	2x1	_	_	0-3(193)
662-4	TOI020	662	662	4	di	di	_	_	_	_	_	linguistic	_	none	_	_	_	_	_	_
662-5	TOI020	662	662	5	attra~	attra~	_	_	_	_	_	linguistic	_	none	Interrupted=Yes	End=1972.975	_	_	_	_
663-0	TOR004	663	663	0	[di	di	_	_	_	_	_	linguistic	_	none	_	Begin=1971.505	_	_	_	0-2(193)
663-1	TOR004	663	663	1	attrarre].	attrarre	_	_	_	_	_	linguistic	_	none	Intonation=Falling	End=1972.255	_	_	_	0-8(193)
664-0	TOI020	664	664	0	perché::	perché	_	_	_	_	_	linguistic	_	none	_	Begin=1973.385	5x2	_	_	_
664-1	TOI020	664	664	1	capisco	capisco	_	_	_	_	_	linguistic	_	none	_	End=1975.214	_	_	_	_
665-0	TOI020	665	665	0	a	a	_	_	_	_	_	linguistic	_	none	_	Begin=1975.757	_	_	_	_
665-1	TOI020	665	665	1	me,	me	_	_	_	_	_	linguistic	_	none	Intonation=WeaklyRising	End=1976.156	_	_	_	_
666-0	TOI020	666	666	0	ti	ti	_	_	_	_	_	linguistic	_	none	_	Begin=1976.486	_	_	_	_
666-1	TOI020	666	666	1	dico	dico	_	_	_	_	_	linguistic	_	none	_	_	_	_	_	_
666-2	TOI020	666	666	2	onestamen~	onestamen~	_	_	_	_	_	linguistic	_	none	Interrupted=Yes	_	_	_	_	_
666-3	TOI020	666	666	3	a	a	_	_	_	_	_	linguistic	_	none	_	_	_	_	_	_
666-4	TOI020	666	666	4	me	me	_	_	_	_	_	linguistic	_	none	_	_	_	_	_	_
666-5	TOI020	666	666	5	non	non	_	_	_	_	_	linguistic	_	none	_	_	_	_	_	_
666-6	TOI020	666	666	6	me	me	_	_	_	_	_	linguistic	_	none	_	_	_	_	_	_
666-7	TOI020	666	666	7	ne	ne	_	_	_	_	_	linguistic	_	none	_	_	_	_	_	_
666-8	TOI020	666	666	8	frega	frega	_	_	_	_	_	linguistic	_	none	_	_	_	_	_	_
666-9	TOI020	666	666	9	niente	niente	_	_	_	_	_	linguistic	_	none	_	End=1978.557	_	_	_	_
667-0	TOI020	667	667	0	la	la	_	_	_	_	_	linguistic	_	none	_	Begin=1978.828	_	_	_	_
667-1	TOI020	667	667	1	casa	casa	_	_	_	_	_	linguistic	_	none	_	_	_	_	_	_
667-2	TOI020	667	667	2	adesso	adesso	_	_	_	_	_	linguistic	_	none	_	_	_	_	_	_
667-3	TOI020	667	667	3	è	è	_	_	_	_	_	linguistic	_	none	_	_	_	_	_	_
667-4	TOI020	667	667	4	grande,	grande	_	_	_	_	_	linguistic	_	none	Intonation=WeaklyRising	End=1980.395	_	_	_	_
668-0	TOI020	668	668	0	infatti	infatti	_	_	_	_	_	linguistic	_	none	_	Begin=1980.95	_	_	_	_
668-1	TOI020	668	668	1	il	il	_	_	_	_	_	linguistic	_	none	_	_	_	_	_	_
668-2	TOI020	668	668	2	primo	primo	_	_	_	_	_	linguistic	_	none	_	_	_	_	_	_
668-3	TOI020	668	668	3	anno,	anno	_	_	_	_	_	linguistic	_	none	Intonation=WeaklyRising	End=1982.349	_	_	_	_
669-0	TOI020	669	669	0	e::hm	ehm	_	_	_	_	_	linguistic	_	none	_	Begin=1983.131|End=1983.951	0x2	_	_	_
670-0	TOI020	670	670	0	marco	marco	_	_	_	_	_	linguistic	_	none	_	Begin=1984.212	_	_	_	_
670-1	TOI020	670	670	1	mi	mi	_	_	_	_	_	linguistic	_	none	_	_	_	_	_	_
670-2	TOI020	670	670	2	dice	dice	_	_	_	_	_	linguistic	_	none	_	End=1985.155	_	_	_	_
671-0	TOI020	671	671	0	ma	ma	_	_	_	_	_	linguistic	_	none	_	Begin=1985.446	_	_	_	_
671-1	TOI020	671	671	1	ad	ad	_	_	_	_	_	linguistic	_	none	_	_	_	_	_	_
671-2	TOI020	671	671	2	ago:sto	agosto	_	_	_	_	_	linguistic	_	none	_	_	2x1	_	_	_
671-3	TOI020	671	671	3	il	il	_	_	_	_	_	linguistic	_	none	_	_	_	_	_	_
671-4	TOI020	671	671	4	fi~	fi~	_	_	_	_	_	linguistic	_	none	Interrupted=Yes	_	_	_	_	_
671-5	TOI020	671	671	5	quindici	quindici	_	_	_	_	_	linguistic	_	none	_	_	_	_	_	_
671-6	TOI020	671	671	6	d'	d'	_	_	_	_	_	linguistic	_	none	SpaceAfter=No	_	_	_	_	_
671-7	TOI020	671	671	7	agosto	agosto	_	_	_	_	_	linguistic	_	none	_	_	_	_	_	_
671-8	TOI020	671	671	8	andiamo	andiamo	_	_	_	_	_	linguistic	_	none	_	_	_	_	_	_
671-9	TOI020	671	671	9	a	a	_	_	_	_	_	linguistic	_	none	_	_	_	_	_	_
671-10	TOI020	671	671	10	mangiare	mangiare	_	_	_	_	_	linguistic	_	none	_	_	_	_	_	_
671-11	TOI020	671	671	11	f~	f~	_	_	_	_	_	linguistic	_	none	Interrupted=Yes	_	_	_	_	_
671-12	TOI020	671	671	12	no	no	_	_	_	_	_	linguistic	_	none	_	_	_	_	_	_
671-13	TOI020	671	671	13	dico	dico	_	_	_	_	_	linguistic	_	none	_	_	_	_	_	_
671-14	TOI020	671	671	14	ma~	ma~	_	_	_	_	_	linguistic	_	none	Interrupted=Yes	_	_	_	_	_
671-15	TOI020	671	671	15	per	per	_	_	_	_	_	linguistic	_	none	_	_	_	_	_	_
671-16	TOI020	671	671	16	piace~	piace~	_	_	_	_	_	linguistic	_	none	Interrupted=Yes	End=1990.174	_	_	_	_
672-0	TOI020	672	672	0	primo	primo	_	_	_	_	_	linguistic	_	none	_	Begin=1990.721	_	_	_	_
672-1	TOI020	672	672	1	anno	anno	_	_	_	_	_	linguistic	_	none	_	_	_	_	_	_
672-2	TOI020	672	672	2	che	che	_	_	_	_	_	linguistic	_	none	_	_	_	_	_	_
672-3	TOI020	672	672	3	c'	c'	_	_	_	_	_	linguistic	_	none	SpaceAfter=No	_	_	_	_	_
672-4	TOI020	672	672	4	ho	ho	_	_	_	_	_	linguistic	_	none	_	_	_	_	_	_
672-5	TOI020	672	672	5	una	una	_	_	_	_	_	linguistic	_	none	_	_	_	_	_	_
672-6	TOI020	672	672	6	casa	casa	_	_	_	_	_	linguistic	_	none	_	_	_	_	_	_
672-7	TOI020	672	672	7	un	un	_	_	_	_	_	linguistic	_	none	_	_	_	_	_	_
672-8	TOI020	672	672	8	po'	po'	_	_	_	_	_	linguistic	_	none	_	_	_	_	_	_
672-9	TOI020	672	672	9	più	più	_	_	_	_	_	linguistic	_	none	_	_	_	_	_	_
672-10	TOI020	672	672	10	grande	grande	_	_	_	_	_	linguistic	_	none	_	_	_	_	_	_
672-11	TOI020	672	672	11	vuoi	vuoi	_	_	_	_	_	linguistic	_	none	_	_	_	_	_	_
672-12	TOI020	672	672	12	che	che	_	_	_	_	_	linguistic	_	none	_	_	_	_	_	_
672-13	TOI020	672	672	13	mi	mi	_	_	_	_	_	linguistic	_	none	_	_	_	_	_	_
672-14	TOI020	672	672	14	faccio	faccio	_	_	_	_	_	linguistic	_	none	_	_	_	_	_	_
672-15	TOI020	672	672	15	il	il	_	_	_	_	_	linguistic	_	none	_	_	_	_	_	_
672-16	TOI020	672	672	16	pro[blema	problema	_	_	_	_	_	linguistic	_	none	_	_	_	_	_	2-8(194)
672-17	TOI020	672	672	17	di	di	_	_	_	_	_	linguistic	_	none	_	_	_	_	_	0-2(194)
672-18	TOI020	672	672	18	dove	dove	_	_	_	_	_	linguistic	_	none	_	_	_	_	_	0-4(194)
672-19	TOI020	672	672	19	andare	andare	_	_	_	_	_	linguistic	_	none	_	_	_	_	_	0-6(194)
672-20	TOI020	672	672	20	a	a	_	_	_	_	_	linguistic	_	none	_	_	_	_	_	0-1(194)
672-21	TOI020	672	672	21	m]an[gia:re],	mangiare	_	_	_	_	_	linguistic	_	none	Intonation=WeaklyRising	End=1995.477	5x1	_	_	0-1(194),2-8(195)
673-0	TOR004	673	673	0	[a:h	ah	_	_	_	_	_	linguistic	_	none	_	Begin=1993.577	0x1	_	_	0-2(194)
673-1	TOR004	673	673	1	me	me	_	_	_	_	_	linguistic	_	none	_	_	_	_	_	0-2(194)
673-2	TOR004	673	673	2	lo	lo	_	_	_	_	_	linguistic	_	none	_	_	_	_	_	0-2(194)
673-3	TOR004	673	673	3	ricordo]	ricordo	_	_	_	_	_	linguistic	_	none	_	End=1994.82	_	_	_	0-7(194)
674-0	TOR004	674	674	0	[me	me	_	_	_	_	_	linguistic	_	none	_	Begin=1995.094	_	_	_	0-2(195)
674-1	TOR004	674	674	1	lo	lo	_	_	_	_	_	linguistic	_	none	_	_	_	_	_	0-2(195)
674-2	TOR004	674	674	2	ri]cord[o	ricordo	_	_	_	_	_	linguistic	_	none	_	_	_	_	_	0-2(195),6-7(196)
674-3	TOR004	674	674	3	sì	sì	_	_	_	_	_	linguistic	_	none	_	_	_	_	_	0-2(196)
674-4	TOR004	674	674	4	sì]	sì	_	_	_	_	_	linguistic	_	none	_	End=1996.605	_	_	_	0-2(196)
675-0	TOI020	675	675	0	[cioè	cioè	_	_	_	_	_	linguistic	_	none	_	Begin=1995.929	_	_	_	0-4(196)
675-1	TOI020	675	675	1	per	per	_	_	_	_	_	linguistic	_	none	_	_	_	_	_	0-3(196)
675-2	TOI020	675	675	2	dir]e	dire	_	_	_	_	_	linguistic	_	none	_	_	_	_	_	0-3(196)
675-3	TOI020	675	675	3	perché	perché	_	_	_	_	_	linguistic	_	none	_	_	_	_	_	_
675-4	TOI020	675	675	4	a	a	_	_	_	_	_	linguistic	_	none	_	_	_	_	_	_
675-5	TOI020	675	675	5	me,	me	_	_	_	_	_	linguistic	_	none	Intonation=WeaklyRising	End=1997.756	_	_	_	_
676-0	TOI020	676	676	0	non	non	_	_	_	_	_	linguistic	_	none	ProsodicLink=Yes	Begin=1998.033	_	_	_	_
676-1	TOI020	676	676	1	eh	eh	_	_	_	_	_	linguistic	_	none	_	End=1998.819	_	_	_	_
677-0	TOI020	677	677	0	non	non	_	_	_	_	_	linguistic	_	none	_	Begin=1999.229	_	_	_	_
677-1	TOI020	677	677	1	mi	mi	_	_	_	_	_	linguistic	_	none	_	_	_	_	_	_
677-2	TOI020	677	677	2	pesa	pesa	_	_	_	_	_	linguistic	_	none	_	_	_	_	_	_
677-3	TOI020	677	677	3	hai	hai	_	_	_	_	_	linguistic	_	none	_	_	_	_	_	_
677-4	TOI020	677	677	4	capito,	capito	_	_	_	_	_	linguistic	_	none	Intonation=WeaklyRising	_	_	_	_	_
677-5	TOI020	677	677	5	[io	io	_	_	_	_	_	linguistic	_	none	_	_	_	_	_	0-2(197)
677-6	TOI020	677	677	6	capi]sco	capisco	_	_	_	_	_	linguistic	_	none	_	_	_	_	_	0-4(197)
677-7	TOI020	677	677	7	chi	chi	_	_	_	_	_	linguistic	_	none	_	_	_	_	_	_
677-8	TOI020	677	677	8	invece	invece	_	_	_	_	_	linguistic	_	none	_	_	_	_	_	_
677-9	TOI020	677	677	9	va	va	_	_	_	_	_	linguistic	_	none	_	_	_	_	_	_
677-10	TOI020	677	677	10	in	in	_	_	_	_	_	linguistic	_	none	_	_	_	_	_	_
677-11	TOI020	677	677	11	ansia	ansia	_	_	_	_	_	linguistic	_	none	_	_	_	_	_	_
677-12	TOI020	677	677	12	va:	va	_	_	_	_	_	linguistic	_	none	_	End=2003.411	1x1	_	_	_
678-0	TOR004	678	678	0	[certo]	certo	_	_	_	_	_	linguistic	_	none	_	Begin=2000.58|End=2001.087	_	_	_	0-5(197)
679-0	TOI020	679	679	0	eh	eh	_	_	_	_	_	linguistic	_	none	_	Begin=2003.843	_	_	_	_
679-1	TOI020	679	679	1	non	non	_	_	_	_	_	linguistic	_	none	_	_	_	_	_	_
679-2	TOI020	679	679	2	ce	ce	_	_	_	_	_	linguistic	_	none	_	_	_	_	_	_
679-3	TOI020	679	679	3	la	la	_	_	_	_	_	linguistic	_	none	_	_	_	_	_	_
679-4	TOI020	679	679	4	fa.	fa	_	_	_	_	_	linguistic	_	none	Intonation=Falling	_	_	_	_	_
679-5	TOI020	679	679	5	ma	ma	_	_	_	_	_	linguistic	_	none	_	_	_	_	_	_
679-6	TOI020	679	679	6	perché	perché	_	_	_	_	_	linguistic	_	none	_	_	_	_	_	_
679-7	TOI020	679	679	7	ognuno	ognuno	_	_	_	_	_	linguistic	_	none	_	_	_	_	_	_
679-8	TOI020	679	679	8	di	di	_	_	_	_	_	linguistic	_	none	_	_	_	_	_	_
679-9	TOI020	679	679	9	noi	noi	_	_	_	_	_	linguistic	_	none	_	End=2006.598	_	_	_	_
680-0	TOI020	680	680	0	è	è	_	_	_	_	_	linguistic	_	none	_	Begin=2007.304	_	_	_	_
680-1	TOI020	680	680	1	fatto	fatto	_	_	_	_	_	linguistic	_	none	_	_	_	_	_	_
680-2	TOI020	680	680	2	a	a	_	_	_	_	_	linguistic	_	none	_	_	_	_	_	_
680-3	TOI020	680	680	3	modo	modo	_	_	_	_	_	linguistic	_	none	_	_	_	_	_	_
680-4	TOI020	680	680	4	suo.	suo	_	_	_	_	_	linguistic	_	none	Intonation=Falling	_	_	_	_	_
680-5	TOI020	680	680	5	e	e	_	_	_	_	_	linguistic	_	none	_	_	_	_	_	_
680-6	TOI020	680	680	6	biso~	biso~	_	_	_	_	_	linguistic	_	none	Interrupted=Yes	_	_	_	_	_
680-7	TOI020	680	680	7	l'	l'	_	_	_	_	_	linguistic	_	none	SpaceAfter=No	_	_	_	_	_
680-8	TOI020	680	680	8	importante	importante	_	_	_	_	_	linguistic	_	none	_	_	_	_	_	_
680-9	TOI020	680	680	9	io	io	_	_	_	_	_	linguistic	_	none	_	_	_	_	_	_
680-10	TOI020	680	680	10	dico	dico	_	_	_	_	_	linguistic	_	none	_	_	_	_	_	_
680-11	TOI020	680	680	11	sempre	sempre	_	_	_	_	_	linguistic	_	none	_	_	_	_	_	_
680-12	TOI020	680	680	12	è	è	_	_	_	_	_	linguistic	_	none	_	_	_	_	_	_
680-13	TOI020	680	680	13	capirsi	capirsi	_	_	_	_	_	linguistic	_	none	_	End=2011.216	_	_	_	_
681-0	TOI020	681	681	0	poi	poi	_	_	_	_	_	linguistic	_	none	_	Begin=2011.674	_	_	_	_
681-1	TOI020	681	681	1	va	va	_	_	_	_	_	linguistic	_	none	_	_	_	_	_	_
681-2	TOI020	681	681	2	tutto	tutto	_	_	_	_	_	linguistic	_	none	_	_	_	_	_	_
681-3	TOI020	681	681	3	bene.	bene	_	_	_	_	_	linguistic	_	none	Intonation=Falling	End=2012.736	_	_	_	_
682-0	TOR004	682	682	0	ce[rto]	certo	_	_	_	_	_	linguistic	_	none	_	Begin=2012.747|End=2013.233	_	_	_	2-5(198)
683-0	TOI020	683	683	0	[e	e	_	_	_	_	_	linguistic	_	none	_	Begin=2012.959	_	_	_	0-1(198)
683-1	TOI020	683	683	1	a	a	_	_	_	_	_	linguistic	_	none	_	_	_	_	_	0-1(198)
683-2	TOI020	683	683	2	me]	me	_	_	_	_	_	linguistic	_	none	_	_	_	_	_	0-2(198)
683-3	TOI020	683	683	3	è	è	_	_	_	_	_	linguistic	_	none	_	_	_	_	_	_
683-4	TOI020	683	683	4	una	una	_	_	_	_	_	linguistic	_	none	_	_	_	_	_	_
683-5	TOI020	683	683	5	cosa	cosa	_	_	_	_	_	linguistic	_	none	_	_	_	_	_	_
683-6	TOI020	683	683	6	che	che	_	_	_	_	_	linguistic	_	none	_	_	_	_	_	_
683-7	TOI020	683	683	7	mi:	mi	_	_	_	_	_	linguistic	_	none	_	_	1x1	_	_	_
683-8	TOI020	683	683	8	[mi	mi	_	_	_	_	_	linguistic	_	none	_	_	_	_	_	0-2(199)
683-9	TOI020	683	683	9	pia:ce]	piace	_	_	_	_	_	linguistic	_	none	_	_	2x1	_	_	0-5(199)
683-10	TOI020	683	683	10	mi	mi	_	_	_	_	_	linguistic	_	none	_	_	_	_	_	_
683-11	TOI020	683	683	11	fa	fa	_	_	_	_	_	linguistic	_	none	_	_	_	_	_	_
683-12	TOI020	683	683	12	piace~	piace~	_	_	_	_	_	linguistic	_	none	Interrupted=Yes	End=2015.685	_	_	_	_
684-0	TOR004	684	684	0	[ti	ti	_	_	_	_	_	linguistic	_	none	_	Begin=2014.353	_	_	_	0-2(199)
684-1	TOR004	684	684	1	piace]	piace	_	_	_	_	_	linguistic	_	none	_	End=2014.977	_	_	_	0-5(199)
685-0	TOI020	685	685	0	n	n	_	_	_	_	_	linguistic	_	none	ProsodicLink=Yes	Begin=2016.341	_	_	_	_
685-1	TOI020	685	685	1	eh	eh	_	_	_	_	_	linguistic	_	none	_	_	_	_	_	_
685-2	TOI020	685	685	2	((sbuffa))	((sbuffa))	_	_	_	_	_	nonverbalbehavior	_	none	_	End=2017.239	_	_	_	_
686-0	TOI020	686	686	0	marcello	marcello	_	_	_	_	_	linguistic	_	none	_	Begin=2017.43	_	_	_	_
686-1	TOI020	686	686	1	ogni	ogni	_	_	_	_	_	linguistic	_	none	_	_	_	_	_	_
686-2	TOI020	686	686	2	tanto	tanto	_	_	_	_	_	linguistic	_	none	_	_	_	_	_	_
686-3	TOI020	686	686	3	arranca	arranca	_	_	_	_	_	linguistic	_	none	_	_	_	_	_	_
686-4	TOI020	686	686	4	perché	perché	_	_	_	_	_	linguistic	_	none	_	_	_	_	_	_
686-5	TOI020	686	686	5	lui	lui	_	_	_	_	_	linguistic	_	none	_	_	_	_	_	_
686-6	TOI020	686	686	6	è	è	_	_	_	_	_	linguistic	_	none	_	_	_	_	_	_
686-7	TOI020	686	686	7	un	un	_	_	_	_	_	linguistic	_	none	_	_	_	_	_	_
686-8	TOI020	686	686	8	po'	po'	_	_	_	_	_	linguistic	_	none	_	_	_	_	_	_
686-9	TOI020	686	686	9	[più:]	più	_	_	_	_	_	linguistic	_	none	_	End=2020.958	2x1	_	_	0-3(200)
687-0	TOR004	687	687	0	[un	un	_	_	_	_	_	linguistic	_	none	_	Begin=2020.316	_	_	_	0-2(200)
687-1	TOR004	687	687	1	po'	po'	_	_	_	_	_	linguistic	_	none	_	_	_	_	_	0-3(200)
687-2	TOR004	687	687	2	più	più	_	_	_	_	_	linguistic	_	none	_	_	_	_	_	0-3(200)
687-3	TOR004	687	687	3	or]so.	orso	_	_	_	_	_	linguistic	_	none	Intonation=Falling	End=2021.311	_	_	_	0-2(200)
688-0	TOI020	688	688	0	più	più	_	_	_	_	_	linguistic	_	none	_	Begin=2021.557	_	_	_	_
688-1	TOI020	688	688	1	orso	orso	_	_	_	_	_	linguistic	_	none	_	End=2022.33	_	_	_	_
689-0	TOI020	689	689	0	però	però	_	_	_	_	_	linguistic	_	none	_	Begin=2022.557	_	_	_	_
689-1	TOI020	689	689	1	poi	poi	_	_	_	_	_	linguistic	_	none	_	_	_	_	_	_
689-2	TOI020	689	689	2	lo	lo	_	_	_	_	_	linguistic	_	none	_	_	_	_	_	_
689-3	TOI020	689	689	3	sa	sa	_	_	_	_	_	linguistic	_	none	_	_	_	_	_	_
689-4	TOI020	689	689	4	che	che	_	_	_	_	_	linguistic	_	none	_	_	_	_	_	_
689-5	TOI020	689	689	5	mi	mi	_	_	_	_	_	linguistic	_	none	_	_	_	_	_	_
689-6	TOI020	689	689	6	fa	fa	_	_	_	_	_	linguistic	_	none	_	_	_	_	_	_
689-7	TOI020	689	689	7	piacere	piacere	_	_	_	_	_	linguistic	_	none	_	_	_	_	_	_
689-8	TOI020	689	689	8	e	e	_	_	_	_	_	linguistic	_	none	_	_	_	_	_	_
689-9	TOI020	689	689	9	quindi:	quindi	_	_	_	_	_	linguistic	_	none	_	_	5x1	_	_	_
689-10	TOI020	689	689	10	si	si	_	_	_	_	_	linguistic	_	none	_	_	_	_	_	_
689-11	TOI020	689	689	11	fa	fa	_	_	_	_	_	linguistic	_	none	_	_	_	_	_	_
689-12	TOI020	689	689	12	m~	m~	_	_	_	_	_	linguistic	_	none	Interrupted=Yes	_	_	_	_	_
689-13	TOI020	689	689	13	io	io	_	_	_	_	_	linguistic	_	none	_	_	_	_	_	_
689-14	TOI020	689	689	14	per	per	_	_	_	_	_	linguistic	_	none	_	_	_	_	_	_
689-15	TOI020	689	689	15	esempio	esempio	_	_	_	_	_	linguistic	_	none	_	_	_	_	_	_
689-16	TOI020	689	689	16	la	la	_	_	_	_	_	linguistic	_	none	_	_	_	_	_	_
689-17	TOI020	689	689	17	tradizione	tradizione	_	_	_	_	_	linguistic	_	none	_	_	_	_	_	_
689-18	TOI020	689	689	18	che	che	_	_	_	_	_	linguistic	_	none	_	_	_	_	_	_
689-19	TOI020	689	689	19	la	la	_	_	_	_	_	linguistic	_	none	_	_	_	_	_	_
689-20	TOI020	689	689	20	vigilia	vigilia	_	_	_	_	_	linguistic	_	none	_	_	_	_	_	_
689-21	TOI020	689	689	21	di	di	_	_	_	_	_	linguistic	_	none	_	_	_	_	_	_
689-22	TOI020	689	689	22	natale	natale	_	_	_	_	_	linguistic	_	none	_	End=2028.65	_	_	_	_
690-0	TOI020	690	690	0	zietta	zietta	_	_	_	_	_	linguistic	_	none	_	Begin=2029.408	_	_	_	_
690-1	TOI020	690	690	1	con	con	_	_	_	_	_	linguistic	_	none	ProsodicLink=Yes	_	_	_	_	_
690-2	TOI020	690	690	2	eh	eh	_	_	_	_	_	linguistic	_	none	_	_	_	_	_	_
690-3	TOI020	690	690	3	la	la	_	_	_	_	_	linguistic	_	none	_	_	_	_	_	_
690-4	TOI020	690	690	4	figlia	figlia	_	_	_	_	_	linguistic	_	none	_	_	_	_	_	_
690-5	TOI020	690	690	5	il	il	_	_	_	_	_	linguistic	_	none	_	_	_	_	_	_
690-6	TOI020	690	690	6	marito	marito	_	_	_	_	_	linguistic	_	none	_	End=2032.337	_	_	_	_
691-0	TOI020	691	691	0	e::h	eh	_	_	_	_	_	linguistic	_	none	_	Begin=2032.692|End=2033.41	0x2	_	_	_
692-0	TOI020	692	692	0	mia	mia	_	_	_	_	_	linguistic	_	none	_	Begin=2033.634	_	_	_	_
692-1	TOI020	692	692	1	figlia	figlia	_	_	_	_	_	linguistic	_	none	_	_	_	_	_	_
692-2	TOI020	692	692	2	se	se	_	_	_	_	_	linguistic	_	none	_	_	_	_	_	_
692-3	TOI020	692	692	3	c'	c'	_	_	_	_	_	linguistic	_	none	SpaceAfter=No	_	_	_	_	_
692-4	TOI020	692	692	4	è:	è	_	_	_	_	_	linguistic	_	none	_	_	0x1	_	_	_
692-5	TOI020	692	692	5	>(e	e	_	_	_	_	_	linguistic	_	none	_	_	_	Fast=0-1(0)	0-1(0)	_
692-6	TOI020	692	692	6	tutto)<	tutto	_	_	_	_	_	linguistic	_	none	_	End=2035.057	_	Fast=0-5(0)	0-5(0)	_
693-0	TOI020	693	693	0	comunque	comunque	_	_	_	_	_	linguistic	_	none	_	Begin=2035.526	_	_	_	_
693-1	TOI020	693	693	1	noi	noi	_	_	_	_	_	linguistic	_	none	_	_	_	_	_	_
693-2	TOI020	693	693	2	dobbiamo	dobbiamo	_	_	_	_	_	linguistic	_	none	_	_	_	_	_	_
693-3	TOI020	693	693	3	[stare	stare	_	_	_	_	_	linguistic	_	none	_	_	_	_	_	0-5(201)
693-4	TOI020	693	693	4	insieme]	insieme	_	_	_	_	_	linguistic	_	none	_	End=2037.463	_	_	_	0-7(201)
694-0	TOR004	694	694	0	[mangiare	mangiare	_	_	_	_	_	linguistic	_	none	_	Begin=2036.623	_	_	_	0-8(201)
694-1	TOR004	694	694	1	insieme]	insieme	_	_	_	_	_	linguistic	_	none	_	End=2037.477	_	_	_	0-7(201)
695-0	TOI020	695	695	0	perché	perché	_	_	_	_	_	linguistic	_	none	_	Begin=2037.946	_	_	_	_
695-1	TOI020	695	695	1	dico	dico	_	_	_	_	_	linguistic	_	none	_	_	_	_	_	_
695-2	TOI020	695	695	2	se	se	_	_	_	_	_	linguistic	_	none	_	_	_	_	_	_
695-3	TOI020	695	695	3	co~	co~	_	_	_	_	_	linguistic	_	none	Interrupted=Yes	_	_	_	_	_
695-4	TOI020	695	695	4	se	se	_	_	_	_	_	linguistic	_	none	_	_	_	_	_	_
695-5	TOI020	695	695	5	perdiamo	perdiamo	_	_	_	_	_	linguistic	_	none	_	_	_	_	_	_
695-6	TOI020	695	695	6	anche	anche	_	_	_	_	_	linguistic	_	none	_	_	_	_	_	_
695-7	TOI020	695	695	7	questo	questo	_	_	_	_	_	linguistic	_	none	_	_	_	_	_	_
695-8	TOI020	695	695	8	è	è	_	_	_	_	_	linguistic	_	none	_	_	_	_	_	_
695-9	TOI020	695	695	9	finit[a	finita	_	_	_	_	_	linguistic	_	none	_	_	_	_	_	5-6(202)
695-10	TOI020	695	695	10	no]?	no	_	_	_	_	_	linguistic	_	none	Intonation=Rising	End=2041.882	_	_	_	0-2(202)
696-0	TOR004	696	696	0	[sì	sì	_	_	_	_	_	linguistic	_	none	_	Begin=2041.53	_	_	_	0-2(202)
696-1	TOR004	696	696	1	no]n	non	_	_	_	_	_	linguistic	_	none	_	_	_	_	_	0-2(202)
696-2	TOR004	696	696	2	ci	ci	_	_	_	_	_	linguistic	_	none	_	_	_	_	_	_
696-3	TOR004	696	696	3	troviamo	troviamo	_	_	_	_	_	linguistic	_	none	_	_	_	_	_	_
696-4	TOR004	696	696	4	[più].	più	_	_	_	_	_	linguistic	_	none	Intonation=Falling	End=2042.829	_	_	_	0-3(203)
697-0	TOI020	697	697	0	[e]	e	_	_	_	_	_	linguistic	_	none	_	Begin=2042.587	_	_	_	0-1(203)
697-1	TOI020	697	697	1	qu~	qu~	_	_	_	_	_	linguistic	_	none	Interrupted=Yes	_	_	_	_	_
697-2	TOI020	697	697	2	non	non	_	_	_	_	_	linguistic	_	none	_	_	_	_	_	_
697-3	TOI020	697	697	3	ti	ti	_	_	_	_	_	linguistic	_	none	_	_	_	_	_	_
697-4	TOI020	697	697	4	trovi	trovi	_	_	_	_	_	linguistic	_	none	_	_	_	_	_	_
697-5	TOI020	697	697	5	più	più	_	_	_	_	_	linguistic	_	none	_	_	_	_	_	_
697-6	TOI020	697	697	6	e:	e	_	_	_	_	_	linguistic	_	none	_	_	0x1	_	_	_
697-7	TOI020	697	697	7	diventa,	diventa	_	_	_	_	_	linguistic	_	none	Intonation=WeaklyRising	End=2044.89	_	_	_	_
698-0	TOI020	698	698	0	perdi	perdi	_	_	_	_	_	linguistic	_	none	_	Begin=2045.439|End=2046.038	_	_	_	_
699-0	TOI020	699	699	0	°poss(o)°?	posso	_	_	_	_	_	linguistic	_	none	Intonation=Rising|Volume=low	Begin=2049.86|End=2050.168	_	_	4-5(0)	_
700-0	TOR004	700	700	0	sì	sì	_	_	_	_	_	linguistic	_	none	_	Begin=2050.414	_	_	_	_
700-1	TOR004	700	700	1	sì	sì	_	_	_	_	_	linguistic	_	none	_	End=2050.922	_	_	_	_
701-0	???	701	701	0	xx	xx	_	_	_	_	_	unknown	_	none	Syllables=2	Begin=2051.804	_	_	_	_
701-1	???	701	701	1	marcello	marcello	_	_	_	_	_	linguistic	_	none	_	_	_	_	_	_
701-2	???	701	701	2	mangia	mangia	_	_	_	_	_	linguistic	_	none	_	_	_	_	_	_
701-3	???	701	701	3	[come	come	_	_	_	_	_	linguistic	_	none	_	_	_	_	_	0-4(204)
701-4	???	701	701	4	un]	un	_	_	_	_	_	linguistic	_	none	_	End=2054.185	_	_	_	0-2(204)
702-0	TOI020	702	702	0	[no:	no	_	_	_	_	_	linguistic	_	none	_	Begin=2053.792	1x1	_	_	0-2(204)
702-1	TOI020	702	702	1	no	no	_	_	_	_	_	linguistic	_	none	_	_	_	_	_	0-2(204)
702-2	TOI020	702	702	2	sai]	sai	_	_	_	_	_	linguistic	_	none	_	_	_	_	_	0-3(204)
702-3	TOI020	702	702	3	che	che	_	_	_	_	_	linguistic	_	none	_	_	_	_	_	_
702-4	TOI020	702	702	4	non	non	_	_	_	_	_	linguistic	_	none	_	_	_	_	_	_
702-5	TOI020	702	702	5	me	me	_	_	_	_	_	linguistic	_	none	_	_	_	_	_	_
702-6	TOI020	702	702	6	lo	lo	_	_	_	_	_	linguistic	_	none	_	_	_	_	_	_
702-7	TOI020	702	702	7	ri~	ri~	_	_	_	_	_	linguistic	_	none	Interrupted=Yes	End=2055.322	_	_	_	_
703-0	TOI020	703	703	0	no	no	_	_	_	_	_	linguistic	_	none	_	Begin=2055.559	_	_	_	_
703-1	TOI020	703	703	1	no	no	_	_	_	_	_	linguistic	_	none	_	_	_	_	_	_
703-2	TOI020	703	703	2	no	no	_	_	_	_	_	linguistic	_	none	_	End=2055.956	_	_	_	_
704-0	TOR004	704	704	0	e	e	_	_	_	_	_	linguistic	_	none	_	Begin=2056.284	_	_	_	_
704-1	TOR004	704	704	1	quindi	quindi	_	_	_	_	_	linguistic	_	none	_	_	_	_	_	_
704-2	TOR004	704	704	2	no	no	_	_	_	_	_	linguistic	_	none	_	_	_	_	_	_
704-3	TOR004	704	704	3	sì	sì	_	_	_	_	_	linguistic	_	none	_	_	_	_	_	_
704-4	TOR004	704	704	4	stavo	stavo	_	_	_	_	_	linguistic	_	none	_	_	_	_	_	_
704-5	TOR004	704	704	5	registrando	registrando	_	_	_	_	_	linguistic	_	none	_	End=2058.129	_	_	_	_
705-0	TOI020	705	705	0	e:h	eh	_	_	_	_	_	linguistic	_	none	_	Begin=2058.364	0x1	_	_	_
705-1	TOI020	705	705	1	ch[e::]	che	_	_	_	_	_	linguistic	_	none	_	End=2059.851	2x2	_	_	2-3(205)
706-0	TOR004	706	706	0	[no	no	_	_	_	_	_	linguistic	_	none	_	Begin=2059.239	_	_	_	0-2(205)
706-1	TOR004	706	706	1	mi	mi	_	_	_	_	_	linguistic	_	none	_	_	_	_	_	0-2(205)
706-2	TOR004	706	706	2	stavi	stavi	_	_	_	_	_	linguistic	_	none	_	_	_	_	_	0-5(205)
706-3	TOR004	706	706	3	di]cendo	dicendo	_	_	_	_	_	linguistic	_	none	_	_	_	_	_	0-2(205)
706-4	TOR004	706	706	4	che	che	_	_	_	_	_	linguistic	_	none	_	_	_	_	_	_
706-5	TOR004	706	706	5	vi	vi	_	_	_	_	_	linguistic	_	none	_	_	_	_	_	_
706-6	TOR004	706	706	6	trovate	trovate	_	_	_	_	_	linguistic	_	none	_	_	_	_	_	_
706-7	TOR004	706	706	7	a::	a	_	_	_	_	_	linguistic	_	none	_	_	0x2	_	_	_
706-8	TOR004	706	706	8	alla	alla	_	_	_	_	_	linguistic	_	none	_	_	_	_	_	_
706-9	TOR004	706	706	9	viglia	viglia	_	_	_	_	_	linguistic	_	none	_	_	_	_	_	_
706-10	TOR004	706	706	10	di	di	_	_	_	_	_	linguistic	_	none	_	_	_	_	_	_
706-11	TOR004	706	706	11	nata:le	natale	_	_	_	_	_	linguistic	_	none	_	_	3x1	_	_	_
706-12	TOR004	706	706	12	[e	e	_	_	_	_	_	linguistic	_	none	_	_	_	_	_	0-1(206)
706-13	TOR004	706	706	13	state]	state	_	_	_	_	_	linguistic	_	none	_	End=2063.184	_	_	_	0-5(206)
707-0	TOI020	707	707	0	[appunto	appunto	_	_	_	_	_	linguistic	_	none	_	Begin=2062.449	_	_	_	0-7(206)
707-1	TOI020	707	707	1	e	e	_	_	_	_	_	linguistic	_	none	_	_	_	_	_	0-1(206)
707-2	TOI020	707	707	2	c]i	ci	_	_	_	_	_	linguistic	_	none	_	_	_	_	_	0-1(206)
707-3	TOI020	707	707	3	troviamo:	troviamo	_	_	_	_	_	linguistic	_	none	_	_	7x1	_	_	_
707-4	TOI020	707	707	4	così	così	_	_	_	_	_	linguistic	_	none	_	_	_	_	_	_
707-5	TOI020	707	707	5	la	la	_	_	_	_	_	linguistic	_	none	_	_	_	_	_	_
707-6	TOI020	707	707	6	vigilia	vigilia	_	_	_	_	_	linguistic	_	none	_	_	_	_	_	_
707-7	TOI020	707	707	7	di	di	_	_	_	_	_	linguistic	_	none	_	_	_	_	_	_
707-8	TOI020	707	707	8	natale,	natale	_	_	_	_	_	linguistic	_	none	Intonation=WeaklyRising	_	_	_	_	_
707-9	TOI020	707	707	9	è	è	_	_	_	_	_	linguistic	_	none	_	_	_	_	_	_
707-10	TOI020	707	707	10	una	una	_	_	_	_	_	linguistic	_	none	_	_	_	_	_	_
707-11	TOI020	707	707	11	roba	roba	_	_	_	_	_	linguistic	_	none	_	_	_	_	_	_
707-12	TOI020	707	707	12	che	che	_	_	_	_	_	linguistic	_	none	PauseAfter=Yes	_	_	_	_	_
707-13	TOI020	707	707	13	(.)	(.)	_	_	_	_	_	shortpause	_	none	_	_	_	_	_	_
707-14	TOI020	707	707	14	comunque	comunque	_	_	_	_	_	linguistic	_	none	_	_	_	_	_	_
707-15	TOI020	707	707	15	mi:	mi	_	_	_	_	_	linguistic	_	none	_	_	1x1	_	_	_
707-16	TOI020	707	707	16	mi	mi	_	_	_	_	_	linguistic	_	none	_	_	_	_	_	_
707-17	TOI020	707	707	17	fa	fa	_	_	_	_	_	linguistic	_	none	_	_	_	_	_	_
707-18	TOI020	707	707	18	piacere	piacere	_	_	_	_	_	linguistic	_	none	_	_	_	_	_	_
707-19	TOI020	707	707	19	ecco	ecco	_	_	_	_	_	linguistic	_	none	_	_	_	_	_	_
707-20	TOI020	707	707	20	[con	con	_	_	_	_	_	linguistic	_	none	ProsodicLink=Yes	_	_	_	_	0-3(207)
707-21	TOI020	707	707	21	eh]	eh	_	_	_	_	_	linguistic	_	none	_	End=2069.243	_	_	_	0-2(207)
708-0	TOR004	708	708	0	[certo.	certo	_	_	_	_	_	linguistic	_	none	Intonation=Falling	Begin=2068.578	_	_	_	0-5(207)
708-1	TOR004	708	708	1	ti	ti	_	_	_	_	_	linguistic	_	none	_	_	_	_	_	0-2(207)
708-2	TOR004	708	708	2	fa]	fa	_	_	_	_	_	linguistic	_	none	_	_	_	_	_	0-2(207)
708-3	TOR004	708	708	3	piacere	piacere	_	_	_	_	_	linguistic	_	none	_	_	_	_	_	_
708-4	TOR004	708	708	4	anche	anche	_	_	_	_	_	linguistic	_	none	_	_	_	_	_	_
708-5	TOR004	708	708	5	farlo,	farlo	_	_	_	_	_	linguistic	_	none	Intonation=WeaklyRising	End=2070.089	_	_	_	_
709-0	TOR004	709	709	0	volevo	volevo	_	_	_	_	_	linguistic	_	none	_	Begin=2070.425	_	_	_	_
709-1	TOR004	709	709	1	chiederti	chiederti	_	_	_	_	_	linguistic	_	none	_	_	_	_	_	_
709-2	TOR004	709	709	2	una	una	_	_	_	_	_	linguistic	_	none	_	_	_	_	_	_
709-3	TOR004	709	709	3	cosa.	cosa	_	_	_	_	_	linguistic	_	none	Intonation=Falling|PauseAfter=Yes	_	_	_	_	_
709-4	TOR004	709	709	4	(.)	(.)	_	_	_	_	_	shortpause	_	none	_	_	_	_	_	_
709-5	TOR004	709	709	5	ma,	ma	_	_	_	_	_	linguistic	_	none	Intonation=WeaklyRising	End=2071.993	_	_	_	_
710-0	TOR004	710	710	0	che	che	_	_	_	_	_	linguistic	_	none	_	Begin=2072.292	_	_	_	_
710-1	TOR004	710	710	1	cosa	cosa	_	_	_	_	_	linguistic	_	none	_	_	_	_	_	_
710-2	TOR004	710	710	2	significa	significa	_	_	_	_	_	linguistic	_	none	_	_	_	_	_	_
710-3	TOR004	710	710	3	tiure?	tiure	_	_	_	_	_	linguistic	_	none	Intonation=Rising	End=2073.549	_	_	_	_
711-0	TOI020	711	711	0	e:h	eh	_	_	_	_	_	linguistic	_	none	_	Begin=2074.578	0x1	_	_	_
711-1	TOI020	711	711	1	tiure	tiure	_	_	_	_	_	linguistic	_	none	_	_	_	_	_	_
711-2	TOI020	711	711	2	niente	niente	_	_	_	_	_	linguistic	_	none	_	_	_	_	_	_
711-3	TOI020	711	711	3	significa.	significa	_	_	_	_	_	linguistic	_	none	Intonation=Falling	_	_	_	_	_
711-4	TOI020	711	711	4	nel	nel	_	_	_	_	_	linguistic	_	none	_	_	_	_	_	_
711-5	TOI020	711	711	5	senso	senso	_	_	_	_	_	linguistic	_	none	_	_	_	_	_	_
711-6	TOI020	711	711	6	che	che	_	_	_	_	_	linguistic	_	none	_	_	_	_	_	_
711-7	TOI020	711	711	7	ci	ci	_	_	_	_	_	linguistic	_	none	_	_	_	_	_	_
711-8	TOI020	711	711	8	hanno	hanno	_	_	_	_	_	linguistic	_	none	_	_	_	_	_	_
711-9	TOI020	711	711	9	detto	detto	_	_	_	_	_	linguistic	_	none	_	_	_	_	_	_
711-10	TOI020	711	711	10	che:	che	_	_	_	_	_	linguistic	_	none	_	_	2x1	_	_	_
711-11	TOI020	711	711	11	è	è	_	_	_	_	_	linguistic	_	none	_	_	_	_	_	_
711-12	TOI020	711	711	12	una	una	_	_	_	_	_	linguistic	_	none	_	_	_	_	_	_
711-13	TOI020	711	711	13	dea	dea	_	_	_	_	_	linguistic	_	none	_	_	_	_	_	_
711-14	TOI020	711	711	14	della	della	_	_	_	_	_	linguistic	_	none	_	_	_	_	_	_
711-15	TOI020	711	711	15	bellezza	bellezza	_	_	_	_	_	linguistic	_	none	_	_	_	_	_	_
711-16	TOI020	711	711	16	tibetana.	tibetana	_	_	_	_	_	linguistic	_	none	Intonation=Falling	End=2080.344	_	_	_	_
712-0	TOR004	712	712	0	ah	ah	_	_	_	_	_	linguistic	_	none	_	Begin=2080.4|End=2080.629	_	_	_	_
713-0	TOI020	713	713	0	che	che	_	_	_	_	_	linguistic	_	none	_	Begin=2081.214	_	_	_	_
713-1	TOI020	713	713	1	però:	però	_	_	_	_	_	linguistic	_	none	_	End=2082.088	3x1	_	_	_
714-0	TOI020	714	714	0	in	in	_	_	_	_	_	linguistic	_	none	_	Begin=2082.266	_	_	_	_
714-1	TOI020	714	714	1	realtà	realtà	_	_	_	_	_	linguistic	_	none	_	_	_	_	_	_
714-2	TOI020	714	714	2	c'	c'	_	_	_	_	_	linguistic	_	none	SpaceAfter=No	_	_	_	_	_
714-3	TOI020	714	714	3	è	è	_	_	_	_	_	linguistic	_	none	_	_	_	_	_	_
714-4	TOI020	714	714	4	jabba	jabba	_	_	_	_	_	linguistic	_	none	_	_	_	_	_	_
714-5	TOI020	714	714	5	tiure	tiure	_	_	_	_	_	linguistic	_	none	_	_	_	_	_	_
714-6	TOI020	714	714	6	di::	di	_	_	_	_	_	linguistic	_	none	_	_	1x2	_	_	_
714-7	TOI020	714	714	7	m	m	_	_	_	_	_	linguistic	_	none	ProsodicLink=Yes	_	_	_	_	_
714-8	TOI020	714	714	8	e:h	eh	_	_	_	_	_	linguistic	_	none	_	End=2085.328	0x1	_	_	_
715-0	TOI020	715	715	0	di	di	_	_	_	_	_	linguistic	_	none	_	Begin=2085.947	_	_	_	_
715-1	TOI020	715	715	1	quel	quel	_	_	_	_	_	linguistic	_	none	_	_	_	_	_	_
715-2	TOI020	715	715	2	cartone	cartone	_	_	_	_	_	linguistic	_	none	_	_	_	_	_	_
715-3	TOI020	715	715	3	animato,	animato	_	_	_	_	_	linguistic	_	none	Intonation=WeaklyRising	_	_	_	_	_
715-4	TOI020	715	715	4	che	che	_	_	_	_	_	linguistic	_	none	_	_	_	_	_	_
715-5	TOI020	715	715	5	si	si	_	_	_	_	_	linguistic	_	none	_	_	_	_	_	_
715-6	TOI020	715	715	6	chiama:	chiama	_	_	_	_	_	linguistic	_	none	_	End=2088.731	5x1	_	_	_
716-0	TOI020	716	716	0	non	non	_	_	_	_	_	linguistic	_	none	_	Begin=2088.895	_	_	_	_
716-1	TOI020	716	716	1	mi	mi	_	_	_	_	_	linguistic	_	none	_	_	_	_	_	_
716-2	TOI020	716	716	2	ric[ordo	ricordo	_	_	_	_	_	linguistic	_	none	_	_	_	_	_	3-7(208)
716-3	TOI020	716	716	3	come],	come	_	_	_	_	_	linguistic	_	none	Intonation=WeaklyRising	End=2090.165	_	_	_	0-4(208)
717-0	TOR004	717	717	0	[non	non	_	_	_	_	_	linguistic	_	none	_	Begin=2089.161	_	_	_	0-3(208)
717-1	TOR004	717	717	1	mi	mi	_	_	_	_	_	linguistic	_	none	_	_	_	_	_	0-2(208)
717-2	TOR004	717	717	2	ricordo.	ricordo	_	_	_	_	_	linguistic	_	none	Intonation=Falling	_	_	_	_	0-7(208)
717-3	TOR004	717	717	3	no]n	non	_	_	_	_	_	linguistic	_	none	_	_	_	_	_	0-2(208)
717-4	TOR004	717	717	4	s[o].	so	_	_	_	_	_	linguistic	_	none	Intonation=Falling	End=2090.418	_	_	_	1-2(209)
718-0	TOI020	718	718	0	[co]munque	comunque	_	_	_	_	_	linguistic	_	none	_	Begin=2090.369	_	_	_	0-2(209)
718-1	TOI020	718	718	1	cercalo:	cercalo	_	_	_	_	_	linguistic	_	none	_	_	6x1	_	_	_
718-2	TOI020	718	718	2	che	che	_	_	_	_	_	linguistic	_	none	_	_	_	_	_	_
718-3	TOI020	718	718	3	c'	c'	_	_	_	_	_	linguistic	_	none	SpaceAfter=No	_	_	_	_	_
718-4	TOI020	718	718	4	è,	è	_	_	_	_	_	linguistic	_	none	Intonation=WeaklyRising	End=2092.174	_	_	_	_
719-0	TOI020	719	719	0	e::	e	_	_	_	_	_	linguistic	_	none	_	Begin=2092.864	0x2	_	_	_
719-1	TOI020	719	719	1	che	che	_	_	_	_	_	linguistic	_	none	_	_	_	_	_	_
719-2	TOI020	719	719	2	è	è	_	_	_	_	_	linguistic	_	none	_	_	_	_	_	_
719-3	TOI020	719	719	3	un	un	_	_	_	_	_	linguistic	_	none	_	_	_	_	_	_
719-4	TOI020	719	719	4	animale	animale	_	_	_	_	_	linguistic	_	none	_	_	_	_	_	_
719-5	TOI020	719	719	5	brutti~	brutti~	_	_	_	_	_	linguistic	_	none	Interrupted=Yes	_	_	_	_	_
719-6	TOI020	719	719	6	un	un	_	_	_	_	_	linguistic	_	none	ProsodicLink=Yes	_	_	_	_	_
719-7	TOI020	719	719	7	e:h	eh	_	_	_	_	_	linguistic	_	none	_	_	0x1	_	_	_
719-8	TOI020	719	719	8	un	un	_	_	_	_	_	linguistic	_	none	_	_	_	_	_	_
719-9	TOI020	719	719	9	delle	delle	_	_	_	_	_	linguistic	_	none	_	_	_	_	_	_
719-10	TOI020	719	719	10	sembianze	sembianze	_	_	_	_	_	linguistic	_	none	_	_	_	_	_	_
719-11	TOI020	719	719	11	bruttissime	bruttissime	_	_	_	_	_	linguistic	_	none	_	_	_	_	_	_
719-12	TOI020	719	719	12	invece	invece	_	_	_	_	_	linguistic	_	none	_	_	_	_	_	_
719-13	TOI020	719	719	13	noi	noi	_	_	_	_	_	linguistic	_	none	_	_	_	_	_	_
719-14	TOI020	719	719	14	glielo	glielo	_	_	_	_	_	linguistic	_	none	_	_	_	_	_	_
719-15	TOI020	719	719	15	abbiam	abbiam	_	_	_	_	_	linguistic	_	none	_	_	_	_	_	_
719-16	TOI020	719	719	16	dato	dato	_	_	_	_	_	linguistic	_	none	_	_	_	_	_	_
719-17	TOI020	719	719	17	perché	perché	_	_	_	_	_	linguistic	_	none	_	_	_	_	_	_
719-18	TOI020	719	719	18	una	una	_	_	_	_	_	linguistic	_	none	_	_	_	_	_	_
719-19	TOI020	719	719	19	nostra	nostra	_	_	_	_	_	linguistic	_	none	_	_	_	_	_	_
719-20	TOI020	719	719	20	amica	amica	_	_	_	_	_	linguistic	_	none	_	End=2100.2	_	_	_	_
720-0	TOI020	720	720	0	si:	si	_	_	_	_	_	linguistic	_	none	_	Begin=2100.763	1x1	_	_	_
720-1	TOI020	720	720	1	faceva,	faceva	_	_	_	_	_	linguistic	_	none	Intonation=WeaklyRising	_	_	_	_	_
720-2	TOI020	720	720	2	la:	la	_	_	_	_	_	linguistic	_	none	_	_	1x1	_	_	_
720-3	TOI020	720	720	3	sorella	sorella	_	_	_	_	_	linguistic	_	none	_	_	_	_	_	_
720-4	TOI020	720	720	4	la	la	_	_	_	_	_	linguistic	_	none	_	_	_	_	_	_
720-5	TOI020	720	720	5	chiamava::	chiamava	_	_	_	_	_	linguistic	_	none	_	_	7x2	_	_	_
720-6	TOI020	720	720	6	anzi	anzi	_	_	_	_	_	linguistic	_	none	_	_	_	_	_	_
720-7	TOI020	720	720	7	che	che	_	_	_	_	_	linguistic	_	none	_	_	_	_	_	_
720-8	TOI020	720	720	8	luciana,	luciana	_	_	_	_	_	linguistic	_	none	Intonation=WeaklyRising	End=2104.989	_	_	_	_
721-0	TOI020	721	721	0	eh	eh	_	_	_	_	_	linguistic	_	none	_	Begin=2105.187	_	_	_	_
721-1	TOI020	721	721	1	tiure,	tiure	_	_	_	_	_	linguistic	_	none	Intonation=WeaklyRising	End=2105.968	_	_	_	_
722-0	TOI020	722	722	0	e	e	_	_	_	_	_	linguistic	_	none	_	Begin=2106.175	_	_	_	_
722-1	TOI020	722	722	1	gli	gli	_	_	_	_	_	linguistic	_	none	_	_	_	_	_	_
722-2	TOI020	722	722	2	cambiava	cambiava	_	_	_	_	_	linguistic	_	none	_	_	_	_	_	_
722-3	TOI020	722	722	3	nome	nome	_	_	_	_	_	linguistic	_	none	_	_	_	_	_	_
722-4	TOI020	722	722	4	ogni	ogni	_	_	_	_	_	linguistic	_	none	_	_	_	_	_	_
722-5	TOI020	722	722	5	mese.	mese	_	_	_	_	_	linguistic	_	none	Intonation=Falling	_	_	_	_	_
722-6	TOI020	722	722	6	noi	noi	_	_	_	_	_	linguistic	_	none	_	_	_	_	_	_
722-7	TOI020	722	722	7	l'	l'	_	_	_	_	_	linguistic	_	none	SpaceAfter=No	_	_	_	_	_
722-8	TOI020	722	722	8	abbiamo	abbiamo	_	_	_	_	_	linguistic	_	none	_	_	_	_	_	_
722-9	TOI020	722	722	9	beccata	beccata	_	_	_	_	_	linguistic	_	none	_	_	_	_	_	_
722-10	TOI020	722	722	10	in	in	_	_	_	_	_	linguistic	_	none	_	_	_	_	_	_
722-11	TOI020	722	722	11	quel	quel	_	_	_	_	_	linguistic	_	none	_	_	_	_	_	_
722-12	TOI020	722	722	12	mese	mese	_	_	_	_	_	linguistic	_	none	_	_	_	_	_	_
722-13	TOI020	722	722	13	lì	lì	_	_	_	_	_	linguistic	_	none	_	End=2110.235	_	_	_	_
723-0	TOI020	723	723	0	e	e	_	_	_	_	_	linguistic	_	none	_	Begin=2110.611	_	_	_	_
723-1	TOI020	723	723	1	si	si	_	_	_	_	_	linguistic	_	none	_	_	_	_	_	_
723-2	TOI020	723	723	2	è	è	_	_	_	_	_	linguistic	_	none	_	_	_	_	_	_
723-3	TOI020	723	723	3	firmata	firmata	_	_	_	_	_	linguistic	_	none	_	_	_	_	_	_
723-4	TOI020	723	723	4	tiure	tiure	_	_	_	_	_	linguistic	_	none	_	_	_	_	_	_
723-5	TOI020	723	723	5	perché	perché	_	_	_	_	_	linguistic	_	none	_	_	_	_	_	_
723-6	TOI020	723	723	6	non	non	_	_	_	_	_	linguistic	_	none	_	_	_	_	_	_
723-7	TOI020	723	723	7	sapevamo	sapevamo	_	_	_	_	_	linguistic	_	none	_	_	_	_	_	_
723-8	TOI020	723	723	8	questa	questa	_	_	_	_	_	linguistic	_	none	_	_	_	_	_	_
723-9	TOI020	723	723	9	cosa,	cosa	_	_	_	_	_	linguistic	_	none	Intonation=WeaklyRising	_	_	_	_	_
723-10	TOI020	723	723	10	ci	ci	_	_	_	_	_	linguistic	_	none	_	_	_	_	_	_
723-11	TOI020	723	723	11	piaceva	piaceva	_	_	_	_	_	linguistic	_	none	_	_	_	_	_	_
723-12	TOI020	723	723	12	e	e	_	_	_	_	_	linguistic	_	none	_	_	_	_	_	_
723-13	TOI020	723	723	13	gliel'	gliel'	_	_	_	_	_	linguistic	_	none	SpaceAfter=No	_	_	_	_	_
723-14	TOI020	723	723	14	abbiam	abbiam	_	_	_	_	_	linguistic	_	none	_	_	_	_	_	_
723-15	TOI020	723	723	15	dato.	dato	_	_	_	_	_	linguistic	_	none	Intonation=Falling	_	_	_	_	_
723-16	TOI020	723	723	16	[punto].	punto	_	_	_	_	_	linguistic	_	none	Intonation=Falling	End=2115.323	_	_	_	0-5(210)
724-0	TOR004	724	724	0	[a	a	_	_	_	_	_	linguistic	_	none	_	Begin=2114.896	_	_	_	0-1(210)
724-1	TOR004	724	724	1	>quin]di<	quindi	_	_	_	_	_	linguistic	_	none	_	_	_	Fast=0-6(0)	_	0-4(210)
724-2	TOR004	724	724	2	no	no	_	_	_	_	_	linguistic	_	none	_	_	_	_	_	_
724-3	TOR004	724	724	3	pensavo	pensavo	_	_	_	_	_	linguistic	_	none	_	_	_	_	_	_
724-4	TOR004	724	724	4	avesse	avesse	_	_	_	_	_	linguistic	_	none	_	_	_	_	_	_
724-5	TOR004	724	724	5	un	un	_	_	_	_	_	linguistic	_	none	_	_	_	_	_	_
724-6	TOR004	724	724	6	signif[icato	significato	_	_	_	_	_	linguistic	_	none	_	_	_	_	_	6-11(211)
724-7	TOR004	724	724	7	par]ti[colare:]	particolare	_	_	_	_	_	linguistic	_	none	_	End=2117.794	10x1	_	_	0-3(211),5-11(212)
725-0	TOI020	725	725	0	[no	no	_	_	_	_	_	linguistic	_	none	_	Begin=2116.485	_	_	_	0-2(211)
725-1	TOI020	725	725	1	no]	no	_	_	_	_	_	linguistic	_	none	_	End=2116.999	_	_	_	0-2(211)
726-0	TOI020	726	726	0	[no	no	_	_	_	_	_	linguistic	_	none	_	Begin=2117.22	_	_	_	0-2(212)
726-1	TOI020	726	726	1	no]	no	_	_	_	_	_	linguistic	_	none	_	End=2117.72	_	_	_	0-2(212)
727-0	TOI020	727	727	0	ci	ci	_	_	_	_	_	linguistic	_	none	_	Begin=2117.925	_	_	_	_
727-1	TOI020	727	727	1	han	han	_	_	_	_	_	linguistic	_	none	_	_	_	_	_	_
727-2	TOI020	727	727	2	detto	detto	_	_	_	_	_	linguistic	_	none	_	_	_	_	_	_
727-3	TOI020	727	727	3	che	che	_	_	_	_	_	linguistic	_	none	_	_	_	_	_	_
727-4	TOI020	727	727	4	è	è	_	_	_	_	_	linguistic	_	none	_	_	_	_	_	_
727-5	TOI020	727	727	5	una	una	_	_	_	_	_	linguistic	_	none	_	_	_	_	_	_
727-6	TOI020	727	727	6	dea	dea	_	_	_	_	_	linguistic	_	none	_	_	_	_	_	_
727-7	TOI020	727	727	7	tibetana	tibetana	_	_	_	_	_	linguistic	_	none	_	_	_	_	_	_
727-8	TOI020	727	727	8	ma:	ma	_	_	_	_	_	linguistic	_	none	_	_	1x1	_	_	_
727-9	TOI020	727	727	9	lara	lara	_	_	_	_	_	linguistic	_	none	_	_	_	_	_	_
727-10	TOI020	727	727	10	dice	dice	_	_	_	_	_	linguistic	_	none	_	_	_	_	_	_
727-11	TOI020	727	727	11	guarda	guarda	_	_	_	_	_	linguistic	_	none	_	_	_	_	_	_
727-12	TOI020	727	727	12	mamma	mamma	_	_	_	_	_	linguistic	_	none	_	_	_	_	_	_
727-13	TOI020	727	727	13	ti	ti	_	_	_	_	_	linguistic	_	none	_	_	_	_	_	_
727-14	TOI020	727	727	14	han	han	_	_	_	_	_	linguistic	_	none	_	_	_	_	_	_
727-15	TOI020	727	727	15	detto	detto	_	_	_	_	_	linguistic	_	none	_	_	_	_	_	_
727-16	TOI020	727	727	16	così	così	_	_	_	_	_	linguistic	_	none	_	_	_	_	_	_
727-17	TOI020	727	727	17	la	la	_	_	_	_	_	linguistic	_	none	_	_	_	_	_	_
727-18	TOI020	727	727	18	dea	dea	_	_	_	_	_	linguistic	_	none	_	_	_	_	_	_
727-19	TOI020	727	727	19	tibetana	tibetana	_	_	_	_	_	linguistic	_	none	_	_	_	_	_	_
727-20	TOI020	727	727	20	invece	invece	_	_	_	_	_	linguistic	_	none	_	_	_	_	_	_
727-21	TOI020	727	727	21	altro	altro	_	_	_	_	_	linguistic	_	none	_	_	_	_	_	_
727-22	TOI020	727	727	22	che	che	_	_	_	_	_	linguistic	_	none	_	End=2124.154	_	_	_	_
728-0	TOI020	728	728	0	c'	c'	_	_	_	_	_	linguistic	_	none	SpaceAfter=No	Begin=2124.52	_	_	_	_
728-1	TOI020	728	728	1	è	è	_	_	_	_	_	linguistic	_	none	_	_	_	_	_	_
728-2	TOI020	728	728	2	u:n	un	_	_	_	_	_	linguistic	_	none	_	_	0x1	_	_	_
728-3	TOI020	728	728	3	coso	coso	_	_	_	_	_	linguistic	_	none	_	_	_	_	_	_
728-4	TOI020	728	728	4	che	che	_	_	_	_	_	linguistic	_	none	_	_	_	_	_	_
728-5	TOI020	728	728	5	si	si	_	_	_	_	_	linguistic	_	none	_	_	_	_	_	_
728-6	TOI020	728	728	6	chiama::	chiama	_	_	_	_	_	linguistic	_	none	_	End=2127.122	5x2	_	_	_
729-0	TOI020	729	729	0	jabba	jabba	_	_	_	_	_	linguistic	_	none	_	Begin=2127.417	_	_	_	_
729-1	TOI020	729	729	1	tiure	tiure	_	_	_	_	_	linguistic	_	none	_	_	_	_	_	_
729-2	TOI020	729	729	2	una	una	_	_	_	_	_	linguistic	_	none	_	_	_	_	_	_
729-3	TOI020	729	729	3	roba	roba	_	_	_	_	_	linguistic	_	none	_	_	_	_	_	_
729-4	TOI020	729	729	4	così,	così	_	_	_	_	_	linguistic	_	none	Intonation=WeaklyRising	_	_	_	_	_
729-5	TOI020	729	729	5	che	che	_	_	_	_	_	linguistic	_	none	_	_	_	_	_	_
729-6	TOI020	729	729	6	non	non	_	_	_	_	_	linguistic	_	none	_	_	_	_	_	_
729-7	TOI020	729	729	7	mi	mi	_	_	_	_	_	linguistic	_	none	_	_	_	_	_	_
729-8	TOI020	729	729	8	ricordo	ricordo	_	_	_	_	_	linguistic	_	none	_	_	_	_	_	_
729-9	TOI020	729	729	9	di	di	_	_	_	_	_	linguistic	_	none	_	_	_	_	_	_
729-10	TOI020	729	729	10	che	che	_	_	_	_	_	linguistic	_	none	_	_	_	_	_	_
729-11	TOI020	729	729	11	cartone.	cartone	_	_	_	_	_	linguistic	_	none	Intonation=Falling	End=2131.32	_	_	_	_
730-0	TOR004	730	730	0	ah	ah	_	_	_	_	_	linguistic	_	none	_	Begin=2131.804	_	_	_	_
730-1	TOR004	730	730	1	e	e	_	_	_	_	_	linguistic	_	none	_	_	_	_	_	_
730-2	TOR004	730	730	2	che	che	_	_	_	_	_	linguistic	_	none	_	_	_	_	_	_
730-3	TOR004	730	730	3	invece	invece	_	_	_	_	_	linguistic	_	none	_	_	_	_	_	_
730-4	TOR004	730	730	4	non	non	_	_	_	_	_	linguistic	_	none	_	_	_	_	_	_
730-5	TOR004	730	730	5	è:	è	_	_	_	_	_	linguistic	_	none	_	_	0x1	_	_	_
730-6	TOR004	730	730	6	tanto	tanto	_	_	_	_	_	linguistic	_	none	_	_	_	_	_	_
730-7	TOR004	730	730	7	carino.	carino	_	_	_	_	_	linguistic	_	none	Intonation=Falling	_	_	_	_	_
730-8	TOR004	730	730	8	ma	ma	_	_	_	_	_	linguistic	_	none	_	_	_	_	_	_
730-9	TOR004	730	730	9	[che	che	_	_	_	_	_	linguistic	_	none	_	_	_	_	_	0-3(213)
730-10	TOR004	730	730	10	sfort~]	sfort~	_	_	_	_	_	linguistic	_	none	Interrupted=Yes	End=2134.494	_	_	_	0-6(213)
731-0	TOI020	731	731	0	[eh	eh	_	_	_	_	_	linguistic	_	none	_	Begin=2133.875	_	_	_	0-2(213)
731-1	TOI020	731	731	1	pare]	pare	_	_	_	_	_	linguistic	_	none	_	_	_	_	_	0-4(213)
731-2	TOI020	731	731	2	che	che	_	_	_	_	_	linguistic	_	none	_	_	_	_	_	_
731-3	TOI020	731	731	3	non	non	_	_	_	_	_	linguistic	_	none	_	_	_	_	_	_
731-4	TOI020	731	731	4	sia:	sia	_	_	_	_	_	linguistic	_	none	_	_	2x1	_	_	_
731-5	TOI020	731	731	5	tant[o:	tanto	_	_	_	_	_	linguistic	_	none	_	_	4x1	_	_	4-5(214)
731-6	TOI020	731	731	6	carino].	carino	_	_	_	_	_	linguistic	_	none	Intonation=Falling	End=2137.147	_	_	_	0-6(214)
732-0	TOR004	732	732	0	[vabbè	vabbè	_	_	_	_	_	linguistic	_	none	_	Begin=2136.449	_	_	_	0-5(214)
732-1	TOR004	732	732	1	magari,	magari	_	_	_	_	_	linguistic	_	none	Intonation=WeaklyRising	_	_	_	_	0-6(214)
732-2	TOR004	732	732	2	è]	è	_	_	_	_	_	linguistic	_	none	_	_	_	_	_	0-1(214)
732-3	TOR004	732	732	3	lei	lei	_	_	_	_	_	linguistic	_	none	_	_	_	_	_	_
732-4	TOR004	732	732	4	la	la	_	_	_	_	_	linguistic	_	none	_	_	_	_	_	_
732-5	TOR004	732	732	5	prima	prima	_	_	_	_	_	linguistic	_	none	_	_	_	_	_	_
732-6	TOR004	732	732	6	ad	ad	_	_	_	_	_	linguistic	_	none	_	_	_	_	_	_
732-7	TOR004	732	732	7	avere	avere	_	_	_	_	_	linguistic	_	none	_	_	_	_	_	_
732-8	TOR004	732	732	8	questo	questo	_	_	_	_	_	linguistic	_	none	_	_	_	_	_	_
732-9	TOR004	732	732	9	nome	nome	_	_	_	_	_	linguistic	_	none	_	_	_	_	_	_
732-10	TOR004	732	732	10	e	e	_	_	_	_	_	linguistic	_	none	_	_	_	_	_	_
732-11	TOR004	732	732	11	quindi	quindi	_	_	_	_	_	linguistic	_	none	_	_	_	_	_	_
732-12	TOR004	732	732	12	può	può	_	_	_	_	_	linguistic	_	none	_	_	_	_	_	_
732-13	TOR004	732	732	13	può	può	_	_	_	_	_	linguistic	_	none	_	_	_	_	_	_
732-14	TOR004	732	732	14	decidere	decidere	_	_	_	_	_	linguistic	_	none	_	_	_	_	_	_
732-15	TOR004	732	732	15	lei	lei	_	_	_	_	_	linguistic	_	none	_	_	_	_	_	_
732-16	TOR004	732	732	16	il	il	_	_	_	_	_	linguistic	_	none	_	_	_	_	_	_
732-17	TOR004	732	732	17	grado	grado	_	_	_	_	_	linguistic	_	none	_	_	_	_	_	_
732-18	TOR004	732	732	18	di	di	_	_	_	_	_	linguistic	_	none	_	_	_	_	_	_
732-19	TOR004	732	732	19	bell[e:zza]	bellezza	_	_	_	_	_	linguistic	_	none	_	_	4x1	_	_	4-8(215)
732-20	TOR004	732	732	20	((ridendo))	((ridendo))	_	_	_	_	_	nonverbalbehavior	_	none	_	End=2141.859	_	_	_	_
733-0	TOI020	733	733	0	[no]	no	_	_	_	_	_	linguistic	_	none	_	Begin=2141.17	_	_	_	0-2(215)
733-1	TOI020	733	733	1	((ridendo))	((ridendo))	_	_	_	_	_	nonverbalbehavior	_	none	_	End=2141.871	_	_	_	_
734-0	TOR004	734	734	0	non	non	_	_	_	_	_	linguistic	_	none	_	Begin=2141.907	_	_	_	_
734-1	TOR004	734	734	1	ha	ha	_	_	_	_	_	linguistic	_	none	_	_	_	_	_	_
734-2	TOR004	734	734	2	paragoni.	paragoni	_	_	_	_	_	linguistic	_	none	Intonation=Falling	End=2142.809	_	_	_	_
735-0	TOR004	735	735	0	e::	e	_	_	_	_	_	linguistic	_	none	_	Begin=2143.329	0x2	_	_	_
735-1	TOR004	735	735	1	m	m	_	_	_	_	_	linguistic	_	none	ProsodicLink=Yes	_	_	_	_	_
735-2	TOR004	735	735	2	e::h	eh	_	_	_	_	_	linguistic	_	none	_	End=2144.417	0x2	_	_	_
736-0	TOR004	736	736	0	e	e	_	_	_	_	_	linguistic	_	none	_	Begin=2144.777	_	_	_	_
736-1	TOR004	736	736	1	invece,	invece	_	_	_	_	_	linguistic	_	none	Intonation=WeaklyRising	_	_	_	_	_
736-2	TOR004	736	736	2	mh	mh	_	_	_	_	_	linguistic	_	none	_	_	_	_	_	_
736-3	TOR004	736	736	3	di:	di	_	_	_	_	_	linguistic	_	none	ProsodicLink=Yes	_	1x1	_	_	_
736-4	TOR004	736	736	4	m	m	_	_	_	_	_	linguistic	_	none	ProsodicLink=Yes	_	_	_	_	_
736-5	TOR004	736	736	5	e:h	eh	_	_	_	_	_	linguistic	_	none	_	_	0x1	_	_	_
736-6	TOR004	736	736	6	hai	hai	_	_	_	_	_	linguistic	_	none	_	_	_	_	_	_
736-7	TOR004	736	736	7	delle::	delle	_	_	_	_	_	linguistic	_	none	_	_	4x2	_	_	_
736-8	TOR004	736	736	8	delle	delle	_	_	_	_	_	linguistic	_	none	_	_	_	_	_	_
736-9	TOR004	736	736	9	storie	storie	_	_	_	_	_	linguistic	_	none	_	_	_	_	_	_
736-10	TOR004	736	736	10	magari	magari	_	_	_	_	_	linguistic	_	none	_	_	_	_	_	_
736-11	TOR004	736	736	11	i:n	in	_	_	_	_	_	linguistic	_	none	_	_	0x1	_	_	_
736-12	TOR004	736	736	12	diale:tto	dialetto	_	_	_	_	_	linguistic	_	none	_	_	4x1	_	_	_
736-13	TOR004	736	736	13	che	che	_	_	_	_	_	linguistic	_	none	_	_	_	_	_	_
736-14	TOR004	736	736	14	d~	d~	_	_	_	_	_	linguistic	_	none	Interrupted=Yes	End=2149.641	_	_	_	_
737-0	TOR004	737	737	0	che	che	_	_	_	_	_	linguistic	_	none	_	Begin=2150.015	_	_	_	_
737-1	TOR004	737	737	1	non	non	_	_	_	_	_	linguistic	_	none	_	_	_	_	_	_
737-2	TOR004	737	737	2	so	so	_	_	_	_	_	linguistic	_	none	_	_	_	_	_	_
737-3	TOR004	737	737	3	si	si	_	_	_	_	_	linguistic	_	none	_	_	_	_	_	_
737-4	TOR004	737	737	4	raccontavano	raccontavano	_	_	_	_	_	linguistic	_	none	_	_	_	_	_	_
737-5	TOR004	737	737	5	al	al	_	_	_	_	_	linguistic	_	none	_	_	_	_	_	_
737-6	TOR004	737	737	6	tuo	tuo	_	_	_	_	_	linguistic	_	none	_	_	_	_	_	_
737-7	TOR004	737	737	7	paese,	paese	_	_	_	_	_	linguistic	_	none	Intonation=WeaklyRising	_	_	_	_	_
737-8	TOR004	737	737	8	una	una	_	_	_	_	_	linguistic	_	none	_	_	_	_	_	_
737-9	TOR004	737	737	9	storia	storia	_	_	_	_	_	linguistic	_	none	_	_	_	_	_	_
737-10	TOR004	737	737	10	che	che	_	_	_	_	_	linguistic	_	none	PauseAfter=Yes	_	_	_	_	_
737-11	TOR004	737	737	11	(.)	(.)	_	_	_	_	_	shortpause	_	none	_	_	_	_	_	_
737-12	TOR004	737	737	12	potresti	potresti	_	_	_	_	_	linguistic	_	none	_	_	_	_	_	_
737-13	TOR004	737	737	13	raccontarmi,	raccontarmi	_	_	_	_	_	linguistic	_	none	Intonation=WeaklyRising	End=2154.292	_	_	_	_
738-0	TOR004	738	738	0	m	m	_	_	_	_	_	linguistic	_	none	ProsodicLink=Yes	Begin=2154.857	_	_	_	_
738-1	TOR004	738	738	1	[e:h]	eh	_	_	_	_	_	linguistic	_	none	_	End=2155.405	0x1	_	_	0-2(216)
739-0	TOI020	739	739	0	[in	in	_	_	_	_	_	linguistic	_	none	_	Begin=2155.038	_	_	_	0-2(216)
739-1	TOI020	739	739	1	che	che	_	_	_	_	_	linguistic	_	none	_	_	_	_	_	0-3(216)
739-2	TOI020	739	739	2	s]en[so]?	senso	_	_	_	_	_	linguistic	_	none	Intonation=Rising	End=2156.14	_	_	_	0-1(216),3-5(217)
740-0	TOR004	740	740	0	[non	non	_	_	_	_	_	linguistic	_	none	_	Begin=2155.798	_	_	_	0-3(217)
740-1	TOR004	740	740	1	so]	so	_	_	_	_	_	linguistic	_	none	_	_	_	_	_	0-2(217)
740-2	TOR004	740	740	2	una	una	_	_	_	_	_	linguistic	_	none	_	_	_	_	_	_
740-3	TOR004	740	740	3	storiella::	storiella	_	_	_	_	_	linguistic	_	none	_	_	8x2	_	_	_
740-4	TOR004	740	740	4	o	o	_	_	_	_	_	linguistic	_	none	_	_	_	_	_	_
740-5	TOR004	740	740	5	un	un	_	_	_	_	_	linguistic	_	none	ProsodicLink=Yes	_	_	_	_	_
740-6	TOR004	740	740	6	e:h	eh	_	_	_	_	_	linguistic	_	none	_	_	0x1	_	_	_
740-7	TOR004	740	740	7	prove:rbio,	proverbio	_	_	_	_	_	linguistic	_	none	Intonation=WeaklyRising	End=2159.425	4x1	_	_	_
741-0	TOR004	741	741	0	sai	sai	_	_	_	_	_	linguistic	_	none	_	Begin=2159.884	_	_	_	_
741-1	TOR004	741	741	1	no?	no	_	_	_	_	_	linguistic	_	none	Intonation=Rising	_	_	_	_	_
741-2	TOR004	741	741	2	ci	ci	_	_	_	_	_	linguistic	_	none	_	_	_	_	_	_
741-3	TOR004	741	741	3	sono	sono	_	_	_	_	_	linguistic	_	none	_	_	_	_	_	_
741-4	TOR004	741	741	4	magari	magari	_	_	_	_	_	linguistic	_	none	_	_	_	_	_	_
741-5	TOR004	741	741	5	dell[e:	delle	_	_	_	_	_	linguistic	_	none	_	_	4x1	_	_	4-5(218)
741-6	TOR004	741	741	6	ninna]	ninna	_	_	_	_	_	linguistic	_	none	_	_	_	_	_	0-5(218)
741-7	TOR004	741	741	7	nanne	nanne	_	_	_	_	_	linguistic	_	none	_	_	_	_	_	_
741-8	TOR004	741	741	8	che	che	_	_	_	_	_	linguistic	_	none	_	_	_	_	_	_
741-9	TOR004	741	741	9	si	si	_	_	_	_	_	linguistic	_	none	_	_	_	_	_	_
741-10	TOR004	741	741	10	cantano.	cantano	_	_	_	_	_	linguistic	_	none	Intonation=Falling	_	_	_	_	_
741-11	TOR004	741	741	11	delle	delle	_	_	_	_	_	linguistic	_	none	_	_	_	_	_	_
741-12	TOR004	741	741	12	cose:	cose	_	_	_	_	_	linguistic	_	none	_	End=2163.797	3x1	_	_	_
742-0	TOI020	742	742	0	[sì:]	sì	_	_	_	_	_	linguistic	_	none	_	Begin=2161.323|End=2161.724	1x1	_	_	0-2(218)
743-0	TOI020	743	743	0	e:h	eh	_	_	_	_	_	linguistic	_	none	_	Begin=2164.066	0x1	_	_	_
743-1	TOI020	743	743	1	così	così	_	_	_	_	_	linguistic	_	none	_	_	_	_	_	_
743-2	TOI020	743	743	2	adesso,	adesso	_	_	_	_	_	linguistic	_	none	Intonation=WeaklyRising	_	_	_	_	_
743-3	TOI020	743	743	3	non	non	_	_	_	_	_	linguistic	_	none	_	_	_	_	_	_
743-4	TOI020	743	743	4	mi:	mi	_	_	_	_	_	linguistic	_	none	_	End=2166.027	1x1	_	_	_
744-0	TOR004	744	744	0	o	o	_	_	_	_	_	linguistic	_	none	_	Begin=2166.092	_	_	_	_
744-1	TOR004	744	744	1	magari	magari	_	_	_	_	_	linguistic	_	none	_	_	_	_	_	_
744-2	TOR004	744	744	2	una	una	_	_	_	_	_	linguistic	_	none	_	_	_	_	_	_
744-3	TOR004	744	744	3	cosa	cosa	_	_	_	_	_	linguistic	_	none	_	_	_	_	_	_
744-4	TOR004	744	744	4	che	che	_	_	_	_	_	linguistic	_	none	_	_	_	_	_	_
744-5	TOR004	744	744	5	ti	ti	_	_	_	_	_	linguistic	_	none	_	_	_	_	_	_
744-6	TOR004	744	744	6	diceva	diceva	_	_	_	_	_	linguistic	_	none	_	_	_	_	_	_
744-7	TOR004	744	744	7	sempre	sempre	_	_	_	_	_	linguistic	_	none	_	_	_	_	_	_
744-8	TOR004	744	744	8	tua	tua	_	_	_	_	_	linguistic	_	none	_	_	_	_	_	_
744-9	TOR004	744	744	9	mamma,	mamma	_	_	_	_	_	linguistic	_	none	Intonation=WeaklyRising	End=2168.291	_	_	_	_
745-0	TOR004	745	745	0	che	che	_	_	_	_	_	linguistic	_	none	_	Begin=2168.837	_	_	_	_
745-1	TOR004	745	745	1	ne	ne	_	_	_	_	_	linguistic	_	none	_	_	_	_	_	_
745-2	TOR004	745	745	2	so,	so	_	_	_	_	_	linguistic	_	none	Intonation=WeaklyRising	End=2169.272	_	_	_	_
746-0	TOI020	746	746	0	(e	e	_	_	_	_	_	linguistic	_	none	_	Begin=2173.332	_	_	0-1(0)	_
746-1	TOI020	746	746	1	inso~)?	inso~	_	_	_	_	_	linguistic	_	none	Intonation=Rising|Interrupted=Yes	End=2173.708	_	_	0-5(0)	_
747-0	TOI020	747	747	0	mh	mh	_	_	_	_	_	linguistic	_	none	_	Begin=2174.071	_	_	_	_
747-1	TOI020	747	747	1	io,	io	_	_	_	_	_	linguistic	_	none	Intonation=WeaklyRising	_	_	_	_	_
747-2	TOI020	747	747	2	io:	io	_	_	_	_	_	linguistic	_	none	_	_	1x1	_	_	_
747-3	TOI020	747	747	3	abi~	abi~	_	_	_	_	_	linguistic	_	none	Interrupted=Yes	_	_	_	_	_
747-4	TOI020	747	747	4	mh	mh	_	_	_	_	_	linguistic	_	none	_	_	_	_	_	_
747-5	TOI020	747	747	5	bi~	bi~	_	_	_	_	_	linguistic	_	none	Interrupted=Yes	_	_	_	_	_
747-6	TOI020	747	747	6	tu:d	tud	_	_	_	_	_	linguistic	_	none	_	End=2177.13	1x1	_	_	_
748-0	TOI020	748	748	0	ho	ho	_	_	_	_	_	linguistic	_	none	_	Begin=2177.933	_	_	_	_
748-1	TOI020	748	748	1	l'	l'	_	_	_	_	_	linguistic	_	none	SpaceAfter=No	_	_	_	_	_
748-2	TOI020	748	748	2	abituine	abituine	_	_	_	_	_	linguistic	_	none	_	_	_	_	_	_
748-3	TOI020	748	748	3	di	di	_	_	_	_	_	linguistic	_	none	_	_	_	_	_	_
748-4	TOI020	748	748	4	ripetere	ripetere	_	_	_	_	_	linguistic	_	none	_	_	_	_	_	_
748-5	TOI020	748	748	5	spesso	spesso	_	_	_	_	_	linguistic	_	none	_	_	_	_	_	_
748-6	TOI020	748	748	6	delle	delle	_	_	_	_	_	linguistic	_	none	_	_	_	_	_	_
748-7	TOI020	748	748	7	cose	cose	_	_	_	_	_	linguistic	_	none	_	_	_	_	_	_
748-8	TOI020	748	748	8	che	che	_	_	_	_	_	linguistic	_	none	_	End=2181.321	_	_	_	_
749-0	TOI020	749	749	0	e:h	eh	_	_	_	_	_	linguistic	_	unspecified	_	Begin=2181.821	0x1	_	_	_
749-1	TOI020	749	749	1	diceva::	diceva	_	_	_	_	_	linguistic	_	unspecified	_	_	5x2	_	_	_
749-2	TOI020	749	749	2	ecco	ecco	_	_	_	_	_	linguistic	_	unspecified	_	_	_	_	_	_
749-3	TOI020	749	749	3	per	per	_	_	_	_	_	linguistic	_	unspecified	_	_	_	_	_	_
749-4	TOI020	749	749	4	esempio	esempio	_	_	_	_	_	linguistic	_	unspecified	_	_	_	_	_	_
749-5	TOI020	749	749	5	oggi	oggi	_	_	_	_	_	linguistic	_	unspecified	_	_	_	_	_	_
749-6	TOI020	749	749	6	ho	ho	_	_	_	_	_	linguistic	_	unspecified	_	_	_	_	_	_
749-7	TOI020	749	749	7	detto	detto	_	_	_	_	_	linguistic	_	unspecified	_	_	_	_	_	_
749-8	TOI020	749	749	8	questa.	questa	_	_	_	_	_	linguistic	_	unspecified	Intonation=Falling	_	_	_	_	_
749-9	TOI020	749	749	9	attacca	attacca	_	_	_	_	_	linguistic	_	unspecified	_	_	_	_	_	_
749-10	TOI020	749	749	10	lu	lu	_	_	_	_	_	linguistic	_	unspecified	_	_	_	_	_	_
749-11	TOI020	749	749	11	ciucciu	ciucciu	_	_	_	_	_	linguistic	_	unspecified	_	_	_	_	_	_
749-12	TOI020	749	749	12	(n)du	ndu	_	_	_	_	_	linguistic	_	unspecified	_	_	_	_	0-1(0)	_
749-13	TOI020	749	749	13	vole	vole	_	_	_	_	_	linguistic	_	unspecified	_	_	_	_	_	_
749-14	TOI020	749	749	14	lu	lu	_	_	_	_	_	linguistic	_	unspecified	_	_	_	_	_	_
749-15	TOI020	749	749	15	patrune	patrune	_	_	_	_	_	linguistic	_	unspecified	_	End=2186.864	_	_	_	_
750-0	TOR004	750	750	0	che	che	_	_	_	_	_	linguistic	_	none	_	Begin=2187.091	_	_	_	_
750-1	TOR004	750	750	1	cosa	cosa	_	_	_	_	_	linguistic	_	none	_	_	_	_	_	_
750-2	TOR004	750	750	2	vu[ol	vuol	_	_	_	_	_	linguistic	_	none	_	_	_	_	_	2-4(219)
750-3	TOR004	750	750	3	di~]?	di~	_	_	_	_	_	linguistic	_	none	Intonation=Rising|Interrupted=Yes	End=2188.004	_	_	_	0-3(219)
751-0	TOI020	751	751	0	[che	che	_	_	_	_	_	linguistic	_	none	_	Begin=2187.637	_	_	_	0-3(219)
751-1	TOI020	751	751	1	vuol]	vuol	_	_	_	_	_	linguistic	_	none	_	_	_	_	_	0-4(219)
751-2	TOI020	751	751	2	dire	dire	_	_	_	_	_	linguistic	_	none	_	_	_	_	_	_
751-3	TOI020	751	751	3	lega	lega	_	_	_	_	_	linguistic	_	none	_	_	_	_	_	_
751-4	TOI020	751	751	4	l'	l'	_	_	_	_	_	linguistic	_	none	SpaceAfter=No	_	_	_	_	_
751-5	TOI020	751	751	5	asino,	asino	_	_	_	_	_	linguistic	_	none	Intonation=WeaklyRising	End=2189.636	_	_	_	_
752-0	TOI020	752	752	0	dove	dove	_	_	_	_	_	linguistic	_	none	_	Begin=2189.953	_	_	_	_
752-1	TOI020	752	752	1	vuole	vuole	_	_	_	_	_	linguistic	_	none	PauseAfter=Yes	_	_	_	_	_
752-2	TOI020	752	752	2	(.)	(.)	_	_	_	_	_	shortpause	_	none	_	_	_	_	_	_
752-3	TOI020	752	752	3	il	il	_	_	_	_	_	linguistic	_	none	_	_	_	_	_	_
752-4	TOI020	752	752	4	proprietario.	proprietario	_	_	_	_	_	linguistic	_	none	Intonation=Falling	_	_	_	_	_
752-5	TOI020	752	752	5	e::h	eh	_	_	_	_	_	linguistic	_	none	_	End=2192.446	0x2	_	_	_
753-0	TOI020	753	753	0	per	per	_	_	_	_	_	linguistic	_	none	_	Begin=2192.721	_	_	_	_
753-1	TOI020	753	753	1	voler	voler	_	_	_	_	_	linguistic	_	none	_	_	_	_	_	_
753-2	TOI020	753	753	2	dire	dire	_	_	_	_	_	linguistic	_	none	_	_	_	_	_	_
753-3	TOI020	753	753	3	f~	f~	_	_	_	_	_	linguistic	_	none	Interrupted=Yes	End=2193.831	_	_	_	_
754-0	TOI020	754	754	0	sei	sei	_	_	_	_	_	linguistic	_	none	_	Begin=2194.452	_	_	_	_
754-1	TOI020	754	754	1	tu	tu	_	_	_	_	_	linguistic	_	none	_	_	_	_	_	_
754-2	TOI020	754	754	2	che	che	_	_	_	_	_	linguistic	_	none	_	_	_	_	_	_
754-3	TOI020	754	754	3	comandi?	comandi	_	_	_	_	_	linguistic	_	none	Intonation=Rising	_	_	_	_	_
754-4	TOI020	754	754	4	e	e	_	_	_	_	_	linguistic	_	none	_	_	_	_	_	_
754-5	TOI020	754	754	5	allora	allora	_	_	_	_	_	linguistic	_	none	_	_	_	_	_	_
754-6	TOI020	754	754	6	facciamo	facciamo	_	_	_	_	_	linguistic	_	none	_	_	_	_	_	_
754-7	TOI020	754	754	7	come	come	_	_	_	_	_	linguistic	_	none	_	_	_	_	_	_
754-8	TOI020	754	754	8	vuoi	vuoi	_	_	_	_	_	linguistic	_	none	_	_	_	_	_	_
754-9	TOI020	754	754	9	tu	tu	_	_	_	_	_	linguistic	_	none	_	_	_	_	_	_
754-10	TOI020	754	754	10	e:	e	_	_	_	_	_	linguistic	_	none	_	_	0x1	_	_	_
754-11	TOI020	754	754	11	chiudiamola	chiudiamola	_	_	_	_	_	linguistic	_	none	_	_	_	_	_	_
754-12	TOI020	754	754	12	lì.	lì	_	_	_	_	_	linguistic	_	none	Intonation=Falling	_	_	_	_	_
754-13	TOI020	754	754	13	[e:h	eh	_	_	_	_	_	linguistic	_	none	_	_	0x1	_	_	0-2(220)
754-14	TOI020	754	754	14	e]	e	_	_	_	_	_	linguistic	_	none	_	End=2199.688	_	_	_	0-1(220)
755-0	TOR004	755	755	0	[sì	sì	_	_	_	_	_	linguistic	_	none	_	Begin=2199.101	_	_	_	0-2(220)
755-1	TOR004	755	755	1	per	per	_	_	_	_	_	linguistic	_	none	_	_	_	_	_	0-3(220)
755-2	TOR004	755	755	2	c]ercare	cercare	_	_	_	_	_	linguistic	_	none	_	_	_	_	_	0-1(220)
755-3	TOR004	755	755	3	di:	di	_	_	_	_	_	linguistic	_	none	_	End=2200.51	1x1	_	_	_
756-0	TOI020	756	756	0	e	e	_	_	_	_	_	linguistic	_	none	_	Begin=2200.51	_	_	_	_
756-1	TOI020	756	756	1	bon	bon	_	_	_	_	_	linguistic	_	none	_	_	_	_	_	_
756-2	TOI020	756	756	2	e	e	_	_	_	_	_	linguistic	_	none	_	_	_	_	_	_
756-3	TOI020	756	756	3	finisce.	finisce	_	_	_	_	_	linguistic	_	none	Intonation=Falling	_	_	_	_	_
756-4	TOI020	756	756	4	ma	ma	_	_	_	_	_	linguistic	_	none	_	_	_	_	_	_
756-5	TOI020	756	756	5	è:	è	_	_	_	_	_	linguistic	_	none	_	_	0x1	_	_	_
756-6	TOI020	756	756	6	non	non	_	_	_	_	_	linguistic	_	none	_	_	_	_	_	_
756-7	TOI020	756	756	7	è	è	_	_	_	_	_	linguistic	_	none	_	_	_	_	_	_
756-8	TOI020	756	756	8	proprio	proprio	_	_	_	_	_	linguistic	_	none	_	_	_	_	_	_
756-9	TOI020	756	756	9	per	per	_	_	_	_	_	linguistic	_	none	_	_	_	_	_	_
756-10	TOI020	756	756	10	cercare	cercare	_	_	_	_	_	linguistic	_	none	_	_	_	_	_	_
756-11	TOI020	756	756	11	di	di	_	_	_	_	_	linguistic	_	none	_	_	_	_	_	_
756-12	TOI020	756	756	12	dire	dire	_	_	_	_	_	linguistic	_	none	_	End=2204.348	_	_	_	_
757-0	TOI020	757	757	0	e::h	eh	_	_	_	_	_	linguistic	_	none	_	Begin=2204.959	0x2	_	_	_
757-1	TOI020	757	757	1	va	va	_	_	_	_	_	linguistic	_	none	_	_	_	_	_	_
757-2	TOI020	757	757	2	bene	bene	_	_	_	_	_	linguistic	_	none	_	_	_	_	_	_
757-3	TOI020	757	757	3	chiudiamola.	chiudiamola	_	_	_	_	_	linguistic	_	none	Intonation=Falling	_	_	_	_	_
757-4	TOI020	757	757	4	è	è	_	_	_	_	_	linguistic	_	none	_	_	_	_	_	_
757-5	TOI020	757	757	5	proprio	proprio	_	_	_	_	_	linguistic	_	none	_	_	_	_	_	_
757-6	TOI020	757	757	6	per	per	_	_	_	_	_	linguistic	_	none	_	_	_	_	_	_
757-7	TOI020	757	757	7	dire	dire	_	_	_	_	_	linguistic	_	none	_	End=2208.481	_	_	_	_
758-0	TOR004	758	758	0	sì	sì	_	_	_	_	_	linguistic	_	none	_	Begin=2209.293|End=2209.557	_	_	_	_
759-0	TOI020	759	759	0	vabbè	vabbè	_	_	_	_	_	linguistic	_	none	_	Begin=2209.751	_	_	_	_
759-1	TOI020	759	759	1	fac[ciamo	facciamo	_	_	_	_	_	linguistic	_	none	_	_	_	_	_	3-8(221)
759-2	TOI020	759	759	2	come	come	_	_	_	_	_	linguistic	_	none	_	_	_	_	_	0-4(221)
759-3	TOI020	759	759	3	dici	dici	_	_	_	_	_	linguistic	_	none	_	_	_	_	_	0-4(221)
759-4	TOI020	759	759	4	tu:]	tu	_	_	_	_	_	linguistic	_	none	_	_	1x1	_	_	0-2(221)
759-5	TOI020	759	759	5	o	o	_	_	_	_	_	linguistic	_	none	_	_	_	_	_	_
759-6	TOI020	759	759	6	facciamola	facciamola	_	_	_	_	_	linguistic	_	none	_	_	_	_	_	_
759-7	TOI020	759	759	7	finita	finita	_	_	_	_	_	linguistic	_	none	_	End=2212.841	_	_	_	_
760-0	TOR004	760	760	0	[vabbè.	vabbè	_	_	_	_	_	linguistic	_	none	Intonation=Falling	Begin=2210.356	_	_	_	0-5(221)
760-1	TOR004	760	760	1	facciamolo	facciamolo	_	_	_	_	_	linguistic	_	none	_	_	_	_	_	0-10(221)
760-2	TOR004	760	760	2	andare].	andare	_	_	_	_	_	linguistic	_	none	Intonation=Falling	End=2211.596	_	_	_	0-6(221)
761-0	TOI020	761	761	0	perché	perché	_	_	_	_	_	linguistic	_	none	PauseAfter=Yes	Begin=2213.183	_	_	_	_
761-1	TOI020	761	761	1	(.)	(.)	_	_	_	_	_	shortpause	_	none	_	_	_	_	_	_
761-2	TOI020	761	761	2	[ma	ma	_	_	_	_	_	linguistic	_	none	_	_	_	_	_	0-2(222)
761-3	TOI020	761	761	3	tanto	tanto	_	_	_	_	_	linguistic	_	none	_	_	_	_	_	0-5(222)
761-4	TOI020	761	761	4	c'	c'	_	_	_	_	_	linguistic	_	none	SpaceAfter=No	_	_	_	_	0-2(222)
761-5	TOI020	761	761	5	hai	hai	_	_	_	_	_	linguistic	_	none	_	_	_	_	_	0-3(222)
761-6	TOI020	761	761	6	tor~	tor~	_	_	_	_	_	linguistic	_	none	Interrupted=Yes	_	_	_	_	0-4(222)
761-7	TOI020	761	761	7	esat~]	esat~	_	_	_	_	_	linguistic	_	none	Interrupted=Yes	End=2215.4	_	_	_	0-5(222)
762-0	TOR004	762	762	0	[è	è	_	_	_	_	_	linguistic	_	none	_	Begin=2213.674	_	_	_	0-1(222)
762-1	TOR004	762	762	1	un	un	_	_	_	_	_	linguistic	_	none	_	_	_	_	_	0-2(222)
762-2	TOR004	762	762	2	po'	po'	_	_	_	_	_	linguistic	_	none	_	_	_	_	_	0-3(222)
762-3	TOR004	762	762	3	come	come	_	_	_	_	_	linguistic	_	none	_	_	_	_	_	0-4(222)
762-4	TOR004	762	762	4	dar	dar	_	_	_	_	_	linguistic	_	none	_	_	_	_	_	0-3(222)
762-5	TOR004	762	762	5	ragione	ragione	_	_	_	_	_	linguistic	_	none	_	_	_	_	_	0-7(222)
762-6	TOR004	762	762	6	agli	agli	_	_	_	_	_	linguistic	_	none	_	_	_	_	_	0-4(222)
762-7	TOR004	762	762	7	asini].	asini	_	_	_	_	_	linguistic	_	none	Intonation=Falling	End=2215.351	_	_	_	0-5(222)
763-0	TOI020	763	763	0	è	è	_	_	_	_	_	linguistic	_	none	_	Begin=2215.681	_	_	_	_
763-1	TOI020	763	763	1	come	come	_	_	_	_	_	linguistic	_	none	_	_	_	_	_	_
763-2	TOI020	763	763	2	dar	dar	_	_	_	_	_	linguistic	_	none	_	_	_	_	_	_
763-3	TOI020	763	763	3	ragione	ragione	_	_	_	_	_	linguistic	_	none	_	_	_	_	_	_
763-4	TOI020	763	763	4	agli	agli	_	_	_	_	_	linguistic	_	none	_	_	_	_	_	_
763-5	TOI020	763	763	5	a[sini.	asini	_	_	_	_	_	linguistic	_	none	Intonation=Falling	_	_	_	_	1-5(223)
763-6	TOI020	763	763	6	esa]tto.	esatto	_	_	_	_	_	linguistic	_	none	Intonation=Falling	End=2218.13	_	_	_	0-3(223)
764-0	TOR004	764	764	0	[ho	ho	_	_	_	_	_	linguistic	_	none	_	Begin=2217.089	_	_	_	0-2(223)
764-1	TOR004	764	764	1	capito].	capito	_	_	_	_	_	linguistic	_	none	Intonation=Falling	End=2217.829	_	_	_	0-6(223)
765-0	TOI020	765	765	0	[e:]::	e	_	_	_	_	_	linguistic	_	none	_	Begin=2218.767	0x3	_	_	0-1(224)
765-1	TOI020	765	765	1	e	e	_	_	_	_	_	linguistic	_	none	_	_	_	_	_	_
765-2	TOI020	765	765	2	poi:	poi	_	_	_	_	_	linguistic	_	none	_	End=2221.009	2x1	_	_	_
766-0	TOR004	766	766	0	[e:]	e	_	_	_	_	_	linguistic	_	none	_	Begin=2218.767|End=2219.254	0x1	_	_	0-1(224)
767-0	TOR004	767	767	0	no	no	_	_	_	_	_	linguistic	_	none	_	Begin=2221.616	_	_	_	_
767-1	TOR004	767	767	1	vabbè	vabbè	_	_	_	_	_	linguistic	_	none	_	_	_	_	_	_
767-2	TOR004	767	767	2	mentre	mentre	_	_	_	_	_	linguistic	_	none	_	_	_	_	_	_
767-3	TOR004	767	767	3	ci	ci	_	_	_	_	_	linguistic	_	none	_	_	_	_	_	_
767-4	TOR004	767	767	4	pensi	pensi	_	_	_	_	_	linguistic	_	none	_	_	_	_	_	_
767-5	TOR004	767	767	5	ti	ti	_	_	_	_	_	linguistic	_	none	_	_	_	_	_	_
767-6	TOR004	767	767	6	chiedo	chiedo	_	_	_	_	_	linguistic	_	none	_	_	_	_	_	_
767-7	TOR004	767	767	7	questo.	questo	_	_	_	_	_	linguistic	_	none	Intonation=Falling	_	_	_	_	_
767-8	TOR004	767	767	8	che	che	_	_	_	_	_	linguistic	_	none	ProsodicLink=Yes	_	_	_	_	_
767-9	TOR004	767	767	9	mh	mh	_	_	_	_	_	linguistic	_	none	_	_	_	_	_	_
767-10	TOR004	767	767	10	che	che	_	_	_	_	_	linguistic	_	none	_	_	_	_	_	_
767-11	TOR004	767	767	11	lavoro	lavoro	_	_	_	_	_	linguistic	_	none	_	_	_	_	_	_
767-12	TOR004	767	767	12	facevano	facevano	_	_	_	_	_	linguistic	_	none	_	_	_	_	_	_
767-13	TOR004	767	767	13	i	i	_	_	_	_	_	linguistic	_	none	_	_	_	_	_	_
767-14	TOR004	767	767	14	tuoi	tuoi	_	_	_	_	_	linguistic	_	none	_	_	_	_	_	_
767-15	TOR004	767	767	15	genitori	genitori	_	_	_	_	_	linguistic	_	none	_	End=2225.483	_	_	_	_
768-0	TOI020	768	768	0	allora.	allora	_	_	_	_	_	linguistic	_	none	Intonation=Falling	Begin=2225.917	_	_	_	_
768-1	TOI020	768	768	1	mia	mia	_	_	_	_	_	linguistic	_	none	_	_	_	_	_	_
768-2	TOI020	768	768	2	mamma,	mamma	_	_	_	_	_	linguistic	_	none	Intonation=WeaklyRising	_	_	_	_	_
768-3	TOI020	768	768	3	era:	era	_	_	_	_	_	linguistic	_	none	_	End=2228.494	2x1	_	_	_
769-0	TOI020	769	769	0	m	m	_	_	_	_	_	linguistic	_	none	ProsodicLink=Yes	Begin=2229.161	_	_	_	_
769-1	TOI020	769	769	1	eh	eh	_	_	_	_	_	linguistic	_	none	_	_	_	_	_	_
769-2	TOI020	769	769	2	casalinga	casalinga	_	_	_	_	_	linguistic	_	none	_	_	_	_	_	_
769-3	TOI020	769	769	3	principalmente	principalmente	_	_	_	_	_	linguistic	_	none	_	_	_	_	_	_
769-4	TOI020	769	769	4	poi	poi	_	_	_	_	_	linguistic	_	none	_	_	_	_	_	_
769-5	TOI020	769	769	5	però	però	_	_	_	_	_	linguistic	_	none	_	_	_	_	_	_
769-6	TOI020	769	769	6	aiutava	aiutava	_	_	_	_	_	linguistic	_	none	_	End=2232.741	_	_	_	_
770-0	TOI020	770	770	0	mia	mia	_	_	_	_	_	linguistic	_	none	_	Begin=2233.222	_	_	_	_
770-1	TOI020	770	770	1	nonna	nonna	_	_	_	_	_	linguistic	_	none	_	_	_	_	_	_
770-2	TOI020	770	770	2	perché	perché	_	_	_	_	_	linguistic	_	none	_	_	_	_	_	_
770-3	TOI020	770	770	3	avevano	avevano	_	_	_	_	_	linguistic	_	none	_	End=2235.193	_	_	_	_
771-0	TOI020	771	771	0	quella	quella	_	_	_	_	_	linguistic	_	none	_	Begin=2235.488	_	_	_	_
771-1	TOI020	771	771	1	che	che	_	_	_	_	_	linguistic	_	none	_	_	_	_	_	_
771-2	TOI020	771	771	2	qua	qua	_	_	_	_	_	linguistic	_	none	_	_	_	_	_	_
771-3	TOI020	771	771	3	si	si	_	_	_	_	_	linguistic	_	none	_	_	_	_	_	_
771-4	TOI020	771	771	4	dice	dice	_	_	_	_	_	linguistic	_	none	_	_	_	_	_	_
771-5	TOI020	771	771	5	osteria,	osteria	_	_	_	_	_	linguistic	_	none	Intonation=WeaklyRising	End=2237.521	_	_	_	_
772-0	TOR004	772	772	0	m[h]	mh	_	_	_	_	_	linguistic	_	none	_	Begin=2237.735|End=2237.975	_	_	_	1-2(225)
773-0	TOI020	773	773	0	[da]	da	_	_	_	_	_	linguistic	_	none	_	Begin=2237.785	_	_	_	0-2(225)
773-1	TOI020	773	773	1	noi	noi	_	_	_	_	_	linguistic	_	none	_	_	_	_	_	_
773-2	TOI020	773	773	2	erano:	erano	_	_	_	_	_	linguistic	_	none	_	_	4x1	_	_	_
773-3	TOI020	773	773	3	le	le	_	_	_	_	_	linguistic	_	none	_	_	_	_	_	_
773-4	TOI020	773	773	4	cantine,	cantine	_	_	_	_	_	linguistic	_	none	Intonation=WeaklyRising	End=2239.76	_	_	_	_
774-0	TOR004	774	774	0	ah	ah	_	_	_	_	_	linguistic	_	none	_	Begin=2239.851|End=2240.063	_	_	_	_
775-0	TOI020	775	775	0	e	e	_	_	_	_	_	linguistic	_	none	_	Begin=2240.267	_	_	_	_
775-1	TOI020	775	775	1	quindi	quindi	_	_	_	_	_	linguistic	_	none	_	_	_	_	_	_
775-2	TOI020	775	775	2	mia	mia	_	_	_	_	_	linguistic	_	none	_	_	_	_	_	_
775-3	TOI020	775	775	3	mamma	mamma	_	_	_	_	_	linguistic	_	none	_	_	_	_	_	_
775-4	TOI020	775	775	4	cucinava	cucinava	_	_	_	_	_	linguistic	_	none	_	End=2242.197	_	_	_	_
776-0	TOR004	776	776	0	°cas[pita°]	caspita	_	_	_	_	_	linguistic	_	none	Volume=low	Begin=2242.561|End=2242.978	_	_	_	3-7(226)
777-0	TOI020	777	777	0	[m	m	_	_	_	_	_	linguistic	_	none	ProsodicLink=Yes	Begin=2242.872	_	_	_	0-1(226)
777-1	TOI020	777	777	1	eh]	eh	_	_	_	_	_	linguistic	_	none	_	_	_	_	_	0-2(226)
777-2	TOI020	777	777	2	la	la	_	_	_	_	_	linguistic	_	none	_	_	_	_	_	_
777-3	TOI020	777	777	3	roba	roba	_	_	_	_	_	linguistic	_	none	_	_	_	_	_	_
777-4	TOI020	777	777	4	che	che	_	_	_	_	_	linguistic	_	none	_	_	_	_	_	_
777-5	TOI020	777	777	5	veniva,	veniva	_	_	_	_	_	linguistic	_	none	Intonation=WeaklyRising	End=2244.73	_	_	_	_
778-0	TOI020	778	778	0	portata	portata	_	_	_	_	_	linguistic	_	none	_	Begin=2245.162|End=2246.23	_	_	_	_
779-0	TOI020	779	779	0	e::h	eh	_	_	_	_	_	linguistic	_	none	_	Begin=2246.396	0x2	_	_	_
779-1	TOI020	779	779	1	fresca.	fresca	_	_	_	_	_	linguistic	_	none	Intonation=Falling	End=2247.918	_	_	_	_
780-0	TOI020	780	780	0	quindi	quindi	_	_	_	_	_	linguistic	_	none	_	Begin=2248.518	_	_	_	_
780-1	TOI020	780	780	1	tu	tu	_	_	_	_	_	linguistic	_	none	_	_	_	_	_	_
780-2	TOI020	780	780	2	portavi:	portavi	_	_	_	_	_	linguistic	_	none	_	_	6x1	_	_	_
780-3	TOI020	780	780	3	il	il	_	_	_	_	_	linguistic	_	none	_	_	_	_	_	_
780-4	TOI020	780	780	4	pollo	pollo	_	_	_	_	_	linguistic	_	none	_	End=2250.791	_	_	_	_
781-0	TOR004	781	781	0	mh	mh	_	_	_	_	_	linguistic	_	none	_	Begin=2250.892	_	_	_	_
781-1	TOR004	781	781	1	mh	mh	_	_	_	_	_	linguistic	_	none	_	End=2251.369	_	_	_	_
782-0	TOI020	782	782	0	vivo	vivo	_	_	_	_	_	linguistic	_	none	_	Begin=2251.829|End=2252.306	_	_	_	_
783-0	TOI020	783	783	0	e::h	eh	_	_	_	_	_	linguistic	_	none	_	Begin=2253.527	0x2	_	_	_
783-1	TOI020	783	783	1	sì	sì	_	_	_	_	_	linguistic	_	none	_	_	_	_	_	_
783-2	TOI020	783	783	2	sì	sì	_	_	_	_	_	linguistic	_	none	_	_	_	_	_	_
783-3	TOI020	783	783	3	loro	loro	_	_	_	_	_	linguistic	_	none	_	_	_	_	_	_
783-4	TOI020	783	783	4	lei	lei	_	_	_	_	_	linguistic	_	none	_	_	_	_	_	_
783-5	TOI020	783	783	5	lo:	lo	_	_	_	_	_	linguistic	_	none	_	_	1x1	_	_	_
783-6	TOI020	783	783	6	ammazzava,	ammazzava	_	_	_	_	_	linguistic	_	none	Intonation=WeaklyRising	End=2257.293	_	_	_	_
784-0	TOI020	784	784	0	lo	lo	_	_	_	_	_	linguistic	_	none	_	Begin=2257.723	_	_	_	_
784-1	TOI020	784	784	1	puliva	puliva	_	_	_	_	_	linguistic	_	none	PauseAfter=Yes	_	_	_	_	_
784-2	TOI020	784	784	2	(.)	(.)	_	_	_	_	_	shortpause	_	none	_	_	_	_	_	_
784-3	TOI020	784	784	3	lo	lo	_	_	_	_	_	linguistic	_	none	_	_	_	_	_	_
784-4	TOI020	784	784	4	cucinava	cucinava	_	_	_	_	_	linguistic	_	none	_	_	_	_	_	_
784-5	TOI020	784	784	5	e	e	_	_	_	_	_	linguistic	_	none	_	_	_	_	_	_
784-6	TOI020	784	784	6	f~	f~	_	_	_	_	_	linguistic	_	none	Interrupted=Yes	_	_	_	_	_
784-7	TOI020	784	784	7	[lo	lo	_	_	_	_	_	linguistic	_	none	_	_	_	_	_	0-2(227)
784-8	TOI020	784	784	8	se~	se~	_	_	_	_	_	linguistic	_	none	Interrupted=Yes|PauseAfter=Yes	_	_	_	_	0-3(227)
784-9	TOI020	784	784	9	(.)	(.)	_	_	_	_	_	shortpause	_	none	_	_	_	_	_	_
784-10	TOI020	784	784	10	l]o:	lo	_	_	_	_	_	linguistic	_	none	_	_	1x1	_	_	0-1(227)
784-11	TOI020	784	784	11	servivano	servivano	_	_	_	_	_	linguistic	_	none	_	_	_	_	_	_
784-12	TOI020	784	784	12	da	da	_	_	_	_	_	linguistic	_	none	_	_	_	_	_	_
784-13	TOI020	784	784	13	mangiare.	mangiare	_	_	_	_	_	linguistic	_	none	Intonation=Falling	End=2262.382	_	_	_	_
785-0	TOR004	785	785	0	[lo	lo	_	_	_	_	_	linguistic	_	none	_	Begin=2260.075	_	_	_	0-2(227)
785-1	TOR004	785	785	1	serviva]	serviva	_	_	_	_	_	linguistic	_	none	_	End=2260.73	_	_	_	0-7(227)
786-0	TOI020	786	786	0	e	e	_	_	_	_	_	linguistic	_	none	_	Begin=2262.787	_	_	_	_
786-1	TOI020	786	786	1	tra	tra	_	_	_	_	_	linguistic	_	none	_	_	_	_	_	_
786-2	TOI020	786	786	2	l'	l'	_	_	_	_	_	linguistic	_	none	SpaceAfter=No	_	_	_	_	_
786-3	TOI020	786	786	3	altro	altro	_	_	_	_	_	linguistic	_	none	_	_	_	_	_	_
786-4	TOI020	786	786	4	l'	l'	_	_	_	_	_	linguistic	_	none	SpaceAfter=No	_	_	_	_	_
786-5	TOI020	786	786	5	altro	altro	_	_	_	_	_	linguistic	_	none	_	_	_	_	_	_
786-6	TOI020	786	786	6	giorno	giorno	_	_	_	_	_	linguistic	_	none	_	_	_	_	_	_
786-7	TOI020	786	786	7	sentivo	sentivo	_	_	_	_	_	linguistic	_	none	_	_	_	_	_	_
786-8	TOI020	786	786	8	per	per	_	_	_	_	_	linguistic	_	none	_	_	_	_	_	_
786-9	TOI020	786	786	9	televsione	televsione	_	_	_	_	_	linguistic	_	none	_	_	_	_	_	_
786-10	TOI020	786	786	10	che	che	_	_	_	_	_	linguistic	_	none	_	_	_	_	_	_
786-11	TOI020	786	786	11	c'	c'	_	_	_	_	_	linguistic	_	none	SpaceAfter=No	_	_	_	_	_
786-12	TOI020	786	786	12	è	è	_	_	_	_	_	linguistic	_	none	_	_	_	_	_	_
786-13	TOI020	786	786	13	un	un	_	_	_	_	_	linguistic	_	none	_	_	_	_	_	_
786-14	TOI020	786	786	14	po:sto,	posto	_	_	_	_	_	linguistic	_	none	Intonation=WeaklyRising	End=2267.034	1x1	_	_	_
787-0	TOI020	787	787	0	non	non	_	_	_	_	_	linguistic	_	none	_	Begin=2267.428	_	_	_	_
787-1	TOI020	787	787	1	mi	mi	_	_	_	_	_	linguistic	_	none	_	_	_	_	_	_
787-2	TOI020	787	787	2	ricordo	ricordo	_	_	_	_	_	linguistic	_	none	_	_	_	_	_	_
787-3	TOI020	787	787	3	dove,	dove	_	_	_	_	_	linguistic	_	none	Intonation=WeaklyRising	_	_	_	_	_
787-4	TOI020	787	787	4	dove	dove	_	_	_	_	_	linguistic	_	none	_	_	_	_	_	_
787-5	TOI020	787	787	5	avevano	avevano	_	_	_	_	_	linguistic	_	none	_	_	_	_	_	_
787-6	TOI020	787	787	6	questa	questa	_	_	_	_	_	linguistic	_	none	_	_	_	_	_	_
787-7	TOI020	787	787	7	tradizione.	tradizione	_	_	_	_	_	linguistic	_	none	Intonation=Falling	_	_	_	_	_
787-8	TOI020	787	787	8	mi	mi	_	_	_	_	_	linguistic	_	none	_	_	_	_	_	_
787-9	TOI020	787	787	9	sembra	sembra	_	_	_	_	_	linguistic	_	none	_	_	_	_	_	_
787-10	TOI020	787	787	10	in	in	_	_	_	_	_	linguistic	_	none	_	_	_	_	_	_
787-11	TOI020	787	787	11	toscana,	toscana	_	_	_	_	_	linguistic	_	none	Intonation=WeaklyRising	End=2271.929	_	_	_	_
788-0	TOR004	788	788	0	ah	ah	_	_	_	_	_	linguistic	_	none	_	Begin=2272.096|End=2272.347	_	_	_	_
789-0	TOI020	789	789	0	dove	dove	_	_	_	_	_	linguistic	_	none	_	Begin=2272.368	_	_	_	_
789-1	TOI020	789	789	1	avevano	avevano	_	_	_	_	_	linguistic	_	none	_	_	_	_	_	_
789-2	TOI020	789	789	2	questa	questa	_	_	_	_	_	linguistic	_	none	_	_	_	_	_	_
789-3	TOI020	789	789	3	tradizio[ne].	tradizione	_	_	_	_	_	linguistic	_	none	Intonation=Falling	End=2274.443	_	_	_	8-10(228)
790-0	TOR004	790	790	0	[ma	ma	_	_	_	_	_	linguistic	_	none	_	Begin=2274.219	_	_	_	0-2(228)
790-1	TOR004	790	790	1	pe]rché	perché	_	_	_	_	_	linguistic	_	none	_	_	_	_	_	0-2(228)
790-2	TOR004	790	790	2	si	si	_	_	_	_	_	linguistic	_	none	_	_	_	_	_	_
790-3	TOR004	790	790	3	faceva	faceva	_	_	_	_	_	linguistic	_	none	_	_	_	_	_	_
790-4	TOR004	790	790	4	prncipalmente	prncipalmente	_	_	_	_	_	linguistic	_	none	_	_	_	_	_	_
790-5	TOR004	790	790	5	col	col	_	_	_	_	_	linguistic	_	none	_	_	_	_	_	_
790-6	TOR004	790	790	6	pollo?	pollo	_	_	_	_	_	linguistic	_	none	Intonation=Rising	End=2276.203	_	_	_	_
791-0	TOI020	791	791	0	no	no	_	_	_	_	_	linguistic	_	none	_	Begin=2276.337	_	_	_	_
791-1	TOI020	791	791	1	no.	no	_	_	_	_	_	linguistic	_	none	Intonation=Falling	_	_	_	_	_
791-2	TOI020	791	791	2	si	si	_	_	_	_	_	linguistic	_	none	_	_	_	_	_	_
791-3	TOI020	791	791	3	[faceva	faceva	_	_	_	_	_	linguistic	_	none	_	_	_	_	_	0-6(229)
791-4	TOI020	791	791	4	con	con	_	_	_	_	_	linguistic	_	none	_	_	_	_	_	0-3(229)
791-5	TOI020	791	791	5	tu]tta	tutta	_	_	_	_	_	linguistic	_	none	_	_	_	_	_	0-2(229)
791-6	TOI020	791	791	6	la	la	_	_	_	_	_	linguistic	_	none	_	_	_	_	_	_
791-7	TOI020	791	791	7	roba	roba	_	_	_	_	_	linguistic	_	none	_	_	_	_	_	_
791-8	TOI020	791	791	8	che	che	_	_	_	_	_	linguistic	_	none	_	_	_	_	_	_
791-9	TOI020	791	791	9	ti	ti	_	_	_	_	_	linguistic	_	none	_	_	_	_	_	_
791-10	TOI020	791	791	10	portavano.	portavano	_	_	_	_	_	linguistic	_	none	Intonation=Falling	_	_	_	_	_
791-11	TOI020	791	791	11	ti	ti	_	_	_	_	_	linguistic	_	none	_	_	_	_	_	_
791-12	TOI020	791	791	12	portavano	portavano	_	_	_	_	_	linguistic	_	none	_	_	_	_	_	_
791-13	TOI020	791	791	13	il	il	_	_	_	_	_	linguistic	_	none	_	_	_	_	_	_
791-14	TOI020	791	791	14	merlu:zzo	merluzzo	_	_	_	_	_	linguistic	_	none	_	_	4x1	_	_	_
791-15	TOI020	791	791	15	ti	ti	_	_	_	_	_	linguistic	_	none	_	_	_	_	_	_
791-16	TOI020	791	791	16	po~	po~	_	_	_	_	_	linguistic	_	none	Interrupted=Yes	End=2281.106	_	_	_	_
792-0	TOR004	792	792	0	[(quindi)	quindi	_	_	_	_	_	linguistic	_	none	_	Begin=2277.067	_	_	0-6(0)	0-6(229)
792-1	TOR004	792	792	1	in	in	_	_	_	_	_	linguistic	_	none	_	_	_	_	_	0-2(229)
792-2	TOR004	792	792	2	generale]	generale	_	_	_	_	_	linguistic	_	none	_	End=2277.923	_	_	_	0-8(229)
793-0	TOR004	793	793	0	a:h	ah	_	_	_	_	_	linguistic	_	none	_	Begin=2281.228	0x1	_	_	_
793-1	TOR004	793	793	1	ma	ma	_	_	_	_	_	linguistic	_	none	_	_	_	_	_	_
793-2	TOR004	793	793	2	[quindi]	quindi	_	_	_	_	_	linguistic	_	none	_	_	_	_	_	0-6(230)
793-3	TOR004	793	793	3	gli	gli	_	_	_	_	_	linguistic	_	none	_	_	_	_	_	_
793-4	TOR004	793	793	4	altri	altri	_	_	_	_	_	linguistic	_	none	_	_	_	_	_	_
793-5	TOR004	793	793	5	portavano	portavano	_	_	_	_	_	linguistic	_	none	_	_	_	_	_	_
793-6	TOR004	793	793	6	da	da	_	_	_	_	_	linguistic	_	none	_	_	_	_	_	_
793-7	TOR004	793	793	7	mangia~	mangia~	_	_	_	_	_	linguistic	_	none	Interrupted=Yes	_	_	_	_	_
793-8	TOR004	793	793	8	[c(io)è	cioè	_	_	_	_	_	linguistic	_	none	Reduced=Yes	_	_	_	_	0-4(231)
793-9	TOR004	793	793	9	>proprio<	proprio	_	_	_	_	_	linguistic	_	none	_	_	_	Fast=0-7(0)	_	0-7(231)
793-10	TOR004	793	793	10	una]	una	_	_	_	_	_	linguistic	_	none	_	_	_	_	_	0-3(231)
793-11	TOR004	793	793	11	vera	vera	_	_	_	_	_	linguistic	_	none	_	_	_	_	_	_
793-12	TOR004	793	793	12	o[steria].	osteria	_	_	_	_	_	linguistic	_	none	Intonation=Falling	End=2284.425	_	_	_	1-7(232)
794-0	TOI020	794	794	0	[eh]	eh	_	_	_	_	_	linguistic	_	none	_	Begin=2281.547|End=2281.788	_	_	_	0-2(230)
795-0	TOI020	795	795	0	[i~	i~	_	_	_	_	_	linguistic	_	none	Interrupted=Yes	Begin=2282.896	_	_	_	0-2(231)
795-1	TOI020	795	795	1	i:o]	io	_	_	_	_	_	linguistic	_	none	_	End=2283.649	0x1	_	_	0-2(231)
796-0	TOI020	796	796	0	[i:o]	io	_	_	_	_	_	linguistic	_	none	_	Begin=2283.962	0x1	_	_	0-2(232)
796-1	TOI020	796	796	1	mi	mi	_	_	_	_	_	linguistic	_	none	_	_	_	_	_	_
796-2	TOI020	796	796	2	porto	porto	_	_	_	_	_	linguistic	_	none	_	_	_	_	_	_
796-3	TOI020	796	796	3	il	il	_	_	_	_	_	linguistic	_	none	_	_	_	_	_	_
796-4	TOI020	796	796	4	mangia[re,	mangiare	_	_	_	_	_	linguistic	_	none	Intonation=WeaklyRising	_	_	_	_	6-8(233)
796-5	TOI020	796	796	5	tu	tu	_	_	_	_	_	linguistic	_	none	_	_	_	_	_	0-2(233)
796-6	TOI020	796	796	6	me	me	_	_	_	_	_	linguistic	_	none	_	_	_	_	_	0-2(233)
796-7	TOI020	796	796	7	lo	lo	_	_	_	_	_	linguistic	_	none	_	_	_	_	_	0-2(233)
796-8	TOI020	796	796	8	cuci]ni	cucini	_	_	_	_	_	linguistic	_	none	_	_	_	_	_	0-4(233)
796-9	TOI020	796	796	9	[così].	così	_	_	_	_	_	linguistic	_	none	Intonation=Falling	End=2287.862	_	_	_	0-4(234)
797-0	TOR004	797	797	0	[sì	sì	_	_	_	_	_	linguistic	_	none	_	Begin=2285.877	_	_	_	0-2(233)
797-1	TOR004	797	797	1	sì	sì	_	_	_	_	_	linguistic	_	none	_	_	_	_	_	0-2(233)
797-2	TOR004	797	797	2	come:]	come	_	_	_	_	_	linguistic	_	none	_	End=2287.051	3x1	_	_	0-4(233)
798-0	TOR004	798	798	0	[sì	sì	_	_	_	_	_	linguistic	_	none	_	Begin=2287.385	_	_	_	0-2(234)
798-1	TOR004	798	798	1	ma]	ma	_	_	_	_	_	linguistic	_	none	_	_	_	_	_	0-2(234)
798-2	TOR004	798	798	2	è	è	_	_	_	_	_	linguistic	_	none	_	_	_	_	_	_
798-3	TOR004	798	798	3	una	una	_	_	_	_	_	linguistic	_	none	_	_	_	_	_	_
798-4	TOR004	798	798	4	cosa::	cosa	_	_	_	_	_	linguistic	_	none	_	_	3x2	_	_	_
798-5	TOR004	798	798	5	è	è	_	_	_	_	_	linguistic	_	none	_	_	_	_	_	_
798-6	TOR004	798	798	6	una	una	_	_	_	_	_	linguistic	_	none	_	_	_	_	_	_
798-7	TOR004	798	798	7	cosa	cosa	_	_	_	_	_	linguistic	_	none	_	_	_	_	_	_
798-8	TOR004	798	798	8	che	che	_	_	_	_	_	linguistic	_	none	_	_	_	_	_	_
798-9	TOR004	798	798	9	si	si	_	_	_	_	_	linguistic	_	none	_	_	_	_	_	_
798-10	TOR004	798	798	10	face[va	faceva	_	_	_	_	_	linguistic	_	none	_	_	_	_	_	4-6(235)
798-11	TOR004	798	798	11	anche:]	anche	_	_	_	_	_	linguistic	_	none	_	_	4x1	_	_	0-5(235)
798-12	TOR004	798	798	12	eh	eh	_	_	_	_	_	linguistic	_	none	_	_	_	_	_	_
798-13	TOR004	798	798	13	nell'	nell'	_	_	_	_	_	linguistic	_	none	SpaceAfter=No	_	_	_	_	_
798-14	TOR004	798	798	14	antichtà	antichtà	_	_	_	_	_	linguistic	_	none	_	_	_	_	_	_
798-15	TOR004	798	798	15	comunque::	comunque	_	_	_	_	_	linguistic	_	none	_	_	7x2	_	_	_
798-16	TOR004	798	798	16	in	in	_	_	_	_	_	linguistic	_	none	_	_	_	_	_	_
798-17	TOR004	798	798	17	Ita~	ita~	_	_	_	_	_	linguistic	_	none	Interrupted=Yes|Volume=high	_	_	_	_	_
798-18	TOR004	798	798	18	eh	eh	_	_	_	_	_	linguistic	_	none	_	_	_	_	_	_
798-19	TOR004	798	798	19	ci(o)è	cioè	_	_	_	_	_	linguistic	_	none	Reduced=Yes	_	_	_	_	_
798-20	TOR004	798	798	20	nell'	nell'	_	_	_	_	_	linguistic	_	none	SpaceAfter=No	_	_	_	_	_
798-21	TOR004	798	798	21	antichità	antichità	_	_	_	_	_	linguistic	_	none	_	_	_	_	_	_
798-22	TOR004	798	798	22	oddio	oddio	_	_	_	_	_	linguistic	_	none	_	_	_	_	_	_
798-23	TOR004	798	798	23	n	n	_	_	_	_	_	linguistic	_	none	ProsodicLink=Yes	_	_	_	_	_
798-24	TOR004	798	798	24	e:h	eh	_	_	_	_	_	linguistic	_	none	_	_	0x1	_	1-2(0)	_
798-25	TOR004	798	798	25	(in)somma.	insomma	_	_	_	_	_	linguistic	_	none	Intonation=Falling	End=2294.282	_	_	0-1(0)	_
799-0	TOI020	799	799	0	[si	si	_	_	_	_	_	linguistic	_	none	_	Begin=2289.719	_	_	_	0-2(235)
799-1	TOI020	799	799	1	f~]	f~	_	_	_	_	_	linguistic	_	none	Interrupted=Yes	End=2290.195	_	_	_	0-2(235)
800-0	TOI020	800	800	0	sì	sì	_	_	_	_	_	linguistic	_	none	_	Begin=2294.282	_	_	_	_
800-1	TOI020	800	800	1	[infa~	infa~	_	_	_	_	_	linguistic	_	none	Interrupted=Yes	_	_	_	_	0-5(236)
800-2	TOI020	800	800	2	mh]	mh	_	_	_	_	_	linguistic	_	none	_	End=2295.163	_	_	_	0-2(236)
801-0	TOR004	801	801	0	[me~	me~	_	_	_	_	_	linguistic	_	none	Interrupted=Yes	Begin=2294.549	_	_	_	0-3(236)
801-1	TOR004	801	801	1	m	m	_	_	_	_	_	linguistic	_	none	ProsodicLink=Yes	_	_	_	_	0-1(236)
801-2	TOR004	801	801	2	eh	eh	_	_	_	_	_	linguistic	_	none	_	_	_	_	_	0-2(236)
801-3	TOR004	801	801	3	un	un	_	_	_	_	_	linguistic	_	none	_	_	_	_	_	0-2(236)
801-4	TOR004	801	801	4	se]colo	secolo	_	_	_	_	_	linguistic	_	none	_	_	_	_	_	0-2(236)
801-5	TOR004	801	801	5	fa	fa	_	_	_	_	_	linguistic	_	none	_	End=2295.752	_	_	_	_
802-0	TOI020	802	802	0	[da	da	_	_	_	_	_	linguistic	_	none	_	Begin=2296.37	_	_	_	0-2(237)
802-1	TOI020	802	802	1	noi	noi	_	_	_	_	_	linguistic	_	none	_	_	_	_	_	0-3(237)
802-2	TOI020	802	802	2	si	si	_	_	_	_	_	linguistic	_	none	_	_	_	_	_	0-2(237)
802-3	TOI020	802	802	3	faceva]	faceva	_	_	_	_	_	linguistic	_	none	_	_	_	_	_	0-6(237)
802-4	TOI020	802	802	4	così	così	_	_	_	_	_	linguistic	_	none	_	_	_	_	_	_
802-5	TOI020	802	802	5	e	e	_	_	_	_	_	linguistic	_	none	_	_	_	_	_	_
802-6	TOI020	802	802	6	lei	lei	_	_	_	_	_	linguistic	_	none	_	_	_	_	_	_
802-7	TOI020	802	802	7	quindi	quindi	_	_	_	_	_	linguistic	_	none	_	_	_	_	_	_
802-8	TOI020	802	802	8	face~	face~	_	_	_	_	_	linguistic	_	none	Interrupted=Yes	_	_	_	_	_
802-9	TOI020	802	802	9	cucinava:	cucinava	_	_	_	_	_	linguistic	_	none	_	_	7x1	_	_	_
802-10	TOI020	802	802	10	questa	questa	_	_	_	_	_	linguistic	_	none	_	_	_	_	_	_
802-11	TOI020	802	802	11	roba	roba	_	_	_	_	_	linguistic	_	none	_	_	_	_	_	_
802-12	TOI020	802	802	12	>faceva<	faceva	_	_	_	_	_	linguistic	_	none	_	End=2301.031	_	Fast=0-6(0)	_	_
803-0	TOR004	803	803	0	[però	però	_	_	_	_	_	linguistic	_	none	_	Begin=2296.37	_	_	_	0-4(237)
803-1	TOR004	803	803	1	si	si	_	_	_	_	_	linguistic	_	none	_	_	_	_	_	0-2(237)
803-2	TOR004	803	803	2	faceva	faceva	_	_	_	_	_	linguistic	_	none	_	_	_	_	_	0-6(237)
803-3	TOR004	803	803	3	di]	di	_	_	_	_	_	linguistic	_	none	_	End=2297.481	_	_	_	0-2(237)
804-0	TOI020	804	804	0	e	e	_	_	_	_	_	linguistic	_	none	_	Begin=2301.363	_	_	_	_
804-1	TOI020	804	804	1	noi	noi	_	_	_	_	_	linguistic	_	none	_	_	_	_	_	_
804-2	TOI020	804	804	2	aveva:mo,	avevamo	_	_	_	_	_	linguistic	_	none	Intonation=WeaklyRising	End=2302.752	4x1	_	_	_
805-0	TOI020	805	805	0	e:h	eh	_	_	_	_	_	linguistic	_	none	_	Begin=2303.232|End=2303.593	0x1	_	_	_
806-0	TOI020	806	806	0	c'	c'	_	_	_	_	_	linguistic	_	none	SpaceAfter=No	Begin=2303.801	_	_	_	_
806-1	TOI020	806	806	1	è	è	_	_	_	_	_	linguistic	_	none	_	_	_	_	_	_
806-2	TOI020	806	806	2	ancora	ancora	_	_	_	_	_	linguistic	_	none	_	_	_	_	_	_
806-3	TOI020	806	806	3	nella	nella	_	_	_	_	_	linguistic	_	none	_	_	_	_	_	_
806-4	TOI020	806	806	4	casa:	casa	_	_	_	_	_	linguistic	_	none	_	_	3x1	_	_	_
806-5	TOI020	806	806	5	paterna,	paterna	_	_	_	_	_	linguistic	_	none	Intonation=WeaklyRising	End=2306.1	_	_	_	_
807-0	TOI020	807	807	0	avevamo	avevamo	_	_	_	_	_	linguistic	_	none	PauseAfter=Yes	Begin=2306.723	_	_	_	_
807-1	TOI020	807	807	1	(.)	(.)	_	_	_	_	_	shortpause	_	none	_	_	_	_	_	_
807-2	TOI020	807	807	2	il	il	_	_	_	_	_	linguistic	_	none	_	_	_	_	_	_
807-3	TOI020	807	807	3	camino,	camino	_	_	_	_	_	linguistic	_	none	Intonation=WeaklyRising	_	_	_	_	_
807-4	TOI020	807	807	4	con	con	_	_	_	_	_	linguistic	_	none	_	_	_	_	_	_
807-5	TOI020	807	807	5	le	le	_	_	_	_	_	linguistic	_	none	_	_	_	_	_	_
807-6	TOI020	807	807	6	due	due	_	_	_	_	_	linguistic	_	none	_	_	_	_	_	_
807-7	TOI020	807	807	7	fornace::	fornace	_	_	_	_	_	linguistic	_	none	_	_	6x2	_	_	_
807-8	TOI020	807	807	8	di	di	_	_	_	_	_	linguistic	_	none	_	_	_	_	_	_
807-9	TOI020	807	807	9	f~	f~	_	_	_	_	_	linguistic	_	none	Interrupted=Yes	_	_	_	_	_
807-10	TOI020	807	807	10	di	di	_	_	_	_	_	linguistic	_	none	_	_	_	_	_	_
807-11	TOI020	807	807	11	fianco	fianco	_	_	_	_	_	linguistic	_	none	_	_	_	_	_	_
807-12	TOI020	807	807	12	una	una	_	_	_	_	_	linguistic	_	none	_	_	_	_	_	_
807-13	TOI020	807	807	13	con	con	_	_	_	_	_	linguistic	_	none	ProsodicLink=Yes	_	_	_	_	_
807-14	TOI020	807	807	14	eh	eh	_	_	_	_	_	linguistic	_	none	_	_	_	_	_	_
807-15	TOI020	807	807	15	il	il	_	_	_	_	_	linguistic	_	none	_	_	_	_	_	_
807-16	TOI020	807	807	16	pentolone	pentolone	_	_	_	_	_	linguistic	_	none	_	End=2313.75	_	_	_	_
808-0	TOI020	808	808	0	con	con	_	_	_	_	_	linguistic	_	none	_	Begin=2314.261	_	_	_	_
808-1	TOI020	808	808	1	per	per	_	_	_	_	_	linguistic	_	none	_	_	_	_	_	_
808-2	TOI020	808	808	2	l'	l'	_	_	_	_	_	linguistic	_	none	SpaceAfter=No	_	_	_	_	_
808-3	TOI020	808	808	3	acqua	acqua	_	_	_	_	_	linguistic	_	none	_	_	_	_	_	_
808-4	TOI020	808	808	4	calda,	calda	_	_	_	_	_	linguistic	_	none	Intonation=WeaklyRising	End=2315.624	_	_	_	_
809-0	TOI020	809	809	0	e	e	_	_	_	_	_	linguistic	_	none	_	Begin=2315.858	_	_	_	_
809-1	TOI020	809	809	1	l'	l'	_	_	_	_	_	linguistic	_	none	SpaceAfter=No	_	_	_	_	_
809-2	TOI020	809	809	2	altra	altra	_	_	_	_	_	linguistic	_	none	_	_	_	_	_	_
809-3	TOI020	809	809	3	che	che	_	_	_	_	_	linguistic	_	none	_	_	_	_	_	_
809-4	TOI020	809	809	4	era	era	_	_	_	_	_	linguistic	_	none	_	_	_	_	_	_
809-5	TOI020	809	809	5	e::h	eh	_	_	_	_	_	linguistic	_	none	_	_	0x2	_	_	_
809-6	TOI020	809	809	6	mh	mh	_	_	_	_	_	linguistic	_	none	_	_	_	_	_	_
809-7	TOI020	809	809	7	per	per	_	_	_	_	_	linguistic	_	none	_	_	_	_	_	_
809-8	TOI020	809	809	8	fare	fare	_	_	_	_	_	linguistic	_	none	_	_	_	_	_	_
809-9	TOI020	809	809	9	la	la	_	_	_	_	_	linguistic	_	none	_	_	_	_	_	_
809-10	TOI020	809	809	10	carne:	carne	_	_	_	_	_	linguistic	_	none	_	_	4x1	_	_	_
809-11	TOI020	809	809	11	o	o	_	_	_	_	_	linguistic	_	none	_	_	_	_	_	_
809-12	TOI020	809	809	12	comunque	comunque	_	_	_	_	_	linguistic	_	none	_	_	_	_	_	_
809-13	TOI020	809	809	13	per	per	_	_	_	_	_	linguistic	_	none	_	_	_	_	_	_
809-14	TOI020	809	809	14	usare	usare	_	_	_	_	_	linguistic	_	none	_	_	_	_	_	_
809-15	TOI020	809	809	15	le	le	_	_	_	_	_	linguistic	_	none	_	_	_	_	_	_
809-16	TOI020	809	809	16	padelle	padelle	_	_	_	_	_	linguistic	_	none	_	_	_	_	_	_
809-17	TOI020	809	809	17	per	per	_	_	_	_	_	linguistic	_	none	_	_	_	_	_	_
809-18	TOI020	809	809	18	friggere	friggere	_	_	_	_	_	linguistic	_	none	_	_	_	_	_	_
809-19	TOI020	809	809	19	p[er]	per	_	_	_	_	_	linguistic	_	none	_	End=2323.021	_	_	_	0-3(238)
810-0	TOR004	810	810	0	[mh]	mh	_	_	_	_	_	linguistic	_	none	_	Begin=2322.85	_	_	_	0-2(238)
810-1	TOR004	810	810	1	mh	mh	_	_	_	_	_	linguistic	_	none	_	End=2323.247	_	_	_	_
811-0	TOI020	811	811	0	e	e	_	_	_	_	_	linguistic	_	none	_	Begin=2323.356	_	_	_	_
811-1	TOI020	811	811	1	lei:	lei	_	_	_	_	_	linguistic	_	none	_	_	2x1	_	_	_
811-2	TOI020	811	811	2	>°faceva	faceva	_	_	_	_	_	linguistic	_	none	Volume=low	_	_	Fast=0-6(0)	_	_
811-3	TOI020	811	811	3	quello°<	quello	_	_	_	_	_	linguistic	_	none	Volume=low	_	_	Fast=0-6(0)	_	_
811-4	TOI020	811	811	4	po:i,	poi	_	_	_	_	_	linguistic	_	none	Intonation=WeaklyRising	End=2325.376	1x1	_	_	_
812-0	TOI020	812	812	0	eh	eh	_	_	_	_	_	linguistic	_	none	_	Begin=2325.66	_	_	_	_
812-1	TOI020	812	812	1	quando	quando	_	_	_	_	_	linguistic	_	none	_	_	_	_	_	_
812-2	TOI020	812	812	2	hanno:::	hanno	_	_	_	_	_	linguistic	_	none	_	_	4x3	_	_	_
812-3	TOI020	812	812	3	non	non	_	_	_	_	_	linguistic	_	none	_	_	_	_	_	_
812-4	TOI020	812	812	4	ha	ha	_	_	_	_	_	linguistic	_	none	_	_	_	_	_	_
812-5	TOI020	812	812	5	fatto	fatto	_	_	_	_	_	linguistic	_	none	_	_	_	_	_	_
812-6	TOI020	812	812	6	più	più	_	_	_	_	_	linguistic	_	none	_	_	_	_	_	_
812-7	TOI020	812	812	7	questo	questo	_	_	_	_	_	linguistic	_	none	_	_	_	_	_	_
812-8	TOI020	812	812	8	lavoro	lavoro	_	_	_	_	_	linguistic	_	none	_	_	_	_	_	_
812-9	TOI020	812	812	9	qua	qua	_	_	_	_	_	linguistic	_	none	_	End=2329.473	_	_	_	_
813-0	TOI020	813	813	0	n	n	_	_	_	_	_	linguistic	_	none	ProsodicLink=Yes	Begin=2330.032	_	_	_	_
813-1	TOI020	813	813	1	eh	eh	_	_	_	_	_	linguistic	_	none	_	_	_	_	_	_
813-2	TOI020	813	813	2	mio	mio	_	_	_	_	_	linguistic	_	none	_	_	_	_	_	_
813-3	TOI020	813	813	3	padre	padre	_	_	_	_	_	linguistic	_	none	_	_	_	_	_	_
813-4	TOI020	813	813	4	faceva:	faceva	_	_	_	_	_	linguistic	_	none	_	End=2332.028	5x1	_	_	_
814-0	TOI020	814	814	0	m	m	_	_	_	_	_	linguistic	_	none	ProsodicLink=Yes	Begin=2332.581	_	_	_	_
814-1	TOI020	814	814	1	e::h	eh	_	_	_	_	_	linguistic	_	none	_	_	0x2	_	_	_
814-2	TOI020	814	814	2	portava:::	portava	_	_	_	_	_	linguistic	_	none	_	_	6x3	_	_	_
814-3	TOI020	814	814	3	mh	mh	_	_	_	_	_	linguistic	_	none	_	_	_	_	_	_
814-4	TOI020	814	814	4	caricava	caricava	_	_	_	_	_	linguistic	_	none	_	_	_	_	_	_
814-5	TOI020	814	814	5	il	il	_	_	_	_	_	linguistic	_	none	_	_	_	_	_	_
814-6	TOI020	814	814	6	vi:no	vino	_	_	_	_	_	linguistic	_	none	_	_	1x1	_	_	_
814-7	TOI020	814	814	7	aveva	aveva	_	_	_	_	_	linguistic	_	none	_	_	_	_	_	_
814-8	TOI020	814	814	8	prima	prima	_	_	_	_	_	linguistic	_	none	_	_	_	_	_	_
814-9	TOI020	814	814	9	il	il	_	_	_	_	_	linguistic	_	none	_	_	_	_	_	_
814-10	TOI020	814	814	10	il	il	_	_	_	_	_	linguistic	_	none	_	_	_	_	_	_
814-11	TOI020	814	814	11	traino	traino	_	_	_	_	_	linguistic	_	none	_	_	_	_	_	_
814-12	TOI020	814	814	12	con	con	_	_	_	_	_	linguistic	_	none	_	_	_	_	_	_
814-13	TOI020	814	814	13	il	il	_	_	_	_	_	linguistic	_	none	ProsodicLink=Yes	_	_	_	_	_
814-14	TOI020	814	814	14	eh	eh	_	_	_	_	_	linguistic	_	none	_	_	_	_	_	_
814-15	TOI020	814	814	15	con	con	_	_	_	_	_	linguistic	_	none	_	_	_	_	_	_
814-16	TOI020	814	814	16	i	i	_	_	_	_	_	linguistic	_	none	_	_	_	_	_	_
814-17	TOI020	814	814	17	cavalli.	cavalli	_	_	_	_	_	linguistic	_	none	Intonation=Falling	End=2340.027	_	_	_	_
815-0	TOR004	815	815	0	mh	mh	_	_	_	_	_	linguistic	_	none	_	Begin=2340.091	_	_	_	_
815-1	TOR004	815	815	1	mh	mh	_	_	_	_	_	linguistic	_	none	_	End=2340.414	_	_	_	_
816-0	TOI020	816	816	0	poi	poi	_	_	_	_	_	linguistic	_	none	_	Begin=2340.892	_	_	_	_
816-1	TOI020	816	816	1	dopo	dopo	_	_	_	_	_	linguistic	_	none	_	_	_	_	_	_
816-2	TOI020	816	816	2	è	è	_	_	_	_	_	linguistic	_	none	_	_	_	_	_	_
816-3	TOI020	816	816	3	stato	stato	_	_	_	_	_	linguistic	_	none	_	_	_	_	_	_
816-4	TOI020	816	816	4	uno	uno	_	_	_	_	_	linguistic	_	none	_	_	_	_	_	_
816-5	TOI020	816	816	5	dei	dei	_	_	_	_	_	linguistic	_	none	_	_	_	_	_	_
816-6	TOI020	816	816	6	primi	primi	_	_	_	_	_	linguistic	_	none	_	_	_	_	_	_
816-7	TOI020	816	816	7	ad	ad	_	_	_	_	_	linguistic	_	none	_	_	_	_	_	_
816-8	TOI020	816	816	8	aver	aver	_	_	_	_	_	linguistic	_	none	_	_	_	_	_	_
816-9	TOI020	816	816	9	preso	preso	_	_	_	_	_	linguistic	_	none	_	_	_	_	_	_
816-10	TOI020	816	816	10	la	la	_	_	_	_	_	linguistic	_	none	_	_	_	_	_	_
816-11	TOI020	816	816	11	patente	patente	_	_	_	_	_	linguistic	_	none	_	_	_	_	_	_
816-12	TOI020	816	816	12	e	e	_	_	_	_	_	linguistic	_	none	_	_	_	_	_	_
816-13	TOI020	816	816	13	aveva	aveva	_	_	_	_	_	linguistic	_	none	_	_	_	_	_	_
816-14	TOI020	816	816	14	il	il	_	_	_	_	_	linguistic	_	none	_	_	_	_	_	_
816-15	TOI020	816	816	15	camion.	camion	_	_	_	_	_	linguistic	_	none	Intonation=Falling	End=2345.767	_	_	_	_
817-0	TOI020	817	817	0	e	e	_	_	_	_	_	linguistic	_	none	_	Begin=2346.137	_	_	_	_
817-1	TOI020	817	817	1	quindi:	quindi	_	_	_	_	_	linguistic	_	none	_	_	5x1	_	_	_
817-2	TOI020	817	817	2	v~	v~	_	_	_	_	_	linguistic	_	none	Interrupted=Yes	_	_	_	_	_
817-3	TOI020	817	817	3	andava	andava	_	_	_	_	_	linguistic	_	none	_	_	_	_	_	_
817-4	TOI020	817	817	4	in	in	_	_	_	_	_	linguistic	_	none	_	_	_	_	_	_
817-5	TOI020	817	817	5	giro:	giro	_	_	_	_	_	linguistic	_	none	_	_	3x1	_	_	_
817-6	TOI020	817	817	6	faceva:	faceva	_	_	_	_	_	linguistic	_	none	_	_	5x1	_	_	_
817-7	TOI020	817	817	7	trasporto.	trasporto	_	_	_	_	_	linguistic	_	none	Intonation=Falling	End=2349.568	_	_	_	_
818-0	TOI020	818	818	0	poi	poi	_	_	_	_	_	linguistic	_	none	_	Begin=2350.585	_	_	_	_
818-1	TOI020	818	818	1	ha	ha	_	_	_	_	_	linguistic	_	none	_	_	_	_	_	_
818-2	TOI020	818	818	2	avuto	avuto	_	_	_	_	_	linguistic	_	none	_	_	_	_	_	_
818-3	TOI020	818	818	3	un	un	_	_	_	_	_	linguistic	_	none	_	_	_	_	_	_
818-4	TOI020	818	818	4	problema	problema	_	_	_	_	_	linguistic	_	none	_	_	_	_	_	_
818-5	TOI020	818	818	5	di	di	_	_	_	_	_	linguistic	_	none	_	_	_	_	_	_
818-6	TOI020	818	818	6	salute	salute	_	_	_	_	_	linguistic	_	none	_	_	_	_	_	_
818-7	TOI020	818	818	7	e	e	_	_	_	_	_	linguistic	_	none	_	_	_	_	_	_
818-8	TOI020	818	818	8	quindi	quindi	_	_	_	_	_	linguistic	_	none	_	_	_	_	_	_
818-9	TOI020	818	818	9	non	non	_	_	_	_	_	linguistic	_	none	_	_	_	_	_	_
818-10	TOI020	818	818	10	ha	ha	_	_	_	_	_	linguistic	_	none	_	_	_	_	_	_
818-11	TOI020	818	818	11	potuto	potuto	_	_	_	_	_	linguistic	_	none	_	_	_	_	_	_
818-12	TOI020	818	818	12	più	più	_	_	_	_	_	linguistic	_	none	_	_	_	_	_	_
818-13	TOI020	818	818	13	fare	fare	_	_	_	_	_	linguistic	_	none	_	_	_	_	_	_
818-14	TOI020	818	818	14	questo:	questo	_	_	_	_	_	linguistic	_	none	_	_	5x1	_	_	_
818-15	TOI020	818	818	15	lavoro,	lavoro	_	_	_	_	_	linguistic	_	none	Intonation=WeaklyRising	End=2355.9	_	_	_	_
819-0	TOI020	819	819	0	e:h	eh	_	_	_	_	_	linguistic	_	none	_	Begin=2356.479	0x1	_	_	_
819-1	TOI020	819	819	1	non	non	_	_	_	_	_	linguistic	_	none	_	_	_	_	_	_
819-2	TOI020	819	819	2	hanno:	hanno	_	_	_	_	_	linguistic	_	none	_	_	4x1	_	_	_
819-3	TOI020	819	819	3	più	più	_	_	_	_	_	linguistic	_	none	_	_	_	_	_	_
819-4	TOI020	819	819	4	avuto	avuto	_	_	_	_	_	linguistic	_	none	_	_	_	_	_	_
819-5	TOI020	819	819	5	la::	la	_	_	_	_	_	linguistic	_	none	_	_	1x2	_	_	_
819-6	TOI020	819	819	6	questa	questa	_	_	_	_	_	linguistic	_	none	_	_	_	_	_	_
819-7	TOI020	819	819	7	cantina	cantina	_	_	_	_	_	linguistic	_	none	_	_	_	_	_	_
819-8	TOI020	819	819	8	perché	perché	_	_	_	_	_	linguistic	_	none	_	_	_	_	_	_
819-9	TOI020	819	819	9	è	è	_	_	_	_	_	linguistic	_	none	_	_	_	_	_	_
819-10	TOI020	819	819	10	andata:	andata	_	_	_	_	_	linguistic	_	none	_	_	5x1	_	_	_
819-11	TOI020	819	819	11	a	a	_	_	_	_	_	linguistic	_	none	_	_	_	_	_	_
819-12	TOI020	819	819	12	la:	la	_	_	_	_	_	linguistic	_	none	_	_	1x1	_	_	_
819-13	TOI020	819	819	13	a	a	_	_	_	_	_	linguistic	_	none	_	_	_	_	_	_
819-14	TOI020	819	819	14	un	un	_	_	_	_	_	linguistic	_	none	_	_	_	_	_	_
819-15	TOI020	819	819	15	fratello	fratello	_	_	_	_	_	linguistic	_	none	_	_	_	_	_	_
819-16	TOI020	819	819	16	di:	di	_	_	_	_	_	linguistic	_	none	_	_	1x1	_	_	_
819-17	TOI020	819	819	17	di	di	_	_	_	_	_	linguistic	_	none	_	_	_	_	_	_
819-18	TOI020	819	819	18	mio	mio	_	_	_	_	_	linguistic	_	none	_	_	_	_	_	_
819-19	TOI020	819	819	19	papà,	papà	_	_	_	_	_	linguistic	_	none	Intonation=WeaklyRising	End=2363.966	_	_	_	_
820-0	TOI020	820	820	0	e	e	_	_	_	_	_	linguistic	_	none	_	Begin=2364.679	_	_	_	_
820-1	TOI020	820	820	1	a	a	_	_	_	_	_	linguistic	_	none	_	_	_	_	_	_
820-2	TOI020	820	820	2	quel	quel	_	_	_	_	_	linguistic	_	none	_	_	_	_	_	_
820-3	TOI020	820	820	3	punto	punto	_	_	_	_	_	linguistic	_	none	_	_	_	_	_	_
820-4	TOI020	820	820	4	lì	lì	_	_	_	_	_	linguistic	_	none	_	_	_	_	_	_
820-5	TOI020	820	820	5	mia	mia	_	_	_	_	_	linguistic	_	none	_	_	_	_	_	_
820-6	TOI020	820	820	6	mamma	mamma	_	_	_	_	_	linguistic	_	none	_	_	_	_	_	_
820-7	TOI020	820	820	7	ha	ha	_	_	_	_	_	linguistic	_	none	_	_	_	_	_	_
820-8	TOI020	820	820	8	iniziato	iniziato	_	_	_	_	_	linguistic	_	none	_	_	_	_	_	_
820-9	TOI020	820	820	9	a:	a	_	_	_	_	_	linguistic	_	none	_	_	0x1	_	_	_
820-10	TOI020	820	820	10	a	a	_	_	_	_	_	linguistic	_	none	_	_	_	_	_	_
820-11	TOI020	820	820	11	fare	fare	_	_	_	_	_	linguistic	_	none	_	_	_	_	_	_
820-12	TOI020	820	820	12	il	il	_	_	_	_	_	linguistic	_	none	_	_	_	_	_	_
820-13	TOI020	820	820	13	pane	pane	_	_	_	_	_	linguistic	_	none	_	_	_	_	_	_
820-14	TOI020	820	820	14	in	in	_	_	_	_	_	linguistic	_	none	_	_	_	_	_	_
820-15	TOI020	820	820	15	casa.	casa	_	_	_	_	_	linguistic	_	none	Intonation=Falling	_	_	_	_	_
820-16	TOI020	820	820	16	ve[ndeva]	vendeva	_	_	_	_	_	linguistic	_	none	_	_	_	_	_	2-7(239)
820-17	TOI020	820	820	17	il	il	_	_	_	_	_	linguistic	_	none	_	_	_	_	_	_
820-18	TOI020	820	820	18	pane	pane	_	_	_	_	_	linguistic	_	none	_	_	_	_	_	_
820-19	TOI020	820	820	19	che	che	_	_	_	_	_	linguistic	_	none	_	_	_	_	_	_
820-20	TOI020	820	820	20	faceva	faceva	_	_	_	_	_	linguistic	_	none	_	_	_	_	_	_
820-21	TOI020	820	820	21	n	n	_	_	_	_	_	linguistic	_	none	_	_	_	_	_	_
820-22	TOI020	820	820	22	casa,	casa	_	_	_	_	_	linguistic	_	none	Intonation=WeaklyRising	End=2371.167	_	_	_	_
821-0	TOR004	821	821	0	[mh	mh	_	_	_	_	_	linguistic	_	none	_	Begin=2369.057	_	_	_	0-2(239)
821-1	TOR004	821	821	1	mh]	mh	_	_	_	_	_	linguistic	_	none	_	End=2369.43	_	_	_	0-2(239)
822-0	TOI020	822	822	0	l'	l'	_	_	_	_	_	linguistic	_	none	SpaceAfter=No	Begin=2371.713	_	_	_	_
822-1	TOI020	822	822	1	ha	ha	_	_	_	_	_	linguistic	_	none	_	_	_	_	_	_
822-2	TOI020	822	822	2	fatto	fatto	_	_	_	_	_	linguistic	_	none	_	_	_	_	_	_
822-3	TOI020	822	822	3	per	per	_	_	_	_	_	linguistic	_	none	_	_	_	_	_	_
822-4	TOI020	822	822	4	tanti	tanti	_	_	_	_	_	linguistic	_	none	_	_	_	_	_	_
822-5	TOI020	822	822	5	anni,	anni	_	_	_	_	_	linguistic	_	none	Intonation=WeaklyRising	End=2373.347	_	_	_	_
823-0	TOI020	823	823	0	poi:::	poi	_	_	_	_	_	linguistic	_	none	_	Begin=2374.047	2x3	_	_	_
823-1	TOI020	823	823	1	principalmente	principalmente	_	_	_	_	_	linguistic	_	none	_	_	_	_	_	_
823-2	TOI020	823	823	2	ha	ha	_	_	_	_	_	linguistic	_	none	_	_	_	_	_	_
823-3	TOI020	823	823	3	fatto	fatto	_	_	_	_	_	linguistic	_	none	_	_	_	_	_	_
823-4	TOI020	823	823	4	questo.	questo	_	_	_	_	_	linguistic	_	none	Intonation=Falling	End=2377.279	_	_	_	_
824-0	TOR004	824	824	0	mh	mh	_	_	_	_	_	linguistic	_	none	_	Begin=2377.479	_	_	_	_
824-1	TOR004	824	824	1	mh	mh	_	_	_	_	_	linguistic	_	none	_	End=2377.781	_	_	_	_
825-0	TOI020	825	825	0	°e	e	_	_	_	_	_	linguistic	_	none	Volume=low	Begin=2377.895	_	_	_	_
825-1	TOI020	825	825	1	no.	no	_	_	_	_	_	linguistic	_	none	Intonation=Falling|Volume=low	_	_	_	_	_
825-2	TOI020	825	825	2	poi	poi	_	_	_	_	_	linguistic	_	none	Volume=low	_	_	_	_	_
825-3	TOI020	825	825	3	faceva:°	faceva	_	_	_	_	_	linguistic	_	none	Volume=low	End=2379.778	5x1	_	_	_
826-0	TOR004	826	826	0	sì	sì	_	_	_	_	_	linguistic	_	none	_	Begin=2380.182	_	_	_	_
826-1	TOR004	826	826	1	vita	vita	_	_	_	_	_	linguistic	_	none	_	_	_	_	_	_
826-2	TOR004	826	826	2	di	di	_	_	_	_	_	linguistic	_	none	_	_	_	_	_	_
826-3	TOR004	826	826	3	campagna	campagna	_	_	_	_	_	linguistic	_	none	_	_	_	_	_	_
826-4	TOR004	826	826	4	[comun~	comun~	_	_	_	_	_	linguistic	_	none	Interrupted=Yes|PauseAfter=Yes	_	_	_	_	0-6(240)
826-5	TOR004	826	826	5	(.)	(.)	_	_	_	_	_	shortpause	_	none	_	_	_	_	_	_
826-6	TOR004	826	826	6	no].	no	_	_	_	_	_	linguistic	_	none	Intonation=Falling	End=2382.126	_	_	_	0-2(240)
827-0	TOI020	827	827	0	[no.	no	_	_	_	_	_	linguistic	_	none	Intonation=Falling	Begin=2381.331	_	_	_	0-2(240)
827-1	TOI020	827	827	1	non]	non	_	_	_	_	_	linguistic	_	none	_	_	_	_	_	0-3(240)
827-2	TOI020	827	827	2	campagna	campagna	_	_	_	_	_	linguistic	_	none	_	_	_	_	_	_
827-3	TOI020	827	827	3	noi	noi	_	_	_	_	_	linguistic	_	none	_	_	_	_	_	_
827-4	TOI020	827	827	4	era[vamo]	eravamo	_	_	_	_	_	linguistic	_	none	_	End=2383.499	_	_	_	3-7(241)
828-0	TOR004	828	828	0	[noi	noi	_	_	_	_	_	linguistic	_	none	_	Begin=2383.021	_	_	_	0-3(241)
828-1	TOR004	828	828	1	non	non	_	_	_	_	_	linguistic	_	none	_	_	_	_	_	0-3(241)
828-2	TOR004	828	828	2	e~]	e~	_	_	_	_	_	linguistic	_	none	Interrupted=Yes	_	_	_	_	0-2(241)
828-3	TOR004	828	828	3	non	non	_	_	_	_	_	linguistic	_	none	_	_	_	_	_	_
828-4	TOR004	828	828	4	er[avate	eravate	_	_	_	_	_	linguistic	_	none	_	_	_	_	_	2-7(242)
828-5	TOR004	828	828	5	>in	in	_	_	_	_	_	linguistic	_	none	_	_	_	Fast=0-2(0)	_	0-2(242)
828-6	TOR004	828	828	6	campagna<]	campagna	_	_	_	_	_	linguistic	_	none	_	End=2384.681	_	Fast=0-8(0)	_	0-8(242)
829-0	TOI020	829	829	0	[no	no	_	_	_	_	_	linguistic	_	none	_	Begin=2384.025	_	_	_	0-2(242)
829-1	TOI020	829	829	1	noi	noi	_	_	_	_	_	linguistic	_	none	_	_	_	_	_	0-3(242)
829-2	TOI020	829	829	2	in]	in	_	_	_	_	_	linguistic	_	none	_	_	_	_	_	0-2(242)
829-3	TOI020	829	829	3	c~	c~	_	_	_	_	_	linguistic	_	none	Interrupted=Yes	_	_	_	_	_
829-4	TOI020	829	829	4	la:	la	_	_	_	_	_	linguistic	_	none	_	_	1x1	_	_	_
829-5	TOI020	829	829	5	di	di	_	_	_	_	_	linguistic	_	none	_	_	_	_	_	_
829-6	TOI020	829	829	6	campagna::	campagna	_	_	_	_	_	linguistic	_	none	_	_	7x2	_	_	_
829-7	TOI020	829	829	7	m	m	_	_	_	_	_	linguistic	_	none	ProsodicLink=Yes	_	_	_	_	_
829-8	TOI020	829	829	8	e:h	eh	_	_	_	_	_	linguistic	_	none	_	_	0x1	_	_	_
829-9	TOI020	829	829	9	nente	nente	_	_	_	_	_	linguistic	_	none	_	_	_	_	_	_
829-10	TOI020	829	829	10	nel	nel	_	_	_	_	_	linguistic	_	none	_	_	_	_	_	_
829-11	TOI020	829	829	11	senso	senso	_	_	_	_	_	linguistic	_	none	_	_	_	_	_	_
829-12	TOI020	829	829	12	che	che	_	_	_	_	_	linguistic	_	none	_	_	_	_	_	_
829-13	TOI020	829	829	13	non	non	_	_	_	_	_	linguistic	_	none	_	_	_	_	_	_
829-14	TOI020	829	829	14	avevamo	avevamo	_	_	_	_	_	linguistic	_	none	_	_	_	_	_	_
829-15	TOI020	829	829	15	terreni.	terreni	_	_	_	_	_	linguistic	_	none	Intonation=Falling	End=2389.713	_	_	_	_
830-0	TOR004	830	830	0	mh	mh	_	_	_	_	_	linguistic	_	none	_	Begin=2389.85|End=2390.107	_	_	_	_
831-0	TOI020	831	831	0	la	la	_	_	_	_	_	linguistic	_	none	_	Begin=2390.834	_	_	_	_
831-1	TOI020	831	831	1	famiglia	famiglia	_	_	_	_	_	linguistic	_	none	_	_	_	_	_	_
831-2	TOI020	831	831	2	di	di	_	_	_	_	_	linguistic	_	none	_	_	_	_	_	_
831-3	TOI020	831	831	3	mio	mio	_	_	_	_	_	linguistic	_	none	_	_	_	_	_	_
831-4	TOI020	831	831	4	papà	papà	_	_	_	_	_	linguistic	_	none	_	_	_	_	_	_
831-5	TOI020	831	831	5	era	era	_	_	_	_	_	linguistic	_	none	_	_	_	_	_	_
831-6	TOI020	831	831	6	una	una	_	_	_	_	_	linguistic	_	none	_	_	_	_	_	_
831-7	TOI020	831	831	7	famiglia	famiglia	_	_	_	_	_	linguistic	_	none	_	_	_	_	_	_
831-8	TOI020	831	831	8	benestante.	benestante	_	_	_	_	_	linguistic	_	none	Intonation=Falling	End=2393.862	_	_	_	_
832-0	TOR004	832	832	0	ah	ah	_	_	_	_	_	linguistic	_	none	_	Begin=2393.958	_	_	_	_
832-1	TOR004	832	832	1	sì	sì	_	_	_	_	_	linguistic	_	none	_	_	_	_	_	_
832-2	TOR004	832	832	2	qund[i:]	qundi	_	_	_	_	_	linguistic	_	none	_	End=2395.057	4x1	_	_	4-5(243)
833-0	TOI020	833	833	0	[era]no::	erano	_	_	_	_	_	linguistic	_	none	_	Begin=2394.744	4x2	_	_	0-3(243)
833-1	TOI020	833	833	1	sì	sì	_	_	_	_	_	linguistic	_	none	_	_	_	_	_	_
833-2	TOI020	833	833	2	sì	sì	_	_	_	_	_	linguistic	_	none	_	_	_	_	_	_
833-3	TOI020	833	833	3	erano:	erano	_	_	_	_	_	linguistic	_	none	_	_	4x1	_	_	_
833-4	TOI020	833	833	4	benesta~	benesta~	_	_	_	_	_	linguistic	_	none	Interrupted=Yes	_	_	_	_	_
833-5	TOI020	833	833	5	infatti	infatti	_	_	_	_	_	linguistic	_	none	_	_	_	_	_	_
833-6	TOI020	833	833	6	è	è	_	_	_	_	_	linguistic	_	none	_	_	_	_	_	_
833-7	TOI020	833	833	7	stata	stata	_	_	_	_	_	linguistic	_	none	_	_	_	_	_	_
833-8	TOI020	833	833	8	una	una	_	_	_	_	_	linguistic	_	none	_	_	_	_	_	_
833-9	TOI020	833	833	9	delle	delle	_	_	_	_	_	linguistic	_	none	_	_	_	_	_	_
833-10	TOI020	833	833	10	prime	prime	_	_	_	_	_	linguistic	_	none	_	End=2399.607	_	_	_	_
834-0	TOI020	834	834	0	case	case	_	_	_	_	_	linguistic	_	none	_	Begin=2400.303	_	_	_	_
834-1	TOI020	834	834	1	ad	ad	_	_	_	_	_	linguistic	_	none	_	_	_	_	_	_
834-2	TOI020	834	834	2	aver	aver	_	_	_	_	_	linguistic	_	none	_	_	_	_	_	_
834-3	TOI020	834	834	3	avuto	avuto	_	_	_	_	_	linguistic	_	none	_	_	_	_	_	_
834-4	TOI020	834	834	4	l'	l'	_	_	_	_	_	linguistic	_	none	SpaceAfter=No	_	_	_	_	_
834-5	TOI020	834	834	5	acqua	acqua	_	_	_	_	_	linguistic	_	none	_	_	_	_	_	_
834-6	TOI020	834	834	6	in	in	_	_	_	_	_	linguistic	_	none	_	_	_	_	_	_
834-7	TOI020	834	834	7	casa.	casa	_	_	_	_	_	linguistic	_	none	Intonation=Falling	_	_	_	_	_
834-8	TOI020	834	834	8	con	con	_	_	_	_	_	linguistic	_	none	_	_	_	_	_	_
834-9	TOI020	834	834	9	il	il	_	_	_	_	_	linguistic	_	none	_	_	_	_	_	_
834-10	TOI020	834	834	10	bagno.	bagno	_	_	_	_	_	linguistic	_	none	Intonation=Falling	End=2404.27	_	_	_	_
835-0	TOR004	835	835	0	perché	perché	_	_	_	_	_	linguistic	_	none	_	Begin=2404.554	_	_	_	_
835-1	TOR004	835	835	1	n	n	_	_	_	_	_	linguistic	_	none	ProsodicLink=Yes	_	_	_	_	_
835-2	TOR004	835	835	2	eh	eh	_	_	_	_	_	linguistic	_	none	_	_	_	_	_	_
835-3	TOR004	835	835	3	[non	non	_	_	_	_	_	linguistic	_	none	_	_	_	_	_	0-3(244)
835-4	TOR004	835	835	4	er~	er~	_	_	_	_	_	linguistic	_	none	Interrupted=Yes	_	_	_	_	0-3(244)
835-5	TOR004	835	835	5	non	non	_	_	_	_	_	linguistic	_	none	_	_	_	_	_	0-3(244)
835-6	TOR004	835	835	6	c'	c'	_	_	_	_	_	linguistic	_	none	SpaceAfter=No	_	_	_	_	0-2(244)
835-7	TOR004	835	835	7	era]	era	_	_	_	_	_	linguistic	_	none	_	End=2406.15	_	_	_	0-3(244)
836-0	TOI020	836	836	0	[no	no	_	_	_	_	_	linguistic	_	none	_	Begin=2405.031	_	_	_	0-2(244)
836-1	TOI020	836	836	1	gua~	gua~	_	_	_	_	_	linguistic	_	none	Interrupted=Yes	_	_	_	_	0-4(244)
836-2	TOI020	836	836	2	erano]:	erano	_	_	_	_	_	linguistic	_	none	_	End=2406.197	4x1	_	_	0-5(244)
837-0	TOI020	837	837	0	non	non	_	_	_	_	_	linguistic	_	none	_	Begin=2406.486	_	_	_	_
837-1	TOI020	837	837	1	c'	c'	_	_	_	_	_	linguistic	_	none	SpaceAfter=No	_	_	_	_	_
837-2	TOI020	837	837	2	erano.	erano	_	_	_	_	_	linguistic	_	none	Intonation=Falling	_	_	_	_	_
837-3	TOI020	837	837	3	c'	c'	_	_	_	_	_	linguistic	_	none	SpaceAfter=No	_	_	_	_	_
837-4	TOI020	837	837	4	erano	erano	_	_	_	_	_	linguistic	_	none	_	_	_	_	_	_
837-5	TOI020	837	837	5	tante	tante	_	_	_	_	_	linguistic	_	none	_	_	_	_	_	_
837-6	TOI020	837	837	6	famiglie,	famiglie	_	_	_	_	_	linguistic	_	none	Intonation=WeaklyRising	End=2408.576	_	_	_	_
838-0	TOI020	838	838	0	che:	che	_	_	_	_	_	linguistic	_	none	_	Begin=2409.02	2x1	_	_	_
838-1	TOI020	838	838	1	eh	eh	_	_	_	_	_	linguistic	_	none	_	_	_	_	_	_
838-2	TOI020	838	838	2	passavano,	passavano	_	_	_	_	_	linguistic	_	none	Intonation=WeaklyRising	End=2410.797	_	_	_	_
839-0	TOI020	839	839	0	nel	nel	_	_	_	_	_	linguistic	_	none	ProsodicLink=Yes	Begin=2411.095	_	_	_	_
839-1	TOI020	839	839	1	eh	eh	_	_	_	_	_	linguistic	_	none	_	_	_	_	_	_
839-2	TOI020	839	839	2	paese	paese	_	_	_	_	_	linguistic	_	none	_	_	_	_	_	_
839-3	TOI020	839	839	3	a	a	_	_	_	_	_	linguistic	_	none	_	_	_	_	_	_
839-4	TOI020	839	839	4	ritirare::	ritirare	_	_	_	_	_	linguistic	_	none	_	_	7x2	_	_	_
839-5	TOI020	839	839	5	i::	i	_	_	_	_	_	linguistic	_	none	ProsodicLink=Yes	_	0x2	_	_	_
839-6	TOI020	839	839	6	mh	mh	_	_	_	_	_	linguistic	_	none	ProsodicLink=Yes	_	_	_	_	_
839-7	TOI020	839	839	7	eh	eh	_	_	_	_	_	linguistic	_	none	_	End=2414.791	_	_	_	_
840-0	TOR004	840	840	0	i	i	_	_	_	_	_	linguistic	_	none	_	Begin=2414.973	_	_	_	_
840-1	TOR004	840	840	1	bisogni	bisogni	_	_	_	_	_	linguistic	_	none	_	_	_	_	_	_
840-2	TOR004	840	840	2	di[ciamo].	diciamo	_	_	_	_	_	linguistic	_	none	Intonation=Falling	End=2415.984	_	_	_	2-7(245)
841-0	TOI020	841	841	0	[i	i	_	_	_	_	_	linguistic	_	none	_	Begin=2415.595	_	_	_	0-1(245)
841-1	TOI020	841	841	1	bis]ogni.	bisogni	_	_	_	_	_	linguistic	_	none	Intonation=Falling	_	_	_	_	0-3(245)
841-2	TOI020	841	841	2	sì	sì	_	_	_	_	_	linguistic	_	none	_	_	_	_	_	_
841-3	TOI020	841	841	3	sì	sì	_	_	_	_	_	linguistic	_	none	_	End=2416.955	_	_	_	_
842-0	TOR004	842	842	0	e	e	_	_	_	_	_	linguistic	_	none	_	Begin=2417.025	_	_	_	_
842-1	TOR004	842	842	1	quindi,	quindi	_	_	_	_	_	linguistic	_	none	Intonation=WeaklyRising	_	_	_	_	_
842-2	TOR004	842	842	2	ma	ma	_	_	_	_	_	linguistic	_	none	_	_	_	_	_	_
842-3	TOR004	842	842	3	questo	questo	_	_	_	_	_	linguistic	_	none	_	_	_	_	_	_
842-4	TOR004	842	842	4	fino	fino	_	_	_	_	_	linguistic	_	none	_	_	_	_	_	_
842-5	TOR004	842	842	5	in	in	_	_	_	_	_	linguistic	_	none	_	_	_	_	_	_
842-6	TOR004	842	842	6	epoca	epoca	_	_	_	_	_	linguistic	_	none	_	_	_	_	_	_
842-7	TOR004	842	842	7	recente?	recente	_	_	_	_	_	linguistic	_	none	Intonation=Rising	_	_	_	_	_
842-8	TOR004	842	842	8	nel	nel	_	_	_	_	_	linguistic	_	none	_	_	_	_	_	_
842-9	TOR004	842	842	9	senso	senso	_	_	_	_	_	linguistic	_	none	_	_	_	_	_	_
842-10	TOR004	842	842	10	l'	l'	_	_	_	_	_	linguistic	_	none	SpaceAfter=No	_	_	_	_	_
842-11	TOR004	842	842	11	acqua	acqua	_	_	_	_	_	linguistic	_	none	_	_	_	_	_	_
842-12	TOR004	842	842	12	è	è	_	_	_	_	_	linguistic	_	none	_	_	_	_	_	_
842-13	TOR004	842	842	13	mancata	mancata	_	_	_	_	_	linguistic	_	none	_	_	_	_	_	_
842-14	TOR004	842	842	14	fin[o::]	fino	_	_	_	_	_	linguistic	_	none	_	End=2421.259	3x2	_	_	2-4(246)
843-0	TOI020	843	843	0	[l'	l'	_	_	_	_	_	linguistic	_	none	SpaceAfter=No	Begin=2420.968	_	_	_	0-2(246)
843-1	TOI020	843	843	1	a]cqua	acqua	_	_	_	_	_	linguistic	_	none	_	_	_	_	_	0-1(246)
843-2	TOI020	843	843	2	in	in	_	_	_	_	_	linguistic	_	none	_	_	_	_	_	_
843-3	TOI020	843	843	3	c~	c~	_	_	_	_	_	linguistic	_	none	Interrupted=Yes	_	_	_	_	_
843-4	TOI020	843	843	4	eh	eh	_	_	_	_	_	linguistic	_	none	_	_	_	_	_	_
843-5	TOI020	843	843	5	l'	l'	_	_	_	_	_	linguistic	_	none	SpaceAfter=No	_	_	_	_	_
843-6	TOI020	843	843	6	acqua	acqua	_	_	_	_	_	linguistic	_	none	_	_	_	_	_	_
843-7	TOI020	843	843	7	c'	c'	_	_	_	_	_	linguistic	_	none	SpaceAfter=No	_	_	_	_	1-2(247)
843-8	TOI020	843	843	8	e[ra].	era	_	_	_	_	_	linguistic	_	none	Intonation=Falling	End=2423.333	_	_	_	0-1(247)
844-0	TOR004	844	844	0	[in	in	_	_	_	_	_	linguistic	_	none	_	Begin=2423.042	_	_	_	0-2(247)
844-1	TOR004	844	844	1	ca]s[a	casa	_	_	_	_	_	linguistic	_	none	_	_	_	_	_	0-2(247),3-4(248)
844-2	TOR004	844	844	2	inten~]	inten~	_	_	_	_	_	linguistic	_	none	Interrupted=Yes	End=2424.013	_	_	_	0-6(248)
845-0	TOI020	845	845	0	ma	ma	_	_	_	_	_	linguistic	_	none	_	Begin=2423.544	_	_	_	_
845-1	TOI020	845	845	1	andavi	andavi	_	_	_	_	_	linguistic	_	none	_	_	_	_	_	_
845-2	TOI020	845	845	2	eh	eh	_	_	_	_	_	linguistic	_	none	_	_	_	_	_	_
845-3	TOI020	845	845	3	in	in	_	_	_	_	_	linguistic	_	none	_	_	_	_	_	_
845-4	TOI020	845	845	4	nell[e:	nelle	_	_	_	_	_	linguistic	_	none	_	_	4x1	_	_	4-5(?)
845-5	TOI020	845	845	5	fonta]ne	fontane	_	_	_	_	_	linguistic	_	none	_	_	_	_	_	0-5(?)
845-6	TOI020	845	845	6	del	del	_	_	_	_	_	linguistic	_	none	_	_	_	_	_	_
845-7	TOI020	845	845	7	paese.	paese	_	_	_	_	_	linguistic	_	none	Intonation=Falling	End=2427.138	_	_	_	_
846-0	TOR004	846	846	0	[fonta:~]	fonta~	_	_	_	_	_	linguistic	_	none	Interrupted=Yes	Begin=2425.335|End=2426.027	4x1	_	_	0-6(249)
847-0	TOI020	847	847	0	>allora<	allora	_	_	_	_	_	linguistic	_	none	_	Begin=2427.535	_	Fast=0-6(0)	_	_
847-1	TOI020	847	847	1	mia	mia	_	_	_	_	_	linguistic	_	none	_	_	_	_	_	_
847-2	TOI020	847	847	2	mamma	mamma	_	_	_	_	_	linguistic	_	none	_	_	_	_	_	_
847-3	TOI020	847	847	3	si	si	_	_	_	_	_	linguistic	_	none	_	_	_	_	_	_
847-4	TOI020	847	847	4	è	è	_	_	_	_	_	linguistic	_	none	_	_	_	_	_	_
847-5	TOI020	847	847	5	sposata	sposata	_	_	_	_	_	linguistic	_	none	PauseAfter=Yes	_	_	_	_	_
847-6	TOI020	847	847	6	(.)	(.)	_	_	_	_	_	shortpause	_	none	_	_	_	_	_	_
847-7	TOI020	847	847	7	°e:h°	eh	_	_	_	_	_	linguistic	_	none	Volume=low	End=2430.667	0x1	_	_	_
848-0	TOI020	848	848	0	°nel,	nel	_	_	_	_	_	linguistic	_	none	Intonation=WeaklyRising|Volume=low	Begin=2431.116	_	_	_	_
848-1	TOI020	848	848	1	dunque.	dunque	_	_	_	_	_	linguistic	_	none	Intonation=Falling|Volume=low	_	_	_	_	_
848-2	TOI020	848	848	2	mio	mio	_	_	_	_	_	linguistic	_	none	Volume=low	_	_	_	_	_
848-3	TOI020	848	848	3	fratello	fratello	_	_	_	_	_	linguistic	_	none	Volume=low	_	_	_	_	_
848-4	TOI020	848	848	4	è	è	_	_	_	_	_	linguistic	_	none	Volume=low	_	_	_	_	_
848-5	TOI020	848	848	5	del	del	_	_	_	_	_	linguistic	_	none	Volume=low	_	_	_	_	_
848-6	TOI020	848	848	6	quarantasette.°	quarantasette	_	_	_	_	_	linguistic	_	none	Intonation=Falling|Volume=low	End=2434.779	_	_	_	_
849-0	TOI020	849	849	0	ne	ne	_	_	_	_	_	linguistic	_	none	_	Begin=2435.71	_	_	_	_
849-1	TOI020	849	849	1	ha	ha	_	_	_	_	_	linguistic	_	none	_	_	_	_	_	_
849-2	TOI020	849	849	2	avuto	avuto	_	_	_	_	_	linguistic	_	none	_	_	_	_	_	_
849-3	TOI020	849	849	3	uno	uno	_	_	_	_	_	linguistic	_	none	_	_	_	_	_	_
849-4	TOI020	849	849	4	prima.	prima	_	_	_	_	_	linguistic	_	none	Intonation=Falling	_	_	_	_	_
849-5	TOI020	849	849	5	quarantasei	quarantasei	_	_	_	_	_	linguistic	_	none	_	_	_	_	_	_
849-6	TOI020	849	849	6	quarantac~	quarantac~	_	_	_	_	_	linguistic	_	none	Interrupted=Yes	End=2438.711	_	_	_	_
850-0	TOI020	850	850	0	si	si	_	_	_	_	_	linguistic	_	none	_	Begin=2439.372	_	_	_	_
850-1	TOI020	850	850	1	sarà	sarà	_	_	_	_	_	linguistic	_	none	_	_	_	_	_	_
850-2	TOI020	850	850	2	sposata	sposata	_	_	_	_	_	linguistic	_	none	_	_	_	_	_	_
850-3	TOI020	850	850	3	nel	nel	_	_	_	_	_	linguistic	_	none	_	_	_	_	_	_
850-4	TOI020	850	850	4	quaran~	quaran~	_	_	_	_	_	linguistic	_	none	Interrupted=Yes	_	_	_	_	_
850-5	TOI020	850	850	5	eh	eh	_	_	_	_	_	linguistic	_	none	_	_	_	_	_	_
850-6	TOI020	850	850	6	negli	negli	_	_	_	_	_	linguistic	_	none	_	_	_	_	_	_
850-7	TOI020	850	850	7	anni	anni	_	_	_	_	_	linguistic	_	none	_	_	_	_	_	_
850-8	TOI020	850	850	8	quaranta,	quaranta	_	_	_	_	_	linguistic	_	none	Intonation=WeaklyRising	_	_	_	_	_
850-9	TOI020	850	850	9	e	e	_	_	_	_	_	linguistic	_	none	_	_	_	_	_	_
850-10	TOI020	850	850	10	non	non	_	_	_	_	_	linguistic	_	none	_	_	_	_	_	_
850-11	TOI020	850	850	11	tutti	tutti	_	_	_	_	_	linguistic	_	none	_	_	_	_	_	_
850-12	TOI020	850	850	12	avevano	avevano	_	_	_	_	_	linguistic	_	none	_	_	_	_	_	_
850-13	TOI020	850	850	13	l'	l'	_	_	_	_	_	linguistic	_	none	SpaceAfter=No	_	_	_	_	_
850-14	TOI020	850	850	14	acqua	acqua	_	_	_	_	_	linguistic	_	none	_	_	_	_	_	_
850-15	TOI020	850	850	15	in	in	_	_	_	_	_	linguistic	_	none	_	_	_	_	_	_
850-16	TOI020	850	850	16	casa,	casa	_	_	_	_	_	linguistic	_	none	Intonation=WeaklyRising	_	_	_	_	_
850-17	TOI020	850	850	17	e	e	_	_	_	_	_	linguistic	_	none	_	_	_	_	_	_
850-18	TOI020	850	850	18	non	non	_	_	_	_	_	linguistic	_	none	_	_	_	_	_	_
850-19	TOI020	850	850	19	tutti	tutti	_	_	_	_	_	linguistic	_	none	_	_	_	_	_	_
850-20	TOI020	850	850	20	avevano	avevano	_	_	_	_	_	linguistic	_	none	_	_	_	_	_	_
850-21	TOI020	850	850	21	il	il	_	_	_	_	_	linguistic	_	none	_	_	_	_	_	_
850-22	TOI020	850	850	22	bagno	bagno	_	_	_	_	_	linguistic	_	none	_	_	_	_	_	_
850-23	TOI020	850	850	23	in	in	_	_	_	_	_	linguistic	_	none	_	_	_	_	_	_
850-24	TOI020	850	850	24	casa.	casa	_	_	_	_	_	linguistic	_	none	Intonation=Falling	End=2446.824	_	_	_	_
851-0	TOI020	851	851	0	quindi.	quindi	_	_	_	_	_	linguistic	_	none	Intonation=Falling	Begin=2447.319	_	_	_	_
851-1	TOI020	851	851	1	ti	ti	_	_	_	_	_	linguistic	_	none	_	_	_	_	_	_
851-2	TOI020	851	851	2	dico	dico	_	_	_	_	_	linguistic	_	none	_	_	_	_	_	_
851-3	TOI020	851	851	3	erano::	erano	_	_	_	_	_	linguistic	_	none	_	End=2449.907	4x2	_	_	_
852-0	TOI020	852	852	0	avevano	avevano	_	_	_	_	_	linguistic	_	none	_	Begin=2450.86	_	_	_	_
852-1	TOI020	852	852	1	già	già	_	_	_	_	_	linguistic	_	none	_	_	_	_	_	_
852-2	TOI020	852	852	2	que[sta	questa	_	_	_	_	_	linguistic	_	none	_	_	_	_	_	3-6(250)
852-3	TOI020	852	852	3	roba]:	roba	_	_	_	_	_	linguistic	_	none	_	End=2452.366	3x1	_	_	0-4(250)
853-0	TOR004	853	853	0	[certo].	certo	_	_	_	_	_	linguistic	_	none	Intonation=Falling	Begin=2451.715|End=2452.181	_	_	_	0-5(250)
854-0	TOR004	854	854	0	[ma	ma	_	_	_	_	_	linguistic	_	none	_	Begin=2452.531	_	_	_	0-2(251)
854-1	TOR004	854	854	1	quindi]	quindi	_	_	_	_	_	linguistic	_	none	_	_	_	_	_	0-6(251)
854-2	TOR004	854	854	2	tuo	tuo	_	_	_	_	_	linguistic	_	none	_	_	_	_	_	_
854-3	TOR004	854	854	3	papà	papà	_	_	_	_	_	linguistic	_	none	_	_	_	_	_	_
854-4	TOR004	854	854	4	ha	ha	_	_	_	_	_	linguistic	_	none	_	_	_	_	_	_
854-5	TOR004	854	854	5	fatto	fatto	_	_	_	_	_	linguistic	_	none	_	_	_	_	_	_
854-6	TOR004	854	854	6	la	la	_	_	_	_	_	linguistic	_	none	_	_	_	_	_	_
854-7	TOR004	854	854	7	guerra?	guerra	_	_	_	_	_	linguistic	_	none	Intonation=Rising	End=2454.059	_	_	_	_
855-0	TOI020	855	855	0	[sì	sì	_	_	_	_	_	linguistic	_	none	_	Begin=2452.544	_	_	_	0-2(251)
855-1	TOI020	855	855	1	sì]	sì	_	_	_	_	_	linguistic	_	none	_	End=2452.899	_	_	_	0-2(251)
856-0	TOI020	856	856	0	e::h	eh	_	_	_	_	_	linguistic	_	none	_	Begin=2454.829	0x2	_	_	_
856-1	TOI020	856	856	1	mio	mio	_	_	_	_	_	linguistic	_	none	_	_	_	_	_	_
856-2	TOI020	856	856	2	papà,	papà	_	_	_	_	_	linguistic	_	none	Intonation=WeaklyRising	End=2456.722	_	_	_	_
857-0	TOR004	857	857	0	c(io)è	cioè	_	_	_	_	_	linguistic	_	none	Reduced=Yes	Begin=2457.314	_	_	_	_
857-1	TOR004	857	857	1	ti	ti	_	_	_	_	_	linguistic	_	none	_	_	_	_	_	_
857-2	TOR004	857	857	2	ha	ha	_	_	_	_	_	linguistic	_	none	_	_	_	_	_	_
857-3	TOR004	857	857	3	mai	mai	_	_	_	_	_	linguistic	_	none	_	_	_	_	_	_
857-4	TOR004	857	857	4	raccontato	raccontato	_	_	_	_	_	linguistic	_	none	_	_	_	_	_	_
857-5	TOR004	857	857	5	di	di	_	_	_	_	_	linguistic	_	none	_	_	_	_	_	_
857-6	TOR004	857	857	6	aver	aver	_	_	_	_	_	linguistic	_	none	_	_	_	_	_	_
857-7	TOR004	857	857	7	fatto::	fatto	_	_	_	_	_	linguistic	_	none	_	End=2459.786	4x2	_	_	_
858-0	TOI020	858	858	0	°m	m	_	_	_	_	_	linguistic	_	none	ProsodicLink=Yes|Volume=low	Begin=2460.511	_	_	_	_
858-1	TOI020	858	858	1	eh	eh	_	_	_	_	_	linguistic	_	none	Volume=low	_	_	_	_	_
858-2	TOI020	858	858	2	sai	sai	_	_	_	_	_	linguistic	_	none	Volume=low	_	_	_	_	_
858-3	TOI020	858	858	3	che	che	_	_	_	_	_	linguistic	_	none	Volume=low	_	_	_	_	_
858-4	TOI020	858	858	4	non	non	_	_	_	_	_	linguistic	_	none	Volume=low	_	_	_	_	_
858-5	TOI020	858	858	5	me	me	_	_	_	_	_	linguistic	_	none	Volume=low	_	_	_	_	_
858-6	TOI020	858	858	6	lo	lo	_	_	_	_	_	linguistic	_	none	Volume=low	_	_	_	_	_
858-7	TOI020	858	858	7	ricordo.	ricordo	_	_	_	_	_	linguistic	_	none	Intonation=Falling|Volume=low	_	_	_	_	_
858-8	TOI020	858	858	8	forse	forse	_	_	_	_	_	linguistic	_	none	Volume=low	_	_	_	_	_
858-9	TOI020	858	858	9	no.°	no	_	_	_	_	_	linguistic	_	none	Intonation=Falling|Volume=low	End=2463.311	_	_	_	_
859-0	TOR004	859	859	0	((interrompe_e_riprende_la_registrazione))	((interrompe_e_riprende_la_registrazione))	_	_	_	_	_	nonverbalbehavior	_	none	_	Begin=2463.316|End=2463.77	_	_	_	_
860-0	TOI020	860	860	0	xxx	xxx	_	_	_	_	_	unknown	_	none	Syllables=3	Begin=2463.502	_	_	_	_
860-1	TOI020	860	860	1	((ride))	((ride))	_	_	_	_	_	nonverbalbehavior	_	none	_	End=2464.431	_	_	_	_
861-0	TOR004	861	861	0	allora	allora	_	_	_	_	_	linguistic	_	none	_	Begin=2464.431|End=2465.256	_	_	_	_
862-0	TOR004	862	862	0	e::	e	_	_	_	_	_	linguistic	_	none	_	Begin=2465.64	0x2	_	_	_
862-1	TOR004	862	862	1	no	no	_	_	_	_	_	linguistic	_	none	_	_	_	_	_	_
862-2	TOR004	862	862	2	non	non	_	_	_	_	_	linguistic	_	none	_	_	_	_	_	_
862-3	TOR004	862	862	3	mi	mi	_	_	_	_	_	linguistic	_	none	_	_	_	_	_	_
862-4	TOR004	862	862	4	ricordo	ricordo	_	_	_	_	_	linguistic	_	none	_	_	_	_	_	_
862-5	TOR004	862	862	5	cosa	cosa	_	_	_	_	_	linguistic	_	none	_	_	_	_	_	_
862-6	TOR004	862	862	6	stavamo	stavamo	_	_	_	_	_	linguistic	_	none	_	_	_	_	_	_
862-7	TOR004	862	862	7	dicendo	dicendo	_	_	_	_	_	linguistic	_	none	_	_	_	_	_	_
862-8	TOR004	862	862	8	e	e	_	_	_	_	_	linguistic	_	none	_	_	_	_	_	_
862-9	TOR004	862	862	9	comun[que]	comunque	_	_	_	_	_	linguistic	_	none	_	End=2468.317	_	_	_	5-8(252)
863-0	TOI020	863	863	0	[dove]v~	dovev~	_	_	_	_	_	linguistic	_	none	Interrupted=Yes	Begin=2468.001|End=2468.561	_	_	_	0-4(252)
864-0	TOR004	864	864	0	no.	no	_	_	_	_	_	linguistic	_	none	Intonation=Falling	Begin=2469.616	_	_	_	_
864-1	TOR004	864	864	1	niente.	niente	_	_	_	_	_	linguistic	_	none	Intonation=Falling	End=2470.412	_	_	_	_
865-0	TOR004	865	865	0	ma::	ma	_	_	_	_	_	linguistic	_	none	_	Begin=2470.635	1x2	_	_	_
865-1	TOR004	865	865	1	sì	sì	_	_	_	_	_	linguistic	_	none	_	_	_	_	_	_
865-2	TOR004	865	865	2	no	no	_	_	_	_	_	linguistic	_	none	_	_	_	_	_	_
865-3	TOR004	865	865	3	stavamo	stavamo	_	_	_	_	_	linguistic	_	none	_	_	_	_	_	_
865-4	TOR004	865	865	4	parlando	parlando	_	_	_	_	_	linguistic	_	none	_	_	_	_	_	_
865-5	TOR004	865	865	5	dei	dei	_	_	_	_	_	linguistic	_	none	_	_	_	_	_	_
865-6	TOR004	865	865	6	tuoi	tuoi	_	_	_	_	_	linguistic	_	none	_	_	_	_	_	_
865-7	TOR004	865	865	7	genitori	genitori	_	_	_	_	_	linguistic	_	none	_	_	_	_	_	_
865-8	TOR004	865	865	8	di	di	_	_	_	_	_	linguistic	_	none	_	_	_	_	_	_
865-9	TOR004	865	865	9	che	che	_	_	_	_	_	linguistic	_	none	_	_	_	_	_	_
865-10	TOR004	865	865	10	lavoro	lavoro	_	_	_	_	_	linguistic	_	none	_	_	_	_	_	_
865-11	TOR004	865	865	11	[facevano],	facevano	_	_	_	_	_	linguistic	_	none	Intonation=WeaklyRising	End=2473.9	_	_	_	0-8(253)
866-0	TOI020	866	866	0	[a:h	ah	_	_	_	_	_	linguistic	_	none	_	Begin=2473.328	0x1	_	_	0-2(253)
866-1	TOI020	866	866	1	e	e	_	_	_	_	_	linguistic	_	none	_	_	_	_	_	0-1(253)
866-2	TOI020	866	866	2	nie]nte.	niente	_	_	_	_	_	linguistic	_	none	Intonation=Falling	_	_	_	_	0-3(253)
866-3	TOI020	866	866	3	quello:	quello	_	_	_	_	_	linguistic	_	none	_	_	5x1	_	_	_
866-4	TOI020	866	866	4	e	e	_	_	_	_	_	linguistic	_	none	_	_	_	_	_	_
866-5	TOI020	866	866	5	mo.	mo	_	_	_	_	_	linguistic	_	none	Intonation=Falling	End=2475.158	_	_	_	_
867-0	TOR004	867	867	0	e	e	_	_	_	_	_	linguistic	_	none	_	Begin=2475.441	_	_	_	_
867-1	TOR004	867	867	1	poi:	poi	_	_	_	_	_	linguistic	_	none	_	_	2x1	_	_	_
867-2	TOR004	867	867	2	no	no	_	_	_	_	_	linguistic	_	none	_	_	_	_	_	_
867-3	TOR004	867	867	3	vorrei	vorrei	_	_	_	_	_	linguistic	_	none	_	_	_	_	_	_
867-4	TOR004	867	867	4	chiederti,	chiederti	_	_	_	_	_	linguistic	_	none	Intonation=WeaklyRising	End=2477.252	_	_	_	_
868-0	TOR004	868	868	0	se	se	_	_	_	_	_	linguistic	_	none	_	Begin=2477.418	_	_	_	_
868-1	TOR004	868	868	1	te	te	_	_	_	_	_	linguistic	_	none	_	_	_	_	_	_
868-2	TOR004	868	868	2	la	la	_	_	_	_	_	linguistic	_	none	_	_	_	_	_	_
868-3	TOR004	868	868	3	senti	senti	_	_	_	_	_	linguistic	_	none	_	_	_	_	_	_
868-4	TOR004	868	868	4	eh	eh	_	_	_	_	_	linguistic	_	none	_	_	_	_	_	_
868-5	TOR004	868	868	5	ma	ma	_	_	_	_	_	linguistic	_	none	_	End=2478.56	_	_	_	_
869-0	TOR004	869	869	0	se	se	_	_	_	_	_	linguistic	_	none	_	Begin=2478.908	_	_	_	_
869-1	TOR004	869	869	1	mi	mi	_	_	_	_	_	linguistic	_	none	_	_	_	_	_	_
869-2	TOR004	869	869	2	descrivi,	descrivi	_	_	_	_	_	linguistic	_	none	Intonation=WeaklyRising	End=2480.213	_	_	_	_
870-0	TOR004	870	870	0	avigliano.	avigliano	_	_	_	_	_	linguistic	_	none	Intonation=Falling	Begin=2480.756	_	_	_	_
870-1	TOR004	870	870	1	cioè	cioè	_	_	_	_	_	linguistic	_	none	_	_	_	_	_	_
870-2	TOR004	870	870	2	com'	com'	_	_	_	_	_	linguistic	_	none	SpaceAfter=No	_	_	_	_	_
870-3	TOR004	870	870	3	è	è	_	_	_	_	_	linguistic	_	none	_	_	_	_	_	_
870-4	TOR004	870	870	4	la	la	_	_	_	_	_	linguistic	_	none	_	_	_	_	_	_
870-5	TOR004	870	870	5	città:	città	_	_	_	_	_	linguistic	_	none	_	_	4x1	_	_	_
870-6	TOR004	870	870	6	che	che	_	_	_	_	_	linguistic	_	none	_	_	_	_	_	_
870-7	TOR004	870	870	7	cosa:	cosa	_	_	_	_	_	linguistic	_	none	_	_	3x1	_	_	_
870-8	TOR004	870	870	8	co~	co~	_	_	_	_	_	linguistic	_	none	Interrupted=Yes	_	_	_	_	_
870-9	TOR004	870	870	9	com'	com'	_	_	_	_	_	linguistic	_	none	SpaceAfter=No	_	_	_	_	_
870-10	TOR004	870	870	10	è	è	_	_	_	_	_	linguistic	_	none	_	_	_	_	_	_
870-11	TOR004	870	870	11	fatt[a:]	fatta	_	_	_	_	_	linguistic	_	none	_	End=2484.865	4x1	_	_	2-5(254)
871-0	TOI020	871	871	0	[allo]ra	allora	_	_	_	_	_	linguistic	_	none	_	Begin=2484.532|End=2485.107	_	_	_	0-4(254)
872-0	TOI020	872	872	0	ma	ma	_	_	_	_	_	linguistic	_	none	_	Begin=2485.319	_	_	_	_
872-1	TOI020	872	872	1	te	te	_	_	_	_	_	linguistic	_	none	_	_	_	_	_	_
872-2	TOI020	872	872	2	la,	la	_	_	_	_	_	linguistic	_	none	Intonation=WeaklyRising	_	_	_	_	_
872-3	TOI020	872	872	3	v~	v~	_	_	_	_	_	linguistic	_	none	Interrupted=Yes	_	_	_	_	_
872-4	TOI020	872	872	4	la	la	_	_	_	_	_	linguistic	_	none	_	_	_	_	_	_
872-5	TOI020	872	872	5	vuoi	vuoi	_	_	_	_	_	linguistic	_	none	_	_	_	_	_	_
872-6	TOI020	872	872	6	in	in	_	_	_	_	_	linguistic	_	none	ProsodicLink=Yes	_	_	_	_	_
872-7	TOI020	872	872	7	eh	eh	_	_	_	_	_	linguistic	_	none	_	_	_	_	_	_
872-8	TOI020	872	872	8	dialetto,	dialetto	_	_	_	_	_	linguistic	_	none	Intonation=WeaklyRising	End=2487.443	_	_	_	_
873-0	TOI020	873	873	0	se	se	_	_	_	_	_	linguistic	_	none	_	Begin=2487.653	_	_	_	_
873-1	TOI020	873	873	1	mi	mi	_	_	_	_	_	linguistic	_	none	_	_	_	_	_	_
873-2	TOI020	873	873	2	viene,	viene	_	_	_	_	_	linguistic	_	none	Intonation=WeaklyRising|PauseAfter=Yes	_	_	_	_	_
873-3	TOI020	873	873	3	(.)	(.)	_	_	_	_	_	shortpause	_	none	_	_	_	_	_	_
873-4	TOI020	873	873	4	te	te	_	_	_	_	_	linguistic	_	none	_	_	_	_	_	_
873-5	TOI020	873	873	5	lo	lo	_	_	_	_	_	linguistic	_	none	_	_	_	_	_	_
873-6	TOI020	873	873	6	dico.	dico	_	_	_	_	_	linguistic	_	none	Intonation=Falling	End=2489.132	_	_	_	_
874-0	TOI020	874	874	0	perché	perché	_	_	_	_	_	linguistic	_	none	_	Begin=2489.543	_	_	_	_
874-1	TOI020	874	874	1	poi	poi	_	_	_	_	_	linguistic	_	none	_	_	_	_	_	_
874-2	TOI020	874	874	2	faccio	faccio	_	_	_	_	_	linguistic	_	none	_	_	_	_	_	_
874-3	TOI020	874	874	3	un	un	_	_	_	_	_	linguistic	_	none	_	_	_	_	_	_
874-4	TOI020	874	874	4	po'	po'	_	_	_	_	_	linguistic	_	none	_	_	_	_	_	_
874-5	TOI020	874	874	5	un	un	_	_	_	_	_	linguistic	_	none	_	_	_	_	_	_
874-6	TOI020	874	874	6	po'	po'	_	_	_	_	_	linguistic	_	none	_	End=2490.971	_	_	_	_
875-0	TOI020	875	875	0	allo(r)a	allora	_	_	_	_	_	linguistic	_	none	_	Begin=2491.843|End=2492.171	_	_	4-5(0)	_
876-0	TOI020	876	876	0	c'	c'	_	_	_	_	_	linguistic	_	none	SpaceAfter=No	Begin=2497.618	_	_	_	_
876-1	TOI020	876	876	1	è	è	_	_	_	_	_	linguistic	_	none	_	_	_	_	_	_
876-2	TOI020	876	876	2	la	la	_	_	_	_	_	linguistic	_	none	_	_	_	_	_	_
876-3	TOI020	876	876	3	parte	parte	_	_	_	_	_	linguistic	_	none	_	_	_	_	_	_
876-4	TOI020	876	876	4	bassa	bassa	_	_	_	_	_	linguistic	_	none	_	_	_	_	_	_
876-5	TOI020	876	876	5	del	del	_	_	_	_	_	linguistic	_	none	_	_	_	_	_	_
876-6	TOI020	876	876	6	paese	paese	_	_	_	_	_	linguistic	_	none	_	_	_	_	_	_
876-7	TOI020	876	876	7	che	che	_	_	_	_	_	linguistic	_	none	_	_	_	_	_	_
876-8	TOI020	876	876	8	a	a	_	_	_	_	_	linguistic	_	none	_	_	_	_	_	_
876-9	TOI020	876	876	9	si	si	_	_	_	_	_	linguistic	_	none	_	_	_	_	_	_
876-10	TOI020	876	876	10	chiama	chiama	_	_	_	_	_	linguistic	_	none	_	_	_	_	_	_
876-11	TOI020	876	876	11	(mbar)	mbar	_	_	_	_	_	linguistic	_	none	_	_	_	_	0-4(0)	_
876-12	TOI020	876	876	12	la	la	_	_	_	_	_	linguistic	_	none	_	_	_	_	_	_
876-13	TOI020	876	876	13	terra	terra	_	_	_	_	_	linguistic	_	none	_	End=2501.203	_	_	_	_
877-0	TOR004	877	877	0	mh	mh	_	_	_	_	_	linguistic	_	none	_	Begin=2501.203	_	_	_	_
877-1	TOR004	877	877	1	mh	mh	_	_	_	_	_	linguistic	_	none	_	End=2501.6	_	_	_	_
878-0	TOI020	878	878	0	poi	poi	_	_	_	_	_	linguistic	_	none	_	Begin=2502.018	_	_	_	_
878-1	TOI020	878	878	1	man	man	_	_	_	_	_	linguistic	_	none	_	_	_	_	_	_
878-2	TOI020	878	878	2	mano	mano	_	_	_	_	_	linguistic	_	none	_	_	_	_	_	_
878-3	TOI020	878	878	3	sali,	sali	_	_	_	_	_	linguistic	_	none	Intonation=WeaklyRising	End=2503.466	_	_	_	_
879-0	TOI020	879	879	0	e:	e	_	_	_	_	_	linguistic	_	none	_	Begin=2503.743	0x1	_	_	_
879-1	TOI020	879	879	1	arrivi,	arrivi	_	_	_	_	_	linguistic	_	none	Intonation=WeaklyRising	End=2504.985	_	_	_	_
880-0	TOI020	880	880	0	a:	a	_	_	_	_	_	linguistic	_	none	_	Begin=2505.119	0x1	_	_	_
880-1	TOI020	880	880	1	alla	alla	_	_	_	_	_	linguistic	_	none	_	_	_	_	_	_
880-2	TOI020	880	880	2	piazzetta.	piazzetta	_	_	_	_	_	linguistic	_	none	Intonation=Falling	End=2506.552	_	_	_	_
881-0	TOI020	881	881	0	eh	eh	_	_	_	_	_	linguistic	_	none	_	Begin=2507.132	_	_	_	_
881-1	TOI020	881	881	1	questo	questo	_	_	_	_	_	linguistic	_	none	_	_	_	_	_	_
881-2	TOI020	881	881	2	è	è	_	_	_	_	_	linguistic	_	none	_	_	_	_	_	_
881-3	TOI020	881	881	3	com'	com'	_	_	_	_	_	linguistic	_	none	SpaceAfter=No	_	_	_	_	_
881-4	TOI020	881	881	4	era	era	_	_	_	_	_	linguistic	_	none	_	_	_	_	_	_
881-5	TOI020	881	881	5	prima	prima	_	_	_	_	_	linguistic	_	none	_	End=2509.071	_	_	_	_
882-0	TOI020	882	882	0	c(io)è	cioè	_	_	_	_	_	linguistic	_	none	Reduced=Yes	Begin=2509.192	_	_	_	_
882-1	TOI020	882	882	1	nella:::	nella	_	_	_	_	_	linguistic	_	none	_	_	4x3	_	_	_
882-2	TOI020	882	882	2	adesso	adesso	_	_	_	_	_	linguistic	_	none	_	_	_	_	_	_
882-3	TOI020	882	882	3	si	si	_	_	_	_	_	linguistic	_	none	_	_	_	_	_	_
882-4	TOI020	882	882	4	è	è	_	_	_	_	_	linguistic	_	none	_	_	_	_	_	_
882-5	TOI020	882	882	5	allargato	allargato	_	_	_	_	_	linguistic	_	none	_	_	_	_	_	_
882-6	TOI020	882	882	6	il	il	_	_	_	_	_	linguistic	_	none	_	_	_	_	_	_
882-7	TOI020	882	882	7	paese	paese	_	_	_	_	_	linguistic	_	none	_	_	_	_	_	_
882-8	TOI020	882	882	8	[eh],	eh	_	_	_	_	_	linguistic	_	none	Intonation=WeaklyRising	End=2512.672	_	_	_	0-2(255)
883-0	TOR004	883	883	0	[era	era	_	_	_	_	_	linguistic	_	none	_	Begin=2512.399	_	_	_	0-3(255)
883-1	TOR004	883	883	1	più]	più	_	_	_	_	_	linguistic	_	none	_	_	_	_	_	0-3(255)
883-2	TOR004	883	883	2	piccol[o].	piccolo	_	_	_	_	_	linguistic	_	none	Intonation=Falling	End=2513.238	_	_	_	6-7(256)
884-0	TOI020	884	884	0	[e]ra	era	_	_	_	_	_	linguistic	_	none	_	Begin=2513.121	_	_	_	0-1(256)
884-1	TOI020	884	884	1	[più	più	_	_	_	_	_	linguistic	_	none	_	_	_	_	_	0-3(257)
884-2	TOI020	884	884	2	picco(lo)]	piccolo	_	_	_	_	_	linguistic	_	none	_	End=2513.821	_	_	5-7(0)	0-7(257)
885-0	TOR004	885	885	0	[okay]	okay	_	_	_	_	_	linguistic	_	none	_	Begin=2513.401|End=2513.814	_	_	_	0-4(257)
886-0	TOI020	886	886	0	poi,	poi	_	_	_	_	_	linguistic	_	none	Intonation=WeaklyRising	Begin=2514.155	_	_	_	_
886-1	TOI020	886	886	1	e:h	eh	_	_	_	_	_	linguistic	_	none	_	_	0x1	_	_	_
886-2	TOI020	886	886	2	nella	nella	_	_	_	_	_	linguistic	_	none	_	_	_	_	_	_
886-3	TOI020	886	886	3	piazzetta	piazzetta	_	_	_	_	_	linguistic	_	none	_	_	_	_	_	_
886-4	TOI020	886	886	4	c'	c'	_	_	_	_	_	linguistic	_	none	SpaceAfter=No	_	_	_	_	_
886-5	TOI020	886	886	5	era	era	_	_	_	_	_	linguistic	_	none	PauseAfter=Yes	_	_	_	_	_
886-6	TOI020	886	886	6	(.)	(.)	_	_	_	_	_	shortpause	_	none	_	_	_	_	_	_
886-7	TOI020	886	886	7	il	il	_	_	_	_	_	linguistic	_	none	ProsodicLink=Yes	_	_	_	_	_
886-8	TOI020	886	886	8	eh	eh	_	_	_	_	_	linguistic	_	none	_	_	_	_	_	_
886-9	TOI020	886	886	9	mercato,	mercato	_	_	_	_	_	linguistic	_	none	Intonation=WeaklyRising	End=2518.397	_	_	_	_
887-0	TOI020	887	887	0	il	il	_	_	_	_	_	linguistic	_	none	_	Begin=2518.796	_	_	_	_
887-1	TOI020	887	887	1	mercatino	mercatino	_	_	_	_	_	linguistic	_	none	_	_	_	_	_	_
887-2	TOI020	887	887	2	che	che	_	_	_	_	_	linguistic	_	none	_	_	_	_	_	_
887-3	TOI020	887	887	3	veniva	veniva	_	_	_	_	_	linguistic	_	none	_	_	_	_	_	_
887-4	TOI020	887	887	4	fatto	fatto	_	_	_	_	_	linguistic	_	none	_	_	_	_	_	_
887-5	TOI020	887	887	5	tutte	tutte	_	_	_	_	_	linguistic	_	none	_	_	_	_	_	_
887-6	TOI020	887	887	6	le	le	_	_	_	_	_	linguistic	_	none	_	_	_	_	_	_
887-7	TOI020	887	887	7	mattine	mattine	_	_	_	_	_	linguistic	_	none	_	_	_	_	_	_
887-8	TOI020	887	887	8	arrivavano	arrivavano	_	_	_	_	_	linguistic	_	none	_	End=2522.547	_	_	_	_
888-0	TOI020	888	888	0	i::	i	_	_	_	_	_	linguistic	_	none	_	Begin=2523.021	0x2	_	_	_
888-1	TOI020	888	888	1	mh	mh	_	_	_	_	_	linguistic	_	none	_	_	_	_	_	_
888-2	TOI020	888	888	2	napoletani,	napoletani	_	_	_	_	_	linguistic	_	none	Intonation=WeaklyRising	End=2524.804	_	_	_	_
889-0	TOR004	889	889	0	i	i	_	_	_	_	_	linguistic	_	none	_	Begin=2525.271	_	_	_	_
889-1	TOR004	889	889	1	na[poletani]?	napoletani	_	_	_	_	_	linguistic	_	none	Intonation=Rising	End=2526.047	_	_	_	2-10(258)
890-0	TOI020	890	890	0	[eh	eh	_	_	_	_	_	linguistic	_	none	_	Begin=2525.45	_	_	_	0-2(258)
890-1	TOI020	890	890	1	i	i	_	_	_	_	_	linguistic	_	none	_	_	_	_	_	0-1(258)
890-2	TOI020	890	890	2	na]poletani	napoletani	_	_	_	_	_	linguistic	_	none	_	_	_	_	_	0-2(258)
890-3	TOI020	890	890	3	venivano	venivano	_	_	_	_	_	linguistic	_	none	_	_	_	_	_	_
890-4	TOI020	890	890	4	da	da	_	_	_	_	_	linguistic	_	none	_	_	_	_	_	_
890-5	TOI020	890	890	5	napoli	napoli	_	_	_	_	_	linguistic	_	none	_	_	_	_	_	_
890-6	TOI020	890	890	6	e	e	_	_	_	_	_	linguistic	_	none	_	_	_	_	_	_
890-7	TOI020	890	890	7	venivano	venivano	_	_	_	_	_	linguistic	_	none	_	_	_	_	_	_
890-8	TOI020	890	890	8	a	a	_	_	_	_	_	linguistic	_	none	_	_	_	_	_	_
890-9	TOI020	890	890	9	vedere	vedere	_	_	_	_	_	linguistic	_	none	_	_	_	_	_	_
890-10	TOI020	890	890	10	la	la	_	_	_	_	_	linguistic	_	none	_	_	_	_	_	_
890-11	TOI020	890	890	11	frutta.	frutta	_	_	_	_	_	linguistic	_	none	Intonation=Falling	End=2529.587	_	_	_	_
891-0	TOR004	891	891	0	mh	mh	_	_	_	_	_	linguistic	_	none	_	Begin=2529.716	_	_	_	_
891-1	TOR004	891	891	1	mh	mh	_	_	_	_	_	linguistic	_	none	_	End=2530.046	_	_	_	_
892-0	TOI020	892	892	0	e::h	eh	_	_	_	_	_	linguistic	_	none	_	Begin=2530.299	0x2	_	_	_
892-1	TOI020	892	892	1	c'	c'	_	_	_	_	_	linguistic	_	none	SpaceAfter=No	_	_	_	_	_
892-2	TOI020	892	892	2	era,	era	_	_	_	_	_	linguistic	_	none	Intonation=WeaklyRising	End=2531.547	_	_	_	_
893-0	TOI020	893	893	0	sempre	sempre	_	_	_	_	_	linguistic	_	none	_	Begin=2531.791	_	_	_	_
893-1	TOI020	893	893	1	lì	lì	_	_	_	_	_	linguistic	_	none	_	_	_	_	_	_
893-2	TOI020	893	893	2	nella:	nella	_	_	_	_	_	linguistic	_	none	_	_	4x1	_	_	_
893-3	TOI020	893	893	3	piazzetta	piazzetta	_	_	_	_	_	linguistic	_	none	_	_	_	_	_	_
893-4	TOI020	893	893	4	un	un	_	_	_	_	_	linguistic	_	none	_	_	_	_	_	_
893-5	TOI020	893	893	5	solo	solo	_	_	_	_	_	linguistic	_	none	_	_	_	_	_	_
893-6	TOI020	893	893	6	fruttivendolo	fruttivendolo	_	_	_	_	_	linguistic	_	none	_	_	_	_	_	_
893-7	TOI020	893	893	7	e	e	_	_	_	_	_	linguistic	_	none	_	_	_	_	_	_
893-8	TOI020	893	893	8	lì	lì	_	_	_	_	_	linguistic	_	none	_	_	_	_	_	_
893-9	TOI020	893	893	9	s~	s~	_	_	_	_	_	linguistic	_	none	Interrupted=Yes	_	_	_	_	_
893-10	TOI020	893	893	10	c'	c'	_	_	_	_	_	linguistic	_	none	SpaceAfter=No	_	_	_	_	_
893-11	TOI020	893	893	11	erano:	erano	_	_	_	_	_	linguistic	_	none	_	_	4x1	_	_	_
893-12	TOI020	893	893	12	vabbè:	vabbè	_	_	_	_	_	linguistic	_	none	_	_	4x1	_	_	_
893-13	TOI020	893	893	13	i	i	_	_	_	_	_	linguistic	_	none	_	_	_	_	_	_
893-14	TOI020	893	893	14	vari	vari	_	_	_	_	_	linguistic	_	none	_	_	_	_	_	_
893-15	TOI020	893	893	15	artigiani:	artigiani	_	_	_	_	_	linguistic	_	none	_	_	8x1	_	_	_
893-16	TOI020	893	893	16	della:	della	_	_	_	_	_	linguistic	_	none	_	_	4x1	_	_	_
893-17	TOI020	893	893	17	del	del	_	_	_	_	_	linguistic	_	none	_	_	_	_	_	_
893-18	TOI020	893	893	18	paese.	paese	_	_	_	_	_	linguistic	_	none	Intonation=Falling	End=2539.517	_	_	_	_
894-0	TOI020	894	894	0	poi	poi	_	_	_	_	_	linguistic	_	unspecified	_	Begin=2540.427	_	_	_	_
894-1	TOI020	894	894	1	c'	c'	_	_	_	_	_	linguistic	_	unspecified	SpaceAfter=No	_	_	_	_	_
894-2	TOI020	894	894	2	è	è	_	_	_	_	_	linguistic	_	unspecified	_	_	_	_	_	_
894-3	TOI020	894	894	3	la	la	_	_	_	_	_	linguistic	_	unspecified	_	_	_	_	_	_
894-4	TOI020	894	894	4	chiazza	chiazza	_	_	_	_	_	linguistic	_	unspecified	_	End=2541.635	_	_	_	_
895-0	TOR004	895	895	0	m	m	_	_	_	_	_	linguistic	_	none	ProsodicLink=Yes	Begin=2541.826	_	_	_	_
895-1	TOR004	895	895	1	[eh]	eh	_	_	_	_	_	linguistic	_	none	_	End=2542.218	_	_	_	0-2(259)
896-0	TOI020	896	896	0	[quella	quella	_	_	_	_	_	linguistic	_	none	_	Begin=2541.877	_	_	_	0-6(259)
896-1	TOI020	896	896	1	(è)	è	_	_	_	_	_	linguistic	_	none	_	_	_	_	0-1(0)	0-1(259)
896-2	TOI020	896	896	2	l]a	la	_	_	_	_	_	linguistic	_	none	_	_	_	_	_	0-1(259)
896-3	TOI020	896	896	3	piazzetta,	piazzetta	_	_	_	_	_	linguistic	_	none	Intonation=WeaklyRising	_	_	_	_	_
896-4	TOI020	896	896	4	e	e	_	_	_	_	_	linguistic	_	none	_	_	_	_	_	_
896-5	TOI020	896	896	5	poi	poi	_	_	_	_	_	linguistic	_	none	_	_	_	_	_	_
896-6	TOI020	896	896	6	c'	c'	_	_	_	_	_	linguistic	_	none	SpaceAfter=No	_	_	_	_	_
896-7	TOI020	896	896	7	è	è	_	_	_	_	_	linguistic	_	none	_	_	_	_	_	_
896-8	TOI020	896	896	8	la	la	_	_	_	_	_	linguistic	_	none	_	_	_	_	_	_
896-9	TOI020	896	896	9	piazza.	piazza	_	_	_	_	_	linguistic	_	none	Intonation=Falling	_	_	_	_	_
896-10	TOI020	896	896	10	che	che	_	_	_	_	_	linguistic	_	none	_	_	_	_	_	_
896-11	TOI020	896	896	11	è:	è	_	_	_	_	_	linguistic	_	none	_	End=2545.627	0x1	_	_	_
897-0	TOI020	897	897	0	quindi	quindi	_	_	_	_	_	linguistic	_	none	_	Begin=2546.24	_	_	_	_
897-1	TOI020	897	897	1	è	è	_	_	_	_	_	linguistic	_	none	_	_	_	_	_	_
897-2	TOI020	897	897	2	la:	la	_	_	_	_	_	linguistic	_	none	_	_	1x1	_	_	_
897-3	TOI020	897	897	3	dove	dove	_	_	_	_	_	linguistic	_	none	_	_	_	_	_	_
897-4	TOI020	897	897	4	c'	c'	_	_	_	_	_	linguistic	_	none	SpaceAfter=No	_	_	_	_	_
897-5	TOI020	897	897	5	è	è	_	_	_	_	_	linguistic	_	none	_	_	_	_	_	_
897-6	TOI020	897	897	6	il	il	_	_	_	_	_	linguistic	_	none	_	_	_	_	_	_
897-7	TOI020	897	897	7	mo[numento	monumento	_	_	_	_	_	linguistic	_	none	_	_	_	_	_	1-9(260)
897-8	TOI020	897	897	8	del	del	_	_	_	_	_	linguistic	_	none	_	_	_	_	_	0-3(260)
897-9	TOI020	897	897	9	e:h,	eh	_	_	_	_	_	linguistic	_	none	Intonation=WeaklyRising	_	0x1	_	_	0-2(260)
897-10	TOI020	897	897	10	dove]	dove	_	_	_	_	_	linguistic	_	none	_	_	_	_	_	0-4(260)
897-11	TOI020	897	897	11	ci	ci	_	_	_	_	_	linguistic	_	none	_	_	_	_	_	_
897-12	TOI020	897	897	12	si	si	_	_	_	_	_	linguistic	_	none	_	_	_	_	_	_
897-13	TOI020	897	897	13	incontra,	incontra	_	_	_	_	_	linguistic	_	none	Intonation=WeaklyRising	End=2549.787	_	_	_	_
898-0	TOR004	898	898	0	[dove	dove	_	_	_	_	_	linguistic	_	none	_	Begin=2547.462	_	_	_	0-4(260)
898-1	TOR004	898	898	1	ci	ci	_	_	_	_	_	linguistic	_	none	_	_	_	_	_	0-2(260)
898-2	TOR004	898	898	2	si	si	_	_	_	_	_	linguistic	_	none	_	_	_	_	_	0-2(260)
898-3	TOR004	898	898	3	incontra]	incontra	_	_	_	_	_	linguistic	_	none	_	End=2548.681	_	_	_	0-8(260)
899-0	TOI020	899	899	0	e::	e	_	_	_	_	_	linguistic	_	none	_	Begin=2550.266	0x2	_	_	_
899-1	TOI020	899	899	1	dove,	dove	_	_	_	_	_	linguistic	_	none	Intonation=WeaklyRising|PauseAfter=Yes	_	_	_	_	_
899-2	TOI020	899	899	2	(.)	(.)	_	_	_	_	_	shortpause	_	none	_	_	_	_	_	_
899-3	TOI020	899	899	3	si	si	_	_	_	_	_	linguistic	_	none	_	_	_	_	_	_
899-4	TOI020	899	899	4	passeggia,	passeggia	_	_	_	_	_	linguistic	_	none	Intonation=WeaklyRising	_	_	_	_	_
899-5	TOI020	899	899	5	dove	dove	_	_	_	_	_	linguistic	_	none	_	_	_	_	_	_
899-6	TOI020	899	899	6	le	le	_	_	_	_	_	linguistic	_	none	_	_	_	_	_	_
899-7	TOI020	899	899	7	donne,	donne	_	_	_	_	_	linguistic	_	none	Intonation=WeaklyRising	End=2553.777	_	_	_	_
900-0	TOI020	900	900	0	e:h	eh	_	_	_	_	_	linguistic	_	none	_	Begin=2554.852	0x1	_	_	_
900-1	TOI020	900	900	1	a	a	_	_	_	_	_	linguistic	_	none	_	_	_	_	_	_
900-2	TOI020	900	900	2	suo	suo	_	_	_	_	_	linguistic	_	none	_	_	_	_	_	_
900-3	TOI020	900	900	3	tempo	tempo	_	_	_	_	_	linguistic	_	none	_	_	_	_	_	_
900-4	TOI020	900	900	4	non	non	_	_	_	_	_	linguistic	_	none	_	_	_	_	_	_
900-5	TOI020	900	900	5	potevano	potevano	_	_	_	_	_	linguistic	_	none	_	_	_	_	_	_
900-6	TOI020	900	900	6	attraversare	attraversare	_	_	_	_	_	linguistic	_	none	_	_	_	_	_	_
900-7	TOI020	900	900	7	la	la	_	_	_	_	_	linguistic	_	none	_	_	_	_	_	_
900-8	TOI020	900	900	8	piazza.	piazza	_	_	_	_	_	linguistic	_	none	Intonation=Falling	End=2558.54	_	_	_	_
901-0	TOI020	901	901	0	in	in	_	_	_	_	_	linguistic	_	none	ProsodicLink=Yes	Begin=2558.996	_	_	_	_
901-1	TOI020	901	901	1	m	m	_	_	_	_	_	linguistic	_	none	ProsodicLink=Yes	_	_	_	_	_
901-2	TOI020	901	901	2	e:h	eh	_	_	_	_	_	linguistic	_	none	_	End=2559.964	0x1	_	_	_
902-0	TOR004	902	902	0	in	in	_	_	_	_	_	linguistic	_	none	_	Begin=2560.062	_	_	_	_
902-1	TOR004	902	902	1	mez[z(o)]?	mezzo	_	_	_	_	_	linguistic	_	none	Intonation=Rising	End=2560.702	_	_	4-5(0)	3-5(261)
903-0	TOI020	903	903	0	[sì]	sì	_	_	_	_	_	linguistic	_	none	_	Begin=2560.555	_	_	_	0-2(261)
903-1	TOI020	903	903	1	in	in	_	_	_	_	_	linguistic	_	none	_	_	_	_	_	_
903-2	TOI020	903	903	2	diagonale.	diagonale	_	_	_	_	_	linguistic	_	none	Intonation=Falling	_	_	_	_	_
903-3	TOI020	903	903	3	dovevano	dovevano	_	_	_	_	_	linguistic	_	none	_	_	_	_	_	_
903-4	TOI020	903	903	4	fare	fare	_	_	_	_	_	linguistic	_	none	_	_	_	_	_	_
903-5	TOI020	903	903	5	il	il	_	_	_	_	_	linguistic	_	none	_	_	_	_	_	_
903-6	TOI020	903	903	6	giro	giro	_	_	_	_	_	linguistic	_	none	_	_	_	_	_	_
903-7	TOI020	903	903	7	intorno	intorno	_	_	_	_	_	linguistic	_	none	_	_	_	_	_	_
903-8	TOI020	903	903	8	perché	perché	_	_	_	_	_	linguistic	_	none	_	End=2564.118	_	_	_	_
904-0	TOI020	904	904	0	inde	inde	_	_	_	_	_	linguistic	_	unspecified	_	Begin=2564.392	_	_	_	_
904-1	TOI020	904	904	1	a	a	_	_	_	_	_	linguistic	_	unspecified	_	_	_	_	_	_
904-2	TOI020	904	904	2	la	la	_	_	_	_	_	linguistic	_	unspecified	_	_	_	_	_	_
904-3	TOI020	904	904	3	chiazza	chiazza	_	_	_	_	_	linguistic	_	unspecified	_	_	_	_	_	_
904-4	TOI020	904	904	4	camenarne	camenarne	_	_	_	_	_	linguistic	_	unspecified	_	_	_	_	_	_
904-5	TOI020	904	904	5	solo	solo	_	_	_	_	_	linguistic	_	unspecified	_	_	_	_	_	_
904-6	TOI020	904	904	6	gli	gli	_	_	_	_	_	linguistic	_	unspecified	_	_	_	_	_	_
904-7	TOI020	904	904	7	uomini	uomini	_	_	_	_	_	linguistic	_	unspecified	_	End=2566.791	_	_	_	_
905-0	TOR004	905	905	0	[davve(ro)]?	davvero	_	_	_	_	_	linguistic	_	none	Intonation=Rising	Begin=2567.08|End=2567.524	_	_	5-7(0)	0-7(262)
906-0	TOI020	906	906	0	[solo	solo	_	_	_	_	_	linguistic	_	none	_	Begin=2567.086	_	_	_	0-4(262)
906-1	TOI020	906	906	1	i]	i	_	_	_	_	_	linguistic	_	none	_	_	_	_	_	0-1(262)
906-2	TOI020	906	906	2	maschi.	maschi	_	_	_	_	_	linguistic	_	none	Intonation=Falling	_	_	_	_	_
906-3	TOI020	906	906	3	[sì].	sì	_	_	_	_	_	linguistic	_	none	Intonation=Falling	End=2568.294	_	_	_	0-2(263)
907-0	TOR004	907	907	0	[e]	e	_	_	_	_	_	linguistic	_	none	_	Begin=2568.166	_	_	_	0-1(263)
907-1	TOR004	907	907	1	ma,	ma	_	_	_	_	_	linguistic	_	none	Intonation=WeaklyRising	_	_	_	_	_
907-2	TOR004	907	907	2	questa	questa	_	_	_	_	_	linguistic	_	none	_	_	_	_	_	_
907-3	TOR004	907	907	3	cosa?	cosa	_	_	_	_	_	linguistic	_	none	Intonation=Rising	End=2569.288	_	_	_	_
908-0	TOI020	908	908	0	e:	e	_	_	_	_	_	linguistic	_	unspecified	_	Begin=2569.391	0x1	_	_	_
908-1	TOI020	908	908	1	questa	questa	_	_	_	_	_	linguistic	_	unspecified	_	_	_	_	_	_
908-2	TOI020	908	908	2	è	è	_	_	_	_	_	linguistic	_	unspecified	_	_	_	_	_	_
908-3	TOI020	908	908	3	una	una	_	_	_	_	_	linguistic	_	unspecified	_	_	_	_	_	_
908-4	TOI020	908	908	4	cosa	cosa	_	_	_	_	_	linguistic	_	unspecified	_	_	_	_	_	_
908-5	TOI020	908	908	5	che	che	_	_	_	_	_	linguistic	_	unspecified	PauseAfter=Yes	_	_	_	_	_
908-6	TOI020	908	908	6	(.)	(.)	_	_	_	_	_	shortpause	_	unspecified	_	_	_	_	_	_
908-7	TOI020	908	908	7	io	io	_	_	_	_	_	linguistic	_	unspecified	_	_	_	_	_	_
908-8	TOI020	908	908	8	ricordo	ricordo	_	_	_	_	_	linguistic	_	unspecified	_	_	_	_	_	_
908-9	TOI020	908	908	9	perché:	perché	_	_	_	_	_	linguistic	_	unspecified	_	_	5x1	_	_	_
908-10	TOI020	908	908	10	appunto	appunto	_	_	_	_	_	linguistic	_	unspecified	_	_	_	_	_	_
908-11	TOI020	908	908	11	non	non	_	_	_	_	_	linguistic	_	unspecified	_	_	_	_	_	_
908-12	TOI020	908	908	12	se	se	_	_	_	_	_	linguistic	_	unspecified	_	_	_	_	_	_
908-13	TOI020	908	908	13	passaj	passaj	_	_	_	_	_	linguistic	_	unspecified	_	_	_	_	_	_
908-14	TOI020	908	908	14	in	in	_	_	_	_	_	linguistic	_	unspecified	_	_	_	_	_	_
908-15	TOI020	908	908	15	mezzo	mezzo	_	_	_	_	_	linguistic	_	unspecified	_	_	_	_	_	_
908-16	TOI020	908	908	16	a	a	_	_	_	_	_	linguistic	_	unspecified	_	_	_	_	_	_
908-17	TOI020	908	908	17	la	la	_	_	_	_	_	linguistic	_	unspecified	_	_	_	_	_	_
908-18	TOI020	908	908	18	chiazze	chiazze	_	_	_	_	_	linguistic	_	unspecified	_	_	_	_	_	_
908-19	TOI020	908	908	19	se	se	_	_	_	_	_	linguistic	_	unspecified	_	_	_	_	_	_
908-20	TOI020	908	908	20	non	non	_	_	_	_	_	linguistic	_	unspecified	_	_	_	_	_	_
908-21	TOI020	908	908	21	magari	magari	_	_	_	_	_	linguistic	_	unspecified	_	_	_	_	_	_
908-22	TOI020	908	908	22	con	con	_	_	_	_	_	linguistic	_	unspecified	_	_	_	_	_	_
908-23	TOI020	908	908	23	il	il	_	_	_	_	_	linguistic	_	unspecified	_	_	_	_	_	_
908-24	TOI020	908	908	24	marito.	marito	_	_	_	_	_	linguistic	_	unspecified	Intonation=Falling	End=2577.233	_	_	_	_
909-0	TOI020	909	909	0	questo	questo	_	_	_	_	_	linguistic	_	none	_	Begin=2577.991	_	_	_	_
909-1	TOI020	909	909	1	no	no	_	_	_	_	_	linguistic	_	none	_	_	_	_	_	_
909-2	TOI020	909	909	2	so:n~	son~	_	_	_	_	_	linguistic	_	none	Interrupted=Yes	_	1x1	_	_	_
909-3	TOI020	909	909	3	forse	forse	_	_	_	_	_	linguistic	_	none	_	_	_	_	_	_
909-4	TOI020	909	909	4	questo	questo	_	_	_	_	_	linguistic	_	none	_	_	_	_	_	_
909-5	TOI020	909	909	5	te	te	_	_	_	_	_	linguistic	_	none	_	_	_	_	_	_
909-6	TOI020	909	909	6	lo	lo	_	_	_	_	_	linguistic	_	none	_	_	_	_	_	_
909-7	TOI020	909	909	7	può	può	_	_	_	_	_	linguistic	_	none	_	_	_	_	_	_
909-8	TOI020	909	909	8	dire	dire	_	_	_	_	_	linguistic	_	none	_	_	_	_	_	_
909-9	TOI020	909	909	9	meglio:	meglio	_	_	_	_	_	linguistic	_	none	_	_	5x1	_	_	_
909-10	TOI020	909	909	10	zia	zia	_	_	_	_	_	linguistic	_	none	_	_	_	_	_	_
909-11	TOI020	909	909	11	anna.	anna	_	_	_	_	_	linguistic	_	none	Intonation=Falling	_	_	_	_	_
909-12	TOI020	909	909	12	però	però	_	_	_	_	_	linguistic	_	none	_	End=2582.124	_	_	_	_
910-0	TOR004	910	910	0	ma	ma	_	_	_	_	_	linguistic	_	none	_	Begin=2582.228	_	_	_	_
910-1	TOR004	910	910	1	per	per	_	_	_	_	_	linguistic	_	none	_	_	_	_	_	_
910-2	TOR004	910	910	2	scaramanzia	scaramanzia	_	_	_	_	_	linguistic	_	none	_	_	_	_	_	_
910-3	TOR004	910	910	3	di[ci]?	dici	_	_	_	_	_	linguistic	_	none	Intonation=Rising	End=2583.368	_	_	_	2-4(264)
911-0	TOI020	911	911	0	[no]	no	_	_	_	_	_	linguistic	_	unspecified	_	Begin=2583.243	_	_	_	0-2(264)
911-1	TOI020	911	911	1	no	no	_	_	_	_	_	linguistic	_	unspecified	_	_	_	_	_	_
911-2	TOI020	911	911	2	no,	no	_	_	_	_	_	linguistic	_	unspecified	Intonation=WeaklyRising	_	_	_	_	_
911-3	TOI020	911	911	3	era	era	_	_	_	_	_	linguistic	_	unspecified	_	_	_	_	_	_
911-4	TOI020	911	911	4	[proprio	proprio	_	_	_	_	_	linguistic	_	unspecified	_	_	_	_	_	0-7(265)
911-5	TOI020	911	911	5	perché]	perché	_	_	_	_	_	linguistic	_	unspecified	_	_	_	_	_	0-6(265)
911-6	TOI020	911	911	6	eh	eh	_	_	_	_	_	linguistic	_	unspecified	_	_	_	_	_	_
911-7	TOI020	911	911	7	re	re	_	_	_	_	_	linguistic	_	unspecified	_	_	_	_	_	_
911-8	TOI020	911	911	8	femme~	femme~	_	_	_	_	_	linguistic	_	unspecified	Interrupted=Yes	_	_	_	_	_
911-9	TOI020	911	911	9	eh	eh	_	_	_	_	_	linguistic	_	unspecified	_	_	_	_	_	_
911-10	TOI020	911	911	10	beh	beh	_	_	_	_	_	linguistic	_	unspecified	_	_	_	_	_	_
911-11	TOI020	911	911	11	peggio	peggio	_	_	_	_	_	linguistic	_	unspecified	_	_	_	_	_	_
911-12	TOI020	911	911	12	che	che	_	_	_	_	_	linguistic	_	unspecified	_	_	_	_	_	_
911-13	TOI020	911	911	13	i	i	_	_	_	_	_	linguistic	_	unspecified	_	_	_	_	_	_
911-14	TOI020	911	911	14	marocchi:~	marocchi~	_	_	_	_	_	linguistic	_	unspecified	Interrupted=Yes	_	7x1	_	_	_
911-15	TOI020	911	911	15	ci(o)è	cioè	_	_	_	_	_	linguistic	_	unspecified	Reduced=Yes	_	_	_	_	_
911-16	TOI020	911	911	16	che:	che	_	_	_	_	_	linguistic	_	unspecified	_	_	2x1	_	_	_
911-17	TOI020	911	911	17	gli	gli	_	_	_	_	_	linguistic	_	unspecified	_	_	_	_	_	_
911-18	TOI020	911	911	18	arabi	arabi	_	_	_	_	_	linguistic	_	unspecified	_	_	_	_	_	_
911-19	TOI020	911	911	19	eh.	eh	_	_	_	_	_	linguistic	_	unspecified	Intonation=Falling	_	_	_	_	_
911-20	TOI020	911	911	20	eh	eh	_	_	_	_	_	linguistic	_	unspecified	_	_	_	_	_	_
911-21	TOI020	911	911	21	eh	eh	_	_	_	_	_	linguistic	_	unspecified	_	_	_	_	_	_
911-22	TOI020	911	911	22	eravamo	eravamo	_	_	_	_	_	linguistic	_	unspecified	_	_	_	_	_	_
911-23	TOI020	911	911	23	lì.	lì	_	_	_	_	_	linguistic	_	unspecified	Intonation=Falling	End=2589.73	_	_	_	_
912-0	TOR004	912	912	0	[proprio:	proprio	_	_	_	_	_	linguistic	_	none	_	Begin=2584.115	6x1	_	_	0-7(265)
912-1	TOR004	912	912	1	prassi].	prassi	_	_	_	_	_	linguistic	_	none	Intonation=Falling	End=2585.121	_	_	_	0-6(265)
913-0	TOR004	913	913	0	((ride))	((ride))	_	_	_	_	_	nonverbalbehavior	_	none	_	Begin=2586.727|End=2587.5	_	_	_	_
914-0	TOR004	914	914	0	comunque	comunque	_	_	_	_	_	linguistic	_	none	PauseAfter=Yes	Begin=2589.928	_	_	_	_
914-1	TOR004	914	914	1	(.)	(.)	_	_	_	_	_	shortpause	_	none	_	_	_	_	_	_
914-2	TOR004	914	914	2	[ho	ho	_	_	_	_	_	linguistic	_	none	_	_	_	_	_	0-2(266)
914-3	TOR004	914	914	3	sentito	sentito	_	_	_	_	_	linguistic	_	none	_	_	_	_	_	0-7(266)
914-4	TOR004	914	914	4	di]	di	_	_	_	_	_	linguistic	_	none	_	_	_	_	_	0-2(266)
914-5	TOR004	914	914	5	questa	questa	_	_	_	_	_	linguistic	_	none	_	_	_	_	_	_
914-6	TOR004	914	914	6	cosa	cosa	_	_	_	_	_	linguistic	_	none	_	_	_	_	_	_
914-7	TOR004	914	914	7	anche	anche	_	_	_	_	_	linguistic	_	none	_	_	_	_	_	_
914-8	TOR004	914	914	8	in	in	_	_	_	_	_	linguistic	_	none	_	_	_	_	_	_
914-9	TOR004	914	914	9	sicilia	sicilia	_	_	_	_	_	linguistic	_	none	_	_	_	_	_	_
914-10	TOR004	914	914	10	[non	non	_	_	_	_	_	linguistic	_	none	ProsodicLink=Yes	_	_	_	_	0-3(267)
914-11	TOR004	914	914	11	eh]	eh	_	_	_	_	_	linguistic	_	none	_	End=2593.067	_	_	_	0-2(267)
915-0	TOI020	915	915	0	[non	non	_	_	_	_	_	linguistic	_	none	_	Begin=2590.413	_	_	_	0-3(266)
915-1	TOI020	915	915	1	c'	c'	_	_	_	_	_	linguistic	_	none	SpaceAfter=No	_	_	_	_	0-2(266)
915-2	TOI020	915	915	2	è:]	è	_	_	_	_	_	linguistic	_	none	_	End=2591.153	0x1	_	_	0-1(266)
916-0	TOI020	916	916	0	[non	non	_	_	_	_	_	linguistic	_	none	_	Begin=2592.689	_	_	_	0-3(267)
916-1	TOI020	916	916	1	è]	è	_	_	_	_	_	linguistic	_	none	_	_	_	_	_	0-1(267)
916-2	TOI020	916	916	2	che	che	_	_	_	_	_	linguistic	_	none	_	_	_	_	_	_
916-3	TOI020	916	916	3	noi	noi	_	_	_	_	_	linguistic	_	none	_	_	_	_	_	_
916-4	TOI020	916	916	4	siamo	siamo	_	_	_	_	_	linguistic	_	none	_	_	_	_	_	_
916-5	TOI020	916	916	5	tanto	tanto	_	_	_	_	_	linguistic	_	none	_	_	_	_	_	_
916-6	TOI020	916	916	6	lontani.	lontani	_	_	_	_	_	linguistic	_	none	Intonation=Falling	_	_	_	_	_
916-7	TOI020	916	916	7	è	è	_	_	_	_	_	linguistic	_	none	_	_	_	_	_	_
916-8	TOI020	916	916	8	che	che	_	_	_	_	_	linguistic	_	none	_	_	_	_	_	_
916-9	TOI020	916	916	9	adesso	adesso	_	_	_	_	_	linguistic	_	none	_	_	_	_	_	_
916-10	TOI020	916	916	10	siamo	siamo	_	_	_	_	_	linguistic	_	none	_	_	_	_	_	_
916-11	TOI020	916	916	11	evoluti	evoluti	_	_	_	_	_	linguistic	_	none	_	_	_	_	_	_
916-12	TOI020	916	916	12	eh	eh	_	_	_	_	_	linguistic	_	none	_	_	_	_	_	_
916-13	TOI020	916	916	13	ma:	ma	_	_	_	_	_	linguistic	_	none	_	End=2596.634	1x1	_	_	_
917-0	TOR004	917	917	0	[poi	poi	_	_	_	_	_	linguistic	_	none	_	Begin=2596.769	_	_	_	0-3(268)
917-1	TOR004	917	917	1	con	con	_	_	_	_	_	linguistic	_	none	_	_	_	_	_	0-3(268)
917-2	TOR004	917	917	2	tutti:	tutti	_	_	_	_	_	linguistic	_	none	_	_	4x1	_	_	0-5(268)
917-3	TOR004	917	917	3	i	i	_	_	_	_	_	linguistic	_	none	_	_	_	_	_	0-1(268)
917-4	TOR004	917	917	4	me]cca	mecca	_	_	_	_	_	linguistic	_	none	_	_	_	_	_	0-2(268)
917-5	TOR004	917	917	5	che	che	_	_	_	_	_	linguistic	_	none	_	_	_	_	_	_
917-6	TOR004	917	917	6	ci	ci	_	_	_	_	_	linguistic	_	none	_	_	_	_	_	_
917-7	TOR004	917	917	7	so:(no)	sono	_	_	_	_	_	linguistic	_	none	_	End=2598.941	1x1	_	2-4(0)	_
918-0	TOI020	918	918	0	[eravamo	eravamo	_	_	_	_	_	linguistic	_	none	_	Begin=2596.774	_	_	_	0-7(268)
918-1	TOI020	918	918	1	peggio].	peggio	_	_	_	_	_	linguistic	_	none	Intonation=Falling	End=2597.912	_	_	_	0-6(268)
919-0	TOI020	919	919	0	no	no	_	_	_	_	_	linguistic	_	none	_	Begin=2598.958	_	_	_	_
919-1	TOI020	919	919	1	ma	ma	_	_	_	_	_	linguistic	_	none	_	_	_	_	_	_
919-2	TOI020	919	919	2	eravamo	eravamo	_	_	_	_	_	linguistic	_	none	_	_	_	_	_	_
919-3	TOI020	919	919	3	molto,	molto	_	_	_	_	_	linguistic	_	none	Intonation=WeaklyRising	_	_	_	_	_
919-4	TOI020	919	919	4	molto	molto	_	_	_	_	_	linguistic	_	none	_	_	_	_	_	_
919-5	TOI020	919	919	5	molto	molto	_	_	_	_	_	linguistic	_	none	_	_	_	_	_	_
919-6	TOI020	919	919	6	pegg~	pegg~	_	_	_	_	_	linguistic	_	none	Interrupted=Yes	_	_	_	_	_
919-7	TOI020	919	919	7	c(io)è	cioè	_	_	_	_	_	linguistic	_	none	Reduced=Yes	_	_	_	_	_
919-8	TOI020	919	919	8	anche	anche	_	_	_	_	_	linguistic	_	none	_	_	_	_	_	_
919-9	TOI020	919	919	9	da	da	_	_	_	_	_	linguistic	_	none	_	_	_	_	_	_
919-10	TOI020	919	919	10	noi	noi	_	_	_	_	_	linguistic	_	none	_	_	_	_	_	_
919-11	TOI020	919	919	11	le	le	_	_	_	_	_	linguistic	_	none	_	_	_	_	_	_
919-12	TOI020	919	919	12	donne	donne	_	_	_	_	_	linguistic	_	none	_	_	_	_	_	_
919-13	TOI020	919	919	13	col	col	_	_	_	_	_	linguistic	_	none	_	_	_	_	_	_
919-14	TOI020	919	919	14	foulard	foulard	_	_	_	_	_	linguistic	_	none	_	End=2603.817	_	_	_	_
920-0	TOR004	920	920	0	s[ì:]	sì	_	_	_	_	_	linguistic	_	none	_	Begin=2604.052|End=2604.486	1x1	_	_	1-2(269)
921-0	TOI020	921	921	0	[eh]	eh	_	_	_	_	_	linguistic	_	unspecified	_	Begin=2604.267	_	_	_	0-2(269)
921-1	TOI020	921	921	1	sì:	sì	_	_	_	_	_	linguistic	_	unspecified	_	_	1x1	_	_	_
921-2	TOI020	921	921	2	>sì	sì	_	_	_	_	_	linguistic	_	unspecified	_	_	_	Fast=0-2(0)	_	_
921-3	TOI020	921	921	3	sì<	sì	_	_	_	_	_	linguistic	_	unspecified	PauseAfter=Yes	_	_	Fast=0-2(0)	_	_
921-4	TOI020	921	921	4	(.)	(.)	_	_	_	_	_	shortpause	_	unspecified	_	_	_	_	_	_
921-5	TOI020	921	921	5	lu	lu	_	_	_	_	_	linguistic	_	unspecified	_	_	_	_	_	_
921-6	TOI020	921	921	6	maccature	maccature	_	_	_	_	_	linguistic	_	unspecified	_	End=2606.694	_	_	_	_
922-0	TOI020	922	922	0	le	le	_	_	_	_	_	linguistic	_	none	_	Begin=2606.858	_	_	_	_
922-1	TOI020	922	922	1	donne	donne	_	_	_	_	_	linguistic	_	none	_	_	_	_	_	_
922-2	TOI020	922	922	2	avevano	avevano	_	_	_	_	_	linguistic	_	none	_	_	_	_	_	_
922-3	TOI020	922	922	3	il	il	_	_	_	_	_	linguistic	_	none	_	_	_	_	_	_
922-4	TOI020	922	922	4	foulard	foulard	_	_	_	_	_	linguistic	_	none	_	_	_	_	_	_
922-5	TOI020	922	922	5	in	in	_	_	_	_	_	linguistic	_	none	_	_	_	_	_	_
922-6	TOI020	922	922	6	testa,	testa	_	_	_	_	_	linguistic	_	none	Intonation=WeaklyRising	End=2609.088	_	_	_	_
923-0	TOI020	923	923	0	e:h	eh	_	_	_	_	_	linguistic	_	none	_	Begin=2609.617	0x1	_	_	_
923-1	TOI020	923	923	1	poi	poi	_	_	_	_	_	linguistic	_	none	PauseAfter=Yes	_	_	_	_	_
923-2	TOI020	923	923	2	(.)	(.)	_	_	_	_	_	shortpause	_	none	_	_	_	_	_	_
923-3	TOI020	923	923	3	il	il	_	_	_	_	_	linguistic	_	none	_	_	_	_	_	_
923-4	TOI020	923	923	4	foulard	foulard	_	_	_	_	_	linguistic	_	none	_	_	_	_	_	_
923-5	TOI020	923	923	5	si	si	_	_	_	_	_	linguistic	_	none	_	_	_	_	_	_
923-6	TOI020	923	923	6	mette~	mette~	_	_	_	_	_	linguistic	_	none	Interrupted=Yes	_	_	_	_	_
923-7	TOI020	923	923	7	se	se	_	_	_	_	_	linguistic	_	none	_	_	_	_	_	_
923-8	TOI020	923	923	8	erano:	erano	_	_	_	_	_	linguistic	_	none	_	_	4x1	_	_	_
923-9	TOI020	923	923	9	se	se	_	_	_	_	_	linguistic	_	none	_	_	_	_	_	_
923-10	TOI020	923	923	10	era	era	_	_	_	_	_	linguistic	_	none	_	_	_	_	_	_
923-11	TOI020	923	923	11	mancato	mancato	_	_	_	_	_	linguistic	_	none	_	_	_	_	_	_
923-12	TOI020	923	923	12	qualcuno	qualcuno	_	_	_	_	_	linguistic	_	none	_	End=2614.193	_	_	_	_
924-0	TOI020	924	924	0	il	il	_	_	_	_	_	linguistic	_	none	_	Begin=2614.496	_	_	_	_
924-1	TOI020	924	924	1	foulard	foulard	_	_	_	_	_	linguistic	_	none	_	_	_	_	_	_
924-2	TOI020	924	924	2	si	si	_	_	_	_	_	linguistic	_	none	_	_	_	_	_	_
924-3	TOI020	924	924	3	teneva	teneva	_	_	_	_	_	linguistic	_	none	_	End=2615.933	_	_	_	_
925-0	TOI020	925	925	0	dipendeva	dipendeva	_	_	_	_	_	linguistic	_	none	_	Begin=2616.133	_	_	_	_
925-1	TOI020	925	925	1	da	da	_	_	_	_	_	linguistic	_	none	_	_	_	_	_	_
925-2	TOI020	925	925	2	che	che	_	_	_	_	_	linguistic	_	none	_	_	_	_	_	_
925-3	TOI020	925	925	3	r~	r~	_	_	_	_	_	linguistic	_	none	Interrupted=Yes	_	_	_	_	_
925-4	TOI020	925	925	4	eh	eh	_	_	_	_	_	linguistic	_	none	_	_	_	_	_	_
925-5	TOI020	925	925	5	grado	grado	_	_	_	_	_	linguistic	_	none	_	_	_	_	_	_
925-6	TOI020	925	925	6	di	di	_	_	_	_	_	linguistic	_	none	_	_	_	_	_	_
925-7	TOI020	925	925	7	parentela	parentela	_	_	_	_	_	linguistic	_	none	_	End=2619.035	_	_	_	_
926-0	TOI020	926	926	0	lo	lo	_	_	_	_	_	linguistic	_	none	_	Begin=2619.323	_	_	_	_
926-1	TOI020	926	926	1	tenevi	tenevi	_	_	_	_	_	linguistic	_	none	_	_	_	_	_	_
926-2	TOI020	926	926	2	anche	anche	_	_	_	_	_	linguistic	_	none	_	_	_	_	_	_
926-3	TOI020	926	926	3	a	a	_	_	_	_	_	linguistic	_	none	_	_	_	_	_	_
926-4	TOI020	926	926	4	vita,	vita	_	_	_	_	_	linguistic	_	none	Intonation=WeaklyRising	End=2620.865	_	_	_	_
927-0	TOI020	927	927	0	e:,	e	_	_	_	_	_	linguistic	_	none	Intonation=WeaklyRising	Begin=2622.098	0x1	_	_	_
927-1	TOI020	927	927	1	sì	sì	_	_	_	_	_	linguistic	_	none	_	_	_	_	_	_
927-2	TOI020	927	927	2	sì.	sì	_	_	_	_	_	linguistic	_	none	Intonation=Falling|PauseAfter=Yes	_	_	_	_	_
927-3	TOI020	927	927	3	(.)	(.)	_	_	_	_	_	shortpause	_	none	_	_	_	_	_	_
927-4	TOI020	927	927	4	e	e	_	_	_	_	_	linguistic	_	none	_	_	_	_	_	_
927-5	TOI020	927	927	5	le	le	_	_	_	_	_	linguistic	_	none	_	_	_	_	_	_
927-6	TOI020	927	927	6	mamme	mamme	_	_	_	_	_	linguistic	_	none	_	_	_	_	_	_
927-7	TOI020	927	927	7	se	se	_	_	_	_	_	linguistic	_	none	_	_	_	_	_	_
927-8	TOI020	927	927	8	mancavan~	mancavan~	_	_	_	_	_	linguistic	_	none	Interrupted=Yes	_	_	_	_	_
927-9	TOI020	927	927	9	nero.	nero	_	_	_	_	_	linguistic	_	none	Intonation=Falling	_	_	_	_	_
927-10	TOI020	927	927	10	tutto	tutto	_	_	_	_	_	linguistic	_	none	_	_	_	_	_	_
927-11	TOI020	927	927	11	nero,	nero	_	_	_	_	_	linguistic	_	none	Intonation=WeaklyRising	End=2626.867	_	_	_	_
928-0	TOI020	928	928	0	il	il	_	_	_	_	_	linguistic	_	none	_	Begin=2627.285	_	_	_	_
928-1	TOI020	928	928	1	costume	costume	_	_	_	_	_	linguistic	_	none	_	_	_	_	_	_
928-2	TOI020	928	928	2	che	che	_	_	_	_	_	linguistic	_	none	_	_	_	_	_	_
928-3	TOI020	928	928	3	eh	eh	_	_	_	_	_	linguistic	_	none	_	_	_	_	_	_
928-4	TOI020	928	928	4	ha	ha	_	_	_	_	_	linguistic	_	none	_	_	_	_	_	_
928-5	TOI020	928	928	5	una	una	_	_	_	_	_	linguistic	_	none	_	_	_	_	_	_
928-6	TOI020	928	928	6	banda:	banda	_	_	_	_	_	linguistic	_	none	_	End=2630.577	4x1	_	_	_
929-0	TOI020	929	929	0	rossa	rossa	_	_	_	_	_	linguistic	_	none	_	Begin=2630.992|End=2631.803	_	_	_	_
930-0	TOI020	930	930	0	se	se	_	_	_	_	_	linguistic	_	none	_	Begin=2631.997	_	_	_	_
930-1	TOI020	930	930	1	c'	c'	_	_	_	_	_	linguistic	_	none	SpaceAfter=No	_	_	_	_	_
930-2	TOI020	930	930	2	era	era	_	_	_	_	_	linguistic	_	none	_	_	_	_	_	_
930-3	TOI020	930	930	3	il	il	_	_	_	_	_	linguistic	_	none	_	_	_	_	_	_
930-4	TOI020	930	930	4	lutto	lutto	_	_	_	_	_	linguistic	_	none	PauseAfter=Yes	_	_	_	_	_
930-5	TOI020	930	930	5	(.)	(.)	_	_	_	_	_	shortpause	_	none	_	_	_	_	_	_
930-6	TOI020	930	930	6	diventava	diventava	_	_	_	_	_	linguistic	_	none	PauseAfter=Yes	_	_	_	_	_
930-7	TOI020	930	930	7	(.)	(.)	_	_	_	_	_	shortpause	_	none	_	_	_	_	_	_
930-8	TOI020	930	930	8	[ner]o,	nero	_	_	_	_	_	linguistic	_	none	Intonation=WeaklyRising	End=2634.963	_	_	_	0-3(270)
931-0	TOR004	931	931	0	[nero].	nero	_	_	_	_	_	linguistic	_	none	Intonation=Falling	Begin=2634.187|End=2634.6	_	_	_	0-4(270)
932-0	TOI020	932	932	0	e:h	eh	_	_	_	_	_	linguistic	_	none	_	Begin=2635.51	0x1	_	_	_
932-1	TOI020	932	932	1	rosso	rosso	_	_	_	_	_	linguistic	_	none	_	_	_	_	_	_
932-2	TOI020	932	932	2	era	era	_	_	_	_	_	linguistic	_	none	_	_	_	_	_	_
932-3	TOI020	932	932	3	nei	nei	_	_	_	_	_	linguistic	_	none	_	_	_	_	_	_
932-4	TOI020	932	932	4	giorni	giorni	_	_	_	_	_	linguistic	_	none	_	_	_	_	_	_
932-5	TOI020	932	932	5	di	di	_	_	_	_	_	linguistic	_	none	_	_	_	_	_	_
932-6	TOI020	932	932	6	festa,	festa	_	_	_	_	_	linguistic	_	none	Intonation=WeaklyRising	_	_	_	_	_
932-7	TOI020	932	932	7	gli	gli	_	_	_	_	_	linguistic	_	none	_	_	_	_	_	_
932-8	TOI020	932	932	8	altri	altri	_	_	_	_	_	linguistic	_	none	_	_	_	_	_	_
932-9	TOI020	932	932	9	giorni	giorni	_	_	_	_	_	linguistic	_	none	_	_	_	_	_	_
932-10	TOI020	932	932	10	era	era	_	_	_	_	_	linguistic	_	none	_	_	_	_	_	_
932-11	TOI020	932	932	11	marrone	marrone	_	_	_	_	_	linguistic	_	none	_	_	_	_	_	_
932-12	TOI020	932	932	12	ma~	ma~	_	_	_	_	_	linguistic	_	none	Interrupted=Yes	_	_	_	_	_
932-13	TOI020	932	932	13	nero.	nero	_	_	_	_	_	linguistic	_	none	Intonation=Falling	End=2640.609	_	_	_	_
933-0	TOI020	933	933	0	se	se	_	_	_	_	_	linguistic	_	none	_	Begin=2641.014	_	_	_	_
933-1	TOI020	933	933	1	c'	c'	_	_	_	_	_	linguistic	_	none	SpaceAfter=No	_	_	_	_	_
933-2	TOI020	933	933	2	era	era	_	_	_	_	_	linguistic	_	none	_	_	_	_	_	_
933-3	TOI020	933	933	3	il	il	_	_	_	_	_	linguistic	_	none	_	_	_	_	_	_
933-4	TOI020	933	933	4	lutto,	lutto	_	_	_	_	_	linguistic	_	none	Intonation=WeaklyRising	End=2642.113	_	_	_	_
934-0	TOI020	934	934	0	e::	e	_	_	_	_	_	linguistic	_	unspecified	_	Begin=2642.862	0x2	_	_	_
934-1	TOI020	934	934	1	si	si	_	_	_	_	_	linguistic	_	unspecified	_	_	_	_	_	_
934-2	TOI020	934	934	2	chiama	chiama	_	_	_	_	_	linguistic	_	unspecified	_	_	_	_	_	_
934-3	TOI020	934	934	3	lu	lu	_	_	_	_	_	linguistic	_	unspecified	PauseAfter=Yes	_	_	_	_	_
934-4	TOI020	934	934	4	(.)	(.)	_	_	_	_	_	shortpause	_	unspecified	_	_	_	_	_	_
934-5	TOI020	934	934	5	e::h	eh	_	_	_	_	_	linguistic	_	unspecified	ProsodicLink=Yes	_	0x2	_	_	_
934-6	TOI020	934	934	6	mh	mh	_	_	_	_	_	linguistic	_	unspecified	_	End=2645.419	_	_	_	_
935-0	TOI020	935	935	0	e:h	eh	_	_	_	_	_	linguistic	_	unspecified	_	Begin=2646.534	0x1	_	_	_
935-1	TOI020	935	935	1	allora.	allora	_	_	_	_	_	linguistic	_	unspecified	Intonation=Falling	_	_	_	_	_
935-2	TOI020	935	935	2	l	l	_	_	_	_	_	linguistic	_	unspecified	_	_	_	_	_	_
935-3	TOI020	935	935	3	iuppune	iuppune	_	_	_	_	_	linguistic	_	unspecified	PauseAfter=Yes	_	_	_	_	_
935-4	TOI020	935	935	4	(.)	(.)	_	_	_	_	_	shortpause	_	unspecified	_	_	_	_	_	_
935-5	TOI020	935	935	5	e	e	_	_	_	_	_	linguistic	_	unspecified	_	_	_	_	_	_
935-6	TOI020	935	935	6	non	non	_	_	_	_	_	linguistic	_	unspecified	_	_	_	_	_	_
935-7	TOI020	935	935	7	mi	mi	_	_	_	_	_	linguistic	_	unspecified	_	_	_	_	_	_
935-8	TOI020	935	935	8	ricordo	ricordo	_	_	_	_	_	linguistic	_	unspecified	_	_	_	_	_	_
935-9	TOI020	935	935	9	come	come	_	_	_	_	_	linguistic	_	unspecified	_	_	_	_	_	_
935-10	TOI020	935	935	10	si	si	_	_	_	_	_	linguistic	_	unspecified	_	_	_	_	_	_
935-11	TOI020	935	935	11	chiam[a	chiama	_	_	_	_	_	linguistic	_	unspecified	_	_	_	_	_	5-6(271)
935-12	TOI020	935	935	12	il	il	_	_	_	_	_	linguistic	_	unspecified	_	_	_	_	_	0-2(271)
935-13	TOI020	935	935	13	pezzo],	pezzo	_	_	_	_	_	linguistic	_	unspecified	Intonation=WeaklyRising	_	_	_	_	0-5(271)
935-14	TOI020	935	935	14	eh	eh	_	_	_	_	_	linguistic	_	unspecified	_	_	_	_	_	_
935-15	TOI020	935	935	15	la:	la	_	_	_	_	_	linguistic	_	unspecified	_	_	1x1	_	_	_
935-16	TOI020	935	935	16	ha	ha	_	_	_	_	_	linguistic	_	unspecified	_	_	_	_	_	_
935-17	TOI020	935	935	17	un	un	_	_	_	_	_	linguistic	_	unspecified	_	_	_	_	_	_
935-18	TOI020	935	935	18	nome	nome	_	_	_	_	_	linguistic	_	unspecified	_	End=2652.239	_	_	_	_
936-0	TOR004	936	936	0	[la	la	_	_	_	_	_	linguistic	_	none	_	Begin=2650.069	_	_	_	0-2(271)
936-1	TOR004	936	936	1	cintur(a)].	cintura	_	_	_	_	_	linguistic	_	none	Intonation=Falling	End=2650.844	_	_	6-7(0)	0-7(271)
937-0	TOI020	937	937	0	specifico,	specifico	_	_	_	_	_	linguistic	_	none	Intonation=WeaklyRising	Begin=2653.663|End=2654.714	_	_	_	_
938-0	TOI020	938	938	0	e:	e	_	_	_	_	_	linguistic	_	none	_	Begin=2655.092	0x1	_	_	_
938-1	TOI020	938	938	1	e::h	eh	_	_	_	_	_	linguistic	_	none	_	_	0x2	_	_	_
938-2	TOI020	938	938	2	se	se	_	_	_	_	_	linguistic	_	none	_	_	_	_	_	_
938-3	TOI020	938	938	3	mancava	mancava	_	_	_	_	_	linguistic	_	none	_	_	_	_	_	_
938-4	TOI020	938	938	4	un	un	_	_	_	_	_	linguistic	_	none	_	_	_	_	_	_
938-5	TOI020	938	938	5	figlio	figlio	_	_	_	_	_	linguistic	_	none	_	End=2658.439	_	_	_	_
939-0	TOR004	939	939	0	mh.	mh	_	_	_	_	_	linguistic	_	none	Intonation=Falling	Begin=2658.583|End=2658.881	_	_	_	_
940-0	TOI020	940	940	0	tenevano	tenevano	_	_	_	_	_	linguistic	_	none	_	Begin=2659.229|End=2660.041	_	_	_	_
941-0	TOI020	941	941	0	in	in	_	_	_	_	_	linguistic	_	none	_	Begin=2660.226	_	_	_	_
941-1	TOI020	941	941	1	testa,	testa	_	_	_	_	_	linguistic	_	none	Intonation=WeaklyRising	End=2661.141	_	_	_	_
942-0	TOI020	942	942	0	lo	lo	_	_	_	_	_	linguistic	_	none	_	Begin=2661.481	_	_	_	_
942-1	TOI020	942	942	1	scialle	scialle	_	_	_	_	_	linguistic	_	none	_	_	_	_	_	_
942-2	TOI020	942	942	2	di	di	_	_	_	_	_	linguistic	_	none	_	_	_	_	_	_
942-3	TOI020	942	942	3	lana.	lana	_	_	_	_	_	linguistic	_	none	Intonation=Falling	End=2662.748	_	_	_	_
943-0	TOI020	943	943	0	anche	anche	_	_	_	_	_	linguistic	_	none	_	Begin=2663.238	_	_	_	_
943-1	TOI020	943	943	1	d'	d'	_	_	_	_	_	linguistic	_	none	SpaceAfter=No	_	_	_	_	_
943-2	TOI020	943	943	2	estate.	estate	_	_	_	_	_	linguistic	_	none	Intonation=Falling	End=2664.357	_	_	_	_
944-0	TOI020	944	944	0	e	e	_	_	_	_	_	linguistic	_	none	_	Begin=2665.354	_	_	_	_
944-1	TOI020	944	944	1	una	una	_	_	_	_	_	linguistic	_	none	_	_	_	_	_	_
944-2	TOI020	944	944	2	volta,	volta	_	_	_	_	_	linguistic	_	none	Intonation=WeaklyRising	End=2666.51	_	_	_	_
945-0	TOI020	945	945	0	vestivano	vestivano	_	_	_	_	_	linguistic	_	none	_	Begin=2666.903	_	_	_	_
945-1	TOI020	945	945	1	di	di	_	_	_	_	_	linguistic	_	none	_	_	_	_	_	_
945-2	TOI020	945	945	2	nero	nero	_	_	_	_	_	linguistic	_	none	_	_	_	_	_	_
945-3	TOI020	945	945	3	anche	anche	_	_	_	_	_	linguistic	_	none	_	_	_	_	_	_
945-4	TOI020	945	945	4	i	i	_	_	_	_	_	linguistic	_	none	_	_	_	_	_	_
945-5	TOI020	945	945	5	bambini.	bambini	_	_	_	_	_	linguistic	_	none	Intonation=Falling	End=2668.841	_	_	_	_
946-0	TOR004	946	946	0	per	per	_	_	_	_	_	linguistic	_	none	_	Begin=2669.807	_	_	_	_
946-1	TOR004	946	946	1	il	il	_	_	_	_	_	linguistic	_	none	_	_	_	_	_	_
946-2	TOR004	946	946	2	lutto	lutto	_	_	_	_	_	linguistic	_	none	_	_	_	_	_	_
946-3	TOR004	946	946	3	[ques~]	ques~	_	_	_	_	_	linguistic	_	none	Interrupted=Yes	End=2670.886	_	_	_	0-5(272)
947-0	TOI020	947	947	0	[per	per	_	_	_	_	_	linguistic	_	none	_	Begin=2670.487	_	_	_	0-3(272)
947-1	TOI020	947	947	1	il]	il	_	_	_	_	_	linguistic	_	none	_	_	_	_	_	0-2(272)
947-2	TOI020	947	947	2	lut[to].	lutto	_	_	_	_	_	linguistic	_	none	Intonation=Falling	End=2671.569	_	_	_	3-5(273)
948-0	TOR004	948	948	0	[ma	ma	_	_	_	_	_	linguistic	_	none	_	Begin=2671.127	_	_	_	0-2(273)
948-1	TOR004	948	948	1	questo]	questo	_	_	_	_	_	linguistic	_	none	_	_	_	_	_	0-6(273)
948-2	TOR004	948	948	2	per	per	_	_	_	_	_	linguistic	_	none	_	End=2671.785	_	_	_	_
949-0	TOR004	949	949	0	per	per	_	_	_	_	_	linguistic	_	none	_	Begin=2671.967	_	_	_	_
949-1	TOR004	949	949	1	tutta	tutta	_	_	_	_	_	linguistic	_	none	_	_	_	_	_	_
949-2	TOR004	949	949	2	la	la	_	_	_	_	_	linguistic	_	none	_	_	_	_	_	_
949-3	TOR004	949	949	3	vita,	vita	_	_	_	_	_	linguistic	_	none	Intonation=WeaklyRising	_	_	_	_	_
949-4	TOR004	949	949	4	nel	nel	_	_	_	_	_	linguistic	_	none	_	_	_	_	_	_
949-5	TOR004	949	949	5	senso.	senso	_	_	_	_	_	linguistic	_	none	Intonation=Falling	End=2673.612	_	_	_	_
950-0	TOI020	950	950	0	i:	i	_	_	_	_	_	linguistic	_	none	_	Begin=2673.704	0x1	_	_	_
950-1	TOI020	950	950	1	allora.	allora	_	_	_	_	_	linguistic	_	none	Intonation=Falling	End=2674.633	_	_	_	_
951-0	TOI020	951	951	0	la	la	_	_	_	_	_	linguistic	_	none	_	Begin=2675.63	_	_	_	_
951-1	TOI020	951	951	1	regola	regola	_	_	_	_	_	linguistic	_	none	_	_	_	_	_	_
951-2	TOI020	951	951	2	era.	era	_	_	_	_	_	linguistic	_	none	Intonation=Falling	End=2676.628	_	_	_	_
952-0	TOI020	952	952	0	io	io	_	_	_	_	_	linguistic	_	none	_	Begin=2677.743	_	_	_	_
952-1	TOI020	952	952	1	ti	ti	_	_	_	_	_	linguistic	_	none	_	_	_	_	_	_
952-2	TOI020	952	952	2	dico	dico	_	_	_	_	_	linguistic	_	none	_	End=2678.278	_	_	_	_
953-0	TOI020	953	953	0	mia	mia	_	_	_	_	_	linguistic	_	none	_	Begin=2678.779	_	_	_	_
953-1	TOI020	953	953	1	mamma	mamma	_	_	_	_	_	linguistic	_	none	_	_	_	_	_	_
953-2	TOI020	953	953	2	che	che	_	_	_	_	_	linguistic	_	none	_	_	_	_	_	_
953-3	TOI020	953	953	3	gl~	gl~	_	_	_	_	_	linguistic	_	none	Interrupted=Yes	_	_	_	_	_
953-4	TOI020	953	953	4	ha	ha	_	_	_	_	_	linguistic	_	none	_	_	_	_	_	_
953-5	TOI020	953	953	5	perso	perso	_	_	_	_	_	linguistic	_	none	_	_	_	_	_	_
953-6	TOI020	953	953	6	il	il	_	_	_	_	_	linguistic	_	none	_	_	_	_	_	_
953-7	TOI020	953	953	7	papà	papà	_	_	_	_	_	linguistic	_	none	_	_	_	_	_	_
953-8	TOI020	953	953	8	che	che	_	_	_	_	_	linguistic	_	none	_	_	_	_	_	_
953-9	TOI020	953	953	9	era	era	_	_	_	_	_	linguistic	_	none	_	_	_	_	_	_
953-10	TOI020	953	953	10	piccola,	piccola	_	_	_	_	_	linguistic	_	none	Intonation=WeaklyRising	End=2682.141	_	_	_	_
954-0	TOR004	954	954	0	mh	mh	_	_	_	_	_	linguistic	_	none	_	Begin=2682.217|End=2682.428	_	_	_	_
955-0	TOI020	955	955	0	la	la	_	_	_	_	_	linguistic	_	none	_	Begin=2682.539	_	_	_	_
955-1	TOI020	955	955	1	mia	mia	_	_	_	_	_	linguistic	_	none	_	_	_	_	_	_
955-2	TOI020	955	955	2	mamma	mamma	_	_	_	_	_	linguistic	_	none	_	_	_	_	_	_
955-3	TOI020	955	955	3	oggi	oggi	_	_	_	_	_	linguistic	_	none	PauseAfter=Yes	_	_	_	_	_
955-4	TOI020	955	955	4	(.)	(.)	_	_	_	_	_	shortpause	_	none	_	_	_	_	_	_
955-5	TOI020	955	955	5	avrebbe	avrebbe	_	_	_	_	_	linguistic	_	none	PauseAfter=Yes	_	_	_	_	_
955-6	TOI020	955	955	6	(.)	(.)	_	_	_	_	_	shortpause	_	none	_	_	_	_	_	_
955-7	TOI020	955	955	7	avuto,	avuto	_	_	_	_	_	linguistic	_	none	Intonation=WeaklyRising	End=2685.361	_	_	_	_
956-0	TOI020	956	956	0	e	e	_	_	_	_	_	linguistic	_	none	_	Begin=2685.781	_	_	_	_
956-1	TOI020	956	956	1	de	de	_	_	_	_	_	linguistic	_	none	_	_	_	_	_	_
956-2	TOI020	956	956	2	ven~	ven~	_	_	_	_	_	linguistic	_	none	Interrupted=Yes	_	_	_	_	_
956-3	TOI020	956	956	3	era	era	_	_	_	_	_	linguistic	_	none	_	_	_	_	_	_
956-4	TOI020	956	956	4	del	del	_	_	_	_	_	linguistic	_	none	_	_	_	_	_	_
956-5	TOI020	956	956	5	ventiré.	ventiré	_	_	_	_	_	linguistic	_	none	Intonation=Falling	_	_	_	_	_
956-6	TOI020	956	956	6	diciannove	diciannove	_	_	_	_	_	linguistic	_	none	_	_	_	_	_	_
956-7	TOI020	956	956	7	>venti	venti	_	_	_	_	_	linguistic	_	none	_	_	_	Fast=0-5(0)	_	_
956-8	TOI020	956	956	8	ventuno	ventuno	_	_	_	_	_	linguistic	_	none	_	_	_	Fast=0-7(0)	_	_
956-9	TOI020	956	956	9	ventidue	ventidue	_	_	_	_	_	linguistic	_	none	_	_	_	Fast=0-8(0)	_	_
956-10	TOI020	956	956	10	ventire<.	ventire	_	_	_	_	_	linguistic	_	none	Intonation=Falling	_	_	Fast=0-7(0)	_	_
956-11	TOI020	956	956	11	novata	novata	_	_	_	_	_	linguistic	_	none	_	_	_	_	_	_
956-12	TOI020	956	956	12	sei	sei	_	_	_	_	_	linguistic	_	none	_	_	_	_	_	_
956-13	TOI020	956	956	13	[anni],	anni	_	_	_	_	_	linguistic	_	none	Intonation=WeaklyRising	End=2690.879	_	_	_	0-4(274)
957-0	TOR004	957	957	0	[mh	mh	_	_	_	_	_	linguistic	_	none	_	Begin=2690.45	_	_	_	0-2(274)
957-1	TOR004	957	957	1	mh].	mh	_	_	_	_	_	linguistic	_	none	Intonation=Falling	End=2690.828	_	_	_	0-2(274)
958-0	TOI020	958	958	0	lei	lei	_	_	_	_	_	linguistic	_	none	_	Begin=2691.901	_	_	_	_
958-1	TOI020	958	958	1	era	era	_	_	_	_	_	linguistic	_	none	_	_	_	_	_	_
958-2	TOI020	958	958	2	piccola	piccola	_	_	_	_	_	linguistic	_	none	_	_	_	_	_	_
958-3	TOI020	958	958	3	avrà	avrà	_	_	_	_	_	linguistic	_	none	_	_	_	_	_	_
958-4	TOI020	958	958	4	avuto	avuto	_	_	_	_	_	linguistic	_	none	_	_	_	_	_	_
958-5	TOI020	958	958	5	cinque	cinque	_	_	_	_	_	linguistic	_	none	_	_	_	_	_	_
958-6	TOI020	958	958	6	o	o	_	_	_	_	_	linguistic	_	none	_	_	_	_	_	_
958-7	TOI020	958	958	7	sei	sei	_	_	_	_	_	linguistic	_	none	_	_	_	_	_	_
958-8	TOI020	958	958	8	anni	anni	_	_	_	_	_	linguistic	_	none	_	_	_	_	_	_
958-9	TOI020	958	958	9	quando	quando	_	_	_	_	_	linguistic	_	none	_	_	_	_	_	_
958-10	TOI020	958	958	10	gli	gli	_	_	_	_	_	linguistic	_	none	_	_	_	_	_	_
958-11	TOI020	958	958	11	è	è	_	_	_	_	_	linguistic	_	none	_	_	_	_	_	_
958-12	TOI020	958	958	12	mancato	mancato	_	_	_	_	_	linguistic	_	none	_	_	_	_	_	_
958-13	TOI020	958	958	13	il	il	_	_	_	_	_	linguistic	_	none	_	_	_	_	_	_
958-14	TOI020	958	958	14	papà:	papà	_	_	_	_	_	linguistic	_	none	_	End=2695.766	3x1	_	_	_
959-0	TOI020	959	959	0	quindi	quindi	_	_	_	_	_	linguistic	_	none	_	Begin=2696.029	_	_	_	_
959-1	TOI020	959	959	1	novant'	novant'	_	_	_	_	_	linguistic	_	none	SpaceAfter=No	_	_	_	_	_
959-2	TOI020	959	959	2	anni	anni	_	_	_	_	_	linguistic	_	none	_	_	_	_	_	_
959-3	TOI020	959	959	3	fa	fa	_	_	_	_	_	linguistic	_	none	_	End=2697.497	_	_	_	_
960-0	TOI020	960	960	0	i	i	_	_	_	_	_	linguistic	_	none	_	Begin=2697.854	_	_	_	_
960-1	TOI020	960	960	1	bambini	bambini	_	_	_	_	_	linguistic	_	none	_	_	_	_	_	_
960-2	TOI020	960	960	2	mettevano	mettevano	_	_	_	_	_	linguistic	_	none	PauseAfter=Yes	_	_	_	_	_
960-3	TOI020	960	960	3	(.)	(.)	_	_	_	_	_	shortpause	_	none	_	_	_	_	_	_
960-4	TOI020	960	960	4	il	il	_	_	_	_	_	linguistic	_	none	_	_	_	_	_	_
960-5	TOI020	960	960	5	lutto.	lutto	_	_	_	_	_	linguistic	_	none	Intonation=Falling	End=2700.074	_	_	_	_
961-0	TOI020	961	961	0	li	li	_	_	_	_	_	linguistic	_	none	_	Begin=2700.409	_	_	_	_
961-1	TOI020	961	961	1	vestivano	vestivano	_	_	_	_	_	linguistic	_	none	_	_	_	_	_	_
961-2	TOI020	961	961	2	di	di	_	_	_	_	_	linguistic	_	none	_	_	_	_	_	_
961-3	TOI020	961	961	3	nero.	nero	_	_	_	_	_	linguistic	_	none	Intonation=Falling	_	_	_	_	_
961-4	TOI020	961	961	4	non	non	_	_	_	_	_	linguistic	_	none	_	_	_	_	_	_
961-5	TOI020	961	961	5	so	so	_	_	_	_	_	linguistic	_	none	_	_	_	_	_	_
961-6	TOI020	961	961	6	per	per	_	_	_	_	_	linguistic	_	none	_	_	_	_	_	_
961-7	TOI020	961	961	7	quanto	quanto	_	_	_	_	_	linguistic	_	none	_	_	_	_	_	_
961-8	TOI020	961	961	8	tempo.	tempo	_	_	_	_	_	linguistic	_	none	Intonation=Falling	_	_	_	_	_
961-9	TOI020	961	961	9	com'	com'	_	_	_	_	_	linguistic	_	none	SpaceAfter=No	_	_	_	_	_
961-10	TOI020	961	961	10	era	era	_	_	_	_	_	linguistic	_	none	_	_	_	_	_	_
961-11	TOI020	961	961	11	[il	il	_	_	_	_	_	linguistic	_	none	_	_	_	_	_	0-2(275)
961-12	TOI020	961	961	12	perio(do)]	periodo	_	_	_	_	_	linguistic	_	none	_	End=2703.953	_	_	4-7(0)	0-7(275)
962-0	TOR004	962	962	0	[no.	no	_	_	_	_	_	linguistic	_	none	Intonation=Falling	Begin=2703.451	_	_	_	0-2(275)
962-1	TOR004	962	962	1	cer]t(o).	certo	_	_	_	_	_	linguistic	_	none	Intonation=Falling	End=2704.08	_	_	4-5(0)	0-3(275)
963-0	TOI020	963	963	0	e:h	eh	_	_	_	_	_	linguistic	_	none	_	Begin=2704.771	0x1	_	_	_
963-1	TOI020	963	963	1	io	io	_	_	_	_	_	linguistic	_	none	_	_	_	_	_	_
963-2	TOI020	963	963	2	che	che	_	_	_	_	_	linguistic	_	none	_	_	_	_	_	_
963-3	TOI020	963	963	3	sono	sono	_	_	_	_	_	linguistic	_	none	_	_	_	_	_	_
963-4	TOI020	963	963	4	del	del	_	_	_	_	_	linguistic	_	none	_	_	_	_	_	_
963-5	TOI020	963	963	5	cinquantanove,	cinquantanove	_	_	_	_	_	linguistic	_	none	Intonation=WeaklyRising	End=2707.804	_	_	_	_
964-0	TOI020	964	964	0	è	è	_	_	_	_	_	linguistic	_	none	_	Begin=2708.396	_	_	_	_
964-1	TOI020	964	964	1	mancato	mancato	_	_	_	_	_	linguistic	_	none	PauseAfter=Yes	_	_	_	_	_
964-2	TOI020	964	964	2	(.)	(.)	_	_	_	_	_	shortpause	_	none	_	_	_	_	_	_
964-3	TOI020	964	964	3	un	un	_	_	_	_	_	linguistic	_	none	_	_	_	_	_	_
964-4	TOI020	964	964	4	mio	mio	_	_	_	_	_	linguistic	_	none	_	_	_	_	_	_
964-5	TOI020	964	964	5	zio	zio	_	_	_	_	_	linguistic	_	none	_	End=2710.83	_	_	_	_
965-0	TOI020	965	965	0	nel	nel	_	_	_	_	_	linguistic	_	none	_	Begin=2711.393	_	_	_	_
965-1	TOI020	965	965	1	se~	se~	_	_	_	_	_	linguistic	_	none	Interrupted=Yes|PauseAfter=Yes	_	_	_	_	_
965-2	TOI020	965	965	2	(.)	(.)	_	_	_	_	_	shortpause	_	none	_	_	_	_	_	_
965-3	TOI020	965	965	3	s~	s~	_	_	_	_	_	linguistic	_	none	Interrupted=Yes	_	_	_	_	_
965-4	TOI020	965	965	4	e:h	eh	_	_	_	_	_	linguistic	_	none	_	_	0x1	_	_	_
965-5	TOI020	965	965	5	sessanta	sessanta	_	_	_	_	_	linguistic	_	none	_	_	_	_	_	_
965-6	TOI020	965	965	6	facevo	facevo	_	_	_	_	_	linguistic	_	none	_	_	_	_	_	_
965-7	TOI020	965	965	7	le:	le	_	_	_	_	_	linguistic	_	none	_	_	1x1	_	_	_
965-8	TOI020	965	965	8	l'	l'	_	_	_	_	_	linguistic	_	none	SpaceAfter=No	_	_	_	_	_
965-9	TOI020	965	965	9	elementari.	elementari	_	_	_	_	_	linguistic	_	none	Intonation=Falling	_	_	_	_	_
965-10	TOI020	965	965	10	quindi	quindi	_	_	_	_	_	linguistic	_	none	_	_	_	_	_	_
965-11	TOI020	965	965	11	terza:	terza	_	_	_	_	_	linguistic	_	none	_	_	4x1	_	_	_
965-12	TOI020	965	965	12	quarta	quarta	_	_	_	_	_	linguistic	_	none	_	_	_	_	_	_
965-13	TOI020	965	965	13	elementare,	elementare	_	_	_	_	_	linguistic	_	none	Intonation=WeaklyRising	End=2718.038	_	_	_	_
966-0	TOI020	966	966	0	non	non	_	_	_	_	_	linguistic	_	none	_	Begin=2718.483	_	_	_	_
966-1	TOI020	966	966	1	mi	mi	_	_	_	_	_	linguistic	_	none	_	_	_	_	_	_
966-2	TOI020	966	966	2	hanno	hanno	_	_	_	_	_	linguistic	_	none	_	_	_	_	_	_
966-3	TOI020	966	966	3	fatto	fatto	_	_	_	_	_	linguistic	_	none	_	_	_	_	_	_
966-4	TOI020	966	966	4	fare	fare	_	_	_	_	_	linguistic	_	none	_	_	_	_	_	_
966-5	TOI020	966	966	5	la	la	_	_	_	_	_	linguistic	_	none	_	_	_	_	_	_
966-6	TOI020	966	966	6	comunio:ne	comunione	_	_	_	_	_	linguistic	_	none	_	_	6x1	_	_	_
966-7	TOI020	966	966	7	perché	perché	_	_	_	_	_	linguistic	_	none	_	_	_	_	_	_
966-8	TOI020	966	966	8	c'	c'	_	_	_	_	_	linguistic	_	none	SpaceAfter=No	_	_	_	_	_
966-9	TOI020	966	966	9	era	era	_	_	_	_	_	linguistic	_	none	_	_	_	_	_	_
966-10	TOI020	966	966	10	il	il	_	_	_	_	_	linguistic	_	none	_	_	_	_	_	_
966-11	TOI020	966	966	11	lutto	lutto	_	_	_	_	_	linguistic	_	none	_	_	_	_	_	_
966-12	TOI020	966	966	12	in	in	_	_	_	_	_	linguistic	_	none	_	_	_	_	_	_
966-13	TOI020	966	966	13	famiglia	famiglia	_	_	_	_	_	linguistic	_	none	_	_	_	_	_	_
966-14	TOI020	966	966	14	perché	perché	_	_	_	_	_	linguistic	_	none	_	_	_	_	_	_
966-15	TOI020	966	966	15	era	era	_	_	_	_	_	linguistic	_	none	_	_	_	_	_	_
966-16	TOI020	966	966	16	mancato	mancato	_	_	_	_	_	linguistic	_	none	_	_	_	_	_	_
966-17	TOI020	966	966	17	questo	questo	_	_	_	_	_	linguistic	_	none	_	_	_	_	_	_
966-18	TOI020	966	966	18	mio	mio	_	_	_	_	_	linguistic	_	none	_	_	_	_	_	_
966-19	TOI020	966	966	19	zio,	zio	_	_	_	_	_	linguistic	_	none	Intonation=WeaklyRising	End=2723.858	_	_	_	_
967-0	TOI020	967	967	0	quindi	quindi	_	_	_	_	_	linguistic	_	none	_	Begin=2724.181	_	_	_	_
967-1	TOI020	967	967	1	io	io	_	_	_	_	_	linguistic	_	none	_	_	_	_	_	_
967-2	TOI020	967	967	2	non	non	_	_	_	_	_	linguistic	_	none	_	_	_	_	_	_
967-3	TOI020	967	967	3	ho	ho	_	_	_	_	_	linguistic	_	none	_	_	_	_	_	_
967-4	TOI020	967	967	4	fatto	fatto	_	_	_	_	_	linguistic	_	none	_	_	_	_	_	_
967-5	TOI020	967	967	5	la	la	_	_	_	_	_	linguistic	_	none	_	_	_	_	_	_
967-6	TOI020	967	967	6	prima	prima	_	_	_	_	_	linguistic	_	none	_	_	_	_	_	_
967-7	TOI020	967	967	7	comunione,	comunione	_	_	_	_	_	linguistic	_	none	Intonation=WeaklyRising	End=2726.225	_	_	_	_
968-0	TOI020	968	968	0	e:	e	_	_	_	_	_	linguistic	_	none	_	Begin=2727.611|End=2727.936	0x1	_	_	_
969-0	TOI020	969	969	0	e::h	eh	_	_	_	_	_	linguistic	_	none	_	Begin=2728.248	0x2	_	_	_
969-1	TOI020	969	969	1	la	la	_	_	_	_	_	linguistic	_	none	_	_	_	_	_	_
969-2	TOI020	969	969	2	figlia,	figlia	_	_	_	_	_	linguistic	_	none	Intonation=WeaklyRising	End=2730.468	_	_	_	_
970-0	TOI020	970	970	0	si	si	_	_	_	_	_	linguistic	_	none	_	Begin=2730.863	_	_	_	_
970-1	TOI020	970	970	1	è	è	_	_	_	_	_	linguistic	_	none	_	_	_	_	_	_
970-2	TOI020	970	970	2	messa	messa	_	_	_	_	_	linguistic	_	none	_	_	_	_	_	_
970-3	TOI020	970	970	3	il	il	_	_	_	_	_	linguistic	_	none	_	_	_	_	_	_
970-4	TOI020	970	970	4	lutto,	lutto	_	_	_	_	_	linguistic	_	none	Intonation=WeaklyRising	End=2732.465	_	_	_	_
971-0	TOI020	971	971	0	aveva,	aveva	_	_	_	_	_	linguistic	_	none	Intonation=WeaklyRising|PauseAfter=Yes	Begin=2732.781	_	_	_	_
971-1	TOI020	971	971	1	(.)	(.)	_	_	_	_	_	shortpause	_	none	_	_	_	_	_	_
971-2	TOI020	971	971	2	era	era	_	_	_	_	_	linguistic	_	none	_	_	_	_	_	_
971-3	TOI020	971	971	3	tutta	tutta	_	_	_	_	_	linguistic	_	none	_	_	_	_	_	_
971-4	TOI020	971	971	4	vestita	vestita	_	_	_	_	_	linguistic	_	none	_	_	_	_	_	_
971-5	TOI020	971	971	5	di	di	_	_	_	_	_	linguistic	_	none	_	_	_	_	_	_
971-6	TOI020	971	971	6	nero,	nero	_	_	_	_	_	linguistic	_	none	Intonation=WeaklyRising	_	_	_	_	_
971-7	TOI020	971	971	7	come	come	_	_	_	_	_	linguistic	_	none	_	_	_	_	_	_
971-8	TOI020	971	971	8	la	la	_	_	_	_	_	linguistic	_	none	_	_	_	_	_	_
971-9	TOI020	971	971	9	mamma,	mamma	_	_	_	_	_	linguistic	_	none	Intonation=WeaklyRising	End=2736.031	_	_	_	_
972-0	TOI020	972	972	0	però	però	_	_	_	_	_	linguistic	_	none	_	Begin=2736.707	_	_	_	_
972-1	TOI020	972	972	1	il	il	_	_	_	_	_	linguistic	_	none	_	_	_	_	_	_
972-2	TOI020	972	972	2	foulard	foulard	_	_	_	_	_	linguistic	_	none	_	_	_	_	_	_
972-3	TOI020	972	972	3	in	in	_	_	_	_	_	linguistic	_	none	_	_	_	_	_	_
972-4	TOI020	972	972	4	testa,	testa	_	_	_	_	_	linguistic	_	none	Intonation=WeaklyRising	End=2738.619	_	_	_	_
973-0	TOI020	973	973	0	lo:	lo	_	_	_	_	_	linguistic	_	none	_	Begin=2738.874	1x1	_	_	_
973-1	TOI020	973	973	1	mettevi,	mettevi	_	_	_	_	_	linguistic	_	none	Intonation=WeaklyRising	_	_	_	_	_
973-2	TOI020	973	973	2	in	in	_	_	_	_	_	linguistic	_	none	_	_	_	_	_	_
973-3	TOI020	973	973	3	base	base	_	_	_	_	_	linguistic	_	none	_	_	_	_	_	_
973-4	TOI020	973	973	4	al	al	_	_	_	_	_	linguistic	_	none	_	_	_	_	_	_
973-5	TOI020	973	973	5	grado.	grado	_	_	_	_	_	linguistic	_	none	Intonation=Falling|PauseAfter=Yes	_	_	_	_	_
973-6	TOI020	973	973	6	(.)	(.)	_	_	_	_	_	shortpause	_	none	_	_	_	_	_	_
973-7	TOI020	973	973	7	per	per	_	_	_	_	_	linguistic	_	none	_	_	_	_	_	_
973-8	TOI020	973	973	8	eh	eh	_	_	_	_	_	linguistic	_	none	_	_	_	_	_	_
973-9	TOI020	973	973	9	un	un	_	_	_	_	_	linguistic	_	none	_	_	_	_	_	_
973-10	TOI020	973	973	10	tot	tot	_	_	_	_	_	linguistic	_	none	_	_	_	_	_	_
973-11	TOI020	973	973	11	di	di	_	_	_	_	_	linguistic	_	none	_	_	_	_	_	_
973-12	TOI020	973	973	12	periodo.	periodo	_	_	_	_	_	linguistic	_	none	Intonation=Falling	_	_	_	_	_
973-13	TOI020	973	973	13	quindi	quindi	_	_	_	_	_	linguistic	_	none	_	_	_	_	_	_
973-14	TOI020	973	973	14	che	che	_	_	_	_	_	linguistic	_	none	_	_	_	_	_	_
973-15	TOI020	973	973	15	ne	ne	_	_	_	_	_	linguistic	_	none	_	_	_	_	_	_
973-16	TOI020	973	973	16	so	so	_	_	_	_	_	linguistic	_	none	_	_	_	_	_	_
973-17	TOI020	973	973	17	mia	mia	_	_	_	_	_	linguistic	_	none	_	_	_	_	_	_
973-18	TOI020	973	973	18	sorella,	sorella	_	_	_	_	_	linguistic	_	none	Intonation=WeaklyRising	End=2744.731	_	_	_	_
974-0	TOI020	974	974	0	che	che	_	_	_	_	_	linguistic	_	none	_	Begin=2745.094	_	_	_	_
974-1	TOI020	974	974	1	era	era	_	_	_	_	_	linguistic	_	none	_	_	_	_	_	_
974-2	TOI020	974	974	2	la	la	_	_	_	_	_	linguistic	_	none	_	_	_	_	_	_
974-3	TOI020	974	974	3	nipote	nipote	_	_	_	_	_	linguistic	_	none	_	_	_	_	_	_
974-4	TOI020	974	974	4	avrebbe	avrebbe	_	_	_	_	_	linguistic	_	none	_	_	_	_	_	_
974-5	TOI020	974	974	5	dovuto	dovuto	_	_	_	_	_	linguistic	_	none	_	_	_	_	_	_
974-6	TOI020	974	974	6	tenerlo	tenerlo	_	_	_	_	_	linguistic	_	none	PauseAfter=Yes	_	_	_	_	_
974-7	TOI020	974	974	7	(.)	(.)	_	_	_	_	_	shortpause	_	none	_	_	_	_	_	_
974-8	TOI020	974	974	8	per	per	_	_	_	_	_	linguistic	_	none	_	_	_	_	_	_
974-9	TOI020	974	974	9	tre	tre	_	_	_	_	_	linguistic	_	none	_	_	_	_	_	_
974-10	TOI020	974	974	10	mesi.	mesi	_	_	_	_	_	linguistic	_	none	Intonation=Falling	_	_	_	_	_
974-11	TOI020	974	974	11	la	la	_	_	_	_	_	linguistic	_	none	_	_	_	_	_	_
974-12	TOI020	974	974	12	figlia	figlia	_	_	_	_	_	linguistic	_	none	_	_	_	_	_	_
974-13	TOI020	974	974	13	per	per	_	_	_	_	_	linguistic	_	none	_	_	_	_	_	_
974-14	TOI020	974	974	14	sei	sei	_	_	_	_	_	linguistic	_	none	_	_	_	_	_	_
974-15	TOI020	974	974	15	mesi.	mesi	_	_	_	_	_	linguistic	_	none	Intonation=Falling	End=2749.721	_	_	_	_
975-0	TOI020	975	975	0	c'	c'	_	_	_	_	_	linguistic	_	none	SpaceAfter=No	Begin=2750.167	_	_	_	_
975-1	TOI020	975	975	1	avevano	avevano	_	_	_	_	_	linguistic	_	none	_	_	_	_	_	_
975-2	TOI020	975	975	2	delle::	delle	_	_	_	_	_	linguistic	_	none	_	End=2752.242	4x2	_	_	_
976-0	TOR004	976	976	0	c(io)è	cioè	_	_	_	_	_	linguistic	_	none	Reduced=Yes	Begin=2752.316	_	_	_	_
976-1	TOR004	976	976	1	[delle	delle	_	_	_	_	_	linguistic	_	none	_	_	_	_	_	0-5(276)
976-2	TOR004	976	976	2	scade:nze],	scadenze	_	_	_	_	_	linguistic	_	none	Intonation=WeaklyRising	End=2753.491	4x1	_	_	0-8(276)
977-0	TOI020	977	977	0	[scadenze.	scadenze	_	_	_	_	_	linguistic	_	none	Intonation=Falling	Begin=2752.446	_	_	_	0-8(276)
977-1	TOI020	977	977	1	sì]	sì	_	_	_	_	_	linguistic	_	none	_	_	_	_	_	0-2(276)
977-2	TOI020	977	977	2	sì	sì	_	_	_	_	_	linguistic	_	none	_	_	_	_	_	_
977-3	TOI020	977	977	3	sì	sì	_	_	_	_	_	linguistic	_	none	_	_	_	_	_	_
977-4	TOI020	977	977	4	era:	era	_	_	_	_	_	linguistic	_	none	_	_	2x1	_	_	_
977-5	TOI020	977	977	5	così	così	_	_	_	_	_	linguistic	_	none	_	End=2754.654	_	_	_	_
978-0	TOI020	978	978	0	poi	poi	_	_	_	_	_	linguistic	_	unspecified	_	Begin=2754.867	_	_	_	_
978-1	TOI020	978	978	1	prima	prima	_	_	_	_	_	linguistic	_	unspecified	_	_	_	_	_	_
978-2	TOI020	978	978	2	di	di	_	_	_	_	_	linguistic	_	unspecified	_	_	_	_	_	_
978-3	TOI020	978	978	3	mettevi:	mettevi	_	_	_	_	_	linguistic	_	unspecified	_	_	6x1	_	_	_
978-4	TOI020	978	978	4	re	re	_	_	_	_	_	linguistic	_	unspecified	_	_	_	_	_	_
978-5	TOI020	978	978	5	cauzette	cauzette	_	_	_	_	_	linguistic	_	unspecified	_	_	_	_	_	_
978-6	TOI020	978	978	6	neure	neure	_	_	_	_	_	linguistic	_	unspecified	_	End=2757.537	_	_	_	_
979-0	TOI020	979	979	0	poi	poi	_	_	_	_	_	linguistic	_	none	_	Begin=2758.044	_	_	_	_
979-1	TOI020	979	979	1	te	te	_	_	_	_	_	linguistic	_	none	_	_	_	_	_	_
979-2	TOI020	979	979	2	le	le	_	_	_	_	_	linguistic	_	none	_	_	_	_	_	_
979-3	TOI020	979	979	3	mettevi	mettevi	_	_	_	_	_	linguistic	_	none	_	_	_	_	_	_
979-4	TOI020	979	979	4	grigie.	grigie	_	_	_	_	_	linguistic	_	none	Intonation=Falling	_	_	_	_	_
979-5	TOI020	979	979	5	perché	perché	_	_	_	_	_	linguistic	_	none	_	_	_	_	_	_
979-6	TOI020	979	979	6	andavi	andavi	_	_	_	_	_	linguistic	_	none	_	_	_	_	_	_
979-7	TOI020	979	979	7	a	a	_	_	_	_	_	linguistic	_	none	_	_	_	_	_	_
979-8	TOI020	979	979	8	scalare	scalare	_	_	_	_	_	linguistic	_	none	_	_	_	_	_	_
979-9	TOI020	979	979	9	il	il	_	_	_	_	_	linguistic	_	none	_	_	_	_	_	_
979-10	TOI020	979	979	10	lutto.	lutto	_	_	_	_	_	linguistic	_	none	Intonation=Falling	_	_	_	_	_
979-11	TOI020	979	979	11	[no	no	_	_	_	_	_	linguistic	_	none	_	_	_	_	_	0-2(277)
979-12	TOI020	979	979	12	no	no	_	_	_	_	_	linguistic	_	none	_	_	_	_	_	0-2(277)
979-13	TOI020	979	979	13	ma	ma	_	_	_	_	_	linguistic	_	none	_	_	_	_	_	0-2(277)
979-14	TOI020	979	979	14	era	era	_	_	_	_	_	linguistic	_	none	_	_	_	_	_	0-3(277)
979-15	TOI020	979	979	15	pro~]	pro~	_	_	_	_	_	linguistic	_	none	Interrupted=Yes	End=2762.244	_	_	_	0-4(277)
980-0	TOR004	980	980	0	[ci	ci	_	_	_	_	_	linguistic	_	none	_	Begin=2761.279	_	_	_	0-2(277)
980-1	TOR004	980	980	1	facevi	facevi	_	_	_	_	_	linguistic	_	none	_	_	_	_	_	0-6(277)
980-2	TOR004	980	980	2	la	la	_	_	_	_	_	linguistic	_	none	_	_	_	_	_	0-2(277)
980-3	TOR004	980	980	3	scala]	scala	_	_	_	_	_	linguistic	_	none	_	_	_	_	_	0-5(277)
980-4	TOR004	980	980	4	di	di	_	_	_	_	_	linguistic	_	none	_	_	_	_	_	_
980-5	TOR004	980	980	5	[grigi].	grigi	_	_	_	_	_	linguistic	_	none	Intonation=Falling	End=2762.773	_	_	_	0-5(278)
981-0	TOI020	981	981	0	[sì	sì	_	_	_	_	_	linguistic	_	none	_	Begin=2762.42	_	_	_	0-2(278)
981-1	TOI020	981	981	1	s]ì	sì	_	_	_	_	_	linguistic	_	none	_	_	_	_	_	0-1(278)
981-2	TOI020	981	981	2	era	era	_	_	_	_	_	linguistic	_	none	_	_	_	_	_	_
981-3	TOI020	981	981	3	proprio	proprio	_	_	_	_	_	linguistic	_	none	_	_	_	_	_	_
981-4	TOI020	981	981	4	così	così	_	_	_	_	_	linguistic	_	none	_	End=2763.802	_	_	_	_
982-0	TOI020	982	982	0	[e:::h	eh	_	_	_	_	_	linguistic	_	none	_	Begin=2764.261	0x3	_	_	0-2(279)
982-1	TOI020	982	982	1	infa~]	infa~	_	_	_	_	_	linguistic	_	none	Interrupted=Yes	End=2765.481	_	_	_	0-5(279)
983-0	TOR004	983	983	0	[però	però	_	_	_	_	_	linguistic	_	none	_	Begin=2764.927	_	_	_	0-4(279)
983-1	TOR004	983	983	1	era	era	_	_	_	_	_	linguistic	_	none	_	_	_	_	_	0-3(279)
983-2	TOR004	983	983	2	un]	un	_	_	_	_	_	linguistic	_	none	_	_	_	_	_	0-2(279)
983-3	TOR004	983	983	3	codice	codice	_	_	_	_	_	linguistic	_	none	_	_	_	_	_	_
983-4	TOR004	983	983	4	riconosciuto	riconosciuto	_	_	_	_	_	linguistic	_	none	_	_	_	_	_	_
983-5	TOR004	983	983	5	>nel	nel	_	_	_	_	_	linguistic	_	none	_	_	_	Fast=0-3(0)	_	_
983-6	TOR004	983	983	6	senso<	senso	_	_	_	_	_	linguistic	_	none	_	_	_	Fast=0-5(0)	_	_
983-7	TOR004	983	983	7	che	che	_	_	_	_	_	linguistic	_	none	_	_	_	_	_	_
983-8	TOR004	983	983	8	[tutti	tutti	_	_	_	_	_	linguistic	_	none	_	_	_	_	_	0-5(280)
983-9	TOR004	983	983	9	capivano].	capivano	_	_	_	_	_	linguistic	_	none	Intonation=Falling	End=2767.744	_	_	_	0-8(280)
984-0	TOI020	984	984	0	[era	era	_	_	_	_	_	linguistic	_	none	_	Begin=2766.695	_	_	_	0-3(280)
984-1	TOI020	984	984	1	ri~	ri~	_	_	_	_	_	linguistic	_	none	Interrupted=Yes|PauseAfter=Yes	_	_	_	_	0-3(280)
984-2	TOI020	984	984	2	(.)	(.)	_	_	_	_	_	shortpause	_	none	_	_	_	_	_	_
984-3	TOI020	984	984	3	tu]tti	tutti	_	_	_	_	_	linguistic	_	none	_	_	_	_	_	0-2(280)
984-4	TOI020	984	984	4	tutti	tutti	_	_	_	_	_	linguistic	_	none	_	_	_	_	_	_
984-5	TOI020	984	984	5	tutti	tutti	_	_	_	_	_	linguistic	_	none	_	_	_	_	_	_
984-6	TOI020	984	984	6	capivano,	capivano	_	_	_	_	_	linguistic	_	none	Intonation=WeaklyRising	_	_	_	_	_
984-7	TOI020	984	984	7	i	i	_	_	_	_	_	linguistic	_	none	_	_	_	_	_	_
984-8	TOI020	984	984	8	ma:schi	maschi	_	_	_	_	_	linguistic	_	none	_	_	1x1	_	_	_
984-9	TOI020	984	984	9	avevano	avevano	_	_	_	_	_	linguistic	_	none	_	_	_	_	_	_
984-10	TOI020	984	984	10	[la	la	_	_	_	_	_	linguistic	_	none	_	_	_	_	_	0-2(281)
984-11	TOI020	984	984	11	fascia	fascia	_	_	_	_	_	linguistic	_	none	_	_	_	_	_	0-6(281)
984-12	TOI020	984	984	12	nera],	nera	_	_	_	_	_	linguistic	_	none	Intonation=WeaklyRising	End=2771.12	_	_	_	0-4(281)
985-0	TOR004	985	985	0	[la	la	_	_	_	_	_	linguistic	_	none	_	Begin=2770.133	_	_	_	0-2(281)
985-1	TOR004	985	985	1	fascia.	fascia	_	_	_	_	_	linguistic	_	none	Intonation=Falling	_	_	_	_	0-6(281)
985-2	TOR004	985	985	2	mh]	mh	_	_	_	_	_	linguistic	_	none	_	End=2771.132	_	_	_	0-2(281)
986-0	TOI020	986	986	0	oppure	oppure	_	_	_	_	_	linguistic	_	none	_	Begin=2771.528	_	_	_	_
986-1	TOI020	986	986	1	il	il	_	_	_	_	_	linguistic	_	none	_	_	_	_	_	_
986-2	TOI020	986	986	2	bottone.	bottone	_	_	_	_	_	linguistic	_	none	Intonation=Falling	End=2773.055	_	_	_	_
987-0	TOR004	987	987	0	ah.	ah	_	_	_	_	_	linguistic	_	none	Intonation=Falling	Begin=2773.165|End=2773.423	_	_	_	_
988-0	TOI020	988	988	0	a	a	_	_	_	_	_	linguistic	_	none	_	Begin=2773.692	_	_	_	_
988-1	TOI020	988	988	1	secon[da	seconda	_	_	_	_	_	linguistic	_	none	_	_	_	_	_	5-7(282)
988-2	TOI020	988	988	2	di:]	di	_	_	_	_	_	linguistic	_	none	_	End=2774.834	1x1	_	_	0-2(282)
989-0	TOR004	989	989	0	[si	si	_	_	_	_	_	linguistic	_	none	_	Begin=2774.312	_	_	_	0-2(282)
989-1	TOR004	989	989	1	cuciva]no	cucivano	_	_	_	_	_	linguistic	_	none	_	_	_	_	_	0-6(282)
989-2	TOR004	989	989	2	un	un	_	_	_	_	_	linguistic	_	none	_	_	_	_	_	_
989-3	TOR004	989	989	3	botton[e	bottone	_	_	_	_	_	linguistic	_	none	_	_	_	_	_	6-7(283)
989-4	TOR004	989	989	4	sulla],	sulla	_	_	_	_	_	linguistic	_	none	Intonation=WeaklyRising	End=2775.796	_	_	_	0-5(283)
990-0	TOI020	990	990	0	[no].	no	_	_	_	_	_	linguistic	_	none	Intonation=Falling	Begin=2775.37|End=2775.779	_	_	_	0-2(283)
991-0	TOI020	991	991	0	c'	c'	_	_	_	_	_	linguistic	_	none	SpaceAfter=No	Begin=2775.979	_	_	_	_
991-1	TOI020	991	991	1	era	era	_	_	_	_	_	linguistic	_	none	_	_	_	_	_	_
991-2	TOI020	991	991	2	un	un	_	_	_	_	_	linguistic	_	none	_	_	_	_	_	_
991-3	TOI020	991	991	3	li	li	_	_	_	_	_	linguistic	_	none	_	_	_	_	_	_
991-4	TOI020	991	991	4	vendevano	vendevano	_	_	_	_	_	linguistic	_	none	_	_	_	_	_	_
991-5	TOI020	991	991	5	proprio.	proprio	_	_	_	_	_	linguistic	_	none	Intonation=Falling	_	_	_	_	_
991-6	TOI020	991	991	6	dei	dei	_	_	_	_	_	linguistic	_	none	_	_	_	_	_	_
991-7	TOI020	991	991	7	bottoni	bottoni	_	_	_	_	_	linguistic	_	none	_	_	_	_	_	_
991-8	TOI020	991	991	8	di::	di	_	_	_	_	_	linguistic	_	none	_	_	1x2	_	_	_
991-9	TOI020	991	991	9	fatti	fatti	_	_	_	_	_	linguistic	_	none	_	_	_	_	_	_
991-10	TOI020	991	991	10	apposta	apposta	_	_	_	_	_	linguistic	_	none	_	_	_	_	_	_
991-11	TOI020	991	991	11	che	che	_	_	_	_	_	linguistic	_	none	_	_	_	_	_	_
991-12	TOI020	991	991	12	e[ra	era	_	_	_	_	_	linguistic	_	none	_	_	_	_	_	0-3(284)
991-13	TOI020	991	991	13	indice	indice	_	_	_	_	_	linguistic	_	none	_	_	_	_	_	0-6(284)
991-14	TOI020	991	991	14	di	di	_	_	_	_	_	linguistic	_	none	_	_	_	_	_	0-2(284)
991-15	TOI020	991	991	15	lu]tto	lutto	_	_	_	_	_	linguistic	_	none	_	_	_	_	_	0-2(284)
991-16	TOI020	991	991	16	sì.	sì	_	_	_	_	_	linguistic	_	none	Intonation=Falling	End=2781.746	_	_	_	_
992-0	TOR004	992	992	0	[per	per	_	_	_	_	_	linguistic	_	none	_	Begin=2780.202	_	_	_	0-3(284)
992-1	TOR004	992	992	1	il	il	_	_	_	_	_	linguistic	_	none	_	_	_	_	_	0-2(284)
992-2	TOR004	992	992	2	lutto].	lutto	_	_	_	_	_	linguistic	_	none	Intonation=Falling	End=2781.034	_	_	_	0-5(284)
993-0	TOR004	993	993	0	mado'	mado'	_	_	_	_	_	linguistic	_	none	Truncated=Yes	Begin=2782.136|End=2782.675	_	_	_	_
994-0	TOI020	994	994	0	e::h	eh	_	_	_	_	_	linguistic	_	none	_	Begin=2782.967	0x2	_	_	_
994-1	TOI020	994	994	1	mia	mia	_	_	_	_	_	linguistic	_	none	_	_	_	_	_	_
994-2	TOI020	994	994	2	mamma	mamma	_	_	_	_	_	linguistic	_	none	_	_	_	_	_	_
994-3	TOI020	994	994	3	odiava	odiava	_	_	_	_	_	linguistic	_	none	_	_	_	_	_	_
994-4	TOI020	994	994	4	questa	questa	_	_	_	_	_	linguistic	_	none	_	_	_	_	_	_
994-5	TOI020	994	994	5	roba	roba	_	_	_	_	_	linguistic	_	none	_	_	_	_	_	_
994-6	TOI020	994	994	6	perché	perché	_	_	_	_	_	linguistic	_	none	_	_	_	_	_	_
994-7	TOI020	994	994	7	avendo	avendo	_	_	_	_	_	linguistic	_	none	_	_	_	_	_	_
994-8	TOI020	994	994	8	vissuto	vissuto	_	_	_	_	_	linguistic	_	none	_	_	_	_	_	_
994-9	TOI020	994	994	9	e	e	_	_	_	_	_	linguistic	_	none	_	_	_	_	_	_
994-10	TOI020	994	994	10	poi	poi	_	_	_	_	_	linguistic	_	none	_	_	_	_	_	_
994-11	TOI020	994	994	11	perché	perché	_	_	_	_	_	linguistic	_	none	_	_	_	_	_	_
994-12	TOI020	994	994	12	secondo	secondo	_	_	_	_	_	linguistic	_	none	_	_	_	_	_	_
994-13	TOI020	994	994	13	lei	lei	_	_	_	_	_	linguistic	_	none	_	_	_	_	_	_
994-14	TOI020	994	994	14	non	non	_	_	_	_	_	linguistic	_	none	_	_	_	_	_	_
994-15	TOI020	994	994	15	serviva	serviva	_	_	_	_	_	linguistic	_	none	_	_	_	_	_	_
994-16	TOI020	994	994	16	a	a	_	_	_	_	_	linguistic	_	none	_	_	_	_	_	_
994-17	TOI020	994	994	17	niente	niente	_	_	_	_	_	linguistic	_	none	_	_	_	_	_	_
994-18	TOI020	994	994	18	>ci(o)è	cioè	_	_	_	_	_	linguistic	_	none	Reduced=Yes	_	_	Fast=0-4(0)	_	_
994-19	TOI020	994	994	19	ci(o)è<	cioè	_	_	_	_	_	linguistic	_	none	Reduced=Yes	_	_	Fast=0-4(0)	_	_
994-20	TOI020	994	994	20	lei	lei	_	_	_	_	_	linguistic	_	none	_	_	_	_	_	_
994-21	TOI020	994	994	21	era	era	_	_	_	_	_	linguistic	_	none	_	_	_	_	_	_
994-22	TOI020	994	994	22	era	era	_	_	_	_	_	linguistic	_	none	_	_	_	_	_	_
994-23	TOI020	994	994	23	avanti.	avanti	_	_	_	_	_	linguistic	_	none	Intonation=Falling	_	_	_	_	_
994-24	TOI020	994	994	24	mia	mia	_	_	_	_	_	linguistic	_	none	_	_	_	_	_	_
994-25	TOI020	994	994	25	mamma	mamma	_	_	_	_	_	linguistic	_	none	_	_	_	_	_	_
994-26	TOI020	994	994	26	era:	era	_	_	_	_	_	linguistic	_	none	_	_	2x1	_	_	_
994-27	TOI020	994	994	27	oltre.	oltre	_	_	_	_	_	linguistic	_	none	Intonation=Falling	End=2792.206	_	_	_	_
995-0	TOI020	995	995	0	e::	e	_	_	_	_	_	linguistic	_	none	_	Begin=2792.999	0x2	_	_	_
995-1	TOI020	995	995	1	quando	quando	_	_	_	_	_	linguistic	_	none	_	_	_	_	_	_
995-2	TOI020	995	995	2	è	è	_	_	_	_	_	linguistic	_	none	_	_	_	_	_	_
995-3	TOI020	995	995	3	mancato	mancato	_	_	_	_	_	linguistic	_	none	_	_	_	_	_	_
995-4	TOI020	995	995	4	mio	mio	_	_	_	_	_	linguistic	_	none	_	_	_	_	_	_
995-5	TOI020	995	995	5	papà	papà	_	_	_	_	_	linguistic	_	none	_	_	_	_	_	_
995-6	TOI020	995	995	6	nel	nel	_	_	_	_	_	linguistic	_	none	ProsodicLink=Yes	_	_	_	_	_
995-7	TOI020	995	995	7	eh	eh	_	_	_	_	_	linguistic	_	none	ProsodicLink=Yes	_	_	_	_	_
995-8	TOI020	995	995	8	o:ttantuno,	ottantuno	_	_	_	_	_	linguistic	_	none	Intonation=WeaklyRising	End=2797.132	0x1	_	_	_
996-0	TOI020	996	996	0	c'	c'	_	_	_	_	_	linguistic	_	none	SpaceAfter=No	Begin=2798.555	_	_	_	_
996-1	TOI020	996	996	1	ha:	ha	_	_	_	_	_	linguistic	_	none	_	_	1x1	_	_	_
996-2	TOI020	996	996	2	messo	messo	_	_	_	_	_	linguistic	_	none	_	_	_	_	_	_
996-3	TOI020	996	996	3	a	a	_	_	_	_	_	linguistic	_	none	_	_	_	_	_	_
996-4	TOI020	996	996	4	raccolta	raccolta	_	_	_	_	_	linguistic	_	none	_	_	_	_	_	_
996-5	TOI020	996	996	5	me	me	_	_	_	_	_	linguistic	_	none	_	_	_	_	_	_
996-6	TOI020	996	996	6	e	e	_	_	_	_	_	linguistic	_	none	_	_	_	_	_	_
996-7	TOI020	996	996	7	mia	mia	_	_	_	_	_	linguistic	_	none	_	_	_	_	_	_
996-8	TOI020	996	996	8	sorella,	sorella	_	_	_	_	_	linguistic	_	none	Intonation=WeaklyRising	End=2801.222	_	_	_	_
997-0	TOI020	997	997	0	perché	perché	_	_	_	_	_	linguistic	_	none	_	Begin=2801.361	_	_	_	_
997-1	TOI020	997	997	1	>sia<	sia	_	_	_	_	_	linguistic	_	none	_	_	_	Fast=0-3(0)	_	_
997-2	TOI020	997	997	2	anche	anche	_	_	_	_	_	linguistic	_	none	_	_	_	_	_	_
997-3	TOI020	997	997	3	mia	mia	_	_	_	_	_	linguistic	_	none	_	_	_	_	_	_
997-4	TOI020	997	997	4	sorella	sorella	_	_	_	_	_	linguistic	_	none	_	_	_	_	_	_
997-5	TOI020	997	997	5	abita:	abita	_	_	_	_	_	linguistic	_	none	_	_	4x1	_	_	_
997-6	TOI020	997	997	6	su	su	_	_	_	_	_	linguistic	_	none	_	_	_	_	_	_
997-7	TOI020	997	997	7	al	al	_	_	_	_	_	linguistic	_	none	_	_	_	_	_	_
997-8	TOI020	997	997	8	nord	nord	_	_	_	_	_	linguistic	_	none	_	End=2804.184	_	_	_	_
998-0	TOI020	998	998	0	e	e	_	_	_	_	_	linguistic	_	none	_	Begin=2804.648	_	_	_	_
998-1	TOI020	998	998	1	ci	ci	_	_	_	_	_	linguistic	_	none	_	_	_	_	_	_
998-2	TOI020	998	998	2	ha	ha	_	_	_	_	_	linguistic	_	none	_	_	_	_	_	_
998-3	TOI020	998	998	3	detto.	detto	_	_	_	_	_	linguistic	_	none	Intonation=Falling	_	_	_	_	_
998-4	TOI020	998	998	4	io,	io	_	_	_	_	_	linguistic	_	none	Intonation=WeaklyRising	_	_	_	_	_
998-5	TOI020	998	998	5	non	non	_	_	_	_	_	linguistic	_	none	_	_	_	_	_	_
998-6	TOI020	998	998	6	ci	ci	_	_	_	_	_	linguistic	_	none	_	_	_	_	_	_
998-7	TOI020	998	998	7	tengo	tengo	_	_	_	_	_	linguistic	_	none	_	_	_	_	_	_
998-8	TOI020	998	998	8	che	che	_	_	_	_	_	linguistic	_	none	_	_	_	_	_	_
998-9	TOI020	998	998	9	vi	vi	_	_	_	_	_	linguistic	_	none	_	_	_	_	_	_
998-10	TOI020	998	998	10	mettete	mettete	_	_	_	_	_	linguistic	_	none	_	_	_	_	_	_
998-11	TOI020	998	998	11	[di	di	_	_	_	_	_	linguistic	_	none	_	_	_	_	_	0-2(285)
998-12	TOI020	998	998	12	nero]	nero	_	_	_	_	_	linguistic	_	none	_	_	_	_	_	0-4(285)
998-13	TOI020	998	998	13	il	il	_	_	_	_	_	linguistic	_	none	_	_	_	_	_	_
998-14	TOI020	998	998	14	lutto	lutto	_	_	_	_	_	linguistic	_	none	_	End=2808.978	_	_	_	_
999-0	TOR004	999	999	0	[il	il	_	_	_	_	_	linguistic	_	none	_	Begin=2807.585	_	_	_	0-2(285)
999-1	TOR004	999	999	1	lutto].	lutto	_	_	_	_	_	linguistic	_	none	Intonation=Falling	End=2808.417	_	_	_	0-5(285)
1000-0	TOI020	1000	1000	0	vi	vi	_	_	_	_	_	linguistic	_	none	_	Begin=2809.491	_	_	_	_
1000-1	TOI020	1000	1000	1	dico	dico	_	_	_	_	_	linguistic	_	none	_	_	_	_	_	_
1000-2	TOI020	1000	1000	2	solo	solo	_	_	_	_	_	linguistic	_	none	_	_	_	_	_	_
1000-3	TOI020	1000	1000	3	che	che	_	_	_	_	_	linguistic	_	none	_	_	_	_	_	_
1000-4	TOI020	1000	1000	4	se	se	_	_	_	_	_	linguistic	_	none	_	_	_	_	_	_
1000-5	TOI020	1000	1000	5	ve	ve	_	_	_	_	_	linguistic	_	none	_	_	_	_	_	_
1000-6	TOI020	1000	1000	6	lo	lo	_	_	_	_	_	linguistic	_	none	_	_	_	_	_	_
1000-7	TOI020	1000	1000	7	mettete	mettete	_	_	_	_	_	linguistic	_	none	_	_	_	_	_	_
1000-8	TOI020	1000	1000	8	qua	qua	_	_	_	_	_	linguistic	_	none	_	End=2811.682	_	_	_	_
1001-0	TOI020	1001	1001	0	ve	ve	_	_	_	_	_	linguistic	_	none	_	Begin=2812.191	_	_	_	_
1001-1	TOI020	1001	1001	1	lo	lo	_	_	_	_	_	linguistic	_	none	_	_	_	_	_	_
1001-2	TOI020	1001	1001	2	mettete	mettete	_	_	_	_	_	linguistic	_	none	_	_	_	_	_	_
1001-3	TOI020	1001	1001	3	anche	anche	_	_	_	_	_	linguistic	_	none	_	_	_	_	_	_
1001-4	TOI020	1001	1001	4	quando	quando	_	_	_	_	_	linguistic	_	none	_	_	_	_	_	_
1001-5	TOI020	1001	1001	5	andate	andate	_	_	_	_	_	linguistic	_	none	PauseAfter=Yes	_	_	_	_	_
1001-6	TOI020	1001	1001	6	(.)	(.)	_	_	_	_	_	shortpause	_	none	_	_	_	_	_	_
1001-7	TOI020	1001	1001	7	al	al	_	_	_	_	_	linguistic	_	none	_	_	_	_	_	_
1001-8	TOI020	1001	1001	8	vostro	vostro	_	_	_	_	_	linguistic	_	none	PauseAfter=Yes	_	_	_	_	_
1001-9	TOI020	1001	1001	9	(.)	(.)	_	_	_	_	_	shortpause	_	none	_	_	_	_	_	_
1001-10	TOI020	1001	1001	10	bel	bel	_	_	_	_	_	linguistic	_	none	_	_	_	_	_	_
1001-11	TOI020	1001	1001	11	paesello.	paesello	_	_	_	_	_	linguistic	_	none	Intonation=Falling	End=2815.922	_	_	_	_
1002-0	TOI020	1002	1002	0	perché	perché	_	_	_	_	_	linguistic	_	none	PauseAfter=Yes	Begin=2816.399	_	_	_	_
1002-1	TOI020	1002	1002	1	(.)	(.)	_	_	_	_	_	shortpause	_	none	_	_	_	_	_	_
1002-2	TOI020	1002	1002	2	se	se	_	_	_	_	_	linguistic	_	none	_	_	_	_	_	_
1002-3	TOI020	1002	1002	3	no,	no	_	_	_	_	_	linguistic	_	none	Intonation=WeaklyRising|PauseAfter=Yes	_	_	_	_	_
1002-4	TOI020	1002	1002	4	(.)	(.)	_	_	_	_	_	shortpause	_	none	_	_	_	_	_	_
1002-5	TOI020	1002	1002	5	non	non	_	_	_	_	_	linguistic	_	none	_	_	_	_	_	_
1002-6	TOI020	1002	1002	6	ve	ve	_	_	_	_	_	linguistic	_	none	_	_	_	_	_	_
1002-7	TOI020	1002	1002	7	lo	lo	_	_	_	_	_	linguistic	_	none	_	_	_	_	_	_
1002-8	TOI020	1002	1002	8	mettete	mettete	_	_	_	_	_	linguistic	_	none	_	_	_	_	_	_
1002-9	TOI020	1002	1002	9	né	né	_	_	_	_	_	linguistic	_	none	_	_	_	_	_	_
1002-10	TOI020	1002	1002	10	qua	qua	_	_	_	_	_	linguistic	_	none	_	_	_	_	_	_
1002-11	TOI020	1002	1002	11	e	e	_	_	_	_	_	linguistic	_	none	_	_	_	_	_	_
1002-12	TOI020	1002	1002	12	né	né	_	_	_	_	_	linguistic	_	none	_	_	_	_	_	_
1002-13	TOI020	1002	1002	13	là.	là	_	_	_	_	_	linguistic	_	none	Intonation=Falling	End=2819.77	_	_	_	_
1003-0	TOR004	1003	1003	0	mh	mh	_	_	_	_	_	linguistic	_	none	_	Begin=2819.792	_	_	_	_
1003-1	TOR004	1003	1003	1	mh	mh	_	_	_	_	_	linguistic	_	none	_	End=2820.117	_	_	_	_
1004-0	TOI020	1004	1004	0	mia	mia	_	_	_	_	_	linguistic	_	none	_	Begin=2820.745	_	_	_	_
1004-1	TOI020	1004	1004	1	sorella	sorella	_	_	_	_	_	linguistic	_	none	_	_	_	_	_	_
1004-2	TOI020	1004	1004	2	che	che	_	_	_	_	_	linguistic	_	none	_	_	_	_	_	_
1004-3	TOI020	1004	1004	3	aveva	aveva	_	_	_	_	_	linguistic	_	none	_	_	_	_	_	_
1004-4	TOI020	1004	1004	4	vissuto	vissuto	_	_	_	_	_	linguistic	_	none	_	_	_	_	_	_
1004-5	TOI020	1004	1004	5	il	il	_	_	_	_	_	linguistic	_	none	_	_	_	_	_	_
1004-6	TOI020	1004	1004	6	lutto	lutto	_	_	_	_	_	linguistic	_	none	_	_	_	_	_	_
1004-7	TOI020	1004	1004	7	perché	perché	_	_	_	_	_	linguistic	_	none	_	_	_	_	_	_
1004-8	TOI020	1004	1004	8	lo	lo	_	_	_	_	_	linguistic	_	none	_	_	_	_	_	_
1004-9	TOI020	1004	1004	9	zio	zio	_	_	_	_	_	linguistic	_	none	_	_	_	_	_	_
1004-10	TOI020	1004	1004	10	l'	l'	_	_	_	_	_	linguistic	_	none	SpaceAfter=No	_	_	_	_	_
1004-11	TOI020	1004	1004	11	altro	altro	_	_	_	_	_	linguistic	_	none	_	_	_	_	_	_
1004-12	TOI020	1004	1004	12	e	e	_	_	_	_	_	linguistic	_	none	_	_	_	_	_	_
1004-13	TOI020	1004	1004	13	l'	l'	_	_	_	_	_	linguistic	_	none	SpaceAfter=No	_	_	_	_	_
1004-14	TOI020	1004	1004	14	altro	altro	_	_	_	_	_	linguistic	_	none	_	_	_	_	_	4-5(286)
1004-15	TOI020	1004	1004	15	[xxx	xxx	_	_	_	_	_	unknown	_	none	Syllables=3	_	_	_	_	0-3(286)
1004-16	TOI020	1004	1004	16	perché]	perché	_	_	_	_	_	linguistic	_	none	_	_	_	_	_	0-5(286)
1004-17	TOI020	1004	1004	17	era	era	_	_	_	_	_	linguistic	_	none	_	_	_	_	_	_
1004-18	TOI020	1004	1004	18	più	più	_	_	_	_	_	linguistic	_	none	_	_	_	_	_	_
1004-19	TOI020	1004	1004	19	gra:nde,	grande	_	_	_	_	_	linguistic	_	none	Intonation=WeaklyRising	End=2827.237	2x1	_	_	_
1005-0	TOR004	1005	1005	0	[beh	beh	_	_	_	_	_	linguistic	_	none	_	Begin=2825.29	_	_	_	0-3(286)
1005-1	TOR004	1005	1005	1	era	era	_	_	_	_	_	linguistic	_	none	_	_	_	_	_	0-3(286)
1005-2	TOR004	1005	1005	2	più	più	_	_	_	_	_	linguistic	_	none	_	_	_	_	_	0-3(286)
1005-3	TOR004	1005	1005	3	grande].	grande	_	_	_	_	_	linguistic	_	none	Intonation=Falling	End=2826.218	_	_	_	0-6(286)
1006-0	TOI020	1006	1006	0	ha	ha	_	_	_	_	_	linguistic	_	none	_	Begin=2827.635	_	_	_	_
1006-1	TOI020	1006	1006	1	detto	detto	_	_	_	_	_	linguistic	_	none	_	_	_	_	_	_
1006-2	TOI020	1006	1006	2	io:	io	_	_	_	_	_	linguistic	_	none	_	_	1x1	_	_	_
1006-3	TOI020	1006	1006	3	mi	mi	_	_	_	_	_	linguistic	_	none	_	_	_	_	_	_
1006-4	TOI020	1006	1006	4	metto::	metto	_	_	_	_	_	linguistic	_	none	_	End=2830.271	4x2	_	_	_
1007-0	TOI020	1007	1007	0	po~	po~	_	_	_	_	_	linguistic	_	none	Interrupted=Yes	Begin=2830.604	_	_	_	_
1007-1	TOI020	1007	1007	1	nel	nel	_	_	_	_	_	linguistic	_	none	_	_	_	_	_	_
1007-2	TOI020	1007	1007	2	senso	senso	_	_	_	_	_	linguistic	_	none	_	_	_	_	_	_
1007-3	TOI020	1007	1007	3	che	che	_	_	_	_	_	linguistic	_	none	_	_	_	_	_	_
1007-4	TOI020	1007	1007	4	mi	mi	_	_	_	_	_	linguistic	_	none	_	_	_	_	_	_
1007-5	TOI020	1007	1007	5	metto	metto	_	_	_	_	_	linguistic	_	none	_	_	_	_	_	_
1007-6	TOI020	1007	1007	6	le	le	_	_	_	_	_	linguistic	_	none	_	_	_	_	_	_
1007-7	TOI020	1007	1007	7	calze	calze	_	_	_	_	_	linguistic	_	none	_	_	_	_	_	_
1007-8	TOI020	1007	1007	8	gri:gie	grigie	_	_	_	_	_	linguistic	_	none	_	End=2833.181	2x1	_	_	_
1008-0	TOI020	1008	1008	0	giusto	giusto	_	_	_	_	_	linguistic	_	none	_	Begin=2833.56	_	_	_	_
1008-1	TOI020	1008	1008	1	un	un	_	_	_	_	_	linguistic	_	none	_	_	_	_	_	_
1008-2	TOI020	1008	1008	2	po'	po'	_	_	_	_	_	linguistic	_	none	_	_	_	_	_	_
1008-3	TOI020	1008	1008	3	così	così	_	_	_	_	_	linguistic	_	none	_	_	_	_	_	_
1008-4	TOI020	1008	1008	4	però	però	_	_	_	_	_	linguistic	_	none	_	_	_	_	_	_
1008-5	TOI020	1008	1008	5	io	io	_	_	_	_	_	linguistic	_	none	_	_	_	_	_	_
1008-6	TOI020	1008	1008	6	non	non	_	_	_	_	_	linguistic	_	none	_	_	_	_	_	_
1008-7	TOI020	1008	1008	7	me	me	_	_	_	_	_	linguistic	_	none	_	_	_	_	_	_
1008-8	TOI020	1008	1008	8	la	la	_	_	_	_	_	linguistic	_	none	_	_	_	_	_	_
1008-9	TOI020	1008	1008	9	sento	sento	_	_	_	_	_	linguistic	_	none	_	_	_	_	_	_
1008-10	TOI020	1008	1008	10	di	di	_	_	_	_	_	linguistic	_	none	_	_	_	_	_	_
1008-11	TOI020	1008	1008	11	avere::	avere	_	_	_	_	_	linguistic	_	none	ProsodicLink=Yes	_	4x2	_	_	_
1008-12	TOI020	1008	1008	12	mh	mh	_	_	_	_	_	linguistic	_	none	_	End=2837.575	_	_	_	_
1009-0	TOR004	1009	1009	0	il	il	_	_	_	_	_	linguistic	_	none	_	Begin=2837.691	_	_	_	_
1009-1	TOR004	1009	1009	1	lutto.	lutto	_	_	_	_	_	linguistic	_	none	Intonation=Falling	End=2838.267	_	_	_	_
1010-0	TOI020	1010	1010	0	perché	perché	_	_	_	_	_	linguistic	_	none	_	Begin=2838.529	_	_	_	_
1010-1	TOI020	1010	1010	1	una	una	_	_	_	_	_	linguistic	_	none	_	_	_	_	_	_
1010-2	TOI020	1010	1010	2	volta	volta	_	_	_	_	_	linguistic	_	none	_	_	_	_	_	_
1010-3	TOI020	1010	1010	3	dovevi	dovevi	_	_	_	_	_	linguistic	_	none	_	_	_	_	_	_
1010-4	TOI020	1010	1010	4	fare	fare	_	_	_	_	_	linguistic	_	none	_	_	_	_	_	_
1010-5	TOI020	1010	1010	5	uguale	uguale	_	_	_	_	_	linguistic	_	none	_	_	_	_	_	_
1010-6	TOI020	1010	1010	6	no?	no	_	_	_	_	_	linguistic	_	none	Intonation=Rising	End=2840.526	_	_	_	_
1011-0	TOI020	1011	1011	0	c(io)è	cioè	_	_	_	_	_	linguistic	_	none	Reduced=Yes	Begin=2840.816	_	_	_	_
1011-1	TOI020	1011	1011	1	se	se	_	_	_	_	_	linguistic	_	none	_	_	_	_	_	_
1011-2	TOI020	1011	1011	2	una	una	_	_	_	_	_	linguistic	_	none	_	_	_	_	_	_
1011-3	TOI020	1011	1011	3	faceva	faceva	_	_	_	_	_	linguistic	_	none	_	_	_	_	_	_
1011-4	TOI020	1011	1011	4	così	così	_	_	_	_	_	linguistic	_	none	_	_	_	_	_	_
1011-5	TOI020	1011	1011	5	l'	l'	_	_	_	_	_	linguistic	_	none	SpaceAfter=No	_	_	_	_	_
1011-6	TOI020	1011	1011	6	altra	altra	_	_	_	_	_	linguistic	_	none	_	_	_	_	_	_
1011-7	TOI020	1011	1011	7	fac~	fac~	_	_	_	_	_	linguistic	_	none	Interrupted=Yes	_	_	_	_	_
1011-8	TOI020	1011	1011	8	doveva	doveva	_	_	_	_	_	linguistic	_	none	_	_	_	_	_	_
1011-9	TOI020	1011	1011	9	fare	fare	_	_	_	_	_	linguistic	_	none	_	_	_	_	_	_
1011-10	TOI020	1011	1011	10	ugual(e).	uguale	_	_	_	_	_	linguistic	_	none	Intonation=Falling	End=2843.756	_	_	4-6(0)	_
1012-0	TOI020	1012	1012	0	e	e	_	_	_	_	_	linguistic	_	none	_	Begin=2844.173	_	_	_	_
1012-1	TOI020	1012	1012	1	io:	io	_	_	_	_	_	linguistic	_	none	_	_	1x1	_	_	_
1012-2	TOI020	1012	1012	2	invece	invece	_	_	_	_	_	linguistic	_	none	_	_	_	_	_	_
1012-3	TOI020	1012	1012	3	siccome	siccome	_	_	_	_	_	linguistic	_	none	_	_	_	_	_	_
1012-4	TOI020	1012	1012	4	sapevo	sapevo	_	_	_	_	_	linguistic	_	none	_	_	_	_	_	_
1012-5	TOI020	1012	1012	5	che	che	_	_	_	_	_	linguistic	_	none	_	_	_	_	_	_
1012-6	TOI020	1012	1012	6	mio	mio	_	_	_	_	_	linguistic	_	none	_	_	_	_	_	_
1012-7	TOI020	1012	1012	7	padre	padre	_	_	_	_	_	linguistic	_	none	_	_	_	_	_	_
1012-8	TOI020	1012	1012	8	ci	ci	_	_	_	_	_	linguistic	_	none	_	_	_	_	_	_
1012-9	TOI020	1012	1012	9	tene:va	teneva	_	_	_	_	_	linguistic	_	none	_	_	3x1	_	_	_
1012-10	TOI020	1012	1012	10	che	che	_	_	_	_	_	linguistic	_	none	_	_	_	_	_	_
1012-11	TOI020	1012	1012	11	lui	lui	_	_	_	_	_	linguistic	_	none	_	_	_	_	_	_
1012-12	TOI020	1012	1012	12	aveva	aveva	_	_	_	_	_	linguistic	_	none	_	_	_	_	_	_
1012-13	TOI020	1012	1012	13	questa	questa	_	_	_	_	_	linguistic	_	none	_	_	_	_	_	_
1012-14	TOI020	1012	1012	14	roba	roba	_	_	_	_	_	linguistic	_	none	_	_	_	_	_	_
1012-15	TOI020	1012	1012	15	mi	mi	_	_	_	_	_	linguistic	_	none	_	_	_	_	_	_
1012-16	TOI020	1012	1012	16	sembrava	sembrava	_	_	_	_	_	linguistic	_	none	_	End=2850.069	_	_	_	_
1013-0	TOI020	1013	1013	0	di	di	_	_	_	_	_	linguistic	_	none	_	Begin=2850.584	_	_	_	_
1013-1	TOI020	1013	1013	1	mancargli	mancargli	_	_	_	_	_	linguistic	_	none	_	_	_	_	_	_
1013-2	TOI020	1013	1013	2	di	di	_	_	_	_	_	linguistic	_	none	_	_	_	_	_	_
1013-3	TOI020	1013	1013	3	rispetto.	rispetto	_	_	_	_	_	linguistic	_	none	Intonation=Falling	_	_	_	_	_
1013-4	TOI020	1013	1013	4	perché	perché	_	_	_	_	_	linguistic	_	none	_	_	_	_	_	_
1013-5	TOI020	1013	1013	5	poi	poi	_	_	_	_	_	linguistic	_	none	_	_	_	_	_	_
1013-6	TOI020	1013	1013	6	ognuno	ognuno	_	_	_	_	_	linguistic	_	none	PauseAfter=Yes	_	_	_	_	_
1013-7	TOI020	1013	1013	7	(.)	(.)	_	_	_	_	_	shortpause	_	none	_	_	_	_	_	_
1013-8	TOI020	1013	1013	8	le	le	_	_	_	_	_	linguistic	_	none	_	_	_	_	_	_
1013-9	TOI020	1013	1013	9	cose	cose	_	_	_	_	_	linguistic	_	none	_	_	_	_	_	_
1013-10	TOI020	1013	1013	10	le	le	_	_	_	_	_	linguistic	_	none	_	_	_	_	_	_
1013-11	TOI020	1013	1013	11	vede	vede	_	_	_	_	_	linguistic	_	none	_	_	_	_	_	_
1013-12	TOI020	1013	1013	12	a	a	_	_	_	_	_	linguistic	_	none	_	_	_	_	_	_
1013-13	TOI020	1013	1013	13	modo	modo	_	_	_	_	_	linguistic	_	none	_	_	_	_	_	_
1013-14	TOI020	1013	1013	14	suo,	suo	_	_	_	_	_	linguistic	_	none	Intonation=WeaklyRising	End=2855.064	_	_	_	_
1014-0	TOI020	1014	1014	0	siccome	siccome	_	_	_	_	_	linguistic	_	none	_	Begin=2855.432	_	_	_	_
1014-1	TOI020	1014	1014	1	io	io	_	_	_	_	_	linguistic	_	none	_	_	_	_	_	_
1014-2	TOI020	1014	1014	2	sono	sono	_	_	_	_	_	linguistic	_	none	_	_	_	_	_	_
1014-3	TOI020	1014	1014	3	una	una	_	_	_	_	_	linguistic	_	none	_	_	_	_	_	_
1014-4	TOI020	1014	1014	4	come	come	_	_	_	_	_	linguistic	_	none	_	_	_	_	_	_
1014-5	TOI020	1014	1014	5	ho	ho	_	_	_	_	_	linguistic	_	none	_	_	_	_	_	_
1014-6	TOI020	1014	1014	6	sempre	sempre	_	_	_	_	_	linguistic	_	none	_	_	_	_	_	_
1014-7	TOI020	1014	1014	7	detto	detto	_	_	_	_	_	linguistic	_	none	_	_	_	_	_	_
1014-8	TOI020	1014	1014	8	che	che	_	_	_	_	_	linguistic	_	none	_	_	_	_	_	_
1014-9	TOI020	1014	1014	9	mi	mi	_	_	_	_	_	linguistic	_	none	_	_	_	_	_	_
1014-10	TOI020	1014	1014	10	vesto	vesto	_	_	_	_	_	linguistic	_	none	_	_	_	_	_	_
1014-11	TOI020	1014	1014	11	sempre	sempre	_	_	_	_	_	linguistic	_	none	_	_	_	_	_	_
1014-12	TOI020	1014	1014	12	di	di	_	_	_	_	_	linguistic	_	none	_	_	_	_	_	_
1014-13	TOI020	1014	1014	13	nero	nero	_	_	_	_	_	linguistic	_	none	_	_	_	_	_	_
1014-14	TOI020	1014	1014	14	ho	ho	_	_	_	_	_	linguistic	_	none	_	_	_	_	_	_
1014-15	TOI020	1014	1014	15	detto	detto	_	_	_	_	_	linguistic	_	none	_	_	_	_	_	_
1014-16	TOI020	1014	1014	16	ma	ma	_	_	_	_	_	linguistic	_	none	_	_	_	_	_	_
1014-17	TOI020	1014	1014	17	non	non	_	_	_	_	_	linguistic	_	none	_	_	_	_	_	_
1014-18	TOI020	1014	1014	18	è	è	_	_	_	_	_	linguistic	_	none	_	_	_	_	_	_
1014-19	TOI020	1014	1014	19	che	che	_	_	_	_	_	linguistic	_	none	_	_	_	_	_	_
1014-20	TOI020	1014	1014	20	perché	perché	_	_	_	_	_	linguistic	_	none	_	_	_	_	_	_
1014-21	TOI020	1014	1014	21	muore	muore	_	_	_	_	_	linguistic	_	none	_	_	_	_	_	_
1014-22	TOI020	1014	1014	22	mio	mio	_	_	_	_	_	linguistic	_	none	_	_	_	_	_	_
1014-23	TOI020	1014	1014	23	papà	papà	_	_	_	_	_	linguistic	_	none	_	End=2861.52	_	_	_	_
1015-0	TOI020	1015	1015	0	io	io	_	_	_	_	_	linguistic	_	none	_	Begin=2861.898	_	_	_	_
1015-1	TOI020	1015	1015	1	mi	mi	_	_	_	_	_	linguistic	_	none	_	_	_	_	_	_
1015-2	TOI020	1015	1015	2	vesto	vesto	_	_	_	_	_	linguistic	_	none	_	_	_	_	_	_
1015-3	TOI020	1015	1015	3	di	di	_	_	_	_	_	linguistic	_	none	_	_	_	_	_	_
1015-4	TOI020	1015	1015	4	un	un	_	_	_	_	_	linguistic	_	none	_	_	_	_	_	_
1015-5	TOI020	1015	1015	5	altro	altro	_	_	_	_	_	linguistic	_	none	_	_	_	_	_	_
1015-6	TOI020	1015	1015	6	colo:re.	colore	_	_	_	_	_	linguistic	_	none	Intonation=Falling	_	3x1	_	_	_
1015-7	TOI020	1015	1015	7	c(io)è	cioè	_	_	_	_	_	linguistic	_	none	Reduced=Yes	_	_	_	_	_
1015-8	TOI020	1015	1015	8	voglio	voglio	_	_	_	_	_	linguistic	_	none	_	_	_	_	_	_
1015-9	TOI020	1015	1015	9	dire	dire	_	_	_	_	_	linguistic	_	none	_	End=2864.312	_	_	_	_
1016-0	TOR004	1016	1016	0	tanto	tanto	_	_	_	_	_	linguistic	_	none	_	Begin=2864.389	_	_	_	_
1016-1	TOR004	1016	1016	1	mi	mi	_	_	_	_	_	linguistic	_	none	_	_	_	_	_	_
1016-2	TOR004	1016	1016	2	vesto	vesto	_	_	_	_	_	linguistic	_	none	_	_	_	_	_	_
1016-3	TOR004	1016	1016	3	[di	di	_	_	_	_	_	linguistic	_	none	_	_	_	_	_	0-2(287)
1016-4	TOR004	1016	1016	4	nero	nero	_	_	_	_	_	linguistic	_	none	_	_	_	_	_	0-4(287)
1016-5	TOR004	1016	1016	5	comun~]	comun~	_	_	_	_	_	linguistic	_	none	Interrupted=Yes	End=2865.756	_	_	_	0-6(287)
1017-0	TOI020	1017	1017	0	[mi	mi	_	_	_	_	_	linguistic	_	none	_	Begin=2865.065	_	_	_	0-2(287)
1017-1	TOI020	1017	1017	1	vesto	vesto	_	_	_	_	_	linguistic	_	none	_	_	_	_	_	0-5(287)
1017-2	TOI020	1017	1017	2	tan]to	tanto	_	_	_	_	_	linguistic	_	none	_	_	_	_	_	0-3(287)
1017-3	TOI020	1017	1017	3	sempre	sempre	_	_	_	_	_	linguistic	_	none	_	_	_	_	_	_
1017-4	TOI020	1017	1017	4	di	di	_	_	_	_	_	linguistic	_	none	_	_	_	_	_	_
1017-5	TOI020	1017	1017	5	nero,	nero	_	_	_	_	_	linguistic	_	none	Intonation=WeaklyRising	_	_	_	_	_
1017-6	TOI020	1017	1017	6	è	è	_	_	_	_	_	linguistic	_	none	_	_	_	_	_	_
1017-7	TOI020	1017	1017	7	vero	vero	_	_	_	_	_	linguistic	_	none	_	_	_	_	_	_
1017-8	TOI020	1017	1017	8	che	che	_	_	_	_	_	linguistic	_	none	_	_	_	_	_	_
1017-9	TOI020	1017	1017	9	poi	poi	_	_	_	_	_	linguistic	_	none	_	_	_	_	_	_
1017-10	TOI020	1017	1017	10	sì	sì	_	_	_	_	_	linguistic	_	none	_	_	_	_	_	_
1017-11	TOI020	1017	1017	11	ti	ti	_	_	_	_	_	linguistic	_	none	_	_	_	_	_	_
1017-12	TOI020	1017	1017	12	metti	metti	_	_	_	_	_	linguistic	_	none	_	_	_	_	_	_
1017-13	TOI020	1017	1017	13	anche	anche	_	_	_	_	_	linguistic	_	none	_	_	_	_	_	_
1017-14	TOI020	1017	1017	14	la	la	_	_	_	_	_	linguistic	_	none	_	_	_	_	_	_
1017-15	TOI020	1017	1017	15	maglia	maglia	_	_	_	_	_	linguistic	_	none	_	_	_	_	_	_
1017-16	TOI020	1017	1017	16	rossa	rossa	_	_	_	_	_	linguistic	_	none	_	_	_	_	_	_
1017-17	TOI020	1017	1017	17	così	così	_	_	_	_	_	linguistic	_	none	_	End=2869.926	_	_	_	_
1018-0	TOI020	1018	1018	0	però	però	_	_	_	_	_	linguistic	_	none	_	Begin=2870.225	_	_	_	_
1018-1	TOI020	1018	1018	1	dico.	dico	_	_	_	_	_	linguistic	_	none	Intonation=Falling	_	_	_	_	_
1018-2	TOI020	1018	1018	2	principalmente	principalmente	_	_	_	_	_	linguistic	_	none	_	_	_	_	_	_
1018-3	TOI020	1018	1018	3	son	son	_	_	_	_	_	linguistic	_	none	_	_	_	_	_	_
1018-4	TOI020	1018	1018	4	vestita	vestita	_	_	_	_	_	linguistic	_	none	_	_	_	_	_	_
1018-5	TOI020	1018	1018	5	di	di	_	_	_	_	_	linguistic	_	none	_	_	_	_	_	_
1018-6	TOI020	1018	1018	6	nero	nero	_	_	_	_	_	linguistic	_	none	_	_	_	_	_	_
1018-7	TOI020	1018	1018	7	e	e	_	_	_	_	_	linguistic	_	none	_	_	_	_	_	_
1018-8	TOI020	1018	1018	8	quindi	quindi	_	_	_	_	_	linguistic	_	none	_	_	_	_	_	_
1018-9	TOI020	1018	1018	9	io	io	_	_	_	_	_	linguistic	_	none	_	_	_	_	_	_
1018-10	TOI020	1018	1018	10	ho	ho	_	_	_	_	_	linguistic	_	none	_	_	_	_	_	_
1018-11	TOI020	1018	1018	11	messo:	messo	_	_	_	_	_	linguistic	_	none	_	_	4x1	_	_	_
1018-12	TOI020	1018	1018	12	il	il	_	_	_	_	_	linguistic	_	none	ProsodicLink=Yes	_	_	_	_	_
1018-13	TOI020	1018	1018	13	eh	eh	_	_	_	_	_	linguistic	_	none	_	End=2874.87	_	_	_	_
1019-0	TOI020	1019	1019	0	nero	nero	_	_	_	_	_	linguistic	_	none	_	Begin=2875.129	_	_	_	_
1019-1	TOI020	1019	1019	1	per	per	_	_	_	_	_	linguistic	_	none	_	_	_	_	_	_
1019-2	TOI020	1019	1019	2	un	un	_	_	_	_	_	linguistic	_	none	_	_	_	_	_	_
1019-3	TOI020	1019	1019	3	po'.	po'	_	_	_	_	_	linguistic	_	none	Intonation=Falling	_	_	_	_	_
1019-4	TOI020	1019	1019	4	mi	mi	_	_	_	_	_	linguistic	_	none	_	_	_	_	_	_
1019-5	TOI020	1019	1019	5	ricordo	ricordo	_	_	_	_	_	linguistic	_	none	_	_	_	_	_	_
1019-6	TOI020	1019	1019	6	di	di	_	_	_	_	_	linguistic	_	none	_	_	_	_	_	_
1019-7	TOI020	1019	1019	7	aver	aver	_	_	_	_	_	linguistic	_	none	_	End=2877.65	_	_	_	_
1020-0	TOI020	1020	1020	0	scalato,	scalato	_	_	_	_	_	linguistic	_	none	Intonation=WeaklyRising	Begin=2878.226	_	_	_	_
1020-1	TOI020	1020	1020	1	era	era	_	_	_	_	_	linguistic	_	none	_	_	_	_	_	_
1020-2	TOI020	1020	1020	2	gennaio	gennaio	_	_	_	_	_	linguistic	_	none	_	_	_	_	_	_
1020-3	TOI020	1020	1020	3	che	che	_	_	_	_	_	linguistic	_	none	_	_	_	_	_	_
1020-4	TOI020	1020	1020	4	sono	sono	_	_	_	_	_	linguistic	_	none	_	_	_	_	_	_
1020-5	TOI020	1020	1020	5	andata	andata	_	_	_	_	_	linguistic	_	none	_	_	_	_	_	_
1020-6	TOI020	1020	1020	6	a	a	_	_	_	_	_	linguistic	_	none	_	_	_	_	_	_
1020-7	TOI020	1020	1020	7	un	un	_	_	_	_	_	linguistic	_	none	_	_	_	_	_	_
1020-8	TOI020	1020	1020	8	matrimonio,	matrimonio	_	_	_	_	_	linguistic	_	none	Intonation=WeaklyRising	End=2882.218	_	_	_	_
1021-0	TOR004	1021	1021	0	e	e	_	_	_	_	_	linguistic	_	none	_	Begin=2882.249	_	_	_	_
1021-1	TOR004	1021	1021	1	beh	beh	_	_	_	_	_	linguistic	_	none	_	End=2882.611	_	_	_	_
1022-0	TOI020	1022	1022	0	e	e	_	_	_	_	_	linguistic	_	none	_	Begin=2882.627	_	_	_	_
1022-1	TOI020	1022	1022	1	ho	ho	_	_	_	_	_	linguistic	_	none	_	_	_	_	_	_
1022-2	TOI020	1022	1022	2	mes~	mes~	_	_	_	_	_	linguistic	_	none	Interrupted=Yes	_	_	_	_	_
1022-3	TOI020	1022	1022	3	no	no	_	_	_	_	_	linguistic	_	none	_	_	_	_	_	_
1022-4	TOI020	1022	1022	4	ero	ero	_	_	_	_	_	linguistic	_	none	_	_	_	_	_	_
1022-5	TOI020	1022	1022	5	tutta	tutta	_	_	_	_	_	linguistic	_	none	_	_	_	_	_	_
1022-6	TOI020	1022	1022	6	di	di	_	_	_	_	_	linguistic	_	none	_	_	_	_	_	_
1022-7	TOI020	1022	1022	7	nero	nero	_	_	_	_	_	linguistic	_	none	_	_	_	_	_	_
1022-8	TOI020	1022	1022	8	e	e	_	_	_	_	_	linguistic	_	none	_	_	_	_	_	_
1022-9	TOI020	1022	1022	9	avevo	avevo	_	_	_	_	_	linguistic	_	none	_	_	_	_	_	_
1022-10	TOI020	1022	1022	10	una	una	_	_	_	_	_	linguistic	_	none	_	_	_	_	_	_
1022-11	TOI020	1022	1022	11	roba	roba	_	_	_	_	_	linguistic	_	none	_	_	_	_	_	_
1022-12	TOI020	1022	1022	12	con	con	_	_	_	_	_	linguistic	_	none	_	_	_	_	_	_
1022-13	TOI020	1022	1022	13	qualche	qualche	_	_	_	_	_	linguistic	_	none	_	_	_	_	_	_
1022-14	TOI020	1022	1022	14	cosina	cosina	_	_	_	_	_	linguistic	_	none	_	_	_	_	_	_
1022-15	TOI020	1022	1022	15	qua	qua	_	_	_	_	_	linguistic	_	none	_	_	_	_	_	_
1022-16	TOI020	1022	1022	16	sopra.	sopra	_	_	_	_	_	linguistic	_	none	Intonation=Falling	End=2887.517	_	_	_	_
1023-0	TOI020	1023	1023	0	eh	eh	_	_	_	_	_	linguistic	_	none	_	Begin=2887.953	_	_	_	_
1023-1	TOI020	1023	1023	1	di::	di	_	_	_	_	_	linguistic	_	none	ProsodicLink=Yes	_	1x2	_	_	_
1023-2	TOI020	1023	1023	2	m	m	_	_	_	_	_	linguistic	_	none	ProsodicLink=Yes	_	_	_	_	_
1023-3	TOI020	1023	1023	3	e:h	eh	_	_	_	_	_	linguistic	_	none	_	_	0x1	_	_	_
1023-4	TOI020	1023	1023	4	dorato.	dorato	_	_	_	_	_	linguistic	_	none	Intonation=Falling	_	_	_	_	_
1023-5	TOI020	1023	1023	5	di	di	_	_	_	_	_	linguistic	_	none	_	_	_	_	_	_
1023-6	TOI020	1023	1023	6	giallino	giallino	_	_	_	_	_	linguistic	_	none	_	_	_	_	_	_
1023-7	TOI020	1023	1023	7	una	una	_	_	_	_	_	linguistic	_	none	_	_	_	_	_	_
1023-8	TOI020	1023	1023	8	roba	roba	_	_	_	_	_	linguistic	_	none	_	_	_	_	_	_
1023-9	TOI020	1023	1023	9	così	così	_	_	_	_	_	linguistic	_	none	_	_	_	_	_	_
1023-10	TOI020	1023	1023	10	ma	ma	_	_	_	_	_	linguistic	_	none	_	_	_	_	_	_
1023-11	TOI020	1023	1023	11	proprio	proprio	_	_	_	_	_	linguistic	_	none	_	_	_	_	_	_
1023-12	TOI020	1023	1023	12	apena	apena	_	_	_	_	_	linguistic	_	none	_	_	_	_	_	_
1023-13	TOI020	1023	1023	13	appena	appena	_	_	_	_	_	linguistic	_	none	_	End=2892.911	_	_	_	_
1024-0	TOI020	1024	1024	0	perché	perché	_	_	_	_	_	linguistic	_	none	_	Begin=2893.292	_	_	_	_
1024-1	TOI020	1024	1024	1	mi	mi	_	_	_	_	_	linguistic	_	none	_	_	_	_	_	_
1024-2	TOI020	1024	1024	2	sembrava	sembrava	_	_	_	_	_	linguistic	_	none	_	_	_	_	_	_
1024-3	TOI020	1024	1024	3	bu~	bu~	_	_	_	_	_	linguistic	_	none	Interrupted=Yes	_	_	_	_	_
1024-4	TOI020	1024	1024	4	eh	eh	_	_	_	_	_	linguistic	_	none	_	_	_	_	_	_
1024-5	TOI020	1024	1024	5	irrispettoso	irrispettoso	_	_	_	_	_	linguistic	_	none	_	_	_	_	_	_
1024-6	TOI020	1024	1024	6	nei	nei	_	_	_	_	_	linguistic	_	none	_	_	_	_	_	_
1024-7	TOI020	1024	1024	7	confronti	confronti	_	_	_	_	_	linguistic	_	none	_	_	_	_	_	_
1024-8	TOI020	1024	1024	8	della:	della	_	_	_	_	_	linguistic	_	none	_	End=2897.129	4x1	_	_	_
1025-0	TOI020	1025	1025	0	e::h	eh	_	_	_	_	_	linguistic	_	none	_	Begin=2897.698	0x2	_	_	_
1025-1	TOI020	1025	1025	1	signo[ra	signora	_	_	_	_	_	linguistic	_	none	_	_	_	_	_	5-7(0)
1025-2	TOI020	1025	1025	2	che	che	_	_	_	_	_	linguistic	_	none	_	_	_	_	_	0-3(0)
1025-3	TOI020	1025	1025	3	si	si	_	_	_	_	_	linguistic	_	none	_	_	_	_	_	0-2(0)
1025-4	TOI020	1025	1025	4	spo]:sa,	sposa	_	_	_	_	_	linguistic	_	none	Intonation=WeaklyRising	_	2x1	_	_	0-3(0)
1025-5	TOI020	1025	1025	5	per	per	_	_	_	_	_	linguistic	_	none	_	_	_	_	_	_
1025-6	TOI020	1025	1025	6	cui	cui	_	_	_	_	_	linguistic	_	none	_	End=2900.315	_	_	_	_
1026-0	TOR004	1026	1026	0	[della	della	_	_	_	_	_	linguistic	_	none	_	Begin=2898.688	_	_	_	0-5(0)
1026-1	TOR004	1026	1026	1	sposa].	sposa	_	_	_	_	_	linguistic	_	none	Intonation=Falling	End=2899.669	_	_	_	0-5(0)
1027-0	TOI020	1027	1027	0	però	però	_	_	_	_	_	linguistic	_	none	_	Begin=2900.634	_	_	_	_
1027-1	TOI020	1027	1027	1	poi	poi	_	_	_	_	_	linguistic	_	none	_	End=2901.333	_	_	_	_
1028-0	TOI020	1028	1028	0	è	è	_	_	_	_	_	linguistic	_	none	_	Begin=2902.028	_	_	_	_
1028-1	TOI020	1028	1028	1	perché	perché	_	_	_	_	_	linguistic	_	none	_	_	_	_	_	_
1028-2	TOI020	1028	1028	2	è	è	_	_	_	_	_	linguistic	_	none	_	_	_	_	_	_
1028-3	TOI020	1028	1028	3	la	la	_	_	_	_	_	linguistic	_	none	_	_	_	_	_	_
1028-4	TOI020	1028	1028	4	testa	testa	_	_	_	_	_	linguistic	_	none	_	_	_	_	_	_
1028-5	TOI020	1028	1028	5	che	che	_	_	_	_	_	linguistic	_	none	_	_	_	_	_	_
1028-6	TOI020	1028	1028	6	è	è	_	_	_	_	_	linguistic	_	none	_	_	_	_	_	_
1028-7	TOI020	1028	1028	7	così.	così	_	_	_	_	_	linguistic	_	none	Intonation=Falling	_	_	_	_	_
1028-8	TOI020	1028	1028	8	ma	ma	_	_	_	_	_	linguistic	_	none	_	_	_	_	_	_
1028-9	TOI020	1028	1028	9	io	io	_	_	_	_	_	linguistic	_	none	_	_	_	_	_	_
1028-10	TOI020	1028	1028	10	quando	quando	_	_	_	_	_	linguistic	_	none	_	_	_	_	_	_
1028-11	TOI020	1028	1028	11	si	si	_	_	_	_	_	linguistic	_	none	_	_	_	_	_	_
1028-12	TOI020	1028	1028	12	era	era	_	_	_	_	_	linguistic	_	none	_	_	_	_	_	_
1028-13	TOI020	1028	1028	13	sposato	sposato	_	_	_	_	_	linguistic	_	none	_	_	_	_	_	_
1028-14	TOI020	1028	1028	14	mio	mio	_	_	_	_	_	linguistic	_	none	_	_	_	_	_	_
1028-15	TOI020	1028	1028	15	fratello,	fratello	_	_	_	_	_	linguistic	_	none	Intonation=WeaklyRising	End=2906.209	_	_	_	_
1029-0	TOI020	1029	1029	0	si	si	_	_	_	_	_	linguistic	_	none	_	Begin=2906.666	_	_	_	_
1029-1	TOI020	1029	1029	1	usava	usava	_	_	_	_	_	linguistic	_	none	_	_	_	_	_	_
1029-2	TOI020	1029	1029	2	il	il	_	_	_	_	_	linguistic	_	none	_	_	_	_	_	_
1029-3	TOI020	1029	1029	3	nero	nero	_	_	_	_	_	linguistic	_	none	_	_	_	_	_	_
1029-4	TOI020	1029	1029	4	anche	anche	_	_	_	_	_	linguistic	_	none	_	_	_	_	_	_
1029-5	TOI020	1029	1029	5	per	per	_	_	_	_	_	linguistic	_	none	_	_	_	_	_	_
1029-6	TOI020	1029	1029	6	andare	andare	_	_	_	_	_	linguistic	_	none	_	_	_	_	_	_
1029-7	TOI020	1029	1029	7	al	al	_	_	_	_	_	linguistic	_	none	_	_	_	_	_	_
1029-8	TOI020	1029	1029	8	matrimonio,	matrimonio	_	_	_	_	_	linguistic	_	none	Intonation=WeaklyRising	_	_	_	_	_
1029-9	TOI020	1029	1029	9	e	e	_	_	_	_	_	linguistic	_	none	_	_	_	_	_	_
1029-10	TOI020	1029	1029	10	quindi	quindi	_	_	_	_	_	linguistic	_	none	_	_	_	_	_	_
1029-11	TOI020	1029	1029	11	mi	mi	_	_	_	_	_	linguistic	_	none	_	_	_	_	_	_
1029-12	TOI020	1029	1029	12	ero	ero	_	_	_	_	_	linguistic	_	none	_	_	_	_	_	_
1029-13	TOI020	1029	1029	13	[vestita	vestita	_	_	_	_	_	linguistic	_	none	_	_	_	_	_	0-7(1)
1029-14	TOI020	1029	1029	14	di	di	_	_	_	_	_	linguistic	_	none	_	_	_	_	_	0-2(1)
1029-15	TOI020	1029	1029	15	ne]r(o).	nero	_	_	_	_	_	linguistic	_	none	Intonation=Falling	End=2910.824	_	_	3-4(0)	0-2(1)
1030-0	TOR004	1030	1030	0	[ti	ti	_	_	_	_	_	linguistic	_	none	_	Begin=2909.878	_	_	_	0-2(1)
1030-1	TOR004	1030	1030	1	mettevi	mettevi	_	_	_	_	_	linguistic	_	none	PauseAfter=Yes	_	_	_	_	0-7(1)
1030-2	TOR004	1030	1030	2	(.)	(.)	_	_	_	_	_	shortpause	_	none	_	_	_	_	_	_
1030-3	TOR004	1030	1030	3	eh]	eh	_	_	_	_	_	linguistic	_	none	_	End=2910.628	_	_	_	0-2(1)
1031-0	TOI020	1031	1031	0	però	però	_	_	_	_	_	linguistic	_	none	_	Begin=2911.242	_	_	_	_
1031-1	TOI020	1031	1031	1	per	per	_	_	_	_	_	linguistic	_	none	_	_	_	_	_	_
1031-2	TOI020	1031	1031	2	dire	dire	_	_	_	_	_	linguistic	_	none	_	_	_	_	_	_
1031-3	TOI020	1031	1031	3	no?	no	_	_	_	_	_	linguistic	_	none	Intonation=Rising	End=2912.463	_	_	_	_
1032-0	TOI020	1032	1032	0	perché	perché	_	_	_	_	_	linguistic	_	none	_	Begin=2912.739	_	_	_	_
1032-1	TOI020	1032	1032	1	poi	poi	_	_	_	_	_	linguistic	_	none	_	_	_	_	_	_
1032-2	TOI020	1032	1032	2	pensi	pensi	_	_	_	_	_	linguistic	_	none	_	_	_	_	_	_
1032-3	TOI020	1032	1032	3	le	le	_	_	_	_	_	linguistic	_	none	_	_	_	_	_	_
1032-4	TOI020	1032	1032	4	cose	cose	_	_	_	_	_	linguistic	_	none	_	_	_	_	_	_
1032-5	TOI020	1032	1032	5	anche	anche	_	_	_	_	_	linguistic	_	none	_	_	_	_	_	_
1032-6	TOI020	1032	1032	6	rispetto	rispetto	_	_	_	_	_	linguistic	_	none	PauseAfter=Yes	_	_	_	_	_
1032-7	TOI020	1032	1032	7	(.)	(.)	_	_	_	_	_	shortpause	_	none	_	_	_	_	_	_
1032-8	TOI020	1032	1032	8	a	a	_	_	_	_	_	linguistic	_	none	_	_	_	_	_	_
1032-9	TOI020	1032	1032	9	c~	c~	_	_	_	_	_	linguistic	_	none	Interrupted=Yes	_	_	_	_	_
1032-10	TOI020	1032	1032	10	alle	alle	_	_	_	_	_	linguistic	_	none	_	_	_	_	_	_
1032-11	TOI020	1032	1032	11	persone	persone	_	_	_	_	_	linguistic	_	none	_	_	_	_	_	_
1032-12	TOI020	1032	1032	12	dove	dove	_	_	_	_	_	linguistic	_	none	_	_	_	_	_	_
1032-13	TOI020	1032	1032	13	vai	vai	_	_	_	_	_	linguistic	_	none	_	_	_	_	_	_
1032-14	TOI020	1032	1032	14	perché	perché	_	_	_	_	_	linguistic	_	none	_	End=2917.513	_	_	_	_
1033-0	TOI020	1033	1033	0	tu	tu	_	_	_	_	_	linguistic	_	none	_	Begin=2918.249	_	_	_	_
1033-1	TOI020	1033	1033	1	ha:i	hai	_	_	_	_	_	linguistic	_	none	_	End=2919.066	1x1	_	_	_
1034-0	TOR004	1034	1034	0	mh	mh	_	_	_	_	_	linguistic	_	none	_	Begin=2919.16	_	_	_	_
1034-1	TOR004	1034	1034	1	mh	mh	_	_	_	_	_	linguistic	_	none	_	End=2919.651	_	_	_	_
1035-0	TOI020	1035	1035	0	c(io)è	cioè	_	_	_	_	_	linguistic	_	none	Reduced=Yes	Begin=2920.136	_	_	_	_
1035-1	TOI020	1035	1035	1	io	io	_	_	_	_	_	linguistic	_	none	_	_	_	_	_	_
1035-2	TOI020	1035	1035	2	lo	lo	_	_	_	_	_	linguistic	_	none	_	_	_	_	_	_
1035-3	TOI020	1035	1035	3	faccio	faccio	_	_	_	_	_	linguistic	_	none	_	_	_	_	_	_
1035-4	TOI020	1035	1035	4	perché	perché	_	_	_	_	_	linguistic	_	none	_	_	_	_	_	_
1035-5	TOI020	1035	1035	5	ho	ho	_	_	_	_	_	linguistic	_	none	_	_	_	_	_	_
1035-6	TOI020	1035	1035	6	il	il	_	_	_	_	_	linguistic	_	none	_	_	_	_	_	_
1035-7	TOI020	1035	1035	7	lutto	lutto	_	_	_	_	_	linguistic	_	none	_	_	_	_	_	_
1035-8	TOI020	1035	1035	8	non	non	_	_	_	_	_	linguistic	_	none	_	_	_	_	_	_
1035-9	TOI020	1035	1035	9	lo	lo	_	_	_	_	_	linguistic	_	none	_	_	_	_	_	_
1035-10	TOI020	1035	1035	10	faccio	faccio	_	_	_	_	_	linguistic	_	none	_	_	_	_	_	_
1035-11	TOI020	1035	1035	11	perché	perché	_	_	_	_	_	linguistic	_	none	_	_	_	_	_	_
1035-12	TOI020	1035	1035	12	è	è	_	_	_	_	_	linguistic	_	none	_	_	_	_	_	_
1035-13	TOI020	1035	1035	13	elegante.	elegante	_	_	_	_	_	linguistic	_	none	Intonation=Falling	_	_	_	_	_
1035-14	TOI020	1035	1035	14	c(io)è	cioè	_	_	_	_	_	linguistic	_	none	Reduced=Yes	_	_	_	_	_
1035-15	TOI020	1035	1035	15	non	non	_	_	_	_	_	linguistic	_	none	_	_	_	_	_	_
1035-16	TOI020	1035	1035	16	mi	mi	_	_	_	_	_	linguistic	_	none	_	_	_	_	_	_
1035-17	TOI020	1035	1035	17	sto	sto	_	_	_	_	_	linguistic	_	none	_	_	_	_	_	_
1035-18	TOI020	1035	1035	18	vestendo	vestendo	_	_	_	_	_	linguistic	_	none	_	_	_	_	_	_
1035-19	TOI020	1035	1035	19	di	di	_	_	_	_	_	linguistic	_	none	_	_	_	_	_	_
1035-20	TOI020	1035	1035	20	nero,	nero	_	_	_	_	_	linguistic	_	none	Intonation=WeaklyRising	End=2924.9	_	_	_	_
1036-0	TOI020	1036	1036	0	il	il	_	_	_	_	_	linguistic	_	none	_	Begin=2925.205	_	_	_	_
1036-1	TOI020	1036	1036	1	tailleur	tailleur	_	_	_	_	_	linguistic	_	none	_	_	_	_	_	_
1036-2	TOI020	1036	1036	2	perché	perché	_	_	_	_	_	linguistic	_	none	_	_	_	_	_	_
1036-3	TOI020	1036	1036	3	è	è	_	_	_	_	_	linguistic	_	none	_	_	_	_	_	_
1036-4	TOI020	1036	1036	4	elegante.	elegante	_	_	_	_	_	linguistic	_	none	Intonation=Falling	_	_	_	_	_
1036-5	TOI020	1036	1036	5	ma	ma	_	_	_	_	_	linguistic	_	none	_	_	_	_	_	_
1036-6	TOI020	1036	1036	6	mi	mi	_	_	_	_	_	linguistic	_	none	_	_	_	_	_	_
1036-7	TOI020	1036	1036	7	vesto	vesto	_	_	_	_	_	linguistic	_	none	_	_	_	_	_	_
1036-8	TOI020	1036	1036	8	perché	perché	_	_	_	_	_	linguistic	_	none	_	_	_	_	_	_
1036-9	TOI020	1036	1036	9	io	io	_	_	_	_	_	linguistic	_	none	_	_	_	_	_	_
1036-10	TOI020	1036	1036	10	ho	ho	_	_	_	_	_	linguistic	_	none	_	_	_	_	_	_
1036-11	TOI020	1036	1036	11	una	una	_	_	_	_	_	linguistic	_	none	_	_	_	_	_	_
1036-12	TOI020	1036	1036	12	situazione	situazione	_	_	_	_	_	linguistic	_	none	_	_	_	_	_	_
1036-13	TOI020	1036	1036	13	mia.	mia	_	_	_	_	_	linguistic	_	none	Intonation=Falling	End=2929.236	_	_	_	_
1037-0	TOI020	1037	1037	0	e	e	_	_	_	_	_	linguistic	_	none	_	Begin=2929.698	_	_	_	_
1037-1	TOI020	1037	1037	1	quindi:	quindi	_	_	_	_	_	linguistic	_	none	_	End=2930.448	5x1	_	_	_
1038-0	TOR004	1038	1038	0	mh	mh	_	_	_	_	_	linguistic	_	none	_	Begin=2930.542	_	_	_	_
1038-1	TOR004	1038	1038	1	[mh]	mh	_	_	_	_	_	linguistic	_	none	_	End=2930.895	_	_	_	0-2(4)
1039-0	TOI020	1039	1039	0	[io]	io	_	_	_	_	_	linguistic	_	none	_	Begin=2930.855	_	_	_	0-2(4)
1039-1	TOI020	1039	1039	1	sono	sono	_	_	_	_	_	linguistic	_	none	_	_	_	_	_	_
1039-2	TOI020	1039	1039	2	così	così	_	_	_	_	_	linguistic	_	none	_	End=2931.592	_	_	_	_
1040-0	TOR004	1040	1040	0	beh	beh	_	_	_	_	_	linguistic	_	none	_	Begin=2931.775	_	_	_	_
1040-1	TOR004	1040	1040	1	certo.	certo	_	_	_	_	_	linguistic	_	none	Intonation=Falling	_	_	_	_	_
1040-2	TOR004	1040	1040	2	no	no	_	_	_	_	_	linguistic	_	none	_	_	_	_	_	_
1040-3	TOR004	1040	1040	3	no	no	_	_	_	_	_	linguistic	_	none	_	_	_	_	_	_
1040-4	TOR004	1040	1040	4	ma	ma	_	_	_	_	_	linguistic	_	none	_	_	_	_	_	_
1040-5	TOR004	1040	1040	5	[>eh	eh	_	_	_	_	_	linguistic	_	none	_	_	_	Fast=0-2(0)	_	0-2(8)
1040-6	TOR004	1040	1040	6	eh	eh	_	_	_	_	_	linguistic	_	none	_	_	_	Fast=0-2(0)	_	0-2(8)
1040-7	TOR004	1040	1040	7	(in)somma<],	insomma	_	_	_	_	_	linguistic	_	none	Intonation=WeaklyRising	End=2933.443	_	Fast=0-7(0)	0-2(0)	0-7(8)
1041-0	TOI020	1041	1041	0	[e	e	_	_	_	_	_	linguistic	_	none	_	Begin=2932.643	_	_	_	0-1(8)
1041-1	TOI020	1041	1041	1	ognu:no]	ognuno	_	_	_	_	_	linguistic	_	none	_	End=2933.449	3x1	_	_	0-6(8)
1042-0	TOI020	1042	1042	0	e	e	_	_	_	_	_	linguistic	_	none	_	Begin=2933.775	_	_	_	_
1042-1	TOI020	1042	1042	1	il	il	_	_	_	_	_	linguistic	_	none	_	_	_	_	_	_
1042-2	TOI020	1042	1042	2	mio	mio	_	_	_	_	_	linguistic	_	none	_	_	_	_	_	_
1042-3	TOI020	1042	1042	3	paese	paese	_	_	_	_	_	linguistic	_	none	_	_	_	_	_	_
1042-4	TOI020	1042	1042	4	quindi	quindi	_	_	_	_	_	linguistic	_	none	_	_	_	_	_	_
1042-5	TOI020	1042	1042	5	è	è	_	_	_	_	_	linguistic	_	none	_	_	_	_	_	_
1042-6	TOI020	1042	1042	6	così.	così	_	_	_	_	_	linguistic	_	none	Intonation=Falling	_	_	_	_	_
1042-7	TOI020	1042	1042	7	poi	poi	_	_	_	_	_	linguistic	_	none	_	_	_	_	_	_
1042-8	TOI020	1042	1042	8	man	man	_	_	_	_	_	linguistic	_	none	_	_	_	_	_	_
1042-9	TOI020	1042	1042	9	mano	mano	_	_	_	_	_	linguistic	_	none	_	_	_	_	_	_
1042-10	TOI020	1042	1042	10	sali,	sali	_	_	_	_	_	linguistic	_	none	Intonation=WeaklyRising	_	_	_	_	_
1042-11	TOI020	1042	1042	11	perché	perché	_	_	_	_	_	linguistic	_	none	_	_	_	_	_	_
1042-12	TOI020	1042	1042	12	il	il	_	_	_	_	_	linguistic	_	none	_	_	_	_	_	_
1042-13	TOI020	1042	1042	13	nostro	nostro	_	_	_	_	_	linguistic	_	none	_	_	_	_	_	_
1042-14	TOI020	1042	1042	14	paese	paese	_	_	_	_	_	linguistic	_	none	_	_	_	_	_	_
1042-15	TOI020	1042	1042	15	è	è	_	_	_	_	_	linguistic	_	none	_	_	_	_	_	_
1042-16	TOI020	1042	1042	16	fatto:	fatto	_	_	_	_	_	linguistic	_	none	_	_	4x1	_	_	_
1042-17	TOI020	1042	1042	17	di	di	_	_	_	_	_	linguistic	_	none	_	_	_	_	_	_
1042-18	TOI020	1042	1042	18	scale,	scale	_	_	_	_	_	linguistic	_	none	Intonation=WeaklyRising	End=2939.003	_	_	_	_
1043-0	TOI020	1043	1043	0	e	e	_	_	_	_	_	linguistic	_	none	_	Begin=2939.421	_	_	_	_
1043-1	TOI020	1043	1043	1	ci	ci	_	_	_	_	_	linguistic	_	none	_	_	_	_	_	_
1043-2	TOI020	1043	1043	2	sono	sono	_	_	_	_	_	linguistic	_	none	_	_	_	_	_	_
1043-3	TOI020	1043	1043	3	i	i	_	_	_	_	_	linguistic	_	none	_	_	_	_	_	_
1043-4	TOI020	1043	1043	4	vari	vari	_	_	_	_	_	linguistic	_	none	_	_	_	_	_	_
1043-5	TOI020	1043	1043	5	quartie:ri.	quartieri	_	_	_	_	_	linguistic	_	none	Intonation=Falling	_	6x1	_	_	_
1043-6	TOI020	1043	1043	6	quindi	quindi	_	_	_	_	_	linguistic	_	none	_	_	_	_	_	_
1043-7	TOI020	1043	1043	7	c'	c'	_	_	_	_	_	linguistic	_	none	SpaceAfter=No	_	_	_	_	_
1043-8	TOI020	1043	1043	8	è:	è	_	_	_	_	_	linguistic	_	none	_	End=2941.849	0x1	_	_	_
1044-0	TOI020	1044	1044	0	eh	eh	_	_	_	_	_	linguistic	_	unspecified	_	Begin=2942.223	_	_	_	_
1044-1	TOI020	1044	1044	1	(ngape)	ngape	_	_	_	_	_	linguistic	_	unspecified	_	_	_	_	0-5(0)	_
1044-2	TOI020	1044	1044	2	la	la	_	_	_	_	_	linguistic	_	unspecified	_	_	_	_	_	_
1044-3	TOI020	1044	1044	3	lavanga	lavanga	_	_	_	_	_	linguistic	_	unspecified	_	_	_	_	_	_
1044-4	TOI020	1044	1044	4	che	che	_	_	_	_	_	linguistic	_	unspecified	_	_	_	_	_	_
1044-5	TOI020	1044	1044	5	era	era	_	_	_	_	_	linguistic	_	unspecified	_	_	_	_	_	_
1044-6	TOI020	1044	1044	6	dove	dove	_	_	_	_	_	linguistic	_	unspecified	_	_	_	_	_	_
1044-7	TOI020	1044	1044	7	abitavo	abitavo	_	_	_	_	_	linguistic	_	unspecified	_	_	_	_	_	_
1044-8	TOI020	1044	1044	8	io	io	_	_	_	_	_	linguistic	_	unspecified	_	_	_	_	_	_
1044-9	TOI020	1044	1044	9	perché	perché	_	_	_	_	_	linguistic	_	unspecified	_	_	_	_	_	_
1044-10	TOI020	1044	1044	10	c'	c'	_	_	_	_	_	linguistic	_	unspecified	SpaceAfter=No	_	_	_	_	_
1044-11	TOI020	1044	1044	11	era	era	_	_	_	_	_	linguistic	_	unspecified	_	_	_	_	_	_
1044-12	TOI020	1044	1044	12	stata	stata	_	_	_	_	_	linguistic	_	unspecified	_	_	_	_	_	_
1044-13	TOI020	1044	1044	13	una	una	_	_	_	_	_	linguistic	_	unspecified	_	_	_	_	_	_
1044-14	TOI020	1044	1044	14	vala:nga	valanga	_	_	_	_	_	linguistic	_	unspecified	_	End=2946.796	3x1	_	_	_
1045-0	TOI020	1045	1045	0	e	e	_	_	_	_	_	linguistic	_	none	_	Begin=2947.119	_	_	_	_
1045-1	TOI020	1045	1045	1	[quindi	quindi	_	_	_	_	_	linguistic	_	none	_	_	_	_	_	0-6(10)
1045-2	TOI020	1045	1045	2	per]ché	perché	_	_	_	_	_	linguistic	_	none	_	_	_	_	_	0-3(10)
1045-3	TOI020	1045	1045	3	il	il	_	_	_	_	_	linguistic	_	none	_	_	_	_	_	_
1045-4	TOI020	1045	1045	4	nostro	nostro	_	_	_	_	_	linguistic	_	none	_	_	_	_	_	_
1045-5	TOI020	1045	1045	5	è	è	_	_	_	_	_	linguistic	_	none	_	_	_	_	_	_
1045-6	TOI020	1045	1045	6	un	un	_	_	_	_	_	linguistic	_	none	_	_	_	_	_	_
1045-7	TOI020	1045	1045	7	paese	paese	_	_	_	_	_	linguistic	_	none	_	_	_	_	_	_
1045-8	TOI020	1045	1045	8	franoso	franoso	_	_	_	_	_	linguistic	_	none	_	End=2949.773	_	_	_	_
1046-0	TOR004	1046	1046	0	[ah	ah	_	_	_	_	_	linguistic	_	none	_	Begin=2947.265	_	_	_	0-2(10)
1046-1	TOR004	1046	1046	1	ecco].	ecco	_	_	_	_	_	linguistic	_	none	Intonation=Falling	End=2947.92	_	_	_	0-4(10)
1047-0	TOI020	1047	1047	0	e	e	_	_	_	_	_	linguistic	_	none	_	Begin=2950.138	_	_	_	_
1047-1	TOI020	1047	1047	1	quindi	quindi	_	_	_	_	_	linguistic	_	none	_	End=2951.01	_	_	_	_
1048-0	TOR004	1048	1048	0	è	è	_	_	_	_	_	linguistic	_	none	_	Begin=2951.333	_	_	_	_
1048-1	TOR004	1048	1048	1	alto?	alto	_	_	_	_	_	linguistic	_	none	Intonation=Rising	End=2951.94	_	_	_	_
1049-0	TOI020	1049	1049	0	è	è	_	_	_	_	_	linguistic	_	none	_	Begin=2952.039	_	_	_	_
1049-1	TOI020	1049	1049	1	alto,	alto	_	_	_	_	_	linguistic	_	none	Intonation=WeaklyRising	_	_	_	_	_
1049-2	TOI020	1049	1049	2	è	è	_	_	_	_	_	linguistic	_	none	_	_	_	_	_	_
1049-3	TOI020	1049	1049	3	novecent[o::	novecento	_	_	_	_	_	linguistic	_	none	_	_	8x2	_	_	8-9(13)
1049-4	TOI020	1049	1049	4	metri],	metri	_	_	_	_	_	linguistic	_	none	Intonation=WeaklyRising	End=2954.744	_	_	_	0-5(13)
1050-0	TOR004	1050	1050	0	[ah	ah	_	_	_	_	_	linguistic	_	none	_	Begin=2953.744	_	_	_	0-2(13)
1050-1	TOR004	1050	1050	1	beh	beh	_	_	_	_	_	linguistic	_	none	_	_	_	_	_	0-3(13)
1050-2	TOR004	1050	1050	2	quindi	quindi	_	_	_	_	_	linguistic	_	none	_	_	_	_	_	0-6(13)
1050-3	TOR004	1050	1050	3	è	è	_	_	_	_	_	linguistic	_	none	PauseAfter=Yes	_	_	_	_	0-1(13)
1050-4	TOR004	1050	1050	4	(.)	(.)	_	_	_	_	_	shortpause	_	none	_	_	_	_	_	_
1050-5	TOR004	1050	1050	5	m]ontagna	montagna	_	_	_	_	_	linguistic	_	none	_	_	_	_	_	0-1(13)
1050-6	TOR004	1050	1050	6	pra[ticamente].	praticamente	_	_	_	_	_	linguistic	_	none	Intonation=Falling	End=2955.846	_	_	_	3-12(14)
1051-0	TOI020	1051	1051	0	[monta]gna,	montagna	_	_	_	_	_	linguistic	_	none	Intonation=WeaklyRising	Begin=2955.357	_	_	_	0-5(14)
1051-1	TOI020	1051	1051	1	sì.	sì	_	_	_	_	_	linguistic	_	none	Intonation=Falling	End=2956.453	_	_	_	_
1052-0	TOI020	1052	1052	0	e	e	_	_	_	_	_	linguistic	_	unspecified	_	Begin=2956.805	_	_	_	_
1052-1	TOI020	1052	1052	1	quindi	quindi	_	_	_	_	_	linguistic	_	unspecified	_	_	_	_	_	_
1052-2	TOI020	1052	1052	2	da	da	_	_	_	_	_	linguistic	_	unspecified	_	_	_	_	_	_
1052-3	TOI020	1052	1052	3	noi	noi	_	_	_	_	_	linguistic	_	unspecified	_	_	_	_	_	_
1052-4	TOI020	1052	1052	4	si	si	_	_	_	_	_	linguistic	_	unspecified	_	_	_	_	_	_
1052-5	TOI020	1052	1052	5	chiama	chiama	_	_	_	_	_	linguistic	_	unspecified	_	_	_	_	_	_
1052-6	TOI020	1052	1052	6	ngape	ngape	_	_	_	_	_	linguistic	_	unspecified	_	_	_	_	_	_
1052-7	TOI020	1052	1052	7	la	la	_	_	_	_	_	linguistic	_	unspecified	_	_	_	_	_	_
1052-8	TOI020	1052	1052	8	lavanga	lavanga	_	_	_	_	_	linguistic	_	unspecified	_	_	_	_	_	_
1052-9	TOI020	1052	1052	9	poi	poi	_	_	_	_	_	linguistic	_	unspecified	_	_	_	_	_	_
1052-10	TOI020	1052	1052	10	c'	c'	_	_	_	_	_	linguistic	_	unspecified	SpaceAfter=No	_	_	_	_	_
1052-11	TOI020	1052	1052	11	è:	è	_	_	_	_	_	linguistic	_	unspecified	_	_	0x1	_	_	_
1052-12	TOI020	1052	1052	12	la	la	_	_	_	_	_	linguistic	_	unspecified	_	_	_	_	_	_
1052-13	TOI020	1052	1052	13	surutedde	surutedde	_	_	_	_	_	linguistic	_	unspecified	_	_	_	_	_	_
1052-14	TOI020	1052	1052	14	perché	perché	_	_	_	_	_	linguistic	_	unspecified	_	_	_	_	_	_
1052-15	TOI020	1052	1052	15	c'	c'	_	_	_	_	_	linguistic	_	unspecified	SpaceAfter=No	_	_	_	_	_
1052-16	TOI020	1052	1052	16	è	è	_	_	_	_	_	linguistic	_	unspecified	_	_	_	_	_	_
1052-17	TOI020	1052	1052	17	è	è	_	_	_	_	_	linguistic	_	unspecified	_	_	_	_	_	_
1052-18	TOI020	1052	1052	18	un	un	_	_	_	_	_	linguistic	_	unspecified	ProsodicLink=Yes	_	_	_	_	_
1052-19	TOI020	1052	1052	19	eh	eh	_	_	_	_	_	linguistic	_	unspecified	_	End=2962.258	_	_	_	_
1053-0	TOI020	1053	1053	0	e:::h	eh	_	_	_	_	_	linguistic	_	none	ProsodicLink=Yes	Begin=2962.767	0x3	_	_	_
1053-1	TOI020	1053	1053	1	m	m	_	_	_	_	_	linguistic	_	none	ProsodicLink=Yes	_	_	_	_	_
1053-2	TOI020	1053	1053	2	e:h	eh	_	_	_	_	_	linguistic	_	none	_	End=2964.605	0x1	_	_	_
1054-0	TOI020	1054	1054	0	un	un	_	_	_	_	_	linguistic	_	none	_	Begin=2965.26	_	_	_	_
1054-1	TOI020	1054	1054	1	sentiero	sentiero	_	_	_	_	_	linguistic	_	none	_	_	_	_	_	_
1054-2	TOI020	1054	1054	2	ve~	ve~	_	_	_	_	_	linguistic	_	none	Interrupted=Yes	_	_	_	_	_
1054-3	TOI020	1054	1054	3	della	della	_	_	_	_	_	linguistic	_	none	_	_	_	_	_	_
1054-4	TOI020	1054	1054	4	parte	parte	_	_	_	_	_	linguistic	_	none	_	_	_	_	_	_
1054-5	TOI020	1054	1054	5	vecchia	vecchia	_	_	_	_	_	linguistic	_	none	_	_	_	_	_	_
1054-6	TOI020	1054	1054	6	quindi	quindi	_	_	_	_	_	linguistic	_	none	_	_	_	_	_	_
1054-7	TOI020	1054	1054	7	dove	dove	_	_	_	_	_	linguistic	_	none	_	_	_	_	_	_
1054-8	TOI020	1054	1054	8	si	si	_	_	_	_	_	linguistic	_	none	_	_	_	_	_	_
1054-9	TOI020	1054	1054	9	andava	andava	_	_	_	_	_	linguistic	_	none	_	_	_	_	_	_
1054-10	TOI020	1054	1054	10	verso	verso	_	_	_	_	_	linguistic	_	none	_	_	_	_	_	_
1054-11	TOI020	1054	1054	11	la	la	_	_	_	_	_	linguistic	_	none	_	_	_	_	_	_
1054-12	TOI020	1054	1054	12	campagna.	campagna	_	_	_	_	_	linguistic	_	none	Intonation=Falling	End=2970.437	_	_	_	_
1055-0	TOI020	1055	1055	0	e	e	_	_	_	_	_	linguistic	_	none	_	Begin=2970.776	_	_	_	_
1055-1	TOI020	1055	1055	1	quindi	quindi	_	_	_	_	_	linguistic	_	none	_	_	_	_	_	_
1055-2	TOI020	1055	1055	2	la	la	_	_	_	_	_	linguistic	_	none	_	_	_	_	_	_
1055-3	TOI020	1055	1055	3	chiamavano	chiamavano	_	_	_	_	_	linguistic	_	none	_	_	_	_	_	_
1055-4	TOI020	1055	1055	4	così,	così	_	_	_	_	_	linguistic	_	none	Intonation=WeaklyRising	End=2972.525	_	_	_	_
1056-0	TOI020	1056	1056	0	poi	poi	_	_	_	_	_	linguistic	_	none	_	Begin=2972.864	_	_	_	_
1056-1	TOI020	1056	1056	1	c'	c'	_	_	_	_	_	linguistic	_	none	SpaceAfter=No	_	_	_	_	_
1056-2	TOI020	1056	1056	2	era	era	_	_	_	_	_	linguistic	_	none	_	_	_	_	_	_
1056-3	TOI020	1056	1056	3	la	la	_	_	_	_	_	linguistic	_	none	_	_	_	_	_	_
1056-4	TOI020	1056	1056	4	parte	parte	_	_	_	_	_	linguistic	_	none	_	_	_	_	_	_
1056-5	TOI020	1056	1056	5	per	per	_	_	_	_	_	linguistic	_	none	_	_	_	_	_	_
1056-6	TOI020	1056	1056	6	andare	andare	_	_	_	_	_	linguistic	_	none	_	_	_	_	_	_
1056-7	TOI020	1056	1056	7	al	al	_	_	_	_	_	linguistic	_	none	_	_	_	_	_	_
1056-8	TOI020	1056	1056	8	monastero	monastero	_	_	_	_	_	linguistic	_	none	_	End=2975.347	_	_	_	_
1057-0	TOI020	1057	1057	0	che	che	_	_	_	_	_	linguistic	_	none	_	Begin=2975.582	_	_	_	_
1057-1	TOI020	1057	1057	1	si	si	_	_	_	_	_	linguistic	_	none	_	_	_	_	_	_
1057-2	TOI020	1057	1057	2	chiama	chiama	_	_	_	_	_	linguistic	_	none	_	_	_	_	_	_
1057-3	TOI020	1057	1057	3	i	i	_	_	_	_	_	linguistic	_	none	_	_	_	_	_	_
1057-4	TOI020	1057	1057	4	muonace	muonace	_	_	_	_	_	linguistic	_	none	_	_	_	_	_	_
1057-5	TOI020	1057	1057	5	perché	perché	_	_	_	_	_	linguistic	_	none	_	_	_	_	_	_
1057-6	TOI020	1057	1057	6	mo[nastero	monastero	_	_	_	_	_	linguistic	_	none	_	_	_	_	_	2-9(16)
1057-7	TOI020	1057	1057	7	i	i	_	_	_	_	_	linguistic	_	none	_	_	_	_	_	0-1(16)
1057-8	TOI020	1057	1057	8	mona]ci,	monaci	_	_	_	_	_	linguistic	_	none	Intonation=WeaklyRising	End=2979.056	_	_	_	0-4(16)
1058-0	TOR004	1058	1058	0	[[ci	ci	_	_	_	_	_	linguistic	_	none	_	Begin=2977.709	_	_	_	_
1058-1	TOR004	1058	1058	1	stanno	stanno	_	_	_	_	_	linguistic	_	none	_	_	_	_	_	_
1058-2	TOR004	1058	1058	2	i	i	_	_	_	_	_	linguistic	_	none	_	_	_	_	_	_
1058-3	TOR004	1058	1058	3	monac(i)]	monaci	_	_	_	_	_	linguistic	_	none	_	End=2978.694	_	_	5-6(0)	_
1059-0	TOI020	1059	1059	0	dove	dove	_	_	_	_	_	linguistic	_	none	_	Begin=2979.516	_	_	_	_
1059-1	TOI020	1059	1059	1	c'	c'	_	_	_	_	_	linguistic	_	none	SpaceAfter=No	_	_	_	_	_
1059-2	TOI020	1059	1059	2	era	era	_	_	_	_	_	linguistic	_	none	_	_	_	_	_	_
1059-3	TOI020	1059	1059	3	anche,	anche	_	_	_	_	_	linguistic	_	none	Intonation=WeaklyRising	_	_	_	_	_
1059-4	TOI020	1059	1059	4	c'	c'	_	_	_	_	_	linguistic	_	none	SpaceAfter=No	_	_	_	_	_
1059-5	TOI020	1059	1059	5	è	è	_	_	_	_	_	linguistic	_	none	_	_	_	_	_	_
1059-6	TOI020	1059	1059	6	stato	stato	_	_	_	_	_	linguistic	_	none	_	_	_	_	_	_
1059-7	TOI020	1059	1059	7	un	un	_	_	_	_	_	linguistic	_	none	_	_	_	_	_	_
1059-8	TOI020	1059	1059	8	carcere	carcere	_	_	_	_	_	linguistic	_	none	_	_	_	_	_	_
1059-9	TOI020	1059	1059	9	minorile.	minorile	_	_	_	_	_	linguistic	_	none	Intonation=Falling	End=2983.26	_	_	_	_
1060-0	TOR004	1060	1060	0	a:h	ah	_	_	_	_	_	linguistic	_	none	_	Begin=2983.563	0x1	_	_	_
1060-1	TOR004	1060	1060	1	sì	sì	_	_	_	_	_	linguistic	_	none	_	_	_	_	_	_
1060-2	TOR004	1060	1060	2	me	me	_	_	_	_	_	linguistic	_	none	_	_	_	_	_	_
1060-3	TOR004	1060	1060	3	ne	ne	_	_	_	_	_	linguistic	_	none	_	_	_	_	_	_
1060-4	TOR004	1060	1060	4	ave(v)an	avevan	_	_	_	_	_	linguistic	_	none	_	_	_	_	3-4(0)	_
1060-5	TOR004	1060	1060	5	parlato	parlato	_	_	_	_	_	linguistic	_	none	_	_	_	_	_	_
1060-6	TOR004	1060	1060	6	di	di	_	_	_	_	_	linguistic	_	none	_	_	_	_	_	_
1060-7	TOR004	1060	1060	7	que[sta	questa	_	_	_	_	_	linguistic	_	none	_	_	_	_	_	3-6(18)
1060-8	TOR004	1060	1060	8	co]sa	cosa	_	_	_	_	_	linguistic	_	none	_	_	_	_	_	0-2(18)
1060-9	TOR004	1060	1060	9	qua	qua	_	_	_	_	_	linguistic	_	none	_	End=2985.666	_	_	_	_
1061-0	TOI020	1061	1061	0	[mh]	mh	_	_	_	_	_	linguistic	_	none	_	Begin=2985.004|End=2985.247	_	_	_	0-2(18)
1062-0	TOI020	1062	1062	0	poi	poi	_	_	_	_	_	linguistic	_	none	_	Begin=2985.7	_	_	_	_
1062-1	TOI020	1062	1062	1	c'	c'	_	_	_	_	_	linguistic	_	none	SpaceAfter=No	_	_	_	_	_
1062-2	TOI020	1062	1062	2	è::	è	_	_	_	_	_	linguistic	_	none	_	_	0x2	_	_	_
1062-3	TOI020	1062	1062	3	il	il	_	_	_	_	_	linguistic	_	none	_	_	_	_	_	_
1062-4	TOI020	1062	1062	4	calvario	calvario	_	_	_	_	_	linguistic	_	none	_	_	_	_	_	_
1062-5	TOI020	1062	1062	5	e:h	eh	_	_	_	_	_	linguistic	_	none	_	_	0x1	_	_	_
1062-6	TOI020	1062	1062	6	è	è	_	_	_	_	_	linguistic	_	none	_	_	_	_	_	_
1062-7	TOI020	1062	1062	7	quest[o:::	questo	_	_	_	_	_	linguistic	_	none	_	_	5x3	_	_	4-6(23)
1062-8	TOI020	1062	1062	8	m]onte:	monte	_	_	_	_	_	linguistic	_	none	_	_	4x1	_	_	0-1(23)
1062-9	TOI020	1062	1062	9	un	un	_	_	_	_	_	linguistic	_	none	_	_	_	_	_	_
1062-10	TOI020	1062	1062	10	pochino	pochino	_	_	_	_	_	linguistic	_	none	_	_	_	_	_	_
1062-11	TOI020	1062	1062	11	più	più	_	_	_	_	_	linguistic	_	none	_	_	_	_	_	_
1062-12	TOI020	1062	1062	12	in	in	_	_	_	_	_	linguistic	_	none	_	_	_	_	_	_
1062-13	TOI020	1062	1062	13	alto,	alto	_	_	_	_	_	linguistic	_	none	Intonation=WeaklyRising	End=2992.144	_	_	_	_
1063-0	TOR004	1063	1063	0	[monte]?	monte	_	_	_	_	_	linguistic	_	none	Intonation=Rising	Begin=2989.638|End=2990.124	_	_	_	0-5(23)
1064-0	TOI020	1064	1064	0	e	e	_	_	_	_	_	linguistic	_	unspecified	_	Begin=2992.823	_	_	_	_
1064-1	TOI020	1064	1064	1	poi	poi	_	_	_	_	_	linguistic	_	unspecified	_	_	_	_	_	_
1064-2	TOI020	1064	1064	2	c'	c'	_	_	_	_	_	linguistic	_	unspecified	SpaceAfter=No	_	_	_	_	_
1064-3	TOI020	1064	1064	3	è:::	è	_	_	_	_	_	linguistic	_	unspecified	_	_	0x3	_	_	_
1064-4	TOI020	1064	1064	4	ngape	ngape	_	_	_	_	_	linguistic	_	unspecified	_	_	_	_	_	_
1064-5	TOI020	1064	1064	5	lo	lo	_	_	_	_	_	linguistic	_	unspecified	_	_	_	_	_	_
1064-6	TOI020	1064	1064	6	puo:sce	puosce	_	_	_	_	_	linguistic	_	unspecified	_	_	2x1	_	_	_
1064-7	TOI020	1064	1064	7	ngape	ngape	_	_	_	_	_	linguistic	_	unspecified	_	_	_	_	_	_
1064-8	TOI020	1064	1064	8	l'	l'	_	_	_	_	_	linguistic	_	unspecified	SpaceAfter=No	_	_	_	_	_
1064-9	TOI020	1064	1064	9	a:nge	ange	_	_	_	_	_	linguistic	_	unspecified	_	_	0x1	_	_	_
1064-10	TOI020	1064	1064	10	c(io)è	cioè	_	_	_	_	_	linguistic	_	unspecified	Reduced=Yes	_	_	_	_	_
1064-11	TOI020	1064	1064	11	c'	c'	_	_	_	_	_	linguistic	_	unspecified	SpaceAfter=No	_	_	_	_	_
1064-12	TOI020	1064	1064	12	è:	è	_	_	_	_	_	linguistic	_	unspecified	_	_	0x1	_	_	_
1064-13	TOI020	1064	1064	13	t[utto,	tutto	_	_	_	_	_	linguistic	_	unspecified	Intonation=WeaklyRising	_	_	_	_	0-5(24)
1064-14	TOI020	1064	1064	14	ab]biamo	abbiamo	_	_	_	_	_	linguistic	_	unspecified	_	_	_	_	_	_
1064-15	TOI020	1064	1064	15	tutti	tutti	_	_	_	_	_	linguistic	_	unspecified	_	_	_	_	_	_
1064-16	TOI020	1064	1064	16	i	i	_	_	_	_	_	linguistic	_	unspecified	_	_	_	_	_	_
1064-17	TOI020	1064	1064	17	quartieri.	quartieri	_	_	_	_	_	linguistic	_	unspecified	Intonation=Falling	_	_	_	_	_
1064-18	TOI020	1064	1064	18	e	e	_	_	_	_	_	linguistic	_	unspecified	_	_	_	_	_	_
1064-19	TOI020	1064	1064	19	nel	nel	_	_	_	_	_	linguistic	_	unspecified	_	_	_	_	_	_
1064-20	TOI020	1064	1064	20	nostro	nostro	_	_	_	_	_	linguistic	_	unspecified	_	_	_	_	_	_
1064-21	TOI020	1064	1064	21	paese	paese	_	_	_	_	_	linguistic	_	unspecified	_	_	_	_	_	_
1064-22	TOI020	1064	1064	22	le	le	_	_	_	_	_	linguistic	_	unspecified	_	_	_	_	_	_
1064-23	TOI020	1064	1064	23	famiglie	famiglie	_	_	_	_	_	linguistic	_	unspecified	_	End=3001.607	_	_	_	_
1065-0	TOR004	1065	1065	0	[tutti	tutti	_	_	_	_	_	linguistic	_	none	_	Begin=2997.264	_	_	_	0-5(24)
1065-1	TOR004	1065	1065	1	i	i	_	_	_	_	_	linguistic	_	none	_	_	_	_	_	0-1(24)
1065-2	TOR004	1065	1065	2	quartieri].	quartieri	_	_	_	_	_	linguistic	_	none	Intonation=Falling	End=2998.122	_	_	_	0-9(24)
1066-0	TOI020	1066	1066	0	si:	si	_	_	_	_	_	linguistic	_	none	_	Begin=3002.054	1x1	_	_	_
1066-1	TOI020	1066	1066	1	eh	eh	_	_	_	_	_	linguistic	_	none	_	_	_	_	_	_
1066-2	TOI020	1066	1066	2	riconoscono	riconoscono	_	_	_	_	_	linguistic	_	none	_	_	_	_	_	_
1066-3	TOI020	1066	1066	3	dai	dai	_	_	_	_	_	linguistic	_	none	_	_	_	_	_	_
1066-4	TOI020	1066	1066	4	soprannomi.	soprannomi	_	_	_	_	_	linguistic	_	none	Intonation=Falling	End=3004.57	_	_	_	_
1067-0	TOR004	1067	1067	0	sì	sì	_	_	_	_	_	linguistic	_	none	_	Begin=3004.751	_	_	_	_
1067-1	TOR004	1067	1067	1	dalla	dalla	_	_	_	_	_	linguistic	_	none	_	_	_	_	_	_
1067-2	TOR004	1067	1067	2	stir[pe].	stirpe	_	_	_	_	_	linguistic	_	none	Intonation=Falling	End=3005.989	_	_	_	4-6(93)
1068-0	TOI020	1068	1068	0	[dalla]	dalla	_	_	_	_	_	linguistic	_	none	_	Begin=3005.651	_	_	_	0-5(93)
1068-1	TOI020	1068	1068	1	stirpe,	stirpe	_	_	_	_	_	linguistic	_	none	Intonation=WeaklyRising	_	_	_	_	_
1068-2	TOI020	1068	1068	2	°e:h°	eh	_	_	_	_	_	linguistic	_	none	Volume=low	_	0x1	_	_	_
1068-3	TOI020	1068	1068	3	ma	ma	_	_	_	_	_	linguistic	_	none	_	_	_	_	_	_
1068-4	TOI020	1068	1068	4	co~	co~	_	_	_	_	_	linguistic	_	none	Interrupted=Yes	_	_	_	_	_
1068-5	TOI020	1068	1068	5	b~	b~	_	_	_	_	_	linguistic	_	none	Interrupted=Yes	_	_	_	_	_
1068-6	TOI020	1068	1068	6	e:h	eh	_	_	_	_	_	linguistic	_	none	_	_	0x1	_	_	_
1068-7	TOI020	1068	1068	7	ci	ci	_	_	_	_	_	linguistic	_	none	_	_	_	_	_	_
1068-8	TOI020	1068	1068	8	sono	sono	_	_	_	_	_	linguistic	_	none	_	_	_	_	_	_
1068-9	TOI020	1068	1068	9	per	per	_	_	_	_	_	linguistic	_	none	_	_	_	_	_	_
1068-10	TOI020	1068	1068	10	dire	dire	_	_	_	_	_	linguistic	_	none	_	_	_	_	_	_
1068-11	TOI020	1068	1068	11	io	io	_	_	_	_	_	linguistic	_	none	_	_	_	_	_	_
1068-12	TOI020	1068	1068	12	sono	sono	_	_	_	_	_	linguistic	_	none	_	_	_	_	_	_
1068-13	TOI020	1068	1068	13	arancion[i]	arancioni	_	_	_	_	_	linguistic	_	none	_	End=3010.764	_	_	_	8-9(27)
1069-0	TOR004	1069	1069	0	[sì]	sì	_	_	_	_	_	linguistic	_	none	_	Begin=3010.528|End=3010.827	_	_	_	0-2(27)
1070-0	TOI020	1070	1070	0	ma	ma	_	_	_	_	_	linguistic	_	unspecified	_	Begin=3011.108	_	_	_	_
1070-1	TOI020	1070	1070	1	la	la	_	_	_	_	_	linguistic	_	unspecified	_	_	_	_	_	_
1070-2	TOI020	1070	1070	2	mia	mia	_	_	_	_	_	linguistic	_	unspecified	_	_	_	_	_	_
1070-3	TOI020	1070	1070	3	stirpe	stirpe	_	_	_	_	_	linguistic	_	unspecified	_	_	_	_	_	_
1070-4	TOI020	1070	1070	4	si	si	_	_	_	_	_	linguistic	_	unspecified	_	_	_	_	_	_
1070-5	TOI020	1070	1070	5	chiama	chiama	_	_	_	_	_	linguistic	_	unspecified	_	_	_	_	_	_
1070-6	TOI020	1070	1070	6	gliere.	gliere	_	_	_	_	_	linguistic	_	unspecified	Intonation=Falling	End=3013.493	_	_	_	_
1071-0	TOI020	1071	1071	0	e	e	_	_	_	_	_	linguistic	_	unspecified	_	Begin=3013.7	_	_	_	_
1071-1	TOI020	1071	1071	1	quindi	quindi	_	_	_	_	_	linguistic	_	unspecified	_	_	_	_	_	_
1071-2	TOI020	1071	1071	2	siamo	siamo	_	_	_	_	_	linguistic	_	unspecified	_	_	_	_	_	_
1071-3	TOI020	1071	1071	3	tutti,	tutti	_	_	_	_	_	linguistic	_	unspecified	Intonation=WeaklyRising	_	_	_	_	_
1071-4	TOI020	1071	1071	4	gliere.	gliere	_	_	_	_	_	linguistic	_	unspecified	Intonation=Falling	End=3015.621	_	_	_	_
1072-0	TOI020	1072	1072	0	l'	l'	_	_	_	_	_	linguistic	_	none	SpaceAfter=No	Begin=3016.193	_	_	_	_
1072-1	TOI020	1072	1072	1	altr~	altr~	_	_	_	_	_	linguistic	_	none	Interrupted=Yes	_	_	_	_	_
1072-2	TOI020	1072	1072	2	c'	c'	_	_	_	_	_	linguistic	_	none	SpaceAfter=No	_	_	_	_	_
1072-3	TOI020	1072	1072	3	è	è	_	_	_	_	_	linguistic	_	none	_	_	_	_	_	_
1072-4	TOI020	1072	1072	4	un	un	_	_	_	_	_	linguistic	_	none	_	_	_	_	_	_
1072-5	TOI020	1072	1072	5	altro	altro	_	_	_	_	_	linguistic	_	none	_	_	_	_	_	_
1072-6	TOI020	1072	1072	6	arancioni	arancioni	_	_	_	_	_	linguistic	_	none	_	_	_	_	_	_
1072-7	TOI020	1072	1072	7	che	che	_	_	_	_	_	linguistic	_	none	_	_	_	_	_	_
1072-8	TOI020	1072	1072	8	si	si	_	_	_	_	_	linguistic	_	none	_	_	_	_	_	_
1072-9	TOI020	1072	1072	9	chiama	chiama	_	_	_	_	_	linguistic	_	none	_	End=3019.295	_	_	_	_
1073-0	TOI020	1073	1073	0	e::h	eh	_	_	_	_	_	linguistic	_	unspecified	_	Begin=3019.81	0x2	_	_	_
1073-1	TOI020	1073	1073	1	musse	musse	_	_	_	_	_	linguistic	_	unspecified	_	_	_	_	_	_
1073-2	TOI020	1073	1073	2	luonge	luonge	_	_	_	_	_	linguistic	_	unspecified	_	End=3021.674	_	_	_	_
1074-0	TOR004	1074	1074	0	cioè	cioè	_	_	_	_	_	linguistic	_	none	_	Begin=3022.094	_	_	_	_
1074-1	TOR004	1074	1074	1	muso	muso	_	_	_	_	_	linguistic	_	none	_	_	_	_	_	_
1074-2	TOR004	1074	1074	2	lun[go]?	lungo	_	_	_	_	_	linguistic	_	none	Intonation=Rising	End=3023.0	_	_	_	3-5(28)
1075-0	TOI020	1075	1075	0	[mus]o	muso	_	_	_	_	_	linguistic	_	unspecified	_	Begin=3022.724	_	_	_	0-3(28)
1075-1	TOI020	1075	1075	1	lungo	lungo	_	_	_	_	_	linguistic	_	unspecified	_	_	_	_	_	_
1075-2	TOI020	1075	1075	2	perché	perché	_	_	_	_	_	linguistic	_	unspecified	_	_	_	_	_	_
1075-3	TOI020	1075	1075	3	noi	noi	_	_	_	_	_	linguistic	_	unspecified	_	_	_	_	_	_
1075-4	TOI020	1075	1075	4	gli~	gli~	_	_	_	_	_	linguistic	_	unspecified	Interrupted=Yes	_	_	_	_	_
1075-5	TOI020	1075	1075	5	gliere	gliere	_	_	_	_	_	linguistic	_	unspecified	_	_	_	_	_	_
1075-6	TOI020	1075	1075	6	pe(r)ché	perché	_	_	_	_	_	linguistic	_	unspecified	Reduced=Yes	_	_	_	_	_
1075-7	TOI020	1075	1075	7	c'	c'	_	_	_	_	_	linguistic	_	unspecified	SpaceAfter=No	_	_	_	_	_
1075-8	TOI020	1075	1075	8	era	era	_	_	_	_	_	linguistic	_	unspecified	_	_	_	_	_	_
1075-9	TOI020	1075	1075	9	(un)	un	_	_	_	_	_	linguistic	_	unspecified	_	_	_	_	0-2(0)	_
1075-10	TOI020	1075	1075	10	ghiro.	ghiro	_	_	_	_	_	linguistic	_	unspecified	Intonation=Falling	End=3026.598	_	_	_	_
1076-0	TOR004	1076	1076	0	ah	ah	_	_	_	_	_	linguistic	_	none	_	Begin=3026.841|End=3027.281	_	_	_	_
1077-0	TOI020	1077	1077	0	mh	mh	_	_	_	_	_	linguistic	_	none	_	Begin=3027.281	_	_	_	_
1077-1	TOI020	1077	1077	1	qualcuno	qualcuno	_	_	_	_	_	linguistic	_	none	_	_	_	_	_	_
1077-2	TOI020	1077	1077	2	che	che	_	_	_	_	_	linguistic	_	none	_	_	_	_	_	_
1077-3	TOI020	1077	1077	3	dove~	dove~	_	_	_	_	_	linguistic	_	none	Interrupted=Yes	_	_	_	_	_
1077-4	TOI020	1077	1077	4	ave~	ave~	_	_	_	_	_	linguistic	_	none	Interrupted=Yes	End=3028.757	_	_	_	_
1078-0	TOI020	1078	1078	0	l'	l'	_	_	_	_	_	linguistic	_	none	SpaceAfter=No	Begin=3029.032	_	_	_	_
1078-1	TOI020	1078	1078	1	hanno	hanno	_	_	_	_	_	linguistic	_	none	_	_	_	_	_	_
1078-2	TOI020	1078	1078	2	trovato	trovato	_	_	_	_	_	linguistic	_	none	_	_	_	_	_	_
1078-3	TOI020	1078	1078	3	che	che	_	_	_	_	_	linguistic	_	none	_	_	_	_	_	_
1078-4	TOI020	1078	1078	4	dormi:va	dormiva	_	_	_	_	_	linguistic	_	none	_	_	4x1	_	_	_
1078-5	TOI020	1078	1078	5	[avrà	avrà	_	_	_	_	_	linguistic	_	none	_	_	_	_	_	0-4(29)
1078-6	TOI020	1078	1078	6	dormito]	dormito	_	_	_	_	_	linguistic	_	none	_	_	_	_	_	0-7(29)
1078-7	TOI020	1078	1078	7	per	per	_	_	_	_	_	linguistic	_	none	_	_	_	_	_	_
1078-8	TOI020	1078	1078	8	un	un	_	_	_	_	_	linguistic	_	none	_	_	_	_	_	_
1078-9	TOI020	1078	1078	9	sacco	sacco	_	_	_	_	_	linguistic	_	none	_	_	_	_	_	_
1078-10	TOI020	1078	1078	10	di	di	_	_	_	_	_	linguistic	_	none	_	_	_	_	_	_
1078-11	TOI020	1078	1078	11	tempo	tempo	_	_	_	_	_	linguistic	_	none	_	_	_	_	_	_
1078-12	TOI020	1078	1078	12	quindi	quindi	_	_	_	_	_	linguistic	_	none	_	_	_	_	_	_
1078-13	TOI020	1078	1078	13	noi	noi	_	_	_	_	_	linguistic	_	none	_	End=3033.471	_	_	_	_
1079-0	TOR004	1079	1079	0	[pensa	pensa	_	_	_	_	_	linguistic	_	none	_	Begin=3030.679	_	_	_	0-5(29)
1079-1	TOR004	1079	1079	1	te:]	te	_	_	_	_	_	linguistic	_	none	_	End=3031.573	1x1	_	_	0-2(29)
1080-0	TOI020	1080	1080	0	abbiamo	abbiamo	_	_	_	_	_	linguistic	_	none	_	Begin=3033.828	_	_	_	_
1080-1	TOI020	1080	1080	1	preso	preso	_	_	_	_	_	linguistic	_	none	PauseAfter=Yes	_	_	_	_	_
1080-2	TOI020	1080	1080	2	(.)	(.)	_	_	_	_	_	shortpause	_	none	_	_	_	_	_	_
1080-3	TOI020	1080	1080	3	quella	quella	_	_	_	_	_	linguistic	_	none	_	_	_	_	_	_
1080-4	TOI020	1080	1080	4	roba	roba	_	_	_	_	_	linguistic	_	none	_	_	_	_	_	_
1080-5	TOI020	1080	1080	5	lì.	lì	_	_	_	_	_	linguistic	_	none	Intonation=Falling	End=3035.712	_	_	_	_
1081-0	TOI020	1081	1081	0	però	però	_	_	_	_	_	linguistic	_	unspecified	_	Begin=3036.207	_	_	_	_
1081-1	TOI020	1081	1081	1	della	della	_	_	_	_	_	linguistic	_	unspecified	_	_	_	_	_	_
1081-2	TOI020	1081	1081	2	stesso	stesso	_	_	_	_	_	linguistic	_	unspecified	_	_	_	_	_	_
1081-3	TOI020	1081	1081	3	cognome	cognome	_	_	_	_	_	linguistic	_	unspecified	_	_	_	_	_	_
1081-4	TOI020	1081	1081	4	c'	c'	_	_	_	_	_	linguistic	_	unspecified	SpaceAfter=No	_	_	_	_	_
1081-5	TOI020	1081	1081	5	è	è	_	_	_	_	_	linguistic	_	unspecified	_	_	_	_	_	_
1081-6	TOI020	1081	1081	6	l'	l'	_	_	_	_	_	linguistic	_	unspecified	SpaceAfter=No	_	_	_	_	_
1081-7	TOI020	1081	1081	7	altra	altra	_	_	_	_	_	linguistic	_	unspecified	_	_	_	_	_	_
1081-8	TOI020	1081	1081	8	stirpe	stirpe	_	_	_	_	_	linguistic	_	unspecified	_	_	_	_	_	_
1081-9	TOI020	1081	1081	9	che	che	_	_	_	_	_	linguistic	_	unspecified	_	_	_	_	_	_
1081-10	TOI020	1081	1081	10	si	si	_	_	_	_	_	linguistic	_	unspecified	_	_	_	_	_	_
1081-11	TOI020	1081	1081	11	chiama	chiama	_	_	_	_	_	linguistic	_	unspecified	_	_	_	_	_	_
1081-12	TOI020	1081	1081	12	musse	musse	_	_	_	_	_	linguistic	_	unspecified	_	_	_	_	_	_
1081-13	TOI020	1081	1081	13	luonge	luonge	_	_	_	_	_	linguistic	_	unspecified	_	End=3040.24	_	_	_	_
1082-0	TOI020	1082	1082	0	c'	c'	_	_	_	_	_	linguistic	_	none	SpaceAfter=No	Begin=3040.683	_	_	_	_
1082-1	TOI020	1082	1082	1	è:	è	_	_	_	_	_	linguistic	_	none	_	_	0x1	_	_	_
1082-2	TOI020	1082	1082	2	l'	l'	_	_	_	_	_	linguistic	_	none	SpaceAfter=No	_	_	_	_	_
1082-3	TOI020	1082	1082	3	altra	altra	_	_	_	_	_	linguistic	_	none	_	_	_	_	_	_
1082-4	TOI020	1082	1082	4	stirpe	stirpe	_	_	_	_	_	linguistic	_	none	_	_	_	_	_	_
1082-5	TOI020	1082	1082	5	che	che	_	_	_	_	_	linguistic	_	none	_	_	_	_	_	_
1082-6	TOI020	1082	1082	6	si	si	_	_	_	_	_	linguistic	_	none	_	_	_	_	_	_
1082-7	TOI020	1082	1082	7	chiama:	chiama	_	_	_	_	_	linguistic	_	none	_	End=3043.05	5x1	_	_	_
1083-0	TOI020	1083	1083	0	°mh	mh	_	_	_	_	_	linguistic	_	none	ProsodicLink=Yes|Volume=low	Begin=3043.544	_	_	_	_
1083-1	TOI020	1083	1083	1	e::h	eh	_	_	_	_	_	linguistic	_	none	Volume=low	_	0x2	_	_	_
1083-2	TOI020	1083	1083	2	mh	mh	_	_	_	_	_	linguistic	_	none	Volume=low	_	_	_	_	_
1083-3	TOI020	1083	1083	3	mh	mh	_	_	_	_	_	linguistic	_	none	Volume=low	_	_	_	_	_
1083-4	TOI020	1083	1083	4	mh	mh	_	_	_	_	_	linguistic	_	none	Volume=low	_	_	_	_	_
1083-5	TOI020	1083	1083	5	adesso	adesso	_	_	_	_	_	linguistic	_	none	Volume=low	_	_	_	_	_
1083-6	TOI020	1083	1083	6	non	non	_	_	_	_	_	linguistic	_	none	Volume=low	_	_	_	_	_
1083-7	TOI020	1083	1083	7	mi	mi	_	_	_	_	_	linguistic	_	none	Volume=low	_	_	_	_	_
1083-8	TOI020	1083	1083	8	ricordo.°	ricordo	_	_	_	_	_	linguistic	_	none	Intonation=Falling|Volume=low	_	_	_	_	_
1083-9	TOI020	1083	1083	9	perché	perché	_	_	_	_	_	linguistic	_	none	_	_	_	_	_	_
1083-10	TOI020	1083	1083	10	ho	ho	_	_	_	_	_	linguistic	_	none	_	_	_	_	_	_
1083-11	TOI020	1083	1083	11	un	un	_	_	_	_	_	linguistic	_	none	_	_	_	_	_	_
1083-12	TOI020	1083	1083	12	fratello	fratello	_	_	_	_	_	linguistic	_	none	_	_	_	_	_	_
1083-13	TOI020	1083	1083	13	di	di	_	_	_	_	_	linguistic	_	none	_	_	_	_	_	_
1083-14	TOI020	1083	1083	14	latte,	latte	_	_	_	_	_	linguistic	_	none	Intonation=WeaklyRising	End=3048.967	_	_	_	_
1084-0	TOI020	1084	1084	0	perché	perché	_	_	_	_	_	linguistic	_	none	_	Begin=3049.552	_	_	_	_
1084-1	TOI020	1084	1084	1	una	una	_	_	_	_	_	linguistic	_	none	_	_	_	_	_	_
1084-2	TOI020	1084	1084	2	volta	volta	_	_	_	_	_	linguistic	_	none	_	_	_	_	_	_
1084-3	TOI020	1084	1084	3	le	le	_	_	_	_	_	linguistic	_	none	_	_	_	_	_	_
1084-4	TOI020	1084	1084	4	donne	donne	_	_	_	_	_	linguistic	_	none	_	_	_	_	_	_
1084-5	TOI020	1084	1084	5	d[avano:	davano	_	_	_	_	_	linguistic	_	none	_	_	5x1	_	_	1-6(30)
1084-6	TOI020	1084	1084	6	alla~]	alla~	_	_	_	_	_	linguistic	_	none	Interrupted=Yes	_	_	_	_	0-5(30)
1084-7	TOI020	1084	1084	7	mia	mia	_	_	_	_	_	linguistic	_	none	_	_	_	_	_	_
1084-8	TOI020	1084	1084	8	mamma	mamma	_	_	_	_	_	linguistic	_	none	_	_	_	_	_	_
1084-9	TOI020	1084	1084	9	che	che	_	_	_	_	_	linguistic	_	none	_	_	_	_	_	_
1084-10	TOI020	1084	1084	10	aveva	aveva	_	_	_	_	_	linguistic	_	none	_	_	_	_	_	_
1084-11	TOI020	1084	1084	11	perso	perso	_	_	_	_	_	linguistic	_	none	_	_	_	_	_	_
1084-12	TOI020	1084	1084	12	il	il	_	_	_	_	_	linguistic	_	none	_	_	_	_	_	_
1084-13	TOI020	1084	1084	13	figlio	figlio	_	_	_	_	_	linguistic	_	none	_	End=3054.594	_	_	_	_
1085-0	TOR004	1085	1085	0	[allattavano].	allattavano	_	_	_	_	_	linguistic	_	none	Intonation=Falling	Begin=3051.317|End=3052.152	_	_	_	0-11(30)
1086-0	TOR004	1086	1086	0	oh	oh	_	_	_	_	_	linguistic	_	none	_	Begin=3054.695	_	_	_	_
1086-1	TOR004	1086	1086	1	ma[don(na)]	madonna	_	_	_	_	_	linguistic	_	none	_	End=3055.154	_	_	5-7(0)	2-7(31)
1087-0	TOI020	1087	1087	0	[av]eva	aveva	_	_	_	_	_	linguistic	_	none	_	Begin=3054.939	_	_	_	0-2(31)
1087-1	TOI020	1087	1087	1	il	il	_	_	_	_	_	linguistic	_	none	_	_	_	_	_	_
1087-2	TOI020	1087	1087	2	latte,	latte	_	_	_	_	_	linguistic	_	none	Intonation=WeaklyRising	_	_	_	_	_
1087-3	TOI020	1087	1087	3	e	e	_	_	_	_	_	linguistic	_	none	_	_	_	_	_	_
1087-4	TOI020	1087	1087	4	quindi	quindi	_	_	_	_	_	linguistic	_	none	_	_	_	_	_	_
1087-5	TOI020	1087	1087	5	ha	ha	_	_	_	_	_	linguistic	_	none	_	_	_	_	_	_
1087-6	TOI020	1087	1087	6	dato	dato	_	_	_	_	_	linguistic	_	none	_	_	_	_	_	_
1087-7	TOI020	1087	1087	7	il	il	_	_	_	_	_	linguistic	_	none	_	_	_	_	_	_
1087-8	TOI020	1087	1087	8	latte	latte	_	_	_	_	_	linguistic	_	none	_	End=3057.546	_	_	_	_
1088-0	TOI020	1088	1088	0	a	a	_	_	_	_	_	linguistic	_	none	_	Begin=3057.858	_	_	_	_
1088-1	TOI020	1088	1088	1	un	un	_	_	_	_	_	linguistic	_	none	_	_	_	_	_	_
1088-2	TOI020	1088	1088	2	altr[o::	altro	_	_	_	_	_	linguistic	_	none	_	_	4x2	_	_	4-5(32)
1088-3	TOI020	1088	1088	3	bam]bino,	bambino	_	_	_	_	_	linguistic	_	none	Intonation=WeaklyRising	End=3060.102	_	_	_	0-3(32)
1089-0	TOR004	1089	1089	0	[a	a	_	_	_	_	_	linguistic	_	none	_	Begin=3058.721	_	_	_	0-1(32)
1089-1	TOR004	1089	1089	1	un	un	_	_	_	_	_	linguistic	_	none	_	_	_	_	_	0-2(32)
1089-2	TOR004	1089	1089	2	altro	altro	_	_	_	_	_	linguistic	_	none	_	_	_	_	_	0-5(32)
1089-3	TOR004	1089	1089	3	bambino].	bambino	_	_	_	_	_	linguistic	_	none	Intonation=Falling	End=3059.647	_	_	_	0-7(32)
1090-0	TOI020	1090	1090	0	e::	e	_	_	_	_	_	linguistic	_	none	ProsodicLink=Yes	Begin=3060.52	0x2	_	_	_
1090-1	TOI020	1090	1090	1	mh	mh	_	_	_	_	_	linguistic	_	none	_	End=3061.704	_	_	_	_
1091-0	TOR004	1091	1091	0	e	e	_	_	_	_	_	linguistic	_	none	_	Begin=3062.017	_	_	_	_
1091-1	TOR004	1091	1091	1	qu[indi	quindi	_	_	_	_	_	linguistic	_	none	_	_	_	_	_	2-6(33)
1091-2	TOR004	1091	1091	2	è	è	_	_	_	_	_	linguistic	_	none	_	_	_	_	_	0-1(33)
1091-3	TOR004	1091	1091	3	tuo	tuo	_	_	_	_	_	linguistic	_	none	_	_	_	_	_	0-3(33)
1091-4	TOR004	1091	1091	4	fratello].	fratello	_	_	_	_	_	linguistic	_	none	Intonation=Falling	End=3063.093	_	_	_	0-8(33)
1092-0	TOI020	1092	1092	0	[e	e	_	_	_	_	_	linguistic	_	none	_	Begin=3062.206	_	_	_	0-1(33)
1092-1	TOI020	1092	1092	1	quindi	quindi	_	_	_	_	_	linguistic	_	none	_	_	_	_	_	0-6(33)
1092-2	TOI020	1092	1092	2	ho:]	ho	_	_	_	_	_	linguistic	_	none	_	_	1x1	_	_	0-2(33)
1092-3	TOI020	1092	1092	3	>un	un	_	_	_	_	_	linguistic	_	none	_	_	_	Fast=0-2(0)	_	_
1092-4	TOI020	1092	1092	4	frat~	frat~	_	_	_	_	_	linguistic	_	none	Interrupted=Yes	_	_	Fast=0-5(0)	_	_
1092-5	TOI020	1092	1092	5	questo	questo	_	_	_	_	_	linguistic	_	none	_	_	_	Fast=0-6(0)	_	_
1092-6	TOI020	1092	1092	6	fratello	fratello	_	_	_	_	_	linguistic	_	none	_	_	_	Fast=0-8(0)	_	_
1092-7	TOI020	1092	1092	7	di	di	_	_	_	_	_	linguistic	_	none	_	_	_	Fast=0-2(0)	_	_
1092-8	TOI020	1092	1092	8	lat~<	lat~	_	_	_	_	_	linguistic	_	none	Interrupted=Yes	_	_	Fast=0-4(0)	_	_
1092-9	TOI020	1092	1092	9	che	che	_	_	_	_	_	linguistic	_	none	_	_	_	_	_	_
1092-10	TOI020	1092	1092	10	combinazione	combinazione	_	_	_	_	_	linguistic	_	none	_	_	_	_	_	_
1092-11	TOI020	1092	1092	11	si	si	_	_	_	_	_	linguistic	_	none	_	_	_	_	_	_
1092-12	TOI020	1092	1092	12	chiama	chiama	_	_	_	_	_	linguistic	_	none	_	_	_	_	_	_
1092-13	TOI020	1092	1092	13	arancioni	arancioni	_	_	_	_	_	linguistic	_	none	_	_	_	_	_	_
1092-14	TOI020	1092	1092	14	di	di	_	_	_	_	_	linguistic	_	none	_	_	_	_	_	_
1092-15	TOI020	1092	1092	15	cognome	cognome	_	_	_	_	_	linguistic	_	none	_	_	_	_	_	_
1092-16	TOI020	1092	1092	16	anche	anche	_	_	_	_	_	linguistic	_	none	_	_	_	_	_	_
1092-17	TOI020	1092	1092	17	lui,	lui	_	_	_	_	_	linguistic	_	none	Intonation=WeaklyRising	End=3067.996	_	_	_	_
1093-0	TOR004	1093	1093	0	°pens(a)°	pensa	_	_	_	_	_	linguistic	_	none	Volume=low	Begin=3067.996|End=3068.239	_	_	4-5(0)	_
1094-0	TOI020	1094	1094	0	ma	ma	_	_	_	_	_	linguistic	_	none	_	Begin=3068.239	_	_	_	_
1094-1	TOI020	1094	1094	1	è	è	_	_	_	_	_	linguistic	_	none	_	_	_	_	_	_
1094-2	TOI020	1094	1094	2	un'	un'	_	_	_	_	_	linguistic	_	none	SpaceAfter=No	_	_	_	_	_
1094-3	TOI020	1094	1094	3	altr[a::	altra	_	_	_	_	_	linguistic	_	none	_	_	4x2	_	_	3-5(35)
1094-4	TOI020	1094	1094	4	stirp]e	stirpe	_	_	_	_	_	linguistic	_	none	_	_	_	_	_	0-5(35)
1094-5	TOI020	1094	1094	5	ah.	ah	_	_	_	_	_	linguistic	_	none	Intonation=Falling	End=3070.19	_	_	_	_
1095-0	TOR004	1095	1095	0	[un'	un'	_	_	_	_	_	linguistic	_	none	SpaceAfter=No	Begin=3069.174	_	_	_	0-3(35)
1095-1	TOR004	1095	1095	1	altra	altra	_	_	_	_	_	linguistic	_	none	_	_	_	_	_	0-5(35)
1095-2	TOR004	1095	1095	2	stirpe].	stirpe	_	_	_	_	_	linguistic	_	none	Intonation=Falling	End=3069.828	_	_	_	0-6(35)
1096-0	TOI020	1096	1096	0	e	e	_	_	_	_	_	linguistic	_	none	_	Begin=3070.676	_	_	_	_
1096-1	TOI020	1096	1096	1	questo	questo	_	_	_	_	_	linguistic	_	none	_	_	_	_	_	_
1096-2	TOI020	1096	1096	2	è:	è	_	_	_	_	_	linguistic	_	none	PauseAfter=Yes	_	0x1	_	_	_
1096-3	TOI020	1096	1096	3	(.)	(.)	_	_	_	_	_	shortpause	_	none	_	_	_	_	_	_
1096-4	TOI020	1096	1096	4	il	il	_	_	_	_	_	linguistic	_	none	_	_	_	_	_	_
1096-5	TOI020	1096	1096	5	[nostro]:	nostro	_	_	_	_	_	linguistic	_	none	_	_	5x1	_	_	0-6(36)
1096-6	TOI020	1096	1096	6	paese.	paese	_	_	_	_	_	linguistic	_	none	Intonation=Falling	End=3073.928	_	_	_	_
1097-0	TOR004	1097	1097	0	[ho	ho	_	_	_	_	_	linguistic	_	none	_	Begin=3072.535	_	_	_	0-2(36)
1097-1	TOR004	1097	1097	1	capito].	capito	_	_	_	_	_	linguistic	_	none	Intonation=Falling	End=3073.152	_	_	_	0-6(36)
1098-0	TOR004	1098	1098	0	va	va	_	_	_	_	_	linguistic	_	none	_	Begin=3073.965	_	_	_	_
1098-1	TOR004	1098	1098	1	bene.	bene	_	_	_	_	_	linguistic	_	none	Intonation=Falling	_	_	_	_	_
1098-2	TOR004	1098	1098	2	grazie	grazie	_	_	_	_	_	linguistic	_	none	_	_	_	_	_	_
1098-3	TOR004	1098	1098	3	per	per	_	_	_	_	_	linguistic	_	none	_	_	_	_	_	_
1098-4	TOR004	1098	1098	4	questa	questa	_	_	_	_	_	linguistic	_	none	_	_	_	_	_	_
1098-5	TOR004	1098	1098	5	intervista,	intervista	_	_	_	_	_	linguistic	_	none	Intonation=WeaklyRising	End=3076.377	_	_	_	_
1099-0	TOR004	1099	1099	0	e::	e	_	_	_	_	_	linguistic	_	none	PauseAfter=Yes	Begin=3076.552	0x2	_	_	_
1099-1	TOR004	1099	1099	1	(.)	(.)	_	_	_	_	_	shortpause	_	none	_	_	_	_	_	_
1099-2	TOR004	1099	1099	2	grazie	grazie	_	_	_	_	_	linguistic	_	none	_	_	_	_	_	_
1099-3	TOR004	1099	1099	3	per	per	_	_	_	_	_	linguistic	_	none	_	_	_	_	_	_
1099-4	TOR004	1099	1099	4	le	le	_	_	_	_	_	linguistic	_	none	_	_	_	_	_	_
1099-5	TOR004	1099	1099	5	cose	cose	_	_	_	_	_	linguistic	_	none	_	_	_	_	_	_
1099-6	TOR004	1099	1099	6	che	che	_	_	_	_	_	linguistic	_	none	_	_	_	_	_	_
1099-7	TOR004	1099	1099	7	mi	mi	_	_	_	_	_	linguistic	_	none	_	_	_	_	_	_
1099-8	TOR004	1099	1099	8	hai	hai	_	_	_	_	_	linguistic	_	none	_	_	_	_	_	_
1099-9	TOR004	1099	1099	9	raccontato.	raccontato	_	_	_	_	_	linguistic	_	none	Intonation=Falling	End=3079.241	_	_	_	_
1100-0	TOI020	1100	1100	0	pergo	pergo	_	_	_	_	_	linguistic	_	none	_	Begin=3079.281|End=3079.666	_	_	_	_
