token_id	speaker	tu_id	unit	id	span	form	lemma	upos	xpos	feats	deprel	type	meta_label	variation	jefferson_feats	align	prolongations	pace	guesses	overlaps
0-0	TO055	0	0	0	so	so	_	_	_	_	_	linguistic	_	none	_	Begin=0.69	_	_	_	_
0-1	TO055	0	0	1	che	che	_	_	_	_	_	linguistic	_	none	_	_	_	_	_	_
0-2	TO055	0	0	2	hai	hai	_	_	_	_	_	linguistic	_	none	_	_	_	_	_	_
0-3	TO055	0	0	3	partecipato	partecipato	_	_	_	_	_	linguistic	_	none	_	_	_	_	_	_
0-4	TO055	0	0	4	a	a	_	_	_	_	_	linguistic	_	none	_	_	_	_	_	_
0-5	TO055	0	0	5	un	un	_	_	_	_	_	linguistic	_	none	_	_	_	_	_	_
0-6	TO055	0	0	6	progetto	progetto	_	_	_	_	_	linguistic	_	none	_	_	_	_	_	_
0-7	TO055	0	0	7	erasmus.	erasmus	_	_	_	_	_	linguistic	_	none	Intonation=Falling	End=3.094	_	_	_	_
1-0	TO055	1	1	0	dove	dove	_	_	_	_	_	linguistic	_	none	_	Begin=3.47	_	_	_	_
1-1	TO055	1	1	1	sei	sei	_	_	_	_	_	linguistic	_	none	_	_	_	_	_	_
1-2	TO055	1	1	2	andata,	andata	_	_	_	_	_	linguistic	_	none	Intonation=WeaklyRising	_	_	_	_	_
1-3	TO055	1	1	3	come	come	_	_	_	_	_	linguistic	_	none	_	_	_	_	_	_
1-4	TO055	1	1	4	ti	ti	_	_	_	_	_	linguistic	_	none	_	_	_	_	_	_
1-5	TO055	1	1	5	sei	sei	_	_	_	_	_	linguistic	_	none	_	_	_	_	_	_
1-6	TO055	1	1	6	trovata,	trovata	_	_	_	_	_	linguistic	_	none	Intonation=WeaklyRising	End=6.11	_	_	_	_
2-0	TO041	2	2	0	okay.	okay	_	_	_	_	_	linguistic	_	none	Intonation=Falling	Begin=7.0|End=7.602	_	_	_	_
3-0	TO041	3	3	0	allora	allora	_	_	_	_	_	linguistic	_	none	_	Begin=7.721	_	_	_	_
3-1	TO041	3	3	1	io	io	_	_	_	_	_	linguistic	_	none	_	_	_	_	_	_
3-2	TO041	3	3	2	sono::	sono	_	_	_	_	_	linguistic	_	none	_	_	3x2	_	_	_
3-3	TO041	3	3	3	andata	andata	_	_	_	_	_	linguistic	_	none	_	_	_	_	_	_
3-4	TO041	3	3	4	in	in	_	_	_	_	_	linguistic	_	none	_	_	_	_	_	_
3-5	TO041	3	3	5	finlandia,	finlandia	_	_	_	_	_	linguistic	_	none	Intonation=WeaklyRising	End=10.703	_	_	_	_
4-0	TO041	4	4	0	sono	sono	_	_	_	_	_	linguistic	_	none	_	Begin=10.972	_	_	_	_
4-1	TO041	4	4	1	partita	partita	_	_	_	_	_	linguistic	_	none	_	_	_	_	_	_
4-2	TO041	4	4	2	lo	lo	_	_	_	_	_	linguistic	_	none	_	_	_	_	_	_
4-3	TO041	4	4	3	scorso	scorso	_	_	_	_	_	linguistic	_	none	_	_	_	_	_	_
4-4	TO041	4	4	4	agosto	agosto	_	_	_	_	_	linguistic	_	none	_	_	_	_	_	_
4-5	TO041	4	4	5	e	e	_	_	_	_	_	linguistic	_	none	_	_	_	_	_	_
4-6	TO041	4	4	6	sono	sono	_	_	_	_	_	linguistic	_	none	_	_	_	_	_	_
4-7	TO041	4	4	7	tornata	tornata	_	_	_	_	_	linguistic	_	none	PauseAfter=Yes	_	_	_	_	_
4-8	TO041	4	4	8	(.)	(.)	_	_	_	_	_	shortpause	_	none	_	_	_	_	_	_
4-9	TO041	4	4	9	poco	poco	_	_	_	_	_	linguistic	_	none	_	_	_	_	_	_
4-10	TO041	4	4	10	prima	prima	_	_	_	_	_	linguistic	_	none	_	_	_	_	_	_
4-11	TO041	4	4	11	di	di	_	_	_	_	_	linguistic	_	none	_	_	_	_	_	_
4-12	TO041	4	4	12	natale,	natale	_	_	_	_	_	linguistic	_	none	Intonation=WeaklyRising	End=15.173	_	_	_	_
5-0	TO041	5	5	0	quindi	quindi	_	_	_	_	_	linguistic	_	none	_	Begin=15.59	_	_	_	_
5-1	TO041	5	5	1	diciamo	diciamo	_	_	_	_	_	linguistic	_	none	_	_	_	_	_	_
5-2	TO041	5	5	2	che	che	_	_	_	_	_	linguistic	_	none	_	_	_	_	_	_
5-3	TO041	5	5	3	sono	sono	_	_	_	_	_	linguistic	_	none	_	_	_	_	_	_
5-4	TO041	5	5	4	stata	stata	_	_	_	_	_	linguistic	_	none	_	_	_	_	_	_
5-5	TO041	5	5	5	circa	circa	_	_	_	_	_	linguistic	_	none	_	_	_	_	_	_
5-6	TO041	5	5	6	cinque	cinque	_	_	_	_	_	linguistic	_	none	_	_	_	_	_	_
5-7	TO041	5	5	7	mesi,	mesi	_	_	_	_	_	linguistic	_	none	Intonation=WeaklyRising	End=18.12	_	_	_	_
6-0	TO041	6	6	0	e::	e	_	_	_	_	_	linguistic	_	none	_	Begin=18.219	0x2	_	_	_
6-1	TO041	6	6	1	credo	credo	_	_	_	_	_	linguistic	_	none	_	_	_	_	_	_
6-2	TO041	6	6	2	che:	che	_	_	_	_	_	linguistic	_	none	_	_	2x1	_	_	_
6-3	TO041	6	6	3	sia	sia	_	_	_	_	_	linguistic	_	none	_	_	_	_	_	_
6-4	TO041	6	6	4	una	una	_	_	_	_	_	linguistic	_	none	_	_	_	_	_	_
6-5	TO041	6	6	5	delle	delle	_	_	_	_	_	linguistic	_	none	_	_	_	_	_	_
6-6	TO041	6	6	6	esperienze	esperienze	_	_	_	_	_	linguistic	_	none	_	_	_	_	_	_
6-7	TO041	6	6	7	più:	più	_	_	_	_	_	linguistic	_	none	_	_	2x1	_	_	_
6-8	TO041	6	6	8	significative	significative	_	_	_	_	_	linguistic	_	none	_	_	_	_	_	_
6-9	TO041	6	6	9	che	che	_	_	_	_	_	linguistic	_	none	_	_	_	_	_	_
6-10	TO041	6	6	10	io	io	_	_	_	_	_	linguistic	_	none	_	_	_	_	_	_
6-11	TO041	6	6	11	abbia	abbia	_	_	_	_	_	linguistic	_	none	_	_	_	_	_	_
6-12	TO041	6	6	12	mai	mai	_	_	_	_	_	linguistic	_	none	_	_	_	_	_	_
6-13	TO041	6	6	13	fatto:	fatto	_	_	_	_	_	linguistic	_	none	_	_	4x1	_	_	_
6-14	TO041	6	6	14	nella	nella	_	_	_	_	_	linguistic	_	none	_	_	_	_	_	_
6-15	TO041	6	6	15	mia	mia	_	_	_	_	_	linguistic	_	none	_	_	_	_	_	_
6-16	TO041	6	6	16	vita.	vita	_	_	_	_	_	linguistic	_	none	Intonation=Falling	End=24.558	_	_	_	_
7-0	TO041	7	7	0	perché::	perché	_	_	_	_	_	linguistic	_	none	_	Begin=24.991	5x2	_	_	_
7-1	TO041	7	7	1	comunque	comunque	_	_	_	_	_	linguistic	_	none	_	_	_	_	_	_
7-2	TO041	7	7	2	anche	anche	_	_	_	_	_	linguistic	_	none	_	_	_	_	_	_
7-3	TO041	7	7	3	se	se	_	_	_	_	_	linguistic	_	none	PauseAfter=Yes	_	_	_	_	_
7-4	TO041	7	7	4	(.)	(.)	_	_	_	_	_	shortpause	_	none	_	_	_	_	_	_
7-5	TO041	7	7	5	non	non	_	_	_	_	_	linguistic	_	none	_	_	_	_	_	_
7-6	TO041	7	7	6	è	è	_	_	_	_	_	linguistic	_	none	_	_	_	_	_	_
7-7	TO041	7	7	7	stato	stato	_	_	_	_	_	linguistic	_	none	_	_	_	_	_	_
7-8	TO041	7	7	8	facile,	facile	_	_	_	_	_	linguistic	_	none	Intonation=WeaklyRising	End=28.867	_	_	_	_
8-0	TO041	8	8	0	specialmente	specialmente	_	_	_	_	_	linguistic	_	none	_	Begin=28.969	_	_	_	_
8-1	TO041	8	8	1	in	in	_	_	_	_	_	linguistic	_	none	_	_	_	_	_	_
8-2	TO041	8	8	2	alcuni	alcuni	_	_	_	_	_	linguistic	_	none	_	_	_	_	_	_
8-3	TO041	8	8	3	momenti.	momenti	_	_	_	_	_	linguistic	_	none	Intonation=Falling	End=31.09	_	_	_	_
9-0	TO041	9	9	0	all'	all'	_	_	_	_	_	linguistic	_	none	SpaceAfter=No	Begin=31.192	_	_	_	_
9-1	TO041	9	9	1	inizio.	inizio	_	_	_	_	_	linguistic	_	none	Intonation=Falling	End=32.584	_	_	_	_
10-0	TO041	10	10	0	e	e	_	_	_	_	_	linguistic	_	none	_	Begin=32.677	_	_	_	_
10-1	TO041	10	10	1	quando	quando	_	_	_	_	_	linguistic	_	none	_	_	_	_	_	_
10-2	TO041	10	10	2	ha	ha	_	_	_	_	_	linguistic	_	none	_	_	_	_	_	_
10-3	TO041	10	10	3	iniziato	iniziato	_	_	_	_	_	linguistic	_	none	_	_	_	_	_	_
10-4	TO041	10	10	4	a	a	_	_	_	_	_	linguistic	_	none	_	_	_	_	_	_
10-5	TO041	10	10	5	fare	fare	_	_	_	_	_	linguistic	_	none	_	_	_	_	_	_
10-6	TO041	10	10	6	freddissimo	freddissimo	_	_	_	_	_	linguistic	_	none	_	_	_	_	_	_
10-7	TO041	10	10	7	a	a	_	_	_	_	_	linguistic	_	none	_	_	_	_	_	_
10-8	TO041	10	10	8	nevicare	nevicare	_	_	_	_	_	linguistic	_	none	_	_	_	_	_	_
10-9	TO041	10	10	9	a	a	_	_	_	_	_	linguistic	_	none	_	_	_	_	_	_
10-10	TO041	10	10	10	essere	essere	_	_	_	_	_	linguistic	_	none	_	_	_	_	_	_
10-11	TO041	10	10	11	sempre	sempre	_	_	_	_	_	linguistic	_	none	_	_	_	_	_	_
10-12	TO041	10	10	12	buio,	buio	_	_	_	_	_	linguistic	_	none	Intonation=WeaklyRising	End=37.013	_	_	_	_
11-0	TO041	11	11	0	non	non	_	_	_	_	_	linguistic	_	none	_	Begin=37.185	_	_	_	_
11-1	TO041	11	11	1	è	è	_	_	_	_	_	linguistic	_	none	_	_	_	_	_	_
11-2	TO041	11	11	2	stata	stata	_	_	_	_	_	linguistic	_	none	_	_	_	_	_	_
11-3	TO041	11	11	3	una	una	_	_	_	_	_	linguistic	_	none	_	_	_	_	_	_
11-4	TO041	11	11	4	passeggiata.	passeggiata	_	_	_	_	_	linguistic	_	none	Intonation=Falling	End=38.812	_	_	_	_
12-0	TO041	12	12	0	però	però	_	_	_	_	_	linguistic	_	none	_	Begin=39.178	_	_	_	_
12-1	TO041	12	12	1	comunque,	comunque	_	_	_	_	_	linguistic	_	none	Intonation=WeaklyRising	End=40.25	_	_	_	_
13-0	TO041	13	13	0	è	è	_	_	_	_	_	linguistic	_	none	_	Begin=40.57	_	_	_	_
13-1	TO041	13	13	1	un'	un'	_	_	_	_	_	linguistic	_	none	SpaceAfter=No	_	_	_	_	_
13-2	TO041	13	13	2	esperienza	esperienza	_	_	_	_	_	linguistic	_	none	_	_	_	_	_	_
13-3	TO041	13	13	3	che	che	_	_	_	_	_	linguistic	_	none	_	_	_	_	_	_
13-4	TO041	13	13	4	mi	mi	_	_	_	_	_	linguistic	_	none	_	_	_	_	_	_
13-5	TO041	13	13	5	ha	ha	_	_	_	_	_	linguistic	_	none	_	_	_	_	_	_
13-6	TO041	13	13	6	dato	dato	_	_	_	_	_	linguistic	_	none	_	_	_	_	_	_
13-7	TO041	13	13	7	tanto.	tanto	_	_	_	_	_	linguistic	_	none	Intonation=Falling	End=42.743	_	_	_	_
14-0	TO041	14	14	0	infatti:	infatti	_	_	_	_	_	linguistic	_	none	_	Begin=43.216|End=44.59	6x1	_	_	_
15-0	TO041	15	15	0	io	io	_	_	_	_	_	linguistic	_	none	_	Begin=44.769	_	_	_	_
15-1	TO041	15	15	1	sono	sono	_	_	_	_	_	linguistic	_	none	_	_	_	_	_	_
15-2	TO041	15	15	2	partita	partita	_	_	_	_	_	linguistic	_	none	_	_	_	_	_	_
15-3	TO041	15	15	3	un	un	_	_	_	_	_	linguistic	_	none	_	_	_	_	_	_
15-4	TO041	15	15	4	po'	po'	_	_	_	_	_	linguistic	_	none	_	_	_	_	_	_
15-5	TO041	15	15	5	all'	all'	_	_	_	_	_	linguistic	_	none	SpaceAfter=No	_	_	_	_	_
15-6	TO041	15	15	6	avventura	avventura	_	_	_	_	_	linguistic	_	none	_	_	_	_	_	_
15-7	TO041	15	15	7	tanto:	tanto	_	_	_	_	_	linguistic	_	none	_	End=48.26	4x1	_	_	_
16-0	TO041	16	16	0	per	per	_	_	_	_	_	linguistic	_	none	_	Begin=48.726	_	_	_	_
16-1	TO041	16	16	1	provare	provare	_	_	_	_	_	linguistic	_	none	_	_	_	_	_	_
16-2	TO041	16	16	2	qualcosa	qualcosa	_	_	_	_	_	linguistic	_	none	_	_	_	_	_	_
16-3	TO041	16	16	3	di	di	_	_	_	_	_	linguistic	_	none	_	_	_	_	_	_
16-4	TO041	16	16	4	diverso:	diverso	_	_	_	_	_	linguistic	_	none	_	_	6x1	_	_	_
16-5	TO041	16	16	5	per	per	_	_	_	_	_	linguistic	_	none	_	_	_	_	_	_
16-6	TO041	16	16	6	vedere	vedere	_	_	_	_	_	linguistic	_	none	PauseAfter=Yes	_	_	_	_	_
16-7	TO041	16	16	7	(.)	(.)	_	_	_	_	_	shortpause	_	none	_	_	_	_	_	_
16-8	TO041	16	16	8	qualcosa	qualcosa	_	_	_	_	_	linguistic	_	none	_	_	_	_	_	_
16-9	TO041	16	16	9	oltre	oltre	_	_	_	_	_	linguistic	_	none	_	_	_	_	_	_
16-10	TO041	16	16	10	a	a	_	_	_	_	_	linguistic	_	none	_	_	_	_	_	_
16-11	TO041	16	16	11	torino,	torino	_	_	_	_	_	linguistic	_	none	Intonation=WeaklyRising	End=53.61	_	_	_	_
17-0	TO041	17	17	0	perché	perché	_	_	_	_	_	linguistic	_	none	_	Begin=54.228	_	_	_	_
17-1	TO041	17	17	1	ho	ho	_	_	_	_	_	linguistic	_	none	_	_	_	_	_	_
17-2	TO041	17	17	2	pensato	pensato	_	_	_	_	_	linguistic	_	none	_	_	_	_	_	_
17-3	TO041	17	17	3	sì	sì	_	_	_	_	_	linguistic	_	none	_	_	_	_	_	_
17-4	TO041	17	17	4	potrei	potrei	_	_	_	_	_	linguistic	_	none	_	_	_	_	_	_
17-5	TO041	17	17	5	farmi	farmi	_	_	_	_	_	linguistic	_	none	_	_	_	_	_	_
17-6	TO041	17	17	6	nuovi	nuovi	_	_	_	_	_	linguistic	_	none	_	_	_	_	_	_
17-7	TO041	17	17	7	amici,	amici	_	_	_	_	_	linguistic	_	none	Intonation=WeaklyRising	End=58.154	_	_	_	_
18-0	TO041	18	18	0	provare:	provare	_	_	_	_	_	linguistic	_	none	_	Begin=58.621|End=59.9	6x1	_	_	_
19-0	TO041	19	19	0	un'	un'	_	_	_	_	_	linguistic	_	none	SpaceAfter=No	Begin=60.206	_	_	_	_
19-1	TO041	19	19	1	università	università	_	_	_	_	_	linguistic	_	none	_	_	_	_	_	_
19-2	TO041	19	19	2	diversa	diversa	_	_	_	_	_	linguistic	_	none	_	_	_	_	_	_
19-3	TO041	19	19	3	dei	dei	_	_	_	_	_	linguistic	_	none	_	_	_	_	_	_
19-4	TO041	19	19	4	professori	professori	_	_	_	_	_	linguistic	_	none	_	_	_	_	_	_
19-5	TO041	19	19	5	nuovi	nuovi	_	_	_	_	_	linguistic	_	none	_	_	_	_	_	_
19-6	TO041	19	19	6	e:	e	_	_	_	_	_	linguistic	_	none	_	End=63.6	0x1	_	_	_
20-0	TO041	20	20	0	magari	magari	_	_	_	_	_	linguistic	_	none	_	Begin=63.729	_	_	_	_
20-1	TO041	20	20	1	prendere	prendere	_	_	_	_	_	linguistic	_	none	_	_	_	_	_	_
20-2	TO041	20	20	2	qualche	qualche	_	_	_	_	_	linguistic	_	none	_	_	_	_	_	_
20-3	TO041	20	20	3	bel	bel	_	_	_	_	_	linguistic	_	none	_	_	_	_	_	_
20-4	TO041	20	20	4	voto	voto	_	_	_	_	_	linguistic	_	none	_	_	_	_	_	_
20-5	TO041	20	20	5	eh,	eh	_	_	_	_	_	linguistic	_	none	Intonation=WeaklyRising	End=65.746	_	_	_	_
21-0	TO041	21	21	0	a	a	_	_	_	_	_	linguistic	_	none	_	Begin=66.047	_	_	_	_
21-1	TO041	21	21	1	qualche	qualche	_	_	_	_	_	linguistic	_	none	_	_	_	_	_	_
21-2	TO041	21	21	2	esame	esame	_	_	_	_	_	linguistic	_	none	_	_	_	_	_	_
21-3	TO041	21	21	3	perché	perché	_	_	_	_	_	linguistic	_	none	_	_	_	_	_	_
21-4	TO041	21	21	4	è	è	_	_	_	_	_	linguistic	_	none	_	_	_	_	_	_
21-5	TO041	21	21	5	anche	anche	_	_	_	_	_	linguistic	_	none	_	_	_	_	_	_
21-6	TO041	21	21	6	questo	questo	_	_	_	_	_	linguistic	_	none	_	_	_	_	_	_
21-7	TO041	21	21	7	che,	che	_	_	_	_	_	linguistic	_	none	Intonation=WeaklyRising	End=68.798	_	_	_	_
22-0	TO055	22	22	0	[certo].	certo	_	_	_	_	_	linguistic	_	none	Intonation=Falling	Begin=68.872|End=69.546	_	_	_	0-5(5)
23-0	TO041	23	23	0	[ti	ti	_	_	_	_	_	linguistic	_	none	_	Begin=68.872	_	_	_	0-2(5)
23-1	TO041	23	23	1	spin]ge	spinge	_	_	_	_	_	linguistic	_	none	_	_	_	_	_	0-4(5)
23-2	TO041	23	23	2	a,	a	_	_	_	_	_	linguistic	_	none	Intonation=WeaklyRising	End=70.2	_	_	_	_
24-0	TO041	24	24	0	a	a	_	_	_	_	_	linguistic	_	none	_	Begin=70.836	_	_	_	_
24-1	TO041	24	24	1	partecipare	partecipare	_	_	_	_	_	linguistic	_	none	_	_	_	_	_	_
24-2	TO041	24	24	2	a	a	_	_	_	_	_	linguistic	_	none	_	_	_	_	_	_
24-3	TO041	24	24	3	questo	questo	_	_	_	_	_	linguistic	_	none	_	_	_	_	_	_
24-4	TO041	24	24	4	progetto.	progetto	_	_	_	_	_	linguistic	_	none	Intonation=Falling	End=72.847	_	_	_	_
25-0	TO041	25	25	0	anche	anche	_	_	_	_	_	linguistic	_	none	_	Begin=73.011	_	_	_	_
25-1	TO041	25	25	1	se	se	_	_	_	_	_	linguistic	_	none	_	_	_	_	_	_
25-2	TO041	25	25	2	soltanto::	soltanto	_	_	_	_	_	linguistic	_	none	_	End=74.775	7x2	_	_	_
26-0	TO041	26	26	0	una	una	_	_	_	_	_	linguistic	_	none	_	Begin=75.043	_	_	_	_
26-1	TO041	26	26	1	ragione	ragione	_	_	_	_	_	linguistic	_	none	_	_	_	_	_	_
26-2	TO041	26	26	2	secondaria	secondaria	_	_	_	_	_	linguistic	_	none	_	_	_	_	_	_
26-3	TO041	26	26	3	co[munque].	comunque	_	_	_	_	_	linguistic	_	none	Intonation=Falling	End=77.072	_	_	_	2-8(6)
27-0	TO055	27	27	0	[mhmh],	mhmh	_	_	_	_	_	linguistic	_	none	Intonation=WeaklyRising	Begin=76.547|End=77.093	_	_	_	0-4(6)
28-0	TO041	28	28	0	e:	e	_	_	_	_	_	linguistic	_	none	_	Begin=77.787	0x1	_	_	_
28-1	TO041	28	28	1	quindi	quindi	_	_	_	_	_	linguistic	_	none	_	_	_	_	_	_
28-2	TO041	28	28	2	io	io	_	_	_	_	_	linguistic	_	none	_	_	_	_	_	_
28-3	TO041	28	28	3	son	son	_	_	_	_	_	linguistic	_	none	_	_	_	_	_	_
28-4	TO041	28	28	4	partita	partita	_	_	_	_	_	linguistic	_	none	_	_	_	_	_	_
28-5	TO041	28	28	5	a	a	_	_	_	_	_	linguistic	_	none	_	_	_	_	_	_
28-6	TO041	28	28	6	cuor	cuor	_	_	_	_	_	linguistic	_	none	_	_	_	_	_	_
28-7	TO041	28	28	7	leggero	leggero	_	_	_	_	_	linguistic	_	none	_	_	_	_	_	_
28-8	TO041	28	28	8	anzi	anzi	_	_	_	_	_	linguistic	_	none	_	_	_	_	_	_
28-9	TO041	28	28	9	fin	fin	_	_	_	_	_	linguistic	_	none	_	_	_	_	_	_
28-10	TO041	28	28	10	troppo	troppo	_	_	_	_	_	linguistic	_	none	_	_	_	_	_	_
28-11	TO041	28	28	11	a	a	_	_	_	_	_	linguistic	_	none	_	_	_	_	_	_
28-12	TO041	28	28	12	cuon~	cuon~	_	_	_	_	_	linguistic	_	none	Interrupted=Yes	_	_	_	_	_
28-13	TO041	28	28	13	a	a	_	_	_	_	_	linguistic	_	none	_	_	_	_	_	_
28-14	TO041	28	28	14	cuor	cuor	_	_	_	_	_	linguistic	_	none	_	_	_	_	_	_
28-15	TO041	28	28	15	leggero	leggero	_	_	_	_	_	linguistic	_	none	_	_	_	_	_	_
28-16	TO041	28	28	16	e	e	_	_	_	_	_	linguistic	_	none	_	_	_	_	_	_
28-17	TO041	28	28	17	mi	mi	_	_	_	_	_	linguistic	_	none	_	_	_	_	_	_
28-18	TO041	28	28	18	sono	sono	_	_	_	_	_	linguistic	_	none	_	_	_	_	_	_
28-19	TO041	28	28	19	ritrovata	ritrovata	_	_	_	_	_	linguistic	_	none	_	_	_	_	_	_
28-20	TO041	28	28	20	in	in	_	_	_	_	_	linguistic	_	none	_	_	_	_	_	_
28-21	TO041	28	28	21	finlandia	finlandia	_	_	_	_	_	linguistic	_	none	_	_	_	_	_	_
28-22	TO041	28	28	22	che	che	_	_	_	_	_	linguistic	_	none	_	_	_	_	_	_
28-23	TO041	28	28	23	anche	anche	_	_	_	_	_	linguistic	_	none	_	_	_	_	_	_
28-24	TO041	28	28	24	se::	se	_	_	_	_	_	linguistic	_	none	_	End=86.36	1x2	_	_	_
29-0	TO041	29	29	0	non	non	_	_	_	_	_	linguistic	_	none	_	Begin=86.748	_	_	_	_
29-1	TO041	29	29	1	non	non	_	_	_	_	_	linguistic	_	none	_	_	_	_	_	_
29-2	TO041	29	29	2	è	è	_	_	_	_	_	linguistic	_	none	_	_	_	_	_	_
29-3	TO041	29	29	3	distantissima	distantissima	_	_	_	_	_	linguistic	_	none	_	_	_	_	_	_
29-4	TO041	29	29	4	sembra	sembra	_	_	_	_	_	linguistic	_	none	_	_	_	_	_	_
29-5	TO041	29	29	5	proprio::	proprio	_	_	_	_	_	linguistic	_	none	_	_	6x2	_	_	_
29-6	TO041	29	29	6	un	un	_	_	_	_	_	linguistic	_	none	_	_	_	_	_	_
29-7	TO041	29	29	7	altro	altro	_	_	_	_	_	linguistic	_	none	_	_	_	_	_	_
29-8	TO041	29	29	8	mon~	mon~	_	_	_	_	_	linguistic	_	none	Interrupted=Yes	_	_	_	_	_
29-9	TO041	29	29	9	è	è	_	_	_	_	_	linguistic	_	none	_	_	_	_	_	_
29-10	TO041	29	29	10	completamente	completamente	_	_	_	_	_	linguistic	_	none	_	_	_	_	_	_
29-11	TO041	29	29	11	un	un	_	_	_	_	_	linguistic	_	none	_	_	_	_	_	_
29-12	TO041	29	29	12	altro	altro	_	_	_	_	_	linguistic	_	none	_	_	_	_	_	_
29-13	TO041	29	29	13	mondo	mondo	_	_	_	_	_	linguistic	_	none	_	_	_	_	_	_
29-14	TO041	29	29	14	rispetto	rispetto	_	_	_	_	_	linguistic	_	none	_	_	_	_	_	_
29-15	TO041	29	29	15	all'	all'	_	_	_	_	_	linguistic	_	none	SpaceAfter=No	_	_	_	_	_
29-16	TO041	29	29	16	italia	italia	_	_	_	_	_	linguistic	_	none	_	_	_	_	_	_
29-17	TO041	29	29	17	a	a	_	_	_	_	_	linguistic	_	none	_	_	_	_	_	_
29-18	TO041	29	29	18	torino,	torino	_	_	_	_	_	linguistic	_	none	Intonation=WeaklyRising	End=94.36	_	_	_	_
30-0	TO041	30	30	0	e	e	_	_	_	_	_	linguistic	_	none	_	Begin=95.27	_	_	_	_
30-1	TO041	30	30	1	quindi::	quindi	_	_	_	_	_	linguistic	_	none	_	End=97.13	5x2	_	_	_
31-0	TO041	31	31	0	all'	all'	_	_	_	_	_	linguistic	_	none	SpaceAfter=No	Begin=97.873	_	_	_	_
31-1	TO041	31	31	1	inizio,	inizio	_	_	_	_	_	linguistic	_	none	Intonation=WeaklyRising	End=99.14	_	_	_	_
32-0	TO041	32	32	0	lo	lo	_	_	_	_	_	linguistic	_	none	_	Begin=99.276	_	_	_	_
32-1	TO041	32	32	1	shock	shock	_	_	_	_	_	linguistic	_	none	_	_	_	_	_	_
32-2	TO041	32	32	2	culturale	culturale	_	_	_	_	_	linguistic	_	none	_	_	_	_	_	_
32-3	TO041	32	32	3	è	è	_	_	_	_	_	linguistic	_	none	_	_	_	_	_	_
32-4	TO041	32	32	4	stato	stato	_	_	_	_	_	linguistic	_	none	_	_	_	_	_	_
32-5	TO041	32	32	5	veramente,	veramente	_	_	_	_	_	linguistic	_	none	Intonation=WeaklyRising	End=101.953	_	_	_	_
33-0	TO041	33	33	0	veramente	veramente	_	_	_	_	_	linguistic	_	none	_	Begin=102.004	_	_	_	_
33-1	TO041	33	33	1	forte.	forte	_	_	_	_	_	linguistic	_	none	Intonation=Falling	End=103.367	_	_	_	_
34-0	TO041	34	34	0	perché	perché	_	_	_	_	_	linguistic	_	none	_	Begin=103.425	_	_	_	_
34-1	TO041	34	34	1	lì,	lì	_	_	_	_	_	linguistic	_	none	Intonation=WeaklyRising	End=104.53	_	_	_	_
35-0	TO041	35	35	0	vabbè,	vabbè	_	_	_	_	_	linguistic	_	none	Intonation=WeaklyRising	Begin=104.982|End=105.665	_	_	_	_
36-0	TO041	36	36	0	a	a	_	_	_	_	_	linguistic	_	none	_	Begin=105.893	_	_	_	_
36-1	TO041	36	36	1	parte::	parte	_	_	_	_	_	linguistic	_	none	_	End=107.512	4x2	_	_	_
37-0	TO041	37	37	0	l'	l'	_	_	_	_	_	linguistic	_	none	SpaceAfter=No	Begin=108.952	_	_	_	_
37-1	TO041	37	37	1	ambiente	ambiente	_	_	_	_	_	linguistic	_	none	_	_	_	_	_	_
37-2	TO041	37	37	2	proprio::	proprio	_	_	_	_	_	linguistic	_	none	_	End=111.236	6x2	_	_	_
38-0	TO041	38	38	0	<il	il	_	_	_	_	_	linguistic	_	none	_	Begin=112.674	_	Slow=0-2(0)	_	_
38-1	TO041	38	38	1	freddo>	freddo	_	_	_	_	_	linguistic	_	none	_	_	_	Slow=0-6(0)	_	_
38-2	TO041	38	38	2	e::h	eh	_	_	_	_	_	linguistic	_	none	ProsodicLink=Yes	_	0x2	_	_	_
38-3	TO041	38	38	3	mh	mh	_	_	_	_	_	linguistic	_	none	_	End=115.057	_	_	_	_
39-0	TO041	39	39	0	<la	la	_	_	_	_	_	linguistic	_	none	_	Begin=115.875	_	Slow=0-2(0)	_	_
39-1	TO041	39	39	1	poca	poca	_	_	_	_	_	linguistic	_	none	_	_	_	Slow=0-4(0)	_	_
39-2	TO041	39	39	2	luce>	luce	_	_	_	_	_	linguistic	_	none	_	_	_	Slow=0-4(0)	_	_
39-3	TO041	39	39	3	cioè,	cioè	_	_	_	_	_	linguistic	_	none	Intonation=WeaklyRising	End=117.73	_	_	_	_
40-0	TO041	40	40	0	<anche>,	anche	_	_	_	_	_	linguistic	_	none	Intonation=WeaklyRising	Begin=118.108|End=119.055	_	Slow=0-5(0)	_	_
41-0	TO041	41	41	0	le	le	_	_	_	_	_	linguistic	_	none	_	Begin=119.491	_	_	_	_
41-1	TO041	41	41	1	persone	persone	_	_	_	_	_	linguistic	_	none	_	_	_	_	_	_
41-2	TO041	41	41	2	si	si	_	_	_	_	_	linguistic	_	none	_	_	_	_	_	_
41-3	TO041	41	41	3	comportano	comportano	_	_	_	_	_	linguistic	_	none	_	_	_	_	_	_
41-4	TO041	41	41	4	in	in	_	_	_	_	_	linguistic	_	none	_	_	_	_	_	_
41-5	TO041	41	41	5	modo	modo	_	_	_	_	_	linguistic	_	none	_	_	_	_	_	_
41-6	TO041	41	41	6	totalmente	totalmente	_	_	_	_	_	linguistic	_	none	_	_	_	_	_	_
41-7	TO041	41	41	7	diverso,	diverso	_	_	_	_	_	linguistic	_	none	Intonation=WeaklyRising	End=123.976	_	_	_	_
42-0	TO041	42	42	0	perché	perché	_	_	_	_	_	linguistic	_	none	_	Begin=124.163	_	_	_	_
42-1	TO041	42	42	1	non	non	_	_	_	_	_	linguistic	_	none	_	_	_	_	_	_
42-2	TO041	42	42	2	è	è	_	_	_	_	_	linguistic	_	none	_	_	_	_	_	_
42-3	TO041	42	42	3	come	come	_	_	_	_	_	linguistic	_	none	_	_	_	_	_	_
42-4	TO041	42	42	4	in	in	_	_	_	_	_	linguistic	_	none	_	_	_	_	_	_
42-5	TO041	42	42	5	italia	italia	_	_	_	_	_	linguistic	_	none	_	_	_	_	_	_
42-6	TO041	42	42	6	o	o	_	_	_	_	_	linguistic	_	none	_	_	_	_	_	_
42-7	TO041	42	42	7	nel	nel	_	_	_	_	_	linguistic	_	none	_	_	_	_	_	_
42-8	TO041	42	42	8	sud	sud	_	_	_	_	_	linguistic	_	none	_	_	_	_	_	_
42-9	TO041	42	42	9	europa,	europa	_	_	_	_	_	linguistic	_	none	Intonation=WeaklyRising	End=127.336	_	_	_	_
43-0	TO041	43	43	0	in	in	_	_	_	_	_	linguistic	_	none	_	Begin=127.399	_	_	_	_
43-1	TO041	43	43	1	cui	cui	_	_	_	_	_	linguistic	_	none	_	_	_	_	_	_
43-2	TO041	43	43	2	tutti	tutti	_	_	_	_	_	linguistic	_	none	_	_	_	_	_	_
43-3	TO041	43	43	3	sono:	sono	_	_	_	_	_	linguistic	_	none	_	End=129.366	3x1	_	_	_
44-0	TO041	44	44	0	in	in	_	_	_	_	_	linguistic	_	none	_	Begin=129.422	_	_	_	_
44-1	TO041	44	44	1	linea	linea	_	_	_	_	_	linguistic	_	none	_	_	_	_	_	_
44-2	TO041	44	44	2	di	di	_	_	_	_	_	linguistic	_	none	_	_	_	_	_	_
44-3	TO041	44	44	3	massima,	massima	_	_	_	_	_	linguistic	_	none	Intonation=WeaklyRising	End=130.726	_	_	_	_
45-0	TO041	45	45	0	abbastanza	abbastanza	_	_	_	_	_	linguistic	_	none	_	Begin=130.954	_	_	_	_
45-1	TO041	45	45	1	espansivi,	espansivi	_	_	_	_	_	linguistic	_	none	Intonation=WeaklyRising	End=133.3	_	_	_	_
46-0	TO041	46	46	0	amichevoli,	amichevoli	_	_	_	_	_	linguistic	_	none	Intonation=WeaklyRising	Begin=133.337|End=134.579	_	_	_	_
47-0	TO041	47	47	0	lì,	lì	_	_	_	_	_	linguistic	_	none	Intonation=WeaklyRising	Begin=135.348|End=136.05	_	_	_	_
48-0	TO041	48	48	0	è	è	_	_	_	_	_	linguistic	_	none	_	Begin=137.089	_	_	_	_
48-1	TO041	48	48	1	proprio	proprio	_	_	_	_	_	linguistic	_	none	_	_	_	_	_	_
48-2	TO041	48	48	2	una	una	_	_	_	_	_	linguistic	_	none	_	_	_	_	_	_
48-3	TO041	48	48	3	situazione	situazione	_	_	_	_	_	linguistic	_	none	PauseAfter=Yes	_	_	_	_	_
48-4	TO041	48	48	4	(.)	(.)	_	_	_	_	_	shortpause	_	none	_	_	_	_	_	_
48-5	TO041	48	48	5	diversa	diversa	_	_	_	_	_	linguistic	_	none	_	_	_	_	_	_
48-6	TO041	48	48	6	perché	perché	_	_	_	_	_	linguistic	_	none	_	_	_	_	_	_
48-7	TO041	48	48	7	la	la	_	_	_	_	_	linguistic	_	none	_	_	_	_	_	_
48-8	TO041	48	48	8	gente	gente	_	_	_	_	_	linguistic	_	none	_	_	_	_	_	_
48-9	TO041	48	48	9	è	è	_	_	_	_	_	linguistic	_	none	_	_	_	_	_	_
48-10	TO041	48	48	10	molto	molto	_	_	_	_	_	linguistic	_	none	_	_	_	_	_	_
48-11	TO041	48	48	11	più	più	_	_	_	_	_	linguistic	_	none	_	_	_	_	_	_
48-12	TO041	48	48	12	chiusa,	chiusa	_	_	_	_	_	linguistic	_	none	Intonation=WeaklyRising	End=141.729	_	_	_	_
49-0	TO041	49	49	0	magari	magari	_	_	_	_	_	linguistic	_	none	_	Begin=142.049	_	_	_	_
49-1	TO041	49	49	1	anche:	anche	_	_	_	_	_	linguistic	_	none	_	End=143.534	4x1	_	_	_
50-0	TO041	50	50	0	è	è	_	_	_	_	_	linguistic	_	none	_	Begin=143.691	_	_	_	_
50-1	TO041	50	50	1	anche	anche	_	_	_	_	_	linguistic	_	none	_	_	_	_	_	_
50-2	TO041	50	50	2	una	una	_	_	_	_	_	linguistic	_	none	_	_	_	_	_	_
50-3	TO041	50	50	3	conseguenza	conseguenza	_	_	_	_	_	linguistic	_	none	_	_	_	_	_	_
50-4	TO041	50	50	4	del	del	_	_	_	_	_	linguistic	_	none	_	_	_	_	_	_
50-5	TO041	50	50	5	clima	clima	_	_	_	_	_	linguistic	_	none	_	_	_	_	_	_
50-6	TO041	50	50	6	così	così	_	_	_	_	_	linguistic	_	none	_	_	_	_	_	_
50-7	TO041	50	50	7	rigido	rigido	_	_	_	_	_	linguistic	_	none	_	_	_	_	_	_
50-8	TO041	50	50	8	che	che	_	_	_	_	_	linguistic	_	none	_	_	_	_	_	_
50-9	TO041	50	50	9	hanno.	hanno	_	_	_	_	_	linguistic	_	none	Intonation=Falling	End=146.816	_	_	_	_
51-0	TO041	51	51	0	comunque	comunque	_	_	_	_	_	linguistic	_	none	_	Begin=147.283	_	_	_	_
51-1	TO041	51	51	1	la	la	_	_	_	_	_	linguistic	_	none	_	_	_	_	_	_
51-2	TO041	51	51	2	gente	gente	_	_	_	_	_	linguistic	_	none	_	_	_	_	_	_
51-3	TO041	51	51	3	è	è	_	_	_	_	_	linguistic	_	none	_	_	_	_	_	_
51-4	TO041	51	51	4	molto	molto	_	_	_	_	_	linguistic	_	none	_	_	_	_	_	_
51-5	TO041	51	51	5	chiusa,	chiusa	_	_	_	_	_	linguistic	_	none	Intonation=WeaklyRising	_	_	_	_	_
51-6	TO041	51	51	6	sta	sta	_	_	_	_	_	linguistic	_	none	_	_	_	_	_	_
51-7	TO041	51	51	7	tanto	tanto	_	_	_	_	_	linguistic	_	none	_	_	_	_	_	_
51-8	TO041	51	51	8	chiusa	chiusa	_	_	_	_	_	linguistic	_	none	_	_	_	_	_	_
51-9	TO041	51	51	9	in	in	_	_	_	_	_	linguistic	_	none	_	_	_	_	_	_
51-10	TO041	51	51	10	casa:	casa	_	_	_	_	_	linguistic	_	none	_	_	3x1	_	_	_
51-11	TO041	51	51	11	parlano	parlano	_	_	_	_	_	linguistic	_	none	_	_	_	_	_	_
51-12	TO041	51	51	12	poco:	poco	_	_	_	_	_	linguistic	_	none	_	End=152.48	3x1	_	_	_
52-0	TO041	52	52	0	ad	ad	_	_	_	_	_	linguistic	_	none	_	Begin=152.986	_	_	_	_
52-1	TO041	52	52	1	esempio	esempio	_	_	_	_	_	linguistic	_	none	_	_	_	_	_	_
52-2	TO041	52	52	2	hanno	hanno	_	_	_	_	_	linguistic	_	none	_	_	_	_	_	_
52-3	TO041	52	52	3	anche	anche	_	_	_	_	_	linguistic	_	none	_	_	_	_	_	_
52-4	TO041	52	52	4	pochi	pochi	_	_	_	_	_	linguistic	_	none	_	_	_	_	_	_
52-5	TO041	52	52	5	luoghi	luoghi	_	_	_	_	_	linguistic	_	none	_	_	_	_	_	_
52-6	TO041	52	52	6	in	in	_	_	_	_	_	linguistic	_	none	_	_	_	_	_	_
52-7	TO041	52	52	7	cui	cui	_	_	_	_	_	linguistic	_	none	_	_	_	_	_	_
52-8	TO041	52	52	8	e:h	eh	_	_	_	_	_	linguistic	_	none	ProsodicLink=Yes	_	0x1	_	_	_
52-9	TO041	52	52	9	mh	mh	_	_	_	_	_	linguistic	_	none	_	End=156.71	_	_	_	_
53-0	TO041	53	53	0	ra~	ra~	_	_	_	_	_	linguistic	_	none	Interrupted=Yes	Begin=157.115	_	_	_	_
53-1	TO041	53	53	1	in	in	_	_	_	_	_	linguistic	_	none	_	_	_	_	_	_
53-2	TO041	53	53	2	cui	cui	_	_	_	_	_	linguistic	_	none	_	_	_	_	_	_
53-3	TO041	53	53	3	incontrarsi	incontrarsi	_	_	_	_	_	linguistic	_	none	_	_	_	_	_	_
53-4	TO041	53	53	4	per	per	_	_	_	_	_	linguistic	_	none	_	_	_	_	_	_
53-5	TO041	53	53	5	es~	es~	_	_	_	_	_	linguistic	_	none	Interrupted=Yes	_	_	_	_	_
53-6	TO041	53	53	6	per	per	_	_	_	_	_	linguistic	_	none	_	_	_	_	_	_
53-7	TO041	53	53	7	esempio	esempio	_	_	_	_	_	linguistic	_	none	_	_	_	_	_	_
53-8	TO041	53	53	8	tipo	tipo	_	_	_	_	_	linguistic	_	none	_	_	_	_	_	_
53-9	TO041	53	53	9	i	i	_	_	_	_	_	linguistic	_	none	_	_	_	_	_	_
53-10	TO041	53	53	10	giovani,	giovani	_	_	_	_	_	linguistic	_	none	Intonation=WeaklyRising	End=161.3	_	_	_	_
54-0	TO041	54	54	0	tipo	tipo	_	_	_	_	_	linguistic	_	none	_	Begin=161.507	_	_	_	_
54-1	TO041	54	54	1	noi,	noi	_	_	_	_	_	linguistic	_	none	Intonation=WeaklyRising	End=162.341	_	_	_	_
55-0	TO041	55	55	0	la	la	_	_	_	_	_	linguistic	_	none	_	Begin=163.144	_	_	_	_
55-1	TO041	55	55	1	sera	sera	_	_	_	_	_	linguistic	_	none	_	_	_	_	_	_
55-2	TO041	55	55	2	dato	dato	_	_	_	_	_	linguistic	_	none	_	_	_	_	_	_
55-3	TO041	55	55	3	che:	che	_	_	_	_	_	linguistic	_	none	_	End=164.828	2x1	_	_	_
56-0	TO041	56	56	0	tipo	tipo	_	_	_	_	_	linguistic	_	none	_	Begin=165.006	_	_	_	_
56-1	TO041	56	56	1	il	il	_	_	_	_	_	linguistic	_	none	_	_	_	_	_	_
56-2	TO041	56	56	2	venerdì	venerdì	_	_	_	_	_	linguistic	_	none	_	_	_	_	_	_
56-3	TO041	56	56	3	sera,	sera	_	_	_	_	_	linguistic	_	none	Intonation=WeaklyRising	End=166.434	_	_	_	_
57-0	TO041	57	57	0	in~	in~	_	_	_	_	_	linguistic	_	none	Interrupted=Yes	Begin=166.48	_	_	_	_
57-1	TO041	57	57	1	da~	da~	_	_	_	_	_	linguistic	_	none	Interrupted=Yes	_	_	_	_	_
57-2	TO041	57	57	2	dato	dato	_	_	_	_	_	linguistic	_	none	_	_	_	_	_	_
57-3	TO041	57	57	3	che	che	_	_	_	_	_	linguistic	_	none	_	_	_	_	_	_
57-4	TO041	57	57	4	la	la	_	_	_	_	_	linguistic	_	none	_	_	_	_	_	_
57-5	TO041	57	57	5	maggior	maggior	_	_	_	_	_	linguistic	_	none	_	_	_	_	_	_
57-6	TO041	57	57	6	parte	parte	_	_	_	_	_	linguistic	_	none	_	_	_	_	_	_
57-7	TO041	57	57	7	dei	dei	_	_	_	_	_	linguistic	_	none	_	_	_	_	_	_
57-8	TO041	57	57	8	locali	locali	_	_	_	_	_	linguistic	_	none	_	_	_	_	_	_
57-9	TO041	57	57	9	comunque	comunque	_	_	_	_	_	linguistic	_	none	_	_	_	_	_	_
57-10	TO041	57	57	10	chiudono	chiudono	_	_	_	_	_	linguistic	_	none	_	_	_	_	_	_
57-11	TO041	57	57	11	alle	alle	_	_	_	_	_	linguistic	_	none	_	_	_	_	_	_
57-12	TO041	57	57	12	otto	otto	_	_	_	_	_	linguistic	_	none	_	_	_	_	_	_
57-13	TO041	57	57	13	di	di	_	_	_	_	_	linguistic	_	none	_	_	_	_	_	_
57-14	TO041	57	57	14	sera,	sera	_	_	_	_	_	linguistic	_	none	Intonation=WeaklyRising	End=170.943	_	_	_	_
58-0	TO041	58	58	0	i	i	_	_	_	_	_	linguistic	_	none	_	Begin=171.461	_	_	_	_
58-1	TO041	58	58	1	bar,	bar	_	_	_	_	_	linguistic	_	none	Intonation=WeaklyRising	End=172.302	_	_	_	_
59-0	TO041	59	59	0	si:	si	_	_	_	_	_	linguistic	_	none	_	Begin=172.901	1x1	_	_	_
59-1	TO041	59	59	1	prima	prima	_	_	_	_	_	linguistic	_	none	_	_	_	_	_	_
59-2	TO041	59	59	2	di	di	_	_	_	_	_	linguistic	_	none	_	_	_	_	_	_
59-3	TO041	59	59	3	andare	andare	_	_	_	_	_	linguistic	_	none	_	_	_	_	_	_
59-4	TO041	59	59	4	tipo	tipo	_	_	_	_	_	linguistic	_	none	_	_	_	_	_	_
59-5	TO041	59	59	5	in	in	_	_	_	_	_	linguistic	_	none	_	_	_	_	_	_
59-6	TO041	59	59	6	discoteca	discoteca	_	_	_	_	_	linguistic	_	none	_	_	_	_	_	_
59-7	TO041	59	59	7	si	si	_	_	_	_	_	linguistic	_	none	_	_	_	_	_	_
59-8	TO041	59	59	8	radunano:	radunano	_	_	_	_	_	linguistic	_	none	_	_	7x1	_	_	_
59-9	TO041	59	59	9	tipo	tipo	_	_	_	_	_	linguistic	_	none	_	_	_	_	_	_
59-10	TO041	59	59	10	negli	negli	_	_	_	_	_	linguistic	_	none	_	_	_	_	_	_
59-11	TO041	59	59	11	androni	androni	_	_	_	_	_	linguistic	_	none	_	_	_	_	_	_
59-12	TO041	59	59	12	dei	dei	_	_	_	_	_	linguistic	_	none	ProsodicLink=Yes	_	_	_	_	_
59-13	TO041	59	59	13	e:h	eh	_	_	_	_	_	linguistic	_	none	_	_	0x1	_	_	_
59-14	TO041	59	59	14	dei	dei	_	_	_	_	_	linguistic	_	none	ProsodicLink=Yes	_	_	_	_	_
59-15	TO041	59	59	15	e:h	eh	_	_	_	_	_	linguistic	_	none	_	End=181.02	0x1	_	_	_
60-0	TO041	60	60	0	centri	centri	_	_	_	_	_	linguistic	_	none	_	Begin=181.25	_	_	_	_
60-1	TO041	60	60	1	commerciali	commerciali	_	_	_	_	_	linguistic	_	none	_	_	_	_	_	_
60-2	TO041	60	60	2	aperti	aperti	_	_	_	_	_	linguistic	_	none	_	_	_	_	_	_
60-3	TO041	60	60	3	ventiquattrore	ventiquattrore	_	_	_	_	_	linguistic	_	none	_	_	_	_	_	_
60-4	TO041	60	60	4	su	su	_	_	_	_	_	linguistic	_	none	_	_	_	_	_	_
60-5	TO041	60	60	5	ventiquattro	ventiquattro	_	_	_	_	_	linguistic	_	none	_	_	_	_	_	_
60-6	TO041	60	60	6	oppure	oppure	_	_	_	_	_	linguistic	_	none	_	_	_	_	_	_
60-7	TO041	60	60	7	nei	nei	_	_	_	_	_	linguistic	_	none	ProsodicLink=Yes	_	_	_	_	_
60-8	TO041	60	60	8	e:h	eh	_	_	_	_	_	linguistic	_	none	_	_	0x1	_	_	_
60-9	TO041	60	60	9	all'	all'	_	_	_	_	_	linguistic	_	none	SpaceAfter=No	_	_	_	_	_
60-10	TO041	60	60	10	integresso	integresso	_	_	_	_	_	linguistic	_	none	_	_	_	_	_	_
60-11	TO041	60	60	11	dei	dei	_	_	_	_	_	linguistic	_	none	_	_	_	_	_	_
60-12	TO041	60	60	12	delle	delle	_	_	_	_	_	linguistic	_	none	_	_	_	_	_	_
60-13	TO041	60	60	13	banche	banche	_	_	_	_	_	linguistic	_	none	_	_	_	_	_	_
60-14	TO041	60	60	14	dove	dove	_	_	_	_	_	linguistic	_	none	_	_	_	_	_	_
60-15	TO041	60	60	15	ci	ci	_	_	_	_	_	linguistic	_	none	_	_	_	_	_	_
60-16	TO041	60	60	16	sono	sono	_	_	_	_	_	linguistic	_	none	_	_	_	_	_	_
60-17	TO041	60	60	17	i	i	_	_	_	_	_	linguistic	_	none	_	_	_	_	_	_
60-18	TO041	60	60	18	bancomat	bancomat	_	_	_	_	_	linguistic	_	none	_	_	_	_	_	_
60-19	TO041	60	60	19	cioè:	cioè	_	_	_	_	_	linguistic	_	none	_	End=189.79	3x1	_	_	_
61-0	TO041	61	61	0	quindi	quindi	_	_	_	_	_	linguistic	_	none	_	Begin=190.101	_	_	_	_
61-1	TO041	61	61	1	puoi	puoi	_	_	_	_	_	linguistic	_	none	_	_	_	_	_	_
61-2	TO041	61	61	2	capire.	capire	_	_	_	_	_	linguistic	_	none	Intonation=Falling	End=191.305	_	_	_	_
62-0	TO041	62	62	0	e::h	eh	_	_	_	_	_	linguistic	_	none	_	Begin=192.353|End=193.676	0x2	_	_	_
63-0	TO041	63	63	0	poi,	poi	_	_	_	_	_	linguistic	_	none	Intonation=WeaklyRising	Begin=194.224|End=194.76	_	_	_	_
64-0	TO041	64	64	0	anche	anche	_	_	_	_	_	linguistic	_	none	_	Begin=194.904	_	_	_	_
64-1	TO041	64	64	1	un'	un'	_	_	_	_	_	linguistic	_	none	SpaceAfter=No	_	_	_	_	_
64-2	TO041	64	64	2	altra	altra	_	_	_	_	_	linguistic	_	none	_	_	_	_	_	_
64-3	TO041	64	64	3	cosa	cosa	_	_	_	_	_	linguistic	_	none	_	_	_	_	_	_
64-4	TO041	64	64	4	che,	che	_	_	_	_	_	linguistic	_	none	Intonation=WeaklyRising	End=196.62	_	_	_	_
65-0	TO041	65	65	0	mi	mi	_	_	_	_	_	linguistic	_	none	_	Begin=196.972	_	_	_	_
65-1	TO041	65	65	1	ha	ha	_	_	_	_	_	linguistic	_	none	_	_	_	_	_	_
65-2	TO041	65	65	2	colpito	colpito	_	_	_	_	_	linguistic	_	none	_	_	_	_	_	_
65-3	TO041	65	65	3	molto.	molto	_	_	_	_	_	linguistic	_	none	Intonation=Falling	End=198.678	_	_	_	_
66-0	TO041	66	66	0	>e	e	_	_	_	_	_	linguistic	_	none	_	Begin=198.965	_	Fast=0-1(0)	_	_
66-1	TO041	66	66	1	che	che	_	_	_	_	_	linguistic	_	none	_	_	_	Fast=0-3(0)	_	_
66-2	TO041	66	66	2	la	la	_	_	_	_	_	linguistic	_	none	_	_	_	Fast=0-2(0)	_	_
66-3	TO041	66	66	3	dice	dice	_	_	_	_	_	linguistic	_	none	_	_	_	Fast=0-4(0)	_	_
66-4	TO041	66	66	4	lunga	lunga	_	_	_	_	_	linguistic	_	none	_	_	_	Fast=0-5(0)	_	_
66-5	TO041	66	66	5	secondo	secondo	_	_	_	_	_	linguistic	_	none	_	_	_	Fast=0-7(0)	_	_
66-6	TO041	66	66	6	me	me	_	_	_	_	_	linguistic	_	none	_	_	_	Fast=0-2(0)	_	_
66-7	TO041	66	66	7	sul	sul	_	_	_	_	_	linguistic	_	none	_	_	_	Fast=0-3(0)	_	_
66-8	TO041	66	66	8	modo	modo	_	_	_	_	_	linguistic	_	none	_	_	_	Fast=0-4(0)	_	_
66-9	TO041	66	66	9	d'	d'	_	_	_	_	_	linguistic	_	none	SpaceAfter=No	_	_	Fast=0-2(0)	_	_
66-10	TO041	66	66	10	essere	essere	_	_	_	_	_	linguistic	_	none	_	_	_	Fast=0-6(0)	_	_
66-11	TO041	66	66	11	dei	dei	_	_	_	_	_	linguistic	_	none	_	_	_	Fast=0-3(0)	_	_
66-12	TO041	66	66	12	finlandesi<	finlandesi	_	_	_	_	_	linguistic	_	none	_	_	_	Fast=0-10(0)	_	_
66-13	TO041	66	66	13	è	è	_	_	_	_	_	linguistic	_	none	_	_	_	_	_	_
66-14	TO041	66	66	14	che	che	_	_	_	_	_	linguistic	_	none	_	_	_	_	_	_
66-15	TO041	66	66	15	loro,	loro	_	_	_	_	_	linguistic	_	none	Intonation=WeaklyRising	End=203.004	_	_	_	_
67-0	TO041	67	67	0	e::h	eh	_	_	_	_	_	linguistic	_	none	ProsodicLink=Yes	Begin=203.684	0x2	_	_	_
67-1	TO041	67	67	1	mh	mh	_	_	_	_	_	linguistic	_	none	_	End=204.85	_	_	_	_
68-0	TO041	68	68	0	hanno	hanno	_	_	_	_	_	linguistic	_	none	_	Begin=205.015	_	_	_	_
68-1	TO041	68	68	1	la	la	_	_	_	_	_	linguistic	_	none	_	_	_	_	_	_
68-2	TO041	68	68	2	possibilità	possibilità	_	_	_	_	_	linguistic	_	none	_	_	_	_	_	_
68-3	TO041	68	68	3	all'	all'	_	_	_	_	_	linguistic	_	none	SpaceAfter=No	_	_	_	_	_
68-4	TO041	68	68	4	università	università	_	_	_	_	_	linguistic	_	none	_	_	_	_	_	_
68-5	TO041	68	68	5	di	di	_	_	_	_	_	linguistic	_	none	_	_	_	_	_	_
68-6	TO041	68	68	6	studiare	studiare	_	_	_	_	_	linguistic	_	none	_	_	_	_	_	_
68-7	TO041	68	68	7	per	per	_	_	_	_	_	linguistic	_	none	_	_	_	_	_	_
68-8	TO041	68	68	8	conto	conto	_	_	_	_	_	linguistic	_	none	_	_	_	_	_	_
68-9	TO041	68	68	9	loro	loro	_	_	_	_	_	linguistic	_	none	_	_	_	_	_	_
68-10	TO041	68	68	10	sui	sui	_	_	_	_	_	linguistic	_	none	_	_	_	_	_	_
68-11	TO041	68	68	11	libri	libri	_	_	_	_	_	linguistic	_	none	PauseAfter=Yes	_	_	_	_	_
68-12	TO041	68	68	12	(.)	(.)	_	_	_	_	_	shortpause	_	none	_	_	_	_	_	_
68-13	TO041	68	68	13	e	e	_	_	_	_	_	linguistic	_	none	_	_	_	_	_	_
68-14	TO041	68	68	14	andare,	andare	_	_	_	_	_	linguistic	_	none	Intonation=WeaklyRising	End=210.86	_	_	_	_
69-0	TO041	69	69	0	a::	a	_	_	_	_	_	linguistic	_	none	ProsodicLink=Yes	Begin=211.275	0x2	_	_	_
69-1	TO041	69	69	1	mh	mh	_	_	_	_	_	linguistic	_	none	_	_	_	_	_	_
69-2	TO041	69	69	2	so~	so~	_	_	_	_	_	linguistic	_	none	Interrupted=Yes	_	_	_	_	_
69-3	TO041	69	69	3	a:ll'	all'	_	_	_	_	_	linguistic	_	none	SpaceAfter=No	_	0x1	_	_	_
69-4	TO041	69	69	4	università	università	_	_	_	_	_	linguistic	_	none	_	_	_	_	_	_
69-5	TO041	69	69	5	soltanto	soltanto	_	_	_	_	_	linguistic	_	none	_	_	_	_	_	_
69-6	TO041	69	69	6	per	per	_	_	_	_	_	linguistic	_	none	_	_	_	_	_	_
69-7	TO041	69	69	7	l'	l'	_	_	_	_	_	linguistic	_	none	SpaceAfter=No	_	_	_	_	_
69-8	TO041	69	69	8	esame.	esame	_	_	_	_	_	linguistic	_	none	Intonation=Falling	End=215.01	_	_	_	_
70-0	TO041	70	70	0	e	e	_	_	_	_	_	linguistic	_	none	_	Begin=215.572	_	_	_	_
70-1	TO041	70	70	1	<tantissimi>	tantissimi	_	_	_	_	_	linguistic	_	none	_	_	_	Slow=0-10(0)	_	_
70-2	TO041	70	70	2	fanno	fanno	_	_	_	_	_	linguistic	_	none	_	_	_	_	_	_
70-3	TO041	70	70	3	tutta	tutta	_	_	_	_	_	linguistic	_	none	_	_	_	_	_	_
70-4	TO041	70	70	4	la	la	_	_	_	_	_	linguistic	_	none	_	_	_	_	_	_
70-5	TO041	70	70	5	l'	l'	_	_	_	_	_	linguistic	_	none	SpaceAfter=No	_	_	_	_	_
70-6	TO041	70	70	6	università	università	_	_	_	_	_	linguistic	_	none	_	_	_	_	_	_
70-7	TO041	70	70	7	così	così	_	_	_	_	_	linguistic	_	none	_	_	_	_	_	_
70-8	TO041	70	70	8	perché,	perché	_	_	_	_	_	linguistic	_	none	Intonation=WeaklyRising	End=219.51	_	_	_	_
71-0	TO041	71	71	0	loro	loro	_	_	_	_	_	linguistic	_	none	_	Begin=220.36	_	_	_	_
71-1	TO041	71	71	1	non	non	_	_	_	_	_	linguistic	_	none	_	_	_	_	_	_
71-2	TO041	71	71	2	voglio	voglio	_	_	_	_	_	linguistic	_	none	_	_	_	_	_	_
71-3	TO041	71	71	3	mai	mai	_	_	_	_	_	linguistic	_	none	_	_	_	_	_	_
71-4	TO041	71	71	4	uscire	uscire	_	_	_	_	_	linguistic	_	none	_	_	_	_	_	_
71-5	TO041	71	71	5	di	di	_	_	_	_	_	linguistic	_	none	_	_	_	_	_	_
71-6	TO041	71	71	6	casa.	casa	_	_	_	_	_	linguistic	_	none	Intonation=Falling	End=222.83	_	_	_	_
72-0	TO055	72	72	0	[come	come	_	_	_	_	_	linguistic	_	none	_	Begin=223.975	_	_	_	0-4(20)
72-1	TO055	72	72	1	mai]?	mai	_	_	_	_	_	linguistic	_	none	Intonation=Rising	End=224.85	_	_	_	0-3(20)
73-0	TO041	73	73	0	[perché	perché	_	_	_	_	_	linguistic	_	none	_	Begin=223.975	_	_	_	0-6(20)
73-1	TO041	73	73	1	è	è	_	_	_	_	_	linguistic	_	none	_	_	_	_	_	0-1(20)
73-2	TO041	73	73	2	proprio]	proprio	_	_	_	_	_	linguistic	_	none	_	_	_	_	_	0-7(20)
73-3	TO041	73	73	3	è	è	_	_	_	_	_	linguistic	_	none	_	_	_	_	_	_
73-4	TO041	73	73	4	proprio	proprio	_	_	_	_	_	linguistic	_	none	_	_	_	_	_	_
73-5	TO041	73	73	5	il	il	_	_	_	_	_	linguistic	_	none	_	_	_	_	_	_
73-6	TO041	73	73	6	loro	loro	_	_	_	_	_	linguistic	_	none	_	_	_	_	_	_
73-7	TO041	73	73	7	modo	modo	_	_	_	_	_	linguistic	_	none	_	_	_	_	_	_
73-8	TO041	73	73	8	di	di	_	_	_	_	_	linguistic	_	none	_	_	_	_	_	_
73-9	TO041	73	73	9	essere	essere	_	_	_	_	_	linguistic	_	none	_	_	_	_	_	_
73-10	TO041	73	73	10	loro,	loro	_	_	_	_	_	linguistic	_	none	Intonation=WeaklyRising	End=227.04	_	_	_	_
74-0	TO041	74	74	0	durante	durante	_	_	_	_	_	linguistic	_	none	_	Begin=227.476	_	_	_	_
74-1	TO041	74	74	1	tutto	tutto	_	_	_	_	_	linguistic	_	none	_	_	_	_	_	_
74-2	TO041	74	74	2	l'	l'	_	_	_	_	_	linguistic	_	none	SpaceAfter=No	_	_	_	_	_
74-3	TO041	74	74	3	inverno	inverno	_	_	_	_	_	linguistic	_	none	_	_	_	_	_	_
74-4	TO041	74	74	4	si	si	_	_	_	_	_	linguistic	_	none	_	_	_	_	_	_
74-5	TO041	74	74	5	chiudono	chiudono	_	_	_	_	_	linguistic	_	none	_	_	_	_	_	_
74-6	TO041	74	74	6	in	in	_	_	_	_	_	linguistic	_	none	_	_	_	_	_	_
74-7	TO041	74	74	7	casa	casa	_	_	_	_	_	linguistic	_	none	_	_	_	_	_	_
74-8	TO041	74	74	8	poi	poi	_	_	_	_	_	linguistic	_	none	_	_	_	_	_	_
74-9	TO041	74	74	9	d'	d'	_	_	_	_	_	linguistic	_	none	SpaceAfter=No	_	_	_	_	_
74-10	TO041	74	74	10	estate,	estate	_	_	_	_	_	linguistic	_	none	Intonation=WeaklyRising	End=231.12	_	_	_	_
75-0	TO041	75	75	0	stanno	stanno	_	_	_	_	_	linguistic	_	none	_	Begin=231.978	_	_	_	_
75-1	TO041	75	75	1	fuori	fuori	_	_	_	_	_	linguistic	_	none	_	_	_	_	_	_
75-2	TO041	75	75	2	stanno	stanno	_	_	_	_	_	linguistic	_	none	_	_	_	_	_	_
75-3	TO041	75	75	3	molto	molto	_	_	_	_	_	linguistic	_	none	_	_	_	_	_	_
75-4	TO041	75	75	4	nella	nella	_	_	_	_	_	linguistic	_	none	_	_	_	_	_	_
75-5	TO041	75	75	5	trascorrono	trascorrono	_	_	_	_	_	linguistic	_	none	_	_	_	_	_	_
75-6	TO041	75	75	6	molto	molto	_	_	_	_	_	linguistic	_	none	_	_	_	_	_	_
75-7	TO041	75	75	7	tempo	tempo	_	_	_	_	_	linguistic	_	none	_	_	_	_	_	_
75-8	TO041	75	75	8	nella	nella	_	_	_	_	_	linguistic	_	none	_	_	_	_	_	_
75-9	TO041	75	75	9	natura	natura	_	_	_	_	_	linguistic	_	none	_	_	_	_	_	_
75-10	TO041	75	75	10	e	e	_	_	_	_	_	linguistic	_	none	_	_	_	_	_	_
75-11	TO041	75	75	11	questa	questa	_	_	_	_	_	linguistic	_	none	_	_	_	_	_	_
75-12	TO041	75	75	12	è	è	_	_	_	_	_	linguistic	_	none	_	_	_	_	_	_
75-13	TO041	75	75	13	una	una	_	_	_	_	_	linguistic	_	none	_	_	_	_	_	_
75-14	TO041	75	75	14	cosa	cosa	_	_	_	_	_	linguistic	_	none	_	_	_	_	_	_
75-15	TO041	75	75	15	molto	molto	_	_	_	_	_	linguistic	_	none	_	_	_	_	_	_
75-16	TO041	75	75	16	bella.	bella	_	_	_	_	_	linguistic	_	none	Intonation=Falling	End=238.041	_	_	_	_
76-0	TO041	76	76	0	e	e	_	_	_	_	_	linguistic	_	none	_	Begin=238.119	_	_	_	_
76-1	TO041	76	76	1	che:	che	_	_	_	_	_	linguistic	_	none	_	End=239.114	2x1	_	_	_
77-0	TO041	77	77	0	<anche	anche	_	_	_	_	_	linguistic	_	none	_	Begin=239.756	_	Slow=0-5(0)	_	_
77-1	TO041	77	77	1	da	da	_	_	_	_	_	linguistic	_	none	_	_	_	Slow=0-2(0)	_	_
77-2	TO041	77	77	2	cui	cui	_	_	_	_	_	linguistic	_	none	_	_	_	Slow=0-3(0)	_	_
77-3	TO041	77	77	3	si	si	_	_	_	_	_	linguistic	_	none	_	_	_	Slow=0-2(0)	_	_
77-4	TO041	77	77	4	può:>	può	_	_	_	_	_	linguistic	_	none	_	End=242.362	2x1	Slow=0-3(0)	_	_
78-0	TO041	78	78	0	cioè	cioè	_	_	_	_	_	linguistic	_	none	_	Begin=242.5	_	_	_	_
78-1	TO041	78	78	1	da	da	_	_	_	_	_	linguistic	_	none	_	_	_	_	_	_
78-2	TO041	78	78	2	cui	cui	_	_	_	_	_	linguistic	_	none	_	_	_	_	_	_
78-3	TO041	78	78	3	ho	ho	_	_	_	_	_	linguistic	_	none	_	_	_	_	_	_
78-4	TO041	78	78	4	imparato	imparato	_	_	_	_	_	linguistic	_	none	_	_	_	_	_	_
78-5	TO041	78	78	5	molto	molto	_	_	_	_	_	linguistic	_	none	_	_	_	_	_	_
78-6	TO041	78	78	6	nel	nel	_	_	_	_	_	linguistic	_	none	_	_	_	_	_	_
78-7	TO041	78	78	7	senso	senso	_	_	_	_	_	linguistic	_	none	_	_	_	_	_	_
78-8	TO041	78	78	8	che	che	_	_	_	_	_	linguistic	_	none	_	_	_	_	_	_
78-9	TO041	78	78	9	io,	io	_	_	_	_	_	linguistic	_	none	Intonation=WeaklyRising	End=245.132	_	_	_	_
79-0	TO041	79	79	0	e::h	eh	_	_	_	_	_	linguistic	_	none	ProsodicLink=Yes	Begin=245.39	0x2	_	_	_
79-1	TO041	79	79	1	mh	mh	_	_	_	_	_	linguistic	_	none	_	_	_	_	_	_
79-2	TO041	79	79	2	sono	sono	_	_	_	_	_	linguistic	_	none	_	_	_	_	_	_
79-3	TO041	79	79	3	una	una	_	_	_	_	_	linguistic	_	none	_	_	_	_	_	_
79-4	TO041	79	79	4	mol~	mol~	_	_	_	_	_	linguistic	_	none	Interrupted=Yes	_	_	_	_	_
79-5	TO041	79	79	5	una	una	_	_	_	_	_	linguistic	_	none	_	_	_	_	_	_
79-6	TO041	79	79	6	persona	persona	_	_	_	_	_	linguistic	_	none	_	_	_	_	_	_
79-7	TO041	79	79	7	molto:	molto	_	_	_	_	_	linguistic	_	none	_	_	4x1	_	_	_
79-8	TO041	79	79	8	socievole,	socievole	_	_	_	_	_	linguistic	_	none	Intonation=WeaklyRising	End=250.33	_	_	_	_
80-0	TO041	80	80	0	che	che	_	_	_	_	_	linguistic	_	none	_	Begin=250.64	_	_	_	_
80-1	TO041	80	80	1	ama	ama	_	_	_	_	_	linguistic	_	none	_	_	_	_	_	_
80-2	TO041	80	80	2	stare	stare	_	_	_	_	_	linguistic	_	none	_	_	_	_	_	_
80-3	TO041	80	80	3	in	in	_	_	_	_	_	linguistic	_	none	_	_	_	_	_	_
80-4	TO041	80	80	4	compagnia,	compagnia	_	_	_	_	_	linguistic	_	none	Intonation=WeaklyRising	End=252.604	_	_	_	_
81-0	TO041	81	81	0	e:h	eh	_	_	_	_	_	linguistic	_	none	_	Begin=252.86|End=253.56	0x1	_	_	_
82-0	TO041	82	82	0	io,	io	_	_	_	_	_	linguistic	_	none	Intonation=WeaklyRising	Begin=254.257|End=254.81	_	_	_	_
83-0	TO041	83	83	0	sono	sono	_	_	_	_	_	linguistic	_	none	_	Begin=255.135	_	_	_	_
83-1	TO041	83	83	1	sempre	sempre	_	_	_	_	_	linguistic	_	none	_	_	_	_	_	_
83-2	TO041	83	83	2	stata	stata	_	_	_	_	_	linguistic	_	none	_	_	_	_	_	_
83-3	TO041	83	83	3	da	da	_	_	_	_	_	linguistic	_	none	_	_	_	_	_	_
83-4	TO041	83	83	4	sola	sola	_	_	_	_	_	linguistic	_	none	_	_	_	_	_	_
83-5	TO041	83	83	5	soltanto	soltanto	_	_	_	_	_	linguistic	_	none	_	_	_	_	_	_
83-6	TO041	83	83	6	quando	quando	_	_	_	_	_	linguistic	_	none	_	_	_	_	_	_
83-7	TO041	83	83	7	sono	sono	_	_	_	_	_	linguistic	_	none	_	_	_	_	_	_
83-8	TO041	83	83	8	stata	stata	_	_	_	_	_	linguistic	_	none	_	_	_	_	_	_
83-9	TO041	83	83	9	obbligata.	obbligata	_	_	_	_	_	linguistic	_	none	Intonation=Falling	End=259.384	_	_	_	_
84-0	TO041	84	84	0	invece	invece	_	_	_	_	_	linguistic	_	none	PauseAfter=Yes	Begin=259.579	_	_	_	_
84-1	TO041	84	84	1	(.)	(.)	_	_	_	_	_	shortpause	_	none	_	_	_	_	_	_
84-2	TO041	84	84	2	in	in	_	_	_	_	_	linguistic	_	none	_	_	_	_	_	_
84-3	TO041	84	84	3	finlandia	finlandia	_	_	_	_	_	linguistic	_	none	_	_	_	_	_	_
84-4	TO041	84	84	4	ho	ho	_	_	_	_	_	linguistic	_	none	_	_	_	_	_	_
84-5	TO041	84	84	5	imparato	imparato	_	_	_	_	_	linguistic	_	none	_	_	_	_	_	_
84-6	TO041	84	84	6	che	che	_	_	_	_	_	linguistic	_	none	_	_	_	_	_	_
84-7	TO041	84	84	7	a	a	_	_	_	_	_	linguistic	_	none	_	_	_	_	_	_
84-8	TO041	84	84	8	volte	volte	_	_	_	_	_	linguistic	_	none	_	_	_	_	_	_
84-9	TO041	84	84	9	stare	stare	_	_	_	_	_	linguistic	_	none	_	_	_	_	_	_
84-10	TO041	84	84	10	da	da	_	_	_	_	_	linguistic	_	none	_	_	_	_	_	_
84-11	TO041	84	84	11	soli,	soli	_	_	_	_	_	linguistic	_	none	Intonation=WeaklyRising	End=263.851	_	_	_	_
85-0	TO041	85	85	0	cioè	cioè	_	_	_	_	_	linguistic	_	none	_	Begin=264.465	_	_	_	_
85-1	TO041	85	85	1	che	che	_	_	_	_	_	linguistic	_	none	_	_	_	_	_	_
85-2	TO041	85	85	2	stare	stare	_	_	_	_	_	linguistic	_	none	_	_	_	_	_	_
85-3	TO041	85	85	3	da	da	_	_	_	_	_	linguistic	_	none	_	_	_	_	_	_
85-4	TO041	85	85	4	soli	soli	_	_	_	_	_	linguistic	_	none	_	_	_	_	_	_
85-5	TO041	85	85	5	è	è	_	_	_	_	_	linguistic	_	none	_	_	_	_	_	_
85-6	TO041	85	85	6	anche	anche	_	_	_	_	_	linguistic	_	none	_	_	_	_	_	_
85-7	TO041	85	85	7	bello	bello	_	_	_	_	_	linguistic	_	none	_	_	_	_	_	_
85-8	TO041	85	85	8	nel	nel	_	_	_	_	_	linguistic	_	none	_	_	_	_	_	_
85-9	TO041	85	85	9	senso	senso	_	_	_	_	_	linguistic	_	none	_	_	_	_	_	_
85-10	TO041	85	85	10	può	può	_	_	_	_	_	linguistic	_	none	_	_	_	_	_	_
85-11	TO041	85	85	11	anche	anche	_	_	_	_	_	linguistic	_	none	_	_	_	_	_	_
85-12	TO041	85	85	12	essere	essere	_	_	_	_	_	linguistic	_	none	_	_	_	_	_	_
85-13	TO041	85	85	13	un	un	_	_	_	_	_	linguistic	_	none	_	_	_	_	_	_
85-14	TO041	85	85	14	modo	modo	_	_	_	_	_	linguistic	_	none	_	_	_	_	_	_
85-15	TO041	85	85	15	per	per	_	_	_	_	_	linguistic	_	none	_	_	_	_	_	_
85-16	TO041	85	85	16	riflettere	riflettere	_	_	_	_	_	linguistic	_	none	_	_	_	_	_	_
85-17	TO041	85	85	17	su	su	_	_	_	_	_	linguistic	_	none	_	_	_	_	_	_
85-18	TO041	85	85	18	te	te	_	_	_	_	_	linguistic	_	none	_	_	_	_	_	_
85-19	TO041	85	85	19	stesso	stesso	_	_	_	_	_	linguistic	_	none	_	_	_	_	_	_
85-20	TO041	85	85	20	per	per	_	_	_	_	_	linguistic	_	none	_	_	_	_	_	_
85-21	TO041	85	85	21	capire	capire	_	_	_	_	_	linguistic	_	none	_	_	_	_	_	_
85-22	TO041	85	85	22	delle	delle	_	_	_	_	_	linguistic	_	none	_	_	_	_	_	_
85-23	TO041	85	85	23	cose,	cose	_	_	_	_	_	linguistic	_	none	Intonation=WeaklyRising	End=271.51	_	_	_	_
86-0	TO041	86	86	0	e	e	_	_	_	_	_	linguistic	_	none	_	Begin=271.878	_	_	_	_
86-1	TO041	86	86	1	pe:r,	per	_	_	_	_	_	linguistic	_	none	Intonation=WeaklyRising	End=272.93	1x1	_	_	_
87-0	TO041	87	87	0	anche,	anche	_	_	_	_	_	linguistic	_	none	Intonation=WeaklyRising	Begin=273.407|End=274.03	_	_	_	_
88-0	TO041	88	88	0	rilassarti	rilassarti	_	_	_	_	_	linguistic	_	none	_	Begin=274.317	_	_	_	_
88-1	TO041	88	88	1	e	e	_	_	_	_	_	linguistic	_	none	_	_	_	_	_	_
88-2	TO041	88	88	2	per	per	_	_	_	_	_	linguistic	_	none	_	_	_	_	_	_
88-3	TO041	88	88	3	essere	essere	_	_	_	_	_	linguistic	_	none	_	_	_	_	_	_
88-4	TO041	88	88	4	e	e	_	_	_	_	_	linguistic	_	none	_	_	_	_	_	_
88-5	TO041	88	88	5	capire	capire	_	_	_	_	_	linguistic	_	none	_	_	_	_	_	_
88-6	TO041	88	88	6	chi	chi	_	_	_	_	_	linguistic	_	none	_	_	_	_	_	_
88-7	TO041	88	88	7	sei	sei	_	_	_	_	_	linguistic	_	none	_	_	_	_	_	_
88-8	TO041	88	88	8	veramente	veramente	_	_	_	_	_	linguistic	_	none	_	_	_	_	_	_
88-9	TO041	88	88	9	perché	perché	_	_	_	_	_	linguistic	_	none	_	_	_	_	_	_
88-10	TO041	88	88	10	certe	certe	_	_	_	_	_	linguistic	_	none	_	_	_	_	_	_
88-11	TO041	88	88	11	volte:	volte	_	_	_	_	_	linguistic	_	none	_	End=279.31	4x1	_	_	_
89-0	TO041	89	89	0	cioè	cioè	_	_	_	_	_	linguistic	_	none	_	Begin=279.809	_	_	_	_
89-1	TO041	89	89	1	se	se	_	_	_	_	_	linguistic	_	none	_	_	_	_	_	_
89-2	TO041	89	89	2	tu	tu	_	_	_	_	_	linguistic	_	none	_	_	_	_	_	_
89-3	TO041	89	89	3	alla	alla	_	_	_	_	_	linguistic	_	none	_	_	_	_	_	_
89-4	TO041	89	89	4	fine	fine	_	_	_	_	_	linguistic	_	none	_	_	_	_	_	_
89-5	TO041	89	89	5	stai	stai	_	_	_	_	_	linguistic	_	none	_	_	_	_	_	_
89-6	TO041	89	89	6	sempre,	sempre	_	_	_	_	_	linguistic	_	none	Intonation=WeaklyRising	End=282.469	_	_	_	_
90-0	TO041	90	90	0	e::h	eh	_	_	_	_	_	linguistic	_	none	_	Begin=282.749	0x2	_	_	_
90-1	TO041	90	90	1	con	con	_	_	_	_	_	linguistic	_	none	_	_	_	_	_	_
90-2	TO041	90	90	2	altre	altre	_	_	_	_	_	linguistic	_	none	_	_	_	_	_	_
90-3	TO041	90	90	3	persone	persone	_	_	_	_	_	linguistic	_	none	_	_	_	_	_	_
90-4	TO041	90	90	4	che	che	_	_	_	_	_	linguistic	_	none	_	_	_	_	_	_
90-5	TO041	90	90	5	siano,	siano	_	_	_	_	_	linguistic	_	none	Intonation=WeaklyRising	End=285.84	_	_	_	_
91-0	TO041	91	91	0	i	i	_	_	_	_	_	linguistic	_	none	_	Begin=285.996	_	_	_	_
91-1	TO041	91	91	1	tuoi	tuoi	_	_	_	_	_	linguistic	_	none	_	_	_	_	_	_
91-2	TO041	91	91	2	amici	amici	_	_	_	_	_	linguistic	_	none	_	_	_	_	_	_
91-3	TO041	91	91	3	o	o	_	_	_	_	_	linguistic	_	none	_	_	_	_	_	_
91-4	TO041	91	91	4	la	la	_	_	_	_	_	linguistic	_	none	_	_	_	_	_	_
91-5	TO041	91	91	5	tua	tua	_	_	_	_	_	linguistic	_	none	_	_	_	_	_	_
91-6	TO041	91	91	6	famiglia	famiglia	_	_	_	_	_	linguistic	_	none	_	_	_	_	_	_
91-7	TO041	91	91	7	alla	alla	_	_	_	_	_	linguistic	_	none	_	_	_	_	_	_
91-8	TO041	91	91	8	fine	fine	_	_	_	_	_	linguistic	_	none	_	_	_	_	_	_
91-9	TO041	91	91	9	ti	ti	_	_	_	_	_	linguistic	_	none	_	_	_	_	_	_
91-10	TO041	91	91	10	conosci	conosci	_	_	_	_	_	linguistic	_	none	_	_	_	_	_	_
91-11	TO041	91	91	11	per	per	_	_	_	_	_	linguistic	_	none	_	_	_	_	_	_
91-12	TO041	91	91	12	ciò	ciò	_	_	_	_	_	linguistic	_	none	_	_	_	_	_	_
91-13	TO041	91	91	13	che	che	_	_	_	_	_	linguistic	_	none	_	_	_	_	_	_
91-14	TO041	91	91	14	sei	sei	_	_	_	_	_	linguistic	_	none	_	_	_	_	_	_
91-15	TO041	91	91	15	in	in	_	_	_	_	_	linguistic	_	none	_	_	_	_	_	_
91-16	TO041	91	91	16	relazione	relazione	_	_	_	_	_	linguistic	_	none	_	_	_	_	_	_
91-17	TO041	91	91	17	agli	agli	_	_	_	_	_	linguistic	_	none	_	_	_	_	_	_
91-18	TO041	91	91	18	altri	altri	_	_	_	_	_	linguistic	_	none	_	_	_	_	_	_
91-19	TO041	91	91	19	non	non	_	_	_	_	_	linguistic	_	none	_	_	_	_	_	_
91-20	TO041	91	91	20	per	per	_	_	_	_	_	linguistic	_	none	_	_	_	_	_	_
91-21	TO041	91	91	21	ciò	ciò	_	_	_	_	_	linguistic	_	none	_	_	_	_	_	_
91-22	TO041	91	91	22	che	che	_	_	_	_	_	linguistic	_	none	_	_	_	_	_	_
91-23	TO041	91	91	23	sei,	sei	_	_	_	_	_	linguistic	_	none	Intonation=WeaklyRising	End=292.53	_	_	_	_
92-0	TO041	92	92	0	in	in	_	_	_	_	_	linguistic	_	none	_	Begin=293.041	_	_	_	_
92-1	TO041	92	92	1	rel[azione	relazione	_	_	_	_	_	linguistic	_	none	_	_	_	_	_	3-9(25)
92-2	TO041	92	92	2	a	a	_	_	_	_	_	linguistic	_	none	_	_	_	_	_	0-1(25)
92-3	TO041	92	92	3	te	te	_	_	_	_	_	linguistic	_	none	_	_	_	_	_	0-2(25)
92-4	TO041	92	92	4	stesso].	stesso	_	_	_	_	_	linguistic	_	none	Intonation=Falling	End=294.788	_	_	_	0-6(25)
93-0	TO055	93	93	0	[°relazione	relazione	_	_	_	_	_	linguistic	_	none	Volume=low	Begin=293.544	_	_	_	0-9(25)
93-1	TO055	93	93	1	a	a	_	_	_	_	_	linguistic	_	none	Volume=low	_	_	_	_	0-1(25)
93-2	TO055	93	93	2	te	te	_	_	_	_	_	linguistic	_	none	Volume=low	_	_	_	_	0-2(25)
93-3	TO055	93	93	3	stesso.°]	stesso	_	_	_	_	_	linguistic	_	none	Intonation=Falling|Volume=low	End=294.819	_	_	_	0-6(25)
94-0	TO041	94	94	0	e	e	_	_	_	_	_	linguistic	_	none	_	Begin=294.964	_	_	_	_
94-1	TO041	94	94	1	quindi	quindi	_	_	_	_	_	linguistic	_	none	_	_	_	_	_	_
94-2	TO041	94	94	2	questa	questa	_	_	_	_	_	linguistic	_	none	_	_	_	_	_	_
94-3	TO041	94	94	3	è	è	_	_	_	_	_	linguistic	_	none	_	_	_	_	_	_
94-4	TO041	94	94	4	una	una	_	_	_	_	_	linguistic	_	none	_	_	_	_	_	_
94-5	TO041	94	94	5	cosa	cosa	_	_	_	_	_	linguistic	_	none	_	_	_	_	_	_
94-6	TO041	94	94	6	molto	molto	_	_	_	_	_	linguistic	_	none	_	_	_	_	_	_
94-7	TO041	94	94	7	bella	bella	_	_	_	_	_	linguistic	_	none	_	_	_	_	_	_
94-8	TO041	94	94	8	che	che	_	_	_	_	_	linguistic	_	none	_	_	_	_	_	_
94-9	TO041	94	94	9	ho	ho	_	_	_	_	_	linguistic	_	none	_	_	_	_	_	_
94-10	TO041	94	94	10	imparato:	imparato	_	_	_	_	_	linguistic	_	none	_	End=298.09	7x1	_	_	_
95-0	TO041	95	95	0	dai	dai	_	_	_	_	_	linguistic	_	none	_	Begin=298.362	_	_	_	_
95-1	TO041	95	95	1	finlandesi.	finlandesi	_	_	_	_	_	linguistic	_	none	Intonation=Falling	End=299.625	_	_	_	_
96-0	TO041	96	96	0	[e::h]	eh	_	_	_	_	_	linguistic	_	none	_	Begin=301.09|End=302.07	0x2	_	_	0-2(26)
97-0	TO055	97	97	0	[e	e	_	_	_	_	_	linguistic	_	none	_	Begin=301.537	_	_	_	0-1(26)
97-1	TO055	97	97	1	a	a	_	_	_	_	_	linguistic	_	none	_	_	_	_	_	0-1(26)
97-2	TO055	97	97	2	livello]	livello	_	_	_	_	_	linguistic	_	none	_	_	_	_	_	0-7(26)
97-3	TO055	97	97	3	universitario::	universitario	_	_	_	_	_	linguistic	_	none	_	_	12x2	_	_	_
97-4	TO055	97	97	4	ti	ti	_	_	_	_	_	linguistic	_	none	_	_	_	_	_	_
97-5	TO055	97	97	5	sei	sei	_	_	_	_	_	linguistic	_	none	_	_	_	_	_	_
97-6	TO055	97	97	6	trovata	trovata	_	_	_	_	_	linguistic	_	none	_	_	_	_	_	_
97-7	TO055	97	97	7	bene?	bene	_	_	_	_	_	linguistic	_	none	Intonation=Rising	End=304.9	_	_	_	_
98-0	TO041	98	98	0	allora	allora	_	_	_	_	_	linguistic	_	none	_	Begin=304.987	_	_	_	_
98-1	TO041	98	98	1	a	a	_	_	_	_	_	linguistic	_	none	_	_	_	_	_	_
98-2	TO041	98	98	2	rive~	rive~	_	_	_	_	_	linguistic	_	none	Interrupted=Yes	_	_	_	_	_
98-3	TO041	98	98	3	a	a	_	_	_	_	_	linguistic	_	none	_	_	_	_	_	_
98-4	TO041	98	98	4	livello	livello	_	_	_	_	_	linguistic	_	none	_	_	_	_	_	_
98-5	TO041	98	98	5	universitario	universitario	_	_	_	_	_	linguistic	_	none	PauseAfter=Yes	_	_	_	_	_
98-6	TO041	98	98	6	(.)	(.)	_	_	_	_	_	shortpause	_	none	_	_	_	_	_	_
98-7	TO041	98	98	7	non	non	_	_	_	_	_	linguistic	_	none	_	_	_	_	_	_
98-8	TO041	98	98	8	ho	ho	_	_	_	_	_	linguistic	_	none	PauseAfter=Yes	_	_	_	_	_
98-9	TO041	98	98	9	(.)	(.)	_	_	_	_	_	shortpause	_	none	_	_	_	_	_	_
98-10	TO041	98	98	10	proprio	proprio	_	_	_	_	_	linguistic	_	none	PauseAfter=Yes	_	_	_	_	_
98-11	TO041	98	98	11	(.)	(.)	_	_	_	_	_	shortpause	_	none	_	_	_	_	_	_
98-12	TO041	98	98	12	<niente>,	niente	_	_	_	_	_	linguistic	_	none	Intonation=WeaklyRising	End=309.335	_	Slow=0-6(0)	_	_
99-0	TO041	99	99	0	da:	da	_	_	_	_	_	linguistic	_	none	_	Begin=309.521	1x1	_	_	_
99-1	TO041	99	99	1	ridire.	ridire	_	_	_	_	_	linguistic	_	none	Intonation=Falling	End=310.604	_	_	_	_
100-0	TO041	100	100	0	perché,	perché	_	_	_	_	_	linguistic	_	none	Intonation=WeaklyRising	Begin=310.692|End=311.635	_	_	_	_
101-0	TO041	101	101	0	sì,	sì	_	_	_	_	_	linguistic	_	none	Intonation=WeaklyRising	Begin=312.363|End=312.75	_	_	_	_
102-0	TO041	102	102	0	io,	io	_	_	_	_	_	linguistic	_	none	Intonation=WeaklyRising	Begin=312.806|End=313.25	_	_	_	_
103-0	TO041	103	103	0	c'	c'	_	_	_	_	_	linguistic	_	none	SpaceAfter=No	Begin=313.493	_	_	_	_
103-1	TO041	103	103	1	è	è	_	_	_	_	_	linguistic	_	none	_	_	_	_	_	_
103-2	TO041	103	103	2	da	da	_	_	_	_	_	linguistic	_	none	_	_	_	_	_	_
103-3	TO041	103	103	3	dire	dire	_	_	_	_	_	linguistic	_	none	_	_	_	_	_	_
103-4	TO041	103	103	4	che	che	_	_	_	_	_	linguistic	_	none	_	_	_	_	_	_
103-5	TO041	103	103	5	qui	qui	_	_	_	_	_	linguistic	_	none	_	_	_	_	_	_
103-6	TO041	103	103	6	a	a	_	_	_	_	_	linguistic	_	none	_	_	_	_	_	_
103-7	TO041	103	103	7	torino	torino	_	_	_	_	_	linguistic	_	none	_	_	_	_	_	_
103-8	TO041	103	103	8	frequento:	frequento	_	_	_	_	_	linguistic	_	none	_	_	8x1	_	_	_
103-9	TO041	103	103	9	un	un	_	_	_	_	_	linguistic	_	none	_	_	_	_	_	_
103-10	TO041	103	103	10	corso	corso	_	_	_	_	_	linguistic	_	none	_	_	_	_	_	_
103-11	TO041	103	103	11	che	che	_	_	_	_	_	linguistic	_	none	_	_	_	_	_	_
103-12	TO041	103	103	12	è	è	_	_	_	_	_	linguistic	_	none	_	_	_	_	_	_
103-13	TO041	103	103	13	in	in	_	_	_	_	_	linguistic	_	none	_	_	_	_	_	_
103-14	TO041	103	103	14	li~	li~	_	_	_	_	_	linguistic	_	none	Interrupted=Yes	_	_	_	_	_
103-15	TO041	103	103	15	di	di	_	_	_	_	_	linguistic	_	none	_	_	_	_	_	_
103-16	TO041	103	103	16	economia	economia	_	_	_	_	_	linguistic	_	none	_	_	_	_	_	_
103-17	TO041	103	103	17	che	che	_	_	_	_	_	linguistic	_	none	_	_	_	_	_	_
103-18	TO041	103	103	18	è	è	_	_	_	_	_	linguistic	_	none	_	_	_	_	_	_
103-19	TO041	103	103	19	in	in	_	_	_	_	_	linguistic	_	none	_	_	_	_	_	_
103-20	TO041	103	103	20	lingua	lingua	_	_	_	_	_	linguistic	_	none	_	_	_	_	_	_
103-21	TO041	103	103	21	inglese	inglese	_	_	_	_	_	linguistic	_	none	_	_	_	_	_	_
103-22	TO041	103	103	22	e	e	_	_	_	_	_	linguistic	_	none	_	_	_	_	_	_
103-23	TO041	103	103	23	siamo	siamo	_	_	_	_	_	linguistic	_	none	PauseAfter=Yes	_	_	_	_	_
103-24	TO041	103	103	24	(.)	(.)	_	_	_	_	_	shortpause	_	none	_	_	_	_	_	_
103-25	TO041	103	103	25	molto	molto	_	_	_	_	_	linguistic	_	none	_	_	_	_	_	_
103-26	TO041	103	103	26	pochi	pochi	_	_	_	_	_	linguistic	_	none	_	_	_	_	_	_
103-27	TO041	103	103	27	in	in	_	_	_	_	_	linguistic	_	none	_	_	_	_	_	_
103-28	TO041	103	103	28	classe,	classe	_	_	_	_	_	linguistic	_	none	Intonation=WeaklyRising	End=322.25	_	_	_	_
104-0	TO041	104	104	0	e:h	eh	_	_	_	_	_	linguistic	_	none	_	Begin=322.607	0x1	_	_	_
104-1	TO041	104	104	1	non	non	_	_	_	_	_	linguistic	_	none	_	_	_	_	_	_
104-2	TO041	104	104	2	è	è	_	_	_	_	_	linguistic	_	none	_	_	_	_	_	_
104-3	TO041	104	104	3	diciamo,	diciamo	_	_	_	_	_	linguistic	_	none	Intonation=WeaklyRising	End=324.29	_	_	_	_
105-0	TO041	105	105	0	tradiz~	tradiz~	_	_	_	_	_	linguistic	_	none	Interrupted=Yes	Begin=324.465	_	_	_	_
105-1	TO041	105	105	1	cioè,	cioè	_	_	_	_	_	linguistic	_	none	Intonation=WeaklyRising	End=325.72	_	_	_	_
106-0	TO041	106	106	0	non	non	_	_	_	_	_	linguistic	_	none	_	Begin=326.184	_	_	_	_
106-1	TO041	106	106	1	assomiglia	assomiglia	_	_	_	_	_	linguistic	_	none	_	_	_	_	_	_
106-2	TO041	106	106	2	alle	alle	_	_	_	_	_	linguistic	_	none	_	_	_	_	_	_
106-3	TO041	106	106	3	altre	altre	_	_	_	_	_	linguistic	_	none	_	_	_	_	_	_
106-4	TO041	106	106	4	università	università	_	_	_	_	_	linguistic	_	none	_	_	_	_	_	_
106-5	TO041	106	106	5	proprio	proprio	_	_	_	_	_	linguistic	_	none	_	_	_	_	_	_
106-6	TO041	106	106	6	tradizionali	tradizionali	_	_	_	_	_	linguistic	_	none	_	_	_	_	_	_
106-7	TO041	106	106	7	italiane	italiane	_	_	_	_	_	linguistic	_	none	_	_	_	_	_	_
106-8	TO041	106	106	8	che	che	_	_	_	_	_	linguistic	_	none	_	_	_	_	_	_
106-9	TO041	106	106	9	hai,	hai	_	_	_	_	_	linguistic	_	none	Intonation=WeaklyRising	End=330.946	_	_	_	_
107-0	TO041	107	107	0	in	in	_	_	_	_	_	linguistic	_	none	_	Begin=331.095	_	_	_	_
107-1	TO041	107	107	1	cui	cui	_	_	_	_	_	linguistic	_	none	_	_	_	_	_	_
107-2	TO041	107	107	2	hai	hai	_	_	_	_	_	linguistic	_	none	PauseAfter=Yes	_	_	_	_	_
107-3	TO041	107	107	3	(.)	(.)	_	_	_	_	_	shortpause	_	none	_	_	_	_	_	_
107-4	TO041	107	107	4	tre	tre	_	_	_	_	_	linguistic	_	none	_	_	_	_	_	_
107-5	TO041	107	107	5	mesi	mesi	_	_	_	_	_	linguistic	_	none	_	_	_	_	_	_
107-6	TO041	107	107	6	di	di	_	_	_	_	_	linguistic	_	none	_	_	_	_	_	_
107-7	TO041	107	107	7	lezione	lezione	_	_	_	_	_	linguistic	_	none	_	_	_	_	_	_
107-8	TO041	107	107	8	e	e	_	_	_	_	_	linguistic	_	none	_	_	_	_	_	_
107-9	TO041	107	107	9	poi	poi	_	_	_	_	_	linguistic	_	none	_	_	_	_	_	_
107-10	TO041	107	107	10	la	la	_	_	_	_	_	linguistic	_	none	_	_	_	_	_	_
107-11	TO041	107	107	11	pausa	pausa	_	_	_	_	_	linguistic	_	none	_	_	_	_	_	_
107-12	TO041	107	107	12	esami	esami	_	_	_	_	_	linguistic	_	none	_	_	_	_	_	_
107-13	TO041	107	107	13	e	e	_	_	_	_	_	linguistic	_	none	_	_	_	_	_	_
107-14	TO041	107	107	14	che	che	_	_	_	_	_	linguistic	_	none	_	_	_	_	_	_
107-15	TO041	107	107	15	ci	ci	_	_	_	_	_	linguistic	_	none	_	_	_	_	_	_
107-16	TO041	107	107	16	sono	sono	_	_	_	_	_	linguistic	_	none	_	_	_	_	_	_
107-17	TO041	107	107	17	in	in	_	_	_	_	_	linguistic	_	none	_	_	_	_	_	_
107-18	TO041	107	107	18	cui	cui	_	_	_	_	_	linguistic	_	none	_	_	_	_	_	_
107-19	TO041	107	107	19	ci	ci	_	_	_	_	_	linguistic	_	none	_	_	_	_	_	_
107-20	TO041	107	107	20	sono	sono	_	_	_	_	_	linguistic	_	none	_	_	_	_	_	_
107-21	TO041	107	107	21	le	le	_	_	_	_	_	linguistic	_	none	_	_	_	_	_	_
107-22	TO041	107	107	22	classi	classi	_	_	_	_	_	linguistic	_	none	_	_	_	_	_	_
107-23	TO041	107	107	23	molto	molto	_	_	_	_	_	linguistic	_	none	_	_	_	_	_	_
107-24	TO041	107	107	24	grandi,	grandi	_	_	_	_	_	linguistic	_	none	Intonation=WeaklyRising	End=339.07	_	_	_	_
108-0	TO041	108	108	0	e	e	_	_	_	_	_	linguistic	_	none	_	Begin=339.312	_	_	_	_
108-1	TO041	108	108	1	in	in	_	_	_	_	_	linguistic	_	none	_	_	_	_	_	_
108-2	TO041	108	108	2	cui	cui	_	_	_	_	_	linguistic	_	none	_	_	_	_	_	_
108-3	TO041	108	108	3	non	non	_	_	_	_	_	linguistic	_	none	_	_	_	_	_	_
108-4	TO041	108	108	4	c'	c'	_	_	_	_	_	linguistic	_	none	SpaceAfter=No	_	_	_	_	_
108-5	TO041	108	108	5	è	è	_	_	_	_	_	linguistic	_	none	_	_	_	_	_	_
108-6	TO041	108	108	6	proprio	proprio	_	_	_	_	_	linguistic	_	none	_	_	_	_	_	_
108-7	TO041	108	108	7	zero	zero	_	_	_	_	_	linguistic	_	none	_	_	_	_	_	_
108-8	TO041	108	108	8	rapporto	rapporto	_	_	_	_	_	linguistic	_	none	_	_	_	_	_	_
108-9	TO041	108	108	9	tra:	tra	_	_	_	_	_	linguistic	_	none	_	End=342.54	2x1	_	_	_
109-0	TO041	109	109	0	gli	gli	_	_	_	_	_	linguistic	_	none	_	Begin=342.753	_	_	_	_
109-1	TO041	109	109	1	studenti	studenti	_	_	_	_	_	linguistic	_	none	_	_	_	_	_	_
109-2	TO041	109	109	2	e	e	_	_	_	_	_	linguistic	_	none	_	_	_	_	_	_
109-3	TO041	109	109	3	gli	gli	_	_	_	_	_	linguistic	_	none	_	_	_	_	_	_
109-4	TO041	109	109	4	insegnanti	insegnanti	_	_	_	_	_	linguistic	_	none	_	_	_	_	_	_
109-5	TO041	109	109	5	che	che	_	_	_	_	_	linguistic	_	none	_	_	_	_	_	_
109-6	TO041	109	109	6	sono	sono	_	_	_	_	_	linguistic	_	none	_	_	_	_	_	_
109-7	TO041	109	109	7	soltanto	soltanto	_	_	_	_	_	linguistic	_	none	_	_	_	_	_	_
109-8	TO041	109	109	8	lì	lì	_	_	_	_	_	linguistic	_	none	_	_	_	_	_	_
109-9	TO041	109	109	9	per	per	_	_	_	_	_	linguistic	_	none	_	_	_	_	_	_
109-10	TO041	109	109	10	fare	fare	_	_	_	_	_	linguistic	_	none	_	_	_	_	_	_
109-11	TO041	109	109	11	una	una	_	_	_	_	_	linguistic	_	none	_	_	_	_	_	_
109-12	TO041	109	109	12	lezione	lezione	_	_	_	_	_	linguistic	_	none	_	_	_	_	_	_
109-13	TO041	109	109	13	frontale	frontale	_	_	_	_	_	linguistic	_	none	PauseAfter=Yes	_	_	_	_	_
109-14	TO041	109	109	14	(.)	(.)	_	_	_	_	_	shortpause	_	none	_	_	_	_	_	_
109-15	TO041	109	109	15	e	e	_	_	_	_	_	linguistic	_	none	PauseAfter=Yes	_	_	_	_	_
109-16	TO041	109	109	16	(.)	(.)	_	_	_	_	_	shortpause	_	none	_	_	_	_	_	_
109-17	TO041	109	109	17	con	con	_	_	_	_	_	linguistic	_	none	_	_	_	_	_	_
109-18	TO041	109	109	18	zero	zero	_	_	_	_	_	linguistic	_	none	_	_	_	_	_	_
109-19	TO041	109	109	19	partecipazione	partecipazione	_	_	_	_	_	linguistic	_	none	_	_	_	_	_	_
109-20	TO041	109	109	20	da	da	_	_	_	_	_	linguistic	_	none	_	_	_	_	_	_
109-21	TO041	109	109	21	parte	parte	_	_	_	_	_	linguistic	_	none	_	_	_	_	_	_
109-22	TO041	109	109	22	degli	degli	_	_	_	_	_	linguistic	_	none	_	_	_	_	_	_
109-23	TO041	109	109	23	studenti,	studenti	_	_	_	_	_	linguistic	_	none	Intonation=WeaklyRising	End=351.72	_	_	_	_
110-0	TO041	110	110	0	cioè	cioè	_	_	_	_	_	linguistic	_	none	_	Begin=352.37	_	_	_	_
110-1	TO041	110	110	1	io	io	_	_	_	_	_	linguistic	_	none	_	_	_	_	_	_
110-2	TO041	110	110	2	s~	s~	_	_	_	_	_	linguistic	_	none	Interrupted=Yes	_	_	_	_	_
110-3	TO041	110	110	3	ero	ero	_	_	_	_	_	linguistic	_	none	_	_	_	_	_	_
110-4	TO041	110	110	4	già	già	_	_	_	_	_	linguistic	_	none	_	_	_	_	_	_
110-5	TO041	110	110	5	abituata	abituata	_	_	_	_	_	linguistic	_	none	_	_	_	_	_	_
110-6	TO041	110	110	6	ad	ad	_	_	_	_	_	linguistic	_	none	_	_	_	_	_	_
110-7	TO041	110	110	7	avere	avere	_	_	_	_	_	linguistic	_	none	_	_	_	_	_	_
110-8	TO041	110	110	8	un	un	_	_	_	_	_	linguistic	_	none	_	_	_	_	_	_
110-9	TO041	110	110	9	certo	certo	_	_	_	_	_	linguistic	_	none	_	_	_	_	_	_
110-10	TO041	110	110	10	rapporto	rapporto	_	_	_	_	_	linguistic	_	none	_	_	_	_	_	_
110-11	TO041	110	110	11	con	con	_	_	_	_	_	linguistic	_	none	_	_	_	_	_	_
110-12	TO041	110	110	12	i	i	_	_	_	_	_	linguistic	_	none	_	_	_	_	_	_
110-13	TO041	110	110	13	doce:nti	docenti	_	_	_	_	_	linguistic	_	none	_	_	3x1	_	_	_
110-14	TO041	110	110	14	e	e	_	_	_	_	_	linguistic	_	none	_	_	_	_	_	_
110-15	TO041	110	110	15	anche	anche	_	_	_	_	_	linguistic	_	none	_	_	_	_	_	_
110-16	TO041	110	110	16	a:	a	_	_	_	_	_	linguistic	_	none	_	_	0x1	_	_	_
110-17	TO041	110	110	17	fare	fare	_	_	_	_	_	linguistic	_	none	PauseAfter=Yes	_	_	_	_	_
110-18	TO041	110	110	18	(.)	(.)	_	_	_	_	_	shortpause	_	none	_	_	_	_	_	_
110-19	TO041	110	110	19	vari	vari	_	_	_	_	_	linguistic	_	none	_	_	_	_	_	_
110-20	TO041	110	110	20	lavori	lavori	_	_	_	_	_	linguistic	_	none	_	_	_	_	_	_
110-21	TO041	110	110	21	di	di	_	_	_	_	_	linguistic	_	none	_	_	_	_	_	_
110-22	TO041	110	110	22	gruppo	gruppo	_	_	_	_	_	linguistic	_	none	_	_	_	_	_	_
110-23	TO041	110	110	23	eccetera	eccetera	_	_	_	_	_	linguistic	_	none	_	_	_	_	_	_
110-24	TO041	110	110	24	però	però	_	_	_	_	_	linguistic	_	none	PauseAfter=Yes	_	_	_	_	_
110-25	TO041	110	110	25	(.)	(.)	_	_	_	_	_	shortpause	_	none	_	_	_	_	_	_
110-26	TO041	110	110	26	niente	niente	_	_	_	_	_	linguistic	_	none	_	_	_	_	_	_
110-27	TO041	110	110	27	in	in	_	_	_	_	_	linguistic	_	none	_	_	_	_	_	_
110-28	TO041	110	110	28	confronto	confronto	_	_	_	_	_	linguistic	_	none	_	_	_	_	_	_
110-29	TO041	110	110	29	con	con	_	_	_	_	_	linguistic	_	none	_	_	_	_	_	_
110-30	TO041	110	110	30	la	la	_	_	_	_	_	linguistic	_	none	_	_	_	_	_	_
110-31	TO041	110	110	31	finlandia.	finlandia	_	_	_	_	_	linguistic	_	none	Intonation=Falling	End=362.67	_	_	_	_
111-0	TO041	111	111	0	loro,	loro	_	_	_	_	_	linguistic	_	none	Intonation=WeaklyRising	Begin=362.984|End=363.72	_	_	_	_
112-0	TO041	112	112	0	m:h	mh	_	_	_	_	_	linguistic	_	none	ProsodicLink=Yes	Begin=363.911	0x1	_	_	_
112-1	TO041	112	112	1	lì,	lì	_	_	_	_	_	linguistic	_	none	Intonation=WeaklyRising	End=364.874	_	_	_	_
113-0	TO041	113	113	0	<stud~>	stud~	_	_	_	_	_	linguistic	_	none	Interrupted=Yes	Begin=365.132	_	Slow=0-5(0)	_	_
113-1	TO041	113	113	1	cioè	cioè	_	_	_	_	_	linguistic	_	none	_	_	_	_	_	_
113-2	TO041	113	113	2	per	per	_	_	_	_	_	linguistic	_	none	_	_	_	_	_	_
113-3	TO041	113	113	3	loro	loro	_	_	_	_	_	linguistic	_	none	_	_	_	_	_	_
113-4	TO041	113	113	4	studiare	studiare	_	_	_	_	_	linguistic	_	none	_	_	_	_	_	_
113-5	TO041	113	113	5	non	non	_	_	_	_	_	linguistic	_	none	_	_	_	_	_	_
113-6	TO041	113	113	6	esiste	esiste	_	_	_	_	_	linguistic	_	none	_	_	_	_	_	_
113-7	TO041	113	113	7	ma,	ma	_	_	_	_	_	linguistic	_	none	Intonation=WeaklyRising	End=368.17	_	_	_	_
114-0	TO041	114	114	0	sin	sin	_	_	_	_	_	linguistic	_	none	_	Begin=368.404	_	_	_	_
114-1	TO041	114	114	1	dal~	dal~	_	_	_	_	_	linguistic	_	none	Interrupted=Yes	_	_	_	_	_
114-2	TO041	114	114	2	dai	dai	_	_	_	_	_	linguistic	_	none	_	_	_	_	_	_
114-3	TO041	114	114	3	primi	primi	_	_	_	_	_	linguistic	_	none	_	_	_	_	_	_
114-4	TO041	114	114	4	anni	anni	_	_	_	_	_	linguistic	_	none	_	_	_	_	_	_
114-5	TO041	114	114	5	delle	delle	_	_	_	_	_	linguistic	_	none	_	_	_	_	_	_
114-6	TO041	114	114	6	<elementari>	elementari	_	_	_	_	_	linguistic	_	none	_	_	_	Slow=0-10(0)	_	_
114-7	TO041	114	114	7	>medie	medie	_	_	_	_	_	linguistic	_	none	_	_	_	Fast=0-5(0)	_	_
114-8	TO041	114	114	8	superiori<	superiori	_	_	_	_	_	linguistic	_	none	_	_	_	Fast=0-9(0)	_	_
114-9	TO041	114	114	9	loro	loro	_	_	_	_	_	linguistic	_	none	_	_	_	_	_	_
114-10	TO041	114	114	10	non	non	_	_	_	_	_	linguistic	_	none	_	_	_	_	_	_
114-11	TO041	114	114	11	studiano	studiano	_	_	_	_	_	linguistic	_	none	_	_	_	_	_	_
114-12	TO041	114	114	12	mai	mai	_	_	_	_	_	linguistic	_	none	_	_	_	_	_	_
114-13	TO041	114	114	13	ma	ma	_	_	_	_	_	linguistic	_	none	_	_	_	_	_	_
114-14	TO041	114	114	14	nel	nel	_	_	_	_	_	linguistic	_	none	_	_	_	_	_	_
114-15	TO041	114	114	15	senso	senso	_	_	_	_	_	linguistic	_	none	_	_	_	_	_	_
114-16	TO041	114	114	16	che	che	_	_	_	_	_	linguistic	_	none	_	_	_	_	_	_
114-17	TO041	114	114	17	non	non	_	_	_	_	_	linguistic	_	none	_	_	_	_	_	_
114-18	TO041	114	114	18	hanno	hanno	_	_	_	_	_	linguistic	_	none	_	_	_	_	_	_
114-19	TO041	114	114	19	neanche	neanche	_	_	_	_	_	linguistic	_	none	_	_	_	_	_	_
114-20	TO041	114	114	20	dei	dei	_	_	_	_	_	linguistic	_	none	_	_	_	_	_	_
114-21	TO041	114	114	21	libri.	libri	_	_	_	_	_	linguistic	_	none	Intonation=Falling	End=376.09	_	_	_	_
115-0	TO041	115	115	0	loro,	loro	_	_	_	_	_	linguistic	_	none	Intonation=WeaklyRising	Begin=376.59|End=377.311	_	_	_	_
116-0	TO041	116	116	0	vanno	vanno	_	_	_	_	_	linguistic	_	none	_	Begin=377.46	_	_	_	_
116-1	TO041	116	116	1	a	a	_	_	_	_	_	linguistic	_	none	_	_	_	_	_	_
116-2	TO041	116	116	2	scuola	scuola	_	_	_	_	_	linguistic	_	none	_	_	_	_	_	_
116-3	TO041	116	116	3	e	e	_	_	_	_	_	linguistic	_	none	_	_	_	_	_	_
116-4	TO041	116	116	4	fanno	fanno	_	_	_	_	_	linguistic	_	none	_	_	_	_	_	_
116-5	TO041	116	116	5	delle	delle	_	_	_	_	_	linguistic	_	none	_	_	_	_	_	_
116-6	TO041	116	116	6	discussioni,	discussioni	_	_	_	_	_	linguistic	_	none	Intonation=WeaklyRising	End=380.73	_	_	_	_
117-0	TO041	117	117	0	dei	dei	_	_	_	_	_	linguistic	_	none	_	Begin=380.972	_	_	_	_
117-1	TO041	117	117	1	dibattiti	dibattiti	_	_	_	_	_	linguistic	_	none	_	_	_	_	_	_
117-2	TO041	117	117	2	è	è	_	_	_	_	_	linguistic	_	none	_	_	_	_	_	_
117-3	TO041	117	117	3	proprio	proprio	_	_	_	_	_	linguistic	_	none	_	_	_	_	_	_
117-4	TO041	117	117	4	una:	una	_	_	_	_	_	linguistic	_	none	ProsodicLink=Yes	_	2x1	_	_	_
117-5	TO041	117	117	5	mh	mh	_	_	_	_	_	linguistic	_	none	_	End=383.36	_	_	_	_
118-0	TO041	118	118	0	un	un	_	_	_	_	_	linguistic	_	none	_	Begin=383.976	_	_	_	_
118-1	TO041	118	118	1	modo	modo	_	_	_	_	_	linguistic	_	none	_	_	_	_	_	_
118-2	TO041	118	118	2	totalmente	totalmente	_	_	_	_	_	linguistic	_	none	_	_	_	_	_	_
118-3	TO041	118	118	3	[diverso	diverso	_	_	_	_	_	linguistic	_	none	_	_	_	_	_	0-7(27)
118-4	TO041	118	118	4	di]	di	_	_	_	_	_	linguistic	_	none	_	_	_	_	_	0-2(27)
118-5	TO041	118	118	5	vedere	vedere	_	_	_	_	_	linguistic	_	none	_	_	_	_	_	_
118-6	TO041	118	118	6	l'	l'	_	_	_	_	_	linguistic	_	none	SpaceAfter=No	_	_	_	_	_
118-7	TO041	118	118	7	istruzione	istruzione	_	_	_	_	_	linguistic	_	none	_	_	_	_	_	_
118-8	TO041	118	118	8	perché,	perché	_	_	_	_	_	linguistic	_	none	Intonation=WeaklyRising	End=388.01	_	_	_	_
119-0	TO055	119	119	0	[°diverso.°]	diverso	_	_	_	_	_	linguistic	_	none	Intonation=Falling|Volume=low	Begin=385.156|End=385.782	_	_	_	0-7(27)
120-0	TO041	120	120	0	noi,	noi	_	_	_	_	_	linguistic	_	none	Intonation=WeaklyRising	Begin=388.106|End=388.805	_	_	_	_
121-0	TO041	121	121	0	siamo	siamo	_	_	_	_	_	linguistic	_	none	_	Begin=389.155	_	_	_	_
121-1	TO041	121	121	1	abit~	abit~	_	_	_	_	_	linguistic	_	none	Interrupted=Yes	_	_	_	_	_
121-2	TO041	121	121	2	cioè	cioè	_	_	_	_	_	linguistic	_	none	_	_	_	_	_	_
121-3	TO041	121	121	3	noi,	noi	_	_	_	_	_	linguistic	_	none	Intonation=WeaklyRising	End=390.83	_	_	_	_
122-0	TO041	122	122	0	la	la	_	_	_	_	_	linguistic	_	none	_	Begin=391.354	_	_	_	_
122-1	TO041	122	122	1	nostra	nostra	_	_	_	_	_	linguistic	_	none	_	_	_	_	_	_
122-2	TO041	122	122	2	formazione,	formazione	_	_	_	_	_	linguistic	_	none	Intonation=WeaklyRising	End=393.069	_	_	_	_
123-0	TO041	123	123	0	in	in	_	_	_	_	_	linguistic	_	none	_	Begin=393.321	_	_	_	_
123-1	TO041	123	123	1	italia,	italia	_	_	_	_	_	linguistic	_	none	Intonation=WeaklyRising	End=394.219	_	_	_	_
124-0	TO041	124	124	0	ci:	ci	_	_	_	_	_	linguistic	_	none	_	Begin=395.11	1x1	_	_	_
124-1	TO041	124	124	1	dà	dà	_	_	_	_	_	linguistic	_	none	_	_	_	_	_	_
124-2	TO041	124	124	2	molte	molte	_	_	_	_	_	linguistic	_	none	_	_	_	_	_	_
124-3	TO041	124	124	3	nozioni	nozioni	_	_	_	_	_	linguistic	_	none	_	_	_	_	_	_
124-4	TO041	124	124	4	>è	è	_	_	_	_	_	linguistic	_	none	_	_	_	Fast=0-1(0)	_	_
124-5	TO041	124	124	5	molto	molto	_	_	_	_	_	linguistic	_	none	_	_	_	Fast=0-5(0)	_	_
124-6	TO041	124	124	6	nozionistica<	nozionistica	_	_	_	_	_	linguistic	_	none	_	_	_	Fast=0-12(0)	_	_
124-7	TO041	124	124	7	e	e	_	_	_	_	_	linguistic	_	none	_	_	_	_	_	_
124-8	TO041	124	124	8	quindi	quindi	_	_	_	_	_	linguistic	_	none	_	_	_	_	_	_
124-9	TO041	124	124	9	noi	noi	_	_	_	_	_	linguistic	_	none	_	_	_	_	_	_
124-10	TO041	124	124	10	abbiamo	abbiamo	_	_	_	_	_	linguistic	_	none	_	_	_	_	_	_
124-11	TO041	124	124	11	in	in	_	_	_	_	_	linguistic	_	none	_	_	_	_	_	_
124-12	TO041	124	124	12	linea	linea	_	_	_	_	_	linguistic	_	none	_	_	_	_	_	_
124-13	TO041	124	124	13	di	di	_	_	_	_	_	linguistic	_	none	_	_	_	_	_	_
124-14	TO041	124	124	14	massima,	massima	_	_	_	_	_	linguistic	_	none	Intonation=WeaklyRising	End=401.03	_	_	_	_
125-0	TO041	125	125	0	cioè	cioè	_	_	_	_	_	linguistic	_	none	_	Begin=401.243	_	_	_	_
125-1	TO041	125	125	1	in	in	_	_	_	_	_	linguistic	_	none	_	_	_	_	_	_
125-2	TO041	125	125	2	media,	media	_	_	_	_	_	linguistic	_	none	Intonation=WeaklyRising	End=402.069	_	_	_	_
126-0	TO041	126	126	0	una	una	_	_	_	_	_	linguistic	_	none	_	Begin=402.356	_	_	_	_
126-1	TO041	126	126	1	cultura	cultura	_	_	_	_	_	linguistic	_	none	_	_	_	_	_	_
126-2	TO041	126	126	2	che,	che	_	_	_	_	_	linguistic	_	none	Intonation=WeaklyRising	End=404.0	_	_	_	_
127-0	TO041	127	127	0	a	a	_	_	_	_	_	linguistic	_	none	_	Begin=404.725	_	_	_	_
127-1	TO041	127	127	1	un	un	_	_	_	_	_	linguistic	_	none	_	_	_	_	_	_
127-2	TO041	127	127	2	livello	livello	_	_	_	_	_	linguistic	_	none	_	_	_	_	_	_
127-3	TO041	127	127	3	<altissimo>	altissimo	_	_	_	_	_	linguistic	_	none	_	_	_	Slow=0-9(0)	_	_
127-4	TO041	127	127	4	e	e	_	_	_	_	_	linguistic	_	none	_	_	_	_	_	_
127-5	TO041	127	127	5	comunque	comunque	_	_	_	_	_	linguistic	_	none	_	_	_	_	_	_
127-6	TO041	127	127	6	un	un	_	_	_	_	_	linguistic	_	none	_	_	_	_	_	_
127-7	TO041	127	127	7	livello	livello	_	_	_	_	_	linguistic	_	none	_	_	_	_	_	_
127-8	TO041	127	127	8	altissimo	altissimo	_	_	_	_	_	linguistic	_	none	_	_	_	_	_	_
127-9	TO041	127	127	9	rispetto	rispetto	_	_	_	_	_	linguistic	_	none	PauseAfter=Yes	_	_	_	_	_
127-10	TO041	127	127	10	(.)	(.)	_	_	_	_	_	shortpause	_	none	_	_	_	_	_	_
127-11	TO041	127	127	11	alla	alla	_	_	_	_	_	linguistic	_	none	_	_	_	_	_	_
127-12	TO041	127	127	12	finlandia	finlandia	_	_	_	_	_	linguistic	_	none	_	_	_	_	_	_
127-13	TO041	127	127	13	che	che	_	_	_	_	_	linguistic	_	none	_	_	_	_	_	_
127-14	TO041	127	127	14	è	è	_	_	_	_	_	linguistic	_	none	_	_	_	_	_	_
127-15	TO041	127	127	15	la	la	_	_	_	_	_	linguistic	_	none	_	_	_	_	_	_
127-16	TO041	127	127	16	realtà	realtà	_	_	_	_	_	linguistic	_	none	_	_	_	_	_	_
127-17	TO041	127	127	17	con	con	_	_	_	_	_	linguistic	_	none	_	_	_	_	_	_
127-18	TO041	127	127	18	cui	cui	_	_	_	_	_	linguistic	_	none	_	_	_	_	_	_
127-19	TO041	127	127	19	mi	mi	_	_	_	_	_	linguistic	_	none	_	_	_	_	_	_
127-20	TO041	127	127	20	sono	sono	_	_	_	_	_	linguistic	_	none	_	_	_	_	_	_
127-21	TO041	127	127	21	rapportata	rapportata	_	_	_	_	_	linguistic	_	none	_	_	_	_	_	_
127-22	TO041	127	127	22	perché	perché	_	_	_	_	_	linguistic	_	none	_	_	_	_	_	_
127-23	TO041	127	127	23	loro	loro	_	_	_	_	_	linguistic	_	none	_	_	_	_	_	_
127-24	TO041	127	127	24	veramente,	veramente	_	_	_	_	_	linguistic	_	none	Intonation=WeaklyRising	End=413.68	_	_	_	_
128-0	TO041	128	128	0	non	non	_	_	_	_	_	linguistic	_	none	_	Begin=413.955	_	_	_	_
128-1	TO041	128	128	1	sanno	sanno	_	_	_	_	_	linguistic	_	none	_	_	_	_	_	_
128-2	TO041	128	128	2	neanche	neanche	_	_	_	_	_	linguistic	_	none	_	_	_	_	_	_
128-3	TO041	128	128	3	a	a	_	_	_	_	_	linguistic	_	none	_	_	_	_	_	_
128-4	TO041	128	128	4	momenti	momenti	_	_	_	_	_	linguistic	_	none	_	_	_	_	_	_
128-5	TO041	128	128	5	che	che	_	_	_	_	_	linguistic	_	none	_	_	_	_	_	_
128-6	TO041	128	128	6	sono	sono	_	_	_	_	_	linguistic	_	none	_	_	_	_	_	_
128-7	TO041	128	128	7	esistite	esistite	_	_	_	_	_	linguistic	_	none	_	_	_	_	_	_
128-8	TO041	128	128	8	due	due	_	_	_	_	_	linguistic	_	none	_	_	_	_	_	_
128-9	TO041	128	128	9	guerre	guerre	_	_	_	_	_	linguistic	_	none	_	_	_	_	_	_
128-10	TO041	128	128	10	mondiali	mondiali	_	_	_	_	_	linguistic	_	none	_	_	_	_	_	_
128-11	TO041	128	128	11	cioè	cioè	_	_	_	_	_	linguistic	_	none	_	_	_	_	_	_
128-12	TO041	128	128	12	proprio,	proprio	_	_	_	_	_	linguistic	_	none	Intonation=WeaklyRising	End=418.76	_	_	_	_
129-0	TO055	129	129	0	mh,	mh	_	_	_	_	_	linguistic	_	none	Intonation=WeaklyRising	Begin=418.791|End=419.057	_	_	_	_
130-0	TO041	130	130	0	la	la	_	_	_	_	_	linguistic	_	none	_	Begin=419.104	_	_	_	_
130-1	TO041	130	130	1	cultura	cultura	_	_	_	_	_	linguistic	_	none	_	_	_	_	_	_
130-2	TO041	130	130	2	è	è	_	_	_	_	_	linguistic	_	none	_	_	_	_	_	_
130-3	TO041	130	130	3	zero.	zero	_	_	_	_	_	linguistic	_	none	Intonation=Falling	End=421.014	_	_	_	_
131-0	TO041	131	131	0	però,	però	_	_	_	_	_	linguistic	_	none	Intonation=WeaklyRising	Begin=421.379|End=422.031	_	_	_	_
132-0	TO041	132	132	0	e	e	_	_	_	_	_	linguistic	_	none	_	Begin=422.305	_	_	_	_
132-1	TO041	132	132	1	infatti	infatti	_	_	_	_	_	linguistic	_	none	_	_	_	_	_	_
132-2	TO041	132	132	2	tipo	tipo	_	_	_	_	_	linguistic	_	none	_	_	_	_	_	_
132-3	TO041	132	132	3	anche	anche	_	_	_	_	_	linguistic	_	none	_	_	_	_	_	_
132-4	TO041	132	132	4	all'	all'	_	_	_	_	_	linguistic	_	none	SpaceAfter=No	_	_	_	_	_
132-5	TO041	132	132	5	università,	università	_	_	_	_	_	linguistic	_	none	Intonation=WeaklyRising	End=424.13	_	_	_	_
133-0	TO041	133	133	0	mi	mi	_	_	_	_	_	linguistic	_	none	_	Begin=424.2	_	_	_	_
133-1	TO041	133	133	1	ricordo	ricordo	_	_	_	_	_	linguistic	_	none	_	_	_	_	_	_
133-2	TO041	133	133	2	a	a	_	_	_	_	_	linguistic	_	none	_	_	_	_	_	_
133-3	TO041	133	133	3	un	un	_	_	_	_	_	linguistic	_	none	_	_	_	_	_	_
133-4	TO041	133	133	4	esame	esame	_	_	_	_	_	linguistic	_	none	_	_	_	_	_	_
133-5	TO041	133	133	5	un	un	_	_	_	_	_	linguistic	_	none	_	_	_	_	_	_
133-6	TO041	133	133	6	prof	prof	_	_	_	_	_	linguistic	_	none	_	_	_	_	_	_
133-7	TO041	133	133	7	ci	ci	_	_	_	_	_	linguistic	_	none	_	_	_	_	_	_
133-8	TO041	133	133	8	ha	ha	_	_	_	_	_	linguistic	_	none	_	_	_	_	_	_
133-9	TO041	133	133	9	dato	dato	_	_	_	_	_	linguistic	_	none	_	_	_	_	_	_
133-10	TO041	133	133	10	un	un	_	_	_	_	_	linguistic	_	none	_	_	_	_	_	_
133-11	TO041	133	133	11	libro,	libro	_	_	_	_	_	linguistic	_	none	Intonation=WeaklyRising	End=426.8	_	_	_	_
134-0	TO041	134	134	0	m:h	mh	_	_	_	_	_	linguistic	_	none	_	Begin=426.838|End=427.55	0x1	_	_	_
135-0	TO041	135	135	0	vabbè	vabbè	_	_	_	_	_	linguistic	_	none	_	Begin=427.66	_	_	_	_
135-1	TO041	135	135	1	era	era	_	_	_	_	_	linguistic	_	none	_	_	_	_	_	_
135-2	TO041	135	135	2	anche	anche	_	_	_	_	_	linguistic	_	none	_	_	_	_	_	_
135-3	TO041	135	135	3	abbastanza	abbastanza	_	_	_	_	_	linguistic	_	none	_	_	_	_	_	_
135-4	TO041	135	135	4	spesso	spesso	_	_	_	_	_	linguistic	_	none	_	_	_	_	_	_
135-5	TO041	135	135	5	però	però	_	_	_	_	_	linguistic	_	none	_	_	_	_	_	_
135-6	TO041	135	135	6	era	era	_	_	_	_	_	linguistic	_	none	_	_	_	_	_	_
135-7	TO041	135	135	7	da	da	_	_	_	_	_	linguistic	_	none	_	_	_	_	_	_
135-8	TO041	135	135	8	leggere	leggere	_	_	_	_	_	linguistic	_	none	_	_	_	_	_	_
135-9	TO041	135	135	9	neanche	neanche	_	_	_	_	_	linguistic	_	none	_	_	_	_	_	_
135-10	TO041	135	135	10	da	da	_	_	_	_	_	linguistic	_	none	_	_	_	_	_	_
135-11	TO041	135	135	11	studiare	studiare	_	_	_	_	_	linguistic	_	none	_	_	_	_	_	_
135-12	TO041	135	135	12	era	era	_	_	_	_	_	linguistic	_	none	_	_	_	_	_	_
135-13	TO041	135	135	13	una	una	_	_	_	_	_	linguistic	_	none	_	_	_	_	_	_
135-14	TO041	135	135	14	cosa	cosa	_	_	_	_	_	linguistic	_	none	PauseAfter=Yes	_	_	_	_	_
135-15	TO041	135	135	15	(.)	(.)	_	_	_	_	_	shortpause	_	none	_	_	_	_	_	_
135-16	TO041	135	135	16	molto	molto	_	_	_	_	_	linguistic	_	none	_	_	_	_	_	_
135-17	TO041	135	135	17	discorsiva	discorsiva	_	_	_	_	_	linguistic	_	none	_	_	_	_	_	_
135-18	TO041	135	135	18	cioè	cioè	_	_	_	_	_	linguistic	_	none	_	_	_	_	_	_
135-19	TO041	135	135	19	per	per	_	_	_	_	_	linguistic	_	none	_	_	_	_	_	_
135-20	TO041	135	135	20	noi,	noi	_	_	_	_	_	linguistic	_	none	Intonation=WeaklyRising	End=434.61	_	_	_	_
136-0	TO041	136	136	0	soprattutto	soprattutto	_	_	_	_	_	linguistic	_	none	_	Begin=435.02	_	_	_	_
136-1	TO041	136	136	1	perché	perché	_	_	_	_	_	linguistic	_	none	_	_	_	_	_	_
136-2	TO041	136	136	2	ci	ci	_	_	_	_	_	linguistic	_	none	_	_	_	_	_	_
136-3	TO041	136	136	3	avrebbe	avrebbe	_	_	_	_	_	linguistic	_	none	_	_	_	_	_	_
136-4	TO041	136	136	4	aiutato	aiutato	_	_	_	_	_	linguistic	_	none	_	_	_	_	_	_
136-5	TO041	136	136	5	nell'	nell'	_	_	_	_	_	linguistic	_	none	SpaceAfter=No	_	_	_	_	_
136-6	TO041	136	136	6	esame,	esame	_	_	_	_	_	linguistic	_	none	Intonation=WeaklyRising	End=437.749	_	_	_	_
137-0	TO041	137	137	0	e	e	_	_	_	_	_	linguistic	_	none	_	Begin=438.07	_	_	_	_
137-1	TO041	137	137	1	loro	loro	_	_	_	_	_	linguistic	_	none	_	_	_	_	_	_
137-2	TO041	137	137	2	si	si	_	_	_	_	_	linguistic	_	none	_	_	_	_	_	_
137-3	TO041	137	137	3	lamentavano.	lamentavano	_	_	_	_	_	linguistic	_	none	Intonation=Falling	End=439.69	_	_	_	_
138-0	TO041	138	138	0	e	e	_	_	_	_	_	linguistic	_	none	_	Begin=439.967	_	_	_	_
138-1	TO041	138	138	1	allora	allora	_	_	_	_	_	linguistic	_	none	_	_	_	_	_	_
138-2	TO041	138	138	2	il	il	_	_	_	_	_	linguistic	_	none	_	_	_	_	_	_
138-3	TO041	138	138	3	professore	professore	_	_	_	_	_	linguistic	_	none	_	_	_	_	_	_
138-4	TO041	138	138	4	ci	ci	_	_	_	_	_	linguistic	_	none	_	_	_	_	_	_
138-5	TO041	138	138	5	ha	ha	_	_	_	_	_	linguistic	_	none	_	_	_	_	_	_
138-6	TO041	138	138	6	chiesto	chiesto	_	_	_	_	_	linguistic	_	none	_	_	_	_	_	_
138-7	TO041	138	138	7	ha	ha	_	_	_	_	_	linguistic	_	none	_	_	_	_	_	_
138-8	TO041	138	138	8	chiesto	chiesto	_	_	_	_	_	linguistic	_	none	_	_	_	_	_	_
138-9	TO041	138	138	9	a	a	_	_	_	_	_	linguistic	_	none	_	_	_	_	_	_
138-10	TO041	138	138	10	noi	noi	_	_	_	_	_	linguistic	_	none	_	_	_	_	_	_
138-11	TO041	138	138	11	erasmus	erasmus	_	_	_	_	_	linguistic	_	none	_	_	_	_	_	_
138-12	TO041	138	138	12	ma	ma	_	_	_	_	_	linguistic	_	none	_	_	_	_	_	_
138-13	TO041	138	138	13	voi	voi	_	_	_	_	_	linguistic	_	none	_	_	_	_	_	_
138-14	TO041	138	138	14	italiani	italiani	_	_	_	_	_	linguistic	_	none	_	_	_	_	_	_
138-15	TO041	138	138	15	quanti	quanti	_	_	_	_	_	linguistic	_	none	_	_	_	_	_	_
138-16	TO041	138	138	16	libri	libri	_	_	_	_	_	linguistic	_	none	_	_	_	_	_	_
138-17	TO041	138	138	17	dovete	dovete	_	_	_	_	_	linguistic	_	none	_	_	_	_	_	_
138-18	TO041	138	138	18	studiare,	studiare	_	_	_	_	_	linguistic	_	none	Intonation=WeaklyRising	End=446.3	_	_	_	_
139-0	TO041	139	139	0	e:h	eh	_	_	_	_	_	linguistic	_	none	_	Begin=446.629	0x1	_	_	_
139-1	TO041	139	139	1	per	per	_	_	_	_	_	linguistic	_	none	_	_	_	_	_	_
139-2	TO041	139	139	2	laurearvi?	laurearvi	_	_	_	_	_	linguistic	_	none	Intonation=Rising	End=448.69	_	_	_	_
140-0	TO041	140	140	0	e	e	_	_	_	_	_	linguistic	_	none	_	Begin=448.889	_	_	_	_
140-1	TO041	140	140	1	noi	noi	_	_	_	_	_	linguistic	_	none	_	_	_	_	_	_
140-2	TO041	140	140	2	gli	gli	_	_	_	_	_	linguistic	_	none	_	_	_	_	_	_
140-3	TO041	140	140	3	abbiamo	abbiamo	_	_	_	_	_	linguistic	_	none	_	_	_	_	_	_
140-4	TO041	140	140	4	risposto	risposto	_	_	_	_	_	linguistic	_	none	_	_	_	_	_	_
140-5	TO041	140	140	5	che	che	_	_	_	_	_	linguistic	_	none	_	_	_	_	_	_
140-6	TO041	140	140	6	almeno	almeno	_	_	_	_	_	linguistic	_	none	_	_	_	_	_	_
140-7	TO041	140	140	7	un	un	_	_	_	_	_	linguistic	_	none	_	_	_	_	_	_
140-8	TO041	140	140	8	libro,	libro	_	_	_	_	_	linguistic	_	none	Intonation=WeaklyRising	End=452.29	_	_	_	_
141-0	TO041	141	141	0	altrettanto	altrettanto	_	_	_	_	_	linguistic	_	none	_	Begin=452.746	_	_	_	_
141-1	TO041	141	141	1	spesso	spesso	_	_	_	_	_	linguistic	_	none	_	_	_	_	_	_
141-2	TO041	141	141	2	di	di	_	_	_	_	_	linguistic	_	none	_	_	_	_	_	_
141-3	TO041	141	141	3	quello,	quello	_	_	_	_	_	linguistic	_	none	Intonation=WeaklyRising	End=454.64	_	_	_	_
142-0	TO041	142	142	0	e:h	eh	_	_	_	_	_	linguistic	_	none	ProsodicLink=Yes	Begin=455.213	0x1	_	_	_
142-1	TO041	142	142	1	per	per	_	_	_	_	_	linguistic	_	none	_	_	_	_	_	_
142-2	TO041	142	142	2	ogni	ogni	_	_	_	_	_	linguistic	_	none	_	_	_	_	_	_
142-3	TO041	142	142	3	corso.	corso	_	_	_	_	_	linguistic	_	none	Intonation=Falling	End=457.12	_	_	_	_
143-0	TO041	143	143	0	e::h	eh	_	_	_	_	_	linguistic	_	none	_	Begin=457.204	0x2	_	_	_
143-1	TO041	143	143	1	tutti	tutti	_	_	_	_	_	linguistic	_	none	_	_	_	_	_	_
143-2	TO041	143	143	2	gli	gli	_	_	_	_	_	linguistic	_	none	_	_	_	_	_	_
143-3	TO041	143	143	3	altri	altri	_	_	_	_	_	linguistic	_	none	_	_	_	_	_	_
143-4	TO041	143	143	4	studenti	studenti	_	_	_	_	_	linguistic	_	none	_	_	_	_	_	_
143-5	TO041	143	143	5	sono	sono	_	_	_	_	_	linguistic	_	none	_	_	_	_	_	_
143-6	TO041	143	143	6	rimasti	rimasti	_	_	_	_	_	linguistic	_	none	_	_	_	_	_	_
143-7	TO041	143	143	7	proprio	proprio	_	_	_	_	_	linguistic	_	none	_	_	_	_	_	_
143-8	TO041	143	143	8	sbaccaliti	sbaccaliti	_	_	_	_	_	linguistic	_	none	_	_	_	_	_	_
143-9	TO041	143	143	9	perché,	perché	_	_	_	_	_	linguistic	_	none	Intonation=WeaklyRising	End=462.34	_	_	_	_
144-0	TO041	144	144	0	per	per	_	_	_	_	_	linguistic	_	none	_	Begin=462.862	_	_	_	_
144-1	TO041	144	144	1	loro	loro	_	_	_	_	_	linguistic	_	none	_	_	_	_	_	_
144-2	TO041	144	144	2	proprio	proprio	_	_	_	_	_	linguistic	_	none	_	_	_	_	_	_
144-3	TO041	144	144	3	studiare	studiare	_	_	_	_	_	linguistic	_	none	_	_	_	_	_	_
144-4	TO041	144	144	4	sui	sui	_	_	_	_	_	linguistic	_	none	_	_	_	_	_	_
144-5	TO041	144	144	5	libri,	libri	_	_	_	_	_	linguistic	_	none	Intonation=WeaklyRising	End=465.03	_	_	_	_
145-0	TO041	145	145	0	non	non	_	_	_	_	_	linguistic	_	none	_	Begin=465.399	_	_	_	_
145-1	TO041	145	145	1	esiste.	esiste	_	_	_	_	_	linguistic	_	none	Intonation=Falling	_	_	_	_	_
145-2	TO041	145	145	2	loro	loro	_	_	_	_	_	linguistic	_	none	_	_	_	_	_	_
145-3	TO041	145	145	3	in	in	_	_	_	_	_	linguistic	_	none	_	_	_	_	_	_
145-4	TO041	145	145	4	tutta	tutta	_	_	_	_	_	linguistic	_	none	_	_	_	_	_	_
145-5	TO041	145	145	5	la	la	_	_	_	_	_	linguistic	_	none	_	_	_	_	_	_
145-6	TO041	145	145	6	loro	loro	_	_	_	_	_	linguistic	_	none	_	_	_	_	_	_
145-7	TO041	145	145	7	carriera	carriera	_	_	_	_	_	linguistic	_	none	_	_	_	_	_	_
145-8	TO041	145	145	8	universitaria,	universitaria	_	_	_	_	_	linguistic	_	none	Intonation=WeaklyRising	End=468.381	_	_	_	_
146-0	TO041	146	146	0	a~	a~	_	_	_	_	_	linguistic	_	none	Interrupted=Yes	Begin=468.854	_	_	_	_
146-1	TO041	146	146	1	avevano	avevano	_	_	_	_	_	linguistic	_	none	_	_	_	_	_	_
146-2	TO041	146	146	2	dovuto	dovuto	_	_	_	_	_	linguistic	_	none	_	_	_	_	_	_
146-3	TO041	146	146	3	leggere	leggere	_	_	_	_	_	linguistic	_	none	_	_	_	_	_	_
146-4	TO041	146	146	4	quel	quel	_	_	_	_	_	linguistic	_	none	_	_	_	_	_	_
146-5	TO041	146	146	5	libro,	libro	_	_	_	_	_	linguistic	_	none	Intonation=WeaklyRising	End=471.362	_	_	_	_
147-0	TO041	147	147	0	più	più	_	_	_	_	_	linguistic	_	none	_	Begin=471.628	_	_	_	_
147-1	TO041	147	147	1	un	un	_	_	_	_	_	linguistic	_	none	_	_	_	_	_	_
147-2	TO041	147	147	2	altro	altro	_	_	_	_	_	linguistic	_	none	_	_	_	_	_	_
147-3	TO041	147	147	3	e	e	_	_	_	_	_	linguistic	_	none	_	_	_	_	_	_
147-4	TO041	147	147	4	basta.	basta	_	_	_	_	_	linguistic	_	none	Intonation=Falling	End=473.384	_	_	_	_
148-0	TO055	148	148	0	mado',	mado'	_	_	_	_	_	linguistic	_	none	Intonation=WeaklyRising|Truncated=Yes	Begin=474.257|End=474.8	_	_	_	_
149-0	TO041	149	149	0	sì	sì	_	_	_	_	_	linguistic	_	none	_	Begin=474.8	_	_	_	_
149-1	TO041	149	149	1	infatti,	infatti	_	_	_	_	_	linguistic	_	none	Intonation=WeaklyRising	End=475.74	_	_	_	_
150-0	TO041	150	150	0	<come	come	_	_	_	_	_	linguistic	_	none	_	Begin=475.971	_	Slow=0-4(0)	_	_
150-1	TO041	150	150	1	cultur~>	cultur~	_	_	_	_	_	linguistic	_	none	Interrupted=Yes	_	_	Slow=0-7(0)	_	_
150-2	TO041	150	150	2	cioè	cioè	_	_	_	_	_	linguistic	_	none	_	_	_	_	_	_
150-3	TO041	150	150	3	il	il	_	_	_	_	_	linguistic	_	none	_	_	_	_	_	_
150-4	TO041	150	150	4	loro	loro	_	_	_	_	_	linguistic	_	none	_	_	_	_	_	_
150-5	TO041	150	150	5	livello	livello	_	_	_	_	_	linguistic	_	none	_	_	_	_	_	_
150-6	TO041	150	150	6	culturale	culturale	_	_	_	_	_	linguistic	_	none	_	_	_	_	_	_
150-7	TO041	150	150	7	è	è	_	_	_	_	_	linguistic	_	none	PauseAfter=Yes	_	_	_	_	_
150-8	TO041	150	150	8	(.)	(.)	_	_	_	_	_	shortpause	_	none	_	_	_	_	_	_
150-9	TO041	150	150	9	zero.	zero	_	_	_	_	_	linguistic	_	none	Intonation=Falling	End=479.69	_	_	_	_
151-0	TO055	151	151	0	mhmh,	mhmh	_	_	_	_	_	linguistic	_	none	Intonation=WeaklyRising	Begin=479.911|End=480.382	_	_	_	_
152-0	TO041	152	152	0	però,	però	_	_	_	_	_	linguistic	_	none	Intonation=WeaklyRising	Begin=480.826|End=481.428	_	_	_	_
153-0	TO041	153	153	0	e::h	eh	_	_	_	_	_	linguistic	_	none	ProsodicLink=Yes	Begin=481.797	0x2	_	_	_
153-1	TO041	153	153	1	mh	mh	_	_	_	_	_	linguistic	_	none	_	End=482.97	_	_	_	_
154-0	TO041	154	154	0	hanno::	hanno	_	_	_	_	_	linguistic	_	none	_	Begin=483.098	4x2	_	_	_
154-1	TO041	154	154	1	molta	molta	_	_	_	_	_	linguistic	_	none	_	_	_	_	_	_
154-2	TO041	154	154	2	più:	più	_	_	_	_	_	linguistic	_	none	_	End=485.49	2x1	_	_	_
155-0	TO041	155	155	0	>hanno	hanno	_	_	_	_	_	linguistic	_	none	_	Begin=486.926	_	Fast=0-5(0)	_	_
155-1	TO041	155	155	1	un'	un'	_	_	_	_	_	linguistic	_	none	SpaceAfter=No	_	_	Fast=0-3(0)	_	_
155-2	TO041	155	155	2	attitudine	attitudine	_	_	_	_	_	linguistic	_	none	_	_	_	Fast=0-10(0)	_	_
155-3	TO041	155	155	3	molto	molto	_	_	_	_	_	linguistic	_	none	_	_	_	Fast=0-5(0)	_	_
155-4	TO041	155	155	4	più	più	_	_	_	_	_	linguistic	_	none	_	_	_	Fast=0-3(0)	_	_
155-5	TO041	155	155	5	marcata<	marcata	_	_	_	_	_	linguistic	_	none	_	_	_	Fast=0-7(0)	_	_
155-6	TO041	155	155	6	a::	a	_	_	_	_	_	linguistic	_	none	_	End=490.05	0x2	_	_	_
156-0	TO041	156	156	0	non	non	_	_	_	_	_	linguistic	_	none	_	Begin=490.515	_	_	_	_
156-1	TO041	156	156	1	sì	sì	_	_	_	_	_	linguistic	_	none	_	_	_	_	_	_
156-2	TO041	156	156	2	alla	alla	_	_	_	_	_	linguistic	_	none	_	_	_	_	_	_
156-3	TO041	156	156	3	pr~	pr~	_	_	_	_	_	linguistic	_	none	Interrupted=Yes	_	_	_	_	_
156-4	TO041	156	156	4	all'	all'	_	_	_	_	_	linguistic	_	none	SpaceAfter=No	_	_	_	_	_
156-5	TO041	156	156	5	aspetto	aspetto	_	_	_	_	_	linguistic	_	none	_	_	_	_	_	_
156-6	TO041	156	156	6	pratico	pratico	_	_	_	_	_	linguistic	_	none	_	_	_	_	_	_
156-7	TO041	156	156	7	nel	nel	_	_	_	_	_	linguistic	_	none	_	_	_	_	_	_
156-8	TO041	156	156	8	senso	senso	_	_	_	_	_	linguistic	_	none	_	_	_	_	_	_
156-9	TO041	156	156	9	che	che	_	_	_	_	_	linguistic	_	none	_	_	_	_	_	_
156-10	TO041	156	156	10	loro	loro	_	_	_	_	_	linguistic	_	none	_	_	_	_	_	_
156-11	TO041	156	156	11	sono	sono	_	_	_	_	_	linguistic	_	none	_	_	_	_	_	_
156-12	TO041	156	156	12	più	più	_	_	_	_	_	linguistic	_	none	_	_	_	_	_	_
156-13	TO041	156	156	13	abituati	abituati	_	_	_	_	_	linguistic	_	none	_	_	_	_	_	_
156-14	TO041	156	156	14	a	a	_	_	_	_	_	linguistic	_	none	_	_	_	_	_	_
156-15	TO041	156	156	15	ragionare	ragionare	_	_	_	_	_	linguistic	_	none	_	_	_	_	_	_
156-16	TO041	156	156	16	in	in	_	_	_	_	_	linguistic	_	none	_	_	_	_	_	_
156-17	TO041	156	156	17	modo	modo	_	_	_	_	_	linguistic	_	none	_	_	_	_	_	_
156-18	TO041	156	156	18	critico,	critico	_	_	_	_	_	linguistic	_	none	Intonation=WeaklyRising	End=496.53	_	_	_	_
157-0	TO055	157	157	0	°oka[y].°	okay	_	_	_	_	_	linguistic	_	none	Intonation=Falling|Volume=low	Begin=496.71|End=497.18	_	_	_	3-4(28)
158-0	TO041	158	158	0	[pe]rché	perché	_	_	_	_	_	linguistic	_	none	_	Begin=497.05	_	_	_	0-2(28)
158-1	TO041	158	158	1	è	è	_	_	_	_	_	linguistic	_	none	_	_	_	_	_	_
158-2	TO041	158	158	2	questo	questo	_	_	_	_	_	linguistic	_	none	_	_	_	_	_	_
158-3	TO041	158	158	3	che	che	_	_	_	_	_	linguistic	_	none	_	_	_	_	_	_
158-4	TO041	158	158	4	gli	gli	_	_	_	_	_	linguistic	_	none	_	_	_	_	_	_
158-5	TO041	158	158	5	viene	viene	_	_	_	_	_	linguistic	_	none	_	_	_	_	_	_
158-6	TO041	158	158	6	richiesto	richiesto	_	_	_	_	_	linguistic	_	none	_	_	_	_	_	_
158-7	TO041	158	158	7	a	a	_	_	_	_	_	linguistic	_	none	_	_	_	_	_	_
158-8	TO041	158	158	8	scuola	scuola	_	_	_	_	_	linguistic	_	none	_	_	_	_	_	_
158-9	TO041	158	158	9	nel	nel	_	_	_	_	_	linguistic	_	none	_	_	_	_	_	_
158-10	TO041	158	158	10	senso	senso	_	_	_	_	_	linguistic	_	none	_	_	_	_	_	_
158-11	TO041	158	158	11	la	la	_	_	_	_	_	linguistic	_	none	_	_	_	_	_	_
158-12	TO041	158	158	12	maggior	maggior	_	_	_	_	_	linguistic	_	none	_	_	_	_	_	_
158-13	TO041	158	158	13	parte	parte	_	_	_	_	_	linguistic	_	none	_	_	_	_	_	_
158-14	TO041	158	158	14	dei	dei	_	_	_	_	_	linguistic	_	none	_	_	_	_	_	_
158-15	TO041	158	158	15	nostri	nostri	_	_	_	_	_	linguistic	_	none	_	_	_	_	_	_
158-16	TO041	158	158	16	corsi	corsi	_	_	_	_	_	linguistic	_	none	_	_	_	_	_	_
158-17	TO041	158	158	17	era,	era	_	_	_	_	_	linguistic	_	none	Intonation=WeaklyRising	End=502.36	_	_	_	_
159-0	TO041	159	159	0	il	il	_	_	_	_	_	linguistic	_	none	_	Begin=502.582	_	_	_	_
159-1	TO041	159	159	1	professore	professore	_	_	_	_	_	linguistic	_	none	_	_	_	_	_	_
159-2	TO041	159	159	2	arriva	arriva	_	_	_	_	_	linguistic	_	none	_	_	_	_	_	_
159-3	TO041	159	159	3	fa	fa	_	_	_	_	_	linguistic	_	none	_	_	_	_	_	_
159-4	TO041	159	159	4	una	una	_	_	_	_	_	linguistic	_	none	_	_	_	_	_	_
159-5	TO041	159	159	5	piccola	piccola	_	_	_	_	_	linguistic	_	none	_	_	_	_	_	_
159-6	TO041	159	159	6	presentazione	presentazione	_	_	_	_	_	linguistic	_	none	_	_	_	_	_	_
159-7	TO041	159	159	7	dell	dell	_	_	_	_	_	linguistic	_	none	ProsodicLink=Yes	_	_	_	_	_
159-8	TO041	159	159	8	e::h	eh	_	_	_	_	_	linguistic	_	none	ProsodicLink=Yes	_	0x2	_	_	_
159-9	TO041	159	159	9	argomento	argomento	_	_	_	_	_	linguistic	_	none	_	_	_	_	_	_
159-10	TO041	159	159	10	lo	lo	_	_	_	_	_	linguistic	_	none	_	_	_	_	_	_
159-11	TO041	159	159	11	introduce	introduce	_	_	_	_	_	linguistic	_	none	_	_	_	_	_	_
159-12	TO041	159	159	12	a	a	_	_	_	_	_	linguistic	_	none	_	_	_	_	_	_
159-13	TO041	159	159	13	grandi	grandi	_	_	_	_	_	linguistic	_	none	_	_	_	_	_	_
159-14	TO041	159	159	14	linee,	linee	_	_	_	_	_	linguistic	_	none	Intonation=WeaklyRising	End=508.74	_	_	_	_
160-0	TO041	160	160	0	e	e	_	_	_	_	_	linguistic	_	none	_	Begin=509.081	_	_	_	_
160-1	TO041	160	160	1	poi:	poi	_	_	_	_	_	linguistic	_	none	_	End=510.18	2x1	_	_	_
161-0	TO041	161	161	0	inizia	inizia	_	_	_	_	_	linguistic	_	none	_	Begin=510.554	_	_	_	_
161-1	TO041	161	161	1	un	un	_	_	_	_	_	linguistic	_	none	ProsodicLink=Yes	_	_	_	_	_
161-2	TO041	161	161	2	e:h	eh	_	_	_	_	_	linguistic	_	none	ProsodicLink=Yes	_	0x1	_	_	_
161-3	TO041	161	161	3	mh	mh	_	_	_	_	_	linguistic	_	none	_	End=512.01	_	_	_	_
162-0	TO041	162	162	0	un	un	_	_	_	_	_	linguistic	_	none	_	Begin=512.179	_	_	_	_
162-1	TO041	162	162	1	dibattito	dibattito	_	_	_	_	_	linguistic	_	none	_	_	_	_	_	_
162-2	TO041	162	162	2	tra	tra	_	_	_	_	_	linguistic	_	none	_	_	_	_	_	_
162-3	TO041	162	162	3	studenti	studenti	_	_	_	_	_	linguistic	_	none	_	_	_	_	_	_
162-4	TO041	162	162	4	professori	professori	_	_	_	_	_	linguistic	_	none	_	_	_	_	_	_
162-5	TO041	162	162	5	anche	anche	_	_	_	_	_	linguistic	_	none	_	_	_	_	_	_
162-6	TO041	162	162	6	a	a	_	_	_	_	_	linguistic	_	none	_	_	_	_	_	_
162-7	TO041	162	162	7	gruppi.	gruppi	_	_	_	_	_	linguistic	_	none	Intonation=Falling	End=516.058	_	_	_	_
163-0	TO041	163	163	0	tante	tante	_	_	_	_	_	linguistic	_	none	_	Begin=516.849	_	_	_	_
163-1	TO041	163	163	1	volte	volte	_	_	_	_	_	linguistic	_	none	_	_	_	_	_	_
163-2	TO041	163	163	2	venivano	venivano	_	_	_	_	_	linguistic	_	none	_	_	_	_	_	_
163-3	TO041	163	163	3	anche::	anche	_	_	_	_	_	linguistic	_	none	_	_	4x2	_	_	_
163-4	TO041	163	163	4	eh	eh	_	_	_	_	_	linguistic	_	none	_	_	_	_	_	_
163-5	TO041	163	163	5	dei	dei	_	_	_	_	_	linguistic	_	none	_	_	_	_	_	_
163-6	TO041	163	163	6	professionisti	professionisti	_	_	_	_	_	linguistic	_	none	_	_	_	_	_	_
163-7	TO041	163	163	7	tipo	tipo	_	_	_	_	_	linguistic	_	none	_	_	_	_	_	_
163-8	TO041	163	163	8	dei	dei	_	_	_	_	_	linguistic	_	none	_	_	_	_	_	_
163-9	TO041	163	163	9	manager	manager	_	_	_	_	_	linguistic	_	none	_	_	_	_	_	_
163-10	TO041	163	163	10	a	a	_	_	_	_	_	linguistic	_	none	_	_	_	_	_	_
163-11	TO041	163	163	11	parlare	parlare	_	_	_	_	_	linguistic	_	none	_	_	_	_	_	_
163-12	TO041	163	163	12	con	con	_	_	_	_	_	linguistic	_	none	_	_	_	_	_	_
163-13	TO041	163	163	13	noi,	noi	_	_	_	_	_	linguistic	_	none	Intonation=WeaklyRising	End=523.44	_	_	_	_
164-0	TO041	164	164	0	e::h	eh	_	_	_	_	_	linguistic	_	none	_	Begin=524.073|End=525.17	0x2	_	_	_
165-0	TO041	165	165	0	poi::	poi	_	_	_	_	_	linguistic	_	none	_	Begin=525.282	2x2	_	_	_
165-1	TO041	165	165	1	niente	niente	_	_	_	_	_	linguistic	_	none	_	_	_	_	_	_
165-2	TO041	165	165	2	la	la	_	_	_	_	_	linguistic	_	none	_	_	_	_	_	_
165-3	TO041	165	165	3	lezione	lezione	_	_	_	_	_	linguistic	_	none	_	_	_	_	_	_
165-4	TO041	165	165	4	prende	prende	_	_	_	_	_	linguistic	_	none	_	_	_	_	_	_
165-5	TO041	165	165	5	la	la	_	_	_	_	_	linguistic	_	none	_	_	_	_	_	_
165-6	TO041	165	165	6	strada	strada	_	_	_	_	_	linguistic	_	none	_	_	_	_	_	_
165-7	TO041	165	165	7	che	che	_	_	_	_	_	linguistic	_	none	_	_	_	_	_	_
165-8	TO041	165	165	8	<gli	gli	_	_	_	_	_	linguistic	_	none	_	_	_	Slow=0-3(0)	_	_
165-9	TO041	165	165	9	studenti:>	studenti	_	_	_	_	_	linguistic	_	none	_	_	7x1	Slow=0-8(0)	_	_
165-10	TO041	165	165	10	danno	danno	_	_	_	_	_	linguistic	_	none	_	_	_	_	_	_
165-11	TO041	165	165	11	[sostan]zialmente	sostanzialmente	_	_	_	_	_	linguistic	_	none	_	_	_	_	_	0-6(29)
165-12	TO041	165	165	12	quindi	quindi	_	_	_	_	_	linguistic	_	none	_	_	_	_	_	_
165-13	TO041	165	165	13	questo	questo	_	_	_	_	_	linguistic	_	none	_	_	_	_	_	_
165-14	TO041	165	165	14	è	è	_	_	_	_	_	linguistic	_	none	_	_	_	_	_	_
165-15	TO041	165	165	15	stato	stato	_	_	_	_	_	linguistic	_	none	_	_	_	_	_	_
165-16	TO041	165	165	16	molto	molto	_	_	_	_	_	linguistic	_	none	_	_	_	_	_	_
165-17	TO041	165	165	17	stimolante.	stimolante	_	_	_	_	_	linguistic	_	none	Intonation=Falling	End=533.56	_	_	_	_
166-0	TO055	166	166	0	[danno].	danno	_	_	_	_	_	linguistic	_	none	Intonation=Falling	Begin=530.45|End=530.91	_	_	_	0-5(29)
167-0	TO055	167	167	0	sì	sì	_	_	_	_	_	linguistic	_	none	_	Begin=533.972	_	_	_	_
167-1	TO055	167	167	1	forse	forse	_	_	_	_	_	linguistic	_	none	_	_	_	_	_	_
167-2	TO055	167	167	2	è	è	_	_	_	_	_	linguistic	_	none	PauseAfter=Yes	_	_	_	_	_
167-3	TO055	167	167	3	(.)	(.)	_	_	_	_	_	shortpause	_	none	_	_	_	_	_	_
167-4	TO055	167	167	4	un	un	_	_	_	_	_	linguistic	_	none	_	_	_	_	_	_
167-5	TO055	167	167	5	po'	po'	_	_	_	_	_	linguistic	_	none	_	_	_	_	_	_
167-6	TO055	167	167	6	più	più	_	_	_	_	_	linguistic	_	none	_	_	_	_	_	_
167-7	TO055	167	167	7	stimolante	stimolante	_	_	_	_	_	linguistic	_	none	_	_	_	_	_	_
167-8	TO055	167	167	8	rispetto	rispetto	_	_	_	_	_	linguistic	_	none	_	_	_	_	_	_
167-9	TO055	167	167	9	a:[l	al	_	_	_	_	_	linguistic	_	none	_	_	0x1	_	_	1-2(30)
167-10	TO055	167	167	10	nos]tro	nostro	_	_	_	_	_	linguistic	_	none	_	_	_	_	_	0-3(30)
167-11	TO055	167	167	11	insegnamen[to].	insegnamento	_	_	_	_	_	linguistic	_	none	Intonation=Falling	End=538.2	_	_	_	10-12(31)
168-0	TO041	168	168	0	[sì].	sì	_	_	_	_	_	linguistic	_	none	Intonation=Falling	Begin=536.66|End=537.163	_	_	_	0-2(30)
169-0	TO041	169	169	0	[pe]rò	però	_	_	_	_	_	linguistic	_	none	_	Begin=538.08	_	_	_	0-2(31)
169-1	TO041	169	169	1	c'	c'	_	_	_	_	_	linguistic	_	none	SpaceAfter=No	_	_	_	_	_
169-2	TO041	169	169	2	è	è	_	_	_	_	_	linguistic	_	none	_	_	_	_	_	_
169-3	TO041	169	169	3	da	da	_	_	_	_	_	linguistic	_	none	_	_	_	_	_	_
169-4	TO041	169	169	4	dire	dire	_	_	_	_	_	linguistic	_	none	_	_	_	_	_	_
169-5	TO041	169	169	5	che	che	_	_	_	_	_	linguistic	_	none	_	_	_	_	_	_
169-6	TO041	169	169	6	io	io	_	_	_	_	_	linguistic	_	none	_	_	_	_	_	_
169-7	TO041	169	169	7	l'	l'	_	_	_	_	_	linguistic	_	none	SpaceAfter=No	_	_	_	_	_
169-8	TO041	169	169	8	ho	ho	_	_	_	_	_	linguistic	_	none	_	_	_	_	_	_
169-9	TO041	169	169	9	trovato	trovato	_	_	_	_	_	linguistic	_	none	_	_	_	_	_	_
169-10	TO041	169	169	10	molto	molto	_	_	_	_	_	linguistic	_	none	_	_	_	_	_	_
169-11	TO041	169	169	11	posi~	posi~	_	_	_	_	_	linguistic	_	none	Interrupted=Yes	_	_	_	_	_
169-12	TO041	169	169	12	cioè	cioè	_	_	_	_	_	linguistic	_	none	_	_	_	_	_	_
169-13	TO041	169	169	13	l'	l'	_	_	_	_	_	linguistic	_	none	SpaceAfter=No	_	_	_	_	_
169-14	TO041	169	169	14	ho	ho	_	_	_	_	_	linguistic	_	none	_	_	_	_	_	_
169-15	TO041	169	169	15	trovato,	trovato	_	_	_	_	_	linguistic	_	none	Intonation=WeaklyRising	End=541.67	_	_	_	_
170-0	TO041	170	170	0	ho	ho	_	_	_	_	_	linguistic	_	none	_	Begin=541.962	_	_	_	_
170-1	TO041	170	170	1	trovato	trovato	_	_	_	_	_	linguistic	_	none	_	_	_	_	_	_
170-2	TO041	170	170	2	mh	mh	_	_	_	_	_	linguistic	_	none	_	_	_	_	_	_
170-3	TO041	170	170	3	l'	l'	_	_	_	_	_	linguistic	_	none	SpaceAfter=No	_	_	_	_	_
170-4	TO041	170	170	4	ho	ho	_	_	_	_	_	linguistic	_	none	_	_	_	_	_	_
170-5	TO041	170	170	5	trovato	trovato	_	_	_	_	_	linguistic	_	none	_	_	_	_	_	_
170-6	TO041	170	170	6	come	come	_	_	_	_	_	linguistic	_	none	_	_	_	_	_	_
170-7	TO041	170	170	7	sistema	sistema	_	_	_	_	_	linguistic	_	none	_	_	_	_	_	_
170-8	TO041	170	170	8	molto	molto	_	_	_	_	_	linguistic	_	none	_	_	_	_	_	_
170-9	TO041	170	170	9	molto	molto	_	_	_	_	_	linguistic	_	none	_	_	_	_	_	_
170-10	TO041	170	170	10	positivo.	positivo	_	_	_	_	_	linguistic	_	none	Intonation=Falling	End=545.533	_	_	_	_
171-0	TO041	171	171	0	però	però	_	_	_	_	_	linguistic	_	none	_	Begin=545.997	_	_	_	_
171-1	TO041	171	171	1	se	se	_	_	_	_	_	linguistic	_	none	_	_	_	_	_	_
171-2	TO041	171	171	2	hai	hai	_	_	_	_	_	linguistic	_	none	_	_	_	_	_	_
171-3	TO041	171	171	3	alle	alle	_	_	_	_	_	linguistic	_	none	_	_	_	_	_	_
171-4	TO041	171	171	4	spalle,	spalle	_	_	_	_	_	linguistic	_	none	Intonation=WeaklyRising	End=548.49	_	_	_	_
172-0	TO041	172	172	0	un	un	_	_	_	_	_	linguistic	_	none	ProsodicLink=Yes	Begin=548.883	_	_	_	_
172-1	TO041	172	172	1	m:h	mh	_	_	_	_	_	linguistic	_	none	_	End=549.72	0x1	_	_	_
173-0	TO041	173	173	0	cioè	cioè	_	_	_	_	_	linguistic	_	none	_	Begin=550.641	_	_	_	_
173-1	TO041	173	173	1	un	un	_	_	_	_	_	linguistic	_	none	_	_	_	_	_	_
173-2	TO041	173	173	2	percorso	percorso	_	_	_	_	_	linguistic	_	none	_	_	_	_	_	_
173-3	TO041	173	173	3	di	di	_	_	_	_	_	linguistic	_	none	_	_	_	_	_	_
173-4	TO041	173	173	4	studi	studi	_	_	_	_	_	linguistic	_	none	_	_	_	_	_	_
173-5	TO041	173	173	5	come	come	_	_	_	_	_	linguistic	_	none	_	_	_	_	_	_
173-6	TO041	173	173	6	il	il	_	_	_	_	_	linguistic	_	none	_	_	_	_	_	_
173-7	TO041	173	173	7	nostro.	nostro	_	_	_	_	_	linguistic	_	none	Intonation=Falling	End=552.925	_	_	_	_
174-0	TO041	174	174	0	qui~	qui~	_	_	_	_	_	linguistic	_	none	Interrupted=Yes	Begin=552.993	_	_	_	_
174-1	TO041	174	174	1	che	che	_	_	_	_	_	linguistic	_	none	_	_	_	_	_	_
174-2	TO041	174	174	2	quindi,	quindi	_	_	_	_	_	linguistic	_	none	Intonation=WeaklyRising	End=554.004	_	_	_	_
175-0	TO041	175	175	0	cioè	cioè	_	_	_	_	_	linguistic	_	none	_	Begin=554.118	_	_	_	_
175-1	TO041	175	175	1	tu	tu	_	_	_	_	_	linguistic	_	none	_	_	_	_	_	_
175-2	TO041	175	175	2	<prima>	prima	_	_	_	_	_	linguistic	_	none	_	_	_	Slow=0-5(0)	_	_
175-3	TO041	175	175	3	hai	hai	_	_	_	_	_	linguistic	_	none	_	_	_	_	_	_
175-4	TO041	175	175	4	delle	delle	_	_	_	_	_	linguistic	_	none	_	_	_	_	_	_
175-5	TO041	175	175	5	nozioni,	nozioni	_	_	_	_	_	linguistic	_	none	Intonation=WeaklyRising	End=556.957	_	_	_	_
176-0	TO041	176	176	0	e	e	_	_	_	_	_	linguistic	_	none	_	Begin=557.237	_	_	_	_
176-1	TO041	176	176	1	poi,	poi	_	_	_	_	_	linguistic	_	none	Intonation=WeaklyRising	End=558.09	_	_	_	_
177-0	TO041	177	177	0	<discut[i>	discuti	_	_	_	_	_	linguistic	_	none	_	Begin=558.574	_	Slow=0-7(0)	_	6-7(32)
177-1	TO041	177	177	1	esprimi	esprimi	_	_	_	_	_	linguistic	_	none	_	_	_	_	_	0-7(32)
177-2	TO041	177	177	2	le	le	_	_	_	_	_	linguistic	_	none	_	_	_	_	_	0-2(32)
177-3	TO041	177	177	3	tue]	tue	_	_	_	_	_	linguistic	_	none	_	_	_	_	_	0-3(32)
177-4	TO041	177	177	4	idee.	idee	_	_	_	_	_	linguistic	_	none	Intonation=Falling	End=561.35	_	_	_	_
178-0	TO055	178	178	0	[le	le	_	_	_	_	_	linguistic	_	none	_	Begin=559.64	_	_	_	0-2(32)
178-1	TO055	178	178	1	metti	metti	_	_	_	_	_	linguistic	_	none	_	_	_	_	_	0-5(32)
178-2	TO055	178	178	2	in	in	_	_	_	_	_	linguistic	_	none	_	_	_	_	_	0-2(32)
178-3	TO055	178	178	3	pratica].	pratica	_	_	_	_	_	linguistic	_	none	Intonation=Falling	End=560.92	_	_	_	0-7(32)
179-0	TO041	179	179	0	perché	perché	_	_	_	_	_	linguistic	_	none	_	Begin=561.692	_	_	_	_
179-1	TO041	179	179	1	loro	loro	_	_	_	_	_	linguistic	_	none	_	_	_	_	_	_
179-2	TO041	179	179	2	alla	alla	_	_	_	_	_	linguistic	_	none	_	_	_	_	_	_
179-3	TO041	179	179	3	fine	fine	_	_	_	_	_	linguistic	_	none	_	_	_	_	_	_
179-4	TO041	179	179	4	sì	sì	_	_	_	_	_	linguistic	_	none	_	_	_	_	_	_
179-5	TO041	179	179	5	sanno	sanno	_	_	_	_	_	linguistic	_	none	_	_	_	_	_	_
179-6	TO041	179	179	6	discutere	discutere	_	_	_	_	_	linguistic	_	none	_	_	_	_	_	_
179-7	TO041	179	179	7	magari	magari	_	_	_	_	_	linguistic	_	none	_	_	_	_	_	_
179-8	TO041	179	179	8	su	su	_	_	_	_	_	linguistic	_	none	_	_	_	_	_	_
179-9	TO041	179	179	9	un	un	_	_	_	_	_	linguistic	_	none	_	_	_	_	_	_
179-10	TO041	179	179	10	testo	testo	_	_	_	_	_	linguistic	_	none	_	_	_	_	_	_
179-11	TO041	179	179	11	che	che	_	_	_	_	_	linguistic	_	none	_	_	_	_	_	_
179-12	TO041	179	179	12	leggono,	leggono	_	_	_	_	_	linguistic	_	none	Intonation=WeaklyRising	End=566.81	_	_	_	_
180-0	TO041	180	180	0	però	però	_	_	_	_	_	linguistic	_	none	_	Begin=567.04	_	_	_	_
180-1	TO041	180	180	1	di	di	_	_	_	_	_	linguistic	_	none	_	_	_	_	_	_
180-2	TO041	180	180	2	idee	idee	_	_	_	_	_	linguistic	_	none	_	_	_	_	_	_
180-3	TO041	180	180	3	originali	originali	_	_	_	_	_	linguistic	_	none	_	_	_	_	_	_
180-4	TO041	180	180	4	loro	loro	_	_	_	_	_	linguistic	_	none	_	_	_	_	_	_
180-5	TO041	180	180	5	ne	ne	_	_	_	_	_	linguistic	_	none	_	_	_	_	_	_
180-6	TO041	180	180	6	hanno	hanno	_	_	_	_	_	linguistic	_	none	_	_	_	_	_	_
180-7	TO041	180	180	7	ben	ben	_	_	_	_	_	linguistic	_	none	_	_	_	_	_	_
180-8	TO041	180	180	8	poche	poche	_	_	_	_	_	linguistic	_	none	_	_	_	_	_	_
180-9	TO041	180	180	9	perché	perché	_	_	_	_	_	linguistic	_	none	_	_	_	_	_	_
180-10	TO041	180	180	10	tu,	tu	_	_	_	_	_	linguistic	_	none	Intonation=WeaklyRising	End=570.56	_	_	_	_
181-0	TO041	181	181	0	cioè	cioè	_	_	_	_	_	linguistic	_	none	_	Begin=570.769	_	_	_	_
181-1	TO041	181	181	1	perché	perché	_	_	_	_	_	linguistic	_	none	_	_	_	_	_	_
181-2	TO041	181	181	2	oggettivamente,	oggettivamente	_	_	_	_	_	linguistic	_	none	Intonation=WeaklyRising	End=572.508	_	_	_	_
182-0	TO041	182	182	0	non	non	_	_	_	_	_	linguistic	_	none	_	Begin=572.788	_	_	_	_
182-1	TO041	182	182	1	è	è	_	_	_	_	_	linguistic	_	none	_	_	_	_	_	_
182-2	TO041	182	182	2	come	come	_	_	_	_	_	linguistic	_	none	_	_	_	_	_	_
182-3	TO041	182	182	3	parlare	parlare	_	_	_	_	_	linguistic	_	none	_	_	_	_	_	_
182-4	TO041	182	182	4	di:	di	_	_	_	_	_	linguistic	_	none	_	_	1x1	_	_	_
182-5	TO041	182	182	5	cioè	cioè	_	_	_	_	_	linguistic	_	none	_	_	_	_	_	_
182-6	TO041	182	182	6	parlare	parlare	_	_	_	_	_	linguistic	_	none	_	_	_	_	_	_
182-7	TO041	182	182	7	di	di	_	_	_	_	_	linguistic	_	none	_	_	_	_	_	_
182-8	TO041	182	182	8	economia,	economia	_	_	_	_	_	linguistic	_	none	Intonation=WeaklyRising	End=575.949	_	_	_	_
183-0	TO041	183	183	0	e	e	_	_	_	_	_	linguistic	_	none	_	Begin=576.258	_	_	_	_
183-1	TO041	183	183	1	di	di	_	_	_	_	_	linguistic	_	none	PauseAfter=Yes	_	_	_	_	_
183-2	TO041	183	183	2	(.)	(.)	_	_	_	_	_	shortpause	_	none	_	_	_	_	_	_
183-3	TO041	183	183	3	e	e	_	_	_	_	_	linguistic	_	none	_	_	_	_	_	_
183-4	TO041	183	183	4	di	di	_	_	_	_	_	linguistic	_	none	_	_	_	_	_	_
183-5	TO041	183	183	5	co~	co~	_	_	_	_	_	linguistic	_	none	Interrupted=Yes	_	_	_	_	_
183-6	TO041	183	183	6	e	e	_	_	_	_	_	linguistic	_	none	_	_	_	_	_	_
183-7	TO041	183	183	7	dare	dare	_	_	_	_	_	linguistic	_	none	_	_	_	_	_	_
183-8	TO041	183	183	8	la	la	_	_	_	_	_	linguistic	_	none	_	_	_	_	_	_
183-9	TO041	183	183	9	tua	tua	_	_	_	_	_	linguistic	_	none	_	_	_	_	_	_
183-10	TO041	183	183	10	opinione	opinione	_	_	_	_	_	linguistic	_	none	_	_	_	_	_	_
183-11	TO041	183	183	11	su	su	_	_	_	_	_	linguistic	_	none	_	_	_	_	_	_
183-12	TO041	183	183	12	temi	temi	_	_	_	_	_	linguistic	_	none	_	_	_	_	_	_
183-13	TO041	183	183	13	del	del	_	_	_	_	_	linguistic	_	none	_	_	_	_	_	_
183-14	TO041	183	183	14	genere	genere	_	_	_	_	_	linguistic	_	none	_	_	_	_	_	_
183-15	TO041	183	183	15	che	che	_	_	_	_	_	linguistic	_	none	_	_	_	_	_	_
183-16	TO041	183	183	16	riguardano	riguardano	_	_	_	_	_	linguistic	_	none	_	_	_	_	_	_
183-17	TO041	183	183	17	anche	anche	_	_	_	_	_	linguistic	_	none	_	_	_	_	_	_
183-18	TO041	183	183	18	l'	l'	_	_	_	_	_	linguistic	_	none	SpaceAfter=No	_	_	_	_	_
183-19	TO041	183	183	19	attualità,	attualità	_	_	_	_	_	linguistic	_	none	Intonation=WeaklyRising	End=582.4	_	_	_	_
184-0	TO041	184	184	0	tu	tu	_	_	_	_	_	linguistic	_	none	_	Begin=583.609	_	_	_	_
184-1	TO041	184	184	1	delle	delle	_	_	_	_	_	linguistic	_	none	_	_	_	_	_	_
184-2	TO041	184	184	2	cose	cose	_	_	_	_	_	linguistic	_	none	_	_	_	_	_	_
184-3	TO041	184	184	3	le	le	_	_	_	_	_	linguistic	_	none	_	_	_	_	_	_
184-4	TO041	184	184	4	devi	devi	_	_	_	_	_	linguistic	_	none	_	_	_	_	_	_
184-5	TO041	184	184	5	sapere	sapere	_	_	_	_	_	linguistic	_	none	_	_	_	_	_	_
184-6	TO041	184	184	6	cioè	cioè	_	_	_	_	_	linguistic	_	none	_	_	_	_	_	_
184-7	TO041	184	184	7	<dei	dei	_	_	_	_	_	linguistic	_	none	_	_	_	Slow=0-3(0)	_	_
184-8	TO041	184	184	8	dati>	dati	_	_	_	_	_	linguistic	_	none	_	_	_	Slow=0-4(0)	_	_
184-9	TO041	184	184	9	li	li	_	_	_	_	_	linguistic	_	none	_	_	_	_	_	_
184-10	TO041	184	184	10	devi	devi	_	_	_	_	_	linguistic	_	none	_	_	_	_	_	_
184-11	TO041	184	184	11	avere,	avere	_	_	_	_	_	linguistic	_	none	Intonation=WeaklyRising	End=587.704	_	_	_	_
185-0	TO041	185	185	0	non	non	_	_	_	_	_	linguistic	_	none	_	Begin=587.756	_	_	_	_
185-1	TO041	185	185	1	è	è	_	_	_	_	_	linguistic	_	none	_	_	_	_	_	_
185-2	TO041	185	185	2	che	che	_	_	_	_	_	linguistic	_	none	_	_	_	_	_	_
185-3	TO041	185	185	3	(è)	è	_	_	_	_	_	linguistic	_	none	_	_	_	_	0-1(0)	_
185-4	TO041	185	185	4	come	come	_	_	_	_	_	linguistic	_	none	_	_	_	_	_	_
185-5	TO041	185	185	5	parlare	parlare	_	_	_	_	_	linguistic	_	none	_	_	_	_	_	_
185-6	TO041	185	185	6	di	di	_	_	_	_	_	linguistic	_	none	_	_	_	_	_	_
185-7	TO041	185	185	7	cioè	cioè	_	_	_	_	_	linguistic	_	none	_	_	_	_	_	_
185-8	TO041	185	185	8	ma	ma	_	_	_	_	_	linguistic	_	none	_	_	_	_	_	_
185-9	TO041	185	185	9	anche	anche	_	_	_	_	_	linguistic	_	none	_	_	_	_	_	_
185-10	TO041	185	185	10	parlare	parlare	_	_	_	_	_	linguistic	_	none	_	_	_	_	_	_
185-11	TO041	185	185	11	delle	delle	_	_	_	_	_	linguistic	_	none	_	_	_	_	_	_
185-12	TO041	185	185	12	cose	cose	_	_	_	_	_	linguistic	_	none	_	_	_	_	_	_
185-13	TO041	185	185	13	più:	più	_	_	_	_	_	linguistic	_	none	_	_	2x1	_	_	_
185-14	TO041	185	185	14	facili	facili	_	_	_	_	_	linguistic	_	none	_	_	_	_	_	_
185-15	TO041	185	185	15	anche	anche	_	_	_	_	_	linguistic	_	none	_	_	_	_	_	_
185-16	TO041	185	185	16	parlare	parlare	_	_	_	_	_	linguistic	_	none	_	_	_	_	_	_
185-17	TO041	185	185	17	di	di	_	_	_	_	_	linguistic	_	none	_	_	_	_	_	_
185-18	TO041	185	185	18	musica	musica	_	_	_	_	_	linguistic	_	none	_	_	_	_	_	_
185-19	TO041	185	185	19	non	non	_	_	_	_	_	linguistic	_	none	_	_	_	_	_	_
185-20	TO041	185	185	20	è	è	_	_	_	_	_	linguistic	_	none	_	_	_	_	_	_
185-21	TO041	185	185	21	che	che	_	_	_	_	_	linguistic	_	none	_	_	_	_	_	_
185-22	TO041	185	185	22	puoi	puoi	_	_	_	_	_	linguistic	_	none	_	_	_	_	_	_
185-23	TO041	185	185	23	sì:	sì	_	_	_	_	_	linguistic	_	none	_	End=594.63	1x1	_	_	_
186-0	TO041	186	186	0	e:h	eh	_	_	_	_	_	linguistic	_	none	_	Begin=594.985	0x1	_	_	_
186-1	TO041	186	186	1	senza	senza	_	_	_	_	_	linguistic	_	none	_	_	_	_	_	_
186-2	TO041	186	186	2	avere	avere	_	_	_	_	_	linguistic	_	none	_	_	_	_	_	_
186-3	TO041	186	186	3	informazioni	informazioni	_	_	_	_	_	linguistic	_	none	_	_	_	_	_	_
186-4	TO041	186	186	4	sì	sì	_	_	_	_	_	linguistic	_	none	_	_	_	_	_	_
186-5	TO041	186	186	5	puoi	puoi	_	_	_	_	_	linguistic	_	none	_	_	_	_	_	_
186-6	TO041	186	186	6	parlare	parlare	_	_	_	_	_	linguistic	_	none	_	_	_	_	_	_
186-7	TO041	186	186	7	di	di	_	_	_	_	_	linguistic	_	none	_	_	_	_	_	_
186-8	TO041	186	186	8	musica	musica	_	_	_	_	_	linguistic	_	none	_	_	_	_	_	_
186-9	TO041	186	186	9	quanto	quanto	_	_	_	_	_	linguistic	_	none	_	_	_	_	_	_
186-10	TO041	186	186	10	vuoi	vuoi	_	_	_	_	_	linguistic	_	none	_	_	_	_	_	_
186-11	TO041	186	186	11	però:	però	_	_	_	_	_	linguistic	_	none	_	_	3x1	_	_	_
186-12	TO041	186	186	12	se	se	_	_	_	_	_	linguistic	_	none	_	_	_	_	_	_
186-13	TO041	186	186	13	non	non	_	_	_	_	_	linguistic	_	none	_	_	_	_	_	_
186-14	TO041	186	186	14	sai	sai	_	_	_	_	_	linguistic	_	none	_	_	_	_	_	_
186-15	TO041	186	186	15	i	i	_	_	_	_	_	linguistic	_	none	_	_	_	_	_	_
186-16	TO041	186	186	16	nomi:	nomi	_	_	_	_	_	linguistic	_	none	_	_	3x1	_	_	_
186-17	TO041	186	186	17	delle	delle	_	_	_	_	_	linguistic	_	none	_	_	_	_	_	_
186-18	TO041	186	186	18	band	band	_	_	_	_	_	linguistic	_	none	_	_	_	_	_	_
186-19	TO041	186	186	19	non	non	_	_	_	_	_	linguistic	_	none	_	_	_	_	_	_
186-20	TO041	186	186	20	sai	sai	_	_	_	_	_	linguistic	_	none	_	_	_	_	_	_
186-21	TO041	186	186	21	i	i	_	_	_	_	_	linguistic	_	none	_	_	_	_	_	_
186-22	TO041	186	186	22	nomi	nomi	_	_	_	_	_	linguistic	_	none	_	_	_	_	_	_
186-23	TO041	186	186	23	degli	degli	_	_	_	_	_	linguistic	_	none	_	_	_	_	_	_
186-24	TO041	186	186	24	a[rtisti]	artisti	_	_	_	_	_	linguistic	_	none	_	_	_	_	_	1-7(33)
186-25	TO041	186	186	25	o	o	_	_	_	_	_	linguistic	_	none	_	_	_	_	_	_
186-26	TO041	186	186	26	delle	delle	_	_	_	_	_	linguistic	_	none	_	_	_	_	_	_
186-27	TO041	186	186	27	canzoni	canzoni	_	_	_	_	_	linguistic	_	none	_	_	_	_	_	_
186-28	TO041	186	186	28	cioè	cioè	_	_	_	_	_	linguistic	_	none	_	_	_	_	_	_
186-29	TO041	186	186	29	il	il	_	_	_	_	_	linguistic	_	none	_	_	_	_	_	_
186-30	TO041	186	186	30	tuol~	tuol~	_	_	_	_	_	linguistic	_	none	Interrupted=Yes	_	_	_	_	_
186-31	TO041	186	186	31	il	il	_	_	_	_	_	linguistic	_	none	_	_	_	_	_	_
186-32	TO041	186	186	32	tuo	tuo	_	_	_	_	_	linguistic	_	none	_	_	_	_	_	_
186-33	TO041	186	186	33	ragionamento	ragionamento	_	_	_	_	_	linguistic	_	none	_	_	_	_	_	_
186-34	TO041	186	186	34	è	è	_	_	_	_	_	linguistic	_	none	_	_	_	_	_	_
186-35	TO041	186	186	35	un	un	_	_	_	_	_	linguistic	_	none	_	_	_	_	_	_
186-36	TO041	186	186	36	po'	po'	_	_	_	_	_	linguistic	_	none	_	_	_	_	_	_
186-37	TO041	186	186	37	fine	fine	_	_	_	_	_	linguistic	_	none	_	_	_	_	_	_
186-38	TO041	186	186	38	a	a	_	_	_	_	_	linguistic	_	none	_	_	_	_	_	_
186-39	TO041	186	186	39	se	se	_	_	_	_	_	linguistic	_	none	_	_	_	_	_	_
186-40	TO041	186	186	40	stesso	stesso	_	_	_	_	_	linguistic	_	none	_	_	_	_	_	_
186-41	TO041	186	186	41	quindi	quindi	_	_	_	_	_	linguistic	_	none	_	_	_	_	_	_
186-42	TO041	186	186	42	secondo	secondo	_	_	_	_	_	linguistic	_	none	_	_	_	_	_	_
186-43	TO041	186	186	43	me	me	_	_	_	_	_	linguistic	_	none	_	_	_	_	_	_
186-44	TO041	186	186	44	ci	ci	_	_	_	_	_	linguistic	_	none	_	_	_	_	_	_
186-45	TO041	186	186	45	vorrebbe:	vorrebbe	_	_	_	_	_	linguistic	_	none	_	End=610.621	7x1	_	_	_
187-0	TO055	187	187	0	[certo].	certo	_	_	_	_	_	linguistic	_	none	Intonation=Falling	Begin=603.212|End=603.909	_	_	_	0-5(33)
188-0	TO041	188	188	0	il	il	_	_	_	_	_	linguistic	_	none	_	Begin=611.529	_	_	_	_
188-1	TO041	188	188	1	giusto	giusto	_	_	_	_	_	linguistic	_	none	_	_	_	_	_	_
188-2	TO041	188	188	2	mezzo.	mezzo	_	_	_	_	_	linguistic	_	none	Intonation=Falling	End=612.683	_	_	_	_
189-0	TO055	189	189	0	il	il	_	_	_	_	_	linguistic	_	none	_	Begin=612.969	_	_	_	_
189-1	TO055	189	189	1	giusto	giusto	_	_	_	_	_	linguistic	_	none	_	_	_	_	_	_
189-2	TO055	189	189	2	mezzo	mezzo	_	_	_	_	_	linguistic	_	none	_	_	_	_	_	_
189-3	TO055	189	189	3	tra	tra	_	_	_	_	_	linguistic	_	none	_	_	_	_	_	_
189-4	TO055	189	189	4	i	i	_	_	_	_	_	linguistic	_	none	_	_	_	_	_	_
189-5	TO055	189	189	5	due.	due	_	_	_	_	_	linguistic	_	none	Intonation=Falling	End=614.205	_	_	_	_
190-0	TO055	190	190	0	e:h	eh	_	_	_	_	_	linguistic	_	none	_	Begin=614.448	0x1	_	_	_
190-1	TO055	190	190	1	>dove	dove	_	_	_	_	_	linguistic	_	none	_	_	_	Fast=0-4(0)	_	_
190-2	TO055	190	190	2	vivevi	vivevi	_	_	_	_	_	linguistic	_	none	_	_	_	Fast=0-6(0)	_	_
190-3	TO055	190	190	3	con	con	_	_	_	_	_	linguistic	_	none	_	_	_	Fast=0-3(0)	_	_
190-4	TO055	190	190	4	chi	chi	_	_	_	_	_	linguistic	_	none	_	_	_	Fast=0-3(0)	_	_
190-5	TO055	190	190	5	vivevi<?	vivevi	_	_	_	_	_	linguistic	_	none	Intonation=Rising	End=616.58	_	Fast=0-6(0)	_	_
191-0	TO041	191	191	0	allora	allora	_	_	_	_	_	linguistic	_	none	_	Begin=616.671	_	_	_	_
191-1	TO041	191	191	1	io:	io	_	_	_	_	_	linguistic	_	none	_	_	1x1	_	_	_
191-2	TO041	191	191	2	e:h	eh	_	_	_	_	_	linguistic	_	none	_	_	0x1	_	_	_
191-3	TO041	191	191	3	tramite	tramite	_	_	_	_	_	linguistic	_	none	_	_	_	_	_	_
191-4	TO041	191	191	4	l'	l'	_	_	_	_	_	linguistic	_	none	SpaceAfter=No	_	_	_	_	_
191-5	TO041	191	191	5	università,	università	_	_	_	_	_	linguistic	_	none	Intonation=WeaklyRising	End=619.811	_	_	_	_
192-0	TO041	192	192	0	cioè	cioè	_	_	_	_	_	linguistic	_	none	_	Begin=620.127	_	_	_	_
192-1	TO041	192	192	1	questo	questo	_	_	_	_	_	linguistic	_	none	_	_	_	_	_	_
192-2	TO041	192	192	2	è	è	_	_	_	_	_	linguistic	_	none	_	_	_	_	_	_
192-3	TO041	192	192	3	un	un	_	_	_	_	_	linguistic	_	none	_	_	_	_	_	_
192-4	TO041	192	192	4	altro	altro	_	_	_	_	_	linguistic	_	none	_	_	_	_	_	_
192-5	TO041	192	192	5	punto	punto	_	_	_	_	_	linguistic	_	none	_	_	_	_	_	_
192-6	TO041	192	192	6	a	a	_	_	_	_	_	linguistic	_	none	_	_	_	_	_	_
192-7	TO041	192	192	7	favore	favore	_	_	_	_	_	linguistic	_	none	_	_	_	_	_	_
192-8	TO041	192	192	8	dell'	dell'	_	_	_	_	_	linguistic	_	none	SpaceAfter=No	_	_	_	_	_
192-9	TO041	192	192	9	organizzazione	organizzazione	_	_	_	_	_	linguistic	_	none	_	_	_	_	_	_
192-10	TO041	192	192	10	finlandese	finlandese	_	_	_	_	_	linguistic	_	none	_	_	_	_	_	_
192-11	TO041	192	192	11	perché	perché	_	_	_	_	_	linguistic	_	none	_	_	_	_	_	_
192-12	TO041	192	192	12	l'	l'	_	_	_	_	_	linguistic	_	none	SpaceAfter=No	_	_	_	_	_
192-13	TO041	192	192	13	università,	università	_	_	_	_	_	linguistic	_	none	Intonation=WeaklyRising	End=625.398	_	_	_	_
193-0	TO041	193	193	0	e::h	eh	_	_	_	_	_	linguistic	_	none	ProsodicLink=Yes	Begin=625.561	0x2	_	_	_
193-1	TO041	193	193	1	mh	mh	_	_	_	_	_	linguistic	_	none	_	_	_	_	_	_
193-2	TO041	193	193	2	collabora	collabora	_	_	_	_	_	linguistic	_	none	_	_	_	_	_	_
193-3	TO041	193	193	3	con	con	_	_	_	_	_	linguistic	_	none	_	_	_	_	_	_
193-4	TO041	193	193	4	una	una	_	_	_	_	_	linguistic	_	none	_	_	_	_	_	_
193-5	TO041	193	193	5	associazione	associazione	_	_	_	_	_	linguistic	_	none	_	_	_	_	_	_
193-6	TO041	193	193	6	cittadina	cittadina	_	_	_	_	_	linguistic	_	none	_	_	_	_	_	_
193-7	TO041	193	193	7	che	che	_	_	_	_	_	linguistic	_	none	_	_	_	_	_	_
193-8	TO041	193	193	8	aiuta	aiuta	_	_	_	_	_	linguistic	_	none	_	_	_	_	_	_
193-9	TO041	193	193	9	gli	gli	_	_	_	_	_	linguistic	_	none	_	_	_	_	_	_
193-10	TO041	193	193	10	studenti	studenti	_	_	_	_	_	linguistic	_	none	_	_	_	_	_	_
193-11	TO041	193	193	11	erasmus	erasmus	_	_	_	_	_	linguistic	_	none	_	_	_	_	_	_
193-12	TO041	193	193	12	a	a	_	_	_	_	_	linguistic	_	none	_	_	_	_	_	_
193-13	TO041	193	193	13	trovarsi:	trovarsi	_	_	_	_	_	linguistic	_	none	_	_	7x1	_	_	_
193-14	TO041	193	193	14	un	un	_	_	_	_	_	linguistic	_	none	_	_	_	_	_	_
193-15	TO041	193	193	15	appartamento	appartamento	_	_	_	_	_	linguistic	_	none	_	_	_	_	_	_
193-16	TO041	193	193	16	già	già	_	_	_	_	_	linguistic	_	none	_	_	_	_	_	_
193-17	TO041	193	193	17	prima	prima	_	_	_	_	_	linguistic	_	none	_	_	_	_	_	_
193-18	TO041	193	193	18	di	di	_	_	_	_	_	linguistic	_	none	_	_	_	_	_	_
193-19	TO041	193	193	19	arrivare	arrivare	_	_	_	_	_	linguistic	_	none	_	_	_	_	_	_
193-20	TO041	193	193	20	lì,	lì	_	_	_	_	_	linguistic	_	none	Intonation=WeaklyRising	End=634.201	_	_	_	_
194-0	TO041	194	194	0	così	così	_	_	_	_	_	linguistic	_	none	_	Begin=634.479	_	_	_	_
194-1	TO041	194	194	1	almeno,	almeno	_	_	_	_	_	linguistic	_	none	Intonation=WeaklyRising	End=635.807	_	_	_	_
195-0	TO041	195	195	0	<per	per	_	_	_	_	_	linguistic	_	none	_	Begin=636.239	_	Slow=0-3(0)	_	_
195-1	TO041	195	195	1	quanto	quanto	_	_	_	_	_	linguistic	_	none	_	_	_	Slow=0-6(0)	_	_
195-2	TO041	195	195	2	riguarda>	riguarda	_	_	_	_	_	linguistic	_	none	_	_	_	Slow=0-8(0)	_	_
195-3	TO041	195	195	3	l'	l'	_	_	_	_	_	linguistic	_	none	SpaceAfter=No	_	_	_	_	_
195-4	TO041	195	195	4	alloggio	alloggio	_	_	_	_	_	linguistic	_	none	_	_	_	_	_	_
195-5	TO041	195	195	5	arrivi	arrivi	_	_	_	_	_	linguistic	_	none	_	_	_	_	_	_
195-6	TO041	195	195	6	e	e	_	_	_	_	_	linguistic	_	none	_	_	_	_	_	_
195-7	TO041	195	195	7	sei	sei	_	_	_	_	_	linguistic	_	none	_	_	_	_	_	_
195-8	TO041	195	195	8	tranquillo	tranquillo	_	_	_	_	_	linguistic	_	none	_	_	_	_	_	_
195-9	TO041	195	195	9	non	non	_	_	_	_	_	linguistic	_	none	_	_	_	_	_	_
195-10	TO041	195	195	10	che,	che	_	_	_	_	_	linguistic	_	none	Intonation=WeaklyRising	End=640.651	_	_	_	_
196-0	TO041	196	196	0	magari	magari	_	_	_	_	_	linguistic	_	none	_	Begin=640.992	_	_	_	_
196-1	TO041	196	196	1	arrivi:	arrivi	_	_	_	_	_	linguistic	_	none	_	_	5x1	_	_	_
196-2	TO041	196	196	2	e	e	_	_	_	_	_	linguistic	_	none	_	_	_	_	_	_
196-3	TO041	196	196	3	non	non	_	_	_	_	_	linguistic	_	none	_	_	_	_	_	_
196-4	TO041	196	196	4	sai	sai	_	_	_	_	_	linguistic	_	none	_	_	_	_	_	_
196-5	TO041	196	196	5	dove	dove	_	_	_	_	_	linguistic	_	none	_	_	_	_	_	_
196-6	TO041	196	196	6	andare.	andare	_	_	_	_	_	linguistic	_	none	Intonation=Falling	End=644.018	_	_	_	_
197-0	TO041	197	197	0	e::h	eh	_	_	_	_	_	linguistic	_	none	ProsodicLink=Yes	Begin=644.997	0x2	_	_	_
197-1	TO041	197	197	1	mh	mh	_	_	_	_	_	linguistic	_	none	_	_	_	_	_	_
197-2	TO041	197	197	2	comunque	comunque	_	_	_	_	_	linguistic	_	none	_	_	_	_	_	_
197-3	TO041	197	197	3	io	io	_	_	_	_	_	linguistic	_	none	_	_	_	_	_	_
197-4	TO041	197	197	4	mi	mi	_	_	_	_	_	linguistic	_	none	_	_	_	_	_	_
197-5	TO041	197	197	5	sono	sono	_	_	_	_	_	linguistic	_	none	_	_	_	_	_	_
197-6	TO041	197	197	6	rivolta	rivolta	_	_	_	_	_	linguistic	_	none	_	_	_	_	_	_
197-7	TO041	197	197	7	a	a	_	_	_	_	_	linguistic	_	none	_	_	_	_	_	_
197-8	TO041	197	197	8	questa	questa	_	_	_	_	_	linguistic	_	none	_	_	_	_	_	_
197-9	TO041	197	197	9	associazione	associazione	_	_	_	_	_	linguistic	_	none	_	_	_	_	_	_
197-10	TO041	197	197	10	ho	ho	_	_	_	_	_	linguistic	_	none	_	_	_	_	_	_
197-11	TO041	197	197	11	trovato	trovato	_	_	_	_	_	linguistic	_	none	_	_	_	_	_	_
197-12	TO041	197	197	12	l'	l'	_	_	_	_	_	linguistic	_	none	SpaceAfter=No	_	_	_	_	_
197-13	TO041	197	197	13	alloggio	alloggio	_	_	_	_	_	linguistic	_	none	_	_	_	_	_	_
197-14	TO041	197	197	14	prima	prima	_	_	_	_	_	linguistic	_	none	_	_	_	_	_	_
197-15	TO041	197	197	15	di	di	_	_	_	_	_	linguistic	_	none	_	_	_	_	_	_
197-16	TO041	197	197	16	arrivare	arrivare	_	_	_	_	_	linguistic	_	none	_	_	_	_	_	_
197-17	TO041	197	197	17	lì	lì	_	_	_	_	_	linguistic	_	none	_	_	_	_	_	_
197-18	TO041	197	197	18	e	e	_	_	_	_	_	linguistic	_	none	_	_	_	_	_	_
197-19	TO041	197	197	19	quando	quando	_	_	_	_	_	linguistic	_	none	_	_	_	_	_	_
197-20	TO041	197	197	20	sono	sono	_	_	_	_	_	linguistic	_	none	_	_	_	_	_	_
197-21	TO041	197	197	21	arrivata	arrivata	_	_	_	_	_	linguistic	_	none	_	_	_	_	_	_
197-22	TO041	197	197	22	lì	lì	_	_	_	_	_	linguistic	_	none	_	_	_	_	_	_
197-23	TO041	197	197	23	sì	sì	_	_	_	_	_	linguistic	_	none	_	_	_	_	_	_
197-24	TO041	197	197	24	era	era	_	_	_	_	_	linguistic	_	none	_	_	_	_	_	_
197-25	TO041	197	197	25	un	un	_	_	_	_	_	linguistic	_	none	_	_	_	_	_	_
197-26	TO041	197	197	26	po'	po'	_	_	_	_	_	linguistic	_	none	_	_	_	_	_	_
197-27	TO041	197	197	27	distante	distante	_	_	_	_	_	linguistic	_	none	_	_	_	_	_	_
197-28	TO041	197	197	28	dall'	dall'	_	_	_	_	_	linguistic	_	none	SpaceAfter=No	_	_	_	_	_
197-29	TO041	197	197	29	università,	università	_	_	_	_	_	linguistic	_	none	Intonation=WeaklyRising	End=654.064	_	_	_	_
198-0	TO041	198	198	0	>non	non	_	_	_	_	_	linguistic	_	none	_	Begin=654.393	_	Fast=0-3(0)	_	_
198-1	TO041	198	198	1	si	si	_	_	_	_	_	linguistic	_	none	_	_	_	Fast=0-2(0)	_	_
198-2	TO041	198	198	2	sa	sa	_	_	_	_	_	linguistic	_	none	_	_	_	Fast=0-2(0)	_	_
198-3	TO041	198	198	3	perché	perché	_	_	_	_	_	linguistic	_	none	_	_	_	Fast=0-6(0)	_	_
198-4	TO041	198	198	4	perché	perché	_	_	_	_	_	linguistic	_	none	_	_	_	Fast=0-6(0)	_	_
198-5	TO041	198	198	5	tutti	tutti	_	_	_	_	_	linguistic	_	none	_	_	_	Fast=0-5(0)	_	_
198-6	TO041	198	198	6	gli	gli	_	_	_	_	_	linguistic	_	none	_	_	_	Fast=0-3(0)	_	_
198-7	TO041	198	198	7	altri	altri	_	_	_	_	_	linguistic	_	none	_	_	_	Fast=0-5(0)	_	_
198-8	TO041	198	198	8	miei	miei	_	_	_	_	_	linguistic	_	none	_	_	_	Fast=0-4(0)	_	_
198-9	TO041	198	198	9	compagni	compagni	_	_	_	_	_	linguistic	_	none	_	_	_	Fast=0-8(0)	_	_
198-10	TO041	198	198	10	erano	erano	_	_	_	_	_	linguistic	_	none	_	_	_	Fast=0-5(0)	_	_
198-11	TO041	198	198	11	da	da	_	_	_	_	_	linguistic	_	none	_	_	_	Fast=0-2(0)	_	_
198-12	TO041	198	198	12	un'	un'	_	_	_	_	_	linguistic	_	none	SpaceAfter=No	_	_	Fast=0-3(0)	_	_
198-13	TO041	198	198	13	altra	altra	_	_	_	_	_	linguistic	_	none	_	_	_	Fast=0-5(0)	_	_
198-14	TO041	198	198	14	parte<.	parte	_	_	_	_	_	linguistic	_	none	Intonation=Falling	End=657.607	_	Fast=0-5(0)	_	_
199-0	TO041	199	199	0	però	però	_	_	_	_	_	linguistic	_	none	_	Begin=657.816	_	_	_	_
199-1	TO041	199	199	1	comunque	comunque	_	_	_	_	_	linguistic	_	none	_	_	_	_	_	_
199-2	TO041	199	199	2	ero	ero	_	_	_	_	_	linguistic	_	none	_	_	_	_	_	_
199-3	TO041	199	199	3	in~	in~	_	_	_	_	_	linguistic	_	none	Interrupted=Yes	_	_	_	_	_
199-4	TO041	199	199	4	ero	ero	_	_	_	_	_	linguistic	_	none	_	_	_	_	_	_
199-5	TO041	199	199	5	in	in	_	_	_	_	_	linguistic	_	none	_	_	_	_	_	_
199-6	TO041	199	199	6	una	una	_	_	_	_	_	linguistic	_	none	_	_	_	_	_	_
199-7	TO041	199	199	7	zona,	zona	_	_	_	_	_	linguistic	_	none	Intonation=WeaklyRising	End=660.348	_	_	_	_
200-0	TO041	200	200	0	in	in	_	_	_	_	_	linguistic	_	none	_	Begin=660.633	_	_	_	_
200-1	TO041	200	200	1	cui	cui	_	_	_	_	_	linguistic	_	none	_	_	_	_	_	_
200-2	TO041	200	200	2	c'	c'	_	_	_	_	_	linguistic	_	none	SpaceAfter=No	_	_	_	_	_
200-3	TO041	200	200	3	erano	erano	_	_	_	_	_	linguistic	_	none	_	_	_	_	_	_
200-4	TO041	200	200	4	diver~	diver~	_	_	_	_	_	linguistic	_	none	Interrupted=Yes	_	_	_	_	_
200-5	TO041	200	200	5	eh	eh	_	_	_	_	_	linguistic	_	none	_	_	_	_	_	_
200-6	TO041	200	200	6	diverse	diverse	_	_	_	_	_	linguistic	_	none	_	_	_	_	_	_
200-7	TO041	200	200	7	palazzine	palazzine	_	_	_	_	_	linguistic	_	none	_	_	_	_	_	_
200-8	TO041	200	200	8	tutti	tutti	_	_	_	_	_	linguistic	_	none	_	_	_	_	_	_
200-9	TO041	200	200	9	abitate	abitate	_	_	_	_	_	linguistic	_	none	_	_	_	_	_	_
200-10	TO041	200	200	10	da	da	_	_	_	_	_	linguistic	_	none	_	_	_	_	_	_
200-11	TO041	200	200	11	studenti,	studenti	_	_	_	_	_	linguistic	_	none	Intonation=WeaklyRising	End=664.363	_	_	_	_
201-0	TO041	201	201	0	quindi	quindi	_	_	_	_	_	linguistic	_	none	_	Begin=664.609	_	_	_	_
201-1	TO041	201	201	1	erasmus	erasmus	_	_	_	_	_	linguistic	_	none	_	_	_	_	_	_
201-2	TO041	201	201	2	e	e	_	_	_	_	_	linguistic	_	none	_	_	_	_	_	_
201-3	TO041	201	201	3	non,	non	_	_	_	_	_	linguistic	_	none	Intonation=WeaklyRising	End=666.076	_	_	_	_
202-0	TO041	202	202	0	e::h	eh	_	_	_	_	_	linguistic	_	none	ProsodicLink=Yes	Begin=666.654	0x2	_	_	_
202-1	TO041	202	202	1	m:h	mh	_	_	_	_	_	linguistic	_	none	_	End=668.696	0x1	_	_	_
203-0	TO041	203	203	0	e	e	_	_	_	_	_	linguistic	_	none	_	Begin=668.767	_	_	_	_
203-1	TO041	203	203	1	quindi	quindi	_	_	_	_	_	linguistic	_	none	_	_	_	_	_	_
203-2	TO041	203	203	2	mi	mi	_	_	_	_	_	linguistic	_	none	_	_	_	_	_	_
203-3	TO041	203	203	3	sono	sono	_	_	_	_	_	linguistic	_	none	_	_	_	_	_	_
203-4	TO041	203	203	4	trovata	trovata	_	_	_	_	_	linguistic	_	none	_	_	_	_	_	_
203-5	TO041	203	203	5	veramente	veramente	_	_	_	_	_	linguistic	_	none	_	_	_	_	_	_
203-6	TO041	203	203	6	bene	bene	_	_	_	_	_	linguistic	_	none	_	_	_	_	_	_
203-7	TO041	203	203	7	e	e	_	_	_	_	_	linguistic	_	none	_	_	_	_	_	_
203-8	TO041	203	203	8	poi::	poi	_	_	_	_	_	linguistic	_	none	_	End=671.458	2x2	_	_	_
204-0	TO041	204	204	0	sì	sì	_	_	_	_	_	linguistic	_	none	_	Begin=671.672	_	_	_	_
204-1	TO041	204	204	1	era	era	_	_	_	_	_	linguistic	_	none	_	_	_	_	_	_
204-2	TO041	204	204	2	un	un	_	_	_	_	_	linguistic	_	none	_	_	_	_	_	_
204-3	TO041	204	204	3	po'	po'	_	_	_	_	_	linguistic	_	none	_	_	_	_	_	_
204-4	TO041	204	204	4	distante	distante	_	_	_	_	_	linguistic	_	none	_	_	_	_	_	_
204-5	TO041	204	204	5	dal	dal	_	_	_	_	_	linguistic	_	none	_	_	_	_	_	_
204-6	TO041	204	204	6	centro	centro	_	_	_	_	_	linguistic	_	none	_	_	_	_	_	_
204-7	TO041	204	204	7	ma	ma	_	_	_	_	_	linguistic	_	none	_	_	_	_	_	_
204-8	TO041	204	204	8	comunque:	comunque	_	_	_	_	_	linguistic	_	none	_	End=674.495	7x1	_	_	_
205-0	TO041	205	205	0	era	era	_	_	_	_	_	linguistic	_	none	_	Begin=674.707	_	_	_	_
205-1	TO041	205	205	1	in	in	_	_	_	_	_	linguistic	_	none	_	_	_	_	_	_
205-2	TO041	205	205	2	un	un	_	_	_	_	_	linguistic	_	none	_	_	_	_	_	_
205-3	TO041	205	205	3	bellissimo	bellissimo	_	_	_	_	_	linguistic	_	none	_	_	_	_	_	_
205-4	TO041	205	205	4	posto	posto	_	_	_	_	_	linguistic	_	none	_	_	_	_	_	_
205-5	TO041	205	205	5	perché	perché	_	_	_	_	_	linguistic	_	none	_	_	_	_	_	_
205-6	TO041	205	205	6	era	era	_	_	_	_	_	linguistic	_	none	_	_	_	_	_	_
205-7	TO041	205	205	7	proprio	proprio	_	_	_	_	_	linguistic	_	none	_	_	_	_	_	_
205-8	TO041	205	205	8	in	in	_	_	_	_	_	linguistic	_	none	_	_	_	_	_	_
205-9	TO041	205	205	9	mezzo	mezzo	_	_	_	_	_	linguistic	_	none	_	_	_	_	_	_
205-10	TO041	205	205	10	a:lla:	alla	_	_	_	_	_	linguistic	_	none	_	_	0x1,3x1	_	_	_
205-11	TO041	205	205	11	foresta.	foresta	_	_	_	_	_	linguistic	_	none	Intonation=Falling	End=678.807	_	_	_	_
206-0	TO041	206	206	0	e	e	_	_	_	_	_	linguistic	_	none	_	Begin=678.835	_	_	_	_
206-1	TO041	206	206	1	quindi	quindi	_	_	_	_	_	linguistic	_	none	_	_	_	_	_	_
206-2	TO041	206	206	2	comuque	comuque	_	_	_	_	_	linguistic	_	none	_	_	_	_	_	_
206-3	TO041	206	206	3	posso	posso	_	_	_	_	_	linguistic	_	none	_	_	_	_	_	_
206-4	TO041	206	206	4	dire	dire	_	_	_	_	_	linguistic	_	none	_	_	_	_	_	_
206-5	TO041	206	206	5	di	di	_	_	_	_	_	linguistic	_	none	_	_	_	_	_	_
206-6	TO041	206	206	6	aver	aver	_	_	_	_	_	linguistic	_	none	ProsodicLink=Yes	_	_	_	_	_
206-7	TO041	206	206	7	e:h	eh	_	_	_	_	_	linguistic	_	none	_	End=681.724	0x1	_	_	_
207-0	TO041	207	207	0	vissuto	vissuto	_	_	_	_	_	linguistic	_	none	_	Begin=681.88	_	_	_	_
207-1	TO041	207	207	1	la	la	_	_	_	_	_	linguistic	_	none	_	_	_	_	_	_
207-2	TO041	207	207	2	finlandia	finlandia	_	_	_	_	_	linguistic	_	none	_	_	_	_	_	_
207-3	TO041	207	207	3	anche.	anche	_	_	_	_	_	linguistic	_	none	Intonation=Falling	End=683.889	_	_	_	_
208-0	TO055	208	208	0	cer[to].	certo	_	_	_	_	_	linguistic	_	none	Intonation=Falling	Begin=684.376|End=684.897	_	_	_	3-5(34)
209-0	TO041	209	209	0	[dal	dal	_	_	_	_	_	linguistic	_	none	_	Begin=684.648	_	_	_	0-3(34)
209-1	TO041	209	209	1	m]io	mio	_	_	_	_	_	linguistic	_	none	_	_	_	_	_	0-1(34)
209-2	TO041	209	209	2	appartamento.	appartamento	_	_	_	_	_	linguistic	_	none	Intonation=Falling	End=686.11	_	_	_	_
210-0	TO041	210	210	0	e	e	_	_	_	_	_	linguistic	_	none	_	Begin=686.311	_	_	_	_
210-1	TO041	210	210	1	poi	poi	_	_	_	_	_	linguistic	_	none	_	_	_	_	_	_
210-2	TO041	210	210	2	con	con	_	_	_	_	_	linguistic	_	none	_	_	_	_	_	_
210-3	TO041	210	210	3	lo	lo	_	_	_	_	_	linguistic	_	none	_	_	_	_	_	_
210-4	TO041	210	210	4	condividevo	condividevo	_	_	_	_	_	linguistic	_	none	_	_	_	_	_	_
210-5	TO041	210	210	5	con	con	_	_	_	_	_	linguistic	_	none	ProsodicLink=Yes	_	_	_	_	_
210-6	TO041	210	210	6	e:h	eh	_	_	_	_	_	linguistic	_	none	ProsodicLink=Yes	_	0x1	_	_	_
210-7	TO041	210	210	7	mh	mh	_	_	_	_	_	linguistic	_	none	_	End=689.031	_	_	_	_
211-0	TO041	211	211	0	una::	una	_	_	_	_	_	linguistic	_	none	_	Begin=689.093	2x2	_	_	_
211-1	TO041	211	211	1	eh	eh	_	_	_	_	_	linguistic	_	none	_	_	_	_	_	_
211-2	TO041	211	211	2	una	una	_	_	_	_	_	linguistic	_	none	_	_	_	_	_	_
211-3	TO041	211	211	3	studentessa	studentessa	_	_	_	_	_	linguistic	_	none	_	_	_	_	_	_
211-4	TO041	211	211	4	erasmus	erasmus	_	_	_	_	_	linguistic	_	none	_	_	_	_	_	_
211-5	TO041	211	211	5	spagnola.	spagnola	_	_	_	_	_	linguistic	_	none	Intonation=Falling	End=692.029	_	_	_	_
212-0	TO041	212	212	0	e:	e	_	_	_	_	_	linguistic	_	none	_	Begin=692.369	0x1	_	_	_
212-1	TO041	212	212	1	una	una	_	_	_	_	_	linguistic	_	none	_	_	_	_	_	_
212-2	TO041	212	212	2	ragazza	ragazza	_	_	_	_	_	linguistic	_	none	_	_	_	_	_	_
212-3	TO041	212	212	3	finlandese	finlandese	_	_	_	_	_	linguistic	_	none	_	_	_	_	_	_
212-4	TO041	212	212	4	che:	che	_	_	_	_	_	linguistic	_	none	_	_	2x1	_	_	_
212-5	TO041	212	212	5	insegnava	insegnava	_	_	_	_	_	linguistic	_	none	_	_	_	_	_	_
212-6	TO041	212	212	6	all'	all'	_	_	_	_	_	linguistic	_	none	SpaceAfter=No	_	_	_	_	_
212-7	TO041	212	212	7	università.	università	_	_	_	_	_	linguistic	_	none	Intonation=Falling	End=695.944	_	_	_	_
213-0	TO041	213	213	0	e	e	_	_	_	_	_	linguistic	_	none	_	Begin=696.211	_	_	_	_
213-1	TO041	213	213	1	quindi	quindi	_	_	_	_	_	linguistic	_	none	_	_	_	_	_	_
213-2	TO041	213	213	2	anche	anche	_	_	_	_	_	linguistic	_	none	_	_	_	_	_	_
213-3	TO041	213	213	3	questo	questo	_	_	_	_	_	linguistic	_	none	_	_	_	_	_	_
213-4	TO041	213	213	4	è	è	_	_	_	_	_	linguistic	_	none	_	_	_	_	_	_
213-5	TO041	213	213	5	stato	stato	_	_	_	_	_	linguistic	_	none	_	_	_	_	_	_
213-6	TO041	213	213	6	molto	molto	_	_	_	_	_	linguistic	_	none	_	_	_	_	_	_
213-7	TO041	213	213	7	positivo	positivo	_	_	_	_	_	linguistic	_	none	_	_	_	_	_	_
213-8	TO041	213	213	8	perché	perché	_	_	_	_	_	linguistic	_	none	_	_	_	_	_	_
213-9	TO041	213	213	9	alla	alla	_	_	_	_	_	linguistic	_	none	_	_	_	_	_	_
213-10	TO041	213	213	10	fine:	fine	_	_	_	_	_	linguistic	_	none	_	End=699.805	3x1	_	_	_
214-0	TO041	214	214	0	abbiamo	abbiamo	_	_	_	_	_	linguistic	_	none	_	Begin=700.018	_	_	_	_
214-1	TO041	214	214	1	legato	legato	_	_	_	_	_	linguistic	_	none	_	_	_	_	_	_
214-2	TO041	214	214	2	abbastanza	abbastanza	_	_	_	_	_	linguistic	_	none	_	_	_	_	_	_
214-3	TO041	214	214	3	anche	anche	_	_	_	_	_	linguistic	_	none	_	_	_	_	_	_
214-4	TO041	214	214	4	se	se	_	_	_	_	_	linguistic	_	none	_	_	_	_	_	_
214-5	TO041	214	214	5	comunque	comunque	_	_	_	_	_	linguistic	_	none	_	_	_	_	_	_
214-6	TO041	214	214	6	essendo	essendo	_	_	_	_	_	linguistic	_	none	_	_	_	_	_	_
214-7	TO041	214	214	7	i	i	_	_	_	_	_	linguistic	_	none	_	_	_	_	_	_
214-8	TO041	214	214	8	finlandesi,	finlandesi	_	_	_	_	_	linguistic	_	none	Intonation=WeaklyRising	End=704.596	_	_	_	_
215-0	TO041	215	215	0	molto	molto	_	_	_	_	_	linguistic	_	none	_	Begin=705.39	_	_	_	_
215-1	TO041	215	215	1	gentili.	gentili	_	_	_	_	_	linguistic	_	none	Intonation=Falling	End=706.657	_	_	_	_
216-0	TO055	216	216	0	okay,	okay	_	_	_	_	_	linguistic	_	none	Intonation=WeaklyRising	Begin=706.794|End=707.203	_	_	_	_
217-0	TO041	217	217	0	sono	sono	_	_	_	_	_	linguistic	_	none	_	Begin=707.203	_	_	_	_
217-1	TO041	217	217	1	veramente	veramente	_	_	_	_	_	linguistic	_	none	_	_	_	_	_	_
217-2	TO041	217	217	2	molto	molto	_	_	_	_	_	linguistic	_	none	_	_	_	_	_	_
217-3	TO041	217	217	3	gentili	gentili	_	_	_	_	_	linguistic	_	none	_	_	_	_	_	_
217-4	TO041	217	217	4	e	e	_	_	_	_	_	linguistic	_	none	_	_	_	_	_	_
217-5	TO041	217	217	5	molto,	molto	_	_	_	_	_	linguistic	_	none	Intonation=WeaklyRising	End=709.394	_	_	_	_
218-0	TO041	218	218	0	educati.	educati	_	_	_	_	_	linguistic	_	none	Intonation=Falling	Begin=709.857|End=710.762	_	_	_	_
219-0	TO041	219	219	0	però	però	_	_	_	_	_	linguistic	_	none	_	Begin=711.007	_	_	_	_
219-1	TO041	219	219	1	sono	sono	_	_	_	_	_	linguistic	_	none	_	_	_	_	_	_
219-2	TO041	219	219	2	anche	anche	_	_	_	_	_	linguistic	_	none	_	_	_	_	_	_
219-3	TO041	219	219	3	molto	molto	_	_	_	_	_	linguistic	_	none	_	_	_	_	_	_
219-4	TO041	219	219	4	diffidenti	diffidenti	_	_	_	_	_	linguistic	_	none	_	_	_	_	_	_
219-5	TO041	219	219	5	quindi	quindi	_	_	_	_	_	linguistic	_	none	_	_	_	_	_	_
219-6	TO041	219	219	6	prima	prima	_	_	_	_	_	linguistic	_	none	_	_	_	_	_	_
219-7	TO041	219	219	7	di	di	_	_	_	_	_	linguistic	_	none	_	_	_	_	_	_
219-8	TO041	219	219	8	parlarti	parlarti	_	_	_	_	_	linguistic	_	none	_	_	_	_	_	_
219-9	TO041	219	219	9	cioè	cioè	_	_	_	_	_	linguistic	_	none	_	_	_	_	_	_
219-10	TO041	219	219	10	loro	loro	_	_	_	_	_	linguistic	_	none	_	_	_	_	_	_
219-11	TO041	219	219	11	non	non	_	_	_	_	_	linguistic	_	none	_	_	_	_	_	_
219-12	TO041	219	219	12	rivolgo	rivolgo	_	_	_	_	_	linguistic	_	none	_	_	_	_	_	_
219-13	TO041	219	219	13	la	la	_	_	_	_	_	linguistic	_	none	_	_	_	_	_	_
219-14	TO041	219	219	14	parola	parola	_	_	_	_	_	linguistic	_	none	_	_	_	_	_	_
219-15	TO041	219	219	15	agli	agli	_	_	_	_	_	linguistic	_	none	_	_	_	_	_	_
219-16	TO041	219	219	16	sconosciuti	sconosciuti	_	_	_	_	_	linguistic	_	none	_	_	_	_	_	_
219-17	TO041	219	219	17	per	per	_	_	_	_	_	linguistic	_	none	_	_	_	_	_	_
219-18	TO041	219	219	18	strada.	strada	_	_	_	_	_	linguistic	_	none	Intonation=Falling	End=717.926	_	_	_	_
220-0	TO041	220	220	0	come	come	_	_	_	_	_	linguistic	_	none	_	Begin=718.39	_	_	_	_
220-1	TO041	220	220	1	capita	capita	_	_	_	_	_	linguistic	_	none	_	_	_	_	_	_
220-2	TO041	220	220	2	a	a	_	_	_	_	_	linguistic	_	none	_	_	_	_	_	_
220-3	TO041	220	220	3	noi	noi	_	_	_	_	_	linguistic	_	none	_	_	_	_	_	_
220-4	TO041	220	220	4	magari	magari	_	_	_	_	_	linguistic	_	none	_	_	_	_	_	_
220-5	TO041	220	220	5	certe	certe	_	_	_	_	_	linguistic	_	none	_	_	_	_	_	_
220-6	TO041	220	220	6	volte	volte	_	_	_	_	_	linguistic	_	none	_	_	_	_	_	_
220-7	TO041	220	220	7	che	che	_	_	_	_	_	linguistic	_	none	_	_	_	_	_	_
220-8	TO041	220	220	8	incroci	incroci	_	_	_	_	_	linguistic	_	none	_	_	_	_	_	_
220-9	TO041	220	220	9	lo	lo	_	_	_	_	_	linguistic	_	none	_	_	_	_	_	_
220-10	TO041	220	220	10	sguardo	sguardo	_	_	_	_	_	linguistic	_	none	_	_	_	_	_	_
220-11	TO041	220	220	11	di	di	_	_	_	_	_	linguistic	_	none	_	_	_	_	_	_
220-12	TO041	220	220	12	qualcuno	qualcuno	_	_	_	_	_	linguistic	_	none	_	_	_	_	_	_
220-13	TO041	220	220	13	e	e	_	_	_	_	_	linguistic	_	none	_	_	_	_	_	_
220-14	TO041	220	220	14	lo	lo	_	_	_	_	_	linguistic	_	none	_	_	_	_	_	_
220-15	TO041	220	220	15	saluti	saluti	_	_	_	_	_	linguistic	_	none	_	_	_	_	_	_
220-16	TO041	220	220	16	anche	anche	_	_	_	_	_	linguistic	_	none	_	_	_	_	_	_
220-17	TO041	220	220	17	se	se	_	_	_	_	_	linguistic	_	none	_	_	_	_	_	_
220-18	TO041	220	220	18	non	non	_	_	_	_	_	linguistic	_	none	_	_	_	_	_	_
220-19	TO041	220	220	19	lo	lo	_	_	_	_	_	linguistic	_	none	_	_	_	_	_	_
220-20	TO041	220	220	20	conosci.	conosci	_	_	_	_	_	linguistic	_	none	Intonation=Falling	End=724.321	_	_	_	_
221-0	TO041	221	221	0	o	o	_	_	_	_	_	linguistic	_	none	_	Begin=724.706	_	_	_	_
221-1	TO041	221	221	1	magari	magari	_	_	_	_	_	linguistic	_	none	_	_	_	_	_	_
221-2	TO041	221	221	2	alla	alla	_	_	_	_	_	linguistic	_	none	_	_	_	_	_	_
221-3	TO041	221	221	3	fermata	fermata	_	_	_	_	_	linguistic	_	none	_	_	_	_	_	_
221-4	TO041	221	221	4	del	del	_	_	_	_	_	linguistic	_	none	_	_	_	_	_	_
221-5	TO041	221	221	5	pullman	pullman	_	_	_	_	_	linguistic	_	none	_	_	_	_	_	_
221-6	TO041	221	221	6	scambi	scambi	_	_	_	_	_	linguistic	_	none	_	_	_	_	_	_
221-7	TO041	221	221	7	due	due	_	_	_	_	_	linguistic	_	none	_	_	_	_	_	_
221-8	TO041	221	221	8	parole	parole	_	_	_	_	_	linguistic	_	none	_	_	_	_	_	_
221-9	TO041	221	221	9	con	con	_	_	_	_	_	linguistic	_	none	_	_	_	_	_	_
221-10	TO041	221	221	10	la	la	_	_	_	_	_	linguistic	_	none	_	_	_	_	_	_
221-11	TO041	221	221	11	persona	persona	_	_	_	_	_	linguistic	_	none	_	_	_	_	_	_
221-12	TO041	221	221	12	che	che	_	_	_	_	_	linguistic	_	none	_	_	_	_	_	_
221-13	TO041	221	221	13	hai	hai	_	_	_	_	_	linguistic	_	none	_	_	_	_	_	_
221-14	TO041	221	221	14	vicino	vicino	_	_	_	_	_	linguistic	_	none	_	_	_	_	_	_
221-15	TO041	221	221	15	a	a	_	_	_	_	_	linguistic	_	none	_	_	_	_	_	_
221-16	TO041	221	221	16	te.	te	_	_	_	_	_	linguistic	_	none	Intonation=Falling	_	_	_	_	_
221-17	TO041	221	221	17	per	per	_	_	_	_	_	linguistic	_	none	_	_	_	_	_	_
221-18	TO041	221	221	18	loro	loro	_	_	_	_	_	linguistic	_	none	_	_	_	_	_	_
221-19	TO041	221	221	19	non	non	_	_	_	_	_	linguistic	_	none	_	_	_	_	_	_
221-20	TO041	221	221	20	esiste	esiste	_	_	_	_	_	linguistic	_	none	_	_	_	_	_	_
221-21	TO041	221	221	21	questa	questa	_	_	_	_	_	linguistic	_	none	_	_	_	_	_	_
221-22	TO041	221	221	22	cosa.	cosa	_	_	_	_	_	linguistic	_	none	Intonation=Falling	End=731.271	_	_	_	_
222-0	TO055	222	222	0	davvero?	davvero	_	_	_	_	_	linguistic	_	none	Intonation=Rising	Begin=731.403|End=732.027	_	_	_	_
223-0	TO041	223	223	0	sì.	sì	_	_	_	_	_	linguistic	_	none	Intonation=Falling	Begin=732.027	_	_	_	_
223-1	TO041	223	223	1	se	se	_	_	_	_	_	linguistic	_	none	_	_	_	_	_	_
223-2	TO041	223	223	2	tu,	tu	_	_	_	_	_	linguistic	_	none	Intonation=WeaklyRising	End=733.0	_	_	_	_
224-0	TO041	224	224	0	rivolgi	rivolgi	_	_	_	_	_	linguistic	_	none	_	Begin=733.844	_	_	_	_
224-1	TO041	224	224	1	la	la	_	_	_	_	_	linguistic	_	none	_	_	_	_	_	_
224-2	TO041	224	224	2	parola	parola	_	_	_	_	_	linguistic	_	none	_	_	_	_	_	_
224-3	TO041	224	224	3	a	a	_	_	_	_	_	linguistic	_	none	_	_	_	_	_	_
224-4	TO041	224	224	4	una	una	_	_	_	_	_	linguistic	_	none	_	_	_	_	_	_
224-5	TO041	224	224	5	persona,	persona	_	_	_	_	_	linguistic	_	none	Intonation=WeaklyRising	End=736.119	_	_	_	_
225-0	TO041	225	225	0	al	al	_	_	_	_	_	linguistic	_	none	_	Begin=736.814	_	_	_	_
225-1	TO041	225	225	1	supemercato	supemercato	_	_	_	_	_	linguistic	_	none	_	_	_	_	_	_
225-2	TO041	225	225	2	questa	questa	_	_	_	_	_	linguistic	_	none	_	_	_	_	_	_
225-3	TO041	225	225	3	qua	qua	_	_	_	_	_	linguistic	_	none	_	_	_	_	_	_
225-4	TO041	225	225	4	ti	ti	_	_	_	_	_	linguistic	_	none	_	_	_	_	_	_
225-5	TO041	225	225	5	guarda	guarda	_	_	_	_	_	linguistic	_	none	_	_	_	_	_	_
225-6	TO041	225	225	6	malissimo	malissimo	_	_	_	_	_	linguistic	_	none	_	_	_	_	_	_
225-7	TO041	225	225	7	e	e	_	_	_	_	_	linguistic	_	none	_	_	_	_	_	_
225-8	TO041	225	225	8	scappa.	scappa	_	_	_	_	_	linguistic	_	none	Intonation=Falling	End=740.325	_	_	_	_
226-0	TO055	226	226	0	((ride))	((ride))	_	_	_	_	_	nonverbalbehavior	_	none	_	Begin=740.279|End=741.12	_	_	_	_
227-0	TO041	227	227	0	e	e	_	_	_	_	_	linguistic	_	none	_	Begin=741.12	_	_	_	_
227-1	TO041	227	227	1	così	così	_	_	_	_	_	linguistic	_	none	_	_	_	_	_	_
227-2	TO041	227	227	2	anche	anche	_	_	_	_	_	linguistic	_	none	_	_	_	_	_	_
227-3	TO041	227	227	3	la	la	_	_	_	_	_	linguistic	_	none	_	_	_	_	_	_
227-4	TO041	227	227	4	mia	mia	_	_	_	_	_	linguistic	_	none	_	_	_	_	_	_
227-5	TO041	227	227	5	coinquilina	coinquilina	_	_	_	_	_	linguistic	_	none	PauseAfter=Yes	_	_	_	_	_
227-6	TO041	227	227	6	(.)	(.)	_	_	_	_	_	shortpause	_	none	_	_	_	_	_	_
227-7	TO041	227	227	7	finlandese	finlandese	_	_	_	_	_	linguistic	_	none	_	_	_	_	_	_
227-8	TO041	227	227	8	era	era	_	_	_	_	_	linguistic	_	none	_	_	_	_	_	_
227-9	TO041	227	227	9	una,	una	_	_	_	_	_	linguistic	_	none	Intonation=WeaklyRising	End=744.366	_	_	_	_
228-0	TO041	228	228	0	cioè	cioè	_	_	_	_	_	linguistic	_	none	_	Begin=744.702	_	_	_	_
228-1	TO041	228	228	1	all'	all'	_	_	_	_	_	linguistic	_	none	SpaceAfter=No	_	_	_	_	_
228-2	TO041	228	228	2	inizo	inizo	_	_	_	_	_	linguistic	_	none	_	_	_	_	_	_
228-3	TO041	228	228	3	è	è	_	_	_	_	_	linguistic	_	none	_	_	_	_	_	_
228-4	TO041	228	228	4	stato,	stato	_	_	_	_	_	linguistic	_	none	Intonation=WeaklyRising	End=746.724	_	_	_	_
229-0	TO041	229	229	0	c'	c'	_	_	_	_	_	linguistic	_	none	SpaceAfter=No	Begin=747.724	_	_	_	_
229-1	TO041	229	229	1	ha	ha	_	_	_	_	_	linguistic	_	none	_	_	_	_	_	_
229-2	TO041	229	229	2	impiegato	impiegato	_	_	_	_	_	linguistic	_	none	_	_	_	_	_	_
229-3	TO041	229	229	3	un	un	_	_	_	_	_	linguistic	_	none	_	_	_	_	_	_
229-4	TO041	229	229	4	po'	po'	_	_	_	_	_	linguistic	_	none	_	_	_	_	_	_
229-5	TO041	229	229	5	di	di	_	_	_	_	_	linguistic	_	none	_	_	_	_	_	_
229-6	TO041	229	229	6	settimane	settimane	_	_	_	_	_	linguistic	_	none	_	_	_	_	_	_
229-7	TO041	229	229	7	diciamo	diciamo	_	_	_	_	_	linguistic	_	none	_	_	_	_	_	_
229-8	TO041	229	229	8	prima	prima	_	_	_	_	_	linguistic	_	none	_	_	_	_	_	_
229-9	TO041	229	229	9	di	di	_	_	_	_	_	linguistic	_	none	_	_	_	_	_	_
229-10	TO041	229	229	10	riv~	riv~	_	_	_	_	_	linguistic	_	none	Interrupted=Yes	_	_	_	_	_
229-11	TO041	229	229	11	prima	prima	_	_	_	_	_	linguistic	_	none	_	_	_	_	_	_
229-12	TO041	229	229	12	di	di	_	_	_	_	_	linguistic	_	none	_	_	_	_	_	_
229-13	TO041	229	229	13	parlare	parlare	_	_	_	_	_	linguistic	_	none	_	_	_	_	_	_
229-14	TO041	229	229	14	veramente	veramente	_	_	_	_	_	linguistic	_	none	_	_	_	_	_	_
229-15	TO041	229	229	15	con	con	_	_	_	_	_	linguistic	_	none	_	_	_	_	_	_
229-16	TO041	229	229	16	me.	me	_	_	_	_	_	linguistic	_	none	Intonation=Falling	_	_	_	_	_
229-17	TO041	229	229	17	[dopo	dopo	_	_	_	_	_	linguistic	_	none	_	_	_	_	_	0-4(35)
229-18	TO041	229	229	18	un	un	_	_	_	_	_	linguistic	_	none	_	_	_	_	_	0-2(35)
229-19	TO041	229	229	19	me]se	mese	_	_	_	_	_	linguistic	_	none	_	_	_	_	_	0-2(35)
229-20	TO041	229	229	20	abbiamo	abbiamo	_	_	_	_	_	linguistic	_	none	_	_	_	_	_	_
229-21	TO041	229	229	21	iniziato	iniziato	_	_	_	_	_	linguistic	_	none	_	_	_	_	_	_
229-22	TO041	229	229	22	ad	ad	_	_	_	_	_	linguistic	_	none	_	_	_	_	_	_
229-23	TO041	229	229	23	avere	avere	_	_	_	_	_	linguistic	_	none	_	_	_	_	_	_
229-24	TO041	229	229	24	conversazioni:	conversazioni	_	_	_	_	_	linguistic	_	none	_	End=755.724	12x1	_	_	_
230-0	TO055	230	230	0	[okay].	okay	_	_	_	_	_	linguistic	_	none	Intonation=Falling	Begin=752.495|End=753.146	_	_	_	0-4(35)
231-0	TO041	231	231	0	di	di	_	_	_	_	_	linguistic	_	none	_	Begin=756.055	_	_	_	_
231-1	TO041	231	231	1	una:	una	_	_	_	_	_	linguistic	_	none	_	_	2x1	_	_	_
231-2	TO041	231	231	2	<lunghezza>	lunghezza	_	_	_	_	_	linguistic	_	none	_	_	_	Slow=0-9(0)	_	_
231-3	TO041	231	231	3	decoro~	decoro~	_	_	_	_	_	linguistic	_	none	Interrupted=Yes	_	_	_	_	_
231-4	TO041	231	231	4	cioè	cioè	_	_	_	_	_	linguistic	_	none	_	_	_	_	_	_
231-5	TO041	231	231	5	decente.	decente	_	_	_	_	_	linguistic	_	none	Intonation=Falling	End=759.44	_	_	_	_
232-0	TO055	232	232	0	mhmh,	mhmh	_	_	_	_	_	linguistic	_	none	Intonation=WeaklyRising	Begin=759.491|End=759.877	_	_	_	_
233-0	TO041	233	233	0	prima	prima	_	_	_	_	_	linguistic	_	none	_	Begin=760.125	_	_	_	_
233-1	TO041	233	233	1	era	era	_	_	_	_	_	linguistic	_	none	_	_	_	_	_	_
233-2	TO041	233	233	2	semplicemente	semplicemente	_	_	_	_	_	linguistic	_	none	_	_	_	_	_	_
233-3	TO041	233	233	3	ciao.	ciao	_	_	_	_	_	linguistic	_	none	Intonation=Falling	_	_	_	_	_
233-4	TO041	233	233	4	mi	mi	_	_	_	_	_	linguistic	_	none	_	_	_	_	_	_
233-5	TO041	233	233	5	chiamo	chiamo	_	_	_	_	_	linguistic	_	none	_	_	_	_	_	_
233-6	TO041	233	233	6	anna.	anna	_	_	_	_	_	linguistic	_	none	Intonation=Falling	_	_	_	_	_
233-7	TO041	233	233	7	ciao.	ciao	_	_	_	_	_	linguistic	_	none	Intonation=Falling	End=763.862	_	_	_	_
234-0	TO041	234	234	0	e~	e~	_	_	_	_	_	linguistic	_	none	Interrupted=Yes	Begin=764.274|End=764.541	_	_	_	_
235-0	TO055	235	235	0	e	e	_	_	_	_	_	linguistic	_	none	_	Begin=764.749	_	_	_	_
235-1	TO055	235	235	1	b[asta].	basta	_	_	_	_	_	linguistic	_	none	Intonation=Falling	End=765.477	_	_	_	1-5(36)
236-0	TO041	236	236	0	[poi	poi	_	_	_	_	_	linguistic	_	none	_	Begin=764.945	_	_	_	0-3(36)
236-1	TO041	236	236	1	non	non	_	_	_	_	_	linguistic	_	none	_	_	_	_	_	0-3(36)
236-2	TO041	236	236	2	la]	la	_	_	_	_	_	linguistic	_	none	_	_	_	_	_	0-2(36)
236-3	TO041	236	236	3	vedevo	vedevo	_	_	_	_	_	linguistic	_	none	_	_	_	_	_	_
236-4	TO041	236	236	4	più	più	_	_	_	_	_	linguistic	_	none	_	_	_	_	_	_
236-5	TO041	236	236	5	tutto	tutto	_	_	_	_	_	linguistic	_	none	_	_	_	_	_	_
236-6	TO041	236	236	6	il	il	_	_	_	_	_	linguistic	_	none	_	_	_	_	_	_
236-7	TO041	236	236	7	giorno	giorno	_	_	_	_	_	linguistic	_	none	_	_	_	_	_	_
236-8	TO041	236	236	8	perché	perché	_	_	_	_	_	linguistic	_	none	_	_	_	_	_	_
236-9	TO041	236	236	9	mangiava	mangiava	_	_	_	_	_	linguistic	_	none	_	_	_	_	_	_
236-10	TO041	236	236	10	pure	pure	_	_	_	_	_	linguistic	_	none	_	_	_	_	_	_
236-11	TO041	236	236	11	in	in	_	_	_	_	_	linguistic	_	none	_	_	_	_	_	_
236-12	TO041	236	236	12	stanza	stanza	_	_	_	_	_	linguistic	_	none	_	_	_	_	_	_
236-13	TO041	236	236	13	pur	pur	_	_	_	_	_	linguistic	_	none	_	_	_	_	_	_
236-14	TO041	236	236	14	di	di	_	_	_	_	_	linguistic	_	none	_	_	_	_	_	_
236-15	TO041	236	236	15	non	non	_	_	_	_	_	linguistic	_	none	_	_	_	_	_	_
236-16	TO041	236	236	16	stare	stare	_	_	_	_	_	linguistic	_	none	_	_	_	_	_	_
236-17	TO041	236	236	17	con	con	_	_	_	_	_	linguistic	_	none	_	_	_	_	_	_
236-18	TO041	236	236	18	me.	me	_	_	_	_	_	linguistic	_	none	Intonation=Falling	End=769.633	_	_	_	_
237-0	TO041	237	237	0	e	e	_	_	_	_	_	linguistic	_	none	_	Begin=770.033	_	_	_	_
237-1	TO041	237	237	1	l'	l'	_	_	_	_	_	linguistic	_	none	SpaceAfter=No	_	_	_	_	_
237-2	TO041	237	237	2	altra	altra	_	_	_	_	_	linguistic	_	none	_	_	_	_	_	_
237-3	TO041	237	237	3	ragazza	ragazza	_	_	_	_	_	linguistic	_	none	_	_	_	_	_	_
237-4	TO041	237	237	4	spagnola	spagnola	_	_	_	_	_	linguistic	_	none	_	_	_	_	_	_
237-5	TO041	237	237	5	con	con	_	_	_	_	_	linguistic	_	none	_	_	_	_	_	_
237-6	TO041	237	237	6	cui	cui	_	_	_	_	_	linguistic	_	none	_	_	_	_	_	_
237-7	TO041	237	237	7	invece	invece	_	_	_	_	_	linguistic	_	none	_	_	_	_	_	_
237-8	TO041	237	237	8	<problemi	problemi	_	_	_	_	_	linguistic	_	none	_	_	_	Slow=0-8(0)	_	_
237-9	TO041	237	237	9	di>,	di	_	_	_	_	_	linguistic	_	none	Intonation=WeaklyRising	End=773.715	_	Slow=0-2(0)	_	_
238-0	TO041	238	238	0	socializzazione	socializzazione	_	_	_	_	_	linguistic	_	none	_	Begin=773.969	_	_	_	_
238-1	TO041	238	238	1	non	non	_	_	_	_	_	linguistic	_	none	_	_	_	_	_	_
238-2	TO041	238	238	2	ce	ce	_	_	_	_	_	linguistic	_	none	_	_	_	_	_	_
238-3	TO041	238	238	3	ne	ne	_	_	_	_	_	linguistic	_	none	_	_	_	_	_	_
238-4	TO041	238	238	4	sono	sono	_	_	_	_	_	linguistic	_	none	_	_	_	_	_	_
238-5	TO041	238	238	5	stati	stati	_	_	_	_	_	linguistic	_	none	_	_	_	_	_	_
238-6	TO041	238	238	6	perché	perché	_	_	_	_	_	linguistic	_	none	_	_	_	_	_	_
238-7	TO041	238	238	7	ovviamente	ovviamente	_	_	_	_	_	linguistic	_	none	_	_	_	_	_	_
238-8	TO041	238	238	8	gli	gli	_	_	_	_	_	linguistic	_	none	_	_	_	_	_	_
238-9	TO041	238	238	9	spagnoli,	spagnoli	_	_	_	_	_	linguistic	_	none	Intonation=WeaklyRising	End=777.917	_	_	_	_
239-0	TO041	239	239	0	sono	sono	_	_	_	_	_	linguistic	_	none	_	Begin=778.128	_	_	_	_
239-1	TO041	239	239	1	simili	simili	_	_	_	_	_	linguistic	_	none	_	_	_	_	_	_
239-2	TO041	239	239	2	a	a	_	_	_	_	_	linguistic	_	none	_	_	_	_	_	_
239-3	TO041	239	239	3	noi	noi	_	_	_	_	_	linguistic	_	none	_	_	_	_	_	_
239-4	TO041	239	239	4	da	da	_	_	_	_	_	linguistic	_	none	_	_	_	_	_	_
239-5	TO041	239	239	5	questo	questo	_	_	_	_	_	linguistic	_	none	_	_	_	_	_	_
239-6	TO041	239	239	6	punto	punto	_	_	_	_	_	linguistic	_	none	_	_	_	_	_	_
239-7	TO041	239	239	7	di	di	_	_	_	_	_	linguistic	_	none	_	_	_	_	_	_
239-8	TO041	239	239	8	vista	vista	_	_	_	_	_	linguistic	_	none	_	_	_	_	_	_
239-9	TO041	239	239	9	sono	sono	_	_	_	_	_	linguistic	_	none	_	_	_	_	_	_
239-10	TO041	239	239	10	molto	molto	_	_	_	_	_	linguistic	_	none	_	_	_	_	_	_
239-11	TO041	239	239	11	poi	poi	_	_	_	_	_	linguistic	_	none	_	_	_	_	_	_
239-12	TO041	239	239	12	penso	penso	_	_	_	_	_	linguistic	_	none	_	_	_	_	_	_
239-13	TO041	239	239	13	che	che	_	_	_	_	_	linguistic	_	none	_	_	_	_	_	_
239-14	TO041	239	239	14	tu:	tu	_	_	_	_	_	linguistic	_	none	_	_	1x1	_	_	_
239-15	TO041	239	239	15	lo	lo	_	_	_	_	_	linguistic	_	none	_	_	_	_	_	_
239-16	TO041	239	239	16	sappia	sappia	_	_	_	_	_	linguistic	_	none	_	_	_	_	_	_
239-17	TO041	239	239	17	meglio	meglio	_	_	_	_	_	linguistic	_	none	_	_	_	_	_	_
239-18	TO041	239	239	18	di	di	_	_	_	_	_	linguistic	_	none	_	_	_	_	_	_
239-19	TO041	239	239	19	me.	me	_	_	_	_	_	linguistic	_	none	Intonation=Falling	End=782.962	_	_	_	_
240-0	TO055	240	240	0	sì	sì	_	_	_	_	_	linguistic	_	none	_	Begin=783.143	_	_	_	_
240-1	TO055	240	240	1	sì	sì	_	_	_	_	_	linguistic	_	none	_	_	_	_	_	_
240-2	TO055	240	240	2	è	è	_	_	_	_	_	linguistic	_	none	_	_	_	_	_	_
240-3	TO055	240	240	3	[vero].	vero	_	_	_	_	_	linguistic	_	none	Intonation=Falling	End=784.11	_	_	_	0-4(37)
241-0	TO041	241	241	0	[che	che	_	_	_	_	_	linguistic	_	none	_	Begin=783.688	_	_	_	0-3(37)
241-1	TO041	241	241	1	s]ei	sei	_	_	_	_	_	linguistic	_	none	_	_	_	_	_	0-1(37)
241-2	TO041	241	241	2	stata	stata	_	_	_	_	_	linguistic	_	none	_	_	_	_	_	_
241-3	TO041	241	241	3	in	in	_	_	_	_	_	linguistic	_	none	_	_	_	_	_	_
241-4	TO041	241	241	4	spagna	spagna	_	_	_	_	_	linguistic	_	none	_	_	_	_	_	_
241-5	TO041	241	241	5	quindi,	quindi	_	_	_	_	_	linguistic	_	none	Intonation=WeaklyRising	End=785.559	_	_	_	_
242-0	TO055	242	242	0	sì	sì	_	_	_	_	_	linguistic	_	none	_	Begin=785.695	_	_	_	_
242-1	TO055	242	242	1	sì	sì	_	_	_	_	_	linguistic	_	none	_	_	_	_	_	_
242-2	TO055	242	242	2	sì	sì	_	_	_	_	_	linguistic	_	none	_	_	_	_	_	_
242-3	TO055	242	242	3	loro	loro	_	_	_	_	_	linguistic	_	none	_	_	_	_	_	_
242-4	TO055	242	242	4	se	se	_	_	_	_	_	linguistic	_	none	_	_	_	_	_	_
242-5	TO055	242	242	5	possono	possono	_	_	_	_	_	linguistic	_	none	_	_	_	_	_	_
242-6	TO055	242	242	6	parlarti:	parlarti	_	_	_	_	_	linguistic	_	none	_	_	7x1	_	_	_
242-7	TO055	242	242	7	o	o	_	_	_	_	_	linguistic	_	none	_	_	_	_	_	_
242-8	TO055	242	242	8	comunque	comunque	_	_	_	_	_	linguistic	_	none	_	_	_	_	_	_
242-9	TO055	242	242	9	aiutarti	aiutarti	_	_	_	_	_	linguistic	_	none	_	_	_	_	_	_
242-10	TO055	242	242	10	in	in	_	_	_	_	_	linguistic	_	none	_	_	_	_	_	_
242-11	TO055	242	242	11	qu[alsiasi:	qualsiasi	_	_	_	_	_	linguistic	_	none	_	_	8x1	_	_	2-9(38)
242-12	TO055	242	242	12	cosa:]	cosa	_	_	_	_	_	linguistic	_	none	_	End=791.311	3x1	_	_	0-4(38)
243-0	TO041	243	243	0	[sì	sì	_	_	_	_	_	linguistic	_	none	_	Begin=790.001	_	_	_	0-2(38)
243-1	TO041	243	243	1	fin	fin	_	_	_	_	_	linguistic	_	none	_	_	_	_	_	0-3(38)
243-2	TO041	243	243	2	troppo].	troppo	_	_	_	_	_	linguistic	_	none	Intonation=Falling	_	_	_	_	0-6(38)
243-3	TO041	243	243	3	((ride))	((ride))	_	_	_	_	_	nonverbalbehavior	_	none	_	End=791.323	_	_	_	_
244-0	TO055	244	244	0	fin	fin	_	_	_	_	_	linguistic	_	none	_	Begin=791.439	_	_	_	_
244-1	TO055	244	244	1	troppo.	troppo	_	_	_	_	_	linguistic	_	none	Intonation=Falling|PauseAfter=Yes	_	_	_	_	_
244-2	TO055	244	244	2	(.)	(.)	_	_	_	_	_	shortpause	_	none	_	_	_	_	_	_
244-3	TO055	244	244	3	è	è	_	_	_	_	_	linguistic	_	none	_	_	_	_	_	_
244-4	TO055	244	244	4	ve[ro].	vero	_	_	_	_	_	linguistic	_	none	Intonation=Falling	End=793.0	_	_	_	2-4(39)
245-0	TO041	245	245	0	[fi]n	fin	_	_	_	_	_	linguistic	_	none	_	Begin=792.908	_	_	_	0-2(39)
245-1	TO041	245	245	1	trop[po	troppo	_	_	_	_	_	linguistic	_	none	_	_	_	_	_	4-6(40)
245-2	TO041	245	245	2	sì].	sì	_	_	_	_	_	linguistic	_	none	Intonation=Falling	End=793.99	_	_	_	0-2(40)
246-0	TO055	246	246	0	[a	a	_	_	_	_	_	linguistic	_	none	_	Begin=793.311	_	_	_	0-1(40)
246-1	TO055	246	246	1	volte	volte	_	_	_	_	_	linguistic	_	none	_	_	_	_	_	0-5(40)
246-2	TO055	246	246	2	fi]n	fin	_	_	_	_	_	linguistic	_	none	_	_	_	_	_	0-2(40)
246-3	TO055	246	246	3	troppo.	troppo	_	_	_	_	_	linguistic	_	none	Intonation=Falling	End=794.753	_	_	_	_
247-0	TO041	247	247	0	no	no	_	_	_	_	_	linguistic	_	none	_	Begin=794.785	_	_	_	_
247-1	TO041	247	247	1	infatti	infatti	_	_	_	_	_	linguistic	_	none	_	_	_	_	_	_
247-2	TO041	247	247	2	tipo:	tipo	_	_	_	_	_	linguistic	_	none	ProsodicLink=Yes	_	3x1	_	_	_
247-3	TO041	247	247	3	m:h	mh	_	_	_	_	_	linguistic	_	none	_	End=796.697	0x1	_	_	_
248-0	TO041	248	248	0	questa	questa	_	_	_	_	_	linguistic	_	none	_	Begin=797.174	_	_	_	_
248-1	TO041	248	248	1	ragazza,	ragazza	_	_	_	_	_	linguistic	_	none	Intonation=WeaklyRising	End=798.458	_	_	_	_
249-0	TO041	249	249	0	cioè	cioè	_	_	_	_	_	linguistic	_	none	_	Begin=798.766	_	_	_	_
249-1	TO041	249	249	1	la	la	_	_	_	_	_	linguistic	_	none	_	_	_	_	_	_
249-2	TO041	249	249	2	ragazza	ragazza	_	_	_	_	_	linguistic	_	none	_	_	_	_	_	_
249-3	TO041	249	249	3	spagnola	spagnola	_	_	_	_	_	linguistic	_	none	_	_	_	_	_	_
249-4	TO041	249	249	4	e	e	_	_	_	_	_	linguistic	_	none	_	_	_	_	_	_
249-5	TO041	249	249	5	quella:	quella	_	_	_	_	_	linguistic	_	none	_	_	5x1	_	_	_
249-6	TO041	249	249	6	finlandese	finlandese	_	_	_	_	_	linguistic	_	none	_	_	_	_	_	_
249-7	TO041	249	249	7	non	non	_	_	_	_	_	linguistic	_	none	_	_	_	_	_	_
249-8	TO041	249	249	8	riuscivano	riuscivano	_	_	_	_	_	linguistic	_	none	_	_	_	_	_	_
249-9	TO041	249	249	9	proprio	proprio	_	_	_	_	_	linguistic	_	none	_	_	_	_	_	_
249-10	TO041	249	249	10	a	a	_	_	_	_	_	linguistic	_	none	_	_	_	_	_	_
249-11	TO041	249	249	11	sopportarsi	sopportarsi	_	_	_	_	_	linguistic	_	none	_	_	_	_	_	_
249-12	TO041	249	249	12	nel	nel	_	_	_	_	_	linguistic	_	none	_	_	_	_	_	_
249-13	TO041	249	249	13	senso,	senso	_	_	_	_	_	linguistic	_	none	Intonation=WeaklyRising	End=805.073	_	_	_	_
250-0	TO041	250	250	0	non	non	_	_	_	_	_	linguistic	_	none	_	Begin=805.594	_	_	_	_
250-1	TO041	250	250	1	si	si	_	_	_	_	_	linguistic	_	none	_	_	_	_	_	_
250-2	TO041	250	250	2	o[diavano],	odiavano	_	_	_	_	_	linguistic	_	none	Intonation=WeaklyRising	End=806.944	_	_	_	1-8(41)
251-0	TO055	251	251	0	[beh	beh	_	_	_	_	_	linguistic	_	none	_	Begin=806.049	_	_	_	0-3(41)
251-1	TO055	251	251	1	due	due	_	_	_	_	_	linguistic	_	none	_	_	_	_	_	0-3(41)
251-2	TO055	251	251	2	cultu]re	culture	_	_	_	_	_	linguistic	_	none	_	_	_	_	_	0-5(41)
251-3	TO055	251	251	3	fors[e	forse	_	_	_	_	_	linguistic	_	none	_	_	_	_	_	4-5(42)
251-4	TO055	251	251	4	completamente	completamente	_	_	_	_	_	linguistic	_	none	_	_	_	_	_	0-13(42)
251-5	TO055	251	251	5	opposte].	opposte	_	_	_	_	_	linguistic	_	none	Intonation=Falling	End=809.386	_	_	_	0-7(42)
252-0	TO041	252	252	0	[e	e	_	_	_	_	_	linguistic	_	none	_	Begin=807.295	_	_	_	0-1(42)
252-1	TO041	252	252	1	si	si	_	_	_	_	_	linguistic	_	none	_	_	_	_	_	0-2(42)
252-2	TO041	252	252	2	stavano	stavano	_	_	_	_	_	linguistic	_	none	_	_	_	_	_	0-7(42)
252-3	TO041	252	252	3	anche	anche	_	_	_	_	_	linguistic	_	none	_	_	_	_	_	0-5(42)
252-4	TO041	252	252	4	ma~	ma~	_	_	_	_	_	linguistic	_	none	Interrupted=Yes	_	_	_	_	0-3(42)
252-5	TO041	252	252	5	sì].	sì	_	_	_	_	_	linguistic	_	none	Intonation=Falling	_	_	_	_	0-2(42)
252-6	TO041	252	252	6	però	però	_	_	_	_	_	linguistic	_	none	_	_	_	_	_	_
252-7	TO041	252	252	7	sì	sì	_	_	_	_	_	linguistic	_	none	_	_	_	_	_	_
252-8	TO041	252	252	8	completamente	completamente	_	_	_	_	_	linguistic	_	none	_	_	_	_	_	_
252-9	TO041	252	252	9	opposte	opposte	_	_	_	_	_	linguistic	_	none	_	_	_	_	_	_
252-10	TO041	252	252	10	perché	perché	_	_	_	_	_	linguistic	_	none	_	_	_	_	_	_
252-11	TO041	252	252	11	tipo:	tipo	_	_	_	_	_	linguistic	_	none	_	End=812.834	3x1	_	_	_
253-0	TO041	253	253	0	io,	io	_	_	_	_	_	linguistic	_	none	Intonation=WeaklyRising	Begin=812.987|End=813.372	_	_	_	_
254-0	TO041	254	254	0	anche	anche	_	_	_	_	_	linguistic	_	none	_	Begin=813.647	_	_	_	_
254-1	TO041	254	254	1	se	se	_	_	_	_	_	linguistic	_	none	_	_	_	_	_	_
254-2	TO041	254	254	2	magari	magari	_	_	_	_	_	linguistic	_	none	_	_	_	_	_	_
254-3	TO041	254	254	3	vorrei	vorrei	_	_	_	_	_	linguistic	_	none	_	_	_	_	_	_
254-4	TO041	254	254	4	socializzare	socializzare	_	_	_	_	_	linguistic	_	none	_	_	_	_	_	_
254-5	TO041	254	254	5	e	e	_	_	_	_	_	linguistic	_	none	_	_	_	_	_	_
254-6	TO041	254	254	6	tutto,	tutto	_	_	_	_	_	linguistic	_	none	Intonation=WeaklyRising	End=816.587	_	_	_	_
255-0	TO041	255	255	0	lo	lo	_	_	_	_	_	linguistic	_	none	_	Begin=816.714	_	_	_	_
255-1	TO041	255	255	1	capisco	capisco	_	_	_	_	_	linguistic	_	none	_	_	_	_	_	_
255-2	TO041	255	255	2	quando	quando	_	_	_	_	_	linguistic	_	none	_	_	_	_	_	_
255-3	TO041	255	255	3	una	una	_	_	_	_	_	linguistic	_	none	_	_	_	_	_	_
255-4	TO041	255	255	4	persona,	persona	_	_	_	_	_	linguistic	_	none	Intonation=WeaklyRising	End=818.633	_	_	_	_
256-0	TO041	256	256	0	magari	magari	_	_	_	_	_	linguistic	_	none	_	Begin=818.688	_	_	_	_
256-1	TO041	256	256	1	è	è	_	_	_	_	_	linguistic	_	none	_	_	_	_	_	_
256-2	TO041	256	256	2	un	un	_	_	_	_	_	linguistic	_	none	_	_	_	_	_	_
256-3	TO041	256	256	3	po'	po'	_	_	_	_	_	linguistic	_	none	_	_	_	_	_	_
256-4	TO041	256	256	4	più	più	_	_	_	_	_	linguistic	_	none	_	_	_	_	_	_
256-5	TO041	256	256	5	chiusa	chiusa	_	_	_	_	_	linguistic	_	none	_	_	_	_	_	_
256-6	TO041	256	256	6	o	o	_	_	_	_	_	linguistic	_	none	_	_	_	_	_	_
256-7	TO041	256	256	7	non	non	_	_	_	_	_	linguistic	_	none	_	_	_	_	_	_
256-8	TO041	256	256	8	ne	ne	_	_	_	_	_	linguistic	_	none	_	_	_	_	_	_
256-9	TO041	256	256	9	ha	ha	_	_	_	_	_	linguistic	_	none	_	_	_	_	_	_
256-10	TO041	256	256	10	voglia.	voglia	_	_	_	_	_	linguistic	_	none	Intonation=Falling	_	_	_	_	_
256-11	TO041	256	256	11	invece	invece	_	_	_	_	_	linguistic	_	none	_	_	_	_	_	_
256-12	TO041	256	256	12	questa	questa	_	_	_	_	_	linguistic	_	none	_	_	_	_	_	_
256-13	TO041	256	256	13	ragazza	ragazza	_	_	_	_	_	linguistic	_	none	_	_	_	_	_	_
256-14	TO041	256	256	14	qua,	qua	_	_	_	_	_	linguistic	_	none	Intonation=WeaklyRising	End=822.344	_	_	_	_
257-0	TO041	257	257	0	>ma	ma	_	_	_	_	_	linguistic	_	none	_	Begin=822.654	_	Fast=0-2(0)	_	_
257-1	TO041	257	257	1	forse	forse	_	_	_	_	_	linguistic	_	none	_	_	_	Fast=0-5(0)	_	_
257-2	TO041	257	257	2	dipendeva	dipendeva	_	_	_	_	_	linguistic	_	none	_	_	_	Fast=0-9(0)	_	_
257-3	TO041	257	257	3	dal	dal	_	_	_	_	_	linguistic	_	none	_	_	_	Fast=0-3(0)	_	_
257-4	TO041	257	257	4	suo	suo	_	_	_	_	_	linguistic	_	none	_	_	_	Fast=0-3(0)	_	_
257-5	TO041	257	257	5	carattere	carattere	_	_	_	_	_	linguistic	_	none	_	_	_	Fast=0-9(0)	_	_
257-6	TO041	257	257	6	non	non	_	_	_	_	_	linguistic	_	none	_	_	_	Fast=0-3(0)	_	_
257-7	TO041	257	257	7	dal	dal	_	_	_	_	_	linguistic	_	none	_	_	_	Fast=0-3(0)	_	_
257-8	TO041	257	257	8	fatto	fatto	_	_	_	_	_	linguistic	_	none	_	_	_	Fast=0-5(0)	_	_
257-9	TO041	257	257	9	che	che	_	_	_	_	_	linguistic	_	none	_	_	_	Fast=0-3(0)	_	_
257-10	TO041	257	257	10	fosse	fosse	_	_	_	_	_	linguistic	_	none	_	_	_	Fast=0-5(0)	_	_
257-11	TO041	257	257	11	spagnola<.	spagnola	_	_	_	_	_	linguistic	_	none	Intonation=Falling	_	_	Fast=0-8(0)	_	_
257-12	TO041	257	257	12	comunque,	comunque	_	_	_	_	_	linguistic	_	none	Intonation=WeaklyRising	End=826.22	_	_	_	_
258-0	TO041	258	258	0	non	non	_	_	_	_	_	linguistic	_	none	_	Begin=826.303	_	_	_	_
258-1	TO041	258	258	1	lo	lo	_	_	_	_	_	linguistic	_	none	_	_	_	_	_	_
258-2	TO041	258	258	2	capiva.	capiva	_	_	_	_	_	linguistic	_	none	Intonation=Falling	End=827.229	_	_	_	_
259-0	TO041	259	259	0	e	e	_	_	_	_	_	linguistic	_	none	_	Begin=827.379	_	_	_	_
259-1	TO041	259	259	1	cercava	cercava	_	_	_	_	_	linguistic	_	none	_	_	_	_	_	_
259-2	TO041	259	259	2	sempre	sempre	_	_	_	_	_	linguistic	_	none	_	_	_	_	_	_
259-3	TO041	259	259	3	di::	di	_	_	_	_	_	linguistic	_	none	_	_	1x2	_	_	_
259-4	TO041	259	259	4	non	non	_	_	_	_	_	linguistic	_	none	_	_	_	_	_	_
259-5	TO041	259	259	5	lo	lo	_	_	_	_	_	linguistic	_	none	_	_	_	_	_	_
259-6	TO041	259	259	6	so	so	_	_	_	_	_	linguistic	_	none	_	_	_	_	_	_
259-7	TO041	259	259	7	di	di	_	_	_	_	_	linguistic	_	none	_	_	_	_	_	_
259-8	TO041	259	259	8	coinvolgere	coinvolgere	_	_	_	_	_	linguistic	_	none	_	_	_	_	_	_
259-9	TO041	259	259	9	in	in	_	_	_	_	_	linguistic	_	none	_	_	_	_	_	_
259-10	TO041	259	259	10	tutto	tutto	_	_	_	_	_	linguistic	_	none	_	_	_	_	_	_
259-11	TO041	259	259	11	quello	quello	_	_	_	_	_	linguistic	_	none	_	_	_	_	_	_
259-12	TO041	259	259	12	che	che	_	_	_	_	_	linguistic	_	none	_	_	_	_	_	_
259-13	TO041	259	259	13	faceva	faceva	_	_	_	_	_	linguistic	_	none	_	_	_	_	_	_
259-14	TO041	259	259	14	la	la	_	_	_	_	_	linguistic	_	none	_	_	_	_	_	_
259-15	TO041	259	259	15	ragazza	ragazza	_	_	_	_	_	linguistic	_	none	_	_	_	_	_	_
259-16	TO041	259	259	16	finlandese.	finlandese	_	_	_	_	_	linguistic	_	none	Intonation=Falling	End=833.706	_	_	_	_
260-0	TO041	260	260	0	e	e	_	_	_	_	_	linguistic	_	none	_	Begin=833.938	_	_	_	_
260-1	TO041	260	260	1	quindi	quindi	_	_	_	_	_	linguistic	_	none	_	_	_	_	_	_
260-2	TO041	260	260	2	la	la	_	_	_	_	_	linguistic	_	none	_	_	_	_	_	_
260-3	TO041	260	260	3	ragazza	ragazza	_	_	_	_	_	linguistic	_	none	_	_	_	_	_	_
260-4	TO041	260	260	4	finlandese	finlandese	_	_	_	_	_	linguistic	_	none	_	_	_	_	_	_
260-5	TO041	260	260	5	si	si	_	_	_	_	_	linguistic	_	none	_	_	_	_	_	_
260-6	TO041	260	260	6	sentiva	sentiva	_	_	_	_	_	linguistic	_	none	_	_	_	_	_	_
260-7	TO041	260	260	7	sempre	sempre	_	_	_	_	_	linguistic	_	none	_	_	_	_	_	_
260-8	TO041	260	260	8	in	in	_	_	_	_	_	linguistic	_	none	_	_	_	_	_	_
260-9	TO041	260	260	9	imbarazzo	imbarazzo	_	_	_	_	_	linguistic	_	none	_	_	_	_	_	_
260-10	TO041	260	260	10	e	e	_	_	_	_	_	linguistic	_	none	_	_	_	_	_	_
260-11	TO041	260	260	11	stava	stava	_	_	_	_	_	linguistic	_	none	_	_	_	_	_	_
260-12	TO041	260	260	12	il	il	_	_	_	_	_	linguistic	_	none	_	_	_	_	_	_
260-13	TO041	260	260	13	meno	meno	_	_	_	_	_	linguistic	_	none	_	_	_	_	_	_
260-14	TO041	260	260	14	sempre	sempre	_	_	_	_	_	linguistic	_	none	_	_	_	_	_	_
260-15	TO041	260	260	15	il	il	_	_	_	_	_	linguistic	_	none	_	_	_	_	_	_
260-16	TO041	260	260	16	meno	meno	_	_	_	_	_	linguistic	_	none	_	_	_	_	_	_
260-17	TO041	260	260	17	possibile	possibile	_	_	_	_	_	linguistic	_	none	_	_	_	_	_	_
260-18	TO041	260	260	18	in	in	_	_	_	_	_	linguistic	_	none	_	_	_	_	_	_
260-19	TO041	260	260	19	casa	casa	_	_	_	_	_	linguistic	_	none	_	_	_	_	_	_
260-20	TO041	260	260	20	o:	o	_	_	_	_	_	linguistic	_	none	_	End=840.357	0x1	_	_	_
261-0	TO041	261	261	0	quando	quando	_	_	_	_	_	linguistic	_	none	_	Begin=840.591	_	_	_	_
261-1	TO041	261	261	1	era	era	_	_	_	_	_	linguistic	_	none	_	_	_	_	_	_
261-2	TO041	261	261	2	in	in	_	_	_	_	_	linguistic	_	none	_	_	_	_	_	_
261-3	TO041	261	261	3	casa	casa	_	_	_	_	_	linguistic	_	none	_	_	_	_	_	_
261-4	TO041	261	261	4	stava	stava	_	_	_	_	_	linguistic	_	none	_	_	_	_	_	_
261-5	TO041	261	261	5	sempre	sempre	_	_	_	_	_	linguistic	_	none	_	_	_	_	_	_
261-6	TO041	261	261	6	in	in	_	_	_	_	_	linguistic	_	none	_	_	_	_	_	_
261-7	TO041	261	261	7	camera	camera	_	_	_	_	_	linguistic	_	none	_	_	_	_	_	_
261-8	TO041	261	261	8	sua	sua	_	_	_	_	_	linguistic	_	none	_	_	_	_	_	_
261-9	TO041	261	261	9	>poi	poi	_	_	_	_	_	linguistic	_	none	_	_	_	Fast=0-3(0)	_	_
261-10	TO041	261	261	10	abbiamo	abbiamo	_	_	_	_	_	linguistic	_	none	_	_	_	Fast=0-7(0)	_	_
261-11	TO041	261	261	11	scoperto	scoperto	_	_	_	_	_	linguistic	_	none	_	_	_	Fast=0-8(0)	_	_
261-12	TO041	261	261	12	che	che	_	_	_	_	_	linguistic	_	none	_	_	_	Fast=0-3(0)	_	_
261-13	TO041	261	261	13	aveva	aveva	_	_	_	_	_	linguistic	_	none	_	_	_	Fast=0-5(0)	_	_
261-14	TO041	261	261	14	pure	pure	_	_	_	_	_	linguistic	_	none	_	_	_	Fast=0-4(0)	_	_
261-15	TO041	261	261	15	il	il	_	_	_	_	_	linguistic	_	none	_	_	_	Fast=0-2(0)	_	_
261-16	TO041	261	261	16	microonde	microonde	_	_	_	_	_	linguistic	_	none	_	_	_	Fast=0-9(0)	_	_
261-17	TO041	261	261	17	e	e	_	_	_	_	_	linguistic	_	none	_	_	_	Fast=0-1(0)	_	_
261-18	TO041	261	261	18	il	il	_	_	_	_	_	linguistic	_	none	_	_	_	Fast=0-2(0)	_	_
261-19	TO041	261	261	19	frigorifero	frigorifero	_	_	_	_	_	linguistic	_	none	_	_	_	Fast=0-11(0)	_	_
261-20	TO041	261	261	20	per	per	_	_	_	_	_	linguistic	_	none	_	_	_	Fast=0-3(0)	_	_
261-21	TO041	261	261	21	questo	questo	_	_	_	_	_	linguistic	_	none	_	_	_	Fast=0-6(0)	_	_
261-22	TO041	261	261	22	che	che	_	_	_	_	_	linguistic	_	none	_	_	_	Fast=0-3(0)	_	_
261-23	TO041	261	261	23	non	non	_	_	_	_	_	linguistic	_	none	_	_	_	Fast=0-3(0)	_	_
261-24	TO041	261	261	24	la	la	_	_	_	_	_	linguistic	_	none	_	_	_	Fast=0-2(0)	_	_
261-25	TO041	261	261	25	vedevamo	vedevamo	_	_	_	_	_	linguistic	_	none	_	_	_	Fast=0-8(0)	_	_
261-26	TO041	261	261	26	proprio	proprio	_	_	_	_	_	linguistic	_	none	_	_	_	Fast=0-7(0)	_	_
261-27	TO041	261	261	27	mai<.	mai	_	_	_	_	_	linguistic	_	none	Intonation=Falling	End=847.577	_	Fast=0-3(0)	_	_
262-0	TO055	262	262	0	((ride))	((ride))	_	_	_	_	_	nonverbalbehavior	_	none	_	Begin=846.621|End=848.064	_	_	_	_
263-0	TO041	263	263	0	(quindi)	quindi	_	_	_	_	_	linguistic	_	none	_	Begin=847.908	_	_	0-6(0)	_
263-1	TO041	263	263	1	usciva	usciva	_	_	_	_	_	linguistic	_	none	_	_	_	_	_	_
263-2	TO041	263	263	2	per	per	_	_	_	_	_	linguistic	_	none	_	_	_	_	_	_
263-3	TO041	263	263	3	fare	fare	_	_	_	_	_	linguistic	_	none	_	_	_	_	_	_
263-4	TO041	263	263	4	la	la	_	_	_	_	_	linguistic	_	none	_	_	_	_	_	_
263-5	TO041	263	263	5	doccia	doccia	_	_	_	_	_	linguistic	_	none	_	_	_	_	_	_
263-6	TO041	263	263	6	e	e	_	_	_	_	_	linguistic	_	none	_	_	_	_	_	_
263-7	TO041	263	263	7	andare	andare	_	_	_	_	_	linguistic	_	none	_	_	_	_	_	_
263-8	TO041	263	263	8	in	in	_	_	_	_	_	linguistic	_	none	_	_	_	_	_	_
263-9	TO041	263	263	9	bagno	bagno	_	_	_	_	_	linguistic	_	none	_	_	_	_	_	_
263-10	TO041	263	263	10	e	e	_	_	_	_	_	linguistic	_	none	_	_	_	_	_	_
263-11	TO041	263	263	11	basta	basta	_	_	_	_	_	linguistic	_	none	_	_	_	_	_	_
263-12	TO041	263	263	12	quindi,	quindi	_	_	_	_	_	linguistic	_	none	Intonation=WeaklyRising	End=850.917	_	_	_	_
264-0	TO041	264	264	0	sì	sì	_	_	_	_	_	linguistic	_	none	_	Begin=851.168	_	_	_	_
264-1	TO041	264	264	1	alla	alla	_	_	_	_	_	linguistic	_	none	_	_	_	_	_	_
264-2	TO041	264	264	2	fine	fine	_	_	_	_	_	linguistic	_	none	_	_	_	_	_	_
264-3	TO041	264	264	3	bisogna	bisogna	_	_	_	_	_	linguistic	_	none	_	_	_	_	_	_
264-4	TO041	264	264	4	anche	anche	_	_	_	_	_	linguistic	_	none	_	_	_	_	_	_
264-5	TO041	264	264	5	fare	fare	_	_	_	_	_	linguistic	_	none	_	_	_	_	_	_
264-6	TO041	264	264	6	attenzione	attenzione	_	_	_	_	_	linguistic	_	none	_	_	_	_	_	_
264-7	TO041	264	264	7	a	a	_	_	_	_	_	linguistic	_	none	_	_	_	_	_	_
264-8	TO041	264	264	8	queste	queste	_	_	_	_	_	linguistic	_	none	_	_	_	_	_	_
264-9	TO041	264	264	9	cose	cose	_	_	_	_	_	linguistic	_	none	_	_	_	_	_	_
264-10	TO041	264	264	10	perché	perché	_	_	_	_	_	linguistic	_	none	_	_	_	_	_	_
264-11	TO041	264	264	11	magari	magari	_	_	_	_	_	linguistic	_	none	_	_	_	_	_	_
264-12	TO041	264	264	12	la	la	_	_	_	_	_	linguistic	_	none	_	_	_	_	_	_
264-13	TO041	264	264	13	spagnola	spagnola	_	_	_	_	_	linguistic	_	none	_	_	_	_	_	_
264-14	TO041	264	264	14	lo	lo	_	_	_	_	_	linguistic	_	none	_	_	_	_	_	_
264-15	TO041	264	264	15	faceva	faceva	_	_	_	_	_	linguistic	_	none	_	_	_	_	_	_
264-16	TO041	264	264	16	per	per	_	_	_	_	_	linguistic	_	none	_	_	_	_	_	_
264-17	TO041	264	264	17	gentilezza	gentilezza	_	_	_	_	_	linguistic	_	none	_	_	_	_	_	_
264-18	TO041	264	264	18	ma	ma	_	_	_	_	_	linguistic	_	none	_	_	_	_	_	_
264-19	TO041	264	264	19	l'	l'	_	_	_	_	_	linguistic	_	none	SpaceAfter=No	_	_	_	_	_
264-20	TO041	264	264	20	altra	altra	_	_	_	_	_	linguistic	_	none	_	_	_	_	_	_
264-21	TO041	264	264	21	si	si	_	_	_	_	_	linguistic	_	none	_	_	_	_	_	_
264-22	TO041	264	264	22	è	è	_	_	_	_	_	linguistic	_	none	_	_	_	_	_	_
264-23	TO041	264	264	23	sentita	sentita	_	_	_	_	_	linguistic	_	none	_	_	_	_	_	_
264-24	TO041	264	264	24	proprio	proprio	_	_	_	_	_	linguistic	_	none	_	_	_	_	_	_
264-25	TO041	264	264	25	tipo	tipo	_	_	_	_	_	linguistic	_	none	_	_	_	_	_	_
264-26	TO041	264	264	26	<invasa>	invasa	_	_	_	_	_	linguistic	_	none	_	_	_	Slow=0-6(0)	_	_
264-27	TO041	264	264	27	eh	eh	_	_	_	_	_	linguistic	_	none	_	_	_	_	_	_
264-28	TO041	264	264	28	ha	ha	_	_	_	_	_	linguistic	_	none	_	_	_	_	_	_
264-29	TO041	264	264	29	sentito	sentito	_	_	_	_	_	linguistic	_	none	_	_	_	_	_	_
264-30	TO041	264	264	30	i	i	_	_	_	_	_	linguistic	_	none	_	_	_	_	_	_
264-31	TO041	264	264	31	suoi	suoi	_	_	_	_	_	linguistic	_	none	_	_	_	_	_	_
264-32	TO041	264	264	32	spazi	spazi	_	_	_	_	_	linguistic	_	none	_	_	_	_	_	_
264-33	TO041	264	264	33	la	la	_	_	_	_	_	linguistic	_	none	_	_	_	_	_	_
264-34	TO041	264	264	34	sua	sua	_	_	_	_	_	linguistic	_	none	_	_	_	_	_	_
264-35	TO041	264	264	35	[privacy],	privacy	_	_	_	_	_	linguistic	_	none	Intonation=WeaklyRising	End=862.532	_	_	_	0-7(43)
265-0	TO055	265	265	0	[certo].	certo	_	_	_	_	_	linguistic	_	none	Intonation=Falling	Begin=861.862|End=862.55	_	_	_	0-5(43)
266-0	TO041	266	266	0	invasi	invasi	_	_	_	_	_	linguistic	_	none	_	Begin=862.816	_	_	_	_
266-1	TO041	266	266	1	dall'	dall'	_	_	_	_	_	linguistic	_	none	SpaceAfter=No	_	_	_	_	_
266-2	TO041	266	266	2	altra	altra	_	_	_	_	_	linguistic	_	none	_	_	_	_	_	_
266-3	TO041	266	266	3	quindi	quindi	_	_	_	_	_	linguistic	_	none	_	_	_	_	_	_
266-4	TO041	266	266	4	bisogna	bisogna	_	_	_	_	_	linguistic	_	none	_	_	_	_	_	_
266-5	TO041	266	266	5	anche	anche	_	_	_	_	_	linguistic	_	none	_	_	_	_	_	_
266-6	TO041	266	266	6	fare	fare	_	_	_	_	_	linguistic	_	none	_	_	_	_	_	_
266-7	TO041	266	266	7	attenzione	attenzione	_	_	_	_	_	linguistic	_	none	_	_	_	_	_	_
266-8	TO041	266	266	8	a	a	_	_	_	_	_	linguistic	_	none	_	_	_	_	_	_
266-9	TO041	266	266	9	queste	queste	_	_	_	_	_	linguistic	_	none	_	_	_	_	_	_
266-10	TO041	266	266	10	cose.	cose	_	_	_	_	_	linguistic	_	none	Intonation=Falling	End=866.349	_	_	_	_
267-0	TO041	267	267	0	e	e	_	_	_	_	_	linguistic	_	none	_	Begin=866.699	_	_	_	_
267-1	TO041	267	267	1	questa	questa	_	_	_	_	_	linguistic	_	none	_	_	_	_	_	_
267-2	TO041	267	267	2	è	è	_	_	_	_	_	linguistic	_	none	_	_	_	_	_	_
267-3	TO041	267	267	3	stata	stata	_	_	_	_	_	linguistic	_	none	_	_	_	_	_	_
267-4	TO041	267	267	4	una	una	_	_	_	_	_	linguistic	_	none	_	_	_	_	_	_
267-5	TO041	267	267	5	delle	delle	_	_	_	_	_	linguistic	_	none	_	_	_	_	_	_
267-6	TO041	267	267	6	cose	cose	_	_	_	_	_	linguistic	_	none	_	_	_	_	_	_
267-7	TO041	267	267	7	che	che	_	_	_	_	_	linguistic	_	none	_	_	_	_	_	_
267-8	TO041	267	267	8	ho	ho	_	_	_	_	_	linguistic	_	none	_	_	_	_	_	_
267-9	TO041	267	267	9	imparato	imparato	_	_	_	_	_	linguistic	_	none	_	_	_	_	_	_
267-10	TO041	267	267	10	anche	anche	_	_	_	_	_	linguistic	_	none	PauseAfter=Yes	_	_	_	_	_
267-11	TO041	267	267	11	(.)	(.)	_	_	_	_	_	shortpause	_	none	_	_	_	_	_	_
267-12	TO041	267	267	12	andando:	andando	_	_	_	_	_	linguistic	_	none	_	_	6x1	_	_	_
267-13	TO041	267	267	13	in	in	_	_	_	_	_	linguistic	_	none	_	_	_	_	_	_
267-14	TO041	267	267	14	[erasmus].	erasmus	_	_	_	_	_	linguistic	_	none	Intonation=Falling	End=871.376	_	_	_	0-7(44)
268-0	TO055	268	268	0	[in	in	_	_	_	_	_	linguistic	_	none	_	Begin=870.541	_	_	_	0-2(44)
268-1	TO055	268	268	1	erasmus].	erasmus	_	_	_	_	_	linguistic	_	none	Intonation=Falling	End=871.359	_	_	_	0-7(44)
269-0	TO055	269	269	0	hai	hai	_	_	_	_	_	linguistic	_	none	_	Begin=871.394	_	_	_	_
269-1	TO055	269	269	1	avuto	avuto	_	_	_	_	_	linguistic	_	none	_	_	_	_	_	_
269-2	TO055	269	269	2	l'	l'	_	_	_	_	_	linguistic	_	none	SpaceAfter=No	_	_	_	_	_
269-3	TO055	269	269	3	opportunità	opportunità	_	_	_	_	_	linguistic	_	none	_	_	_	_	_	_
269-4	TO055	269	269	4	di	di	_	_	_	_	_	linguistic	_	none	_	_	_	_	_	_
269-5	TO055	269	269	5	viaggiare::,	viaggiare	_	_	_	_	_	linguistic	_	none	Intonation=WeaklyRising	End=874.055	8x2	_	_	_
270-0	TO055	270	270	0	di	di	_	_	_	_	_	linguistic	_	none	_	Begin=874.1	_	_	_	_
270-1	TO055	270	270	1	girare	girare	_	_	_	_	_	linguistic	_	none	_	_	_	_	_	_
270-2	TO055	270	270	2	[un	un	_	_	_	_	_	linguistic	_	none	_	_	_	_	_	0-2(45)
270-3	TO055	270	270	3	po'],	po'	_	_	_	_	_	linguistic	_	none	Intonation=WeaklyRising	End=875.412	_	_	_	0-3(45)
271-0	TO041	271	271	0	[s::ì].	sì	_	_	_	_	_	linguistic	_	none	Intonation=Falling	Begin=874.828|End=875.412	0x2	_	_	0-2(45)
272-0	TO041	272	272	0	perché::	perché	_	_	_	_	_	linguistic	_	none	_	Begin=875.765	5x2	_	_	_
272-1	TO041	272	272	1	vabbè	vabbè	_	_	_	_	_	linguistic	_	none	_	_	_	_	_	_
272-2	TO041	272	272	2	(in~)	in~	_	_	_	_	_	linguistic	_	none	Interrupted=Yes	_	_	_	0-3(0)	_
272-3	TO041	272	272	3	la	la	_	_	_	_	_	linguistic	_	none	_	_	_	_	_	_
272-4	TO041	272	272	4	finlandia,	finlandia	_	_	_	_	_	linguistic	_	none	Intonation=WeaklyRising	End=878.449	_	_	_	_
273-0	TO041	273	273	0	non	non	_	_	_	_	_	linguistic	_	none	_	Begin=880.553	_	_	_	_
273-1	TO041	273	273	1	è	è	_	_	_	_	_	linguistic	_	none	_	_	_	_	_	_
273-2	TO041	273	273	2	che::	che	_	_	_	_	_	linguistic	_	none	_	_	2x2	_	_	_
273-3	TO041	273	273	3	o:ffra,	offra	_	_	_	_	_	linguistic	_	none	Intonation=WeaklyRising	End=882.825	0x1	_	_	_
274-0	TO041	274	274	0	<una	una	_	_	_	_	_	linguistic	_	none	_	Begin=883.481	_	Slow=0-3(0)	_	_
274-1	TO041	274	274	1	ricchezza	ricchezza	_	_	_	_	_	linguistic	_	none	_	_	_	Slow=0-9(0)	_	_
274-2	TO041	274	274	2	di>,	di	_	_	_	_	_	linguistic	_	none	Intonation=WeaklyRising	End=885.266	_	Slow=0-2(0)	_	_
275-0	TO041	275	275	0	e::h	eh	_	_	_	_	_	linguistic	_	none	ProsodicLink=Yes	Begin=885.369	0x2	_	_	_
275-1	TO041	275	275	1	mh	mh	_	_	_	_	_	linguistic	_	none	_	End=886.363	_	_	_	_
276-0	TO041	276	276	0	<città	città	_	_	_	_	_	linguistic	_	none	_	Begin=886.683	_	Slow=0-5(0)	_	_
276-1	TO041	276	276	1	da	da	_	_	_	_	_	linguistic	_	none	_	_	_	Slow=0-2(0)	_	_
276-2	TO041	276	276	2	visitare	visitare	_	_	_	_	_	linguistic	_	none	_	_	_	Slow=0-8(0)	_	_
276-3	TO041	276	276	3	diverse>	diverse	_	_	_	_	_	linguistic	_	none	_	_	_	Slow=0-7(0)	_	_
276-4	TO041	276	276	4	perché	perché	_	_	_	_	_	linguistic	_	none	_	_	_	_	_	_
276-5	TO041	276	276	5	le	le	_	_	_	_	_	linguistic	_	none	_	_	_	_	_	_
276-6	TO041	276	276	6	città	città	_	_	_	_	_	linguistic	_	none	_	_	_	_	_	_
276-7	TO041	276	276	7	sono	sono	_	_	_	_	_	linguistic	_	none	_	_	_	_	_	_
276-8	TO041	276	276	8	tutte:	tutte	_	_	_	_	_	linguistic	_	none	_	_	4x1	_	_	_
276-9	TO041	276	276	9	di	di	_	_	_	_	_	linguistic	_	none	_	_	_	_	_	_
276-10	TO041	276	276	10	recente	recente	_	_	_	_	_	linguistic	_	none	_	_	_	_	_	_
276-11	TO041	276	276	11	costruzione	costruzione	_	_	_	_	_	linguistic	_	none	_	_	_	_	_	_
276-12	TO041	276	276	12	no:n:	non	_	_	_	_	_	linguistic	_	none	_	End=892.596	1x1,2x1	_	_	_
277-0	TO041	277	277	0	non	non	_	_	_	_	_	linguistic	_	none	_	Begin=893.18	_	_	_	_
277-1	TO041	277	277	1	e::h	eh	_	_	_	_	_	linguistic	_	none	ProsodicLink=Yes	_	0x2	_	_	_
277-2	TO041	277	277	2	mh	mh	_	_	_	_	_	linguistic	_	none	_	End=894.518	_	_	_	_
278-0	TO041	278	278	0	non	non	_	_	_	_	_	linguistic	_	none	_	Begin=894.62	_	_	_	_
278-1	TO041	278	278	1	molto	molto	_	_	_	_	_	linguistic	_	none	_	_	_	_	_	_
278-2	TO041	278	278	2	belle	belle	_	_	_	_	_	linguistic	_	none	_	_	_	_	_	_
278-3	TO041	278	278	3	diciamo.	diciamo	_	_	_	_	_	linguistic	_	none	Intonation=Falling	End=896.583	_	_	_	_
279-0	TO041	279	279	0	però:	però	_	_	_	_	_	linguistic	_	none	_	Begin=896.886	3x1	_	_	_
279-1	TO041	279	279	1	ci	ci	_	_	_	_	_	linguistic	_	none	_	_	_	_	_	_
279-2	TO041	279	279	2	sono	sono	_	_	_	_	_	linguistic	_	none	_	_	_	_	_	_
279-3	TO041	279	279	3	posti	posti	_	_	_	_	_	linguistic	_	none	_	_	_	_	_	_
279-4	TO041	279	279	4	luo~	luo~	_	_	_	_	_	linguistic	_	none	Interrupted=Yes	_	_	_	_	_
279-5	TO041	279	279	5	eh	eh	_	_	_	_	_	linguistic	_	none	_	_	_	_	_	_
279-6	TO041	279	279	6	cioè,	cioè	_	_	_	_	_	linguistic	_	none	Intonation=WeaklyRising	End=899.66	_	_	_	_
280-0	TO041	280	280	0	la	la	_	_	_	_	_	linguistic	_	none	_	Begin=899.914	_	_	_	_
280-1	TO041	280	280	1	natura	natura	_	_	_	_	_	linguistic	_	none	_	_	_	_	_	_
280-2	TO041	280	280	2	è	è	_	_	_	_	_	linguistic	_	none	_	_	_	_	_	_
280-3	TO041	280	280	3	spettacolare.	spettacolare	_	_	_	_	_	linguistic	_	none	Intonation=Falling	End=901.51	_	_	_	_
281-0	TO041	281	281	0	e	e	_	_	_	_	_	linguistic	_	none	_	Begin=901.63	_	_	_	_
281-1	TO041	281	281	1	quindi	quindi	_	_	_	_	_	linguistic	_	none	_	_	_	_	_	_
281-2	TO041	281	281	2	ho	ho	_	_	_	_	_	linguistic	_	none	_	_	_	_	_	_
281-3	TO041	281	281	3	viaggiato	viaggiato	_	_	_	_	_	linguistic	_	none	_	_	_	_	_	_
281-4	TO041	281	281	4	molto	molto	_	_	_	_	_	linguistic	_	none	_	_	_	_	_	_
281-5	TO041	281	281	5	specialme:n~	specialmen~	_	_	_	_	_	linguistic	_	none	Interrupted=Yes	_	8x1	_	_	_
281-6	TO041	281	281	6	in	in	_	_	_	_	_	linguistic	_	none	_	_	_	_	_	_
281-7	TO041	281	281	7	finlandia	finlandia	_	_	_	_	_	linguistic	_	none	_	_	_	_	_	_
281-8	TO041	281	281	8	specialmente	specialmente	_	_	_	_	_	linguistic	_	none	_	_	_	_	_	_
281-9	TO041	281	281	9	per	per	_	_	_	_	_	linguistic	_	none	_	_	_	_	_	_
281-10	TO041	281	281	10	andare	andare	_	_	_	_	_	linguistic	_	none	_	_	_	_	_	_
281-11	TO041	281	281	11	in	in	_	_	_	_	_	linguistic	_	none	_	_	_	_	_	_
281-12	TO041	281	281	12	po:sti	posti	_	_	_	_	_	linguistic	_	none	_	_	1x1	_	_	_
281-13	TO041	281	281	13	cioè	cioè	_	_	_	_	_	linguistic	_	none	_	_	_	_	_	_
281-14	TO041	281	281	14	in	in	_	_	_	_	_	linguistic	_	none	_	_	_	_	_	_
281-15	TO041	281	281	15	parchi	parchi	_	_	_	_	_	linguistic	_	none	_	_	_	_	_	_
281-16	TO041	281	281	16	naturali,	naturali	_	_	_	_	_	linguistic	_	none	Intonation=WeaklyRising	End=908.798	_	_	_	_
282-0	TO041	282	282	0	oppure	oppure	_	_	_	_	_	linguistic	_	none	_	Begin=909.053	_	_	_	_
282-1	TO041	282	282	1	per	per	_	_	_	_	_	linguistic	_	none	_	_	_	_	_	_
282-2	TO041	282	282	2	andare	andare	_	_	_	_	_	linguistic	_	none	_	_	_	_	_	_
282-3	TO041	282	282	3	al	al	_	_	_	_	_	linguistic	_	none	_	_	_	_	_	_
282-4	TO041	282	282	4	circolo	circolo	_	_	_	_	_	linguistic	_	none	_	_	_	_	_	_
282-5	TO041	282	282	5	polare	polare	_	_	_	_	_	linguistic	_	none	_	_	_	_	_	_
282-6	TO041	282	282	6	artico,	artico	_	_	_	_	_	linguistic	_	none	Intonation=WeaklyRising	End=911.954	_	_	_	_
283-0	TO041	283	283	0	e::h	eh	_	_	_	_	_	linguistic	_	none	ProsodicLink=Yes	Begin=912.531	0x2	_	_	_
283-1	TO041	283	283	1	mh	mh	_	_	_	_	_	linguistic	_	none	_	End=913.956	_	_	_	_
284-0	TO041	284	284	0	poi	poi	_	_	_	_	_	linguistic	_	none	_	Begin=914.087	_	_	_	_
284-1	TO041	284	284	1	sì	sì	_	_	_	_	_	linguistic	_	none	_	_	_	_	_	_
284-2	TO041	284	284	2	sono	sono	_	_	_	_	_	linguistic	_	none	_	_	_	_	_	_
284-3	TO041	284	284	3	stata	stata	_	_	_	_	_	linguistic	_	none	_	_	_	_	_	_
284-4	TO041	284	284	4	a	a	_	_	_	_	_	linguistic	_	none	_	_	_	_	_	_
284-5	TO041	284	284	5	helsinki	helsinki	_	_	_	_	_	linguistic	_	none	_	_	_	_	_	_
284-6	TO041	284	284	6	ho	ho	_	_	_	_	_	linguistic	_	none	_	_	_	_	_	_
284-7	TO041	284	284	7	visitato	visitato	_	_	_	_	_	linguistic	_	none	_	_	_	_	_	_
284-8	TO041	284	284	8	anche:	anche	_	_	_	_	_	linguistic	_	none	_	_	4x1	_	_	_
284-9	TO041	284	284	9	alcune	alcune	_	_	_	_	_	linguistic	_	none	_	_	_	_	_	_
284-10	TO041	284	284	10	città	città	_	_	_	_	_	linguistic	_	none	_	_	_	_	_	_
284-11	TO041	284	284	11	di	di	_	_	_	_	_	linguistic	_	none	_	_	_	_	_	_
284-12	TO041	284	284	12	paesi	paesi	_	_	_	_	_	linguistic	_	none	_	_	_	_	_	_
284-13	TO041	284	284	13	limitrofi	limitrofi	_	_	_	_	_	linguistic	_	none	_	_	_	_	_	_
284-14	TO041	284	284	14	s[on(o)	sono	_	_	_	_	_	linguistic	_	none	_	_	_	_	3-4(0)	1-4(46)
284-15	TO041	284	284	15	sta]ta	stata	_	_	_	_	_	linguistic	_	none	_	_	_	_	_	0-3(46)
284-16	TO041	284	284	16	a	a	_	_	_	_	_	linguistic	_	none	_	_	_	_	_	_
284-17	TO041	284	284	17	san	san	_	_	_	_	_	linguistic	_	none	_	_	_	_	_	_
284-18	TO041	284	284	18	pietroburgo	pietroburgo	_	_	_	_	_	linguistic	_	none	_	_	_	_	_	_
284-19	TO041	284	284	19	a	a	_	_	_	_	_	linguistic	_	none	_	_	_	_	_	_
284-20	TO041	284	284	20	stoccolma	stoccolma	_	_	_	_	_	linguistic	_	none	_	_	_	_	_	_
284-21	TO041	284	284	21	a	a	_	_	_	_	_	linguistic	_	none	_	_	_	_	_	_
284-22	TO041	284	284	22	tallin.	tallin	_	_	_	_	_	linguistic	_	none	Intonation=Falling	End=921.908	_	_	_	_
285-0	TO055	285	285	0	[mhmh],	mhmh	_	_	_	_	_	linguistic	_	none	Intonation=WeaklyRising	Begin=918.376|End=918.889	_	_	_	0-4(46)
286-0	TO041	286	286	0	quindi	quindi	_	_	_	_	_	linguistic	_	none	_	Begin=922.087	_	_	_	_
286-1	TO041	286	286	1	direi	direi	_	_	_	_	_	linguistic	_	none	_	_	_	_	_	_
286-2	TO041	286	286	2	che:	che	_	_	_	_	_	linguistic	_	none	_	_	2x1	_	_	_
286-3	TO041	286	286	3	per	per	_	_	_	_	_	linguistic	_	none	_	_	_	_	_	_
286-4	TO041	286	286	4	il	il	_	_	_	_	_	linguistic	_	none	_	_	_	_	_	_
286-5	TO041	286	286	5	tempo	tempo	_	_	_	_	_	linguistic	_	none	_	_	_	_	_	_
286-6	TO041	286	286	6	in	in	_	_	_	_	_	linguistic	_	none	_	_	_	_	_	_
286-7	TO041	286	286	7	cui	cui	_	_	_	_	_	linguistic	_	none	_	_	_	_	_	_
286-8	TO041	286	286	8	sono	sono	_	_	_	_	_	linguistic	_	none	_	_	_	_	_	_
286-9	TO041	286	286	9	stata	stata	_	_	_	_	_	linguistic	_	none	_	_	_	_	_	_
286-10	TO041	286	286	10	lì	lì	_	_	_	_	_	linguistic	_	none	_	_	_	_	_	_
286-11	TO041	286	286	11	ho	ho	_	_	_	_	_	linguistic	_	none	_	_	_	_	_	_
286-12	TO041	286	286	12	viaggiato	viaggiato	_	_	_	_	_	linguistic	_	none	_	_	_	_	_	_
286-13	TO041	286	286	13	molto.	molto	_	_	_	_	_	linguistic	_	none	Intonation=Falling	End=926.308	_	_	_	_
287-0	TO041	287	287	0	però	però	_	_	_	_	_	linguistic	_	none	PauseAfter=Yes	Begin=926.739	_	_	_	_
287-1	TO041	287	287	1	(.)	(.)	_	_	_	_	_	shortpause	_	none	_	_	_	_	_	_
287-2	TO041	287	287	2	secondo	secondo	_	_	_	_	_	linguistic	_	none	_	_	_	_	_	_
287-3	TO041	287	287	3	me	me	_	_	_	_	_	linguistic	_	none	_	_	_	_	_	_
287-4	TO041	287	287	4	anche:	anche	_	_	_	_	_	linguistic	_	none	_	End=929.003	4x1	_	_	_
288-0	TO041	288	288	0	lo	lo	_	_	_	_	_	linguistic	_	none	_	Begin=929.146	_	_	_	_
288-1	TO041	288	288	1	scopo	scopo	_	_	_	_	_	linguistic	_	none	_	_	_	_	_	_
288-2	TO041	288	288	2	dell'	dell'	_	_	_	_	_	linguistic	_	none	SpaceAfter=No	_	_	_	_	_
288-3	TO041	288	288	3	erasmus	erasmus	_	_	_	_	_	linguistic	_	none	_	_	_	_	_	_
288-4	TO041	288	288	4	anche	anche	_	_	_	_	_	linguistic	_	none	_	_	_	_	_	_
288-5	TO041	288	288	5	quello	quello	_	_	_	_	_	linguistic	_	none	_	_	_	_	_	_
288-6	TO041	288	288	6	anche	anche	_	_	_	_	_	linguistic	_	none	_	_	_	_	_	_
288-7	TO041	288	288	7	perché,	perché	_	_	_	_	_	linguistic	_	none	Intonation=WeaklyRising	End=931.871	_	_	_	_
289-0	TO041	289	289	0	non	non	_	_	_	_	_	linguistic	_	none	_	Begin=932.196	_	_	_	_
289-1	TO041	289	289	1	penso	penso	_	_	_	_	_	linguistic	_	none	_	_	_	_	_	_
289-2	TO041	289	289	2	che	che	_	_	_	_	_	linguistic	_	none	_	_	_	_	_	_
289-3	TO041	289	289	3	tornerò	tornerò	_	_	_	_	_	linguistic	_	none	_	_	_	_	_	_
289-4	TO041	289	289	4	tanto	tanto	_	_	_	_	_	linguistic	_	none	_	_	_	_	_	_
289-5	TO041	289	289	5	presto	presto	_	_	_	_	_	linguistic	_	none	_	_	_	_	_	_
289-6	TO041	289	289	6	in	in	_	_	_	_	_	linguistic	_	none	_	_	_	_	_	_
289-7	TO041	289	289	7	fin[landia	finlandia	_	_	_	_	_	linguistic	_	none	_	_	_	_	_	3-9(47)
289-8	TO041	289	289	8	qu]indi:,	quindi	_	_	_	_	_	linguistic	_	none	Intonation=WeaklyRising	End=935.917	5x1	_	_	0-2(47)
290-0	TO055	290	290	0	[certo].	certo	_	_	_	_	_	linguistic	_	none	Intonation=Falling	Begin=934.267|End=934.972	_	_	_	0-5(47)
291-0	TO055	291	291	0	sì	sì	_	_	_	_	_	linguistic	_	none	_	Begin=936.509	_	_	_	_
291-1	TO055	291	291	1	[forse	forse	_	_	_	_	_	linguistic	_	none	_	_	_	_	_	0-5(48)
291-2	TO055	291	291	2	non	non	_	_	_	_	_	linguistic	_	none	_	_	_	_	_	0-3(48)
291-3	TO055	291	291	3	ha	ha	_	_	_	_	_	linguistic	_	none	_	_	_	_	_	0-2(48)
291-4	TO055	291	291	4	la	la	_	_	_	_	_	linguistic	_	none	_	_	_	_	_	0-2(48)
291-5	TO055	291	291	5	prio]rità	priorità	_	_	_	_	_	linguistic	_	none	_	_	_	_	_	0-4(48)
291-6	TO055	291	291	6	su	su	_	_	_	_	_	linguistic	_	none	_	_	_	_	_	_
291-7	TO055	291	291	7	tutto	tutto	_	_	_	_	_	linguistic	_	none	_	_	_	_	_	_
291-8	TO055	291	291	8	il	il	_	_	_	_	_	linguistic	_	none	_	_	_	_	_	_
291-9	TO055	291	291	9	resto.	resto	_	_	_	_	_	linguistic	_	none	Intonation=Falling	End=939.889	_	_	_	_
292-0	TO041	292	292	0	[mi	mi	_	_	_	_	_	linguistic	_	none	_	Begin=936.798	_	_	_	0-2(48)
292-1	TO041	292	292	1	son	son	_	_	_	_	_	linguistic	_	none	_	_	_	_	_	0-3(48)
292-2	TO041	292	292	2	sentita],	sentita	_	_	_	_	_	linguistic	_	none	Intonation=WeaklyRising	End=938.018	_	_	_	0-7(48)
293-0	TO041	293	293	0	sì	sì	_	_	_	_	_	linguistic	_	none	_	Begin=939.915	_	_	_	_
293-1	TO041	293	293	1	[mi	mi	_	_	_	_	_	linguistic	_	none	_	_	_	_	_	0-2(49)
293-2	TO041	293	293	2	sono]	sono	_	_	_	_	_	linguistic	_	none	_	_	_	_	_	0-4(49)
293-3	TO041	293	293	3	sentita	sentita	_	_	_	_	_	linguistic	_	none	_	_	_	_	_	_
293-4	TO041	293	293	4	in	in	_	_	_	_	_	linguistic	_	none	_	_	_	_	_	_
293-5	TO041	293	293	5	dovere	dovere	_	_	_	_	_	linguistic	_	none	_	_	_	_	_	_
293-6	TO041	293	293	6	di	di	_	_	_	_	_	linguistic	_	none	_	_	_	_	_	_
293-7	TO041	293	293	7	sfruttare	sfruttare	_	_	_	_	_	linguistic	_	none	_	_	_	_	_	_
293-8	TO041	293	293	8	questa	questa	_	_	_	_	_	linguistic	_	none	_	_	_	_	_	_
293-9	TO041	293	293	9	opportunità	opportunità	_	_	_	_	_	linguistic	_	none	_	_	_	_	_	_
293-10	TO041	293	293	10	comunque	comunque	_	_	_	_	_	linguistic	_	none	_	_	_	_	_	_
293-11	TO041	293	293	11	sì	sì	_	_	_	_	_	linguistic	_	none	_	_	_	_	_	_
293-12	TO041	293	293	12	sì.	sì	_	_	_	_	_	linguistic	_	none	Intonation=Falling	End=944.119	_	_	_	_
294-0	TO055	294	294	0	[come],	come	_	_	_	_	_	linguistic	_	none	Intonation=WeaklyRising	Begin=940.037|End=940.657	_	_	_	0-4(49)
295-0	TO055	295	295	0	e	e	_	_	_	_	_	linguistic	_	none	_	Begin=944.208	_	_	_	_
295-1	TO055	295	295	1	come	come	_	_	_	_	_	linguistic	_	none	_	_	_	_	_	_
295-2	TO055	295	295	2	ti:	ti	_	_	_	_	_	linguistic	_	none	_	_	1x1	_	_	_
295-3	TO055	295	295	3	spostavi:	spostavi	_	_	_	_	_	linguistic	_	none	_	_	7x1	_	_	_
295-4	TO055	295	295	4	lì?	lì	_	_	_	_	_	linguistic	_	none	Intonation=Rising	End=945.889	_	_	_	_
296-0	TO041	296	296	0	lì:	lì	_	_	_	_	_	linguistic	_	none	_	Begin=946.233	1x1	_	_	_
296-1	TO041	296	296	1	allora,	allora	_	_	_	_	_	linguistic	_	none	Intonation=WeaklyRising	End=947.871	_	_	_	_
297-0	TO041	297	297	0	e::h	eh	_	_	_	_	_	linguistic	_	none	_	Begin=948.014	0x2	_	_	_
297-1	TO041	297	297	1	col	col	_	_	_	_	_	linguistic	_	none	_	_	_	_	_	_
297-2	TO041	297	297	2	bus,	bus	_	_	_	_	_	linguistic	_	none	Intonation=WeaklyRising	End=949.545	_	_	_	_
298-0	TO041	298	298	0	perché	perché	_	_	_	_	_	linguistic	_	none	_	Begin=949.807	_	_	_	_
298-1	TO041	298	298	1	c'	c'	_	_	_	_	_	linguistic	_	none	SpaceAfter=No	_	_	_	_	_
298-2	TO041	298	298	2	era	era	_	_	_	_	_	linguistic	_	none	_	_	_	_	_	_
298-3	TO041	298	298	3	una	una	_	_	_	_	_	linguistic	_	none	_	_	_	_	_	_
298-4	TO041	298	298	4	compagnia	compagnia	_	_	_	_	_	linguistic	_	none	_	_	_	_	_	_
298-5	TO041	298	298	5	low	low	_	_	_	_	_	linguistic	_	none	_	_	_	_	_	_
298-6	TO041	298	298	6	cost	cost	_	_	_	_	_	linguistic	_	none	_	_	_	_	_	_
298-7	TO041	298	298	7	di	di	_	_	_	_	_	linguistic	_	none	_	_	_	_	_	_
298-8	TO041	298	298	8	bus	bus	_	_	_	_	_	linguistic	_	none	_	_	_	_	_	_
298-9	TO041	298	298	9	ma	ma	_	_	_	_	_	linguistic	_	none	_	_	_	_	_	_
298-10	TO041	298	298	10	tipo::	tipo	_	_	_	_	_	linguistic	_	none	_	_	3x2	_	_	_
298-11	TO041	298	298	11	flixbus,	flixbus	_	_	_	_	_	linguistic	_	none	Intonation=WeaklyRising	End=955.394	_	_	_	_
299-0	TO055	299	299	0	okay.	okay	_	_	_	_	_	linguistic	_	none	Intonation=Falling	Begin=955.412|End=956.052	_	_	_	_
300-0	TO041	300	300	0	queste	queste	_	_	_	_	_	linguistic	_	none	_	Begin=956.052	_	_	_	_
300-1	TO041	300	300	1	cose	cose	_	_	_	_	_	linguistic	_	none	_	_	_	_	_	_
300-2	TO041	300	300	2	che	che	_	_	_	_	_	linguistic	_	none	_	_	_	_	_	_
300-3	TO041	300	300	3	quindi	quindi	_	_	_	_	_	linguistic	_	none	_	_	_	_	_	_
300-4	TO041	300	300	4	era	era	_	_	_	_	_	linguistic	_	none	_	_	_	_	_	_
300-5	TO041	300	300	5	molto	molto	_	_	_	_	_	linguistic	_	none	_	_	_	_	_	_
300-6	TO041	300	300	6	conveniente.	conveniente	_	_	_	_	_	linguistic	_	none	Intonation=Falling	_	_	_	_	_
300-7	TO041	300	300	7	perché	perché	_	_	_	_	_	linguistic	_	none	_	_	_	_	_	_
300-8	TO041	300	300	8	per	per	_	_	_	_	_	linguistic	_	none	_	_	_	_	_	_
300-9	TO041	300	300	9	il	il	_	_	_	_	_	linguistic	_	none	_	_	_	_	_	_
300-10	TO041	300	300	10	resto,	resto	_	_	_	_	_	linguistic	_	none	Intonation=WeaklyRising	End=959.724	_	_	_	_
301-0	TO041	301	301	0	e::h	eh	_	_	_	_	_	linguistic	_	none	_	Begin=960.08	0x2	_	_	_
301-1	TO041	301	301	1	l~	l~	_	_	_	_	_	linguistic	_	none	Interrupted=Yes	End=961.165	_	_	_	_
302-0	TO041	302	302	0	il	il	_	_	_	_	_	linguistic	_	none	_	Begin=961.503	_	_	_	_
302-1	TO041	302	302	1	treno,	treno	_	_	_	_	_	linguistic	_	none	Intonation=WeaklyRising	End=962.541	_	_	_	_
303-0	TO041	303	303	0	era	era	_	_	_	_	_	linguistic	_	none	_	Begin=963.224	_	_	_	_
303-1	TO041	303	303	1	<costosissimo>.	costosissimo	_	_	_	_	_	linguistic	_	none	Intonation=Falling	End=964.941	_	Slow=0-12(0)	_	_
304-0	TO041	304	304	0	blablacar	blablacar	_	_	_	_	_	linguistic	_	none	_	Begin=965.424	_	_	_	_
304-1	TO041	304	304	1	non	non	_	_	_	_	_	linguistic	_	none	_	_	_	_	_	_
304-2	TO041	304	304	2	esiste	esiste	_	_	_	_	_	linguistic	_	none	_	_	_	_	_	_
304-3	TO041	304	304	3	lì.	lì	_	_	_	_	_	linguistic	_	none	Intonation=Falling	_	_	_	_	_
304-4	TO041	304	304	4	anche	anche	_	_	_	_	_	linguistic	_	none	_	_	_	_	_	_
304-5	TO041	304	304	5	perché,	perché	_	_	_	_	_	linguistic	_	none	Intonation=WeaklyRising	End=968.357	_	_	_	_
305-0	TO055	305	305	0	essendo	essendo	_	_	_	_	_	linguistic	_	none	_	Begin=968.983	_	_	_	_
305-1	TO055	305	305	1	diffidenti	diffidenti	_	_	_	_	_	linguistic	_	none	_	_	_	_	_	_
305-2	TO055	305	305	2	for[se::]	forse	_	_	_	_	_	linguistic	_	none	_	End=971.387	4x2	_	_	3-5(50)
306-0	TO041	306	306	0	[s::ì].	sì	_	_	_	_	_	linguistic	_	none	Intonation=Falling	Begin=970.525|End=971.403	0x2	_	_	0-2(50)
307-0	TO041	307	307	0	ma	ma	_	_	_	_	_	linguistic	_	none	_	Begin=971.479	_	_	_	_
307-1	TO041	307	307	1	poi:	poi	_	_	_	_	_	linguistic	_	none	_	_	2x1	_	_	_
307-2	TO041	307	307	2	ci	ci	_	_	_	_	_	linguistic	_	none	_	_	_	_	_	_
307-3	TO041	307	307	3	sono	sono	_	_	_	_	_	linguistic	_	none	_	_	_	_	_	_
307-4	TO041	307	307	4	veramente	veramente	_	_	_	_	_	linguistic	_	none	_	_	_	_	_	_
307-5	TO041	307	307	5	cioè	cioè	_	_	_	_	_	linguistic	_	none	_	_	_	_	_	_
307-6	TO041	307	307	6	la	la	_	_	_	_	_	linguistic	_	none	_	_	_	_	_	_
307-7	TO041	307	307	7	finlandia,	finlandia	_	_	_	_	_	linguistic	_	none	Intonation=WeaklyRising	End=975.055	_	_	_	_
308-0	TO041	308	308	0	ha	ha	_	_	_	_	_	linguistic	_	none	_	Begin=975.336	_	_	_	_
308-1	TO041	308	308	1	un	un	_	_	_	_	_	linguistic	_	none	_	_	_	_	_	_
308-2	TO041	308	308	2	territorio	territorio	_	_	_	_	_	linguistic	_	none	_	_	_	_	_	_
308-3	TO041	308	308	3	più	più	_	_	_	_	_	linguistic	_	none	_	_	_	_	_	_
308-4	TO041	308	308	4	esteso	esteso	_	_	_	_	_	linguistic	_	none	_	_	_	_	_	_
308-5	TO041	308	308	5	dell'	dell'	_	_	_	_	_	linguistic	_	none	SpaceAfter=No	_	_	_	_	_
308-6	TO041	308	308	6	italia	italia	_	_	_	_	_	linguistic	_	none	_	_	_	_	_	_
308-7	TO041	308	308	7	e	e	_	_	_	_	_	linguistic	_	none	_	_	_	_	_	_
308-8	TO041	308	308	8	ci	ci	_	_	_	_	_	linguistic	_	none	_	_	_	_	_	_
308-9	TO041	308	308	9	sono	sono	_	_	_	_	_	linguistic	_	none	_	_	_	_	_	_
308-10	TO041	308	308	10	tre	tre	_	_	_	_	_	linguistic	_	none	_	_	_	_	_	_
308-11	TO041	308	308	11	milioni	milioni	_	_	_	_	_	linguistic	_	none	_	_	_	_	_	_
308-12	TO041	308	308	12	di	di	_	_	_	_	_	linguistic	_	none	_	_	_	_	_	_
308-13	TO041	308	308	13	abitanti.	abitanti	_	_	_	_	_	linguistic	_	none	Intonation=Falling	End=979.967	_	_	_	_
309-0	TO041	309	309	0	quindi	quindi	_	_	_	_	_	linguistic	_	none	_	Begin=980.092	_	_	_	_
309-1	TO041	309	309	1	puoi	puoi	_	_	_	_	_	linguistic	_	none	_	_	_	_	_	_
309-2	TO041	309	309	2	immaginare	immaginare	_	_	_	_	_	linguistic	_	none	_	_	_	_	_	_
309-3	TO041	309	309	3	quanta,	quanta	_	_	_	_	_	linguistic	_	none	Intonation=WeaklyRising	End=982.171	_	_	_	_
310-0	TO041	310	310	0	poca	poca	_	_	_	_	_	linguistic	_	none	_	Begin=982.498	_	_	_	_
310-1	TO041	310	310	1	gente	gente	_	_	_	_	_	linguistic	_	none	_	_	_	_	_	_
310-2	TO041	310	310	2	ci	ci	_	_	_	_	_	linguistic	_	none	_	_	_	_	_	_
310-3	TO041	310	310	3	sia	sia	_	_	_	_	_	linguistic	_	none	_	_	_	_	_	_
310-4	TO041	310	310	4	quindi	quindi	_	_	_	_	_	linguistic	_	none	_	_	_	_	_	_
310-5	TO041	310	310	5	uno	uno	_	_	_	_	_	linguistic	_	none	_	_	_	_	_	_
310-6	TO041	310	310	6	strumento	strumento	_	_	_	_	_	linguistic	_	none	_	_	_	_	_	_
310-7	TO041	310	310	7	come	come	_	_	_	_	_	linguistic	_	none	_	_	_	_	_	_
310-8	TO041	310	310	8	blablacar	blablacar	_	_	_	_	_	linguistic	_	none	_	_	_	_	_	_
310-9	TO041	310	310	9	non	non	_	_	_	_	_	linguistic	_	none	_	_	_	_	_	_
310-10	TO041	310	310	10	so	so	_	_	_	_	_	linguistic	_	none	_	_	_	_	_	_
310-11	TO041	310	310	11	quanto	quanto	_	_	_	_	_	linguistic	_	none	_	_	_	_	_	_
310-12	TO041	310	310	12	p[otrebbe	potrebbe	_	_	_	_	_	linguistic	_	none	_	_	_	_	_	1-8(51)
310-13	TO041	310	310	13	funziona]re.	funzionare	_	_	_	_	_	linguistic	_	none	Intonation=Falling	End=987.766	_	_	_	0-8(51)
311-0	TO055	311	311	0	[non	non	_	_	_	_	_	linguistic	_	none	_	Begin=986.316	_	_	_	0-3(51)
311-1	TO055	311	311	1	funzion(a)].	funziona	_	_	_	_	_	linguistic	_	none	Intonation=Falling	End=987.44	_	_	7-8(0)	0-8(51)
312-0	TO041	312	312	0	e:h	eh	_	_	_	_	_	linguistic	_	none	_	Begin=988.411	0x1	_	_	_
312-1	TO041	312	312	1	comunque	comunque	_	_	_	_	_	linguistic	_	none	_	_	_	_	_	_
312-2	TO041	312	312	2	c'	c'	_	_	_	_	_	linguistic	_	none	SpaceAfter=No	_	_	_	_	_
312-3	TO041	312	312	3	erano	erano	_	_	_	_	_	linguistic	_	none	_	_	_	_	_	_
312-4	TO041	312	312	4	questi	questi	_	_	_	_	_	linguistic	_	none	_	_	_	_	_	_
312-5	TO041	312	312	5	pullman	pullman	_	_	_	_	_	linguistic	_	none	_	_	_	_	_	_
312-6	TO041	312	312	6	che	che	_	_	_	_	_	linguistic	_	none	_	_	_	_	_	_
312-7	TO041	312	312	7	erano	erano	_	_	_	_	_	linguistic	_	none	_	_	_	_	_	_
312-8	TO041	312	312	8	anche:	anche	_	_	_	_	_	linguistic	_	none	_	_	4x1	_	_	_
312-9	TO041	312	312	9	un	un	_	_	_	_	_	linguistic	_	none	_	_	_	_	_	_
312-10	TO041	312	312	10	prezzo	prezzo	_	_	_	_	_	linguistic	_	none	_	_	_	_	_	_
312-11	TO041	312	312	11	molto	molto	_	_	_	_	_	linguistic	_	none	_	_	_	_	_	_
312-12	TO041	312	312	12	basso	basso	_	_	_	_	_	linguistic	_	none	_	_	_	_	_	_
312-13	TO041	312	312	13	e	e	_	_	_	_	_	linguistic	_	none	_	_	_	_	_	_
312-14	TO041	312	312	14	quindi	quindi	_	_	_	_	_	linguistic	_	none	_	_	_	_	_	_
312-15	TO041	312	312	15	anche	anche	_	_	_	_	_	linguistic	_	none	_	_	_	_	_	_
312-16	TO041	312	312	16	per	per	_	_	_	_	_	linguistic	_	none	_	_	_	_	_	_
312-17	TO041	312	312	17	questo	questo	_	_	_	_	_	linguistic	_	none	_	_	_	_	_	_
312-18	TO041	312	312	18	grazie	grazie	_	_	_	_	_	linguistic	_	none	_	_	_	_	_	_
312-19	TO041	312	312	19	a	a	_	_	_	_	_	linguistic	_	none	_	_	_	_	_	_
312-20	TO041	312	312	20	questo	questo	_	_	_	_	_	linguistic	_	none	_	_	_	_	_	_
312-21	TO041	312	312	21	che	che	_	_	_	_	_	linguistic	_	none	_	_	_	_	_	_
312-22	TO041	312	312	22	sono	sono	_	_	_	_	_	linguistic	_	none	_	_	_	_	_	_
312-23	TO041	312	312	23	riuscita	riuscita	_	_	_	_	_	linguistic	_	none	_	_	_	_	_	_
312-24	TO041	312	312	24	a	a	_	_	_	_	_	linguistic	_	none	_	_	_	_	_	_
312-25	TO041	312	312	25	viaggiare	viaggiare	_	_	_	_	_	linguistic	_	none	_	_	_	_	_	_
312-26	TO041	312	312	26	molto.	molto	_	_	_	_	_	linguistic	_	none	Intonation=Falling	End=996.889	_	_	_	_
313-0	TO041	313	313	0	poi	poi	_	_	_	_	_	linguistic	_	none	_	Begin=997.225	_	_	_	_
313-1	TO041	313	313	1	quando	quando	_	_	_	_	_	linguistic	_	none	_	_	_	_	_	_
313-2	TO041	313	313	2	sono	sono	_	_	_	_	_	linguistic	_	none	_	_	_	_	_	_
313-3	TO041	313	313	3	stata	stata	_	_	_	_	_	linguistic	_	none	_	_	_	_	_	_
313-4	TO041	313	313	4	obbligata	obbligata	_	_	_	_	_	linguistic	_	none	_	_	_	_	_	_
313-5	TO041	313	313	5	ho	ho	_	_	_	_	_	linguistic	_	none	_	_	_	_	_	_
313-6	TO041	313	313	6	preso	preso	_	_	_	_	_	linguistic	_	none	_	_	_	_	_	_
313-7	TO041	313	313	7	anche	anche	_	_	_	_	_	linguistic	_	none	_	_	_	_	_	_
313-8	TO041	313	313	8	il	il	_	_	_	_	_	linguistic	_	none	_	_	_	_	_	_
313-9	TO041	313	313	9	treno	treno	_	_	_	_	_	linguistic	_	none	_	_	_	_	_	_
313-10	TO041	313	313	10	e	e	_	_	_	_	_	linguistic	_	none	_	_	_	_	_	_
313-11	TO041	313	313	11	poi	poi	_	_	_	_	_	linguistic	_	none	_	_	_	_	_	_
313-12	TO041	313	313	12	vabbè	vabbè	_	_	_	_	_	linguistic	_	none	_	_	_	_	_	_
313-13	TO041	313	313	13	ovviamente	ovviamente	_	_	_	_	_	linguistic	_	none	_	_	_	_	_	_
313-14	TO041	313	313	14	per	per	_	_	_	_	_	linguistic	_	none	_	_	_	_	_	_
313-15	TO041	313	313	15	andare:	andare	_	_	_	_	_	linguistic	_	none	_	_	5x1	_	_	_
313-16	TO041	313	313	16	a	a	_	_	_	_	_	linguistic	_	none	_	_	_	_	_	_
313-17	TO041	313	313	17	stoccolma	stoccolma	_	_	_	_	_	linguistic	_	none	_	_	_	_	_	_
313-18	TO041	313	313	18	e	e	_	_	_	_	_	linguistic	_	none	_	_	_	_	_	_
313-19	TO041	313	313	19	a	a	_	_	_	_	_	linguistic	_	none	_	_	_	_	_	_
313-20	TO041	313	313	20	san	san	_	_	_	_	_	linguistic	_	none	_	_	_	_	_	_
313-21	TO041	313	313	21	pietroburgo:	pietroburgo	_	_	_	_	_	linguistic	_	none	_	_	10x1	_	_	_
313-22	TO041	313	313	22	ho	ho	_	_	_	_	_	linguistic	_	none	_	_	_	_	_	_
313-23	TO041	313	313	23	dovuto	dovuto	_	_	_	_	_	linguistic	_	none	_	_	_	_	_	_
313-24	TO041	313	313	24	prendere	prendere	_	_	_	_	_	linguistic	_	none	_	_	_	_	_	_
313-25	TO041	313	313	25	il	il	_	_	_	_	_	linguistic	_	none	_	_	_	_	_	_
313-26	TO041	313	313	26	[traghetto]	traghetto	_	_	_	_	_	linguistic	_	none	_	_	_	_	_	0-9(52)
313-27	TO041	313	313	27	però	però	_	_	_	_	_	linguistic	_	none	_	_	_	_	_	_
313-28	TO041	313	313	28	comunque	comunque	_	_	_	_	_	linguistic	_	none	_	_	_	_	_	_
313-29	TO041	313	313	29	eh	eh	_	_	_	_	_	linguistic	_	none	_	_	_	_	_	_
313-30	TO041	313	313	30	sì.	sì	_	_	_	_	_	linguistic	_	none	Intonation=Falling	End=1006.834	_	_	_	_
314-0	TO055	314	314	0	[certo].	certo	_	_	_	_	_	linguistic	_	none	Intonation=Falling	Begin=1004.837|End=1005.439	_	_	_	0-5(52)
315-0	TO041	315	315	0	e	e	_	_	_	_	_	linguistic	_	none	_	Begin=1007.243	_	_	_	_
315-1	TO041	315	315	1	i	i	_	_	_	_	_	linguistic	_	none	_	_	_	_	_	_
315-2	TO041	315	315	2	trasporti	trasporti	_	_	_	_	_	linguistic	_	none	_	_	_	_	_	_
315-3	TO041	315	315	3	perché	perché	_	_	_	_	_	linguistic	_	none	_	_	_	_	_	_
315-4	TO041	315	315	4	poi	poi	_	_	_	_	_	linguistic	_	none	_	_	_	_	_	_
315-5	TO041	315	315	5	i	i	_	_	_	_	_	linguistic	_	none	_	_	_	_	_	_
315-6	TO041	315	315	6	trasporti	trasporti	_	_	_	_	_	linguistic	_	none	_	_	_	_	_	_
315-7	TO041	315	315	7	pubblici	pubblici	_	_	_	_	_	linguistic	_	none	_	_	_	_	_	_
315-8	TO041	315	315	8	diversamente	diversamente	_	_	_	_	_	linguistic	_	none	_	_	_	_	_	_
315-9	TO041	315	315	9	oltre	oltre	_	_	_	_	_	linguistic	_	none	_	_	_	_	_	_
315-10	TO041	315	315	10	a	a	_	_	_	_	_	linguistic	_	none	_	_	_	_	_	_
315-11	TO041	315	315	11	questa	questa	_	_	_	_	_	linguistic	_	none	_	_	_	_	_	_
315-12	TO041	315	315	12	compagnia	compagnia	_	_	_	_	_	linguistic	_	none	_	_	_	_	_	_
315-13	TO041	315	315	13	di	di	_	_	_	_	_	linguistic	_	none	_	_	_	_	_	_
315-14	TO041	315	315	14	bus,	bus	_	_	_	_	_	linguistic	_	none	Intonation=WeaklyRising	End=1012.174	_	_	_	_
316-0	TO041	316	316	0	costavano	costavano	_	_	_	_	_	linguistic	_	none	_	Begin=1012.88	_	_	_	_
316-1	TO041	316	316	1	carissimi.	carissimi	_	_	_	_	_	linguistic	_	none	Intonation=Falling	End=1014.425	_	_	_	_
317-0	TO041	317	317	0	infatti:	infatti	_	_	_	_	_	linguistic	_	none	_	Begin=1014.772	6x1	_	_	_
317-1	TO041	317	317	1	tipo	tipo	_	_	_	_	_	linguistic	_	none	_	_	_	_	_	_
317-2	TO041	317	317	2	l'	l'	_	_	_	_	_	linguistic	_	none	SpaceAfter=No	_	_	_	_	_
317-3	TO041	317	317	3	abbonamento	abbonamento	_	_	_	_	_	linguistic	_	none	_	_	_	_	_	_
317-4	TO041	317	317	4	mensile	mensile	_	_	_	_	_	linguistic	_	none	_	_	_	_	_	_
317-5	TO041	317	317	5	costava	costava	_	_	_	_	_	linguistic	_	none	_	_	_	_	_	_
317-6	TO041	317	317	6	sessanta	sessanta	_	_	_	_	_	linguistic	_	none	_	_	_	_	_	_
317-7	TO041	317	317	7	euro	euro	_	_	_	_	_	linguistic	_	none	_	_	_	_	_	_
317-8	TO041	317	317	8	e	e	_	_	_	_	_	linguistic	_	none	_	_	_	_	_	_
317-9	TO041	317	317	9	c'	c'	_	_	_	_	_	linguistic	_	none	SpaceAfter=No	_	_	_	_	_
317-10	TO041	317	317	10	erano:	erano	_	_	_	_	_	linguistic	_	none	_	End=1018.825	4x1	_	_	_
318-0	TO041	318	318	0	nel	nel	_	_	_	_	_	linguistic	_	none	_	Begin=1018.881	_	_	_	_
318-1	TO041	318	318	1	mio	mio	_	_	_	_	_	linguistic	_	none	_	_	_	_	_	_
318-2	TO041	318	318	2	paese	paese	_	_	_	_	_	linguistic	_	none	_	_	_	_	_	_
318-3	TO041	318	318	3	sol~	sol~	_	_	_	_	_	linguistic	_	none	Interrupted=Yes|PauseAfter=Yes	_	_	_	_	_
318-4	TO041	318	318	4	(.)	(.)	_	_	_	_	_	shortpause	_	none	_	_	_	_	_	_
318-5	TO041	318	318	5	per	per	_	_	_	_	_	linguistic	_	none	_	_	_	_	_	_
318-6	TO041	318	318	6	girare	girare	_	_	_	_	_	linguistic	_	none	_	_	_	_	_	_
318-7	TO041	318	318	7	nel	nel	_	_	_	_	_	linguistic	_	none	_	_	_	_	_	_
318-8	TO041	318	318	8	mio	mio	_	_	_	_	_	linguistic	_	none	_	_	_	_	_	_
318-9	TO041	318	318	9	paese	paese	_	_	_	_	_	linguistic	_	none	_	_	_	_	_	_
318-10	TO041	318	318	10	e	e	_	_	_	_	_	linguistic	_	none	_	_	_	_	_	_
318-11	TO041	318	318	11	cost~	cost~	_	_	_	_	_	linguistic	_	none	Interrupted=Yes	_	_	_	_	_
318-12	TO041	318	318	12	e:	e	_	_	_	_	_	linguistic	_	none	_	_	0x1	_	_	_
318-13	TO041	318	318	13	c'	c'	_	_	_	_	_	linguistic	_	none	SpaceAfter=No	_	_	_	_	_
318-14	TO041	318	318	14	erano	erano	_	_	_	_	_	linguistic	_	none	_	_	_	_	_	_
318-15	TO041	318	318	15	tipo:	tipo	_	_	_	_	_	linguistic	_	none	_	End=1023.963	3x1	_	_	_
319-0	TO041	319	319	0	circa	circa	_	_	_	_	_	linguistic	_	none	_	Begin=1024.193	_	_	_	_
319-1	TO041	319	319	1	tre	tre	_	_	_	_	_	linguistic	_	none	_	_	_	_	_	_
319-2	TO041	319	319	2	o	o	_	_	_	_	_	linguistic	_	none	_	_	_	_	_	_
319-3	TO041	319	319	3	quattro	quattro	_	_	_	_	_	linguistic	_	none	_	_	_	_	_	_
319-4	TO041	319	319	4	bus	bus	_	_	_	_	_	linguistic	_	none	_	_	_	_	_	_
319-5	TO041	319	319	5	al	al	_	_	_	_	_	linguistic	_	none	_	_	_	_	_	_
319-6	TO041	319	319	6	giorno.	giorno	_	_	_	_	_	linguistic	_	none	Intonation=Falling	End=1026.569	_	_	_	_
320-0	TO041	320	320	0	quindi,	quindi	_	_	_	_	_	linguistic	_	none	Intonation=WeaklyRising	Begin=1026.795|End=1027.449	_	_	_	_
321-0	TO041	321	321	0	significava	significava	_	_	_	_	_	linguistic	_	none	_	Begin=1028.296	_	_	_	_
321-1	TO041	321	321	1	che	che	_	_	_	_	_	linguistic	_	none	_	_	_	_	_	_
321-2	TO041	321	321	2	se	se	_	_	_	_	_	linguistic	_	none	_	_	_	_	_	_
321-3	TO041	321	321	3	tu	tu	_	_	_	_	_	linguistic	_	none	_	_	_	_	_	_
321-4	TO041	321	321	4	a[vevi],	avevi	_	_	_	_	_	linguistic	_	none	Intonation=WeaklyRising	End=1030.247	_	_	_	1-5(53)
322-0	TO055	322	322	0	[pochi]ssimi.	pochissimi	_	_	_	_	_	linguistic	_	none	Intonation=Falling	Begin=1029.786|End=1030.723	_	_	_	0-5(53)
323-0	TO041	323	323	0	ssì	ssì	_	_	_	_	_	linguistic	_	none	_	Begin=1030.723	_	_	_	_
323-1	TO041	323	323	1	cioè	cioè	_	_	_	_	_	linguistic	_	none	_	_	_	_	_	_
323-2	TO041	323	323	2	comunque	comunque	_	_	_	_	_	linguistic	_	none	_	_	_	_	_	_
323-3	TO041	323	323	3	ti:	ti	_	_	_	_	_	linguistic	_	none	_	_	1x1	_	_	_
323-4	TO041	323	323	4	ti	ti	_	_	_	_	_	linguistic	_	none	_	_	_	_	_	_
323-5	TO041	323	323	5	avrebbe	avrebbe	_	_	_	_	_	linguistic	_	none	_	_	_	_	_	_
323-6	TO041	323	323	6	port~	port~	_	_	_	_	_	linguistic	_	none	Interrupted=Yes	_	_	_	_	_
323-7	TO041	323	323	7	eh	eh	_	_	_	_	_	linguistic	_	none	_	_	_	_	_	_
323-8	TO041	323	323	8	avrebbe	avrebbe	_	_	_	_	_	linguistic	_	none	_	_	_	_	_	_
323-9	TO041	323	323	9	significato	significato	_	_	_	_	_	linguistic	_	none	_	_	_	_	_	_
323-10	TO041	323	323	10	perdere	perdere	_	_	_	_	_	linguistic	_	none	_	_	_	_	_	_
323-11	TO041	323	323	11	tantissimo	tantissimo	_	_	_	_	_	linguistic	_	none	_	_	_	_	_	_
323-12	TO041	323	323	12	tempo.	tempo	_	_	_	_	_	linguistic	_	none	Intonation=Falling	End=1035.723	_	_	_	_
324-0	TO041	324	324	0	lì:	lì	_	_	_	_	_	linguistic	_	none	_	Begin=1035.948	1x1	_	_	_
324-1	TO041	324	324	1	infatti	infatti	_	_	_	_	_	linguistic	_	none	_	_	_	_	_	_
324-2	TO041	324	324	2	il	il	_	_	_	_	_	linguistic	_	none	_	_	_	_	_	_
324-3	TO041	324	324	3	metodo,	metodo	_	_	_	_	_	linguistic	_	none	Intonation=WeaklyRising	End=1037.44	_	_	_	_
325-0	TO041	325	325	0	il	il	_	_	_	_	_	linguistic	_	none	_	Begin=1037.973	_	_	_	_
325-1	TO041	325	325	1	mezzo	mezzo	_	_	_	_	_	linguistic	_	none	_	_	_	_	_	_
325-2	TO041	325	325	2	di:	di	_	_	_	_	_	linguistic	_	none	_	End=1039.502	1x1	_	_	_
326-0	TO041	326	326	0	°sp~°	sp~	_	_	_	_	_	linguistic	_	none	Interrupted=Yes|Volume=low	Begin=1039.952	_	_	_	_
326-1	TO041	326	326	1	eh	eh	_	_	_	_	_	linguistic	_	none	_	_	_	_	_	_
326-2	TO041	326	326	2	trasporto	trasporto	_	_	_	_	_	linguistic	_	none	_	_	_	_	_	_
326-3	TO041	326	326	3	più	più	_	_	_	_	_	linguistic	_	none	_	_	_	_	_	_
326-4	TO041	326	326	4	utilizzato	utilizzato	_	_	_	_	_	linguistic	_	none	_	_	_	_	_	_
326-5	TO041	326	326	5	dagli	dagli	_	_	_	_	_	linguistic	_	none	_	_	_	_	_	_
326-6	TO041	326	326	6	studenti	studenti	_	_	_	_	_	linguistic	_	none	_	_	_	_	_	_
326-7	TO041	326	326	7	>ma	ma	_	_	_	_	_	linguistic	_	none	_	_	_	Fast=0-2(0)	_	_
326-8	TO041	326	326	8	anche	anche	_	_	_	_	_	linguistic	_	none	_	_	_	Fast=0-5(0)	_	_
326-9	TO041	326	326	9	dal	dal	_	_	_	_	_	linguistic	_	none	_	_	_	Fast=0-3(0)	_	_
326-10	TO041	326	326	10	resto	resto	_	_	_	_	_	linguistic	_	none	_	_	_	Fast=0-5(0)	_	_
326-11	TO041	326	326	11	delle	delle	_	_	_	_	_	linguistic	_	none	_	_	_	Fast=0-5(0)	_	_
326-12	TO041	326	326	12	persone<	persone	_	_	_	_	_	linguistic	_	none	_	_	_	Fast=0-7(0)	_	_
326-13	TO041	326	326	13	che	che	_	_	_	_	_	linguistic	_	none	_	_	_	_	_	_
326-14	TO041	326	326	14	non	non	_	_	_	_	_	linguistic	_	none	_	_	_	_	_	_
326-15	TO041	326	326	15	erano	erano	_	_	_	_	_	linguistic	_	none	_	_	_	_	_	_
326-16	TO041	326	326	16	automunite	automunite	_	_	_	_	_	linguistic	_	none	_	_	_	_	_	_
326-17	TO041	326	326	17	è	è	_	_	_	_	_	linguistic	_	none	_	_	_	_	_	_
326-18	TO041	326	326	18	la	la	_	_	_	_	_	linguistic	_	none	_	_	_	_	_	_
326-19	TO041	326	326	19	bicicletta.	bicicletta	_	_	_	_	_	linguistic	_	none	Intonation=Falling	End=1047.155	_	_	_	_
327-0	TO041	327	327	0	e	e	_	_	_	_	_	linguistic	_	none	_	Begin=1047.704	_	_	_	_
327-1	TO041	327	327	1	io,	io	_	_	_	_	_	linguistic	_	none	Intonation=WeaklyRising	End=1048.31	_	_	_	_
328-0	TO041	328	328	0	al[l'	all'	_	_	_	_	_	linguistic	_	none	SpaceAfter=No	Begin=1048.51	_	_	_	2-4(54)
328-1	TO041	328	328	1	inizio],	inizio	_	_	_	_	_	linguistic	_	none	Intonation=WeaklyRising	End=1049.474	_	_	_	0-6(54)
329-0	TO055	329	329	0	[anche	anche	_	_	_	_	_	linguistic	_	none	_	Begin=1048.589	_	_	_	0-5(54)
329-1	TO055	329	329	1	con	con	_	_	_	_	_	linguistic	_	none	_	_	_	_	_	0-3(54)
329-2	TO055	329	329	2	il	il	_	_	_	_	_	linguistic	_	none	_	_	_	_	_	0-2(54)
329-3	TO055	329	329	3	fr]ed[do]?	freddo	_	_	_	_	_	linguistic	_	none	Intonation=Rising	End=1049.791	_	_	_	0-2(54),4-6(55)
330-0	TO041	330	330	0	[sì	sì	_	_	_	_	_	linguistic	_	none	_	Begin=1049.603	_	_	_	0-2(55)
330-1	TO041	330	330	1	s]ì.	sì	_	_	_	_	_	linguistic	_	none	Intonation=Falling	_	_	_	_	0-1(55)
330-2	TO041	330	330	2	io	io	_	_	_	_	_	linguistic	_	none	_	_	_	_	_	_
330-3	TO041	330	330	3	all'	all'	_	_	_	_	_	linguistic	_	none	SpaceAfter=No	_	_	_	_	_
330-4	TO041	330	330	4	inizio	inizio	_	_	_	_	_	linguistic	_	none	_	_	_	_	_	_
330-5	TO041	330	330	5	credevo	credevo	_	_	_	_	_	linguistic	_	none	_	_	_	_	_	_
330-6	TO041	330	330	6	sì	sì	_	_	_	_	_	linguistic	_	none	_	_	_	_	_	_
330-7	TO041	330	330	7	la	la	_	_	_	_	_	linguistic	_	none	_	_	_	_	_	_
330-8	TO041	330	330	8	userò	userò	_	_	_	_	_	linguistic	_	none	_	_	_	_	_	_
330-9	TO041	330	330	9	un	un	_	_	_	_	_	linguistic	_	none	_	_	_	_	_	_
330-10	TO041	330	330	10	mesetto	mesetto	_	_	_	_	_	linguistic	_	none	_	_	_	_	_	_
330-11	TO041	330	330	11	o	o	_	_	_	_	_	linguistic	_	none	_	_	_	_	_	_
330-12	TO041	330	330	12	due	due	_	_	_	_	_	linguistic	_	none	_	_	_	_	_	_
330-13	TO041	330	330	13	poi	poi	_	_	_	_	_	linguistic	_	none	_	_	_	_	_	_
330-14	TO041	330	330	14	e	e	_	_	_	_	_	linguistic	_	none	_	_	_	_	_	_
330-15	TO041	330	330	15	alla	alla	_	_	_	_	_	linguistic	_	none	_	_	_	_	_	_
330-16	TO041	330	330	16	fine	fine	_	_	_	_	_	linguistic	_	none	_	_	_	_	_	_
330-17	TO041	330	330	17	però	però	_	_	_	_	_	linguistic	_	none	_	_	_	_	_	_
330-18	TO041	330	330	18	l'	l'	_	_	_	_	_	linguistic	_	none	SpaceAfter=No	_	_	_	_	_
330-19	TO041	330	330	19	ho	ho	_	_	_	_	_	linguistic	_	none	_	_	_	_	_	_
330-20	TO041	330	330	20	usata	usata	_	_	_	_	_	linguistic	_	none	_	_	_	_	_	_
330-21	TO041	330	330	21	tutto	tutto	_	_	_	_	_	linguistic	_	none	_	_	_	_	_	_
330-22	TO041	330	330	22	il	il	_	_	_	_	_	linguistic	_	none	_	_	_	_	_	_
330-23	TO041	330	330	23	tempo	tempo	_	_	_	_	_	linguistic	_	none	_	_	_	_	_	_
330-24	TO041	330	330	24	anche	anche	_	_	_	_	_	linguistic	_	none	_	_	_	_	_	_
330-25	TO041	330	330	25	con	con	_	_	_	_	_	linguistic	_	none	_	_	_	_	_	_
330-26	TO041	330	330	26	quando	quando	_	_	_	_	_	linguistic	_	none	_	_	_	_	_	_
330-27	TO041	330	330	27	c'	c'	_	_	_	_	_	linguistic	_	none	SpaceAfter=No	_	_	_	_	_
330-28	TO041	330	330	28	era	era	_	_	_	_	_	linguistic	_	none	_	_	_	_	_	_
330-29	TO041	330	330	29	la	la	_	_	_	_	_	linguistic	_	none	_	_	_	_	_	_
330-30	TO041	330	330	30	neve:	neve	_	_	_	_	_	linguistic	_	none	_	_	3x1	_	_	_
330-31	TO041	330	330	31	e	e	_	_	_	_	_	linguistic	_	none	_	_	_	_	_	_
330-32	TO041	330	330	32	tipo:	tipo	_	_	_	_	_	linguistic	_	none	_	End=1057.532	3x1	_	_	_
331-0	TO041	331	331	0	trenta	trenta	_	_	_	_	_	linguistic	_	none	_	Begin=1058.084	_	_	_	_
331-1	TO041	331	331	1	centimetri	centimetri	_	_	_	_	_	linguistic	_	none	_	_	_	_	_	_
331-2	TO041	331	331	2	di	di	_	_	_	_	_	linguistic	_	none	_	_	_	_	_	_
331-3	TO041	331	331	3	neve	neve	_	_	_	_	_	linguistic	_	none	_	_	_	_	_	_
331-4	TO041	331	331	4	ma	ma	_	_	_	_	_	linguistic	_	none	_	_	_	_	_	_
331-5	TO041	331	331	5	lì	lì	_	_	_	_	_	linguistic	_	none	_	_	_	_	_	_
331-6	TO041	331	331	6	è	è	_	_	_	_	_	linguistic	_	none	_	_	_	_	_	_
331-7	TO041	331	331	7	sicuro	sicuro	_	_	_	_	_	linguistic	_	none	_	_	_	_	_	_
331-8	TO041	331	331	8	perché	perché	_	_	_	_	_	linguistic	_	none	_	_	_	_	_	_
331-9	TO041	331	331	9	battono	battono	_	_	_	_	_	linguistic	_	none	_	_	_	_	_	_
331-10	TO041	331	331	10	le	le	_	_	_	_	_	linguistic	_	none	_	_	_	_	_	_
331-11	TO041	331	331	11	strad~	strad~	_	_	_	_	_	linguistic	_	none	Interrupted=Yes	_	_	_	_	_
331-12	TO041	331	331	12	l~	l~	_	_	_	_	_	linguistic	_	none	Interrupted=Yes	_	_	_	_	_
331-13	TO041	331	331	13	anche	anche	_	_	_	_	_	linguistic	_	none	_	_	_	_	_	_
331-14	TO041	331	331	14	cioè	cioè	_	_	_	_	_	linguistic	_	none	_	_	_	_	_	_
331-15	TO041	331	331	15	c'	c'	_	_	_	_	_	linguistic	_	none	SpaceAfter=No	_	_	_	_	_
331-16	TO041	331	331	16	è	è	_	_	_	_	_	linguistic	_	none	_	_	_	_	_	_
331-17	TO041	331	331	17	sempre	sempre	_	_	_	_	_	linguistic	_	none	_	_	_	_	_	_
331-18	TO041	331	331	18	una	una	_	_	_	_	_	linguistic	_	none	_	_	_	_	_	_
331-19	TO041	331	331	19	pista	pista	_	_	_	_	_	linguistic	_	none	_	_	_	_	_	_
331-20	TO041	331	331	20	ciclabile,	ciclabile	_	_	_	_	_	linguistic	_	none	Intonation=WeaklyRising	End=1064.449	_	_	_	_
332-0	TO041	332	332	0	<proprio	proprio	_	_	_	_	_	linguistic	_	none	PauseAfter=Yes	Begin=1065.175	_	Slow=0-7(0)	_	_
332-1	TO041	332	332	1	(.)	(.)	_	_	_	_	_	shortpause	_	none	_	_	_	_	_	_
332-2	TO041	332	332	2	staccata>	staccata	_	_	_	_	_	linguistic	_	none	_	_	_	Slow=0-8(0)	_	_
332-3	TO041	332	332	3	dalla	dalla	_	_	_	_	_	linguistic	_	none	_	_	_	_	_	_
332-4	TO041	332	332	4	st~	st~	_	_	_	_	_	linguistic	_	none	Interrupted=Yes	_	_	_	_	_
332-5	TO041	332	332	5	rispetto	rispetto	_	_	_	_	_	linguistic	_	none	_	_	_	_	_	_
332-6	TO041	332	332	6	alla	alla	_	_	_	_	_	linguistic	_	none	_	_	_	_	_	_
332-7	TO041	332	332	7	strada,	strada	_	_	_	_	_	linguistic	_	none	Intonation=WeaklyRising	End=1068.416	_	_	_	_
333-0	TO041	333	333	0	e:h	eh	_	_	_	_	_	linguistic	_	none	_	Begin=1068.896	0x1	_	_	_
333-1	TO041	333	333	1	è	è	_	_	_	_	_	linguistic	_	none	_	_	_	_	_	_
333-2	TO041	333	333	2	sempre	sempre	_	_	_	_	_	linguistic	_	none	_	_	_	_	_	_
333-3	TO041	333	333	3	battuta.	battuta	_	_	_	_	_	linguistic	_	none	Intonation=Falling	End=1070.835	_	_	_	_
334-0	TO055	334	334	0	ah.	ah	_	_	_	_	_	linguistic	_	none	Intonation=Falling	Begin=1071.462|End=1071.809	_	_	_	_
335-0	TO055	335	335	0	ma	ma	_	_	_	_	_	linguistic	_	none	_	Begin=1072.195	_	_	_	_
335-1	TO055	335	335	1	d[ai].	dai	_	_	_	_	_	linguistic	_	none	Intonation=Falling	End=1072.62	_	_	_	1-3(56)
336-0	TO041	336	336	0	[sì]	sì	_	_	_	_	_	linguistic	_	none	_	Begin=1072.451	_	_	_	0-2(56)
336-1	TO041	336	336	1	è	è	_	_	_	_	_	linguistic	_	none	_	_	_	_	_	_
336-2	TO041	336	336	2	anche	anche	_	_	_	_	_	linguistic	_	none	_	_	_	_	_	_
336-3	TO041	336	336	3	più	più	_	_	_	_	_	linguistic	_	none	_	_	_	_	_	_
336-4	TO041	336	336	4	facile	facile	_	_	_	_	_	linguistic	_	none	_	_	_	_	_	_
336-5	TO041	336	336	5	[tenerl(a)	tenerla	_	_	_	_	_	linguistic	_	none	_	_	_	_	6-7(0)	0-7(57)
336-6	TO041	336	336	6	ri]spetto	rispetto	_	_	_	_	_	linguistic	_	none	_	_	_	_	_	0-2(57)
336-7	TO041	336	336	7	che	che	_	_	_	_	_	linguistic	_	none	_	_	_	_	_	_
336-8	TO041	336	336	8	non	non	_	_	_	_	_	linguistic	_	none	_	_	_	_	_	_
336-9	TO041	336	336	9	da	da	_	_	_	_	_	linguistic	_	none	_	_	_	_	_	_
336-10	TO041	336	336	10	noi	noi	_	_	_	_	_	linguistic	_	none	_	_	_	_	_	_
336-11	TO041	336	336	11	che	che	_	_	_	_	_	linguistic	_	none	_	_	_	_	_	_
336-12	TO041	336	336	12	non	non	_	_	_	_	_	linguistic	_	none	_	_	_	_	_	_
336-13	TO041	336	336	13	qu:i	qui	_	_	_	_	_	linguistic	_	none	_	_	1x1	_	_	_
336-14	TO041	336	336	14	perché,	perché	_	_	_	_	_	linguistic	_	none	Intonation=WeaklyRising	End=1077.0	_	_	_	_
337-0	TO055	337	337	0	[eh	eh	_	_	_	_	_	linguistic	_	none	_	Begin=1073.623	_	_	_	0-2(57)
337-1	TO055	337	337	1	sì].	sì	_	_	_	_	_	linguistic	_	none	Intonation=Falling	End=1074.262	_	_	_	0-2(57)
338-0	TO041	338	338	0	a	a	_	_	_	_	_	linguistic	_	none	_	Begin=1077.349	_	_	_	_
338-1	TO041	338	338	1	differenza	differenza	_	_	_	_	_	linguistic	_	none	_	_	_	_	_	_
338-2	TO041	338	338	2	di	di	_	_	_	_	_	linguistic	_	none	_	_	_	_	_	_
338-3	TO041	338	338	3	quanto	quanto	_	_	_	_	_	linguistic	_	none	_	_	_	_	_	_
338-4	TO041	338	338	4	si	si	_	_	_	_	_	linguistic	_	none	_	_	_	_	_	_
338-5	TO041	338	338	5	potrebbe	potrebbe	_	_	_	_	_	linguistic	_	none	_	_	_	_	_	_
338-6	TO041	338	338	6	pensare	pensare	_	_	_	_	_	linguistic	_	none	_	_	_	_	_	_
338-7	TO041	338	338	7	in	in	_	_	_	_	_	linguistic	_	none	_	_	_	_	_	_
338-8	TO041	338	338	8	finlandia	finlandia	_	_	_	_	_	linguistic	_	none	_	_	_	_	_	_
338-9	TO041	338	338	9	nevica	nevica	_	_	_	_	_	linguistic	_	none	_	_	_	_	_	_
338-10	TO041	338	338	10	molto	molto	_	_	_	_	_	linguistic	_	none	_	_	_	_	_	_
338-11	TO041	338	338	11	meno	meno	_	_	_	_	_	linguistic	_	none	_	_	_	_	_	_
338-12	TO041	338	338	12	che	che	_	_	_	_	_	linguistic	_	none	_	_	_	_	_	_
338-13	TO041	338	338	13	non	non	_	_	_	_	_	linguistic	_	none	_	_	_	_	_	_
338-14	TO041	338	338	14	qua.	qua	_	_	_	_	_	linguistic	_	none	Intonation=Falling	End=1082.018	_	_	_	_
339-0	TO041	339	339	0	e:	e	_	_	_	_	_	linguistic	_	none	_	Begin=1082.733|End=1083.089	0x1	_	_	_
340-0	TO041	340	340	0	e:h	eh	_	_	_	_	_	linguistic	_	none	_	Begin=1083.316	0x1	_	_	_
340-1	TO041	340	340	1	soprattutto,	soprattutto	_	_	_	_	_	linguistic	_	none	Intonation=WeaklyRising	End=1084.84	_	_	_	_
341-0	TO041	341	341	0	perché	perché	_	_	_	_	_	linguistic	_	none	_	Begin=1085.444	_	_	_	_
341-1	TO041	341	341	1	qui	qui	_	_	_	_	_	linguistic	_	none	PauseAfter=Yes	_	_	_	_	_
341-2	TO041	341	341	2	(.)	(.)	_	_	_	_	_	shortpause	_	none	_	_	_	_	_	_
341-3	TO041	341	341	3	sì	sì	_	_	_	_	_	linguistic	_	none	_	_	_	_	_	_
341-4	TO041	341	341	4	poi	poi	_	_	_	_	_	linguistic	_	none	_	_	_	_	_	_
341-5	TO041	341	341	5	là	là	_	_	_	_	_	linguistic	_	none	_	_	_	_	_	_
341-6	TO041	341	341	6	essendo	essendo	_	_	_	_	_	linguistic	_	none	_	_	_	_	_	_
341-7	TO041	341	341	7	che	che	_	_	_	_	_	linguistic	_	none	_	_	_	_	_	_
341-8	TO041	341	341	8	la	la	_	_	_	_	_	linguistic	_	none	_	_	_	_	_	_
341-9	TO041	341	341	9	tem~	tem~	_	_	_	_	_	linguistic	_	none	Interrupted=Yes	_	_	_	_	_
341-10	TO041	341	341	10	le	le	_	_	_	_	_	linguistic	_	none	_	_	_	_	_	_
341-11	TO041	341	341	11	temperature	temperature	_	_	_	_	_	linguistic	_	none	_	_	_	_	_	_
341-12	TO041	341	341	12	son	son	_	_	_	_	_	linguistic	_	none	_	_	_	_	_	_
341-13	TO041	341	341	13	molto	molto	_	_	_	_	_	linguistic	_	none	_	_	_	_	_	_
341-14	TO041	341	341	14	più	più	_	_	_	_	_	linguistic	_	none	_	_	_	_	_	_
341-15	TO041	341	341	15	basse	basse	_	_	_	_	_	linguistic	_	none	_	_	_	_	_	_
341-16	TO041	341	341	16	tipo	tipo	_	_	_	_	_	linguistic	_	none	_	_	_	_	_	_
341-17	TO041	341	341	17	meno	meno	_	_	_	_	_	linguistic	_	none	_	_	_	_	_	_
341-18	TO041	341	341	18	venti	venti	_	_	_	_	_	linguistic	_	none	_	_	_	_	_	_
341-19	TO041	341	341	19	anche	anche	_	_	_	_	_	linguistic	_	none	_	_	_	_	_	_
341-20	TO041	341	341	20	d'	d'	_	_	_	_	_	linguistic	_	none	SpaceAfter=No	_	_	_	_	_
341-21	TO041	341	341	21	inverno,	inverno	_	_	_	_	_	linguistic	_	none	Intonation=WeaklyRising	End=1092.825	_	_	_	_
342-0	TO041	342	342	0	e::h	eh	_	_	_	_	_	linguistic	_	none	ProsodicLink=Yes	Begin=1093.442	0x2	_	_	_
342-1	TO041	342	342	1	mh	mh	_	_	_	_	_	linguistic	_	none	_	End=1094.836	_	_	_	_
343-0	TO041	343	343	0	nevica	nevica	_	_	_	_	_	linguistic	_	none	_	Begin=1095.259	_	_	_	_
343-1	TO041	343	343	1	poco	poco	_	_	_	_	_	linguistic	_	none	_	_	_	_	_	_
343-2	TO041	343	343	2	<e	e	_	_	_	_	_	linguistic	_	none	_	_	_	Slow=0-1(0)	_	_
343-3	TO041	343	343	3	quindi>	quindi	_	_	_	_	_	linguistic	_	none	_	_	_	Slow=0-6(0)	_	_
343-4	TO041	343	343	4	cioè	cioè	_	_	_	_	_	linguistic	_	none	_	_	_	_	_	_
343-5	TO041	343	343	5	quel	quel	_	_	_	_	_	linguistic	_	none	_	_	_	_	_	_
343-6	TO041	343	343	6	poco	poco	_	_	_	_	_	linguistic	_	none	_	_	_	_	_	_
343-7	TO041	343	343	7	che	che	_	_	_	_	_	linguistic	_	none	_	_	_	_	_	_
343-8	TO041	343	343	8	nevica,	nevica	_	_	_	_	_	linguistic	_	none	Intonation=WeaklyRising	End=1099.242	_	_	_	_
344-0	TO041	344	344	0	si	si	_	_	_	_	_	linguistic	_	none	_	Begin=1099.461	_	_	_	_
344-1	TO041	344	344	1	accumula	accumula	_	_	_	_	_	linguistic	_	none	_	_	_	_	_	_
344-2	TO041	344	344	2	sempre	sempre	_	_	_	_	_	linguistic	_	none	_	_	_	_	_	_
344-3	TO041	344	344	3	e	e	_	_	_	_	_	linguistic	_	none	_	_	_	_	_	_
344-4	TO041	344	344	4	quindi	quindi	_	_	_	_	_	linguistic	_	none	_	_	_	_	_	_
344-5	TO041	344	344	5	comunque	comunque	_	_	_	_	_	linguistic	_	none	_	_	_	_	_	_
344-6	TO041	344	344	6	c'	c'	_	_	_	_	_	linguistic	_	none	SpaceAfter=No	_	_	_	_	_
344-7	TO041	344	344	7	è	è	_	_	_	_	_	linguistic	_	none	_	_	_	_	_	_
344-8	TO041	344	344	8	semp[re	sempre	_	_	_	_	_	linguistic	_	none	_	_	_	_	_	3-6(58)
344-9	TO041	344	344	9	neve].	neve	_	_	_	_	_	linguistic	_	none	Intonation=Falling	End=1102.486	_	_	_	0-4(58)
345-0	TO055	345	345	0	[certo].	certo	_	_	_	_	_	linguistic	_	none	Intonation=Falling	Begin=1101.862|End=1102.486	_	_	_	0-5(58)
346-0	TO041	346	346	0	invece	invece	_	_	_	_	_	linguistic	_	none	_	Begin=1102.588	_	_	_	_
346-1	TO041	346	346	1	qua	qua	_	_	_	_	_	linguistic	_	none	_	_	_	_	_	_
346-2	TO041	346	346	2	magari	magari	_	_	_	_	_	linguistic	_	none	PauseAfter=Yes	_	_	_	_	_
346-3	TO041	346	346	3	(.)	(.)	_	_	_	_	_	shortpause	_	none	_	_	_	_	_	_
346-4	TO041	346	346	4	nevica	nevica	_	_	_	_	_	linguistic	_	none	_	_	_	_	_	_
346-5	TO041	346	346	5	una	una	_	_	_	_	_	linguistic	_	none	_	_	_	_	_	_
346-6	TO041	346	346	6	volta	volta	_	_	_	_	_	linguistic	_	none	_	_	_	_	_	_
346-7	TO041	346	346	7	mezzo	mezzo	_	_	_	_	_	linguistic	_	none	_	_	_	_	_	_
346-8	TO041	346	346	8	metro	metro	_	_	_	_	_	linguistic	_	none	_	_	_	_	_	_
346-9	TO041	346	346	9	e	e	_	_	_	_	_	linguistic	_	none	_	_	_	_	_	_
346-10	TO041	346	346	10	poi:	poi	_	_	_	_	_	linguistic	_	none	_	_	2x1	_	_	_
346-11	TO041	346	346	11	si	si	_	_	_	_	_	linguistic	_	none	_	_	_	_	_	_
346-12	TO041	346	346	12	scioglie	scioglie	_	_	_	_	_	linguistic	_	none	_	_	_	_	_	_
346-13	TO041	346	346	13	in	in	_	_	_	_	_	linguistic	_	none	_	_	_	_	_	_
346-14	TO041	346	346	14	due	due	_	_	_	_	_	linguistic	_	none	_	_	_	_	_	_
346-15	TO041	346	346	15	giorni	giorni	_	_	_	_	_	linguistic	_	none	_	_	_	_	_	_
346-16	TO041	346	346	16	però	però	_	_	_	_	_	linguistic	_	none	_	_	_	_	_	_
346-17	TO041	346	346	17	comunque,	comunque	_	_	_	_	_	linguistic	_	none	Intonation=WeaklyRising	End=1108.44	_	_	_	_
347-0	TO041	347	347	0	in	in	_	_	_	_	_	linguistic	_	none	_	Begin=1108.716	_	_	_	_
347-1	TO041	347	347	1	finlandia	finlandia	_	_	_	_	_	linguistic	_	none	_	_	_	_	_	_
347-2	TO041	347	347	2	è	è	_	_	_	_	_	linguistic	_	none	_	_	_	_	_	_
347-3	TO041	347	347	3	raro	raro	_	_	_	_	_	linguistic	_	none	_	_	_	_	_	_
347-4	TO041	347	347	4	che	che	_	_	_	_	_	linguistic	_	none	_	_	_	_	_	_
347-5	TO041	347	347	5	nevichi	nevichi	_	_	_	_	_	linguistic	_	none	_	_	_	_	_	_
347-6	TO041	347	347	6	mezzo	mezzo	_	_	_	_	_	linguistic	_	none	_	_	_	_	_	_
347-7	TO041	347	347	7	metro	metro	_	_	_	_	_	linguistic	_	none	_	_	_	_	_	_
347-8	TO041	347	347	8	tutto	tutto	_	_	_	_	_	linguistic	_	none	_	_	_	_	_	_
347-9	TO041	347	347	9	di	di	_	_	_	_	_	linguistic	_	none	_	_	_	_	_	_
347-10	TO041	347	347	10	un	un	_	_	_	_	_	linguistic	_	none	_	_	_	_	_	_
347-11	TO041	347	347	11	colpo.	colpo	_	_	_	_	_	linguistic	_	none	Intonation=Falling	End=1112.616	_	_	_	_
348-0	TO055	348	348	0	e	e	_	_	_	_	_	linguistic	_	none	_	Begin=1112.988	_	_	_	_
348-1	TO055	348	348	1	qual	qual	_	_	_	_	_	linguistic	_	none	_	_	_	_	_	_
348-2	TO055	348	348	2	è	è	_	_	_	_	_	linguistic	_	none	_	_	_	_	_	_
348-3	TO055	348	348	3	la	la	_	_	_	_	_	linguistic	_	none	_	_	_	_	_	_
348-4	TO055	348	348	4	differenza::	differenza	_	_	_	_	_	linguistic	_	none	_	End=1115.247	9x2	_	_	_
349-0	TO055	349	349	0	più	più	_	_	_	_	_	linguistic	_	none	_	Begin=1115.484	_	_	_	_
349-1	TO055	349	349	1	grande	grande	_	_	_	_	_	linguistic	_	none	_	_	_	_	_	_
349-2	TO055	349	349	2	alla	alla	_	_	_	_	_	linguistic	_	none	_	_	_	_	_	_
349-3	TO055	349	349	3	quale	quale	_	_	_	_	_	linguistic	_	none	_	_	_	_	_	_
349-4	TO055	349	349	4	ti	ti	_	_	_	_	_	linguistic	_	none	_	_	_	_	_	_
349-5	TO055	349	349	5	sei	sei	_	_	_	_	_	linguistic	_	none	_	_	_	_	_	_
349-6	TO055	349	349	6	dovuta	dovuta	_	_	_	_	_	linguistic	_	none	_	_	_	_	_	_
349-7	TO055	349	349	7	adattare?	adattare	_	_	_	_	_	linguistic	_	none	Intonation=Rising	End=1117.784	_	_	_	_
350-0	TO041	350	350	0	be:h	beh	_	_	_	_	_	linguistic	_	none	_	Begin=1119.717|End=1120.351	1x1	_	_	_
351-0	TO041	351	351	0	io::,	io	_	_	_	_	_	linguistic	_	none	Intonation=WeaklyRising	Begin=1121.301|End=1122.486	1x2	_	_	_
352-0	TO041	352	352	0	ho	ho	_	_	_	_	_	linguistic	_	none	_	Begin=1123.582	_	_	_	_
352-1	TO041	352	352	1	fatto,	fatto	_	_	_	_	_	linguistic	_	none	Intonation=WeaklyRising	End=1124.467	_	_	_	_
353-0	TO041	353	353	0	molta	molta	_	_	_	_	_	linguistic	_	none	_	Begin=1125.203	_	_	_	_
353-1	TO041	353	353	1	difficoltà,	difficoltà	_	_	_	_	_	linguistic	_	none	Intonation=WeaklyRising	End=1126.83	_	_	_	_
354-0	TO041	354	354	0	ad	ad	_	_	_	_	_	linguistic	_	none	_	Begin=1127.908	_	_	_	_
354-1	TO041	354	354	1	adattarmi,	adattarmi	_	_	_	_	_	linguistic	_	none	Intonation=WeaklyRising	End=1129.403	_	_	_	_
355-0	TO041	355	355	0	proprio	proprio	_	_	_	_	_	linguistic	_	none	_	Begin=1129.92	_	_	_	_
355-1	TO041	355	355	1	al	al	_	_	_	_	_	linguistic	_	none	_	_	_	_	_	_
355-2	TO041	355	355	2	<comportamento>	comportamento	_	_	_	_	_	linguistic	_	none	_	_	_	Slow=0-13(0)	_	_
355-3	TO041	355	355	3	>delle	delle	_	_	_	_	_	linguistic	_	none	_	_	_	Fast=0-5(0)	_	_
355-4	TO041	355	355	4	pe[rsone<].	persone	_	_	_	_	_	linguistic	_	none	Intonation=Falling	End=1132.779	_	Fast=0-7(0)	_	2-7(59)
356-0	TO055	356	356	0	[okay].	okay	_	_	_	_	_	linguistic	_	none	Intonation=Falling	Begin=1132.133|End=1132.777	_	_	_	0-4(59)
357-0	TO041	357	357	0	perché	perché	_	_	_	_	_	linguistic	_	none	_	Begin=1133.056	_	_	_	_
357-1	TO041	357	357	1	non	non	_	_	_	_	_	linguistic	_	none	_	_	_	_	_	_
357-2	TO041	357	357	2	sapevo	sapevo	_	_	_	_	_	linguistic	_	none	_	_	_	_	_	_
357-3	TO041	357	357	3	come	come	_	_	_	_	_	linguistic	_	none	_	_	_	_	_	_
357-4	TO041	357	357	4	prenderle	prenderle	_	_	_	_	_	linguistic	_	none	_	_	_	_	_	_
357-5	TO041	357	357	5	all'	all'	_	_	_	_	_	linguistic	_	none	SpaceAfter=No	_	_	_	_	_
357-6	TO041	357	357	6	inizio	inizio	_	_	_	_	_	linguistic	_	none	_	_	_	_	_	_
357-7	TO041	357	357	7	mi	mi	_	_	_	_	_	linguistic	_	none	_	_	_	_	_	_
357-8	TO041	357	357	8	sembravano::	sembravano	_	_	_	_	_	linguistic	_	none	PauseAfter=Yes	_	9x2	_	_	_
357-9	TO041	357	357	9	(.)	(.)	_	_	_	_	_	shortpause	_	none	_	_	_	_	_	_
357-10	TO041	357	357	10	proprio:	proprio	_	_	_	_	_	linguistic	_	none	_	_	6x1	_	_	_
357-11	TO041	357	357	11	degli	degli	_	_	_	_	_	linguistic	_	none	_	_	_	_	_	_
357-12	TO041	357	357	12	alieni	alieni	_	_	_	_	_	linguistic	_	none	_	_	_	_	_	_
357-13	TO041	357	357	13	nel	nel	_	_	_	_	_	linguistic	_	none	_	_	_	_	_	_
357-14	TO041	357	357	14	senso	senso	_	_	_	_	_	linguistic	_	none	_	_	_	_	_	_
357-15	TO041	357	357	15	che:	che	_	_	_	_	_	linguistic	_	none	_	_	2x1	_	_	_
357-16	TO041	357	357	16	ogni	ogni	_	_	_	_	_	linguistic	_	none	_	_	_	_	_	_
357-17	TO041	357	357	17	cosa	cosa	_	_	_	_	_	linguistic	_	none	_	_	_	_	_	_
357-18	TO041	357	357	18	che	che	_	_	_	_	_	linguistic	_	none	_	_	_	_	_	_
357-19	TO041	357	357	19	non	non	_	_	_	_	_	linguistic	_	none	_	_	_	_	_	_
357-20	TO041	357	357	20	sapevo	sapevo	_	_	_	_	_	linguistic	_	none	_	_	_	_	_	_
357-21	TO041	357	357	21	proprio	proprio	_	_	_	_	_	linguistic	_	none	PauseAfter=Yes	_	_	_	_	_
357-22	TO041	357	357	22	(.)	(.)	_	_	_	_	_	shortpause	_	none	_	_	_	_	_	_
357-23	TO041	357	357	23	quali	quali	_	_	_	_	_	linguistic	_	none	_	_	_	_	_	_
357-24	TO041	357	357	24	comportamenti	comportamenti	_	_	_	_	_	linguistic	_	none	_	_	_	_	_	_
357-25	TO041	357	357	25	adottare	adottare	_	_	_	_	_	linguistic	_	none	_	_	_	_	_	_
357-26	TO041	357	357	26	o	o	_	_	_	_	_	linguistic	_	none	_	_	_	_	_	_
357-27	TO041	357	357	27	cosa	cosa	_	_	_	_	_	linguistic	_	none	_	_	_	_	_	_
357-28	TO041	357	357	28	fare	fare	_	_	_	_	_	linguistic	_	none	_	_	_	_	_	_
357-29	TO041	357	357	29	per	per	_	_	_	_	_	linguistic	_	none	_	_	_	_	_	_
357-30	TO041	357	357	30	non	non	_	_	_	_	_	linguistic	_	none	_	_	_	_	_	_
357-31	TO041	357	357	31	sembrare,	sembrare	_	_	_	_	_	linguistic	_	none	Intonation=WeaklyRising	End=1145.212	_	_	_	_
358-0	TO041	358	358	0	maleducata	maleducata	_	_	_	_	_	linguistic	_	none	_	Begin=1145.315	_	_	_	_
358-1	TO041	358	358	1	o:,	o	_	_	_	_	_	linguistic	_	none	Intonation=WeaklyRising	End=1146.744	0x1	_	_	_
359-0	TO041	359	359	0	però	però	_	_	_	_	_	linguistic	_	none	_	Begin=1146.901	_	_	_	_
359-1	TO041	359	359	1	una	una	_	_	_	_	_	linguistic	_	none	_	_	_	_	_	_
359-2	TO041	359	359	2	volta	volta	_	_	_	_	_	linguistic	_	none	_	_	_	_	_	_
359-3	TO041	359	359	3	che	che	_	_	_	_	_	linguistic	_	none	_	_	_	_	_	_
359-4	TO041	359	359	4	entri	entri	_	_	_	_	_	linguistic	_	none	_	_	_	_	_	_
359-5	TO041	359	359	5	nella	nella	_	_	_	_	_	linguistic	_	none	_	_	_	_	_	_
359-6	TO041	359	359	6	loro	loro	_	_	_	_	_	linguistic	_	none	_	_	_	_	_	_
359-7	TO041	359	359	7	nella	nella	_	_	_	_	_	linguistic	_	none	_	_	_	_	_	_
359-8	TO041	359	359	8	loro	loro	_	_	_	_	_	linguistic	_	none	_	_	_	_	_	_
359-9	TO041	359	359	9	<ottica>	ottica	_	_	_	_	_	linguistic	_	none	_	_	_	Slow=0-6(0)	_	_
359-10	TO041	359	359	10	nel	nel	_	_	_	_	_	linguistic	_	none	_	_	_	_	_	_
359-11	TO041	359	359	11	loro	loro	_	_	_	_	_	linguistic	_	none	_	_	_	_	_	_
359-12	TO041	359	359	12	modo	modo	_	_	_	_	_	linguistic	_	none	_	_	_	_	_	_
359-13	TO041	359	359	13	di	di	_	_	_	_	_	linguistic	_	none	_	_	_	_	_	_
359-14	TO041	359	359	14	pensare	pensare	_	_	_	_	_	linguistic	_	none	_	_	_	_	_	_
359-15	TO041	359	359	15	alla	alla	_	_	_	_	_	linguistic	_	none	_	_	_	_	_	_
359-16	TO041	359	359	16	fine	fine	_	_	_	_	_	linguistic	_	none	_	_	_	_	_	_
359-17	TO041	359	359	17	non	non	_	_	_	_	_	linguistic	_	none	_	_	_	_	_	_
359-18	TO041	359	359	18	fai	fai	_	_	_	_	_	linguistic	_	none	_	_	_	_	_	_
359-19	TO041	359	359	19	più	più	_	_	_	_	_	linguistic	_	none	_	_	_	_	_	_
359-20	TO041	359	359	20	fatica	fatica	_	_	_	_	_	linguistic	_	none	_	_	_	_	_	_
359-21	TO041	359	359	21	ti	ti	_	_	_	_	_	linguistic	_	none	_	_	_	_	_	_
359-22	TO041	359	359	22	comporti	comporti	_	_	_	_	_	linguistic	_	none	_	_	_	_	_	_
359-23	TO041	359	359	23	come	come	_	_	_	_	_	linguistic	_	none	_	_	_	_	_	_
359-24	TO041	359	359	24	loro	loro	_	_	_	_	_	linguistic	_	none	_	_	_	_	_	_
359-25	TO041	359	359	25	o	o	_	_	_	_	_	linguistic	_	none	_	_	_	_	_	_
359-26	TO041	359	359	26	comunque,	comunque	_	_	_	_	_	linguistic	_	none	Intonation=WeaklyRising	End=1154.968	_	_	_	_
360-0	TO041	360	360	0	loro,	loro	_	_	_	_	_	linguistic	_	none	Intonation=WeaklyRising	Begin=1155.5|End=1156.117	_	_	_	_
361-0	TO041	361	361	0	lo	lo	_	_	_	_	_	linguistic	_	none	_	Begin=1156.603	_	_	_	_
361-1	TO041	361	361	1	capiscono	capiscono	_	_	_	_	_	linguistic	_	none	_	_	_	_	_	_
361-2	TO041	361	361	2	che	che	_	_	_	_	_	linguistic	_	none	_	_	_	_	_	_
361-3	TO041	361	361	3	se	se	_	_	_	_	_	linguistic	_	none	_	_	_	_	_	_
361-4	TO041	361	361	4	tu	tu	_	_	_	_	_	linguistic	_	none	_	_	_	_	_	_
361-5	TO041	361	361	5	fai	fai	_	_	_	_	_	linguistic	_	none	_	_	_	_	_	_
361-6	TO041	361	361	6	qualcosa	qualcosa	_	_	_	_	_	linguistic	_	none	_	_	_	_	_	_
361-7	TO041	361	361	7	che	che	_	_	_	_	_	linguistic	_	none	_	_	_	_	_	_
361-8	TO041	361	361	8	è	è	_	_	_	_	_	linguistic	_	none	_	_	_	_	_	_
361-9	TO041	361	361	9	un	un	_	_	_	_	_	linguistic	_	none	_	_	_	_	_	_
361-10	TO041	361	361	10	po'	po'	_	_	_	_	_	linguistic	_	none	_	_	_	_	_	_
361-11	TO041	361	361	11	diverso	diverso	_	_	_	_	_	linguistic	_	none	_	_	_	_	_	_
361-12	TO041	361	361	12	dallla	dallla	_	_	_	_	_	linguistic	_	none	_	_	_	_	_	_
361-13	TO041	361	361	13	loro:	loro	_	_	_	_	_	linguistic	_	none	_	_	3x1	_	_	_
361-14	TO041	361	361	14	da	da	_	_	_	_	_	linguistic	_	none	_	_	_	_	_	_
361-15	TO041	361	361	15	ciò	ciò	_	_	_	_	_	linguistic	_	none	_	_	_	_	_	_
361-16	TO041	361	361	16	di	di	_	_	_	_	_	linguistic	_	none	_	_	_	_	_	_
361-17	TO041	361	361	17	cui	cui	_	_	_	_	_	linguistic	_	none	_	_	_	_	_	_
361-18	TO041	361	361	18	sono	sono	_	_	_	_	_	linguistic	_	none	_	_	_	_	_	_
361-19	TO041	361	361	19	abituati	abituati	_	_	_	_	_	linguistic	_	none	_	_	_	_	_	_
361-20	TO041	361	361	20	non	non	_	_	_	_	_	linguistic	_	none	_	_	_	_	_	_
361-21	TO041	361	361	21	lo	lo	_	_	_	_	_	linguistic	_	none	_	_	_	_	_	_
361-22	TO041	361	361	22	fai	fai	_	_	_	_	_	linguistic	_	none	_	_	_	_	_	_
361-23	TO041	361	361	23	per	per	_	_	_	_	_	linguistic	_	none	_	_	_	_	_	_
361-24	TO041	361	361	24	maleduca[zione	maleducazione	_	_	_	_	_	linguistic	_	none	_	_	_	_	_	8-13(60)
361-25	TO041	361	361	25	ma	ma	_	_	_	_	_	linguistic	_	none	_	_	_	_	_	0-2(60)
361-26	TO041	361	361	26	perc]hé	perché	_	_	_	_	_	linguistic	_	none	_	_	_	_	_	0-4(60)
361-27	TO041	361	361	27	non	non	_	_	_	_	_	linguistic	_	none	_	_	_	_	_	_
361-28	TO041	361	361	28	sa[i],	sai	_	_	_	_	_	linguistic	_	none	Intonation=WeaklyRising	End=1164.904	_	_	_	2-3(61)
362-0	TO055	362	362	0	[certo].	certo	_	_	_	_	_	linguistic	_	none	Intonation=Falling	Begin=1163.351|End=1164.021	_	_	_	0-5(60)
363-0	TO055	363	363	0	[no]n	non	_	_	_	_	_	linguistic	_	none	_	Begin=1164.705	_	_	_	0-2(61)
363-1	TO055	363	363	1	sai.	sai	_	_	_	_	_	linguistic	_	none	Intonation=Falling	End=1165.354	_	_	_	_
364-0	TO041	364	364	0	e	e	_	_	_	_	_	linguistic	_	none	_	Begin=1165.455	_	_	_	_
364-1	TO041	364	364	1	poi	poi	_	_	_	_	_	linguistic	_	none	_	_	_	_	_	_
364-2	TO041	364	364	2	comunque:	comunque	_	_	_	_	_	linguistic	_	none	_	End=1166.677	7x1	_	_	_
365-0	TO041	365	365	0	nel	nel	_	_	_	_	_	linguistic	_	none	_	Begin=1167.715	_	_	_	_
365-1	TO041	365	365	1	luogo	luogo	_	_	_	_	_	linguistic	_	none	PauseAfter=Yes	_	_	_	_	_
365-2	TO041	365	365	2	(.)	(.)	_	_	_	_	_	shortpause	_	none	_	_	_	_	_	_
365-3	TO041	365	365	3	cioè	cioè	_	_	_	_	_	linguistic	_	none	_	_	_	_	_	_
365-4	TO041	365	365	4	dove	dove	_	_	_	_	_	linguistic	_	none	_	_	_	_	_	_
365-5	TO041	365	365	5	mi	mi	_	_	_	_	_	linguistic	_	none	_	_	_	_	_	_
365-6	TO041	365	365	6	trovavo	trovavo	_	_	_	_	_	linguistic	_	none	_	_	_	_	_	_
365-7	TO041	365	365	7	io	io	_	_	_	_	_	linguistic	_	none	_	_	_	_	_	_
365-8	TO041	365	365	8	erano	erano	_	_	_	_	_	linguistic	_	none	_	_	_	_	_	_
365-9	TO041	365	365	9	comunque	comunque	_	_	_	_	_	linguistic	_	none	_	_	_	_	_	_
365-10	TO041	365	365	10	tutte	tutte	_	_	_	_	_	linguistic	_	none	_	_	_	_	_	_
365-11	TO041	365	365	11	le	le	_	_	_	_	_	linguistic	_	none	_	_	_	_	_	_
365-12	TO041	365	365	12	persone	persone	_	_	_	_	_	linguistic	_	none	_	_	_	_	_	_
365-13	TO041	365	365	13	che	che	_	_	_	_	_	linguistic	_	none	_	_	_	_	_	_
365-14	TO041	365	365	14	ho	ho	_	_	_	_	_	linguistic	_	none	_	_	_	_	_	_
365-15	TO041	365	365	15	incontrato	incontrato	_	_	_	_	_	linguistic	_	none	_	_	_	_	_	_
365-16	TO041	365	365	16	veramente	veramente	_	_	_	_	_	linguistic	_	none	_	_	_	_	_	_
365-17	TO041	365	365	17	disponibili	disponibili	_	_	_	_	_	linguistic	_	none	_	_	_	_	_	_
365-18	TO041	365	365	18	e	e	_	_	_	_	_	linguistic	_	none	_	_	_	_	_	_
365-19	TO041	365	365	19	gentili.	gentili	_	_	_	_	_	linguistic	_	none	Intonation=Falling	End=1174.478	_	_	_	_
366-0	TO055	366	366	0	[basta	basta	_	_	_	_	_	linguistic	_	none	_	Begin=1174.551	_	_	_	0-5(63)
366-1	TO055	366	366	1	adat]tarsi	adattarsi	_	_	_	_	_	linguistic	_	none	_	_	_	_	_	0-4(63)
366-2	TO055	366	366	2	solo.	solo	_	_	_	_	_	linguistic	_	none	Intonation=Falling	End=1176.229	_	_	_	_
367-0	TO041	367	367	0	[soltanto],	soltanto	_	_	_	_	_	linguistic	_	none	Intonation=WeaklyRising	Begin=1174.551|End=1175.33	_	_	_	0-8(63)
368-0	TO041	368	368	0	sì	sì	_	_	_	_	_	linguistic	_	none	_	Begin=1176.192	_	_	_	_
368-1	TO041	368	368	1	sì	sì	_	_	_	_	_	linguistic	_	none	_	_	_	_	_	_
368-2	TO041	368	368	2	sì	sì	_	_	_	_	_	linguistic	_	none	_	_	_	_	_	_
368-3	TO041	368	368	3	e	e	_	_	_	_	_	linguistic	_	none	_	_	_	_	_	_
368-4	TO041	368	368	4	quello	quello	_	_	_	_	_	linguistic	_	none	_	_	_	_	_	_
368-5	TO041	368	368	5	è	è	_	_	_	_	_	linguistic	_	none	_	_	_	_	_	_
368-6	TO041	368	368	6	stato:	stato	_	_	_	_	_	linguistic	_	none	_	End=1178.431	4x1	_	_	_
369-0	TO041	369	369	0	difficile.	difficile	_	_	_	_	_	linguistic	_	none	Intonation=Falling	Begin=1179.034|End=1179.889	_	_	_	_
370-0	TO041	370	370	0	poi	poi	_	_	_	_	_	linguistic	_	none	_	Begin=1179.979	_	_	_	_
370-1	TO041	370	370	1	ovvio	ovvio	_	_	_	_	_	linguistic	_	none	_	_	_	_	_	_
370-2	TO041	370	370	2	ci	ci	_	_	_	_	_	linguistic	_	none	_	_	_	_	_	_
370-3	TO041	370	370	3	sono	sono	_	_	_	_	_	linguistic	_	none	_	_	_	_	_	_
370-4	TO041	370	370	4	tutte	tutte	_	_	_	_	_	linguistic	_	none	_	_	_	_	_	_
370-5	TO041	370	370	5	le	le	_	_	_	_	_	linguistic	_	none	_	_	_	_	_	_
370-6	TO041	370	370	6	piccole	piccole	_	_	_	_	_	linguistic	_	none	_	_	_	_	_	_
370-7	TO041	370	370	7	cose	cose	_	_	_	_	_	linguistic	_	none	_	_	_	_	_	_
370-8	TO041	370	370	8	già	già	_	_	_	_	_	linguistic	_	none	_	_	_	_	_	_
370-9	TO041	370	370	9	soltanto	soltanto	_	_	_	_	_	linguistic	_	none	_	_	_	_	_	_
370-10	TO041	370	370	10	il	il	_	_	_	_	_	linguistic	_	none	_	_	_	_	_	_
370-11	TO041	370	370	11	<freddo>,	freddo	_	_	_	_	_	linguistic	_	none	Intonation=WeaklyRising	End=1184.642	_	Slow=0-6(0)	_	_
371-0	TO041	371	371	0	e::h	eh	_	_	_	_	_	linguistic	_	none	_	Begin=1184.789|End=1185.493	0x2	_	_	_
372-0	TO041	372	372	0	il	il	_	_	_	_	_	linguistic	_	none	_	Begin=1185.692	_	_	_	_
372-1	TO041	372	372	1	buio,	buio	_	_	_	_	_	linguistic	_	none	Intonation=WeaklyRising	End=1186.614	_	_	_	_
373-0	TO041	373	373	0	e	e	_	_	_	_	_	linguistic	_	none	_	Begin=1188.328	_	_	_	_
373-1	TO041	373	373	1	anche	anche	_	_	_	_	_	linguistic	_	none	_	_	_	_	_	_
373-2	TO041	373	373	2	il	il	_	_	_	_	_	linguistic	_	none	_	_	_	_	_	_
373-3	TO041	373	373	3	cib[o	cibo	_	_	_	_	_	linguistic	_	none	_	_	_	_	_	3-4(64)
373-4	TO041	373	373	4	possono	possono	_	_	_	_	_	linguistic	_	none	_	_	_	_	_	0-7(64)
373-5	TO041	373	373	5	e]ssere,	essere	_	_	_	_	_	linguistic	_	none	Intonation=WeaklyRising	End=1190.513	_	_	_	0-1(64)
374-0	TO055	374	374	0	[e	e	_	_	_	_	_	linguistic	_	none	_	Begin=1189.406	_	_	_	0-1(64)
374-1	TO055	374	374	1	il	il	_	_	_	_	_	linguistic	_	none	_	_	_	_	_	0-2(64)
374-2	TO055	374	374	2	cibo].	cibo	_	_	_	_	_	linguistic	_	none	Intonation=Falling	End=1190.192	_	_	_	0-4(64)
375-0	TO041	375	375	0	possono	possono	_	_	_	_	_	linguistic	_	none	_	Begin=1190.769	_	_	_	_
375-1	TO041	375	375	1	sembrare	sembrare	_	_	_	_	_	linguistic	_	none	_	_	_	_	_	_
375-2	TO041	375	375	2	cose	cose	_	_	_	_	_	linguistic	_	none	_	_	_	_	_	_
375-3	TO041	375	375	3	stupide,	stupide	_	_	_	_	_	linguistic	_	none	Intonation=WeaklyRising	End=1192.686	_	_	_	_
376-0	TO041	376	376	0	però	però	_	_	_	_	_	linguistic	_	none	_	Begin=1192.926	_	_	_	_
376-1	TO041	376	376	1	alla	alla	_	_	_	_	_	linguistic	_	none	_	_	_	_	_	_
376-2	TO041	376	376	2	fine	fine	_	_	_	_	_	linguistic	_	none	_	_	_	_	_	_
376-3	TO041	376	376	3	sono	sono	_	_	_	_	_	linguistic	_	none	_	_	_	_	_	_
376-4	TO041	376	376	4	cose	cose	_	_	_	_	_	linguistic	_	none	_	_	_	_	_	_
376-5	TO041	376	376	5	che	che	_	_	_	_	_	linguistic	_	none	_	_	_	_	_	_
376-6	TO041	376	376	6	ti:	ti	_	_	_	_	_	linguistic	_	none	ProsodicLink=Yes	_	1x1	_	_	_
376-7	TO041	376	376	7	mh	mh	_	_	_	_	_	linguistic	_	none	_	End=1196.164	_	_	_	_
377-0	TO041	377	377	0	cioè	cioè	_	_	_	_	_	linguistic	_	none	_	Begin=1196.709	_	_	_	_
377-1	TO041	377	377	1	tutte	tutte	_	_	_	_	_	linguistic	_	none	_	_	_	_	_	_
377-2	TO041	377	377	2	insieme	insieme	_	_	_	_	_	linguistic	_	none	_	_	_	_	_	_
377-3	TO041	377	377	3	>tutte	tutte	_	_	_	_	_	linguistic	_	none	_	_	_	Fast=0-5(0)	_	_
377-4	TO041	377	377	4	quante	quante	_	_	_	_	_	linguistic	_	none	_	_	_	Fast=0-6(0)	_	_
377-5	TO041	377	377	5	insieme<	insieme	_	_	_	_	_	linguistic	_	none	_	_	_	Fast=0-7(0)	_	_
377-6	TO041	377	377	6	anche	anche	_	_	_	_	_	linguistic	_	none	_	_	_	_	_	_
377-7	TO041	377	377	7	soltanto	soltanto	_	_	_	_	_	linguistic	_	none	_	_	_	_	_	_
377-8	TO041	377	377	8	il	il	_	_	_	_	_	linguistic	_	none	_	_	_	_	_	_
377-9	TO041	377	377	9	fatto	fatto	_	_	_	_	_	linguistic	_	none	_	_	_	_	_	_
377-10	TO041	377	377	10	che	che	_	_	_	_	_	linguistic	_	none	_	_	_	_	_	_
377-11	TO041	377	377	11	s~	s~	_	_	_	_	_	linguistic	_	none	Interrupted=Yes	End=1200.706	_	_	_	_
378-0	TO041	378	378	0	di	di	_	_	_	_	_	linguistic	_	none	_	Begin=1200.99	_	_	_	_
378-1	TO041	378	378	1	sapere	sapere	_	_	_	_	_	linguistic	_	none	_	_	_	_	_	_
378-2	TO041	378	378	2	che	che	_	_	_	_	_	linguistic	_	none	_	_	_	_	_	_
378-3	TO041	378	378	3	sei,	sei	_	_	_	_	_	linguistic	_	none	Intonation=WeaklyRising	End=1202.284	_	_	_	_
379-0	TO041	379	379	0	da	da	_	_	_	_	_	linguistic	_	none	_	Begin=1202.551	_	_	_	_
379-1	TO041	379	379	1	solo	solo	_	_	_	_	_	linguistic	_	none	_	_	_	_	_	_
379-2	TO041	379	379	2	e	e	_	_	_	_	_	linguistic	_	none	_	_	_	_	_	_
379-3	TO041	379	379	3	così	così	_	_	_	_	_	linguistic	_	none	_	_	_	_	_	_
379-4	TO041	379	379	4	lontano	lontano	_	_	_	_	_	linguistic	_	none	_	_	_	_	_	_
379-5	TO041	379	379	5	da	da	_	_	_	_	_	linguistic	_	none	_	_	_	_	_	_
379-6	TO041	379	379	6	casa,	casa	_	_	_	_	_	linguistic	_	none	Intonation=WeaklyRising	End=1205.206	_	_	_	_
380-0	TO041	380	380	0	comunque,	comunque	_	_	_	_	_	linguistic	_	none	Intonation=WeaklyRising	Begin=1205.612|End=1206.697	_	_	_	_
381-0	TO041	381	381	0	rendono	rendono	_	_	_	_	_	linguistic	_	none	_	Begin=1207.738	_	_	_	_
381-1	TO041	381	381	1	un	un	_	_	_	_	_	linguistic	_	none	_	_	_	_	_	_
381-2	TO041	381	381	2	po'	po'	_	_	_	_	_	linguistic	_	none	_	_	_	_	_	_
381-3	TO041	381	381	3	difficile	difficile	_	_	_	_	_	linguistic	_	none	_	_	_	_	_	_
381-4	TO041	381	381	4	l'	l'	_	_	_	_	_	linguistic	_	none	SpaceAfter=No	_	_	_	_	_
381-5	TO041	381	381	5	adattamento	adattamento	_	_	_	_	_	linguistic	_	none	_	_	_	_	_	_
381-6	TO041	381	381	6	però	però	_	_	_	_	_	linguistic	_	none	_	_	_	_	_	_
381-7	TO041	381	381	7	alla	alla	_	_	_	_	_	linguistic	_	none	_	_	_	_	_	_
381-8	TO041	381	381	8	fine	fine	_	_	_	_	_	linguistic	_	none	_	_	_	_	_	_
381-9	TO041	381	381	9	lì	lì	_	_	_	_	_	linguistic	_	none	_	_	_	_	_	_
381-10	TO041	381	381	10	e:h	eh	_	_	_	_	_	linguistic	_	none	ProsodicLink=Yes	_	0x1	_	_	_
381-11	TO041	381	381	11	mh	mh	_	_	_	_	_	linguistic	_	none	_	_	_	_	_	_
381-12	TO041	381	381	12	nella	nella	_	_	_	_	_	linguistic	_	none	_	_	_	_	_	_
381-13	TO041	381	381	13	cittadina	cittadina	_	_	_	_	_	linguistic	_	none	_	_	_	_	_	_
381-14	TO041	381	381	14	in	in	_	_	_	_	_	linguistic	_	none	_	_	_	_	_	_
381-15	TO041	381	381	15	cui	cui	_	_	_	_	_	linguistic	_	none	_	_	_	_	_	_
381-16	TO041	381	381	16	mi	mi	_	_	_	_	_	linguistic	_	none	_	_	_	_	_	_
381-17	TO041	381	381	17	trovavo,	trovavo	_	_	_	_	_	linguistic	_	none	Intonation=WeaklyRising	End=1214.339	_	_	_	_
382-0	TO041	382	382	0	anche	anche	_	_	_	_	_	linguistic	_	none	_	Begin=1214.448	_	_	_	_
382-1	TO041	382	382	1	se	se	_	_	_	_	_	linguistic	_	none	_	_	_	_	_	_
382-2	TO041	382	382	2	era	era	_	_	_	_	_	linguistic	_	none	_	_	_	_	_	_
382-3	TO041	382	382	3	molto	molto	_	_	_	_	_	linguistic	_	none	_	_	_	_	_	_
382-4	TO041	382	382	4	piccola	piccola	_	_	_	_	_	linguistic	_	none	_	_	_	_	_	_
382-5	TO041	382	382	5	c'	c'	_	_	_	_	_	linguistic	_	none	SpaceAfter=No	_	_	_	_	_
382-6	TO041	382	382	6	erano	erano	_	_	_	_	_	linguistic	_	none	_	_	_	_	_	_
382-7	TO041	382	382	7	due	due	_	_	_	_	_	linguistic	_	none	_	_	_	_	_	_
382-8	TO041	382	382	8	università	università	_	_	_	_	_	linguistic	_	none	_	_	_	_	_	_
382-9	TO041	382	382	9	quindi	quindi	_	_	_	_	_	linguistic	_	none	_	_	_	_	_	_
382-10	TO041	382	382	10	c'	c'	_	_	_	_	_	linguistic	_	none	SpaceAfter=No	_	_	_	_	_
382-11	TO041	382	382	11	erano	erano	_	_	_	_	_	linguistic	_	none	_	_	_	_	_	_
382-12	TO041	382	382	12	tantissimi	tantissimi	_	_	_	_	_	linguistic	_	none	_	_	_	_	_	_
382-13	TO041	382	382	13	studenti,	studenti	_	_	_	_	_	linguistic	_	none	Intonation=WeaklyRising	End=1219.293	_	_	_	_
383-0	TO041	383	383	0	e	e	_	_	_	_	_	linguistic	_	none	_	Begin=1219.455	_	_	_	_
383-1	TO041	383	383	1	essendo	essendo	_	_	_	_	_	linguistic	_	none	_	_	_	_	_	_
383-2	TO041	383	383	2	questo	questo	_	_	_	_	_	linguistic	_	none	_	_	_	_	_	_
383-3	TO041	383	383	3	paese	paese	_	_	_	_	_	linguistic	_	none	_	_	_	_	_	_
383-4	TO041	383	383	4	al	al	_	_	_	_	_	linguistic	_	none	_	_	_	_	_	_
383-5	TO041	383	383	5	confine	confine	_	_	_	_	_	linguistic	_	none	_	_	_	_	_	_
383-6	TO041	383	383	6	con	con	_	_	_	_	_	linguistic	_	none	_	_	_	_	_	_
383-7	TO041	383	383	7	la	la	_	_	_	_	_	linguistic	_	none	_	_	_	_	_	_
383-8	TO041	383	383	8	russia	russia	_	_	_	_	_	linguistic	_	none	_	_	_	_	_	_
383-9	TO041	383	383	9	c'	c'	_	_	_	_	_	linguistic	_	none	SpaceAfter=No	_	_	_	_	_
383-10	TO041	383	383	10	erano	erano	_	_	_	_	_	linguistic	_	none	_	_	_	_	_	_
383-11	TO041	383	383	11	anche	anche	_	_	_	_	_	linguistic	_	none	_	_	_	_	_	_
383-12	TO041	383	383	12	moltissimi	moltissimi	_	_	_	_	_	linguistic	_	none	_	_	_	_	_	_
383-13	TO041	383	383	13	studenti	studenti	_	_	_	_	_	linguistic	_	none	_	_	_	_	_	_
383-14	TO041	383	383	14	russi,	russi	_	_	_	_	_	linguistic	_	none	Intonation=WeaklyRising	End=1225.605	_	_	_	_
384-0	TO055	384	384	0	okay.	okay	_	_	_	_	_	linguistic	_	none	Intonation=Falling	Begin=1225.605|End=1226.009	_	_	_	_
385-0	TO041	385	385	0	che	che	_	_	_	_	_	linguistic	_	none	_	Begin=1226.009	_	_	_	_
385-1	TO041	385	385	1	sono:	sono	_	_	_	_	_	linguistic	_	none	PauseAfter=Yes	_	3x1	_	_	_
385-2	TO041	385	385	2	(.)	(.)	_	_	_	_	_	shortpause	_	none	_	_	_	_	_	_
385-3	TO041	385	385	3	più	più	_	_	_	_	_	linguistic	_	none	_	_	_	_	_	_
385-4	TO041	385	385	4	come	come	_	_	_	_	_	linguistic	_	none	_	_	_	_	_	_
385-5	TO041	385	385	5	noi	noi	_	_	_	_	_	linguistic	_	none	_	_	_	_	_	_
385-6	TO041	385	385	6	anche	anche	_	_	_	_	_	linguistic	_	none	_	_	_	_	_	_
385-7	TO041	385	385	7	come	come	_	_	_	_	_	linguistic	_	none	_	_	_	_	_	_
385-8	TO041	385	385	8	comporta[mento].	comportamento	_	_	_	_	_	linguistic	_	none	Intonation=Falling	End=1229.348	_	_	_	8-13(65)
386-0	TO055	386	386	0	[sì	sì	_	_	_	_	_	linguistic	_	none	_	Begin=1228.935	_	_	_	0-2(65)
386-1	TO055	386	386	1	for]se	forse	_	_	_	_	_	linguistic	_	none	_	_	_	_	_	0-3(65)
386-2	TO055	386	386	2	un	un	_	_	_	_	_	linguistic	_	none	_	_	_	_	_	_
386-3	TO055	386	386	3	p[o'	po'	_	_	_	_	_	linguistic	_	none	_	_	_	_	_	1-3(66)
386-4	TO055	386	386	4	più	più	_	_	_	_	_	linguistic	_	none	_	_	_	_	_	0-3(66)
386-5	TO055	386	386	5	aperti:]	aperti	_	_	_	_	_	linguistic	_	none	_	End=1231.265	5x1	_	_	0-6(66)
387-0	TO041	387	387	0	[sono	sono	_	_	_	_	_	linguistic	_	none	_	Begin=1229.834	_	_	_	0-4(66)
387-1	TO041	387	387	1	un	un	_	_	_	_	_	linguistic	_	none	_	_	_	_	_	0-2(66)
387-2	TO041	387	387	2	po'	po'	_	_	_	_	_	linguistic	_	none	_	_	_	_	_	0-3(66)
387-3	TO041	387	387	3	più	più	_	_	_	_	_	linguistic	_	none	_	_	_	_	_	0-3(66)
387-4	TO041	387	387	4	aperti	aperti	_	_	_	_	_	linguistic	_	none	_	_	_	_	_	0-6(66)
387-5	TO041	387	387	5	un	un	_	_	_	_	_	linguistic	_	none	_	_	_	_	_	0-2(66)
387-6	TO041	387	387	6	p]o'	po'	_	_	_	_	_	linguistic	_	none	_	_	_	_	_	0-1(66)
387-7	TO041	387	387	7	più	più	_	_	_	_	_	linguistic	_	none	_	_	_	_	_	_
387-8	TO041	387	387	8	socievoli	socievoli	_	_	_	_	_	linguistic	_	none	_	_	_	_	_	_
387-9	TO041	387	387	9	anche	anche	_	_	_	_	_	linguistic	_	none	_	_	_	_	_	_
387-10	TO041	387	387	10	loro,	loro	_	_	_	_	_	linguistic	_	none	Intonation=WeaklyRising	End=1233.018	_	_	_	_
388-0	TO041	388	388	0	e::h	eh	_	_	_	_	_	linguistic	_	none	ProsodicLink=Yes	Begin=1233.325	0x2	_	_	_
388-1	TO041	388	388	1	mh	mh	_	_	_	_	_	linguistic	_	none	_	End=1235.183	_	_	_	_
389-0	TO041	389	389	0	e	e	_	_	_	_	_	linguistic	_	none	_	Begin=1235.769	_	_	_	_
389-1	TO041	389	389	1	poi	poi	_	_	_	_	_	linguistic	_	none	_	_	_	_	_	_
389-2	TO041	389	389	2	c'	c'	_	_	_	_	_	linguistic	_	none	SpaceAfter=No	_	_	_	_	_
389-3	TO041	389	389	3	erano::	erano	_	_	_	_	_	linguistic	_	none	_	_	4x2	_	_	_
389-4	TO041	389	389	4	appunto	appunto	_	_	_	_	_	linguistic	_	none	_	_	_	_	_	_
389-5	TO041	389	389	5	degli	degli	_	_	_	_	_	linguistic	_	none	_	_	_	_	_	_
389-6	TO041	389	389	6	studenti	studenti	_	_	_	_	_	linguistic	_	none	_	_	_	_	_	_
389-7	TO041	389	389	7	vietnamiti,	vietnamiti	_	_	_	_	_	linguistic	_	none	Intonation=WeaklyRising	End=1239.211	_	_	_	_
390-0	TO041	390	390	0	e::	e	_	_	_	_	_	linguistic	_	none	_	Begin=1239.307	0x2	_	_	_
390-1	TO041	390	390	1	poi	poi	_	_	_	_	_	linguistic	_	none	_	_	_	_	_	_
390-2	TO041	390	390	2	tantissimi	tantissimi	_	_	_	_	_	linguistic	_	none	_	_	_	_	_	_
390-3	TO041	390	390	3	altri	altri	_	_	_	_	_	linguistic	_	none	_	_	_	_	_	_
390-4	TO041	390	390	4	erasmus	erasmus	_	_	_	_	_	linguistic	_	none	_	_	_	_	_	_
390-5	TO041	390	390	5	e	e	_	_	_	_	_	linguistic	_	none	_	_	_	_	_	_
390-6	TO041	390	390	6	la	la	_	_	_	_	_	linguistic	_	none	_	_	_	_	_	_
390-7	TO041	390	390	7	cosa	cosa	_	_	_	_	_	linguistic	_	none	_	_	_	_	_	_
390-8	TO041	390	390	8	positiva	positiva	_	_	_	_	_	linguistic	_	none	_	_	_	_	_	_
390-9	TO041	390	390	9	però	però	_	_	_	_	_	linguistic	_	none	_	_	_	_	_	_
390-10	TO041	390	390	10	era	era	_	_	_	_	_	linguistic	_	none	_	_	_	_	_	_
390-11	TO041	390	390	11	che:	che	_	_	_	_	_	linguistic	_	none	_	End=1243.559	2x1	_	_	_
391-0	TO041	391	391	0	eravamo	eravamo	_	_	_	_	_	linguistic	_	none	_	Begin=1243.762	_	_	_	_
391-1	TO041	391	391	1	soltanto	soltanto	_	_	_	_	_	linguistic	_	none	_	_	_	_	_	_
391-2	TO041	391	391	2	quattro	quattro	_	_	_	_	_	linguistic	_	none	_	_	_	_	_	_
391-3	TO041	391	391	3	o	o	_	_	_	_	_	linguistic	_	none	_	_	_	_	_	_
391-4	TO041	391	391	4	cinque	cinque	_	_	_	_	_	linguistic	_	none	_	_	_	_	_	_
391-5	TO041	391	391	5	italiani,	italiani	_	_	_	_	_	linguistic	_	none	Intonation=WeaklyRising	End=1246.135	_	_	_	_
392-0	TO041	392	392	0	quindi:	quindi	_	_	_	_	_	linguistic	_	none	_	Begin=1246.49	5x1	_	_	_
392-1	TO041	392	392	1	ho	ho	_	_	_	_	_	linguistic	_	none	_	_	_	_	_	_
392-2	TO041	392	392	2	avuto	avuto	_	_	_	_	_	linguistic	_	none	_	_	_	_	_	_
392-3	TO041	392	392	3	veramente,	veramente	_	_	_	_	_	linguistic	_	none	Intonation=WeaklyRising	End=1248.88	_	_	_	_
393-0	TO041	393	393	0	la	la	_	_	_	_	_	linguistic	_	none	_	Begin=1248.997	_	_	_	_
393-1	TO041	393	393	1	possibilità	possibilità	_	_	_	_	_	linguistic	_	none	_	_	_	_	_	_
393-2	TO041	393	393	2	di,	di	_	_	_	_	_	linguistic	_	none	Intonation=WeaklyRising	End=1250.477	_	_	_	_
394-0	TO041	394	394	0	<vivere	vivere	_	_	_	_	_	linguistic	_	none	_	Begin=1251.572	_	Slow=0-6(0)	_	_
394-1	TO041	394	394	1	in	in	_	_	_	_	_	linguistic	_	none	_	_	_	Slow=0-2(0)	_	_
394-2	TO041	394	394	2	un	un	_	_	_	_	_	linguistic	_	none	_	_	_	Slow=0-2(0)	_	_
394-3	TO041	394	394	3	posto	posto	_	_	_	_	_	linguistic	_	none	PauseAfter=Yes	_	_	Slow=0-5(0)	_	_
394-4	TO041	394	394	4	(.)	(.)	_	_	_	_	_	shortpause	_	none	_	_	_	_	_	_
394-5	TO041	394	394	5	totalmente	totalmente	_	_	_	_	_	linguistic	_	none	_	_	_	Slow=0-10(0)	_	_
394-6	TO041	394	394	6	diverso	diverso	_	_	_	_	_	linguistic	_	none	_	_	_	Slow=0-7(0)	_	_
394-7	TO041	394	394	7	[da>],	da	_	_	_	_	_	linguistic	_	none	Intonation=WeaklyRising	End=1255.614	_	Slow=0-2(0)	_	0-2(67)
395-0	TO055	395	395	0	[non	non	_	_	_	_	_	linguistic	_	none	_	Begin=1255.242	_	_	_	0-3(67)
395-1	TO055	395	395	1	ai]utata	aiutata	_	_	_	_	_	linguistic	_	none	_	_	_	_	_	0-2(67)
395-2	TO055	395	395	2	da	da	_	_	_	_	_	linguistic	_	none	_	_	_	_	_	_
395-3	TO055	395	395	3	ness[uno]:	nessuno	_	_	_	_	_	linguistic	_	none	_	End=1257.312	6x1	_	_	4-7(68)
396-0	TO041	396	396	0	[sì].	sì	_	_	_	_	_	linguistic	_	none	Intonation=Falling	Begin=1256.484|End=1257.082	_	_	_	0-2(68)
397-0	TO041	397	397	0	in	in	_	_	_	_	_	linguistic	_	none	_	Begin=1257.389	_	_	_	_
397-1	TO041	397	397	1	un	un	_	_	_	_	_	linguistic	_	none	_	_	_	_	_	_
397-2	TO041	397	397	2	posto	posto	_	_	_	_	_	linguistic	_	none	_	_	_	_	_	_
397-3	TO041	397	397	3	totalmente	totalmente	_	_	_	_	_	linguistic	_	none	_	_	_	_	_	_
397-4	TO041	397	397	4	diverso	diverso	_	_	_	_	_	linguistic	_	none	_	_	_	_	_	_
397-5	TO041	397	397	5	e	e	_	_	_	_	_	linguistic	_	none	_	_	_	_	_	_
397-6	TO041	397	397	6	con	con	_	_	_	_	_	linguistic	_	none	_	_	_	_	_	_
397-7	TO041	397	397	7	delle	delle	_	_	_	_	_	linguistic	_	none	_	_	_	_	_	_
397-8	TO041	397	397	8	e	e	_	_	_	_	_	linguistic	_	none	_	_	_	_	_	_
397-9	TO041	397	397	9	circondata	circondata	_	_	_	_	_	linguistic	_	none	_	_	_	_	_	_
397-10	TO041	397	397	10	da	da	_	_	_	_	_	linguistic	_	none	_	_	_	_	_	_
397-11	TO041	397	397	11	persone	persone	_	_	_	_	_	linguistic	_	none	_	_	_	_	_	_
397-12	TO041	397	397	12	totalmente	totalmente	_	_	_	_	_	linguistic	_	none	_	_	_	_	_	_
397-13	TO041	397	397	13	diverse	diverse	_	_	_	_	_	linguistic	_	none	_	_	_	_	_	_
397-14	TO041	397	397	14	da	da	_	_	_	_	_	linguistic	_	none	_	_	_	_	_	_
397-15	TO041	397	397	15	quelle	quelle	_	_	_	_	_	linguistic	_	none	_	_	_	_	_	_
397-16	TO041	397	397	16	a	a	_	_	_	_	_	linguistic	_	none	_	_	_	_	_	_
397-17	TO041	397	397	17	cui	cui	_	_	_	_	_	linguistic	_	none	_	_	_	_	_	_
397-18	TO041	397	397	18	ero	ero	_	_	_	_	_	linguistic	_	none	_	_	_	_	_	_
397-19	TO041	397	397	19	abituata.	abituata	_	_	_	_	_	linguistic	_	none	Intonation=Falling	End=1263.834	_	_	_	_
398-0	TO041	398	398	0	e	e	_	_	_	_	_	linguistic	_	none	_	Begin=1264.378	_	_	_	_
398-1	TO041	398	398	1	quindi	quindi	_	_	_	_	_	linguistic	_	none	_	_	_	_	_	_
398-2	TO041	398	398	2	per	per	_	_	_	_	_	linguistic	_	none	_	_	_	_	_	_
398-3	TO041	398	398	3	questo	questo	_	_	_	_	_	linguistic	_	none	_	_	_	_	_	_
398-4	TO041	398	398	4	sono	sono	_	_	_	_	_	linguistic	_	none	_	_	_	_	_	_
398-5	TO041	398	398	5	stata	stata	_	_	_	_	_	linguistic	_	none	_	_	_	_	_	_
398-6	TO041	398	398	6	veramente	veramente	_	_	_	_	_	linguistic	_	none	_	_	_	_	_	_
398-7	TO041	398	398	7	contenta.	contenta	_	_	_	_	_	linguistic	_	none	Intonation=Falling	End=1267.097	_	_	_	_
399-0	TO055	399	399	0	e:	e	_	_	_	_	_	linguistic	_	none	_	Begin=1268.613	0x1	_	_	_
399-1	TO055	399	399	1	per	per	_	_	_	_	_	linguistic	_	none	_	_	_	_	_	_
399-2	TO055	399	399	2	il	il	_	_	_	_	_	linguistic	_	none	_	_	_	_	_	_
399-3	TO055	399	399	3	resto::	resto	_	_	_	_	_	linguistic	_	none	ProsodicLink=Yes	_	4x2	_	_	_
399-4	TO055	399	399	4	mh	mh	_	_	_	_	_	linguistic	_	none	_	End=1271.036	_	_	_	_
400-0	TO055	400	400	0	hai	hai	_	_	_	_	_	linguistic	_	none	_	Begin=1272.0	_	_	_	_
400-1	TO055	400	400	1	faticato	faticato	_	_	_	_	_	linguistic	_	none	_	_	_	_	_	_
400-2	TO055	400	400	2	a	a	_	_	_	_	_	linguistic	_	none	_	_	_	_	_	_
400-3	TO055	400	400	3	socializzare	socializzare	_	_	_	_	_	linguistic	_	none	_	_	_	_	_	_
400-4	TO055	400	400	4	con	con	_	_	_	_	_	linguistic	_	none	_	_	_	_	_	_
400-5	TO055	400	400	5	altre	altre	_	_	_	_	_	linguistic	_	none	_	_	_	_	_	_
400-6	TO055	400	400	6	persone::	persone	_	_	_	_	_	linguistic	_	none	_	_	6x2	_	_	_
400-7	TO055	400	400	7	come	come	_	_	_	_	_	linguistic	_	none	_	_	_	_	_	_
400-8	TO055	400	400	8	è	è	_	_	_	_	_	linguistic	_	none	_	_	_	_	_	_
400-9	TO055	400	400	9	stato	stato	_	_	_	_	_	linguistic	_	none	_	_	_	_	_	_
400-10	TO055	400	400	10	il	il	_	_	_	_	_	linguistic	_	none	_	_	_	_	_	_
400-11	TO055	400	400	11	primo	primo	_	_	_	_	_	linguistic	_	none	_	_	_	_	_	_
400-12	TO055	400	400	12	impatto::,	impatto	_	_	_	_	_	linguistic	_	none	Intonation=WeaklyRising	End=1277.614	6x2	_	_	_
401-0	TO041	401	401	0	allora,	allora	_	_	_	_	_	linguistic	_	none	Intonation=WeaklyRising	Begin=1277.752|End=1278.273	_	_	_	_
402-0	TO041	402	402	0	il	il	_	_	_	_	_	linguistic	_	none	_	Begin=1278.6	_	_	_	_
402-1	TO041	402	402	1	primo	primo	_	_	_	_	_	linguistic	_	none	_	_	_	_	_	_
402-2	TO041	402	402	2	impatto	impatto	_	_	_	_	_	linguistic	_	none	_	_	_	_	_	_
402-3	TO041	402	402	3	come	come	_	_	_	_	_	linguistic	_	none	_	_	_	_	_	_
402-4	TO041	402	402	4	ho	ho	_	_	_	_	_	linguistic	_	none	_	_	_	_	_	_
402-5	TO041	402	402	5	già	già	_	_	_	_	_	linguistic	_	none	_	_	_	_	_	_
402-6	TO041	402	402	6	detto	detto	_	_	_	_	_	linguistic	_	none	_	_	_	_	_	_
402-7	TO041	402	402	7	non	non	_	_	_	_	_	linguistic	_	none	_	_	_	_	_	_
402-8	TO041	402	402	8	molto:	molto	_	_	_	_	_	linguistic	_	none	_	End=1281.733	4x1	_	_	_
403-0	TO041	403	403	0	fac[ile].	facile	_	_	_	_	_	linguistic	_	none	Intonation=Falling	Begin=1282.552|End=1283.274	_	_	_	3-6(69)
404-0	TO055	404	404	0	[faci]le.	facile	_	_	_	_	_	linguistic	_	none	Intonation=Falling	Begin=1282.98|End=1283.504	_	_	_	0-4(69)
405-0	TO041	405	405	0	però	però	_	_	_	_	_	linguistic	_	none	_	Begin=1283.546	_	_	_	_
405-1	TO041	405	405	1	comunque	comunque	_	_	_	_	_	linguistic	_	none	_	_	_	_	_	_
405-2	TO041	405	405	2	è	è	_	_	_	_	_	linguistic	_	none	_	_	_	_	_	_
405-3	TO041	405	405	3	proprio	proprio	_	_	_	_	_	linguistic	_	none	_	_	_	_	_	_
405-4	TO041	405	405	4	una	una	_	_	_	_	_	linguistic	_	none	_	_	_	_	_	_
405-5	TO041	405	405	5	questione	questione	_	_	_	_	_	linguistic	_	none	_	_	_	_	_	_
405-6	TO041	405	405	6	dei	dei	_	_	_	_	_	linguistic	_	none	PauseAfter=Yes	_	_	_	_	_
405-7	TO041	405	405	7	(.)	(.)	_	_	_	_	_	shortpause	_	none	_	_	_	_	_	_
405-8	TO041	405	405	8	<primi	primi	_	_	_	_	_	linguistic	_	none	_	_	_	Slow=0-5(0)	_	_
405-9	TO041	405	405	9	giorni>	giorni	_	_	_	_	_	linguistic	_	none	_	_	_	Slow=0-6(0)	_	_
405-10	TO041	405	405	10	perché	perché	_	_	_	_	_	linguistic	_	none	_	_	_	_	_	_
405-11	TO041	405	405	11	poi	poi	_	_	_	_	_	linguistic	_	none	_	_	_	_	_	_
405-12	TO041	405	405	12	già	già	_	_	_	_	_	linguistic	_	none	_	_	_	_	_	_
405-13	TO041	405	405	13	quando:	quando	_	_	_	_	_	linguistic	_	none	_	_	5x1	_	_	_
405-14	TO041	405	405	14	eh	eh	_	_	_	_	_	linguistic	_	none	_	_	_	_	_	_
405-15	TO041	405	405	15	mi	mi	_	_	_	_	_	linguistic	_	none	_	_	_	_	_	_
405-16	TO041	405	405	16	è	è	_	_	_	_	_	linguistic	_	none	_	_	_	_	_	_
405-17	TO041	405	405	17	ar~	ar~	_	_	_	_	_	linguistic	_	none	Interrupted=Yes	_	_	_	_	_
405-18	TO041	405	405	18	quando:	quando	_	_	_	_	_	linguistic	_	none	_	_	5x1	_	_	_
405-19	TO041	405	405	19	è	è	_	_	_	_	_	linguistic	_	none	_	_	_	_	_	_
405-20	TO041	405	405	20	arrivata	arrivata	_	_	_	_	_	linguistic	_	none	_	_	_	_	_	_
405-21	TO041	405	405	21	la	la	_	_	_	_	_	linguistic	_	none	_	_	_	_	_	_
405-22	TO041	405	405	22	mia	mia	_	_	_	_	_	linguistic	_	none	_	_	_	_	_	_
405-23	TO041	405	405	23	coinquilina	coinquilina	_	_	_	_	_	linguistic	_	none	_	_	_	_	_	_
405-24	TO041	405	405	24	spagnola	spagnola	_	_	_	_	_	linguistic	_	none	_	_	_	_	_	_
405-25	TO041	405	405	25	comunque,	comunque	_	_	_	_	_	linguistic	_	none	Intonation=WeaklyRising	End=1293.165	_	_	_	_
406-0	TO041	406	406	0	abbiamo	abbiamo	_	_	_	_	_	linguistic	_	none	_	Begin=1293.465	_	_	_	_
406-1	TO041	406	406	1	subito	subito	_	_	_	_	_	linguistic	_	none	_	_	_	_	_	_
406-2	TO041	406	406	2	trovat~	trovat~	_	_	_	_	_	linguistic	_	none	Interrupted=Yes	_	_	_	_	_
406-3	TO041	406	406	3	socializzato	socializzato	_	_	_	_	_	linguistic	_	none	_	_	_	_	_	_
406-4	TO041	406	406	4	con	con	_	_	_	_	_	linguistic	_	none	_	_	_	_	_	_
406-5	TO041	406	406	5	altre	altre	_	_	_	_	_	linguistic	_	none	_	_	_	_	_	_
406-6	TO041	406	406	6	ragazze	ragazze	_	_	_	_	_	linguistic	_	none	_	_	_	_	_	_
406-7	TO041	406	406	7	eccetera,	eccetera	_	_	_	_	_	linguistic	_	none	Intonation=WeaklyRising	End=1297.111	_	_	_	_
407-0	TO041	407	407	0	e::h	eh	_	_	_	_	_	linguistic	_	none	_	Begin=1297.671	0x2	_	_	_
407-1	TO041	407	407	1	poi,	poi	_	_	_	_	_	linguistic	_	none	Intonation=WeaklyRising	End=1298.97	_	_	_	_
408-0	TO041	408	408	0	vabbè.	vabbè	_	_	_	_	_	linguistic	_	none	Intonation=Falling	Begin=1299.421|End=1299.879	_	_	_	_
409-0	TO041	409	409	0	l'	l'	_	_	_	_	_	linguistic	_	none	SpaceAfter=No	Begin=1299.917	_	_	_	_
409-1	TO041	409	409	1	organi~	organi~	_	_	_	_	_	linguistic	_	none	Interrupted=Yes	_	_	_	_	_
409-2	TO041	409	409	2	e:h	eh	_	_	_	_	_	linguistic	_	none	_	_	0x1	_	_	_
409-3	TO041	409	409	3	c'	c'	_	_	_	_	_	linguistic	_	none	SpaceAfter=No	_	_	_	_	_
409-4	TO041	409	409	4	erano	erano	_	_	_	_	_	linguistic	_	none	_	_	_	_	_	_
409-5	TO041	409	409	5	diverse	diverse	_	_	_	_	_	linguistic	_	none	_	_	_	_	_	_
409-6	TO041	409	409	6	organizzazioni	organizzazioni	_	_	_	_	_	linguistic	_	none	_	_	_	_	_	_
409-7	TO041	409	409	7	studentesche	studentesche	_	_	_	_	_	linguistic	_	none	_	_	_	_	_	_
409-8	TO041	409	409	8	che	che	_	_	_	_	_	linguistic	_	none	_	_	_	_	_	_
409-9	TO041	409	409	9	come	come	_	_	_	_	_	linguistic	_	none	_	_	_	_	_	_
409-10	TO041	409	409	10	da	da	_	_	_	_	_	linguistic	_	none	_	_	_	_	_	_
409-11	TO041	409	409	11	noi	noi	_	_	_	_	_	linguistic	_	none	_	_	_	_	_	_
409-12	TO041	409	409	12	organizzavano	organizzavano	_	_	_	_	_	linguistic	_	none	_	_	_	_	_	_
409-13	TO041	409	409	13	feste:	feste	_	_	_	_	_	linguistic	_	none	_	_	4x1	_	_	_
409-14	TO041	409	409	14	<la	la	_	_	_	_	_	linguistic	_	none	_	_	_	Slow=0-2(0)	_	_
409-15	TO041	409	409	15	sera:	sera	_	_	_	_	_	linguistic	_	none	_	_	3x1	Slow=0-4(0)	_	_
409-16	TO041	409	409	16	oppure	oppure	_	_	_	_	_	linguistic	_	none	_	_	_	Slow=0-6(0)	_	_
409-17	TO041	409	409	17	anche:>	anche	_	_	_	_	_	linguistic	_	none	_	End=1308.899	4x1	Slow=0-5(0)	_	_
410-0	TO041	410	410	0	camminate:,	camminate	_	_	_	_	_	linguistic	_	none	Intonation=WeaklyRising	Begin=1309.419|End=1311.023	8x1	_	_	_
411-0	TO041	411	411	0	e::	e	_	_	_	_	_	linguistic	_	none	_	Begin=1311.478|End=1312.302	0x2	_	_	_
412-0	TO055	412	412	0	un	un	_	_	_	_	_	linguistic	_	none	_	Begin=1312.412	_	_	_	_
412-1	TO055	412	412	1	po'	po'	_	_	_	_	_	linguistic	_	none	_	_	_	_	_	_
412-2	TO055	412	412	2	di	di	_	_	_	_	_	linguistic	_	none	_	_	_	_	_	_
412-3	TO055	412	412	3	eventi.	eventi	_	_	_	_	_	linguistic	_	none	Intonation=Falling	End=1313.321	_	_	_	_
413-0	TO041	413	413	0	esatto	esatto	_	_	_	_	_	linguistic	_	none	_	Begin=1313.321	_	_	_	_
413-1	TO041	413	413	1	qualche	qualche	_	_	_	_	_	linguistic	_	none	_	_	_	_	_	_
413-2	TO041	413	413	2	evento	evento	_	_	_	_	_	linguistic	_	none	_	_	_	_	_	_
413-3	TO041	413	413	3	così,	così	_	_	_	_	_	linguistic	_	none	Intonation=WeaklyRising	End=1315.318	_	_	_	_
414-0	TO041	414	414	0	che	che	_	_	_	_	_	linguistic	_	none	_	Begin=1315.428	_	_	_	_
414-1	TO041	414	414	1	è	è	_	_	_	_	_	linguistic	_	none	_	_	_	_	_	_
414-2	TO041	414	414	2	stato	stato	_	_	_	_	_	linguistic	_	none	_	_	_	_	_	_
414-3	TO041	414	414	3	molto:	molto	_	_	_	_	_	linguistic	_	none	_	_	4x1	_	_	_
414-4	TO041	414	414	4	bello	bello	_	_	_	_	_	linguistic	_	none	_	_	_	_	_	_
414-5	TO041	414	414	5	perché:	perché	_	_	_	_	_	linguistic	_	none	_	End=1317.917	5x1	_	_	_
415-0	TO041	415	415	0	ovviamente	ovviamente	_	_	_	_	_	linguistic	_	none	_	Begin=1318.103	_	_	_	_
415-1	TO041	415	415	1	sono	sono	_	_	_	_	_	linguistic	_	none	_	_	_	_	_	_
415-2	TO041	415	415	2	i	i	_	_	_	_	_	linguistic	_	none	_	_	_	_	_	_
415-3	TO041	415	415	3	momenti	momenti	_	_	_	_	_	linguistic	_	none	_	_	_	_	_	_
415-4	TO041	415	415	4	migliori	migliori	_	_	_	_	_	linguistic	_	none	_	_	_	_	_	_
415-5	TO041	415	415	5	in	in	_	_	_	_	_	linguistic	_	none	_	_	_	_	_	_
415-6	TO041	415	415	6	cui,	cui	_	_	_	_	_	linguistic	_	none	Intonation=WeaklyRising	End=1321.119	_	_	_	_
416-0	TO041	416	416	0	poter	poter	_	_	_	_	_	linguistic	_	none	_	Begin=1321.388	_	_	_	_
416-1	TO041	416	416	1	socializzare	socializzare	_	_	_	_	_	linguistic	_	none	_	_	_	_	_	_
416-2	TO041	416	416	2	e	e	_	_	_	_	_	linguistic	_	none	_	_	_	_	_	_
416-3	TO041	416	416	3	poi	poi	_	_	_	_	_	linguistic	_	none	_	_	_	_	_	_
416-4	TO041	416	416	4	anche	anche	_	_	_	_	_	linguistic	_	none	_	_	_	_	_	_
416-5	TO041	416	416	5	a	a	_	_	_	_	_	linguistic	_	none	_	_	_	_	_	_
416-6	TO041	416	416	6	lezione	lezione	_	_	_	_	_	linguistic	_	none	_	_	_	_	_	_
416-7	TO041	416	416	7	>dato	dato	_	_	_	_	_	linguistic	_	none	_	_	_	Fast=0-4(0)	_	_
416-8	TO041	416	416	8	che	che	_	_	_	_	_	linguistic	_	none	_	_	_	Fast=0-3(0)	_	_
416-9	TO041	416	416	9	erano	erano	_	_	_	_	_	linguistic	_	none	_	_	_	Fast=0-5(0)	_	_
416-10	TO041	416	416	10	molto	molto	_	_	_	_	_	linguistic	_	none	_	_	_	Fast=0-5(0)	_	_
416-11	TO041	416	416	11	interattive	interattive	_	_	_	_	_	linguistic	_	none	_	_	_	Fast=0-11(0)	_	_
416-12	TO041	416	416	12	ovviamente<	ovviamente	_	_	_	_	_	linguistic	_	none	_	_	_	Fast=0-10(0)	_	_
416-13	TO041	416	416	13	alla	alla	_	_	_	_	_	linguistic	_	none	_	_	_	_	_	_
416-14	TO041	416	416	14	fine	fine	_	_	_	_	_	linguistic	_	none	_	_	_	_	_	_
416-15	TO041	416	416	15	anche	anche	_	_	_	_	_	linguistic	_	none	_	_	_	_	_	_
416-16	TO041	416	416	16	trovandoti	trovandoti	_	_	_	_	_	linguistic	_	none	_	_	_	_	_	_
416-17	TO041	416	416	17	a	a	_	_	_	_	_	linguistic	_	none	_	_	_	_	_	_
416-18	TO041	416	416	18	dover	dover	_	_	_	_	_	linguistic	_	none	_	_	_	_	_	_
416-19	TO041	416	416	19	fare	fare	_	_	_	_	_	linguistic	_	none	_	_	_	_	_	_
416-20	TO041	416	416	20	diversi	diversi	_	_	_	_	_	linguistic	_	none	_	_	_	_	_	_
416-21	TO041	416	416	21	lavori	lavori	_	_	_	_	_	linguistic	_	none	_	_	_	_	_	_
416-22	TO041	416	416	22	di	di	_	_	_	_	_	linguistic	_	none	_	_	_	_	_	_
416-23	TO041	416	416	23	gruppo,	gruppo	_	_	_	_	_	linguistic	_	none	Intonation=WeaklyRising	End=1329.412	_	_	_	_
417-0	TO041	417	417	0	socializzi.	socializzi	_	_	_	_	_	linguistic	_	none	Intonation=Falling	Begin=1329.835|End=1330.714	_	_	_	_
418-0	TO041	418	418	0	e	e	_	_	_	_	_	linguistic	_	none	_	Begin=1330.972	_	_	_	_
418-1	TO041	418	418	1	po:i	poi	_	_	_	_	_	linguistic	_	none	_	_	1x1	_	_	_
418-2	TO041	418	418	2	io	io	_	_	_	_	_	linguistic	_	none	_	_	_	_	_	_
418-3	TO041	418	418	3	ho	ho	_	_	_	_	_	linguistic	_	none	_	_	_	_	_	_
418-4	TO041	418	418	4	socializzato	socializzato	_	_	_	_	_	linguistic	_	none	_	_	_	_	_	_
418-5	TO041	418	418	5	molto	molto	_	_	_	_	_	linguistic	_	none	_	_	_	_	_	_
418-6	TO041	418	418	6	attraverso	attraverso	_	_	_	_	_	linguistic	_	none	_	_	_	_	_	_
418-7	TO041	418	418	7	lo	lo	_	_	_	_	_	linguistic	_	none	_	_	_	_	_	_
418-8	TO041	418	418	8	sport,	sport	_	_	_	_	_	linguistic	_	none	Intonation=WeaklyRising	End=1335.168	_	_	_	_
419-0	TO041	419	419	0	perché:	perché	_	_	_	_	_	linguistic	_	none	_	Begin=1335.529|End=1336.596	5x1	_	_	_
420-0	TO041	420	420	0	>anche	anche	_	_	_	_	_	linguistic	_	none	_	Begin=1336.718	_	Fast=0-5(0)	_	_
420-1	TO041	420	420	1	questa	questa	_	_	_	_	_	linguistic	_	none	_	_	_	Fast=0-6(0)	_	_
420-2	TO041	420	420	2	è	è	_	_	_	_	_	linguistic	_	none	_	_	_	Fast=0-1(0)	_	_
420-3	TO041	420	420	3	stata	stata	_	_	_	_	_	linguistic	_	none	_	_	_	Fast=0-5(0)	_	_
420-4	TO041	420	420	4	una	una	_	_	_	_	_	linguistic	_	none	_	_	_	Fast=0-3(0)	_	_
420-5	TO041	420	420	5	cosa	cosa	_	_	_	_	_	linguistic	_	none	_	_	_	Fast=0-4(0)	_	_
420-6	TO041	420	420	6	molto	molto	_	_	_	_	_	linguistic	_	none	_	_	_	Fast=0-5(0)	_	_
420-7	TO041	420	420	7	positiva	positiva	_	_	_	_	_	linguistic	_	none	_	_	_	Fast=0-8(0)	_	_
420-8	TO041	420	420	8	del	del	_	_	_	_	_	linguistic	_	none	_	_	_	Fast=0-3(0)	_	_
420-9	TO041	420	420	9	mio	mio	_	_	_	_	_	linguistic	_	none	_	_	_	Fast=0-3(0)	_	_
420-10	TO041	420	420	10	erasmus<	erasmus	_	_	_	_	_	linguistic	_	none	_	_	_	Fast=0-7(0)	_	_
420-11	TO041	420	420	11	infatti	infatti	_	_	_	_	_	linguistic	_	none	_	_	_	_	_	_
420-12	TO041	420	420	12	e::h	eh	_	_	_	_	_	linguistic	_	none	_	_	0x2	_	_	_
420-13	TO041	420	420	13	le	le	_	_	_	_	_	linguistic	_	none	_	_	_	_	_	_
420-14	TO041	420	420	14	strutture	strutture	_	_	_	_	_	linguistic	_	none	_	_	_	_	_	_
420-15	TO041	420	420	15	sportive	sportive	_	_	_	_	_	linguistic	_	none	_	_	_	_	_	_
420-16	TO041	420	420	16	erano	erano	_	_	_	_	_	linguistic	_	none	_	_	_	_	_	_
420-17	TO041	420	420	17	molto:	molto	_	_	_	_	_	linguistic	_	none	_	End=1343.807	4x1	_	_	_
421-0	TO041	421	421	0	cioè,	cioè	_	_	_	_	_	linguistic	_	none	Intonation=WeaklyRising	Begin=1344.128|End=1344.688	_	_	_	_
422-0	TO041	422	422	0	c'	c'	_	_	_	_	_	linguistic	_	none	SpaceAfter=No	Begin=1344.86	_	_	_	_
422-1	TO041	422	422	1	erano	erano	_	_	_	_	_	linguistic	_	none	_	_	_	_	_	_
422-2	TO041	422	422	2	tantissime	tantissime	_	_	_	_	_	linguistic	_	none	_	_	_	_	_	_
422-3	TO041	422	422	3	palestre	palestre	_	_	_	_	_	linguistic	_	none	_	_	_	_	_	_
422-4	TO041	422	422	4	tantissime	tantissime	_	_	_	_	_	linguistic	_	none	_	_	_	_	_	_
422-5	TO041	422	422	5	piscine,	piscine	_	_	_	_	_	linguistic	_	none	Intonation=WeaklyRising	End=1348.449	_	_	_	_
423-0	TO041	423	423	0	e::	e	_	_	_	_	_	linguistic	_	none	_	Begin=1348.633	0x2	_	_	_
423-1	TO041	423	423	1	che	che	_	_	_	_	_	linguistic	_	none	_	_	_	_	_	_
423-2	TO041	423	423	2	offrivano:	offrivano	_	_	_	_	_	linguistic	_	none	_	_	8x1	_	_	_
423-3	TO041	423	423	3	corsi	corsi	_	_	_	_	_	linguistic	_	none	_	_	_	_	_	_
423-4	TO041	423	423	4	di	di	_	_	_	_	_	linguistic	_	none	_	_	_	_	_	_
423-5	TO041	423	423	5	di	di	_	_	_	_	_	linguistic	_	none	_	_	_	_	_	_
423-6	TO041	423	423	6	diverso:	diverso	_	_	_	_	_	linguistic	_	none	_	_	6x1	_	_	_
423-7	TO041	423	423	7	ge~	ge~	_	_	_	_	_	linguistic	_	none	Interrupted=Yes	_	_	_	_	_
423-8	TO041	423	423	8	genere.	genere	_	_	_	_	_	linguistic	_	none	Intonation=Falling	End=1353.229	_	_	_	_
424-0	TO041	424	424	0	e	e	_	_	_	_	_	linguistic	_	none	_	Begin=1353.454	_	_	_	_
424-1	TO041	424	424	1	quindi:	quindi	_	_	_	_	_	linguistic	_	none	ProsodicLink=Yes	_	5x1	_	_	_
424-2	TO041	424	424	2	mh	mh	_	_	_	_	_	linguistic	_	none	_	End=1354.871	_	_	_	_
425-0	TO041	425	425	0	ho	ho	_	_	_	_	_	linguistic	_	none	_	Begin=1355.003	_	_	_	_
425-1	TO041	425	425	1	provato	provato	_	_	_	_	_	linguistic	_	none	_	_	_	_	_	_
425-2	TO041	425	425	2	tanti	tanti	_	_	_	_	_	linguistic	_	none	_	_	_	_	_	_
425-3	TO041	425	425	3	sport	sport	_	_	_	_	_	linguistic	_	none	_	_	_	_	_	_
425-4	TO041	425	425	4	diversi	diversi	_	_	_	_	_	linguistic	_	none	_	_	_	_	_	_
425-5	TO041	425	425	5	con	con	_	_	_	_	_	linguistic	_	none	_	_	_	_	_	_
425-6	TO041	425	425	6	tante	tante	_	_	_	_	_	linguistic	_	none	_	_	_	_	_	_
425-7	TO041	425	425	7	persone	persone	_	_	_	_	_	linguistic	_	none	_	_	_	_	_	_
425-8	TO041	425	425	8	diverse	diverse	_	_	_	_	_	linguistic	_	none	_	_	_	_	_	_
425-9	TO041	425	425	9	e	e	_	_	_	_	_	linguistic	_	none	_	_	_	_	_	_
425-10	TO041	425	425	10	quindi	quindi	_	_	_	_	_	linguistic	_	none	_	_	_	_	_	_
425-11	TO041	425	425	11	alla	alla	_	_	_	_	_	linguistic	_	none	_	_	_	_	_	_
425-12	TO041	425	425	12	fine	fine	_	_	_	_	_	linguistic	_	none	_	_	_	_	_	_
425-13	TO041	425	425	13	divertendosi	divertendosi	_	_	_	_	_	linguistic	_	none	PauseAfter=Yes	_	_	_	_	_
425-14	TO041	425	425	14	(.)	(.)	_	_	_	_	_	shortpause	_	none	_	_	_	_	_	_
425-15	TO041	425	425	15	e	e	_	_	_	_	_	linguistic	_	none	_	_	_	_	_	_
425-16	TO041	425	425	16	facendo	facendo	_	_	_	_	_	linguistic	_	none	_	_	_	_	_	_
425-17	TO041	425	425	17	sport	sport	_	_	_	_	_	linguistic	_	none	_	_	_	_	_	_
425-18	TO041	425	425	18	ho	ho	_	_	_	_	_	linguistic	_	none	_	_	_	_	_	_
425-19	TO041	425	425	19	socializzato	socializzato	_	_	_	_	_	linguistic	_	none	_	_	_	_	_	_
425-20	TO041	425	425	20	molto	molto	_	_	_	_	_	linguistic	_	none	_	_	_	_	_	_
425-21	TO041	425	425	21	e	e	_	_	_	_	_	linguistic	_	none	_	_	_	_	_	_
425-22	TO041	425	425	22	poi:	poi	_	_	_	_	_	linguistic	_	none	_	End=1365.33	2x1	_	_	_
426-0	TO041	426	426	0	i	i	_	_	_	_	_	linguistic	_	none	_	Begin=1365.739	_	_	_	_
426-1	TO041	426	426	1	finlandesi,	finlandesi	_	_	_	_	_	linguistic	_	none	Intonation=WeaklyRising	End=1367.183	_	_	_	_
427-0	TO041	427	427	0	tengono	tengono	_	_	_	_	_	linguistic	_	none	_	Begin=1367.319	_	_	_	_
427-1	TO041	427	427	1	tanto,	tanto	_	_	_	_	_	linguistic	_	none	Intonation=WeaklyRising	End=1368.816	_	_	_	_
428-0	TO041	428	428	0	cioè	cioè	_	_	_	_	_	linguistic	_	none	_	Begin=1369.068	_	_	_	_
428-1	TO041	428	428	1	>fanno	fanno	_	_	_	_	_	linguistic	_	none	_	_	_	Fast=0-5(0)	_	_
428-2	TO041	428	428	2	tanto	tanto	_	_	_	_	_	linguistic	_	none	_	_	_	Fast=0-5(0)	_	_
428-3	TO041	428	428	3	sport<.	sport	_	_	_	_	_	linguistic	_	none	Intonation=Falling	End=1370.816	_	Fast=0-5(0)	_	_
429-0	TO041	429	429	0	e	e	_	_	_	_	_	linguistic	_	none	_	Begin=1371.183	_	_	_	_
429-1	TO041	429	429	1	quindi:	quindi	_	_	_	_	_	linguistic	_	none	_	End=1372.513	5x1	_	_	_
430-0	TO041	430	430	0	sia:	sia	_	_	_	_	_	linguistic	_	none	_	Begin=1372.826	2x1	_	_	_
430-1	TO041	430	430	1	adulti	adulti	_	_	_	_	_	linguistic	_	none	_	_	_	_	_	_
430-2	TO041	430	430	2	cioè	cioè	_	_	_	_	_	linguistic	_	none	_	_	_	_	_	_
430-3	TO041	430	430	3	sia	sia	_	_	_	_	_	linguistic	_	none	PauseAfter=Yes	_	_	_	_	_
430-4	TO041	430	430	4	(.)	(.)	_	_	_	_	_	shortpause	_	none	_	_	_	_	_	_
430-5	TO041	430	430	5	i	i	_	_	_	_	_	linguistic	_	none	_	_	_	_	_	_
430-6	TO041	430	430	6	>finlandesi	finlandesi	_	_	_	_	_	linguistic	_	none	_	_	_	Fast=0-10(0)	_	_
430-7	TO041	430	430	7	di	di	_	_	_	_	_	linguistic	_	none	_	_	_	Fast=0-2(0)	_	_
430-8	TO041	430	430	8	tutte	tutte	_	_	_	_	_	linguistic	_	none	_	_	_	Fast=0-5(0)	_	_
430-9	TO041	430	430	9	le	le	_	_	_	_	_	linguistic	_	none	_	_	_	Fast=0-2(0)	_	_
430-10	TO041	430	430	10	età	età	_	_	_	_	_	linguistic	_	none	_	_	_	Fast=0-3(0)	_	_
430-11	TO041	430	430	11	praticano	praticano	_	_	_	_	_	linguistic	_	none	_	_	_	Fast=0-9(0)	_	_
430-12	TO041	430	430	12	lo	lo	_	_	_	_	_	linguistic	_	none	_	_	_	Fast=0-2(0)	_	_
430-13	TO041	430	430	13	s~	s~	_	_	_	_	_	linguistic	_	none	Interrupted=Yes	_	_	Fast=0-2(0)	_	_
430-14	TO041	430	430	14	pratican[o	praticano	_	_	_	_	_	linguistic	_	none	_	_	_	Fast=0-9(0)	_	8-9(72)
430-15	TO041	430	430	15	sport<].	sport	_	_	_	_	_	linguistic	_	none	Intonation=Falling	End=1378.761	_	Fast=0-5(0)	_	0-5(72)
431-0	TO055	431	431	0	[e:h	eh	_	_	_	_	_	linguistic	_	none	_	Begin=1377.869	0x1	_	_	0-2(72)
431-1	TO055	431	431	1	ma	ma	_	_	_	_	_	linguistic	_	none	_	_	_	_	_	0-2(72)
431-2	TO055	431	431	2	probabilment]e	probabilmente	_	_	_	_	_	linguistic	_	none	_	_	_	_	_	0-12(72)
431-3	TO055	431	431	3	è	è	_	_	_	_	_	linguistic	_	none	_	_	_	_	_	_
431-4	TO055	431	431	4	proprio	proprio	_	_	_	_	_	linguistic	_	none	_	_	_	_	_	_
431-5	TO055	431	431	5	per	per	_	_	_	_	_	linguistic	_	none	_	_	_	_	_	_
431-6	TO055	431	431	6	quel	quel	_	_	_	_	_	linguistic	_	none	_	_	_	_	_	_
431-7	TO055	431	431	7	poco	poco	_	_	_	_	_	linguistic	_	none	_	_	_	_	_	_
431-8	TO055	431	431	8	che	che	_	_	_	_	_	linguistic	_	none	_	_	_	_	_	_
431-9	TO055	431	431	9	offre::	offre	_	_	_	_	_	linguistic	_	none	_	_	4x2	_	_	_
431-10	TO055	431	431	10	un	un	_	_	_	_	_	linguistic	_	none	_	_	_	_	_	_
431-11	TO055	431	431	11	pa[ese	paese	_	_	_	_	_	linguistic	_	none	_	_	_	_	_	2-5(70)
431-12	TO055	431	431	12	come	come	_	_	_	_	_	linguistic	_	none	_	_	_	_	_	0-4(70)
431-13	TO055	431	431	13	la	la	_	_	_	_	_	linguistic	_	none	_	_	_	_	_	0-2(70)
431-14	TO055	431	431	14	f]inlandia,	finlandia	_	_	_	_	_	linguistic	_	none	Intonation=WeaklyRising	End=1383.0	_	_	_	0-1(70)
432-0	TO041	432	432	0	[sì	sì	_	_	_	_	_	linguistic	_	none	_	Begin=1381.48	_	_	_	0-2(70)
432-1	TO041	432	432	1	beh	beh	_	_	_	_	_	linguistic	_	none	_	_	_	_	_	0-3(70)
432-2	TO041	432	432	2	sì].	sì	_	_	_	_	_	linguistic	_	none	Intonation=Falling	End=1382.431	_	_	_	0-2(70)
433-0	TO041	433	433	0	è:	è	_	_	_	_	_	linguistic	_	none	_	Begin=1382.998	0x1	_	_	_
433-1	TO041	433	433	1	vero.	vero	_	_	_	_	_	linguistic	_	none	Intonation=Falling	End=1383.825	_	_	_	_
434-0	TO041	434	434	0	però	però	_	_	_	_	_	linguistic	_	none	_	Begin=1384.155	_	_	_	_
434-1	TO041	434	434	1	loro	loro	_	_	_	_	_	linguistic	_	none	_	_	_	_	_	_
434-2	TO041	434	434	2	ad	ad	_	_	_	_	_	linguistic	_	none	_	_	_	_	_	_
434-3	TO041	434	434	3	esempio	esempio	_	_	_	_	_	linguistic	_	none	_	_	_	_	_	_
434-4	TO041	434	434	4	camminano	camminano	_	_	_	_	_	linguistic	_	none	_	_	_	_	_	_
434-5	TO041	434	434	5	ta:nto	tanto	_	_	_	_	_	linguistic	_	none	_	_	1x1	_	_	_
434-6	TO041	434	434	6	anche	anche	_	_	_	_	_	linguistic	_	none	_	_	_	_	_	_
434-7	TO041	434	434	7	all'	all'	_	_	_	_	_	linguistic	_	none	SpaceAfter=No	_	_	_	_	_
434-8	TO041	434	434	8	aperto,	aperto	_	_	_	_	_	linguistic	_	none	Intonation=WeaklyRising	End=1388.073	_	_	_	_
435-0	TO041	435	435	0	e::h	eh	_	_	_	_	_	linguistic	_	none	ProsodicLink=Yes	Begin=1388.523	0x2	_	_	_
435-1	TO041	435	435	1	mh	mh	_	_	_	_	_	linguistic	_	none	_	_	_	_	_	_
435-2	TO041	435	435	2	vabbè	vabbè	_	_	_	_	_	linguistic	_	none	_	_	_	_	_	_
435-3	TO041	435	435	3	sciano	sciano	_	_	_	_	_	linguistic	_	none	_	_	_	_	_	_
435-4	TO041	435	435	4	tanto	tanto	_	_	_	_	_	linguistic	_	none	_	_	_	_	_	_
435-5	TO041	435	435	5	fanno	fanno	_	_	_	_	_	linguistic	_	none	_	_	_	_	_	_
435-6	TO041	435	435	6	tanto	tanto	_	_	_	_	_	linguistic	_	none	_	_	_	_	_	_
435-7	TO041	435	435	7	scii	scii	_	_	_	_	_	linguistic	_	none	_	_	_	_	_	_
435-8	TO041	435	435	8	di	di	_	_	_	_	_	linguistic	_	none	_	_	_	_	_	_
435-9	TO041	435	435	9	fondo	fondo	_	_	_	_	_	linguistic	_	none	_	_	_	_	_	_
435-10	TO041	435	435	10	cioè	cioè	_	_	_	_	_	linguistic	_	none	_	_	_	_	_	_
435-11	TO041	435	435	11	addirittura	addirittura	_	_	_	_	_	linguistic	_	none	_	_	_	_	_	_
435-12	TO041	435	435	12	la	la	_	_	_	_	_	linguistic	_	none	_	_	_	_	_	_
435-13	TO041	435	435	13	gente	gente	_	_	_	_	_	linguistic	_	none	_	_	_	_	_	_
435-14	TO041	435	435	14	che	che	_	_	_	_	_	linguistic	_	none	_	_	_	_	_	_
435-15	TO041	435	435	15	va:	va	_	_	_	_	_	linguistic	_	none	_	_	1x1	_	_	_
435-16	TO041	435	435	16	con	con	_	_	_	_	_	linguistic	_	none	_	_	_	_	_	_
435-17	TO041	435	435	17	gli	gli	_	_	_	_	_	linguistic	_	none	_	_	_	_	_	_
435-18	TO041	435	435	18	scii	scii	_	_	_	_	_	linguistic	_	none	_	_	_	_	_	_
435-19	TO041	435	435	19	a	a	_	_	_	_	_	linguistic	_	none	_	_	_	_	_	_
435-20	TO041	435	435	20	lavorare,	lavorare	_	_	_	_	_	linguistic	_	none	Intonation=WeaklyRising	End=1395.229	_	_	_	_
436-0	TO041	436	436	0	per	per	_	_	_	_	_	linguistic	_	none	_	Begin=1395.385	_	_	_	_
436-1	TO041	436	436	1	dire	dire	_	_	_	_	_	linguistic	_	none	_	_	_	_	_	_
436-2	TO041	436	436	2	la	la	_	_	_	_	_	linguistic	_	none	_	_	_	_	_	_
436-3	TO041	436	436	3	mattina.	mattina	_	_	_	_	_	linguistic	_	none	Intonation=Falling	End=1396.743	_	_	_	_
437-0	TO041	437	437	0	e::h	eh	_	_	_	_	_	linguistic	_	none	_	Begin=1396.986|End=1397.889	0x2	_	_	_
438-0	TO041	438	438	0	sec~	sec~	_	_	_	_	_	linguistic	_	none	Interrupted=Yes	Begin=1398.448	_	_	_	_
438-1	TO041	438	438	1	e:h	eh	_	_	_	_	_	linguistic	_	none	_	_	0x1	_	_	_
438-2	TO041	438	438	2	facend~	facend~	_	_	_	_	_	linguistic	_	none	Interrupted=Yes	_	_	_	_	_
438-3	TO041	438	438	3	non	non	_	_	_	_	_	linguistic	_	none	_	_	_	_	_	_
438-4	TO041	438	438	4	lo	lo	_	_	_	_	_	linguistic	_	none	_	_	_	_	_	_
438-5	TO041	438	438	5	so	so	_	_	_	_	_	linguistic	_	none	_	_	_	_	_	_
438-6	TO041	438	438	6	in	in	_	_	_	_	_	linguistic	_	none	_	_	_	_	_	_
438-7	TO041	438	438	7	questo	questo	_	_	_	_	_	linguistic	_	none	_	_	_	_	_	_
438-8	TO041	438	438	8	contesto,	contesto	_	_	_	_	_	linguistic	_	none	Intonation=WeaklyRising	End=1401.944	_	_	_	_
439-0	TO041	439	439	0	di	di	_	_	_	_	_	linguistic	_	none	_	Begin=1402.026	_	_	_	_
439-1	TO041	439	439	1	sport,	sport	_	_	_	_	_	linguistic	_	none	Intonation=WeaklyRising	End=1403.1	_	_	_	_
440-0	TO041	440	440	0	sono:	sono	_	_	_	_	_	linguistic	_	none	_	Begin=1403.564	3x1	_	_	_
440-1	TO041	440	440	1	le	le	_	_	_	_	_	linguistic	_	none	_	_	_	_	_	_
440-2	TO041	440	440	2	persone	persone	_	_	_	_	_	linguistic	_	none	_	_	_	_	_	_
440-3	TO041	440	440	3	sono	sono	_	_	_	_	_	linguistic	_	none	_	_	_	_	_	_
440-4	TO041	440	440	4	molto	molto	_	_	_	_	_	linguistic	_	none	_	_	_	_	_	_
440-5	TO041	440	440	5	più:	più	_	_	_	_	_	linguistic	_	none	_	_	2x1	_	_	_
440-6	TO041	440	440	6	tendono	tendono	_	_	_	_	_	linguistic	_	none	_	_	_	_	_	_
440-7	TO041	440	440	7	ad	ad	_	_	_	_	_	linguistic	_	none	_	_	_	_	_	_
440-8	TO041	440	440	8	essere	essere	_	_	_	_	_	linguistic	_	none	_	_	_	_	_	_
440-9	TO041	440	440	9	molto	molto	_	_	_	_	_	linguistic	_	none	_	_	_	_	_	_
440-10	TO041	440	440	10	più	più	_	_	_	_	_	linguistic	_	none	_	_	_	_	_	_
440-11	TO041	440	440	11	aperte.	aperte	_	_	_	_	_	linguistic	_	none	Intonation=Falling	End=1408.22	_	_	_	_
441-0	TO041	441	441	0	e	e	_	_	_	_	_	linguistic	_	none	_	Begin=1408.412	_	_	_	_
441-1	TO041	441	441	1	quindi::	quindi	_	_	_	_	_	linguistic	_	none	_	_	5x2	_	_	_
441-2	TO041	441	441	2	io:	io	_	_	_	_	_	linguistic	_	none	_	_	1x1	_	_	_
441-3	TO041	441	441	3	ho	ho	_	_	_	_	_	linguistic	_	none	_	_	_	_	_	_
441-4	TO041	441	441	4	trovato	trovato	_	_	_	_	_	linguistic	_	none	_	_	_	_	_	_
441-5	TO041	441	441	5	che	che	_	_	_	_	_	linguistic	_	none	_	_	_	_	_	_
441-6	TO041	441	441	6	fosse	fosse	_	_	_	_	_	linguistic	_	none	_	_	_	_	_	_
441-7	TO041	441	441	7	un	un	_	_	_	_	_	linguistic	_	none	_	_	_	_	_	_
441-8	TO041	441	441	8	modo	modo	_	_	_	_	_	linguistic	_	none	_	_	_	_	_	_
441-9	TO041	441	441	9	veramente	veramente	_	_	_	_	_	linguistic	_	none	_	_	_	_	_	_
441-10	TO041	441	441	10	s~	s~	_	_	_	_	_	linguistic	_	none	Interrupted=Yes	_	_	_	_	_
441-11	TO041	441	441	11	molto	molto	_	_	_	_	_	linguistic	_	none	_	_	_	_	_	_
441-12	TO041	441	441	12	molto	molto	_	_	_	_	_	linguistic	_	none	_	_	_	_	_	_
441-13	TO041	441	441	13	efficace	efficace	_	_	_	_	_	linguistic	_	none	_	_	_	_	_	_
441-14	TO041	441	441	14	di:	di	_	_	_	_	_	linguistic	_	none	_	_	1x1	_	_	_
441-15	TO041	441	441	15	fare	fare	_	_	_	_	_	linguistic	_	none	_	_	_	_	_	_
441-16	TO041	441	441	16	conoscenza	conoscenza	_	_	_	_	_	linguistic	_	none	_	_	_	_	_	_
441-17	TO041	441	441	17	anche	anche	_	_	_	_	_	linguistic	_	none	_	_	_	_	_	_
441-18	TO041	441	441	18	perché	perché	_	_	_	_	_	linguistic	_	none	_	_	_	_	_	_
441-19	TO041	441	441	19	tante	tante	_	_	_	_	_	linguistic	_	none	_	_	_	_	_	_
441-20	TO041	441	441	20	volte,	volte	_	_	_	_	_	linguistic	_	none	Intonation=WeaklyRising	End=1416.642	_	_	_	_
442-0	TO041	442	442	0	allo	allo	_	_	_	_	_	linguistic	_	none	_	Begin=1416.849	_	_	_	_
442-1	TO041	442	442	1	stesso	stesso	_	_	_	_	_	linguistic	_	none	_	_	_	_	_	_
442-2	TO041	442	442	2	corso,	corso	_	_	_	_	_	linguistic	_	none	Intonation=WeaklyRising	End=1418.337	_	_	_	_
443-0	TO041	443	443	0	in	in	_	_	_	_	_	linguistic	_	none	_	Begin=1418.456	_	_	_	_
443-1	TO041	443	443	1	palestra,	palestra	_	_	_	_	_	linguistic	_	none	Intonation=WeaklyRising	End=1419.473	_	_	_	_
444-0	TO041	444	444	0	e::h	eh	_	_	_	_	_	linguistic	_	none	_	Begin=1419.873	0x2	_	_	_
444-1	TO041	444	444	1	c'	c'	_	_	_	_	_	linguistic	_	none	SpaceAfter=No	_	_	_	_	_
444-2	TO041	444	444	2	era	era	_	_	_	_	_	linguistic	_	none	_	_	_	_	_	_
444-3	TO041	444	444	3	ra~	ra~	_	_	_	_	_	linguistic	_	none	Interrupted=Yes	_	_	_	_	_
444-4	TO041	444	444	4	c'	c'	_	_	_	_	_	linguistic	_	none	SpaceAfter=No	_	_	_	_	_
444-5	TO041	444	444	5	erano	erano	_	_	_	_	_	linguistic	_	none	_	_	_	_	_	_
444-6	TO041	444	444	6	ragazzi	ragazzi	_	_	_	_	_	linguistic	_	none	_	_	_	_	_	_
444-7	TO041	444	444	7	della	della	_	_	_	_	_	linguistic	_	none	_	_	_	_	_	_
444-8	TO041	444	444	8	nostra	nostra	_	_	_	_	_	linguistic	_	none	_	_	_	_	_	_
444-9	TO041	444	444	9	età	età	_	_	_	_	_	linguistic	_	none	_	_	_	_	_	_
444-10	TO041	444	444	10	però	però	_	_	_	_	_	linguistic	_	none	_	_	_	_	_	_
444-11	TO041	444	444	11	magari	magari	_	_	_	_	_	linguistic	_	none	_	_	_	_	_	_
444-12	TO041	444	444	12	anche::	anche	_	_	_	_	_	linguistic	_	none	_	End=1425.055	4x2	_	_	_
445-0	TO041	445	445	0	più	più	_	_	_	_	_	linguistic	_	none	_	Begin=1425.345	_	_	_	_
445-1	TO041	445	445	1	giovani	giovani	_	_	_	_	_	linguistic	_	none	_	_	_	_	_	_
445-2	TO041	445	445	2	oppure:	oppure	_	_	_	_	_	linguistic	_	none	_	_	5x1	_	_	_
445-3	TO041	445	445	3	signore::	signore	_	_	_	_	_	linguistic	_	none	_	End=1428.391	6x2	_	_	_
446-0	TO041	446	446	0	cinquantenni	cinquantenni	_	_	_	_	_	linguistic	_	none	_	Begin=1428.538	_	_	_	_
446-1	TO041	446	446	1	sessantenni,	sessantenni	_	_	_	_	_	linguistic	_	none	Intonation=WeaklyRising	End=1430.816	_	_	_	_
447-0	TO041	447	447	0	e	e	_	_	_	_	_	linguistic	_	none	_	Begin=1430.893	_	_	_	_
447-1	TO041	447	447	1	alla	alla	_	_	_	_	_	linguistic	_	none	_	_	_	_	_	_
447-2	TO041	447	447	2	fine	fine	_	_	_	_	_	linguistic	_	none	_	_	_	_	_	_
447-3	TO041	447	447	3	è	è	_	_	_	_	_	linguistic	_	none	_	_	_	_	_	_
447-4	TO041	447	447	4	stato	stato	_	_	_	_	_	linguistic	_	none	_	_	_	_	_	_
447-5	TO041	447	447	5	molto	molto	_	_	_	_	_	linguistic	_	none	_	_	_	_	_	_
447-6	TO041	447	447	6	interessante	interessante	_	_	_	_	_	linguistic	_	none	_	_	_	_	_	_
447-7	TO041	447	447	7	anche	anche	_	_	_	_	_	linguistic	_	none	_	_	_	_	_	_
447-8	TO041	447	447	8	parlare	parlare	_	_	_	_	_	linguistic	_	none	_	_	_	_	_	_
447-9	TO041	447	447	9	con	con	_	_	_	_	_	linguistic	_	none	_	_	_	_	_	_
447-10	TO041	447	447	10	queste	queste	_	_	_	_	_	linguistic	_	none	_	_	_	_	_	_
447-11	TO041	447	447	11	persone.	persone	_	_	_	_	_	linguistic	_	none	Intonation=Falling	End=1434.637	_	_	_	_
448-0	TO041	448	448	0	e	e	_	_	_	_	_	linguistic	_	none	_	Begin=1435.325	_	_	_	_
448-1	TO041	448	448	1	poi	poi	_	_	_	_	_	linguistic	_	none	_	_	_	_	_	_
448-2	TO041	448	448	2	un	un	_	_	_	_	_	linguistic	_	none	_	_	_	_	_	_
448-3	TO041	448	448	3	altro	altro	_	_	_	_	_	linguistic	_	none	_	_	_	_	_	_
448-4	TO041	448	448	4	posto	posto	_	_	_	_	_	linguistic	_	none	_	_	_	_	_	_
448-5	TO041	448	448	5	in	in	_	_	_	_	_	linguistic	_	none	_	_	_	_	_	_
448-6	TO041	448	448	6	cui	cui	_	_	_	_	_	linguistic	_	none	_	_	_	_	_	_
448-7	TO041	448	448	7	si	si	_	_	_	_	_	linguistic	_	none	_	_	_	_	_	_
448-8	TO041	448	448	8	socializza	socializza	_	_	_	_	_	linguistic	_	none	_	_	_	_	_	_
448-9	TO041	448	448	9	tantiss[imo	tantissimo	_	_	_	_	_	linguistic	_	none	_	_	_	_	_	7-10(73)
448-10	TO041	448	448	10	in	in	_	_	_	_	_	linguistic	_	none	_	_	_	_	_	0-2(73)
448-11	TO041	448	448	11	cui]	cui	_	_	_	_	_	linguistic	_	none	_	_	_	_	_	0-3(73)
448-12	TO041	448	448	12	i	i	_	_	_	_	_	linguistic	_	none	_	_	_	_	_	_
448-13	TO041	448	448	13	finlandesi	finlandesi	_	_	_	_	_	linguistic	_	none	_	_	_	_	_	_
448-14	TO041	448	448	14	sono	sono	_	_	_	_	_	linguistic	_	none	_	_	_	_	_	_
448-15	TO041	448	448	15	sembrano	sembrano	_	_	_	_	_	linguistic	_	none	_	_	_	_	_	_
448-16	TO041	448	448	16	proprio	proprio	_	_	_	_	_	linguistic	_	none	_	_	_	_	_	_
448-17	TO041	448	448	17	le	le	_	_	_	_	_	linguistic	_	none	_	_	_	_	_	_
448-18	TO041	448	448	18	>persone	persone	_	_	_	_	_	linguistic	_	none	_	_	_	Fast=0-7(0)	_	_
448-19	TO041	448	448	19	più	più	_	_	_	_	_	linguistic	_	none	_	_	_	Fast=0-3(0)	_	_
448-20	TO041	448	448	20	socievoli	socievoli	_	_	_	_	_	linguistic	_	none	_	_	_	Fast=0-9(0)	_	_
448-21	TO041	448	448	21	del	del	_	_	_	_	_	linguistic	_	none	_	_	_	Fast=0-3(0)	_	_
448-22	TO041	448	448	22	mondo<	mondo	_	_	_	_	_	linguistic	_	none	_	_	_	Fast=0-5(0)	_	_
448-23	TO041	448	448	23	è	è	_	_	_	_	_	linguistic	_	none	_	_	_	_	_	_
448-24	TO041	448	448	24	la	la	_	_	_	_	_	linguistic	_	none	_	_	_	_	_	_
448-25	TO041	448	448	25	sauna.	sauna	_	_	_	_	_	linguistic	_	none	Intonation=Falling	End=1443.376	_	_	_	_
449-0	TO055	449	449	0	[mhmh],	mhmh	_	_	_	_	_	linguistic	_	none	Intonation=WeaklyRising	Begin=1438.568|End=1439.077	_	_	_	0-4(73)
450-0	TO055	450	450	0	((ride))	((ride))	_	_	_	_	_	nonverbalbehavior	_	none	_	Begin=1443.397|End=1443.853	_	_	_	_
451-0	TO041	451	451	0	perché	perché	_	_	_	_	_	linguistic	_	none	PauseAfter=Yes	Begin=1443.853	_	_	_	_
451-1	TO041	451	451	1	(.)	(.)	_	_	_	_	_	shortpause	_	none	_	_	_	_	_	_
451-2	TO041	451	451	2	la	la	_	_	_	_	_	linguistic	_	none	_	_	_	_	_	_
451-3	TO041	451	451	3	sauna,	sauna	_	_	_	_	_	linguistic	_	none	Intonation=WeaklyRising	End=1445.449	_	_	_	_
452-0	TO041	452	452	0	è	è	_	_	_	_	_	linguistic	_	none	_	Begin=1445.642	_	_	_	_
452-1	TO041	452	452	1	proprio,	proprio	_	_	_	_	_	linguistic	_	none	Intonation=WeaklyRising	End=1446.834	_	_	_	_
453-0	TO041	453	453	0	un	un	_	_	_	_	_	linguistic	_	none	_	Begin=1447.276	_	_	_	_
453-1	TO041	453	453	1	aspetto	aspetto	_	_	_	_	_	linguistic	_	none	_	_	_	_	_	_
453-2	TO041	453	453	2	importantissimo	importantissimo	_	_	_	_	_	linguistic	_	none	_	_	_	_	_	_
453-3	TO041	453	453	3	della	della	_	_	_	_	_	linguistic	_	none	_	_	_	_	_	_
453-4	TO041	453	453	4	loro	loro	_	_	_	_	_	linguistic	_	none	_	_	_	_	_	_
453-5	TO041	453	453	5	vita	vita	_	_	_	_	_	linguistic	_	none	_	_	_	_	_	_
453-6	TO041	453	453	6	della	della	_	_	_	_	_	linguistic	_	none	_	_	_	_	_	_
453-7	TO041	453	453	7	loro	loro	_	_	_	_	_	linguistic	_	none	_	_	_	_	_	_
453-8	TO041	453	453	8	cultura.	cultura	_	_	_	_	_	linguistic	_	none	Intonation=Falling	End=1451.477	_	_	_	_
454-0	TO041	454	454	0	e::	e	_	_	_	_	_	linguistic	_	none	_	Begin=1451.597	0x2	_	_	_
454-1	TO041	454	454	1	loro	loro	_	_	_	_	_	linguistic	_	none	_	_	_	_	_	_
454-2	TO041	454	454	2	almeno	almeno	_	_	_	_	_	linguistic	_	none	_	_	_	_	_	_
454-3	TO041	454	454	3	due	due	_	_	_	_	_	linguistic	_	none	_	_	_	_	_	_
454-4	TO041	454	454	4	volte	volte	_	_	_	_	_	linguistic	_	none	_	_	_	_	_	_
454-5	TO041	454	454	5	alla	alla	_	_	_	_	_	linguistic	_	none	_	_	_	_	_	_
454-6	TO041	454	454	6	settimana	settimana	_	_	_	_	_	linguistic	_	none	_	_	_	_	_	_
454-7	TO041	454	454	7	fanno	fanno	_	_	_	_	_	linguistic	_	none	_	_	_	_	_	_
454-8	TO041	454	454	8	la	la	_	_	_	_	_	linguistic	_	none	_	_	_	_	_	_
454-9	TO041	454	454	9	sauna.	sauna	_	_	_	_	_	linguistic	_	none	Intonation=Falling	End=1454.638	_	_	_	_
455-0	TO041	455	455	0	in	in	_	_	_	_	_	linguistic	_	none	_	Begin=1454.861	_	_	_	_
455-1	TO041	455	455	1	ogni	ogni	_	_	_	_	_	linguistic	_	none	_	_	_	_	_	_
455-2	TO041	455	455	2	palazzo,	palazzo	_	_	_	_	_	linguistic	_	none	Intonation=WeaklyRising	End=1456.33	_	_	_	_
456-0	TO041	456	456	0	mh	mh	_	_	_	_	_	linguistic	_	none	_	Begin=1456.929	_	_	_	_
456-1	TO041	456	456	1	c'	c'	_	_	_	_	_	linguistic	_	none	SpaceAfter=No	_	_	_	_	_
456-2	TO041	456	456	2	era	era	_	_	_	_	_	linguistic	_	none	_	_	_	_	_	_
456-3	TO041	456	456	3	tipo	tipo	_	_	_	_	_	linguistic	_	none	_	_	_	_	_	_
456-4	TO041	456	456	4	noi	noi	_	_	_	_	_	linguistic	_	none	_	_	_	_	_	_
456-5	TO041	456	456	5	avevam(o)	avevamo	_	_	_	_	_	linguistic	_	none	_	_	_	_	5-7(0)	_
456-6	TO041	456	456	6	la	la	_	_	_	_	_	linguistic	_	none	_	_	_	_	_	_
456-7	TO041	456	456	7	sauna	sauna	_	_	_	_	_	linguistic	_	none	_	_	_	_	_	_
456-8	TO041	456	456	8	condomin[ale	condominale	_	_	_	_	_	linguistic	_	none	PauseAfter=Yes	_	_	_	_	7-11(74)
456-9	TO041	456	456	9	(.)	(.)	_	_	_	_	_	shortpause	_	none	_	_	_	_	_	_
456-10	TO041	456	456	10	p]erò	però	_	_	_	_	_	linguistic	_	none	PauseAfter=Yes	_	_	_	_	0-1(74)
456-11	TO041	456	456	11	(.)	(.)	_	_	_	_	_	shortpause	_	none	_	_	_	_	_	_
456-12	TO041	456	456	12	altrimenti,	altrimenti	_	_	_	_	_	linguistic	_	none	Intonation=WeaklyRising	End=1461.366	_	_	_	_
457-0	TO055	457	457	0	[mhmh],	mhmh	_	_	_	_	_	linguistic	_	none	Intonation=WeaklyRising	Begin=1459.339|End=1459.824	_	_	_	0-4(74)
458-0	TO041	458	458	0	ogni	ogni	_	_	_	_	_	linguistic	_	none	_	Begin=1461.448	_	_	_	_
458-1	TO041	458	458	1	casa	casa	_	_	_	_	_	linguistic	_	none	_	_	_	_	_	_
458-2	TO041	458	458	2	ha	ha	_	_	_	_	_	linguistic	_	none	_	_	_	_	_	_
458-3	TO041	458	458	3	la	la	_	_	_	_	_	linguistic	_	none	_	_	_	_	_	_
458-4	TO041	458	458	4	sua	sua	_	_	_	_	_	linguistic	_	none	_	_	_	_	_	_
458-5	TO041	458	458	5	sauna.	sauna	_	_	_	_	_	linguistic	_	none	Intonation=Falling	End=1463.335	_	_	_	_
459-0	TO041	459	459	0	e:	e	_	_	_	_	_	linguistic	_	none	_	Begin=1463.789	0x1	_	_	_
459-1	TO041	459	459	1	po:i	poi	_	_	_	_	_	linguistic	_	none	_	_	1x1	_	_	_
459-2	TO041	459	459	2	è	è	_	_	_	_	_	linguistic	_	none	_	_	_	_	_	_
459-3	TO041	459	459	3	stato	stato	_	_	_	_	_	linguistic	_	none	_	_	_	_	_	_
459-4	TO041	459	459	4	bellissimo	bellissimo	_	_	_	_	_	linguistic	_	none	_	_	_	_	_	_
459-5	TO041	459	459	5	perché	perché	_	_	_	_	_	linguistic	_	none	_	_	_	_	_	_
459-6	TO041	459	459	6	e:h	eh	_	_	_	_	_	linguistic	_	none	ProsodicLink=Yes	_	0x1	_	_	_
459-7	TO041	459	459	7	mh	mh	_	_	_	_	_	linguistic	_	none	_	End=1466.968	_	_	_	_
460-0	TO041	460	460	0	e::h	eh	_	_	_	_	_	linguistic	_	none	ProsodicLink=Yes	Begin=1467.177	0x2	_	_	_
460-1	TO041	460	460	1	mh	mh	_	_	_	_	_	linguistic	_	none	_	End=1468.626	_	_	_	_
461-0	TO041	461	461	0	sono	sono	_	_	_	_	_	linguistic	_	none	_	Begin=1468.755	_	_	_	_
461-1	TO041	461	461	1	andata	andata	_	_	_	_	_	linguistic	_	none	_	_	_	_	_	_
461-2	TO041	461	461	2	parecchie	parecchie	_	_	_	_	_	linguistic	_	none	_	_	_	_	_	_
461-3	TO041	461	461	3	volte	volte	_	_	_	_	_	linguistic	_	none	_	_	_	_	_	_
461-4	TO041	461	461	4	in	in	_	_	_	_	_	linguistic	_	none	_	_	_	_	_	_
461-5	TO041	461	461	5	una	una	_	_	_	_	_	linguistic	_	none	_	_	_	_	_	_
461-6	TO041	461	461	6	sauna	sauna	_	_	_	_	_	linguistic	_	none	_	_	_	_	_	_
461-7	TO041	461	461	7	che	che	_	_	_	_	_	linguistic	_	none	_	_	_	_	_	_
461-8	TO041	461	461	8	era	era	_	_	_	_	_	linguistic	_	none	_	_	_	_	_	_
461-9	TO041	461	461	9	su	su	_	_	_	_	_	linguistic	_	none	_	_	_	_	_	_
461-10	TO041	461	461	10	un	un	_	_	_	_	_	linguistic	_	none	_	_	_	_	_	_
461-11	TO041	461	461	11	lago,	lago	_	_	_	_	_	linguistic	_	none	Intonation=WeaklyRising	End=1472.33	_	_	_	_
462-0	TO041	462	462	0	e	e	_	_	_	_	_	linguistic	_	none	_	Begin=1472.478	_	_	_	_
462-1	TO041	462	462	1	quindi	quindi	_	_	_	_	_	linguistic	_	none	_	_	_	_	_	_
462-2	TO041	462	462	2	d'	d'	_	_	_	_	_	linguistic	_	none	SpaceAfter=No	_	_	_	_	_
462-3	TO041	462	462	3	inverno	inverno	_	_	_	_	_	linguistic	_	none	_	_	_	_	_	_
462-4	TO041	462	462	4	quando	quando	_	_	_	_	_	linguistic	_	none	_	_	_	_	_	_
462-5	TO041	462	462	5	il	il	_	_	_	_	_	linguistic	_	none	_	_	_	_	_	_
462-6	TO041	462	462	6	lago	lago	_	_	_	_	_	linguistic	_	none	_	_	_	_	_	_
462-7	TO041	462	462	7	è	è	_	_	_	_	_	linguistic	_	none	_	_	_	_	_	_
462-8	TO041	462	462	8	ghiacciato	ghiacciato	_	_	_	_	_	linguistic	_	none	_	_	_	_	_	_
462-9	TO041	462	462	9	avevano	avevano	_	_	_	_	_	linguistic	_	none	_	_	_	_	_	_
462-10	TO041	462	462	10	fatto	fatto	_	_	_	_	_	linguistic	_	none	_	_	_	_	_	_
462-11	TO041	462	462	11	un	un	_	_	_	_	_	linguistic	_	none	_	_	_	_	_	_
462-12	TO041	462	462	12	buco,	buco	_	_	_	_	_	linguistic	_	none	Intonation=WeaklyRising	End=1476.678	_	_	_	_
463-0	TO041	463	463	0	e	e	_	_	_	_	_	linguistic	_	none	_	Begin=1476.817	_	_	_	_
463-1	TO041	463	463	1	tu	tu	_	_	_	_	_	linguistic	_	none	_	_	_	_	_	_
463-2	TO041	463	463	2	stavi	stavi	_	_	_	_	_	linguistic	_	none	_	_	_	_	_	_
463-3	TO041	463	463	3	nella	nella	_	_	_	_	_	linguistic	_	none	_	_	_	_	_	_
463-4	TO041	463	463	4	sauna	sauna	_	_	_	_	_	linguistic	_	none	_	_	_	_	_	_
463-5	TO041	463	463	5	poi	poi	_	_	_	_	_	linguistic	_	none	_	_	_	_	_	_
463-6	TO041	463	463	6	ti	ti	_	_	_	_	_	linguistic	_	none	_	_	_	_	_	_
463-7	TO041	463	463	7	buttavi	buttavi	_	_	_	_	_	linguistic	_	none	_	_	_	_	_	_
463-8	TO041	463	463	8	oppure:	oppure	_	_	_	_	_	linguistic	_	none	_	_	5x1	_	_	_
463-9	TO041	463	463	9	ti	ti	_	_	_	_	_	linguistic	_	none	_	_	_	_	_	_
463-10	TO041	463	463	10	rotolavi	rotolavi	_	_	_	_	_	linguistic	_	none	_	_	_	_	_	_
463-11	TO041	463	463	11	nella	nella	_	_	_	_	_	linguistic	_	none	_	_	_	_	_	_
463-12	TO041	463	463	12	neve,	neve	_	_	_	_	_	linguistic	_	none	Intonation=WeaklyRising	End=1481.311	_	_	_	_
464-0	TO041	464	464	0	e	e	_	_	_	_	_	linguistic	_	none	_	Begin=1481.521	_	_	_	_
464-1	TO041	464	464	1	questo	questo	_	_	_	_	_	linguistic	_	none	_	_	_	_	_	_
464-2	TO041	464	464	2	è	è	_	_	_	_	_	linguistic	_	none	_	_	_	_	_	_
464-3	TO041	464	464	3	stato	stato	_	_	_	_	_	linguistic	_	none	_	_	_	_	_	_
464-4	TO041	464	464	4	veramente	veramente	_	_	_	_	_	linguistic	_	none	_	_	_	_	_	_
464-5	TO041	464	464	5	molto	molto	_	_	_	_	_	linguistic	_	none	_	_	_	_	_	_
464-6	TO041	464	464	6	[divertente].	divertente	_	_	_	_	_	linguistic	_	none	Intonation=Falling	End=1484.234	_	_	_	0-10(75)
465-0	TO055	465	465	0	[bello	bello	_	_	_	_	_	linguistic	_	none	_	Begin=1483.052	_	_	_	0-5(75)
465-1	TO055	465	465	1	esperienze]	esperienze	_	_	_	_	_	linguistic	_	none	_	_	_	_	_	0-10(75)
465-2	TO055	465	465	2	completamente	completamente	_	_	_	_	_	linguistic	_	none	_	_	_	_	_	_
465-3	TO055	465	465	3	diverse	diverse	_	_	_	_	_	linguistic	_	none	_	_	_	_	_	_
465-4	TO055	465	465	4	c[he	che	_	_	_	_	_	linguistic	_	none	_	_	_	_	_	1-3(76)
465-5	TO055	465	465	5	probabilmente]::	probabilmente	_	_	_	_	_	linguistic	_	none	_	End=1486.926	12x2	_	_	0-13(76)
466-0	TO041	466	466	0	[sì	sì	_	_	_	_	_	linguistic	_	none	_	Begin=1485.413	_	_	_	0-2(76)
466-1	TO041	466	466	1	sì	sì	_	_	_	_	_	linguistic	_	none	_	_	_	_	_	0-2(76)
466-2	TO041	466	466	2	sì].	sì	_	_	_	_	_	linguistic	_	none	Intonation=Falling	End=1486.403	_	_	_	0-2(76)
467-0	TO041	467	467	0	anche	anche	_	_	_	_	_	linguistic	_	none	_	Begin=1486.963	_	_	_	_
467-1	TO041	467	467	1	ch[e	che	_	_	_	_	_	linguistic	_	none	_	_	_	_	_	2-3(77)
467-2	TO041	467	467	2	fa	fa	_	_	_	_	_	linguistic	_	none	_	_	_	_	_	0-2(77)
467-3	TO041	467	467	3	bene	bene	_	_	_	_	_	linguistic	_	none	_	_	_	_	_	0-4(77)
467-4	TO041	467	467	4	alla	alla	_	_	_	_	_	linguistic	_	none	_	_	_	_	_	0-4(77)
467-5	TO041	467	467	5	salu~]	salu~	_	_	_	_	_	linguistic	_	none	Interrupted=Yes	End=1488.422	_	_	_	0-5(77)
468-0	TO055	468	468	0	[non	non	_	_	_	_	_	linguistic	_	none	_	Begin=1487.394	_	_	_	0-3(77)
468-1	TO055	468	468	1	avresti	avresti	_	_	_	_	_	linguistic	_	none	_	_	_	_	_	0-7(77)
468-2	TO055	468	468	2	mai	mai	_	_	_	_	_	linguistic	_	none	_	_	_	_	_	0-3(77)
468-3	TO055	468	468	3	hai	hai	_	_	_	_	_	linguistic	_	none	_	_	_	_	_	0-3(77)
468-4	TO055	468	468	4	f]att[o::	fatto	_	_	_	_	_	linguistic	_	none	_	_	4x2	_	_	0-1(77),4-5(78)
468-5	TO055	468	468	5	non	non	_	_	_	_	_	linguistic	_	none	_	_	_	_	_	0-3(78)
468-6	TO055	468	468	6	fossi],	fossi	_	_	_	_	_	linguistic	_	none	Intonation=WeaklyRising	End=1490.403	_	_	_	0-5(78)
469-0	TO041	469	469	0	[no	no	_	_	_	_	_	linguistic	_	none	_	Begin=1489.165	_	_	_	0-2(78)
469-1	TO041	469	469	1	questo	questo	_	_	_	_	_	linguistic	_	none	_	_	_	_	_	0-6(78)
469-2	TO041	469	469	2	sicuram]ente	sicuramente	_	_	_	_	_	linguistic	_	none	_	_	_	_	_	0-7(78)
469-3	TO041	469	469	3	quindi	quindi	_	_	_	_	_	linguistic	_	none	_	_	_	_	_	_
469-4	TO041	469	469	4	io	io	_	_	_	_	_	linguistic	_	none	_	_	_	_	_	_
469-5	TO041	469	469	5	dico,	dico	_	_	_	_	_	linguistic	_	none	Intonation=WeaklyRising	End=1491.816	_	_	_	_
470-0	TO041	470	470	0	e::h	eh	_	_	_	_	_	linguistic	_	none	_	Begin=1491.984	0x2	_	_	_
470-1	TO041	470	470	1	se	se	_	_	_	_	_	linguistic	_	none	_	_	_	_	_	_
470-2	TO041	470	470	2	devo	devo	_	_	_	_	_	linguistic	_	none	_	_	_	_	_	_
470-3	TO041	470	470	3	tirare	tirare	_	_	_	_	_	linguistic	_	none	_	_	_	_	_	_
470-4	TO041	470	470	4	le	le	_	_	_	_	_	linguistic	_	none	_	_	_	_	_	_
470-5	TO041	470	470	5	somme	somme	_	_	_	_	_	linguistic	_	none	_	_	_	_	_	_
470-6	TO041	470	470	6	e	e	_	_	_	_	_	linguistic	_	none	_	_	_	_	_	_
470-7	TO041	470	470	7	fare	fare	_	_	_	_	_	linguistic	_	none	_	_	_	_	_	_
470-8	TO041	470	470	8	un	un	_	_	_	_	_	linguistic	_	none	_	_	_	_	_	_
470-9	TO041	470	470	9	bilancio	bilancio	_	_	_	_	_	linguistic	_	none	_	_	_	_	_	_
470-10	TO041	470	470	10	finale	finale	_	_	_	_	_	linguistic	_	none	_	_	_	_	_	_
470-11	TO041	470	470	11	della	della	_	_	_	_	_	linguistic	_	none	_	_	_	_	_	_
470-12	TO041	470	470	12	mia	mia	_	_	_	_	_	linguistic	_	none	_	_	_	_	_	_
470-13	TO041	470	470	13	esperienza,	esperienza	_	_	_	_	_	linguistic	_	none	Intonation=WeaklyRising	End=1496.504	_	_	_	_
471-0	TO041	471	471	0	m::h	mh	_	_	_	_	_	linguistic	_	none	_	Begin=1496.568|End=1497.402	0x2	_	_	_
472-0	TO041	472	472	0	dico	dico	_	_	_	_	_	linguistic	_	none	_	Begin=1497.541	_	_	_	_
472-1	TO041	472	472	1	che	che	_	_	_	_	_	linguistic	_	none	_	_	_	_	_	_
472-2	TO041	472	472	2	nonostante:	nonostante	_	_	_	_	_	linguistic	_	none	_	_	9x1	_	_	_
472-3	TO041	472	472	3	penso	penso	_	_	_	_	_	linguistic	_	none	_	_	_	_	_	_
472-4	TO041	472	472	4	che	che	_	_	_	_	_	linguistic	_	none	_	_	_	_	_	_
472-5	TO041	472	472	5	nonostante:,	nonostante	_	_	_	_	_	linguistic	_	none	Intonation=WeaklyRising	End=1500.825	9x1	_	_	_
473-0	TO041	473	473	0	i	i	_	_	_	_	_	linguistic	_	none	_	Begin=1501.339	_	_	_	_
473-1	TO041	473	473	1	<problemi	problemi	_	_	_	_	_	linguistic	_	none	_	_	_	Slow=0-8(0)	_	_
473-2	TO041	473	473	2	e>	e	_	_	_	_	_	linguistic	_	none	_	_	_	Slow=0-1(0)	_	_
473-3	TO041	473	473	3	il	il	_	_	_	_	_	linguistic	_	none	_	_	_	_	_	_
473-4	TO041	473	473	4	fatto	fatto	_	_	_	_	_	linguistic	_	none	_	_	_	_	_	_
473-5	TO041	473	473	5	che	che	_	_	_	_	_	linguistic	_	none	_	_	_	_	_	_
473-6	TO041	473	473	6	magari	magari	_	_	_	_	_	linguistic	_	none	_	_	_	_	_	_
473-7	TO041	473	473	7	certe	certe	_	_	_	_	_	linguistic	_	none	_	_	_	_	_	_
473-8	TO041	473	473	8	volte	volte	_	_	_	_	_	linguistic	_	none	_	_	_	_	_	_
473-9	TO041	473	473	9	mi	mi	_	_	_	_	_	linguistic	_	none	_	_	_	_	_	_
473-10	TO041	473	473	10	sono	sono	_	_	_	_	_	linguistic	_	none	_	_	_	_	_	_
473-11	TO041	473	473	11	detta	detta	_	_	_	_	_	linguistic	_	none	_	_	_	_	_	_
473-12	TO041	473	473	12	ma	ma	_	_	_	_	_	linguistic	_	none	_	_	_	_	_	_
473-13	TO041	473	473	13	perché	perché	_	_	_	_	_	linguistic	_	none	_	_	_	_	_	_
473-14	TO041	473	473	14	non	non	_	_	_	_	_	linguistic	_	none	_	_	_	_	_	_
473-15	TO041	473	473	15	sono	sono	_	_	_	_	_	linguistic	_	none	_	_	_	_	_	_
473-16	TO041	473	473	16	andata	andata	_	_	_	_	_	linguistic	_	none	_	_	_	_	_	_
473-17	TO041	473	473	17	in	in	_	_	_	_	_	linguistic	_	none	_	_	_	_	_	_
473-18	TO041	473	473	18	un	un	_	_	_	_	_	linguistic	_	none	_	_	_	_	_	_
473-19	TO041	473	473	19	altro	altro	_	_	_	_	_	linguistic	_	none	_	_	_	_	_	_
473-20	TO041	473	473	20	posto	posto	_	_	_	_	_	linguistic	_	none	_	_	_	_	_	_
473-21	TO041	473	473	21	perché	perché	_	_	_	_	_	linguistic	_	none	_	_	_	_	_	_
473-22	TO041	473	473	22	non	non	_	_	_	_	_	linguistic	_	none	_	_	_	_	_	_
473-23	TO041	473	473	23	me	me	_	_	_	_	_	linguistic	_	none	_	_	_	_	_	_
473-24	TO041	473	473	24	ne	ne	_	_	_	_	_	linguistic	_	none	_	_	_	_	_	_
473-25	TO041	473	473	25	sono	sono	_	_	_	_	_	linguistic	_	none	_	_	_	_	_	_
473-26	TO041	473	473	26	rimasta	rimasta	_	_	_	_	_	linguistic	_	none	_	_	_	_	_	_
473-27	TO041	473	473	27	a	a	_	_	_	_	_	linguistic	_	none	_	_	_	_	_	_
473-28	TO041	473	473	28	casa,	casa	_	_	_	_	_	linguistic	_	none	Intonation=WeaklyRising	End=1509.302	_	_	_	_
474-0	TO041	474	474	0	>perché	perché	_	_	_	_	_	linguistic	_	none	_	Begin=1509.521	_	Fast=0-6(0)	_	_
474-1	TO041	474	474	1	l'	l'	_	_	_	_	_	linguistic	_	none	SpaceAfter=No	_	_	Fast=0-2(0)	_	_
474-2	TO041	474	474	2	ho	ho	_	_	_	_	_	linguistic	_	none	_	_	_	Fast=0-2(0)	_	_
474-3	TO041	474	474	3	pensato	pensato	_	_	_	_	_	linguistic	_	none	_	_	_	Fast=0-7(0)	_	_
474-4	TO041	474	474	4	tante	tante	_	_	_	_	_	linguistic	_	none	_	_	_	Fast=0-5(0)	_	_
474-5	TO041	474	474	5	volte	volte	_	_	_	_	_	linguistic	_	none	_	_	_	Fast=0-5(0)	_	_
474-6	TO041	474	474	6	e	e	_	_	_	_	_	linguistic	_	none	_	_	_	Fast=0-1(0)	_	_
474-7	TO041	474	474	7	credo	credo	_	_	_	_	_	linguistic	_	none	_	_	_	Fast=0-5(0)	_	_
474-8	TO041	474	474	8	che<,	che	_	_	_	_	_	linguistic	_	none	Intonation=WeaklyRising	End=1511.862	_	Fast=0-3(0)	_	_
475-0	TO041	475	475	0	tutti	tutti	_	_	_	_	_	linguistic	_	none	_	Begin=1511.958	_	_	_	_
475-1	TO041	475	475	1	l'	l'	_	_	_	_	_	linguistic	_	none	SpaceAfter=No	_	_	_	_	_
475-2	TO041	475	475	2	abbiano	abbiano	_	_	_	_	_	linguistic	_	none	_	_	_	_	_	_
475-3	TO041	475	475	3	pensato,	pensato	_	_	_	_	_	linguistic	_	none	Intonation=WeaklyRising	End=1513.376	_	_	_	_
476-0	TO041	476	476	0	almeno	almeno	_	_	_	_	_	linguistic	_	none	_	Begin=1513.875	_	_	_	_
476-1	TO041	476	476	1	una	una	_	_	_	_	_	linguistic	_	none	_	_	_	_	_	_
476-2	TO041	476	476	2	volta	volta	_	_	_	_	_	linguistic	_	none	_	_	_	_	_	_
476-3	TO041	476	476	3	qua~	qua~	_	_	_	_	_	linguistic	_	none	Interrupted=Yes	_	_	_	_	_
476-4	TO041	476	476	4	quando	quando	_	_	_	_	_	linguistic	_	none	_	_	_	_	_	_
476-5	TO041	476	476	5	sono:	sono	_	_	_	_	_	linguistic	_	none	_	_	3x1	_	_	_
476-6	TO041	476	476	6	si	si	_	_	_	_	_	linguistic	_	none	_	_	_	_	_	_
476-7	TO041	476	476	7	sono	sono	_	_	_	_	_	linguistic	_	none	_	_	_	_	_	_
476-8	TO041	476	476	8	trovati	trovati	_	_	_	_	_	linguistic	_	none	_	_	_	_	_	_
476-9	TO041	476	476	9	così	così	_	_	_	_	_	linguistic	_	none	_	_	_	_	_	_
476-10	TO041	476	476	10	lontani	lontani	_	_	_	_	_	linguistic	_	none	_	_	_	_	_	_
476-11	TO041	476	476	11	d~	d~	_	_	_	_	_	linguistic	_	none	Interrupted=Yes	_	_	_	_	_
476-12	TO041	476	476	12	casa	casa	_	_	_	_	_	linguistic	_	none	_	_	_	_	_	_
476-13	TO041	476	476	13	anche	anche	_	_	_	_	_	linguistic	_	none	_	_	_	_	_	_
476-14	TO041	476	476	14	se	se	_	_	_	_	_	linguistic	_	none	_	_	_	_	_	_
476-15	TO041	476	476	15	si	si	_	_	_	_	_	linguistic	_	none	_	_	_	_	_	_
476-16	TO041	476	476	16	stavano	stavano	_	_	_	_	_	linguistic	_	none	_	_	_	_	_	_
476-17	TO041	476	476	17	dive:rte:ndo	divertendo	_	_	_	_	_	linguistic	_	none	_	_	3x1,6x1	_	_	_
476-18	TO041	476	476	18	e	e	_	_	_	_	_	linguistic	_	none	_	_	_	_	_	_
476-19	TO041	476	476	19	tutte	tutte	_	_	_	_	_	linguistic	_	none	_	_	_	_	_	_
476-20	TO041	476	476	20	le	le	_	_	_	_	_	linguistic	_	none	_	_	_	_	_	_
476-21	TO041	476	476	21	cose::	cose	_	_	_	_	_	linguistic	_	none	_	_	3x2	_	_	_
476-22	TO041	476	476	22	del	del	_	_	_	_	_	linguistic	_	none	_	_	_	_	_	_
476-23	TO041	476	476	23	mondo,	mondo	_	_	_	_	_	linguistic	_	none	Intonation=WeaklyRising	End=1522.513	_	_	_	_
477-0	TO041	477	477	0	però	però	_	_	_	_	_	linguistic	_	none	_	Begin=1522.847	_	_	_	_
477-1	TO041	477	477	1	comunque:	comunque	_	_	_	_	_	linguistic	_	none	ProsodicLink=Yes	_	7x1	_	_	_
477-2	TO041	477	477	2	mh	mh	_	_	_	_	_	linguistic	_	none	_	End=1524.654	_	_	_	_
478-0	TO041	478	478	0	alla	alla	_	_	_	_	_	linguistic	_	none	_	Begin=1525.053	_	_	_	_
478-1	TO041	478	478	1	fine	fine	_	_	_	_	_	linguistic	_	none	_	_	_	_	_	_
478-2	TO041	478	478	2	è	è	_	_	_	_	_	linguistic	_	none	_	_	_	_	_	_
478-3	TO041	478	478	3	stato	stato	_	_	_	_	_	linguistic	_	none	_	_	_	_	_	_
478-4	TO041	478	478	4	positivo,	positivo	_	_	_	_	_	linguistic	_	none	Intonation=WeaklyRising	End=1526.688	_	_	_	_
479-0	TO041	479	479	0	ed	ed	_	_	_	_	_	linguistic	_	none	_	Begin=1526.76	_	_	_	_
479-1	TO041	479	479	1	è	è	_	_	_	_	_	linguistic	_	none	_	_	_	_	_	_
479-2	TO041	479	479	2	una	una	_	_	_	_	_	linguistic	_	none	_	_	_	_	_	_
479-3	TO041	479	479	3	esperienza	esperienza	_	_	_	_	_	linguistic	_	none	_	_	_	_	_	_
479-4	TO041	479	479	4	che	che	_	_	_	_	_	linguistic	_	none	_	_	_	_	_	_
479-5	TO041	479	479	5	assolutamente	assolutamente	_	_	_	_	_	linguistic	_	none	_	_	_	_	_	_
479-6	TO041	479	479	6	rifarei,	rifarei	_	_	_	_	_	linguistic	_	none	Intonation=WeaklyRising	End=1529.149	_	_	_	_
480-0	TO041	480	480	0	<anche	anche	_	_	_	_	_	linguistic	_	none	_	Begin=1530.796	_	Slow=0-5(0)	_	_
480-1	TO041	480	480	1	in	in	_	_	_	_	_	linguistic	_	none	_	_	_	Slow=0-2(0)	_	_
480-2	TO041	480	480	2	finlandia	finlandia	_	_	_	_	_	linguistic	_	none	_	_	_	Slow=0-9(0)	_	_
480-3	TO041	480	480	3	sì:>,	sì	_	_	_	_	_	linguistic	_	none	Intonation=WeaklyRising	End=1532.871	1x1	Slow=0-2(0)	_	_
481-0	TO041	481	481	0	perché:	perché	_	_	_	_	_	linguistic	_	none	_	Begin=1533.593	5x1	_	_	_
481-1	TO041	481	481	1	comunque:,	comunque	_	_	_	_	_	linguistic	_	none	Intonation=WeaklyRising	End=1535.642	7x1	_	_	_
482-0	TO041	482	482	0	non	non	_	_	_	_	_	linguistic	_	none	_	Begin=1535.795	_	_	_	_
482-1	TO041	482	482	1	penso	penso	_	_	_	_	_	linguistic	_	none	_	_	_	_	_	_
482-2	TO041	482	482	2	che	che	_	_	_	_	_	linguistic	_	none	_	_	_	_	_	_
482-3	TO041	482	482	3	avrò	avrò	_	_	_	_	_	linguistic	_	none	_	_	_	_	_	_
482-4	TO041	482	482	4	tante	tante	_	_	_	_	_	linguistic	_	none	_	_	_	_	_	_
482-5	TO041	482	482	5	altre	altre	_	_	_	_	_	linguistic	_	none	_	_	_	_	_	_
482-6	TO041	482	482	6	occasioni	occasioni	_	_	_	_	_	linguistic	_	none	_	_	_	_	_	_
482-7	TO041	482	482	7	nella	nella	_	_	_	_	_	linguistic	_	none	_	_	_	_	_	_
482-8	TO041	482	482	8	mia	mia	_	_	_	_	_	linguistic	_	none	_	_	_	_	_	_
482-9	TO041	482	482	9	vita	vita	_	_	_	_	_	linguistic	_	none	_	_	_	_	_	_
482-10	TO041	482	482	10	per	per	_	_	_	_	_	linguistic	_	none	ProsodicLink=Yes	_	_	_	_	_
482-11	TO041	482	482	11	eh,	eh	_	_	_	_	_	linguistic	_	none	Intonation=WeaklyRising	End=1539.431	_	_	_	_
483-0	TO041	483	483	0	sperimentare,	sperimentare	_	_	_	_	_	linguistic	_	none	Intonation=WeaklyRising	Begin=1539.694|End=1541.024	_	_	_	_
484-0	TO041	484	484	0	un	un	_	_	_	_	_	linguistic	_	none	ProsodicLink=Yes	Begin=1541.387	_	_	_	_
484-1	TO041	484	484	1	mh	mh	_	_	_	_	_	linguistic	_	none	PauseAfter=Yes	_	_	_	_	_
484-2	TO041	484	484	2	(.)	(.)	_	_	_	_	_	shortpause	_	none	_	_	_	_	_	_
484-3	TO041	484	484	3	un	un	_	_	_	_	_	linguistic	_	none	_	_	_	_	_	_
484-4	TO041	484	484	4	modo	modo	_	_	_	_	_	linguistic	_	none	_	_	_	_	_	_
484-5	TO041	484	484	5	di	di	_	_	_	_	_	linguistic	_	none	_	_	_	_	_	_
484-6	TO041	484	484	6	vivere	vivere	_	_	_	_	_	linguistic	_	none	_	_	_	_	_	_
484-7	TO041	484	484	7	così	così	_	_	_	_	_	linguistic	_	none	_	_	_	_	_	_
484-8	TO041	484	484	8	diverso.	diverso	_	_	_	_	_	linguistic	_	none	Intonation=Falling	End=1544.403	_	_	_	_
485-0	TO055	485	485	0	certo.	certo	_	_	_	_	_	linguistic	_	none	Intonation=Falling	Begin=1544.603|End=1545.146	_	_	_	_
486-0	TO041	486	486	0	e	e	_	_	_	_	_	linguistic	_	none	_	Begin=1545.146	_	_	_	_
486-1	TO041	486	486	1	poi:	poi	_	_	_	_	_	linguistic	_	none	_	_	2x1	_	_	_
486-2	TO041	486	486	2	è	è	_	_	_	_	_	linguistic	_	none	_	_	_	_	_	_
486-3	TO041	486	486	3	comunque	comunque	_	_	_	_	_	linguistic	_	none	_	_	_	_	_	_
486-4	TO041	486	486	4	un'	un'	_	_	_	_	_	linguistic	_	none	SpaceAfter=No	_	_	_	_	_
486-5	TO041	486	486	5	esperienza	esperienza	_	_	_	_	_	linguistic	_	none	_	_	_	_	_	_
486-6	TO041	486	486	6	che	che	_	_	_	_	_	linguistic	_	none	_	_	_	_	_	_
486-7	TO041	486	486	7	sembra	sembra	_	_	_	_	_	linguistic	_	none	_	_	_	_	_	_
486-8	TO041	486	486	8	banale	banale	_	_	_	_	_	linguistic	_	none	_	_	_	_	_	_
486-9	TO041	486	486	9	dirlo	dirlo	_	_	_	_	_	linguistic	_	none	_	_	_	_	_	_
486-10	TO041	486	486	10	okay	okay	_	_	_	_	_	linguistic	_	none	_	_	_	_	_	_
486-11	TO041	486	486	11	però	però	_	_	_	_	_	linguistic	_	none	_	_	_	_	_	_
486-12	TO041	486	486	12	che	che	_	_	_	_	_	linguistic	_	none	_	_	_	_	_	_
486-13	TO041	486	486	13	ti	ti	_	_	_	_	_	linguistic	_	none	_	_	_	_	_	_
486-14	TO041	486	486	14	apre:	apre	_	_	_	_	_	linguistic	_	none	_	_	3x1	_	_	_
486-15	TO041	486	486	15	eh	eh	_	_	_	_	_	linguistic	_	none	_	_	_	_	_	_
486-16	TO041	486	486	16	proprio	proprio	_	_	_	_	_	linguistic	_	none	_	_	_	_	_	_
486-17	TO041	486	486	17	la	la	_	_	_	_	_	linguistic	_	none	_	_	_	_	_	_
486-18	TO041	486	486	18	mente	mente	_	_	_	_	_	linguistic	_	none	_	_	_	_	_	_
486-19	TO041	486	486	19	cioè	cioè	_	_	_	_	_	linguistic	_	none	_	_	_	_	_	_
486-20	TO041	486	486	20	proprio::	proprio	_	_	_	_	_	linguistic	_	none	_	End=1553.1	6x2	_	_	_
487-0	TO041	487	487	0	capi~	capi~	_	_	_	_	_	linguistic	_	none	Interrupted=Yes	Begin=1553.51	_	_	_	_
487-1	TO041	487	487	1	cioè	cioè	_	_	_	_	_	linguistic	_	none	_	_	_	_	_	_
487-2	TO041	487	487	2	a	a	_	_	_	_	_	linguistic	_	none	_	_	_	_	_	_
487-3	TO041	487	487	3	m(i)e	mie	_	_	_	_	_	linguistic	_	none	_	_	_	_	1-2(0)	_
487-4	TO041	487	487	4	ha	ha	_	_	_	_	_	linguistic	_	none	_	_	_	_	_	_
487-5	TO041	487	487	5	fatto	fatto	_	_	_	_	_	linguistic	_	none	_	_	_	_	_	_
487-6	TO041	487	487	6	capire,	capire	_	_	_	_	_	linguistic	_	none	Intonation=WeaklyRising	End=1555.944	_	_	_	_
488-0	TO041	488	488	0	che,	che	_	_	_	_	_	linguistic	_	none	Intonation=WeaklyRising	Begin=1556.342|End=1556.926	_	_	_	_
489-0	TO041	489	489	0	posso	posso	_	_	_	_	_	linguistic	_	none	_	Begin=1557.106	_	_	_	_
489-1	TO041	489	489	1	veramente	veramente	_	_	_	_	_	linguistic	_	none	_	_	_	_	_	_
489-2	TO041	489	489	2	vivere	vivere	_	_	_	_	_	linguistic	_	none	_	_	_	_	_	_
489-3	TO041	489	489	3	da	da	_	_	_	_	_	linguistic	_	none	_	_	_	_	_	_
489-4	TO041	489	489	4	so~	so~	_	_	_	_	_	linguistic	_	none	Interrupted=Yes	_	_	_	_	_
489-5	TO041	489	489	5	cioè	cioè	_	_	_	_	_	linguistic	_	none	_	_	_	_	_	_
489-6	TO041	489	489	6	farcela	farcela	_	_	_	_	_	linguistic	_	none	_	_	_	_	_	_
489-7	TO041	489	489	7	da	da	_	_	_	_	_	linguistic	_	none	_	_	_	_	_	_
489-8	TO041	489	489	8	sola.	sola	_	_	_	_	_	linguistic	_	none	Intonation=Falling	End=1560.458	_	_	_	_
490-0	TO041	490	490	0	ma	ma	_	_	_	_	_	linguistic	_	none	_	Begin=1561.715	_	_	_	_
490-1	TO041	490	490	1	in	in	_	_	_	_	_	linguistic	_	none	_	_	_	_	_	_
490-2	TO041	490	490	2	tutte	tutte	_	_	_	_	_	linguistic	_	none	_	_	_	_	_	_
490-3	TO041	490	490	3	le	le	_	_	_	_	_	linguistic	_	none	_	_	_	_	_	_
490-4	TO041	490	490	4	cose	cose	_	_	_	_	_	linguistic	_	none	_	_	_	_	_	_
490-5	TO041	490	490	5	come:	come	_	_	_	_	_	linguistic	_	none	_	_	3x1	_	_	_
490-6	TO041	490	490	6	cioè	cioè	_	_	_	_	_	linguistic	_	none	_	_	_	_	_	_
490-7	TO041	490	490	7	io	io	_	_	_	_	_	linguistic	_	none	_	_	_	_	_	_
490-8	TO041	490	490	8	sì	sì	_	_	_	_	_	linguistic	_	none	_	_	_	_	_	_
490-9	TO041	490	490	9	ho	ho	_	_	_	_	_	linguistic	_	none	_	_	_	_	_	_
490-10	TO041	490	490	10	vissuto:	vissuto	_	_	_	_	_	linguistic	_	none	_	_	6x1	_	_	_
490-11	TO041	490	490	11	a	a	_	_	_	_	_	linguistic	_	none	_	_	_	_	_	_
490-12	TO041	490	490	12	torino	torino	_	_	_	_	_	linguistic	_	none	_	_	_	_	_	_
490-13	TO041	490	490	13	per	per	_	_	_	_	_	linguistic	_	none	_	_	_	_	_	_
490-14	TO041	490	490	14	due	due	_	_	_	_	_	linguistic	_	none	_	_	_	_	_	_
490-15	TO041	490	490	15	anni,	anni	_	_	_	_	_	linguistic	_	none	Intonation=WeaklyRising	End=1566.963	_	_	_	_
491-0	TO041	491	491	0	facendo	facendo	_	_	_	_	_	linguistic	_	none	_	Begin=1567.182	_	_	_	_
491-1	TO041	491	491	1	l'	l'	_	_	_	_	_	linguistic	_	none	SpaceAfter=No	_	_	_	_	_
491-2	TO041	491	491	2	università	università	_	_	_	_	_	linguistic	_	none	_	_	_	_	_	_
491-3	TO041	491	491	3	però,	però	_	_	_	_	_	linguistic	_	none	Intonation=WeaklyRising	End=1568.825	_	_	_	_
492-0	TO041	492	492	0	tornavo	tornavo	_	_	_	_	_	linguistic	_	none	_	Begin=1569.004	_	_	_	_
492-1	TO041	492	492	1	sempre	sempre	_	_	_	_	_	linguistic	_	none	_	_	_	_	_	_
492-2	TO041	492	492	2	il	il	_	_	_	_	_	linguistic	_	none	_	_	_	_	_	_
492-3	TO041	492	492	3	weekend,	weekend	_	_	_	_	_	linguistic	_	none	Intonation=WeaklyRising	End=1571.0	_	_	_	_
493-0	TO041	493	493	0	e::h	eh	_	_	_	_	_	linguistic	_	none	_	Begin=1571.153|End=1571.954	0x2	_	_	_
494-0	TO041	494	494	0	comunque	comunque	_	_	_	_	_	linguistic	_	none	_	Begin=1572.251	_	_	_	_
494-1	TO041	494	494	1	non	non	_	_	_	_	_	linguistic	_	none	_	_	_	_	_	_
494-2	TO041	494	494	2	era	era	_	_	_	_	_	linguistic	_	none	_	_	_	_	_	_
494-3	TO041	494	494	3	proprio	proprio	_	_	_	_	_	linguistic	_	none	_	_	_	_	_	_
494-4	TO041	494	494	4	come	come	_	_	_	_	_	linguistic	_	none	_	_	_	_	_	_
494-5	TO041	494	494	5	vivere	vivere	_	_	_	_	_	linguistic	_	none	_	_	_	_	_	_
494-6	TO041	494	494	6	da	da	_	_	_	_	_	linguistic	_	none	_	_	_	_	_	_
494-7	TO041	494	494	7	s[ola].	sola	_	_	_	_	_	linguistic	_	none	Intonation=Falling	End=1574.723	_	_	_	1-4(79)
495-0	TO055	495	495	0	[sì	sì	_	_	_	_	_	linguistic	_	none	_	Begin=1574.157	_	_	_	0-2(79)
495-1	TO055	495	495	1	vivi	vivi	_	_	_	_	_	linguistic	_	none	_	_	_	_	_	0-4(79)
495-2	TO055	495	495	2	d]a	da	_	_	_	_	_	linguistic	_	none	_	_	_	_	_	0-1(79)
495-3	TO055	495	495	3	sola	sola	_	_	_	_	_	linguistic	_	none	_	_	_	_	_	_
495-4	TO055	495	495	4	però	però	_	_	_	_	_	linguistic	_	none	_	_	_	_	_	_
495-5	TO055	495	495	5	[comunque	comunque	_	_	_	_	_	linguistic	_	none	_	_	_	_	_	0-8(80)
495-6	TO055	495	495	6	sei	sei	_	_	_	_	_	linguistic	_	none	_	_	_	_	_	0-3(80)
495-7	TO055	495	495	7	sempre	sempre	_	_	_	_	_	linguistic	_	none	_	_	_	_	_	0-6(80)
495-8	TO055	495	495	8	obbliga]ta	obbligata	_	_	_	_	_	linguistic	_	none	_	_	_	_	_	0-7(80)
495-9	TO055	495	495	9	a	a	_	_	_	_	_	linguistic	_	none	_	_	_	_	_	_
495-10	TO055	495	495	10	tor[nare].	tornare	_	_	_	_	_	linguistic	_	none	Intonation=Falling	End=1577.825	_	_	_	3-7(81)
496-0	TO041	496	496	0	[io	io	_	_	_	_	_	linguistic	_	none	_	Begin=1575.707	_	_	_	0-2(80)
496-1	TO041	496	496	1	tante	tante	_	_	_	_	_	linguistic	_	none	_	_	_	_	_	0-5(80)
496-2	TO041	496	496	2	cose],	cose	_	_	_	_	_	linguistic	_	none	Intonation=WeaklyRising	End=1576.954	_	_	_	0-4(80)
497-0	TO041	497	497	0	[ma	ma	_	_	_	_	_	linguistic	_	none	_	Begin=1577.233	_	_	_	0-2(81)
497-1	TO041	497	497	1	cer]to.	certo	_	_	_	_	_	linguistic	_	none	Intonation=Falling	End=1578.055	_	_	_	0-3(81)
498-0	TO041	498	498	0	poi	poi	_	_	_	_	_	linguistic	_	none	_	Begin=1578.125	_	_	_	_
498-1	TO041	498	498	1	tante	tante	_	_	_	_	_	linguistic	_	none	_	_	_	_	_	_
498-2	TO041	498	498	2	cos~	cos~	_	_	_	_	_	linguistic	_	none	Interrupted=Yes	_	_	_	_	_
498-3	TO041	498	498	3	cioè	cioè	_	_	_	_	_	linguistic	_	none	_	_	_	_	_	_
498-4	TO041	498	498	4	io	io	_	_	_	_	_	linguistic	_	none	_	_	_	_	_	_
498-5	TO041	498	498	5	ora:	ora	_	_	_	_	_	linguistic	_	none	_	End=1580.201	2x1	_	_	_
499-0	TO041	499	499	0	mi	mi	_	_	_	_	_	linguistic	_	none	_	Begin=1580.68	_	_	_	_
499-1	TO041	499	499	1	spiace	spiace	_	_	_	_	_	linguistic	_	none	_	_	_	_	_	_
499-2	TO041	499	499	2	anche	anche	_	_	_	_	_	linguistic	_	none	_	_	_	_	_	_
499-3	TO041	499	499	3	ammetterlo	ammetterlo	_	_	_	_	_	linguistic	_	none	_	_	_	_	_	_
499-4	TO041	499	499	4	però,	però	_	_	_	_	_	linguistic	_	none	Intonation=WeaklyRising	End=1582.688	_	_	_	_
500-0	TO041	500	500	0	anche	anche	_	_	_	_	_	linguistic	_	none	_	Begin=1582.987	_	_	_	_
500-1	TO041	500	500	1	cose	cose	_	_	_	_	_	linguistic	_	none	_	_	_	_	_	_
500-2	TO041	500	500	2	stupide	stupide	_	_	_	_	_	linguistic	_	none	_	_	_	_	_	_
500-3	TO041	500	500	3	tipo,	tipo	_	_	_	_	_	linguistic	_	none	Intonation=WeaklyRising	End=1584.532	_	_	_	_
501-0	TO041	501	501	0	la	la	_	_	_	_	_	linguistic	_	none	_	Begin=1584.766	_	_	_	_
501-1	TO041	501	501	1	lavanderia:	lavanderia	_	_	_	_	_	linguistic	_	none	_	_	9x1	_	_	_
501-2	TO041	501	501	2	io	io	_	_	_	_	_	linguistic	_	none	_	_	_	_	_	_
501-3	TO041	501	501	3	n~	n~	_	_	_	_	_	linguistic	_	none	Interrupted=Yes|ProsodicLink=Yes	_	_	_	_	_
501-4	TO041	501	501	4	non	non	_	_	_	_	_	linguistic	_	none	_	_	_	_	_	_
501-5	TO041	501	501	5	mi	mi	_	_	_	_	_	linguistic	_	none	_	_	_	_	_	_
501-6	TO041	501	501	6	ero	ero	_	_	_	_	_	linguistic	_	none	_	_	_	_	_	_
501-7	TO041	501	501	7	mai	mai	_	_	_	_	_	linguistic	_	none	_	_	_	_	_	_
501-8	TO041	501	501	8	lavata	lavata	_	_	_	_	_	linguistic	_	none	_	_	_	_	_	_
501-9	TO041	501	501	9	i	i	_	_	_	_	_	linguistic	_	none	_	_	_	_	_	_
501-10	TO041	501	501	10	miei	miei	_	_	_	_	_	linguistic	_	none	_	_	_	_	_	_
501-11	TO041	501	501	11	panni	panni	_	_	_	_	_	linguistic	_	none	_	_	_	_	_	_
501-12	TO041	501	501	12	da	da	_	_	_	_	_	linguistic	_	none	_	_	_	_	_	_
501-13	TO041	501	501	13	sola	sola	_	_	_	_	_	linguistic	_	none	_	_	_	_	_	_
501-14	TO041	501	501	14	e	e	_	_	_	_	_	linguistic	_	none	_	_	_	_	_	_
501-15	TO041	501	501	15	neanche	neanche	_	_	_	_	_	linguistic	_	none	_	_	_	_	_	_
501-16	TO041	501	501	16	li	li	_	_	_	_	_	linguistic	_	none	_	_	_	_	_	_
501-17	TO041	501	501	17	avevo	avevo	_	_	_	_	_	linguistic	_	none	_	_	_	_	_	_
501-18	TO041	501	501	18	mai	mai	_	_	_	_	_	linguistic	_	none	_	_	_	_	_	_
501-19	TO041	501	501	19	stirati,	stirati	_	_	_	_	_	linguistic	_	none	Intonation=WeaklyRising	End=1590.256	_	_	_	_
502-0	TO041	502	502	0	invece	invece	_	_	_	_	_	linguistic	_	none	_	Begin=1590.807	_	_	_	_
502-1	TO041	502	502	1	lì	lì	_	_	_	_	_	linguistic	_	none	_	_	_	_	_	_
502-2	TO041	502	502	2	sono	sono	_	_	_	_	_	linguistic	_	none	_	_	_	_	_	_
502-3	TO041	502	502	3	stata	stata	_	_	_	_	_	linguistic	_	none	_	_	_	_	_	_
502-4	TO041	502	502	4	ovviamente	ovviamente	_	_	_	_	_	linguistic	_	none	_	_	_	_	_	_
502-5	TO041	502	502	5	costretta	costretta	_	_	_	_	_	linguistic	_	none	_	_	_	_	_	_
502-6	TO041	502	502	6	a	a	_	_	_	_	_	linguistic	_	none	_	_	_	_	_	_
502-7	TO041	502	502	7	imparare	imparare	_	_	_	_	_	linguistic	_	none	_	_	_	_	_	_
502-8	TO041	502	502	8	a	a	_	_	_	_	_	linguistic	_	none	_	_	_	_	_	_
502-9	TO041	502	502	9	fare	fare	_	_	_	_	_	linguistic	_	none	_	_	_	_	_	_
502-10	TO041	502	502	10	ques[te	queste	_	_	_	_	_	linguistic	_	none	_	_	_	_	_	4-6(82)
502-11	TO041	502	502	11	cose],	cose	_	_	_	_	_	linguistic	_	none	Intonation=WeaklyRising	End=1595.009	_	_	_	0-4(82)
503-0	TO055	503	503	0	[certo].	certo	_	_	_	_	_	linguistic	_	none	Intonation=Falling	Begin=1594.074	_	_	_	0-5(82)
503-1	TO055	503	503	1	((ride))	((ride))	_	_	_	_	_	nonverbalbehavior	_	none	_	End=1595.211	_	_	_	_
504-0	TO041	504	504	0	però	però	_	_	_	_	_	linguistic	_	none	_	Begin=1595.229	_	_	_	_
504-1	TO041	504	504	1	io	io	_	_	_	_	_	linguistic	_	none	_	_	_	_	_	_
504-2	TO041	504	504	2	sinceramente	sinceramente	_	_	_	_	_	linguistic	_	none	_	_	_	_	_	_
504-3	TO041	504	504	3	non	non	_	_	_	_	_	linguistic	_	none	_	_	_	_	_	_
504-4	TO041	504	504	4	credevo	credevo	_	_	_	_	_	linguistic	_	none	_	_	_	_	_	_
504-5	TO041	504	504	5	di	di	_	_	_	_	_	linguistic	_	none	_	_	_	_	_	_
504-6	TO041	504	504	6	poter	poter	_	_	_	_	_	linguistic	_	none	_	_	_	_	_	_
504-7	TO041	504	504	7	farcela	farcela	_	_	_	_	_	linguistic	_	none	_	_	_	_	_	_
504-8	TO041	504	504	8	ma	ma	_	_	_	_	_	linguistic	_	none	_	_	_	_	_	_
504-9	TO041	504	504	9	ora	ora	_	_	_	_	_	linguistic	_	none	_	_	_	_	_	_
504-10	TO041	504	504	10	questa	questa	_	_	_	_	_	linguistic	_	none	_	_	_	_	_	_
504-11	TO041	504	504	11	è	è	_	_	_	_	_	linguistic	_	none	_	_	_	_	_	_
504-12	TO041	504	504	12	solo	solo	_	_	_	_	_	linguistic	_	none	_	_	_	_	_	_
504-13	TO041	504	504	13	una	una	_	_	_	_	_	linguistic	_	none	_	_	_	_	_	_
504-14	TO041	504	504	14	piccolezza	piccolezza	_	_	_	_	_	linguistic	_	none	_	_	_	_	_	_
504-15	TO041	504	504	15	una	una	_	_	_	_	_	linguistic	_	none	_	_	_	_	_	_
504-16	TO041	504	504	16	stupidag[gine].	stupidaggine	_	_	_	_	_	linguistic	_	none	Intonation=Falling	End=1601.522	_	_	_	8-12(83)
505-0	TO055	505	505	0	[però]	però	_	_	_	_	_	linguistic	_	none	_	Begin=1601.247	_	_	_	0-4(83)
505-1	TO055	505	505	1	per	per	_	_	_	_	_	linguistic	_	none	_	_	_	_	_	_
505-2	TO055	505	505	2	fare	fare	_	_	_	_	_	linguistic	_	none	_	_	_	_	_	_
505-3	TO055	505	505	3	un	un	_	_	_	_	_	linguistic	_	none	_	_	_	_	_	_
505-4	TO055	505	505	4	ese[mpio],	esempio	_	_	_	_	_	linguistic	_	none	Intonation=WeaklyRising	End=1602.678	_	_	_	3-7(84)
506-0	TO041	506	506	0	[però]	però	_	_	_	_	_	linguistic	_	none	_	Begin=1602.362	_	_	_	0-4(84)
506-1	TO041	506	506	1	era	era	_	_	_	_	_	linguistic	_	none	_	_	_	_	_	_
506-2	TO041	506	506	2	per	per	_	_	_	_	_	linguistic	_	none	_	_	_	_	_	_
506-3	TO041	506	506	3	fare	fare	_	_	_	_	_	linguistic	_	none	_	_	_	_	_	_
506-4	TO041	506	506	4	un	un	_	_	_	_	_	linguistic	_	none	_	_	_	_	_	_
506-5	TO041	506	506	5	esempio	esempio	_	_	_	_	_	linguistic	_	none	_	_	_	_	_	_
506-6	TO041	506	506	6	che	che	_	_	_	_	_	linguistic	_	none	_	_	_	_	_	_
506-7	TO041	506	506	7	alla	alla	_	_	_	_	_	linguistic	_	none	_	_	_	_	_	_
506-8	TO041	506	506	8	fine	fine	_	_	_	_	_	linguistic	_	none	_	_	_	_	_	_
506-9	TO041	506	506	9	io	io	_	_	_	_	_	linguistic	_	none	_	_	_	_	_	_
506-10	TO041	506	506	10	mi	mi	_	_	_	_	_	linguistic	_	none	_	_	_	_	_	_
506-11	TO041	506	506	11	son	son	_	_	_	_	_	linguistic	_	none	_	_	_	_	_	_
506-12	TO041	506	506	12	resa	resa	_	_	_	_	_	linguistic	_	none	_	_	_	_	_	_
506-13	TO041	506	506	13	conto	conto	_	_	_	_	_	linguistic	_	none	_	_	_	_	_	_
506-14	TO041	506	506	14	che	che	_	_	_	_	_	linguistic	_	none	_	_	_	_	_	_
506-15	TO041	506	506	15	sono	sono	_	_	_	_	_	linguistic	_	none	_	_	_	_	_	_
506-16	TO041	506	506	16	veramente	veramente	_	_	_	_	_	linguistic	_	none	_	_	_	_	_	_
506-17	TO041	506	506	17	cresciuta	cresciuta	_	_	_	_	_	linguistic	_	none	_	_	_	_	_	_
506-18	TO041	506	506	18	cioè	cioè	_	_	_	_	_	linguistic	_	none	_	_	_	_	_	_
506-19	TO041	506	506	19	non	non	_	_	_	_	_	linguistic	_	none	_	_	_	_	_	_
506-20	TO041	506	506	20	sono	sono	_	_	_	_	_	linguistic	_	none	_	_	_	_	_	_
506-21	TO041	506	506	21	più	più	_	_	_	_	_	linguistic	_	none	PauseAfter=Yes	_	_	_	_	_
506-22	TO041	506	506	22	(.)	(.)	_	_	_	_	_	shortpause	_	none	_	_	_	_	_	_
506-23	TO041	506	506	23	una	una	_	_	_	_	_	linguistic	_	none	_	_	_	_	_	_
506-24	TO041	506	506	24	bambina.	bambina	_	_	_	_	_	linguistic	_	none	Intonation=Falling	End=1609.231	_	_	_	_
507-0	TO041	507	507	0	eh	eh	_	_	_	_	_	linguistic	_	none	_	Begin=1609.538	_	_	_	_
507-1	TO041	507	507	1	posso	posso	_	_	_	_	_	linguistic	_	none	_	_	_	_	_	_
507-2	TO041	507	507	2	ver~	ver~	_	_	_	_	_	linguistic	_	none	Interrupted=Yes	_	_	_	_	_
507-3	TO041	507	507	3	cioè	cioè	_	_	_	_	_	linguistic	_	none	_	_	_	_	_	_
507-4	TO041	507	507	4	sono	sono	_	_	_	_	_	linguistic	_	none	_	_	_	_	_	_
507-5	TO041	507	507	5	veramente::	veramente	_	_	_	_	_	linguistic	_	none	_	End=1612.321	8x2	_	_	_
508-0	TO041	508	508	0	<pronta>	pronta	_	_	_	_	_	linguistic	_	none	_	Begin=1612.599	_	Slow=0-6(0)	_	_
508-1	TO041	508	508	1	anche	anche	_	_	_	_	_	linguistic	_	none	_	_	_	_	_	_
508-2	TO041	508	508	2	a	a	_	_	_	_	_	linguistic	_	none	_	_	_	_	_	_
508-3	TO041	508	508	3	affrontare	affrontare	_	_	_	_	_	linguistic	_	none	_	_	_	_	_	_
508-4	TO041	508	508	4	le	le	_	_	_	_	_	linguistic	_	none	_	_	_	_	_	_
508-5	TO041	508	508	5	sfide	sfide	_	_	_	_	_	linguistic	_	none	_	_	_	_	_	_
508-6	TO041	508	508	6	del	del	_	_	_	_	_	linguistic	_	none	_	_	_	_	_	_
508-7	TO041	508	508	7	futuro	futuro	_	_	_	_	_	linguistic	_	none	_	_	_	_	_	_
508-8	TO041	508	508	8	cioè	cioè	_	_	_	_	_	linguistic	_	none	_	_	_	_	_	_
508-9	TO041	508	508	9	quello	quello	_	_	_	_	_	linguistic	_	none	_	_	_	_	_	_
508-10	TO041	508	508	10	che	che	_	_	_	_	_	linguistic	_	none	_	_	_	_	_	_
508-11	TO041	508	508	11	ci	ci	_	_	_	_	_	linguistic	_	none	_	_	_	_	_	_
508-12	TO041	508	508	12	sarà	sarà	_	_	_	_	_	linguistic	_	none	_	_	_	_	_	_
508-13	TO041	508	508	13	dopo	dopo	_	_	_	_	_	linguistic	_	none	_	_	_	_	_	_
508-14	TO041	508	508	14	l'	l'	_	_	_	_	_	linguistic	_	none	SpaceAfter=No	_	_	_	_	_
508-15	TO041	508	508	15	università	università	_	_	_	_	_	linguistic	_	none	_	_	_	_	_	_
508-16	TO041	508	508	16	e	e	_	_	_	_	_	linguistic	_	none	_	_	_	_	_	_
508-17	TO041	508	508	17	il	il	_	_	_	_	_	linguistic	_	none	_	_	_	_	_	_
508-18	TO041	508	508	18	lavo:ro	lavoro	_	_	_	_	_	linguistic	_	none	_	_	3x1	_	_	_
508-19	TO041	508	508	19	e	e	_	_	_	_	_	linguistic	_	none	_	_	_	_	_	_
508-20	TO041	508	508	20	tutto	tutto	_	_	_	_	_	linguistic	_	none	_	_	_	_	_	_
508-21	TO041	508	508	21	quanto	quanto	_	_	_	_	_	linguistic	_	none	_	_	_	_	_	_
508-22	TO041	508	508	22	quindi,	quindi	_	_	_	_	_	linguistic	_	none	Intonation=WeaklyRising	End=1619.77	_	_	_	_
509-0	TO041	509	509	0	adesso	adesso	_	_	_	_	_	linguistic	_	none	_	Begin=1619.972	_	_	_	_
509-1	TO041	509	509	1	sono	sono	_	_	_	_	_	linguistic	_	none	_	_	_	_	_	_
509-2	TO041	509	509	2	anche:	anche	_	_	_	_	_	linguistic	_	none	_	_	4x1	_	_	_
509-3	TO041	509	509	3	più	più	_	_	_	_	_	linguistic	_	none	_	_	_	_	_	_
509-4	TO041	509	509	4	sicura	sicura	_	_	_	_	_	linguistic	_	none	_	_	_	_	_	_
509-5	TO041	509	509	5	di	di	_	_	_	_	_	linguistic	_	none	_	_	_	_	_	_
509-6	TO041	509	509	6	me	me	_	_	_	_	_	linguistic	_	none	_	_	_	_	_	_
509-7	TO041	509	509	7	stessa.	stessa	_	_	_	_	_	linguistic	_	none	Intonation=Falling	End=1622.718	_	_	_	_
510-0	TO055	510	510	0	e	e	_	_	_	_	_	linguistic	_	none	_	Begin=1623.091	_	_	_	_
510-1	TO055	510	510	1	la	la	_	_	_	_	_	linguistic	_	none	_	_	_	_	_	_
510-2	TO055	510	510	2	cosa	cosa	_	_	_	_	_	linguistic	_	none	_	_	_	_	_	_
510-3	TO055	510	510	3	che	che	_	_	_	_	_	linguistic	_	none	_	_	_	_	_	_
510-4	TO055	510	510	4	ti	ti	_	_	_	_	_	linguistic	_	none	_	_	_	_	_	_
510-5	TO055	510	510	5	è	è	_	_	_	_	_	linguistic	_	none	_	_	_	_	_	_
510-6	TO055	510	510	6	mancata	mancata	_	_	_	_	_	linguistic	_	none	_	_	_	_	_	_
510-7	TO055	510	510	7	di	di	_	_	_	_	_	linguistic	_	none	_	_	_	_	_	_
510-8	TO055	510	510	8	più?	più	_	_	_	_	_	linguistic	_	none	Intonation=Rising	_	_	_	_	_
510-9	TO055	510	510	9	dell'	dell'	_	_	_	_	_	linguistic	_	none	SpaceAfter=No	_	_	_	_	_
510-10	TO055	510	510	10	italia?	italia	_	_	_	_	_	linguistic	_	none	Intonation=Rising	End=1625.929	_	_	_	_
511-0	TO041	511	511	0	<e::h	eh	_	_	_	_	_	linguistic	_	none	_	Begin=1628.1	0x2	Slow=0-2(0)	_	_
511-1	TO041	511	511	1	la	la	_	_	_	_	_	linguistic	_	none	_	_	_	Slow=0-2(0)	_	_
511-2	TO041	511	511	2	mia	mia	_	_	_	_	_	linguistic	_	none	_	_	_	Slow=0-3(0)	_	_
511-3	TO041	511	511	3	famiglia	famiglia	_	_	_	_	_	linguistic	_	none	_	_	_	Slow=0-8(0)	_	_
511-4	TO041	511	511	4	i	i	_	_	_	_	_	linguistic	_	none	_	_	_	Slow=0-1(0)	_	_
511-5	TO041	511	511	5	miei	miei	_	_	_	_	_	linguistic	_	none	_	_	_	Slow=0-4(0)	_	_
511-6	TO041	511	511	6	amici	amici	_	_	_	_	_	linguistic	_	none	_	_	_	Slow=0-5(0)	_	_
511-7	TO041	511	511	7	e:	e	_	_	_	_	_	linguistic	_	none	_	_	0x1	Slow=0-1(0)	_	_
511-8	TO041	511	511	8	il	il	_	_	_	_	_	linguistic	_	none	_	_	_	Slow=0-2(0)	_	_
511-9	TO041	511	511	9	mio	mio	_	_	_	_	_	linguistic	_	none	_	_	_	Slow=0-3(0)	_	_
511-10	TO041	511	511	10	ragazzo	ragazzo	_	_	_	_	_	linguistic	_	none	_	_	_	Slow=0-7(0)	_	_
511-11	TO041	511	511	11	perché	perché	_	_	_	_	_	linguistic	_	none	_	_	_	Slow=0-6(0)	_	_
511-12	TO041	511	511	12	ovviamente>,	ovviamente	_	_	_	_	_	linguistic	_	none	Intonation=WeaklyRising	End=1633.651	_	Slow=0-10(0)	_	_
512-0	TO055	512	512	0	i	i	_	_	_	_	_	linguistic	_	none	_	Begin=1633.935	_	_	_	_
512-1	TO055	512	512	1	rapporti	rapporti	_	_	_	_	_	linguistic	_	none	_	_	_	_	_	_
512-2	TO055	512	512	2	quind[i].	quindi	_	_	_	_	_	linguistic	_	none	Intonation=Falling	End=1635.295	_	_	_	5-6(0)
513-0	TO041	513	513	0	[ma]	ma	_	_	_	_	_	linguistic	_	none	_	Begin=1635.146	_	_	_	0-2(0)
513-1	TO041	513	513	1	ovviamente	ovviamente	_	_	_	_	_	linguistic	_	none	_	_	_	_	_	_
513-2	TO041	513	513	2	sì	sì	_	_	_	_	_	linguistic	_	none	_	_	_	_	_	_
513-3	TO041	513	513	3	sono	sono	_	_	_	_	_	linguistic	_	none	_	_	_	_	_	_
513-4	TO041	513	513	4	le	le	_	_	_	_	_	linguistic	_	none	_	_	_	_	_	_
513-5	TO041	513	513	5	persone	persone	_	_	_	_	_	linguistic	_	none	_	_	_	_	_	_
513-6	TO041	513	513	6	che	che	_	_	_	_	_	linguistic	_	none	_	_	_	_	_	_
513-7	TO041	513	513	7	ti	ti	_	_	_	_	_	linguistic	_	none	_	_	_	_	_	_
513-8	TO041	513	513	8	mancano	mancano	_	_	_	_	_	linguistic	_	none	_	_	_	_	_	_
513-9	TO041	513	513	9	di	di	_	_	_	_	_	linguistic	_	none	_	_	_	_	_	_
513-10	TO041	513	513	10	più	più	_	_	_	_	_	linguistic	_	none	_	_	_	_	_	_
513-11	TO041	513	513	11	perché:	perché	_	_	_	_	_	linguistic	_	none	_	_	5x1	_	_	_
513-12	TO041	513	513	12	i	i	_	_	_	_	_	linguistic	_	none	_	_	_	_	_	_
513-13	TO041	513	513	13	luoghi	luoghi	_	_	_	_	_	linguistic	_	none	_	_	_	_	_	_
513-14	TO041	513	513	14	alla	alla	_	_	_	_	_	linguistic	_	none	_	_	_	_	_	_
513-15	TO041	513	513	15	fine,	fine	_	_	_	_	_	linguistic	_	none	Intonation=WeaklyRising	End=1640.605	_	_	_	_
514-0	TO041	514	514	0	stanno	stanno	_	_	_	_	_	linguistic	_	none	_	Begin=1641.595	_	_	_	_
514-1	TO041	514	514	1	l[ì	lì	_	_	_	_	_	linguistic	_	none	PauseAfter=Yes	_	_	_	_	1-2(1)
514-2	TO041	514	514	2	(.)	(.)	_	_	_	_	_	shortpause	_	none	_	_	_	_	_	_
514-3	TO041	514	514	3	sai	sai	_	_	_	_	_	linguistic	_	none	_	_	_	_	_	0-3(1)
514-4	TO041	514	514	4	che	che	_	_	_	_	_	linguistic	_	none	_	_	_	_	_	0-3(1)
514-5	TO041	514	514	5	q]uando	quando	_	_	_	_	_	linguistic	_	none	_	_	_	_	_	0-1(1)
514-6	TO041	514	514	6	torni:	torni	_	_	_	_	_	linguistic	_	none	_	End=1644.192	4x1	_	_	_
515-0	TO055	515	515	0	[certo].	certo	_	_	_	_	_	linguistic	_	none	Intonation=Falling	Begin=1642.109|End=1642.802	_	_	_	0-5(1)
516-0	TO041	516	516	0	m:h	mh	_	_	_	_	_	linguistic	_	none	_	Begin=1644.439	0x1	_	_	_
516-1	TO041	516	516	1	ci	ci	_	_	_	_	_	linguistic	_	none	_	_	_	_	_	_
516-2	TO041	516	516	2	sarà	sarà	_	_	_	_	_	linguistic	_	none	_	_	_	_	_	_
516-3	TO041	516	516	3	sempre	sempre	_	_	_	_	_	linguistic	_	none	_	_	_	_	_	_
516-4	TO041	516	516	4	casa	casa	_	_	_	_	_	linguistic	_	none	_	_	_	_	_	_
516-5	TO041	516	516	5	tua	tua	_	_	_	_	_	linguistic	_	none	_	_	_	_	_	_
516-6	TO041	516	516	6	(è)	è	_	_	_	_	_	linguistic	_	none	_	_	_	_	0-1(0)	_
516-7	TO041	516	516	7	sempre:	sempre	_	_	_	_	_	linguistic	_	none	_	End=1647.44	5x1	_	_	_
517-0	TO041	517	517	0	cioè	cioè	_	_	_	_	_	linguistic	_	none	_	Begin=1648.275	_	_	_	_
517-1	TO041	517	517	1	però	però	_	_	_	_	_	linguistic	_	none	_	_	_	_	_	_
517-2	TO041	517	517	2	magari	magari	_	_	_	_	_	linguistic	_	none	_	_	_	_	_	_
517-3	TO041	517	517	3	le	le	_	_	_	_	_	linguistic	_	none	_	_	_	_	_	_
517-4	TO041	517	517	4	persone	persone	_	_	_	_	_	linguistic	_	none	_	_	_	_	_	_
517-5	TO041	517	517	5	se	se	_	_	_	_	_	linguistic	_	none	_	_	_	_	_	_
517-6	TO041	517	517	6	ne	ne	_	_	_	_	_	linguistic	_	none	_	_	_	_	_	_
517-7	TO041	517	517	7	vanno	vanno	_	_	_	_	_	linguistic	_	none	_	_	_	_	_	_
517-8	TO041	517	517	8	specialmente	specialmente	_	_	_	_	_	linguistic	_	none	_	_	_	_	_	_
517-9	TO041	517	517	9	gli	gli	_	_	_	_	_	linguistic	_	none	_	_	_	_	_	_
517-10	TO041	517	517	10	amici	amici	_	_	_	_	_	linguistic	_	none	_	_	_	_	_	_
517-11	TO041	517	517	11	quindi	quindi	_	_	_	_	_	linguistic	_	none	_	_	_	_	_	_
517-12	TO041	517	517	12	quello	quello	_	_	_	_	_	linguistic	_	none	_	_	_	_	_	_
517-13	TO041	517	517	13	ti:	ti	_	_	_	_	_	linguistic	_	none	PauseAfter=Yes	_	1x1	_	_	_
517-14	TO041	517	517	14	(.)	(.)	_	_	_	_	_	shortpause	_	none	_	_	_	_	_	_
517-15	TO041	517	517	15	mette	mette	_	_	_	_	_	linguistic	_	none	_	_	_	_	_	_
517-16	TO041	517	517	16	un	un	_	_	_	_	_	linguistic	_	none	_	_	_	_	_	_
517-17	TO041	517	517	17	po'	po'	_	_	_	_	_	linguistic	_	none	_	_	_	_	_	_
517-18	TO041	517	517	18	di	di	_	_	_	_	_	linguistic	_	none	_	_	_	_	_	_
517-19	TO041	517	517	19	ansia	ansia	_	_	_	_	_	linguistic	_	none	_	_	_	_	_	_
517-20	TO041	517	517	20	però	però	_	_	_	_	_	linguistic	_	none	_	_	_	_	_	_
517-21	TO041	517	517	21	alla	alla	_	_	_	_	_	linguistic	_	none	_	_	_	_	_	_
517-22	TO041	517	517	22	fine,	fine	_	_	_	_	_	linguistic	_	none	Intonation=WeaklyRising	End=1655.009	_	_	_	_
518-0	TO041	518	518	0	quando	quando	_	_	_	_	_	linguistic	_	none	_	Begin=1655.293	_	_	_	_
518-1	TO041	518	518	1	sono	sono	_	_	_	_	_	linguistic	_	none	_	_	_	_	_	_
518-2	TO041	518	518	2	tornata	tornata	_	_	_	_	_	linguistic	_	none	_	_	_	_	_	_
518-3	TO041	518	518	3	era	era	_	_	_	_	_	linguistic	_	none	_	_	_	_	_	_
518-4	TO041	518	518	4	se~	se~	_	_	_	_	_	linguistic	_	none	Interrupted=Yes|ProsodicLink=Yes	_	_	_	_	_
518-5	TO041	518	518	5	mh	mh	_	_	_	_	_	linguistic	_	none	_	_	_	_	_	_
518-6	TO041	518	518	6	es~	es~	_	_	_	_	_	linguistic	_	none	Interrupted=Yes	_	_	_	_	_
518-7	TO041	518	518	7	era	era	_	_	_	_	_	linguistic	_	none	_	_	_	_	_	_
518-8	TO041	518	518	8	tutto	tutto	_	_	_	_	_	linguistic	_	none	_	_	_	_	_	_
518-9	TO041	518	518	9	uguale	uguale	_	_	_	_	_	linguistic	_	none	_	_	_	_	_	_
518-10	TO041	518	518	10	quindi	quindi	_	_	_	_	_	linguistic	_	none	_	_	_	_	_	_
518-11	TO041	518	518	11	tutto	tutto	_	_	_	_	_	linguistic	_	none	_	_	_	_	_	_
518-12	TO041	518	518	12	come	come	_	_	_	_	_	linguistic	_	none	_	_	_	_	_	_
518-13	TO041	518	518	13	pri[ma],	prima	_	_	_	_	_	linguistic	_	none	Intonation=WeaklyRising	End=1659.816	_	_	_	3-5(2)
519-0	TO055	519	519	0	[(hai)	hai	_	_	_	_	_	linguistic	_	none	_	Begin=1659.477	_	_	0-3(0)	0-3(2)
519-1	TO055	519	519	1	f]atto	fatto	_	_	_	_	_	linguistic	_	none	_	_	_	_	_	0-1(2)
519-2	TO055	519	519	2	fatica	fatica	_	_	_	_	_	linguistic	_	none	_	_	_	_	_	_
519-3	TO055	519	519	3	a	a	_	_	_	_	_	linguistic	_	none	_	_	_	_	_	_
519-4	TO055	519	519	4	riadattarti?	riadattarti	_	_	_	_	_	linguistic	_	none	Intonation=Rising	End=1661.321	_	_	_	_
520-0	TO041	520	520	0	ma:::	ma	_	_	_	_	_	linguistic	_	none	ProsodicLink=Yes	Begin=1661.861	1x3	_	_	_
520-1	TO041	520	520	1	no::	no	_	_	_	_	_	linguistic	_	none	_	_	1x2	_	_	_
520-2	TO041	520	520	2	perché::	perché	_	_	_	_	_	linguistic	_	none	_	End=1664.733	5x2	_	_	_
521-0	TO041	521	521	0	nel	nel	_	_	_	_	_	linguistic	_	none	_	Begin=1665.155	_	_	_	_
521-1	TO041	521	521	1	senso	senso	_	_	_	_	_	linguistic	_	none	_	_	_	_	_	_
521-2	TO041	521	521	2	sono	sono	_	_	_	_	_	linguistic	_	none	_	_	_	_	_	_
521-3	TO041	521	521	3	tornata	tornata	_	_	_	_	_	linguistic	_	none	_	_	_	_	_	_
521-4	TO041	521	521	4	eran	eran	_	_	_	_	_	linguistic	_	none	_	_	_	_	_	_
521-5	TO041	521	521	5	le	le	_	_	_	_	_	linguistic	_	none	_	_	_	_	_	_
521-6	TO041	521	521	6	vacanze	vacanze	_	_	_	_	_	linguistic	_	none	_	_	_	_	_	_
521-7	TO041	521	521	7	di	di	_	_	_	_	_	linguistic	_	none	_	_	_	_	_	_
521-8	TO041	521	521	8	natale	natale	_	_	_	_	_	linguistic	_	none	_	_	_	_	_	_
521-9	TO041	521	521	9	quindi	quindi	_	_	_	_	_	linguistic	_	none	_	_	_	_	_	_
521-10	TO041	521	521	10	già	già	_	_	_	_	_	linguistic	_	none	_	_	_	_	_	_
521-11	TO041	521	521	11	un	un	_	_	_	_	_	linguistic	_	none	_	_	_	_	_	_
521-12	TO041	521	521	12	periodo	periodo	_	_	_	_	_	linguistic	_	none	_	_	_	_	_	_
521-13	TO041	521	521	13	più	più	_	_	_	_	_	linguistic	_	none	_	_	_	_	_	_
521-14	TO041	521	521	14	felice	felice	_	_	_	_	_	linguistic	_	none	_	_	_	_	_	_
521-15	TO041	521	521	15	dell'	dell'	_	_	_	_	_	linguistic	_	none	SpaceAfter=No	_	_	_	_	_
521-16	TO041	521	521	16	anno	anno	_	_	_	_	_	linguistic	_	none	_	_	_	_	_	_
521-17	TO041	521	521	17	quindi,	quindi	_	_	_	_	_	linguistic	_	none	Intonation=WeaklyRising	End=1670.568	_	_	_	_
522-0	TO041	522	522	0	sai	sai	_	_	_	_	_	linguistic	_	none	_	Begin=1670.715	_	_	_	_
522-1	TO041	522	522	1	non	non	_	_	_	_	_	linguistic	_	none	_	_	_	_	_	_
522-2	TO041	522	522	2	è	è	_	_	_	_	_	linguistic	_	none	_	_	_	_	_	_
522-3	TO041	522	522	3	stato	stato	_	_	_	_	_	linguistic	_	none	_	_	_	_	_	_
522-4	TO041	522	522	4	poi	poi	_	_	_	_	_	linguistic	_	none	_	_	_	_	_	_
522-5	TO041	522	522	5	comunque,	comunque	_	_	_	_	_	linguistic	_	none	Intonation=WeaklyRising	End=1672.623	_	_	_	_
523-0	TO041	523	523	0	quando	quando	_	_	_	_	_	linguistic	_	none	_	Begin=1673.072	_	_	_	_
523-1	TO041	523	523	1	torni	torni	_	_	_	_	_	linguistic	_	none	_	_	_	_	_	_
523-2	TO041	523	523	2	hai	hai	_	_	_	_	_	linguistic	_	none	_	_	_	_	_	_
523-3	TO041	523	523	3	sempre	sempre	_	_	_	_	_	linguistic	_	none	_	_	_	_	_	_
523-4	TO041	523	523	4	un	un	_	_	_	_	_	linguistic	_	none	_	_	_	_	_	_
523-5	TO041	523	523	5	sacco	sacco	_	_	_	_	_	linguistic	_	none	_	_	_	_	_	_
523-6	TO041	523	523	6	di	di	_	_	_	_	_	linguistic	_	none	_	_	_	_	_	_
523-7	TO041	523	523	7	cose	cose	_	_	_	_	_	linguistic	_	none	_	_	_	_	_	_
523-8	TO041	523	523	8	da	da	_	_	_	_	_	linguistic	_	none	_	_	_	_	_	_
523-9	TO041	523	523	9	fare	fare	_	_	_	_	_	linguistic	_	none	_	_	_	_	_	_
523-10	TO041	523	523	10	quindi	quindi	_	_	_	_	_	linguistic	_	none	_	_	_	_	_	_
523-11	TO041	523	523	11	non	non	_	_	_	_	_	linguistic	_	none	_	_	_	_	_	_
523-12	TO041	523	523	12	ho	ho	_	_	_	_	_	linguistic	_	none	_	_	_	_	_	_
523-13	TO041	523	523	13	neanche	neanche	_	_	_	_	_	linguistic	_	none	_	_	_	_	_	_
523-14	TO041	523	523	14	avuto:	avuto	_	_	_	_	_	linguistic	_	none	PauseAfter=Yes	_	4x1	_	_	_
523-15	TO041	523	523	15	(.)	(.)	_	_	_	_	_	shortpause	_	none	_	_	_	_	_	_
523-16	TO041	523	523	16	<tempo>	tempo	_	_	_	_	_	linguistic	_	none	_	_	_	Slow=0-5(0)	_	_
523-17	TO041	523	523	17	di	di	_	_	_	_	_	linguistic	_	none	_	_	_	_	_	_
523-18	TO041	523	523	18	rendermi	rendermi	_	_	_	_	_	linguistic	_	none	_	_	_	_	_	_
523-19	TO041	523	523	19	conto	conto	_	_	_	_	_	linguistic	_	none	_	_	_	_	_	_
523-20	TO041	523	523	20	che	che	_	_	_	_	_	linguistic	_	none	_	_	_	_	_	_
523-21	TO041	523	523	21	ero	ero	_	_	_	_	_	linguistic	_	none	_	_	_	_	_	_
523-22	TO041	523	523	22	tornata,	tornata	_	_	_	_	_	linguistic	_	none	Intonation=WeaklyRising	End=1679.651	_	_	_	_
524-0	TO041	524	524	0	però	però	_	_	_	_	_	linguistic	_	none	_	Begin=1679.944	_	_	_	_
524-1	TO041	524	524	1	tipo::	tipo	_	_	_	_	_	linguistic	_	none	_	End=1681.486	3x2	_	_	_
525-0	TO041	525	525	0	m:h	mh	_	_	_	_	_	linguistic	_	none	ProsodicLink=Yes	Begin=1682.256	0x1	_	_	_
525-1	TO041	525	525	1	non	non	_	_	_	_	_	linguistic	_	none	_	_	_	_	_	_
525-2	TO041	525	525	2	lo	lo	_	_	_	_	_	linguistic	_	none	_	_	_	_	_	_
525-3	TO041	525	525	3	so	so	_	_	_	_	_	linguistic	_	none	_	_	_	_	_	_
525-4	TO041	525	525	4	quando	quando	_	_	_	_	_	linguistic	_	none	_	_	_	_	_	_
525-5	TO041	525	525	5	sono	sono	_	_	_	_	_	linguistic	_	none	_	_	_	_	_	_
525-6	TO041	525	525	6	finite	finite	_	_	_	_	_	linguistic	_	none	_	_	_	_	_	_
525-7	TO041	525	525	7	le	le	_	_	_	_	_	linguistic	_	none	_	_	_	_	_	_
525-8	TO041	525	525	8	vacanze	vacanze	_	_	_	_	_	linguistic	_	none	_	_	_	_	_	_
525-9	TO041	525	525	9	di	di	_	_	_	_	_	linguistic	_	none	_	_	_	_	_	_
525-10	TO041	525	525	10	natale	natale	_	_	_	_	_	linguistic	_	none	_	_	_	_	_	_
525-11	TO041	525	525	11	che::	che	_	_	_	_	_	linguistic	_	none	_	_	2x2	_	_	_
525-12	TO041	525	525	12	è	è	_	_	_	_	_	linguistic	_	none	_	_	_	_	_	_
525-13	TO041	525	525	13	arrivato	arrivato	_	_	_	_	_	linguistic	_	none	_	_	_	_	_	_
525-14	TO041	525	525	14	febbraio	febbraio	_	_	_	_	_	linguistic	_	none	_	_	_	_	_	_
525-15	TO041	525	525	15	per	per	_	_	_	_	_	linguistic	_	none	_	_	_	_	_	_
525-16	TO041	525	525	16	dire,	dire	_	_	_	_	_	linguistic	_	none	Intonation=WeaklyRising	End=1687.752	_	_	_	_
526-0	TO041	526	526	0	ho	ho	_	_	_	_	_	linguistic	_	none	_	Begin=1688.064	_	_	_	_
526-1	TO041	526	526	1	pensato	pensato	_	_	_	_	_	linguistic	_	none	_	_	_	_	_	_
526-2	TO041	526	526	2	cavolo	cavolo	_	_	_	_	_	linguistic	_	none	_	_	_	_	_	_
526-3	TO041	526	526	3	ma,	ma	_	_	_	_	_	linguistic	_	none	Intonation=WeaklyRising	End=1689.669	_	_	_	_
527-0	TO041	527	527	0	cioè	cioè	_	_	_	_	_	linguistic	_	none	PauseAfter=Yes	Begin=1690.284	_	_	_	_
527-1	TO041	527	527	1	(.)	(.)	_	_	_	_	_	shortpause	_	none	_	_	_	_	_	_
527-2	TO041	527	527	2	è	è	_	_	_	_	_	linguistic	_	none	_	_	_	_	_	_
527-3	TO041	527	527	3	soltato	soltato	_	_	_	_	_	linguistic	_	none	_	_	_	_	_	_
527-4	TO041	527	527	4	un	un	_	_	_	_	_	linguistic	_	none	_	_	_	_	_	_
527-5	TO041	527	527	5	mese	mese	_	_	_	_	_	linguistic	_	none	_	_	_	_	_	_
527-6	TO041	527	527	6	che	che	_	_	_	_	_	linguistic	_	none	_	_	_	_	_	_
527-7	TO041	527	527	7	sono	sono	_	_	_	_	_	linguistic	_	none	_	_	_	_	_	_
527-8	TO041	527	527	8	tornata	tornata	_	_	_	_	_	linguistic	_	none	_	_	_	_	_	_
527-9	TO041	527	527	9	e	e	_	_	_	_	_	linguistic	_	none	_	_	_	_	_	_
527-10	TO041	527	527	10	a	a	_	_	_	_	_	linguistic	_	none	_	_	_	_	_	_
527-11	TO041	527	527	11	me	me	_	_	_	_	_	linguistic	_	none	_	_	_	_	_	_
527-12	TO041	527	527	12	sembra	sembra	_	_	_	_	_	linguistic	_	none	_	_	_	_	_	_
527-13	TO041	527	527	13	già	già	_	_	_	_	_	linguistic	_	none	_	_	_	_	_	_
527-14	TO041	527	527	14	una	una	_	_	_	_	_	linguistic	_	none	_	_	_	_	_	_
527-15	TO041	527	527	15	vita	vita	_	_	_	_	_	linguistic	_	none	_	_	_	_	_	_
527-16	TO041	527	527	16	fa	fa	_	_	_	_	_	linguistic	_	none	_	_	_	_	_	_
527-17	TO041	527	527	17	perché	perché	_	_	_	_	_	linguistic	_	none	_	_	_	_	_	_
527-18	TO041	527	527	18	poi	poi	_	_	_	_	_	linguistic	_	none	_	_	_	_	_	_
527-19	TO041	527	527	19	alla	alla	_	_	_	_	_	linguistic	_	none	_	_	_	_	_	_
527-20	TO041	527	527	20	fine	fine	_	_	_	_	_	linguistic	_	none	_	_	_	_	_	_
527-21	TO041	527	527	21	fai	fai	_	_	_	_	_	linguistic	_	none	_	_	_	_	_	_
527-22	TO041	527	527	22	talmente	talmente	_	_	_	_	_	linguistic	_	none	_	_	_	_	_	_
527-23	TO041	527	527	23	tante	tante	_	_	_	_	_	linguistic	_	none	_	_	_	_	_	_
527-24	TO041	527	527	24	cose	cose	_	_	_	_	_	linguistic	_	none	_	_	_	_	_	_
527-25	TO041	527	527	25	in	in	_	_	_	_	_	linguistic	_	none	_	_	_	_	_	_
527-26	TO041	527	527	26	pochissimo	pochissimo	_	_	_	_	_	linguistic	_	none	_	_	_	_	_	_
527-27	TO041	527	527	27	tempo	tempo	_	_	_	_	_	linguistic	_	none	_	_	_	_	_	_
527-28	TO041	527	527	28	che	che	_	_	_	_	_	linguistic	_	none	_	_	_	_	_	_
527-29	TO041	527	527	29	non	non	_	_	_	_	_	linguistic	_	none	_	_	_	_	_	_
527-30	TO041	527	527	30	ti	ti	_	_	_	_	_	linguistic	_	none	_	_	_	_	_	_
527-31	TO041	527	527	31	rendi	rendi	_	_	_	_	_	linguistic	_	none	_	_	_	_	_	_
527-32	TO041	527	527	32	neanche	neanche	_	_	_	_	_	linguistic	_	none	_	_	_	_	_	_
527-33	TO041	527	527	33	con[to].	conto	_	_	_	_	_	linguistic	_	none	Intonation=Falling	End=1699.385	_	_	_	3-5(3)
528-0	TO055	528	528	0	((ride))	((ride))	_	_	_	_	_	nonverbalbehavior	_	none	_	Begin=1692.659|End=1693.569	_	_	_	_
529-0	TO055	529	529	0	[è]	è	_	_	_	_	_	linguistic	_	none	_	Begin=1699.155	_	_	_	0-1(3)
529-1	TO055	529	529	1	vero.	vero	_	_	_	_	_	linguistic	_	none	Intonation=Falling	End=1699.836	_	_	_	_
530-0	TO055	530	530	0	e	e	_	_	_	_	_	linguistic	_	none	_	Begin=1700.329	_	_	_	_
530-1	TO055	530	530	1	quindi	quindi	_	_	_	_	_	linguistic	_	none	_	_	_	_	_	_
530-2	TO055	530	530	2	riandresti:	riandresti	_	_	_	_	_	linguistic	_	none	_	_	9x1	_	_	_
530-3	TO055	530	530	3	di	di	_	_	_	_	_	linguistic	_	none	_	_	_	_	_	_
530-4	TO055	530	530	4	nuo:vo	nuovo	_	_	_	_	_	linguistic	_	none	_	_	2x1	_	_	_
530-5	TO055	530	530	5	in	in	_	_	_	_	_	linguistic	_	none	_	_	_	_	_	_
530-6	TO055	530	530	6	eras[mus]?	erasmus	_	_	_	_	_	linguistic	_	none	Intonation=Rising	End=1703.0	_	_	_	4-7(4)
531-0	TO041	531	531	0	[sì]	sì	_	_	_	_	_	linguistic	_	none	_	Begin=1702.526	_	_	_	0-2(4)
531-1	TO041	531	531	1	sì	sì	_	_	_	_	_	linguistic	_	none	_	_	_	_	_	_
531-2	TO041	531	531	2	sì	sì	_	_	_	_	_	linguistic	_	none	_	_	_	_	_	_
531-3	TO041	531	531	3	ma	ma	_	_	_	_	_	linguistic	_	none	_	_	_	_	_	_
531-4	TO041	531	531	4	credo	credo	_	_	_	_	_	linguistic	_	none	_	_	_	_	_	_
531-5	TO041	531	531	5	che	che	_	_	_	_	_	linguistic	_	none	_	_	_	_	_	_
531-6	TO041	531	531	6	<tutti>	tutti	_	_	_	_	_	linguistic	_	none	PauseAfter=Yes	_	_	Slow=0-5(0)	_	_
531-7	TO041	531	531	7	(.)	(.)	_	_	_	_	_	shortpause	_	none	_	_	_	_	_	_
531-8	TO041	531	531	8	tornerebbero.	tornerebbero	_	_	_	_	_	linguistic	_	none	Intonation=Falling	End=1706.174	_	_	_	_
532-0	TO055	532	532	0	e	e	_	_	_	_	_	linguistic	_	none	_	Begin=1706.577	_	_	_	_
532-1	TO055	532	532	1	sì.	sì	_	_	_	_	_	linguistic	_	none	Intonation=Falling|PauseAfter=Yes	_	_	_	_	_
532-2	TO055	532	532	2	(.)	(.)	_	_	_	_	_	shortpause	_	none	_	_	_	_	_	_
532-3	TO055	532	532	3	è	è	_	_	_	_	_	linguistic	_	none	_	_	_	_	_	_
532-4	TO055	532	532	4	un'	un'	_	_	_	_	_	linguistic	_	none	SpaceAfter=No	_	_	_	_	_
532-5	TO055	532	532	5	esperienza	esperienza	_	_	_	_	_	linguistic	_	none	_	_	_	_	_	_
532-6	TO055	532	532	6	che:	che	_	_	_	_	_	linguistic	_	none	_	_	2x1	_	_	_
532-7	TO055	532	532	7	ti	ti	_	_	_	_	_	linguistic	_	none	_	_	_	_	_	_
532-8	TO055	532	532	8	lascia	lascia	_	_	_	_	_	linguistic	_	none	_	_	_	_	_	_
532-9	TO055	532	532	9	comunque	comunque	_	_	_	_	_	linguistic	_	none	_	_	_	_	_	_
532-10	TO055	532	532	10	tanto.	tanto	_	_	_	_	_	linguistic	_	none	Intonation=Falling	End=1710.073	_	_	_	_
533-0	TO055	533	533	0	°va	va	_	_	_	_	_	linguistic	_	none	Volume=low	Begin=1711.192	_	_	_	_
533-1	TO055	533	533	1	bene.°	bene	_	_	_	_	_	linguistic	_	none	Intonation=Falling|Volume=low	End=1711.844	_	_	_	_
534-0	TO055	534	534	0	il	il	_	_	_	_	_	linguistic	_	none	_	Begin=1714.154	_	_	_	_
534-1	TO055	534	534	1	tuo	tuo	_	_	_	_	_	linguistic	_	none	_	_	_	_	_	_
534-2	TO055	534	534	2	futuro	futuro	_	_	_	_	_	linguistic	_	none	_	_	_	_	_	_
534-3	TO055	534	534	3	quindi	quindi	_	_	_	_	_	linguistic	_	none	_	_	_	_	_	_
534-4	TO055	534	534	4	lo	lo	_	_	_	_	_	linguistic	_	none	_	_	_	_	_	_
534-5	TO055	534	534	5	vedi:	vedi	_	_	_	_	_	linguistic	_	none	_	_	3x1	_	_	_
534-6	TO055	534	534	6	qua	qua	_	_	_	_	_	linguistic	_	none	_	_	_	_	_	_
534-7	TO055	534	534	7	in	in	_	_	_	_	_	linguistic	_	none	_	_	_	_	_	_
534-8	TO055	534	534	8	italia,	italia	_	_	_	_	_	linguistic	_	none	Intonation=WeaklyRising|PauseAfter=Yes	_	_	_	_	_
534-9	TO055	534	534	9	(.)	(.)	_	_	_	_	_	shortpause	_	none	_	_	_	_	_	_
534-10	TO055	534	534	10	o	o	_	_	_	_	_	linguistic	_	none	_	_	_	_	_	_
534-11	TO055	534	534	11	all'	all'	_	_	_	_	_	linguistic	_	none	SpaceAfter=No	_	_	_	_	_
534-12	TO055	534	534	12	estero?	estero	_	_	_	_	_	linguistic	_	none	Intonation=Rising	End=1717.853	_	_	_	_
535-0	TO041	535	535	0	allora,	allora	_	_	_	_	_	linguistic	_	none	Intonation=WeaklyRising	Begin=1719.1|End=1719.753	_	_	_	_
536-0	TO041	536	536	0	grazie	grazie	_	_	_	_	_	linguistic	_	none	_	Begin=1720.393	_	_	_	_
536-1	TO041	536	536	1	all'	all'	_	_	_	_	_	linguistic	_	none	SpaceAfter=No	_	_	_	_	_
536-2	TO041	536	536	2	erasmus	erasmus	_	_	_	_	_	linguistic	_	none	_	_	_	_	_	_
536-3	TO041	536	536	3	ho	ho	_	_	_	_	_	linguistic	_	none	_	_	_	_	_	_
536-4	TO041	536	536	4	capito	capito	_	_	_	_	_	linguistic	_	none	_	_	_	_	_	_
536-5	TO041	536	536	5	che	che	_	_	_	_	_	linguistic	_	none	_	_	_	_	_	_
536-6	TO041	536	536	6	posso	posso	_	_	_	_	_	linguistic	_	none	_	_	_	_	_	_
536-7	TO041	536	536	7	sopravvivere	sopravvivere	_	_	_	_	_	linguistic	_	none	_	_	_	_	_	_
536-8	TO041	536	536	8	anche	anche	_	_	_	_	_	linguistic	_	none	_	_	_	_	_	_
536-9	TO041	536	536	9	all'	all'	_	_	_	_	_	linguistic	_	none	SpaceAfter=No	_	_	_	_	_
536-10	TO041	536	536	10	estero	estero	_	_	_	_	_	linguistic	_	none	_	_	_	_	_	_
536-11	TO041	536	536	11	che,	che	_	_	_	_	_	linguistic	_	none	Intonation=WeaklyRising	End=1724.559	_	_	_	_
537-0	TO041	537	537	0	è	è	_	_	_	_	_	linguistic	_	none	_	Begin=1725.412	_	_	_	_
537-1	TO041	537	537	1	un	un	_	_	_	_	_	linguistic	_	none	_	_	_	_	_	_
537-2	TO041	537	537	2	fatto	fatto	_	_	_	_	_	linguistic	_	none	_	_	_	_	_	_
537-3	TO041	537	537	3	che	che	_	_	_	_	_	linguistic	_	none	_	_	_	_	_	_
537-4	TO041	537	537	4	prima	prima	_	_	_	_	_	linguistic	_	none	_	_	_	_	_	_
537-5	TO041	537	537	5	non	non	_	_	_	_	_	linguistic	_	none	_	_	_	_	_	_
537-6	TO041	537	537	6	davo	davo	_	_	_	_	_	linguistic	_	none	_	_	_	_	_	_
537-7	TO041	537	537	7	tanto	tanto	_	_	_	_	_	linguistic	_	none	_	_	_	_	_	_
537-8	TO041	537	537	8	per	per	_	_	_	_	_	linguistic	_	none	_	_	_	_	_	_
537-9	TO041	537	537	9	scontato.	scontato	_	_	_	_	_	linguistic	_	none	Intonation=Falling	End=1728.218	_	_	_	_
538-0	TO041	538	538	0	e:h	eh	_	_	_	_	_	linguistic	_	none	_	Begin=1728.696	0x1	_	_	_
538-1	TO041	538	538	1	quindi,	quindi	_	_	_	_	_	linguistic	_	none	Intonation=WeaklyRising	End=1730.018	_	_	_	_
539-0	TO041	539	539	0	e:h	eh	_	_	_	_	_	linguistic	_	none	_	Begin=1730.1	0x1	_	_	_
539-1	TO041	539	539	1	ho	ho	_	_	_	_	_	linguistic	_	none	_	_	_	_	_	_
539-2	TO041	539	539	2	preso	preso	_	_	_	_	_	linguistic	_	none	_	_	_	_	_	_
539-3	TO041	539	539	3	coraggio	coraggio	_	_	_	_	_	linguistic	_	none	_	_	_	_	_	_
539-4	TO041	539	539	4	diciamo	diciamo	_	_	_	_	_	linguistic	_	none	_	_	_	_	_	_
539-5	TO041	539	539	5	e	e	_	_	_	_	_	linguistic	_	none	_	_	_	_	_	_
539-6	TO041	539	539	6	mi	mi	_	_	_	_	_	linguistic	_	none	_	_	_	_	_	_
539-7	TO041	539	539	7	sono	sono	_	_	_	_	_	linguistic	_	none	_	_	_	_	_	_
539-8	TO041	539	539	8	iscritta:	iscritta	_	_	_	_	_	linguistic	_	none	_	_	7x1	_	_	_
539-9	TO041	539	539	9	a	a	_	_	_	_	_	linguistic	_	none	_	_	_	_	_	_
539-10	TO041	539	539	10	un'	un'	_	_	_	_	_	linguistic	_	none	SpaceAfter=No	_	_	_	_	_
539-11	TO041	539	539	11	università:	università	_	_	_	_	_	linguistic	_	none	_	_	9x1	_	_	_
539-12	TO041	539	539	12	francese	francese	_	_	_	_	_	linguistic	_	none	_	_	_	_	_	_
539-13	TO041	539	539	13	il	il	_	_	_	_	_	linguistic	_	none	_	_	_	_	_	_
539-14	TO041	539	539	14	prossimo	prossimo	_	_	_	_	_	linguistic	_	none	_	_	_	_	_	_
539-15	TO041	539	539	15	anno	anno	_	_	_	_	_	linguistic	_	none	_	_	_	_	_	_
539-16	TO041	539	539	16	quindi	quindi	_	_	_	_	_	linguistic	_	none	_	_	_	_	_	_
539-17	TO041	539	539	17	non	non	_	_	_	_	_	linguistic	_	none	_	_	_	_	_	_
539-18	TO041	539	539	18	così:	così	_	_	_	_	_	linguistic	_	none	_	_	3x1	_	_	_
539-19	TO041	539	539	19	lontano	lontano	_	_	_	_	_	linguistic	_	none	_	_	_	_	_	_
539-20	TO041	539	539	20	da	da	_	_	_	_	_	linguistic	_	none	_	_	_	_	_	_
539-21	TO041	539	539	21	casa	casa	_	_	_	_	_	linguistic	_	none	_	_	_	_	_	_
539-22	TO041	539	539	22	però	però	_	_	_	_	_	linguistic	_	none	_	_	_	_	_	_
539-23	TO041	539	539	23	comunque,	comunque	_	_	_	_	_	linguistic	_	none	Intonation=WeaklyRising	End=1739.596	_	_	_	_
540-0	TO041	540	540	0	m:h	mh	_	_	_	_	_	linguistic	_	none	_	Begin=1740.494	0x1	_	_	_
540-1	TO041	540	540	1	[una	una	_	_	_	_	_	linguistic	_	none	PauseAfter=Yes	_	_	_	_	0-3(7)
540-2	TO041	540	540	2	(.)	(.)	_	_	_	_	_	shortpause	_	none	_	_	_	_	_	_
540-3	TO041	540	540	3	sì	sì	_	_	_	_	_	linguistic	_	none	_	_	_	_	_	0-2(7)
540-4	TO041	540	540	4	semp]re	sempre	_	_	_	_	_	linguistic	_	none	_	_	_	_	_	0-4(7)
540-5	TO041	540	540	5	estero	estero	_	_	_	_	_	linguistic	_	none	_	_	_	_	_	_
540-6	TO041	540	540	6	è.	è	_	_	_	_	_	linguistic	_	none	Intonation=Falling	End=1743.009	_	_	_	_
541-0	TO055	541	541	0	[sempre	sempre	_	_	_	_	_	linguistic	_	none	_	Begin=1740.889	_	_	_	0-6(7)
541-1	TO055	541	541	1	estero	estero	_	_	_	_	_	linguistic	_	none	_	_	_	_	_	0-6(7)
541-2	TO055	541	541	2	è].	è	_	_	_	_	_	linguistic	_	none	Intonation=Falling	End=1742.124	_	_	_	0-1(7)
542-0	TO041	542	542	0	e:h	eh	_	_	_	_	_	linguistic	_	none	_	Begin=1743.559	0x1	_	_	_
542-1	TO041	542	542	1	anche	anche	_	_	_	_	_	linguistic	_	none	_	_	_	_	_	_
542-2	TO041	542	542	2	perché	perché	_	_	_	_	_	linguistic	_	none	_	_	_	_	_	_
542-3	TO041	542	542	3	comunque:	comunque	_	_	_	_	_	linguistic	_	none	_	_	7x1	_	_	_
542-4	TO041	542	542	4	voglio:	voglio	_	_	_	_	_	linguistic	_	none	_	_	5x1	_	_	_
542-5	TO041	542	542	5	imparare	imparare	_	_	_	_	_	linguistic	_	none	_	_	_	_	_	_
542-6	TO041	542	542	6	altre	altre	_	_	_	_	_	linguistic	_	none	_	_	_	_	_	_
542-7	TO041	542	542	7	lingue	lingue	_	_	_	_	_	linguistic	_	none	_	_	_	_	_	_
542-8	TO041	542	542	8	e	e	_	_	_	_	_	linguistic	_	none	_	_	_	_	_	_
542-9	TO041	542	542	9	comunque	comunque	_	_	_	_	_	linguistic	_	none	_	_	_	_	_	_
542-10	TO041	542	542	10	tenermi	tenermi	_	_	_	_	_	linguistic	_	none	_	_	_	_	_	_
542-11	TO041	542	542	11	aperte	aperte	_	_	_	_	_	linguistic	_	none	_	_	_	_	_	_
542-12	TO041	542	542	12	tutte	tutte	_	_	_	_	_	linguistic	_	none	_	_	_	_	_	_
542-13	TO041	542	542	13	le	le	_	_	_	_	_	linguistic	_	none	_	_	_	_	_	_
542-14	TO041	542	542	14	possibilità	possibilità	_	_	_	_	_	linguistic	_	none	_	_	_	_	_	_
542-15	TO041	542	542	15	perché	perché	_	_	_	_	_	linguistic	_	none	_	_	_	_	_	_
542-16	TO041	542	542	16	a	a	_	_	_	_	_	linguistic	_	none	_	_	_	_	_	_
542-17	TO041	542	542	17	me	me	_	_	_	_	_	linguistic	_	none	_	_	_	_	_	_
542-18	TO041	542	542	18	piace	piace	_	_	_	_	_	linguistic	_	none	_	_	_	_	_	_
542-19	TO041	542	542	19	tantissimo	tantissimo	_	_	_	_	_	linguistic	_	none	_	_	_	_	_	_
542-20	TO041	542	542	20	vivere	vivere	_	_	_	_	_	linguistic	_	none	_	_	_	_	_	_
542-21	TO041	542	542	21	qua	qua	_	_	_	_	_	linguistic	_	none	_	_	_	_	_	_
542-22	TO041	542	542	22	a	a	_	_	_	_	_	linguistic	_	none	_	_	_	_	_	_
542-23	TO041	542	542	23	torino,	torino	_	_	_	_	_	linguistic	_	none	Intonation=WeaklyRising	End=1753.073	_	_	_	_
543-0	TO041	543	543	0	però	però	_	_	_	_	_	linguistic	_	none	_	Begin=1753.431	_	_	_	_
543-1	TO041	543	543	1	e::h	eh	_	_	_	_	_	linguistic	_	none	ProsodicLink=Yes	_	0x2	_	_	_
543-2	TO041	543	543	2	mh	mh	_	_	_	_	_	linguistic	_	none	_	End=1755.311	_	_	_	_
544-0	TO041	544	544	0	ovviamente	ovviamente	_	_	_	_	_	linguistic	_	none	PauseAfter=Yes	Begin=1755.595	_	_	_	_
544-1	TO041	544	544	1	(.)	(.)	_	_	_	_	_	shortpause	_	none	_	_	_	_	_	_
544-2	TO041	544	544	2	cioè	cioè	_	_	_	_	_	linguistic	_	none	_	_	_	_	_	_
544-3	TO041	544	544	3	so,	so	_	_	_	_	_	linguistic	_	none	Intonation=WeaklyRising	End=1757.33	_	_	_	_
545-0	TO041	545	545	0	<che	che	_	_	_	_	_	linguistic	_	none	_	Begin=1757.669	_	Slow=0-3(0)	_	_
545-1	TO041	545	545	1	ci	ci	_	_	_	_	_	linguistic	_	none	_	_	_	Slow=0-2(0)	_	_
545-2	TO041	545	545	2	sono:	sono	_	_	_	_	_	linguistic	_	none	_	_	3x1	Slow=0-4(0)	_	_
545-3	TO041	545	545	3	mo:lte	molte	_	_	_	_	_	linguistic	_	none	_	_	1x1	Slow=0-5(0)	_	_
545-4	TO041	545	545	4	occasioni>,	occasioni	_	_	_	_	_	linguistic	_	none	Intonation=WeaklyRising	End=1760.823	_	Slow=0-9(0)	_	_
546-0	TO041	546	546	0	e	e	_	_	_	_	_	linguistic	_	none	_	Begin=1760.99	_	_	_	_
546-1	TO041	546	546	1	molte:	molte	_	_	_	_	_	linguistic	_	none	_	_	4x1	_	_	_
546-2	TO041	546	546	2	cose	cose	_	_	_	_	_	linguistic	_	none	_	_	_	_	_	_
546-3	TO041	546	546	3	belle	belle	_	_	_	_	_	linguistic	_	none	_	_	_	_	_	_
546-4	TO041	546	546	4	anche	anche	_	_	_	_	_	linguistic	_	none	_	_	_	_	_	_
546-5	TO041	546	546	5	in	in	_	_	_	_	_	linguistic	_	none	_	_	_	_	_	_
546-6	TO041	546	546	6	altri	altri	_	_	_	_	_	linguistic	_	none	_	_	_	_	_	_
546-7	TO041	546	546	7	posti	posti	_	_	_	_	_	linguistic	_	none	_	_	_	_	_	_
546-8	TO041	546	546	8	quindi::	quindi	_	_	_	_	_	linguistic	_	none	_	_	5x2	_	_	_
546-9	TO041	546	546	9	perché	perché	_	_	_	_	_	linguistic	_	none	_	_	_	_	_	_
546-10	TO041	546	546	10	no.	no	_	_	_	_	_	linguistic	_	none	Intonation=Falling	End=1765.697	_	_	_	_
547-0	TO055	547	547	0	[c'	c'	_	_	_	_	_	linguistic	_	none	SpaceAfter=No	Begin=1765.865	_	_	_	0-2(8)
547-1	TO055	547	547	1	è	è	_	_	_	_	_	linguistic	_	none	_	_	_	_	_	0-1(8)
547-2	TO055	547	547	2	sempre	sempre	_	_	_	_	_	linguistic	_	none	_	_	_	_	_	0-6(8)
547-3	TO055	547	547	3	da	da	_	_	_	_	_	linguistic	_	none	_	_	_	_	_	0-2(8)
547-4	TO055	547	547	4	impa]rare.	imparare	_	_	_	_	_	linguistic	_	none	Intonation=Falling	End=1767.275	_	_	_	0-4(8)
548-0	TO041	548	548	0	[forse::]	forse	_	_	_	_	_	linguistic	_	none	_	Begin=1765.865|End=1766.893	4x2	_	_	0-5(8)
549-0	TO041	549	549	0	sì	sì	_	_	_	_	_	linguistic	_	none	_	Begin=1767.274	_	_	_	_
549-1	TO041	549	549	1	sì	sì	_	_	_	_	_	linguistic	_	none	_	_	_	_	_	_
549-2	TO041	549	549	2	sì.	sì	_	_	_	_	_	linguistic	_	none	Intonation=Falling	_	_	_	_	_
549-3	TO041	549	549	3	forse::	forse	_	_	_	_	_	linguistic	_	none	_	End=1769.091	4x2	_	_	_
550-0	TO041	550	550	0	per	per	_	_	_	_	_	linguistic	_	none	_	Begin=1769.247	_	_	_	_
550-1	TO041	550	550	1	adesso:	adesso	_	_	_	_	_	linguistic	_	none	_	_	5x1	_	_	_
550-2	TO041	550	550	2	inizio::	inizio	_	_	_	_	_	linguistic	_	none	_	End=1771.495	5x2	_	_	_
551-0	TO041	551	551	0	cioè	cioè	_	_	_	_	_	linguistic	_	none	_	Begin=1771.989	_	_	_	_
551-1	TO041	551	551	1	a	a	_	_	_	_	_	linguistic	_	none	_	_	_	_	_	_
551-2	TO041	551	551	2	settembre	settembre	_	_	_	_	_	linguistic	_	none	_	_	_	_	_	_
551-3	TO041	551	551	3	inizierò	inizierò	_	_	_	_	_	linguistic	_	none	_	_	_	_	_	_
551-4	TO041	551	551	4	appunto:	appunto	_	_	_	_	_	linguistic	_	none	_	_	6x1	_	_	_
551-5	TO041	551	551	5	a	a	_	_	_	_	_	linguistic	_	none	_	_	_	_	_	_
551-6	TO041	551	551	6	studiare:	studiare	_	_	_	_	_	linguistic	_	none	_	_	7x1	_	_	_
551-7	TO041	551	551	7	a	a	_	_	_	_	_	linguistic	_	none	_	_	_	_	_	_
551-8	TO041	551	551	8	grenoble.	grenoble	_	_	_	_	_	linguistic	_	none	Intonation=Falling	End=1775.917	_	_	_	_
552-0	TO041	552	552	0	e	e	_	_	_	_	_	linguistic	_	none	_	Begin=1776.118	_	_	_	_
552-1	TO041	552	552	1	poi	poi	_	_	_	_	_	linguistic	_	none	_	_	_	_	_	_
552-2	TO041	552	552	2	quando:	quando	_	_	_	_	_	linguistic	_	none	_	_	5x1	_	_	_
552-3	TO041	552	552	3	finirò	finirò	_	_	_	_	_	linguistic	_	none	_	_	_	_	_	_
552-4	TO041	552	552	4	gli	gli	_	_	_	_	_	linguistic	_	none	_	_	_	_	_	_
552-5	TO041	552	552	5	studi	studi	_	_	_	_	_	linguistic	_	none	_	_	_	_	_	_
552-6	TO041	552	552	6	lì	lì	_	_	_	_	_	linguistic	_	none	_	_	_	_	_	_
552-7	TO041	552	552	7	vedrò	vedrò	_	_	_	_	_	linguistic	_	none	_	_	_	_	_	_
552-8	TO041	552	552	8	dove	dove	_	_	_	_	_	linguistic	_	none	_	_	_	_	_	_
552-9	TO041	552	552	9	mi	mi	_	_	_	_	_	linguistic	_	none	_	_	_	_	_	_
552-10	TO041	552	552	10	porterà:	porterà	_	_	_	_	_	linguistic	_	none	_	_	6x1	_	_	_
552-11	TO041	552	552	11	il	il	_	_	_	_	_	linguistic	_	none	_	_	_	_	_	_
552-12	TO041	552	552	12	lavoro.	lavoro	_	_	_	_	_	linguistic	_	none	Intonation=Falling	End=1780.66	_	_	_	_
553-0	TO041	553	553	0	cioè	cioè	_	_	_	_	_	linguistic	_	none	_	Begin=1780.834	_	_	_	_
553-1	TO041	553	553	1	sempre	sempre	_	_	_	_	_	linguistic	_	none	_	_	_	_	_	_
553-2	TO041	553	553	2	se	se	_	_	_	_	_	linguistic	_	none	_	_	_	_	_	_
553-3	TO041	553	553	3	ne	ne	_	_	_	_	_	linguistic	_	none	_	_	_	_	_	_
553-4	TO041	553	553	4	troverò	troverò	_	_	_	_	_	linguistic	_	none	_	_	_	_	_	_
553-5	TO041	553	553	5	uno	uno	_	_	_	_	_	linguistic	_	none	_	_	_	_	_	_
553-6	TO041	553	553	6	comunque.	comunque	_	_	_	_	_	linguistic	_	none	Intonation=Falling	End=1783.031	_	_	_	_
554-0	TO055	554	554	0	finché	finché	_	_	_	_	_	linguistic	_	none	_	Begin=1783.384	_	_	_	_
554-1	TO055	554	554	1	lo	lo	_	_	_	_	_	linguistic	_	none	_	_	_	_	_	_
554-2	TO055	554	554	2	troverai	troverai	_	_	_	_	_	linguistic	_	none	_	_	_	_	_	_
554-3	TO055	554	554	3	[dai].	dai	_	_	_	_	_	linguistic	_	none	Intonation=Falling	End=1784.825	_	_	_	0-3(10)
555-0	TO041	555	555	0	[sì]	sì	_	_	_	_	_	linguistic	_	none	_	Begin=1784.531	_	_	_	0-2(10)
555-1	TO041	555	555	1	sì	sì	_	_	_	_	_	linguistic	_	none	_	_	_	_	_	_
555-2	TO041	555	555	2	sì	sì	_	_	_	_	_	linguistic	_	none	_	_	_	_	_	_
555-3	TO041	555	555	3	s[pero].	spero	_	_	_	_	_	linguistic	_	none	Intonation=Falling	End=1785.908	_	_	_	1-5(11)
556-0	TO055	556	556	0	[speranzose].	speranzose	_	_	_	_	_	linguistic	_	none	Intonation=Falling	Begin=1785.128|End=1785.917	_	_	_	0-10(11)
557-0	TO055	557	557	0	[speranzose].	speranzose	_	_	_	_	_	linguistic	_	none	Intonation=Falling	Begin=1786.026|End=1787.113	_	_	_	0-10(12)
558-0	TO041	558	558	0	[no:	no	_	_	_	_	_	linguistic	_	none	_	Begin=1786.026	1x1	_	_	0-2(12)
558-1	TO041	558	558	1	(sì)	sì	_	_	_	_	_	linguistic	_	none	_	_	_	_	0-2(0)	0-2(12)
558-2	TO041	558	558	2	io	io	_	_	_	_	_	linguistic	_	none	_	_	_	_	_	0-2(12)
558-3	TO041	558	558	3	cre]do	credo	_	_	_	_	_	linguistic	_	none	_	_	_	_	_	0-3(12)
558-4	TO041	558	558	4	che:	che	_	_	_	_	_	linguistic	_	none	_	_	2x1	_	_	_
558-5	TO041	558	558	5	nonostante	nonostante	_	_	_	_	_	linguistic	_	none	_	_	_	_	_	_
558-6	TO041	558	558	6	la	la	_	_	_	_	_	linguistic	_	none	_	_	_	_	_	_
558-7	TO041	558	558	7	situazione	situazione	_	_	_	_	_	linguistic	_	none	_	_	_	_	_	_
558-8	TO041	558	558	8	difficile	difficile	_	_	_	_	_	linguistic	_	none	_	_	_	_	_	_
558-9	TO041	558	558	9	alla	alla	_	_	_	_	_	linguistic	_	none	_	_	_	_	_	_
558-10	TO041	558	558	10	fine	fine	_	_	_	_	_	linguistic	_	none	_	_	_	_	_	_
558-11	TO041	558	558	11	se:	se	_	_	_	_	_	linguistic	_	none	_	End=1790.321	1x1	_	_	_
559-0	TO041	559	559	0	tu	tu	_	_	_	_	_	linguistic	_	none	_	Begin=1790.55	_	_	_	_
559-1	TO041	559	559	1	hai:	hai	_	_	_	_	_	linguistic	_	none	_	_	2x1	_	_	_
559-2	TO041	559	559	2	<passione	passione	_	_	_	_	_	linguistic	_	none	_	_	_	Slow=0-8(0)	_	_
559-3	TO041	559	559	3	veramente	veramente	_	_	_	_	_	linguistic	_	none	_	_	_	Slow=0-9(0)	_	_
559-4	TO041	559	559	4	voglia	voglia	_	_	_	_	_	linguistic	_	none	_	_	_	Slow=0-6(0)	_	_
559-5	TO041	559	559	5	[di	di	_	_	_	_	_	linguistic	_	none	_	_	_	Slow=0-2(0)	_	0-2(13)
559-6	TO041	559	559	6	fare>],	fare	_	_	_	_	_	linguistic	_	none	Intonation=WeaklyRising	End=1794.119	_	Slow=0-4(0)	_	0-4(13)
560-0	TO055	560	560	0	[per	per	_	_	_	_	_	linguistic	_	none	_	Begin=1793.451	_	_	_	0-3(13)
560-1	TO055	560	560	1	quello]	quello	_	_	_	_	_	linguistic	_	none	_	_	_	_	_	0-6(13)
560-2	TO055	560	560	2	che	che	_	_	_	_	_	linguistic	_	none	_	_	_	_	_	_
560-3	TO055	560	560	3	fa[i:]	fai	_	_	_	_	_	linguistic	_	none	_	End=1794.856	2x1	_	_	2-3(14)
561-0	TO041	561	561	0	[(e	e	_	_	_	_	_	linguistic	_	none	_	Begin=1794.559	_	_	0-1(0)	0-1(14)
561-1	TO041	561	561	1	ti)]	ti	_	_	_	_	_	linguistic	_	none	_	_	_	_	0-2(0)	0-2(14)
561-2	TO041	561	561	2	<anche	anche	_	_	_	_	_	linguistic	_	none	PauseAfter=Yes	_	_	Slow=0-5(0)	_	_
561-3	TO041	561	561	3	(.)	(.)	_	_	_	_	_	shortpause	_	none	_	_	_	_	_	_
561-4	TO041	561	561	4	voglia	voglia	_	_	_	_	_	linguistic	_	none	_	_	_	Slow=0-6(0)	_	_
561-5	TO041	561	561	5	di	di	_	_	_	_	_	linguistic	_	none	_	_	_	Slow=0-2(0)	_	_
561-6	TO041	561	561	6	adattarti>,	adattarti	_	_	_	_	_	linguistic	_	none	Intonation=WeaklyRising	End=1797.689	_	Slow=0-9(0)	_	_
562-0	TO041	562	562	0	alla	alla	_	_	_	_	_	linguistic	_	none	_	Begin=1797.907	_	_	_	_
562-1	TO041	562	562	1	fine:	fine	_	_	_	_	_	linguistic	_	none	PauseAfter=Yes	_	3x1	_	_	_
562-2	TO041	562	562	2	(.)	(.)	_	_	_	_	_	shortpause	_	none	_	_	_	_	_	_
562-3	TO041	562	562	3	qualcosa	qualcosa	_	_	_	_	_	linguistic	_	none	_	_	_	_	_	_
562-4	TO041	562	562	4	prima	prima	_	_	_	_	_	linguistic	_	none	_	_	_	_	_	_
562-5	TO041	562	562	5	o	o	_	_	_	_	_	linguistic	_	none	_	_	_	_	_	_
562-6	TO041	562	562	6	poi:	poi	_	_	_	_	_	linguistic	_	none	_	_	2x1	_	_	_
562-7	TO041	562	562	7	lo	lo	_	_	_	_	_	linguistic	_	none	_	_	_	_	_	_
562-8	TO041	562	562	8	[trovi].	trovi	_	_	_	_	_	linguistic	_	none	Intonation=Falling	End=1801.943	_	_	_	0-5(15)
563-0	TO055	563	563	0	[se	se	_	_	_	_	_	linguistic	_	none	_	Begin=1801.1	_	_	_	0-2(15)
563-1	TO055	563	563	1	ci	ci	_	_	_	_	_	linguistic	_	none	_	_	_	_	_	0-2(15)
563-2	TO055	563	563	2	metti	metti	_	_	_	_	_	linguistic	_	none	_	_	_	_	_	0-5(15)
563-3	TO055	563	563	3	p]assione	passione	_	_	_	_	_	linguistic	_	none	_	_	_	_	_	0-1(15)
563-4	TO055	563	563	4	e	e	_	_	_	_	_	linguistic	_	none	_	_	_	_	_	_
563-5	TO055	563	563	5	sei	sei	_	_	_	_	_	linguistic	_	none	_	_	_	_	_	_
563-6	TO055	563	563	6	bravo	bravo	_	_	_	_	_	linguistic	_	none	_	_	_	_	_	_
563-7	TO055	563	563	7	in	in	_	_	_	_	_	linguistic	_	none	_	_	_	_	_	_
563-8	TO055	563	563	8	quello	quello	_	_	_	_	_	linguistic	_	none	_	_	_	_	_	_
563-9	TO055	563	563	9	che	che	_	_	_	_	_	linguistic	_	none	_	_	_	_	_	_
563-10	TO055	563	563	10	fa[i:]	fai	_	_	_	_	_	linguistic	_	none	_	End=1804.211	2x1	_	_	2-3(16)
564-0	TO041	564	564	0	[sì]	sì	_	_	_	_	_	linguistic	_	none	_	Begin=1803.986	_	_	_	0-2(16)
564-1	TO041	564	564	1	ma	ma	_	_	_	_	_	linguistic	_	none	_	_	_	_	_	_
564-2	TO041	564	564	2	poi	poi	_	_	_	_	_	linguistic	_	none	_	_	_	_	_	_
564-3	TO041	564	564	3	io	io	_	_	_	_	_	linguistic	_	none	_	_	_	_	_	_
564-4	TO041	564	564	4	sinceramente	sinceramente	_	_	_	_	_	linguistic	_	none	_	_	_	_	_	_
564-5	TO041	564	564	5	spero	spero	_	_	_	_	_	linguistic	_	none	_	_	_	_	_	_
564-6	TO041	564	564	6	che	che	_	_	_	_	_	linguistic	_	none	_	_	_	_	_	_
564-7	TO041	564	564	7	le	le	_	_	_	_	_	linguistic	_	none	_	_	_	_	_	_
564-8	TO041	564	564	8	cose	cose	_	_	_	_	_	linguistic	_	none	_	_	_	_	_	_
564-9	TO041	564	564	9	prima	prima	_	_	_	_	_	linguistic	_	none	_	_	_	_	_	_
564-10	TO041	564	564	10	o	o	_	_	_	_	_	linguistic	_	none	_	_	_	_	_	_
564-11	TO041	564	564	11	poi	poi	_	_	_	_	_	linguistic	_	none	_	_	_	_	_	_
564-12	TO041	564	564	12	miglioreranno	miglioreranno	_	_	_	_	_	linguistic	_	none	_	_	_	_	_	_
564-13	TO041	564	564	13	[non	non	_	_	_	_	_	linguistic	_	none	_	_	_	_	_	0-3(17)
564-14	TO041	564	564	14	è	è	_	_	_	_	_	linguistic	_	none	_	_	_	_	_	0-1(17)
564-15	TO041	564	564	15	che],	che	_	_	_	_	_	linguistic	_	none	Intonation=WeaklyRising	End=1808.266	_	_	_	0-3(17)
565-0	TO055	565	565	0	[e	e	_	_	_	_	_	linguistic	_	none	_	Begin=1807.577	_	_	_	0-1(17)
565-1	TO055	565	565	1	tu	tu	_	_	_	_	_	linguistic	_	none	_	_	_	_	_	0-2(17)
565-2	TO055	565	565	2	cosa	cosa	_	_	_	_	_	linguistic	_	none	_	_	_	_	_	0-4(17)
565-3	TO055	565	565	3	vor]resti	vorresti	_	_	_	_	_	linguistic	_	none	_	_	_	_	_	0-3(17)
565-4	TO055	565	565	4	fare?	fare	_	_	_	_	_	linguistic	_	none	Intonation=Rising	End=1808.963	_	_	_	_
566-0	TO055	566	566	0	da	da	_	_	_	_	_	linguistic	_	none	_	Begin=1809.145	_	_	_	_
566-1	TO055	566	566	1	grande.	grande	_	_	_	_	_	linguistic	_	none	Intonation=Falling	End=1809.876	_	_	_	_
567-0	TO041	567	567	0	[io]?	io	_	_	_	_	_	linguistic	_	none	Intonation=Rising	Begin=1810.431|End=1810.765	_	_	_	0-2(18)
568-0	TO055	568	568	0	[co]sa	cosa	_	_	_	_	_	linguistic	_	none	_	Begin=1810.458	_	_	_	0-2(18)
568-1	TO055	568	568	1	vorre[sti	vorresti	_	_	_	_	_	linguistic	_	none	_	_	_	_	_	5-8(19)
568-2	TO055	568	568	2	diventare]?	diventare	_	_	_	_	_	linguistic	_	none	Intonation=Rising	End=1812.009	_	_	_	0-9(19)
569-0	TO041	569	569	0	[il	il	_	_	_	_	_	linguistic	_	none	_	Begin=1811.11	_	_	_	0-2(19)
569-1	TO041	569	569	1	mio	mio	_	_	_	_	_	linguistic	_	none	_	_	_	_	_	0-3(19)
569-2	TO041	569	569	2	lavoro]:	lavoro	_	_	_	_	_	linguistic	_	none	_	_	5x1	_	_	0-6(19)
569-3	TO041	569	569	3	io::	io	_	_	_	_	_	linguistic	_	none	_	_	1x2	_	_	_
569-4	TO041	569	569	4	sinceramente	sinceramente	_	_	_	_	_	linguistic	_	none	_	_	_	_	_	_
569-5	TO041	569	569	5	vorrei::	vorrei	_	_	_	_	_	linguistic	_	none	_	End=1814.733	5x2	_	_	_
570-0	TO041	570	570	0	e::h	eh	_	_	_	_	_	linguistic	_	none	_	Begin=1815.637|End=1816.651	0x2	_	_	_
571-0	TO041	571	571	0	<farmi	farmi	_	_	_	_	_	linguistic	_	none	_	Begin=1816.707	_	Slow=0-5(0)	_	_
571-1	TO041	571	571	1	un	un	_	_	_	_	_	linguistic	_	none	_	_	_	Slow=0-2(0)	_	_
571-2	TO041	571	571	2	po'	po'	_	_	_	_	_	linguistic	_	none	_	_	_	Slow=0-3(0)	_	_
571-3	TO041	571	571	3	di	di	_	_	_	_	_	linguistic	_	none	_	_	_	Slow=0-2(0)	_	_
571-4	TO041	571	571	4	esperienza	esperienza	_	_	_	_	_	linguistic	_	none	_	_	_	Slow=0-10(0)	_	_
571-5	TO041	571	571	5	in	in	_	_	_	_	_	linguistic	_	none	_	_	_	Slow=0-2(0)	_	_
571-6	TO041	571	571	6	qualche:	qualche	_	_	_	_	_	linguistic	_	none	_	_	6x1	Slow=0-7(0)	_	_
571-7	TO041	571	571	7	magari	magari	_	_	_	_	_	linguistic	_	none	_	_	_	Slow=0-6(0)	_	_
571-8	TO041	571	571	8	grande	grande	_	_	_	_	_	linguistic	_	none	_	_	_	Slow=0-6(0)	_	_
571-9	TO041	571	571	9	azienda>	azienda	_	_	_	_	_	linguistic	_	none	_	_	_	Slow=0-7(0)	_	_
571-10	TO041	571	571	10	o	o	_	_	_	_	_	linguistic	_	none	_	_	_	_	_	_
571-11	TO041	571	571	11	anche,	anche	_	_	_	_	_	linguistic	_	none	Intonation=WeaklyRising	End=1821.917	_	_	_	_
572-0	TO041	572	572	0	non	non	_	_	_	_	_	linguistic	_	none	_	Begin=1822.397	_	_	_	_
572-1	TO041	572	572	1	tanto	tanto	_	_	_	_	_	linguistic	_	none	_	_	_	_	_	_
572-2	TO041	572	572	2	grande.	grande	_	_	_	_	_	linguistic	_	none	Intonation=Falling	End=1823.793	_	_	_	_
573-0	TO041	573	573	0	in	in	_	_	_	_	_	linguistic	_	none	_	Begin=1824.196	_	_	_	_
573-1	TO041	573	573	1	giro:	giro	_	_	_	_	_	linguistic	_	none	_	_	3x1	_	_	_
573-2	TO041	573	573	2	per	per	_	_	_	_	_	linguistic	_	none	_	_	_	_	_	_
573-3	TO041	573	573	3	l'	l'	_	_	_	_	_	linguistic	_	none	SpaceAfter=No	_	_	_	_	_
573-4	TO041	573	573	4	italia	italia	_	_	_	_	_	linguistic	_	none	_	_	_	_	_	_
573-5	TO041	573	573	5	per	per	_	_	_	_	_	linguistic	_	none	_	_	_	_	_	_
573-6	TO041	573	573	6	il	il	_	_	_	_	_	linguistic	_	none	_	_	_	_	_	_
573-7	TO041	573	573	7	mondo.	mondo	_	_	_	_	_	linguistic	_	none	Intonation=Falling	End=1826.981	_	_	_	_
574-0	TO041	574	574	0	e	e	_	_	_	_	_	linguistic	_	none	_	Begin=1827.029	_	_	_	_
574-1	TO041	574	574	1	poi	poi	_	_	_	_	_	linguistic	_	none	_	_	_	_	_	_
574-2	TO041	574	574	2	e:h	eh	_	_	_	_	_	linguistic	_	none	ProsodicLink=Yes	_	0x1	_	_	_
574-3	TO041	574	574	3	mh	mh	_	_	_	_	_	linguistic	_	none	_	End=1828.944	_	_	_	_
575-0	TO041	575	575	0	ovviamente	ovviamente	_	_	_	_	_	linguistic	_	none	_	Begin=1829.179	_	_	_	_
575-1	TO041	575	575	1	nell'	nell'	_	_	_	_	_	linguistic	_	none	SpaceAfter=No	_	_	_	_	_
575-2	TO041	575	575	2	ambito	ambito	_	_	_	_	_	linguistic	_	none	_	_	_	_	_	_
575-3	TO041	575	575	3	del	del	_	_	_	_	_	linguistic	_	none	_	_	_	_	_	_
575-4	TO041	575	575	4	management.	management	_	_	_	_	_	linguistic	_	none	Intonation=Falling	End=1831.841	_	_	_	_
576-0	TO041	576	576	0	<e	e	_	_	_	_	_	linguistic	_	none	_	Begin=1832.052	_	Slow=0-1(0)	_	_
576-1	TO041	576	576	1	poi	poi	_	_	_	_	_	linguistic	_	none	_	_	_	Slow=0-3(0)	_	_
576-2	TO041	576	576	2	tornare	tornare	_	_	_	_	_	linguistic	_	none	_	_	_	Slow=0-7(0)	_	_
576-3	TO041	576	576	3	qui:	qui	_	_	_	_	_	linguistic	_	none	_	_	2x1	Slow=0-3(0)	_	_
576-4	TO041	576	576	4	e::	e	_	_	_	_	_	linguistic	_	none	_	_	0x2	Slow=0-1(0)	_	_
576-5	TO041	576	576	5	prendere:>	prendere	_	_	_	_	_	linguistic	_	none	_	End=1835.954	7x1	Slow=0-8(0)	_	_
577-0	TO041	577	577	0	in	in	_	_	_	_	_	linguistic	_	none	_	Begin=1836.251	_	_	_	_
577-1	TO041	577	577	1	mano	mano	_	_	_	_	_	linguistic	_	none	_	_	_	_	_	_
577-2	TO041	577	577	2	l'	l'	_	_	_	_	_	linguistic	_	none	SpaceAfter=No	_	_	_	_	_
577-3	TO041	577	577	3	azienda	azienda	_	_	_	_	_	linguistic	_	none	_	_	_	_	_	_
577-4	TO041	577	577	4	di	di	_	_	_	_	_	linguistic	_	none	_	_	_	_	_	_
577-5	TO041	577	577	5	famiglia.	famiglia	_	_	_	_	_	linguistic	_	none	Intonation=Falling	End=1838.255	_	_	_	_
578-0	TO041	578	578	0	perché	perché	_	_	_	_	_	linguistic	_	none	_	Begin=1838.455	_	_	_	_
578-1	TO041	578	578	1	credo	credo	_	_	_	_	_	linguistic	_	none	_	_	_	_	_	_
578-2	TO041	578	578	2	che,	che	_	_	_	_	_	linguistic	_	none	Intonation=WeaklyRising	End=1839.651	_	_	_	_
579-0	TO041	579	579	0	avend~	avend~	_	_	_	_	_	linguistic	_	none	Interrupted=Yes	Begin=1840.335	_	_	_	_
579-1	TO041	579	579	1	cioè,	cioè	_	_	_	_	_	linguistic	_	none	Intonation=WeaklyRising	End=1841.357	_	_	_	_
580-0	TO041	580	580	0	che,	che	_	_	_	_	_	linguistic	_	none	Intonation=WeaklyRising	Begin=1842.532|End=1843.045	_	_	_	_
581-0	TO041	581	581	0	<sia	sia	_	_	_	_	_	linguistic	_	none	_	Begin=1843.637	_	Slow=0-3(0)	_	_
581-1	TO041	581	581	1	un	un	_	_	_	_	_	linguistic	_	none	_	_	_	Slow=0-2(0)	_	_
581-2	TO041	581	581	2	po'	po'	_	_	_	_	_	linguistic	_	none	_	_	_	Slow=0-3(0)	_	_
581-3	TO041	581	581	3	inutile	inutile	_	_	_	_	_	linguistic	_	none	_	_	_	Slow=0-7(0)	_	_
581-4	TO041	581	581	4	studiare	studiare	_	_	_	_	_	linguistic	_	none	_	_	_	Slow=0-8(0)	_	_
581-5	TO041	581	581	5	così	così	_	_	_	_	_	linguistic	_	none	_	_	_	Slow=0-4(0)	_	_
581-6	TO041	581	581	6	tanto	tanto	_	_	_	_	_	linguistic	_	none	_	_	_	Slow=0-5(0)	_	_
581-7	TO041	581	581	7	e	e	_	_	_	_	_	linguistic	_	none	_	_	_	Slow=0-1(0)	_	_
581-8	TO041	581	581	8	poi>,	poi	_	_	_	_	_	linguistic	_	none	Intonation=WeaklyRising	End=1847.715	_	Slow=0-3(0)	_	_
582-0	TO041	582	582	0	andare	andare	_	_	_	_	_	linguistic	_	none	_	Begin=1848.019	_	_	_	_
582-1	TO041	582	582	1	subito	subito	_	_	_	_	_	linguistic	_	none	_	_	_	_	_	_
582-2	TO041	582	582	2	nell'	nell'	_	_	_	_	_	linguistic	_	none	SpaceAfter=No	_	_	_	_	_
582-3	TO041	582	582	3	azienda	azienda	_	_	_	_	_	linguistic	_	none	_	_	_	_	_	_
582-4	TO041	582	582	4	di	di	_	_	_	_	_	linguistic	_	none	_	_	_	_	_	_
582-5	TO041	582	582	5	famiglia	famiglia	_	_	_	_	_	linguistic	_	none	_	_	_	_	_	_
582-6	TO041	582	582	6	nel	nel	_	_	_	_	_	linguistic	_	none	_	_	_	_	_	_
582-7	TO041	582	582	7	senso	senso	_	_	_	_	_	linguistic	_	none	_	_	_	_	_	_
582-8	TO041	582	582	8	che	che	_	_	_	_	_	linguistic	_	none	_	_	_	_	_	_
582-9	TO041	582	582	9	io	io	_	_	_	_	_	linguistic	_	none	_	_	_	_	_	_
582-10	TO041	582	582	10	prima,	prima	_	_	_	_	_	linguistic	_	none	Intonation=WeaklyRising	End=1851.917	_	_	_	_
583-0	TO041	583	583	0	vorrei:	vorrei	_	_	_	_	_	linguistic	_	none	_	Begin=1852.298	5x1	_	_	_
583-1	TO041	583	583	1	<imparare	imparare	_	_	_	_	_	linguistic	_	none	_	_	_	Slow=0-8(0)	_	_
583-2	TO041	583	583	2	qualcosa>	qualcosa	_	_	_	_	_	linguistic	_	none	_	_	_	Slow=0-8(0)	_	_
583-3	TO041	583	583	3	da	da	_	_	_	_	_	linguistic	_	none	_	_	_	_	_	_
583-4	TO041	583	583	4	qualcun	qualcun	_	_	_	_	_	linguistic	_	none	_	_	_	_	_	_
583-5	TO041	583	583	5	altro	altro	_	_	_	_	_	linguistic	_	none	_	_	_	_	_	_
583-6	TO041	583	583	6	che	che	_	_	_	_	_	linguistic	_	none	_	_	_	_	_	_
583-7	TO041	583	583	7	non	non	_	_	_	_	_	linguistic	_	none	_	_	_	_	_	_
583-8	TO041	583	583	8	sia	sia	_	_	_	_	_	linguistic	_	none	_	_	_	_	_	_
583-9	TO041	583	583	9	mio	mio	_	_	_	_	_	linguistic	_	none	_	_	_	_	_	_
583-10	TO041	583	583	10	padre.	padre	_	_	_	_	_	linguistic	_	none	Intonation=Falling	End=1856.522	_	_	_	_
584-0	TO055	584	584	0	cert[o].	certo	_	_	_	_	_	linguistic	_	none	Intonation=Falling	Begin=1856.522|End=1857.018	_	_	_	4-5(21)
585-0	TO041	585	585	0	[e]	e	_	_	_	_	_	linguistic	_	none	_	Begin=1856.904	_	_	_	0-1(21)
585-1	TO041	585	585	1	poi	poi	_	_	_	_	_	linguistic	_	none	_	_	_	_	_	_
585-2	TO041	585	585	2	quando	quando	_	_	_	_	_	linguistic	_	none	_	_	_	_	_	_
585-3	TO041	585	585	3	tornerò,	tornerò	_	_	_	_	_	linguistic	_	none	Intonation=WeaklyRising	End=1858.201	_	_	_	_
586-0	TO041	586	586	0	mio	mio	_	_	_	_	_	linguistic	_	none	_	Begin=1858.241	_	_	_	_
586-1	TO041	586	586	1	padre	padre	_	_	_	_	_	linguistic	_	none	_	_	_	_	_	_
586-2	TO041	586	586	2	mi	mi	_	_	_	_	_	linguistic	_	none	_	_	_	_	_	_
586-3	TO041	586	586	3	insegnerà	insegnerà	_	_	_	_	_	linguistic	_	none	_	_	_	_	_	_
586-4	TO041	586	586	4	anche	anche	_	_	_	_	_	linguistic	_	none	_	_	_	_	_	_
586-5	TO041	586	586	5	le	le	_	_	_	_	_	linguistic	_	none	_	_	_	_	_	_
586-6	TO041	586	586	6	cose	cose	_	_	_	_	_	linguistic	_	none	_	_	_	_	_	_
586-7	TO041	586	586	7	che:	che	_	_	_	_	_	linguistic	_	none	_	_	2x1	_	_	_
586-8	TO041	586	586	8	lui	lui	_	_	_	_	_	linguistic	_	none	_	_	_	_	_	_
586-9	TO041	586	586	9	ha	ha	_	_	_	_	_	linguistic	_	none	_	_	_	_	_	_
586-10	TO041	586	586	10	imparato,	imparato	_	_	_	_	_	linguistic	_	none	Intonation=WeaklyRising	End=1861.944	_	_	_	_
587-0	TO041	587	587	0	dalla	dalla	_	_	_	_	_	linguistic	_	none	_	Begin=1862.165	_	_	_	_
587-1	TO041	587	587	1	sua	sua	_	_	_	_	_	linguistic	_	none	_	_	_	_	_	_
587-2	TO041	587	587	2	esperienza:	esperienza	_	_	_	_	_	linguistic	_	none	_	_	9x1	_	_	_
587-3	TO041	587	587	3	di	di	_	_	_	_	_	linguistic	_	none	_	_	_	_	_	_
587-4	TO041	587	587	4	vita,	vita	_	_	_	_	_	linguistic	_	none	Intonation=WeaklyRising	End=1864.743	_	_	_	_
588-0	TO041	588	588	0	e	e	_	_	_	_	_	linguistic	_	none	_	Begin=1864.836	_	_	_	_
588-1	TO041	588	588	1	io	io	_	_	_	_	_	linguistic	_	none	_	_	_	_	_	_
588-2	TO041	588	588	2	gli	gli	_	_	_	_	_	linguistic	_	none	_	_	_	_	_	_
588-3	TO041	588	588	3	insegnerò	insegnerò	_	_	_	_	_	linguistic	_	none	_	_	_	_	_	_
588-4	TO041	588	588	4	gli:	gli	_	_	_	_	_	linguistic	_	none	PauseAfter=Yes	_	2x1	_	_	_
588-5	TO041	588	588	5	(.)	(.)	_	_	_	_	_	shortpause	_	none	_	_	_	_	_	_
588-6	TO041	588	588	6	potrò	potrò	_	_	_	_	_	linguistic	_	none	_	_	_	_	_	_
588-7	TO041	588	588	7	anche	anche	_	_	_	_	_	linguistic	_	none	_	_	_	_	_	_
588-8	TO041	588	588	8	trasmettere	trasmettere	_	_	_	_	_	linguistic	_	none	_	_	_	_	_	_
588-9	TO041	588	588	9	ciò	ciò	_	_	_	_	_	linguistic	_	none	_	_	_	_	_	_
588-10	TO041	588	588	10	che	che	_	_	_	_	_	linguistic	_	none	_	_	_	_	_	_
588-11	TO041	588	588	11	ho	ho	_	_	_	_	_	linguistic	_	none	_	_	_	_	_	_
588-12	TO041	588	588	12	imparato	imparato	_	_	_	_	_	linguistic	_	none	_	_	_	_	_	_
588-13	TO041	588	588	13	io,	io	_	_	_	_	_	linguistic	_	none	Intonation=WeaklyRising	End=1869.348	_	_	_	_
589-0	TO041	589	589	0	e	e	_	_	_	_	_	linguistic	_	none	_	Begin=1869.551	_	_	_	_
589-1	TO041	589	589	1	quindi,	quindi	_	_	_	_	_	linguistic	_	none	Intonation=WeaklyRising	End=1870.416	_	_	_	_
590-0	TO041	590	590	0	potrei	potrei	_	_	_	_	_	linguistic	_	none	_	Begin=1870.837	_	_	_	_
590-1	TO041	590	590	1	portare	portare	_	_	_	_	_	linguistic	_	none	_	_	_	_	_	_
590-2	TO041	590	590	2	veramente	veramente	_	_	_	_	_	linguistic	_	none	_	_	_	_	_	_
590-3	TO041	590	590	3	del	del	_	_	_	_	_	linguistic	_	none	_	_	_	_	_	_
590-4	TO041	590	590	4	valore	valore	_	_	_	_	_	linguistic	_	none	_	_	_	_	_	_
590-5	TO041	590	590	5	aggiunto.	aggiunto	_	_	_	_	_	linguistic	_	none	Intonation=Falling	_	_	_	_	_
590-6	TO041	590	590	6	invece	invece	_	_	_	_	_	linguistic	_	none	_	_	_	_	_	_
590-7	TO041	590	590	7	se	se	_	_	_	_	_	linguistic	_	none	_	_	_	_	_	_
590-8	TO041	590	590	8	andassi	andassi	_	_	_	_	_	linguistic	_	none	_	_	_	_	_	_
590-9	TO041	590	590	9	adesso,	adesso	_	_	_	_	_	linguistic	_	none	Intonation=WeaklyRising	End=1875.458	_	_	_	_
591-0	TO041	591	591	0	come	come	_	_	_	_	_	linguistic	_	none	_	Begin=1875.672	_	_	_	_
591-1	TO041	591	591	1	prima	prima	_	_	_	_	_	linguistic	_	none	_	_	_	_	_	_
591-2	TO041	591	591	2	esperienza	esperienza	_	_	_	_	_	linguistic	_	none	_	_	_	_	_	_
591-3	TO041	591	591	3	lavorativa	lavorativa	_	_	_	_	_	linguistic	_	none	_	_	_	_	_	_
591-4	TO041	591	591	4	lì	lì	_	_	_	_	_	linguistic	_	none	_	_	_	_	_	_
591-5	TO041	591	591	5	comunque	comunque	_	_	_	_	_	linguistic	_	none	_	_	_	_	_	_
591-6	TO041	591	591	6	imparerei	imparerei	_	_	_	_	_	linguistic	_	none	_	_	_	_	_	_
591-7	TO041	591	591	7	solta~	solta~	_	_	_	_	_	linguistic	_	none	Interrupted=Yes	_	_	_	_	_
591-8	TO041	591	591	8	cioè	cioè	_	_	_	_	_	linguistic	_	none	_	_	_	_	_	_
591-9	TO041	591	591	9	sarebbe	sarebbe	_	_	_	_	_	linguistic	_	none	_	_	_	_	_	_
591-10	TO041	591	591	10	soltanto	soltanto	_	_	_	_	_	linguistic	_	none	_	_	_	_	_	_
591-11	TO041	591	591	11	lui	lui	_	_	_	_	_	linguistic	_	none	_	_	_	_	_	_
591-12	TO041	591	591	12	a	a	_	_	_	_	_	linguistic	_	none	_	_	_	_	_	_
591-13	TO041	591	591	13	portermi	portermi	_	_	_	_	_	linguistic	_	none	_	_	_	_	_	_
591-14	TO041	591	591	14	d[ire	dire	_	_	_	_	_	linguistic	_	none	_	_	_	_	_	1-4(22)
591-15	TO041	591	591	15	delle	delle	_	_	_	_	_	linguistic	_	none	_	_	_	_	_	0-5(22)
591-16	TO041	591	591	16	cose].	cose	_	_	_	_	_	linguistic	_	none	Intonation=Falling	End=1881.562	_	_	_	0-4(22)
592-0	TO055	592	592	0	[sì	sì	_	_	_	_	_	linguistic	_	none	_	Begin=1880.715	_	_	_	0-2(22)
592-1	TO055	592	592	1	sei	sei	_	_	_	_	_	linguistic	_	none	_	_	_	_	_	0-3(22)
592-2	TO055	592	592	2	un	un	_	_	_	_	_	linguistic	_	none	_	_	_	_	_	0-2(22)
592-3	TO055	592	592	3	p]o'	po'	_	_	_	_	_	linguistic	_	none	_	_	_	_	_	0-1(22)
592-4	TO055	592	592	4	guidata::	guidata	_	_	_	_	_	linguistic	_	none	_	_	6x2	_	_	_
592-5	TO055	592	592	5	in	in	_	_	_	_	_	linguistic	_	none	_	_	_	_	_	_
592-6	TO055	592	592	6	quel[lo	quello	_	_	_	_	_	linguistic	_	none	_	_	_	_	_	4-6(23)
592-7	TO055	592	592	7	che	che	_	_	_	_	_	linguistic	_	none	_	_	_	_	_	0-3(23)
592-8	TO055	592	592	8	fai].	fai	_	_	_	_	_	linguistic	_	none	Intonation=Falling	End=1884.018	_	_	_	0-3(23)
593-0	TO041	593	593	0	[infatti.	infatti	_	_	_	_	_	linguistic	_	none	Intonation=Falling	Begin=1883.146	_	_	_	0-7(23)
593-1	TO041	593	593	1	e	e	_	_	_	_	_	linguistic	_	none	_	_	_	_	_	0-1(23)
593-2	TO041	593	593	2	c]omunque	comunque	_	_	_	_	_	linguistic	_	none	_	_	_	_	_	0-1(23)
593-3	TO041	593	593	3	non	non	_	_	_	_	_	linguistic	_	none	_	_	_	_	_	_
593-4	TO041	593	593	4	porterei	porterei	_	_	_	_	_	linguistic	_	none	_	_	_	_	_	_
593-5	TO041	593	593	5	niente	niente	_	_	_	_	_	linguistic	_	none	_	_	_	_	_	_
593-6	TO041	593	593	6	di	di	_	_	_	_	_	linguistic	_	none	_	_	_	_	_	_
593-7	TO041	593	593	7	nuovo.	nuovo	_	_	_	_	_	linguistic	_	none	Intonation=Falling	End=1886.1	_	_	_	_
594-0	TO041	594	594	0	cioè	cioè	_	_	_	_	_	linguistic	_	none	_	Begin=1886.405	_	_	_	_
594-1	TO041	594	594	1	sì	sì	_	_	_	_	_	linguistic	_	none	_	_	_	_	_	_
594-2	TO041	594	594	2	quello	quello	_	_	_	_	_	linguistic	_	none	_	_	_	_	_	_
594-3	TO041	594	594	3	che	che	_	_	_	_	_	linguistic	_	none	_	_	_	_	_	_
594-4	TO041	594	594	4	ho	ho	_	_	_	_	_	linguistic	_	none	_	_	_	_	_	_
594-5	TO041	594	594	5	studiato	studiato	_	_	_	_	_	linguistic	_	none	_	_	_	_	_	_
594-6	TO041	594	594	6	a	a	_	_	_	_	_	linguistic	_	none	_	_	_	_	_	_
594-7	TO041	594	594	7	scuola	scuola	_	_	_	_	_	linguistic	_	none	_	_	_	_	_	_
594-8	TO041	594	594	8	e,	e	_	_	_	_	_	linguistic	_	none	Intonation=WeaklyRising	End=1888.504	_	_	_	_
595-0	TO041	595	595	0	e	e	_	_	_	_	_	linguistic	_	none	_	Begin=1888.758	_	_	_	_
595-1	TO041	595	595	1	la	la	_	_	_	_	_	linguistic	_	none	_	_	_	_	_	_
595-2	TO041	595	595	2	mia	mia	_	_	_	_	_	linguistic	_	none	_	_	_	_	_	_
595-3	TO041	595	595	3	personalità	personalità	_	_	_	_	_	linguistic	_	none	_	_	_	_	_	_
595-4	TO041	595	595	4	però	però	_	_	_	_	_	linguistic	_	none	_	_	_	_	_	_
595-5	TO041	595	595	5	comunque	comunque	_	_	_	_	_	linguistic	_	none	_	_	_	_	_	_
595-6	TO041	595	595	6	io	io	_	_	_	_	_	linguistic	_	none	_	_	_	_	_	_
595-7	TO041	595	595	7	pri[ma	prima	_	_	_	_	_	linguistic	_	none	_	_	_	_	_	3-5(24)
595-8	TO041	595	595	8	vor]rei	vorrei	_	_	_	_	_	linguistic	_	none	_	_	_	_	_	0-3(24)
595-9	TO041	595	595	9	provare	provare	_	_	_	_	_	linguistic	_	none	_	_	_	_	_	_
595-10	TO041	595	595	10	l'	l'	_	_	_	_	_	linguistic	_	none	SpaceAfter=No	_	_	_	_	_
595-11	TO041	595	595	11	esperienza	esperienza	_	_	_	_	_	linguistic	_	none	_	_	_	_	_	_
595-12	TO041	595	595	12	di	di	_	_	_	_	_	linguistic	_	none	_	_	_	_	_	_
595-13	TO041	595	595	13	lavorare,	lavorare	_	_	_	_	_	linguistic	_	none	Intonation=WeaklyRising	End=1894.009	_	_	_	_
596-0	TO055	596	596	0	[certo].	certo	_	_	_	_	_	linguistic	_	none	Intonation=Falling	Begin=1891.2|End=1891.817	_	_	_	0-5(24)
597-0	TO041	597	597	0	in	in	_	_	_	_	_	linguistic	_	none	_	Begin=1894.219	_	_	_	_
597-1	TO041	597	597	1	qualche	qualche	_	_	_	_	_	linguistic	_	none	_	_	_	_	_	_
597-2	TO041	597	597	2	altro	altro	_	_	_	_	_	linguistic	_	none	_	_	_	_	_	_
597-3	TO041	597	597	3	posto	posto	_	_	_	_	_	linguistic	_	none	_	_	_	_	_	_
597-4	TO041	597	597	4	per	per	_	_	_	_	_	linguistic	_	none	_	_	_	_	_	_
597-5	TO041	597	597	5	vedere	vedere	_	_	_	_	_	linguistic	_	none	_	_	_	_	_	_
597-6	TO041	597	597	6	anche	anche	_	_	_	_	_	linguistic	_	none	_	_	_	_	_	_
597-7	TO041	597	597	7	magari	magari	_	_	_	_	_	linguistic	_	none	_	_	_	_	_	_
597-8	TO041	597	597	8	punti	punti	_	_	_	_	_	linguistic	_	none	_	_	_	_	_	_
597-9	TO041	597	597	9	di	di	_	_	_	_	_	linguistic	_	none	_	_	_	_	_	_
597-10	TO041	597	597	10	vista	vista	_	_	_	_	_	linguistic	_	none	_	_	_	_	_	_
597-11	TO041	597	597	11	differenti.	differenti	_	_	_	_	_	linguistic	_	none	Intonation=Falling	End=1898.109	_	_	_	_
598-0	TO055	598	598	0	ho	ho	_	_	_	_	_	linguistic	_	none	_	Begin=1898.944	_	_	_	_
598-1	TO055	598	598	1	capito.	capito	_	_	_	_	_	linguistic	_	none	Intonation=Falling	_	_	_	_	_
598-2	TO055	598	598	2	bene.	bene	_	_	_	_	_	linguistic	_	none	Intonation=Falling	End=1899.935	_	_	_	_
599-0	TO055	599	599	0	grazie.	grazie	_	_	_	_	_	linguistic	_	none	Intonation=Falling	Begin=1900.245|End=1900.879	_	_	_	_
