token_id	speaker	tu_id	id	span	form	lemma	upos	xpos	feats	deprel	type	meta_label	code-variation	jefferson_feats	align	prolongations	pace	guesses	overlaps
0-0	TO055	0	0	okay	okay	_	_	_	_	_	linguistic	_	ContainsVariation=No	_	Begin=0.0	_	_	_	_
0-1	TO055	0	1	cosa	cosa	_	_	_	_	_	linguistic	_	ContainsVariation=No	_	_	_	_	_	_
0-2	TO055	0	2	hai	hai	_	_	_	_	_	linguistic	_	ContainsVariation=No	_	_	_	_	_	_
0-3	TO055	0	3	studiato	studiato	_	_	_	_	_	linguistic	_	ContainsVariation=No	_	_	_	_	_	_
0-4	TO055	0	4	te?	te	_	_	_	_	_	linguistic	_	ContainsVariation=No	Intonation=Rising	End=1.422	_	_	_	_
1-0	TO044	1	0	ho	ho	_	_	_	_	_	linguistic	_	ContainsVariation=No	_	Begin=1.72	_	_	_	_
1-1	TO044	1	1	studiato,	studiato	_	_	_	_	_	linguistic	_	ContainsVariation=No	Intonation=WeaklyRising	End=2.61	_	_	_	_
2-0	TO044	2	0	lingue	lingue	_	_	_	_	_	linguistic	_	ContainsVariation=No	_	Begin=2.845	_	_	_	_
2-1	TO044	2	1	all'	all'	_	_	_	_	_	linguistic	_	ContainsVariation=No	SpaceAfter=No	_	_	_	_	_
2-2	TO044	2	2	università	università	_	_	_	_	_	linguistic	_	ContainsVariation=No	_	_	_	_	_	_
2-3	TO044	2	3	di	di	_	_	_	_	_	linguistic	_	ContainsVariation=No	_	_	_	_	_	_
2-4	TO044	2	4	torino	torino	_	_	_	_	_	linguistic	_	ContainsVariation=No	_	_	_	_	_	_
2-5	TO044	2	5	ho	ho	_	_	_	_	_	linguistic	_	ContainsVariation=No	_	_	_	_	_	_
2-6	TO044	2	6	studiato,	studiato	_	_	_	_	_	linguistic	_	ContainsVariation=No	Intonation=WeaklyRising	End=5.58	_	_	_	_
3-0	TO044	3	0	e:h	eh	_	_	_	_	_	linguistic	_	ContainsVariation=No	_	Begin=5.9	0x1	_	_	_
3-1	TO044	3	1	inglese	inglese	_	_	_	_	_	linguistic	_	ContainsVariation=No	_	_	_	_	_	_
3-2	TO044	3	2	spagnolo	spagnolo	_	_	_	_	_	linguistic	_	ContainsVariation=No	_	_	_	_	_	_
3-3	TO044	3	3	e:	e	_	_	_	_	_	linguistic	_	ContainsVariation=No	_	_	0x1	_	_	_
3-4	TO044	3	4	francese.	francese	_	_	_	_	_	linguistic	_	ContainsVariation=No	Intonation=Falling	End=8.65	_	_	_	_
4-0	TO055	4	0	okay	okay	_	_	_	_	_	linguistic	_	ContainsVariation=No	_	Begin=8.65	_	_	_	_
4-1	TO055	4	1	ma	ma	_	_	_	_	_	linguistic	_	ContainsVariation=No	_	_	_	_	_	_
4-2	TO055	4	2	hai	hai	_	_	_	_	_	linguistic	_	ContainsVariation=No	_	_	_	_	_	_
4-3	TO055	4	3	finito	finito	_	_	_	_	_	linguistic	_	ContainsVariation=No	_	_	_	_	_	_
4-4	TO055	4	4	sei	sei	_	_	_	_	_	linguistic	_	ContainsVariation=No	_	_	_	_	_	_
4-5	TO055	4	5	al	al	_	_	_	_	_	linguistic	_	ContainsVariation=No	_	_	_	_	_	_
4-6	TO055	4	6	terzo	terzo	_	_	_	_	_	linguistic	_	ContainsVariation=No	_	_	_	_	_	_
4-7	TO055	4	7	anno:,	anno	_	_	_	_	_	linguistic	_	ContainsVariation=No	Intonation=WeaklyRising	End=11.305	3x1	_	_	_
5-0	TO044	5	0	sì	sì	_	_	_	_	_	linguistic	_	ContainsVariation=No	_	Begin=11.305	_	_	_	_
5-1	TO044	5	1	sì	sì	_	_	_	_	_	linguistic	_	ContainsVariation=No	_	_	_	_	_	_
5-2	TO044	5	2	ho:	ho	_	_	_	_	_	linguistic	_	ContainsVariation=No	_	_	1x1	_	_	_
5-3	TO044	5	3	finito	finito	_	_	_	_	_	linguistic	_	ContainsVariation=No	_	_	_	_	_	_
5-4	TO044	5	4	da	da	_	_	_	_	_	linguistic	_	ContainsVariation=No	_	_	_	_	_	_
5-5	TO044	5	5	poco	poco	_	_	_	_	_	linguistic	_	ContainsVariation=No	_	_	_	_	_	_
5-6	TO044	5	6	adesso:	adesso	_	_	_	_	_	linguistic	_	ContainsVariation=No	_	_	5x1	_	_	_
5-7	TO044	5	7	questo	questo	_	_	_	_	_	linguistic	_	ContainsVariation=No	_	_	_	_	_	_
5-8	TO044	5	8	è	è	_	_	_	_	_	linguistic	_	ContainsVariation=No	_	_	_	_	_	_
5-9	TO044	5	9	il	il	_	_	_	_	_	linguistic	_	ContainsVariation=No	_	_	_	_	_	_
5-10	TO044	5	10	mio	mio	_	_	_	_	_	linguistic	_	ContainsVariation=No	_	_	_	_	_	_
5-11	TO044	5	11	anno	anno	_	_	_	_	_	linguistic	_	ContainsVariation=No	_	_	_	_	_	_
5-12	TO044	5	12	sabbatico	sabbatico	_	_	_	_	_	linguistic	_	ContainsVariation=No	_	_	_	_	_	_
5-13	TO044	5	13	poi	poi	_	_	_	_	_	linguistic	_	ContainsVariation=No	_	_	_	_	_	_
5-14	TO044	5	14	inizierò	inizierò	_	_	_	_	_	linguistic	_	ContainsVariation=No	_	_	_	_	_	_
5-15	TO044	5	15	la	la	_	_	_	_	_	linguistic	_	ContainsVariation=No	_	_	_	_	_	_
5-16	TO044	5	16	magistrale.	magistrale	_	_	_	_	_	linguistic	_	ContainsVariation=No	Intonation=Falling	End=16.8	_	_	_	_
6-0	TO055	6	0	e::h	eh	_	_	_	_	_	linguistic	_	ContainsVariation=No	_	Begin=16.9	0x2	_	_	_
6-1	TO055	6	1	cosa	cosa	_	_	_	_	_	linguistic	_	ContainsVariation=No	_	_	_	_	_	_
6-2	TO055	6	2	farai	farai	_	_	_	_	_	linguistic	_	ContainsVariation=No	_	_	_	_	_	_
6-3	TO055	6	3	in	in	_	_	_	_	_	linguistic	_	ContainsVariation=No	_	_	_	_	_	_
6-4	TO055	6	4	questo	questo	_	_	_	_	_	linguistic	_	ContainsVariation=No	_	_	_	_	_	_
6-5	TO055	6	5	anno?	anno	_	_	_	_	_	linguistic	_	ContainsVariation=No	Intonation=Rising	End=18.75	_	_	_	_
7-0	TO044	7	0	e::h	eh	_	_	_	_	_	linguistic	_	ContainsVariation=No	_	Begin=18.795	0x2	_	_	_
7-1	TO044	7	1	sono	sono	_	_	_	_	_	linguistic	_	ContainsVariation=No	_	_	_	_	_	_
7-2	TO044	7	2	andata	andata	_	_	_	_	_	linguistic	_	ContainsVariation=No	_	_	_	_	_	_
7-3	TO044	7	3	a	a	_	_	_	_	_	linguistic	_	ContainsVariation=No	_	_	_	_	_	_
7-4	TO044	7	4	boston.	boston	_	_	_	_	_	linguistic	_	ContainsVariation=No	Intonation=Falling	End=21.13	_	_	_	_
8-0	TO055	8	0	okay.	okay	_	_	_	_	_	linguistic	_	ContainsVariation=No	Intonation=Falling	Begin=21.379|End=21.96	_	_	_	_
9-0	TO044	9	0	per	per	_	_	_	_	_	linguistic	_	ContainsVariation=No	_	Begin=22.189	_	_	_	_
9-1	TO044	9	1	quattro	quattro	_	_	_	_	_	linguistic	_	ContainsVariation=No	_	_	_	_	_	_
9-2	TO044	9	2	mesi	mesi	_	_	_	_	_	linguistic	_	ContainsVariation=No	_	_	_	_	_	_
9-3	TO044	9	3	e	e	_	_	_	_	_	linguistic	_	ContainsVariation=No	_	_	_	_	_	_
9-4	TO044	9	4	ade:sso:	adesso	_	_	_	_	_	linguistic	_	ContainsVariation=No	_	_	2x1,5x1	_	_	_
9-5	TO044	9	5	sto	sto	_	_	_	_	_	linguistic	_	ContainsVariation=No	_	_	_	_	_	_
9-6	TO044	9	6	cercando	cercando	_	_	_	_	_	linguistic	_	ContainsVariation=No	_	_	_	_	_	_
9-7	TO044	9	7	di	di	_	_	_	_	_	linguistic	_	ContainsVariation=No	_	_	_	_	_	_
9-8	TO044	9	8	iscrivermi	iscrivermi	_	_	_	_	_	linguistic	_	ContainsVariation=No	_	_	_	_	_	_
9-9	TO044	9	9	a	a	_	_	_	_	_	linguistic	_	ContainsVariation=No	_	_	_	_	_	_
9-10	TO044	9	10	un'	un'	_	_	_	_	_	linguistic	_	ContainsVariation=No	SpaceAfter=No	_	_	_	_	_
9-11	TO044	9	11	università,	università	_	_	_	_	_	linguistic	_	ContainsVariation=No	Intonation=WeaklyRising	End=26.6	_	_	_	_
10-0	TO044	10	0	a	a	_	_	_	_	_	linguistic	_	ContainsVariation=No	_	Begin=27.094	_	_	_	_
10-1	TO044	10	1	madrid	madrid	_	_	_	_	_	linguistic	_	ContainsVariation=No	_	_	_	_	_	_
10-2	TO044	10	2	per	per	_	_	_	_	_	linguistic	_	ContainsVariation=No	_	_	_	_	_	_
10-3	TO044	10	3	vedere	vedere	_	_	_	_	_	linguistic	_	ContainsVariation=No	_	_	_	_	_	_
10-4	TO044	10	4	se	se	_	_	_	_	_	linguistic	_	ContainsVariation=No	_	_	_	_	_	_
10-5	TO044	10	5	riesco	riesco	_	_	_	_	_	linguistic	_	ContainsVariation=No	_	_	_	_	_	_
10-6	TO044	10	6	ad	ad	_	_	_	_	_	linguistic	_	ContainsVariation=No	_	_	_	_	_	_
10-7	TO044	10	7	essere	essere	_	_	_	_	_	linguistic	_	ContainsVariation=No	_	_	_	_	_	_
10-8	TO044	10	8	ammessa	ammessa	_	_	_	_	_	linguistic	_	ContainsVariation=No	_	_	_	_	_	_
10-9	TO044	10	9	e	e	_	_	_	_	_	linguistic	_	ContainsVariation=No	_	_	_	_	_	_
10-10	TO044	10	10	°xx	xx	_	_	_	_	_	unknown	_	ContainsVariation=No	Volume=low|Syllables=2	_	_	_	_	_
10-11	TO044	10	11	ini[ziare	iniziare	_	_	_	_	_	linguistic	_	ContainsVariation=No	Volume=low	_	_	_	_	3-8(0)
10-12	TO044	10	12	xx.°]	xx	_	_	_	_	_	linguistic	_	ContainsVariation=No	Intonation=Falling|Volume=low	End=31.632	_	_	_	0-2(0)
11-0	TO055	11	0	[e	e	_	_	_	_	_	linguistic	_	ContainsVariation=No	_	Begin=30.973	_	_	_	0-1(0)
11-1	TO055	11	1	boston]	boston	_	_	_	_	_	linguistic	_	ContainsVariation=No	_	_	_	_	_	0-6(0)
11-2	TO055	11	2	cosa	cosa	_	_	_	_	_	linguistic	_	ContainsVariation=No	_	_	_	_	_	_
11-3	TO055	11	3	hai	hai	_	_	_	_	_	linguistic	_	ContainsVariation=No	_	_	_	_	_	_
11-4	TO055	11	4	fatto?	fatto	_	_	_	_	_	linguistic	_	ContainsVariation=No	Intonation=Rising	End=32.21	_	_	_	_
12-0	TO044	12	0	e::h	eh	_	_	_	_	_	linguistic	_	ContainsVariation=No	_	Begin=32.771	0x2	_	_	_
12-1	TO044	12	1	ho	ho	_	_	_	_	_	linguistic	_	ContainsVariation=No	_	_	_	_	_	_
12-2	TO044	12	2	studiato:	studiato	_	_	_	_	_	linguistic	_	ContainsVariation=No	ProsodicLink=Yes	_	7x1	_	_	_
12-3	TO044	12	3	mh	mh	_	_	_	_	_	linguistic	_	ContainsVariation=No	_	_	_	_	_	_
12-4	TO044	12	4	son	son	_	_	_	_	_	linguistic	_	ContainsVariation=No	_	_	_	_	_	_
12-5	TO044	12	5	stata	stata	_	_	_	_	_	linguistic	_	ContainsVariation=No	_	_	_	_	_	_
12-6	TO044	12	6	lì,	lì	_	_	_	_	_	linguistic	_	ContainsVariation=No	Intonation=WeaklyRising	End=35.31	_	_	_	_
13-0	TO044	13	0	per	per	_	_	_	_	_	linguistic	_	ContainsVariation=No	_	Begin=35.539	_	_	_	_
13-1	TO044	13	1	due	due	_	_	_	_	_	linguistic	_	ContainsVariation=No	_	_	_	_	_	_
13-2	TO044	13	2	volte.	volte	_	_	_	_	_	linguistic	_	ContainsVariation=No	Intonation=Falling	End=36.539	_	_	_	_
14-0	TO055	14	0	ok[ay].	okay	_	_	_	_	_	linguistic	_	ContainsVariation=No	Intonation=Falling	Begin=36.839|End=37.4	_	_	_	2-4(1)
15-0	TO044	15	0	[e]	e	_	_	_	_	_	linguistic	_	ContainsVariation=No	_	Begin=37.205	_	_	_	0-1(1)
15-1	TO044	15	1	la	la	_	_	_	_	_	linguistic	_	ContainsVariation=No	_	_	_	_	_	_
15-2	TO044	15	2	prima	prima	_	_	_	_	_	linguistic	_	ContainsVariation=No	_	_	_	_	_	_
15-3	TO044	15	3	volta	volta	_	_	_	_	_	linguistic	_	ContainsVariation=No	_	_	_	_	_	_
15-4	TO044	15	4	ho	ho	_	_	_	_	_	linguistic	_	ContainsVariation=No	_	_	_	_	_	_
15-5	TO044	15	5	studiato	studiato	_	_	_	_	_	linguistic	_	ContainsVariation=No	_	_	_	_	_	_
15-6	TO044	15	6	per	per	_	_	_	_	_	linguistic	_	ContainsVariation=No	_	_	_	_	_	_
15-7	TO044	15	7	prendere,	prendere	_	_	_	_	_	linguistic	_	ContainsVariation=No	Intonation=WeaklyRising	End=40.22	_	_	_	_
16-0	TO044	16	0	e::h	eh	_	_	_	_	_	linguistic	_	ContainsVariation=No	ProsodicLink=Yes	Begin=40.601	0x2	_	_	_
16-1	TO044	16	1	mh,	mh	_	_	_	_	_	linguistic	_	ContainsVariation=No	Intonation=WeaklyRising	End=41.52	_	_	_	_
17-0	TO044	17	0	un	un	_	_	_	_	_	linguistic	_	ContainsVariation=No	_	Begin=41.677	_	_	_	_
17-1	TO044	17	1	esame	esame	_	_	_	_	_	linguistic	_	ContainsVariation=No	_	_	_	_	_	_
17-2	TO044	17	2	internazionale	internazionale	_	_	_	_	_	linguistic	_	ContainsVariation=No	_	_	_	_	_	_
17-3	TO044	17	3	che	che	_	_	_	_	_	linguistic	_	ContainsVariation=No	_	_	_	_	_	_
17-4	TO044	17	4	è	è	_	_	_	_	_	linguistic	_	ContainsVariation=No	_	_	_	_	_	_
17-5	TO044	17	5	l'	l'	_	_	_	_	_	linguistic	_	ContainsVariation=No	SpaceAfter=No	_	_	_	_	_
17-6	TO044	17	6	iel[ts].	ielts	_	_	_	_	_	linguistic	_	ContainsVariation=No	Intonation=Falling	End=44.22	_	_	_	2-5(2)
18-0	TO055	18	0	[o]kay.	okay	_	_	_	_	_	linguistic	_	ContainsVariation=No	Intonation=Falling	Begin=44.078|End=44.658	_	_	_	0-1(2)
19-0	TO044	19	0	e::h	eh	_	_	_	_	_	linguistic	_	ContainsVariation=No	_	Begin=44.788	0x2	_	_	_
19-1	TO044	19	1	e	e	_	_	_	_	_	linguistic	_	ContainsVariation=No	_	_	_	_	_	_
19-2	TO044	19	2	poi	poi	_	_	_	_	_	linguistic	_	ContainsVariation=No	_	_	_	_	_	_
19-3	TO044	19	3	l'	l'	_	_	_	_	_	linguistic	_	ContainsVariation=No	SpaceAfter=No	_	_	_	_	_
19-4	TO044	19	4	ultimo	ultimo	_	_	_	_	_	linguistic	_	ContainsVariation=No	_	_	_	_	_	_
19-5	TO044	19	5	giorno	giorno	_	_	_	_	_	linguistic	_	ContainsVariation=No	_	_	_	_	_	_
19-6	TO044	19	6	lì	lì	_	_	_	_	_	linguistic	_	ContainsVariation=No	_	_	_	_	_	_
19-7	TO044	19	7	ho	ho	_	_	_	_	_	linguistic	_	ContainsVariation=No	_	_	_	_	_	_
19-8	TO044	19	8	deciso	deciso	_	_	_	_	_	linguistic	_	ContainsVariation=No	_	_	_	_	_	_
19-9	TO044	19	9	che	che	_	_	_	_	_	linguistic	_	ContainsVariation=No	_	_	_	_	_	_
19-10	TO044	19	10	volevo	volevo	_	_	_	_	_	linguistic	_	ContainsVariation=No	_	_	_	_	_	_
19-11	TO044	19	11	tornare	tornare	_	_	_	_	_	linguistic	_	ContainsVariation=No	_	_	_	_	_	_
19-12	TO044	19	12	a	a	_	_	_	_	_	linguistic	_	ContainsVariation=No	_	_	_	_	_	_
19-13	TO044	19	13	c~	c~	_	_	_	_	_	linguistic	_	ContainsVariation=No	Interrupted=Yes|PauseAfter=Yes	_	_	_	_	_
19-14	TO044	19	14	(.)	(.)	_	_	_	_	_	shortpause	_	ContainsVariation=No	_	_	_	_	_	_
19-15	TO044	19	15	tornare::,	tornare	_	_	_	_	_	linguistic	_	ContainsVariation=No	Intonation=WeaklyRising	End=49.26	6x2	_	_	_
20-0	TO044	20	0	per	per	_	_	_	_	_	linguistic	_	ContainsVariation=No	_	Begin=50.294	_	_	_	_
20-1	TO044	20	1	studiare	studiare	_	_	_	_	_	linguistic	_	ContainsVariation=No	_	_	_	_	_	_
20-2	TO044	20	2	ancora	ancora	_	_	_	_	_	linguistic	_	ContainsVariation=No	_	_	_	_	_	_
20-3	TO044	20	3	e	e	_	_	_	_	_	linguistic	_	ContainsVariation=No	_	_	_	_	_	_
20-4	TO044	20	4	quindi	quindi	_	_	_	_	_	linguistic	_	ContainsVariation=No	_	_	_	_	_	_
20-5	TO044	20	5	sono	sono	_	_	_	_	_	linguistic	_	ContainsVariation=No	_	_	_	_	_	_
20-6	TO044	20	6	ritorna~	ritorna~	_	_	_	_	_	linguistic	_	ContainsVariation=No	Interrupted=Yes	_	_	_	_	_
20-7	TO044	20	7	sono	sono	_	_	_	_	_	linguistic	_	ContainsVariation=No	_	_	_	_	_	_
20-8	TO044	20	8	tornata	tornata	_	_	_	_	_	linguistic	_	ContainsVariation=No	_	_	_	_	_	_
20-9	TO044	20	9	in	in	_	_	_	_	_	linguistic	_	ContainsVariation=No	_	_	_	_	_	_
20-10	TO044	20	10	italia	italia	_	_	_	_	_	linguistic	_	ContainsVariation=No	_	_	_	_	_	_
20-11	TO044	20	11	e	e	_	_	_	_	_	linguistic	_	ContainsVariation=No	_	_	_	_	_	_
20-12	TO044	20	12	poi,	poi	_	_	_	_	_	linguistic	_	ContainsVariation=No	Intonation=WeaklyRising	End=54.23	_	_	_	_
21-0	TO044	21	0	ho	ho	_	_	_	_	_	linguistic	_	ContainsVariation=No	_	Begin=54.426	_	_	_	_
21-1	TO044	21	1	rifatto	rifatto	_	_	_	_	_	linguistic	_	ContainsVariation=No	_	_	_	_	_	_
21-2	TO044	21	2	i	i	_	_	_	_	_	linguistic	_	ContainsVariation=No	_	_	_	_	_	_
21-3	TO044	21	3	fogli	fogli	_	_	_	_	_	linguistic	_	ContainsVariation=No	_	_	_	_	_	_
21-4	TO044	21	4	e	e	_	_	_	_	_	linguistic	_	ContainsVariation=No	_	_	_	_	_	_
21-5	TO044	21	5	son	son	_	_	_	_	_	linguistic	_	ContainsVariation=No	_	_	_	_	_	_
21-6	TO044	21	6	ritornata	ritornata	_	_	_	_	_	linguistic	_	ContainsVariation=No	PauseAfter=Yes	_	_	_	_	_
21-7	TO044	21	7	(.)	(.)	_	_	_	_	_	shortpause	_	ContainsVariation=No	_	_	_	_	_	_
21-8	TO044	21	8	a	a	_	_	_	_	_	linguistic	_	ContainsVariation=No	_	_	_	_	_	_
21-9	TO044	21	9	bost[on].	boston	_	_	_	_	_	linguistic	_	ContainsVariation=No	Intonation=Falling	End=57.45	_	_	_	4-6(3)
22-0	TO055	22	0	[ok]ay.	okay	_	_	_	_	_	linguistic	_	ContainsVariation=No	Intonation=Falling	Begin=57.23|End=57.78	_	_	_	0-2(3)
23-0	TO055	23	0	e	e	_	_	_	_	_	linguistic	_	ContainsVariation=No	_	Begin=58.015	_	_	_	_
23-1	TO055	23	1	hai	hai	_	_	_	_	_	linguistic	_	ContainsVariation=No	_	_	_	_	_	_
23-2	TO055	23	2	detto	detto	_	_	_	_	_	linguistic	_	ContainsVariation=No	_	_	_	_	_	_
23-3	TO055	23	3	che	che	_	_	_	_	_	linguistic	_	ContainsVariation=No	_	_	_	_	_	_
23-4	TO055	23	4	vuoi	vuoi	_	_	_	_	_	linguistic	_	ContainsVariation=No	_	_	_	_	_	_
23-5	TO055	23	5	andare	andare	_	_	_	_	_	linguistic	_	ContainsVariation=No	_	_	_	_	_	_
23-6	TO055	23	6	a	a	_	_	_	_	_	linguistic	_	ContainsVariation=No	_	_	_	_	_	_
23-7	TO055	23	7	madrid?	madrid	_	_	_	_	_	linguistic	_	ContainsVariation=No	Intonation=Rising	End=59.6	_	_	_	_
24-0	TO044	24	0	sì.	sì	_	_	_	_	_	linguistic	_	ContainsVariation=No	Intonation=Falling|PauseAfter=Yes	Begin=59.701	_	_	_	_
24-1	TO044	24	1	(.)	(.)	_	_	_	_	_	shortpause	_	ContainsVariation=No	_	_	_	_	_	_
24-2	TO044	24	2	sì	sì	_	_	_	_	_	linguistic	_	ContainsVariation=No	_	_	_	_	_	_
24-3	TO044	24	3	sì	sì	_	_	_	_	_	linguistic	_	ContainsVariation=No	_	_	_	_	_	_
24-4	TO044	24	4	sì	sì	_	_	_	_	_	linguistic	_	ContainsVariation=No	_	_	_	_	_	_
24-5	TO044	24	5	adesso	adesso	_	_	_	_	_	linguistic	_	ContainsVariation=No	_	_	_	_	_	_
24-6	TO044	24	6	vorrei:	vorrei	_	_	_	_	_	linguistic	_	ContainsVariation=No	_	_	5x1	_	_	_
24-7	TO044	24	7	visto	visto	_	_	_	_	_	linguistic	_	ContainsVariation=No	_	_	_	_	_	_
24-8	TO044	24	8	che	che	_	_	_	_	_	linguistic	_	ContainsVariation=No	_	_	_	_	_	_
24-9	TO044	24	9	ho	ho	_	_	_	_	_	linguistic	_	ContainsVariation=No	_	_	_	_	_	_
24-10	TO044	24	10	studiato	studiato	_	_	_	_	_	linguistic	_	ContainsVariation=No	_	_	_	_	_	_
24-11	TO044	24	11	spa:gnolo:	spagnolo	_	_	_	_	_	linguistic	_	ContainsVariation=No	_	_	2x1,7x1	_	_	_
24-12	TO044	24	12	eccetera	eccetera	_	_	_	_	_	linguistic	_	ContainsVariation=No	_	_	_	_	_	_
24-13	TO044	24	13	adesso	adesso	_	_	_	_	_	linguistic	_	ContainsVariation=No	_	_	_	_	_	_
24-14	TO044	24	14	a	a	_	_	_	_	_	linguistic	_	ContainsVariation=No	_	_	_	_	_	_
24-15	TO044	24	15	boston	boston	_	_	_	_	_	linguistic	_	ContainsVariation=No	_	_	_	_	_	_
24-16	TO044	24	16	ho	ho	_	_	_	_	_	linguistic	_	ContainsVariation=No	_	_	_	_	_	_
24-17	TO044	24	17	conosciuto	conosciuto	_	_	_	_	_	linguistic	_	ContainsVariation=No	_	_	_	_	_	_
24-18	TO044	24	18	tanta	tanta	_	_	_	_	_	linguistic	_	ContainsVariation=No	_	_	_	_	_	_
24-19	TO044	24	19	gente,	gente	_	_	_	_	_	linguistic	_	ContainsVariation=No	Intonation=WeaklyRising	End=66.22	_	_	_	_
25-0	TO044	25	0	di	di	_	_	_	_	_	linguistic	_	ContainsVariation=No	_	Begin=66.57	_	_	_	_
25-1	TO044	25	1	madrid	madrid	_	_	_	_	_	linguistic	_	ContainsVariation=No	_	_	_	_	_	_
25-2	TO044	25	2	volevo	volevo	_	_	_	_	_	linguistic	_	ContainsVariation=No	_	_	_	_	_	_
25-3	TO044	25	3	cercare	cercare	_	_	_	_	_	linguistic	_	ContainsVariation=No	_	_	_	_	_	_
25-4	TO044	25	4	di:,	di	_	_	_	_	_	linguistic	_	ContainsVariation=No	Intonation=WeaklyRising	End=68.82	1x1	_	_	_
26-0	TO044	26	0	andare	andare	_	_	_	_	_	linguistic	_	ContainsVariation=No	_	Begin=69.61	_	_	_	_
26-1	TO044	26	1	in	in	_	_	_	_	_	linguistic	_	ContainsVariation=No	_	_	_	_	_	_
26-2	TO044	26	2	un	un	_	_	_	_	_	linguistic	_	ContainsVariation=No	_	_	_	_	_	_
26-3	TO044	26	3	posto	posto	_	_	_	_	_	linguistic	_	ContainsVariation=No	_	_	_	_	_	_
26-4	TO044	26	4	dove	dove	_	_	_	_	_	linguistic	_	ContainsVariation=No	_	_	_	_	_	_
26-5	TO044	26	5	parlassero	parlassero	_	_	_	_	_	linguistic	_	ContainsVariation=No	_	_	_	_	_	_
26-6	TO044	26	6	anche	anche	_	_	_	_	_	linguistic	_	ContainsVariation=No	_	_	_	_	_	_
26-7	TO044	26	7	s[pagnolo]	spagnolo	_	_	_	_	_	linguistic	_	ContainsVariation=No	_	_	_	_	_	1-8(4)
26-8	TO044	26	8	così	così	_	_	_	_	_	linguistic	_	ContainsVariation=No	_	_	_	_	_	_
26-9	TO044	26	9	almeno	almeno	_	_	_	_	_	linguistic	_	ContainsVariation=No	_	_	_	_	_	_
26-10	TO044	26	10	mi,	mi	_	_	_	_	_	linguistic	_	ContainsVariation=No	Intonation=WeaklyRising	End=73.0	_	_	_	_
27-0	TO055	27	0	[mhmh],	mhmh	_	_	_	_	_	linguistic	_	ContainsVariation=No	Intonation=WeaklyRising	Begin=71.365|End=71.861	_	_	_	0-4(4)
28-0	TO044	28	0	non	non	_	_	_	_	_	linguistic	_	ContainsVariation=No	_	Begin=74.205	_	_	_	_
28-1	TO044	28	1	so.	so	_	_	_	_	_	linguistic	_	ContainsVariation=No	Intonation=Falling	End=74.604	_	_	_	_
29-0	TO044	29	0	mi	mi	_	_	_	_	_	linguistic	_	ContainsVariation=No	_	Begin=74.744	_	_	_	_
29-1	TO044	29	1	imparo	imparo	_	_	_	_	_	linguistic	_	ContainsVariation=No	_	_	_	_	_	_
29-2	TO044	29	2	la	la	_	_	_	_	_	linguistic	_	ContainsVariation=No	_	_	_	_	_	_
29-3	TO044	29	3	lingua::,	lingua	_	_	_	_	_	linguistic	_	ContainsVariation=No	Intonation=WeaklyRising	End=76.29	5x2	_	_	_
30-0	TO044	30	0	m::h	mh	_	_	_	_	_	linguistic	_	ContainsVariation=No	_	Begin=77.35	0x2	_	_	_
30-1	TO044	30	1	più	più	_	_	_	_	_	linguistic	_	ContainsVariation=No	_	_	_	_	_	_
30-2	TO044	30	2	vicino	vicino	_	_	_	_	_	linguistic	_	ContainsVariation=No	_	_	_	_	_	_
30-3	TO044	30	3	alla	alla	_	_	_	_	_	linguistic	_	ContainsVariation=No	_	_	_	_	_	_
30-4	TO044	30	4	perfezione	perfezione	_	_	_	_	_	linguistic	_	ContainsVariation=No	_	_	_	_	_	_
30-5	TO044	30	5	che	che	_	_	_	_	_	linguistic	_	ContainsVariation=No	PauseAfter=Yes	_	_	_	_	_
30-6	TO044	30	6	(.)	(.)	_	_	_	_	_	shortpause	_	ContainsVariation=No	_	_	_	_	_	_
30-7	TO044	30	7	[p]ossibile	possibile	_	_	_	_	_	linguistic	_	ContainsVariation=No	_	_	_	_	_	0-1(5)
30-8	TO044	30	8	e	e	_	_	_	_	_	linguistic	_	ContainsVariation=No	_	_	_	_	_	_
30-9	TO044	30	9	poi,	poi	_	_	_	_	_	linguistic	_	ContainsVariation=No	Intonation=WeaklyRising	End=81.34	_	_	_	_
31-0	TO055	31	0	[sì].	sì	_	_	_	_	_	linguistic	_	ContainsVariation=No	Intonation=Falling	Begin=79.75|End=80.14	_	_	_	0-2(5)
32-0	TO044	32	0	inizio	inizio	_	_	_	_	_	linguistic	_	ContainsVariation=No	_	Begin=81.865	_	_	_	_
32-1	TO044	32	1	la	la	_	_	_	_	_	linguistic	_	ContainsVariation=No	_	_	_	_	_	_
32-2	TO044	32	2	magistrale.	magistrale	_	_	_	_	_	linguistic	_	ContainsVariation=No	Intonation=Falling	End=83.14	_	_	_	_
33-0	TO055	33	0	a	a	_	_	_	_	_	linguistic	_	ContainsVariation=No	_	Begin=83.452	_	_	_	_
33-1	TO055	33	1	madrid	madrid	_	_	_	_	_	linguistic	_	ContainsVariation=No	_	_	_	_	_	_
33-2	TO055	33	2	sempre,	sempre	_	_	_	_	_	linguistic	_	ContainsVariation=No	Intonation=WeaklyRising|PauseAfter=Yes	_	_	_	_	_
33-3	TO055	33	3	(.)	(.)	_	_	_	_	_	shortpause	_	ContainsVariation=No	_	_	_	_	_	_
33-4	TO055	33	4	in	in	_	_	_	_	_	linguistic	_	ContainsVariation=No	_	_	_	_	_	_
33-5	TO055	33	5	cosa?	cosa	_	_	_	_	_	linguistic	_	ContainsVariation=No	Intonation=Rising	End=85.343	_	_	_	_
34-0	TO044	34	0	i:n	in	_	_	_	_	_	linguistic	_	ContainsVariation=No	_	Begin=85.577	0x1	_	_	_
34-1	TO044	34	1	tr~	tr~	_	_	_	_	_	linguistic	_	ContainsVariation=No	Interrupted=Yes	_	_	_	_	_
34-2	TO044	34	2	per	per	_	_	_	_	_	linguistic	_	ContainsVariation=No	_	_	_	_	_	_
34-3	TO044	34	3	ora	ora	_	_	_	_	_	linguistic	_	ContainsVariation=No	_	_	_	_	_	_
34-4	TO044	34	4	mi	mi	_	_	_	_	_	linguistic	_	ContainsVariation=No	_	_	_	_	_	_
34-5	TO044	34	5	sono	sono	_	_	_	_	_	linguistic	_	ContainsVariation=No	_	_	_	_	_	_
34-6	TO044	34	6	immatricolata	immatricolata	_	_	_	_	_	linguistic	_	ContainsVariation=No	_	_	_	_	_	_
34-7	TO044	34	7	in,	in	_	_	_	_	_	linguistic	_	ContainsVariation=No	Intonation=WeaklyRising	End=88.08	_	_	_	_
35-0	TO044	35	0	<traduzione	traduzione	_	_	_	_	_	linguistic	_	ContainsVariation=No	_	Begin=88.56	_	Slow=0-10(0)	_	_
35-1	TO044	35	1	letteraria>	letteraria	_	_	_	_	_	linguistic	_	ContainsVariation=No	_	_	_	Slow=0-10(0)	_	_
35-2	TO044	35	2	però,	però	_	_	_	_	_	linguistic	_	ContainsVariation=No	Intonation=WeaklyRising	End=91.1	_	_	_	_
36-0	TO044	36	0	ci	ci	_	_	_	_	_	linguistic	_	ContainsVariation=No	_	Begin=91.958	_	_	_	_
36-1	TO044	36	1	sarebbe	sarebbe	_	_	_	_	_	linguistic	_	ContainsVariation=No	_	_	_	_	_	_
36-2	TO044	36	2	anche	anche	_	_	_	_	_	linguistic	_	ContainsVariation=No	_	_	_	_	_	_
36-3	TO044	36	3	tipo	tipo	_	_	_	_	_	linguistic	_	ContainsVariation=No	_	_	_	_	_	_
36-4	TO044	36	4	tra~	tra~	_	_	_	_	_	linguistic	_	ContainsVariation=No	Interrupted=Yes	End=93.41	_	_	_	_
37-0	TO044	37	0	comunicazione	comunicazione	_	_	_	_	_	linguistic	_	ContainsVariation=No	_	Begin=93.754	_	_	_	_
37-1	TO044	37	1	inter[naziona]le	internazionale	_	_	_	_	_	linguistic	_	ContainsVariation=No	_	_	_	_	_	5-12(6)
37-2	TO044	37	2	a	a	_	_	_	_	_	linguistic	_	ContainsVariation=No	_	_	_	_	_	_
37-3	TO044	37	3	salamanca	salamanca	_	_	_	_	_	linguistic	_	ContainsVariation=No	_	_	_	_	_	_
37-4	TO044	37	4	ma	ma	_	_	_	_	_	linguistic	_	ContainsVariation=No	_	_	_	_	_	_
37-5	TO044	37	5	non	non	_	_	_	_	_	linguistic	_	ContainsVariation=No	_	_	_	_	_	_
37-6	TO044	37	6	posso	posso	_	_	_	_	_	linguistic	_	ContainsVariation=No	_	_	_	_	_	_
37-7	TO044	37	7	iscrivermi	iscrivermi	_	_	_	_	_	linguistic	_	ContainsVariation=No	_	_	_	_	_	_
37-8	TO044	37	8	quest'	quest'	_	_	_	_	_	linguistic	_	ContainsVariation=No	SpaceAfter=No	_	_	_	_	_
37-9	TO044	37	9	anno	anno	_	_	_	_	_	linguistic	_	ContainsVariation=No	_	_	_	_	_	_
37-10	TO044	37	10	quindi	quindi	_	_	_	_	_	linguistic	_	ContainsVariation=No	_	_	_	_	_	_
37-11	TO044	37	11	dovrei	dovrei	_	_	_	_	_	linguistic	_	ContainsVariation=No	_	_	_	_	_	_
37-12	TO044	37	12	aspetta~	aspetta~	_	_	_	_	_	linguistic	_	ContainsVariation=No	Interrupted=Yes	End=99.205	_	_	_	_
38-0	TO055	38	0	[okay].	okay	_	_	_	_	_	linguistic	_	ContainsVariation=No	Intonation=Falling	Begin=94.919|End=95.419	_	_	_	0-4(6)
39-0	TO055	39	0	okay.	okay	_	_	_	_	_	linguistic	_	ContainsVariation=No	Intonation=Falling	Begin=99.33|End=99.97	_	_	_	_
40-0	TO055	40	0	cosa	cosa	_	_	_	_	_	linguistic	_	ContainsVariation=No	_	Begin=103.319	_	_	_	_
40-1	TO055	40	1	vorresti	vorresti	_	_	_	_	_	linguistic	_	ContainsVariation=No	_	_	_	_	_	_
40-2	TO055	40	2	fare	fare	_	_	_	_	_	linguistic	_	ContainsVariation=No	_	_	_	_	_	_
40-3	TO055	40	3	da	da	_	_	_	_	_	linguistic	_	ContainsVariation=No	_	_	_	_	_	_
40-4	TO055	40	4	grande?	grande	_	_	_	_	_	linguistic	_	ContainsVariation=No	Intonation=Rising	End=104.768	_	_	_	_
41-0	TO044	41	0	e::h	eh	_	_	_	_	_	linguistic	_	ContainsVariation=No	_	Begin=105.293	0x2	_	_	_
41-1	TO044	41	1	non	non	_	_	_	_	_	linguistic	_	ContainsVariation=No	_	_	_	_	_	_
41-2	TO044	41	2	lo	lo	_	_	_	_	_	linguistic	_	ContainsVariation=No	_	_	_	_	_	_
41-3	TO044	41	3	s[o].	so	_	_	_	_	_	linguistic	_	ContainsVariation=No	Intonation=Falling	End=106.76	_	_	_	1-2(7)
42-0	TO055	42	0	[o]kay.	okay	_	_	_	_	_	linguistic	_	ContainsVariation=No	Intonation=Falling	Begin=106.644	_	_	_	0-1(7)
42-1	TO055	42	1	((ride))	((ride))	_	_	_	_	_	nonverbalbehavior	_	ContainsVariation=No	_	End=107.731	_	_	_	_
43-0	TO044	43	0	vorrei	vorrei	_	_	_	_	_	linguistic	_	ContainsVariation=No	_	Begin=107.787	_	_	_	_
43-1	TO044	43	1	magari	magari	_	_	_	_	_	linguistic	_	ContainsVariation=No	_	_	_	_	_	_
43-2	TO044	43	2	e::h	eh	_	_	_	_	_	linguistic	_	ContainsVariation=No	ProsodicLink=Yes	_	0x2	_	_	_
43-3	TO044	43	3	mh,	mh	_	_	_	_	_	linguistic	_	ContainsVariation=No	Intonation=WeaklyRising	End=109.84	_	_	_	_
44-0	TO044	44	0	dunque	dunque	_	_	_	_	_	linguistic	_	ContainsVariation=No	_	Begin=110.133	_	_	_	_
44-1	TO044	44	1	magari	magari	_	_	_	_	_	linguistic	_	ContainsVariation=No	_	_	_	_	_	_
44-2	TO044	44	2	fare	fare	_	_	_	_	_	linguistic	_	ContainsVariation=No	_	_	_	_	_	_
44-3	TO044	44	3	la,	la	_	_	_	_	_	linguistic	_	ContainsVariation=No	Intonation=WeaklyRising	End=111.626	_	_	_	_
45-0	TO044	45	0	>cioè	cioè	_	_	_	_	_	linguistic	_	ContainsVariation=No	_	Begin=112.089	_	Fast=0-4(0)	_	_
45-1	TO044	45	1	ovviamente	ovviamente	_	_	_	_	_	linguistic	_	ContainsVariation=No	_	_	_	Fast=0-10(0)	_	_
45-2	TO044	45	2	vorrei	vorrei	_	_	_	_	_	linguistic	_	ContainsVariation=No	_	_	_	Fast=0-6(0)	_	_
45-3	TO044	45	3	fare	fare	_	_	_	_	_	linguistic	_	ContainsVariation=No	_	_	_	Fast=0-4(0)	_	_
45-4	TO044	45	4	qualcosa	qualcosa	_	_	_	_	_	linguistic	_	ContainsVariation=No	_	_	_	Fast=0-8(0)	_	_
45-5	TO044	45	5	relazionato	relazionato	_	_	_	_	_	linguistic	_	ContainsVariation=No	_	_	_	Fast=0-11(0)	_	_
45-6	TO044	45	6	con	con	_	_	_	_	_	linguistic	_	ContainsVariation=No	_	_	_	Fast=0-3(0)	_	_
45-7	TO044	45	7	le	le	_	_	_	_	_	linguistic	_	ContainsVariation=No	_	_	_	Fast=0-2(0)	_	_
45-8	TO044	45	8	lingue	lingue	_	_	_	_	_	linguistic	_	ContainsVariation=No	_	_	_	Fast=0-6(0)	_	_
45-9	TO044	45	9	però	però	_	_	_	_	_	linguistic	_	ContainsVariation=No	_	_	_	Fast=0-4(0)	_	_
45-10	TO044	45	10	non	non	_	_	_	_	_	linguistic	_	ContainsVariation=No	_	_	_	Fast=0-3(0)	_	_
45-11	TO044	45	11	so	so	_	_	_	_	_	linguistic	_	ContainsVariation=No	_	_	_	Fast=0-2(0)	_	_
45-12	TO044	45	12	bene	bene	_	_	_	_	_	linguistic	_	ContainsVariation=No	_	_	_	Fast=0-4(0)	_	_
45-13	TO044	45	13	ancora	ancora	_	_	_	_	_	linguistic	_	ContainsVariation=No	_	_	_	Fast=0-6(0)	_	_
45-14	TO044	45	14	cosa<.	cosa	_	_	_	_	_	linguistic	_	ContainsVariation=No	Intonation=Falling	End=116.449	_	Fast=0-4(0)	_	_
46-0	TO055	46	0	okay.	okay	_	_	_	_	_	linguistic	_	ContainsVariation=No	Intonation=Falling	Begin=116.56|End=116.921	_	_	_	_
47-0	TO044	47	0	anche	anche	_	_	_	_	_	linguistic	_	ContainsVariation=No	_	Begin=116.921	_	_	_	_
47-1	TO044	47	1	perché	perché	_	_	_	_	_	linguistic	_	ContainsVariation=No	_	_	_	_	_	_
47-2	TO044	47	2	a	a	_	_	_	_	_	linguistic	_	ContainsVariation=No	_	_	_	_	_	_
47-3	TO044	47	3	me	me	_	_	_	_	_	linguistic	_	ContainsVariation=No	_	_	_	_	_	_
47-4	TO044	47	4	interesserebbe	interesserebbe	_	_	_	_	_	linguistic	_	ContainsVariation=No	_	_	_	_	_	_
47-5	TO044	47	5	la	la	_	_	_	_	_	linguistic	_	ContainsVariation=No	_	_	_	_	_	_
47-6	TO044	47	6	traduzione	traduzione	_	_	_	_	_	linguistic	_	ContainsVariation=No	_	_	_	_	_	_
47-7	TO044	47	7	audiovisiva	audiovisiva	_	_	_	_	_	linguistic	_	ContainsVariation=No	_	_	_	_	_	_
47-8	TO044	47	8	ma	ma	_	_	_	_	_	linguistic	_	ContainsVariation=No	_	_	_	_	_	_
47-9	TO044	47	9	è	è	_	_	_	_	_	linguistic	_	ContainsVariation=No	_	_	_	_	_	_
47-10	TO044	47	10	un	un	_	_	_	_	_	linguistic	_	ContainsVariation=No	_	_	_	_	_	_
47-11	TO044	47	11	po'	po'	_	_	_	_	_	linguistic	_	ContainsVariation=No	_	_	_	_	_	_
47-12	TO044	47	12	un	un	_	_	_	_	_	linguistic	_	ContainsVariation=No	_	_	_	_	_	_
47-13	TO044	47	13	ambiente:,	ambiente	_	_	_	_	_	linguistic	_	ContainsVariation=No	Intonation=WeaklyRising	End=121.952	7x1	_	_	_
48-0	TO044	48	0	chiuso,	chiuso	_	_	_	_	_	linguistic	_	ContainsVariation=No	Intonation=WeaklyRising	Begin=122.474|End=123.125	_	_	_	_
49-0	TO055	49	0	mhmh,	mhmh	_	_	_	_	_	linguistic	_	ContainsVariation=No	Intonation=WeaklyRising	Begin=123.261|End=123.682	_	_	_	_
50-0	TO044	50	0	e::	e	_	_	_	_	_	linguistic	_	ContainsVariation=No	_	Begin=124.006	0x2	_	_	_
50-1	TO044	50	1	difficile	difficile	_	_	_	_	_	linguistic	_	ContainsVariation=No	_	_	_	_	_	_
50-2	TO044	50	2	da	da	_	_	_	_	_	linguistic	_	ContainsVariation=No	_	_	_	_	_	_
50-3	TO044	50	3	cui	cui	_	_	_	_	_	linguistic	_	ContainsVariation=No	_	_	_	_	_	_
50-4	TO044	50	4	en~	en~	_	_	_	_	_	linguistic	_	ContainsVariation=No	Interrupted=Yes	_	_	_	_	_
50-5	TO044	50	5	nem~	nem~	_	_	_	_	_	linguistic	_	ContainsVariation=No	Interrupted=Yes	_	_	_	_	_
50-6	TO044	50	6	entrarci	entrarci	_	_	_	_	_	linguistic	_	ContainsVariation=No	_	_	_	_	_	_
50-7	TO044	50	7	e	e	_	_	_	_	_	linguistic	_	ContainsVariation=No	_	_	_	_	_	_
50-8	TO044	50	8	tutto	tutto	_	_	_	_	_	linguistic	_	ContainsVariation=No	_	_	_	_	_	_
50-9	TO044	50	9	quindi:,	quindi	_	_	_	_	_	linguistic	_	ContainsVariation=No	Intonation=WeaklyRising	End=127.96	5x1	_	_	_
51-0	TO044	51	0	mi	mi	_	_	_	_	_	linguistic	_	ContainsVariation=No	_	Begin=128.511	_	_	_	_
51-1	TO044	51	1	accontenterei	accontenterei	_	_	_	_	_	linguistic	_	ContainsVariation=No	_	_	_	_	_	_
51-2	TO044	51	2	di	di	_	_	_	_	_	linguistic	_	ContainsVariation=No	_	_	_	_	_	_
51-3	TO044	51	3	qualsiasi	qualsiasi	_	_	_	_	_	linguistic	_	ContainsVariation=No	_	_	_	_	_	_
51-4	TO044	51	4	cosa	cosa	_	_	_	_	_	linguistic	_	ContainsVariation=No	_	_	_	_	_	_
51-5	TO044	51	5	appunto	appunto	_	_	_	_	_	linguistic	_	ContainsVariation=No	_	_	_	_	_	_
51-6	TO044	51	6	che	che	_	_	_	_	_	linguistic	_	ContainsVariation=No	_	_	_	_	_	_
51-7	TO044	51	7	concerna	concerna	_	_	_	_	_	linguistic	_	ContainsVariation=No	_	_	_	_	_	_
51-8	TO044	51	8	le	le	_	_	_	_	_	linguistic	_	ContainsVariation=No	_	_	_	_	_	_
51-9	TO044	51	9	lingue.	lingue	_	_	_	_	_	linguistic	_	ContainsVariation=No	Intonation=Falling	End=132.675	_	_	_	_
52-0	TO044	52	0	però:::	però	_	_	_	_	_	linguistic	_	ContainsVariation=No	_	Begin=133.965	3x3	_	_	_
52-1	TO044	52	1	però	però	_	_	_	_	_	linguistic	_	ContainsVariation=No	_	_	_	_	_	_
52-2	TO044	52	2	vorrei	vorrei	_	_	_	_	_	linguistic	_	ContainsVariation=No	_	_	_	_	_	_
52-3	TO044	52	3	fare	fare	_	_	_	_	_	linguistic	_	ContainsVariation=No	_	_	_	_	_	_
52-4	TO044	52	4	il	il	_	_	_	_	_	linguistic	_	ContainsVariation=No	_	_	_	_	_	_
52-5	TO044	52	5	traduttore	traduttore	_	_	_	_	_	linguistic	_	ContainsVariation=No	_	_	_	_	_	_
52-6	TO044	52	6	audiovisivo	audiovisivo	_	_	_	_	_	linguistic	_	ContainsVariation=No	_	_	_	_	_	_
52-7	TO044	52	7	se	se	_	_	_	_	_	linguistic	_	ContainsVariation=No	_	_	_	_	_	_
52-8	TO044	52	8	dovessi	dovessi	_	_	_	_	_	linguistic	_	ContainsVariation=No	_	_	_	_	_	_
52-9	TO044	52	9	e	e	_	_	_	_	_	linguistic	_	ContainsVariation=No	_	_	_	_	_	_
52-10	TO044	52	10	quindi	quindi	_	_	_	_	_	linguistic	_	ContainsVariation=No	_	_	_	_	_	_
52-11	TO044	52	11	vorrei	vorrei	_	_	_	_	_	linguistic	_	ContainsVariation=No	_	_	_	_	_	_
52-12	TO044	52	12	fare	fare	_	_	_	_	_	linguistic	_	ContainsVariation=No	_	_	_	_	_	_
52-13	TO044	52	13	un	un	_	_	_	_	_	linguistic	_	ContainsVariation=No	_	_	_	_	_	_
52-14	TO044	52	14	po'	po'	_	_	_	_	_	linguistic	_	ContainsVariation=No	_	_	_	_	_	_
52-15	TO044	52	15	di	di	_	_	_	_	_	linguistic	_	ContainsVariation=No	_	_	_	_	_	_
52-16	TO044	52	16	magis~	magis~	_	_	_	_	_	linguistic	_	ContainsVariation=No	Interrupted=Yes	_	_	_	_	_
52-17	TO044	52	17	cioè	cioè	_	_	_	_	_	linguistic	_	ContainsVariation=No	_	_	_	_	_	_
52-18	TO044	52	18	>un	un	_	_	_	_	_	linguistic	_	ContainsVariation=No	_	_	_	Fast=0-2(0)	_	_
52-19	TO044	52	19	po'	po'	_	_	_	_	_	linguistic	_	ContainsVariation=No	_	_	_	Fast=0-3(0)	_	_
52-20	TO044	52	20	di	di	_	_	_	_	_	linguistic	_	ContainsVariation=No	_	_	_	Fast=0-2(0)	_	_
52-21	TO044	52	21	magistrali<.	magistrali	_	_	_	_	_	linguistic	_	ContainsVariation=No	Intonation=Falling	End=141.228	_	Fast=0-10(0)	_	_
53-0	TO044	53	0	vorrei	vorrei	_	_	_	_	_	linguistic	_	ContainsVariation=No	_	Begin=141.422	_	_	_	_
53-1	TO044	53	1	fare	fare	_	_	_	_	_	linguistic	_	ContainsVariation=No	_	_	_	_	_	_
53-2	TO044	53	2	qualche	qualche	_	_	_	_	_	linguistic	_	ContainsVariation=No	_	_	_	_	_	_
53-3	TO044	53	3	cosa	cosa	_	_	_	_	_	linguistic	_	ContainsVariation=No	_	_	_	_	_	_
53-4	TO044	53	4	in	in	_	_	_	_	_	linguistic	_	ContainsVariation=No	_	_	_	_	_	_
53-5	TO044	53	5	spagna	spagna	_	_	_	_	_	linguistic	_	ContainsVariation=No	_	_	_	_	_	_
53-6	TO044	53	6	[relaz~]	relaz~	_	_	_	_	_	linguistic	_	ContainsVariation=No	Interrupted=Yes	_	_	_	_	0-6(8)
53-7	TO044	53	7	relazionato	relazionato	_	_	_	_	_	linguistic	_	ContainsVariation=No	_	_	_	_	_	_
53-8	TO044	53	8	con	con	_	_	_	_	_	linguistic	_	ContainsVariation=No	_	_	_	_	_	_
53-9	TO044	53	9	questo	questo	_	_	_	_	_	linguistic	_	ContainsVariation=No	_	_	_	_	_	_
53-10	TO044	53	10	in	in	_	_	_	_	_	linguistic	_	ContainsVariation=No	_	_	_	_	_	_
53-11	TO044	53	11	modo	modo	_	_	_	_	_	linguistic	_	ContainsVariation=No	_	_	_	_	_	_
53-12	TO044	53	12	tale	tale	_	_	_	_	_	linguistic	_	ContainsVariation=No	_	_	_	_	_	_
53-13	TO044	53	13	da,	da	_	_	_	_	_	linguistic	_	ContainsVariation=No	Intonation=WeaklyRising	End=145.909	_	_	_	_
54-0	TO055	54	0	[okay].	okay	_	_	_	_	_	linguistic	_	ContainsVariation=No	Intonation=Falling	Begin=143.183|End=143.645	_	_	_	0-4(8)
55-0	TO044	55	0	<potermi	potermi	_	_	_	_	_	linguistic	_	ContainsVariation=No	_	Begin=146.693	_	Slow=0-7(0)	_	_
55-1	TO044	55	1	impratichire	impratichire	_	_	_	_	_	linguistic	_	ContainsVariation=No	_	_	_	Slow=0-12(0)	_	_
55-2	TO044	55	2	farmi	farmi	_	_	_	_	_	linguistic	_	ContainsVariation=No	_	_	_	Slow=0-5(0)	_	_
55-3	TO044	55	3	un	un	_	_	_	_	_	linguistic	_	ContainsVariation=No	_	_	_	Slow=0-2(0)	_	_
55-4	TO044	55	4	po'	po'	_	_	_	_	_	linguistic	_	ContainsVariation=No	_	_	_	Slow=0-3(0)	_	_
55-5	TO044	55	5	un	un	_	_	_	_	_	linguistic	_	ContainsVariation=No	_	_	_	Slow=0-2(0)	_	_
55-6	TO044	55	6	curriculum>	curriculum	_	_	_	_	_	linguistic	_	ContainsVariation=No	_	_	_	Slow=0-10(0)	_	_
55-7	TO044	55	7	e	e	_	_	_	_	_	linguistic	_	ContainsVariation=No	_	_	_	_	_	_
55-8	TO044	55	8	poi	poi	_	_	_	_	_	linguistic	_	ContainsVariation=No	_	_	_	_	_	_
55-9	TO044	55	9	[°vedere	vedere	_	_	_	_	_	linguistic	_	ContainsVariation=No	Volume=low	_	_	_	_	0-6(9)
55-10	TO044	55	10	se,°]	se	_	_	_	_	_	linguistic	_	ContainsVariation=No	Intonation=WeaklyRising|Volume=low	End=150.573	_	_	_	0-2(9)
56-0	TO055	56	0	[e	e	_	_	_	_	_	linguistic	_	ContainsVariation=No	_	Begin=149.9	_	_	_	0-1(9)
56-1	TO055	56	1	vorresti]	vorresti	_	_	_	_	_	linguistic	_	ContainsVariation=No	_	_	_	_	_	0-8(9)
56-2	TO055	56	2	lavorare	lavorare	_	_	_	_	_	linguistic	_	ContainsVariation=No	_	_	_	_	_	_
56-3	TO055	56	3	all'	all'	_	_	_	_	_	linguistic	_	ContainsVariation=No	SpaceAfter=No	_	_	_	_	_
56-4	TO055	56	4	estero	estero	_	_	_	_	_	linguistic	_	ContainsVariation=No	_	_	_	_	_	_
56-5	TO055	56	5	o	o	_	_	_	_	_	linguistic	_	ContainsVariation=No	_	_	_	_	_	_
56-6	TO055	56	6	qua	qua	_	_	_	_	_	linguistic	_	ContainsVariation=No	_	_	_	_	_	_
56-7	TO055	56	7	in	in	_	_	_	_	_	linguistic	_	ContainsVariation=No	_	_	_	_	_	_
56-8	TO055	56	8	italia?	italia	_	_	_	_	_	linguistic	_	ContainsVariation=No	Intonation=Rising	End=152.409	_	_	_	_
57-0	TO044	57	0	e:::h	eh	_	_	_	_	_	linguistic	_	ContainsVariation=No	_	Begin=153.081	0x3	_	_	_
57-1	TO044	57	1	non	non	_	_	_	_	_	linguistic	_	ContainsVariation=No	_	_	_	_	_	_
57-2	TO044	57	2	so.	so	_	_	_	_	_	linguistic	_	ContainsVariation=No	Intonation=Falling	End=155.835	_	_	_	_
58-0	TO044	58	0	nel	nel	_	_	_	_	_	linguistic	_	ContainsVariation=No	_	Begin=155.972	_	_	_	_
58-1	TO044	58	1	s[enso	senso	_	_	_	_	_	linguistic	_	ContainsVariation=No	_	_	_	_	_	1-5(10)
58-2	TO044	58	2	che]:	che	_	_	_	_	_	linguistic	_	ContainsVariation=No	_	_	2x1	_	_	0-3(10)
58-3	TO044	58	3	se	se	_	_	_	_	_	linguistic	_	ContainsVariation=No	_	_	_	_	_	_
58-4	TO044	58	4	tu	tu	_	_	_	_	_	linguistic	_	ContainsVariation=No	_	_	_	_	_	_
58-5	TO044	58	5	ricevessi	ricevessi	_	_	_	_	_	linguistic	_	ContainsVariation=No	_	_	_	_	_	_
58-6	TO044	58	6	mai	mai	_	_	_	_	_	linguistic	_	ContainsVariation=No	_	_	_	_	_	_
58-7	TO044	58	7	una	una	_	_	_	_	_	linguistic	_	ContainsVariation=No	_	_	_	_	_	_
58-8	TO044	58	8	buona	buona	_	_	_	_	_	linguistic	_	ContainsVariation=No	_	_	_	_	_	_
58-9	TO044	58	9	offerta	offerta	_	_	_	_	_	linguistic	_	ContainsVariation=No	_	_	_	_	_	_
58-10	TO044	58	10	qua	qua	_	_	_	_	_	linguistic	_	ContainsVariation=No	_	_	_	_	_	_
58-11	TO044	58	11	in	in	_	_	_	_	_	linguistic	_	ContainsVariation=No	_	_	_	_	_	_
58-12	TO044	58	12	italia	italia	_	_	_	_	_	linguistic	_	ContainsVariation=No	_	_	_	_	_	_
58-13	TO044	58	13	tornerei	tornerei	_	_	_	_	_	linguistic	_	ContainsVariation=No	_	_	_	_	_	_
58-14	TO044	58	14	volentieri,	volentieri	_	_	_	_	_	linguistic	_	ContainsVariation=No	Intonation=WeaklyRising	End=160.714	_	_	_	_
59-0	TO055	59	0	[mhmh].	mhmh	_	_	_	_	_	linguistic	_	ContainsVariation=No	Intonation=Falling	Begin=156.325|End=156.841	_	_	_	0-4(10)
60-0	TO044	60	0	ma:	ma	_	_	_	_	_	linguistic	_	ContainsVariation=No	_	Begin=161.059	1x1	_	_	_
60-1	TO044	60	1	per	per	_	_	_	_	_	linguistic	_	ContainsVariation=No	_	_	_	_	_	_
60-2	TO044	60	2	ora	ora	_	_	_	_	_	linguistic	_	ContainsVariation=No	_	_	_	_	_	_
60-3	TO044	60	3	vorrei	vorrei	_	_	_	_	_	linguistic	_	ContainsVariation=No	_	_	_	_	_	_
60-4	TO044	60	4	stare	stare	_	_	_	_	_	linguistic	_	ContainsVariation=No	_	_	_	_	_	_
60-5	TO044	60	5	all'	all'	_	_	_	_	_	linguistic	_	ContainsVariation=No	SpaceAfter=No	_	_	_	_	_
60-6	TO044	60	6	estero	estero	_	_	_	_	_	linguistic	_	ContainsVariation=No	_	_	_	_	_	_
60-7	TO044	60	7	il	il	_	_	_	_	_	linguistic	_	ContainsVariation=No	_	_	_	_	_	_
60-8	TO044	60	8	più	più	_	_	_	_	_	linguistic	_	ContainsVariation=No	_	_	_	_	_	_
60-9	TO044	60	9	possibile	possibile	_	_	_	_	_	linguistic	_	ContainsVariation=No	_	_	_	_	_	_
60-10	TO044	60	10	perché,	perché	_	_	_	_	_	linguistic	_	ContainsVariation=No	Intonation=WeaklyRising	End=164.537	_	_	_	_
61-0	TO044	61	0	vorrei::,	vorrei	_	_	_	_	_	linguistic	_	ContainsVariation=No	Intonation=WeaklyRising	Begin=165.257|End=166.462	5x2	_	_	_
62-0	TO044	62	0	appunto	appunto	_	_	_	_	_	linguistic	_	ContainsVariation=No	_	Begin=166.97	_	_	_	_
62-1	TO044	62	1	fare	fare	_	_	_	_	_	linguistic	_	ContainsVariation=No	_	_	_	_	_	_
62-2	TO044	62	2	delle	delle	_	_	_	_	_	linguistic	_	ContainsVariation=No	_	_	_	_	_	_
62-3	TO044	62	3	esperienze	esperienze	_	_	_	_	_	linguistic	_	ContainsVariation=No	_	_	_	_	_	_
62-4	TO044	62	4	un	un	_	_	_	_	_	linguistic	_	ContainsVariation=No	_	_	_	_	_	_
62-5	TO044	62	5	po'	po'	_	_	_	_	_	linguistic	_	ContainsVariation=No	_	_	_	_	_	_
62-6	TO044	62	6	formative	formative	_	_	_	_	_	linguistic	_	ContainsVariation=No	_	_	_	_	_	_
62-7	TO044	62	7	interessanti	interessanti	_	_	_	_	_	linguistic	_	ContainsVariation=No	_	_	_	_	_	_
62-8	TO044	62	8	anche	anche	_	_	_	_	_	linguistic	_	ContainsVariation=No	_	_	_	_	_	_
62-9	TO044	62	9	al~	al~	_	_	_	_	_	linguistic	_	ContainsVariation=No	Interrupted=Yes	_	_	_	_	_
62-10	TO044	62	10	lontane	lontane	_	_	_	_	_	linguistic	_	ContainsVariation=No	_	_	_	_	_	_
62-11	TO044	62	11	dalla,	dalla	_	_	_	_	_	linguistic	_	ContainsVariation=No	Intonation=WeaklyRising	End=171.948	_	_	_	_
63-0	TO044	63	0	mia	mia	_	_	_	_	_	linguistic	_	ContainsVariation=No	_	Begin=172.285	_	_	_	_
63-1	TO044	63	1	casa	casa	_	_	_	_	_	linguistic	_	ContainsVariation=No	_	_	_	_	_	_
63-2	TO044	63	2	così	così	_	_	_	_	_	linguistic	_	ContainsVariation=No	_	_	_	_	_	_
63-3	TO044	63	3	sono	sono	_	_	_	_	_	linguistic	_	ContainsVariation=No	_	_	_	_	_	_
63-4	TO044	63	4	un	un	_	_	_	_	_	linguistic	_	ContainsVariation=No	_	_	_	_	_	_
63-5	TO044	63	5	po'	po'	_	_	_	_	_	linguistic	_	ContainsVariation=No	_	_	_	_	_	_
63-6	TO044	63	6	più	più	_	_	_	_	_	linguistic	_	ContainsVariation=No	_	_	_	_	_	_
63-7	TO044	63	7	stimolata:::	stimolata	_	_	_	_	_	linguistic	_	ContainsVariation=No	_	_	8x3	_	_	_
63-8	TO044	63	8	cresci	cresci	_	_	_	_	_	linguistic	_	ContainsVariation=No	_	_	_	_	_	_
63-9	TO044	63	9	indipendentemente	indipendentemente	_	_	_	_	_	linguistic	_	ContainsVariation=No	_	_	_	_	_	_
63-10	TO044	63	10	da	da	_	_	_	_	_	linguistic	_	ContainsVariation=No	_	_	_	_	_	_
63-11	TO044	63	11	tutto	tutto	_	_	_	_	_	linguistic	_	ContainsVariation=No	_	_	_	_	_	_
63-12	TO044	63	12	perché	perché	_	_	_	_	_	linguistic	_	ContainsVariation=No	_	_	_	_	_	_
63-13	TO044	63	13	diventi	diventi	_	_	_	_	_	linguistic	_	ContainsVariation=No	_	_	_	_	_	_
63-14	TO044	63	14	un	un	_	_	_	_	_	linguistic	_	ContainsVariation=No	_	_	_	_	_	_
63-15	TO044	63	15	po'	po'	_	_	_	_	_	linguistic	_	ContainsVariation=No	_	_	_	_	_	_
63-16	TO044	63	16	indipendente:,	indipendente	_	_	_	_	_	linguistic	_	ContainsVariation=No	Intonation=WeaklyRising	End=178.834	11x1	_	_	_
64-0	TO044	64	0	°quindi	quindi	_	_	_	_	_	linguistic	_	ContainsVariation=No	Volume=low	Begin=178.89	_	_	_	_
64-1	TO044	64	1	queste	queste	_	_	_	_	_	linguistic	_	ContainsVariation=No	Volume=low	_	_	_	_	_
64-2	TO044	64	2	[cose	cose	_	_	_	_	_	linguistic	_	ContainsVariation=No	Volume=low	_	_	_	_	0-4(11)
64-3	TO044	64	3	qua.°]	qua	_	_	_	_	_	linguistic	_	ContainsVariation=No	Intonation=Falling|Volume=low	End=180.335	_	_	_	0-3(11)
65-0	TO055	65	0	[beh	beh	_	_	_	_	_	linguistic	_	ContainsVariation=No	_	Begin=179.669	_	_	_	0-3(11)
65-1	TO055	65	1	con	con	_	_	_	_	_	linguistic	_	ContainsVariation=No	_	_	_	_	_	0-3(11)
65-2	TO055	65	2	l'	l'	_	_	_	_	_	linguistic	_	ContainsVariation=No	SpaceAfter=No	_	_	_	_	0-2(11)
65-3	TO055	65	3	]esperienza	esperienza	_	_	_	_	_	linguistic	_	ContainsVariation=No	_	_	_	_	_	_
65-4	TO055	65	4	di	di	_	_	_	_	_	linguistic	_	ContainsVariation=No	_	_	_	_	_	_
65-5	TO055	65	5	boston	boston	_	_	_	_	_	linguistic	_	ContainsVariation=No	_	_	_	_	_	_
65-6	TO055	65	6	credo	credo	_	_	_	_	_	linguistic	_	ContainsVariation=No	_	_	_	_	_	_
65-7	TO055	65	7	che:,	che	_	_	_	_	_	linguistic	_	ContainsVariation=No	Intonation=WeaklyRising	End=182.477	2x1	_	_	_
66-0	TO055	66	0	no?	no	_	_	_	_	_	linguistic	_	ContainsVariation=No	Intonation=Rising	Begin=182.697|End=183.052	_	_	_	_
67-0	TO044	67	0	sì.	sì	_	_	_	_	_	linguistic	_	ContainsVariation=No	Intonation=Falling	Begin=183.321|End=183.678	_	_	_	_
68-0	TO055	68	0	cioè	cioè	_	_	_	_	_	linguistic	_	ContainsVariation=No	_	Begin=183.776	_	_	_	_
68-1	TO055	68	1	ti	ti	_	_	_	_	_	linguistic	_	ContainsVariation=No	PauseAfter=Yes	_	_	_	_	_
68-2	TO055	68	2	(.)	(.)	_	_	_	_	_	shortpause	_	ContainsVariation=No	_	_	_	_	_	_
68-3	TO055	68	3	ti	ti	_	_	_	_	_	linguistic	_	ContainsVariation=No	_	_	_	_	_	_
68-4	TO055	68	4	sei	sei	_	_	_	_	_	linguistic	_	ContainsVariation=No	_	_	_	_	_	_
68-5	TO055	68	5	inde~	inde~	_	_	_	_	_	linguistic	_	ContainsVariation=No	Interrupted=Yes	_	_	_	_	_
68-6	TO055	68	6	<indipendentizzata::>	indipendentizzata	_	_	_	_	_	linguistic	_	ContainsVariation=No	_	End=187.706	16x2	Slow=0-17(0)	_	_
69-0	TO044	69	0	sì	sì	_	_	_	_	_	linguistic	_	ContainsVariation=No	_	Begin=188.602	_	_	_	_
69-1	TO044	69	1	parecchio	parecchio	_	_	_	_	_	linguistic	_	ContainsVariation=No	_	_	_	_	_	_
69-2	TO044	69	2	però	però	_	_	_	_	_	linguistic	_	ContainsVariation=No	_	_	_	_	_	_
69-3	TO044	69	3	appunto	appunto	_	_	_	_	_	linguistic	_	ContainsVariation=No	_	_	_	_	_	_
69-4	TO044	69	4	non	non	_	_	_	_	_	linguistic	_	ContainsVariation=No	_	_	_	_	_	_
69-5	TO044	69	5	è	è	_	_	_	_	_	linguistic	_	ContainsVariation=No	_	_	_	_	_	_
69-6	TO044	69	6	stato	stato	_	_	_	_	_	linguistic	_	ContainsVariation=No	_	_	_	_	_	_
69-7	TO044	69	7	abbastanza	abbastanza	_	_	_	_	_	linguistic	_	ContainsVariation=No	_	_	_	_	_	_
69-8	TO044	69	8	perché,	perché	_	_	_	_	_	linguistic	_	ContainsVariation=No	Intonation=WeaklyRising	End=191.66	_	_	_	_
70-0	TO044	70	0	all'	all'	_	_	_	_	_	linguistic	_	ContainsVariation=No	SpaceAfter=No	Begin=191.876	_	_	_	_
70-1	TO044	70	1	inizio,	inizio	_	_	_	_	_	linguistic	_	ContainsVariation=No	Intonation=WeaklyRising	End=192.596	_	_	_	_
71-0	TO044	71	0	all'	all'	_	_	_	_	_	linguistic	_	ContainsVariation=No	SpaceAfter=No	Begin=192.698	_	_	_	_
71-1	TO044	71	1	inizio	inizio	_	_	_	_	_	linguistic	_	ContainsVariation=No	_	_	_	_	_	_
71-2	TO044	71	2	la	la	_	_	_	_	_	linguistic	_	ContainsVariation=No	_	_	_	_	_	_
71-3	TO044	71	3	prima	prima	_	_	_	_	_	linguistic	_	ContainsVariation=No	_	_	_	_	_	_
71-4	TO044	71	4	settimana	settimana	_	_	_	_	_	linguistic	_	ContainsVariation=No	_	_	_	_	_	_
71-5	TO044	71	5	°ho	ho	_	_	_	_	_	linguistic	_	ContainsVariation=No	Volume=low	_	_	_	_	_
71-6	TO044	71	6	pianto	pianto	_	_	_	_	_	linguistic	_	ContainsVariation=No	Volume=low	_	_	_	_	_
71-7	TO044	71	7	tutto	tutto	_	_	_	_	_	linguistic	_	ContainsVariation=No	Volume=low	_	_	_	_	_
71-8	TO044	71	8	il	il	_	_	_	_	_	linguistic	_	ContainsVariation=No	Volume=low	_	_	_	_	_
71-9	TO044	71	9	tem[po.°]	tempo	_	_	_	_	_	linguistic	_	ContainsVariation=No	Intonation=Falling|Volume=low	End=195.566	_	_	_	2-5(12)
72-0	TO055	72	0	[s]sì:?	ssì	_	_	_	_	_	linguistic	_	ContainsVariation=No	Intonation=Rising	Begin=195.316|End=195.939	2x1	_	_	0-1(12)
73-0	TO044	73	0	perché	perché	_	_	_	_	_	linguistic	_	ContainsVariation=No	_	Begin=196.086	_	_	_	_
73-1	TO044	73	1	volevo	volevo	_	_	_	_	_	linguistic	_	ContainsVariation=No	_	_	_	_	_	_
73-2	TO044	73	2	tornare	tornare	_	_	_	_	_	linguistic	_	ContainsVariation=No	_	_	_	_	_	_
73-3	TO044	73	3	a	a	_	_	_	_	_	linguistic	_	ContainsVariation=No	_	_	_	_	_	_
73-4	TO044	73	4	casa.	casa	_	_	_	_	_	linguistic	_	ContainsVariation=No	Intonation=Falling	End=197.443	_	_	_	_
74-0	TO055	74	0	okay.	okay	_	_	_	_	_	linguistic	_	ContainsVariation=No	Intonation=Falling	Begin=197.599|End=198.124	_	_	_	_
75-0	TO044	75	0	ma::	ma	_	_	_	_	_	linguistic	_	ContainsVariation=No	ProsodicLink=Yes	Begin=198.283	1x2	_	_	_
75-1	TO044	75	1	m:h,	mh	_	_	_	_	_	linguistic	_	ContainsVariation=No	Intonation=WeaklyRising	End=199.82	0x1	_	_	_
76-0	TO044	76	0	ma	ma	_	_	_	_	_	linguistic	_	ContainsVariation=No	_	Begin=200.785	_	_	_	_
76-1	TO044	76	1	poi	poi	_	_	_	_	_	linguistic	_	ContainsVariation=No	_	_	_	_	_	_
76-2	TO044	76	2	è	è	_	_	_	_	_	linguistic	_	ContainsVariation=No	_	_	_	_	_	_
76-3	TO044	76	3	stato	stato	_	_	_	_	_	linguistic	_	ContainsVariation=No	_	_	_	_	_	_
76-4	TO044	76	4	figo	figo	_	_	_	_	_	linguistic	_	ContainsVariation=No	_	_	_	_	_	_
76-5	TO044	76	5	e	e	_	_	_	_	_	linguistic	_	ContainsVariation=No	_	_	_	_	_	_
76-6	TO044	76	6	quindi	quindi	_	_	_	_	_	linguistic	_	ContainsVariation=No	_	_	_	_	_	_
76-7	TO044	76	7	non	non	_	_	_	_	_	linguistic	_	ContainsVariation=No	_	_	_	_	_	_
76-8	TO044	76	8	non	non	_	_	_	_	_	linguistic	_	ContainsVariation=No	_	_	_	_	_	_
76-9	TO044	76	9	ci	ci	_	_	_	_	_	linguistic	_	ContainsVariation=No	_	_	_	_	_	_
76-10	TO044	76	10	pensavo	pensavo	_	_	_	_	_	linguistic	_	ContainsVariation=No	_	_	_	_	_	_
76-11	TO044	76	11	più	più	_	_	_	_	_	linguistic	_	ContainsVariation=No	_	_	_	_	_	_
76-12	TO044	76	12	perché	perché	_	_	_	_	_	linguistic	_	ContainsVariation=No	_	_	_	_	_	_
76-13	TO044	76	13	non	non	_	_	_	_	_	linguistic	_	ContainsVariation=No	_	_	_	_	_	_
76-14	TO044	76	14	ho	ho	_	_	_	_	_	linguistic	_	ContainsVariation=No	_	_	_	_	_	_
76-15	TO044	76	15	non	non	_	_	_	_	_	linguistic	_	ContainsVariation=No	_	_	_	_	_	_
76-16	TO044	76	16	solo,	solo	_	_	_	_	_	linguistic	_	ContainsVariation=No	Intonation=WeaklyRising	End=205.141	_	_	_	_
77-0	TO044	77	0	ho	ho	_	_	_	_	_	linguistic	_	ContainsVariation=No	_	Begin=205.23	_	_	_	_
77-1	TO044	77	1	imparato	imparato	_	_	_	_	_	linguistic	_	ContainsVariation=No	_	_	_	_	_	_
77-2	TO044	77	2	cose	cose	_	_	_	_	_	linguistic	_	ContainsVariation=No	_	_	_	_	_	_
77-3	TO044	77	3	appunto	appunto	_	_	_	_	_	linguistic	_	ContainsVariation=No	_	_	_	_	_	_
77-4	TO044	77	4	a	a	_	_	_	_	_	linguistic	_	ContainsVariation=No	_	_	_	_	_	_
77-5	TO044	77	5	livello	livello	_	_	_	_	_	linguistic	_	ContainsVariation=No	_	_	_	_	_	_
77-6	TO044	77	6	linguisti[co],	linguistico	_	_	_	_	_	linguistic	_	ContainsVariation=No	Intonation=WeaklyRising	End=208.44	_	_	_	9-11(13)
78-0	TO055	78	0	[m]h	mh	_	_	_	_	_	linguistic	_	ContainsVariation=No	ProsodicLink=Yes	Begin=208.323	_	_	_	0-1(13)
78-1	TO055	78	1	mh,	mh	_	_	_	_	_	linguistic	_	ContainsVariation=No	Intonation=WeaklyRising	End=208.704	_	_	_	_
79-0	TO044	79	0	ma	ma	_	_	_	_	_	linguistic	_	ContainsVariation=No	_	Begin=208.88	_	_	_	_
79-1	TO044	79	1	non	non	_	_	_	_	_	linguistic	_	ContainsVariation=No	_	_	_	_	_	_
79-2	TO044	79	2	ho	ho	_	_	_	_	_	linguistic	_	ContainsVariation=No	_	_	_	_	_	_
79-3	TO044	79	3	mai	mai	_	_	_	_	_	linguistic	_	ContainsVariation=No	_	_	_	_	_	_
79-4	TO044	79	4	avuto	avuto	_	_	_	_	_	linguistic	_	ContainsVariation=No	_	_	_	_	_	_
79-5	TO044	79	5	la	la	_	_	_	_	_	linguistic	_	ContainsVariation=No	_	_	_	_	_	_
79-6	TO044	79	6	possibilit~	possibilit~	_	_	_	_	_	linguistic	_	ContainsVariation=No	Interrupted=Yes	_	_	_	_	_
79-7	TO044	79	7	e	e	_	_	_	_	_	linguistic	_	ContainsVariation=No	_	_	_	_	_	_
79-8	TO044	79	8	tra	tra	_	_	_	_	_	linguistic	_	ContainsVariation=No	_	_	_	_	_	_
79-9	TO044	79	9	l'	l'	_	_	_	_	_	linguistic	_	ContainsVariation=No	SpaceAfter=No	_	_	_	_	_
79-10	TO044	79	10	altro	altro	_	_	_	_	_	linguistic	_	ContainsVariation=No	_	_	_	_	_	_
79-11	TO044	79	11	>non	non	_	_	_	_	_	linguistic	_	ContainsVariation=No	_	_	_	Fast=0-3(0)	_	_
79-12	TO044	79	12	ho	ho	_	_	_	_	_	linguistic	_	ContainsVariation=No	_	_	_	Fast=0-2(0)	_	_
79-13	TO044	79	13	mai	mai	_	_	_	_	_	linguistic	_	ContainsVariation=No	_	_	_	Fast=0-3(0)	_	_
79-14	TO044	79	14	avuto	avuto	_	_	_	_	_	linguistic	_	ContainsVariation=No	_	_	_	Fast=0-5(0)	_	_
79-15	TO044	79	15	la	la	_	_	_	_	_	linguistic	_	ContainsVariation=No	_	_	_	Fast=0-2(0)	_	_
79-16	TO044	79	16	possibilità	possibilità	_	_	_	_	_	linguistic	_	ContainsVariation=No	_	_	_	Fast=0-11(0)	_	_
79-17	TO044	79	17	di	di	_	_	_	_	_	linguistic	_	ContainsVariation=No	_	_	_	Fast=0-2(0)	_	_
79-18	TO044	79	18	parlare	parlare	_	_	_	_	_	linguistic	_	ContainsVariation=No	_	_	_	Fast=0-7(0)	_	_
79-19	TO044	79	19	italiano	italiano	_	_	_	_	_	linguistic	_	ContainsVariation=No	_	_	_	Fast=0-8(0)	_	_
79-20	TO044	79	20	quindi	quindi	_	_	_	_	_	linguistic	_	ContainsVariation=No	_	_	_	Fast=0-6(0)	_	_
79-21	TO044	79	21	ho	ho	_	_	_	_	_	linguistic	_	ContainsVariation=No	_	_	_	Fast=0-2(0)	_	_
79-22	TO044	79	22	parlato	parlato	_	_	_	_	_	linguistic	_	ContainsVariation=No	_	_	_	Fast=0-7(0)	_	_
79-23	TO044	79	23	solo	solo	_	_	_	_	_	linguistic	_	ContainsVariation=No	_	_	_	Fast=0-4(0)	_	_
79-24	TO044	79	24	spagnolo	spagnolo	_	_	_	_	_	linguistic	_	ContainsVariation=No	_	_	_	Fast=0-8(0)	_	_
79-25	TO044	79	25	solo	solo	_	_	_	_	_	linguistic	_	ContainsVariation=No	_	_	_	Fast=0-4(0)	_	_
79-26	TO044	79	26	inglese	inglese	_	_	_	_	_	linguistic	_	ContainsVariation=No	_	_	_	Fast=0-7(0)	_	_
79-27	TO044	79	27	è	è	_	_	_	_	_	linguistic	_	ContainsVariation=No	_	_	_	Fast=0-1(0)	_	_
79-28	TO044	79	28	stato	stato	_	_	_	_	_	linguistic	_	ContainsVariation=No	_	_	_	Fast=0-5(0)	_	_
79-29	TO044	79	29	stra-utile<.	stra-utile	_	_	_	_	_	linguistic	_	ContainsVariation=No	Intonation=Falling	End=215.66	_	Fast=0-10(0)	_	_
80-0	TO044	80	0	ma	ma	_	_	_	_	_	linguistic	_	ContainsVariation=No	_	Begin=216.839	_	_	_	_
80-1	TO044	80	1	poi	poi	_	_	_	_	_	linguistic	_	ContainsVariation=No	_	_	_	_	_	_
80-2	TO044	80	2	ho	ho	_	_	_	_	_	linguistic	_	ContainsVariation=No	_	_	_	_	_	_
80-3	TO044	80	3	conosciuto	conosciuto	_	_	_	_	_	linguistic	_	ContainsVariation=No	_	_	_	_	_	_
80-4	TO044	80	4	conosciuto	conosciuto	_	_	_	_	_	linguistic	_	ContainsVariation=No	_	_	_	_	_	_
80-5	TO044	80	5	delle	delle	_	_	_	_	_	linguistic	_	ContainsVariation=No	_	_	_	_	_	_
80-6	TO044	80	6	persone	persone	_	_	_	_	_	linguistic	_	ContainsVariation=No	_	_	_	_	_	_
80-7	TO044	80	7	super-simpatiche	super-simpatiche	_	_	_	_	_	linguistic	_	ContainsVariation=No	_	_	_	_	_	_
80-8	TO044	80	8	e::	e	_	_	_	_	_	linguistic	_	ContainsVariation=No	_	End=221.173	0x2	_	_	_
81-0	TO044	81	0	e::h	eh	_	_	_	_	_	linguistic	_	ContainsVariation=No	ProsodicLink=Yes	Begin=221.573	0x2	_	_	_
81-1	TO044	81	1	m:h	mh	_	_	_	_	_	linguistic	_	ContainsVariation=No	_	_	0x1	_	_	_
81-2	TO044	81	2	con	con	_	_	_	_	_	linguistic	_	ContainsVariation=No	_	_	_	_	_	_
81-3	TO044	81	3	cui	cui	_	_	_	_	_	linguistic	_	ContainsVariation=No	_	_	_	_	_	_
81-4	TO044	81	4	mi	mi	_	_	_	_	_	linguistic	_	ContainsVariation=No	_	_	_	_	_	_
81-5	TO044	81	5	sono	sono	_	_	_	_	_	linguistic	_	ContainsVariation=No	_	_	_	_	_	_
81-6	TO044	81	6	trovata	trovata	_	_	_	_	_	linguistic	_	ContainsVariation=No	_	_	_	_	_	_
81-7	TO044	81	7	bene:	bene	_	_	_	_	_	linguistic	_	ContainsVariation=No	_	_	3x1	_	_	_
81-8	TO044	81	8	che	che	_	_	_	_	_	linguistic	_	ContainsVariation=No	_	_	_	_	_	_
81-9	TO044	81	9	non	non	_	_	_	_	_	linguistic	_	ContainsVariation=No	_	_	_	_	_	_
81-10	TO044	81	10	vedono	vedono	_	_	_	_	_	linguistic	_	ContainsVariation=No	_	_	_	_	_	_
81-11	TO044	81	11	subito	subito	_	_	_	_	_	linguistic	_	ContainsVariation=No	_	_	_	_	_	_
81-12	TO044	81	12	i	i	_	_	_	_	_	linguistic	_	ContainsVariation=No	_	_	_	_	_	_
81-13	TO044	81	13	tuoi	tuoi	_	_	_	_	_	linguistic	_	ContainsVariation=No	_	_	_	_	_	_
81-14	TO044	81	14	difetti	difetti	_	_	_	_	_	linguistic	_	ContainsVariation=No	_	_	_	_	_	_
81-15	TO044	81	15	né	né	_	_	_	_	_	linguistic	_	ContainsVariation=No	_	_	_	_	_	_
81-16	TO044	81	16	ti	ti	_	_	_	_	_	linguistic	_	ContainsVariation=No	_	_	_	_	_	_
81-17	TO044	81	17	giudicano	giudicano	_	_	_	_	_	linguistic	_	ContainsVariation=No	_	_	_	_	_	_
81-18	TO044	81	18	im[mediatamente]	immediatamente	_	_	_	_	_	linguistic	_	ContainsVariation=No	_	_	_	_	_	2-14(14)
81-19	TO044	81	19	perché	perché	_	_	_	_	_	linguistic	_	ContainsVariation=No	_	_	_	_	_	_
81-20	TO044	81	20	tu	tu	_	_	_	_	_	linguistic	_	ContainsVariation=No	_	_	_	_	_	_
81-21	TO044	81	21	ti	ti	_	_	_	_	_	linguistic	_	ContainsVariation=No	_	_	_	_	_	_
81-22	TO044	81	22	puoi	puoi	_	_	_	_	_	linguistic	_	ContainsVariation=No	_	_	_	_	_	_
81-23	TO044	81	23	mostrare	mostrare	_	_	_	_	_	linguistic	_	ContainsVariation=No	_	_	_	_	_	_
81-24	TO044	81	24	come	come	_	_	_	_	_	linguistic	_	ContainsVariation=No	_	_	_	_	_	_
81-25	TO044	81	25	sei	sei	_	_	_	_	_	linguistic	_	ContainsVariation=No	_	_	_	_	_	_
81-26	TO044	81	26	quindi,	quindi	_	_	_	_	_	linguistic	_	ContainsVariation=No	Intonation=WeaklyRising	End=229.714	_	_	_	_
82-0	TO055	82	0	[mhmh],	mhmh	_	_	_	_	_	linguistic	_	ContainsVariation=No	Intonation=WeaklyRising	Begin=227.01|End=227.642	_	_	_	0-4(14)
83-0	TO044	83	0	è	è	_	_	_	_	_	linguistic	_	ContainsVariation=No	_	Begin=230.051	_	_	_	_
83-1	TO044	83	1	figo	figo	_	_	_	_	_	linguistic	_	ContainsVariation=No	_	_	_	_	_	_
83-2	TO044	83	2	perché	perché	_	_	_	_	_	linguistic	_	ContainsVariation=No	_	_	_	_	_	_
83-3	TO044	83	3	è	è	_	_	_	_	_	linguistic	_	ContainsVariation=No	_	_	_	_	_	_
83-4	TO044	83	4	come	come	_	_	_	_	_	linguistic	_	ContainsVariation=No	_	_	_	_	_	_
83-5	TO044	83	5	se	se	_	_	_	_	_	linguistic	_	ContainsVariation=No	_	_	_	_	_	_
83-6	TO044	83	6	fai	fai	_	_	_	_	_	linguistic	_	ContainsVariation=No	_	_	_	_	_	_
83-7	TO044	83	7	facessi	facessi	_	_	_	_	_	linguistic	_	ContainsVariation=No	_	_	_	_	_	_
83-8	TO044	83	8	amicizia	amicizia	_	_	_	_	_	linguistic	_	ContainsVariation=No	_	_	_	_	_	_
83-9	TO044	83	9	all'	all'	_	_	_	_	_	linguistic	_	ContainsVariation=No	SpaceAfter=No	_	_	_	_	_
83-10	TO044	83	10	asilo	asilo	_	_	_	_	_	linguistic	_	ContainsVariation=No	_	_	_	_	_	_
83-11	TO044	83	11	n[on	non	_	_	_	_	_	linguistic	_	ContainsVariation=No	_	_	_	_	_	0-3(15)
83-12	TO044	83	12	saprei]	saprei	_	_	_	_	_	linguistic	_	ContainsVariation=No	_	_	_	_	_	0-6(15)
83-13	TO044	83	13	dire.	dire	_	_	_	_	_	linguistic	_	ContainsVariation=No	Intonation=Falling	End=234.316	_	_	_	_
84-0	TO055	84	0	[sì].	sì	_	_	_	_	_	linguistic	_	ContainsVariation=No	Intonation=Falling	Begin=233.459|End=233.989	_	_	_	0-2(15)
85-0	TO044	85	0	cioè	cioè	_	_	_	_	_	linguistic	_	ContainsVariation=No	_	Begin=234.489	_	_	_	_
85-1	TO044	85	1	da	da	_	_	_	_	_	linguistic	_	ContainsVariation=No	_	_	_	_	_	_
85-2	TO044	85	2	[zero].	zero	_	_	_	_	_	linguistic	_	ContainsVariation=No	Intonation=Falling	End=235.423	_	_	_	0-4(16)
86-0	TO055	86	0	[sì	sì	_	_	_	_	_	linguistic	_	ContainsVariation=No	_	Begin=235.017	_	_	_	0-2(16)
86-1	TO055	86	1	sì]	sì	_	_	_	_	_	linguistic	_	ContainsVariation=No	_	_	_	_	_	0-2(16)
86-2	TO055	86	2	sì	sì	_	_	_	_	_	linguistic	_	ContainsVariation=No	_	_	_	_	_	_
86-3	TO055	86	3	è	è	_	_	_	_	_	linguistic	_	ContainsVariation=No	_	_	_	_	_	_
86-4	TO055	86	4	vero.	vero	_	_	_	_	_	linguistic	_	ContainsVariation=No	Intonation=Falling	End=236.153	_	_	_	_
87-0	TO044	87	0	fighissimo.	fighissimo	_	_	_	_	_	linguistic	_	ContainsVariation=No	Intonation=Falling	Begin=236.18|End=236.852	_	_	_	_
88-0	TO055	88	0	[e::h],	eh	_	_	_	_	_	linguistic	_	ContainsVariation=No	Intonation=WeaklyRising	Begin=237.363|End=237.987	0x2	_	_	0-2(17)
89-0	TO044	89	0	[e:h	eh	_	_	_	_	_	linguistic	_	ContainsVariation=No	ProsodicLink=Yes	Begin=237.363	0x1	_	_	0-2(17)
89-1	TO044	89	1	m]:h	mh	_	_	_	_	_	linguistic	_	ContainsVariation=No	_	_	0x1	_	_	0-1(17)
89-2	TO044	89	2	e	e	_	_	_	_	_	linguistic	_	ContainsVariation=No	_	_	_	_	_	_
89-3	TO044	89	3	quindi	quindi	_	_	_	_	_	linguistic	_	ContainsVariation=No	_	_	_	_	_	_
89-4	TO044	89	4	spero	spero	_	_	_	_	_	linguistic	_	ContainsVariation=No	_	_	_	_	_	_
89-5	TO044	89	5	di	di	_	_	_	_	_	linguistic	_	ContainsVariation=No	_	_	_	_	_	_
89-6	TO044	89	6	vorrei	vorrei	_	_	_	_	_	linguistic	_	ContainsVariation=No	_	_	_	_	_	_
89-7	TO044	89	7	anche	anche	_	_	_	_	_	linguistic	_	ContainsVariation=No	_	_	_	_	_	_
89-8	TO044	89	8	andare	andare	_	_	_	_	_	linguistic	_	ContainsVariation=No	_	_	_	_	_	_
89-9	TO044	89	9	in	in	_	_	_	_	_	linguistic	_	ContainsVariation=No	_	_	_	_	_	_
89-10	TO044	89	10	spagna	spagna	_	_	_	_	_	linguistic	_	ContainsVariation=No	_	_	_	_	_	_
89-11	TO044	89	11	perc[hé	perché	_	_	_	_	_	linguistic	_	ContainsVariation=No	_	_	_	_	_	4-6(18)
89-12	TO044	89	12	la	la	_	_	_	_	_	linguistic	_	ContainsVariation=No	_	_	_	_	_	0-2(18)
89-13	TO044	89	13	ma]ggior	maggior	_	_	_	_	_	linguistic	_	ContainsVariation=No	_	_	_	_	_	0-2(18)
89-14	TO044	89	14	parte	parte	_	_	_	_	_	linguistic	_	ContainsVariation=No	_	_	_	_	_	_
89-15	TO044	89	15	delle	delle	_	_	_	_	_	linguistic	_	ContainsVariation=No	_	_	_	_	_	_
89-16	TO044	89	16	persone	persone	_	_	_	_	_	linguistic	_	ContainsVariation=No	_	_	_	_	_	_
89-17	TO044	89	17	che	che	_	_	_	_	_	linguistic	_	ContainsVariation=No	_	_	_	_	_	_
89-18	TO044	89	18	ho	ho	_	_	_	_	_	linguistic	_	ContainsVariation=No	_	_	_	_	_	_
89-19	TO044	89	19	conosciuto,	conosciuto	_	_	_	_	_	linguistic	_	ContainsVariation=No	Intonation=WeaklyRising	End=243.376	_	_	_	_
90-0	TO055	90	0	[okay].	okay	_	_	_	_	_	linguistic	_	ContainsVariation=No	Intonation=Falling	Begin=240.971|End=241.471	_	_	_	0-4(18)
91-0	TO044	91	0	e:h	eh	_	_	_	_	_	linguistic	_	ContainsVariation=No	ProsodicLink=Yes	Begin=244.389	0x1	_	_	_
91-1	TO044	91	1	m:h	mh	_	_	_	_	_	linguistic	_	ContainsVariation=No	_	_	0x1	_	_	_
91-2	TO044	91	2	è	è	_	_	_	_	_	linguistic	_	ContainsVariation=No	_	_	_	_	_	_
91-3	TO044	91	3	spagnola	spagnola	_	_	_	_	_	linguistic	_	ContainsVariation=No	_	_	_	_	_	_
91-4	TO044	91	4	e:	e	_	_	_	_	_	linguistic	_	ContainsVariation=No	_	_	0x1	_	_	_
91-5	TO044	91	5	considerando	considerando	_	_	_	_	_	linguistic	_	ContainsVariation=No	_	_	_	_	_	_
91-6	TO044	91	6	che	che	_	_	_	_	_	linguistic	_	ContainsVariation=No	_	_	_	_	_	_
91-7	TO044	91	7	so	so	_	_	_	_	_	linguistic	_	ContainsVariation=No	_	_	_	_	_	_
91-8	TO044	91	8	la	la	_	_	_	_	_	linguistic	_	ContainsVariation=No	_	_	_	_	_	_
91-9	TO044	91	9	lingua	lingua	_	_	_	_	_	linguistic	_	ContainsVariation=No	_	_	_	_	_	_
91-10	TO044	91	10	e	e	_	_	_	_	_	linguistic	_	ContainsVariation=No	_	_	_	_	_	_
91-11	TO044	91	11	considerando	considerando	_	_	_	_	_	linguistic	_	ContainsVariation=No	_	_	_	_	_	_
91-12	TO044	91	12	che	che	_	_	_	_	_	linguistic	_	ContainsVariation=No	_	_	_	_	_	_
91-13	TO044	91	13	avrei	avrei	_	_	_	_	_	linguistic	_	ContainsVariation=No	_	_	_	_	_	_
91-14	TO044	91	14	degli	degli	_	_	_	_	_	linguistic	_	ContainsVariation=No	_	_	_	_	_	_
91-15	TO044	91	15	appoggi	appoggi	_	_	_	_	_	linguistic	_	ContainsVariation=No	_	_	_	_	_	_
91-16	TO044	91	16	sarebbe	sarebbe	_	_	_	_	_	linguistic	_	ContainsVariation=No	_	_	_	_	_	_
91-17	TO044	91	17	figo	figo	_	_	_	_	_	linguistic	_	ContainsVariation=No	_	_	_	_	_	_
91-18	TO044	91	18	andare	andare	_	_	_	_	_	linguistic	_	ContainsVariation=No	_	_	_	_	_	_
91-19	TO044	91	19	a	a	_	_	_	_	_	linguistic	_	ContainsVariation=No	_	_	_	_	_	_
91-20	TO044	91	20	madrid	madrid	_	_	_	_	_	linguistic	_	ContainsVariation=No	_	_	_	_	_	_
91-21	TO044	91	21	perché	perché	_	_	_	_	_	linguistic	_	ContainsVariation=No	_	_	_	_	_	_
91-22	TO044	91	22	in	in	_	_	_	_	_	linguistic	_	ContainsVariation=No	_	_	_	_	_	_
91-23	TO044	91	23	questo	questo	_	_	_	_	_	linguistic	_	ContainsVariation=No	_	_	_	_	_	_
91-24	TO044	91	24	modo	modo	_	_	_	_	_	linguistic	_	ContainsVariation=No	_	_	_	_	_	_
91-25	TO044	91	25	non	non	_	_	_	_	_	linguistic	_	ContainsVariation=No	_	_	_	_	_	_
91-26	TO044	91	26	sarei	sarei	_	_	_	_	_	linguistic	_	ContainsVariation=No	_	_	_	_	_	_
91-27	TO044	91	27	totalmente	totalmente	_	_	_	_	_	linguistic	_	ContainsVariation=No	_	_	_	_	_	_
91-28	TO044	91	28	sola.	sola	_	_	_	_	_	linguistic	_	ContainsVariation=No	Intonation=Falling	End=253.474	_	_	_	_
92-0	TO055	92	0	s[ì].	sì	_	_	_	_	_	linguistic	_	ContainsVariation=No	Intonation=Falling	Begin=253.813|End=254.234	_	_	_	1-2(19)
93-0	TO044	93	0	[ci]oè,	cioè	_	_	_	_	_	linguistic	_	ContainsVariation=No	Intonation=WeaklyRising	Begin=253.979|End=254.358	_	_	_	0-2(19)
94-0	TO044	94	0	indipendente	indipendente	_	_	_	_	_	linguistic	_	ContainsVariation=No	_	Begin=254.754	_	_	_	_
94-1	TO044	94	1	>con	con	_	_	_	_	_	linguistic	_	ContainsVariation=No	_	_	_	Fast=0-3(0)	_	_
94-2	TO044	94	2	la	la	_	_	_	_	_	linguistic	_	ContainsVariation=No	_	_	_	Fast=0-2(0)	_	_
94-3	TO044	94	3	mia	mia	_	_	_	_	_	linguistic	_	ContainsVariation=No	_	_	_	Fast=0-3(0)	_	_
94-4	TO044	94	4	propria	propria	_	_	_	_	_	linguistic	_	ContainsVariation=No	_	_	_	Fast=0-7(0)	_	_
94-5	TO044	94	5	vita	vita	_	_	_	_	_	linguistic	_	ContainsVariation=No	_	_	_	Fast=0-4(0)	_	_
94-6	TO044	94	6	con	con	_	_	_	_	_	linguistic	_	ContainsVariation=No	_	_	_	Fast=0-3(0)	_	_
94-7	TO044	94	7	la	la	_	_	_	_	_	linguistic	_	ContainsVariation=No	_	_	_	Fast=0-2(0)	_	_
94-8	TO044	94	8	mia	mia	_	_	_	_	_	linguistic	_	ContainsVariation=No	_	_	_	Fast=0-3(0)	_	_
94-9	TO044	94	9	propria	propria	_	_	_	_	_	linguistic	_	ContainsVariation=No	_	_	_	Fast=0-7(0)	_	_
94-10	TO044	94	10	routine	routine	_	_	_	_	_	linguistic	_	ContainsVariation=No	_	_	_	Fast=0-7(0)	_	_
94-11	TO044	94	11	ma	ma	_	_	_	_	_	linguistic	_	ContainsVariation=No	_	_	_	Fast=0-2(0)	_	_
94-12	TO044	94	12	con	con	_	_	_	_	_	linguistic	_	ContainsVariation=No	_	_	_	Fast=0-3(0)	_	_
94-13	TO044	94	13	comunque	comunque	_	_	_	_	_	linguistic	_	ContainsVariation=No	_	_	_	Fast=0-8(0)	_	_
94-14	TO044	94	14	delle	delle	_	_	_	_	_	linguistic	_	ContainsVariation=No	_	_	_	Fast=0-5(0)	_	_
94-15	TO044	94	15	persone	persone	_	_	_	_	_	linguistic	_	ContainsVariation=No	_	_	_	Fast=0-7(0)	_	_
94-16	TO044	94	16	che<	che	_	_	_	_	_	linguistic	_	ContainsVariation=No	_	_	_	Fast=0-3(0)	_	_
94-17	TO044	94	17	ho	ho	_	_	_	_	_	linguistic	_	ContainsVariation=No	_	_	_	_	_	_
94-18	TO044	94	18	conosciuto	conosciuto	_	_	_	_	_	linguistic	_	ContainsVariation=No	_	_	_	_	_	_
94-19	TO044	94	19	e:	e	_	_	_	_	_	linguistic	_	ContainsVariation=No	_	_	0x1	_	_	_
94-20	TO044	94	20	con	con	_	_	_	_	_	linguistic	_	ContainsVariation=No	_	_	_	_	_	_
94-21	TO044	94	21	cui	cui	_	_	_	_	_	linguistic	_	ContainsVariation=No	_	_	_	_	_	_
94-22	TO044	94	22	mi	mi	_	_	_	_	_	linguistic	_	ContainsVariation=No	_	_	_	_	_	_
94-23	TO044	94	23	son	son	_	_	_	_	_	linguistic	_	ContainsVariation=No	_	_	_	_	_	_
94-24	TO044	94	24	trovata	trovata	_	_	_	_	_	linguistic	_	ContainsVariation=No	_	_	_	_	_	_
94-25	TO044	94	25	e:,	e	_	_	_	_	_	linguistic	_	ContainsVariation=No	Intonation=WeaklyRising	End=262.123	0x1	_	_	_
95-0	TO055	95	0	sì.	sì	_	_	_	_	_	linguistic	_	ContainsVariation=No	Intonation=Falling	Begin=262.523|End=262.903	_	_	_	_
96-0	TO055	96	0	certo.	certo	_	_	_	_	_	linguistic	_	ContainsVariation=No	Intonation=Falling	Begin=263.139|End=263.858	_	_	_	_
97-0	TO055	97	0	e	e	_	_	_	_	_	linguistic	_	ContainsVariation=No	_	Begin=264.904	_	_	_	_
97-1	TO055	97	1	sei	sei	_	_	_	_	_	linguistic	_	ContainsVariation=No	_	_	_	_	_	_
97-2	TO055	97	2	partita	partita	_	_	_	_	_	linguistic	_	ContainsVariation=No	_	_	_	_	_	_
97-3	TO055	97	3	quando	quando	_	_	_	_	_	linguistic	_	ContainsVariation=No	_	_	_	_	_	_
97-4	TO055	97	4	te?	te	_	_	_	_	_	linguistic	_	ContainsVariation=No	Intonation=Rising	End=266.393	_	_	_	_
98-0	TO044	98	0	e:h	eh	_	_	_	_	_	linguistic	_	ContainsVariation=No	_	Begin=266.393	0x1	_	_	_
98-1	TO044	98	1	son	son	_	_	_	_	_	linguistic	_	ContainsVariation=No	_	_	_	_	_	_
98-2	TO044	98	2	partita:,	partita	_	_	_	_	_	linguistic	_	ContainsVariation=No	Intonation=WeaklyRising	End=268.373	6x1	_	_	_
99-0	TO044	99	0	a	a	_	_	_	_	_	linguistic	_	ContainsVariation=No	_	Begin=268.596	_	_	_	_
99-1	TO044	99	1	gennaio	gennaio	_	_	_	_	_	linguistic	_	ContainsVariation=No	ProsodicLink=Yes	_	_	_	_	_
99-2	TO044	99	2	il	il	_	_	_	_	_	linguistic	_	ContainsVariation=No	_	_	_	_	_	_
99-3	TO044	99	3	quattordici	quattordici	_	_	_	_	_	linguistic	_	ContainsVariation=No	_	_	_	_	_	_
99-4	TO044	99	4	gen[naio].	gennaio	_	_	_	_	_	linguistic	_	ContainsVariation=No	Intonation=Falling	End=271.16	_	_	_	3-7(20)
100-0	TO055	100	0	[okay].	okay	_	_	_	_	_	linguistic	_	ContainsVariation=No	Intonation=Falling	Begin=270.595|End=271.16	_	_	_	0-4(20)
101-0	TO044	101	0	e	e	_	_	_	_	_	linguistic	_	ContainsVariation=No	_	Begin=271.389	_	_	_	_
101-1	TO044	101	1	son	son	_	_	_	_	_	linguistic	_	ContainsVariation=No	_	_	_	_	_	_
101-2	TO044	101	2	stata	stata	_	_	_	_	_	linguistic	_	ContainsVariation=No	_	_	_	_	_	_
101-3	TO044	101	3	quindi	quindi	_	_	_	_	_	linguistic	_	ContainsVariation=No	_	_	_	_	_	_
101-4	TO044	101	4	sei	sei	_	_	_	_	_	linguistic	_	ContainsVariation=No	_	_	_	_	_	_
101-5	TO044	101	5	settimane,	settimane	_	_	_	_	_	linguistic	_	ContainsVariation=No	Intonation=WeaklyRising	End=273.53	_	_	_	_
102-0	TO044	102	0	e	e	_	_	_	_	_	linguistic	_	ContainsVariation=No	_	Begin=274.031	_	_	_	_
102-1	TO044	102	1	poi::	poi	_	_	_	_	_	linguistic	_	ContainsVariation=No	_	_	2x2	_	_	_
102-2	TO044	102	2	e	e	_	_	_	_	_	linguistic	_	ContainsVariation=No	_	_	_	_	_	_
102-3	TO044	102	3	poi	poi	_	_	_	_	_	linguistic	_	ContainsVariation=No	_	_	_	_	_	_
102-4	TO044	102	4	son	son	_	_	_	_	_	linguistic	_	ContainsVariation=No	_	_	_	_	_	_
102-5	TO044	102	5	tornata	tornata	_	_	_	_	_	linguistic	_	ContainsVariation=No	_	_	_	_	_	_
102-6	TO044	102	6	un	un	_	_	_	_	_	linguistic	_	ContainsVariation=No	_	_	_	_	_	_
102-7	TO044	102	7	mese	mese	_	_	_	_	_	linguistic	_	ContainsVariation=No	_	_	_	_	_	_
102-8	TO044	102	8	tutto	tutto	_	_	_	_	_	linguistic	_	ContainsVariation=No	_	_	_	_	_	_
102-9	TO044	102	9	marzo	marzo	_	_	_	_	_	linguistic	_	ContainsVariation=No	_	_	_	_	_	_
102-10	TO044	102	10	e	e	_	_	_	_	_	linguistic	_	ContainsVariation=No	_	_	_	_	_	_
102-11	TO044	102	11	poi	poi	_	_	_	_	_	linguistic	_	ContainsVariation=No	_	_	_	_	_	_
102-12	TO044	102	12	son	son	_	_	_	_	_	linguistic	_	ContainsVariation=No	_	_	_	_	_	_
102-13	TO044	102	13	partita	partita	_	_	_	_	_	linguistic	_	ContainsVariation=No	_	_	_	_	_	_
102-14	TO044	102	14	il	il	_	_	_	_	_	linguistic	_	ContainsVariation=No	_	_	_	_	_	_
102-15	TO044	102	15	primo	primo	_	_	_	_	_	linguistic	_	ContainsVariation=No	_	_	_	_	_	_
102-16	TO044	102	16	aprile	aprile	_	_	_	_	_	linguistic	_	ContainsVariation=No	_	_	_	_	_	_
102-17	TO044	102	17	son	son	_	_	_	_	_	linguistic	_	ContainsVariation=No	_	_	_	_	_	_
102-18	TO044	102	18	tornata,	tornata	_	_	_	_	_	linguistic	_	ContainsVariation=No	Intonation=WeaklyRising	End=280.223	_	_	_	_
103-0	TO044	103	0	un	un	_	_	_	_	_	linguistic	_	ContainsVariation=No	_	Begin=280.622	_	_	_	_
103-1	TO044	103	1	mesetto	mesetto	_	_	_	_	_	linguistic	_	ContainsVariation=No	_	_	_	_	_	_
103-2	TO044	103	2	fa.	fa	_	_	_	_	_	linguistic	_	ContainsVariation=No	Intonation=Falling	End=281.722	_	_	_	_
104-0	TO055	104	0	e	e	_	_	_	_	_	linguistic	_	ContainsVariation=No	_	Begin=281.991	_	_	_	_
104-1	TO055	104	1	con	con	_	_	_	_	_	linguistic	_	ContainsVariation=No	_	_	_	_	_	_
104-2	TO055	104	2	chi	chi	_	_	_	_	_	linguistic	_	ContainsVariation=No	_	_	_	_	_	_
104-3	TO055	104	3	sei	sei	_	_	_	_	_	linguistic	_	ContainsVariation=No	_	_	_	_	_	_
104-4	TO055	104	4	andata	andata	_	_	_	_	_	linguistic	_	ContainsVariation=No	_	_	_	_	_	_
104-5	TO055	104	5	a	a	_	_	_	_	_	linguistic	_	ContainsVariation=No	_	_	_	_	_	_
104-6	TO055	104	6	vivere?	vivere	_	_	_	_	_	linguistic	_	ContainsVariation=No	Intonation=Rising	End=283.148	_	_	_	_
105-0	TO044	105	0	m::h	mh	_	_	_	_	_	linguistic	_	ContainsVariation=No	_	Begin=283.383	0x2	_	_	_
105-1	TO044	105	1	<il	il	_	_	_	_	_	linguistic	_	ContainsVariation=No	_	_	_	Slow=0-2(0)	_	_
105-2	TO044	105	2	primo>	primo	_	_	_	_	_	linguistic	_	ContainsVariation=No	PauseAfter=Yes	_	_	Slow=0-5(0)	_	_
105-3	TO044	105	3	(.)	(.)	_	_	_	_	_	shortpause	_	ContainsVariation=No	_	_	_	_	_	_
105-4	TO044	105	4	eh	eh	_	_	_	_	_	linguistic	_	ContainsVariation=No	_	_	_	_	_	_
105-5	TO044	105	5	il	il	_	_	_	_	_	linguistic	_	ContainsVariation=No	_	_	_	_	_	_
105-6	TO044	105	6	prima	prima	_	_	_	_	_	linguistic	_	ContainsVariation=No	_	_	_	_	_	_
105-7	TO044	105	7	cosa	cosa	_	_	_	_	_	linguistic	_	ContainsVariation=No	_	_	_	_	_	_
105-8	TO044	105	8	è	è	_	_	_	_	_	linguistic	_	ContainsVariation=No	_	_	_	_	_	_
105-9	TO044	105	9	stata	stata	_	_	_	_	_	linguistic	_	ContainsVariation=No	_	_	_	_	_	_
105-10	TO044	105	10	un	un	_	_	_	_	_	linguistic	_	ContainsVariation=No	_	_	_	_	_	_
105-11	TO044	105	11	po'	po'	_	_	_	_	_	linguistic	_	ContainsVariation=No	_	_	_	_	_	_
105-12	TO044	105	12	imbarazzante	imbarazzante	_	_	_	_	_	linguistic	_	ContainsVariation=No	_	_	_	_	_	_
105-13	TO044	105	13	perché	perché	_	_	_	_	_	linguistic	_	ContainsVariation=No	_	_	_	_	_	_
105-14	TO044	105	14	sono	sono	_	_	_	_	_	linguistic	_	ContainsVariation=No	_	_	_	_	_	_
105-15	TO044	105	15	entrata	entrata	_	_	_	_	_	linguistic	_	ContainsVariation=No	_	_	_	_	_	_
105-16	TO044	105	16	nella	nella	_	_	_	_	_	linguistic	_	ContainsVariation=No	_	_	_	_	_	_
105-17	TO044	105	17	mia	mia	_	_	_	_	_	linguistic	_	ContainsVariation=No	_	_	_	_	_	_
105-18	TO044	105	18	stanza	stanza	_	_	_	_	_	linguistic	_	ContainsVariation=No	_	_	_	_	_	_
105-19	TO044	105	19	e	e	_	_	_	_	_	linguistic	_	ContainsVariation=No	_	_	_	_	_	_
105-20	TO044	105	20	c'	c'	_	_	_	_	_	linguistic	_	ContainsVariation=No	SpaceAfter=No	_	_	_	_	_
105-21	TO044	105	21	era	era	_	_	_	_	_	linguistic	_	ContainsVariation=No	_	_	_	_	_	_
105-22	TO044	105	22	una	una	_	_	_	_	_	linguistic	_	ContainsVariation=No	_	_	_	_	_	_
105-23	TO044	105	23	ragazza	ragazza	_	_	_	_	_	linguistic	_	ContainsVariation=No	_	_	_	_	_	_
105-24	TO044	105	24	russa	russa	_	_	_	_	_	linguistic	_	ContainsVariation=No	_	_	_	_	_	_
105-25	TO044	105	25	di	di	_	_	_	_	_	linguistic	_	ContainsVariation=No	_	_	_	_	_	_
105-26	TO044	105	26	diciotto	diciotto	_	_	_	_	_	linguistic	_	ContainsVariation=No	_	_	_	_	_	_
105-27	TO044	105	27	an[ni],	anni	_	_	_	_	_	linguistic	_	ContainsVariation=No	Intonation=WeaklyRising	End=291.776	_	_	_	1-4(21)
106-0	TO055	106	0	[o]kay.	okay	_	_	_	_	_	linguistic	_	ContainsVariation=No	Intonation=Falling	Begin=291.648|End=292.446	_	_	_	0-1(21)
107-0	TO044	107	0	che::	che	_	_	_	_	_	linguistic	_	ContainsVariation=No	ProsodicLink=Yes	Begin=292.765	2x2	_	_	_
107-1	TO044	107	1	m:h	mh	_	_	_	_	_	linguistic	_	ContainsVariation=No	_	_	0x1	_	_	_
107-2	TO044	107	2	era	era	_	_	_	_	_	linguistic	_	ContainsVariation=No	_	_	_	_	_	_
107-3	TO044	107	3	lì:	lì	_	_	_	_	_	linguistic	_	ContainsVariation=No	_	_	1x1	_	_	_
107-4	TO044	107	4	sempre	sempre	_	_	_	_	_	linguistic	_	ContainsVariation=No	_	_	_	_	_	_
107-5	TO044	107	5	per	per	_	_	_	_	_	linguistic	_	ContainsVariation=No	_	_	_	_	_	_
107-6	TO044	107	6	l'	l'	_	_	_	_	_	linguistic	_	ContainsVariation=No	SpaceAfter=No	_	_	_	_	_
107-7	TO044	107	7	inglese	inglese	_	_	_	_	_	linguistic	_	ContainsVariation=No	_	_	_	_	_	_
107-8	TO044	107	8	>ma	ma	_	_	_	_	_	linguistic	_	ContainsVariation=No	_	_	_	Fast=0-2(0)	_	_
107-9	TO044	107	9	non	non	_	_	_	_	_	linguistic	_	ContainsVariation=No	_	_	_	Fast=0-3(0)	_	_
107-10	TO044	107	10	parlava	parlava	_	_	_	_	_	linguistic	_	ContainsVariation=No	_	_	_	Fast=0-7(0)	_	_
107-11	TO044	107	11	una	una	_	_	_	_	_	linguistic	_	ContainsVariation=No	_	_	_	Fast=0-3(0)	_	_
107-12	TO044	107	12	[parola	parola	_	_	_	_	_	linguistic	_	ContainsVariation=No	_	_	_	Fast=0-6(0)	_	0-6(22)
107-13	TO044	107	13	d'	d'	_	_	_	_	_	linguistic	_	ContainsVariation=No	SpaceAfter=No	_	_	Fast=0-2(0)	_	0-2(22)
107-14	TO044	107	14	ingle]se	inglese	_	_	_	_	_	linguistic	_	ContainsVariation=No	_	_	_	Fast=0-7(0)	_	0-4(22)
107-15	TO044	107	15	parlava	parlava	_	_	_	_	_	linguistic	_	ContainsVariation=No	_	_	_	Fast=0-7(0)	_	_
107-16	TO044	107	16	a	a	_	_	_	_	_	linguistic	_	ContainsVariation=No	_	_	_	Fast=0-1(0)	_	_
107-17	TO044	107	17	gesti<.	gesti	_	_	_	_	_	linguistic	_	ContainsVariation=No	Intonation=Falling	End=299.003	_	Fast=0-4(0)	_	_
108-0	TO055	108	0	[mhmh],	mhmh	_	_	_	_	_	linguistic	_	ContainsVariation=No	Intonation=WeaklyRising	Begin=297.267|End=297.808	_	_	_	0-4(22)
109-0	TO055	109	0	oddio.	oddio	_	_	_	_	_	linguistic	_	ContainsVariation=No	Intonation=Falling	Begin=299.501|End=300.129	_	_	_	_
110-0	TO044	110	0	e::h	eh	_	_	_	_	_	linguistic	_	ContainsVariation=No	_	Begin=300.129	0x2	_	_	_
110-1	TO044	110	1	quindi	quindi	_	_	_	_	_	linguistic	_	ContainsVariation=No	_	_	_	_	_	_
110-2	TO044	110	2	a:h	ah	_	_	_	_	_	linguistic	_	ContainsVariation=No	ProsodicLink=Yes	_	0x1	_	_	_
110-3	TO044	110	3	mh	mh	_	_	_	_	_	linguistic	_	ContainsVariation=No	_	_	_	_	_	_
110-4	TO044	110	4	è	è	_	_	_	_	_	linguistic	_	ContainsVariation=No	_	_	_	_	_	_
110-5	TO044	110	5	stata	stata	_	_	_	_	_	linguistic	_	ContainsVariation=No	_	_	_	_	_	_
110-6	TO044	110	6	una	una	_	_	_	_	_	linguistic	_	ContainsVariation=No	_	_	_	_	_	_
110-7	TO044	110	7	settimana	settimana	_	_	_	_	_	linguistic	_	ContainsVariation=No	_	_	_	_	_	_
110-8	TO044	110	8	un	un	_	_	_	_	_	linguistic	_	ContainsVariation=No	_	_	_	_	_	_
110-9	TO044	110	9	po'	po'	_	_	_	_	_	linguistic	_	ContainsVariation=No	_	_	_	_	_	_
110-10	TO044	110	10	lunga	lunga	_	_	_	_	_	linguistic	_	ContainsVariation=No	_	_	_	_	_	_
110-11	TO044	110	11	perché	perché	_	_	_	_	_	linguistic	_	ContainsVariation=No	_	_	_	_	_	_
110-12	TO044	110	12	beh	beh	_	_	_	_	_	linguistic	_	ContainsVariation=No	_	_	_	_	_	_
110-13	TO044	110	13	lei	lei	_	_	_	_	_	linguistic	_	ContainsVariation=No	_	_	_	_	_	_
110-14	TO044	110	14	era	era	_	_	_	_	_	linguistic	_	ContainsVariation=No	_	_	_	_	_	_
110-15	TO044	110	15	tenera	tenera	_	_	_	_	_	linguistic	_	ContainsVariation=No	_	_	_	_	_	_
110-16	TO044	110	16	però,	però	_	_	_	_	_	linguistic	_	ContainsVariation=No	Intonation=WeaklyRising	End=306.043	_	_	_	_
111-0	TO044	111	0	mi	mi	_	_	_	_	_	linguistic	_	ContainsVariation=No	_	Begin=306.575	_	_	_	_
111-1	TO044	111	1	sentivo	sentivo	_	_	_	_	_	linguistic	_	ContainsVariation=No	_	_	_	_	_	_
111-2	TO044	111	2	come	come	_	_	_	_	_	linguistic	_	ContainsVariation=No	_	_	_	_	_	_
111-3	TO044	111	3	un	un	_	_	_	_	_	linguistic	_	ContainsVariation=No	_	_	_	_	_	_
111-4	TO044	111	4	po'	po'	_	_	_	_	_	linguistic	_	ContainsVariation=No	_	_	_	_	_	_
111-5	TO044	111	5	>cioè	cioè	_	_	_	_	_	linguistic	_	ContainsVariation=No	_	_	_	Fast=0-4(0)	_	_
111-6	TO044	111	6	era	era	_	_	_	_	_	linguistic	_	ContainsVariation=No	_	_	_	Fast=0-3(0)	_	_
111-7	TO044	111	7	la	la	_	_	_	_	_	linguistic	_	ContainsVariation=No	_	_	_	Fast=0-2(0)	_	_
111-8	TO044	111	8	mia	mia	_	_	_	_	_	linguistic	_	ContainsVariation=No	_	_	_	Fast=0-3(0)	_	_
111-9	TO044	111	9	prima	prima	_	_	_	_	_	linguistic	_	ContainsVariation=No	_	_	_	Fast=0-5(0)	_	_
111-10	TO044	111	10	settimana	settimana	_	_	_	_	_	linguistic	_	ContainsVariation=No	_	_	_	Fast=0-9(0)	_	_
111-11	TO044	111	11	lì	lì	_	_	_	_	_	linguistic	_	ContainsVariation=No	_	_	_	Fast=0-2(0)	_	_
111-12	TO044	111	12	lei	lei	_	_	_	_	_	linguistic	_	ContainsVariation=No	_	_	_	Fast=0-3(0)	_	_
111-13	TO044	111	13	non	non	_	_	_	_	_	linguistic	_	ContainsVariation=No	_	_	_	Fast=0-3(0)	_	_
111-14	TO044	111	14	parlava	parlava	_	_	_	_	_	linguistic	_	ContainsVariation=No	_	_	_	Fast=0-7(0)	_	_
111-15	TO044	111	15	un	un	_	_	_	_	_	linguistic	_	ContainsVariation=No	_	_	_	Fast=0-2(0)	_	_
111-16	TO044	111	16	cazzo	cazzo	_	_	_	_	_	linguistic	_	ContainsVariation=No	_	_	_	Fast=0-5(0)	_	_
111-17	TO044	111	17	bene<,	bene	_	_	_	_	_	linguistic	_	ContainsVariation=No	Intonation=WeaklyRising	End=310.813	_	Fast=0-4(0)	_	_
112-0	TO055	112	0	sì	sì	_	_	_	_	_	linguistic	_	ContainsVariation=No	_	Begin=310.875	_	_	_	_
112-1	TO055	112	1	qui[ndi:],	quindi	_	_	_	_	_	linguistic	_	ContainsVariation=No	Intonation=WeaklyRising	End=311.872	5x1	_	_	3-6(23)
113-0	TO044	113	0	[non	non	_	_	_	_	_	linguistic	_	ContainsVariation=No	_	Begin=311.329	_	_	_	0-3(23)
113-1	TO044	113	1	capiv]a	capiva	_	_	_	_	_	linguistic	_	ContainsVariation=No	_	_	_	_	_	0-5(23)
113-2	TO044	113	2	niente	niente	_	_	_	_	_	linguistic	_	ContainsVariation=No	_	_	_	_	_	_
113-3	TO044	113	3	dicevo	dicevo	_	_	_	_	_	linguistic	_	ContainsVariation=No	_	_	_	_	_	_
113-4	TO044	113	4	bom	bom	_	_	_	_	_	linguistic	_	ContainsVariation=No	_	_	_	_	_	_
113-5	TO044	113	5	va	va	_	_	_	_	_	linguistic	_	ContainsVariation=No	_	_	_	_	_	_
113-6	TO044	113	6	là	là	_	_	_	_	_	linguistic	_	ContainsVariation=No	_	_	_	_	_	_
113-7	TO044	113	7	son	son	_	_	_	_	_	linguistic	_	ContainsVariation=No	_	_	_	_	_	_
113-8	TO044	113	8	fottuta	fottuta	_	_	_	_	_	linguistic	_	ContainsVariation=No	_	_	_	_	_	_
113-9	TO044	113	9	eccetera,	eccetera	_	_	_	_	_	linguistic	_	ContainsVariation=No	Intonation=WeaklyRising	End=314.648	_	_	_	_
114-0	TO044	114	0	poi	poi	_	_	_	_	_	linguistic	_	ContainsVariation=No	_	Begin=314.914	_	_	_	_
114-1	TO044	114	1	in	in	_	_	_	_	_	linguistic	_	ContainsVariation=No	_	_	_	_	_	_
114-2	TO044	114	2	realtà	realtà	_	_	_	_	_	linguistic	_	ContainsVariation=No	_	_	_	_	_	_
114-3	TO044	114	3	<sono	sono	_	_	_	_	_	linguistic	_	ContainsVariation=No	_	_	_	Slow=0-4(0)	_	_
114-4	TO044	114	4	andata	andata	_	_	_	_	_	linguistic	_	ContainsVariation=No	_	_	_	Slow=0-6(0)	_	_
114-5	TO044	114	5	a	a	_	_	_	_	_	linguistic	_	ContainsVariation=No	_	_	_	Slow=0-1(0)	_	_
114-6	TO044	114	6	scuola	scuola	_	_	_	_	_	linguistic	_	ContainsVariation=No	_	_	_	Slow=0-6(0)	_	_
114-7	TO044	114	7	ho	ho	_	_	_	_	_	linguistic	_	ContainsVariation=No	_	_	_	Slow=0-2(0)	_	_
114-8	TO044	114	8	conosciuto	conosciuto	_	_	_	_	_	linguistic	_	ContainsVariation=No	_	_	_	Slow=0-10(0)	_	_
114-9	TO044	114	9	già	già	_	_	_	_	_	linguistic	_	ContainsVariation=No	_	_	_	Slow=0-3(0)	_	_
114-10	TO044	114	10	tanta	tanta	_	_	_	_	_	linguistic	_	ContainsVariation=No	_	_	_	Slow=0-5(0)	_	_
114-11	TO044	114	11	gente	gente	_	_	_	_	_	linguistic	_	ContainsVariation=No	_	_	_	Slow=0-5(0)	_	_
114-12	TO044	114	12	mi	mi	_	_	_	_	_	linguistic	_	ContainsVariation=No	_	_	_	Slow=0-2(0)	_	_
114-13	TO044	114	13	sono	sono	_	_	_	_	_	linguistic	_	ContainsVariation=No	_	_	_	Slow=0-4(0)	_	_
114-14	TO044	114	14	iniziata	iniziata	_	_	_	_	_	linguistic	_	ContainsVariation=No	_	_	_	Slow=0-8(0)	_	_
114-15	TO044	114	15	a	a	_	_	_	_	_	linguistic	_	ContainsVariation=No	_	_	_	Slow=0-1(0)	_	_
114-16	TO044	114	16	integrare	integrare	_	_	_	_	_	linguistic	_	ContainsVariation=No	_	_	_	Slow=0-9(0)	_	_
114-17	TO044	114	17	eccetera>,	eccetera	_	_	_	_	_	linguistic	_	ContainsVariation=No	Intonation=WeaklyRising	End=320.165	_	Slow=0-8(0)	_	_
115-0	TO044	115	0	e::h	eh	_	_	_	_	_	linguistic	_	ContainsVariation=No	ProsodicLink=Yes	Begin=320.681	0x2	_	_	_
115-1	TO044	115	1	mh,	mh	_	_	_	_	_	linguistic	_	ContainsVariation=No	Intonation=WeaklyRising	End=321.866	_	_	_	_
116-0	TO044	116	0	e:::h	eh	_	_	_	_	_	linguistic	_	ContainsVariation=No	_	Begin=322.212	0x3	_	_	_
116-1	TO044	116	1	e	e	_	_	_	_	_	linguistic	_	ContainsVariation=No	_	_	_	_	_	_
116-2	TO044	116	2	lei	lei	_	_	_	_	_	linguistic	_	ContainsVariation=No	_	_	_	_	_	_
116-3	TO044	116	3	se	se	_	_	_	_	_	linguistic	_	ContainsVariation=No	_	_	_	_	_	_
116-4	TO044	116	4	n'	n'	_	_	_	_	_	linguistic	_	ContainsVariation=No	SpaceAfter=No	_	_	_	_	_
116-5	TO044	116	5	è	è	_	_	_	_	_	linguistic	_	ContainsVariation=No	_	_	_	_	_	_
116-6	TO044	116	6	andata	andata	_	_	_	_	_	linguistic	_	ContainsVariation=No	_	_	_	_	_	_
116-7	TO044	116	7	via,	via	_	_	_	_	_	linguistic	_	ContainsVariation=No	Intonation=WeaklyRising	End=324.707	_	_	_	_
117-0	TO044	117	0	e	e	_	_	_	_	_	linguistic	_	ContainsVariation=No	_	Begin=325.388	_	_	_	_
117-1	TO044	117	1	son	son	_	_	_	_	_	linguistic	_	ContainsVariation=No	_	_	_	_	_	_
117-2	TO044	117	2	stata	stata	_	_	_	_	_	linguistic	_	ContainsVariation=No	_	_	_	_	_	_
117-3	TO044	117	3	poi	poi	_	_	_	_	_	linguistic	_	ContainsVariation=No	_	_	_	_	_	_
117-4	TO044	117	4	tre	tre	_	_	_	_	_	linguistic	_	ContainsVariation=No	_	_	_	_	_	_
117-5	TO044	117	5	settimane	settimane	_	_	_	_	_	linguistic	_	ContainsVariation=No	_	_	_	_	_	_
117-6	TO044	117	6	da	da	_	_	_	_	_	linguistic	_	ContainsVariation=No	_	_	_	_	_	_
117-7	TO044	117	7	sola:	sola	_	_	_	_	_	linguistic	_	ContainsVariation=No	_	_	3x1	_	_	_
117-8	TO044	117	8	i:n	in	_	_	_	_	_	linguistic	_	ContainsVariation=No	_	_	0x1	_	_	_
117-9	TO044	117	9	~sta	~sta	_	_	_	_	_	linguistic	_	ContainsVariation=No	Interrupted=Yes	_	_	_	_	_
117-10	TO044	117	10	camera	camera	_	_	_	_	_	linguistic	_	ContainsVariation=No	_	_	_	_	_	_
117-11	TO044	117	11	doppia	doppia	_	_	_	_	_	linguistic	_	ContainsVariation=No	_	_	_	_	_	_
117-12	TO044	117	12	che	che	_	_	_	_	_	linguistic	_	ContainsVariation=No	_	_	_	_	_	_
117-13	TO044	117	13	è	è	_	_	_	_	_	linguistic	_	ContainsVariation=No	_	_	_	_	_	_
117-14	TO044	117	14	stato	stato	_	_	_	_	_	linguistic	_	ContainsVariation=No	_	_	_	_	_	_
117-15	TO044	117	15	fighissimo	fighissimo	_	_	_	_	_	linguistic	_	ContainsVariation=No	_	_	_	_	_	_
117-16	TO044	117	16	perché,	perché	_	_	_	_	_	linguistic	_	ContainsVariation=No	Intonation=WeaklyRising	End=330.551	_	_	_	_
118-0	TO044	118	0	<avevo	avevo	_	_	_	_	_	linguistic	_	ContainsVariation=No	_	Begin=330.893	_	Slow=0-5(0)	_	_
118-1	TO044	118	1	molto	molto	_	_	_	_	_	linguistic	_	ContainsVariation=No	_	_	_	Slow=0-5(0)	_	_
118-2	TO044	118	2	spazio	spazio	_	_	_	_	_	linguistic	_	ContainsVariation=No	_	_	_	Slow=0-6(0)	_	_
118-3	TO044	118	3	molta	molta	_	_	_	_	_	linguistic	_	ContainsVariation=No	_	_	_	Slow=0-5(0)	_	_
118-4	TO044	118	4	libertà>	libertà	_	_	_	_	_	linguistic	_	ContainsVariation=No	_	_	_	Slow=0-7(0)	_	_
118-5	TO044	118	5	eccetera,	eccetera	_	_	_	_	_	linguistic	_	ContainsVariation=No	Intonation=WeaklyRising	_	_	_	_	_
118-6	TO044	118	6	l'	l'	_	_	_	_	_	linguistic	_	ContainsVariation=No	SpaceAfter=No	_	_	_	_	_
118-7	TO044	118	7	unica	unica	_	_	_	_	_	linguistic	_	ContainsVariation=No	_	_	_	_	_	_
118-8	TO044	118	8	cosa	cosa	_	_	_	_	_	linguistic	_	ContainsVariation=No	_	_	_	_	_	_
118-9	TO044	118	9	è	è	_	_	_	_	_	linguistic	_	ContainsVariation=No	_	_	_	_	_	_
118-10	TO044	118	10	che	che	_	_	_	_	_	linguistic	_	ContainsVariation=No	_	_	_	_	_	_
118-11	TO044	118	11	ero	ero	_	_	_	_	_	linguistic	_	ContainsVariation=No	_	_	_	_	_	_
118-12	TO044	118	12	in	in	_	_	_	_	_	linguistic	_	ContainsVariation=No	_	_	_	_	_	_
118-13	TO044	118	13	questo	questo	_	_	_	_	_	linguistic	_	ContainsVariation=No	_	_	_	_	_	_
118-14	TO044	118	14	residence,	residence	_	_	_	_	_	linguistic	_	ContainsVariation=No	Intonation=WeaklyRising	End=335.503	_	_	_	_
119-0	TO055	119	0	okay.	okay	_	_	_	_	_	linguistic	_	ContainsVariation=No	Intonation=Falling	Begin=335.631|End=336.076	_	_	_	_
120-0	TO044	120	0	che	che	_	_	_	_	_	linguistic	_	ContainsVariation=No	_	Begin=336.076	_	_	_	_
120-1	TO044	120	1	era	era	_	_	_	_	_	linguistic	_	ContainsVariation=No	_	_	_	_	_	_
120-2	TO044	120	2	in	in	_	_	_	_	_	linguistic	_	ContainsVariation=No	_	_	_	_	_	_
120-3	TO044	120	3	centro	centro	_	_	_	_	_	linguistic	_	ContainsVariation=No	_	_	_	_	_	_
120-4	TO044	120	4	ma:	ma	_	_	_	_	_	linguistic	_	ContainsVariation=No	ProsodicLink=Yes	_	1x1	_	_	_
120-5	TO044	120	5	mh,	mh	_	_	_	_	_	linguistic	_	ContainsVariation=No	Intonation=WeaklyRising	End=337.858	_	_	_	_
121-0	TO044	121	0	si	si	_	_	_	_	_	linguistic	_	ContainsVariation=No	_	Begin=338.472	_	_	_	_
121-1	TO044	121	1	mangiava	mangiava	_	_	_	_	_	linguistic	_	ContainsVariation=No	_	_	_	_	_	_
121-2	TO044	121	2	di	di	_	_	_	_	_	linguistic	_	ContainsVariation=No	_	_	_	_	_	_
121-3	TO044	121	3	merda	merda	_	_	_	_	_	linguistic	_	ContainsVariation=No	_	_	_	_	_	_
121-4	TO044	121	4	perché	perché	_	_	_	_	_	linguistic	_	ContainsVariation=No	_	_	_	_	_	_
121-5	TO044	121	5	si	si	_	_	_	_	_	linguistic	_	ContainsVariation=No	_	_	_	_	_	_
121-6	TO044	121	6	mangi~	mangi~	_	_	_	_	_	linguistic	_	ContainsVariation=No	Interrupted=Yes	End=340.149	_	_	_	_
122-0	TO044	122	0	<si	si	_	_	_	_	_	linguistic	_	ContainsVariation=No	_	Begin=341.29	_	Slow=0-2(0)	_	_
122-1	TO044	122	1	mangiava	mangiava	_	_	_	_	_	linguistic	_	ContainsVariation=No	_	_	_	Slow=0-8(0)	_	_
122-2	TO044	122	2	a	a	_	_	_	_	_	linguistic	_	ContainsVariation=No	_	_	_	Slow=0-1(0)	_	_
122-3	TO044	122	3	mensa>.	mensa	_	_	_	_	_	linguistic	_	ContainsVariation=No	Intonation=Falling	End=342.969	_	Slow=0-5(0)	_	_
123-0	TO055	123	0	((ride))	((ride))	_	_	_	_	_	nonverbalbehavior	_	ContainsVariation=No	_	Begin=342.988|End=343.957	_	_	_	_
124-0	TO044	124	0	e::h	eh	_	_	_	_	_	linguistic	_	ContainsVariation=No	ProsodicLink=Yes	Begin=343.987	0x2	_	_	_
124-1	TO044	124	1	mh	mh	_	_	_	_	_	linguistic	_	ContainsVariation=No	_	_	_	_	_	_
124-2	TO044	124	2	perché	perché	_	_	_	_	_	linguistic	_	ContainsVariation=No	_	_	_	_	_	_
124-3	TO044	124	3	si	si	_	_	_	_	_	linguistic	_	ContainsVariation=No	_	_	_	_	_	_
124-4	TO044	124	4	mangiava	mangiava	_	_	_	_	_	linguistic	_	ContainsVariation=No	_	_	_	_	_	_
124-5	TO044	124	5	a	a	_	_	_	_	_	linguistic	_	ContainsVariation=No	_	_	_	_	_	_
124-6	TO044	124	6	mensa,	mensa	_	_	_	_	_	linguistic	_	ContainsVariation=No	Intonation=WeaklyRising	End=346.384	_	_	_	_
125-0	TO044	125	0	e	e	_	_	_	_	_	linguistic	_	ContainsVariation=No	_	Begin=346.692	_	_	_	_
125-1	TO044	125	1	la	la	_	_	_	_	_	linguistic	_	ContainsVariation=No	_	_	_	_	_	_
125-2	TO044	125	2	mensa	mensa	_	_	_	_	_	linguistic	_	ContainsVariation=No	_	_	_	_	_	_
125-3	TO044	125	3	era	era	_	_	_	_	_	linguistic	_	ContainsVariation=No	_	_	_	_	_	_
125-4	TO044	125	4	ovviamente	ovviamente	_	_	_	_	_	linguistic	_	ContainsVariation=No	_	_	_	_	_	_
125-5	TO044	125	5	un	un	_	_	_	_	_	linguistic	_	ContainsVariation=No	_	_	_	_	_	_
125-6	TO044	125	6	po':,	po'	_	_	_	_	_	linguistic	_	ContainsVariation=No	Intonation=WeaklyRising	End=348.545	1x1	_	_	_
126-0	TO044	126	0	cioè	cioè	_	_	_	_	_	linguistic	_	ContainsVariation=No	_	Begin=349.901	_	_	_	_
126-1	TO044	126	1	no[n	non	_	_	_	_	_	linguistic	_	ContainsVariation=No	_	_	_	_	_	2-3(26)
126-2	TO044	126	2	è	è	_	_	_	_	_	linguistic	_	ContainsVariation=No	_	_	_	_	_	0-1(26)
126-3	TO044	126	3	che	che	_	_	_	_	_	linguistic	_	ContainsVariation=No	_	_	_	_	_	0-3(26)
126-4	TO044	126	4	facesse	facesse	_	_	_	_	_	linguistic	_	ContainsVariation=No	_	_	_	_	_	0-7(26)
126-5	TO044	126	5	schifo	schifo	_	_	_	_	_	linguistic	_	ContainsVariation=No	_	_	_	_	_	0-6(26)
126-6	TO044	126	6	però]	però	_	_	_	_	_	linguistic	_	ContainsVariation=No	_	_	_	_	_	0-4(26)
126-7	TO044	126	7	erano	erano	_	_	_	_	_	linguistic	_	ContainsVariation=No	_	_	_	_	_	_
126-8	TO044	126	8	erano	erano	_	_	_	_	_	linguistic	_	ContainsVariation=No	_	_	_	_	_	_
126-9	TO044	126	9	co[se	cose	_	_	_	_	_	linguistic	_	ContainsVariation=No	_	_	_	_	_	2-4(24)
126-10	TO044	126	10	molto::]	molto	_	_	_	_	_	linguistic	_	ContainsVariation=No	_	_	4x2	_	_	0-5(24)
126-11	TO044	126	11	<insipide>	insipide	_	_	_	_	_	linguistic	_	ContainsVariation=No	_	_	_	Slow=0-8(0)	_	_
126-12	TO044	126	12	>queste	queste	_	_	_	_	_	linguistic	_	ContainsVariation=No	_	_	_	Fast=0-6(0)	_	_
126-13	TO044	126	13	[cose]	cose	_	_	_	_	_	linguistic	_	ContainsVariation=No	_	_	_	Fast=0-4(0)	_	0-4(25)
126-14	TO044	126	14	qua<.	qua	_	_	_	_	_	linguistic	_	ContainsVariation=No	Intonation=Falling	End=355.664	_	Fast=0-3(0)	_	_
127-0	TO055	127	0	[sì	sì	_	_	_	_	_	linguistic	_	ContainsVariation=No	_	Begin=350.152	_	_	_	0-2(26)
127-1	TO055	127	1	le	le	_	_	_	_	_	linguistic	_	ContainsVariation=No	_	_	_	_	_	0-2(26)
127-2	TO055	127	2	solite	solite	_	_	_	_	_	linguistic	_	ContainsVariation=No	_	_	_	_	_	0-6(26)
127-3	TO055	127	3	mense].	mense	_	_	_	_	_	linguistic	_	ContainsVariation=No	Intonation=Falling	End=351.708	_	_	_	0-5(26)
128-0	TO055	128	0	[scolastiche::]	scolastiche	_	_	_	_	_	linguistic	_	ContainsVariation=No	_	Begin=352.616|End=354.056	10x2	_	_	0-11(24)
129-0	TO055	129	0	[sì].	sì	_	_	_	_	_	linguistic	_	ContainsVariation=No	Intonation=Falling	Begin=354.659|End=354.937	_	_	_	0-2(25)
130-0	TO044	130	0	e:	e	_	_	_	_	_	linguistic	_	ContainsVariation=No	_	Begin=356.516	0x1	_	_	_
130-1	TO044	130	1	quindi	quindi	_	_	_	_	_	linguistic	_	ContainsVariation=No	_	_	_	_	_	_
130-2	TO044	130	2	quando	quando	_	_	_	_	_	linguistic	_	ContainsVariation=No	_	_	_	_	_	_
130-3	TO044	130	3	poi	poi	_	_	_	_	_	linguistic	_	ContainsVariation=No	_	_	_	_	_	_
130-4	TO044	130	4	sono	sono	_	_	_	_	_	linguistic	_	ContainsVariation=No	_	_	_	_	_	_
130-5	TO044	130	5	e	e	_	_	_	_	_	linguistic	_	ContainsVariation=No	_	_	_	_	_	_
130-6	TO044	130	6	poi	poi	_	_	_	_	_	linguistic	_	ContainsVariation=No	_	_	_	_	_	_
130-7	TO044	130	7	però	però	_	_	_	_	_	linguistic	_	ContainsVariation=No	_	_	_	_	_	_
130-8	TO044	130	8	lì	lì	_	_	_	_	_	linguistic	_	ContainsVariation=No	_	_	_	_	_	_
130-9	TO044	130	9	eh	eh	_	_	_	_	_	linguistic	_	ContainsVariation=No	_	_	_	_	_	_
130-10	TO044	130	10	era	era	_	_	_	_	_	linguistic	_	ContainsVariation=No	_	_	_	_	_	_
130-11	TO044	130	11	arrivata	arrivata	_	_	_	_	_	linguistic	_	ContainsVariation=No	_	_	_	_	_	_
130-12	TO044	130	12	a	a	_	_	_	_	_	linguistic	_	ContainsVariation=No	_	_	_	_	_	_
130-13	TO044	130	13	febbraio	febbraio	_	_	_	_	_	linguistic	_	ContainsVariation=No	_	_	_	_	_	_
130-14	TO044	130	14	una	una	_	_	_	_	_	linguistic	_	ContainsVariation=No	_	_	_	_	_	_
130-15	TO044	130	15	mia	mia	_	_	_	_	_	linguistic	_	ContainsVariation=No	_	_	_	_	_	_
130-16	TO044	130	16	amica	amica	_	_	_	_	_	linguistic	_	ContainsVariation=No	_	_	_	_	_	_
130-17	TO044	130	17	c~	c~	_	_	_	_	_	linguistic	_	ContainsVariation=No	Interrupted=Yes	_	_	_	_	_
130-18	TO044	130	18	[che	che	_	_	_	_	_	linguistic	_	ContainsVariation=No	_	_	_	_	_	0-3(27)
130-19	TO044	130	19	ad]esso	adesso	_	_	_	_	_	linguistic	_	ContainsVariation=No	_	_	_	_	_	0-2(27)
130-20	TO044	130	20	con	con	_	_	_	_	_	linguistic	_	ContainsVariation=No	_	_	_	_	_	_
130-21	TO044	130	21	cui	cui	_	_	_	_	_	linguistic	_	ContainsVariation=No	_	_	_	_	_	_
130-22	TO044	130	22	adesso	adesso	_	_	_	_	_	linguistic	_	ContainsVariation=No	_	_	_	_	_	_
130-23	TO044	130	23	ho:	ho	_	_	_	_	_	linguistic	_	ContainsVariation=No	_	_	1x1	_	_	_
130-24	TO044	130	24	u:n	un	_	_	_	_	_	linguistic	_	ContainsVariation=No	_	_	0x1	_	_	_
130-25	TO044	130	25	forte	forte	_	_	_	_	_	linguistic	_	ContainsVariation=No	_	_	_	_	_	_
130-26	TO044	130	26	rapporto	rapporto	_	_	_	_	_	linguistic	_	ContainsVariation=No	_	_	_	_	_	_
130-27	TO044	130	27	e::	e	_	_	_	_	_	linguistic	_	ContainsVariation=No	_	_	0x2	_	_	_
130-28	TO044	130	28	quindi	quindi	_	_	_	_	_	linguistic	_	ContainsVariation=No	_	_	_	_	_	_
130-29	TO044	130	29	è	è	_	_	_	_	_	linguistic	_	ContainsVariation=No	_	_	_	_	_	_
130-30	TO044	130	30	stato	stato	_	_	_	_	_	linguistic	_	ContainsVariation=No	_	_	_	_	_	_
130-31	TO044	130	31	carino	carino	_	_	_	_	_	linguistic	_	ContainsVariation=No	_	_	_	_	_	_
130-32	TO044	130	32	perché	perché	_	_	_	_	_	linguistic	_	ContainsVariation=No	_	_	_	_	_	_
130-33	TO044	130	33	abbiamo	abbiamo	_	_	_	_	_	linguistic	_	ContainsVariation=No	_	_	_	_	_	_
130-34	TO044	130	34	diviso	diviso	_	_	_	_	_	linguistic	_	ContainsVariation=No	_	_	_	_	_	_
130-35	TO044	130	35	la	la	_	_	_	_	_	linguistic	_	ContainsVariation=No	_	_	_	_	_	_
130-36	TO044	130	36	camera	camera	_	_	_	_	_	linguistic	_	ContainsVariation=No	_	_	_	_	_	_
130-37	TO044	130	37	assieme	assieme	_	_	_	_	_	linguistic	_	ContainsVariation=No	_	_	_	_	_	_
130-38	TO044	130	38	eccetera.	eccetera	_	_	_	_	_	linguistic	_	ContainsVariation=No	Intonation=Falling	End=367.337	_	_	_	_
131-0	TO055	131	0	[okay].	okay	_	_	_	_	_	linguistic	_	ContainsVariation=No	Intonation=Falling	Begin=360.789|End=361.289	_	_	_	0-4(27)
132-0	TO044	132	0	invece	invece	_	_	_	_	_	linguistic	_	ContainsVariation=No	_	Begin=368.007	_	_	_	_
132-1	TO044	132	1	poi	poi	_	_	_	_	_	linguistic	_	ContainsVariation=No	_	_	_	_	_	_
132-2	TO044	132	2	a:,	a	_	_	_	_	_	linguistic	_	ContainsVariation=No	Intonation=WeaklyRising	End=368.99	0x1	_	_	_
133-0	TO044	133	0	e::h	eh	_	_	_	_	_	linguistic	_	ContainsVariation=No	_	Begin=369.322	0x2	_	_	_
133-1	TO044	133	1	aprile	aprile	_	_	_	_	_	linguistic	_	ContainsVariation=No	_	_	_	_	_	_
133-2	TO044	133	2	avrei	avrei	_	_	_	_	_	linguistic	_	ContainsVariation=No	_	_	_	_	_	_
133-3	TO044	133	3	avuto	avuto	_	_	_	_	_	linguistic	_	ContainsVariation=No	_	_	_	_	_	_
133-4	TO044	133	4	la	la	_	_	_	_	_	linguistic	_	ContainsVariation=No	_	_	_	_	_	_
133-5	TO044	133	5	possibilità	possibilità	_	_	_	_	_	linguistic	_	ContainsVariation=No	_	_	_	_	_	_
133-6	TO044	133	6	di	di	_	_	_	_	_	linguistic	_	ContainsVariation=No	_	_	_	_	_	_
133-7	TO044	133	7	tornare	tornare	_	_	_	_	_	linguistic	_	ContainsVariation=No	_	_	_	_	_	_
133-8	TO044	133	8	nella	nella	_	_	_	_	_	linguistic	_	ContainsVariation=No	_	_	_	_	_	_
133-9	TO044	133	9	stessa	stessa	_	_	_	_	_	linguistic	_	ContainsVariation=No	_	_	_	_	_	_
133-10	TO044	133	10	c[amera	camera	_	_	_	_	_	linguistic	_	ContainsVariation=No	_	_	_	_	_	1-6(28)
133-11	TO044	133	11	con]	con	_	_	_	_	_	linguistic	_	ContainsVariation=No	_	_	_	_	_	0-3(28)
133-12	TO044	133	12	lei	lei	_	_	_	_	_	linguistic	_	ContainsVariation=No	_	_	_	_	_	_
133-13	TO044	133	13	<ma:>	ma	_	_	_	_	_	linguistic	_	ContainsVariation=No	_	_	1x1	Slow=0-2(0)	_	_
133-14	TO044	133	14	ho	ho	_	_	_	_	_	linguistic	_	ContainsVariation=No	_	_	_	_	_	_
133-15	TO044	133	15	preferito	preferito	_	_	_	_	_	linguistic	_	ContainsVariation=No	_	_	_	_	_	_
133-16	TO044	133	16	di	di	_	_	_	_	_	linguistic	_	ContainsVariation=No	_	_	_	_	_	_
133-17	TO044	133	17	no	no	_	_	_	_	_	linguistic	_	ContainsVariation=No	_	_	_	_	_	_
133-18	TO044	133	18	perché,	perché	_	_	_	_	_	linguistic	_	ContainsVariation=No	Intonation=WeaklyRising	End=375.935	_	_	_	_
134-0	TO055	134	0	[okay].	okay	_	_	_	_	_	linguistic	_	ContainsVariation=No	Intonation=Falling	Begin=373.014|End=373.525	_	_	_	0-4(28)
135-0	TO044	135	0	e:h	eh	_	_	_	_	_	linguistic	_	ContainsVariation=No	_	Begin=376.261	0x1	_	_	_
135-1	TO044	135	1	ho	ho	_	_	_	_	_	linguistic	_	ContainsVariation=No	_	_	_	_	_	_
135-2	TO044	135	2	avuto	avuto	_	_	_	_	_	linguistic	_	ContainsVariation=No	_	_	_	_	_	_
135-3	TO044	135	3	l'	l'	_	_	_	_	_	linguistic	_	ContainsVariation=No	SpaceAfter=No	_	_	_	_	_
135-4	TO044	135	4	esperienza	esperienza	_	_	_	_	_	linguistic	_	ContainsVariation=No	_	_	_	_	_	_
135-5	TO044	135	5	di	di	_	_	_	_	_	linguistic	_	ContainsVariation=No	_	_	_	_	_	_
135-6	TO044	135	6	vivere	vivere	_	_	_	_	_	linguistic	_	ContainsVariation=No	_	_	_	_	_	_
135-7	TO044	135	7	con	con	_	_	_	_	_	linguistic	_	ContainsVariation=No	_	_	_	_	_	_
135-8	TO044	135	8	una	una	_	_	_	_	_	linguistic	_	ContainsVariation=No	_	_	_	_	_	_
135-9	TO044	135	9	mia	mia	_	_	_	_	_	linguistic	_	ContainsVariation=No	_	_	_	_	_	_
135-10	TO044	135	10	amica:	amica	_	_	_	_	_	linguistic	_	ContainsVariation=No	_	_	4x1	_	_	_
135-11	TO044	135	11	e::	e	_	_	_	_	_	linguistic	_	ContainsVariation=No	_	_	0x2	_	_	_
135-12	TO044	135	12	sono	sono	_	_	_	_	_	linguistic	_	ContainsVariation=No	_	_	_	_	_	_
135-13	TO044	135	13	un	un	_	_	_	_	_	linguistic	_	ContainsVariation=No	_	_	_	_	_	_
135-14	TO044	135	14	po'	po'	_	_	_	_	_	linguistic	_	ContainsVariation=No	_	_	_	_	_	_
135-15	TO044	135	15	andate	andate	_	_	_	_	_	linguistic	_	ContainsVariation=No	_	_	_	_	_	_
135-16	TO044	135	16	a	a	_	_	_	_	_	linguistic	_	ContainsVariation=No	_	_	_	_	_	_
135-17	TO044	135	17	puttane	puttane	_	_	_	_	_	linguistic	_	ContainsVariation=No	_	_	_	_	_	_
135-18	TO044	135	18	le	le	_	_	_	_	_	linguistic	_	ContainsVariation=No	_	_	_	_	_	_
135-19	TO044	135	19	c[ose	cose	_	_	_	_	_	linguistic	_	ContainsVariation=No	_	_	_	_	_	0-4(29)
135-20	TO044	135	20	così]	così	_	_	_	_	_	linguistic	_	ContainsVariation=No	_	_	_	_	_	0-4(29)
135-21	TO044	135	21	ho	ho	_	_	_	_	_	linguistic	_	ContainsVariation=No	_	_	_	_	_	_
135-22	TO044	135	22	detto	detto	_	_	_	_	_	linguistic	_	ContainsVariation=No	_	_	_	_	_	_
135-23	TO044	135	23	boh,	boh	_	_	_	_	_	linguistic	_	ContainsVariation=No	Intonation=WeaklyRising	End=383.293	_	_	_	_
136-0	TO055	136	0	[mhmh],	mhmh	_	_	_	_	_	linguistic	_	ContainsVariation=No	Intonation=WeaklyRising	Begin=381.972|End=382.522	_	_	_	0-4(29)
137-0	TO044	137	0	almeno	almeno	_	_	_	_	_	linguistic	_	ContainsVariation=No	_	Begin=383.546	_	_	_	_
137-1	TO044	137	1	non	non	_	_	_	_	_	linguistic	_	ContainsVariation=No	_	_	_	_	_	_
137-2	TO044	137	2	siamo	siamo	_	_	_	_	_	linguistic	_	ContainsVariation=No	_	_	_	_	_	_
137-3	TO044	137	3	incollate	incollate	_	_	_	_	_	linguistic	_	ContainsVariation=No	_	_	_	_	_	_
137-4	TO044	137	4	a	a	_	_	_	_	_	linguistic	_	ContainsVariation=No	_	_	_	_	_	_
137-5	TO044	137	5	stare	stare	_	_	_	_	_	linguistic	_	ContainsVariation=No	_	_	_	_	_	_
137-6	TO044	137	6	sempre	sempre	_	_	_	_	_	linguistic	_	ContainsVariation=No	_	_	_	_	_	_
137-7	TO044	137	7	insieme	insieme	_	_	_	_	_	linguistic	_	ContainsVariation=No	_	_	_	_	_	_
137-8	TO044	137	8	ho	ho	_	_	_	_	_	linguistic	_	ContainsVariation=No	_	_	_	_	_	_
137-9	TO044	137	9	i	i	_	_	_	_	_	linguistic	_	ContainsVariation=No	_	_	_	_	_	_
137-10	TO044	137	10	miei	miei	_	_	_	_	_	linguistic	_	ContainsVariation=No	_	_	_	_	_	_
137-11	TO044	137	11	spazi,	spazi	_	_	_	_	_	linguistic	_	ContainsVariation=No	Intonation=WeaklyRising	End=386.908	_	_	_	_
138-0	TO044	138	0	e::h	eh	_	_	_	_	_	linguistic	_	ContainsVariation=No	ProsodicLink=Yes	Begin=387.055	0x2	_	_	_
138-1	TO044	138	1	mh,	mh	_	_	_	_	_	linguistic	_	ContainsVariation=No	Intonation=WeaklyRising	End=388.091	_	_	_	_
139-0	TO044	139	0	però:	però	_	_	_	_	_	linguistic	_	ContainsVariation=No	ProsodicLink=Yes	Begin=388.5	3x1	_	_	_
139-1	TO044	139	1	m:h,	mh	_	_	_	_	_	linguistic	_	ContainsVariation=No	Intonation=WeaklyRising	End=389.794	0x1	_	_	_
140-0	TO044	140	0	però	però	_	_	_	_	_	linguistic	_	ContainsVariation=No	_	Begin=389.918	_	_	_	_
140-1	TO044	140	1	comunque	comunque	_	_	_	_	_	linguistic	_	ContainsVariation=No	_	_	_	_	_	_
140-2	TO044	140	2	ci	ci	_	_	_	_	_	linguistic	_	ContainsVariation=No	_	_	_	_	_	_
140-3	TO044	140	3	la	la	_	_	_	_	_	linguistic	_	ContainsVariation=No	_	_	_	_	_	_
140-4	TO044	140	4	vedevo	vedevo	_	_	_	_	_	linguistic	_	ContainsVariation=No	_	_	_	_	_	_
140-5	TO044	140	5	a	a	_	_	_	_	_	linguistic	_	ContainsVariation=No	_	_	_	_	_	_
140-6	TO044	140	6	scuola	scuola	_	_	_	_	_	linguistic	_	ContainsVariation=No	_	_	_	_	_	_
140-7	TO044	140	7	facciam	facciam	_	_	_	_	_	linguistic	_	ContainsVariation=No	_	_	_	_	_	_
140-8	TO044	140	8	tutto	tutto	_	_	_	_	_	linguistic	_	ContainsVariation=No	_	_	_	_	_	_
140-9	TO044	140	9	insieme	insieme	_	_	_	_	_	linguistic	_	ContainsVariation=No	_	_	_	_	_	_
140-10	TO044	140	10	dopo	dopo	_	_	_	_	_	linguistic	_	ContainsVariation=No	_	_	_	_	_	_
140-11	TO044	140	11	eccetera	eccetera	_	_	_	_	_	linguistic	_	ContainsVariation=No	_	_	_	_	_	_
140-12	TO044	140	12	quindi	quindi	_	_	_	_	_	linguistic	_	ContainsVariation=No	PauseAfter=Yes	_	_	_	_	_
140-13	TO044	140	13	(.)	(.)	_	_	_	_	_	shortpause	_	ContainsVariation=No	_	_	_	_	_	_
140-14	TO044	140	14	sono	sono	_	_	_	_	_	linguistic	_	ContainsVariation=No	_	_	_	_	_	_
140-15	TO044	140	15	andata	andata	_	_	_	_	_	linguistic	_	ContainsVariation=No	_	_	_	_	_	_
140-16	TO044	140	16	in	in	_	_	_	_	_	linguistic	_	ContainsVariation=No	_	_	_	_	_	_
140-17	TO044	140	17	appartamento	appartamento	_	_	_	_	_	linguistic	_	ContainsVariation=No	_	_	_	_	_	_
140-18	TO044	140	18	anche	anche	_	_	_	_	_	linguistic	_	ContainsVariation=No	_	_	_	_	_	_
140-19	TO044	140	19	perché	perché	_	_	_	_	_	linguistic	_	ContainsVariation=No	_	_	_	_	_	_
140-20	TO044	140	20	così	così	_	_	_	_	_	linguistic	_	ContainsVariation=No	_	_	_	_	_	_
140-21	TO044	140	21	potevo	potevo	_	_	_	_	_	linguistic	_	ContainsVariation=No	_	_	_	_	_	_
140-22	TO044	140	22	cucinarmi	cucinarmi	_	_	_	_	_	linguistic	_	ContainsVariation=No	_	_	_	_	_	_
140-23	TO044	140	23	da	da	_	_	_	_	_	linguistic	_	ContainsVariation=No	_	_	_	_	_	_
140-24	TO044	140	24	sola.	sola	_	_	_	_	_	linguistic	_	ContainsVariation=No	Intonation=Falling	End=397.575	_	_	_	_
141-0	TO055	141	0	mhmh.	mhmh	_	_	_	_	_	linguistic	_	ContainsVariation=No	Intonation=Falling	Begin=397.575|End=397.976	_	_	_	_
142-0	TO044	142	0	cioè	cioè	_	_	_	_	_	linguistic	_	ContainsVariation=No	_	Begin=398.718	_	_	_	_
142-1	TO044	142	1	le	le	_	_	_	_	_	linguistic	_	ContainsVariation=No	_	_	_	_	_	_
142-2	TO044	142	2	mie	mie	_	_	_	_	_	linguistic	_	ContainsVariation=No	_	_	_	_	_	_
142-3	TO044	142	3	cose	cose	_	_	_	_	_	linguistic	_	ContainsVariation=No	_	_	_	_	_	_
142-4	TO044	142	4	da	da	_	_	_	_	_	linguistic	_	ContainsVariation=No	_	_	_	_	_	_
142-5	TO044	142	5	sola	sola	_	_	_	_	_	linguistic	_	ContainsVariation=No	_	_	_	_	_	_
142-6	TO044	142	6	[°(nella	nella	_	_	_	_	_	linguistic	_	ContainsVariation=No	Volume=low	_	_	_	0-5(0)	0-5(30)
142-7	TO044	142	7	cucina)°].	cucina	_	_	_	_	_	linguistic	_	ContainsVariation=No	Intonation=Falling|Volume=low	End=401.409	_	_	0-6(0)	0-6(30)
143-0	TO055	143	0	((ride))	((ride))	_	_	_	_	_	nonverbalbehavior	_	ContainsVariation=No	_	Begin=399.874	_	_	_	_
143-1	TO055	143	1	[sì	sì	_	_	_	_	_	linguistic	_	ContainsVariation=No	PauseAfter=Yes	_	_	_	_	0-2(30)
143-2	TO055	143	2	(.)	(.)	_	_	_	_	_	shortpause	_	ContainsVariation=No	_	_	_	_	_	X(30)
143-3	TO055	143	3	non	non	_	_	_	_	_	linguistic	_	ContainsVariation=No	_	_	_	_	_	0-3(30)
143-4	TO055	143	4	all]a	alla	_	_	_	_	_	linguistic	_	ContainsVariation=No	_	_	_	_	_	0-3(30)
143-5	TO055	143	5	mensa.	mensa	_	_	_	_	_	linguistic	_	ContainsVariation=No	Intonation=Falling	End=401.991	_	_	_	_
144-0	TO044	144	0	e:::h	eh	_	_	_	_	_	linguistic	_	ContainsVariation=No	ProsodicLink=Yes	Begin=402.365	0x3	_	_	_
144-1	TO044	144	1	m:h,	mh	_	_	_	_	_	linguistic	_	ContainsVariation=No	Intonation=WeaklyRising	End=404.081	0x1	_	_	_
145-0	TO044	145	0	e	e	_	_	_	_	_	linguistic	_	ContainsVariation=No	_	Begin=404.995	_	_	_	_
145-1	TO044	145	1	quindi	quindi	_	_	_	_	_	linguistic	_	ContainsVariation=No	_	_	_	_	_	_
145-2	TO044	145	2	niente	niente	_	_	_	_	_	linguistic	_	ContainsVariation=No	_	_	_	_	_	_
145-3	TO044	145	3	praticamente,	praticamente	_	_	_	_	_	linguistic	_	ContainsVariation=No	Intonation=WeaklyRising	End=406.803	_	_	_	_
146-0	TO044	146	0	e::h	eh	_	_	_	_	_	linguistic	_	ContainsVariation=No	_	Begin=407.715	0x2	_	_	_
146-1	TO044	146	1	son	son	_	_	_	_	_	linguistic	_	ContainsVariation=No	_	_	_	_	_	_
146-2	TO044	146	2	stata	stata	_	_	_	_	_	linguistic	_	ContainsVariation=No	_	_	_	_	_	_
146-3	TO044	146	3	in	in	_	_	_	_	_	linguistic	_	ContainsVariation=No	_	_	_	_	_	_
146-4	TO044	146	4	questo	questo	_	_	_	_	_	linguistic	_	ContainsVariation=No	_	_	_	_	_	_
146-5	TO044	146	5	apparta[mento	appartamento	_	_	_	_	_	linguistic	_	ContainsVariation=No	_	_	_	_	_	7-12(31)
146-6	TO044	146	6	pr]ima	prima	_	_	_	_	_	linguistic	_	ContainsVariation=No	_	_	_	_	_	0-2(31)
146-7	TO044	146	7	avevo,	avevo	_	_	_	_	_	linguistic	_	ContainsVariation=No	Intonation=WeaklyRising	End=410.811	_	_	_	_
147-0	TO055	147	0	[okay].	okay	_	_	_	_	_	linguistic	_	ContainsVariation=No	Intonation=Falling	Begin=409.795|End=410.312	_	_	_	0-4(31)
148-0	TO044	148	0	una:	una	_	_	_	_	_	linguistic	_	ContainsVariation=No	ProsodicLink=Yes	Begin=411.129	2x1	_	_	_
148-1	TO044	148	1	m:h	mh	_	_	_	_	_	linguistic	_	ContainsVariation=No	_	_	0x1	_	_	_
148-2	TO044	148	2	avevo	avevo	_	_	_	_	_	linguistic	_	ContainsVariation=No	_	_	_	_	_	_
148-3	TO044	148	3	due	due	_	_	_	_	_	linguistic	_	ContainsVariation=No	_	_	_	_	_	_
148-4	TO044	148	4	coinquiline,	coinquiline	_	_	_	_	_	linguistic	_	ContainsVariation=No	Intonation=WeaklyRising	End=413.59	_	_	_	_
149-0	TO044	149	0	io	io	_	_	_	_	_	linguistic	_	ContainsVariation=No	_	Begin=413.706	_	_	_	_
149-1	TO044	149	1	av~	av~	_	_	_	_	_	linguistic	_	ContainsVariation=No	Interrupted=Yes	_	_	_	_	_
149-2	TO044	149	2	dividevo	dividevo	_	_	_	_	_	linguistic	_	ContainsVariation=No	_	_	_	_	_	_
149-3	TO044	149	3	una	una	_	_	_	_	_	linguistic	_	ContainsVariation=No	_	_	_	_	_	_
149-4	TO044	149	4	camera	camera	_	_	_	_	_	linguistic	_	ContainsVariation=No	_	_	_	_	_	_
149-5	TO044	149	5	singola	singola	_	_	_	_	_	linguistic	_	ContainsVariation=No	_	_	_	_	_	_
149-6	TO044	149	6	con	con	_	_	_	_	_	linguistic	_	ContainsVariation=No	_	_	_	_	_	_
149-7	TO044	149	7	una	una	_	_	_	_	_	linguistic	_	ContainsVariation=No	_	_	_	_	_	_
149-8	TO044	149	8	giapponese,	giapponese	_	_	_	_	_	linguistic	_	ContainsVariation=No	Intonation=WeaklyRising	End=416.672	_	_	_	_
150-0	TO055	150	0	oddio	oddio	_	_	_	_	_	linguistic	_	ContainsVariation=No	_	Begin=416.672	_	_	_	_
150-1	TO055	150	1	giappon[ese],	giapponese	_	_	_	_	_	linguistic	_	ContainsVariation=No	Intonation=WeaklyRising	End=417.976	_	_	_	7-10(32)
151-0	TO044	151	0	[teneri]ssima.	tenerissima	_	_	_	_	_	linguistic	_	ContainsVariation=No	Intonation=Falling	Begin=417.582|End=418.598	_	_	_	0-6(32)
152-0	TO055	152	0	madoi	madoi	_	_	_	_	_	linguistic	_	ContainsVariation=No	_	Begin=418.806	_	_	_	_
152-1	TO055	152	1	c[ulture	culture	_	_	_	_	_	linguistic	_	ContainsVariation=No	_	_	_	_	_	1-7(33)
152-2	TO055	152	2	di]stantissime	distantissime	_	_	_	_	_	linguistic	_	ContainsVariation=No	_	_	_	_	_	0-2(33)
152-3	TO055	152	3	[°(vabe)°].	vabe	_	_	_	_	_	linguistic	_	ContainsVariation=No	Intonation=Falling|Volume=low	End=421.03	_	_	0-4(0)	0-4(34)
153-0	TO044	153	0	[mi	mi	_	_	_	_	_	linguistic	_	ContainsVariation=No	_	Begin=419.186	_	_	_	0-2(33)
153-1	TO044	153	1	ha	ha	_	_	_	_	_	linguistic	_	ContainsVariation=No	_	_	_	_	_	0-2(33)
153-2	TO044	153	2	lasc~]	lasc~	_	_	_	_	_	linguistic	_	ContainsVariation=No	Interrupted=Yes	End=419.818	_	_	_	0-5(33)
154-0	TO044	154	0	[però	però	_	_	_	_	_	linguistic	_	ContainsVariation=No	_	Begin=420.619	_	_	_	0-4(34)
154-1	TO044	154	1	mi	mi	_	_	_	_	_	linguistic	_	ContainsVariation=No	_	_	_	_	_	0-2(34)
154-2	TO044	154	2	h]a	ha	_	_	_	_	_	linguistic	_	ContainsVariation=No	_	_	_	_	_	0-1(34)
154-3	TO044	154	3	regalato	regalato	_	_	_	_	_	linguistic	_	ContainsVariation=No	_	_	_	_	_	_
154-4	TO044	154	4	anche	anche	_	_	_	_	_	linguistic	_	ContainsVariation=No	_	_	_	_	_	_
154-5	TO044	154	5	cinquanta,	cinquanta	_	_	_	_	_	linguistic	_	ContainsVariation=No	Intonation=WeaklyRising	End=422.503	_	_	_	_
155-0	TO044	155	0	euro	euro	_	_	_	_	_	linguistic	_	ContainsVariation=No	_	Begin=422.876	_	_	_	_
155-1	TO044	155	1	in	in	_	_	_	_	_	linguistic	_	ContainsVariation=No	_	_	_	_	_	_
155-2	TO044	155	2	yen	yen	_	_	_	_	_	linguistic	_	ContainsVariation=No	_	_	_	_	_	_
155-3	TO044	155	3	non	non	_	_	_	_	_	linguistic	_	ContainsVariation=No	_	_	_	_	_	_
155-4	TO044	155	4	so	so	_	_	_	_	_	linguistic	_	ContainsVariation=No	_	_	_	_	_	_
155-5	TO044	155	5	perché.	perché	_	_	_	_	_	linguistic	_	ContainsVariation=No	Intonation=Falling	End=424.724	_	_	_	_
156-0	TO055	156	0	come	come	_	_	_	_	_	linguistic	_	ContainsVariation=No	_	Begin=424.724	_	_	_	_
156-1	TO055	156	1	mai?	mai	_	_	_	_	_	linguistic	_	ContainsVariation=No	Intonation=Rising	End=425.33	_	_	_	_
157-0	TO044	157	0	ma	ma	_	_	_	_	_	linguistic	_	ContainsVariation=No	_	Begin=425.33	_	_	_	_
157-1	TO044	157	1	perché	perché	_	_	_	_	_	linguistic	_	ContainsVariation=No	_	_	_	_	_	_
157-2	TO044	157	2	son	son	_	_	_	_	_	linguistic	_	ContainsVariation=No	_	_	_	_	_	_
157-3	TO044	157	3	scemi	scemi	_	_	_	_	_	linguistic	_	ContainsVariation=No	_	_	_	_	_	_
157-4	TO044	157	4	secondo	secondo	_	_	_	_	_	linguistic	_	ContainsVariation=No	_	_	_	_	_	_
157-5	TO044	157	5	me.	me	_	_	_	_	_	linguistic	_	ContainsVariation=No	Intonation=Falling	End=427.047	_	_	_	_
158-0	TO044	158	0	no	no	_	_	_	_	_	linguistic	_	ContainsVariation=No	_	Begin=427.075	_	_	_	_
158-1	TO044	158	1	nel	nel	_	_	_	_	_	linguistic	_	ContainsVariation=No	_	_	_	_	_	_
158-2	TO044	158	2	senso	senso	_	_	_	_	_	linguistic	_	ContainsVariation=No	_	_	_	_	_	_
158-3	TO044	158	3	che,	che	_	_	_	_	_	linguistic	_	ContainsVariation=No	Intonation=WeaklyRising	End=427.921	_	_	_	_
159-0	TO044	159	0	no.	no	_	_	_	_	_	linguistic	_	ContainsVariation=No	Intonation=Falling	Begin=428.188	_	_	_	_
159-1	TO044	159	1	nel	nel	_	_	_	_	_	linguistic	_	ContainsVariation=No	_	_	_	_	_	_
159-2	TO044	159	2	senso	senso	_	_	_	_	_	linguistic	_	ContainsVariation=No	_	_	_	_	_	_
159-3	TO044	159	3	che,	che	_	_	_	_	_	linguistic	_	ContainsVariation=No	Intonation=WeaklyRising	End=429.385	_	_	_	_
160-0	TO044	160	0	sono	sono	_	_	_	_	_	linguistic	_	ContainsVariation=No	_	Begin=429.784	_	_	_	_
160-1	TO044	160	1	troppo	troppo	_	_	_	_	_	linguistic	_	ContainsVariation=No	_	_	_	_	_	_
160-2	TO044	160	2	genero~	genero~	_	_	_	_	_	linguistic	_	ContainsVariation=No	Interrupted=Yes|PauseAfter=Yes	_	_	_	_	_
160-3	TO044	160	3	(.)	(.)	_	_	_	_	_	shortpause	_	ContainsVariation=No	_	_	_	_	_	_
160-4	TO044	160	4	[credo]	credo	_	_	_	_	_	linguistic	_	ContainsVariation=No	_	_	_	_	_	0-5(35)
160-5	TO044	160	5	che	che	_	_	_	_	_	linguistic	_	ContainsVariation=No	_	_	_	_	_	_
160-6	TO044	160	6	siano	siano	_	_	_	_	_	linguistic	_	ContainsVariation=No	_	_	_	_	_	_
160-7	TO044	160	7	molto	molto	_	_	_	_	_	linguistic	_	ContainsVariation=No	_	_	_	_	_	_
160-8	TO044	160	8	ricchi	ricchi	_	_	_	_	_	linguistic	_	ContainsVariation=No	_	_	_	_	_	_
160-9	TO044	160	9	come	come	_	_	_	_	_	linguistic	_	ContainsVariation=No	_	_	_	_	_	_
160-10	TO044	160	10	cultura	cultura	_	_	_	_	_	linguistic	_	ContainsVariation=No	_	_	_	_	_	_
160-11	TO044	160	11	se	se	_	_	_	_	_	linguistic	_	ContainsVariation=No	_	_	_	_	_	_
160-12	TO044	160	12	s~	s~	_	_	_	_	_	linguistic	_	ContainsVariation=No	Interrupted=Yes	_	_	_	_	_
160-13	TO044	160	13	se	se	_	_	_	_	_	linguistic	_	ContainsVariation=No	_	_	_	_	_	_
160-14	TO044	160	14	possono	possono	_	_	_	_	_	linguistic	_	ContainsVariation=No	_	_	_	_	_	_
160-15	TO044	160	15	andare	andare	_	_	_	_	_	linguistic	_	ContainsVariation=No	_	_	_	_	_	_
160-16	TO044	160	16	negli	negli	_	_	_	_	_	linguistic	_	ContainsVariation=No	_	_	_	_	_	_
160-17	TO044	160	17	stati	stati	_	_	_	_	_	linguistic	_	ContainsVariation=No	_	_	_	_	_	_
160-18	TO044	160	18	uniti.	uniti	_	_	_	_	_	linguistic	_	ContainsVariation=No	Intonation=Falling	End=435.59	_	_	_	_
161-0	TO055	161	0	[okay].	okay	_	_	_	_	_	linguistic	_	ContainsVariation=No	Intonation=Falling	Begin=431.216|End=431.704	_	_	_	0-4(35)
162-0	TO044	162	0	e	e	_	_	_	_	_	linguistic	_	ContainsVariation=No	_	Begin=435.868	_	_	_	_
162-1	TO044	162	1	e:	e	_	_	_	_	_	linguistic	_	ContainsVariation=No	_	_	0x1	_	_	_
162-2	TO044	162	2	son	son	_	_	_	_	_	linguistic	_	ContainsVariation=No	_	_	_	_	_	_
162-3	TO044	162	3	stra-generosi	stra-generosi	_	_	_	_	_	linguistic	_	ContainsVariation=No	_	_	_	_	_	_
162-4	TO044	162	4	cioè	cioè	_	_	_	_	_	linguistic	_	ContainsVariation=No	_	_	_	_	_	_
162-5	TO044	162	5	quando	quando	_	_	_	_	_	linguistic	_	ContainsVariation=No	_	_	_	_	_	_
162-6	TO044	162	6	lei	lei	_	_	_	_	_	linguistic	_	ContainsVariation=No	_	_	_	_	_	_
162-7	TO044	162	7	se	se	_	_	_	_	_	linguistic	_	ContainsVariation=No	_	_	_	_	_	_
162-8	TO044	162	8	n'	n'	_	_	_	_	_	linguistic	_	ContainsVariation=No	SpaceAfter=No	_	_	_	_	_
162-9	TO044	162	9	è	è	_	_	_	_	_	linguistic	_	ContainsVariation=No	_	_	_	_	_	_
162-10	TO044	162	10	andata	andata	_	_	_	_	_	linguistic	_	ContainsVariation=No	_	_	_	_	_	_
162-11	TO044	162	11	via	via	_	_	_	_	_	linguistic	_	ContainsVariation=No	_	_	_	_	_	_
162-12	TO044	162	12	mi	mi	_	_	_	_	_	linguistic	_	ContainsVariation=No	_	_	_	_	_	_
162-13	TO044	162	13	ha	ha	_	_	_	_	_	linguistic	_	ContainsVariation=No	_	_	_	_	_	_
162-14	TO044	162	14	lasciato	lasciato	_	_	_	_	_	linguistic	_	ContainsVariation=No	_	_	_	_	_	_
162-15	TO044	162	15	mez~	mez~	_	_	_	_	_	linguistic	_	ContainsVariation=No	Interrupted=Yes	_	_	_	_	_
162-16	TO044	162	16	metà	metà	_	_	_	_	_	linguistic	_	ContainsVariation=No	_	_	_	_	_	_
162-17	TO044	162	17	delle	delle	_	_	_	_	_	linguistic	_	ContainsVariation=No	_	_	_	_	_	_
162-18	TO044	162	18	sue	sue	_	_	_	_	_	linguistic	_	ContainsVariation=No	_	_	_	_	_	_
162-19	TO044	162	19	cose,	cose	_	_	_	_	_	linguistic	_	ContainsVariation=No	Intonation=WeaklyRising	End=440.59	_	_	_	_
163-0	TO044	163	0	tra	tra	_	_	_	_	_	linguistic	_	ContainsVariation=No	_	Begin=441.683	_	_	_	_
163-1	TO044	163	1	cui	cui	_	_	_	_	_	linguistic	_	ContainsVariation=No	_	_	_	_	_	_
163-2	TO044	163	2	anche	anche	_	_	_	_	_	linguistic	_	ContainsVariation=No	_	_	_	_	_	_
163-3	TO044	163	3	'sti	'sti	_	_	_	_	_	linguistic	_	ContainsVariation=No	Truncated=Yes	_	_	_	_	_
163-4	TO044	163	4	soldi	soldi	_	_	_	_	_	linguistic	_	ContainsVariation=No	_	_	_	_	_	_
163-5	TO044	163	5	che	che	_	_	_	_	_	linguistic	_	ContainsVariation=No	_	_	_	_	_	_
163-6	TO044	163	6	dico	dico	_	_	_	_	_	linguistic	_	ContainsVariation=No	_	_	_	_	_	_
163-7	TO044	163	7	boh	boh	_	_	_	_	_	linguistic	_	ContainsVariation=No	_	_	_	_	_	_
163-8	TO044	163	8	io	io	_	_	_	_	_	linguistic	_	ContainsVariation=No	_	_	_	_	_	_
163-9	TO044	163	9	le	le	_	_	_	_	_	linguistic	_	ContainsVariation=No	_	_	_	_	_	_
163-10	TO044	163	10	ho	ho	_	_	_	_	_	linguistic	_	ContainsVariation=No	_	_	_	_	_	_
163-11	TO044	163	11	dato	dato	_	_	_	_	_	linguistic	_	ContainsVariation=No	_	_	_	_	_	_
163-12	TO044	163	12	un	un	_	_	_	_	_	linguistic	_	ContainsVariation=No	_	_	_	_	_	_
163-13	TO044	163	13	euro	euro	_	_	_	_	_	linguistic	_	ContainsVariation=No	_	_	_	_	_	_
163-14	TO044	163	14	perché	perché	_	_	_	_	_	linguistic	_	ContainsVariation=No	_	_	_	_	_	_
163-15	TO044	163	15	pensavo	pensavo	_	_	_	_	_	linguistic	_	ContainsVariation=No	_	_	_	_	_	_
163-16	TO044	163	16	fosse	fosse	_	_	_	_	_	linguistic	_	ContainsVariation=No	_	_	_	_	_	_
163-17	TO044	163	17	l'	l'	_	_	_	_	_	linguistic	_	ContainsVariation=No	SpaceAfter=No	_	_	_	_	_
163-18	TO044	163	18	equivalente	equivalente	_	_	_	_	_	linguistic	_	ContainsVariation=No	_	_	_	_	_	_
163-19	TO044	163	19	in	in	_	_	_	_	_	linguistic	_	ContainsVariation=No	_	_	_	_	_	_
163-20	TO044	163	20	euro	euro	_	_	_	_	_	linguistic	_	ContainsVariation=No	_	_	_	_	_	_
163-21	TO044	163	21	io	io	_	_	_	_	_	linguistic	_	ContainsVariation=No	_	_	_	_	_	_
163-22	TO044	163	22	che	che	_	_	_	_	_	linguistic	_	ContainsVariation=No	_	_	_	_	_	_
163-23	TO044	163	23	cazzo	cazzo	_	_	_	_	_	linguistic	_	ContainsVariation=No	_	_	_	_	_	_
163-24	TO044	163	24	ne	ne	_	_	_	_	_	linguistic	_	ContainsVariation=No	_	_	_	_	_	_
163-25	TO044	163	25	s[o	so	_	_	_	_	_	linguistic	_	ContainsVariation=No	_	_	_	_	_	0-2(36)
163-26	TO044	163	26	quanto]	quanto	_	_	_	_	_	linguistic	_	ContainsVariation=No	_	_	_	_	_	0-6(36)
163-27	TO044	163	27	valgono,	valgono	_	_	_	_	_	linguistic	_	ContainsVariation=No	Intonation=WeaklyRising	End=447.937	_	_	_	_
164-0	TO055	164	0	[mhmh],	mhmh	_	_	_	_	_	linguistic	_	ContainsVariation=No	Intonation=WeaklyRising	Begin=446.991|End=447.397	_	_	_	0-4(36)
165-0	TO044	165	0	e::h	eh	_	_	_	_	_	linguistic	_	ContainsVariation=No	_	Begin=448.274	0x2	_	_	_
165-1	TO044	165	1	cinquemila	cinquemila	_	_	_	_	_	linguistic	_	ContainsVariation=No	_	_	_	_	_	_
165-2	TO044	165	2	yen.	yen	_	_	_	_	_	linguistic	_	ContainsVariation=No	Intonation=Falling	End=450.142	_	_	_	_
166-0	TO044	166	0	e	e	_	_	_	_	_	linguistic	_	ContainsVariation=No	_	Begin=450.57	_	_	_	_
166-1	TO044	166	1	poi	poi	_	_	_	_	_	linguistic	_	ContainsVariation=No	_	_	_	_	_	_
166-2	TO044	166	2	una	una	_	_	_	_	_	linguistic	_	ContainsVariation=No	_	_	_	_	_	_
166-3	TO044	166	3	mia	mia	_	_	_	_	_	linguistic	_	ContainsVariation=No	_	_	_	_	_	_
166-4	TO044	166	4	amica	amica	_	_	_	_	_	linguistic	_	ContainsVariation=No	_	_	_	_	_	_
166-5	TO044	166	5	coreana	coreana	_	_	_	_	_	linguistic	_	ContainsVariation=No	_	_	_	_	_	_
166-6	TO044	166	6	mi	mi	_	_	_	_	_	linguistic	_	ContainsVariation=No	_	_	_	_	_	_
166-7	TO044	166	7	ha	ha	_	_	_	_	_	linguistic	_	ContainsVariation=No	_	_	_	_	_	_
166-8	TO044	166	8	detto	detto	_	_	_	_	_	linguistic	_	ContainsVariation=No	_	_	_	_	_	_
166-9	TO044	166	9	che	che	_	_	_	_	_	linguistic	_	ContainsVariation=No	PauseAfter=Yes	_	_	_	_	_
166-10	TO044	166	10	(.)	(.)	_	_	_	_	_	shortpause	_	ContainsVariation=No	_	_	_	_	_	_
166-11	TO044	166	11	°valevano	valevano	_	_	_	_	_	linguistic	_	ContainsVariation=No	Volume=low	_	_	_	_	_
166-12	TO044	166	12	cinquanta	cinquanta	_	_	_	_	_	linguistic	_	ContainsVariation=No	Volume=low	_	_	_	_	_
166-13	TO044	166	13	dollari.°	dollari	_	_	_	_	_	linguistic	_	ContainsVariation=No	Intonation=Falling|Volume=low	End=455.134	_	_	_	_
167-0	TO044	167	0	[e:	e	_	_	_	_	_	linguistic	_	ContainsVariation=No	_	Begin=455.45	0x1	_	_	0-1(37)
167-1	TO044	167	1	quindi],	quindi	_	_	_	_	_	linguistic	_	ContainsVariation=No	Intonation=WeaklyRising	End=456.244	_	_	_	0-6(37)
168-0	TO055	168	0	[ma	ma	_	_	_	_	_	linguistic	_	ContainsVariation=No	PauseAfter=Yes	Begin=455.563	_	_	_	0-2(37)
168-1	TO055	168	1	(.)	(.)	_	_	_	_	_	shortpause	_	ContainsVariation=No	_	_	_	_	_	X(37)
168-2	TO055	168	2	m]a	ma	_	_	_	_	_	linguistic	_	ContainsVariation=No	_	_	_	_	_	0-1(37)
168-3	TO055	168	3	così	così	_	_	_	_	_	linguistic	_	ContainsVariation=No	_	_	_	_	_	_
168-4	TO055	168	4	dal	dal	_	_	_	_	_	linguistic	_	ContainsVariation=No	_	_	_	_	_	_
168-5	TO055	168	5	nul[la	nulla	_	_	_	_	_	linguistic	_	ContainsVariation=No	_	_	_	_	_	3-5(38)
168-6	TO055	168	6	te	te	_	_	_	_	_	linguistic	_	ContainsVariation=No	_	_	_	_	_	0-2(38)
168-7	TO055	168	7	li	li	_	_	_	_	_	linguistic	_	ContainsVariation=No	_	_	_	_	_	0-2(38)
168-8	TO055	168	8	ha	ha	_	_	_	_	_	linguistic	_	ContainsVariation=No	_	_	_	_	_	0-2(38)
168-9	TO055	168	9	regalati]?	regalati	_	_	_	_	_	linguistic	_	ContainsVariation=No	Intonation=Rising	End=457.964	_	_	_	0-8(38)
169-0	TO044	169	0	[sì	sì	_	_	_	_	_	linguistic	_	ContainsVariation=No	_	Begin=456.941	_	_	_	0-2(38)
169-1	TO044	169	1	sì	sì	_	_	_	_	_	linguistic	_	ContainsVariation=No	_	_	_	_	_	0-2(38)
169-2	TO044	169	2	sì	sì	_	_	_	_	_	linguistic	_	ContainsVariation=No	_	_	_	_	_	0-2(38)
169-3	TO044	169	3	mi	mi	_	_	_	_	_	linguistic	_	ContainsVariation=No	_	_	_	_	_	0-2(38)
169-4	TO044	169	4	mi	mi	_	_	_	_	_	linguistic	_	ContainsVariation=No	_	_	_	_	_	0-2(38)
169-5	TO044	169	5	h~]	h~	_	_	_	_	_	linguistic	_	ContainsVariation=No	Interrupted=Yes	_	_	_	_	0-2(38)
169-6	TO044	169	6	in	in	_	_	_	_	_	linguistic	_	ContainsVariation=No	_	_	_	_	_	_
169-7	TO044	169	7	mezzo	mezzo	_	_	_	_	_	linguistic	_	ContainsVariation=No	_	_	_	_	_	_
169-8	TO044	169	8	ai	ai	_	_	_	_	_	linguistic	_	ContainsVariation=No	_	_	_	_	_	_
169-9	TO044	169	9	regali	regali	_	_	_	_	_	linguistic	_	ContainsVariation=No	_	_	_	_	_	_
169-10	TO044	169	10	mi	mi	_	_	_	_	_	linguistic	_	ContainsVariation=No	_	_	_	_	_	_
169-11	TO044	169	11	fa,	fa	_	_	_	_	_	linguistic	_	ContainsVariation=No	Intonation=WeaklyRising	End=459.48	_	_	_	_
170-0	TO044	170	0	<dammi	dammi	_	_	_	_	_	linguistic	_	ContainsVariation=No	_	Begin=459.745	_	Slow=0-5(0)	_	_
170-1	TO044	170	1	un	un	_	_	_	_	_	linguistic	_	ContainsVariation=No	_	_	_	Slow=0-2(0)	_	_
170-2	TO044	170	2	po'	po'	_	_	_	_	_	linguistic	_	ContainsVariation=No	_	_	_	Slow=0-3(0)	_	_
170-3	TO044	170	3	una	una	_	_	_	_	_	linguistic	_	ContainsVariation=No	_	_	_	Slow=0-3(0)	_	_
170-4	TO044	170	4	moneta	moneta	_	_	_	_	_	linguistic	_	ContainsVariation=No	_	_	_	Slow=0-6(0)	_	_
170-5	TO044	170	5	del	del	_	_	_	_	_	linguistic	_	ContainsVariation=No	_	_	_	Slow=0-3(0)	_	_
170-6	TO044	170	6	tuo	tuo	_	_	_	_	_	linguistic	_	ContainsVariation=No	_	_	_	Slow=0-3(0)	_	_
170-7	TO044	170	7	paese	paese	_	_	_	_	_	linguistic	_	ContainsVariation=No	_	_	_	Slow=0-5(0)	_	_
170-8	TO044	170	8	un'	un'	_	_	_	_	_	linguistic	_	ContainsVariation=No	SpaceAfter=No	_	_	Slow=0-3(0)	_	_
170-9	TO044	170	9	e:uro:>	euro	_	_	_	_	_	linguistic	_	ContainsVariation=No	_	_	0x1,3x1	Slow=0-4(0)	_	_
170-10	TO044	170	10	gli	gli	_	_	_	_	_	linguistic	_	ContainsVariation=No	_	_	_	_	_	_
170-11	TO044	170	11	ho	ho	_	_	_	_	_	linguistic	_	ContainsVariation=No	_	_	_	_	_	_
170-12	TO044	170	12	dato	dato	_	_	_	_	_	linguistic	_	ContainsVariation=No	_	_	_	_	_	_
170-13	TO044	170	13	un	un	_	_	_	_	_	linguistic	_	ContainsVariation=No	_	_	_	_	_	_
170-14	TO044	170	14	euro	euro	_	_	_	_	_	linguistic	_	ContainsVariation=No	_	_	_	_	_	_
170-15	TO044	170	15	quindi	quindi	_	_	_	_	_	linguistic	_	ContainsVariation=No	_	_	_	_	_	_
170-16	TO044	170	16	pensavo	pensavo	_	_	_	_	_	linguistic	_	ContainsVariation=No	_	_	_	_	_	_
170-17	TO044	170	17	che	che	_	_	_	_	_	linguistic	_	ContainsVariation=No	_	_	_	_	_	_
170-18	TO044	170	18	valesse	valesse	_	_	_	_	_	linguistic	_	ContainsVariation=No	_	_	_	_	_	_
170-19	TO044	170	19	un	un	_	_	_	_	_	linguistic	_	ContainsVariation=No	_	_	_	_	_	_
170-20	TO044	170	20	euro,	euro	_	_	_	_	_	linguistic	_	ContainsVariation=No	Intonation=WeaklyRising	End=465.338	_	_	_	_
171-0	TO044	171	0	comunque	comunque	_	_	_	_	_	linguistic	_	ContainsVariation=No	_	Begin=465.896	_	_	_	_
171-1	TO044	171	1	poi	poi	_	_	_	_	_	linguistic	_	ContainsVariation=No	_	_	_	_	_	_
171-2	TO044	171	2	invece	invece	_	_	_	_	_	linguistic	_	ContainsVariation=No	_	_	_	_	_	_
171-3	TO044	171	3	l'	l'	_	_	_	_	_	linguistic	_	ContainsVariation=No	SpaceAfter=No	_	_	_	_	_
171-4	TO044	171	4	altra	altra	_	_	_	_	_	linguistic	_	ContainsVariation=No	_	_	_	_	_	_
171-5	TO044	171	5	russa,	russa	_	_	_	_	_	linguistic	_	ContainsVariation=No	Intonation=WeaklyRising	End=468.305	_	_	_	_
172-0	TO044	172	0	che	che	_	_	_	_	_	linguistic	_	ContainsVariation=No	_	Begin=468.533	_	_	_	_
172-1	TO044	172	1	in	in	_	_	_	_	_	linguistic	_	ContainsVariation=No	_	_	_	_	_	_
172-2	TO044	172	2	realtà	realtà	_	_	_	_	_	linguistic	_	ContainsVariation=No	_	_	_	_	_	_
172-3	TO044	172	3	era:,	era	_	_	_	_	_	linguistic	_	ContainsVariation=No	Intonation=WeaklyRising	End=469.522	2x1	_	_	_
173-0	TO044	173	0	della:	della	_	_	_	_	_	linguistic	_	ContainsVariation=No	ProsodicLink=Yes	Begin=469.696	4x1	_	_	_
173-1	TO044	173	1	mh,	mh	_	_	_	_	_	linguistic	_	ContainsVariation=No	Intonation=WeaklyRising	End=470.724	_	_	_	_
174-0	TO044	174	0	azerbaijan,	azerbaijan	_	_	_	_	_	linguistic	_	ContainsVariation=No	Intonation=WeaklyRising	Begin=471.365|End=472.488	_	_	_	_
175-0	TO055	175	0	okay.	okay	_	_	_	_	_	linguistic	_	ContainsVariation=No	Intonation=Falling	Begin=472.519|End=473.237	_	_	_	_
176-0	TO044	176	0	lei:	lei	_	_	_	_	_	linguistic	_	ContainsVariation=No	ProsodicLink=Yes	Begin=473.901	2x1	_	_	_
176-1	TO044	176	1	e:::h	eh	_	_	_	_	_	linguistic	_	ContainsVariation=No	_	_	0x3	_	_	_
176-2	TO044	176	2	studiava	studiava	_	_	_	_	_	linguistic	_	ContainsVariation=No	_	_	_	_	_	_
176-3	TO044	176	3	all'	all'	_	_	_	_	_	linguistic	_	ContainsVariation=No	SpaceAfter=No	_	_	_	_	_
176-4	TO044	176	4	università	università	_	_	_	_	_	linguistic	_	ContainsVariation=No	_	_	_	_	_	_
176-5	TO044	176	5	lì	lì	_	_	_	_	_	linguistic	_	ContainsVariation=No	_	_	_	_	_	_
176-6	TO044	176	6	e	e	_	_	_	_	_	linguistic	_	ContainsVariation=No	_	_	_	_	_	_
176-7	TO044	176	7	quindi	quindi	_	_	_	_	_	linguistic	_	ContainsVariation=No	_	_	_	_	_	_
176-8	TO044	176	8	è	è	_	_	_	_	_	linguistic	_	ContainsVariation=No	_	_	_	_	_	_
176-9	TO044	176	9	stata	stata	_	_	_	_	_	linguistic	_	ContainsVariation=No	_	_	_	_	_	_
176-10	TO044	176	10	solo	solo	_	_	_	_	_	linguistic	_	ContainsVariation=No	_	_	_	_	_	_
176-11	TO044	176	11	più	più	_	_	_	_	_	linguistic	_	ContainsVariation=No	_	_	_	_	_	_
176-12	TO044	176	12	un	un	_	_	_	_	_	linguistic	_	ContainsVariation=No	_	_	_	_	_	_
176-13	TO044	176	13	mese	mese	_	_	_	_	_	linguistic	_	ContainsVariation=No	_	_	_	_	_	_
176-14	TO044	176	14	con	con	_	_	_	_	_	linguistic	_	ContainsVariation=No	_	_	_	_	_	_
176-15	TO044	176	15	me,	me	_	_	_	_	_	linguistic	_	ContainsVariation=No	Intonation=WeaklyRising	End=479.018	_	_	_	_
177-0	TO044	177	0	>perché	perché	_	_	_	_	_	linguistic	_	ContainsVariation=No	_	Begin=479.5	_	Fast=0-6(0)	_	_
177-1	TO044	177	1	poi	poi	_	_	_	_	_	linguistic	_	ContainsVariation=No	_	_	_	Fast=0-3(0)	_	_
177-2	TO044	177	2	si	si	_	_	_	_	_	linguistic	_	ContainsVariation=No	_	_	_	Fast=0-2(0)	_	_
177-3	TO044	177	3	è	è	_	_	_	_	_	linguistic	_	ContainsVariation=No	_	_	_	Fast=0-1(0)	_	_
177-4	TO044	177	4	trasferita	trasferita	_	_	_	_	_	linguistic	_	ContainsVariation=No	_	_	_	Fast=0-10(0)	_	_
177-5	TO044	177	5	nel	nel	_	_	_	_	_	linguistic	_	ContainsVariation=No	_	_	_	Fast=0-3(0)	_	_
177-6	TO044	177	6	complesso	complesso	_	_	_	_	_	linguistic	_	ContainsVariation=No	_	_	_	Fast=0-9(0)	_	_
177-7	TO044	177	7	universitario	universitario	_	_	_	_	_	linguistic	_	ContainsVariation=No	_	_	_	Fast=0-13(0)	_	_
177-8	TO044	177	8	ma	ma	_	_	_	_	_	linguistic	_	ContainsVariation=No	_	_	_	Fast=0-2(0)	_	_
177-9	TO044	177	9	la	la	_	_	_	_	_	linguistic	_	ContainsVariation=No	_	_	_	Fast=0-2(0)	_	_
177-10	TO044	177	10	cosa	cosa	_	_	_	_	_	linguistic	_	ContainsVariation=No	_	_	_	Fast=0-4(0)	_	_
177-11	TO044	177	11	divertene	divertene	_	_	_	_	_	linguistic	_	ContainsVariation=No	_	_	_	Fast=0-9(0)	_	_
177-12	TO044	177	12	è	è	_	_	_	_	_	linguistic	_	ContainsVariation=No	_	_	_	Fast=0-1(0)	_	_
177-13	TO044	177	13	che	che	_	_	_	_	_	linguistic	_	ContainsVariation=No	_	_	_	Fast=0-3(0)	_	_
177-14	TO044	177	14	io	io	_	_	_	_	_	linguistic	_	ContainsVariation=No	_	_	_	Fast=0-2(0)	_	_
177-15	TO044	177	15	abitavo	abitavo	_	_	_	_	_	linguistic	_	ContainsVariation=No	_	_	_	Fast=0-7(0)	_	_
177-16	TO044	177	16	in	in	_	_	_	_	_	linguistic	_	ContainsVariation=No	_	_	_	Fast=0-2(0)	_	_
177-17	TO044	177	17	quel	quel	_	_	_	_	_	linguistic	_	ContainsVariation=No	_	_	_	Fast=0-4(0)	_	_
177-18	TO044	177	18	momento	momento	_	_	_	_	_	linguistic	_	ContainsVariation=No	_	_	_	Fast=0-7(0)	_	_
177-19	TO044	177	19	lì<,	lì	_	_	_	_	_	linguistic	_	ContainsVariation=No	Intonation=WeaklyRising	End=484.856	_	Fast=0-2(0)	_	_
178-0	TO044	178	0	>nell'	nell'	_	_	_	_	_	linguistic	_	ContainsVariation=No	SpaceAfter=No	Begin=485.078	_	Fast=0-5(0)	_	_
178-1	TO044	178	1	appartamento	appartamento	_	_	_	_	_	linguistic	_	ContainsVariation=No	_	_	_	Fast=0-12(0)	_	_
178-2	TO044	178	2	di	di	_	_	_	_	_	linguistic	_	ContainsVariation=No	_	_	_	Fast=0-2(0)	_	_
178-3	TO044	178	3	fronte	fronte	_	_	_	_	_	linguistic	_	ContainsVariation=No	_	_	_	Fast=0-6(0)	_	_
178-4	TO044	178	4	a	a	_	_	_	_	_	linguistic	_	ContainsVariation=No	_	_	_	Fast=0-1(0)	_	_
178-5	TO044	178	5	quello	quello	_	_	_	_	_	linguistic	_	ContainsVariation=No	_	_	_	Fast=0-6(0)	_	_
178-6	TO044	178	6	in	in	_	_	_	_	_	linguistic	_	ContainsVariation=No	_	_	_	Fast=0-2(0)	_	_
178-7	TO044	178	7	cui	cui	_	_	_	_	_	linguistic	_	ContainsVariation=No	_	_	_	Fast=0-3(0)	_	_
178-8	TO044	178	8	abitava	abitava	_	_	_	_	_	linguistic	_	ContainsVariation=No	_	_	_	Fast=0-7(0)	_	_
178-9	TO044	178	9	una	una	_	_	_	_	_	linguistic	_	ContainsVariation=No	_	_	_	Fast=0-3(0)	_	_
178-10	TO044	178	10	mia	mia	_	_	_	_	_	linguistic	_	ContainsVariation=No	_	_	_	Fast=0-3(0)	_	_
178-11	TO044	178	11	amica	amica	_	_	_	_	_	linguistic	_	ContainsVariation=No	_	_	_	Fast=0-5(0)	_	_
178-12	TO044	178	12	di	di	_	_	_	_	_	linguistic	_	ContainsVariation=No	_	_	_	Fast=0-2(0)	_	_
178-13	TO044	178	13	gennaio	gennaio	_	_	_	_	_	linguistic	_	ContainsVariation=No	_	_	_	Fast=0-7(0)	_	_
178-14	TO044	178	14	e	e	_	_	_	_	_	linguistic	_	ContainsVariation=No	_	_	_	Fast=0-1(0)	_	_
178-15	TO044	178	15	quindi	quindi	_	_	_	_	_	linguistic	_	ContainsVariation=No	_	_	_	Fast=0-6(0)	_	_
178-16	TO044	178	16	in	in	_	_	_	_	_	linguistic	_	ContainsVariation=No	_	_	_	Fast=0-2(0)	_	_
178-17	TO044	178	17	realtà	realtà	_	_	_	_	_	linguistic	_	ContainsVariation=No	_	_	_	Fast=0-6(0)	_	_
178-18	TO044	178	18	io	io	_	_	_	_	_	linguistic	_	ContainsVariation=No	_	_	_	Fast=0-2(0)	_	_
178-19	TO044	178	19	questa	questa	_	_	_	_	_	linguistic	_	ContainsVariation=No	_	_	_	Fast=0-6(0)	_	_
178-20	TO044	178	20	ragazza	ragazza	_	_	_	_	_	linguistic	_	ContainsVariation=No	_	_	_	Fast=0-7(0)	_	_
178-21	TO044	178	21	l'	l'	_	_	_	_	_	linguistic	_	ContainsVariation=No	SpaceAfter=No	_	_	Fast=0-2(0)	_	_
178-22	TO044	178	22	avevo	avevo	_	_	_	_	_	linguistic	_	ContainsVariation=No	_	_	_	Fast=0-5(0)	_	_
178-23	TO044	178	23	conosciuta	conosciuta	_	_	_	_	_	linguistic	_	ContainsVariation=No	_	_	_	Fast=0-10(0)	_	_
178-24	TO044	178	24	prima	prima	_	_	_	_	_	linguistic	_	ContainsVariation=No	_	_	_	Fast=0-5(0)	_	_
178-25	TO044	178	25	quindi	quindi	_	_	_	_	_	linguistic	_	ContainsVariation=No	_	_	_	Fast=0-6(0)	_	_
178-26	TO044	178	26	è	è	_	_	_	_	_	linguistic	_	ContainsVariation=No	_	_	_	Fast=0-1(0)	_	_
178-27	TO044	178	27	stato	stato	_	_	_	_	_	linguistic	_	ContainsVariation=No	_	_	_	Fast=0-5(0)	_	4-5(39)
178-28	TO044	178	28	[molto	molto	_	_	_	_	_	linguistic	_	ContainsVariation=No	_	_	_	Fast=0-5(0)	_	0-5(39)
178-29	TO044	178	29	carino<].	carino	_	_	_	_	_	linguistic	_	ContainsVariation=No	Intonation=Falling	End=492.155	_	Fast=0-5(0)	_	0-6(39)
179-0	TO055	179	0	[oddio]	oddio	_	_	_	_	_	linguistic	_	ContainsVariation=No	_	Begin=491.376	_	_	_	0-5(39)
179-1	TO055	179	1	che	che	_	_	_	_	_	linguistic	_	ContainsVariation=No	_	_	_	_	_	_
179-2	TO055	179	2	cose	cose	_	_	_	_	_	linguistic	_	ContainsVariation=No	_	_	_	_	_	_
179-3	TO055	179	3	strane.	strane	_	_	_	_	_	linguistic	_	ContainsVariation=No	Intonation=Falling	End=493.119	_	_	_	_
180-0	TO044	180	0	e:	e	_	_	_	_	_	linguistic	_	ContainsVariation=No	_	Begin=493.183	0x1	_	_	_
180-1	TO044	180	1	poi::	poi	_	_	_	_	_	linguistic	_	ContainsVariation=No	_	_	2x2	_	_	_
180-2	TO044	180	2	se	se	_	_	_	_	_	linguistic	_	ContainsVariation=No	_	_	_	_	_	_
180-3	TO044	180	3	ne	ne	_	_	_	_	_	linguistic	_	ContainsVariation=No	_	_	_	_	_	_
180-4	TO044	180	4	sono	sono	_	_	_	_	_	linguistic	_	ContainsVariation=No	_	_	_	_	_	_
180-5	TO044	180	5	andate	andate	_	_	_	_	_	linguistic	_	ContainsVariation=No	_	_	_	_	_	_
180-6	TO044	180	6	via	via	_	_	_	_	_	linguistic	_	ContainsVariation=No	_	_	_	_	_	_
180-7	TO044	180	7	tutte	tutte	_	_	_	_	_	linguistic	_	ContainsVariation=No	_	_	_	_	_	_
180-8	TO044	180	8	e	e	_	_	_	_	_	linguistic	_	ContainsVariation=No	_	_	_	_	_	_
180-9	TO044	180	9	due	due	_	_	_	_	_	linguistic	_	ContainsVariation=No	_	_	_	_	_	_
180-10	TO044	180	10	[quindi],	quindi	_	_	_	_	_	linguistic	_	ContainsVariation=No	Intonation=WeaklyRising	End=495.935	_	_	_	0-6(40)
181-0	TO055	181	0	[okay].	okay	_	_	_	_	_	linguistic	_	ContainsVariation=No	Intonation=Falling	Begin=495.377|End=495.935	_	_	_	0-4(40)
182-0	TO044	182	0	e	e	_	_	_	_	_	linguistic	_	ContainsVariation=No	_	Begin=496.174	_	_	_	_
182-1	TO044	182	1	son	son	_	_	_	_	_	linguistic	_	ContainsVariation=No	_	_	_	_	_	_
182-2	TO044	182	2	stata	stata	_	_	_	_	_	linguistic	_	ContainsVariation=No	_	_	_	_	_	_
182-3	TO044	182	3	due	due	_	_	_	_	_	linguistic	_	ContainsVariation=No	_	_	_	_	_	_
182-4	TO044	182	4	settimane	settimane	_	_	_	_	_	linguistic	_	ContainsVariation=No	_	_	_	_	_	_
182-5	TO044	182	5	da	da	_	_	_	_	_	linguistic	_	ContainsVariation=No	_	_	_	_	_	_
182-6	TO044	182	6	sola,	sola	_	_	_	_	_	linguistic	_	ContainsVariation=No	Intonation=WeaklyRising	End=498.363	_	_	_	_
183-0	TO044	183	0	perché	perché	_	_	_	_	_	linguistic	_	ContainsVariation=No	_	Begin=498.645	_	_	_	_
183-1	TO044	183	1	è	è	_	_	_	_	_	linguistic	_	ContainsVariation=No	_	_	_	_	_	_
183-2	TO044	183	2	stato	stato	_	_	_	_	_	linguistic	_	ContainsVariation=No	_	_	_	_	_	_
183-3	TO044	183	3	stupidissima	stupidissima	_	_	_	_	_	linguistic	_	ContainsVariation=No	_	_	_	_	_	_
183-4	TO044	183	4	la::	la	_	_	_	_	_	linguistic	_	ContainsVariation=No	_	_	1x2	_	_	_
183-5	TO044	183	5	la	la	_	_	_	_	_	linguistic	_	ContainsVariation=No	_	_	_	_	_	_
183-6	TO044	183	6	mia	mia	_	_	_	_	_	linguistic	_	ContainsVariation=No	_	_	_	_	_	_
183-7	TO044	183	7	coinquilina	coinquilina	_	_	_	_	_	linguistic	_	ContainsVariation=No	_	_	_	_	_	_
183-8	TO044	183	8	dopo	dopo	_	_	_	_	_	linguistic	_	ContainsVariation=No	_	_	_	_	_	_
183-9	TO044	183	9	>che	che	_	_	_	_	_	linguistic	_	ContainsVariation=No	_	_	_	Fast=0-3(0)	_	_
183-10	TO044	183	10	tra	tra	_	_	_	_	_	linguistic	_	ContainsVariation=No	_	_	_	Fast=0-3(0)	_	_
183-11	TO044	183	11	l'	l'	_	_	_	_	_	linguistic	_	ContainsVariation=No	SpaceAfter=No	_	_	Fast=0-2(0)	_	_
183-12	TO044	183	12	altro	altro	_	_	_	_	_	linguistic	_	ContainsVariation=No	_	_	_	Fast=0-5(0)	_	_
183-13	TO044	183	13	aveva	aveva	_	_	_	_	_	linguistic	_	ContainsVariation=No	_	_	_	Fast=0-5(0)	_	_
183-14	TO044	183	14	un	un	_	_	_	_	_	linguistic	_	ContainsVariation=No	_	_	_	Fast=0-2(0)	_	_
183-15	TO044	183	15	nome	nome	_	_	_	_	_	linguistic	_	ContainsVariation=No	_	_	_	Fast=0-4(0)	_	_
183-16	TO044	183	16	impronunciabile	impronunciabile	_	_	_	_	_	linguistic	_	ContainsVariation=No	_	_	_	Fast=0-15(0)	_	_
183-17	TO044	183	17	in	in	_	_	_	_	_	linguistic	_	ContainsVariation=No	_	_	_	Fast=0-2(0)	_	_
183-18	TO044	183	18	tailandese<,	tailandese	_	_	_	_	_	linguistic	_	ContainsVariation=No	Intonation=WeaklyRising	End=505.192	_	Fast=0-10(0)	_	_
184-0	TO044	184	0	e	e	_	_	_	_	_	linguistic	_	ContainsVariation=No	_	Begin=506.386	_	_	_	_
184-1	TO044	184	1	come	come	_	_	_	_	_	linguistic	_	ContainsVariation=No	_	_	_	_	_	_
184-2	TO044	184	2	ar~	ar~	_	_	_	_	_	linguistic	_	ContainsVariation=No	Interrupted=Yes	_	_	_	_	_
184-3	TO044	184	3	doveva	doveva	_	_	_	_	_	linguistic	_	ContainsVariation=No	_	_	_	_	_	_
184-4	TO044	184	4	arrivare	arrivare	_	_	_	_	_	linguistic	_	ContainsVariation=No	_	_	_	_	_	_
184-5	TO044	184	5	subito	subito	_	_	_	_	_	linguistic	_	ContainsVariation=No	_	_	_	_	_	_
184-6	TO044	184	6	m[a	ma	_	_	_	_	_	linguistic	_	ContainsVariation=No	_	_	_	_	_	1-2(41)
184-7	TO044	184	7	in	in	_	_	_	_	_	linguistic	_	ContainsVariation=No	_	_	_	_	_	0-2(41)
184-8	TO044	184	8	real]tà,	realtà	_	_	_	_	_	linguistic	_	ContainsVariation=No	Intonation=WeaklyRising	End=509.192	_	_	_	0-4(41)
185-0	TO055	185	0	[okay].	okay	_	_	_	_	_	linguistic	_	ContainsVariation=No	Intonation=Falling	Begin=508.509|End=509.019	_	_	_	0-4(41)
186-0	TO044	186	0	sono	sono	_	_	_	_	_	linguistic	_	ContainsVariation=No	_	Begin=509.404	_	_	_	_
186-1	TO044	186	1	arrivate	arrivate	_	_	_	_	_	linguistic	_	ContainsVariation=No	_	_	_	_	_	_
186-2	TO044	186	2	solo	solo	_	_	_	_	_	linguistic	_	ContainsVariation=No	_	_	_	_	_	_
186-3	TO044	186	3	tipo	tipo	_	_	_	_	_	linguistic	_	ContainsVariation=No	_	_	_	_	_	_
186-4	TO044	186	4	tre	tre	_	_	_	_	_	linguistic	_	ContainsVariation=No	_	_	_	_	_	_
186-5	TO044	186	5	valigie	valigie	_	_	_	_	_	linguistic	_	ContainsVariation=No	_	_	_	_	_	_
186-6	TO044	186	6	enormi	enormi	_	_	_	_	_	linguistic	_	ContainsVariation=No	_	_	_	_	_	_
186-7	TO044	186	7	(e)	e	_	_	_	_	_	linguistic	_	ContainsVariation=No	_	_	_	_	0-1(0)	_
186-8	TO044	186	8	niente.	niente	_	_	_	_	_	linguistic	_	ContainsVariation=No	Intonation=Falling	End=512.448	_	_	_	_
187-0	TO044	187	0	ho	ho	_	_	_	_	_	linguistic	_	ContainsVariation=No	_	Begin=512.962	_	_	_	_
187-1	TO044	187	1	detto	detto	_	_	_	_	_	linguistic	_	ContainsVariation=No	_	_	_	_	_	_
187-2	TO044	187	2	boh.	boh	_	_	_	_	_	linguistic	_	ContainsVariation=No	Intonation=Falling	End=513.623	_	_	_	_
188-0	TO044	188	0	una	una	_	_	_	_	_	linguistic	_	ContainsVariation=No	_	Begin=513.878	_	_	_	_
188-1	TO044	188	1	settimana	settimana	_	_	_	_	_	linguistic	_	ContainsVariation=No	_	_	_	_	_	_
188-2	TO044	188	2	niente	niente	_	_	_	_	_	linguistic	_	ContainsVariation=No	_	_	_	_	_	_
188-3	TO044	188	3	due	due	_	_	_	_	_	linguistic	_	ContainsVariation=No	_	_	_	_	_	_
188-4	TO044	188	4	settimane	settimane	_	_	_	_	_	linguistic	_	ContainsVariation=No	_	_	_	_	_	_
188-5	TO044	188	5	niente	niente	_	_	_	_	_	linguistic	_	ContainsVariation=No	_	_	_	_	_	_
188-6	TO044	188	6	ho	ho	_	_	_	_	_	linguistic	_	ContainsVariation=No	_	_	_	_	_	_
188-7	TO044	188	7	detto	detto	_	_	_	_	_	linguistic	_	ContainsVariation=No	_	_	_	_	_	_
188-8	TO044	188	8	boh.	boh	_	_	_	_	_	linguistic	_	ContainsVariation=No	Intonation=Falling	End=516.999	_	_	_	_
189-0	TO044	189	0	qua	qua	_	_	_	_	_	linguistic	_	ContainsVariation=No	_	Begin=517.205	_	_	_	_
189-1	TO044	189	1	è	è	_	_	_	_	_	linguistic	_	ContainsVariation=No	_	_	_	_	_	_
189-2	TO044	189	2	successo	successo	_	_	_	_	_	linguistic	_	ContainsVariation=No	_	_	_	_	_	_
189-3	TO044	189	3	di	di	_	_	_	_	_	linguistic	_	ContainsVariation=No	_	_	_	_	_	_
189-4	TO044	189	4	[(sicuro)]	sicuro	_	_	_	_	_	linguistic	_	ContainsVariation=No	_	_	_	_	0-6(0)	0-6(42)
189-5	TO044	189	5	anche	anche	_	_	_	_	_	linguistic	_	ContainsVariation=No	_	_	_	_	_	_
189-6	TO044	189	6	perché	perché	_	_	_	_	_	linguistic	_	ContainsVariation=No	_	_	_	_	_	_
189-7	TO044	189	7	non	non	_	_	_	_	_	linguistic	_	ContainsVariation=No	_	_	_	_	_	_
189-8	TO044	189	8	sapendo	sapendo	_	_	_	_	_	linguistic	_	ContainsVariation=No	_	_	_	_	_	_
189-9	TO044	189	9	chi	chi	_	_	_	_	_	linguistic	_	ContainsVariation=No	_	_	_	_	_	_
189-10	TO044	189	10	fosse,	fosse	_	_	_	_	_	linguistic	_	ContainsVariation=No	Intonation=WeaklyRising	End=520.416	_	_	_	_
190-0	TO055	190	0	[e	e	_	_	_	_	_	linguistic	_	ContainsVariation=No	_	Begin=518.077	_	_	_	0-1(42)
190-1	TO055	190	1	sì].	sì	_	_	_	_	_	linguistic	_	ContainsVariation=No	Intonation=Falling	End=518.522	_	_	_	0-2(42)
191-0	TO044	191	0	ho	ho	_	_	_	_	_	linguistic	_	ContainsVariation=No	_	Begin=520.893	_	_	_	_
191-1	TO044	191	1	detto	detto	_	_	_	_	_	linguistic	_	ContainsVariation=No	_	_	_	_	_	_
191-2	TO044	191	2	bom	bom	_	_	_	_	_	linguistic	_	ContainsVariation=No	_	_	_	_	_	_
191-3	TO044	191	3	di	di	_	_	_	_	_	linguistic	_	ContainsVariation=No	_	_	_	_	_	_
191-4	TO044	191	4	sicuro	sicuro	_	_	_	_	_	linguistic	_	ContainsVariation=No	_	_	_	_	_	_
191-5	TO044	191	5	è:	è	_	_	_	_	_	linguistic	_	ContainsVariation=No	_	_	0x1	_	_	_
191-6	TO044	191	6	successo	successo	_	_	_	_	_	linguistic	_	ContainsVariation=No	_	_	_	_	_	_
191-7	TO044	191	7	qualcosa.	qualcosa	_	_	_	_	_	linguistic	_	ContainsVariation=No	Intonation=Falling	End=523.417	_	_	_	_
192-0	TO044	192	0	non	non	_	_	_	_	_	linguistic	_	ContainsVariation=No	_	Begin=523.816	_	_	_	_
192-1	TO044	192	1	sapevo	sapevo	_	_	_	_	_	linguistic	_	ContainsVariation=No	_	_	_	_	_	_
192-2	TO044	192	2	<come	come	_	_	_	_	_	linguistic	_	ContainsVariation=No	_	_	_	Slow=0-4(0)	_	_
192-3	TO044	192	3	cercarla	cercarla	_	_	_	_	_	linguistic	_	ContainsVariation=No	_	_	_	Slow=0-8(0)	_	_
192-4	TO044	192	4	su	su	_	_	_	_	_	linguistic	_	ContainsVariation=No	_	_	_	Slow=0-2(0)	_	_
192-5	TO044	192	5	facebook	facebook	_	_	_	_	_	linguistic	_	ContainsVariation=No	_	_	_	Slow=0-8(0)	_	_
192-6	TO044	192	6	[né]	né	_	_	_	_	_	linguistic	_	ContainsVariation=No	_	_	_	Slow=0-2(0)	_	0-2(43)
192-7	TO044	192	7	niente>	niente	_	_	_	_	_	linguistic	_	ContainsVariation=No	_	_	_	Slow=0-6(0)	_	_
192-8	TO044	192	8	quindi,	quindi	_	_	_	_	_	linguistic	_	ContainsVariation=No	Intonation=WeaklyRising	End=527.229	_	_	_	_
193-0	TO055	193	0	[e:h],	eh	_	_	_	_	_	linguistic	_	ContainsVariation=No	Intonation=WeaklyRising	Begin=526.027|End=526.386	0x1	_	_	0-2(43)
194-0	TO044	194	0	ho	ho	_	_	_	_	_	linguistic	_	ContainsVariation=No	_	Begin=527.559	_	_	_	_
194-1	TO044	194	1	aspettato	aspettato	_	_	_	_	_	linguistic	_	ContainsVariation=No	_	_	_	_	_	_
194-2	TO044	194	2	così	così	_	_	_	_	_	linguistic	_	ContainsVariation=No	_	_	_	_	_	_
194-3	TO044	194	3	e	e	_	_	_	_	_	linguistic	_	ContainsVariation=No	_	_	_	_	_	_
194-4	TO044	194	4	poi	poi	_	_	_	_	_	linguistic	_	ContainsVariation=No	_	_	_	_	_	_
194-5	TO044	194	5	un	un	_	_	_	_	_	linguistic	_	ContainsVariation=No	_	_	_	_	_	_
194-6	TO044	194	6	giorno:	giorno	_	_	_	_	_	linguistic	_	ContainsVariation=No	_	_	5x1	_	_	_
194-7	TO044	194	7	sono	sono	_	_	_	_	_	linguistic	_	ContainsVariation=No	_	_	_	_	_	_
194-8	TO044	194	8	arrivate	arrivate	_	_	_	_	_	linguistic	_	ContainsVariation=No	_	_	_	_	_	_
194-9	TO044	194	9	<tipo	tipo	_	_	_	_	_	linguistic	_	ContainsVariation=No	_	_	_	Slow=0-4(0)	_	_
194-10	TO044	194	10	anche	anche	_	_	_	_	_	linguistic	_	ContainsVariation=No	_	_	_	Slow=0-5(0)	_	_
194-11	TO044	194	11	altre	altre	_	_	_	_	_	linguistic	_	ContainsVariation=No	_	_	_	Slow=0-5(0)	_	_
194-12	TO044	194	12	borse	borse	_	_	_	_	_	linguistic	_	ContainsVariation=No	_	_	_	Slow=0-5(0)	_	_
194-13	TO044	194	13	e	e	_	_	_	_	_	linguistic	_	ContainsVariation=No	_	_	_	Slow=0-1(0)	_	_
194-14	TO044	194	14	così>,	così	_	_	_	_	_	linguistic	_	ContainsVariation=No	Intonation=WeaklyRising	End=532.467	_	Slow=0-4(0)	_	_
195-0	TO044	195	0	<delle>	delle	_	_	_	_	_	linguistic	_	ContainsVariation=No	_	Begin=532.913	_	Slow=0-5(0)	_	_
195-1	TO044	195	1	cose	cose	_	_	_	_	_	linguistic	_	ContainsVariation=No	_	_	_	_	_	_
195-2	TO044	195	2	poi	poi	_	_	_	_	_	linguistic	_	ContainsVariation=No	_	_	_	_	_	_
195-3	TO044	195	3	>la	la	_	_	_	_	_	linguistic	_	ContainsVariation=No	_	_	_	Fast=0-2(0)	_	_
195-4	TO044	195	4	sera	sera	_	_	_	_	_	linguistic	_	ContainsVariation=No	_	_	_	Fast=0-4(0)	_	_
195-5	TO044	195	5	è	è	_	_	_	_	_	linguistic	_	ContainsVariation=No	_	_	_	Fast=0-1(0)	_	_
195-6	TO044	195	6	entrata	entrata	_	_	_	_	_	linguistic	_	ContainsVariation=No	_	_	_	Fast=0-7(0)	_	_
195-7	TO044	195	7	in	in	_	_	_	_	_	linguistic	_	ContainsVariation=No	_	_	_	Fast=0-2(0)	_	_
195-8	TO044	195	8	casa	casa	_	_	_	_	_	linguistic	_	ContainsVariation=No	_	_	_	Fast=0-4(0)	_	_
195-9	TO044	195	9	però	però	_	_	_	_	_	linguistic	_	ContainsVariation=No	_	_	_	Fast=0-4(0)	_	_
195-10	TO044	195	10	è	è	_	_	_	_	_	linguistic	_	ContainsVariation=No	_	_	_	Fast=0-1(0)	_	_
195-11	TO044	195	11	stato	stato	_	_	_	_	_	linguistic	_	ContainsVariation=No	_	_	_	Fast=0-5(0)	_	_
195-12	TO044	195	12	strano	strano	_	_	_	_	_	linguistic	_	ContainsVariation=No	_	_	_	Fast=0-6(0)	_	_
195-13	TO044	195	13	perché	perché	_	_	_	_	_	linguistic	_	ContainsVariation=No	_	_	_	Fast=0-6(0)	_	_
195-14	TO044	195	14	io	io	_	_	_	_	_	linguistic	_	ContainsVariation=No	_	_	_	Fast=0-2(0)	_	_
195-15	TO044	195	15	ho	ho	_	_	_	_	_	linguistic	_	ContainsVariation=No	_	_	_	Fast=0-2(0)	_	_
195-16	TO044	195	16	passato	passato	_	_	_	_	_	linguistic	_	ContainsVariation=No	_	_	_	Fast=0-7(0)	_	_
195-17	TO044	195	17	di	di	_	_	_	_	_	linguistic	_	ContainsVariation=No	_	_	_	Fast=0-2(0)	_	_
195-18	TO044	195	18	nuovo	nuovo	_	_	_	_	_	linguistic	_	ContainsVariation=No	_	_	_	Fast=0-5(0)	_	_
195-19	TO044	195	19	due	due	_	_	_	_	_	linguistic	_	ContainsVariation=No	_	_	_	Fast=0-3(0)	_	_
195-20	TO044	195	20	settimane	settimane	_	_	_	_	_	linguistic	_	ContainsVariation=No	_	_	_	Fast=0-9(0)	_	_
195-21	TO044	195	21	d[ue	due	_	_	_	_	_	linguistic	_	ContainsVariation=No	_	_	_	Fast=0-3(0)	_	1-3(44)
195-22	TO044	195	22	setti]mane	settimane	_	_	_	_	_	linguistic	_	ContainsVariation=No	_	_	_	Fast=0-9(0)	_	0-5(44)
195-23	TO044	195	23	e	e	_	_	_	_	_	linguistic	_	ContainsVariation=No	_	_	_	Fast=0-1(0)	_	_
195-24	TO044	195	24	mezzo	mezzo	_	_	_	_	_	linguistic	_	ContainsVariation=No	_	_	_	Fast=0-5(0)	_	_
195-25	TO044	195	25	da	da	_	_	_	_	_	linguistic	_	ContainsVariation=No	_	_	_	Fast=0-2(0)	_	_
195-26	TO044	195	26	sola<,	sola	_	_	_	_	_	linguistic	_	ContainsVariation=No	Intonation=WeaklyRising	End=539.374	_	Fast=0-4(0)	_	_
196-0	TO055	196	0	[m:h],	mh	_	_	_	_	_	linguistic	_	ContainsVariation=No	Intonation=WeaklyRising	Begin=537.576|End=538.085	0x1	_	_	0-2(44)
197-0	TO044	197	0	e	e	_	_	_	_	_	linguistic	_	ContainsVariation=No	_	Begin=539.755	_	_	_	_
197-1	TO044	197	1	sta	sta	_	_	_	_	_	linguistic	_	ContainsVariation=No	_	_	_	_	_	_
197-2	TO044	197	2	qua:::	qua	_	_	_	_	_	linguistic	_	ContainsVariation=No	_	_	2x3	_	_	_
197-3	TO044	197	3	(pom)	pom	_	_	_	_	_	linguistic	_	ContainsVariation=No	_	_	_	_	0-3(0)	_
197-4	TO044	197	4	poi	poi	_	_	_	_	_	linguistic	_	ContainsVariation=No	_	_	_	_	_	_
197-5	TO044	197	5	era	era	_	_	_	_	_	linguistic	_	ContainsVariation=No	_	_	_	_	_	_
197-6	TO044	197	6	un	un	_	_	_	_	_	linguistic	_	ContainsVariation=No	_	_	_	_	_	_
197-7	TO044	197	7	po'	po'	_	_	_	_	_	linguistic	_	ContainsVariation=No	_	_	_	_	_	_
197-8	TO044	197	8	un	un	_	_	_	_	_	linguistic	_	ContainsVariation=No	_	_	_	_	_	_
197-9	TO044	197	9	po'	po'	_	_	_	_	_	linguistic	_	ContainsVariation=No	_	_	_	_	_	_
197-10	TO044	197	10	un'	un'	_	_	_	_	_	linguistic	_	ContainsVariation=No	SpaceAfter=No	_	_	_	_	_
197-11	TO044	197	11	ochetta	ochetta	_	_	_	_	_	linguistic	_	ContainsVariation=No	_	_	_	_	_	_
197-12	TO044	197	12	però,	però	_	_	_	_	_	linguistic	_	ContainsVariation=No	Intonation=WeaklyRising	End=543.883	_	_	_	_
198-0	TO055	198	0	okay.	okay	_	_	_	_	_	linguistic	_	ContainsVariation=No	Intonation=Falling	Begin=543.883|End=544.376	_	_	_	_
199-0	TO044	199	0	cioè	cioè	_	_	_	_	_	linguistic	_	ContainsVariation=No	_	Begin=544.477	_	_	_	_
199-1	TO044	199	1	è	è	_	_	_	_	_	linguistic	_	ContainsVariation=No	_	_	_	_	_	_
199-2	TO044	199	2	stata	stata	_	_	_	_	_	linguistic	_	ContainsVariation=No	_	_	_	_	_	_
199-3	TO044	199	3	insomma	insomma	_	_	_	_	_	linguistic	_	ContainsVariation=No	_	_	_	_	_	_
199-4	TO044	199	4	no:n	non	_	_	_	_	_	linguistic	_	ContainsVariation=No	_	_	1x1	_	_	_
199-5	TO044	199	5	non	non	_	_	_	_	_	linguistic	_	ContainsVariation=No	_	_	_	_	_	_
199-6	TO044	199	6	ci	ci	_	_	_	_	_	linguistic	_	ContainsVariation=No	_	_	_	_	_	_
199-7	TO044	199	7	devo	devo	_	_	_	_	_	linguistic	_	ContainsVariation=No	_	_	_	_	_	_
199-8	TO044	199	8	passare	passare	_	_	_	_	_	linguistic	_	ContainsVariation=No	_	_	_	_	_	_
199-9	TO044	199	9	tutta	tutta	_	_	_	_	_	linguistic	_	ContainsVariation=No	_	_	_	_	_	_
199-10	TO044	199	10	la	la	_	_	_	_	_	linguistic	_	ContainsVariation=No	_	_	_	_	_	_
199-11	TO044	199	11	vita	vita	_	_	_	_	_	linguistic	_	ContainsVariation=No	_	_	_	_	_	_
199-12	TO044	199	12	ec[co].	ecco	_	_	_	_	_	linguistic	_	ContainsVariation=No	Intonation=Falling	End=548.049	_	_	_	2-4(45)
200-0	TO055	200	0	[quindi	quindi	_	_	_	_	_	linguistic	_	ContainsVariation=No	_	Begin=547.713	_	_	_	0-6(45)
200-1	TO055	200	1	ta]ilandese	tailandese	_	_	_	_	_	linguistic	_	ContainsVariation=No	_	_	_	_	_	0-2(45)
200-2	TO055	200	2	russa	russa	_	_	_	_	_	linguistic	_	ContainsVariation=No	_	_	_	_	_	_
200-3	TO055	200	3	e	e	_	_	_	_	_	linguistic	_	ContainsVariation=No	_	_	_	_	_	_
200-4	TO055	200	4	giapponese,	giapponese	_	_	_	_	_	linguistic	_	ContainsVariation=No	Intonation=WeaklyRising	End=549.982	_	_	_	_
201-0	TO044	201	0	sì.	sì	_	_	_	_	_	linguistic	_	ContainsVariation=No	Intonation=Falling	Begin=550.031|End=550.356	_	_	_	_
202-0	TO055	202	0	madò.	madò	_	_	_	_	_	linguistic	_	ContainsVariation=No	Intonation=Falling	Begin=550.744	_	_	_	_
202-1	TO055	202	1	((ride))	((ride))	_	_	_	_	_	nonverbalbehavior	_	ContainsVariation=No	_	End=551.633	_	_	_	_
203-0	TO044	203	0	e	e	_	_	_	_	_	linguistic	_	ContainsVariation=No	_	Begin=551.38	_	_	_	_
203-1	TO044	203	1	nell'	nell'	_	_	_	_	_	linguistic	_	ContainsVariation=No	SpaceAfter=No	_	_	_	_	_
203-2	TO044	203	2	altra	altra	_	_	_	_	_	linguistic	_	ContainsVariation=No	_	_	_	_	_	_
203-3	TO044	203	3	camera	camera	_	_	_	_	_	linguistic	_	ContainsVariation=No	_	_	_	_	_	_
203-4	TO044	203	4	è	è	_	_	_	_	_	linguistic	_	ContainsVariation=No	_	_	_	_	_	_
203-5	TO044	203	5	venuta	venuta	_	_	_	_	_	linguistic	_	ContainsVariation=No	_	_	_	_	_	_
203-6	TO044	203	6	una	una	_	_	_	_	_	linguistic	_	ContainsVariation=No	_	_	_	_	_	_
203-7	TO044	203	7	cinese	cinese	_	_	_	_	_	linguistic	_	ContainsVariation=No	_	_	_	_	_	_
203-8	TO044	203	8	che	che	_	_	_	_	_	linguistic	_	ContainsVariation=No	_	_	_	_	_	_
203-9	TO044	203	9	era	era	_	_	_	_	_	linguistic	_	ContainsVariation=No	_	_	_	_	_	_
203-10	TO044	203	10	sporc~	sporc~	_	_	_	_	_	linguistic	_	ContainsVariation=No	Interrupted=Yes	_	_	_	_	_
203-11	TO044	203	11	pove~	pove~	_	_	_	_	_	linguistic	_	ContainsVariation=No	Interrupted=Yes	_	_	_	_	_
203-12	TO044	203	12	cioè	cioè	_	_	_	_	_	linguistic	_	ContainsVariation=No	_	_	_	_	_	_
203-13	TO044	203	13	poverina	poverina	_	_	_	_	_	linguistic	_	ContainsVariation=No	_	_	_	_	_	_
203-14	TO044	203	14	io	io	_	_	_	_	_	linguistic	_	ContainsVariation=No	_	_	_	_	_	_
203-15	TO044	203	15	non	non	_	_	_	_	_	linguistic	_	ContainsVariation=No	_	_	_	_	_	_
203-16	TO044	203	16	so	so	_	_	_	_	_	linguistic	_	ContainsVariation=No	_	_	_	_	_	_
203-17	TO044	203	17	cosa	cosa	_	_	_	_	_	linguistic	_	ContainsVariation=No	_	_	_	_	_	_
203-18	TO044	203	18	dire	dire	_	_	_	_	_	linguistic	_	ContainsVariation=No	_	_	_	_	_	_
203-19	TO044	203	19	però,	però	_	_	_	_	_	linguistic	_	ContainsVariation=No	Intonation=WeaklyRising	End=556.513	_	_	_	_
204-0	TO044	204	0	per	per	_	_	_	_	_	linguistic	_	ContainsVariation=No	_	Begin=557.231	_	_	_	_
204-1	TO044	204	1	esempio::,	esempio	_	_	_	_	_	linguistic	_	ContainsVariation=No	Intonation=WeaklyRising	End=558.548	6x2	_	_	_
205-0	TO044	205	0	e:h	eh	_	_	_	_	_	linguistic	_	ContainsVariation=No	_	Begin=558.862	0x1	_	_	_
205-1	TO044	205	1	il	il	_	_	_	_	_	linguistic	_	ContainsVariation=No	_	_	_	_	_	_
205-2	TO044	205	2	giorno	giorno	_	_	_	_	_	linguistic	_	ContainsVariation=No	_	_	_	_	_	_
205-3	TO044	205	3	che	che	_	_	_	_	_	linguistic	_	ContainsVariation=No	_	_	_	_	_	_
205-4	TO044	205	4	me	me	_	_	_	_	_	linguistic	_	ContainsVariation=No	_	_	_	_	_	_
205-5	TO044	205	5	ne	ne	_	_	_	_	_	linguistic	_	ContainsVariation=No	_	_	_	_	_	_
205-6	TO044	205	6	sono	sono	_	_	_	_	_	linguistic	_	ContainsVariation=No	_	_	_	_	_	_
205-7	TO044	205	7	andata	andata	_	_	_	_	_	linguistic	_	ContainsVariation=No	_	_	_	_	_	_
205-8	TO044	205	8	ossia	ossia	_	_	_	_	_	linguistic	_	ContainsVariation=No	_	_	_	_	_	_
205-9	TO044	205	9	quattro	quattro	_	_	_	_	_	linguistic	_	ContainsVariation=No	_	_	_	_	_	_
205-10	TO044	205	10	settim[ane	settimane	_	_	_	_	_	linguistic	_	ContainsVariation=No	_	_	_	_	_	6-9(47)
205-11	TO044	205	11	fa],	fa	_	_	_	_	_	linguistic	_	ContainsVariation=No	Intonation=WeaklyRising	End=561.93	_	_	_	0-2(47)
206-0	TO055	206	0	[okay].	okay	_	_	_	_	_	linguistic	_	ContainsVariation=No	Intonation=Falling	Begin=561.516|End=561.93	_	_	_	0-4(47)
207-0	TO044	207	0	lei	lei	_	_	_	_	_	linguistic	_	ContainsVariation=No	_	Begin=562.277	_	_	_	_
207-1	TO044	207	1	ha	ha	_	_	_	_	_	linguistic	_	ContainsVariation=No	_	_	_	_	_	_
207-2	TO044	207	2	usato	usato	_	_	_	_	_	linguistic	_	ContainsVariation=No	_	_	_	_	_	_
207-3	TO044	207	3	una	una	_	_	_	_	_	linguistic	_	ContainsVariation=No	_	_	_	_	_	_
207-4	TO044	207	4	tazza	tazza	_	_	_	_	_	linguistic	_	ContainsVariation=No	_	_	_	_	_	_
207-5	TO044	207	5	per	per	_	_	_	_	_	linguistic	_	ContainsVariation=No	_	_	_	_	_	_
207-6	TO044	207	6	mangiare	mangiare	_	_	_	_	_	linguistic	_	ContainsVariation=No	_	_	_	_	_	_
207-7	TO044	207	7	cena,	cena	_	_	_	_	_	linguistic	_	ContainsVariation=No	Intonation=WeaklyRising	End=565.21	_	_	_	_
208-0	TO044	208	0	e	e	_	_	_	_	_	linguistic	_	ContainsVariation=No	_	Begin=565.551	_	_	_	_
208-1	TO044	208	1	la	la	_	_	_	_	_	linguistic	_	ContainsVariation=No	_	_	_	_	_	_
208-2	TO044	208	2	mia	mia	_	_	_	_	_	linguistic	_	ContainsVariation=No	_	_	_	_	_	_
208-3	TO044	208	3	coinquilina:	coinquilina	_	_	_	_	_	linguistic	_	ContainsVariation=No	_	_	10x1	_	_	_
208-4	TO044	208	4	tailandese	tailandese	_	_	_	_	_	linguistic	_	ContainsVariation=No	_	_	_	_	_	_
208-5	TO044	208	5	mi	mi	_	_	_	_	_	linguistic	_	ContainsVariation=No	_	_	_	_	_	_
208-6	TO044	208	6	ha	ha	_	_	_	_	_	linguistic	_	ContainsVariation=No	_	_	_	_	_	_
208-7	TO044	208	7	scritto	scritto	_	_	_	_	_	linguistic	_	ContainsVariation=No	_	_	_	_	_	_
208-8	TO044	208	8	che	che	_	_	_	_	_	linguistic	_	ContainsVariation=No	_	_	_	_	_	_
208-9	TO044	208	9	(le)	le	_	_	_	_	_	linguistic	_	ContainsVariation=No	_	_	_	_	0-2(0)	_
208-10	TO044	208	10	ha	ha	_	_	_	_	_	linguistic	_	ContainsVariation=No	_	_	_	_	_	_
208-11	TO044	208	11	lavato	lavato	_	_	_	_	_	linguistic	_	ContainsVariation=No	_	_	_	_	_	_
208-12	TO044	208	12	la	la	_	_	_	_	_	linguistic	_	ContainsVariation=No	_	_	_	_	_	_
208-13	TO044	208	13	tazza	tazza	_	_	_	_	_	linguistic	_	ContainsVariation=No	_	_	_	_	_	_
208-14	TO044	208	14	tre	tre	_	_	_	_	_	linguistic	_	ContainsVariation=No	_	_	_	_	_	_
208-15	TO044	208	15	settimane	settimane	_	_	_	_	_	linguistic	_	ContainsVariation=No	_	_	_	_	_	_
208-16	TO044	208	16	dopo	dopo	_	_	_	_	_	linguistic	_	ContainsVariation=No	_	_	_	_	_	_
208-17	TO044	208	17	che	che	_	_	_	_	_	linguistic	_	ContainsVariation=No	_	_	_	_	_	_
208-18	TO044	208	18	io	io	_	_	_	_	_	linguistic	_	ContainsVariation=No	_	_	_	_	_	_
208-19	TO044	208	19	me	me	_	_	_	_	_	linguistic	_	ContainsVariation=No	_	_	_	_	_	_
208-20	TO044	208	20	ne	ne	_	_	_	_	_	linguistic	_	ContainsVariation=No	_	_	_	_	_	_
208-21	TO044	208	21	sono	sono	_	_	_	_	_	linguistic	_	ContainsVariation=No	_	_	_	_	_	_
208-22	TO044	208	22	andata.	andata	_	_	_	_	_	linguistic	_	ContainsVariation=No	Intonation=Falling	End=572.155	_	_	_	_
209-0	TO055	209	0	oddio.	oddio	_	_	_	_	_	linguistic	_	ContainsVariation=No	Intonation=Falling	Begin=573.229|End=574.091	_	_	_	_
210-0	TO055	210	0	ma	ma	_	_	_	_	_	linguistic	_	ContainsVariation=No	_	Begin=574.361	_	_	_	_
210-1	TO055	210	1	[perché]?	perché	_	_	_	_	_	linguistic	_	ContainsVariation=No	Intonation=Rising	_	_	_	_	0-6(48)
210-2	TO055	210	2	((ride))	((ride))	_	_	_	_	_	nonverbalbehavior	_	ContainsVariation=No	_	End=575.211	_	_	_	_
211-0	TO044	211	0	[<estre]mo>.	estremo	_	_	_	_	_	linguistic	_	ContainsVariation=No	Intonation=Falling	Begin=574.695|End=575.54	_	Slow=0-7(0)	_	0-5(48)
212-0	TO055	212	0	estrema	estrema	_	_	_	_	_	linguistic	_	ContainsVariation=No	_	Begin=575.54	_	_	_	_
212-1	TO055	212	1	è	è	_	_	_	_	_	linguistic	_	ContainsVariation=No	_	_	_	_	_	_
212-2	TO055	212	2	davvero	davvero	_	_	_	_	_	linguistic	_	ContainsVariation=No	_	_	_	_	_	_
212-3	TO055	212	3	estr[ema	estrema	_	_	_	_	_	linguistic	_	ContainsVariation=No	_	_	_	_	_	4-7(49)
212-4	TO055	212	4	come	come	_	_	_	_	_	linguistic	_	ContainsVariation=No	_	_	_	_	_	0-4(49)
212-5	TO055	212	5	cosa].	cosa	_	_	_	_	_	linguistic	_	ContainsVariation=No	Intonation=Falling	End=578.302	_	_	_	0-4(49)
213-0	TO044	213	0	[quindi	quindi	_	_	_	_	_	linguistic	_	ContainsVariation=No	_	Begin=577.343	_	_	_	0-6(49)
213-1	TO044	213	1	boh	boh	_	_	_	_	_	linguistic	_	ContainsVariation=No	_	_	_	_	_	0-3(49)
213-2	TO044	213	2	era	era	_	_	_	_	_	linguistic	_	ContainsVariation=No	_	_	_	_	_	0-3(49)
213-3	TO044	213	3	un]	un	_	_	_	_	_	linguistic	_	ContainsVariation=No	_	_	_	_	_	0-2(49)
213-4	TO044	213	4	pochino:	pochino	_	_	_	_	_	linguistic	_	ContainsVariation=No	_	_	6x1	_	_	_
213-5	TO044	213	5	sp~	sp~	_	_	_	_	_	linguistic	_	ContainsVariation=No	Interrupted=Yes|ProsodicLink=Yes	_	_	_	_	_
213-6	TO044	213	6	mh	mh	_	_	_	_	_	linguistic	_	ContainsVariation=No	_	_	_	_	_	_
213-7	TO044	213	7	era	era	_	_	_	_	_	linguistic	_	ContainsVariation=No	_	_	_	_	_	_
213-8	TO044	213	8	un	un	_	_	_	_	_	linguistic	_	ContainsVariation=No	_	_	_	_	_	_
213-9	TO044	213	9	pochino	pochino	_	_	_	_	_	linguistic	_	ContainsVariation=No	_	_	_	_	_	_
213-10	TO044	213	10	sporca	sporca	_	_	_	_	_	linguistic	_	ContainsVariation=No	_	_	_	_	_	_
213-11	TO044	213	11	però	però	_	_	_	_	_	linguistic	_	ContainsVariation=No	_	_	_	_	_	_
213-12	TO044	213	12	in	in	_	_	_	_	_	linguistic	_	ContainsVariation=No	_	_	_	_	_	_
213-13	TO044	213	13	realtà,	realtà	_	_	_	_	_	linguistic	_	ContainsVariation=No	Intonation=WeaklyRising	End=581.495	_	_	_	_
214-0	TO044	214	0	il	il	_	_	_	_	_	linguistic	_	ContainsVariation=No	_	Begin=581.713	_	_	_	_
214-1	TO044	214	1	fatto	fatto	_	_	_	_	_	linguistic	_	ContainsVariation=No	_	_	_	_	_	_
214-2	TO044	214	2	che	che	_	_	_	_	_	linguistic	_	ContainsVariation=No	_	_	_	_	_	_
214-3	TO044	214	3	fosse	fosse	_	_	_	_	_	linguistic	_	ContainsVariation=No	_	_	_	_	_	_
214-4	TO044	214	4	nella	nella	_	_	_	_	_	linguistic	_	ContainsVariation=No	_	_	_	_	_	_
214-5	TO044	214	5	camera	camera	_	_	_	_	_	linguistic	_	ContainsVariation=No	_	_	_	_	_	_
214-6	TO044	214	6	singola	singola	_	_	_	_	_	linguistic	_	ContainsVariation=No	_	_	_	_	_	_
214-7	TO044	214	7	era	era	_	_	_	_	_	linguistic	_	ContainsVariation=No	ProsodicLink=Yes	_	_	_	_	_
214-8	TO044	214	8	mh	mh	_	_	_	_	_	linguistic	_	ContainsVariation=No	_	_	_	_	_	_
214-9	TO044	214	9	normale	normale	_	_	_	_	_	linguistic	_	ContainsVariation=No	_	_	_	_	_	_
214-10	TO044	214	10	perché	perché	_	_	_	_	_	linguistic	_	ContainsVariation=No	_	_	_	_	_	_
214-11	TO044	214	11	così	così	_	_	_	_	_	linguistic	_	ContainsVariation=No	_	_	_	_	_	_
214-12	TO044	214	12	non	non	_	_	_	_	_	linguistic	_	ContainsVariation=No	_	_	_	_	_	_
214-13	TO044	214	13	cioè	cioè	_	_	_	_	_	linguistic	_	ContainsVariation=No	_	_	_	_	_	_
214-14	TO044	214	14	tranquillo	tranquillo	_	_	_	_	_	linguistic	_	ContainsVariation=No	_	_	_	_	_	_
214-15	TO044	214	15	perché	perché	_	_	_	_	_	linguistic	_	ContainsVariation=No	_	_	_	_	_	_
214-16	TO044	214	16	così	così	_	_	_	_	_	linguistic	_	ContainsVariation=No	_	_	_	_	_	_
214-17	TO044	214	17	almeno	almeno	_	_	_	_	_	linguistic	_	ContainsVariation=No	_	_	_	_	_	_
214-18	TO044	214	18	non	non	_	_	_	_	_	linguistic	_	ContainsVariation=No	_	_	_	_	_	_
214-19	TO044	214	19	dovevo,	dovevo	_	_	_	_	_	linguistic	_	ContainsVariation=No	Intonation=WeaklyRising	End=587.477	_	_	_	_
215-0	TO055	215	0	e	e	_	_	_	_	_	linguistic	_	ContainsVariation=No	_	Begin=587.706	_	_	_	_
215-1	TO055	215	1	come	come	_	_	_	_	_	linguistic	_	ContainsVariation=No	_	_	_	_	_	_
215-2	TO055	215	2	ti	ti	_	_	_	_	_	linguistic	_	ContainsVariation=No	_	_	_	_	_	_
215-3	TO055	215	3	sei	sei	_	_	_	_	_	linguistic	_	ContainsVariation=No	_	_	_	_	_	_
215-4	TO055	215	4	trovata	trovata	_	_	_	_	_	linguistic	_	ContainsVariation=No	_	_	_	_	_	_
215-5	TO055	215	5	con,	con	_	_	_	_	_	linguistic	_	ContainsVariation=No	Intonation=WeaklyRising	End=589.1	_	_	_	_
216-0	TO055	216	0	quattro	quattro	_	_	_	_	_	linguistic	_	ContainsVariation=No	_	Begin=589.628	_	_	_	_
216-1	TO055	216	1	culture	culture	_	_	_	_	_	linguistic	_	ContainsVariation=No	_	_	_	_	_	_
216-2	TO055	216	2	di~	di~	_	_	_	_	_	linguistic	_	ContainsVariation=No	Interrupted=Yes	_	_	_	_	_
216-3	TO055	216	3	[completamente	completamente	_	_	_	_	_	linguistic	_	ContainsVariation=No	_	_	_	_	_	0-13(50)
216-4	TO055	216	4	diverse	diverse	_	_	_	_	_	linguistic	_	ContainsVariation=No	_	_	_	_	_	0-7(50)
216-5	TO055	216	5	dalla	dalla	_	_	_	_	_	linguistic	_	ContainsVariation=No	_	_	_	_	_	0-5(50)
216-6	TO055	216	6	tua]?	tua	_	_	_	_	_	linguistic	_	ContainsVariation=No	Intonation=Rising	End=592.734	_	_	_	0-3(50)
217-0	TO044	217	0	[ma	ma	_	_	_	_	_	linguistic	_	ContainsVariation=No	_	Begin=591.016	_	_	_	0-2(50)
217-1	TO044	217	1	in	in	_	_	_	_	_	linguistic	_	ContainsVariation=No	_	_	_	_	_	0-2(50)
217-2	TO044	217	2	realtà	realtà	_	_	_	_	_	linguistic	_	ContainsVariation=No	_	_	_	_	_	0-6(50)
217-3	TO044	217	3	sono	sono	_	_	_	_	_	linguistic	_	ContainsVariation=No	_	_	_	_	_	0-4(50)
217-4	TO044	217	4	tutte],	tutte	_	_	_	_	_	linguistic	_	ContainsVariation=No	Intonation=WeaklyRising	End=592.752	_	_	_	0-5(50)
218-0	TO044	218	0	i~	i~	_	_	_	_	_	linguistic	_	ContainsVariation=No	Interrupted=Yes	Begin=593.66	_	_	_	_
218-1	TO044	218	1	cioè	cioè	_	_	_	_	_	linguistic	_	ContainsVariation=No	_	_	_	_	_	_
218-2	TO044	218	2	se	se	_	_	_	_	_	linguistic	_	ContainsVariation=No	_	_	_	_	_	_
218-3	TO044	218	3	san	san	_	_	_	_	_	linguistic	_	ContainsVariation=No	_	_	_	_	_	_
218-4	TO044	218	4	parlare	parlare	_	_	_	_	_	linguistic	_	ContainsVariation=No	_	_	_	_	_	_
218-5	TO044	218	5	bene	bene	_	_	_	_	_	linguistic	_	ContainsVariation=No	_	_	_	_	_	_
218-6	TO044	218	6	la	la	_	_	_	_	_	linguistic	_	ContainsVariation=No	_	_	_	_	_	_
218-7	TO044	218	7	lingua,	lingua	_	_	_	_	_	linguistic	_	ContainsVariation=No	Intonation=WeaklyRising	_	_	_	_	_
218-8	TO044	218	8	>tipo	tipo	_	_	_	_	_	linguistic	_	ContainsVariation=No	_	_	_	Fast=0-4(0)	_	_
218-9	TO044	218	9	quella	quella	_	_	_	_	_	linguistic	_	ContainsVariation=No	_	_	_	Fast=0-6(0)	_	_
218-10	TO044	218	10	cinese	cinese	_	_	_	_	_	linguistic	_	ContainsVariation=No	_	_	_	Fast=0-6(0)	_	_
218-11	TO044	218	11	non	non	_	_	_	_	_	linguistic	_	ContainsVariation=No	_	_	_	Fast=0-3(0)	_	_
218-12	TO044	218	12	era	era	_	_	_	_	_	linguistic	_	ContainsVariation=No	_	_	_	Fast=0-3(0)	_	_
218-13	TO044	218	13	in	in	_	_	_	_	_	linguistic	_	ContainsVariation=No	_	_	_	Fast=0-2(0)	_	_
218-14	TO044	218	14	gra[do	grado	_	_	_	_	_	linguistic	_	ContainsVariation=No	_	_	_	Fast=0-5(0)	_	3-5(51)
218-15	TO044	218	15	quind]i	quindi	_	_	_	_	_	linguistic	_	ContainsVariation=No	_	_	_	Fast=0-6(0)	_	0-5(51)
218-16	TO044	218	16	era	era	_	_	_	_	_	linguistic	_	ContainsVariation=No	_	_	_	Fast=0-3(0)	_	_
218-17	TO044	218	17	un	un	_	_	_	_	_	linguistic	_	ContainsVariation=No	_	_	_	Fast=0-2(0)	_	_
218-18	TO044	218	18	po'	po'	_	_	_	_	_	linguistic	_	ContainsVariation=No	_	_	_	Fast=0-3(0)	_	_
218-19	TO044	218	19	più	più	_	_	_	_	_	linguistic	_	ContainsVariation=No	_	_	_	Fast=0-3(0)	_	_
218-20	TO044	218	20	difficile	difficile	_	_	_	_	_	linguistic	_	ContainsVariation=No	_	_	_	Fast=0-9(0)	_	_
218-21	TO044	218	21	però	però	_	_	_	_	_	linguistic	_	ContainsVariation=No	_	_	_	Fast=0-4(0)	_	_
218-22	TO044	218	22	la	la	_	_	_	_	_	linguistic	_	ContainsVariation=No	_	_	_	Fast=0-2(0)	_	_
218-23	TO044	218	23	mia	mia	_	_	_	_	_	linguistic	_	ContainsVariation=No	_	_	_	Fast=0-3(0)	_	_
218-24	TO044	218	24	amica	amica	_	_	_	_	_	linguistic	_	ContainsVariation=No	_	_	_	Fast=0-5(0)	_	_
218-25	TO044	218	25	tailandese	tailandese	_	_	_	_	_	linguistic	_	ContainsVariation=No	_	_	_	Fast=0-10(0)	_	_
218-26	TO044	218	26	sapeva	sapeva	_	_	_	_	_	linguistic	_	ContainsVariation=No	_	_	_	Fast=0-6(0)	_	_
218-27	TO044	218	27	parlarla<,	parlarla	_	_	_	_	_	linguistic	_	ContainsVariation=No	Intonation=WeaklyRising	End=601.311	_	Fast=0-8(0)	_	_
219-0	TO055	219	0	[okay].	okay	_	_	_	_	_	linguistic	_	ContainsVariation=No	Intonation=Falling	Begin=597.614|End=598.049	_	_	_	0-4(51)
220-0	TO044	220	0	e::h	eh	_	_	_	_	_	linguistic	_	ContainsVariation=No	_	Begin=601.529	0x2	_	_	_
220-1	TO044	220	1	<quella	quella	_	_	_	_	_	linguistic	_	ContainsVariation=No	_	_	_	Slow=0-6(0)	_	_
220-2	TO044	220	2	giapponese	giapponese	_	_	_	_	_	linguistic	_	ContainsVariation=No	_	_	_	Slow=0-10(0)	_	_
220-3	TO044	220	3	non	non	_	_	_	_	_	linguistic	_	ContainsVariation=No	_	_	_	Slow=0-3(0)	_	_
220-4	TO044	220	4	ta[ntissim]o>	tantissimo	_	_	_	_	_	linguistic	_	ContainsVariation=No	_	_	_	Slow=0-10(0)	_	2-9(52)
220-5	TO044	220	5	però	però	_	_	_	_	_	linguistic	_	ContainsVariation=No	_	_	_	_	_	_
220-6	TO044	220	6	c'	c'	_	_	_	_	_	linguistic	_	ContainsVariation=No	SpaceAfter=No	_	_	_	_	_
220-7	TO044	220	7	era	era	_	_	_	_	_	linguistic	_	ContainsVariation=No	_	_	_	_	_	_
220-8	TO044	220	8	>l'	l'	_	_	_	_	_	linguistic	_	ContainsVariation=No	SpaceAfter=No	_	_	Fast=0-2(0)	_	_
220-9	TO044	220	9	altra	altra	_	_	_	_	_	linguistic	_	ContainsVariation=No	_	_	_	Fast=0-5(0)	_	_
220-10	TO044	220	10	che	che	_	_	_	_	_	linguistic	_	ContainsVariation=No	_	_	_	Fast=0-3(0)	_	_
220-11	TO044	220	11	sapeva	sapeva	_	_	_	_	_	linguistic	_	ContainsVariation=No	_	_	_	Fast=0-6(0)	_	_
220-12	TO044	220	12	parlarlo	parlarlo	_	_	_	_	_	linguistic	_	ContainsVariation=No	_	_	_	Fast=0-8(0)	_	_
220-13	TO044	220	13	bene	bene	_	_	_	_	_	linguistic	_	ContainsVariation=No	_	_	_	Fast=0-4(0)	_	_
220-14	TO044	220	14	quindi	quindi	_	_	_	_	_	linguistic	_	ContainsVariation=No	_	_	_	Fast=0-6(0)	_	_
220-15	TO044	220	15	non	non	_	_	_	_	_	linguistic	_	ContainsVariation=No	_	_	_	Fast=0-3(0)	_	_
220-16	TO044	220	16	è	è	_	_	_	_	_	linguistic	_	ContainsVariation=No	_	_	_	Fast=0-1(0)	_	_
220-17	TO044	220	17	stato<,	stato	_	_	_	_	_	linguistic	_	ContainsVariation=No	Intonation=WeaklyRising	End=607.333	_	Fast=0-4(0)	_	_
221-0	TO055	221	0	[okay].	okay	_	_	_	_	_	linguistic	_	ContainsVariation=No	Intonation=Falling	Begin=603.678|End=604.211	_	_	_	0-4(52)
222-0	TO044	222	0	complicatissimo.	complicatissimo	_	_	_	_	_	linguistic	_	ContainsVariation=No	Intonation=Falling	Begin=607.55|End=608.855	_	_	_	_
223-0	TO044	223	0	questo,	questo	_	_	_	_	_	linguistic	_	ContainsVariation=No	Intonation=WeaklyRising	Begin=609.109|End=609.66	_	_	_	_
224-0	TO055	224	0	e	e	_	_	_	_	_	linguistic	_	ContainsVariation=No	_	Begin=610.399	_	_	_	_
224-1	TO055	224	1	[come	come	_	_	_	_	_	linguistic	_	ContainsVariation=No	_	_	_	_	_	0-4(53)
224-2	TO055	224	2	convivenza	convivenza	_	_	_	_	_	linguistic	_	ContainsVariation=No	_	_	_	_	_	0-10(53)
224-3	TO055	224	3	è	è	_	_	_	_	_	linguistic	_	ContainsVariation=No	_	_	_	_	_	0-1(53)
224-4	TO055	224	4	andata	andata	_	_	_	_	_	linguistic	_	ContainsVariation=No	_	_	_	_	_	0-6(53)
224-5	TO055	224	5	bene]?	bene	_	_	_	_	_	linguistic	_	ContainsVariation=No	Intonation=Rising	End=612.357	_	_	_	0-4(53)
225-0	TO044	225	0	[normale	normale	_	_	_	_	_	linguistic	_	ContainsVariation=No	_	Begin=610.596	_	_	_	0-7(53)
225-1	TO044	225	1	anche	anche	_	_	_	_	_	linguistic	_	ContainsVariation=No	_	_	_	_	_	0-5(53)
225-2	TO044	225	2	perché	perché	_	_	_	_	_	linguistic	_	ContainsVariation=No	_	_	_	_	_	0-6(53)
225-3	TO044	225	3	comunque]	comunque	_	_	_	_	_	linguistic	_	ContainsVariation=No	_	_	_	_	_	0-8(53)
225-4	TO044	225	4	non	non	_	_	_	_	_	linguistic	_	ContainsVariation=No	_	_	_	_	_	_
225-5	TO044	225	5	non	non	_	_	_	_	_	linguistic	_	ContainsVariation=No	_	_	_	_	_	_
225-6	TO044	225	6	ci	ci	_	_	_	_	_	linguistic	_	ContainsVariation=No	_	_	_	_	_	_
225-7	TO044	225	7	vedevamo	vedevamo	_	_	_	_	_	linguistic	_	ContainsVariation=No	_	_	_	_	_	_
225-8	TO044	225	8	quasi	quasi	_	_	_	_	_	linguistic	_	ContainsVariation=No	_	_	_	_	_	_
225-9	TO044	225	9	mai	mai	_	_	_	_	_	linguistic	_	ContainsVariation=No	_	_	_	_	_	_
225-10	TO044	225	10	solo	solo	_	_	_	_	_	linguistic	_	ContainsVariation=No	_	_	_	_	_	_
225-11	TO044	225	11	la	la	_	_	_	_	_	linguistic	_	ContainsVariation=No	_	_	_	_	_	_
225-12	TO044	225	12	sera.	sera	_	_	_	_	_	linguistic	_	ContainsVariation=No	Intonation=Falling	End=614.921	_	_	_	_
226-0	TO055	226	0	sì,	sì	_	_	_	_	_	linguistic	_	ContainsVariation=No	Intonation=WeaklyRising	Begin=614.99|End=615.339	_	_	_	_
227-0	TO055	227	0	ah	ah	_	_	_	_	_	linguistic	_	ContainsVariation=No	_	Begin=615.779	_	_	_	_
227-1	TO055	227	1	beh	beh	_	_	_	_	_	linguistic	_	ContainsVariation=No	_	_	_	_	_	_
227-2	TO055	227	2	all[ora	allora	_	_	_	_	_	linguistic	_	ContainsVariation=No	_	_	_	_	_	3-6(54)
227-3	TO055	227	3	sì].	sì	_	_	_	_	_	linguistic	_	ContainsVariation=No	Intonation=Falling	End=616.844	_	_	_	0-2(54)
228-0	TO044	228	0	[e	e	_	_	_	_	_	linguistic	_	ContainsVariation=No	_	Begin=616.522	_	_	_	0-1(54)
228-1	TO044	228	1	io]:	io	_	_	_	_	_	linguistic	_	ContainsVariation=No	_	_	1x1	_	_	0-2(54)
228-2	TO044	228	2	arrivando	arrivando	_	_	_	_	_	linguistic	_	ContainsVariation=No	_	_	_	_	_	_
228-3	TO044	228	3	a	a	_	_	_	_	_	linguistic	_	ContainsVariation=No	_	_	_	_	_	_
228-4	TO044	228	4	casa	casa	_	_	_	_	_	linguistic	_	ContainsVariation=No	_	_	_	_	_	_
228-5	TO044	228	5	magari	magari	_	_	_	_	_	linguistic	_	ContainsVariation=No	_	_	_	_	_	_
228-6	TO044	228	6	alle	alle	_	_	_	_	_	linguistic	_	ContainsVariation=No	_	_	_	_	_	_
228-7	TO044	228	7	otto	otto	_	_	_	_	_	linguistic	_	ContainsVariation=No	_	_	_	_	_	_
228-8	TO044	228	8	alle	alle	_	_	_	_	_	linguistic	_	ContainsVariation=No	_	_	_	_	_	_
228-9	TO044	228	9	nove	nove	_	_	_	_	_	linguistic	_	ContainsVariation=No	_	_	_	_	_	_
228-10	TO044	228	10	ero	ero	_	_	_	_	_	linguistic	_	ContainsVariation=No	_	_	_	_	_	_
228-11	TO044	228	11	cotta	cotta	_	_	_	_	_	linguistic	_	ContainsVariation=No	_	_	_	_	_	_
228-12	TO044	228	12	e:	e	_	_	_	_	_	linguistic	_	ContainsVariation=No	_	_	0x1	_	_	_
228-13	TO044	228	13	andavo	andavo	_	_	_	_	_	linguistic	_	ContainsVariation=No	_	_	_	_	_	_
228-14	TO044	228	14	a	a	_	_	_	_	_	linguistic	_	ContainsVariation=No	_	_	_	_	_	_
228-15	TO044	228	15	dormire.	dormire	_	_	_	_	_	linguistic	_	ContainsVariation=No	Intonation=Falling	End=621.293	_	_	_	_
229-0	TO055	229	0	quindi	quindi	_	_	_	_	_	linguistic	_	ContainsVariation=No	_	Begin=621.788	_	_	_	_
229-1	TO055	229	1	come	come	_	_	_	_	_	linguistic	_	ContainsVariation=No	_	_	_	_	_	_
229-2	TO055	229	2	convivenza	convivenza	_	_	_	_	_	linguistic	_	ContainsVariation=No	_	_	_	_	_	_
229-3	TO055	229	3	alla	alla	_	_	_	_	_	linguistic	_	ContainsVariation=No	_	_	_	_	_	_
229-4	TO055	229	4	fine	fine	_	_	_	_	_	linguistic	_	ContainsVariation=No	_	_	_	_	_	_
229-5	TO055	229	5	[è	è	_	_	_	_	_	linguistic	_	ContainsVariation=No	_	_	_	_	_	0-1(55)
229-6	TO055	229	6	andata	andata	_	_	_	_	_	linguistic	_	ContainsVariation=No	_	_	_	_	_	0-6(55)
229-7	TO055	229	7	bene].	bene	_	_	_	_	_	linguistic	_	ContainsVariation=No	Intonation=Falling	End=624.173	_	_	_	0-4(55)
230-0	TO044	230	0	[easy	easy	_	_	_	_	_	linguistic	_	ContainsVariation=No	_	Begin=623.21	_	_	_	0-4(55)
230-1	TO044	230	1	tranqui]lla	tranquilla	_	_	_	_	_	linguistic	_	ContainsVariation=No	_	_	_	_	_	0-7(55)
230-2	TO044	230	2	sì	sì	_	_	_	_	_	linguistic	_	ContainsVariation=No	_	_	_	_	_	_
230-3	TO044	230	3	sì	sì	_	_	_	_	_	linguistic	_	ContainsVariation=No	_	_	_	_	_	_
230-4	TO044	230	4	sì.	sì	_	_	_	_	_	linguistic	_	ContainsVariation=No	Intonation=Falling	End=625.192	_	_	_	_
231-0	TO044	231	0	anche	anche	_	_	_	_	_	linguistic	_	ContainsVariation=No	_	Begin=625.457	_	_	_	_
231-1	TO044	231	1	perché::	perché	_	_	_	_	_	linguistic	_	ContainsVariation=No	_	_	5x2	_	_	_
231-2	TO044	231	2	poi	poi	_	_	_	_	_	linguistic	_	ContainsVariation=No	_	_	_	_	_	_
231-3	TO044	231	3	vabbè	vabbè	_	_	_	_	_	linguistic	_	ContainsVariation=No	_	_	_	_	_	_
231-4	TO044	231	4	quella	quella	_	_	_	_	_	linguistic	_	ContainsVariation=No	_	_	_	_	_	_
231-5	TO044	231	5	tailandese	tailandese	_	_	_	_	_	linguistic	_	ContainsVariation=No	_	_	_	_	_	_
231-6	TO044	231	6	è	è	_	_	_	_	_	linguistic	_	ContainsVariation=No	_	_	_	_	_	_
231-7	TO044	231	7	uscita	uscita	_	_	_	_	_	linguistic	_	ContainsVariation=No	_	_	_	_	_	_
231-8	TO044	231	8	con	con	_	_	_	_	_	linguistic	_	ContainsVariation=No	_	_	_	_	_	_
231-9	TO044	231	9	noi	noi	_	_	_	_	_	linguistic	_	ContainsVariation=No	_	_	_	_	_	_
231-10	TO044	231	10	a	a	_	_	_	_	_	linguistic	_	ContainsVariation=No	_	_	_	_	_	_
231-11	TO044	231	11	volte:	volte	_	_	_	_	_	linguistic	_	ContainsVariation=No	_	_	4x1	_	_	_
231-12	TO044	231	12	però	però	_	_	_	_	_	linguistic	_	ContainsVariation=No	_	_	_	_	_	_
231-13	TO044	231	13	boh.	boh	_	_	_	_	_	linguistic	_	ContainsVariation=No	Intonation=Falling	End=629.917	_	_	_	_
232-0	TO044	232	0	io	io	_	_	_	_	_	linguistic	_	ContainsVariation=No	_	Begin=630.164	_	_	_	_
232-1	TO044	232	1	trovo	trovo	_	_	_	_	_	linguistic	_	ContainsVariation=No	_	_	_	_	_	_
232-2	TO044	232	2	che	che	_	_	_	_	_	linguistic	_	ContainsVariation=No	_	_	_	_	_	_
232-3	TO044	232	3	comunque	comunque	_	_	_	_	_	linguistic	_	ContainsVariation=No	_	_	_	_	_	_
232-4	TO044	232	4	è	è	_	_	_	_	_	linguistic	_	ContainsVariation=No	_	_	_	_	_	_
232-5	TO044	232	5	difficile	difficile	_	_	_	_	_	linguistic	_	ContainsVariation=No	_	_	_	_	_	_
232-6	TO044	232	6	inserirsi	inserirsi	_	_	_	_	_	linguistic	_	ContainsVariation=No	_	_	_	_	_	_
232-7	TO044	232	7	in	in	_	_	_	_	_	linguistic	_	ContainsVariation=No	_	_	_	_	_	_
232-8	TO044	232	8	un	un	_	_	_	_	_	linguistic	_	ContainsVariation=No	_	_	_	_	_	_
232-9	TO044	232	9	gruppo	gruppo	_	_	_	_	_	linguistic	_	ContainsVariation=No	_	_	_	_	_	_
232-10	TO044	232	10	di	di	_	_	_	_	_	linguistic	_	ContainsVariation=No	_	_	_	_	_	_
232-11	TO044	232	11	persone	persone	_	_	_	_	_	linguistic	_	ContainsVariation=No	_	_	_	_	_	_
232-12	TO044	232	12	che	che	_	_	_	_	_	linguistic	_	ContainsVariation=No	_	_	_	_	_	_
232-13	TO044	232	13	son	son	_	_	_	_	_	linguistic	_	ContainsVariation=No	_	_	_	_	_	_
232-14	TO044	232	14	già	già	_	_	_	_	_	linguistic	_	ContainsVariation=No	_	_	_	_	_	_
232-15	TO044	232	15	consolidate	consolidate	_	_	_	_	_	linguistic	_	ContainsVariation=No	_	_	_	_	_	_
232-16	TO044	232	16	[da]:	da	_	_	_	_	_	linguistic	_	ContainsVariation=No	_	_	1x1	_	_	0-2(56)
232-17	TO044	232	17	quattro	quattro	_	_	_	_	_	linguistic	_	ContainsVariation=No	_	_	_	_	_	_
232-18	TO044	232	18	mesi	mesi	_	_	_	_	_	linguistic	_	ContainsVariation=No	PauseAfter=Yes	_	_	_	_	_
232-19	TO044	232	19	(.)	(.)	_	_	_	_	_	shortpause	_	ContainsVariation=No	_	_	_	_	_	_
232-20	TO044	232	20	da	da	_	_	_	_	_	linguistic	_	ContainsVariation=No	_	_	_	_	_	_
232-21	TO044	232	21	tr[e	tre	_	_	_	_	_	linguistic	_	ContainsVariation=No	_	_	_	_	_	2-3(57)
232-22	TO044	232	22	me]si	mesi	_	_	_	_	_	linguistic	_	ContainsVariation=No	_	_	_	_	_	0-2(57)
232-23	TO044	232	23	assieme	assieme	_	_	_	_	_	linguistic	_	ContainsVariation=No	_	_	_	_	_	_
232-24	TO044	232	24	si	si	_	_	_	_	_	linguistic	_	ContainsVariation=No	_	_	_	_	_	_
232-25	TO044	232	25	son	son	_	_	_	_	_	linguistic	_	ContainsVariation=No	_	_	_	_	_	_
232-26	TO044	232	26	già	già	_	_	_	_	_	linguistic	_	ContainsVariation=No	_	_	_	_	_	_
232-27	TO044	232	27	visti	visti	_	_	_	_	_	linguistic	_	ContainsVariation=No	_	_	_	_	_	_
232-28	TO044	232	28	son,	son	_	_	_	_	_	linguistic	_	ContainsVariation=No	Intonation=WeaklyRising	End=638.412	_	_	_	_
233-0	TO055	233	0	[sì].	sì	_	_	_	_	_	linguistic	_	ContainsVariation=No	Intonation=Falling	Begin=634.44|End=634.767	_	_	_	0-2(56)
234-0	TO055	234	0	[sì].	sì	_	_	_	_	_	linguistic	_	ContainsVariation=No	Intonation=Falling	Begin=636.008|End=636.335	_	_	_	0-2(57)
235-0	TO044	235	0	già	già	_	_	_	_	_	linguistic	_	ContainsVariation=No	_	Begin=638.862	_	_	_	_
235-1	TO044	235	1	proprio	proprio	_	_	_	_	_	linguistic	_	ContainsVariation=No	_	_	_	_	_	_
235-2	TO044	235	2	amici	amici	_	_	_	_	_	linguistic	_	ContainsVariation=No	_	_	_	_	_	_
235-3	TO044	235	3	e	e	_	_	_	_	_	linguistic	_	ContainsVariation=No	_	_	_	_	_	_
235-4	TO044	235	4	quindi,	quindi	_	_	_	_	_	linguistic	_	ContainsVariation=No	Intonation=WeaklyRising	End=640.321	_	_	_	_
236-0	TO044	236	0	lei::	lei	_	_	_	_	_	linguistic	_	ContainsVariation=No	_	Begin=640.66	2x2	_	_	_
236-1	TO044	236	1	second~	second~	_	_	_	_	_	linguistic	_	ContainsVariation=No	Interrupted=Yes	_	_	_	_	_
236-2	TO044	236	2	cioè,	cioè	_	_	_	_	_	linguistic	_	ContainsVariation=No	Intonation=WeaklyRising	End=642.431	_	_	_	_
237-0	TO044	237	0	<è	è	_	_	_	_	_	linguistic	_	ContainsVariation=No	_	Begin=642.696	_	Slow=0-1(0)	_	_
237-1	TO044	237	1	venuta	venuta	_	_	_	_	_	linguistic	_	ContainsVariation=No	_	_	_	Slow=0-6(0)	_	_
237-2	TO044	237	2	però:>,	però	_	_	_	_	_	linguistic	_	ContainsVariation=No	Intonation=WeaklyRising	End=644.422	3x1	Slow=0-4(0)	_	_
238-0	TO044	238	0	a:ppunto	appunto	_	_	_	_	_	linguistic	_	ContainsVariation=No	_	Begin=644.862	0x1	_	_	_
238-1	TO044	238	1	non	non	_	_	_	_	_	linguistic	_	ContainsVariation=No	_	_	_	_	_	_
238-2	TO044	238	2	si	si	_	_	_	_	_	linguistic	_	ContainsVariation=No	_	_	_	_	_	_
238-3	TO044	238	3	è	è	_	_	_	_	_	linguistic	_	ContainsVariation=No	_	_	_	_	_	_
238-4	TO044	238	4	secondo	secondo	_	_	_	_	_	linguistic	_	ContainsVariation=No	_	_	_	_	_	_
238-5	TO044	238	5	me	me	_	_	_	_	_	linguistic	_	ContainsVariation=No	_	_	_	_	_	_
238-6	TO044	238	6	subito	subito	_	_	_	_	_	linguistic	_	ContainsVariation=No	_	_	_	_	_	_
238-7	TO044	238	7	<trova:ta	trovata	_	_	_	_	_	linguistic	_	ContainsVariation=No	_	_	4x1	Slow=0-7(0)	_	_
238-8	TO044	238	8	poi	poi	_	_	_	_	_	linguistic	_	ContainsVariation=No	_	_	_	Slow=0-3(0)	_	_
238-9	TO044	238	9	si	si	_	_	_	_	_	linguistic	_	ContainsVariation=No	_	_	_	Slow=0-2(0)	_	_
238-10	TO044	238	10	è	è	_	_	_	_	_	linguistic	_	ContainsVariation=No	_	_	_	Slow=0-1(0)	_	_
238-11	TO044	238	11	trovata	trovata	_	_	_	_	_	linguistic	_	ContainsVariation=No	_	_	_	Slow=0-7(0)	_	_
238-12	TO044	238	12	i	i	_	_	_	_	_	linguistic	_	ContainsVariation=No	_	_	_	Slow=0-1(0)	_	_
238-13	TO044	238	13	suoi	suoi	_	_	_	_	_	linguistic	_	ContainsVariation=No	_	_	_	Slow=0-4(0)	_	_
238-14	TO044	238	14	amici>	amici	_	_	_	_	_	linguistic	_	ContainsVariation=No	_	_	_	Slow=0-5(0)	_	_
238-15	TO044	238	15	quindi	quindi	_	_	_	_	_	linguistic	_	ContainsVariation=No	_	_	_	_	_	_
238-16	TO044	238	16	è	è	_	_	_	_	_	linguistic	_	ContainsVariation=No	_	_	_	_	_	_
238-17	TO044	238	17	stato	stato	_	_	_	_	_	linguistic	_	ContainsVariation=No	_	_	_	_	_	_
238-18	TO044	238	18	tranquillo	tranquillo	_	_	_	_	_	linguistic	_	ContainsVariation=No	_	_	_	_	_	_
238-19	TO044	238	19	perché,	perché	_	_	_	_	_	linguistic	_	ContainsVariation=No	Intonation=WeaklyRising	End=650.256	_	_	_	_
239-0	TO044	239	0	noi	noi	_	_	_	_	_	linguistic	_	ContainsVariation=No	_	Begin=650.486	_	_	_	_
239-1	TO044	239	1	eravam	eravam	_	_	_	_	_	linguistic	_	ContainsVariation=No	_	_	_	_	_	_
239-2	TO044	239	2	come	come	_	_	_	_	_	linguistic	_	ContainsVariation=No	_	_	_	_	_	_
239-3	TO044	239	3	coinquiline	coinquiline	_	_	_	_	_	linguistic	_	ContainsVariation=No	_	_	_	_	_	_
239-4	TO044	239	4	però,	però	_	_	_	_	_	linguistic	_	ContainsVariation=No	Intonation=WeaklyRising	End=652.287	_	_	_	_
240-0	TO055	240	0	sì	sì	_	_	_	_	_	linguistic	_	ContainsVariation=No	_	Begin=652.66	_	_	_	_
240-1	TO055	240	1	ognuna	ognuna	_	_	_	_	_	linguistic	_	ContainsVariation=No	_	_	_	_	_	_
240-2	TO055	240	2	aveva	aveva	_	_	_	_	_	linguistic	_	ContainsVariation=No	_	_	_	_	_	_
240-3	TO055	240	3	gli	gli	_	_	_	_	_	linguistic	_	ContainsVariation=No	_	_	_	_	_	_
240-4	TO055	240	4	amici	amici	_	_	_	_	_	linguistic	_	ContainsVariation=No	_	_	_	_	_	_
240-5	TO055	240	5	[a	a	_	_	_	_	_	linguistic	_	ContainsVariation=No	_	_	_	_	_	0-1(58)
240-6	TO055	240	6	pa]rte.	parte	_	_	_	_	_	linguistic	_	ContainsVariation=No	Intonation=Falling	End=654.633	_	_	_	0-2(58)
241-0	TO044	241	0	[sì].	sì	_	_	_	_	_	linguistic	_	ContainsVariation=No	Intonation=Falling	Begin=653.926|End=654.192	_	_	_	0-2(58)
242-0	TO044	242	0	passavamo	passavamo	_	_	_	_	_	linguistic	_	ContainsVariation=No	_	Begin=654.834	_	_	_	_
242-1	TO044	242	1	del	del	_	_	_	_	_	linguistic	_	ContainsVariation=No	_	_	_	_	_	_
242-2	TO044	242	2	tempo	tempo	_	_	_	_	_	linguistic	_	ContainsVariation=No	_	_	_	_	_	_
242-3	TO044	242	3	insieme	insieme	_	_	_	_	_	linguistic	_	ContainsVariation=No	_	_	_	_	_	_
242-4	TO044	242	4	a	a	_	_	_	_	_	linguistic	_	ContainsVariation=No	_	_	_	_	_	_
242-5	TO044	242	5	casa	casa	_	_	_	_	_	linguistic	_	ContainsVariation=No	_	_	_	_	_	_
242-6	TO044	242	6	la	la	_	_	_	_	_	linguistic	_	ContainsVariation=No	_	_	_	_	_	_
242-7	TO044	242	7	se:ra	sera	_	_	_	_	_	linguistic	_	ContainsVariation=No	_	_	1x1	_	_	_
242-8	TO044	242	8	però	però	_	_	_	_	_	linguistic	_	ContainsVariation=No	_	_	_	_	_	_
242-9	TO044	242	9	niente	niente	_	_	_	_	_	linguistic	_	ContainsVariation=No	_	_	_	_	_	_
242-10	TO044	242	10	di	di	_	_	_	_	_	linguistic	_	ContainsVariation=No	_	_	_	_	_	_
242-11	TO044	242	11	chè.	chè	_	_	_	_	_	linguistic	_	ContainsVariation=No	Intonation=Falling	End=658.052	_	_	_	_
243-0	TO055	243	0	quindi	quindi	_	_	_	_	_	linguistic	_	ContainsVariation=No	_	Begin=658.311	_	_	_	_
243-1	TO055	243	1	la	la	_	_	_	_	_	linguistic	_	ContainsVariation=No	_	_	_	_	_	_
243-2	TO055	243	2	rifaresti	rifaresti	_	_	_	_	_	linguistic	_	ContainsVariation=No	_	_	_	_	_	_
243-3	TO055	243	3	tutta	tutta	_	_	_	_	_	linguistic	_	ContainsVariation=No	_	_	_	_	_	_
243-4	TO055	243	4	la	la	_	_	_	_	_	linguistic	_	ContainsVariation=No	_	_	_	_	_	_
243-5	TO055	243	5	vita	vita	_	_	_	_	_	linguistic	_	ContainsVariation=No	_	_	_	_	_	_
243-6	TO055	243	6	un[a	una	_	_	_	_	_	linguistic	_	ContainsVariation=No	_	_	_	_	_	2-3(59)
243-7	TO055	243	7	esperie]nza	esperienza	_	_	_	_	_	linguistic	_	ContainsVariation=No	_	_	_	_	_	0-7(59)
243-8	TO055	243	8	del	del	_	_	_	_	_	linguistic	_	ContainsVariation=No	_	_	_	_	_	_
243-9	TO055	243	9	genere?	genere	_	_	_	_	_	linguistic	_	ContainsVariation=No	Intonation=Rising	End=661.287	_	_	_	_
244-0	TO044	244	0	[sì	sì	_	_	_	_	_	linguistic	_	ContainsVariation=No	_	Begin=659.853	_	_	_	0-2(59)
244-1	TO044	244	1	sì	sì	_	_	_	_	_	linguistic	_	ContainsVariation=No	_	_	_	_	_	0-2(59)
244-2	TO044	244	2	sì].	sì	_	_	_	_	_	linguistic	_	ContainsVariation=No	Intonation=Falling	End=660.55	_	_	_	0-2(59)
245-0	TO044	245	0	sì	sì	_	_	_	_	_	linguistic	_	ContainsVariation=No	_	Begin=661.287	_	_	_	_
245-1	TO044	245	1	sì	sì	_	_	_	_	_	linguistic	_	ContainsVariation=No	_	_	_	_	_	_
245-2	TO044	245	2	sì	sì	_	_	_	_	_	linguistic	_	ContainsVariation=No	_	_	_	_	_	_
245-3	TO044	245	3	mi	mi	_	_	_	_	_	linguistic	_	ContainsVariation=No	_	_	_	_	_	_
245-4	TO044	245	4	piacerebbe	piacerebbe	_	_	_	_	_	linguistic	_	ContainsVariation=No	_	_	_	_	_	_
245-5	TO044	245	5	di	di	_	_	_	_	_	linguistic	_	ContainsVariation=No	_	_	_	_	_	_
245-6	TO044	245	6	nuovo	nuovo	_	_	_	_	_	linguistic	_	ContainsVariation=No	_	_	_	_	_	_
245-7	TO044	245	7	cioè	cioè	_	_	_	_	_	linguistic	_	ContainsVariation=No	_	_	_	_	_	_
245-8	TO044	245	8	forse	forse	_	_	_	_	_	linguistic	_	ContainsVariation=No	_	_	_	_	_	_
245-9	TO044	245	9	a	a	_	_	_	_	_	linguistic	_	ContainsVariation=No	_	_	_	_	_	_
245-10	TO044	245	10	posteriori	posteriori	_	_	_	_	_	linguistic	_	ContainsVariation=No	_	_	_	_	_	_
245-11	TO044	245	11	avrei	avrei	_	_	_	_	_	linguistic	_	ContainsVariation=No	_	_	_	_	_	_
245-12	TO044	245	12	voluto	voluto	_	_	_	_	_	linguistic	_	ContainsVariation=No	_	_	_	_	_	_
245-13	TO044	245	13	che	che	_	_	_	_	_	linguistic	_	ContainsVariation=No	_	_	_	_	_	_
245-14	TO044	245	14	la	la	_	_	_	_	_	linguistic	_	ContainsVariation=No	_	_	_	_	_	_
245-15	TO044	245	15	mia	mia	_	_	_	_	_	linguistic	_	ContainsVariation=No	_	_	_	_	_	_
245-16	TO044	245	16	amica	amica	_	_	_	_	_	linguistic	_	ContainsVariation=No	_	_	_	_	_	_
245-17	TO044	245	17	venisse	venisse	_	_	_	_	_	linguistic	_	ContainsVariation=No	_	_	_	_	_	_
245-18	TO044	245	18	a,	a	_	_	_	_	_	linguistic	_	ContainsVariation=No	Intonation=WeaklyRising	End=666.33	_	_	_	_
246-0	TO044	246	0	fosse	fosse	_	_	_	_	_	linguistic	_	ContainsVariation=No	_	Begin=666.614	_	_	_	_
246-1	TO044	246	1	venut[a	venuta	_	_	_	_	_	linguistic	_	ContainsVariation=No	_	_	_	_	_	5-6(60)
246-2	TO044	246	2	a	a	_	_	_	_	_	linguistic	_	ContainsVariation=No	_	_	_	_	_	0-1(60)
246-3	TO044	246	3	vivere]	vivere	_	_	_	_	_	linguistic	_	ContainsVariation=No	_	_	_	_	_	0-6(60)
246-4	TO044	246	4	con	con	_	_	_	_	_	linguistic	_	ContainsVariation=No	_	_	_	_	_	_
246-5	TO044	246	5	me,	me	_	_	_	_	_	linguistic	_	ContainsVariation=No	Intonation=WeaklyRising	End=668.082	_	_	_	_
247-0	TO055	247	0	[okay].	okay	_	_	_	_	_	linguistic	_	ContainsVariation=No	Intonation=Falling	Begin=667.228|End=667.843	_	_	_	0-4(60)
248-0	TO044	248	0	però	però	_	_	_	_	_	linguistic	_	ContainsVariation=No	_	Begin=668.311	_	_	_	_
248-1	TO044	248	1	è	è	_	_	_	_	_	linguistic	_	ContainsVariation=No	_	_	_	_	_	_
248-2	TO044	248	2	difficile	difficile	_	_	_	_	_	linguistic	_	ContainsVariation=No	_	_	_	_	_	_
248-3	TO044	248	3	secondo	secondo	_	_	_	_	_	linguistic	_	ContainsVariation=No	_	_	_	_	_	_
248-4	TO044	248	4	me	me	_	_	_	_	_	linguistic	_	ContainsVariation=No	_	_	_	_	_	_
248-5	TO044	248	5	perché:	perché	_	_	_	_	_	linguistic	_	ContainsVariation=No	_	_	5x1	_	_	_
248-6	TO044	248	6	se	se	_	_	_	_	_	linguistic	_	ContainsVariation=No	_	_	_	_	_	_
248-7	TO044	248	7	vai	vai	_	_	_	_	_	linguistic	_	ContainsVariation=No	_	_	_	_	_	_
248-8	TO044	248	8	a	a	_	_	_	_	_	linguistic	_	ContainsVariation=No	_	_	_	_	_	_
248-9	TO044	248	9	scuola	scuola	_	_	_	_	_	linguistic	_	ContainsVariation=No	_	_	_	_	_	_
248-10	TO044	248	10	e	e	_	_	_	_	_	linguistic	_	ContainsVariation=No	_	_	_	_	_	_
248-11	TO044	248	11	a	a	_	_	_	_	_	linguistic	_	ContainsVariation=No	_	_	_	_	_	_
248-12	TO044	248	12	casa	casa	_	_	_	_	_	linguistic	_	ContainsVariation=No	_	_	_	_	_	_
248-13	TO044	248	13	insieme	insieme	_	_	_	_	_	linguistic	_	ContainsVariation=No	_	_	_	_	_	_
248-14	TO044	248	14	sempre	sempre	_	_	_	_	_	linguistic	_	ContainsVariation=No	_	_	_	_	_	_
248-15	TO044	248	15	poi	poi	_	_	_	_	_	linguistic	_	ContainsVariation=No	_	_	_	_	_	_
248-16	TO044	248	16	non	non	_	_	_	_	_	linguistic	_	ContainsVariation=No	_	_	_	_	_	_
248-17	TO044	248	17	hai	hai	_	_	_	_	_	linguistic	_	ContainsVariation=No	_	_	_	_	_	_
248-18	TO044	248	18	un	un	_	_	_	_	_	linguistic	_	ContainsVariation=No	_	_	_	_	_	_
248-19	TO044	248	19	minimo	minimo	_	_	_	_	_	linguistic	_	ContainsVariation=No	_	_	_	_	_	_
248-20	TO044	248	20	di,	di	_	_	_	_	_	linguistic	_	ContainsVariation=No	Intonation=WeaklyRising	End=673.467	_	_	_	_
249-0	TO055	249	0	sì,	sì	_	_	_	_	_	linguistic	_	ContainsVariation=No	Intonation=WeaklyRising	Begin=673.467|End=673.752	_	_	_	_
250-0	TO044	250	0	spazio	spazio	_	_	_	_	_	linguistic	_	ContainsVariation=No	_	Begin=673.752	_	_	_	_
250-1	TO044	250	1	devi	devi	_	_	_	_	_	linguistic	_	ContainsVariation=No	_	_	_	_	_	_
250-2	TO044	250	2	fare	fare	_	_	_	_	_	linguistic	_	ContainsVariation=No	_	_	_	_	_	_
250-3	TO044	250	3	tutto	tutto	_	_	_	_	_	linguistic	_	ContainsVariation=No	_	_	_	_	_	_
250-4	TO044	250	4	assieme	assieme	_	_	_	_	_	linguistic	_	ContainsVariation=No	_	_	_	_	_	_
250-5	TO044	250	5	non	non	_	_	_	_	_	linguistic	_	ContainsVariation=No	_	_	_	_	_	_
250-6	TO044	250	6	è	è	_	_	_	_	_	linguistic	_	ContainsVariation=No	_	_	_	_	_	_
250-7	TO044	250	7	che	che	_	_	_	_	_	linguistic	_	ContainsVariation=No	_	_	_	_	_	_
250-8	TO044	250	8	puoi	puoi	_	_	_	_	_	linguistic	_	ContainsVariation=No	_	_	_	_	_	_
250-9	TO044	250	9	andartene	andartene	_	_	_	_	_	linguistic	_	ContainsVariation=No	_	_	_	_	_	_
250-10	TO044	250	10	a	a	_	_	_	_	_	linguistic	_	ContainsVariation=No	_	_	_	_	_	_
250-11	TO044	250	11	cas[a::],	casa	_	_	_	_	_	linguistic	_	ContainsVariation=No	Intonation=WeaklyRising	End=677.403	3x2	_	_	3-4(61)
251-0	TO055	251	0	[per]ò	però	_	_	_	_	_	linguistic	_	ContainsVariation=No	_	Begin=677.146	_	_	_	0-3(61)
251-1	TO055	251	1	secondo	secondo	_	_	_	_	_	linguistic	_	ContainsVariation=No	_	_	_	_	_	_
251-2	TO055	251	2	me	me	_	_	_	_	_	linguistic	_	ContainsVariation=No	_	_	_	_	_	_
251-3	TO055	251	3	in	in	_	_	_	_	_	linguistic	_	ContainsVariation=No	_	_	_	_	_	_
251-4	TO055	251	4	queste	queste	_	_	_	_	_	linguistic	_	ContainsVariation=No	_	_	_	_	_	_
251-5	TO055	251	5	esperienze::	esperienze	_	_	_	_	_	linguistic	_	ContainsVariation=No	_	_	9x2	_	_	_
251-6	TO055	251	6	cioè	cioè	_	_	_	_	_	linguistic	_	ContainsVariation=No	_	_	_	_	_	_
251-7	TO055	251	7	m::h	mh	_	_	_	_	_	linguistic	_	ContainsVariation=No	_	_	0x2	_	_	_
251-8	TO055	251	8	non	non	_	_	_	_	_	linguistic	_	ContainsVariation=No	_	_	_	_	_	_
251-9	TO055	251	9	è	è	_	_	_	_	_	linguistic	_	ContainsVariation=No	_	_	_	_	_	_
251-10	TO055	251	10	come	come	_	_	_	_	_	linguistic	_	ContainsVariation=No	_	_	_	_	_	_
251-11	TO055	251	11	ad	ad	_	_	_	_	_	linguistic	_	ContainsVariation=No	_	_	_	_	_	_
251-12	TO055	251	12	esempio	esempio	_	_	_	_	_	linguistic	_	ContainsVariation=No	_	_	_	_	_	_
251-13	TO055	251	13	andare	andare	_	_	_	_	_	linguistic	_	ContainsVariation=No	_	_	_	_	_	_
251-14	TO055	251	14	a	a	_	_	_	_	_	linguistic	_	ContainsVariation=No	_	_	_	_	_	_
251-15	TO055	251	15	vivere	vivere	_	_	_	_	_	linguistic	_	ContainsVariation=No	_	_	_	_	_	_
251-16	TO055	251	16	a	a	_	_	_	_	_	linguistic	_	ContainsVariation=No	_	_	_	_	_	_
251-17	TO055	251	17	torino	torino	_	_	_	_	_	linguistic	_	ContainsVariation=No	_	_	_	_	_	_
251-18	TO055	251	18	e	e	_	_	_	_	_	linguistic	_	ContainsVariation=No	_	_	_	_	_	_
251-19	TO055	251	19	andare	andare	_	_	_	_	_	linguistic	_	ContainsVariation=No	_	_	_	_	_	_
251-20	TO055	251	20	a	a	_	_	_	_	_	linguistic	_	ContainsVariation=No	_	_	_	_	_	_
251-21	TO055	251	21	vivere	vivere	_	_	_	_	_	linguistic	_	ContainsVariation=No	_	_	_	_	_	_
251-22	TO055	251	22	con	con	_	_	_	_	_	linguistic	_	ContainsVariation=No	_	_	_	_	_	_
251-23	TO055	251	23	la	la	_	_	_	_	_	linguistic	_	ContainsVariation=No	_	_	_	_	_	_
251-24	TO055	251	24	tua	tua	_	_	_	_	_	linguistic	_	ContainsVariation=No	_	_	_	_	_	_
251-25	TO055	251	25	stessa	stessa	_	_	_	_	_	linguistic	_	ContainsVariation=No	_	_	_	_	_	_
251-26	TO055	251	26	amica	amica	_	_	_	_	_	linguistic	_	ContainsVariation=No	_	_	_	_	_	_
251-27	TO055	251	27	che	che	_	_	_	_	_	linguistic	_	ContainsVariation=No	_	_	_	_	_	_
251-28	TO055	251	28	fa	fa	_	_	_	_	_	linguistic	_	ContainsVariation=No	_	_	_	_	_	_
251-29	TO055	251	29	la	la	_	_	_	_	_	linguistic	_	ContainsVariation=No	_	_	_	_	_	_
251-30	TO055	251	30	tua	tua	_	_	_	_	_	linguistic	_	ContainsVariation=No	_	_	_	_	_	_
251-31	TO055	251	31	stessa	stessa	_	_	_	_	_	linguistic	_	ContainsVariation=No	_	_	_	_	_	_
251-32	TO055	251	32	universit[à	università	_	_	_	_	_	linguistic	_	ContainsVariation=No	_	_	_	_	_	9-10(62)
251-33	TO055	251	33	o:],	o	_	_	_	_	_	linguistic	_	ContainsVariation=No	Intonation=WeaklyRising	End=687.458	0x1	_	_	0-1(62)
252-0	TO044	252	0	[no	no	_	_	_	_	_	linguistic	_	ContainsVariation=No	_	Begin=687.009	_	_	_	0-2(62)
252-1	TO044	252	1	per]ò	però	_	_	_	_	_	linguistic	_	ContainsVariation=No	_	_	_	_	_	0-3(62)
252-2	TO044	252	2	sarebbe	sarebbe	_	_	_	_	_	linguistic	_	ContainsVariation=No	_	_	_	_	_	_
252-3	TO044	252	3	stato	stato	_	_	_	_	_	linguistic	_	ContainsVariation=No	_	_	_	_	_	_
252-4	TO044	252	4	difficile	difficile	_	_	_	_	_	linguistic	_	ContainsVariation=No	_	_	_	_	_	_
252-5	TO044	252	5	perché	perché	_	_	_	_	_	linguistic	_	ContainsVariation=No	_	_	_	_	_	_
252-6	TO044	252	6	che	che	_	_	_	_	_	linguistic	_	ContainsVariation=No	_	_	_	_	_	_
252-7	TO044	252	7	cosa	cosa	_	_	_	_	_	linguistic	_	ContainsVariation=No	_	_	_	_	_	_
252-8	TO044	252	8	fai:	fai	_	_	_	_	_	linguistic	_	ContainsVariation=No	_	_	2x1	_	_	_
252-9	TO044	252	9	torni	torni	_	_	_	_	_	linguistic	_	ContainsVariation=No	_	_	_	_	_	_
252-10	TO044	252	10	a	a	_	_	_	_	_	linguistic	_	ContainsVariation=No	_	_	_	_	_	_
252-11	TO044	252	11	casa:	casa	_	_	_	_	_	linguistic	_	ContainsVariation=No	_	_	3x1	_	_	_
252-12	TO044	252	12	in	in	_	_	_	_	_	linguistic	_	ContainsVariation=No	_	_	_	_	_	_
252-13	TO044	252	13	cas(e)	case	_	_	_	_	_	linguistic	_	ContainsVariation=No	_	_	_	_	3-4(0)	_
252-14	TO044	252	14	separate	separate	_	_	_	_	_	linguistic	_	ContainsVariation=No	_	_	_	_	_	_
252-15	TO044	252	15	no	no	_	_	_	_	_	linguistic	_	ContainsVariation=No	_	_	_	_	_	_
252-16	TO044	252	16	di	di	_	_	_	_	_	linguistic	_	ContainsVariation=No	_	_	_	_	_	_
252-17	TO044	252	17	sicuro	sicuro	_	_	_	_	_	linguistic	_	ContainsVariation=No	_	_	_	_	_	_
252-18	TO044	252	18	torni	torni	_	_	_	_	_	linguistic	_	ContainsVariation=No	_	_	_	_	_	_
252-19	TO044	252	19	cioè	cioè	_	_	_	_	_	linguistic	_	ContainsVariation=No	PauseAfter=Yes	_	_	_	_	_
252-20	TO044	252	20	(.)	(.)	_	_	_	_	_	shortpause	_	ContainsVariation=No	_	_	_	_	_	_
252-21	TO044	252	21	[tor]ni	torni	_	_	_	_	_	linguistic	_	ContainsVariation=No	_	_	_	_	_	0-3(63)
252-22	TO044	252	22	allo	allo	_	_	_	_	_	linguistic	_	ContainsVariation=No	_	_	_	_	_	_
252-23	TO044	252	23	stesso	stesso	_	_	_	_	_	linguistic	_	ContainsVariation=No	_	_	_	_	_	_
252-24	TO044	252	24	momento	momento	_	_	_	_	_	linguistic	_	ContainsVariation=No	_	_	_	_	_	_
252-25	TO044	252	25	quindi	quindi	_	_	_	_	_	linguistic	_	ContainsVariation=No	_	_	_	_	_	_
252-26	TO044	252	26	magari	magari	_	_	_	_	_	linguistic	_	ContainsVariation=No	_	_	_	_	_	_
252-27	TO044	252	27	lei	lei	_	_	_	_	_	linguistic	_	ContainsVariation=No	_	_	_	_	_	_
252-28	TO044	252	28	si	si	_	_	_	_	_	linguistic	_	ContainsVariation=No	_	_	_	_	_	_
252-29	TO044	252	29	vuole	vuole	_	_	_	_	_	linguistic	_	ContainsVariation=No	_	_	_	_	_	_
252-30	TO044	252	30	andare	andare	_	_	_	_	_	linguistic	_	ContainsVariation=No	_	_	_	_	_	_
252-31	TO044	252	31	a	a	_	_	_	_	_	linguistic	_	ContainsVariation=No	_	_	_	_	_	_
252-32	TO044	252	32	prendere	prendere	_	_	_	_	_	linguistic	_	ContainsVariation=No	_	_	_	_	_	_
252-33	TO044	252	33	un	un	_	_	_	_	_	linguistic	_	ContainsVariation=No	_	_	_	_	_	_
252-34	TO044	252	34	caffè,	caffè	_	_	_	_	_	linguistic	_	ContainsVariation=No	Intonation=WeaklyRising	End=696.706	_	_	_	_
253-0	TO055	253	0	[sì].	sì	_	_	_	_	_	linguistic	_	ContainsVariation=No	Intonation=Falling	Begin=693.412|End=693.738	_	_	_	0-2(63)
254-0	TO044	254	0	e	e	_	_	_	_	_	linguistic	_	ContainsVariation=No	_	Begin=697.082	_	_	_	_
254-1	TO044	254	1	tu	tu	_	_	_	_	_	linguistic	_	ContainsVariation=No	_	_	_	_	_	_
254-2	TO044	254	2	sei	sei	_	_	_	_	_	linguistic	_	ContainsVariation=No	_	_	_	_	_	_
254-3	TO044	254	3	un	un	_	_	_	_	_	linguistic	_	ContainsVariation=No	_	_	_	_	_	_
254-4	TO044	254	4	po'	po'	_	_	_	_	_	linguistic	_	ContainsVariation=No	_	_	_	_	_	_
254-5	TO044	254	5	vincolato	vincolato	_	_	_	_	_	linguistic	_	ContainsVariation=No	_	_	_	_	_	_
254-6	TO044	254	6	ad	ad	_	_	_	_	_	linguistic	_	ContainsVariation=No	_	_	_	_	_	_
254-7	TO044	254	7	andare	andare	_	_	_	_	_	linguistic	_	ContainsVariation=No	_	_	_	_	_	_
254-8	TO044	254	8	con	con	_	_	_	_	_	linguistic	_	ContainsVariation=No	_	_	_	_	_	_
254-9	TO044	254	9	lei	lei	_	_	_	_	_	linguistic	_	ContainsVariation=No	_	_	_	_	_	_
254-10	TO044	254	10	perché	perché	_	_	_	_	_	linguistic	_	ContainsVariation=No	_	_	_	_	_	_
254-11	TO044	254	11	non	non	_	_	_	_	_	linguistic	_	ContainsVariation=No	_	_	_	_	_	_
254-12	TO044	254	12	puoi::,	puoi	_	_	_	_	_	linguistic	_	ContainsVariation=No	Intonation=WeaklyRising	End=700.559	3x2	_	_	_
255-0	TO044	255	0	sai	sai	_	_	_	_	_	linguistic	_	ContainsVariation=No	_	Begin=701.348	_	_	_	_
255-1	TO044	255	1	non	non	_	_	_	_	_	linguistic	_	ContainsVariation=No	_	_	_	_	_	_
255-2	TO044	255	2	p~	p~	_	_	_	_	_	linguistic	_	ContainsVariation=No	Interrupted=Yes	_	_	_	_	_
255-3	TO044	255	3	non	non	_	_	_	_	_	linguistic	_	ContainsVariation=No	_	_	_	_	_	_
255-4	TO044	255	4	puoi	puoi	_	_	_	_	_	linguistic	_	ContainsVariation=No	_	_	_	_	_	_
255-5	TO044	255	5	dire	dire	_	_	_	_	_	linguistic	_	ContainsVariation=No	_	_	_	_	_	_
255-6	TO044	255	6	boh	boh	_	_	_	_	_	linguistic	_	ContainsVariation=No	_	_	_	_	_	_
255-7	TO044	255	7	no	no	_	_	_	_	_	linguistic	_	ContainsVariation=No	_	_	_	_	_	_
255-8	TO044	255	8	io	io	_	_	_	_	_	linguistic	_	ContainsVariation=No	_	_	_	_	_	_
255-9	TO044	255	9	me	me	_	_	_	_	_	linguistic	_	ContainsVariation=No	_	_	_	_	_	_
255-10	TO044	255	10	ne	ne	_	_	_	_	_	linguistic	_	ContainsVariation=No	_	_	_	_	_	_
255-11	TO044	255	11	vado	vado	_	_	_	_	_	linguistic	_	ContainsVariation=No	_	_	_	_	_	_
255-12	TO044	255	12	di	di	_	_	_	_	_	linguistic	_	ContainsVariation=No	_	_	_	_	_	_
255-13	TO044	255	13	qua	qua	_	_	_	_	_	linguistic	_	ContainsVariation=No	_	_	_	_	_	_
255-14	TO044	255	14	e	e	_	_	_	_	_	linguistic	_	ContainsVariation=No	_	_	_	_	_	_
255-15	TO044	255	15	poi	poi	_	_	_	_	_	linguistic	_	ContainsVariation=No	_	_	_	_	_	_
255-16	TO044	255	16	ci	ci	_	_	_	_	_	linguistic	_	ContainsVariation=No	_	_	_	_	_	_
255-17	TO044	255	17	vediamo	vediamo	_	_	_	_	_	linguistic	_	ContainsVariation=No	_	_	_	_	_	_
255-18	TO044	255	18	a	a	_	_	_	_	_	linguistic	_	ContainsVariation=No	_	_	_	_	_	_
255-19	TO044	255	19	casa	casa	_	_	_	_	_	linguistic	_	ContainsVariation=No	_	_	_	_	_	_
255-20	TO044	255	20	non	non	_	_	_	_	_	linguistic	_	ContainsVariation=No	_	_	_	_	_	_
255-21	TO044	255	21	so	so	_	_	_	_	_	linguistic	_	ContainsVariation=No	_	_	_	_	_	_
255-22	TO044	255	22	mi	mi	_	_	_	_	_	linguistic	_	ContainsVariation=No	_	_	_	_	_	_
255-23	TO044	255	23	avrebbe	avrebbe	_	_	_	_	_	linguistic	_	ContainsVariation=No	_	_	_	_	_	_
255-24	TO044	255	24	generato	generato	_	_	_	_	_	linguistic	_	ContainsVariation=No	_	_	_	_	_	_
255-25	TO044	255	25	mi	mi	_	_	_	_	_	linguistic	_	ContainsVariation=No	_	_	_	_	_	_
255-26	TO044	255	26	avr~	avr~	_	_	_	_	_	linguistic	_	ContainsVariation=No	Interrupted=Yes	_	_	_	_	_
255-27	TO044	255	27	mi	mi	_	_	_	_	_	linguistic	_	ContainsVariation=No	_	_	_	_	_	_
255-28	TO044	255	28	sarei	sarei	_	_	_	_	_	linguistic	_	ContainsVariation=No	_	_	_	_	_	_
255-29	TO044	255	29	fatti	fatti	_	_	_	_	_	linguistic	_	ContainsVariation=No	_	_	_	_	_	_
255-30	TO044	255	30	più	più	_	_	_	_	_	linguistic	_	ContainsVariation=No	_	_	_	_	_	_
255-31	TO044	255	31	para[noie].	paranoie	_	_	_	_	_	linguistic	_	ContainsVariation=No	Intonation=Falling	End=708.197	_	_	_	4-8(64)
256-0	TO055	256	0	[okay].	okay	_	_	_	_	_	linguistic	_	ContainsVariation=No	Intonation=Falling	Begin=707.696|End=708.238	_	_	_	0-4(64)
257-0	TO044	257	0	quindi	quindi	_	_	_	_	_	linguistic	_	ContainsVariation=No	_	Begin=708.559	_	_	_	_
257-1	TO044	257	1	in	in	_	_	_	_	_	linguistic	_	ContainsVariation=No	_	_	_	_	_	_
257-2	TO044	257	2	realtà	realtà	_	_	_	_	_	linguistic	_	ContainsVariation=No	_	_	_	_	_	_
257-3	TO044	257	3	è	è	_	_	_	_	_	linguistic	_	ContainsVariation=No	_	_	_	_	_	_
257-4	TO044	257	4	stato	stato	_	_	_	_	_	linguistic	_	ContainsVariation=No	_	_	_	_	_	_
257-5	TO044	257	5	su[perfigo	superfigo	_	_	_	_	_	linguistic	_	ContainsVariation=No	_	_	_	_	_	2-9(65)
257-6	TO044	257	6	così].	così	_	_	_	_	_	linguistic	_	ContainsVariation=No	Intonation=Falling	End=710.833	_	_	_	0-4(65)
258-0	TO055	258	0	[(sì)	sì	_	_	_	_	_	linguistic	_	ContainsVariation=No	_	Begin=709.807	_	_	0-2(0)	0-2(65)
258-1	TO055	258	1	è	è	_	_	_	_	_	linguistic	_	ContainsVariation=No	_	_	_	_	_	0-1(65)
258-2	TO055	258	2	stato	stato	_	_	_	_	_	linguistic	_	ContainsVariation=No	_	_	_	_	_	0-5(65)
258-3	TO055	258	3	posit]ivo	positivo	_	_	_	_	_	linguistic	_	ContainsVariation=No	_	_	_	_	_	0-5(65)
258-4	TO055	258	4	così.	così	_	_	_	_	_	linguistic	_	ContainsVariation=No	Intonation=Falling	End=711.39	_	_	_	_
259-0	TO055	259	0	e::	e	_	_	_	_	_	linguistic	_	ContainsVariation=No	_	Begin=713.733	0x2	_	_	_
259-1	TO055	259	1	hai	hai	_	_	_	_	_	linguistic	_	ContainsVariation=No	_	_	_	_	_	_
259-2	TO055	259	2	fatto	fatto	_	_	_	_	_	linguistic	_	ContainsVariation=No	_	_	_	_	_	_
259-3	TO055	259	3	qualche	qualche	_	_	_	_	_	linguistic	_	ContainsVariation=No	_	_	_	_	_	_
259-4	TO055	259	4	esperiena	esperiena	_	_	_	_	_	linguistic	_	ContainsVariation=No	_	_	_	_	_	_
259-5	TO055	259	5	interessante	interessante	_	_	_	_	_	linguistic	_	ContainsVariation=No	_	_	_	_	_	_
259-6	TO055	259	6	in	in	_	_	_	_	_	linguistic	_	ContainsVariation=No	_	_	_	_	_	_
259-7	TO055	259	7	questi	questi	_	_	_	_	_	linguistic	_	ContainsVariation=No	_	_	_	_	_	_
259-8	TO055	259	8	mesi?	mesi	_	_	_	_	_	linguistic	_	ContainsVariation=No	Intonation=Rising	End=717.239	_	_	_	_
260-0	TO044	260	0	e:h	eh	_	_	_	_	_	linguistic	_	ContainsVariation=No	ProsodicLink=Yes	Begin=717.449	0x1	_	_	_
260-1	TO044	260	1	m:h	mh	_	_	_	_	_	linguistic	_	ContainsVariation=No	_	_	0x1	_	_	_
260-2	TO044	260	2	allora:	allora	_	_	_	_	_	linguistic	_	ContainsVariation=No	_	_	5x1	_	_	_
260-3	TO044	260	3	è	è	_	_	_	_	_	linguistic	_	ContainsVariation=No	_	_	_	_	_	_
260-4	TO044	260	4	stata	stata	_	_	_	_	_	linguistic	_	ContainsVariation=No	_	_	_	_	_	_
260-5	TO044	260	5	fighissima	fighissima	_	_	_	_	_	linguistic	_	ContainsVariation=No	_	_	_	_	_	_
260-6	TO044	260	6	perché,	perché	_	_	_	_	_	linguistic	_	ContainsVariation=No	Intonation=WeaklyRising	End=720.348	_	_	_	_
261-0	TO044	261	0	in	in	_	_	_	_	_	linguistic	_	ContainsVariation=No	_	Begin=720.907	_	_	_	_
261-1	TO044	261	1	settimana,	settimana	_	_	_	_	_	linguistic	_	ContainsVariation=No	Intonation=WeaklyRising	End=721.724	_	_	_	_
262-0	TO044	262	0	m:h	mh	_	_	_	_	_	linguistic	_	ContainsVariation=No	_	Begin=722.356	0x1	_	_	_
262-1	TO044	262	1	non	non	_	_	_	_	_	linguistic	_	ContainsVariation=No	_	_	_	_	_	_
262-2	TO044	262	2	avevamo	avevamo	_	_	_	_	_	linguistic	_	ContainsVariation=No	_	_	_	_	_	_
262-3	TO044	262	3	tantissimo	tantissimo	_	_	_	_	_	linguistic	_	ContainsVariation=No	_	_	_	_	_	_
262-4	TO044	262	4	tempo.	tempo	_	_	_	_	_	linguistic	_	ContainsVariation=No	Intonation=Falling	End=724.236	_	_	_	_
263-0	TO055	263	0	okay.	okay	_	_	_	_	_	linguistic	_	ContainsVariation=No	Intonation=Falling	Begin=724.236|End=724.707	_	_	_	_
264-0	TO044	264	0	quindi:	quindi	_	_	_	_	_	linguistic	_	ContainsVariation=No	ProsodicLink=Yes	Begin=725.806	5x1	_	_	_
264-1	TO044	264	1	mh	mh	_	_	_	_	_	linguistic	_	ContainsVariation=No	_	_	_	_	_	_
264-2	TO044	264	2	cioè	cioè	_	_	_	_	_	linguistic	_	ContainsVariation=No	_	_	_	_	_	_
264-3	TO044	264	3	sì	sì	_	_	_	_	_	linguistic	_	ContainsVariation=No	_	_	_	_	_	_
264-4	TO044	264	4	ce	ce	_	_	_	_	_	linguistic	_	ContainsVariation=No	_	_	_	_	_	_
264-5	TO044	264	5	l'	l'	_	_	_	_	_	linguistic	_	ContainsVariation=No	SpaceAfter=No	_	_	_	_	_
264-6	TO044	264	6	avevamo	avevamo	_	_	_	_	_	linguistic	_	ContainsVariation=No	_	_	_	_	_	_
264-7	TO044	264	7	però	però	_	_	_	_	_	linguistic	_	ContainsVariation=No	_	_	_	_	_	_
264-8	TO044	264	8	solo	solo	_	_	_	_	_	linguistic	_	ContainsVariation=No	_	_	_	_	_	_
264-9	TO044	264	9	dalle	dalle	_	_	_	_	_	linguistic	_	ContainsVariation=No	_	_	_	_	_	_
264-10	TO044	264	10	tre	tre	_	_	_	_	_	linguistic	_	ContainsVariation=No	_	_	_	_	_	_
264-11	TO044	264	11	e	e	_	_	_	_	_	linguistic	_	ContainsVariation=No	_	_	_	_	_	_
264-12	TO044	264	12	venti	venti	_	_	_	_	_	linguistic	_	ContainsVariation=No	_	_	_	_	_	_
264-13	TO044	264	13	di	di	_	_	_	_	_	linguistic	_	ContainsVariation=No	_	_	_	_	_	_
264-14	TO044	264	14	pomeriggio,	pomeriggio	_	_	_	_	_	linguistic	_	ContainsVariation=No	Intonation=WeaklyRising	End=730.1	_	_	_	_
265-0	TO044	265	0	quindi	quindi	_	_	_	_	_	linguistic	_	ContainsVariation=No	_	Begin=732.085	_	_	_	_
265-1	TO044	265	1	magari	magari	_	_	_	_	_	linguistic	_	ContainsVariation=No	_	_	_	_	_	_
265-2	TO044	265	2	vai	vai	_	_	_	_	_	linguistic	_	ContainsVariation=No	_	_	_	_	_	_
265-3	TO044	265	3	al	al	_	_	_	_	_	linguistic	_	ContainsVariation=No	_	_	_	_	_	_
265-4	TO044	265	4	cinema	cinema	_	_	_	_	_	linguistic	_	ContainsVariation=No	_	_	_	_	_	_
265-5	TO044	265	5	la	la	_	_	_	_	_	linguistic	_	ContainsVariation=No	_	_	_	_	_	_
265-6	TO044	265	6	sera	sera	_	_	_	_	_	linguistic	_	ContainsVariation=No	_	_	_	_	_	_
265-7	TO044	265	7	o:,	o	_	_	_	_	_	linguistic	_	ContainsVariation=No	Intonation=WeaklyRising	End=734.513	0x1	_	_	_
266-0	TO044	266	0	una	una	_	_	_	_	_	linguistic	_	ContainsVariation=No	_	Begin=735.403	_	_	_	_
266-1	TO044	266	1	birr[a	birra	_	_	_	_	_	linguistic	_	ContainsVariation=No	_	_	_	_	_	4-5(66)
266-2	TO044	266	2	cose]	cose	_	_	_	_	_	linguistic	_	ContainsVariation=No	_	_	_	_	_	0-4(66)
266-3	TO044	266	3	normali,	normali	_	_	_	_	_	linguistic	_	ContainsVariation=No	Intonation=WeaklyRising	End=737.293	_	_	_	_
267-0	TO055	267	0	[m:h],	mh	_	_	_	_	_	linguistic	_	ContainsVariation=No	Intonation=WeaklyRising	Begin=736.311|End=736.757	0x1	_	_	0-2(66)
268-0	TO044	268	0	però:	però	_	_	_	_	_	linguistic	_	ContainsVariation=No	ProsodicLink=Yes	Begin=737.338	3x1	_	_	_
268-1	TO044	268	1	mh,	mh	_	_	_	_	_	linguistic	_	ContainsVariation=No	Intonation=WeaklyRising	End=738.256	_	_	_	_
269-0	TO044	269	0	sono	sono	_	_	_	_	_	linguistic	_	ContainsVariation=No	_	Begin=739.064	_	_	_	_
269-1	TO044	269	1	andata	andata	_	_	_	_	_	linguistic	_	ContainsVariation=No	_	_	_	_	_	_
269-2	TO044	269	2	ad	ad	_	_	_	_	_	linguistic	_	ContainsVariation=No	_	_	_	_	_	_
269-3	TO044	269	3	una	una	_	_	_	_	_	linguistic	_	ContainsVariation=No	_	_	_	_	_	_
269-4	TO044	269	4	partita	partita	_	_	_	_	_	linguistic	_	ContainsVariation=No	_	_	_	_	_	_
269-5	TO044	269	5	di	di	_	_	_	_	_	linguistic	_	ContainsVariation=No	_	_	_	_	_	_
269-6	TO044	269	6	football,	football	_	_	_	_	_	linguistic	_	ContainsVariation=No	Intonation=WeaklyRising	End=741.605	_	_	_	_
270-0	TO055	270	0	okay.	okay	_	_	_	_	_	linguistic	_	ContainsVariation=No	Intonation=Falling	Begin=741.669|End=742.265	_	_	_	_
271-0	TO044	271	0	eh	eh	_	_	_	_	_	linguistic	_	ContainsVariation=No	_	Begin=742.76	_	_	_	_
271-1	TO044	271	1	americano.	americano	_	_	_	_	_	linguistic	_	ContainsVariation=No	Intonation=Falling	End=743.715	_	_	_	_
272-0	TO044	272	0	dei	dei	_	_	_	_	_	linguistic	_	ContainsVariation=No	_	Begin=744.632	_	_	_	_
272-1	TO044	272	1	red	red	_	_	_	_	_	linguistic	_	ContainsVariation=No	_	_	_	_	_	_
272-2	TO044	272	2	socks,	socks	_	_	_	_	_	linguistic	_	ContainsVariation=No	Intonation=WeaklyRising	End=745.917	_	_	_	_
273-0	TO044	273	0	quindi	quindi	_	_	_	_	_	linguistic	_	ContainsVariation=No	_	Begin=746.495	_	_	_	_
273-1	TO044	273	1	è	è	_	_	_	_	_	linguistic	_	ContainsVariation=No	_	_	_	_	_	_
273-2	TO044	273	2	stato	stato	_	_	_	_	_	linguistic	_	ContainsVariation=No	_	_	_	_	_	_
273-3	TO044	273	3	figo	figo	_	_	_	_	_	linguistic	_	ContainsVariation=No	_	_	_	_	_	_
273-4	TO044	273	4	perché	perché	_	_	_	_	_	linguistic	_	ContainsVariation=No	_	_	_	_	_	_
273-5	TO044	273	5	no	no	_	_	_	_	_	linguistic	_	ContainsVariation=No	_	_	_	_	_	_
273-6	TO044	273	6	appunto	appunto	_	_	_	_	_	linguistic	_	ContainsVariation=No	_	_	_	_	_	_
273-7	TO044	273	7	non	non	_	_	_	_	_	linguistic	_	ContainsVariation=No	_	_	_	_	_	_
273-8	TO044	273	8	ero	ero	_	_	_	_	_	linguistic	_	ContainsVariation=No	_	_	_	_	_	_
273-9	TO044	273	9	mai	mai	_	_	_	_	_	linguistic	_	ContainsVariation=No	_	_	_	_	_	_
273-10	TO044	273	10	stata	stata	_	_	_	_	_	linguistic	_	ContainsVariation=No	_	_	_	_	_	_
273-11	TO044	273	11	a	a	_	_	_	_	_	linguistic	_	ContainsVariation=No	_	_	_	_	_	_
273-12	TO044	273	12	una	una	_	_	_	_	_	linguistic	_	ContainsVariation=No	_	_	_	_	_	_
273-13	TO044	273	13	partita	partita	_	_	_	_	_	linguistic	_	ContainsVariation=No	_	_	_	_	_	_
273-14	TO044	273	14	di	di	_	_	_	_	_	linguistic	_	ContainsVariation=No	_	_	_	_	_	_
273-15	TO044	273	15	foo[tball	football	_	_	_	_	_	linguistic	_	ContainsVariation=No	_	_	_	_	_	3-8(67)
273-16	TO044	273	16	e]:,	e	_	_	_	_	_	linguistic	_	ContainsVariation=No	Intonation=WeaklyRising	End=750.642	0x1	_	_	0-1(67)
274-0	TO055	274	0	[mhmh],	mhmh	_	_	_	_	_	linguistic	_	ContainsVariation=No	Intonation=WeaklyRising	Begin=749.898|End=750.415	_	_	_	0-4(67)
275-0	TO044	275	0	è	è	_	_	_	_	_	linguistic	_	ContainsVariation=No	_	Begin=750.87	_	_	_	_
275-1	TO044	275	1	stato	stato	_	_	_	_	_	linguistic	_	ContainsVariation=No	_	_	_	_	_	_
275-2	TO044	275	2	figo	figo	_	_	_	_	_	linguistic	_	ContainsVariation=No	_	_	_	_	_	_
275-3	TO044	275	3	perché	perché	_	_	_	_	_	linguistic	_	ContainsVariation=No	_	_	_	_	_	_
275-4	TO044	275	4	a	a	_	_	_	_	_	linguistic	_	ContainsVariation=No	_	_	_	_	_	_
275-5	TO044	275	5	loro	loro	_	_	_	_	_	linguistic	_	ContainsVariation=No	_	_	_	_	_	_
275-6	TO044	275	6	non	non	_	_	_	_	_	linguistic	_	ContainsVariation=No	_	_	_	_	_	_
275-7	TO044	275	7	è	è	_	_	_	_	_	linguistic	_	ContainsVariation=No	_	_	_	_	_	_
275-8	TO044	275	8	che	che	_	_	_	_	_	linguistic	_	ContainsVariation=No	_	_	_	_	_	_
275-9	TO044	275	9	importa	importa	_	_	_	_	_	linguistic	_	ContainsVariation=No	_	_	_	_	_	_
275-10	TO044	275	10	tantissimo	tantissimo	_	_	_	_	_	linguistic	_	ContainsVariation=No	_	_	_	_	_	_
275-11	TO044	275	11	il	il	_	_	_	_	_	linguistic	_	ContainsVariation=No	_	_	_	_	_	_
275-12	TO044	275	12	gioco	gioco	_	_	_	_	_	linguistic	_	ContainsVariation=No	_	_	_	_	_	_
275-13	TO044	275	13	[no,	no	_	_	_	_	_	linguistic	_	ContainsVariation=No	Intonation=WeaklyRising	_	_	_	_	0-2(68)
275-14	TO044	275	14	cioè	cioè	_	_	_	_	_	linguistic	_	ContainsVariation=No	_	_	_	_	_	0-4(68)
275-15	TO044	275	15	s]ì	sì	_	_	_	_	_	linguistic	_	ContainsVariation=No	_	_	_	_	_	0-1(68)
275-16	TO044	275	16	importa,	importa	_	_	_	_	_	linguistic	_	ContainsVariation=No	Intonation=WeaklyRising	End=755.357	_	_	_	_
276-0	TO055	276	0	[okay].	okay	_	_	_	_	_	linguistic	_	ContainsVariation=No	Intonation=Falling	Begin=753.935|End=754.515	_	_	_	0-4(68)
277-0	TO044	277	0	però:	però	_	_	_	_	_	linguistic	_	ContainsVariation=No	ProsodicLink=Yes	Begin=755.761	3x1	_	_	_
277-1	TO044	277	1	m:h	mh	_	_	_	_	_	linguistic	_	ContainsVariation=No	ProsodicLink=Yes	_	0x1	_	_	_
277-2	TO044	277	2	mangiano	mangiano	_	_	_	_	_	linguistic	_	ContainsVariation=No	_	_	_	_	_	_
277-3	TO044	277	3	bevono	bevono	_	_	_	_	_	linguistic	_	ContainsVariation=No	_	_	_	_	_	_
277-4	TO044	277	4	fanno	fanno	_	_	_	_	_	linguistic	_	ContainsVariation=No	_	_	_	_	_	_
277-5	TO044	277	5	amicizia	amicizia	_	_	_	_	_	linguistic	_	ContainsVariation=No	_	_	_	_	_	_
277-6	TO044	277	6	canta[no::	cantano	_	_	_	_	_	linguistic	_	ContainsVariation=No	_	_	6x2	_	_	5-7(69)
277-7	TO044	277	7	°quindi	quindi	_	_	_	_	_	linguistic	_	ContainsVariation=No	Volume=low	_	_	_	_	0-6(69)
277-8	TO044	277	8	è	è	_	_	_	_	_	linguistic	_	ContainsVariation=No	Volume=low	_	_	_	_	0-1(69)
277-9	TO044	277	9	stato,°]	stato	_	_	_	_	_	linguistic	_	ContainsVariation=No	Intonation=WeaklyRising|Volume=low	End=760.678	_	_	_	0-5(69)
278-0	TO055	278	0	[sì	sì	_	_	_	_	_	linguistic	_	ContainsVariation=No	_	Begin=759.486	_	_	_	0-2(69)
278-1	TO055	278	1	il	il	_	_	_	_	_	linguistic	_	ContainsVariation=No	_	_	_	_	_	0-2(69)
278-2	TO055	278	2	tipi~	tipi~	_	_	_	_	_	linguistic	_	ContainsVariation=No	Interrupted=Yes	_	_	_	_	0-5(69)
278-3	TO055	278	3	il	il	_	_	_	_	_	linguistic	_	ContainsVariation=No	_	_	_	_	_	0-2(69)
278-4	TO055	278	4	c~	c~	_	_	_	_	_	linguistic	_	ContainsVariation=No	Interrupted=Yes	_	_	_	_	0-2(69)
278-5	TO055	278	5	e]h	eh	_	_	_	_	_	linguistic	_	ContainsVariation=No	_	_	_	_	_	0-1(69)
278-6	TO055	278	6	quello	quello	_	_	_	_	_	linguistic	_	ContainsVariation=No	_	_	_	_	_	_
278-7	TO055	278	7	tipico	tipico	_	_	_	_	_	linguistic	_	ContainsVariation=No	_	_	_	_	_	_
278-8	TO055	278	8	che	che	_	_	_	_	_	linguistic	_	ContainsVariation=No	_	_	_	_	_	_
278-9	TO055	278	9	vedi	vedi	_	_	_	_	_	linguistic	_	ContainsVariation=No	_	_	_	_	_	_
278-10	TO055	278	10	nei	nei	_	_	_	_	_	linguistic	_	ContainsVariation=No	_	_	_	_	_	_
278-11	TO055	278	11	[tele]film	telefilm	_	_	_	_	_	linguistic	_	ContainsVariation=No	_	_	_	_	_	0-4(70)
278-12	TO055	278	12	americani	americani	_	_	_	_	_	linguistic	_	ContainsVariation=No	_	_	_	_	_	_
278-13	TO055	278	13	probabilmente.	probabilmente	_	_	_	_	_	linguistic	_	ContainsVariation=No	Intonation=Falling	End=764.082	_	_	_	_
279-0	TO044	279	0	[sì].	sì	_	_	_	_	_	linguistic	_	ContainsVariation=No	Intonation=Falling	Begin=761.962|End=762.273	_	_	_	0-2(70)
280-0	TO044	280	0	quindi	quindi	_	_	_	_	_	linguistic	_	ContainsVariation=No	_	Begin=764.136	_	_	_	_
280-1	TO044	280	1	è	è	_	_	_	_	_	linguistic	_	ContainsVariation=No	_	_	_	_	_	_
280-2	TO044	280	2	stato	stato	_	_	_	_	_	linguistic	_	ContainsVariation=No	_	_	_	_	_	_
280-3	TO044	280	3	divertentissimo:	divertentissimo	_	_	_	_	_	linguistic	_	ContainsVariation=No	_	_	14x1	_	_	_
280-4	TO044	280	4	e	e	_	_	_	_	_	linguistic	_	ContainsVariation=No	_	_	_	_	_	_
280-5	TO044	280	5	come	come	_	_	_	_	_	linguistic	_	ContainsVariation=No	_	_	_	_	_	_
280-6	TO044	280	6	quello,	quello	_	_	_	_	_	linguistic	_	ContainsVariation=No	Intonation=WeaklyRising	End=766.825	_	_	_	_
281-0	TO044	281	0	quando	quando	_	_	_	_	_	linguistic	_	ContainsVariation=No	_	Begin=767.632	_	_	_	_
281-1	TO044	281	1	ero	ero	_	_	_	_	_	linguistic	_	ContainsVariation=No	_	_	_	_	_	_
281-2	TO044	281	2	lì	lì	_	_	_	_	_	linguistic	_	ContainsVariation=No	_	_	_	_	_	_
281-3	TO044	281	3	invece	invece	_	_	_	_	_	linguistic	_	ContainsVariation=No	_	_	_	_	_	_
281-4	TO044	281	4	a:	a	_	_	_	_	_	linguistic	_	ContainsVariation=No	ProsodicLink=Yes	_	0x1	_	_	_
281-5	TO044	281	5	m:h,	mh	_	_	_	_	_	linguistic	_	ContainsVariation=No	Intonation=WeaklyRising	End=769.577	0x1	_	_	_
282-0	TO044	282	0	a::	a	_	_	_	_	_	linguistic	_	ContainsVariation=No	ProsodicLink=Yes	Begin=770.229	0x2	_	_	_
282-1	TO044	282	1	m:h	mh	_	_	_	_	_	linguistic	_	ContainsVariation=No	_	End=771.357	0x1	_	_	_
283-0	TO044	283	0	gennaio	gennaio	_	_	_	_	_	linguistic	_	ContainsVariation=No	_	Begin=772.018	_	_	_	_
283-1	TO044	283	1	febbraio	febbraio	_	_	_	_	_	linguistic	_	ContainsVariation=No	_	_	_	_	_	_
283-2	TO044	283	2	siamo	siamo	_	_	_	_	_	linguistic	_	ContainsVariation=No	_	_	_	_	_	_
283-3	TO044	283	3	andati,	andati	_	_	_	_	_	linguistic	_	ContainsVariation=No	Intonation=WeaklyRising	End=774.614	_	_	_	_
284-0	TO044	284	0	<a	a	_	_	_	_	_	linguistic	_	ContainsVariation=No	_	Begin=775.366	_	Slow=0-1(0)	_	_
284-1	TO044	284	1	vede	vede	_	_	_	_	_	linguistic	_	ContainsVariation=No	_	_	_	Slow=0-4(0)	_	_
284-2	TO044	284	2	il	il	_	_	_	_	_	linguistic	_	ContainsVariation=No	_	_	_	Slow=0-2(0)	_	_
284-3	TO044	284	3	superball	superball	_	_	_	_	_	linguistic	_	ContainsVariation=No	_	_	_	Slow=0-9(0)	_	_
284-4	TO044	284	4	[e:h]>,	eh	_	_	_	_	_	linguistic	_	ContainsVariation=No	Intonation=WeaklyRising	End=777.715	0x1	Slow=0-2(0)	_	0-2(71)
285-0	TO055	285	0	[ok]ay.	okay	_	_	_	_	_	linguistic	_	ContainsVariation=No	Intonation=Falling	Begin=777.476|End=778.051	_	_	_	0-2(71)
286-0	TO044	286	0	e::h	eh	_	_	_	_	_	linguistic	_	ContainsVariation=No	ProsodicLink=Yes	Begin=778.412	0x2	_	_	_
286-1	TO044	286	1	mh	mh	_	_	_	_	_	linguistic	_	ContainsVariation=No	_	_	_	_	_	_
286-2	TO044	286	2	in	in	_	_	_	_	_	linguistic	_	ContainsVariation=No	_	_	_	_	_	_
286-3	TO044	286	3	un	un	_	_	_	_	_	linguistic	_	ContainsVariation=No	_	_	_	_	_	_
286-4	TO044	286	4	pub	pub	_	_	_	_	_	linguistic	_	ContainsVariation=No	_	_	_	_	_	_
286-5	TO044	286	5	così	così	_	_	_	_	_	linguistic	_	ContainsVariation=No	_	_	_	_	_	_
286-6	TO044	286	6	e	e	_	_	_	_	_	linguistic	_	ContainsVariation=No	_	_	_	_	_	_
286-7	TO044	286	7	poi	poi	_	_	_	_	_	linguistic	_	ContainsVariation=No	_	_	_	_	_	_
286-8	TO044	286	8	a	a	_	_	_	_	_	linguistic	_	ContainsVariation=No	_	_	_	_	_	_
286-9	TO044	286	9	casa	casa	_	_	_	_	_	linguistic	_	ContainsVariation=No	_	_	_	_	_	_
286-10	TO044	286	10	perché	perché	_	_	_	_	_	linguistic	_	ContainsVariation=No	_	_	_	_	_	_
286-11	TO044	286	11	avevamo	avevamo	_	_	_	_	_	linguistic	_	ContainsVariation=No	_	_	_	_	_	_
286-12	TO044	286	12	dei	dei	_	_	_	_	_	linguistic	_	ContainsVariation=No	_	_	_	_	_	_
286-13	TO044	286	13	ragazzi	ragazzi	_	_	_	_	_	linguistic	_	ContainsVariation=No	_	_	_	_	_	_
286-14	TO044	286	14	che	che	_	_	_	_	_	linguistic	_	ContainsVariation=No	_	_	_	_	_	_
286-15	TO044	286	15	non	non	_	_	_	_	_	linguistic	_	ContainsVariation=No	_	_	_	_	_	_
286-16	TO044	286	16	avevano	avevano	_	_	_	_	_	linguistic	_	ContainsVariation=No	_	_	_	_	_	_
286-17	TO044	286	17	ventun'	ventun'	_	_	_	_	_	linguistic	_	ContainsVariation=No	SpaceAfter=No	_	_	_	_	_
286-18	TO044	286	18	anni.	anni	_	_	_	_	_	linguistic	_	ContainsVariation=No	Intonation=Falling	End=783.632	_	_	_	_
287-0	TO044	287	0	ed	ed	_	_	_	_	_	linguistic	_	ContainsVariation=No	_	Begin=784.797	_	_	_	_
287-1	TO044	287	1	è:,	è	_	_	_	_	_	linguistic	_	ContainsVariation=No	Intonation=WeaklyRising	End=785.449	0x1	_	_	_
288-0	TO044	288	0	ed	ed	_	_	_	_	_	linguistic	_	ContainsVariation=No	_	Begin=786.055	_	_	_	_
288-1	TO044	288	1	è	è	_	_	_	_	_	linguistic	_	ContainsVariation=No	_	_	_	_	_	_
288-2	TO044	288	2	stato	stato	_	_	_	_	_	linguistic	_	ContainsVariation=No	_	_	_	_	_	_
288-3	TO044	288	3	fighissimo	fighissimo	_	_	_	_	_	linguistic	_	ContainsVariation=No	_	_	_	_	_	_
288-4	TO044	288	4	perché::	perché	_	_	_	_	_	linguistic	_	ContainsVariation=No	_	_	5x2	_	_	_
288-5	TO044	288	5	appunto	appunto	_	_	_	_	_	linguistic	_	ContainsVariation=No	_	_	_	_	_	_
288-6	TO044	288	6	hanno	hanno	_	_	_	_	_	linguistic	_	ContainsVariation=No	_	_	_	_	_	_
288-7	TO044	288	7	vinto	vinto	_	_	_	_	_	linguistic	_	ContainsVariation=No	_	_	_	_	_	_
288-8	TO044	288	8	il	il	_	_	_	_	_	linguistic	_	ContainsVariation=No	_	_	_	_	_	_
288-9	TO044	288	9	super[ball	superball	_	_	_	_	_	linguistic	_	ContainsVariation=No	_	_	_	_	_	5-9(72)
288-10	TO044	288	10	e	e	_	_	_	_	_	linguistic	_	ContainsVariation=No	_	_	_	_	_	0-1(72)
288-11	TO044	288	11	q]uindi	quindi	_	_	_	_	_	linguistic	_	ContainsVariation=No	_	_	_	_	_	0-1(72)
288-12	TO044	288	12	ci	ci	_	_	_	_	_	linguistic	_	ContainsVariation=No	_	_	_	_	_	_
288-13	TO044	288	13	son	son	_	_	_	_	_	linguistic	_	ContainsVariation=No	_	_	_	_	_	_
288-14	TO044	288	14	stati	stati	_	_	_	_	_	linguistic	_	ContainsVariation=No	_	_	_	_	_	_
288-15	TO044	288	15	tutti	tutti	_	_	_	_	_	linguistic	_	ContainsVariation=No	_	_	_	_	_	_
288-16	TO044	288	16	quanti	quanti	_	_	_	_	_	linguistic	_	ContainsVariation=No	_	_	_	_	_	_
288-17	TO044	288	17	<in	in	_	_	_	_	_	linguistic	_	ContainsVariation=No	_	_	_	Slow=0-2(0)	_	_
288-18	TO044	288	18	stra:da:>,	strada	_	_	_	_	_	linguistic	_	ContainsVariation=No	Intonation=WeaklyRising	End=793.183	3x1,5x1	Slow=0-6(0)	_	_
289-0	TO055	289	0	[okay].	okay	_	_	_	_	_	linguistic	_	ContainsVariation=No	Intonation=Falling	Begin=789.733|End=790.258	_	_	_	0-4(72)
290-0	TO044	290	0	e:::h	eh	_	_	_	_	_	linguistic	_	ContainsVariation=No	_	Begin=793.549	0x3	_	_	_
290-1	TO044	290	1	appunto::	appunto	_	_	_	_	_	linguistic	_	ContainsVariation=No	_	_	6x2	_	_	_
290-2	TO044	290	2	<con	con	_	_	_	_	_	linguistic	_	ContainsVariation=No	_	_	_	Slow=0-3(0)	_	_
290-3	TO044	290	3	cartelli	cartelli	_	_	_	_	_	linguistic	_	ContainsVariation=No	_	_	_	Slow=0-8(0)	_	_
290-4	TO044	290	4	in	in	_	_	_	_	_	linguistic	_	ContainsVariation=No	_	_	_	Slow=0-2(0)	_	_
290-5	TO044	290	5	pigiama	pigiama	_	_	_	_	_	linguistic	_	ContainsVariation=No	_	_	_	Slow=0-7(0)	_	_
290-6	TO044	290	6	che:	che	_	_	_	_	_	linguistic	_	ContainsVariation=No	_	_	2x1	Slow=0-3(0)	_	_
290-7	TO044	290	7	appunto::>	appunto	_	_	_	_	_	linguistic	_	ContainsVariation=No	_	_	6x2	Slow=0-7(0)	_	_
290-8	TO044	290	8	era	era	_	_	_	_	_	linguistic	_	ContainsVariation=No	_	_	_	_	_	_
290-9	TO044	290	9	felici	felici	_	_	_	_	_	linguistic	_	ContainsVariation=No	_	_	_	_	_	_
290-10	TO044	290	10	per	per	_	_	_	_	_	linguistic	_	ContainsVariation=No	_	_	_	_	_	_
290-11	TO044	290	11	la	la	_	_	_	_	_	linguistic	_	ContainsVariation=No	_	_	_	_	_	_
290-12	TO044	290	12	vittoria	vittoria	_	_	_	_	_	linguistic	_	ContainsVariation=No	_	_	_	_	_	_
290-13	TO044	290	13	q[uindi	quindi	_	_	_	_	_	linguistic	_	ContainsVariation=No	_	_	_	_	_	1-6(73)
290-14	TO044	290	14	inso]mma	insomma	_	_	_	_	_	linguistic	_	ContainsVariation=No	_	_	_	_	_	0-4(73)
290-15	TO044	290	15	stavano,	stavano	_	_	_	_	_	linguistic	_	ContainsVariation=No	Intonation=WeaklyRising	End=801.119	_	_	_	_
291-0	TO055	291	0	[mhmh],	mhmh	_	_	_	_	_	linguistic	_	ContainsVariation=No	Intonation=WeaklyRising	Begin=800.073|End=800.511	_	_	_	0-4(73)
292-0	TO044	292	0	<nel	nel	_	_	_	_	_	linguistic	_	ContainsVariation=No	_	Begin=801.275	_	Slow=0-3(0)	_	_
292-1	TO044	292	1	parco	parco	_	_	_	_	_	linguistic	_	ContainsVariation=No	_	_	_	Slow=0-5(0)	_	_
292-2	TO044	292	2	si	si	_	_	_	_	_	linguistic	_	ContainsVariation=No	_	_	_	Slow=0-2(0)	_	_
292-3	TO044	292	3	buttavano	buttavano	_	_	_	_	_	linguistic	_	ContainsVariation=No	_	_	_	Slow=0-9(0)	_	_
292-4	TO044	292	4	nel	nel	_	_	_	_	_	linguistic	_	ContainsVariation=No	_	_	_	Slow=0-3(0)	_	_
292-5	TO044	292	5	laghetto	laghetto	_	_	_	_	_	linguistic	_	ContainsVariation=No	_	_	_	Slow=0-8(0)	_	_
292-6	TO044	292	6	ghiacciato:>,	ghiacciato	_	_	_	_	_	linguistic	_	ContainsVariation=No	Intonation=WeaklyRising	End=804.623	9x1	Slow=0-10(0)	_	_
293-0	TO055	293	0	dei	dei	_	_	_	_	_	linguistic	_	ContainsVariation=No	_	Begin=804.693	_	_	_	_
293-1	TO055	293	1	pazzi	pazzi	_	_	_	_	_	linguistic	_	ContainsVariation=No	_	_	_	_	_	_
293-2	TO055	293	2	((ride))	((ride))	_	_	_	_	_	nonverbalbehavior	_	ContainsVariation=No	_	End=806.385	_	_	_	_
294-0	TO044	294	0	però	però	_	_	_	_	_	linguistic	_	ContainsVariation=No	_	Begin=806.385	_	_	_	_
294-1	TO044	294	1	è	è	_	_	_	_	_	linguistic	_	ContainsVariation=No	_	_	_	_	_	_
294-2	TO044	294	2	stato	stato	_	_	_	_	_	linguistic	_	ContainsVariation=No	_	_	_	_	_	_
294-3	TO044	294	3	divertentissimo	divertentissimo	_	_	_	_	_	linguistic	_	ContainsVariation=No	_	_	_	_	_	_
294-4	TO044	294	4	>perché	perché	_	_	_	_	_	linguistic	_	ContainsVariation=No	_	_	_	Fast=0-6(0)	_	_
294-5	TO044	294	5	per	per	_	_	_	_	_	linguistic	_	ContainsVariation=No	_	_	_	Fast=0-3(0)	_	_
294-6	TO044	294	6	loro	loro	_	_	_	_	_	linguistic	_	ContainsVariation=No	_	_	_	Fast=0-4(0)	_	_
294-7	TO044	294	7	è	è	_	_	_	_	_	linguistic	_	ContainsVariation=No	_	_	_	Fast=0-1(0)	_	_
294-8	TO044	294	8	molto	molto	_	_	_	_	_	linguistic	_	ContainsVariation=No	_	_	_	Fast=0-5(0)	_	_
294-9	TO044	294	9	più	più	_	_	_	_	_	linguistic	_	ContainsVariation=No	_	_	_	Fast=0-3(0)	_	_
294-10	TO044	294	10	importante	importante	_	_	_	_	_	linguistic	_	ContainsVariation=No	_	_	_	Fast=0-10(0)	_	_
294-11	TO044	294	11	che	che	_	_	_	_	_	linguistic	_	ContainsVariation=No	_	_	_	Fast=0-3(0)	_	_
294-12	TO044	294	12	per	per	_	_	_	_	_	linguistic	_	ContainsVariation=No	_	_	_	Fast=0-3(0)	_	_
294-13	TO044	294	13	noi	noi	_	_	_	_	_	linguistic	_	ContainsVariation=No	_	_	_	Fast=0-3(0)	_	_
294-14	TO044	294	14	tipo	tipo	_	_	_	_	_	linguistic	_	ContainsVariation=No	_	_	_	Fast=0-4(0)	_	_
294-15	TO044	294	15	una	una	_	_	_	_	_	linguistic	_	ContainsVariation=No	_	_	_	Fast=0-3(0)	_	_
294-16	TO044	294	16	par[tita	partita	_	_	_	_	_	linguistic	_	ContainsVariation=No	_	_	_	Fast=0-7(0)	_	3-7(74)
294-17	TO044	294	17	di	di	_	_	_	_	_	linguistic	_	ContainsVariation=No	_	_	_	Fast=0-2(0)	_	0-2(74)
294-18	TO044	294	18	calcio]<.	calcio	_	_	_	_	_	linguistic	_	ContainsVariation=No	Intonation=Falling	End=811.118	_	Fast=0-6(0)	_	0-6(74)
295-0	TO055	295	0	[mh	mh	_	_	_	_	_	linguistic	_	ContainsVariation=No	_	Begin=810.238	_	_	_	0-2(74)
295-1	TO055	295	1	okay].	okay	_	_	_	_	_	linguistic	_	ContainsVariation=No	Intonation=Falling	End=811.147	_	_	_	0-4(74)
296-0	TO044	296	0	è	è	_	_	_	_	_	linguistic	_	ContainsVariation=No	_	Begin=811.339	_	_	_	_
296-1	TO044	296	1	stra	stra	_	_	_	_	_	linguistic	_	ContainsVariation=No	_	_	_	_	_	_
296-2	TO044	296	2	stra	stra	_	_	_	_	_	linguistic	_	ContainsVariation=No	_	_	_	_	_	_
296-3	TO044	296	3	stra	stra	_	_	_	_	_	linguistic	_	ContainsVariation=No	_	_	_	_	_	_
296-4	TO044	296	4	importante.	importante	_	_	_	_	_	linguistic	_	ContainsVariation=No	Intonation=Falling	End=813.416	_	_	_	_
297-0	TO044	297	0	e	e	_	_	_	_	_	linguistic	_	ContainsVariation=No	_	Begin=813.623	_	_	_	_
297-1	TO044	297	1	quindi	quindi	_	_	_	_	_	linguistic	_	ContainsVariation=No	_	_	_	_	_	_
297-2	TO044	297	2	è	è	_	_	_	_	_	linguistic	_	ContainsVariation=No	_	_	_	_	_	_
297-3	TO044	297	3	stato	stato	_	_	_	_	_	linguistic	_	ContainsVariation=No	_	_	_	_	_	_
297-4	TO044	297	4	carino	carino	_	_	_	_	_	linguistic	_	ContainsVariation=No	_	_	_	_	_	_
297-5	TO044	297	5	il	il	_	_	_	_	_	linguistic	_	ContainsVariation=No	_	_	_	_	_	_
297-6	TO044	297	6	fatto	fatto	_	_	_	_	_	linguistic	_	ContainsVariation=No	_	_	_	_	_	_
297-7	TO044	297	7	che::	che	_	_	_	_	_	linguistic	_	ContainsVariation=No	ProsodicLink=Yes	_	2x2	_	_	_
297-8	TO044	297	8	m:h,	mh	_	_	_	_	_	linguistic	_	ContainsVariation=No	Intonation=WeaklyRising	End=817.474	0x1	_	_	_
298-0	TO044	298	0	il	il	_	_	_	_	_	linguistic	_	ContainsVariation=No	_	Begin=818.596	_	_	_	_
298-1	TO044	298	1	fatto	fatto	_	_	_	_	_	linguistic	_	ContainsVariation=No	_	_	_	_	_	_
298-2	TO044	298	2	che::	che	_	_	_	_	_	linguistic	_	ContainsVariation=No	_	_	2x2	_	_	_
298-3	TO044	298	3	appunto	appunto	_	_	_	_	_	linguistic	_	ContainsVariation=No	_	_	_	_	_	_
298-4	TO044	298	4	son	son	_	_	_	_	_	linguistic	_	ContainsVariation=No	_	_	_	_	_	_
298-5	TO044	298	5	potuto	potuto	_	_	_	_	_	linguistic	_	ContainsVariation=No	_	_	_	_	_	_
298-6	TO044	298	6	esserci	esserci	_	_	_	_	_	linguistic	_	ContainsVariation=No	_	_	_	_	_	_
298-7	TO044	298	7	in	in	_	_	_	_	_	linguistic	_	ContainsVariation=No	_	_	_	_	_	_
298-8	TO044	298	8	questo	questo	_	_	_	_	_	linguistic	_	ContainsVariation=No	_	_	_	_	_	_
298-9	TO044	298	9	momento	momento	_	_	_	_	_	linguistic	_	ContainsVariation=No	_	_	_	_	_	_
298-10	TO044	298	10	che	che	_	_	_	_	_	linguistic	_	ContainsVariation=No	_	_	_	_	_	_
298-11	TO044	298	11	è	è	_	_	_	_	_	linguistic	_	ContainsVariation=No	_	_	_	_	_	_
298-12	TO044	298	12	stato	stato	_	_	_	_	_	linguistic	_	ContainsVariation=No	_	_	_	_	_	_
298-13	TO044	298	13	abbastanza:,	abbastanza	_	_	_	_	_	linguistic	_	ContainsVariation=No	Intonation=WeaklyRising	End=823.926	9x1	_	_	_
299-0	TO044	299	0	strano	strano	_	_	_	_	_	linguistic	_	ContainsVariation=No	_	Begin=824.54	_	_	_	_
299-1	TO044	299	1	[però]:	però	_	_	_	_	_	linguistic	_	ContainsVariation=No	_	_	3x1	_	_	0-4(75)
299-2	TO044	299	2	io	io	_	_	_	_	_	linguistic	_	ContainsVariation=No	_	_	_	_	_	_
299-3	TO044	299	3	so	so	_	_	_	_	_	linguistic	_	ContainsVariation=No	_	_	_	_	_	_
299-4	TO044	299	4	che	che	_	_	_	_	_	linguistic	_	ContainsVariation=No	_	_	_	_	_	_
299-5	TO044	299	5	cioè	cioè	_	_	_	_	_	linguistic	_	ContainsVariation=No	_	_	_	_	_	_
299-6	TO044	299	6	è	è	_	_	_	_	_	linguistic	_	ContainsVariation=No	_	_	_	_	_	_
299-7	TO044	299	7	tipicamente	tipicamente	_	_	_	_	_	linguistic	_	ContainsVariation=No	_	_	_	_	_	_
299-8	TO044	299	8	americano:	americano	_	_	_	_	_	linguistic	_	ContainsVariation=No	_	_	8x1	_	_	_
299-9	TO044	299	9	come	come	_	_	_	_	_	linguistic	_	ContainsVariation=No	_	_	_	_	_	_
299-10	TO044	299	10	sport	sport	_	_	_	_	_	linguistic	_	ContainsVariation=No	_	_	_	_	_	_
299-11	TO044	299	11	e::	e	_	_	_	_	_	linguistic	_	ContainsVariation=No	_	_	0x2	_	_	_
299-12	TO044	299	12	e	e	_	_	_	_	_	linguistic	_	ContainsVariation=No	_	_	_	_	_	_
299-13	TO044	299	13	quindi	quindi	_	_	_	_	_	linguistic	_	ContainsVariation=No	_	_	_	_	_	_
299-14	TO044	299	14	è	è	_	_	_	_	_	linguistic	_	ContainsVariation=No	_	_	_	_	_	_
299-15	TO044	299	15	stato	stato	_	_	_	_	_	linguistic	_	ContainsVariation=No	_	_	_	_	_	_
299-16	TO044	299	16	fighissimo.	fighissimo	_	_	_	_	_	linguistic	_	ContainsVariation=No	Intonation=Falling	End=831.027	_	_	_	_
300-0	TO055	300	0	[sì].	sì	_	_	_	_	_	linguistic	_	ContainsVariation=No	Intonation=Falling	Begin=825.137|End=825.471	_	_	_	0-2(75)
301-0	TO044	301	0	e::h	eh	_	_	_	_	_	linguistic	_	ContainsVariation=No	ProsodicLink=Yes	Begin=831.99	0x2	_	_	_
301-1	TO044	301	1	mh,	mh	_	_	_	_	_	linguistic	_	ContainsVariation=No	Intonation=WeaklyRising	End=832.862	_	_	_	_
302-0	TO044	302	0	e	e	_	_	_	_	_	linguistic	_	ContainsVariation=No	_	Begin=833.422	_	_	_	_
302-1	TO044	302	1	poi	poi	_	_	_	_	_	linguistic	_	ContainsVariation=No	_	_	_	_	_	_
302-2	TO044	302	2	nei	nei	_	_	_	_	_	linguistic	_	ContainsVariation=No	_	_	_	_	_	_
302-3	TO044	302	3	weekend	weekend	_	_	_	_	_	linguistic	_	ContainsVariation=No	_	_	_	_	_	_
302-4	TO044	302	4	invece	invece	_	_	_	_	_	linguistic	_	ContainsVariation=No	_	_	_	_	_	_
302-5	TO044	302	5	andavamo	andavamo	_	_	_	_	_	linguistic	_	ContainsVariation=No	_	_	_	_	_	_
302-6	TO044	302	6	magari,	magari	_	_	_	_	_	linguistic	_	ContainsVariation=No	Intonation=WeaklyRising	End=835.733	_	_	_	_
303-0	TO044	303	0	nei	nei	_	_	_	_	_	linguistic	_	ContainsVariation=No	_	Begin=836.485	_	_	_	_
303-1	TO044	303	1	dintorni	dintorni	_	_	_	_	_	linguistic	_	ContainsVariation=No	_	_	_	_	_	_
303-2	TO044	303	2	di	di	_	_	_	_	_	linguistic	_	ContainsVariation=No	_	_	_	_	_	_
303-3	TO044	303	3	boston,	boston	_	_	_	_	_	linguistic	_	ContainsVariation=No	Intonation=WeaklyRising	End=838.073	_	_	_	_
304-0	TO044	304	0	cioè	cioè	_	_	_	_	_	linguistic	_	ContainsVariation=No	_	Begin=838.247	_	_	_	_
304-1	TO044	304	1	con	con	_	_	_	_	_	linguistic	_	ContainsVariation=No	_	_	_	_	_	_
304-2	TO044	304	2	i	i	_	_	_	_	_	linguistic	_	ContainsVariation=No	_	_	_	_	_	_
304-3	TO044	304	3	treni	treni	_	_	_	_	_	linguistic	_	ContainsVariation=No	_	_	_	_	_	_
304-4	TO044	304	4	che	che	_	_	_	_	_	linguistic	_	ContainsVariation=No	_	_	_	_	_	_
304-5	TO044	304	5	lì	lì	_	_	_	_	_	linguistic	_	ContainsVariation=No	_	_	_	_	_	_
304-6	TO044	304	6	fun[zionavano]	funzionavano	_	_	_	_	_	linguistic	_	ContainsVariation=No	_	_	_	_	_	3-12(76)
304-7	TO044	304	7	benissimo	benissimo	_	_	_	_	_	linguistic	_	ContainsVariation=No	_	_	_	_	_	_
304-8	TO044	304	8	cioè	cioè	_	_	_	_	_	linguistic	_	ContainsVariation=No	_	_	_	_	_	_
304-9	TO044	304	9	quelli	quelli	_	_	_	_	_	linguistic	_	ContainsVariation=No	_	_	_	_	_	_
304-10	TO044	304	10	al	al	_	_	_	_	_	linguistic	_	ContainsVariation=No	_	_	_	_	_	_
304-11	TO044	304	11	di	di	_	_	_	_	_	linguistic	_	ContainsVariation=No	_	_	_	_	_	_
304-12	TO044	304	12	fuori,	fuori	_	_	_	_	_	linguistic	_	ContainsVariation=No	Intonation=WeaklyRising	End=841.723	_	_	_	_
305-0	TO055	305	0	[mh	mh	_	_	_	_	_	linguistic	_	ContainsVariation=No	_	Begin=839.623	_	_	_	0-2(76)
305-1	TO055	305	1	~kay].	~kay	_	_	_	_	_	linguistic	_	ContainsVariation=No	Intonation=Falling|Interrupted=Yes	End=840.093	_	_	_	0-4(76)
306-0	TO055	306	0	okay.	okay	_	_	_	_	_	linguistic	_	ContainsVariation=No	Intonation=Falling	Begin=841.723|End=842.155	_	_	_	_
307-0	TO044	307	0	e::	e	_	_	_	_	_	linguistic	_	ContainsVariation=No	_	Begin=842.211	0x2	_	_	_
307-1	TO044	307	1	tipo	tipo	_	_	_	_	_	linguistic	_	ContainsVariation=No	_	_	_	_	_	_
307-2	TO044	307	2	un	un	_	_	_	_	_	linguistic	_	ContainsVariation=No	_	_	_	_	_	_
307-3	TO044	307	3	fine	fine	_	_	_	_	_	linguistic	_	ContainsVariation=No	_	_	_	_	_	_
307-4	TO044	307	4	settimana	settimana	_	_	_	_	_	linguistic	_	ContainsVariation=No	_	_	_	_	_	_
307-5	TO044	307	5	siamo	siamo	_	_	_	_	_	linguistic	_	ContainsVariation=No	_	_	_	_	_	_
307-6	TO044	307	6	andati:,	andati	_	_	_	_	_	linguistic	_	ContainsVariation=No	Intonation=WeaklyRising	End=845.522	5x1	_	_	_
308-0	TO044	308	0	sapevo	sapevo	_	_	_	_	_	linguistic	_	ContainsVariation=No	_	Begin=845.742	_	_	_	_
308-1	TO044	308	1	che:	che	_	_	_	_	_	linguistic	_	ContainsVariation=No	ProsodicLink=Yes	_	2x1	_	_	_
308-2	TO044	308	2	mhmh	mhmh	_	_	_	_	_	linguistic	_	ContainsVariation=No	_	_	_	_	_	_
308-3	TO044	308	3	uno	uno	_	_	_	_	_	linguistic	_	ContainsVariation=No	_	_	_	_	_	_
308-4	TO044	308	4	scrittore	scrittore	_	_	_	_	_	linguistic	_	ContainsVariation=No	_	_	_	_	_	_
308-5	TO044	308	5	che::	che	_	_	_	_	_	linguistic	_	ContainsVariation=No	_	_	2x2	_	_	_
308-6	TO044	308	6	(turo)	turo	_	_	_	_	_	linguistic	_	ContainsVariation=No	_	_	_	_	0-4(0)	_
308-7	TO044	308	7	aveva	aveva	_	_	_	_	_	linguistic	_	ContainsVariation=No	_	_	_	_	_	_
308-8	TO044	308	8	scritto	scritto	_	_	_	_	_	linguistic	_	ContainsVariation=No	_	_	_	_	_	_
308-9	TO044	308	9	un	un	_	_	_	_	_	linguistic	_	ContainsVariation=No	_	_	_	_	_	_
308-10	TO044	308	10	libr[o:	libro	_	_	_	_	_	linguistic	_	ContainsVariation=No	_	_	4x1	_	_	4-5(77)
308-11	TO044	308	11	eh]	eh	_	_	_	_	_	linguistic	_	ContainsVariation=No	_	_	_	_	_	0-2(77)
308-12	TO044	308	12	sulle	sulle	_	_	_	_	_	linguistic	_	ContainsVariation=No	_	_	_	_	_	_
308-13	TO044	308	13	rive	rive	_	_	_	_	_	linguistic	_	ContainsVariation=No	_	_	_	_	_	_
308-14	TO044	308	14	di	di	_	_	_	_	_	linguistic	_	ContainsVariation=No	_	_	_	_	_	_
308-15	TO044	308	15	un	un	_	_	_	_	_	linguistic	_	ContainsVariation=No	_	_	_	_	_	_
308-16	TO044	308	16	lago	lago	_	_	_	_	_	linguistic	_	ContainsVariation=No	_	_	_	_	_	_
308-17	TO044	308	17	lì,	lì	_	_	_	_	_	linguistic	_	ContainsVariation=No	Intonation=WeaklyRising	End=852.11	_	_	_	_
309-0	TO055	309	0	[mhmh],	mhmh	_	_	_	_	_	linguistic	_	ContainsVariation=No	Intonation=WeaklyRising	Begin=850.495|End=850.918	_	_	_	0-4(77)
310-0	TO044	310	0	<c'	c'	_	_	_	_	_	linguistic	_	ContainsVariation=No	SpaceAfter=No	Begin=853.155	_	Slow=0-2(0)	_	_
310-1	TO044	310	1	è	è	_	_	_	_	_	linguistic	_	ContainsVariation=No	_	_	_	Slow=0-1(0)	_	_
310-2	TO044	310	2	ancora	ancora	_	_	_	_	_	linguistic	_	ContainsVariation=No	_	_	_	Slow=0-6(0)	_	_
310-3	TO044	310	3	la	la	_	_	_	_	_	linguistic	_	ContainsVariation=No	_	_	_	Slow=0-2(0)	_	_
310-4	TO044	310	4	sua	sua	_	_	_	_	_	linguistic	_	ContainsVariation=No	_	_	_	Slow=0-3(0)	_	_
310-5	TO044	310	5	casa>	casa	_	_	_	_	_	linguistic	_	ContainsVariation=No	_	_	_	Slow=0-4(0)	_	_
310-6	TO044	310	6	e	e	_	_	_	_	_	linguistic	_	ContainsVariation=No	_	_	_	_	_	_
310-7	TO044	310	7	queste	queste	_	_	_	_	_	linguistic	_	ContainsVariation=No	_	_	_	_	_	_
310-8	TO044	310	8	cose	cose	_	_	_	_	_	linguistic	_	ContainsVariation=No	_	_	_	_	_	_
310-9	TO044	310	9	qua	qua	_	_	_	_	_	linguistic	_	ContainsVariation=No	_	_	_	_	_	_
310-10	TO044	310	10	quindi	quindi	_	_	_	_	_	linguistic	_	ContainsVariation=No	_	_	_	_	_	_
310-11	TO044	310	11	sono,	sono	_	_	_	_	_	linguistic	_	ContainsVariation=No	Intonation=WeaklyRising	End=855.908	_	_	_	_
311-0	TO044	311	0	siamo	siamo	_	_	_	_	_	linguistic	_	ContainsVariation=No	_	Begin=856.972	_	_	_	_
311-1	TO044	311	1	andate	andate	_	_	_	_	_	linguistic	_	ContainsVariation=No	_	_	_	_	_	_
311-2	TO044	311	2	io	io	_	_	_	_	_	linguistic	_	ContainsVariation=No	_	_	_	_	_	_
311-3	TO044	311	3	e	e	_	_	_	_	_	linguistic	_	ContainsVariation=No	_	_	_	_	_	_
311-4	TO044	311	4	una	una	_	_	_	_	_	linguistic	_	ContainsVariation=No	_	_	_	_	_	_
311-5	TO044	311	5	mia	mia	_	_	_	_	_	linguistic	_	ContainsVariation=No	_	_	_	_	_	_
311-6	TO044	311	6	amica	amica	_	_	_	_	_	linguistic	_	ContainsVariation=No	_	_	_	_	_	_
311-7	TO044	311	7	random	random	_	_	_	_	_	linguistic	_	ContainsVariation=No	_	_	_	_	_	_
311-8	TO044	311	8	così	così	_	_	_	_	_	linguistic	_	ContainsVariation=No	_	_	_	_	_	_
311-9	TO044	311	9	una	una	_	_	_	_	_	linguistic	_	ContainsVariation=No	_	_	_	_	_	_
311-10	TO044	311	10	domenica,	domenica	_	_	_	_	_	linguistic	_	ContainsVariation=No	Intonation=WeaklyRising	End=860.263	_	_	_	_
312-0	TO044	312	0	e:h	eh	_	_	_	_	_	linguistic	_	ContainsVariation=No	ProsodicLink=Yes	Begin=860.925	0x1	_	_	_
312-1	TO044	312	1	m:h	mh	_	_	_	_	_	linguistic	_	ContainsVariation=No	_	_	0x1	_	_	_
312-2	TO044	312	2	ed	ed	_	_	_	_	_	linguistic	_	ContainsVariation=No	_	_	_	_	_	_
312-3	TO044	312	3	è	è	_	_	_	_	_	linguistic	_	ContainsVariation=No	_	_	_	_	_	_
312-4	TO044	312	4	stato	stato	_	_	_	_	_	linguistic	_	ContainsVariation=No	_	_	_	_	_	_
312-5	TO044	312	5	figo	figo	_	_	_	_	_	linguistic	_	ContainsVariation=No	_	_	_	_	_	_
312-6	TO044	312	6	perché	perché	_	_	_	_	_	linguistic	_	ContainsVariation=No	_	_	_	_	_	_
312-7	TO044	312	7	sul	sul	_	_	_	_	_	linguistic	_	ContainsVariation=No	_	_	_	_	_	_
312-8	TO044	312	8	treno	treno	_	_	_	_	_	linguistic	_	ContainsVariation=No	_	_	_	_	_	_
312-9	TO044	312	9	abbiamo:	abbiamo	_	_	_	_	_	linguistic	_	ContainsVariation=No	_	_	6x1	_	_	_
312-10	TO044	312	10	incontrato	incontrato	_	_	_	_	_	linguistic	_	ContainsVariation=No	_	_	_	_	_	_
312-11	TO044	312	11	una	una	_	_	_	_	_	linguistic	_	ContainsVariation=No	_	_	_	_	_	_
312-12	TO044	312	12	ragazza	ragazza	_	_	_	_	_	linguistic	_	ContainsVariation=No	_	_	_	_	_	_
312-13	TO044	312	13	argentina	argentina	_	_	_	_	_	linguistic	_	ContainsVariation=No	_	_	_	_	_	_
312-14	TO044	312	14	che	che	_	_	_	_	_	linguistic	_	ContainsVariation=No	_	_	_	_	_	_
312-15	TO044	312	15	andava	andava	_	_	_	_	_	linguistic	_	ContainsVariation=No	_	_	_	_	_	_
312-16	TO044	312	16	in	in	_	_	_	_	_	linguistic	_	ContainsVariation=No	_	_	_	_	_	_
312-17	TO044	312	17	quella	quella	_	_	_	_	_	linguistic	_	ContainsVariation=No	_	_	_	_	_	_
312-18	TO044	312	18	stessa	stessa	_	_	_	_	_	linguistic	_	ContainsVariation=No	_	_	_	_	_	_
312-19	TO044	312	19	città,	città	_	_	_	_	_	linguistic	_	ContainsVariation=No	Intonation=WeaklyRising	End=867.703	_	_	_	_
313-0	TO044	313	0	non	non	_	_	_	_	_	linguistic	_	ContainsVariation=No	_	Begin=868.293	_	_	_	_
313-1	TO044	313	1	sul	sul	_	_	_	_	_	linguistic	_	ContainsVariation=No	_	_	_	_	_	_
313-2	TO044	313	2	treno	treno	_	_	_	_	_	linguistic	_	ContainsVariation=No	_	_	_	_	_	_
313-3	TO044	313	3	in	in	_	_	_	_	_	linguistic	_	ContainsVariation=No	_	_	_	_	_	_
313-4	TO044	313	4	stazione.	stazione	_	_	_	_	_	linguistic	_	ContainsVariation=No	Intonation=Falling	End=869.828	_	_	_	_
314-0	TO044	314	0	e	e	_	_	_	_	_	linguistic	_	ContainsVariation=No	_	Begin=870.005	_	_	_	_
314-1	TO044	314	1	andava	andava	_	_	_	_	_	linguistic	_	ContainsVariation=No	_	_	_	_	_	_
314-2	TO044	314	2	in	in	_	_	_	_	_	linguistic	_	ContainsVariation=No	_	_	_	_	_	_
314-3	TO044	314	3	quella	quella	_	_	_	_	_	linguistic	_	ContainsVariation=No	_	_	_	_	_	_
314-4	TO044	314	4	stessa	stessa	_	_	_	_	_	linguistic	_	ContainsVariation=No	_	_	_	_	_	_
314-5	TO044	314	5	città	città	_	_	_	_	_	linguistic	_	ContainsVariation=No	_	_	_	_	_	_
314-6	TO044	314	6	e	e	_	_	_	_	_	linguistic	_	ContainsVariation=No	_	_	_	_	_	_
314-7	TO044	314	7	andava:	andava	_	_	_	_	_	linguistic	_	ContainsVariation=No	_	_	5x1	_	_	_
314-8	TO044	314	8	però	però	_	_	_	_	_	linguistic	_	ContainsVariation=No	_	_	_	_	_	_
314-9	TO044	314	9	per	per	_	_	_	_	_	linguistic	_	ContainsVariation=No	_	_	_	_	_	_
314-10	TO044	314	10	un'	un'	_	_	_	_	_	linguistic	_	ContainsVariation=No	SpaceAfter=No	_	_	_	_	_
314-11	TO044	314	11	altra	altra	_	_	_	_	_	linguistic	_	ContainsVariation=No	_	_	_	_	_	_
314-12	TO044	314	12	scrittrice	scrittrice	_	_	_	_	_	linguistic	_	ContainsVariation=No	_	_	_	_	_	_
314-13	TO044	314	13	che	che	_	_	_	_	_	linguistic	_	ContainsVariation=No	_	_	_	_	_	_
314-14	TO044	314	14	è	è	_	_	_	_	_	linguistic	_	ContainsVariation=No	_	_	_	_	_	_
314-15	TO044	314	15	quella	quella	_	_	_	_	_	linguistic	_	ContainsVariation=No	_	_	_	_	_	_
314-16	TO044	314	16	di	di	_	_	_	_	_	linguistic	_	ContainsVariation=No	_	_	_	_	_	_
314-17	TO044	314	17	piccole	piccole	_	_	_	_	_	linguistic	_	ContainsVariation=No	_	_	_	_	_	_
314-18	TO044	314	18	don[ne].	donne	_	_	_	_	_	linguistic	_	ContainsVariation=No	Intonation=Falling	End=874.63	_	_	_	2-5(78)
315-0	TO055	315	0	[o]kay.	okay	_	_	_	_	_	linguistic	_	ContainsVariation=No	Intonation=Falling	Begin=874.503|End=875.038	_	_	_	0-1(78)
316-0	TO044	316	0	>e	e	_	_	_	_	_	linguistic	_	ContainsVariation=No	_	Begin=875.155	_	Fast=0-1(0)	_	_
316-1	TO044	316	1	io	io	_	_	_	_	_	linguistic	_	ContainsVariation=No	_	_	_	Fast=0-2(0)	_	_
316-2	TO044	316	2	non	non	_	_	_	_	_	linguistic	_	ContainsVariation=No	_	_	_	Fast=0-3(0)	_	_
316-3	TO044	316	3	sapevo	sapevo	_	_	_	_	_	linguistic	_	ContainsVariation=No	_	_	_	Fast=0-6(0)	_	_
316-4	TO044	316	4	che	che	_	_	_	_	_	linguistic	_	ContainsVariation=No	_	_	_	Fast=0-3(0)	_	_
316-5	TO044	316	5	c'	c'	_	_	_	_	_	linguistic	_	ContainsVariation=No	SpaceAfter=No	_	_	Fast=0-2(0)	_	_
316-6	TO044	316	6	era	era	_	_	_	_	_	linguistic	_	ContainsVariation=No	_	_	_	Fast=0-3(0)	_	_
316-7	TO044	316	7	anche	anche	_	_	_	_	_	linguistic	_	ContainsVariation=No	_	_	_	Fast=0-5(0)	_	_
316-8	TO044	316	8	la	la	_	_	_	_	_	linguistic	_	ContainsVariation=No	_	_	_	Fast=0-2(0)	_	_
316-9	TO044	316	9	casa	casa	_	_	_	_	_	linguistic	_	ContainsVariation=No	_	_	_	Fast=0-4(0)	_	_
316-10	TO044	316	10	di	di	_	_	_	_	_	linguistic	_	ContainsVariation=No	_	_	_	Fast=0-2(0)	_	_
316-11	TO044	316	11	quella	quella	_	_	_	_	_	linguistic	_	ContainsVariation=No	_	_	_	Fast=0-6(0)	_	_
316-12	TO044	316	12	di	di	_	_	_	_	_	linguistic	_	ContainsVariation=No	_	_	_	Fast=0-2(0)	_	_
316-13	TO044	316	13	piccole	piccole	_	_	_	_	_	linguistic	_	ContainsVariation=No	_	_	_	Fast=0-7(0)	_	_
316-14	TO044	316	14	donne	donne	_	_	_	_	_	linguistic	_	ContainsVariation=No	_	_	_	Fast=0-5(0)	_	_
316-15	TO044	316	15	e	e	_	_	_	_	_	linguistic	_	ContainsVariation=No	_	_	_	Fast=0-1(0)	_	_
316-16	TO044	316	16	quindi	quindi	_	_	_	_	_	linguistic	_	ContainsVariation=No	_	_	_	Fast=0-6(0)	_	_
316-17	TO044	316	17	siamo	siamo	_	_	_	_	_	linguistic	_	ContainsVariation=No	_	_	_	Fast=0-5(0)	_	_
316-18	TO044	316	18	andati	andati	_	_	_	_	_	linguistic	_	ContainsVariation=No	_	_	_	Fast=0-6(0)	_	_
316-19	TO044	316	19	lì<,	lì	_	_	_	_	_	linguistic	_	ContainsVariation=No	Intonation=WeaklyRising	End=878.496	_	Fast=0-2(0)	_	_
317-0	TO044	317	0	lei	lei	_	_	_	_	_	linguistic	_	ContainsVariation=No	_	Begin=878.769	_	_	_	_
317-1	TO044	317	1	è	è	_	_	_	_	_	linguistic	_	ContainsVariation=No	_	_	_	_	_	_
317-2	TO044	317	2	venuta	venuta	_	_	_	_	_	linguistic	_	ContainsVariation=No	_	_	_	_	_	_
317-3	TO044	317	3	[con	con	_	_	_	_	_	linguistic	_	ContainsVariation=No	_	_	_	_	_	0-3(79)
317-4	TO044	317	4	no:i:	noi	_	_	_	_	_	linguistic	_	ContainsVariation=No	_	_	1x1,2x1	_	_	0-3(79)
317-5	TO044	317	5	ho]	ho	_	_	_	_	_	linguistic	_	ContainsVariation=No	_	_	_	_	_	0-2(79)
317-6	TO044	317	6	parlat~	parlat~	_	_	_	_	_	linguistic	_	ContainsVariation=No	Interrupted=Yes	_	_	_	_	_
317-7	TO044	317	7	>abbiam	abbiam	_	_	_	_	_	linguistic	_	ContainsVariation=No	_	_	_	Fast=0-6(0)	_	_
317-8	TO044	317	8	parlato	parlato	_	_	_	_	_	linguistic	_	ContainsVariation=No	_	_	_	Fast=0-7(0)	_	_
317-9	TO044	317	9	un	un	_	_	_	_	_	linguistic	_	ContainsVariation=No	_	_	_	Fast=0-2(0)	_	_
317-10	TO044	317	10	casino	casino	_	_	_	_	_	linguistic	_	ContainsVariation=No	_	_	_	Fast=0-6(0)	_	_
317-11	TO044	317	11	in	in	_	_	_	_	_	linguistic	_	ContainsVariation=No	_	_	_	Fast=0-2(0)	_	_
317-12	TO044	317	12	spangolo	spangolo	_	_	_	_	_	linguistic	_	ContainsVariation=No	_	_	_	Fast=0-8(0)	_	_
317-13	TO044	317	13	perché	perché	_	_	_	_	_	linguistic	_	ContainsVariation=No	_	_	_	Fast=0-6(0)	_	_
317-14	TO044	317	14	eravamo	eravamo	_	_	_	_	_	linguistic	_	ContainsVariation=No	_	_	_	Fast=0-7(0)	_	_
317-15	TO044	317	15	io	io	_	_	_	_	_	linguistic	_	ContainsVariation=No	_	_	_	Fast=0-2(0)	_	_
317-16	TO044	317	16	lei	lei	_	_	_	_	_	linguistic	_	ContainsVariation=No	_	_	_	Fast=0-3(0)	_	_
317-17	TO044	317	17	e	e	_	_	_	_	_	linguistic	_	ContainsVariation=No	_	_	_	Fast=0-1(0)	_	_
317-18	TO044	317	18	la	la	_	_	_	_	_	linguistic	_	ContainsVariation=No	_	_	_	Fast=0-2(0)	_	_
317-19	TO044	317	19	mia	mia	_	_	_	_	_	linguistic	_	ContainsVariation=No	_	_	_	Fast=0-3(0)	_	_
317-20	TO044	317	20	amica	amica	_	_	_	_	_	linguistic	_	ContainsVariation=No	_	_	_	Fast=0-5(0)	_	_
317-21	TO044	317	21	di	di	_	_	_	_	_	linguistic	_	ContainsVariation=No	_	_	_	Fast=0-2(0)	_	_
317-22	TO044	317	22	sp~	sp~	_	_	_	_	_	linguistic	_	ContainsVariation=No	Interrupted=Yes	_	_	Fast=0-3(0)	_	_
317-23	TO044	317	23	delle	delle	_	_	_	_	_	linguistic	_	ContainsVariation=No	_	_	_	Fast=0-5(0)	_	_
317-24	TO044	317	24	canarie<,	canarie	_	_	_	_	_	linguistic	_	ContainsVariation=No	Intonation=WeaklyRising	End=884.826	_	Fast=0-7(0)	_	_
318-0	TO055	318	0	[sì	sì	_	_	_	_	_	linguistic	_	ContainsVariation=No	_	Begin=879.433	_	_	_	0-2(79)
318-1	TO055	318	1	sì	sì	_	_	_	_	_	linguistic	_	ContainsVariation=No	_	_	_	_	_	0-2(79)
318-2	TO055	318	2	(o:)].	o	_	_	_	_	_	linguistic	_	ContainsVariation=No	Intonation=Falling	End=880.307	0x1	_	0-1(0)	0-1(79)
319-0	TO044	319	0	eh	eh	_	_	_	_	_	linguistic	_	ContainsVariation=No	ProsodicLink=Yes	Begin=885.747	_	_	_	_
319-1	TO044	319	1	m::h	mh	_	_	_	_	_	linguistic	_	ContainsVariation=No	_	_	0x2	_	_	_
319-2	TO044	319	2	è	è	_	_	_	_	_	linguistic	_	ContainsVariation=No	_	_	_	_	_	_
319-3	TO044	319	3	stato	stato	_	_	_	_	_	linguistic	_	ContainsVariation=No	_	_	_	_	_	_
319-4	TO044	319	4	carino	carino	_	_	_	_	_	linguistic	_	ContainsVariation=No	_	_	_	_	_	_
319-5	TO044	319	5	perché	perché	_	_	_	_	_	linguistic	_	ContainsVariation=No	_	_	_	_	_	_
319-6	TO044	319	6	abbiamo	abbiamo	_	_	_	_	_	linguistic	_	ContainsVariation=No	_	_	_	_	_	_
319-7	TO044	319	7	visitato	visitato	_	_	_	_	_	linguistic	_	ContainsVariation=No	_	_	_	_	_	_
319-8	TO044	319	8	la	la	_	_	_	_	_	linguistic	_	ContainsVariation=No	_	_	_	_	_	_
319-9	TO044	319	9	casa	casa	_	_	_	_	_	linguistic	_	ContainsVariation=No	_	_	_	_	_	_
319-10	TO044	319	10	della	della	_	_	_	_	_	linguistic	_	ContainsVariation=No	_	_	_	_	_	_
319-11	TO044	319	11	alcott	alcott	_	_	_	_	_	linguistic	_	ContainsVariation=No	_	_	_	_	_	_
319-12	TO044	319	12	che	che	_	_	_	_	_	linguistic	_	ContainsVariation=No	_	_	_	_	_	_
319-13	TO044	319	13	è	è	_	_	_	_	_	linguistic	_	ContainsVariation=No	_	_	_	_	_	_
319-14	TO044	319	14	la	la	_	_	_	_	_	linguistic	_	ContainsVariation=No	_	_	_	_	_	_
319-15	TO044	319	15	scrittrice	scrittrice	_	_	_	_	_	linguistic	_	ContainsVariation=No	_	_	_	_	_	_
319-16	TO044	319	16	appunto	appunto	_	_	_	_	_	linguistic	_	ContainsVariation=No	_	_	_	_	_	_
319-17	TO044	319	17	di	di	_	_	_	_	_	linguistic	_	ContainsVariation=No	_	_	_	_	_	_
319-18	TO044	319	18	piccole	piccole	_	_	_	_	_	linguistic	_	ContainsVariation=No	_	_	_	_	_	_
319-19	TO044	319	19	donne	donne	_	_	_	_	_	linguistic	_	ContainsVariation=No	_	_	_	_	_	_
319-20	TO044	319	20	in	in	_	_	_	_	_	linguistic	_	ContainsVariation=No	_	_	_	_	_	_
319-21	TO044	319	21	questo	questo	_	_	_	_	_	linguistic	_	ContainsVariation=No	_	_	_	_	_	_
319-22	TO044	319	22	paesino	paesino	_	_	_	_	_	linguistic	_	ContainsVariation=No	_	_	_	_	_	_
319-23	TO044	319	23	che::,	che	_	_	_	_	_	linguistic	_	ContainsVariation=No	Intonation=WeaklyRising	End=892.787	2x2	_	_	_
320-0	TO044	320	0	e:	e	_	_	_	_	_	linguistic	_	ContainsVariation=No	_	Begin=893.07	0x1	_	_	_
320-1	TO044	320	1	il	il	_	_	_	_	_	linguistic	_	ContainsVariation=No	_	_	_	_	_	_
320-2	TO044	320	2	tipo:	tipo	_	_	_	_	_	linguistic	_	ContainsVariation=No	_	_	3x1	_	_	_
320-3	TO044	320	3	il	il	_	_	_	_	_	linguistic	_	ContainsVariation=No	_	_	_	_	_	_
320-4	TO044	320	4	paesino	paesino	_	_	_	_	_	linguistic	_	ContainsVariation=No	_	_	_	_	_	_
320-5	TO044	320	5	di:	di	_	_	_	_	_	linguistic	_	ContainsVariation=No	_	_	1x1	_	_	_
320-6	TO044	320	6	lorelai	lorelai	_	_	_	_	_	linguistic	_	ContainsVariation=No	_	_	_	_	_	_
320-7	TO044	320	7	g[ilmor]e	gilmore	_	_	_	_	_	linguistic	_	ContainsVariation=No	_	_	_	_	_	1-6(80)
320-8	TO044	320	8	no,	no	_	_	_	_	_	linguistic	_	ContainsVariation=No	Intonation=WeaklyRising	_	_	_	_	_
320-9	TO044	320	9	cioè:	cioè	_	_	_	_	_	linguistic	_	ContainsVariation=No	_	_	3x1	_	_	_
320-10	TO044	320	10	[veramente],	veramente	_	_	_	_	_	linguistic	_	ContainsVariation=No	Intonation=WeaklyRising	End=897.448	_	_	_	0-9(81)
321-0	TO055	321	0	[sì].	sì	_	_	_	_	_	linguistic	_	ContainsVariation=No	Intonation=Falling	Begin=895.7|End=896.086	_	_	_	0-2(80)
322-0	TO055	322	0	[tipico]	tipico	_	_	_	_	_	linguistic	_	ContainsVariation=No	_	Begin=896.881	_	_	_	0-6(81)
322-1	TO055	322	1	paesino:::,	paesino	_	_	_	_	_	linguistic	_	ContainsVariation=No	Intonation=WeaklyRising	End=898.59	6x3	_	_	_
323-0	TO044	323	0	co[n	con	_	_	_	_	_	linguistic	_	ContainsVariation=No	_	Begin=898.739	_	_	_	2-3(82)
323-1	TO044	323	1	il	il	_	_	_	_	_	linguistic	_	ContainsVariation=No	_	_	_	_	_	0-2(82)
323-2	TO044	323	2	comune	comune	_	_	_	_	_	linguistic	_	ContainsVariation=No	_	_	_	_	_	0-6(82)
323-3	TO044	323	3	la	la	_	_	_	_	_	linguistic	_	ContainsVariation=No	_	_	_	_	_	0-2(82)
323-4	TO044	323	4	sala	sala	_	_	_	_	_	linguistic	_	ContainsVariation=No	_	_	_	_	_	0-4(82)
323-5	TO044	323	5	d]elle	delle	_	_	_	_	_	linguistic	_	ContainsVariation=No	_	_	_	_	_	0-1(82)
323-6	TO044	323	6	riunioni	riunioni	_	_	_	_	_	linguistic	_	ContainsVariation=No	_	_	_	_	_	_
323-7	TO044	323	7	cioè	cioè	_	_	_	_	_	linguistic	_	ContainsVariation=No	_	_	_	_	_	_
323-8	TO044	323	8	fa	fa	_	_	_	_	_	linguistic	_	ContainsVariation=No	_	_	_	_	_	_
323-9	TO044	323	9	troppo	troppo	_	_	_	_	_	linguistic	_	ContainsVariation=No	_	_	_	_	_	_
323-10	TO044	323	10	[ridere].	ridere	_	_	_	_	_	linguistic	_	ContainsVariation=No	Intonation=Falling	End=901.921	_	_	_	0-6(83)
324-0	TO055	324	0	[<che	che	_	_	_	_	_	linguistic	_	ContainsVariation=No	_	Begin=898.905	_	Slow=0-3(0)	_	0-3(82)
324-1	TO055	324	1	be:llo:>].	bello	_	_	_	_	_	linguistic	_	ContainsVariation=No	Intonation=Falling	End=900.081	1x1,4x1	Slow=0-5(0)	_	0-5(82)
325-0	TO055	325	0	[cose	cose	_	_	_	_	_	linguistic	_	ContainsVariation=No	_	Begin=901.456	_	_	_	0-4(84)
325-1	TO055	325	1	pa]zzesche.	pazzesche	_	_	_	_	_	linguistic	_	ContainsVariation=No	Intonation=Falling	_	_	_	_	0-2(84)
325-2	TO055	325	2	((ride))	((ride))	_	_	_	_	_	nonverbalbehavior	_	ContainsVariation=No	_	End=903.332	_	_	_	_
326-0	TO044	326	0	e	e	_	_	_	_	_	linguistic	_	ContainsVariation=No	PauseAfter=Yes	Begin=902.684	_	_	_	_
326-1	TO044	326	1	(.)	(.)	_	_	_	_	_	shortpause	_	ContainsVariation=No	_	_	_	_	_	_
326-2	TO044	326	2	e	e	_	_	_	_	_	linguistic	_	ContainsVariation=No	_	_	_	_	_	_
326-3	TO044	326	3	poi	poi	_	_	_	_	_	linguistic	_	ContainsVariation=No	_	_	_	_	_	_
326-4	TO044	326	4	siamo:	siamo	_	_	_	_	_	linguistic	_	ContainsVariation=No	ProsodicLink=Yes	_	4x1	_	_	_
326-5	TO044	326	5	mh	mh	_	_	_	_	_	linguistic	_	ContainsVariation=No	_	_	_	_	_	_
326-6	TO044	326	6	quindi	quindi	_	_	_	_	_	linguistic	_	ContainsVariation=No	_	_	_	_	_	_
326-7	TO044	326	7	siamo	siamo	_	_	_	_	_	linguistic	_	ContainsVariation=No	_	_	_	_	_	_
326-8	TO044	326	8	andate	andate	_	_	_	_	_	linguistic	_	ContainsVariation=No	_	_	_	_	_	_
326-9	TO044	326	9	a	a	_	_	_	_	_	linguistic	_	ContainsVariation=No	_	_	_	_	_	_
326-10	TO044	326	10	visitare	visitare	_	_	_	_	_	linguistic	_	ContainsVariation=No	_	_	_	_	_	_
326-11	TO044	326	11	<questa	questa	_	_	_	_	_	linguistic	_	ContainsVariation=No	_	_	_	Slow=0-6(0)	_	_
326-12	TO044	326	12	casa>	casa	_	_	_	_	_	linguistic	_	ContainsVariation=No	_	_	_	Slow=0-4(0)	_	_
326-13	TO044	326	13	e	e	_	_	_	_	_	linguistic	_	ContainsVariation=No	_	_	_	_	_	_
326-14	TO044	326	14	poi:,	poi	_	_	_	_	_	linguistic	_	ContainsVariation=No	Intonation=WeaklyRising	End=907.086	2x1	_	_	_
327-0	TO044	327	0	e	e	_	_	_	_	_	linguistic	_	ContainsVariation=No	_	Begin=907.676	_	_	_	_
327-1	TO044	327	1	poi	poi	_	_	_	_	_	linguistic	_	ContainsVariation=No	_	_	_	_	_	_
327-2	TO044	327	2	siamo	siamo	_	_	_	_	_	linguistic	_	ContainsVariation=No	_	_	_	_	_	_
327-3	TO044	327	3	andate	andate	_	_	_	_	_	linguistic	_	ContainsVariation=No	_	_	_	_	_	_
327-4	TO044	327	4	a	a	_	_	_	_	_	linguistic	_	ContainsVariation=No	_	_	_	_	_	_
327-5	TO044	327	5	pie~	pie~	_	_	_	_	_	linguistic	_	ContainsVariation=No	Interrupted=Yes	_	_	_	_	_
327-6	TO044	327	6	stavamo	stavamo	_	_	_	_	_	linguistic	_	ContainsVariation=No	_	_	_	_	_	_
327-7	TO044	327	7	andando	andando	_	_	_	_	_	linguistic	_	ContainsVariation=No	_	_	_	_	_	_
327-8	TO044	327	8	a	a	_	_	_	_	_	linguistic	_	ContainsVariation=No	_	_	_	_	_	_
327-9	TO044	327	9	piedi	piedi	_	_	_	_	_	linguistic	_	ContainsVariation=No	_	_	_	_	_	_
327-10	TO044	327	10	fino	fino	_	_	_	_	_	linguistic	_	ContainsVariation=No	_	_	_	_	_	_
327-11	TO044	327	11	al	al	_	_	_	_	_	linguistic	_	ContainsVariation=No	_	_	_	_	_	_
327-12	TO044	327	12	lago	lago	_	_	_	_	_	linguistic	_	ContainsVariation=No	_	_	_	_	_	_
327-13	TO044	327	13	ma	ma	_	_	_	_	_	linguistic	_	ContainsVariation=No	_	_	_	_	_	_
327-14	TO044	327	14	era	era	_	_	_	_	_	linguistic	_	ContainsVariation=No	_	_	_	_	_	_
327-15	TO044	327	15	tipo	tipo	_	_	_	_	_	linguistic	_	ContainsVariation=No	_	_	_	_	_	_
327-16	TO044	327	16	troppo	troppo	_	_	_	_	_	linguistic	_	ContainsVariation=No	_	_	_	_	_	_
327-17	TO044	327	17	lo[ntano]	lontano	_	_	_	_	_	linguistic	_	ContainsVariation=No	PauseAfter=Yes	_	_	_	_	2-7(85)
327-18	TO044	327	18	(.)	(.)	_	_	_	_	_	shortpause	_	ContainsVariation=No	_	_	_	_	_	_
327-19	TO044	327	19	non	non	_	_	_	_	_	linguistic	_	ContainsVariation=No	_	_	_	_	_	_
327-20	TO044	327	20	c'	c'	_	_	_	_	_	linguistic	_	ContainsVariation=No	SpaceAfter=No	_	_	_	_	_
327-21	TO044	327	21	era	era	_	_	_	_	_	linguistic	_	ContainsVariation=No	_	_	_	_	_	_
327-22	TO044	327	22	più	più	_	_	_	_	_	linguistic	_	ContainsVariation=No	_	_	_	_	_	_
327-23	TO044	327	23	tanto	tanto	_	_	_	_	_	linguistic	_	ContainsVariation=No	_	_	_	_	_	_
327-24	TO044	327	24	tempo.	tempo	_	_	_	_	_	linguistic	_	ContainsVariation=No	Intonation=Falling	End=913.126	_	_	_	_
328-0	TO055	328	0	[okay].	okay	_	_	_	_	_	linguistic	_	ContainsVariation=No	Intonation=Falling	Begin=911.4|End=911.919	_	_	_	0-4(85)
329-0	TO044	329	0	ho	ho	_	_	_	_	_	linguistic	_	ContainsVariation=No	_	Begin=913.716	_	_	_	_
329-1	TO044	329	1	chiesto	chiesto	_	_	_	_	_	linguistic	_	ContainsVariation=No	_	_	_	_	_	_
329-2	TO044	329	2	indicazioni	indicazioni	_	_	_	_	_	linguistic	_	ContainsVariation=No	_	_	_	_	_	_
329-3	TO044	329	3	a	a	_	_	_	_	_	linguistic	_	ContainsVariation=No	_	_	_	_	_	_
329-4	TO044	329	4	una	una	_	_	_	_	_	linguistic	_	ContainsVariation=No	_	_	_	_	_	_
329-5	TO044	329	5	signora	signora	_	_	_	_	_	linguistic	_	ContainsVariation=No	_	_	_	_	_	_
329-6	TO044	329	6	che	che	_	_	_	_	_	linguistic	_	ContainsVariation=No	_	_	_	_	_	_
329-7	TO044	329	7	faceva	faceva	_	_	_	_	_	linguistic	_	ContainsVariation=No	_	_	_	_	_	_
329-8	TO044	329	8	giardinaggio	giardinaggio	_	_	_	_	_	linguistic	_	ContainsVariation=No	_	_	_	_	_	_
329-9	TO044	329	9	lì	lì	_	_	_	_	_	linguistic	_	ContainsVariation=No	_	_	_	_	_	_
329-10	TO044	329	10	e::	e	_	_	_	_	_	linguistic	_	ContainsVariation=No	ProsodicLink=Yes	_	0x2	_	_	_
329-11	TO044	329	11	mh,	mh	_	_	_	_	_	linguistic	_	ContainsVariation=No	Intonation=WeaklyRising	End=917.525	_	_	_	_
330-0	TO044	330	0	e	e	_	_	_	_	_	linguistic	_	ContainsVariation=No	_	Begin=918.425	_	_	_	_
330-1	TO044	330	1	lei	lei	_	_	_	_	_	linguistic	_	ContainsVariation=No	_	_	_	_	_	_
330-2	TO044	330	2	fa::	fa	_	_	_	_	_	linguistic	_	ContainsVariation=No	_	_	1x2	_	_	_
330-3	TO044	330	3	<a:h	ah	_	_	_	_	_	linguistic	_	ContainsVariation=No	_	_	0x1	Slow=0-2(0)	_	_
330-4	TO044	330	4	no	no	_	_	_	_	_	linguistic	_	ContainsVariation=No	_	_	_	Slow=0-2(0)	_	_
330-5	TO044	330	5	è	è	_	_	_	_	_	linguistic	_	ContainsVariation=No	_	_	_	Slow=0-1(0)	_	_
330-6	TO044	330	6	di	di	_	_	_	_	_	linguistic	_	ContainsVariation=No	_	_	_	Slow=0-2(0)	_	_
330-7	TO044	330	7	là	là	_	_	_	_	_	linguistic	_	ContainsVariation=No	_	_	_	Slow=0-2(0)	_	_
330-8	TO044	330	8	dovete	dovete	_	_	_	_	_	linguistic	_	ContainsVariation=No	_	_	_	Slow=0-6(0)	_	_
330-9	TO044	330	9	andare>	andare	_	_	_	_	_	linguistic	_	ContainsVariation=No	_	_	_	Slow=0-6(0)	_	_
330-10	TO044	330	10	di	di	_	_	_	_	_	linguistic	_	ContainsVariation=No	_	_	_	_	_	_
330-11	TO044	330	11	là	là	_	_	_	_	_	linguistic	_	ContainsVariation=No	_	_	_	_	_	_
330-12	TO044	330	12	di	di	_	_	_	_	_	linguistic	_	ContainsVariation=No	_	_	_	_	_	_
330-13	TO044	330	13	dà	dà	_	_	_	_	_	linguistic	_	ContainsVariation=No	_	_	_	_	_	_
330-14	TO044	330	14	di	di	_	_	_	_	_	linguistic	_	ContainsVariation=No	_	_	_	_	_	_
330-15	TO044	330	15	à	à	_	_	_	_	_	linguistic	_	ContainsVariation=No	_	_	_	_	_	_
330-16	TO044	330	16	però	però	_	_	_	_	_	linguistic	_	ContainsVariation=No	_	_	_	_	_	_
330-17	TO044	330	17	quanto	quanto	_	_	_	_	_	linguistic	_	ContainsVariation=No	_	_	_	_	_	_
330-18	TO044	330	18	ci	ci	_	_	_	_	_	linguistic	_	ContainsVariation=No	_	_	_	_	_	_
330-19	TO044	330	19	mettete	mettete	_	_	_	_	_	linguistic	_	ContainsVariation=No	_	_	_	_	_	_
330-20	TO044	330	20	ah	ah	_	_	_	_	_	linguistic	_	ContainsVariation=No	_	_	_	_	_	_
330-21	TO044	330	21	vabò	vabò	_	_	_	_	_	linguistic	_	ContainsVariation=No	_	_	_	_	_	_
330-22	TO044	330	22	vi	vi	_	_	_	_	_	linguistic	_	ContainsVariation=No	_	_	_	_	_	_
330-23	TO044	330	23	porto.	porto	_	_	_	_	_	linguistic	_	ContainsVariation=No	Intonation=Falling	End=924.85	_	_	_	_
331-0	TO055	331	0	okay.	okay	_	_	_	_	_	linguistic	_	ContainsVariation=No	Intonation=Falling	Begin=924.85|End=925.322	_	_	_	_
332-0	TO044	332	0	quind~	quind~	_	_	_	_	_	linguistic	_	ContainsVariation=No	Interrupted=Yes|PauseAfter=Yes	Begin=925.503	_	_	_	_
332-1	TO044	332	1	(.)	(.)	_	_	_	_	_	shortpause	_	ContainsVariation=No	_	_	_	_	_	_
332-2	TO044	332	2	[tenerissima]	tenerissima	_	_	_	_	_	linguistic	_	ContainsVariation=No	_	_	_	_	_	0-11(86)
332-3	TO044	332	3	sì	sì	_	_	_	_	_	linguistic	_	ContainsVariation=No	_	_	_	_	_	_
332-4	TO044	332	4	sì	sì	_	_	_	_	_	linguistic	_	ContainsVariation=No	_	_	_	_	_	_
332-5	TO044	332	5	sì.	sì	_	_	_	_	_	linguistic	_	ContainsVariation=No	Intonation=Falling	End=927.7	_	_	_	_
333-0	TO055	333	0	[cioè	cioè	_	_	_	_	_	linguistic	_	ContainsVariation=No	_	Begin=925.731	_	_	_	0-4(86)
333-1	TO055	333	1	vi	vi	_	_	_	_	_	linguistic	_	ContainsVariation=No	_	_	_	_	_	0-2(86)
333-2	TO055	333	2	ha	ha	_	_	_	_	_	linguistic	_	ContainsVariation=No	_	_	_	_	_	0-2(86)
333-3	TO055	333	3	portato	portato	_	_	_	_	_	linguistic	_	ContainsVariation=No	_	_	_	_	_	0-7(86)
333-4	TO055	333	4	così]?	così	_	_	_	_	_	linguistic	_	ContainsVariation=No	Intonation=Rising	End=927.007	_	_	_	0-4(86)
334-0	TO044	334	0	perché:	perché	_	_	_	_	_	linguistic	_	ContainsVariation=No	_	Begin=927.873	5x1	_	_	_
334-1	TO044	334	1	si	si	_	_	_	_	_	linguistic	_	ContainsVariation=No	_	_	_	_	_	_
334-2	TO044	334	2	è	è	_	_	_	_	_	linguistic	_	ContainsVariation=No	_	_	_	_	_	_
334-3	TO044	334	3	fermata	fermata	_	_	_	_	_	linguistic	_	ContainsVariation=No	_	_	_	_	_	_
334-4	TO044	334	4	tutto	tutto	_	_	_	_	_	linguistic	_	ContainsVariation=No	_	_	_	_	_	_
334-5	TO044	334	5	così	così	_	_	_	_	_	linguistic	_	ContainsVariation=No	_	_	_	_	_	_
334-6	TO044	334	6	è	è	_	_	_	_	_	linguistic	_	ContainsVariation=No	_	_	_	_	_	_
334-7	TO044	334	7	entrata	entrata	_	_	_	_	_	linguistic	_	ContainsVariation=No	_	_	_	_	_	_
334-8	TO044	334	8	in	in	_	_	_	_	_	linguistic	_	ContainsVariation=No	_	_	_	_	_	_
334-9	TO044	334	9	casa	casa	_	_	_	_	_	linguistic	_	ContainsVariation=No	_	_	_	_	_	_
334-10	TO044	334	10	ha	ha	_	_	_	_	_	linguistic	_	ContainsVariation=No	_	_	_	_	_	_
334-11	TO044	334	11	preso	preso	_	_	_	_	_	linguistic	_	ContainsVariation=No	_	_	_	_	_	_
334-12	TO044	334	12	le	le	_	_	_	_	_	linguistic	_	ContainsVariation=No	_	_	_	_	_	_
334-13	TO044	334	13	chiavi	chiavi	_	_	_	_	_	linguistic	_	ContainsVariation=No	_	_	_	_	_	_
334-14	TO044	334	14	ci	ci	_	_	_	_	_	linguistic	_	ContainsVariation=No	_	_	_	_	_	_
334-15	TO044	334	15	ha	ha	_	_	_	_	_	linguistic	_	ContainsVariation=No	_	_	_	_	_	_
334-16	TO044	334	16	portato	portato	_	_	_	_	_	linguistic	_	ContainsVariation=No	_	_	_	_	_	_
334-17	TO044	334	17	fino	fino	_	_	_	_	_	linguistic	_	ContainsVariation=No	_	_	_	_	_	_
334-18	TO044	334	18	a	a	_	_	_	_	_	linguistic	_	ContainsVariation=No	_	_	_	_	_	_
334-19	TO044	334	19	'sto	'sto	_	_	_	_	_	linguistic	_	ContainsVariation=No	Truncated=Yes	_	_	_	_	_
334-20	TO044	334	20	lago,	lago	_	_	_	_	_	linguistic	_	ContainsVariation=No	Intonation=WeaklyRising	End=932.244	_	_	_	_
335-0	TO044	335	0	che	che	_	_	_	_	_	linguistic	_	ContainsVariation=No	_	Begin=932.581	_	_	_	_
335-1	TO044	335	1	è	è	_	_	_	_	_	linguistic	_	ContainsVariation=No	_	_	_	_	_	_
335-2	TO044	335	2	una	una	_	_	_	_	_	linguistic	_	ContainsVariation=No	_	_	_	_	_	_
335-3	TO044	335	3	cosa	cosa	_	_	_	_	_	linguistic	_	ContainsVariation=No	_	_	_	_	_	_
335-4	TO044	335	4	se~	se~	_	_	_	_	_	linguistic	_	ContainsVariation=No	Interrupted=Yes	_	_	_	_	_
335-5	TO044	335	5	cioè,	cioè	_	_	_	_	_	linguistic	_	ContainsVariation=No	Intonation=WeaklyRising	End=933.818	_	_	_	_
336-0	TO044	336	0	è	è	_	_	_	_	_	linguistic	_	ContainsVariation=No	_	Begin=934.094	_	_	_	_
336-1	TO044	336	1	stato	stato	_	_	_	_	_	linguistic	_	ContainsVariation=No	_	_	_	_	_	_
336-2	TO044	336	2	tenerissimo.	tenerissimo	_	_	_	_	_	linguistic	_	ContainsVariation=No	Intonation=Falling	End=935.324	_	_	_	_
337-0	TO044	337	0	perché	perché	_	_	_	_	_	linguistic	_	ContainsVariation=No	_	Begin=935.7	_	_	_	_
337-1	TO044	337	1	poi	poi	_	_	_	_	_	linguistic	_	ContainsVariation=No	_	_	_	_	_	_
337-2	TO044	337	2	in	in	_	_	_	_	_	linguistic	_	ContainsVariation=No	_	_	_	_	_	_
337-3	TO044	337	3	macchina	macchina	_	_	_	_	_	linguistic	_	ContainsVariation=No	_	_	_	_	_	_
337-4	TO044	337	4	ci	ci	_	_	_	_	_	linguistic	_	ContainsVariation=No	_	_	_	_	_	_
337-5	TO044	337	5	ha	ha	_	_	_	_	_	linguistic	_	ContainsVariation=No	_	_	_	_	_	_
337-6	TO044	337	6	raccontanto	raccontanto	_	_	_	_	_	linguistic	_	ContainsVariation=No	_	_	_	_	_	_
337-7	TO044	337	7	delle	delle	_	_	_	_	_	linguistic	_	ContainsVariation=No	_	_	_	_	_	_
337-8	TO044	337	8	<cose>	cose	_	_	_	_	_	linguistic	_	ContainsVariation=No	_	_	_	Slow=0-4(0)	_	_
337-9	TO044	337	9	noi	noi	_	_	_	_	_	linguistic	_	ContainsVariation=No	_	_	_	_	_	_
337-10	TO044	337	10	le	le	_	_	_	_	_	linguistic	_	ContainsVariation=No	_	_	_	_	_	_
337-11	TO044	337	11	abbiamo	abbiamo	_	_	_	_	_	linguistic	_	ContainsVariation=No	_	_	_	_	_	_
337-12	TO044	337	12	raccontato	raccontato	_	_	_	_	_	linguistic	_	ContainsVariation=No	_	_	_	_	_	_
337-13	TO044	337	13	altre	altre	_	_	_	_	_	linguistic	_	ContainsVariation=No	_	_	_	_	_	_
337-14	TO044	337	14	cose	cose	_	_	_	_	_	linguistic	_	ContainsVariation=No	_	_	_	_	_	_
337-15	TO044	337	15	eccetera	eccetera	_	_	_	_	_	linguistic	_	ContainsVariation=No	_	_	_	_	_	_
337-16	TO044	337	16	e:,	e	_	_	_	_	_	linguistic	_	ContainsVariation=No	Intonation=WeaklyRising	End=940.425	0x1	_	_	_
338-0	TO044	338	0	poi	poi	_	_	_	_	_	linguistic	_	ContainsVariation=No	_	Begin=940.605	_	_	_	_
338-1	TO044	338	1	siamo	siamo	_	_	_	_	_	linguistic	_	ContainsVariation=No	_	_	_	_	_	_
338-2	TO044	338	2	arrivati	arrivati	_	_	_	_	_	linguistic	_	ContainsVariation=No	_	_	_	_	_	_
338-3	TO044	338	3	a	a	_	_	_	_	_	linguistic	_	ContainsVariation=No	_	_	_	_	_	_
338-4	TO044	338	4	'sto	'sto	_	_	_	_	_	linguistic	_	ContainsVariation=No	Truncated=Yes	_	_	_	_	_
338-5	TO044	338	5	la:go,	lago	_	_	_	_	_	linguistic	_	ContainsVariation=No	Intonation=WeaklyRising	End=942.204	1x1	_	_	_
339-0	TO044	339	0	però	però	_	_	_	_	_	linguistic	_	ContainsVariation=No	_	Begin=942.401	_	_	_	_
339-1	TO044	339	1	è	è	_	_	_	_	_	linguistic	_	ContainsVariation=No	_	_	_	_	_	_
339-2	TO044	339	2	stato,	stato	_	_	_	_	_	linguistic	_	ContainsVariation=No	Intonation=WeaklyRising	End=943.063	_	_	_	_
340-0	TO044	340	0	è	è	_	_	_	_	_	linguistic	_	ContainsVariation=No	_	Begin=944.621	_	_	_	_
340-1	TO044	340	1	stato	stato	_	_	_	_	_	linguistic	_	ContainsVariation=No	_	_	_	_	_	_
340-2	TO044	340	2	strano	strano	_	_	_	_	_	linguistic	_	ContainsVariation=No	_	_	_	_	_	_
340-3	TO044	340	3	ne[l	nel	_	_	_	_	_	linguistic	_	ContainsVariation=No	_	_	_	_	_	2-3(87)
340-4	TO044	340	4	senso]	senso	_	_	_	_	_	linguistic	_	ContainsVariation=No	_	_	_	_	_	0-5(87)
340-5	TO044	340	5	che	che	_	_	_	_	_	linguistic	_	ContainsVariation=No	_	_	_	_	_	_
340-6	TO044	340	6	di	di	_	_	_	_	_	linguistic	_	ContainsVariation=No	_	_	_	_	_	_
340-7	TO044	340	7	solito	solito	_	_	_	_	_	linguistic	_	ContainsVariation=No	_	_	_	_	_	_
340-8	TO044	340	8	non	non	_	_	_	_	_	linguistic	_	ContainsVariation=No	_	_	_	_	_	_
340-9	TO044	340	9	ti	ti	_	_	_	_	_	linguistic	_	ContainsVariation=No	_	_	_	_	_	_
340-10	TO044	340	10	succede	succede	_	_	_	_	_	linguistic	_	ContainsVariation=No	_	_	_	_	_	_
340-11	TO044	340	11	n[o]?	no	_	_	_	_	_	linguistic	_	ContainsVariation=No	Intonation=Rising	End=947.488	_	_	_	1-2(88)
341-0	TO055	341	0	[sì].	sì	_	_	_	_	_	linguistic	_	ContainsVariation=No	Intonation=Falling	Begin=945.534|End=945.843	_	_	_	0-2(87)
342-0	TO055	342	0	[n]o.	no	_	_	_	_	_	linguistic	_	ContainsVariation=No	Intonation=Falling	Begin=947.274|End=947.583	_	_	_	0-1(88)
343-0	TO055	343	0	sono	sono	_	_	_	_	_	linguistic	_	ContainsVariation=No	_	Begin=947.652	_	_	_	_
343-1	TO055	343	1	quelle:	quelle	_	_	_	_	_	linguistic	_	ContainsVariation=No	_	_	5x1	_	_	_
343-2	TO055	343	2	piccole	piccole	_	_	_	_	_	linguistic	_	ContainsVariation=No	_	_	_	_	_	_
343-3	TO055	343	3	cose	cose	_	_	_	_	_	linguistic	_	ContainsVariation=No	_	_	_	_	_	_
343-4	TO055	343	4	che	che	_	_	_	_	_	linguistic	_	ContainsVariation=No	_	_	_	_	_	_
343-5	TO055	343	5	poi	poi	_	_	_	_	_	linguistic	_	ContainsVariation=No	_	_	_	_	_	_
343-6	TO055	343	6	ti	ti	_	_	_	_	_	linguistic	_	ContainsVariation=No	_	_	_	_	_	_
343-7	TO055	343	7	rimangon[o	rimangono	_	_	_	_	_	linguistic	_	ContainsVariation=No	_	_	_	_	_	8-9(89)
343-8	TO055	343	8	den]tro	dentro	_	_	_	_	_	linguistic	_	ContainsVariation=No	_	_	_	_	_	0-3(89)
343-9	TO055	343	9	un	un	_	_	_	_	_	linguistic	_	ContainsVariation=No	_	_	_	_	_	_
343-10	TO055	343	10	sacco.	sacco	_	_	_	_	_	linguistic	_	ContainsVariation=No	Intonation=Falling	End=951.305	_	_	_	_
344-0	TO044	344	0	[sì].	sì	_	_	_	_	_	linguistic	_	ContainsVariation=No	Intonation=Falling	Begin=950.149|End=950.487	_	_	_	0-2(89)
345-0	TO044	345	0	e	e	_	_	_	_	_	linguistic	_	ContainsVariation=No	_	Begin=951.495	_	_	_	_
345-1	TO044	345	1	quindi	quindi	_	_	_	_	_	linguistic	_	ContainsVariation=No	_	_	_	_	_	_
345-2	TO044	345	2	poi	poi	_	_	_	_	_	linguistic	_	ContainsVariation=No	_	_	_	_	_	_
345-3	TO044	345	3	siamo	siamo	_	_	_	_	_	linguistic	_	ContainsVariation=No	_	_	_	_	_	_
345-4	TO044	345	4	state	state	_	_	_	_	_	linguistic	_	ContainsVariation=No	_	_	_	_	_	_
345-5	TO044	345	5	sul	sul	_	_	_	_	_	linguistic	_	ContainsVariation=No	_	_	_	_	_	_
345-6	TO044	345	6	<lago>	lago	_	_	_	_	_	linguistic	_	ContainsVariation=No	_	_	_	Slow=0-4(0)	_	_
345-7	TO044	345	7	abbiamo	abbiamo	_	_	_	_	_	linguistic	_	ContainsVariation=No	_	_	_	Fast=0-7(0)	_	_
345-8	TO044	345	8	fatto	fatto	_	_	_	_	_	linguistic	_	ContainsVariation=No	_	_	_	Fast=0-5(0)	_	_
345-9	TO044	345	9	mille	mille	_	_	_	_	_	linguistic	_	ContainsVariation=No	_	_	_	Fast=0-5(0)	_	_
345-10	TO044	345	10	<foto:	foto	_	_	_	_	_	linguistic	_	ContainsVariation=No	_	_	3x1	Slow=0-4(1)	_	_
345-11	TO044	345	11	e	e	_	_	_	_	_	linguistic	_	ContainsVariation=No	_	_	_	Slow=0-1(1)	_	_
345-12	TO044	345	12	poi	poi	_	_	_	_	_	linguistic	_	ContainsVariation=No	_	_	_	Slow=0-3(1)	_	_
345-13	TO044	345	13	siamo	siamo	_	_	_	_	_	linguistic	_	ContainsVariation=No	_	_	_	Slow=0-5(1)	_	_
345-14	TO044	345	14	tornate	tornate	_	_	_	_	_	linguistic	_	ContainsVariation=No	_	_	_	Slow=0-7(1)	_	_
345-15	TO044	345	15	a	a	_	_	_	_	_	linguistic	_	ContainsVariation=No	_	_	_	Slow=0-1(1)	_	_
345-16	TO044	345	16	piedi>	piedi	_	_	_	_	_	linguistic	_	ContainsVariation=No	_	_	_	Slow=0-5(1)	_	_
345-17	TO044	345	17	ma	ma	_	_	_	_	_	linguistic	_	ContainsVariation=No	_	_	_	_	_	_
345-18	TO044	345	18	è	è	_	_	_	_	_	linguistic	_	ContainsVariation=No	_	_	_	_	_	_
345-19	TO044	345	19	stato	stato	_	_	_	_	_	linguistic	_	ContainsVariation=No	_	_	_	_	_	_
345-20	TO044	345	20	tutta	tutta	_	_	_	_	_	linguistic	_	ContainsVariation=No	_	_	_	_	_	_
345-21	TO044	345	21	la	la	_	_	_	_	_	linguistic	_	ContainsVariation=No	_	_	_	_	_	_
345-22	TO044	345	22	giornata	giornata	_	_	_	_	_	linguistic	_	ContainsVariation=No	_	_	_	_	_	_
345-23	TO044	345	23	figa	figa	_	_	_	_	_	linguistic	_	ContainsVariation=No	_	_	_	_	_	_
345-24	TO044	345	24	perché,	perché	_	_	_	_	_	linguistic	_	ContainsVariation=No	Intonation=WeaklyRising	End=958.244	_	_	_	_
346-0	TO044	346	0	abbiamo	abbiamo	_	_	_	_	_	linguistic	_	ContainsVariation=No	_	Begin=958.558	_	_	_	_
346-1	TO044	346	1	parl~	parl~	_	_	_	_	_	linguistic	_	ContainsVariation=No	Interrupted=Yes	_	_	_	_	_
346-2	TO044	346	2	abbiamo	abbiamo	_	_	_	_	_	linguistic	_	ContainsVariation=No	_	_	_	_	_	_
346-3	TO044	346	3	incontrato	incontrato	_	_	_	_	_	linguistic	_	ContainsVariation=No	_	_	_	_	_	_
346-4	TO044	346	4	una	una	_	_	_	_	_	linguistic	_	ContainsVariation=No	_	_	_	_	_	_
346-5	TO044	346	5	sconosciuta	sconosciuta	_	_	_	_	_	linguistic	_	ContainsVariation=No	_	_	_	_	_	_
346-6	TO044	346	6	che	che	_	_	_	_	_	linguistic	_	ContainsVariation=No	_	_	_	_	_	_
346-7	TO044	346	7	si	si	_	_	_	_	_	linguistic	_	ContainsVariation=No	_	_	_	_	_	_
346-8	TO044	346	8	è	è	_	_	_	_	_	linguistic	_	ContainsVariation=No	_	_	_	_	_	_
346-9	TO044	346	9	unita	unita	_	_	_	_	_	linguistic	_	ContainsVariation=No	_	_	_	_	_	_
346-10	TO044	346	10	a	a	_	_	_	_	_	linguistic	_	ContainsVariation=No	_	_	_	_	_	_
346-11	TO044	346	11	noi,	noi	_	_	_	_	_	linguistic	_	ContainsVariation=No	Intonation=WeaklyRising	_	_	_	_	_
346-12	TO044	346	12	un'	un'	_	_	_	_	_	linguistic	_	ContainsVariation=No	SpaceAfter=No	_	_	_	_	_
346-13	TO044	346	13	altra	altra	_	_	_	_	_	linguistic	_	ContainsVariation=No	_	_	_	_	_	_
346-14	TO044	346	14	sconosciuta	sconosciuta	_	_	_	_	_	linguistic	_	ContainsVariation=No	_	_	_	_	_	_
346-15	TO044	346	15	che	che	_	_	_	_	_	linguistic	_	ContainsVariation=No	_	_	_	_	_	_
346-16	TO044	346	16	ci	ci	_	_	_	_	_	linguistic	_	ContainsVariation=No	_	_	_	_	_	_
346-17	TO044	346	17	ha	ha	_	_	_	_	_	linguistic	_	ContainsVariation=No	_	_	_	_	_	_
346-18	TO044	346	18	aiutato,	aiutato	_	_	_	_	_	linguistic	_	ContainsVariation=No	Intonation=WeaklyRising	_	_	_	_	_
346-19	TO044	346	19	e	e	_	_	_	_	_	linguistic	_	ContainsVariation=No	_	_	_	_	_	_
346-20	TO044	346	20	poi	poi	_	_	_	_	_	linguistic	_	ContainsVariation=No	_	_	_	_	_	_
346-21	TO044	346	21	alla	alla	_	_	_	_	_	linguistic	_	ContainsVariation=No	_	_	_	_	_	_
346-22	TO044	346	22	fine,	fine	_	_	_	_	_	linguistic	_	ContainsVariation=No	Intonation=WeaklyRising	End=964.007	_	_	_	_
347-0	TO044	347	0	ah	ah	_	_	_	_	_	linguistic	_	ContainsVariation=No	_	Begin=964.306	_	_	_	_
347-1	TO044	347	1	vabbè	vabbè	_	_	_	_	_	linguistic	_	ContainsVariation=No	_	_	_	_	_	_
347-2	TO044	347	2	con	con	_	_	_	_	_	linguistic	_	ContainsVariation=No	_	_	_	_	_	_
347-3	TO044	347	3	questa	questa	_	_	_	_	_	linguistic	_	ContainsVariation=No	_	_	_	_	_	_
347-4	TO044	347	4	ragazza	ragazza	_	_	_	_	_	linguistic	_	ContainsVariation=No	_	_	_	_	_	_
347-5	TO044	347	5	argentina	argentina	_	_	_	_	_	linguistic	_	ContainsVariation=No	_	_	_	_	_	_
347-6	TO044	347	6	siam	siam	_	_	_	_	_	linguistic	_	ContainsVariation=No	_	_	_	_	_	_
347-7	TO044	347	7	diventate	diventate	_	_	_	_	_	linguistic	_	ContainsVariation=No	_	_	_	_	_	_
347-8	TO044	347	8	>amiche	amiche	_	_	_	_	_	linguistic	_	ContainsVariation=No	_	_	_	Fast=0-6(0)	_	_
347-9	TO044	347	9	ci	ci	_	_	_	_	_	linguistic	_	ContainsVariation=No	_	_	_	Fast=0-2(0)	_	_
347-10	TO044	347	10	sentiamo	sentiamo	_	_	_	_	_	linguistic	_	ContainsVariation=No	_	_	_	Fast=0-8(0)	_	_
347-11	TO044	347	11	eccetera<	eccetera	_	_	_	_	_	linguistic	_	ContainsVariation=No	_	_	_	Fast=0-8(0)	_	_
347-12	TO044	347	12	ovviamente	ovviamente	_	_	_	_	_	linguistic	_	ContainsVariation=No	_	_	_	_	_	_
347-13	TO044	347	13	con	con	_	_	_	_	_	linguistic	_	ContainsVariation=No	_	_	_	_	_	_
347-14	TO044	347	14	la	la	_	_	_	_	_	linguistic	_	ContainsVariation=No	_	_	_	_	_	_
347-15	TO044	347	15	signora	signora	_	_	_	_	_	linguistic	_	ContainsVariation=No	_	_	_	_	_	_
347-16	TO044	347	16	non	non	_	_	_	_	_	linguistic	_	ContainsVariation=No	_	_	_	_	_	_
347-17	TO044	347	17	(più.)	più	_	_	_	_	_	linguistic	_	ContainsVariation=No	Intonation=Falling	End=969.992	_	_	0-3(0)	_
348-0	TO055	348	0	chiaro.	chiaro	_	_	_	_	_	linguistic	_	ContainsVariation=No	Intonation=Falling	Begin=970.015	_	_	_	_
348-1	TO055	348	1	((ride))	((ride))	_	_	_	_	_	nonverbalbehavior	_	ContainsVariation=No	_	End=971.023	_	_	_	_
349-0	TO044	349	0	però::	però	_	_	_	_	_	linguistic	_	ContainsVariation=No	_	Begin=971.196	3x2	_	_	_
349-1	TO044	349	1	è	è	_	_	_	_	_	linguistic	_	ContainsVariation=No	_	_	_	_	_	_
349-2	TO044	349	2	figo	figo	_	_	_	_	_	linguistic	_	ContainsVariation=No	_	_	_	_	_	_
349-3	TO044	349	3	perché:::	perché	_	_	_	_	_	linguistic	_	ContainsVariation=No	_	_	5x3	_	_	_
349-4	TO044	349	4	boh	boh	_	_	_	_	_	linguistic	_	ContainsVariation=No	_	_	_	_	_	_
349-5	TO044	349	5	pensi:	pensi	_	_	_	_	_	linguistic	_	ContainsVariation=No	_	_	4x1	_	_	_
349-6	TO044	349	6	cioè	cioè	_	_	_	_	_	linguistic	_	ContainsVariation=No	_	_	_	_	_	_
349-7	TO044	349	7	io	io	_	_	_	_	_	linguistic	_	ContainsVariation=No	_	_	_	_	_	_
349-8	TO044	349	8	mi	mi	_	_	_	_	_	linguistic	_	ContainsVariation=No	_	_	_	_	_	_
349-9	TO044	349	9	ricordo	ricordo	_	_	_	_	_	linguistic	_	ContainsVariation=No	_	_	_	_	_	_
349-10	TO044	349	10	di	di	_	_	_	_	_	linguistic	_	ContainsVariation=No	_	_	_	_	_	_
349-11	TO044	349	11	lei	lei	_	_	_	_	_	linguistic	_	ContainsVariation=No	_	_	_	_	_	_
349-12	TO044	349	12	che	che	_	_	_	_	_	linguistic	_	ContainsVariation=No	_	_	_	_	_	_
349-13	TO044	349	13	m[i	mi	_	_	_	_	_	linguistic	_	ContainsVariation=No	_	_	_	_	_	1-2(90)
349-14	TO044	349	14	ha	ha	_	_	_	_	_	linguistic	_	ContainsVariation=No	_	_	_	_	_	0-2(90)
349-15	TO044	349	15	porta]to	portato	_	_	_	_	_	linguistic	_	ContainsVariation=No	_	_	_	_	_	0-5(90)
349-16	TO044	349	16	a	a	_	_	_	_	_	linguistic	_	ContainsVariation=No	_	_	_	_	_	_
349-17	TO044	349	17	'sto	'sto	_	_	_	_	_	linguistic	_	ContainsVariation=No	Truncated=Yes	_	_	_	_	_
349-18	TO044	349	18	lago	lago	_	_	_	_	_	linguistic	_	ContainsVariation=No	_	_	_	_	_	_
349-19	TO044	349	19	qua	qua	_	_	_	_	_	linguistic	_	ContainsVariation=No	_	_	_	_	_	_
349-20	TO044	349	20	e	e	_	_	_	_	_	linguistic	_	ContainsVariation=No	_	_	_	_	_	_
349-21	TO044	349	21	mh,	mh	_	_	_	_	_	linguistic	_	ContainsVariation=No	Intonation=WeaklyRising	End=978.622	_	_	_	_
350-0	TO055	350	0	[sì].	sì	_	_	_	_	_	linguistic	_	ContainsVariation=No	Intonation=Falling	Begin=976.748|End=977.117	_	_	_	0-2(90)
351-0	TO055	351	0	sì	sì	_	_	_	_	_	linguistic	_	ContainsVariation=No	_	Begin=978.889	_	_	_	_
351-1	TO055	351	1	probabilmente	probabilmente	_	_	_	_	_	linguistic	_	ContainsVariation=No	_	_	_	_	_	_
351-2	TO055	351	2	è	è	_	_	_	_	_	linguistic	_	ContainsVariation=No	_	_	_	_	_	_
351-3	TO055	351	3	una	una	_	_	_	_	_	linguistic	_	ContainsVariation=No	_	_	_	_	_	_
351-4	TO055	351	4	cosa	cosa	_	_	_	_	_	linguistic	_	ContainsVariation=No	_	_	_	_	_	_
351-5	TO055	351	5	che	che	_	_	_	_	_	linguistic	_	ContainsVariation=No	_	_	_	_	_	_
351-6	TO055	351	6	ti	ti	_	_	_	_	_	linguistic	_	ContainsVariation=No	_	_	_	_	_	_
351-7	TO055	351	7	porti	porti	_	_	_	_	_	linguistic	_	ContainsVariation=No	_	_	_	_	_	_
351-8	TO055	351	8	dietro:	dietro	_	_	_	_	_	linguistic	_	ContainsVariation=No	_	_	5x1	_	_	_
351-9	TO055	351	9	tutta	tutta	_	_	_	_	_	linguistic	_	ContainsVariation=No	_	_	_	_	_	_
351-10	TO055	351	10	la	la	_	_	_	_	_	linguistic	_	ContainsVariation=No	_	_	_	_	_	_
351-11	TO055	351	11	vita.	vita	_	_	_	_	_	linguistic	_	ContainsVariation=No	Intonation=Falling	End=982.456	_	_	_	_
352-0	TO055	352	0	perché	perché	_	_	_	_	_	linguistic	_	ContainsVariation=No	_	Begin=982.581	_	_	_	_
352-1	TO055	352	1	so:nn	sonn	_	_	_	_	_	linguistic	_	ContainsVariation=No	_	_	1x1	_	_	_
352-2	TO055	352	2	quelle	quelle	_	_	_	_	_	linguistic	_	ContainsVariation=No	_	_	_	_	_	_
352-3	TO055	352	3	piccole	piccole	_	_	_	_	_	linguistic	_	ContainsVariation=No	_	_	_	_	_	_
352-4	TO055	352	4	cose	cose	_	_	_	_	_	linguistic	_	ContainsVariation=No	_	_	_	_	_	_
352-5	TO055	352	5	che	che	_	_	_	_	_	linguistic	_	ContainsVariation=No	_	_	_	_	_	_
352-6	TO055	352	6	propri[o:]::,	proprio	_	_	_	_	_	linguistic	_	ContainsVariation=No	Intonation=WeaklyRising	End=985.346	6x3	_	_	6-7(91)
353-0	TO044	353	0	[sì].	sì	_	_	_	_	_	linguistic	_	ContainsVariation=No	Intonation=Falling	Begin=984.606|End=984.96	_	_	_	0-2(91)
354-0	TO055	354	0	e	e	_	_	_	_	_	linguistic	_	ContainsVariation=No	_	Begin=985.606	_	_	_	_
354-1	TO055	354	1	la	la	_	_	_	_	_	linguistic	_	ContainsVariation=No	_	_	_	_	_	_
354-2	TO055	354	2	cosa	cosa	_	_	_	_	_	linguistic	_	ContainsVariation=No	_	_	_	_	_	_
354-3	TO055	354	3	che	che	_	_	_	_	_	linguistic	_	ContainsVariation=No	_	_	_	_	_	_
354-4	TO055	354	4	ti	ti	_	_	_	_	_	linguistic	_	ContainsVariation=No	_	_	_	_	_	_
354-5	TO055	354	5	è	è	_	_	_	_	_	linguistic	_	ContainsVariation=No	_	_	_	_	_	_
354-6	TO055	354	6	mancata	mancata	_	_	_	_	_	linguistic	_	ContainsVariation=No	_	_	_	_	_	_
354-7	TO055	354	7	più	più	_	_	_	_	_	linguistic	_	ContainsVariation=No	_	_	_	_	_	_
354-8	TO055	354	8	di	di	_	_	_	_	_	linguistic	_	ContainsVariation=No	_	_	_	_	_	_
354-9	TO055	354	9	tutte	tutte	_	_	_	_	_	linguistic	_	ContainsVariation=No	_	_	_	_	_	_
354-10	TO055	354	10	dell'	dell'	_	_	_	_	_	linguistic	_	ContainsVariation=No	SpaceAfter=No	_	_	_	_	_
354-11	TO055	354	11	italia?	italia	_	_	_	_	_	linguistic	_	ContainsVariation=No	Intonation=Rising	End=988.025	_	_	_	_
355-0	TO055	355	0	se	se	_	_	_	_	_	linguistic	_	ContainsVariation=No	_	Begin=989.408	_	_	_	_
355-1	TO055	355	1	ti	ti	_	_	_	_	_	linguistic	_	ContainsVariation=No	_	_	_	_	_	_
355-2	TO055	355	2	è	è	_	_	_	_	_	linguistic	_	ContainsVariation=No	_	_	_	_	_	_
355-3	TO055	355	3	mancato	mancato	_	_	_	_	_	linguistic	_	ContainsVariation=No	_	_	_	_	_	_
355-4	TO055	355	4	qualcosa.	qualcosa	_	_	_	_	_	linguistic	_	ContainsVariation=No	Intonation=Falling	_	_	_	_	_
355-5	TO055	355	5	((ride))	((ride))	_	_	_	_	_	nonverbalbehavior	_	ContainsVariation=No	_	End=992.436	_	_	_	_
356-0	TO044	356	0	m:h	mh	_	_	_	_	_	linguistic	_	ContainsVariation=No	_	Begin=992.436	0x1	_	_	_
356-1	TO044	356	1	ma	ma	_	_	_	_	_	linguistic	_	ContainsVariation=No	_	_	_	_	_	_
356-2	TO044	356	2	all'	all'	_	_	_	_	_	linguistic	_	ContainsVariation=No	SpaceAfter=No	_	_	_	_	_
356-3	TO044	356	3	inizio	inizio	_	_	_	_	_	linguistic	_	ContainsVariation=No	_	_	_	_	_	_
356-4	TO044	356	4	pensavo	pensavo	_	_	_	_	_	linguistic	_	ContainsVariation=No	_	_	_	_	_	_
356-5	TO044	356	5	il	il	_	_	_	_	_	linguistic	_	ContainsVariation=No	_	_	_	_	_	_
356-6	TO044	356	6	cibo,	cibo	_	_	_	_	_	linguistic	_	ContainsVariation=No	Intonation=WeaklyRising	End=994.755	_	_	_	_
357-0	TO055	357	0	oka[y].	okay	_	_	_	_	_	linguistic	_	ContainsVariation=No	Intonation=Falling	Begin=995.078|End=995.614	_	_	_	3-4(92)
358-0	TO044	358	0	[i]n	in	_	_	_	_	_	linguistic	_	ContainsVariation=No	_	Begin=995.51	_	_	_	0-1(92)
358-1	TO044	358	1	realtà	realtà	_	_	_	_	_	linguistic	_	ContainsVariation=No	_	_	_	_	_	_
358-2	TO044	358	2	poi	poi	_	_	_	_	_	linguistic	_	ContainsVariation=No	_	_	_	_	_	_
358-3	TO044	358	3	no.	no	_	_	_	_	_	linguistic	_	ContainsVariation=No	Intonation=Falling	End=996.511	_	_	_	_
359-0	TO055	359	0	no?	no	_	_	_	_	_	linguistic	_	ContainsVariation=No	Intonation=Rising	Begin=996.511|End=996.78	_	_	_	_
360-0	TO044	360	0	cioè:	cioè	_	_	_	_	_	linguistic	_	ContainsVariation=No	_	Begin=996.905	3x1	_	_	_
360-1	TO044	360	1	lì	lì	_	_	_	_	_	linguistic	_	ContainsVariation=No	_	_	_	_	_	_
360-2	TO044	360	2	hanno	hanno	_	_	_	_	_	linguistic	_	ContainsVariation=No	_	_	_	_	_	_
360-3	TO044	360	3	comunque	comunque	_	_	_	_	_	linguistic	_	ContainsVariation=No	_	_	_	_	_	_
360-4	TO044	360	4	sempre	sempre	_	_	_	_	_	linguistic	_	ContainsVariation=No	_	_	_	_	_	_
360-5	TO044	360	5	mercati	mercati	_	_	_	_	_	linguistic	_	ContainsVariation=No	_	_	_	_	_	_
360-6	TO044	360	6	biologici	biologici	_	_	_	_	_	linguistic	_	ContainsVariation=No	_	_	_	_	_	_
360-7	TO044	360	7	perché	perché	_	_	_	_	_	linguistic	_	ContainsVariation=No	_	_	_	_	_	_
360-8	TO044	360	8	boston	boston	_	_	_	_	_	linguistic	_	ContainsVariation=No	_	_	_	_	_	_
360-9	TO044	360	9	(è)	è	_	_	_	_	_	linguistic	_	ContainsVariation=No	_	_	_	_	0-1(0)	_
360-10	TO044	360	10	nel	nel	_	_	_	_	_	linguistic	_	ContainsVariation=No	_	_	_	_	_	_
360-11	TO044	360	11	massachusetts	massachusetts	_	_	_	_	_	linguistic	_	ContainsVariation=No	_	_	_	_	_	_
360-12	TO044	360	12	hanno	hanno	_	_	_	_	_	linguistic	_	ContainsVariation=No	_	_	_	_	_	_
360-13	TO044	360	13	uno	uno	_	_	_	_	_	linguistic	_	ContainsVariation=No	_	_	_	_	_	_
360-14	TO044	360	14	stato	stato	_	_	_	_	_	linguistic	_	ContainsVariation=No	_	_	_	_	_	_
360-15	TO044	360	15	super,	super	_	_	_	_	_	linguistic	_	ContainsVariation=No	Intonation=WeaklyRising	End=1002.401	_	_	_	_
361-0	TO044	361	0	è	è	_	_	_	_	_	linguistic	_	ContainsVariation=No	_	Begin=1002.928	_	_	_	_
361-1	TO044	361	1	uno	uno	_	_	_	_	_	linguistic	_	ContainsVariation=No	_	_	_	_	_	_
361-2	TO044	361	2	stato	stato	_	_	_	_	_	linguistic	_	ContainsVariation=No	_	_	_	_	_	_
361-3	TO044	361	3	super	super	_	_	_	_	_	linguistic	_	ContainsVariation=No	ProsodicLink=Yes	_	_	_	_	_
361-4	TO044	361	4	mh,	mh	_	_	_	_	_	linguistic	_	ContainsVariation=No	Intonation=WeaklyRising	End=1004.503	_	_	_	_
362-0	TO044	362	0	e::h	eh	_	_	_	_	_	linguistic	_	ContainsVariation=No	_	Begin=1005.356	0x2	_	_	_
362-1	TO044	362	1	<salutista	salutista	_	_	_	_	_	linguistic	_	ContainsVariation=No	_	_	_	Slow=0-9(0)	_	_
362-2	TO044	362	2	corrono:	corrono	_	_	_	_	_	linguistic	_	ContainsVariation=No	_	_	6x1	Slow=0-7(0)	_	_
362-3	TO044	362	3	[fanno	fanno	_	_	_	_	_	linguistic	_	ContainsVariation=No	_	_	_	Slow=0-5(0)	_	0-5(93)
362-4	TO044	362	4	spo]rt	sport	_	_	_	_	_	linguistic	_	ContainsVariation=No	_	_	_	Slow=0-5(0)	_	0-3(93)
362-5	TO044	362	5	non	non	_	_	_	_	_	linguistic	_	ContainsVariation=No	_	_	_	Slow=0-3(0)	_	_
362-6	TO044	362	6	c'	c'	_	_	_	_	_	linguistic	_	ContainsVariation=No	SpaceAfter=No	_	_	Slow=0-2(0)	_	_
362-7	TO044	362	7	è	è	_	_	_	_	_	linguistic	_	ContainsVariation=No	_	_	_	Slow=0-1(0)	_	_
362-8	TO044	362	8	obesità>,	obesità	_	_	_	_	_	linguistic	_	ContainsVariation=No	Intonation=WeaklyRising	_	_	Slow=0-7(0)	_	_
362-9	TO044	362	9	non	non	_	_	_	_	_	linguistic	_	ContainsVariation=No	_	_	_	_	_	_
362-10	TO044	362	10	troppa.	troppa	_	_	_	_	_	linguistic	_	ContainsVariation=No	Intonation=Falling	End=1010.85	_	_	_	_
363-0	TO055	363	0	[mhmh].	mhmh	_	_	_	_	_	linguistic	_	ContainsVariation=No	Intonation=Falling	Begin=1008.102|End=1008.524	_	_	_	0-4(93)
364-0	TO044	364	0	e	e	_	_	_	_	_	linguistic	_	ContainsVariation=No	_	Begin=1012.11	_	_	_	_
364-1	TO044	364	1	quindi	quindi	_	_	_	_	_	linguistic	_	ContainsVariation=No	_	_	_	_	_	_
364-2	TO044	364	2	in	in	_	_	_	_	_	linguistic	_	ContainsVariation=No	_	_	_	_	_	_
364-3	TO044	364	3	realtà	realtà	_	_	_	_	_	linguistic	_	ContainsVariation=No	_	_	_	_	_	_
364-4	TO044	364	4	no:	no	_	_	_	_	_	linguistic	_	ContainsVariation=No	_	_	1x1	_	_	_
364-5	TO044	364	5	nei	nei	_	_	_	_	_	linguistic	_	ContainsVariation=No	_	_	_	_	_	_
364-6	TO044	364	6	mercati	mercati	_	_	_	_	_	linguistic	_	ContainsVariation=No	_	_	_	_	_	_
364-7	TO044	364	7	hanno	hanno	_	_	_	_	_	linguistic	_	ContainsVariation=No	_	_	_	_	_	_
364-8	TO044	364	8	cose	cose	_	_	_	_	_	linguistic	_	ContainsVariation=No	_	_	_	_	_	_
364-9	TO044	364	9	anche	anche	_	_	_	_	_	linguistic	_	ContainsVariation=No	_	_	_	_	_	_
364-10	TO044	364	10	di	di	_	_	_	_	_	linguistic	_	ContainsVariation=No	_	_	_	_	_	_
364-11	TO044	364	11	qualità	qualità	_	_	_	_	_	linguistic	_	ContainsVariation=No	_	_	_	_	_	_
364-12	TO044	364	12	c'	c'	_	_	_	_	_	linguistic	_	ContainsVariation=No	SpaceAfter=No	_	_	_	_	_
364-13	TO044	364	13	era	era	_	_	_	_	_	linguistic	_	ContainsVariation=No	_	_	_	_	_	_
364-14	TO044	364	14	eataly.	eataly	_	_	_	_	_	linguistic	_	ContainsVariation=No	Intonation=Falling	End=1016.22	_	_	_	_
365-0	TO055	365	0	a[h].	ah	_	_	_	_	_	linguistic	_	ContainsVariation=No	Intonation=Falling	Begin=1016.921|End=1017.2	_	_	_	1-2(94)
366-0	TO044	366	0	[c]he	che	_	_	_	_	_	linguistic	_	ContainsVariation=No	_	Begin=1017.126	_	_	_	0-1(94)
366-1	TO044	366	1	costava	costava	_	_	_	_	_	linguistic	_	ContainsVariation=No	_	_	_	_	_	_
366-2	TO044	366	2	meno	meno	_	_	_	_	_	linguistic	_	ContainsVariation=No	_	_	_	_	_	_
366-3	TO044	366	3	di	di	_	_	_	_	_	linguistic	_	ContainsVariation=No	_	_	_	_	_	_
366-4	TO044	366	4	eataly	eataly	_	_	_	_	_	linguistic	_	ContainsVariation=No	_	_	_	_	_	_
366-5	TO044	366	5	qua.	qua	_	_	_	_	_	linguistic	_	ContainsVariation=No	Intonation=Falling	End=1018.686	_	_	_	_
367-0	TO044	367	0	ch[e	che	_	_	_	_	_	linguistic	_	ContainsVariation=No	_	Begin=1018.896	_	_	_	2-3(95)
367-1	TO044	367	1	xxx]	xxx	_	_	_	_	_	unknown	_	ContainsVariation=No	Syllables=3	_	_	_	_	0-3(95)
367-2	TO044	367	2	mh	mh	_	_	_	_	_	linguistic	_	ContainsVariation=No	_	_	_	_	_	_
367-3	TO044	367	3	quindi	quindi	_	_	_	_	_	linguistic	_	ContainsVariation=No	_	_	_	_	_	_
367-4	TO044	367	4	magari	magari	_	_	_	_	_	linguistic	_	ContainsVariation=No	_	_	_	_	_	_
367-5	TO044	367	5	facevamo	facevamo	_	_	_	_	_	linguistic	_	ContainsVariation=No	_	_	_	_	_	_
367-6	TO044	367	6	un	un	_	_	_	_	_	linguistic	_	ContainsVariation=No	_	_	_	_	_	_
367-7	TO044	367	7	po'	po'	_	_	_	_	_	linguistic	_	ContainsVariation=No	_	_	_	_	_	_
367-8	TO044	367	8	di	di	_	_	_	_	_	linguistic	_	ContainsVariation=No	_	_	_	_	_	_
367-9	TO044	367	9	spesa	spesa	_	_	_	_	_	linguistic	_	ContainsVariation=No	_	_	_	_	_	_
367-10	TO044	367	10	lì	lì	_	_	_	_	_	linguistic	_	ContainsVariation=No	_	_	_	_	_	_
367-11	TO044	367	11	di	di	_	_	_	_	_	linguistic	_	ContainsVariation=No	_	_	_	_	_	_
367-12	TO044	367	12	<pomodori>	pomodori	_	_	_	_	_	linguistic	_	ContainsVariation=No	_	_	_	Slow=0-8(0)	_	_
367-13	TO044	367	13	queste	queste	_	_	_	_	_	linguistic	_	ContainsVariation=No	_	_	_	_	_	_
367-14	TO044	367	14	cose	cose	_	_	_	_	_	linguistic	_	ContainsVariation=No	_	_	_	_	_	_
367-15	TO044	367	15	qua.	qua	_	_	_	_	_	linguistic	_	ContainsVariation=No	Intonation=Falling	End=1023.338	_	_	_	_
368-0	TO055	368	0	[davvero]?	davvero	_	_	_	_	_	linguistic	_	ContainsVariation=No	Intonation=Rising	Begin=1018.991|End=1019.708	_	_	_	0-7(95)
369-0	TO044	369	0	formaggio	formaggio	_	_	_	_	_	linguistic	_	ContainsVariation=No	_	Begin=1023.731	_	_	_	_
369-1	TO044	369	1	se	se	_	_	_	_	_	linguistic	_	ContainsVariation=No	_	_	_	_	_	_
369-2	TO044	369	2	avevo	avevo	_	_	_	_	_	linguistic	_	ContainsVariation=No	_	_	_	_	_	_
369-3	TO044	369	3	voglia	voglia	_	_	_	_	_	linguistic	_	ContainsVariation=No	_	_	_	_	_	_
369-4	TO044	369	4	di	di	_	_	_	_	_	linguistic	_	ContainsVariation=No	_	_	_	_	_	_
369-5	TO044	369	5	formaggio	formaggio	_	_	_	_	_	linguistic	_	ContainsVariation=No	_	_	_	_	_	_
369-6	TO044	369	6	c'	c'	_	_	_	_	_	linguistic	_	ContainsVariation=No	SpaceAfter=No	_	_	_	_	_
369-7	TO044	369	7	era	era	_	_	_	_	_	linguistic	_	ContainsVariation=No	_	_	_	_	_	_
369-8	TO044	369	8	il	il	_	_	_	_	_	linguistic	_	ContainsVariation=No	_	_	_	_	_	_
369-9	TO044	369	9	formaggio	formaggio	_	_	_	_	_	linguistic	_	ContainsVariation=No	_	_	_	_	_	_
369-10	TO044	369	10	magari::	magari	_	_	_	_	_	linguistic	_	ContainsVariation=No	_	_	5x2	_	_	_
369-11	TO044	369	11	più	più	_	_	_	_	_	linguistic	_	ContainsVariation=No	_	_	_	_	_	_
369-12	TO044	369	12	vicino	vicino	_	_	_	_	_	linguistic	_	ContainsVariation=No	_	_	_	_	_	_
369-13	TO044	369	13	a	a	_	_	_	_	_	linguistic	_	ContainsVariation=No	_	_	_	_	_	_
369-14	TO044	369	14	casa	casa	_	_	_	_	_	linguistic	_	ContainsVariation=No	_	_	_	_	_	_
369-15	TO044	369	15	[nost~],	nost~	_	_	_	_	_	linguistic	_	ContainsVariation=No	Intonation=WeaklyRising|Interrupted=Yes|PauseAfter=Yes	_	_	_	_	0-5(96)
369-16	TO044	369	16	(.)	(.)	_	_	_	_	_	shortpause	_	ContainsVariation=No	_	_	_	_	_	_
369-17	TO044	369	17	cioè	cioè	_	_	_	_	_	linguistic	_	ContainsVariation=No	_	_	_	_	_	_
369-18	TO044	369	18	in	in	_	_	_	_	_	linguistic	_	ContainsVariation=No	_	_	_	_	_	_
369-19	TO044	369	19	[realtà	realtà	_	_	_	_	_	linguistic	_	ContainsVariation=No	_	_	_	_	_	0-6(97)
369-20	TO044	369	20	no].	no	_	_	_	_	_	linguistic	_	ContainsVariation=No	Intonation=Falling	End=1029.586	_	_	_	0-2(97)
370-0	TO055	370	0	[sì].	sì	_	_	_	_	_	linguistic	_	ContainsVariation=No	Intonation=Falling	Begin=1027.887|End=1028.25	_	_	_	0-2(96)
371-0	TO055	371	0	[importa]t[o:::],	importato	_	_	_	_	_	linguistic	_	ContainsVariation=No	Intonation=WeaklyRising	Begin=1028.952|End=1030.661	8x3	_	_	0-7(97),8-9(98)
372-0	TO044	372	0	[quindi	quindi	_	_	_	_	_	linguistic	_	ContainsVariation=No	_	Begin=1030.18	_	_	_	0-6(98)
372-1	TO044	372	1	no]	no	_	_	_	_	_	linguistic	_	ContainsVariation=No	_	_	_	_	_	0-2(98)
372-2	TO044	372	2	non	non	_	_	_	_	_	linguistic	_	ContainsVariation=No	_	_	_	_	_	_
372-3	TO044	372	3	mi	mi	_	_	_	_	_	linguistic	_	ContainsVariation=No	_	_	_	_	_	_
372-4	TO044	372	4	è	è	_	_	_	_	_	linguistic	_	ContainsVariation=No	_	_	_	_	_	_
372-5	TO044	372	5	mancato	mancato	_	_	_	_	_	linguistic	_	ContainsVariation=No	_	_	_	_	_	_
372-6	TO044	372	6	proprio	proprio	_	_	_	_	_	linguistic	_	ContainsVariation=No	_	_	_	_	_	_
372-7	TO044	372	7	n[iente	niente	_	_	_	_	_	linguistic	_	ContainsVariation=No	_	_	_	_	_	1-6(99)
372-8	TO044	372	8	di	di	_	_	_	_	_	linguistic	_	ContainsVariation=No	_	_	_	_	_	0-2(99)
372-9	TO044	372	9	ni]ente.	niente	_	_	_	_	_	linguistic	_	ContainsVariation=No	Intonation=Falling	End=1033.183	_	_	_	0-2(99)
373-0	TO055	373	0	[niente].	niente	_	_	_	_	_	linguistic	_	ContainsVariation=No	Intonation=Falling	Begin=1032.251|End=1032.935	_	_	_	0-6(99)
374-0	TO055	374	0	anche	anche	_	_	_	_	_	linguistic	_	ContainsVariation=No	_	Begin=1033.183	_	_	_	_
374-1	TO055	374	1	perché	perché	_	_	_	_	_	linguistic	_	ContainsVariation=No	_	_	_	_	_	_
374-2	TO055	374	2	sei	sei	_	_	_	_	_	linguistic	_	ContainsVariation=No	_	_	_	_	_	_
374-3	TO055	374	3	stata	stata	_	_	_	_	_	linguistic	_	ContainsVariation=No	_	_	_	_	_	_
374-4	TO055	374	4	tre	tre	_	_	_	_	_	linguistic	_	ContainsVariation=No	_	_	_	_	_	_
374-5	TO055	374	5	mes~	mes~	_	_	_	_	_	linguistic	_	ContainsVariation=No	Interrupted=Yes	_	_	_	_	_
374-6	TO055	374	6	quattro	quattro	_	_	_	_	_	linguistic	_	ContainsVariation=No	_	_	_	_	_	_
374-7	TO055	374	7	mesi	mesi	_	_	_	_	_	linguistic	_	ContainsVariation=No	_	_	_	_	_	_
374-8	TO055	374	8	no?	no	_	_	_	_	_	linguistic	_	ContainsVariation=No	Intonation=Rising	End=1035.627	_	_	_	_
375-0	TO055	375	0	quindi:::,	quindi	_	_	_	_	_	linguistic	_	ContainsVariation=No	Intonation=WeaklyRising	Begin=1035.81|End=1036.92	5x3	_	_	_
376-0	TO044	376	0	m:h	mh	_	_	_	_	_	linguistic	_	ContainsVariation=No	_	Begin=1037.748	0x1	_	_	_
376-1	TO044	376	1	non	non	_	_	_	_	_	linguistic	_	ContainsVariation=No	_	_	_	_	_	_
376-2	TO044	376	2	è	è	_	_	_	_	_	linguistic	_	ContainsVariation=No	_	_	_	_	_	_
376-3	TO044	376	3	abbastanza	abbastanza	_	_	_	_	_	linguistic	_	ContainsVariation=No	_	_	_	_	_	_
376-4	TO044	376	4	perché	perché	_	_	_	_	_	linguistic	_	ContainsVariation=No	_	_	_	_	_	_
376-5	TO044	376	5	mi	mi	_	_	_	_	_	linguistic	_	ContainsVariation=No	_	_	_	_	_	_
376-6	TO044	376	6	manchi	manchi	_	_	_	_	_	linguistic	_	ContainsVariation=No	_	_	_	_	_	_
376-7	TO044	376	7	qua[lcosa].	qualcosa	_	_	_	_	_	linguistic	_	ContainsVariation=No	Intonation=Falling	End=1040.329	_	_	_	3-8(100)
377-0	TO055	377	0	[no	no	_	_	_	_	_	linguistic	_	ContainsVariation=No	_	Begin=1039.818	_	_	_	0-2(100)
377-1	TO055	377	1	es]atto.	esatto	_	_	_	_	_	linguistic	_	ContainsVariation=No	Intonation=Falling	End=1040.976	_	_	_	0-2(100)
378-0	TO044	378	0	e::h	eh	_	_	_	_	_	linguistic	_	ContainsVariation=No	ProsodicLink=Yes	Begin=1041.826	0x2	_	_	_
378-1	TO044	378	1	m:h	mh	_	_	_	_	_	linguistic	_	ContainsVariation=No	_	_	0x1	_	_	_
378-2	TO044	378	2	e	e	_	_	_	_	_	linguistic	_	ContainsVariation=No	_	_	_	_	_	_
378-3	TO044	378	3	invece	invece	_	_	_	_	_	linguistic	_	ContainsVariation=No	_	_	_	_	_	_
378-4	TO044	378	4	è	è	_	_	_	_	_	linguistic	_	ContainsVariation=No	_	_	_	_	_	_
378-5	TO044	378	5	stato	stato	_	_	_	_	_	linguistic	_	ContainsVariation=No	_	_	_	_	_	_
378-6	TO044	378	6	figo	figo	_	_	_	_	_	linguistic	_	ContainsVariation=No	_	_	_	_	_	_
378-7	TO044	378	7	la	la	_	_	_	_	_	linguistic	_	ContainsVariation=No	_	_	_	_	_	_
378-8	TO044	378	8	cosa	cosa	_	_	_	_	_	linguistic	_	ContainsVariation=No	_	_	_	_	_	_
378-9	TO044	378	9	che	che	_	_	_	_	_	linguistic	_	ContainsVariation=No	_	_	_	_	_	_
378-10	TO044	378	10	è	è	_	_	_	_	_	linguistic	_	ContainsVariation=No	_	_	_	_	_	_
378-11	TO044	378	11	stata	stata	_	_	_	_	_	linguistic	_	ContainsVariation=No	_	_	_	_	_	_
378-12	TO044	378	12	fig(o)	figo	_	_	_	_	_	linguistic	_	ContainsVariation=No	_	_	_	_	3-4(0)	_
378-13	TO044	378	13	è	è	_	_	_	_	_	linguistic	_	ContainsVariation=No	_	_	_	_	_	_
378-14	TO044	378	14	che	che	_	_	_	_	_	linguistic	_	ContainsVariation=No	_	_	_	_	_	_
378-15	TO044	378	15	ho	ho	_	_	_	_	_	linguistic	_	ContainsVariation=No	_	_	_	_	_	_
378-16	TO044	378	16	potuto	potuto	_	_	_	_	_	linguistic	_	ContainsVariation=No	_	_	_	_	_	_
378-17	TO044	378	17	mangiare	mangiare	_	_	_	_	_	linguistic	_	ContainsVariation=No	_	_	_	_	_	_
378-18	TO044	378	18	tantissime	tantissime	_	_	_	_	_	linguistic	_	ContainsVariation=No	_	_	_	_	_	_
378-19	TO044	378	19	cose	cose	_	_	_	_	_	linguistic	_	ContainsVariation=No	_	_	_	_	_	_
378-20	TO044	378	20	diverse	diverse	_	_	_	_	_	linguistic	_	ContainsVariation=No	_	_	_	_	_	_
378-21	TO044	378	21	che,	che	_	_	_	_	_	linguistic	_	ContainsVariation=No	Intonation=WeaklyRising	End=1047.826	_	_	_	_
379-0	TO044	379	0	poi	poi	_	_	_	_	_	linguistic	_	ContainsVariation=No	_	Begin=1048.194	_	_	_	_
379-1	TO044	379	1	in	in	_	_	_	_	_	linguistic	_	ContainsVariation=No	_	_	_	_	_	_
379-2	TO044	379	2	italia	italia	_	_	_	_	_	linguistic	_	ContainsVariation=No	PauseAfter=Yes	_	_	_	_	_
379-3	TO044	379	3	(.)	(.)	_	_	_	_	_	shortpause	_	ContainsVariation=No	_	_	_	_	_	_
379-4	TO044	379	4	ci	ci	_	_	_	_	_	linguistic	_	ContainsVariation=No	_	_	_	_	_	_
379-5	TO044	379	5	sono	sono	_	_	_	_	_	linguistic	_	ContainsVariation=No	_	_	_	_	_	_
379-6	TO044	379	6	ma	ma	_	_	_	_	_	linguistic	_	ContainsVariation=No	_	_	_	_	_	_
379-7	TO044	379	7	non	non	_	_	_	_	_	linguistic	_	ContainsVariation=No	_	_	_	_	_	_
379-8	TO044	379	8	sono	sono	_	_	_	_	_	linguistic	_	ContainsVariation=No	_	_	_	_	_	_
379-9	TO044	379	9	nella	nella	_	_	_	_	_	linguistic	_	ContainsVariation=No	_	_	_	_	_	_
379-10	TO044	379	10	versione	versione	_	_	_	_	_	linguistic	_	ContainsVariation=No	_	_	_	_	_	_
379-11	TO044	379	11	origin[ale	originale	_	_	_	_	_	linguistic	_	ContainsVariation=No	_	_	_	_	_	6-9(101)
379-12	TO044	379	12	perché	perché	_	_	_	_	_	linguistic	_	ContainsVariation=No	_	_	_	_	_	0-6(101)
379-13	TO044	379	13	n]oi	noi	_	_	_	_	_	linguistic	_	ContainsVariation=No	_	_	_	_	_	0-1(101)
379-14	TO044	379	14	non	non	_	_	_	_	_	linguistic	_	ContainsVariation=No	_	_	_	_	_	_
379-15	TO044	379	15	abbiam	abbiam	_	_	_	_	_	linguistic	_	ContainsVariation=No	_	_	_	_	_	_
379-16	TO044	379	16	sti	sti	_	_	_	_	_	linguistic	_	ContainsVariation=No	_	_	_	_	_	_
379-17	TO044	379	17	gusti	gusti	_	_	_	_	_	linguistic	_	ContainsVariation=No	_	_	_	_	_	_
379-18	TO044	379	18	secondo,	secondo	_	_	_	_	_	linguistic	_	ContainsVariation=No	Intonation=WeaklyRising	End=1053.921	_	_	_	_
380-0	TO055	380	0	[okay].	okay	_	_	_	_	_	linguistic	_	ContainsVariation=No	Intonation=Falling	Begin=1051.338|End=1051.838	_	_	_	0-4(101)
381-0	TO044	381	0	cioè,	cioè	_	_	_	_	_	linguistic	_	ContainsVariation=No	Intonation=WeaklyRising	Begin=1055.621|End=1055.937	_	_	_	_
382-0	TO044	382	0	mondialmente	mondialmente	_	_	_	_	_	linguistic	_	ContainsVariation=No	_	Begin=1056.156	_	_	_	_
382-1	TO044	382	1	non	non	_	_	_	_	_	linguistic	_	ContainsVariation=No	_	_	_	_	_	_
382-2	TO044	382	2	abbiamo:	abbiamo	_	_	_	_	_	linguistic	_	ContainsVariation=No	_	_	6x1	_	_	_
382-3	TO044	382	3	non	non	_	_	_	_	_	linguistic	_	ContainsVariation=No	_	_	_	_	_	_
382-4	TO044	382	4	siamo	siamo	_	_	_	_	_	linguistic	_	ContainsVariation=No	_	_	_	_	_	_
382-5	TO044	382	5	famosi	famosi	_	_	_	_	_	linguistic	_	ContainsVariation=No	_	_	_	_	_	_
382-6	TO044	382	6	tipo	tipo	_	_	_	_	_	linguistic	_	ContainsVariation=No	_	_	_	_	_	_
382-7	TO044	382	7	per	per	_	_	_	_	_	linguistic	_	ContainsVariation=No	_	_	_	_	_	_
382-8	TO044	382	8	mettere	mettere	_	_	_	_	_	linguistic	_	ContainsVariation=No	_	_	_	_	_	_
382-9	TO044	382	9	tante	tante	_	_	_	_	_	linguistic	_	ContainsVariation=No	_	_	_	_	_	_
382-10	TO044	382	10	spe[zie	spezie	_	_	_	_	_	linguistic	_	ContainsVariation=No	_	_	_	_	_	3-6(102)
382-11	TO044	382	11	e]	e	_	_	_	_	_	linguistic	_	ContainsVariation=No	_	_	_	_	_	0-1(102)
382-12	TO044	382	12	cose	cose	_	_	_	_	_	linguistic	_	ContainsVariation=No	_	_	_	_	_	_
382-13	TO044	382	13	così.	così	_	_	_	_	_	linguistic	_	ContainsVariation=No	Intonation=Falling	End=1060.669	_	_	_	_
383-0	TO055	383	0	[sì].	sì	_	_	_	_	_	linguistic	_	ContainsVariation=No	Intonation=Falling	Begin=1059.834|End=1060.173	_	_	_	0-2(102)
384-0	TO044	384	0	quindi	quindi	_	_	_	_	_	linguistic	_	ContainsVariation=No	_	Begin=1060.865	_	_	_	_
384-1	TO044	384	1	il	il	_	_	_	_	_	linguistic	_	ContainsVariation=No	_	_	_	_	_	_
384-2	TO044	384	2	cinese	cinese	_	_	_	_	_	linguistic	_	ContainsVariation=No	_	_	_	_	_	_
384-3	TO044	384	3	che	che	_	_	_	_	_	linguistic	_	ContainsVariation=No	_	_	_	_	_	_
384-4	TO044	384	4	abbiamo	abbiamo	_	_	_	_	_	linguistic	_	ContainsVariation=No	_	_	_	_	_	_
384-5	TO044	384	5	qua	qua	_	_	_	_	_	linguistic	_	ContainsVariation=No	_	_	_	_	_	_
384-6	TO044	384	6	tipo	tipo	_	_	_	_	_	linguistic	_	ContainsVariation=No	_	_	_	_	_	_
384-7	TO044	384	7	è	è	_	_	_	_	_	linguistic	_	ContainsVariation=No	_	_	_	_	_	_
384-8	TO044	384	8	un	un	_	_	_	_	_	linguistic	_	ContainsVariation=No	_	_	_	_	_	_
384-9	TO044	384	9	cinese	cinese	_	_	_	_	_	linguistic	_	ContainsVariation=No	_	_	_	_	_	_
384-10	TO044	384	10	finto	finto	_	_	_	_	_	linguistic	_	ContainsVariation=No	_	_	_	_	_	_
384-11	TO044	384	11	[ovviame]nte	ovviamente	_	_	_	_	_	linguistic	_	ContainsVariation=No	_	_	_	_	_	0-7(103)
384-12	TO044	384	12	<non	non	_	_	_	_	_	linguistic	_	ContainsVariation=No	_	_	_	Slow=0-3(0)	_	_
384-13	TO044	384	13	è	è	_	_	_	_	_	linguistic	_	ContainsVariation=No	_	_	_	Slow=0-1(0)	_	_
384-14	TO044	384	14	vero	vero	_	_	_	_	_	linguistic	_	ContainsVariation=No	_	_	_	Slow=0-4(0)	_	_
384-15	TO044	384	15	non	non	_	_	_	_	_	linguistic	_	ContainsVariation=No	_	_	_	Slow=0-3(0)	_	_
384-16	TO044	384	16	mangiano	mangiano	_	_	_	_	_	linguistic	_	ContainsVariation=No	_	_	_	Slow=0-8(0)	_	_
384-17	TO044	384	17	così>	così	_	_	_	_	_	linguistic	_	ContainsVariation=No	_	_	_	Slow=0-4(0)	_	_
384-18	TO044	384	18	ec[cetera	eccetera	_	_	_	_	_	linguistic	_	ContainsVariation=No	_	_	_	_	_	2-8(104)
384-19	TO044	384	19	e	e	_	_	_	_	_	linguistic	_	ContainsVariation=No	_	_	_	_	_	0-1(104)
384-20	TO044	384	20	invece],	invece	_	_	_	_	_	linguistic	_	ContainsVariation=No	Intonation=WeaklyRising	End=1066.834	_	_	_	0-6(104)
385-0	TO055	385	0	[sì].	sì	_	_	_	_	_	linguistic	_	ContainsVariation=No	Intonation=Falling	Begin=1063.149|End=1063.582	_	_	_	0-2(103)
386-0	TO055	386	0	[è	è	_	_	_	_	_	linguistic	_	ContainsVariation=No	_	Begin=1065.795	_	_	_	0-1(104)
386-1	TO055	386	1	vero	vero	_	_	_	_	_	linguistic	_	ContainsVariation=No	_	_	_	_	_	0-4(104)
386-2	TO055	386	2	tipo	tipo	_	_	_	_	_	linguistic	_	ContainsVariation=No	_	_	_	_	_	0-4(104)
386-3	TO055	386	3	il	il	_	_	_	_	_	linguistic	_	ContainsVariation=No	_	_	_	_	_	0-2(104)
386-4	TO055	386	4	riso	riso	_	_	_	_	_	linguistic	_	ContainsVariation=No	_	_	_	_	_	0-4(104)
386-5	TO055	386	5	alla]	alla	_	_	_	_	_	linguistic	_	ContainsVariation=No	_	_	_	_	_	0-4(104)
386-6	TO055	386	6	cantonese	cantonese	_	_	_	_	_	linguistic	_	ContainsVariation=No	_	_	_	_	_	_
386-7	TO055	386	7	non	non	_	_	_	_	_	linguistic	_	ContainsVariation=No	_	_	_	_	_	_
386-8	TO055	386	8	esiste	esiste	_	_	_	_	_	linguistic	_	ContainsVariation=No	_	_	_	_	_	_
386-9	TO055	386	9	in	in	_	_	_	_	_	linguistic	_	ContainsVariation=No	_	_	_	_	_	_
386-10	TO055	386	10	ci[na].	cina	_	_	_	_	_	linguistic	_	ContainsVariation=No	Intonation=Falling	End=1068.645	_	_	_	2-4(105)
387-0	TO044	387	0	[no]	no	_	_	_	_	_	linguistic	_	ContainsVariation=No	_	Begin=1068.503	_	_	_	0-2(105)
387-1	TO044	387	1	e	e	_	_	_	_	_	linguistic	_	ContainsVariation=No	_	_	_	_	_	_
387-2	TO044	387	2	non	non	_	_	_	_	_	linguistic	_	ContainsVariation=No	_	_	_	_	_	_
387-3	TO044	387	3	è	è	_	_	_	_	_	linguistic	_	ContainsVariation=No	_	_	_	_	_	_
387-4	TO044	387	4	così	così	_	_	_	_	_	linguistic	_	ContainsVariation=No	_	_	_	_	_	_
387-5	TO044	387	5	soprattutto.	soprattutto	_	_	_	_	_	linguistic	_	ContainsVariation=No	Intonation=Falling	End=1070.52	_	_	_	_
388-0	TO044	388	0	è	è	_	_	_	_	_	linguistic	_	ContainsVariation=No	_	Begin=1070.802	_	_	_	_
388-1	TO044	388	1	piccantissimo,	piccantissimo	_	_	_	_	_	linguistic	_	ContainsVariation=No	Intonation=WeaklyRising	End=1072.224	_	_	_	_
389-0	TO055	389	0	davvero?	davvero	_	_	_	_	_	linguistic	_	ContainsVariation=No	Intonation=Rising	Begin=1072.224|End=1072.902	_	_	_	_
390-0	TO044	390	0	con	con	_	_	_	_	_	linguistic	_	ContainsVariation=No	_	Begin=1073.259	_	_	_	_
390-1	TO044	390	1	un	un	_	_	_	_	_	linguistic	_	ContainsVariation=No	_	_	_	_	_	_
390-2	TO044	390	2	piccante	piccante	_	_	_	_	_	linguistic	_	ContainsVariation=No	_	_	_	_	_	_
390-3	TO044	390	3	chimico	chimico	_	_	_	_	_	linguistic	_	ContainsVariation=No	_	_	_	_	_	_
390-4	TO044	390	4	che	che	_	_	_	_	_	linguistic	_	ContainsVariation=No	_	_	_	_	_	_
390-5	TO044	390	5	mettono	mettono	_	_	_	_	_	linguistic	_	ContainsVariation=No	_	_	_	_	_	_
390-6	TO044	390	6	dentro	dentro	_	_	_	_	_	linguistic	_	ContainsVariation=No	_	_	_	_	_	_
390-7	TO044	390	7	>no	no	_	_	_	_	_	linguistic	_	ContainsVariation=No	_	_	_	Fast=0-2(0)	_	_
390-8	TO044	390	8	no	no	_	_	_	_	_	linguistic	_	ContainsVariation=No	_	_	_	Fast=0-2(0)	_	_
390-9	TO044	390	9	no<	no	_	_	_	_	_	linguistic	_	ContainsVariation=No	_	_	_	Fast=0-2(0)	_	_
390-10	TO044	390	10	non	non	_	_	_	_	_	linguistic	_	ContainsVariation=No	_	_	_	_	_	_
390-11	TO044	390	11	esiste	esiste	_	_	_	_	_	linguistic	_	ContainsVariation=No	_	_	_	_	_	_
390-12	TO044	390	12	questo	questo	_	_	_	_	_	linguistic	_	ContainsVariation=No	_	_	_	_	_	_
390-13	TO044	390	13	cinese	cinese	_	_	_	_	_	linguistic	_	ContainsVariation=No	_	_	_	_	_	_
390-14	TO044	390	14	non	non	_	_	_	_	_	linguistic	_	ContainsVariation=No	_	_	_	_	_	_
390-15	TO044	390	15	è	è	_	_	_	_	_	linguistic	_	ContainsVariation=No	_	_	_	_	_	_
390-16	TO044	390	16	cinese:	cinese	_	_	_	_	_	linguistic	_	ContainsVariation=No	_	_	5x1	_	_	_
390-17	TO044	390	17	è	è	_	_	_	_	_	linguistic	_	ContainsVariation=No	_	_	_	_	_	_
390-18	TO044	390	18	spazz~	spazz~	_	_	_	_	_	linguistic	_	ContainsVariation=No	Interrupted=Yes	_	_	_	_	_
390-19	TO044	390	19	praticamente	praticamente	_	_	_	_	_	linguistic	_	ContainsVariation=No	_	_	_	_	_	_
390-20	TO044	390	20	spazzatura.	spazzatura	_	_	_	_	_	linguistic	_	ContainsVariation=No	Intonation=Falling	End=1080.653	_	_	_	_
391-0	TO044	391	0	e	e	_	_	_	_	_	linguistic	_	ContainsVariation=No	_	Begin=1080.889	_	_	_	_
391-1	TO044	391	1	infatti	infatti	_	_	_	_	_	linguistic	_	ContainsVariation=No	_	_	_	_	_	_
391-2	TO044	391	2	lo	lo	_	_	_	_	_	linguistic	_	ContainsVariation=No	_	_	_	_	_	_
391-3	TO044	391	3	senti,	senti	_	_	_	_	_	linguistic	_	ContainsVariation=No	Intonation=WeaklyRising	End=1082.018	_	_	_	_
392-0	TO044	392	0	ma::	ma	_	_	_	_	_	linguistic	_	ContainsVariation=No	_	Begin=1083.119	1x2	_	_	_
392-1	TO044	392	1	per	per	_	_	_	_	_	linguistic	_	ContainsVariation=No	_	_	_	_	_	_
392-2	TO044	392	2	esempio::,	esempio	_	_	_	_	_	linguistic	_	ContainsVariation=No	Intonation=WeaklyRising	End=1085.11	6x2	_	_	_
393-0	TO044	393	0	tipo	tipo	_	_	_	_	_	linguistic	_	ContainsVariation=No	_	Begin=1085.137	_	_	_	_
393-1	TO044	393	1	non	non	_	_	_	_	_	linguistic	_	ContainsVariation=No	_	_	_	_	_	_
393-2	TO044	393	2	è	è	_	_	_	_	_	linguistic	_	ContainsVariation=No	_	_	_	_	_	_
393-3	TO044	393	3	vero	vero	_	_	_	_	_	linguistic	_	ContainsVariation=No	_	_	_	_	_	_
393-4	TO044	393	4	che	che	_	_	_	_	_	linguistic	_	ContainsVariation=No	_	_	_	_	_	_
393-5	TO044	393	5	ci	ci	_	_	_	_	_	linguistic	_	ContainsVariation=No	_	_	_	_	_	_
393-6	TO044	393	6	sono	sono	_	_	_	_	_	linguistic	_	ContainsVariation=No	_	_	_	_	_	_
393-7	TO044	393	7	solo	solo	_	_	_	_	_	linguistic	_	ContainsVariation=No	_	_	_	_	_	_
393-8	TO044	393	8	junk	junk	_	_	_	_	_	linguistic	_	ContainsVariation=No	_	_	_	_	_	_
393-9	TO044	393	9	food.	food	_	_	_	_	_	linguistic	_	ContainsVariation=No	Intonation=Falling	End=1087.554	_	_	_	_
394-0	TO055	394	0	okay.	okay	_	_	_	_	_	linguistic	_	ContainsVariation=No	Intonation=Falling	Begin=1087.613|End=1088.043	_	_	_	_
395-0	TO044	395	0	perché	perché	_	_	_	_	_	linguistic	_	ContainsVariation=No	_	Begin=1088.1	_	_	_	_
395-1	TO044	395	1	io	io	_	_	_	_	_	linguistic	_	ContainsVariation=No	PauseAfter=Yes	_	_	_	_	_
395-2	TO044	395	2	(.)	(.)	_	_	_	_	_	shortpause	_	ContainsVariation=No	_	_	_	_	_	_
395-3	TO044	395	3	ne	ne	_	_	_	_	_	linguistic	_	ContainsVariation=No	_	_	_	_	_	_
395-4	TO044	395	4	ho	ho	_	_	_	_	_	linguistic	_	ContainsVariation=No	_	_	_	_	_	_
395-5	TO044	395	5	ho	ho	_	_	_	_	_	linguistic	_	ContainsVariation=No	_	_	_	_	_	_
395-6	TO044	395	6	mangiato	mangiato	_	_	_	_	_	linguistic	_	ContainsVariation=No	_	_	_	_	_	_
395-7	TO044	395	7	ovviamente.	ovviamente	_	_	_	_	_	linguistic	_	ContainsVariation=No	Intonation=Falling	End=1090.724	_	_	_	_
396-0	TO044	396	0	ma	ma	_	_	_	_	_	linguistic	_	ContainsVariation=No	_	Begin=1091.008	_	_	_	_
396-1	TO044	396	1	non	non	_	_	_	_	_	linguistic	_	ContainsVariation=No	_	_	_	_	_	_
396-2	TO044	396	2	ne	ne	_	_	_	_	_	linguistic	_	ContainsVariation=No	_	_	_	_	_	_
396-3	TO044	396	3	ho	ho	_	_	_	_	_	linguistic	_	ContainsVariation=No	_	_	_	_	_	_
396-4	TO044	396	4	mangiato	mangiato	_	_	_	_	_	linguistic	_	ContainsVariation=No	_	_	_	_	_	_
396-5	TO044	396	5	tanto	tanto	_	_	_	_	_	linguistic	_	ContainsVariation=No	_	_	_	_	_	_
396-6	TO044	396	6	anche	anche	_	_	_	_	_	linguistic	_	ContainsVariation=No	_	_	_	_	_	_
396-7	TO044	396	7	perché	perché	_	_	_	_	_	linguistic	_	ContainsVariation=No	_	_	_	_	_	_
396-8	TO044	396	8	puoi	puoi	_	_	_	_	_	linguistic	_	ContainsVariation=No	_	_	_	_	_	_
396-9	TO044	396	9	andare	andare	_	_	_	_	_	linguistic	_	ContainsVariation=No	_	_	_	_	_	_
396-10	TO044	396	10	in	in	_	_	_	_	_	linguistic	_	ContainsVariation=No	_	_	_	_	_	_
396-11	TO044	396	11	posti	posti	_	_	_	_	_	linguistic	_	ContainsVariation=No	_	_	_	_	_	_
396-12	TO044	396	12	dove	dove	_	_	_	_	_	linguistic	_	ContainsVariation=No	_	_	_	_	_	_
396-13	TO044	396	13	gli	gli	_	_	_	_	_	linguistic	_	ContainsVariation=No	_	_	_	_	_	_
396-14	TO044	396	14	hamburger	hamburger	_	_	_	_	_	linguistic	_	ContainsVariation=No	_	_	_	_	_	_
396-15	TO044	396	15	non	non	_	_	_	_	_	linguistic	_	ContainsVariation=No	_	_	_	_	_	_
396-16	TO044	396	16	sono	sono	_	_	_	_	_	linguistic	_	ContainsVariation=No	_	_	_	_	_	_
396-17	TO044	396	17	junck	junck	_	_	_	_	_	linguistic	_	ContainsVariation=No	_	_	_	_	_	_
396-18	TO044	396	18	food.	food	_	_	_	_	_	linguistic	_	ContainsVariation=No	Intonation=Falling	End=1095.757	_	_	_	_
397-0	TO044	397	0	e	e	_	_	_	_	_	linguistic	_	ContainsVariation=No	_	Begin=1095.788	_	_	_	_
397-1	TO044	397	1	tipo::	tipo	_	_	_	_	_	linguistic	_	ContainsVariation=No	ProsodicLink=Yes	_	3x2	_	_	_
397-2	TO044	397	2	mh	mh	_	_	_	_	_	linguistic	_	ContainsVariation=No	_	_	_	_	_	_
397-3	TO044	397	3	ad	ad	_	_	_	_	_	linguistic	_	ContainsVariation=No	_	_	_	_	_	_
397-4	TO044	397	4	harvard	harvard	_	_	_	_	_	linguistic	_	ContainsVariation=No	_	_	_	_	_	_
397-5	TO044	397	5	c'	c'	_	_	_	_	_	linguistic	_	ContainsVariation=No	SpaceAfter=No	_	_	_	_	_
397-6	TO044	397	6	era:	era	_	_	_	_	_	linguistic	_	ContainsVariation=No	ProsodicLink=Yes	_	2x1	_	_	_
397-7	TO044	397	7	mh,	mh	_	_	_	_	_	linguistic	_	ContainsVariation=No	Intonation=WeaklyRising	End=1098.541	_	_	_	_
398-0	TO044	398	0	c'	c'	_	_	_	_	_	linguistic	_	ContainsVariation=No	SpaceAfter=No	Begin=1099.99	_	_	_	_
398-1	TO044	398	1	era	era	_	_	_	_	_	linguistic	_	ContainsVariation=No	_	_	_	_	_	_
398-2	TO044	398	2	u:n	un	_	_	_	_	_	linguistic	_	ContainsVariation=No	_	_	0x1	_	_	_
398-3	TO044	398	3	il	il	_	_	_	_	_	linguistic	_	ContainsVariation=No	_	_	_	_	_	_
398-4	TO044	398	4	l'	l'	_	_	_	_	_	linguistic	_	ContainsVariation=No	SpaceAfter=No	_	_	_	_	_
398-5	TO044	398	5	hamburger	hamburger	_	_	_	_	_	linguistic	_	ContainsVariation=No	_	_	_	_	_	_
398-6	TO044	398	6	più	più	_	_	_	_	_	linguistic	_	ContainsVariation=No	_	_	_	_	_	_
398-7	TO044	398	7	famoso	famoso	_	_	_	_	_	linguistic	_	ContainsVariation=No	_	_	_	_	_	_
398-8	TO044	398	8	di	di	_	_	_	_	_	linguistic	_	ContainsVariation=No	_	_	_	_	_	1-2(106)
398-9	TO044	398	9	[boston],	boston	_	_	_	_	_	linguistic	_	ContainsVariation=No	Intonation=WeaklyRising	End=1102.834	_	_	_	0-5(106)
399-0	TO055	399	0	[okay].	okay	_	_	_	_	_	linguistic	_	ContainsVariation=No	Intonation=Falling	Begin=1102.1|End=1102.779	_	_	_	0-4(106)
400-0	TO044	400	0	che:	che	_	_	_	_	_	linguistic	_	ContainsVariation=No	_	Begin=1103.072	2x1	_	_	_
400-1	TO044	400	1	era	era	_	_	_	_	_	linguistic	_	ContainsVariation=No	_	_	_	_	_	_
400-2	TO044	400	2	mr	mr	_	_	_	_	_	linguistic	_	ContainsVariation=No	_	_	_	_	_	_
400-3	TO044	400	3	bartley'	bartley'	_	_	_	_	_	linguistic	_	ContainsVariation=No	SpaceAfter=No	_	_	_	_	_
400-4	TO044	400	4	s,	s	_	_	_	_	_	linguistic	_	ContainsVariation=No	Intonation=WeaklyRising	End=1104.743	_	_	_	_
401-0	TO055	401	0	mhmh,	mhmh	_	_	_	_	_	linguistic	_	ContainsVariation=No	Intonation=WeaklyRising	Begin=1104.743|End=1105.127	_	_	_	_
402-0	TO044	402	0	era	era	_	_	_	_	_	linguistic	_	ContainsVariation=No	_	Begin=1105.127	_	_	_	_
402-1	TO044	402	1	fighissimo	fighissimo	_	_	_	_	_	linguistic	_	ContainsVariation=No	_	_	_	_	_	_
402-2	TO044	402	2	perché	perché	_	_	_	_	_	linguistic	_	ContainsVariation=No	_	_	_	_	_	_
402-3	TO044	402	3	era	era	_	_	_	_	_	linguistic	_	ContainsVariation=No	_	_	_	_	_	_
402-4	TO044	402	4	un	un	_	_	_	_	_	linguistic	_	ContainsVariation=No	_	_	_	_	_	_
402-5	TO044	402	5	locale	locale	_	_	_	_	_	linguistic	_	ContainsVariation=No	_	_	_	_	_	_
402-6	TO044	402	6	senza	senza	_	_	_	_	_	linguistic	_	ContainsVariation=No	_	_	_	_	_	_
402-7	TO044	402	7	cesso	cesso	_	_	_	_	_	linguistic	_	ContainsVariation=No	_	_	_	_	_	_
402-8	TO044	402	8	cioè	cioè	_	_	_	_	_	linguistic	_	ContainsVariation=No	_	_	_	_	_	_
402-9	TO044	402	9	((ride))	((ride))	_	_	_	_	_	nonverbalbehavior	_	ContainsVariation=No	_	_	_	_	_	_
402-10	TO044	402	10	senza	senza	_	_	_	_	_	linguistic	_	ContainsVariation=No	_	_	_	_	_	_
402-11	TO044	402	11	bagno.	bagno	_	_	_	_	_	linguistic	_	ContainsVariation=No	Intonation=Falling	End=1109.44	_	_	_	_
403-0	TO055	403	0	((ride))	((ride))	_	_	_	_	_	nonverbalbehavior	_	ContainsVariation=No	_	Begin=1110.409|End=1111.659	_	_	_	_
404-0	TO044	404	0	((ride))	((ride))	_	_	_	_	_	nonverbalbehavior	_	ContainsVariation=No	_	Begin=1110.409|End=1111.659	_	_	_	_
405-0	TO044	405	0	e	e	_	_	_	_	_	linguistic	_	ContainsVariation=No	_	Begin=1113.954	_	_	_	_
405-1	TO044	405	1	tu	tu	_	_	_	_	_	linguistic	_	ContainsVariation=No	_	_	_	_	_	_
405-2	TO044	405	2	quindi	quindi	_	_	_	_	_	linguistic	_	ContainsVariation=No	_	_	_	_	_	_
405-3	TO044	405	3	dovevi	dovevi	_	_	_	_	_	linguistic	_	ContainsVariation=No	_	_	_	_	_	_
405-4	TO044	405	4	andare	andare	_	_	_	_	_	linguistic	_	ContainsVariation=No	_	_	_	_	_	_
405-5	TO044	405	5	((ride))	((ride))	_	_	_	_	_	nonverbalbehavior	_	ContainsVariation=No	_	End=1116.311	_	_	_	_
406-0	TO044	406	0	e	e	_	_	_	_	_	linguistic	_	ContainsVariation=No	_	Begin=1116.586	_	_	_	_
406-1	TO044	406	1	dov~	dov~	_	_	_	_	_	linguistic	_	ContainsVariation=No	Interrupted=Yes	_	_	_	_	_
406-2	TO044	406	2	e	e	_	_	_	_	_	linguistic	_	ContainsVariation=No	_	_	_	_	_	_
406-3	TO044	406	3	se	se	_	_	_	_	_	linguistic	_	ContainsVariation=No	_	_	_	_	_	_
406-4	TO044	406	4	tu	tu	_	_	_	_	_	linguistic	_	ContainsVariation=No	_	_	_	_	_	_
406-5	TO044	406	5	chidevi	chidevi	_	_	_	_	_	linguistic	_	ContainsVariation=No	_	_	_	_	_	_
406-6	TO044	406	6	del	del	_	_	_	_	_	linguistic	_	ContainsVariation=No	_	_	_	_	_	_
406-7	TO044	406	7	bagno	bagno	_	_	_	_	_	linguistic	_	ContainsVariation=No	_	_	_	_	_	_
406-8	TO044	406	8	ti	ti	_	_	_	_	_	linguistic	_	ContainsVariation=No	_	_	_	_	_	_
406-9	TO044	406	9	dicevano	dicevano	_	_	_	_	_	linguistic	_	ContainsVariation=No	_	_	_	_	_	_
406-10	TO044	406	10	di	di	_	_	_	_	_	linguistic	_	ContainsVariation=No	_	_	_	_	_	_
406-11	TO044	406	11	andare	andare	_	_	_	_	_	linguistic	_	ContainsVariation=No	_	_	_	_	_	_
406-12	TO044	406	12	[nella	nella	_	_	_	_	_	linguistic	_	ContainsVariation=No	_	_	_	_	_	0-5(108)
406-13	TO044	406	13	porta]	porta	_	_	_	_	_	linguistic	_	ContainsVariation=No	_	_	_	_	_	0-5(108)
406-14	TO044	406	14	di	di	_	_	_	_	_	linguistic	_	ContainsVariation=No	_	_	_	_	_	_
406-15	TO044	406	15	fianco	fianco	_	_	_	_	_	linguistic	_	ContainsVariation=No	_	_	_	_	_	_
406-16	TO044	406	16	de	de	_	_	_	_	_	linguistic	_	ContainsVariation=No	_	_	_	_	_	_
406-17	TO044	406	17	da	da	_	_	_	_	_	linguistic	_	ContainsVariation=No	_	_	_	_	_	_
406-18	TO044	406	18	altre	altre	_	_	_	_	_	linguistic	_	ContainsVariation=No	_	_	_	_	_	_
406-19	TO044	406	19	persone	persone	_	_	_	_	_	linguistic	_	ContainsVariation=No	_	_	_	_	_	_
406-20	TO044	406	20	sì	sì	_	_	_	_	_	linguistic	_	ContainsVariation=No	_	_	_	_	_	_
406-21	TO044	406	21	sì.	sì	_	_	_	_	_	linguistic	_	ContainsVariation=No	Intonation=Falling	End=1122.266	_	_	_	_
407-0	TO055	407	0	[okay].	okay	_	_	_	_	_	linguistic	_	ContainsVariation=No	Intonation=Falling	Begin=1118.99|End=1119.613	_	_	_	0-4(108)
408-0	TO055	408	0	davvero?	davvero	_	_	_	_	_	linguistic	_	ContainsVariation=No	Intonation=Rising	Begin=1122.339	_	_	_	_
408-1	TO055	408	1	ma	ma	_	_	_	_	_	linguistic	_	ContainsVariation=No	_	_	_	_	_	_
408-2	TO055	408	2	potevi	potevi	_	_	_	_	_	linguistic	_	ContainsVariation=No	_	_	_	_	_	_
408-3	TO055	408	3	farlo	farlo	_	_	_	_	_	linguistic	_	ContainsVariation=No	_	_	_	_	_	_
408-4	TO055	408	4	ci[oè	cioè	_	_	_	_	_	linguistic	_	ContainsVariation=No	_	_	_	_	_	2-4(109)
408-5	TO055	408	5	mh]	mh	_	_	_	_	_	linguistic	_	ContainsVariation=No	_	_	_	_	_	0-2(109)
408-6	TO055	408	6	e	e	_	_	_	_	_	linguistic	_	ContainsVariation=No	_	_	_	_	_	_
408-7	TO055	408	7	in[fatti].	infatti	_	_	_	_	_	linguistic	_	ContainsVariation=No	Intonation=Falling	End=1125.513	_	_	_	2-7(110)
409-0	TO044	409	0	[no].	no	_	_	_	_	_	linguistic	_	ContainsVariation=No	Intonation=Falling	Begin=1124.073|End=1124.522	_	_	_	0-2(109)
410-0	TO044	410	0	[però	però	_	_	_	_	_	linguistic	_	ContainsVariation=No	_	Begin=1124.853	_	_	_	0-4(110)
410-1	TO044	410	1	lo	lo	_	_	_	_	_	linguistic	_	ContainsVariation=No	_	_	_	_	_	0-2(110)
410-2	TO044	410	2	fa]i.	fai	_	_	_	_	_	linguistic	_	ContainsVariation=No	Intonation=Falling	End=1125.752	_	_	_	0-2(110)
411-0	TO044	411	0	e::h	eh	_	_	_	_	_	linguistic	_	ContainsVariation=No	ProsodicLink=Yes	Begin=1125.834	0x2	_	_	_
411-1	TO044	411	1	mh	mh	_	_	_	_	_	linguistic	_	ContainsVariation=No	_	_	_	_	_	_
411-2	TO044	411	2	e	e	_	_	_	_	_	linguistic	_	ContainsVariation=No	_	_	_	_	_	_
411-3	TO044	411	3	c'	c'	_	_	_	_	_	linguistic	_	ContainsVariation=No	SpaceAfter=No	_	_	_	_	_
411-4	TO044	411	4	e:rano:	erano	_	_	_	_	_	linguistic	_	ContainsVariation=No	_	_	0x1,4x1	_	_	_
411-5	TO044	411	5	erano	erano	_	_	_	_	_	linguistic	_	ContainsVariation=No	_	_	_	_	_	_
411-6	TO044	411	6	andati	andati	_	_	_	_	_	linguistic	_	ContainsVariation=No	_	_	_	_	_	_
411-7	TO044	411	7	tantissimi	tantissimi	_	_	_	_	_	linguistic	_	ContainsVariation=No	_	_	_	_	_	_
411-8	TO044	411	8	personaggi	personaggi	_	_	_	_	_	linguistic	_	ContainsVariation=No	_	_	_	_	_	_
411-9	TO044	411	9	f[amosi	famosi	_	_	_	_	_	linguistic	_	ContainsVariation=No	_	_	_	_	_	0-6(111)
411-10	TO044	411	10	a]	a	_	_	_	_	_	linguistic	_	ContainsVariation=No	_	_	_	_	_	0-1(111)
411-11	TO044	411	11	mangiare	mangiare	_	_	_	_	_	linguistic	_	ContainsVariation=No	_	_	_	_	_	_
411-12	TO044	411	12	e	e	_	_	_	_	_	linguistic	_	ContainsVariation=No	_	_	_	_	_	_
411-13	TO044	411	13	così,	così	_	_	_	_	_	linguistic	_	ContainsVariation=No	Intonation=WeaklyRising	End=1130.944	_	_	_	_
412-0	TO055	412	0	[mhmh],	mhmh	_	_	_	_	_	linguistic	_	ContainsVariation=No	Intonation=WeaklyRising	Begin=1129.788|End=1130.293	_	_	_	0-4(111)
413-0	TO044	413	0	e:	e	_	_	_	_	_	linguistic	_	ContainsVariation=No	_	Begin=1131.229	0x1	_	_	_
413-1	TO044	413	1	era	era	_	_	_	_	_	linguistic	_	ContainsVariation=No	_	_	_	_	_	_
413-2	TO044	413	2	figo	figo	_	_	_	_	_	linguistic	_	ContainsVariation=No	_	_	_	_	_	_
413-3	TO044	413	3	perché	perché	_	_	_	_	_	linguistic	_	ContainsVariation=No	_	_	_	_	_	_
413-4	TO044	413	4	avevano	avevano	_	_	_	_	_	linguistic	_	ContainsVariation=No	_	_	_	_	_	_
413-5	TO044	413	5	degli	degli	_	_	_	_	_	linguistic	_	ContainsVariation=No	_	_	_	_	_	_
413-6	TO044	413	6	hamburger	hamburger	_	_	_	_	_	linguistic	_	ContainsVariation=No	_	_	_	_	_	_
413-7	TO044	413	7	tutti	tutti	_	_	_	_	_	linguistic	_	ContainsVariation=No	_	_	_	_	_	_
413-8	TO044	413	8	particolari	particolari	_	_	_	_	_	linguistic	_	ContainsVariation=No	_	_	_	_	_	_
413-9	TO044	413	9	che	che	_	_	_	_	_	linguistic	_	ContainsVariation=No	_	_	_	_	_	_
413-10	TO044	413	10	costavano	costavano	_	_	_	_	_	linguistic	_	ContainsVariation=No	_	_	_	_	_	_
413-11	TO044	413	11	comunque	comunque	_	_	_	_	_	linguistic	_	ContainsVariation=No	_	_	_	_	_	_
413-12	TO044	413	12	poco	poco	_	_	_	_	_	linguistic	_	ContainsVariation=No	_	_	_	_	_	_
413-13	TO044	413	13	per	per	_	_	_	_	_	linguistic	_	ContainsVariation=No	_	_	_	_	_	_
413-14	TO044	413	14	essere	essere	_	_	_	_	_	linguistic	_	ContainsVariation=No	PauseAfter=Yes	_	_	_	_	_
413-15	TO044	413	15	(.)	(.)	_	_	_	_	_	shortpause	_	ContainsVariation=No	_	_	_	_	_	_
413-16	TO044	413	16	così	così	_	_	_	_	_	linguistic	_	ContainsVariation=No	_	_	_	_	_	_
413-17	TO044	413	17	[buoni].	buoni	_	_	_	_	_	linguistic	_	ContainsVariation=No	Intonation=Falling	End=1136.953	_	_	_	0-5(112)
414-0	TO055	414	0	[oka]y.	okay	_	_	_	_	_	linguistic	_	ContainsVariation=No	Intonation=Falling	Begin=1136.578|End=1137.119	_	_	_	0-3(112)
415-0	TO044	415	0	e:::h	eh	_	_	_	_	_	linguistic	_	ContainsVariation=No	_	Begin=1138.376	0x3	_	_	_
415-1	TO044	415	1	e	e	_	_	_	_	_	linguistic	_	ContainsVariation=No	_	_	_	_	_	_
415-2	TO044	415	2	quindi	quindi	_	_	_	_	_	linguistic	_	ContainsVariation=No	_	_	_	_	_	_
415-3	TO044	415	3	sì	sì	_	_	_	_	_	linguistic	_	ContainsVariation=No	_	_	_	_	_	_
415-4	TO044	415	4	è	è	_	_	_	_	_	linguistic	_	ContainsVariation=No	_	_	_	_	_	_
415-5	TO044	415	5	un	un	_	_	_	_	_	linguistic	_	ContainsVariation=No	_	_	_	_	_	_
415-6	TO044	415	6	hamburger,	hamburger	_	_	_	_	_	linguistic	_	ContainsVariation=No	Intonation=WeaklyRising	End=1141.293	_	_	_	_
416-0	TO044	416	0	però	però	_	_	_	_	_	linguistic	_	ContainsVariation=No	_	Begin=1141.448	_	_	_	_
416-1	TO044	416	1	non	non	_	_	_	_	_	linguistic	_	ContainsVariation=No	_	_	_	_	_	_
416-2	TO044	416	2	era	era	_	_	_	_	_	linguistic	_	ContainsVariation=No	_	_	_	_	_	_
416-3	TO044	416	3	cibo	cibo	_	_	_	_	_	linguistic	_	ContainsVariation=No	_	_	_	_	_	_
416-4	TO044	416	4	spazzatura	spazzatura	_	_	_	_	_	linguistic	_	ContainsVariation=No	_	_	_	_	_	_
416-5	TO044	416	5	n[on	non	_	_	_	_	_	linguistic	_	ContainsVariation=No	_	_	_	_	_	1-3(113)
416-6	TO044	416	6	so	so	_	_	_	_	_	linguistic	_	ContainsVariation=No	_	_	_	_	_	0-2(113)
416-7	TO044	416	7	co]me	come	_	_	_	_	_	linguistic	_	ContainsVariation=No	_	_	_	_	_	0-2(113)
416-8	TO044	416	8	dire	dire	_	_	_	_	_	linguistic	_	ContainsVariation=No	_	_	_	_	_	_
416-9	TO044	416	9	era	era	_	_	_	_	_	linguistic	_	ContainsVariation=No	_	_	_	_	_	_
416-10	TO044	416	10	fatto	fatto	_	_	_	_	_	linguistic	_	ContainsVariation=No	_	_	_	_	_	_
416-11	TO044	416	11	bene	bene	_	_	_	_	_	linguistic	_	ContainsVariation=No	_	_	_	_	_	_
416-12	TO044	416	12	era	era	_	_	_	_	_	linguistic	_	ContainsVariation=No	_	_	_	_	_	_
416-13	TO044	416	13	gustoso	gustoso	_	_	_	_	_	linguistic	_	ContainsVariation=No	_	_	_	_	_	_
416-14	TO044	416	14	non	non	_	_	_	_	_	linguistic	_	ContainsVariation=No	_	_	_	_	_	_
416-15	TO044	416	15	era,	era	_	_	_	_	_	linguistic	_	ContainsVariation=No	Intonation=WeaklyRising	End=1145.972	_	_	_	_
417-0	TO055	417	0	[okay].	okay	_	_	_	_	_	linguistic	_	ContainsVariation=No	Intonation=Falling	Begin=1143.091|End=1143.595	_	_	_	0-4(113)
418-0	TO044	418	0	era	era	_	_	_	_	_	linguistic	_	ContainsVariation=No	_	Begin=1146.201	_	_	_	_
418-1	TO044	418	1	grasso	grasso	_	_	_	_	_	linguistic	_	ContainsVariation=No	_	_	_	_	_	_
418-2	TO044	418	2	ma	ma	_	_	_	_	_	linguistic	_	ContainsVariation=No	_	_	_	_	_	_
418-3	TO044	418	3	perché	perché	_	_	_	_	_	linguistic	_	ContainsVariation=No	_	_	_	_	_	_
418-4	TO044	418	4	un	un	_	_	_	_	_	linguistic	_	ContainsVariation=No	_	_	_	_	_	_
418-5	TO044	418	5	hamburger	hamburger	_	_	_	_	_	linguistic	_	ContainsVariation=No	_	_	_	_	_	_
418-6	TO044	418	6	di	di	_	_	_	_	_	linguistic	_	ContainsVariation=No	_	_	_	_	_	_
418-7	TO044	418	7	fatto	fatto	_	_	_	_	_	linguistic	_	ContainsVariation=No	_	_	_	_	_	_
418-8	TO044	418	8	è	è	_	_	_	_	_	linguistic	_	ContainsVariation=No	_	_	_	_	_	_
418-9	TO044	418	9	grasso	grasso	_	_	_	_	_	linguistic	_	ContainsVariation=No	_	_	_	_	_	_
418-10	TO044	418	10	>come	come	_	_	_	_	_	linguistic	_	ContainsVariation=No	_	_	_	Fast=0-4(0)	_	_
418-11	TO044	418	11	una	una	_	_	_	_	_	linguistic	_	ContainsVariation=No	_	_	_	Fast=0-3(0)	_	_
418-12	TO044	418	12	pizza	pizza	_	_	_	_	_	linguistic	_	ContainsVariation=No	_	_	_	Fast=0-5(0)	_	_
418-13	TO044	418	13	è	è	_	_	_	_	_	linguistic	_	ContainsVariation=No	_	_	_	Fast=0-1(0)	_	_
418-14	TO044	418	14	grassa	grassa	_	_	_	_	_	linguistic	_	ContainsVariation=No	_	_	_	Fast=0-6(0)	_	_
418-15	TO044	418	15	anche	anche	_	_	_	_	_	linguistic	_	ContainsVariation=No	_	_	_	Fast=0-5(0)	_	_
418-16	TO044	418	16	se	se	_	_	_	_	_	linguistic	_	ContainsVariation=No	_	_	_	Fast=0-2(0)	_	_
418-17	TO044	418	17	è	è	_	_	_	_	_	linguistic	_	ContainsVariation=No	_	_	_	Fast=0-1(0)	_	_
418-18	TO044	418	18	di	di	_	_	_	_	_	linguistic	_	ContainsVariation=No	_	_	_	Fast=0-2(0)	_	_
418-19	TO044	418	19	buona	buona	_	_	_	_	_	linguistic	_	ContainsVariation=No	_	_	_	Fast=0-5(0)	_	_
418-20	TO044	418	20	qualità<.	qualità	_	_	_	_	_	linguistic	_	ContainsVariation=No	Intonation=Falling	End=1151.103	_	Fast=0-7(0)	_	_
419-0	TO044	419	0	e::h	eh	_	_	_	_	_	linguistic	_	ContainsVariation=No	ProsodicLink=Yes	Begin=1151.806	0x2	_	_	_
419-1	TO044	419	1	mh,	mh	_	_	_	_	_	linguistic	_	ContainsVariation=No	Intonation=WeaklyRising	End=1152.791	_	_	_	_
420-0	TO044	420	0	poi	poi	_	_	_	_	_	linguistic	_	ContainsVariation=No	_	Begin=1153.164	_	_	_	_
420-1	TO044	420	1	ho	ho	_	_	_	_	_	linguistic	_	ContainsVariation=No	_	_	_	_	_	_
420-2	TO044	420	2	assaggiato	assaggiato	_	_	_	_	_	linguistic	_	ContainsVariation=No	_	_	_	_	_	_
420-3	TO044	420	3	la	la	_	_	_	_	_	linguistic	_	ContainsVariation=No	_	_	_	_	_	_
420-4	TO044	420	4	pizza,	pizza	_	_	_	_	_	linguistic	_	ContainsVariation=No	Intonation=WeaklyRising	End=1154.513	_	_	_	_
421-0	TO055	421	0	okay.	okay	_	_	_	_	_	linguistic	_	ContainsVariation=No	Intonation=Falling	Begin=1154.513|End=1155.137	_	_	_	_
422-0	TO055	422	0	la	la	_	_	_	_	_	linguistic	_	ContainsVariation=No	_	Begin=1155.165	_	_	_	_
422-1	TO055	422	1	pizza	pizza	_	_	_	_	_	linguistic	_	ContainsVariation=No	_	_	_	_	_	_
422-2	TO055	422	2	che	che	_	_	_	_	_	linguistic	_	ContainsVariation=No	_	_	_	_	_	_
422-3	TO055	422	3	la	la	_	_	_	_	_	linguistic	_	ContainsVariation=No	_	_	_	_	_	_
422-4	TO055	422	4	fa~	fa~	_	_	_	_	_	linguistic	_	ContainsVariation=No	Interrupted=Yes	_	_	_	_	_
422-5	TO055	422	5	che	che	_	_	_	_	_	linguistic	_	ContainsVariation=No	_	_	_	_	_	_
422-6	TO055	422	6	fanno	fanno	_	_	_	_	_	linguistic	_	ContainsVariation=No	_	_	_	_	_	_
422-7	TO055	422	7	in	in	_	_	_	_	_	linguistic	_	ContainsVariation=No	_	_	_	_	_	_
422-8	TO055	422	8	a[merica]	america	_	_	_	_	_	linguistic	_	ContainsVariation=No	_	_	_	_	_	1-7(114)
422-9	TO055	422	9	((ride))	((ride))	_	_	_	_	_	nonverbalbehavior	_	ContainsVariation=No	_	End=1157.837	_	_	_	_
423-0	TO044	423	0	[però:	però	_	_	_	_	_	linguistic	_	ContainsVariation=No	_	Begin=1156.889	3x1	_	_	0-4(114)
423-1	TO044	423	1	è	è	_	_	_	_	_	linguistic	_	ContainsVariation=No	_	_	_	_	_	0-1(114)
423-2	TO044	423	2	buon~]	buon~	_	_	_	_	_	linguistic	_	ContainsVariation=No	Interrupted=Yes	_	_	_	_	0-5(114)
423-3	TO044	423	3	cioè	cioè	_	_	_	_	_	linguistic	_	ContainsVariation=No	_	_	_	_	_	_
423-4	TO044	423	4	nonostante	nonostante	_	_	_	_	_	linguistic	_	ContainsVariation=No	_	_	_	_	_	_
423-5	TO044	423	5	sia	sia	_	_	_	_	_	linguistic	_	ContainsVariation=No	_	_	_	_	_	_
423-6	TO044	423	6	non	non	_	_	_	_	_	linguistic	_	ContainsVariation=No	_	_	_	_	_	_
423-7	TO044	423	7	sia	sia	_	_	_	_	_	linguistic	_	ContainsVariation=No	_	_	_	_	_	_
423-8	TO044	423	8	pizza	pizza	_	_	_	_	_	linguistic	_	ContainsVariation=No	_	_	_	_	_	_
423-9	TO044	423	9	è	è	_	_	_	_	_	linguistic	_	ContainsVariation=No	_	_	_	_	_	_
423-10	TO044	423	10	buona.	buona	_	_	_	_	_	linguistic	_	ContainsVariation=No	Intonation=Falling	End=1160.495	_	_	_	_
424-0	TO055	424	0	non	non	_	_	_	_	_	linguistic	_	ContainsVariation=No	_	Begin=1160.486	_	_	_	_
424-1	TO055	424	1	quella	quella	_	_	_	_	_	linguistic	_	ContainsVariation=No	_	_	_	_	_	_
424-2	TO055	424	2	con	con	_	_	_	_	_	linguistic	_	ContainsVariation=No	_	_	_	_	_	_
424-3	TO055	424	3	l'	l'	_	_	_	_	_	linguistic	_	ContainsVariation=No	SpaceAfter=No	_	_	_	_	_
424-4	TO055	424	4	ananas	ananas	_	_	_	_	_	linguistic	_	ContainsVariation=No	_	_	_	_	_	_
424-5	TO055	424	5	sopr[a]?	sopra	_	_	_	_	_	linguistic	_	ContainsVariation=No	Intonation=Rising	End=1162.053	_	_	_	3-5(116)
425-0	TO044	425	0	[s]ì.	sì	_	_	_	_	_	linguistic	_	ContainsVariation=No	Intonation=Falling	Begin=1161.98|End=1162.293	_	_	_	0-1(116)
426-0	TO044	426	0	ho	ho	_	_	_	_	_	linguistic	_	ContainsVariation=No	_	Begin=1162.54	_	_	_	_
426-1	TO044	426	1	assagg~	assagg~	_	_	_	_	_	linguistic	_	ContainsVariation=No	Interrupted=Yes	_	_	_	_	_
426-2	TO044	426	2	praticamente	praticamente	_	_	_	_	_	linguistic	_	ContainsVariation=No	_	_	_	_	_	_
426-3	TO044	426	3	ti	ti	_	_	_	_	_	linguistic	_	ContainsVariation=No	_	_	_	_	_	_
426-4	TO044	426	4	fanno,	fanno	_	_	_	_	_	linguistic	_	ContainsVariation=No	Intonation=WeaklyRising	End=1164.321	_	_	_	_
427-0	TO044	427	0	tu	tu	_	_	_	_	_	linguistic	_	ContainsVariation=No	_	Begin=1164.504	_	_	_	_
427-1	TO044	427	1	ordini	ordini	_	_	_	_	_	linguistic	_	ContainsVariation=No	_	_	_	_	_	_
427-2	TO044	427	2	e	e	_	_	_	_	_	linguistic	_	ContainsVariation=No	_	_	_	_	_	_
427-3	TO044	427	3	costa	costa	_	_	_	_	_	linguistic	_	ContainsVariation=No	_	_	_	_	_	_
427-4	TO044	427	4	magari	magari	_	_	_	_	_	linguistic	_	ContainsVariation=No	_	_	_	_	_	_
427-5	TO044	427	5	venti	venti	_	_	_	_	_	linguistic	_	ContainsVariation=No	_	_	_	_	_	_
427-6	TO044	427	6	dolla[ri	dollari	_	_	_	_	_	linguistic	_	ContainsVariation=No	_	_	_	_	_	5-7(117)
427-7	TO044	427	7	per	per	_	_	_	_	_	linguistic	_	ContainsVariation=No	_	_	_	_	_	0-3(117)
427-8	TO044	427	8	una]	una	_	_	_	_	_	linguistic	_	ContainsVariation=No	_	_	_	_	_	0-3(117)
427-9	TO044	427	9	pizza	pizza	_	_	_	_	_	linguistic	_	ContainsVariation=No	PauseAfter=Yes	_	_	_	_	_
427-10	TO044	427	10	(.)	(.)	_	_	_	_	_	shortpause	_	ContainsVariation=No	_	_	_	_	_	_
427-11	TO044	427	11	grossa	grossa	_	_	_	_	_	linguistic	_	ContainsVariation=No	_	_	_	_	_	_
427-12	TO044	427	12	co[sì],	così	_	_	_	_	_	linguistic	_	ContainsVariation=No	Intonation=WeaklyRising	End=1168.642	_	_	_	2-4(118)
428-0	TO055	428	0	[okay].	okay	_	_	_	_	_	linguistic	_	ContainsVariation=No	Intonation=Falling	Begin=1166.541|End=1166.954	_	_	_	0-4(117)
429-0	TO055	429	0	[ok]ay.	okay	_	_	_	_	_	linguistic	_	ContainsVariation=No	Intonation=Falling	Begin=1168.393|End=1168.953	_	_	_	0-2(118)
430-0	TO044	430	0	e::h	eh	_	_	_	_	_	linguistic	_	ContainsVariation=No	_	Begin=1169.816	0x2	_	_	_
430-1	TO044	430	1	puoi	puoi	_	_	_	_	_	linguistic	_	ContainsVariation=No	_	_	_	_	_	_
430-2	TO044	430	2	scegliere	scegliere	_	_	_	_	_	linguistic	_	ContainsVariation=No	_	_	_	_	_	_
430-3	TO044	430	3	con	con	_	_	_	_	_	linguistic	_	ContainsVariation=No	_	_	_	_	_	_
430-4	TO044	430	4	cosa	cosa	_	_	_	_	_	linguistic	_	ContainsVariation=No	_	_	_	_	_	_
430-5	TO044	430	5	>ovviamente	ovviamente	_	_	_	_	_	linguistic	_	ContainsVariation=No	_	_	_	Fast=0-10(0)	_	_
430-6	TO044	430	6	te	te	_	_	_	_	_	linguistic	_	ContainsVariation=No	_	_	_	Fast=0-2(0)	_	_
430-7	TO044	430	7	la	la	_	_	_	_	_	linguistic	_	ContainsVariation=No	_	_	_	Fast=0-2(0)	_	_
430-8	TO044	430	8	dividi	dividi	_	_	_	_	_	linguistic	_	ContainsVariation=No	_	_	_	Fast=0-6(0)	_	_
430-9	TO044	430	9	perché	perché	_	_	_	_	_	linguistic	_	ContainsVariation=No	_	_	_	Fast=0-6(0)	_	_
430-10	TO044	430	10	più	più	_	_	_	_	_	linguistic	_	ContainsVariation=No	_	_	_	Fast=0-3(0)	_	_
430-11	TO044	430	11	di	di	_	_	_	_	_	linguistic	_	ContainsVariation=No	_	_	_	Fast=0-2(0)	_	_
430-12	TO044	430	12	due	due	_	_	_	_	_	linguistic	_	ContainsVariation=No	_	_	_	Fast=0-3(0)	_	_
430-13	TO044	430	13	fette	fette	_	_	_	_	_	linguistic	_	ContainsVariation=No	_	_	_	Fast=0-5(0)	_	_
430-14	TO044	430	14	non	non	_	_	_	_	_	linguistic	_	ContainsVariation=No	_	_	_	Fast=0-3(0)	_	_
430-15	TO044	430	15	puoi	puoi	_	_	_	_	_	linguistic	_	ContainsVariation=No	_	_	_	Fast=0-4(0)	_	_
430-16	TO044	430	16	mangiare<.	mangiare	_	_	_	_	_	linguistic	_	ContainsVariation=No	Intonation=Falling	End=1174.554	_	Fast=0-8(0)	_	_
431-0	TO044	431	0	e:h	eh	_	_	_	_	_	linguistic	_	ContainsVariation=No	ProsodicLink=Yes	Begin=1175.017	0x1	_	_	_
431-1	TO044	431	1	mh,	mh	_	_	_	_	_	linguistic	_	ContainsVariation=No	Intonation=WeaklyRising	End=1175.692	_	_	_	_
432-0	TO044	432	0	x	x	_	_	_	_	_	unknown	_	ContainsVariation=No	Syllables=1	Begin=1175.806	_	_	_	_
432-1	TO044	432	1	me	me	_	_	_	_	_	linguistic	_	ContainsVariation=No	_	_	_	_	_	_
432-2	TO044	432	2	faceva	faceva	_	_	_	_	_	linguistic	_	ContainsVariation=No	_	_	_	_	_	_
432-3	TO044	432	3	spesso	spesso	_	_	_	_	_	linguistic	_	ContainsVariation=No	_	_	_	_	_	_
432-4	TO044	432	4	la	la	_	_	_	_	_	linguistic	_	ContainsVariation=No	_	_	_	_	_	_
432-5	TO044	432	5	serata	serata	_	_	_	_	_	linguistic	_	ContainsVariation=No	_	_	_	_	_	_
432-6	TO044	432	6	film	film	_	_	_	_	_	linguistic	_	ContainsVariation=No	_	_	_	_	_	_
432-7	TO044	432	7	con	con	_	_	_	_	_	linguistic	_	ContainsVariation=No	_	_	_	_	_	_
432-8	TO044	432	8	piz[za].	pizza	_	_	_	_	_	linguistic	_	ContainsVariation=No	Intonation=Falling	End=1178.816	_	_	_	3-5(119)
433-0	TO055	433	0	[m]h	mh	_	_	_	_	_	linguistic	_	ContainsVariation=No	ProsodicLink=Yes	Begin=1178.706	_	_	_	0-1(119)
433-1	TO055	433	1	mh,	mh	_	_	_	_	_	linguistic	_	ContainsVariation=No	Intonation=WeaklyRising	End=1179.192	_	_	_	_
434-0	TO044	434	0	in	in	_	_	_	_	_	linguistic	_	ContainsVariation=No	_	Begin=1179.66	_	_	_	_
434-1	TO044	434	1	tre,	tre	_	_	_	_	_	linguistic	_	ContainsVariation=No	Intonation=WeaklyRising	End=1180.321	_	_	_	_
435-0	TO044	435	0	>e	e	_	_	_	_	_	linguistic	_	ContainsVariation=No	_	Begin=1180.908	_	Fast=0-1(0)	_	_
435-1	TO044	435	1	quindi	quindi	_	_	_	_	_	linguistic	_	ContainsVariation=No	_	_	_	Fast=0-6(0)	_	_
435-2	TO044	435	2	ci	ci	_	_	_	_	_	linguistic	_	ContainsVariation=No	_	_	_	Fast=0-2(0)	_	_
435-3	TO044	435	3	prendevam	prendevam	_	_	_	_	_	linguistic	_	ContainsVariation=No	_	_	_	Fast=0-9(0)	_	_
435-4	TO044	435	4	due	due	_	_	_	_	_	linguistic	_	ContainsVariation=No	_	_	_	Fast=0-3(0)	_	_
435-5	TO044	435	5	pizze	pizze	_	_	_	_	_	linguistic	_	ContainsVariation=No	_	_	_	Fast=0-5(0)	_	_
435-6	TO044	435	6	le	le	_	_	_	_	_	linguistic	_	ContainsVariation=No	_	_	_	Fast=0-2(0)	_	_
435-7	TO044	435	7	nostre	nostre	_	_	_	_	_	linguistic	_	ContainsVariation=No	_	_	_	Fast=0-6(0)	_	_
435-8	TO044	435	8	preferite	preferite	_	_	_	_	_	linguistic	_	ContainsVariation=No	_	_	_	Fast=0-9(0)	_	_
435-9	TO044	435	9	erano<,	erano	_	_	_	_	_	linguistic	_	ContainsVariation=No	Intonation=WeaklyRising	End=1183.53	_	Fast=0-5(0)	_	_
436-0	TO044	436	0	e:h	eh	_	_	_	_	_	linguistic	_	ContainsVariation=No	_	Begin=1183.779	0x1	_	_	_
436-1	TO044	436	1	una	una	_	_	_	_	_	linguistic	_	ContainsVariation=No	_	_	_	_	_	_
436-2	TO044	436	2	bianca	bianca	_	_	_	_	_	linguistic	_	ContainsVariation=No	_	_	_	_	_	_
436-3	TO044	436	3	con	con	_	_	_	_	_	linguistic	_	ContainsVariation=No	_	_	_	_	_	_
436-4	TO044	436	4	<credo	credo	_	_	_	_	_	linguistic	_	ContainsVariation=No	_	_	_	Slow=0-5(0)	_	_
436-5	TO044	436	5	panna>	panna	_	_	_	_	_	linguistic	_	ContainsVariation=No	_	_	_	Slow=0-5(0)	_	_
436-6	TO044	436	6	non	non	_	_	_	_	_	linguistic	_	ContainsVariation=No	_	_	_	_	_	_
436-7	TO044	436	7	ho	ho	_	_	_	_	_	linguistic	_	ContainsVariation=No	_	_	_	_	_	_
436-8	TO044	436	8	bene	bene	_	_	_	_	_	linguistic	_	ContainsVariation=No	_	_	_	_	_	_
436-9	TO044	436	9	idea	idea	_	_	_	_	_	linguistic	_	ContainsVariation=No	_	_	_	_	_	_
436-10	TO044	436	10	di	di	_	_	_	_	_	linguistic	_	ContainsVariation=No	_	_	_	_	_	_
436-11	TO044	436	11	che	che	_	_	_	_	_	linguistic	_	ContainsVariation=No	_	_	_	_	_	_
436-12	TO044	436	12	ingrediente	ingrediente	_	_	_	_	_	linguistic	_	ContainsVariation=No	_	_	_	_	_	_
436-13	TO044	436	13	fosse,	fosse	_	_	_	_	_	linguistic	_	ContainsVariation=No	Intonation=WeaklyRising	End=1188.335	_	_	_	_
437-0	TO055	437	0	((ride))	((ride))	_	_	_	_	_	nonverbalbehavior	_	ContainsVariation=No	_	Begin=1186.155|End=1187.504	_	_	_	_
438-0	TO044	438	0	panna	panna	_	_	_	_	_	linguistic	_	ContainsVariation=No	_	Begin=1188.743	_	_	_	_
438-1	TO044	438	1	mozzarella,	mozzarella	_	_	_	_	_	linguistic	_	ContainsVariation=No	Intonation=WeaklyRising	End=1190.499	_	_	_	_
439-0	TO044	439	0	bacon	bacon	_	_	_	_	_	linguistic	_	ContainsVariation=No	_	Begin=1190.678	_	_	_	_
439-1	TO044	439	1	e::	e	_	_	_	_	_	linguistic	_	ContainsVariation=No	_	_	0x2	_	_	_
439-2	TO044	439	2	pollo.	pollo	_	_	_	_	_	linguistic	_	ContainsVariation=No	Intonation=Falling	End=1192.687	_	_	_	_
440-0	TO055	440	0	((ride))	((ride))	_	_	_	_	_	nonverbalbehavior	_	ContainsVariation=No	_	Begin=1192.824|End=1194.388	_	_	_	_
441-0	TO044	441	0	fa	fa	_	_	_	_	_	linguistic	_	ContainsVariation=No	_	Begin=1193.256	_	_	_	_
441-1	TO044	441	1	schifo	schifo	_	_	_	_	_	linguistic	_	ContainsVariation=No	_	_	_	_	_	_
441-2	TO044	441	2	detto	detto	_	_	_	_	_	linguistic	_	ContainsVariation=No	_	_	_	_	_	_
441-3	TO044	441	3	così.	così	_	_	_	_	_	linguistic	_	ContainsVariation=No	Intonation=Falling	End=1194.461	_	_	_	_
442-0	TO044	442	0	era	era	_	_	_	_	_	linguistic	_	ContainsVariation=No	_	Begin=1194.479	_	_	_	_
442-1	TO044	442	1	buon[issima].	buonissima	_	_	_	_	_	linguistic	_	ContainsVariation=No	Intonation=Falling	End=1195.678	_	_	_	4-10(122)
443-0	TO055	443	0	[oka]y.	okay	_	_	_	_	_	linguistic	_	ContainsVariation=No	Intonation=Falling	Begin=1195.257|End=1195.72	_	_	_	0-3(122)
444-0	TO044	444	0	c'	c'	_	_	_	_	_	linguistic	_	ContainsVariation=No	SpaceAfter=No	Begin=1196.959	_	_	_	_
444-1	TO044	444	1	era	era	_	_	_	_	_	linguistic	_	ContainsVariation=No	_	_	_	_	_	_
444-2	TO044	444	2	anche	anche	_	_	_	_	_	linguistic	_	ContainsVariation=No	_	_	_	_	_	_
444-3	TO044	444	3	una	una	_	_	_	_	_	linguistic	_	ContainsVariation=No	_	_	_	_	_	_
444-4	TO044	444	4	specie	specie	_	_	_	_	_	linguistic	_	ContainsVariation=No	_	_	_	_	_	_
444-5	TO044	444	5	salsina	salsina	_	_	_	_	_	linguistic	_	ContainsVariation=No	_	_	_	_	_	_
444-6	TO044	444	6	tipo	tipo	_	_	_	_	_	linguistic	_	ContainsVariation=No	_	_	_	_	_	_
444-7	TO044	444	7	maionese	maionese	_	_	_	_	_	linguistic	_	ContainsVariation=No	_	_	_	_	_	_
444-8	TO044	444	8	m[a	ma	_	_	_	_	_	linguistic	_	ContainsVariation=No	_	_	_	_	_	0-2(123)
444-9	TO044	444	9	non	non	_	_	_	_	_	linguistic	_	ContainsVariation=No	_	_	_	_	_	0-3(123)
444-10	TO044	444	10	lo	lo	_	_	_	_	_	linguistic	_	ContainsVariation=No	_	_	_	_	_	0-2(123)
444-11	TO044	444	11	so].	so	_	_	_	_	_	linguistic	_	ContainsVariation=No	Intonation=Falling	End=1200.141	_	_	_	0-2(123)
445-0	TO055	445	0	((ride))	((ride))	_	_	_	_	_	nonverbalbehavior	_	ContainsVariation=No	_	Begin=1199.479	_	_	_	_
445-1	TO055	445	1	[ok]ay.	okay	_	_	_	_	_	linguistic	_	ContainsVariation=No	Intonation=Falling	End=1200.401	_	_	_	0-2(123)
446-0	TO044	446	0	cioè	cioè	_	_	_	_	_	linguistic	_	ContainsVariation=No	_	Begin=1200.401	_	_	_	_
446-1	TO044	446	1	sembra	sembra	_	_	_	_	_	linguistic	_	ContainsVariation=No	_	_	_	_	_	_
446-2	TO044	446	2	schifoso	schifoso	_	_	_	_	_	linguistic	_	ContainsVariation=No	_	_	_	_	_	_
446-3	TO044	446	3	[ma	ma	_	_	_	_	_	linguistic	_	ContainsVariation=No	_	_	_	_	_	0-2(124)
446-4	TO044	446	4	era	era	_	_	_	_	_	linguistic	_	ContainsVariation=No	_	_	_	_	_	0-3(124)
446-5	TO044	446	5	buon]issimo.	buonissimo	_	_	_	_	_	linguistic	_	ContainsVariation=No	Intonation=Falling	End=1202.539	_	_	_	0-4(124)
447-0	TO055	447	0	[okay].	okay	_	_	_	_	_	linguistic	_	ContainsVariation=No	Intonation=Falling	Begin=1201.377|End=1201.947	_	_	_	0-4(124)
448-0	TO044	448	0	e	e	_	_	_	_	_	linguistic	_	ContainsVariation=No	_	Begin=1202.991	_	_	_	_
448-1	TO044	448	1	poi	poi	_	_	_	_	_	linguistic	_	ContainsVariation=No	_	_	_	_	_	_
448-2	TO044	448	2	un'	un'	_	_	_	_	_	linguistic	_	ContainsVariation=No	SpaceAfter=No	_	_	_	_	_
448-3	TO044	448	3	altra	altra	_	_	_	_	_	linguistic	_	ContainsVariation=No	_	_	_	_	_	_
448-4	TO044	448	4	che	che	_	_	_	_	_	linguistic	_	ContainsVariation=No	_	_	_	_	_	_
448-5	TO044	448	5	era	era	_	_	_	_	_	linguistic	_	ContainsVariation=No	_	_	_	_	_	_
448-6	TO044	448	6	appunto	appunto	_	_	_	_	_	linguistic	_	ContainsVariation=No	_	_	_	_	_	_
448-7	TO044	448	7	pomodoro	pomodoro	_	_	_	_	_	linguistic	_	ContainsVariation=No	_	_	_	_	_	_
448-8	TO044	448	8	mozzarella	mozzarella	_	_	_	_	_	linguistic	_	ContainsVariation=No	_	_	_	_	_	_
448-9	TO044	448	9	ananas	ananas	_	_	_	_	_	linguistic	_	ContainsVariation=No	_	_	_	_	_	_
448-10	TO044	448	10	e::	e	_	_	_	_	_	linguistic	_	ContainsVariation=No	_	_	0x2	_	_	_
448-11	TO044	448	11	prosciutto.	prosciutto	_	_	_	_	_	linguistic	_	ContainsVariation=No	Intonation=Falling	End=1207.622	_	_	_	_
449-0	TO055	449	0	(<dio>,)	dio	_	_	_	_	_	linguistic	_	ContainsVariation=No	Intonation=WeaklyRising	Begin=1207.684|End=1208.185	_	Slow=0-3(0)	0-3(0)	_
450-0	TO044	450	0	er[a	era	_	_	_	_	_	linguistic	_	ContainsVariation=No	_	Begin=1208.398	_	_	_	2-3(125)
450-1	TO044	450	1	buonissima].	buonissima	_	_	_	_	_	linguistic	_	ContainsVariation=No	Intonation=Falling	End=1209.417	_	_	_	0-10(125)
451-0	TO055	451	0	[ananas],	ananas	_	_	_	_	_	linguistic	_	ContainsVariation=No	Intonation=WeaklyRising	Begin=1208.548|End=1209.418	_	_	_	0-6(125)
452-0	TO055	452	0	davvero?	davvero	_	_	_	_	_	linguistic	_	ContainsVariation=No	Intonation=Rising	Begin=1209.592|End=1210.441	_	_	_	_
453-0	TO044	453	0	buo[nissima].	buonissima	_	_	_	_	_	linguistic	_	ContainsVariation=No	Intonation=Falling	Begin=1210.474|End=1211.247	_	_	_	3-10(126)
454-0	TO055	454	0	[io	io	_	_	_	_	_	linguistic	_	ContainsVariation=No	_	Begin=1210.7	_	_	_	0-2(126)
454-1	TO055	454	1	penso	penso	_	_	_	_	_	linguistic	_	ContainsVariation=No	_	_	_	_	_	0-5(126)
454-2	TO055	454	2	che]	che	_	_	_	_	_	linguistic	_	ContainsVariation=No	_	_	_	_	_	0-3(126)
454-3	TO055	454	3	nnon	nnon	_	_	_	_	_	linguistic	_	ContainsVariation=No	_	_	_	_	_	_
454-4	TO055	454	4	ri[uscirei],	riuscirei	_	_	_	_	_	linguistic	_	ContainsVariation=No	Intonation=WeaklyRising	End=1212.165	_	_	_	2-9(127)
455-0	TO044	455	0	[non	non	_	_	_	_	_	linguistic	_	ContainsVariation=No	_	Begin=1211.715	_	_	_	0-3(127)
455-1	TO044	455	1	e]ra	era	_	_	_	_	_	linguistic	_	ContainsVariation=No	_	_	_	_	_	0-1(127)
455-2	TO044	455	2	piz~	piz~	_	_	_	_	_	linguistic	_	ContainsVariation=No	Interrupted=Yes|PauseAfter=Yes	_	_	_	_	_
455-3	TO044	455	3	(.)	(.)	_	_	_	_	_	shortpause	_	ContainsVariation=No	_	_	_	_	_	_
455-4	TO044	455	4	cioè,	cioè	_	_	_	_	_	linguistic	_	ContainsVariation=No	Intonation=WeaklyRising	End=1213.055	_	_	_	_
456-0	TO044	456	0	non	non	_	_	_	_	_	linguistic	_	ContainsVariation=No	_	Begin=1213.416	_	_	_	_
456-1	TO044	456	1	era	era	_	_	_	_	_	linguistic	_	ContainsVariation=No	_	_	_	_	_	_
456-2	TO044	456	2	<pi[zza>	pizza	_	_	_	_	_	linguistic	_	ContainsVariation=No	_	_	_	Slow=0-5(0)	_	2-5(128)
456-3	TO044	456	3	er]a	era	_	_	_	_	_	linguistic	_	ContainsVariation=No	_	_	_	_	_	0-2(128)
456-4	TO044	456	4	una	una	_	_	_	_	_	linguistic	_	ContainsVariation=No	_	_	_	_	_	_
456-5	TO044	456	5	loro	loro	_	_	_	_	_	linguistic	_	ContainsVariation=No	_	_	_	_	_	_
456-6	TO044	456	6	ricetta	ricetta	_	_	_	_	_	linguistic	_	ContainsVariation=No	_	_	_	_	_	_
456-7	TO044	456	7	così	così	_	_	_	_	_	linguistic	_	ContainsVariation=No	_	_	_	_	_	_
456-8	TO044	456	8	però	però	_	_	_	_	_	linguistic	_	ContainsVariation=No	_	_	_	_	_	_
456-9	TO044	456	9	è	è	_	_	_	_	_	linguistic	_	ContainsVariation=No	_	_	_	_	_	_
456-10	TO044	456	10	buonissima	buonissima	_	_	_	_	_	linguistic	_	ContainsVariation=No	_	_	_	_	_	_
456-11	TO044	456	11	cioè	cioè	_	_	_	_	_	linguistic	_	ContainsVariation=No	_	_	_	_	_	_
456-12	TO044	456	12	mi	mi	_	_	_	_	_	linguistic	_	ContainsVariation=No	_	_	_	_	_	_
456-13	TO044	456	13	è	è	_	_	_	_	_	linguistic	_	ContainsVariation=No	_	_	_	_	_	_
456-14	TO044	456	14	piaciut(o)	piaciuto	_	_	_	_	_	linguistic	_	ContainsVariation=No	_	_	_	_	7-8(0)	_
456-15	TO044	456	15	un	un	_	_	_	_	_	linguistic	_	ContainsVariation=No	_	_	_	_	_	_
456-16	TO044	456	16	casino.	casino	_	_	_	_	_	linguistic	_	ContainsVariation=No	Intonation=Falling	End=1218.409	_	_	_	_
457-0	TO055	457	0	[sì	sì	_	_	_	_	_	linguistic	_	ContainsVariation=No	_	Begin=1214.431	_	_	_	0-2(128)
457-1	TO055	457	1	non	non	_	_	_	_	_	linguistic	_	ContainsVariation=No	_	_	_	_	_	0-3(128)
457-2	TO055	457	2	è],	è	_	_	_	_	_	linguistic	_	ContainsVariation=No	Intonation=WeaklyRising	End=1214.944	_	_	_	0-1(128)
458-0	TO055	458	0	mh	mh	_	_	_	_	_	linguistic	_	ContainsVariation=No	ProsodicLink=Yes	Begin=1218.464	_	_	_	_
458-1	TO055	458	1	okay.	okay	_	_	_	_	_	linguistic	_	ContainsVariation=No	Intonation=Falling	End=1219.102	_	_	_	_
459-0	TO044	459	0	dopo	dopo	_	_	_	_	_	linguistic	_	ContainsVariation=No	_	Begin=1219.156	_	_	_	_
459-1	TO044	459	1	una	una	_	_	_	_	_	linguistic	_	ContainsVariation=No	_	_	_	_	_	_
459-2	TO044	459	2	o	o	_	_	_	_	_	linguistic	_	ContainsVariation=No	_	_	_	_	_	_
459-3	TO044	459	3	due	due	_	_	_	_	_	linguistic	_	ContainsVariation=No	_	_	_	_	_	_
459-4	TO044	459	4	fette	fette	_	_	_	_	_	linguistic	_	ContainsVariation=No	_	_	_	_	_	_
459-5	TO044	459	5	sei	sei	_	_	_	_	_	linguistic	_	ContainsVariation=No	_	_	_	_	_	_
459-6	TO044	459	6	a	a	_	_	_	_	_	linguistic	_	ContainsVariation=No	_	_	_	_	_	_
459-7	TO044	459	7	posto,	posto	_	_	_	_	_	linguistic	_	ContainsVariation=No	Intonation=WeaklyRising	End=1221.031	_	_	_	_
460-0	TO044	460	0	per	per	_	_	_	_	_	linguistic	_	ContainsVariation=No	_	Begin=1221.487	_	_	_	_
460-1	TO044	460	1	se[mpre].	sempre	_	_	_	_	_	linguistic	_	ContainsVariation=No	Intonation=Falling	End=1222.604	_	_	_	2-6(129)
461-0	TO055	461	0	[sì	sì	_	_	_	_	_	linguistic	_	ContainsVariation=No	_	Begin=1222.007	_	_	_	0-2(129)
461-1	TO055	461	1	per]	per	_	_	_	_	_	linguistic	_	ContainsVariation=No	_	_	_	_	_	0-3(129)
461-2	TO055	461	2	sempre	sempre	_	_	_	_	_	linguistic	_	ContainsVariation=No	_	_	_	_	_	_
461-3	TO055	461	3	((ride))	((ride))	_	_	_	_	_	nonverbalbehavior	_	ContainsVariation=No	_	_	_	_	_	_
461-4	TO055	461	4	per	per	_	_	_	_	_	linguistic	_	ContainsVariation=No	_	_	_	_	_	_
461-5	TO055	461	5	[tutta	tutta	_	_	_	_	_	linguistic	_	ContainsVariation=No	_	_	_	_	_	0-5(130)
461-6	TO055	461	6	la	la	_	_	_	_	_	linguistic	_	ContainsVariation=No	_	_	_	_	_	0-2(130)
461-7	TO055	461	7	vi~]	vi~	_	_	_	_	_	linguistic	_	ContainsVariation=No	Interrupted=Yes	End=1223.85	_	_	_	0-3(130)
462-0	TO044	462	0	[cioè	cioè	_	_	_	_	_	linguistic	_	ContainsVariation=No	_	Begin=1223.275	_	_	_	0-4(130)
462-1	TO044	462	1	che]:	che	_	_	_	_	_	linguistic	_	ContainsVariation=No	_	_	2x1	_	_	0-3(130)
462-2	TO044	462	2	il	il	_	_	_	_	_	linguistic	_	ContainsVariation=No	_	_	_	_	_	_
462-3	TO044	462	3	giorno	giorno	_	_	_	_	_	linguistic	_	ContainsVariation=No	_	_	_	_	_	_
462-4	TO044	462	4	dopo	dopo	_	_	_	_	_	linguistic	_	ContainsVariation=No	_	_	_	_	_	_
462-5	TO044	462	5	non	non	_	_	_	_	_	linguistic	_	ContainsVariation=No	_	_	_	_	_	_
462-6	TO044	462	6	mangi	mangi	_	_	_	_	_	linguistic	_	ContainsVariation=No	_	_	_	_	_	_
462-7	TO044	462	7	pranzo	pranzo	_	_	_	_	_	linguistic	_	ContainsVariation=No	_	_	_	_	_	_
462-8	TO044	462	8	perché	perché	_	_	_	_	_	linguistic	_	ContainsVariation=No	_	_	_	_	_	_
462-9	TO044	462	9	è	è	_	_	_	_	_	linguistic	_	ContainsVariation=No	_	_	_	_	_	_
462-10	TO044	462	10	troppo	troppo	_	_	_	_	_	linguistic	_	ContainsVariation=No	_	_	_	_	_	_
462-11	TO044	462	11	pesante	pesante	_	_	_	_	_	linguistic	_	ContainsVariation=No	_	_	_	_	_	_
462-12	TO044	462	12	però,	però	_	_	_	_	_	linguistic	_	ContainsVariation=No	Intonation=WeaklyRising	End=1227.283	_	_	_	_
463-0	TO044	463	0	ci	ci	_	_	_	_	_	linguistic	_	ContainsVariation=No	_	Begin=1227.397	_	_	_	_
463-1	TO044	463	1	s[ta].	sta	_	_	_	_	_	linguistic	_	ContainsVariation=No	Intonation=Falling	End=1227.952	_	_	_	1-3(131)
464-0	TO055	464	0	[e]	e	_	_	_	_	_	linguistic	_	ContainsVariation=No	_	Begin=1227.771	_	_	_	0-1(131)
464-1	TO055	464	1	altre	altre	_	_	_	_	_	linguistic	_	ContainsVariation=No	_	_	_	_	_	_
464-2	TO055	464	2	cose	cose	_	_	_	_	_	linguistic	_	ContainsVariation=No	_	_	_	_	_	_
464-3	TO055	464	3	strane?	strane	_	_	_	_	_	linguistic	_	ContainsVariation=No	Intonation=Rising	End=1228.858	_	_	_	_
465-0	TO044	465	0	e	e	_	_	_	_	_	linguistic	_	ContainsVariation=No	_	Begin=1229.023	_	_	_	_
465-1	TO044	465	1	poi::	poi	_	_	_	_	_	linguistic	_	ContainsVariation=No	_	_	2x2	_	_	_
465-2	TO044	465	2	è	è	_	_	_	_	_	linguistic	_	ContainsVariation=No	_	_	_	_	_	_
465-3	TO044	465	3	tutto	tutto	_	_	_	_	_	linguistic	_	ContainsVariation=No	_	_	_	_	_	_
465-4	TO044	465	4	più	più	_	_	_	_	_	linguistic	_	ContainsVariation=No	_	_	_	_	_	_
465-5	TO044	465	5	saporito	saporito	_	_	_	_	_	linguistic	_	ContainsVariation=No	_	_	_	_	_	_
465-6	TO044	465	6	le	le	_	_	_	_	_	linguistic	_	ContainsVariation=No	_	_	_	_	_	_
465-7	TO044	465	7	patatine:	patatine	_	_	_	_	_	linguistic	_	ContainsVariation=No	_	_	7x1	_	_	_
465-8	TO044	465	8	quelle	quelle	_	_	_	_	_	linguistic	_	ContainsVariation=No	_	_	_	_	_	_
465-9	TO044	465	9	in	in	_	_	_	_	_	linguistic	_	ContainsVariation=No	_	_	_	_	_	_
465-10	TO044	465	10	busta	busta	_	_	_	_	_	linguistic	_	ContainsVariation=No	_	_	_	_	_	_
465-11	TO044	465	11	son	son	_	_	_	_	_	linguistic	_	ContainsVariation=No	_	_	_	_	_	_
465-12	TO044	465	12	più	più	_	_	_	_	_	linguistic	_	ContainsVariation=No	_	_	_	_	_	_
465-13	TO044	465	13	saporite	saporite	_	_	_	_	_	linguistic	_	ContainsVariation=No	_	_	_	_	_	_
465-14	TO044	465	14	le	le	_	_	_	_	_	linguistic	_	ContainsVariation=No	_	_	_	_	_	_
465-15	TO044	465	15	bevande::	bevande	_	_	_	_	_	linguistic	_	ContainsVariation=No	_	_	6x2	_	_	_
465-16	TO044	465	16	non	non	_	_	_	_	_	linguistic	_	ContainsVariation=No	_	_	_	_	_	_
465-17	TO044	465	17	mi	mi	_	_	_	_	_	linguistic	_	ContainsVariation=No	_	_	_	_	_	_
465-18	TO044	465	18	son	son	_	_	_	_	_	linguistic	_	ContainsVariation=No	_	_	_	_	_	_
465-19	TO044	465	19	piaciute	piaciute	_	_	_	_	_	linguistic	_	ContainsVariation=No	_	_	_	_	_	_
465-20	TO044	465	20	solo	solo	_	_	_	_	_	linguistic	_	ContainsVariation=No	_	_	_	_	_	_
465-21	TO044	465	21	le	le	_	_	_	_	_	linguistic	_	ContainsVariation=No	_	_	_	_	_	_
465-22	TO044	465	22	bevande,	bevande	_	_	_	_	_	linguistic	_	ContainsVariation=No	Intonation=WeaklyRising	End=1236.803	_	_	_	_
466-0	TO044	466	0	tipo	tipo	_	_	_	_	_	linguistic	_	ContainsVariation=No	_	Begin=1236.995	_	_	_	_
466-1	TO044	466	1	non	non	_	_	_	_	_	linguistic	_	ContainsVariation=No	_	_	_	_	_	_
466-2	TO044	466	2	ho	ho	_	_	_	_	_	linguistic	_	ContainsVariation=No	_	_	_	_	_	_
466-3	TO044	466	3	mai	mai	_	_	_	_	_	linguistic	_	ContainsVariation=No	_	_	_	_	_	_
466-4	TO044	466	4	bevuto	bevuto	_	_	_	_	_	linguistic	_	ContainsVariation=No	_	_	_	_	_	_
466-5	TO044	466	5	coca	coca	_	_	_	_	_	linguistic	_	ContainsVariation=No	_	_	_	_	_	_
466-6	TO044	466	6	c[ole:]	cole	_	_	_	_	_	linguistic	_	ContainsVariation=No	_	_	3x1	_	_	1-4(132)
466-7	TO044	466	7	così	così	_	_	_	_	_	linguistic	_	ContainsVariation=No	_	_	_	_	_	_
466-8	TO044	466	8	perché	perché	_	_	_	_	_	linguistic	_	ContainsVariation=No	_	_	_	_	_	_
466-9	TO044	466	9	sono	sono	_	_	_	_	_	linguistic	_	ContainsVariation=No	_	_	_	_	_	_
466-10	TO044	466	10	troppo	troppo	_	_	_	_	_	linguistic	_	ContainsVariation=No	_	_	_	_	_	_
466-11	TO044	466	11	zuccheri[ne].	zuccherine	_	_	_	_	_	linguistic	_	ContainsVariation=No	Intonation=Falling	End=1240.834	_	_	_	8-10(133)
467-0	TO055	467	0	[mhmh],	mhmh	_	_	_	_	_	linguistic	_	ContainsVariation=No	Intonation=WeaklyRising	Begin=1238.788|End=1239.209	_	_	_	0-4(132)
468-0	TO055	468	0	[o]kay.	okay	_	_	_	_	_	linguistic	_	ContainsVariation=No	Intonation=Falling	Begin=1240.685|End=1241.296	_	_	_	0-1(133)
469-0	TO044	469	0	però	però	_	_	_	_	_	linguistic	_	ContainsVariation=No	_	Begin=1241.623	_	_	_	_
469-1	TO044	469	1	ho	ho	_	_	_	_	_	linguistic	_	ContainsVariation=No	_	_	_	_	_	_
469-2	TO044	469	2	bevuto	bevuto	_	_	_	_	_	linguistic	_	ContainsVariation=No	_	_	_	_	_	_
469-3	TO044	469	3	tanta	tanta	_	_	_	_	_	linguistic	_	ContainsVariation=No	_	_	_	_	_	_
469-4	TO044	469	4	birra	birra	_	_	_	_	_	linguistic	_	ContainsVariation=No	_	_	_	_	_	_
469-5	TO044	469	5	locale	locale	_	_	_	_	_	linguistic	_	ContainsVariation=No	_	_	_	_	_	_
469-6	TO044	469	6	perché	perché	_	_	_	_	_	linguistic	_	ContainsVariation=No	_	_	_	_	_	_
469-7	TO044	469	7	hanno	hanno	_	_	_	_	_	linguistic	_	ContainsVariation=No	_	_	_	_	_	_
469-8	TO044	469	8	un	un	_	_	_	_	_	linguistic	_	ContainsVariation=No	_	_	_	_	_	_
469-9	TO044	469	9	sacco	sacco	_	_	_	_	_	linguistic	_	ContainsVariation=No	_	_	_	_	_	_
469-10	TO044	469	10	di	di	_	_	_	_	_	linguistic	_	ContainsVariation=No	_	_	_	_	_	_
469-11	TO044	469	11	(birrarifi[ci:)]	birrarifici	_	_	_	_	_	linguistic	_	ContainsVariation=No	_	_	10x1	_	0-11(0)	9-11(134)
469-12	TO044	469	12	<ho	ho	_	_	_	_	_	linguistic	_	ContainsVariation=No	_	_	_	Slow=0-2(0)	_	_
469-13	TO044	469	13	fatto	fatto	_	_	_	_	_	linguistic	_	ContainsVariation=No	_	_	_	Slow=0-5(0)	_	_
469-14	TO044	469	14	una	una	_	_	_	_	_	linguistic	_	ContainsVariation=No	_	_	_	Slow=0-3(0)	_	_
469-15	TO044	469	15	degustazione	degustazione	_	_	_	_	_	linguistic	_	ContainsVariation=No	_	_	_	Slow=0-12(0)	_	_
469-16	TO044	469	16	di:	di	_	_	_	_	_	linguistic	_	ContainsVariation=No	_	_	1x1	Slow=0-2(0)	_	_
469-17	TO044	469	17	una	una	_	_	_	_	_	linguistic	_	ContainsVariation=No	_	_	_	Slow=0-3(0)	_	_
469-18	TO044	469	18	birra	birra	_	_	_	_	_	linguistic	_	ContainsVariation=No	_	_	_	Slow=0-5(0)	_	_
469-19	TO044	469	19	locale>,	locale	_	_	_	_	_	linguistic	_	ContainsVariation=No	Intonation=WeaklyRising	End=1248.972	_	Slow=0-6(0)	_	_
470-0	TO055	470	0	[mhmh],	mhmh	_	_	_	_	_	linguistic	_	ContainsVariation=No	Intonation=WeaklyRising	Begin=1245.211|End=1245.642	_	_	_	0-4(134)
471-0	TO044	471	0	e::h	eh	_	_	_	_	_	linguistic	_	ContainsVariation=No	ProsodicLink=Yes	Begin=1249.633	0x2	_	_	_
471-1	TO044	471	1	hanno	hanno	_	_	_	_	_	linguistic	_	ContainsVariation=No	_	_	_	_	_	_
471-2	TO044	471	2	tanto	tanto	_	_	_	_	_	linguistic	_	ContainsVariation=No	_	_	_	_	_	_
471-3	TO044	471	3	rum	rum	_	_	_	_	_	linguistic	_	ContainsVariation=No	_	_	_	_	_	_
471-4	TO044	471	4	queste	queste	_	_	_	_	_	linguistic	_	ContainsVariation=No	_	_	_	_	_	_
471-5	TO044	471	5	cose	cose	_	_	_	_	_	linguistic	_	ContainsVariation=No	_	_	_	_	_	_
471-6	TO044	471	6	qui.	qui	_	_	_	_	_	linguistic	_	ContainsVariation=No	Intonation=Falling	End=1252.0	_	_	_	_
472-0	TO044	472	0	e	e	_	_	_	_	_	linguistic	_	ContainsVariation=No	_	Begin=1252.164	_	_	_	_
472-1	TO044	472	1	poi	poi	_	_	_	_	_	linguistic	_	ContainsVariation=No	_	_	_	_	_	_
472-2	TO044	472	2	ho	ho	_	_	_	_	_	linguistic	_	ContainsVariation=No	_	_	_	_	_	_
472-3	TO044	472	3	mangiato	mangiato	_	_	_	_	_	linguistic	_	ContainsVariation=No	_	_	_	_	_	_
472-4	TO044	472	4	un	un	_	_	_	_	_	linguistic	_	ContainsVariation=No	_	_	_	_	_	_
472-5	TO044	472	5	casino	casino	_	_	_	_	_	linguistic	_	ContainsVariation=No	_	_	_	_	_	_
472-6	TO044	472	6	di	di	_	_	_	_	_	linguistic	_	ContainsVariation=No	_	_	_	_	_	_
472-7	TO044	472	7	cibi	cibi	_	_	_	_	_	linguistic	_	ContainsVariation=No	ProsodicLink=Yes	_	_	_	_	_
472-8	TO044	472	8	mh,	mh	_	_	_	_	_	linguistic	_	ContainsVariation=No	Intonation=WeaklyRising	End=1254.385	_	_	_	_
473-0	TO044	473	0	orient[ali	orientali	_	_	_	_	_	linguistic	_	ContainsVariation=No	_	Begin=1255.375	_	_	_	6-9(135)
473-1	TO044	473	1	perché	perché	_	_	_	_	_	linguistic	_	ContainsVariation=No	_	_	_	_	_	0-6(135)
473-2	TO044	473	2	a]vevamo	avevamo	_	_	_	_	_	linguistic	_	ContainsVariation=No	_	_	_	_	_	0-1(135)
473-3	TO044	473	3	tanti	tanti	_	_	_	_	_	linguistic	_	ContainsVariation=No	_	_	_	_	_	_
473-4	TO044	473	4	amici	amici	_	_	_	_	_	linguistic	_	ContainsVariation=No	_	_	_	_	_	_
473-5	TO044	473	5	appunto	appunto	_	_	_	_	_	linguistic	_	ContainsVariation=No	_	_	_	_	_	_
473-6	TO044	473	6	orientali,	orientali	_	_	_	_	_	linguistic	_	ContainsVariation=No	Intonation=WeaklyRising	End=1258.32	_	_	_	_
474-0	TO055	474	0	[okay].	okay	_	_	_	_	_	linguistic	_	ContainsVariation=No	Intonation=Falling	Begin=1256.11|End=1256.638	_	_	_	0-4(135)
475-0	TO044	475	0	e:	e	_	_	_	_	_	linguistic	_	ContainsVariation=No	_	Begin=1258.889	0x1	_	_	_
475-1	TO044	475	1	so~	so~	_	_	_	_	_	linguistic	_	ContainsVariation=No	Interrupted=Yes	_	_	_	_	_
475-2	TO044	475	2	mi	mi	_	_	_	_	_	linguistic	_	ContainsVariation=No	_	_	_	_	_	_
475-3	TO044	475	3	è	è	_	_	_	_	_	linguistic	_	ContainsVariation=No	_	_	_	_	_	_
475-4	TO044	475	4	piaciuto	piaciuto	_	_	_	_	_	linguistic	_	ContainsVariation=No	_	_	_	_	_	_
475-5	TO044	475	5	un	un	_	_	_	_	_	linguistic	_	ContainsVariation=No	_	_	_	_	_	_
475-6	TO044	475	6	sacco	sacco	_	_	_	_	_	linguistic	_	ContainsVariation=No	_	_	_	_	_	_
475-7	TO044	475	7	il	il	_	_	_	_	_	linguistic	_	ContainsVariation=No	_	_	_	_	_	_
475-8	TO044	475	8	coreano	coreano	_	_	_	_	_	linguistic	_	ContainsVariation=No	_	_	_	_	_	_
475-9	TO044	475	9	perché	perché	_	_	_	_	_	linguistic	_	ContainsVariation=No	_	_	_	_	_	_
475-10	TO044	475	10	appunto	appunto	_	_	_	_	_	linguistic	_	ContainsVariation=No	_	_	_	_	_	_
475-11	TO044	475	11	siamo	siamo	_	_	_	_	_	linguistic	_	ContainsVariation=No	_	_	_	_	_	_
475-12	TO044	475	12	andati	andati	_	_	_	_	_	linguistic	_	ContainsVariation=No	_	_	_	_	_	_
475-13	TO044	475	13	tutti	tutti	_	_	_	_	_	linguistic	_	ContainsVariation=No	_	_	_	_	_	_
475-14	TO044	475	14	insieme:,	insieme	_	_	_	_	_	linguistic	_	ContainsVariation=No	Intonation=WeaklyRising	End=1263.238	6x1	_	_	_
476-0	TO044	476	0	e:h	eh	_	_	_	_	_	linguistic	_	ContainsVariation=No	_	Begin=1263.561	0x1	_	_	_
476-1	TO044	476	1	la	la	_	_	_	_	_	linguistic	_	ContainsVariation=No	_	_	_	_	_	_
476-2	TO044	476	2	mia	mia	_	_	_	_	_	linguistic	_	ContainsVariation=No	_	_	_	_	_	_
476-3	TO044	476	3	amica	amica	_	_	_	_	_	linguistic	_	ContainsVariation=No	_	_	_	_	_	_
476-4	TO044	476	4	<coreana>	coreana	_	_	_	_	_	linguistic	_	ContainsVariation=No	_	_	_	Slow=0-7(0)	_	_
476-5	TO044	476	5	ha	ha	_	_	_	_	_	linguistic	_	ContainsVariation=No	_	_	_	_	_	_
476-6	TO044	476	6	ordinato	ordinato	_	_	_	_	_	linguistic	_	ContainsVariation=No	_	_	_	_	_	_
476-7	TO044	476	7	per	per	_	_	_	_	_	linguistic	_	ContainsVariation=No	_	_	_	_	_	_
476-8	TO044	476	8	tutti	tutti	_	_	_	_	_	linguistic	_	ContainsVariation=No	_	_	_	_	_	_
476-9	TO044	476	9	noi	noi	_	_	_	_	_	linguistic	_	ContainsVariation=No	_	_	_	_	_	_
476-10	TO044	476	10	delle	delle	_	_	_	_	_	linguistic	_	ContainsVariation=No	_	_	_	_	_	_
476-11	TO044	476	11	cose	cose	_	_	_	_	_	linguistic	_	ContainsVariation=No	_	_	_	_	_	_
476-12	TO044	476	12	un	un	_	_	_	_	_	linguistic	_	ContainsVariation=No	_	_	_	_	_	_
476-13	TO044	476	13	po'	po'	_	_	_	_	_	linguistic	_	ContainsVariation=No	_	_	_	_	_	_
476-14	TO044	476	14	non	non	_	_	_	_	_	linguistic	_	ContainsVariation=No	_	_	_	_	_	_
476-15	TO044	476	15	piccanti	piccanti	_	_	_	_	_	linguistic	_	ContainsVariation=No	_	_	_	_	_	_
476-16	TO044	476	16	e	e	_	_	_	_	_	linguistic	_	ContainsVariation=No	_	_	_	_	_	_
476-17	TO044	476	17	un	un	_	_	_	_	_	linguistic	_	ContainsVariation=No	_	_	_	_	_	_
476-18	TO044	476	18	po':	po'	_	_	_	_	_	linguistic	_	ContainsVariation=No	_	_	1x1	_	_	_
476-19	TO044	476	19	[molto	molto	_	_	_	_	_	linguistic	_	ContainsVariation=No	_	_	_	_	_	0-5(136)
476-20	TO044	476	20	picca]nti,	piccanti	_	_	_	_	_	linguistic	_	ContainsVariation=No	Intonation=WeaklyRising	End=1269.963	_	_	_	0-5(136)
477-0	TO055	477	0	[okay].	okay	_	_	_	_	_	linguistic	_	ContainsVariation=No	Intonation=Falling	Begin=1268.958|End=1269.563	_	_	_	0-4(136)
478-0	TO044	478	0	ed	ed	_	_	_	_	_	linguistic	_	ContainsVariation=No	_	Begin=1270.449	_	_	_	_
478-1	TO044	478	1	è	è	_	_	_	_	_	linguistic	_	ContainsVariation=No	_	_	_	_	_	_
478-2	TO044	478	2	stato	stato	_	_	_	_	_	linguistic	_	ContainsVariation=No	_	_	_	_	_	_
478-3	TO044	478	3	figo	figo	_	_	_	_	_	linguistic	_	ContainsVariation=No	_	_	_	_	_	_
478-4	TO044	478	4	perché	perché	_	_	_	_	_	linguistic	_	ContainsVariation=No	_	_	_	_	_	_
478-5	TO044	478	5	abbiam	abbiam	_	_	_	_	_	linguistic	_	ContainsVariation=No	_	_	_	_	_	_
478-6	TO044	478	6	speso	speso	_	_	_	_	_	linguistic	_	ContainsVariation=No	_	_	_	_	_	_
478-7	TO044	478	7	pochissimo	pochissimo	_	_	_	_	_	linguistic	_	ContainsVariation=No	_	_	_	_	_	_
478-8	TO044	478	8	perché	perché	_	_	_	_	_	linguistic	_	ContainsVariation=No	_	_	_	_	_	_
478-9	TO044	478	9	lì	lì	_	_	_	_	_	linguistic	_	ContainsVariation=No	_	_	_	_	_	_
478-10	TO044	478	10	poi	poi	_	_	_	_	_	linguistic	_	ContainsVariation=No	_	_	_	_	_	_
478-11	TO044	478	11	ti	ti	_	_	_	_	_	linguistic	_	ContainsVariation=No	_	_	_	_	_	_
478-12	TO044	478	12	danno	danno	_	_	_	_	_	linguistic	_	ContainsVariation=No	_	_	_	_	_	_
478-13	TO044	478	13	l'	l'	_	_	_	_	_	linguistic	_	ContainsVariation=No	SpaceAfter=No	_	_	_	_	_
478-14	TO044	478	14	acqua	acqua	_	_	_	_	_	linguistic	_	ContainsVariation=No	_	_	_	_	_	_
478-15	TO044	478	15	del	del	_	_	_	_	_	linguistic	_	ContainsVariation=No	_	_	_	_	_	_
478-16	TO044	478	16	rubinetto	rubinetto	_	_	_	_	_	linguistic	_	ContainsVariation=No	_	_	_	_	_	_
478-17	TO044	478	17	gratis.	gratis	_	_	_	_	_	linguistic	_	ContainsVariation=No	Intonation=Falling	End=1275.8	_	_	_	_
479-0	TO055	479	0	ah.	ah	_	_	_	_	_	linguistic	_	ContainsVariation=No	Intonation=Falling	Begin=1275.8|End=1276.247	_	_	_	_
480-0	TO055	480	0	okay.	okay	_	_	_	_	_	linguistic	_	ContainsVariation=No	Intonation=Falling	Begin=1276.489|End=1276.992	_	_	_	_
481-0	TO044	481	0	e	e	_	_	_	_	_	linguistic	_	ContainsVariation=No	_	Begin=1277.098	_	_	_	_
481-1	TO044	481	1	quindi	quindi	_	_	_	_	_	linguistic	_	ContainsVariation=No	_	_	_	_	_	_
481-2	TO044	481	2	abbiamo	abbiamo	_	_	_	_	_	linguistic	_	ContainsVariation=No	_	_	_	_	_	_
481-3	TO044	481	3	mangiato	mangiato	_	_	_	_	_	linguistic	_	ContainsVariation=No	_	_	_	_	_	_
481-4	TO044	481	4	un	un	_	_	_	_	_	linguistic	_	ContainsVariation=No	_	_	_	_	_	_
481-5	TO044	481	5	casino:	casino	_	_	_	_	_	linguistic	_	ContainsVariation=No	ProsodicLink=Yes	_	5x1	_	_	_
481-6	TO044	481	6	eh	eh	_	_	_	_	_	linguistic	_	ContainsVariation=No	ProsodicLink=Yes	_	_	_	_	_
481-7	TO044	481	7	m:::h	mh	_	_	_	_	_	linguistic	_	ContainsVariation=No	_	_	0x3	_	_	_
481-8	TO044	481	8	non	non	_	_	_	_	_	linguistic	_	ContainsVariation=No	_	_	_	_	_	_
481-9	TO044	481	9	so	so	_	_	_	_	_	linguistic	_	ContainsVariation=No	_	_	_	_	_	_
481-10	TO044	481	10	i	i	_	_	_	_	_	linguistic	_	ContainsVariation=No	_	_	_	_	_	_
481-11	TO044	481	11	nomi	nomi	_	_	_	_	_	linguistic	_	ContainsVariation=No	_	_	_	_	_	_
481-12	TO044	481	12	delle	delle	_	_	_	_	_	linguistic	_	ContainsVariation=No	_	_	_	_	_	_
481-13	TO044	481	13	cose	cose	_	_	_	_	_	linguistic	_	ContainsVariation=No	_	_	_	_	_	_
481-14	TO044	481	14	che	che	_	_	_	_	_	linguistic	_	ContainsVariation=No	_	_	_	_	_	_
481-15	TO044	481	15	ho	ho	_	_	_	_	_	linguistic	_	ContainsVariation=No	_	_	_	_	_	_
481-16	TO044	481	16	[mangiato	mangiato	_	_	_	_	_	linguistic	_	ContainsVariation=No	_	_	_	_	_	0-8(137)
481-17	TO044	481	17	però]	però	_	_	_	_	_	linguistic	_	ContainsVariation=No	_	_	_	_	_	0-4(137)
481-18	TO044	481	18	eran	eran	_	_	_	_	_	linguistic	_	ContainsVariation=No	_	_	_	_	_	_
481-19	TO044	481	19	piccantissime	piccantissime	_	_	_	_	_	linguistic	_	ContainsVariation=No	_	_	_	_	_	_
481-20	TO044	481	20	che	che	_	_	_	_	_	linguistic	_	ContainsVariation=No	_	_	_	_	_	_
481-21	TO044	481	21	a	a	_	_	_	_	_	linguistic	_	ContainsVariation=No	_	_	_	_	_	_
481-22	TO044	481	22	me	me	_	_	_	_	_	linguistic	_	ContainsVariation=No	_	_	_	_	_	_
481-23	TO044	481	23	piace	piace	_	_	_	_	_	linguistic	_	ContainsVariation=No	_	_	_	_	_	_
481-24	TO044	481	24	un	un	_	_	_	_	_	linguistic	_	ContainsVariation=No	_	_	_	_	_	_
481-25	TO044	481	25	ca~	ca~	_	_	_	_	_	linguistic	_	ContainsVariation=No	Interrupted=Yes	_	_	_	_	_
481-26	TO044	481	26	un	un	_	_	_	_	_	linguistic	_	ContainsVariation=No	_	_	_	_	_	_
481-27	TO044	481	27	sacco	sacco	_	_	_	_	_	linguistic	_	ContainsVariation=No	_	_	_	_	_	_
481-28	TO044	481	28	e::	e	_	_	_	_	_	linguistic	_	ContainsVariation=No	_	_	0x2	_	_	_
481-29	TO044	481	29	è	è	_	_	_	_	_	linguistic	_	ContainsVariation=No	_	_	_	_	_	_
481-30	TO044	481	30	stata	stata	_	_	_	_	_	linguistic	_	ContainsVariation=No	_	_	_	_	_	_
481-31	TO044	481	31	la	la	_	_	_	_	_	linguistic	_	ContainsVariation=No	_	_	_	_	_	_
481-32	TO044	481	32	più,	più	_	_	_	_	_	linguistic	_	ContainsVariation=No	Intonation=WeaklyRising	End=1287.091	_	_	_	_
482-0	TO055	482	0	((ride))	((ride))	_	_	_	_	_	nonverbalbehavior	_	ContainsVariation=No	_	Begin=1282.233	_	_	_	_
482-1	TO055	482	1	[okay].	okay	_	_	_	_	_	linguistic	_	ContainsVariation=No	Intonation=Falling	End=1283.127	_	_	_	0-4(137)
483-0	TO044	483	0	la	la	_	_	_	_	_	linguistic	_	ContainsVariation=No	_	Begin=1287.411	_	_	_	_
483-1	TO044	483	1	mia	mia	_	_	_	_	_	linguistic	_	ContainsVariation=No	_	_	_	_	_	_
483-2	TO044	483	2	preferita	preferita	_	_	_	_	_	linguistic	_	ContainsVariation=No	_	_	_	_	_	_
483-3	TO044	483	3	cu~	cu~	_	_	_	_	_	linguistic	_	ContainsVariation=No	Interrupted=Yes|PauseAfter=Yes	_	_	_	_	_
483-4	TO044	483	4	(.)	(.)	_	_	_	_	_	shortpause	_	ContainsVariation=No	_	_	_	_	_	_
483-5	TO044	483	5	la	la	_	_	_	_	_	linguistic	_	ContainsVariation=No	_	_	_	_	_	_
483-6	TO044	483	6	cucina	cucina	_	_	_	_	_	linguistic	_	ContainsVariation=No	PauseAfter=Yes	_	_	_	_	_
483-7	TO044	483	7	(.)	(.)	_	_	_	_	_	shortpause	_	ContainsVariation=No	_	_	_	_	_	_
483-8	TO044	483	8	che	che	_	_	_	_	_	linguistic	_	ContainsVariation=No	_	_	_	_	_	_
483-9	TO044	483	9	ho	ho	_	_	_	_	_	linguistic	_	ContainsVariation=No	_	_	_	_	_	_
483-10	TO044	483	10	preferito.	preferito	_	_	_	_	_	linguistic	_	ContainsVariation=No	Intonation=Falling	End=1290.477	_	_	_	_
484-0	TO055	484	0	okay.	okay	_	_	_	_	_	linguistic	_	ContainsVariation=No	Intonation=Falling	Begin=1290.477|End=1291.027	_	_	_	_
485-0	TO044	485	0	°la	la	_	_	_	_	_	linguistic	_	ContainsVariation=No	Volume=low	Begin=1291.349	_	_	_	_
485-1	TO044	485	1	m[ia	mia	_	_	_	_	_	linguistic	_	ContainsVariation=No	Volume=low	_	_	_	_	1-3(138)
485-2	TO044	485	2	preferita.°]	preferita	_	_	_	_	_	linguistic	_	ContainsVariation=No	Intonation=Falling|Volume=low	End=1292.568	_	_	_	0-9(138)
486-0	TO055	486	0	((ride))	((ride))	_	_	_	_	_	nonverbalbehavior	_	ContainsVariation=No	_	Begin=1291.597|End=1293.467	_	_	_	_
487-0	TO044	487	0	e:h	eh	_	_	_	_	_	linguistic	_	ContainsVariation=No	ProsodicLink=Yes	Begin=1293.467	0x1	_	_	_
487-1	TO044	487	1	m::h	mh	_	_	_	_	_	linguistic	_	ContainsVariation=No	_	_	0x2	_	_	_
487-2	TO044	487	2	e	e	_	_	_	_	_	linguistic	_	ContainsVariation=No	_	_	_	_	_	_
487-3	TO044	487	3	poi::,	poi	_	_	_	_	_	linguistic	_	ContainsVariation=No	Intonation=WeaklyRising	End=1295.816	2x2	_	_	_
488-0	TO044	488	0	e	e	_	_	_	_	_	linguistic	_	ContainsVariation=No	_	Begin=1295.908	_	_	_	_
488-1	TO044	488	1	poi	poi	_	_	_	_	_	linguistic	_	ContainsVariation=No	_	_	_	_	_	_
488-2	TO044	488	2	niente	niente	_	_	_	_	_	linguistic	_	ContainsVariation=No	_	_	_	_	_	_
488-3	TO044	488	3	<indiano	indiano	_	_	_	_	_	linguistic	_	ContainsVariation=No	_	_	_	Slow=0-7(0)	_	_
488-4	TO044	488	4	cines[e>	cinese	_	_	_	_	_	linguistic	_	ContainsVariation=No	_	_	_	Slow=0-6(0)	_	5-6(139)
488-5	TO044	488	5	di	di	_	_	_	_	_	linguistic	_	ContainsVariation=No	_	_	_	_	_	0-2(139)
488-6	TO044	488	6	tutto].	tutto	_	_	_	_	_	linguistic	_	ContainsVariation=No	Intonation=Falling	End=1299.697	_	_	_	0-5(139)
489-0	TO055	489	0	[un	un	_	_	_	_	_	linguistic	_	ContainsVariation=No	_	Begin=1298.61	_	_	_	0-2(139)
489-1	TO055	489	1	po'	po'	_	_	_	_	_	linguistic	_	ContainsVariation=No	_	_	_	_	_	0-3(139)
489-2	TO055	489	2	di	di	_	_	_	_	_	linguistic	_	ContainsVariation=No	_	_	_	_	_	0-2(139)
489-3	TO055	489	3	tutto].	tutto	_	_	_	_	_	linguistic	_	ContainsVariation=No	Intonation=Falling	End=1299.697	_	_	_	0-5(139)
490-0	TO044	490	0	quindi	quindi	_	_	_	_	_	linguistic	_	ContainsVariation=No	_	Begin=1299.931	_	_	_	_
490-1	TO044	490	1	è	è	_	_	_	_	_	linguistic	_	ContainsVariation=No	_	_	_	_	_	_
490-2	TO044	490	2	stato	stato	_	_	_	_	_	linguistic	_	ContainsVariation=No	_	_	_	_	_	_
490-3	TO044	490	3	fighissimo,	fighissimo	_	_	_	_	_	linguistic	_	ContainsVariation=No	Intonation=WeaklyRising	End=1301.33	_	_	_	_
491-0	TO044	491	0	e	e	_	_	_	_	_	linguistic	_	ContainsVariation=No	_	Begin=1301.697	_	_	_	_
491-1	TO044	491	1	poi:	poi	_	_	_	_	_	linguistic	_	ContainsVariation=No	_	_	2x1	_	_	_
491-2	TO044	491	2	un	un	_	_	_	_	_	linguistic	_	ContainsVariation=No	_	_	_	_	_	_
491-3	TO044	491	3	altro	altro	_	_	_	_	_	linguistic	_	ContainsVariation=No	_	_	_	_	_	_
491-4	TO044	491	4	posto	posto	_	_	_	_	_	linguistic	_	ContainsVariation=No	_	_	_	_	_	_
491-5	TO044	491	5	figo	figo	_	_	_	_	_	linguistic	_	ContainsVariation=No	_	_	_	_	_	_
491-6	TO044	491	6	di	di	_	_	_	_	_	linguistic	_	ContainsVariation=No	_	_	_	_	_	_
491-7	TO044	491	7	boston	boston	_	_	_	_	_	linguistic	_	ContainsVariation=No	_	_	_	_	_	_
491-8	TO044	491	8	era	era	_	_	_	_	_	linguistic	_	ContainsVariation=No	_	_	_	_	_	_
491-9	TO044	491	9	che:	che	_	_	_	_	_	linguistic	_	ContainsVariation=No	ProsodicLink=Yes	_	2x1	_	_	_
491-10	TO044	491	10	mh,	mh	_	_	_	_	_	linguistic	_	ContainsVariation=No	Intonation=WeaklyRising	End=1304.706	_	_	_	_
492-0	TO044	492	0	e::h	eh	_	_	_	_	_	linguistic	_	ContainsVariation=No	_	Begin=1305.816	0x2	_	_	_
492-1	TO044	492	1	c'	c'	_	_	_	_	_	linguistic	_	ContainsVariation=No	SpaceAfter=No	_	_	_	_	_
492-2	TO044	492	2	era	era	_	_	_	_	_	linguistic	_	ContainsVariation=No	_	_	_	_	_	_
492-3	TO044	492	3	un	un	_	_	_	_	_	linguistic	_	ContainsVariation=No	_	_	_	_	_	_
492-4	TO044	492	4	mercato	mercato	_	_	_	_	_	linguistic	_	ContainsVariation=No	_	_	_	_	_	_
492-5	TO044	492	5	la	la	_	_	_	_	_	linguistic	_	ContainsVariation=No	_	_	_	_	_	_
492-6	TO044	492	6	domenica,	domenica	_	_	_	_	_	linguistic	_	ContainsVariation=No	Intonation=WeaklyRising	End=1308.229	_	_	_	_
493-0	TO044	493	0	e	e	_	_	_	_	_	linguistic	_	ContainsVariation=No	_	Begin=1308.562	_	_	_	_
493-1	TO044	493	1	iniziato	iniziato	_	_	_	_	_	linguistic	_	ContainsVariation=No	_	_	_	_	_	_
493-2	TO044	493	2	i:l	il	_	_	_	_	_	linguistic	_	ContainsVariation=No	_	_	0x1	_	_	_
493-3	TO044	493	3	pri~	pri~	_	_	_	_	_	linguistic	_	ContainsVariation=No	Interrupted=Yes	_	_	_	_	_
493-4	TO044	493	4	i	i	_	_	_	_	_	linguistic	_	ContainsVariation=No	_	_	_	_	_	_
493-5	TO044	493	5	primi	primi	_	_	_	_	_	linguistic	_	ContainsVariation=No	_	_	_	_	_	_
493-6	TO044	493	6	di	di	_	_	_	_	_	linguistic	_	ContainsVariation=No	_	_	_	_	_	_
493-7	TO044	493	7	[maggio].	maggio	_	_	_	_	_	linguistic	_	ContainsVariation=No	Intonation=Falling	End=1311.095	_	_	_	0-6(140)
494-0	TO055	494	0	[oka]y.	okay	_	_	_	_	_	linguistic	_	ContainsVariation=No	Intonation=Falling	Begin=1310.581|End=1311.174	_	_	_	0-3(140)
495-0	TO044	495	0	e::	e	_	_	_	_	_	linguistic	_	ContainsVariation=No	_	Begin=1311.416	0x2	_	_	_
495-1	TO044	495	1	ogni	ogni	_	_	_	_	_	linguistic	_	ContainsVariation=No	_	_	_	_	_	_
495-2	TO044	495	2	domenica	domenica	_	_	_	_	_	linguistic	_	ContainsVariation=No	_	_	_	_	_	_
495-3	TO044	495	3	c'	c'	_	_	_	_	_	linguistic	_	ContainsVariation=No	SpaceAfter=No	_	_	_	_	_
495-4	TO044	495	4	è	è	_	_	_	_	_	linguistic	_	ContainsVariation=No	_	_	_	_	_	_
495-5	TO044	495	5	un	un	_	_	_	_	_	linguistic	_	ContainsVariation=No	_	_	_	_	_	_
495-6	TO044	495	6	mercato	mercato	_	_	_	_	_	linguistic	_	ContainsVariation=No	_	_	_	_	_	_
495-7	TO044	495	7	che	che	_	_	_	_	_	linguistic	_	ContainsVariation=No	_	_	_	_	_	_
495-8	TO044	495	8	si	si	_	_	_	_	_	linguistic	_	ContainsVariation=No	_	_	_	_	_	_
495-9	TO044	495	9	chiama	chiama	_	_	_	_	_	linguistic	_	ContainsVariation=No	_	_	_	_	_	_
495-10	TO044	495	10	sowa	sowa	_	_	_	_	_	linguistic	_	ContainsVariation=No	_	_	_	_	_	_
495-11	TO044	495	11	market	market	_	_	_	_	_	linguistic	_	ContainsVariation=No	_	_	_	_	_	_
495-12	TO044	495	12	che	che	_	_	_	_	_	linguistic	_	ContainsVariation=No	_	_	_	_	_	_
495-13	TO044	495	13	vendono	vendono	_	_	_	_	_	linguistic	_	ContainsVariation=No	_	_	_	_	_	_
495-14	TO044	495	14	sia	sia	_	_	_	_	_	linguistic	_	ContainsVariation=No	_	_	_	_	_	_
495-15	TO044	495	15	cose::	cose	_	_	_	_	_	linguistic	_	ContainsVariation=No	_	_	3x2	_	_	_
495-16	TO044	495	16	tipo	tipo	_	_	_	_	_	linguistic	_	ContainsVariation=No	_	_	_	_	_	_
495-17	TO044	495	17	vestiti	vestiti	_	_	_	_	_	linguistic	_	ContainsVariation=No	_	_	_	_	_	_
495-18	TO044	495	18	cose	cose	_	_	_	_	_	linguistic	_	ContainsVariation=No	_	_	_	_	_	_
495-19	TO044	495	19	dell'	dell'	_	_	_	_	_	linguistic	_	ContainsVariation=No	SpaceAfter=No	_	_	_	_	_
495-20	TO044	495	20	usato	usato	_	_	_	_	_	linguistic	_	ContainsVariation=No	_	_	_	_	_	_
495-21	TO044	495	21	vestiti	vestiti	_	_	_	_	_	linguistic	_	ContainsVariation=No	_	_	_	_	_	_
495-22	TO044	495	22	eleganti	eleganti	_	_	_	_	_	linguistic	_	ContainsVariation=No	_	_	_	_	_	_
495-23	TO044	495	23	di	di	_	_	_	_	_	linguistic	_	ContainsVariation=No	_	_	_	_	_	_
495-24	TO044	495	24	tutto	tutto	_	_	_	_	_	linguistic	_	ContainsVariation=No	_	_	_	_	_	_
495-25	TO044	495	25	ma	ma	_	_	_	_	_	linguistic	_	ContainsVariation=No	_	_	_	_	_	_
495-26	TO044	495	26	anche	anche	_	_	_	_	_	linguistic	_	ContainsVariation=No	_	_	_	_	_	_
495-27	TO044	495	27	cibo,	cibo	_	_	_	_	_	linguistic	_	ContainsVariation=No	Intonation=WeaklyRising	End=1320.321	_	_	_	_
496-0	TO044	496	0	(non	non	_	_	_	_	_	linguistic	_	ContainsVariation=No	_	Begin=1320.697	_	_	0-3(0)	_
496-1	TO044	496	1	so)	so	_	_	_	_	_	linguistic	_	ContainsVariation=No	_	_	_	_	0-2(0)	_
496-2	TO044	496	2	<miele	miele	_	_	_	_	_	linguistic	_	ContainsVariation=No	_	_	_	Slow=0-5(0)	_	_
496-3	TO044	496	3	locale::>,	locale	_	_	_	_	_	linguistic	_	ContainsVariation=No	Intonation=WeaklyRising	End=1322.963	5x2	Slow=0-6(0)	_	_
497-0	TO055	497	0	che	che	_	_	_	_	_	linguistic	_	ContainsVariation=No	_	Begin=1322.954	_	_	_	_
497-1	TO055	497	1	be[llo].	bello	_	_	_	_	_	linguistic	_	ContainsVariation=No	Intonation=Falling	End=1323.963	_	_	_	2-5(142)
498-0	TO044	498	0	[<vino]	vino	_	_	_	_	_	linguistic	_	ContainsVariation=No	_	Begin=1323.606	_	Slow=0-4(0)	_	0-4(142)
498-1	TO044	498	1	con	con	_	_	_	_	_	linguistic	_	ContainsVariation=No	_	_	_	Slow=0-3(0)	_	_
498-2	TO044	498	2	il	il	_	_	_	_	_	linguistic	_	ContainsVariation=No	_	_	_	Slow=0-2(0)	_	_
498-3	TO044	498	3	ginger>	ginger	_	_	_	_	_	linguistic	_	ContainsVariation=No	_	_	_	Slow=0-6(0)	_	_
498-4	TO044	498	4	non	non	_	_	_	_	_	linguistic	_	ContainsVariation=No	_	_	_	_	_	_
498-5	TO044	498	5	so	so	_	_	_	_	_	linguistic	_	ContainsVariation=No	_	_	_	_	_	_
498-6	TO044	498	6	tante	tante	_	_	_	_	_	linguistic	_	ContainsVariation=No	_	_	_	_	_	_
498-7	TO044	498	7	cose	cose	_	_	_	_	_	linguistic	_	ContainsVariation=No	_	_	_	_	_	_
498-8	TO044	498	8	così,	così	_	_	_	_	_	linguistic	_	ContainsVariation=No	Intonation=WeaklyRising	End=1326.283	_	_	_	_
499-0	TO044	499	0	ed	ed	_	_	_	_	_	linguistic	_	ContainsVariation=No	_	Begin=1326.596	_	_	_	_
499-1	TO044	499	1	è	è	_	_	_	_	_	linguistic	_	ContainsVariation=No	_	_	_	_	_	_
499-2	TO044	499	2	stato	stato	_	_	_	_	_	linguistic	_	ContainsVariation=No	_	_	_	_	_	_
499-3	TO044	499	3	figo	figo	_	_	_	_	_	linguistic	_	ContainsVariation=No	_	_	_	_	_	_
499-4	TO044	499	4	perché	perché	_	_	_	_	_	linguistic	_	ContainsVariation=No	_	_	_	_	_	_
499-5	TO044	499	5	sopra	sopra	_	_	_	_	_	linguistic	_	ContainsVariation=No	_	_	_	_	_	_
499-6	TO044	499	6	questo	questo	_	_	_	_	_	linguistic	_	ContainsVariation=No	_	_	_	_	_	_
499-7	TO044	499	7	mercato	mercato	_	_	_	_	_	linguistic	_	ContainsVariation=No	_	_	_	_	_	_
499-8	TO044	499	8	ci	ci	_	_	_	_	_	linguistic	_	ContainsVariation=No	_	_	_	_	_	_
499-9	TO044	499	9	sono	sono	_	_	_	_	_	linguistic	_	ContainsVariation=No	_	_	_	_	_	_
499-10	TO044	499	10	degli	degli	_	_	_	_	_	linguistic	_	ContainsVariation=No	_	_	_	_	_	_
499-11	TO044	499	11	atelier	atelier	_	_	_	_	_	linguistic	_	ContainsVariation=No	_	_	_	_	_	_
499-12	TO044	499	12	di	di	_	_	_	_	_	linguistic	_	ContainsVariation=No	_	_	_	_	_	_
499-13	TO044	499	13	artisti:	artisti	_	_	_	_	_	linguistic	_	ContainsVariation=No	_	_	6x1	_	_	_
499-14	TO044	499	14	moderni	moderni	_	_	_	_	_	linguistic	_	ContainsVariation=No	_	_	_	_	_	_
499-15	TO044	499	15	e	e	_	_	_	_	_	linguistic	_	ContainsVariation=No	_	_	_	_	_	_
499-16	TO044	499	16	tu	tu	_	_	_	_	_	linguistic	_	ContainsVariation=No	_	_	_	_	_	_
499-17	TO044	499	17	puoi	puoi	_	_	_	_	_	linguistic	_	ContainsVariation=No	_	_	_	_	_	_
499-18	TO044	499	18	entrare	entrare	_	_	_	_	_	linguistic	_	ContainsVariation=No	_	_	_	_	_	_
499-19	TO044	499	19	fa(r)	far	_	_	_	_	_	linguistic	_	ContainsVariation=No	_	_	_	_	2-3(0)	_
499-20	TO044	499	20	delle	delle	_	_	_	_	_	linguistic	_	ContainsVariation=No	_	_	_	_	_	_
499-21	TO044	499	21	domande	domande	_	_	_	_	_	linguistic	_	ContainsVariation=No	_	_	_	_	_	_
499-22	TO044	499	22	oltre	oltre	_	_	_	_	_	linguistic	_	ContainsVariation=No	_	_	_	_	_	_
499-23	TO044	499	23	che	che	_	_	_	_	_	linguistic	_	ContainsVariation=No	_	_	_	_	_	_
499-24	TO044	499	24	comprare	comprare	_	_	_	_	_	linguistic	_	ContainsVariation=No	_	_	_	_	_	_
499-25	TO044	499	25	[i	i	_	_	_	_	_	linguistic	_	ContainsVariation=No	_	_	_	_	_	0-1(143)
499-26	TO044	499	26	quadri	quadri	_	_	_	_	_	linguistic	_	ContainsVariation=No	_	_	_	_	_	0-6(143)
499-27	TO044	499	27	o]vviament~	ovviament~	_	_	_	_	_	linguistic	_	ContainsVariation=No	Interrupted=Yes	End=1334.99	_	_	_	0-1(143)
500-0	TO055	500	0	[okay].	okay	_	_	_	_	_	linguistic	_	ContainsVariation=No	Intonation=Falling	Begin=1334.142|End=1334.602	_	_	_	0-4(143)
501-0	TO044	501	0	far	far	_	_	_	_	_	linguistic	_	ContainsVariation=No	_	Begin=1335.297	_	_	_	_
501-1	TO044	501	1	delle	delle	_	_	_	_	_	linguistic	_	ContainsVariation=No	_	_	_	_	_	_
501-2	TO044	501	2	domande	domande	_	_	_	_	_	linguistic	_	ContainsVariation=No	_	_	_	_	_	_
501-3	TO044	501	3	parlare	parlare	_	_	_	_	_	linguistic	_	ContainsVariation=No	_	_	_	_	_	_
501-4	TO044	501	4	con	con	_	_	_	_	_	linguistic	_	ContainsVariation=No	_	_	_	_	_	_
501-5	TO044	501	5	<loro:>	loro	_	_	_	_	_	linguistic	_	ContainsVariation=No	_	_	3x1	Slow=0-4(0)	_	_
501-6	TO044	501	6	e	e	_	_	_	_	_	linguistic	_	ContainsVariation=No	_	_	_	_	_	_
501-7	TO044	501	7	quindi	quindi	_	_	_	_	_	linguistic	_	ContainsVariation=No	_	_	_	_	_	_
501-8	TO044	501	8	è	è	_	_	_	_	_	linguistic	_	ContainsVariation=No	_	_	_	_	_	_
501-9	TO044	501	9	figo	figo	_	_	_	_	_	linguistic	_	ContainsVariation=No	_	_	_	_	_	_
501-10	TO044	501	10	perché::	perché	_	_	_	_	_	linguistic	_	ContainsVariation=No	_	_	5x2	_	_	_
501-11	TO044	501	11	appunto	appunto	_	_	_	_	_	linguistic	_	ContainsVariation=No	_	_	_	_	_	_
501-12	TO044	501	12	io:	io	_	_	_	_	_	linguistic	_	ContainsVariation=No	_	_	1x1	_	_	_
501-13	TO044	501	13	che	che	_	_	_	_	_	linguistic	_	ContainsVariation=No	_	_	_	_	_	_
501-14	TO044	501	14	sono	sono	_	_	_	_	_	linguistic	_	ContainsVariation=No	_	_	_	_	_	_
501-15	TO044	501	15	un	un	_	_	_	_	_	linguistic	_	ContainsVariation=No	_	_	_	_	_	_
501-16	TO044	501	16	po'	po'	_	_	_	_	_	linguistic	_	ContainsVariation=No	_	_	_	_	_	_
501-17	TO044	501	17	chiacchiero[na	chiacchierona	_	_	_	_	_	linguistic	_	ContainsVariation=No	_	_	_	_	_	11-13(144)
501-18	TO044	501	18	sono]	sono	_	_	_	_	_	linguistic	_	ContainsVariation=No	_	_	_	_	_	0-4(144)
501-19	TO044	501	19	entrata	entrata	_	_	_	_	_	linguistic	_	ContainsVariation=No	_	_	_	_	_	_
501-20	TO044	501	20	ho	ho	_	_	_	_	_	linguistic	_	ContainsVariation=No	_	_	_	_	_	_
501-21	TO044	501	21	parlato	parlato	_	_	_	_	_	linguistic	_	ContainsVariation=No	_	_	_	_	_	_
501-22	TO044	501	22	con	con	_	_	_	_	_	linguistic	_	ContainsVariation=No	_	_	_	_	_	_
501-23	TO044	501	23	un	un	_	_	_	_	_	linguistic	_	ContainsVariation=No	_	_	_	_	_	_
501-24	TO044	501	24	sacco	sacco	_	_	_	_	_	linguistic	_	ContainsVariation=No	_	_	_	_	_	_
501-25	TO044	501	25	di	di	_	_	_	_	_	linguistic	_	ContainsVariation=No	_	_	_	_	_	_
501-26	TO044	501	26	gente,	gente	_	_	_	_	_	linguistic	_	ContainsVariation=No	Intonation=WeaklyRising	End=1344.541	_	_	_	_
502-0	TO055	502	0	[mhmh],	mhmh	_	_	_	_	_	linguistic	_	ContainsVariation=No	Intonation=WeaklyRising	Begin=1341.917|End=1342.403	_	_	_	0-4(144)
503-0	TO044	503	0	e	e	_	_	_	_	_	linguistic	_	ContainsVariation=No	_	Begin=1344.807	_	_	_	_
503-1	TO044	503	1	tutti	tutti	_	_	_	_	_	linguistic	_	ContainsVariation=No	_	_	_	_	_	_
503-2	TO044	503	2	lì	lì	_	_	_	_	_	linguistic	_	ContainsVariation=No	_	_	_	_	_	_
503-3	TO044	503	3	si	si	_	_	_	_	_	linguistic	_	ContainsVariation=No	_	_	_	_	_	_
503-4	TO044	503	4	prendon	prendon	_	_	_	_	_	linguistic	_	ContainsVariation=No	_	_	_	_	_	_
503-5	TO044	503	5	bene	bene	_	_	_	_	_	linguistic	_	ContainsVariation=No	_	_	_	_	_	_
503-6	TO044	503	6	se	se	_	_	_	_	_	linguistic	_	ContainsVariation=No	_	_	_	_	_	_
503-7	TO044	503	7	sei	sei	_	_	_	_	_	linguistic	_	ContainsVariation=No	_	_	_	_	_	_
503-8	TO044	503	8	<italia:no>	italiano	_	_	_	_	_	linguistic	_	ContainsVariation=No	_	_	5x1	Slow=0-8(0)	_	_
503-9	TO044	503	9	quindi	quindi	_	_	_	_	_	linguistic	_	ContainsVariation=No	_	_	_	Fast=0-6(0)	_	_
503-10	TO044	503	10	hanno	hanno	_	_	_	_	_	linguistic	_	ContainsVariation=No	_	_	_	Fast=0-5(0)	_	_
503-11	TO044	503	11	iniziato	iniziato	_	_	_	_	_	linguistic	_	ContainsVariation=No	_	_	_	Fast=0-8(0)	_	_
503-12	TO044	503	12	a	a	_	_	_	_	_	linguistic	_	ContainsVariation=No	_	_	_	Fast=0-1(0)	_	_
503-13	TO044	503	13	farmi	farmi	_	_	_	_	_	linguistic	_	ContainsVariation=No	_	_	_	Fast=0-5(0)	_	_
503-14	TO044	503	14	vedere	vedere	_	_	_	_	_	linguistic	_	ContainsVariation=No	_	_	_	Fast=0-6(0)	_	_
503-15	TO044	503	15	le	le	_	_	_	_	_	linguistic	_	ContainsVariation=No	_	_	_	Fast=0-2(0)	_	_
503-16	TO044	503	16	foto	foto	_	_	_	_	_	linguistic	_	ContainsVariation=No	_	_	_	Fast=0-4(0)	_	_
503-17	TO044	503	17	delle	delle	_	_	_	_	_	linguistic	_	ContainsVariation=No	_	_	_	Fast=0-5(0)	_	_
503-18	TO044	503	18	loro	loro	_	_	_	_	_	linguistic	_	ContainsVariation=No	_	_	_	Fast=0-4(0)	_	_
503-19	TO044	503	19	va[canze	vacanze	_	_	_	_	_	linguistic	_	ContainsVariation=No	_	_	_	Fast=0-7(0)	_	2-7(145)
503-20	TO044	503	20	in	in	_	_	_	_	_	linguistic	_	ContainsVariation=No	_	_	_	Fast=0-2(0)	_	0-2(145)
503-21	TO044	503	21	<italia::>],	italia	_	_	_	_	_	linguistic	_	ContainsVariation=No	Intonation=WeaklyRising	End=1351.292	5x2	Slow=0-6(1)	_	0-6(145)
504-0	TO055	504	0	((ride))	((ride))	_	_	_	_	_	nonverbalbehavior	_	ContainsVariation=No	_	Begin=1349.765|End=1351.293	_	_	_	_
505-0	TO044	505	0	e::h	eh	_	_	_	_	_	linguistic	_	ContainsVariation=No	_	Begin=1351.517	0x2	_	_	_
505-1	TO044	505	1	e	e	_	_	_	_	_	linguistic	_	ContainsVariation=No	_	_	_	_	_	_
505-2	TO044	505	2	mi	mi	_	_	_	_	_	linguistic	_	ContainsVariation=No	_	_	_	_	_	_
505-3	TO044	505	3	ha	ha	_	_	_	_	_	linguistic	_	ContainsVariation=No	_	_	_	_	_	_
505-4	TO044	505	4	raccontato	raccontato	_	_	_	_	_	linguistic	_	ContainsVariation=No	_	_	_	_	_	_
505-5	TO044	505	5	appunto	appunto	_	_	_	_	_	linguistic	_	ContainsVariation=No	_	_	_	_	_	_
505-6	TO044	505	6	cosa	cosa	_	_	_	_	_	linguistic	_	ContainsVariation=No	_	_	_	_	_	_
505-7	TO044	505	7	c'	c'	_	_	_	_	_	linguistic	_	ContainsVariation=No	SpaceAfter=No	_	_	_	_	_
505-8	TO044	505	8	era	era	_	_	_	_	_	linguistic	_	ContainsVariation=No	_	_	_	_	_	_
505-9	TO044	505	9	dietro	dietro	_	_	_	_	_	linguistic	_	ContainsVariation=No	_	_	_	_	_	_
505-10	TO044	505	10	la	la	_	_	_	_	_	linguistic	_	ContainsVariation=No	_	_	_	_	_	_
505-11	TO044	505	11	loro	loro	_	_	_	_	_	linguistic	_	ContainsVariation=No	_	_	_	_	_	_
505-12	TO044	505	12	<arte:>	arte	_	_	_	_	_	linguistic	_	ContainsVariation=No	_	_	3x1	Slow=0-4(0)	_	_
505-13	TO044	505	13	quando	quando	_	_	_	_	_	linguistic	_	ContainsVariation=No	_	_	_	_	_	_
505-14	TO044	505	14	aprivano	aprivano	_	_	_	_	_	linguistic	_	ContainsVariation=No	_	_	_	_	_	_
505-15	TO044	505	15	quando,	quando	_	_	_	_	_	linguistic	_	ContainsVariation=No	Intonation=WeaklyRising	End=1357.018	_	_	_	_
506-0	TO044	506	0	e	e	_	_	_	_	_	linguistic	_	ContainsVariation=No	_	Begin=1357.489	_	_	_	_
506-1	TO044	506	1	quindi	quindi	_	_	_	_	_	linguistic	_	ContainsVariation=No	_	_	_	_	_	_
506-2	TO044	506	2	è	è	_	_	_	_	_	linguistic	_	ContainsVariation=No	_	_	_	_	_	_
506-3	TO044	506	3	s[tato	stato	_	_	_	_	_	linguistic	_	ContainsVariation=No	_	_	_	_	_	1-5(146)
506-4	TO044	506	4	fig(a)].	figa	_	_	_	_	_	linguistic	_	ContainsVariation=No	Intonation=Falling	End=1359.128	_	_	3-4(0)	0-4(146)
507-0	TO055	507	0	[che	che	_	_	_	_	_	linguistic	_	ContainsVariation=No	_	Begin=1358.201	_	_	_	0-3(146)
507-1	TO055	507	1	poi	poi	_	_	_	_	_	linguistic	_	ContainsVariation=No	_	_	_	_	_	0-3(146)
507-2	TO055	507	2	gli	gli	_	_	_	_	_	linguistic	_	ContainsVariation=No	_	_	_	_	_	0-3(146)
507-3	TO055	507	3	stranie]ri	stranieri	_	_	_	_	_	linguistic	_	ContainsVariation=No	_	_	_	_	_	0-7(146)
507-4	TO055	507	4	si	si	_	_	_	_	_	linguistic	_	ContainsVariation=No	_	_	_	_	_	_
507-5	TO055	507	5	prendono	prendono	_	_	_	_	_	linguistic	_	ContainsVariation=No	_	_	_	_	_	_
507-6	TO055	507	6	beniss[imo	benissimo	_	_	_	_	_	linguistic	_	ContainsVariation=No	_	_	_	_	_	6-9(147)
507-7	TO055	507	7	con	con	_	_	_	_	_	linguistic	_	ContainsVariation=No	_	_	_	_	_	0-3(147)
507-8	TO055	507	8	gli]	gli	_	_	_	_	_	linguistic	_	ContainsVariation=No	_	_	_	_	_	0-3(147)
507-9	TO055	507	9	italiani.	italiani	_	_	_	_	_	linguistic	_	ContainsVariation=No	Intonation=Falling	_	_	_	_	_
507-10	TO055	507	10	[è	è	_	_	_	_	_	linguistic	_	ContainsVariation=No	_	_	_	_	_	0-1(148)
507-11	TO055	507	11	paz]zesco.	pazzesco	_	_	_	_	_	linguistic	_	ContainsVariation=No	Intonation=Falling	End=1362.347	_	_	_	0-3(148)
508-0	TO044	508	0	[sì].	sì	_	_	_	_	_	linguistic	_	ContainsVariation=No	Intonation=Falling	Begin=1360.22|End=1360.633	_	_	_	0-2(147)
509-0	TO044	509	0	[sì].	sì	_	_	_	_	_	linguistic	_	ContainsVariation=No	Intonation=Falling	Begin=1361.44|End=1361.796	_	_	_	0-2(148)
510-0	TO044	510	0	soprattutto	soprattutto	_	_	_	_	_	linguistic	_	ContainsVariation=No	_	Begin=1362.347	_	_	_	_
510-1	TO044	510	1	gli	gli	_	_	_	_	_	linguistic	_	ContainsVariation=No	_	_	_	_	_	_
510-2	TO044	510	2	americani.	americani	_	_	_	_	_	linguistic	_	ContainsVariation=No	Intonation=Falling	End=1364.009	_	_	_	_
511-0	TO055	511	0	sì?	sì	_	_	_	_	_	linguistic	_	ContainsVariation=No	Intonation=Rising	Begin=1364.176|End=1364.55	_	_	_	_
512-0	TO044	512	0	mh.	mh	_	_	_	_	_	linguistic	_	ContainsVariation=No	Intonation=Falling	Begin=1364.648|End=1364.905	_	_	_	_
513-0	TO055	513	0	io	io	_	_	_	_	_	linguistic	_	ContainsVariation=No	_	Begin=1364.905	_	_	_	_
513-1	TO055	513	1	l'	l'	_	_	_	_	_	linguistic	_	ContainsVariation=No	SpaceAfter=No	_	_	_	_	_
513-2	TO055	513	2	ho	ho	_	_	_	_	_	linguistic	_	ContainsVariation=No	_	_	_	_	_	_
513-3	TO055	513	3	notato	notato	_	_	_	_	_	linguistic	_	ContainsVariation=No	_	_	_	_	_	_
513-4	TO055	513	4	un	un	_	_	_	_	_	linguistic	_	ContainsVariation=No	_	_	_	_	_	_
513-5	TO055	513	5	sacco	sacco	_	_	_	_	_	linguistic	_	ContainsVariation=No	_	_	_	_	_	_
513-6	TO055	513	6	negli	negli	_	_	_	_	_	linguistic	_	ContainsVariation=No	_	_	_	_	_	_
513-7	TO055	513	7	spagnoli	spagnoli	_	_	_	_	_	linguistic	_	ContainsVariation=No	_	_	_	_	_	_
513-8	TO055	513	8	ma	ma	_	_	_	_	_	linguistic	_	ContainsVariation=No	_	_	_	_	_	_
513-9	TO055	513	9	negli	negli	_	_	_	_	_	linguistic	_	ContainsVariation=No	_	_	_	_	_	_
513-10	TO055	513	10	american[i:::],	americani	_	_	_	_	_	linguistic	_	ContainsVariation=No	Intonation=WeaklyRising	End=1368.455	8x3	_	_	7-9(149)
514-0	TO044	514	0	[son	son	_	_	_	_	_	linguistic	_	ContainsVariation=No	_	Begin=1368.002	_	_	_	0-3(149)
514-1	TO044	514	1	fi]gh~	figh~	_	_	_	_	_	linguistic	_	ContainsVariation=No	Interrupted=Yes	_	_	_	_	0-2(149)
514-2	TO044	514	2	cioè	cioè	_	_	_	_	_	linguistic	_	ContainsVariation=No	_	_	_	_	_	_
514-3	TO044	514	3	ti	ti	_	_	_	_	_	linguistic	_	ContainsVariation=No	_	_	_	_	_	_
514-4	TO044	514	4	amano.	amano	_	_	_	_	_	linguistic	_	ContainsVariation=No	Intonation=Falling	End=1369.981	_	_	_	_
515-0	TO044	515	0	appena	appena	_	_	_	_	_	linguistic	_	ContainsVariation=No	_	Begin=1370.313	_	_	_	_
515-1	TO044	515	1	sanno	sanno	_	_	_	_	_	linguistic	_	ContainsVariation=No	_	_	_	_	_	_
515-2	TO044	515	2	che	che	_	_	_	_	_	linguistic	_	ContainsVariation=No	_	_	_	_	_	_
515-3	TO044	515	3	sei	sei	_	_	_	_	_	linguistic	_	ContainsVariation=No	_	_	_	_	_	_
515-4	TO044	515	4	italiano	italiano	_	_	_	_	_	linguistic	_	ContainsVariation=No	_	_	_	_	_	_
515-5	TO044	515	5	ti	ti	_	_	_	_	_	linguistic	_	ContainsVariation=No	_	_	_	_	_	_
515-6	TO044	515	6	a~	a~	_	_	_	_	_	linguistic	_	ContainsVariation=No	Interrupted=Yes	_	_	_	_	_
515-7	TO044	515	7	a	a	_	_	_	_	_	linguistic	_	ContainsVariation=No	_	_	_	_	_	_
515-8	TO044	515	8	parte	parte	_	_	_	_	_	linguistic	_	ContainsVariation=No	_	_	_	_	_	_
515-9	TO044	515	9	che	che	_	_	_	_	_	linguistic	_	ContainsVariation=No	_	_	_	_	_	_
515-10	TO044	515	10	ti	ti	_	_	_	_	_	linguistic	_	ContainsVariation=No	_	_	_	_	_	_
515-11	TO044	515	11	sfottono	sfottono	_	_	_	_	_	linguistic	_	ContainsVariation=No	_	_	_	_	_	_
515-12	TO044	515	12	per	per	_	_	_	_	_	linguistic	_	ContainsVariation=No	_	_	_	_	_	_
515-13	TO044	515	13	i	i	_	_	_	_	_	linguistic	_	ContainsVariation=No	_	_	_	_	_	_
515-14	TO044	515	14	classici	classici	_	_	_	_	_	linguistic	_	ContainsVariation=No	_	_	_	_	_	_
515-15	TO044	515	15	stereotipi	stereotipi	_	_	_	_	_	linguistic	_	ContainsVariation=No	_	_	_	_	_	_
515-16	TO044	515	16	[italia]ni,	italiani	_	_	_	_	_	linguistic	_	ContainsVariation=No	Intonation=WeaklyRising	End=1375.247	_	_	_	0-6(150)
516-0	TO055	516	0	[sì].	sì	_	_	_	_	_	linguistic	_	ContainsVariation=No	Intonation=Falling	Begin=1374.317|End=1374.731	_	_	_	0-2(150)
517-0	TO055	517	0	pizza	pizza	_	_	_	_	_	linguistic	_	ContainsVariation=No	_	Begin=1375.441	_	_	_	_
517-1	TO055	517	1	pasta	pasta	_	_	_	_	_	linguistic	_	ContainsVariation=No	_	_	_	_	_	_
517-2	TO055	517	2	e	e	_	_	_	_	_	linguistic	_	ContainsVariation=No	_	_	_	_	_	_
517-3	TO055	517	3	mandolino	mandolino	_	_	_	_	_	linguistic	_	ContainsVariation=No	_	_	_	_	_	_
517-4	TO055	517	4	((ride))	((ride))	_	_	_	_	_	nonverbalbehavior	_	ContainsVariation=No	_	End=1377.88	_	_	_	_
518-0	TO044	518	0	sì	sì	_	_	_	_	_	linguistic	_	ContainsVariation=No	_	Begin=1376.917	_	_	_	_
518-1	TO044	518	1	e	e	_	_	_	_	_	linguistic	_	ContainsVariation=No	_	_	_	_	_	_
518-2	TO044	518	2	poi	poi	_	_	_	_	_	linguistic	_	ContainsVariation=No	_	_	_	_	_	_
518-3	TO044	518	3	ti	ti	_	_	_	_	_	linguistic	_	ContainsVariation=No	_	_	_	_	_	_
518-4	TO044	518	4	fanno	fanno	_	_	_	_	_	linguistic	_	ContainsVariation=No	_	_	_	_	_	_
518-5	TO044	518	5	così	così	_	_	_	_	_	linguistic	_	ContainsVariation=No	_	_	_	_	_	_
518-6	TO044	518	6	con	con	_	_	_	_	_	linguistic	_	ContainsVariation=No	_	_	_	_	_	_
518-7	TO044	518	7	il	il	_	_	_	_	_	linguistic	_	ContainsVariation=No	_	_	_	_	_	_
518-8	TO044	518	8	segno	segno	_	_	_	_	_	linguistic	_	ContainsVariation=No	_	_	_	_	_	_
518-9	TO044	518	9	tipo	tipo	_	_	_	_	_	linguistic	_	ContainsVariation=No	_	_	_	_	_	_
518-10	TO044	518	10	di	di	_	_	_	_	_	linguistic	_	ContainsVariation=No	_	_	_	_	_	_
518-11	TO044	518	11	ma	ma	_	_	_	_	_	linguistic	_	ContainsVariation=No	_	_	_	_	_	_
518-12	TO044	518	12	va	va	_	_	_	_	_	linguistic	_	ContainsVariation=No	_	_	_	_	_	_
518-13	TO044	518	13	che,	che	_	_	_	_	_	linguistic	_	ContainsVariation=No	Intonation=WeaklyRising	End=1380.201	_	_	_	_
519-0	TO055	519	0	((ride))	((ride))	_	_	_	_	_	nonverbalbehavior	_	ContainsVariation=No	_	Begin=1380.211	_	_	_	_
519-1	TO055	519	1	è	è	_	_	_	_	_	linguistic	_	ContainsVariation=No	_	_	_	_	_	_
519-2	TO055	519	2	v[ero].	vero	_	_	_	_	_	linguistic	_	ContainsVariation=No	Intonation=Falling	End=1381.917	_	_	_	1-4(152)
520-0	TO044	520	0	[xx]	xx	_	_	_	_	_	unknown	_	ContainsVariation=No	Syllables=2	Begin=1381.524	_	_	_	0-2(152)
520-1	TO044	520	1	credo	credo	_	_	_	_	_	linguistic	_	ContainsVariation=No	_	_	_	_	_	_
520-2	TO044	520	2	che	che	_	_	_	_	_	linguistic	_	ContainsVariation=No	_	_	_	_	_	_
520-3	TO044	520	3	fosse	fosse	_	_	_	_	_	linguistic	_	ContainsVariation=No	_	_	_	_	_	_
520-4	TO044	520	4	uno	uno	_	_	_	_	_	linguistic	_	ContainsVariation=No	_	_	_	_	_	_
520-5	TO044	520	5	stereotipo	stereotipo	_	_	_	_	_	linguistic	_	ContainsVariation=No	_	_	_	_	_	_
520-6	TO044	520	6	ma	ma	_	_	_	_	_	linguistic	_	ContainsVariation=No	_	_	_	_	_	_
520-7	TO044	520	7	io	io	_	_	_	_	_	linguistic	_	ContainsVariation=No	_	_	_	_	_	_
520-8	TO044	520	8	lo	lo	_	_	_	_	_	linguistic	_	ContainsVariation=No	_	_	_	_	_	_
520-9	TO044	520	9	faccio	faccio	_	_	_	_	_	linguistic	_	ContainsVariation=No	_	_	_	_	_	_
520-10	TO044	520	10	un	un	_	_	_	_	_	linguistic	_	ContainsVariation=No	_	_	_	_	_	_
520-11	TO044	520	11	casino.	casino	_	_	_	_	_	linguistic	_	ContainsVariation=No	Intonation=Falling	End=1384.458	_	_	_	_
521-0	TO055	521	0	sì	sì	_	_	_	_	_	linguistic	_	ContainsVariation=No	_	Begin=1384.458	_	_	_	_
521-1	TO055	521	1	no	no	_	_	_	_	_	linguistic	_	ContainsVariation=No	_	_	_	_	_	_
521-2	TO055	521	2	no	no	_	_	_	_	_	linguistic	_	ContainsVariation=No	_	_	_	_	_	_
521-3	TO055	521	3	no	no	_	_	_	_	_	linguistic	_	ContainsVariation=No	_	_	_	_	_	_
521-4	TO055	521	4	è	è	_	_	_	_	_	linguistic	_	ContainsVariation=No	_	_	_	_	_	_
521-5	TO055	521	5	propri[o	proprio	_	_	_	_	_	linguistic	_	ContainsVariation=No	_	_	_	_	_	6-7(153)
521-6	TO055	521	6	vero].	vero	_	_	_	_	_	linguistic	_	ContainsVariation=No	Intonation=Falling	End=1385.895	_	_	_	0-4(153)
522-0	TO044	522	0	[perché	perché	_	_	_	_	_	linguistic	_	ContainsVariation=No	_	Begin=1385.36	_	_	_	0-6(153)
522-1	TO044	522	1	in	in	_	_	_	_	_	linguistic	_	ContainsVariation=No	_	_	_	_	_	0-2(153)
522-2	TO044	522	2	tu]tte	tutte	_	_	_	_	_	linguistic	_	ContainsVariation=No	_	_	_	_	_	0-2(153)
522-3	TO044	522	3	le	le	_	_	_	_	_	linguistic	_	ContainsVariation=No	_	_	_	_	_	_
522-4	TO044	522	4	foto	foto	_	_	_	_	_	linguistic	_	ContainsVariation=No	_	_	_	_	_	_
522-5	TO044	522	5	che	che	_	_	_	_	_	linguistic	_	ContainsVariation=No	_	_	_	_	_	_
522-6	TO044	522	6	ho	ho	_	_	_	_	_	linguistic	_	ContainsVariation=No	PauseAfter=Yes	_	_	_	_	_
522-7	TO044	522	7	(.)	(.)	_	_	_	_	_	shortpause	_	ContainsVariation=No	_	_	_	_	_	_
522-8	TO044	522	8	lo	lo	_	_	_	_	_	linguistic	_	ContainsVariation=No	_	_	_	_	_	_
522-9	TO044	522	9	faccio.	faccio	_	_	_	_	_	linguistic	_	ContainsVariation=No	Intonation=Falling	End=1387.426	_	_	_	_
523-0	TO044	523	0	è	è	_	_	_	_	_	linguistic	_	ContainsVariation=No	_	Begin=1387.907	_	_	_	_
523-1	TO044	523	1	assurdo	assurdo	_	_	_	_	_	linguistic	_	ContainsVariation=No	_	_	_	_	_	_
523-2	TO044	523	2	perché	perché	_	_	_	_	_	linguistic	_	ContainsVariation=No	_	_	_	_	_	_
523-3	TO044	523	3	loro	loro	_	_	_	_	_	linguistic	_	ContainsVariation=No	_	_	_	_	_	_
523-4	TO044	523	4	mi	mi	_	_	_	_	_	linguistic	_	ContainsVariation=No	_	_	_	_	_	_
523-5	TO044	523	5	dicevano	dicevano	_	_	_	_	_	linguistic	_	ContainsVariation=No	_	_	_	_	_	_
523-6	TO044	523	6	ah	ah	_	_	_	_	_	linguistic	_	ContainsVariation=No	_	_	_	_	_	_
523-7	TO044	523	7	voi	voi	_	_	_	_	_	linguistic	_	ContainsVariation=No	_	_	_	_	_	_
523-8	TO044	523	8	italiani	italiani	_	_	_	_	_	linguistic	_	ContainsVariation=No	_	_	_	_	_	_
523-9	TO044	523	9	fate	fate	_	_	_	_	_	linguistic	_	ContainsVariation=No	_	_	_	_	_	_
523-10	TO044	523	10	tutto	tutto	_	_	_	_	_	linguistic	_	ContainsVariation=No	_	_	_	_	_	_
523-11	TO044	523	11	così	così	_	_	_	_	_	linguistic	_	ContainsVariation=No	_	_	_	_	_	_
523-12	TO044	523	12	e	e	_	_	_	_	_	linguistic	_	ContainsVariation=No	_	_	_	_	_	_
523-13	TO044	523	13	io	io	_	_	_	_	_	linguistic	_	ContainsVariation=No	_	_	_	_	_	_
523-14	TO044	523	14	ma	ma	_	_	_	_	_	linguistic	_	ContainsVariation=No	_	_	_	_	_	_
523-15	TO044	523	15	no	no	_	_	_	_	_	linguistic	_	ContainsVariation=No	_	_	_	_	_	_
523-16	TO044	523	16	[ma	ma	_	_	_	_	_	linguistic	_	ContainsVariation=No	_	_	_	_	_	0-2(154)
523-17	TO044	523	17	xx	xx	_	_	_	_	_	unknown	_	ContainsVariation=No	Syllables=2	_	_	_	_	0-2(154)
523-18	TO044	523	18	xx]	xx	_	_	_	_	_	unknown	_	ContainsVariation=No	Syllables=2	End=1392.596	_	_	_	0-2(154)
524-0	TO055	524	0	[ma	ma	_	_	_	_	_	linguistic	_	ContainsVariation=No	_	Begin=1391.802	_	_	_	0-2(154)
524-1	TO055	524	1	che	che	_	_	_	_	_	linguistic	_	ContainsVariation=No	_	_	_	_	_	0-3(154)
524-2	TO055	524	2	poi	poi	_	_	_	_	_	linguistic	_	ContainsVariation=No	_	_	_	_	_	0-3(154)
524-3	TO055	524	3	non	non	_	_	_	_	_	linguistic	_	ContainsVariation=No	_	_	_	_	_	0-3(154)
524-4	TO055	524	4	è]	è	_	_	_	_	_	linguistic	_	ContainsVariation=No	_	_	_	_	_	0-1(154)
524-5	TO055	524	5	cioè	cioè	_	_	_	_	_	linguistic	_	ContainsVariation=No	_	_	_	_	_	_
524-6	TO055	524	6	non	non	_	_	_	_	_	linguistic	_	ContainsVariation=No	_	_	_	_	_	_
524-7	TO055	524	7	lo	lo	_	_	_	_	_	linguistic	_	ContainsVariation=No	_	_	_	_	_	_
524-8	TO055	524	8	[noti].	noti	_	_	_	_	_	linguistic	_	ContainsVariation=No	Intonation=Falling	End=1393.724	_	_	_	0-4(155)
525-0	TO044	525	0	[dici	dici	_	_	_	_	_	linguistic	_	ContainsVariation=No	_	Begin=1393.286	_	_	_	0-4(155)
525-1	TO044	525	1	c]he	che	_	_	_	_	_	linguistic	_	ContainsVariation=No	_	_	_	_	_	0-1(155)
525-2	TO044	525	2	è	è	_	_	_	_	_	linguistic	_	ContainsVariation=No	_	_	_	_	_	_
525-3	TO044	525	3	uno	uno	_	_	_	_	_	linguistic	_	ContainsVariation=No	_	_	_	_	_	_
525-4	TO044	525	4	stereotipo	stereotipo	_	_	_	_	_	linguistic	_	ContainsVariation=No	_	_	_	_	_	_
525-5	TO044	525	5	ma	ma	_	_	_	_	_	linguistic	_	ContainsVariation=No	_	_	_	_	_	_
525-6	TO044	525	6	in	in	_	_	_	_	_	linguistic	_	ContainsVariation=No	_	_	_	_	_	_
525-7	TO044	525	7	realtà	realtà	_	_	_	_	_	linguistic	_	ContainsVariation=No	_	_	_	_	_	_
525-8	TO044	525	8	è	è	_	_	_	_	_	linguistic	_	ContainsVariation=No	_	_	_	_	_	_
525-9	TO044	525	9	la	la	_	_	_	_	_	linguistic	_	ContainsVariation=No	_	_	_	_	_	_
525-10	TO044	525	10	verità	verità	_	_	_	_	_	linguistic	_	ContainsVariation=No	_	_	_	_	_	_
525-11	TO044	525	11	perché	perché	_	_	_	_	_	linguistic	_	ContainsVariation=No	_	_	_	_	_	_
525-12	TO044	525	12	io	io	_	_	_	_	_	linguistic	_	ContainsVariation=No	_	_	_	_	_	_
525-13	TO044	525	13	ah	ah	_	_	_	_	_	linguistic	_	ContainsVariation=No	_	_	_	_	_	_
525-14	TO044	525	14	poi	poi	_	_	_	_	_	linguistic	_	ContainsVariation=No	_	_	_	_	_	_
525-15	TO044	525	15	mi	mi	_	_	_	_	_	linguistic	_	ContainsVariation=No	_	_	_	_	_	_
525-16	TO044	525	16	hanno	hanno	_	_	_	_	_	linguistic	_	ContainsVariation=No	_	_	_	_	_	_
525-17	TO044	525	17	fatto	fatto	_	_	_	_	_	linguistic	_	ContainsVariation=No	_	_	_	_	_	_
525-18	TO044	525	18	notare	notare	_	_	_	_	_	linguistic	_	ContainsVariation=No	_	_	_	_	_	_
525-19	TO044	525	19	che	che	_	_	_	_	_	linguistic	_	ContainsVariation=No	_	_	_	_	_	_
525-20	TO044	525	20	almeno	almeno	_	_	_	_	_	linguistic	_	ContainsVariation=No	_	_	_	_	_	_
525-21	TO044	525	21	ogni	ogni	_	_	_	_	_	linguistic	_	ContainsVariation=No	_	_	_	_	_	_
525-22	TO044	525	22	dieci	dieci	_	_	_	_	_	linguistic	_	ContainsVariation=No	_	_	_	_	_	_
525-23	TO044	525	23	quindici	quindici	_	_	_	_	_	linguistic	_	ContainsVariation=No	_	_	_	_	_	_
525-24	TO044	525	24	foto	foto	_	_	_	_	_	linguistic	_	ContainsVariation=No	_	_	_	_	_	_
525-25	TO044	525	25	che	che	_	_	_	_	_	linguistic	_	ContainsVariation=No	_	_	_	_	_	_
525-26	TO044	525	26	abbiamo,	abbiamo	_	_	_	_	_	linguistic	_	ContainsVariation=No	Intonation=WeaklyRising	End=1399.908	_	_	_	_
526-0	TO044	526	0	tutti	tutti	_	_	_	_	_	linguistic	_	ContainsVariation=No	_	Begin=1400.001	_	_	_	_
526-1	TO044	526	1	insieme	insieme	_	_	_	_	_	linguistic	_	ContainsVariation=No	_	_	_	_	_	_
526-2	TO044	526	2	ci	ci	_	_	_	_	_	linguistic	_	ContainsVariation=No	_	_	_	_	_	_
526-3	TO044	526	3	sono	sono	_	_	_	_	_	linguistic	_	ContainsVariation=No	_	_	_	_	_	_
526-4	TO044	526	4	io	io	_	_	_	_	_	linguistic	_	ContainsVariation=No	_	_	_	_	_	_
526-5	TO044	526	5	che	che	_	_	_	_	_	linguistic	_	ContainsVariation=No	_	_	_	_	_	_
526-6	TO044	526	6	quando	quando	_	_	_	_	_	linguistic	_	ContainsVariation=No	_	_	_	_	_	_
526-7	TO044	526	7	parlo	parlo	_	_	_	_	_	linguistic	_	ContainsVariation=No	_	_	_	_	_	_
526-8	TO044	526	8	faccio	faccio	_	_	_	_	_	linguistic	_	ContainsVariation=No	_	_	_	_	_	_
526-9	TO044	526	9	tipo	tipo	_	_	_	_	_	linguistic	_	ContainsVariation=No	_	_	_	_	_	_
526-10	TO044	526	10	così	così	_	_	_	_	_	linguistic	_	ContainsVariation=No	_	_	_	_	_	_
526-11	TO044	526	11	e	e	_	_	_	_	_	linguistic	_	ContainsVariation=No	_	_	_	_	_	_
526-12	TO044	526	12	quindi	quindi	_	_	_	_	_	linguistic	_	ContainsVariation=No	_	_	_	_	_	_
526-13	TO044	526	13	((ride))	((ride))	_	_	_	_	_	nonverbalbehavior	_	ContainsVariation=No	_	_	_	_	_	_
526-14	TO044	526	14	e	e	_	_	_	_	_	linguistic	_	ContainsVariation=No	_	_	_	_	_	_
526-15	TO044	526	15	quindi	quindi	_	_	_	_	_	linguistic	_	ContainsVariation=No	_	_	_	_	_	_
526-16	TO044	526	16	era	era	_	_	_	_	_	linguistic	_	ContainsVariation=No	_	_	_	_	_	_
526-17	TO044	526	17	figo	figo	_	_	_	_	_	linguistic	_	ContainsVariation=No	_	_	_	_	_	_
526-18	TO044	526	18	perché	perché	_	_	_	_	_	linguistic	_	ContainsVariation=No	_	_	_	_	_	_
526-19	TO044	526	19	boh,	boh	_	_	_	_	_	linguistic	_	ContainsVariation=No	Intonation=WeaklyRising	End=1406.229	_	_	_	_
527-0	TO055	527	0	[è	è	_	_	_	_	_	linguistic	_	ContainsVariation=No	_	Begin=1406.914	_	_	_	0-1(156)
527-1	TO055	527	1	pazzesco	pazzesco	_	_	_	_	_	linguistic	_	ContainsVariation=No	_	_	_	_	_	0-8(156)
527-2	TO055	527	2	per]ò	però	_	_	_	_	_	linguistic	_	ContainsVariation=No	_	_	_	_	_	0-3(156)
527-3	TO055	527	3	cioè	cioè	_	_	_	_	_	linguistic	_	ContainsVariation=No	_	_	_	_	_	_
527-4	TO055	527	4	sembra	sembra	_	_	_	_	_	linguistic	_	ContainsVariation=No	_	_	_	_	_	_
527-5	TO055	527	5	a[ssurdo	assurdo	_	_	_	_	_	linguistic	_	ContainsVariation=No	_	_	_	_	_	1-7(157)
527-6	TO055	527	6	però]::,	però	_	_	_	_	_	linguistic	_	ContainsVariation=No	Intonation=WeaklyRising	End=1410.894	3x2	_	_	0-4(157)
528-0	TO044	528	0	[°tutti	tutti	_	_	_	_	_	linguistic	_	ContainsVariation=No	Volume=low	Begin=1406.914	_	_	_	0-5(156)
528-1	TO044	528	1	(a)	a	_	_	_	_	_	linguistic	_	ContainsVariation=No	Volume=low	_	_	_	0-1(0)	0-1(156)
528-2	TO044	528	2	ridere°],	ridere	_	_	_	_	_	linguistic	_	ContainsVariation=No	Intonation=WeaklyRising|Volume=low	End=1408.157	_	_	_	0-6(156)
529-0	TO044	529	0	[e::h],	eh	_	_	_	_	_	linguistic	_	ContainsVariation=No	Intonation=WeaklyRising	Begin=1409.097|End=1410.004	0x2	_	_	0-2(157)
530-0	TO055	530	0	<e::	e	_	_	_	_	_	linguistic	_	ContainsVariation=No	_	Begin=1412.895	0x2	Slow=0-1(0)	_	_
530-1	TO055	530	1	la	la	_	_	_	_	_	linguistic	_	ContainsVariation=No	_	_	_	Slow=0-2(0)	_	_
530-2	TO055	530	2	cosa	cosa	_	_	_	_	_	linguistic	_	ContainsVariation=No	_	_	_	Slow=0-4(0)	_	_
530-3	TO055	530	3	più	più	_	_	_	_	_	linguistic	_	ContainsVariation=No	_	_	_	Slow=0-3(0)	_	_
530-4	TO055	530	4	strana::	strana	_	_	_	_	_	linguistic	_	ContainsVariation=No	_	_	5x2	Slow=0-6(0)	_	_
530-5	TO055	530	5	che:	che	_	_	_	_	_	linguistic	_	ContainsVariation=No	_	_	2x1	Slow=0-3(0)	_	_
530-6	TO055	530	6	ti	ti	_	_	_	_	_	linguistic	_	ContainsVariation=No	_	_	_	Slow=0-2(0)	_	_
530-7	TO055	530	7	è	è	_	_	_	_	_	linguistic	_	ContainsVariation=No	_	_	_	Slow=0-1(0)	_	_
530-8	TO055	530	8	successa::>?	successa	_	_	_	_	_	linguistic	_	ContainsVariation=No	Intonation=Rising	End=1417.527	7x2	Slow=0-8(0)	_	_
531-0	TO044	531	0	e::h	eh	_	_	_	_	_	linguistic	_	ContainsVariation=No	_	Begin=1417.872	0x2	_	_	_
531-1	TO044	531	1	okay.	okay	_	_	_	_	_	linguistic	_	ContainsVariation=No	Intonation=Falling	End=1418.954	_	_	_	_
532-0	TO044	532	0	e::	e	_	_	_	_	_	linguistic	_	ContainsVariation=No	_	Begin=1419.059	0x2	_	_	_
532-1	TO044	532	1	non	non	_	_	_	_	_	linguistic	_	ContainsVariation=No	_	_	_	_	_	_
532-2	TO044	532	2	è	è	_	_	_	_	_	linguistic	_	ContainsVariation=No	_	_	_	_	_	_
532-3	TO044	532	3	la	la	_	_	_	_	_	linguistic	_	ContainsVariation=No	_	_	_	_	_	_
532-4	TO044	532	4	cosa	cosa	_	_	_	_	_	linguistic	_	ContainsVariation=No	_	_	_	_	_	_
532-5	TO044	532	5	più	più	_	_	_	_	_	linguistic	_	ContainsVariation=No	_	_	_	_	_	_
532-6	TO044	532	6	strana	strana	_	_	_	_	_	linguistic	_	ContainsVariation=No	_	_	_	_	_	_
532-7	TO044	532	7	[però:	però	_	_	_	_	_	linguistic	_	ContainsVariation=No	_	_	3x1	_	_	0-4(158)
532-8	TO044	532	8	è]	è	_	_	_	_	_	linguistic	_	ContainsVariation=No	_	_	_	_	_	0-1(158)
532-9	TO044	532	9	molto	molto	_	_	_	_	_	linguistic	_	ContainsVariation=No	_	_	_	_	_	_
532-10	TO044	532	10	divertente,	divertente	_	_	_	_	_	linguistic	_	ContainsVariation=No	Intonation=WeaklyRising	End=1422.885	_	_	_	_
533-0	TO055	533	0	[okay].	okay	_	_	_	_	_	linguistic	_	ContainsVariation=No	Intonation=Falling	Begin=1421.174|End=1421.818	_	_	_	0-4(158)
534-0	TO044	534	0	noi	noi	_	_	_	_	_	linguistic	_	ContainsVariation=No	_	Begin=1423.119	_	_	_	_
534-1	TO044	534	1	il	il	_	_	_	_	_	linguistic	_	ContainsVariation=No	_	_	_	_	_	_
534-2	TO044	534	2	giovedì	giovedì	_	_	_	_	_	linguistic	_	ContainsVariation=No	_	_	_	_	_	_
534-3	TO044	534	3	sera	sera	_	_	_	_	_	linguistic	_	ContainsVariation=No	_	_	_	_	_	_
534-4	TO044	534	4	andavam	andavam	_	_	_	_	_	linguistic	_	ContainsVariation=No	_	_	_	_	_	_
534-5	TO044	534	5	sempre	sempre	_	_	_	_	_	linguistic	_	ContainsVariation=No	_	_	_	_	_	_
534-6	TO044	534	6	in	in	_	_	_	_	_	linguistic	_	ContainsVariation=No	_	_	_	_	_	_
534-7	TO044	534	7	un	un	_	_	_	_	_	linguistic	_	ContainsVariation=No	_	_	_	_	_	_
534-8	TO044	534	8	locale	locale	_	_	_	_	_	linguistic	_	ContainsVariation=No	_	_	_	_	_	_
534-9	TO044	534	9	che:	che	_	_	_	_	_	linguistic	_	ContainsVariation=No	_	_	2x1	_	_	_
534-10	TO044	534	10	si	si	_	_	_	_	_	linguistic	_	ContainsVariation=No	_	_	_	_	_	_
534-11	TO044	534	11	chiamava	chiamava	_	_	_	_	_	linguistic	_	ContainsVariation=No	_	_	_	_	_	_
534-12	TO044	534	12	tavern	tavern	_	_	_	_	_	linguistic	_	ContainsVariation=No	_	_	_	_	_	_
534-13	TO044	534	13	in	in	_	_	_	_	_	linguistic	_	ContainsVariation=No	_	_	_	_	_	_
534-14	TO044	534	14	the	the	_	_	_	_	_	linguistic	_	ContainsVariation=No	_	_	_	_	_	_
534-15	TO044	534	15	square,	square	_	_	_	_	_	linguistic	_	ContainsVariation=No	Intonation=WeaklyRising	End=1427.559	_	_	_	_
535-0	TO055	535	0	o[kay].	okay	_	_	_	_	_	linguistic	_	ContainsVariation=No	Intonation=Falling	Begin=1427.559|End=1428.046	_	_	_	1-4(159)
536-0	TO044	536	0	[e	e	_	_	_	_	_	linguistic	_	ContainsVariation=No	_	Begin=1427.766	_	_	_	0-1(159)
536-1	TO044	536	1	qui]ndi	quindi	_	_	_	_	_	linguistic	_	ContainsVariation=No	_	_	_	_	_	0-3(159)
536-2	TO044	536	2	il	il	_	_	_	_	_	linguistic	_	ContainsVariation=No	_	_	_	_	_	_
536-3	TO044	536	3	nome	nome	_	_	_	_	_	linguistic	_	ContainsVariation=No	_	_	_	_	_	_
536-4	TO044	536	4	era,	era	_	_	_	_	_	linguistic	_	ContainsVariation=No	Intonation=WeaklyRising	End=1428.954	_	_	_	_
537-0	TO044	537	0	gergale	gergale	_	_	_	_	_	linguistic	_	ContainsVariation=No	_	Begin=1429.324	_	_	_	_
537-1	TO044	537	1	era	era	_	_	_	_	_	linguistic	_	ContainsVariation=No	_	_	_	_	_	_
537-2	TO044	537	2	tits.	tits	_	_	_	_	_	linguistic	_	ContainsVariation=No	Intonation=Falling	End=1430.752	_	_	_	_
538-0	TO055	538	0	<o[kay>].	okay	_	_	_	_	_	linguistic	_	ContainsVariation=No	Intonation=Falling	Begin=1430.825|End=1431.535	_	Slow=0-4(0)	_	1-4(160)
539-0	TO044	539	0	[come	come	_	_	_	_	_	linguistic	_	ContainsVariation=No	_	Begin=1431.004	_	_	_	0-4(160)
539-1	TO044	539	1	tet]te.	tette	_	_	_	_	_	linguistic	_	ContainsVariation=No	Intonation=Falling	End=1431.695	_	_	_	0-3(160)
540-0	TO055	540	0	((ride))	((ride))	_	_	_	_	_	nonverbalbehavior	_	ContainsVariation=No	_	Begin=1431.695	_	_	_	_
540-1	TO055	540	1	okay.	okay	_	_	_	_	_	linguistic	_	ContainsVariation=No	Intonation=Falling	End=1432.256	_	_	_	_
541-0	TO044	541	0	e	e	_	_	_	_	_	linguistic	_	ContainsVariation=No	_	Begin=1432.376	_	_	_	_
541-1	TO044	541	1	faceva	faceva	_	_	_	_	_	linguistic	_	ContainsVariation=No	_	_	_	_	_	_
541-2	TO044	541	2	stra-ridere	stra-ridere	_	_	_	_	_	linguistic	_	ContainsVariation=No	_	_	_	_	_	_
541-3	TO044	541	3	perché	perché	_	_	_	_	_	linguistic	_	ContainsVariation=No	_	_	_	_	_	_
541-4	TO044	541	4	tu:	tu	_	_	_	_	_	linguistic	_	ContainsVariation=No	_	_	1x1	_	_	_
541-5	TO044	541	5	era	era	_	_	_	_	_	linguistic	_	ContainsVariation=No	_	_	_	_	_	_
541-6	TO044	541	6	un	un	_	_	_	_	_	linguistic	_	ContainsVariation=No	_	_	_	_	_	_
541-7	TO044	541	7	posto	posto	_	_	_	_	_	linguistic	_	ContainsVariation=No	_	_	_	_	_	_
541-8	TO044	541	8	dove	dove	_	_	_	_	_	linguistic	_	ContainsVariation=No	_	_	_	_	_	_
541-9	TO044	541	9	tu	tu	_	_	_	_	_	linguistic	_	ContainsVariation=No	_	_	_	_	_	_
541-10	TO044	541	10	entravi:	entravi	_	_	_	_	_	linguistic	_	ContainsVariation=No	_	_	6x1	_	_	_
541-11	TO044	541	11	non	non	_	_	_	_	_	linguistic	_	ContainsVariation=No	_	_	_	_	_	_
541-12	TO044	541	12	dovevi	dovevi	_	_	_	_	_	linguistic	_	ContainsVariation=No	_	_	_	_	_	_
541-13	TO044	541	13	pagare	pagare	_	_	_	_	_	linguistic	_	ContainsVariation=No	_	_	_	_	_	_
541-14	TO044	541	14	nessun	nessun	_	_	_	_	_	linguistic	_	ContainsVariation=No	_	_	_	_	_	_
541-15	TO044	541	15	ingresso	ingresso	_	_	_	_	_	linguistic	_	ContainsVariation=No	_	_	_	_	_	_
541-16	TO044	541	16	così	così	_	_	_	_	_	linguistic	_	ContainsVariation=No	_	_	_	_	_	_
541-17	TO044	541	17	perché	perché	_	_	_	_	_	linguistic	_	ContainsVariation=No	_	_	_	_	_	_
541-18	TO044	541	18	era	era	_	_	_	_	_	linguistic	_	ContainsVariation=No	PauseAfter=Yes	_	_	_	_	_
541-19	TO044	541	19	(.)	(.)	_	_	_	_	_	shortpause	_	ContainsVariation=No	_	_	_	_	_	_
541-20	TO044	541	20	un	un	_	_	_	_	_	linguistic	_	ContainsVariation=No	_	_	_	_	_	_
541-21	TO044	541	21	disco-pub,	disco-pub	_	_	_	_	_	linguistic	_	ContainsVariation=No	Intonation=WeaklyRising	End=1439.082	_	_	_	_
542-0	TO044	542	0	che	che	_	_	_	_	_	linguistic	_	ContainsVariation=No	_	Begin=1440.027	_	_	_	_
542-1	TO044	542	1	lì	lì	_	_	_	_	_	linguistic	_	ContainsVariation=No	_	_	_	_	_	_
542-2	TO044	542	2	vanno	vanno	_	_	_	_	_	linguistic	_	ContainsVariation=No	_	_	_	_	_	_
542-3	TO044	542	3	molto	molto	_	_	_	_	_	linguistic	_	ContainsVariation=No	_	_	_	_	_	_
542-4	TO044	542	4	di	di	_	_	_	_	_	linguistic	_	ContainsVariation=No	_	_	_	_	_	_
542-5	TO044	542	5	più	più	_	_	_	_	_	linguistic	_	ContainsVariation=No	_	_	_	_	_	_
542-6	TO044	542	6	son	son	_	_	_	_	_	linguistic	_	ContainsVariation=No	_	_	_	_	_	_
542-7	TO044	542	7	fighissimi	fighissimi	_	_	_	_	_	linguistic	_	ContainsVariation=No	_	_	_	_	_	_
542-8	TO044	542	8	secondo	secondo	_	_	_	_	_	linguistic	_	ContainsVariation=No	_	_	_	_	_	_
542-9	TO044	542	9	me	me	_	_	_	_	_	linguistic	_	ContainsVariation=No	_	_	_	_	_	_
542-10	TO044	542	10	perché	perché	_	_	_	_	_	linguistic	_	ContainsVariation=No	_	_	_	_	_	_
542-11	TO044	542	11	non	non	_	_	_	_	_	linguistic	_	ContainsVariation=No	_	_	_	_	_	_
542-12	TO044	542	12	paghi	paghi	_	_	_	_	_	linguistic	_	ContainsVariation=No	_	_	_	_	_	_
542-13	TO044	542	13	l'	l'	_	_	_	_	_	linguistic	_	ContainsVariation=No	SpaceAfter=No	_	_	_	_	_
542-14	TO044	542	14	ingresso	ingresso	_	_	_	_	_	linguistic	_	ContainsVariation=No	_	_	_	_	_	_
542-15	TO044	542	15	paghi	paghi	_	_	_	_	_	linguistic	_	ContainsVariation=No	_	_	_	_	_	_
542-16	TO044	542	16	cinque	cinque	_	_	_	_	_	linguistic	_	ContainsVariation=No	_	_	_	_	_	_
542-17	TO044	542	17	[dollari]	dollari	_	_	_	_	_	linguistic	_	ContainsVariation=No	_	_	_	_	_	0-7(161)
542-18	TO044	542	18	e:,	e	_	_	_	_	_	linguistic	_	ContainsVariation=No	Intonation=WeaklyRising	End=1445.284	0x1	_	_	_
543-0	TO055	543	0	[sì].	sì	_	_	_	_	_	linguistic	_	ContainsVariation=No	Intonation=Falling	Begin=1444.614|End=1445.0	_	_	_	0-2(161)
544-0	TO044	544	0	è	è	_	_	_	_	_	linguistic	_	ContainsVariation=No	_	Begin=1446.137	_	_	_	_
544-1	TO044	544	1	divertente	divertente	_	_	_	_	_	linguistic	_	ContainsVariation=No	_	_	_	_	_	_
544-2	TO044	544	2	poi	poi	_	_	_	_	_	linguistic	_	ContainsVariation=No	_	_	_	_	_	_
544-3	TO044	544	3	dentro	dentro	_	_	_	_	_	linguistic	_	ContainsVariation=No	_	_	_	_	_	_
544-4	TO044	544	4	come	come	_	_	_	_	_	linguistic	_	ContainsVariation=No	_	_	_	_	_	_
544-5	TO044	544	5	in	in	_	_	_	_	_	linguistic	_	ContainsVariation=No	_	_	_	_	_	_
544-6	TO044	544	6	un	un	_	_	_	_	_	linguistic	_	ContainsVariation=No	_	_	_	_	_	_
544-7	TO044	544	7	club	club	_	_	_	_	_	linguistic	_	ContainsVariation=No	_	_	_	_	_	_
544-8	TO044	544	8	però	però	_	_	_	_	_	linguistic	_	ContainsVariation=No	_	_	_	_	_	_
544-9	TO044	544	9	non	non	_	_	_	_	_	linguistic	_	ContainsVariation=No	_	_	_	_	_	_
544-10	TO044	544	10	devi	devi	_	_	_	_	_	linguistic	_	ContainsVariation=No	_	_	_	_	_	_
544-11	TO044	544	11	essere	essere	_	_	_	_	_	linguistic	_	ContainsVariation=No	_	_	_	_	_	_
544-12	TO044	544	12	vestito	vestito	_	_	_	_	_	linguistic	_	ContainsVariation=No	_	_	_	_	_	_
544-13	TO044	544	13	in	in	_	_	_	_	_	linguistic	_	ContainsVariation=No	_	_	_	_	_	_
544-14	TO044	544	14	modi	modi	_	_	_	_	_	linguistic	_	ContainsVariation=No	_	_	_	_	_	_
544-15	TO044	544	15	strani.	strani	_	_	_	_	_	linguistic	_	ContainsVariation=No	Intonation=Falling	End=1450.064	_	_	_	_
545-0	TO055	545	0	okay.	okay	_	_	_	_	_	linguistic	_	ContainsVariation=No	Intonation=Falling	Begin=1450.064|End=1450.614	_	_	_	_
546-0	TO044	546	0	e	e	_	_	_	_	_	linguistic	_	ContainsVariation=No	_	Begin=1450.762	_	_	_	_
546-1	TO044	546	1	praticamente::	praticamente	_	_	_	_	_	linguistic	_	ContainsVariation=No	_	_	11x2	_	_	_
546-2	TO044	546	2	ah	ah	_	_	_	_	_	linguistic	_	ContainsVariation=No	ProsodicLink=Yes	_	_	_	_	_
546-3	TO044	546	3	m:h,	mh	_	_	_	_	_	linguistic	_	ContainsVariation=No	Intonation=WeaklyRising	End=1453.357	0x1	_	_	_
547-0	TO044	547	0	er~	er~	_	_	_	_	_	linguistic	_	ContainsVariation=No	Interrupted=Yes	Begin=1453.853	_	_	_	_
547-1	TO044	547	1	sono	sono	_	_	_	_	_	linguistic	_	ContainsVariation=No	_	_	_	_	_	_
547-2	TO044	547	2	andata	andata	_	_	_	_	_	linguistic	_	ContainsVariation=No	_	_	_	_	_	_
547-3	TO044	547	3	con	con	_	_	_	_	_	linguistic	_	ContainsVariation=No	_	_	_	_	_	_
547-4	TO044	547	4	un	un	_	_	_	_	_	linguistic	_	ContainsVariation=No	_	_	_	_	_	_
547-5	TO044	547	5	mio	mio	_	_	_	_	_	linguistic	_	ContainsVariation=No	_	_	_	_	_	_
547-6	TO044	547	6	amico	amico	_	_	_	_	_	linguistic	_	ContainsVariation=No	_	_	_	_	_	_
547-7	TO044	547	7	che	che	_	_	_	_	_	linguistic	_	ContainsVariation=No	_	_	_	_	_	_
547-8	TO044	547	8	era	era	_	_	_	_	_	linguistic	_	ContainsVariation=No	_	_	_	_	_	_
547-9	TO044	547	9	mio	mio	_	_	_	_	_	linguistic	_	ContainsVariation=No	_	_	_	_	_	_
547-10	TO044	547	10	compagno	compagno	_	_	_	_	_	linguistic	_	ContainsVariation=No	_	_	_	_	_	_
547-11	TO044	547	11	propri[o:	proprio	_	_	_	_	_	linguistic	_	ContainsVariation=No	_	_	6x1	_	_	6-7(162)
547-12	TO044	547	12	con]	con	_	_	_	_	_	linguistic	_	ContainsVariation=No	_	_	_	_	_	0-3(162)
547-13	TO044	547	13	cui	cui	_	_	_	_	_	linguistic	_	ContainsVariation=No	_	_	_	_	_	_
547-14	TO044	547	14	facevamo	facevamo	_	_	_	_	_	linguistic	_	ContainsVariation=No	_	_	_	_	_	_
547-15	TO044	547	15	un	un	_	_	_	_	_	linguistic	_	ContainsVariation=No	_	_	_	_	_	_
547-16	TO044	547	16	sacco	sacco	_	_	_	_	_	linguistic	_	ContainsVariation=No	_	_	_	_	_	_
547-17	TO044	547	17	di	di	_	_	_	_	_	linguistic	_	ContainsVariation=No	_	_	_	_	_	_
547-18	TO044	547	18	feste	feste	_	_	_	_	_	linguistic	_	ContainsVariation=No	_	_	_	_	_	_
547-19	TO044	547	19	eccetera	eccetera	_	_	_	_	_	linguistic	_	ContainsVariation=No	_	_	_	_	_	_
547-20	TO044	547	20	che	che	_	_	_	_	_	linguistic	_	ContainsVariation=No	_	_	_	_	_	_
547-21	TO044	547	21	però	però	_	_	_	_	_	linguistic	_	ContainsVariation=No	_	_	_	_	_	_
547-22	TO044	547	22	voleva	voleva	_	_	_	_	_	linguistic	_	ContainsVariation=No	_	_	_	_	_	_
547-23	TO044	547	23	(abbordar)	abbordar	_	_	_	_	_	linguistic	_	ContainsVariation=No	_	_	_	_	0-8(0)	_
547-24	TO044	547	24	la	la	_	_	_	_	_	linguistic	_	ContainsVariation=No	_	_	_	_	_	_
547-25	TO044	547	25	mia:,	mia	_	_	_	_	_	linguistic	_	ContainsVariation=No	Intonation=WeaklyRising	End=1460.156	2x1	_	_	_
548-0	TO055	548	0	[mhmh],	mhmh	_	_	_	_	_	linguistic	_	ContainsVariation=No	Intonation=WeaklyRising	Begin=1456.513|End=1456.99	_	_	_	0-4(162)
549-0	TO044	549	0	compagna	compagna	_	_	_	_	_	linguistic	_	ContainsVariation=No	_	Begin=1460.381	_	_	_	_
549-1	TO044	549	1	di	di	_	_	_	_	_	linguistic	_	ContainsVariation=No	_	_	_	_	_	_
549-2	TO044	549	2	s[tanza]:	stanza	_	_	_	_	_	linguistic	_	ContainsVariation=No	_	_	5x1	_	_	1-6(163)
549-3	TO044	549	3	tailandese	tailandese	_	_	_	_	_	linguistic	_	ContainsVariation=No	_	_	_	_	_	_
549-4	TO044	549	4	e	e	_	_	_	_	_	linguistic	_	ContainsVariation=No	_	_	_	_	_	_
549-5	TO044	549	5	quindi	quindi	_	_	_	_	_	linguistic	_	ContainsVariation=No	_	_	_	_	_	_
549-6	TO044	549	6	io	io	_	_	_	_	_	linguistic	_	ContainsVariation=No	_	_	_	_	_	_
549-7	TO044	549	7	sapevo	sapevo	_	_	_	_	_	linguistic	_	ContainsVariation=No	_	_	_	_	_	_
549-8	TO044	549	8	che	che	_	_	_	_	_	linguistic	_	ContainsVariation=No	_	_	_	_	_	_
549-9	TO044	549	9	che	che	_	_	_	_	_	linguistic	_	ContainsVariation=No	_	_	_	_	_	_
549-10	TO044	549	10	sarei	sarei	_	_	_	_	_	linguistic	_	ContainsVariation=No	_	_	_	_	_	_
549-11	TO044	549	11	stata	stata	_	_	_	_	_	linguistic	_	ContainsVariation=No	_	_	_	_	_	_
549-12	TO044	549	12	da	da	_	_	_	_	_	linguistic	_	ContainsVariation=No	_	_	_	_	_	_
549-13	TO044	549	13	sola	sola	_	_	_	_	_	linguistic	_	ContainsVariation=No	_	_	_	_	_	_
549-14	TO044	549	14	ma	ma	_	_	_	_	_	linguistic	_	ContainsVariation=No	_	_	_	_	_	_
549-15	TO044	549	15	non	non	_	_	_	_	_	linguistic	_	ContainsVariation=No	_	_	_	_	_	_
549-16	TO044	549	16	mi	mi	_	_	_	_	_	linguistic	_	ContainsVariation=No	_	_	_	_	_	_
549-17	TO044	549	17	pesava	pesava	_	_	_	_	_	linguistic	_	ContainsVariation=No	_	_	_	_	_	_
549-18	TO044	549	18	quindi	quindi	_	_	_	_	_	linguistic	_	ContainsVariation=No	_	_	_	_	_	_
549-19	TO044	549	19	ho	ho	_	_	_	_	_	linguistic	_	ContainsVariation=No	_	_	_	_	_	_
549-20	TO044	549	20	iniziato	iniziato	_	_	_	_	_	linguistic	_	ContainsVariation=No	_	_	_	_	_	_
549-21	TO044	549	21	a	a	_	_	_	_	_	linguistic	_	ContainsVariation=No	_	_	_	_	_	_
549-22	TO044	549	22	parlare	parlare	_	_	_	_	_	linguistic	_	ContainsVariation=No	_	_	_	_	_	_
549-23	TO044	549	23	random	random	_	_	_	_	_	linguistic	_	ContainsVariation=No	_	_	_	_	_	_
549-24	TO044	549	24	con	con	_	_	_	_	_	linguistic	_	ContainsVariation=No	_	_	_	_	_	_
549-25	TO044	549	25	persone,	persone	_	_	_	_	_	linguistic	_	ContainsVariation=No	Intonation=WeaklyRising	End=1467.546	_	_	_	_
550-0	TO055	550	0	[okay],	okay	_	_	_	_	_	linguistic	_	ContainsVariation=No	Intonation=WeaklyRising	Begin=1461.312|End=1461.894	_	_	_	0-4(163)
551-0	TO044	551	0	e	e	_	_	_	_	_	linguistic	_	ContainsVariation=No	_	Begin=1467.89	_	_	_	_
551-1	TO044	551	1	ho	ho	_	_	_	_	_	linguistic	_	ContainsVariation=No	_	_	_	_	_	_
551-2	TO044	551	2	parlato	parlato	_	_	_	_	_	linguistic	_	ContainsVariation=No	_	_	_	_	_	_
551-3	TO044	551	3	con	con	_	_	_	_	_	linguistic	_	ContainsVariation=No	_	_	_	_	_	_
551-4	TO044	551	4	due	due	_	_	_	_	_	linguistic	_	ContainsVariation=No	_	_	_	_	_	_
551-5	TO044	551	5	musicisti:	musicisti	_	_	_	_	_	linguistic	_	ContainsVariation=No	_	_	8x1	_	_	_
551-6	TO044	551	6	di:	di	_	_	_	_	_	linguistic	_	ContainsVariation=No	_	_	1x1	_	_	_
551-7	TO044	551	7	berkeley	berkeley	_	_	_	_	_	linguistic	_	ContainsVariation=No	_	_	_	_	_	_
551-8	TO044	551	8	che	che	_	_	_	_	_	linguistic	_	ContainsVariation=No	_	_	_	_	_	_
551-9	TO044	551	9	[è	è	_	_	_	_	_	linguistic	_	ContainsVariation=No	_	_	_	_	_	0-1(164)
551-10	TO044	551	10	una:]	una	_	_	_	_	_	linguistic	_	ContainsVariation=No	_	_	2x1	_	_	0-3(164)
551-11	TO044	551	11	scuola	scuola	_	_	_	_	_	linguistic	_	ContainsVariation=No	_	_	_	_	_	_
551-12	TO044	551	12	tipo	tipo	_	_	_	_	_	linguistic	_	ContainsVariation=No	_	_	_	_	_	_
551-13	TO044	551	13	la	la	_	_	_	_	_	linguistic	_	ContainsVariation=No	_	_	_	_	_	_
551-14	TO044	551	14	Juliard	juliard	_	_	_	_	_	linguistic	_	ContainsVariation=No	Volume=high	_	_	_	_	_
551-15	TO044	551	15	d[i	di	_	_	_	_	_	linguistic	_	ContainsVariation=No	_	_	_	_	_	1-2(165)
551-16	TO044	551	16	musica]	musica	_	_	_	_	_	linguistic	_	ContainsVariation=No	_	_	_	_	_	0-6(165)
551-17	TO044	551	17	però	però	_	_	_	_	_	linguistic	_	ContainsVariation=No	_	_	_	_	_	_
551-18	TO044	551	18	di	di	_	_	_	_	_	linguistic	_	ContainsVariation=No	_	_	_	_	_	_
551-19	TO044	551	19	boston,	boston	_	_	_	_	_	linguistic	_	ContainsVariation=No	Intonation=WeaklyRising	End=1474.304	_	_	_	_
552-0	TO055	552	0	[okay].	okay	_	_	_	_	_	linguistic	_	ContainsVariation=No	Intonation=Falling	Begin=1471.22|End=1471.752	_	_	_	0-4(164)
553-0	TO055	553	0	[mhmh],	mhmh	_	_	_	_	_	linguistic	_	ContainsVariation=No	Intonation=WeaklyRising	Begin=1472.942|End=1473.481	_	_	_	0-4(165)
554-0	TO044	554	0	che	che	_	_	_	_	_	linguistic	_	ContainsVariation=No	_	Begin=1474.868	_	_	_	_
554-1	TO044	554	1	uno	uno	_	_	_	_	_	linguistic	_	ContainsVariation=No	_	_	_	_	_	_
554-2	TO044	554	2	era	era	_	_	_	_	_	linguistic	_	ContainsVariation=No	_	_	_	_	_	_
554-3	TO044	554	3	messicano	messicano	_	_	_	_	_	linguistic	_	ContainsVariation=No	_	_	_	_	_	_
554-4	TO044	554	4	e	e	_	_	_	_	_	linguistic	_	ContainsVariation=No	_	_	_	_	_	_
554-5	TO044	554	5	uno	uno	_	_	_	_	_	linguistic	_	ContainsVariation=No	_	_	_	_	_	_
554-6	TO044	554	6	della	della	_	_	_	_	_	linguistic	_	ContainsVariation=No	_	_	_	_	_	_
554-7	TO044	554	7	florida	florida	_	_	_	_	_	linguistic	_	ContainsVariation=No	_	_	_	_	_	_
554-8	TO044	554	8	che	che	_	_	_	_	_	linguistic	_	ContainsVariation=No	_	_	_	_	_	_
554-9	TO044	554	9	poi	poi	_	_	_	_	_	linguistic	_	ContainsVariation=No	_	_	_	_	_	_
554-10	TO044	554	10	mi	mi	_	_	_	_	_	linguistic	_	ContainsVariation=No	_	_	_	_	_	_
554-11	TO044	554	11	fanno	fanno	_	_	_	_	_	linguistic	_	ContainsVariation=No	_	_	_	_	_	_
554-12	TO044	554	12	ma::	ma	_	_	_	_	_	linguistic	_	ContainsVariation=No	ProsodicLink=Yes	_	1x2	_	_	_
554-13	TO044	554	13	m:h	mh	_	_	_	_	_	linguistic	_	ContainsVariation=No	_	_	0x1	_	_	_
554-14	TO044	554	14	in	in	_	_	_	_	_	linguistic	_	ContainsVariation=No	_	_	_	_	_	_
554-15	TO044	554	15	questo	questo	_	_	_	_	_	linguistic	_	ContainsVariation=No	_	_	_	_	_	_
554-16	TO044	554	16	quartiere	quartiere	_	_	_	_	_	linguistic	_	ContainsVariation=No	_	_	_	_	_	_
554-17	TO044	554	17	che	che	_	_	_	_	_	linguistic	_	ContainsVariation=No	_	_	_	_	_	_
554-18	TO044	554	18	era	era	_	_	_	_	_	linguistic	_	ContainsVariation=No	_	_	_	_	_	_
554-19	TO044	554	19	l'	l'	_	_	_	_	_	linguistic	_	ContainsVariation=No	SpaceAfter=No	_	_	_	_	_
554-20	TO044	554	20	eston,	eston	_	_	_	_	_	linguistic	_	ContainsVariation=No	Intonation=WeaklyRising	End=1481.11	_	_	_	_
555-0	TO044	555	0	ci	ci	_	_	_	_	_	linguistic	_	ContainsVariation=No	_	Begin=1481.311	_	_	_	_
555-1	TO044	555	1	sono	sono	_	_	_	_	_	linguistic	_	ContainsVariation=No	_	_	_	_	_	_
555-2	TO044	555	2	e:h	eh	_	_	_	_	_	linguistic	_	ContainsVariation=No	_	_	0x1	_	_	_
555-3	TO044	555	3	lo	lo	_	_	_	_	_	linguistic	_	ContainsVariation=No	_	_	_	_	_	_
555-4	TO044	555	4	sapevo	sapevo	_	_	_	_	_	linguistic	_	ContainsVariation=No	_	_	_	_	_	_
555-5	TO044	555	5	già	già	_	_	_	_	_	linguistic	_	ContainsVariation=No	_	_	_	_	_	_
555-6	TO044	555	6	ci	ci	_	_	_	_	_	linguistic	_	ContainsVariation=No	_	_	_	_	_	_
555-7	TO044	555	7	sono	sono	_	_	_	_	_	linguistic	_	ContainsVariation=No	_	_	_	_	_	_
555-8	TO044	555	8	un	un	_	_	_	_	_	linguistic	_	ContainsVariation=No	_	_	_	_	_	_
555-9	TO044	555	9	sacco	sacco	_	_	_	_	_	linguistic	_	ContainsVariation=No	_	_	_	_	_	_
555-10	TO044	555	10	di	di	_	_	_	_	_	linguistic	_	ContainsVariation=No	_	_	_	_	_	_
555-11	TO044	555	11	basements	basements	_	_	_	_	_	linguistic	_	ContainsVariation=No	_	_	_	_	_	_
555-12	TO044	555	12	so[tto	sotto	_	_	_	_	_	linguistic	_	ContainsVariation=No	_	_	_	_	_	2-5(166)
555-13	TO044	555	13	i	i	_	_	_	_	_	linguistic	_	ContainsVariation=No	_	_	_	_	_	0-1(166)
555-14	TO044	555	14	pala]zzi,	palazzi	_	_	_	_	_	linguistic	_	ContainsVariation=No	Intonation=WeaklyRising	End=1485.007	_	_	_	0-4(166)
556-0	TO055	556	0	[okay].	okay	_	_	_	_	_	linguistic	_	ContainsVariation=No	Intonation=Falling	Begin=1484.15|End=1484.736	_	_	_	0-4(166)
557-0	TO044	557	0	dove,	dove	_	_	_	_	_	linguistic	_	ContainsVariation=No	Intonation=WeaklyRising	Begin=1485.462|End=1486.0	_	_	_	_
558-0	TO044	558	0	la	la	_	_	_	_	_	linguistic	_	ContainsVariation=No	_	Begin=1487.186	_	_	_	_
558-1	TO044	558	1	gente	gente	_	_	_	_	_	linguistic	_	ContainsVariation=No	_	_	_	_	_	_
558-2	TO044	558	2	va	va	_	_	_	_	_	linguistic	_	ContainsVariation=No	_	_	_	_	_	_
558-3	TO044	558	3	lì	lì	_	_	_	_	_	linguistic	_	ContainsVariation=No	_	_	_	_	_	_
558-4	TO044	558	4	<fuma:	fuma	_	_	_	_	_	linguistic	_	ContainsVariation=No	_	_	3x1	Slow=0-4(0)	_	_
558-5	TO044	558	5	beve:>	beve	_	_	_	_	_	linguistic	_	ContainsVariation=No	_	_	3x1	Slow=0-4(0)	_	_
558-6	TO044	558	6	perché	perché	_	_	_	_	_	linguistic	_	ContainsVariation=No	_	_	_	Fast=0-6(0)	_	_
558-7	TO044	558	7	la	la	_	_	_	_	_	linguistic	_	ContainsVariation=No	_	_	_	Fast=0-2(0)	_	_
558-8	TO044	558	8	marijuana	marijuana	_	_	_	_	_	linguistic	_	ContainsVariation=No	_	_	_	Fast=0-9(0)	_	_
558-9	TO044	558	9	è	è	_	_	_	_	_	linguistic	_	ContainsVariation=No	_	_	_	Fast=0-1(0)	_	_
558-10	TO044	558	10	leg[ale	legale	_	_	_	_	_	linguistic	_	ContainsVariation=No	_	_	_	Fast=0-6(0)	_	3-6(167)
558-11	TO044	558	11	in	in	_	_	_	_	_	linguistic	_	ContainsVariation=No	_	_	_	Fast=0-2(0)	_	0-2(167)
558-12	TO044	558	12	mass]achusetts	massachusetts	_	_	_	_	_	linguistic	_	ContainsVariation=No	_	_	_	Fast=0-13(0)	_	0-4(167)
558-13	TO044	558	13	<e::	e	_	_	_	_	_	linguistic	_	ContainsVariation=No	_	_	0x2	Slow=0-1(1)	_	_
558-14	TO044	558	14	si	si	_	_	_	_	_	linguistic	_	ContainsVariation=No	_	_	_	Slow=0-2(1)	_	_
558-15	TO044	558	15	beve	beve	_	_	_	_	_	linguistic	_	ContainsVariation=No	_	_	_	Slow=0-4(1)	_	_
558-16	TO044	558	16	si	si	_	_	_	_	_	linguistic	_	ContainsVariation=No	_	_	_	Slow=0-2(1)	_	_
558-17	TO044	558	17	sta	sta	_	_	_	_	_	linguistic	_	ContainsVariation=No	_	_	_	Slow=0-3(1)	_	_
558-18	TO044	558	18	così	così	_	_	_	_	_	linguistic	_	ContainsVariation=No	_	_	_	Slow=0-4(1)	_	_
558-19	TO044	558	19	in	in	_	_	_	_	_	linguistic	_	ContainsVariation=No	_	_	_	Slow=0-2(1)	_	_
558-20	TO044	558	20	mezzo	mezzo	_	_	_	_	_	linguistic	_	ContainsVariation=No	_	_	_	Slow=0-5(1)	_	_
558-21	TO044	558	21	alle	alle	_	_	_	_	_	linguistic	_	ContainsVariation=No	_	_	_	Slow=0-4(1)	_	_
558-22	TO044	558	22	lavatrici>	lavatrici	_	_	_	_	_	linguistic	_	ContainsVariation=No	_	_	_	Slow=0-9(1)	_	_
558-23	TO044	558	23	eh,	eh	_	_	_	_	_	linguistic	_	ContainsVariation=No	Intonation=WeaklyRising	End=1494.908	_	_	_	_
559-0	TO055	559	0	[mhmh],	mhmh	_	_	_	_	_	linguistic	_	ContainsVariation=No	Intonation=WeaklyRising	Begin=1490.561|End=1491.073	_	_	_	0-4(167)
560-0	TO055	560	0	((ride))	((ride))	_	_	_	_	_	nonverbalbehavior	_	ContainsVariation=No	_	Begin=1495.104	_	_	_	_
560-1	TO055	560	1	in	in	_	_	_	_	_	linguistic	_	ContainsVariation=No	_	_	_	_	_	_
560-2	TO055	560	2	[mezzo	mezzo	_	_	_	_	_	linguistic	_	ContainsVariation=No	_	_	_	_	_	0-5(168)
560-3	TO055	560	3	alle	alle	_	_	_	_	_	linguistic	_	ContainsVariation=No	_	_	_	_	_	0-4(168)
560-4	TO055	560	4	lavatri~]	lavatri~	_	_	_	_	_	linguistic	_	ContainsVariation=No	Interrupted=Yes	End=1497.018	_	_	_	0-8(168)
561-0	TO044	561	0	[e	e	_	_	_	_	_	linguistic	_	ContainsVariation=No	_	Begin=1495.705	_	_	_	0-1(168)
561-1	TO044	561	1	quindi:	quindi	_	_	_	_	_	linguistic	_	ContainsVariation=No	_	_	5x1	_	_	0-6(168)
561-2	TO044	561	2	sì	sì	_	_	_	_	_	linguistic	_	ContainsVariation=No	_	_	_	_	_	0-2(168)
561-3	TO044	561	3	sì]	sì	_	_	_	_	_	linguistic	_	ContainsVariation=No	_	_	_	_	_	0-2(168)
561-4	TO044	561	4	sì.	sì	_	_	_	_	_	linguistic	_	ContainsVariation=No	Intonation=Falling	End=1497.321	_	_	_	_
562-0	TO044	562	0	e	e	_	_	_	_	_	linguistic	_	ContainsVariation=No	_	Begin=1497.881	_	_	_	_
562-1	TO044	562	1	quindi	quindi	_	_	_	_	_	linguistic	_	ContainsVariation=No	_	_	_	_	_	_
562-2	TO044	562	2	sono	sono	_	_	_	_	_	linguistic	_	ContainsVariation=No	_	_	_	_	_	_
562-3	TO044	562	3	andata	andata	_	_	_	_	_	linguistic	_	ContainsVariation=No	_	_	_	_	_	_
562-4	TO044	562	4	con	con	_	_	_	_	_	linguistic	_	ContainsVariation=No	_	_	_	_	_	_
562-5	TO044	562	5	loro,	loro	_	_	_	_	_	linguistic	_	ContainsVariation=No	Intonation=WeaklyRising	End=1499.385	_	_	_	_
563-0	TO044	563	0	anche	anche	_	_	_	_	_	linguistic	_	ContainsVariation=No	_	Begin=1499.511	_	_	_	_
563-1	TO044	563	1	se	se	_	_	_	_	_	linguistic	_	ContainsVariation=No	_	_	_	_	_	_
563-2	TO044	563	2	poi	poi	_	_	_	_	_	linguistic	_	ContainsVariation=No	_	_	_	_	_	_
563-3	TO044	563	3	effettivamente	effettivamente	_	_	_	_	_	linguistic	_	ContainsVariation=No	_	_	_	_	_	_
563-4	TO044	563	4	non	non	_	_	_	_	_	linguistic	_	ContainsVariation=No	_	_	_	_	_	_
563-5	TO044	563	5	era	era	_	_	_	_	_	linguistic	_	ContainsVariation=No	_	_	_	_	_	_
563-6	TO044	563	6	proprio	proprio	_	_	_	_	_	linguistic	_	ContainsVariation=No	_	_	_	_	_	_
563-7	TO044	563	7	un[a]	una	_	_	_	_	_	linguistic	_	ContainsVariation=No	PauseAfter=Yes	_	_	_	_	2-3(169)
563-8	TO044	563	8	(.)	(.)	_	_	_	_	_	shortpause	_	ContainsVariation=No	_	_	_	_	_	_
563-9	TO044	563	9	scelta,	scelta	_	_	_	_	_	linguistic	_	ContainsVariation=No	Intonation=WeaklyRising|PauseAfter=Yes	_	_	_	_	_
563-10	TO044	563	10	(.)	(.)	_	_	_	_	_	shortpause	_	ContainsVariation=No	_	_	_	_	_	_
563-11	TO044	563	11	[però	però	_	_	_	_	_	linguistic	_	ContainsVariation=No	_	_	_	_	_	0-4(170)
563-12	TO044	563	12	eran	eran	_	_	_	_	_	linguistic	_	ContainsVariation=No	_	_	_	_	_	0-4(170)
563-13	TO044	563	13	sciolti	sciolti	_	_	_	_	_	linguistic	_	ContainsVariation=No	_	_	_	_	_	0-7(170)
563-14	TO044	563	14	non	non	_	_	_	_	_	linguistic	_	ContainsVariation=No	_	_	_	_	_	0-3(170)
563-15	TO044	563	15	so]	so	_	_	_	_	_	linguistic	_	ContainsVariation=No	_	_	_	_	_	0-2(170)
563-16	TO044	563	16	mi	mi	_	_	_	_	_	linguistic	_	ContainsVariation=No	_	_	_	_	_	_
563-17	TO044	563	17	sono	sono	_	_	_	_	_	linguistic	_	ContainsVariation=No	_	_	_	_	_	_
563-18	TO044	563	18	fidata,	fidata	_	_	_	_	_	linguistic	_	ContainsVariation=No	Intonation=WeaklyRising	End=1505.118	_	_	_	_
564-0	TO055	564	0	[no].	no	_	_	_	_	_	linguistic	_	ContainsVariation=No	Intonation=Falling	Begin=1501.511|End=1501.774	_	_	_	0-2(169)
565-0	TO055	565	0	((ride))	((ride))	_	_	_	_	_	nonverbalbehavior	_	ContainsVariation=No	_	Begin=1502.329	_	_	_	_
565-1	TO055	565	1	[okay].	okay	_	_	_	_	_	linguistic	_	ContainsVariation=No	Intonation=Falling	End=1504.115	_	_	_	0-4(170)
566-0	TO044	566	0	e	e	_	_	_	_	_	linguistic	_	ContainsVariation=No	_	Begin=1505.747	_	_	_	_
566-1	TO044	566	1	siam	siam	_	_	_	_	_	linguistic	_	ContainsVariation=No	_	_	_	_	_	_
566-2	TO044	566	2	finiti	finiti	_	_	_	_	_	linguistic	_	ContainsVariation=No	_	_	_	_	_	_
566-3	TO044	566	3	lì	lì	_	_	_	_	_	linguistic	_	ContainsVariation=No	_	_	_	_	_	_
566-4	TO044	566	4	quindi	quindi	_	_	_	_	_	linguistic	_	ContainsVariation=No	_	_	_	_	_	_
566-5	TO044	566	5	siam	siam	_	_	_	_	_	linguistic	_	ContainsVariation=No	_	_	_	_	_	_
566-6	TO044	566	6	stati	stati	_	_	_	_	_	linguistic	_	ContainsVariation=No	_	_	_	_	_	_
566-7	TO044	566	7	lì	lì	_	_	_	_	_	linguistic	_	ContainsVariation=No	_	_	_	_	_	_
566-8	TO044	566	8	seduti	seduti	_	_	_	_	_	linguistic	_	ContainsVariation=No	_	_	_	_	_	_
566-9	TO044	566	9	due	due	_	_	_	_	_	linguistic	_	ContainsVariation=No	_	_	_	_	_	_
566-10	TO044	566	10	ore	ore	_	_	_	_	_	linguistic	_	ContainsVariation=No	_	_	_	_	_	_
566-11	TO044	566	11	abbiam	abbiam	_	_	_	_	_	linguistic	_	ContainsVariation=No	_	_	_	_	_	_
566-12	TO044	566	12	parlato	parlato	_	_	_	_	_	linguistic	_	ContainsVariation=No	_	_	_	_	_	_
566-13	TO044	566	13	abbiam	abbiam	_	_	_	_	_	linguistic	_	ContainsVariation=No	_	_	_	_	_	_
566-14	TO044	566	14	bevuto,	bevuto	_	_	_	_	_	linguistic	_	ContainsVariation=No	Intonation=WeaklyRising	_	_	_	_	_
566-15	TO044	566	15	è	è	_	_	_	_	_	linguistic	_	ContainsVariation=No	_	_	_	_	_	_
566-16	TO044	566	16	stato	stato	_	_	_	_	_	linguistic	_	ContainsVariation=No	_	_	_	_	_	_
566-17	TO044	566	17	carino.	carino	_	_	_	_	_	linguistic	_	ContainsVariation=No	Intonation=Falling	End=1510.74	_	_	_	_
567-0	TO044	567	0	e	e	_	_	_	_	_	linguistic	_	ContainsVariation=No	_	Begin=1511.188	_	_	_	_
567-1	TO044	567	1	poi	poi	_	_	_	_	_	linguistic	_	ContainsVariation=No	PauseAfter=Yes	_	_	_	_	_
567-2	TO044	567	2	(.)	(.)	_	_	_	_	_	shortpause	_	ContainsVariation=No	_	_	_	_	_	_
567-3	TO044	567	3	è	è	_	_	_	_	_	linguistic	_	ContainsVariation=No	_	_	_	_	_	_
567-4	TO044	567	4	stato	stato	_	_	_	_	_	linguistic	_	ContainsVariation=No	_	_	_	_	_	_
567-5	TO044	567	5	figo	figo	_	_	_	_	_	linguistic	_	ContainsVariation=No	_	_	_	_	_	_
567-6	TO044	567	6	perché	perché	_	_	_	_	_	linguistic	_	ContainsVariation=No	_	_	_	_	_	_
567-7	TO044	567	7	erano	erano	_	_	_	_	_	linguistic	_	ContainsVariation=No	_	_	_	_	_	_
567-8	TO044	567	8	due	due	_	_	_	_	_	linguistic	_	ContainsVariation=No	_	_	_	_	_	_
567-9	TO044	567	9	sconosciuti.	sconosciuti	_	_	_	_	_	linguistic	_	ContainsVariation=No	Intonation=Falling	End=1514.031	_	_	_	_
568-0	TO044	568	0	e	e	_	_	_	_	_	linguistic	_	ContainsVariation=No	_	Begin=1514.18	_	_	_	_
568-1	TO044	568	1	poi	poi	_	_	_	_	_	linguistic	_	ContainsVariation=No	_	_	_	_	_	_
568-2	TO044	568	2	lei	lei	_	_	_	_	_	linguistic	_	ContainsVariation=No	_	_	_	_	_	_
568-3	TO044	568	3	mi	mi	_	_	_	_	_	linguistic	_	ContainsVariation=No	_	_	_	_	_	_
568-4	TO044	568	4	ha	ha	_	_	_	_	_	linguistic	_	ContainsVariation=No	_	_	_	_	_	_
568-5	TO044	568	5	chiamato	chiamato	_	_	_	_	_	linguistic	_	ContainsVariation=No	_	_	_	_	_	_
568-6	TO044	568	6	che	che	_	_	_	_	_	linguistic	_	ContainsVariation=No	_	_	_	_	_	_
568-7	TO044	568	7	era	era	_	_	_	_	_	linguistic	_	ContainsVariation=No	_	_	_	_	_	_
568-8	TO044	568	8	in	in	_	_	_	_	_	linguistic	_	ContainsVariation=No	_	_	_	_	_	_
568-9	TO044	568	9	panico	panico	_	_	_	_	_	linguistic	_	ContainsVariation=No	_	_	_	_	_	_
568-10	TO044	568	10	perché	perché	_	_	_	_	_	linguistic	_	ContainsVariation=No	_	_	_	_	_	_
568-11	TO044	568	11	sembra	sembra	_	_	_	_	_	linguistic	_	ContainsVariation=No	_	_	_	_	_	_
568-12	TO044	568	12	che	che	_	_	_	_	_	linguistic	_	ContainsVariation=No	_	_	_	_	_	_
568-13	TO044	568	13	il	il	_	_	_	_	_	linguistic	_	ContainsVariation=No	_	_	_	_	_	_
568-14	TO044	568	14	mio	mio	_	_	_	_	_	linguistic	_	ContainsVariation=No	_	_	_	_	_	_
568-15	TO044	568	15	coinquilin~	coinquilin~	_	_	_	_	_	linguistic	_	ContainsVariation=No	Interrupted=Yes	_	_	_	_	_
568-16	TO044	568	16	il	il	_	_	_	_	_	linguistic	_	ContainsVariation=No	_	_	_	_	_	_
568-17	TO044	568	17	mio	mio	_	_	_	_	_	linguistic	_	ContainsVariation=No	_	_	_	_	_	_
568-18	TO044	568	18	amico	amico	_	_	_	_	_	linguistic	_	ContainsVariation=No	_	_	_	_	_	_
568-19	TO044	568	19	volesse	volesse	_	_	_	_	_	linguistic	_	ContainsVariation=No	_	_	_	_	_	_
568-20	TO044	568	20	portarla	portarla	_	_	_	_	_	linguistic	_	ContainsVariation=No	_	_	_	_	_	_
568-21	TO044	568	21	a	a	_	_	_	_	_	linguistic	_	ContainsVariation=No	_	_	_	_	_	_
568-22	TO044	568	22	letto.	letto	_	_	_	_	_	linguistic	_	ContainsVariation=No	Intonation=Falling	End=1519.011	_	_	_	_
569-0	TO044	569	0	che	che	_	_	_	_	_	linguistic	_	ContainsVariation=No	_	Begin=1519.432	_	_	_	_
569-1	TO044	569	1	era	era	_	_	_	_	_	linguistic	_	ContainsVariation=No	_	_	_	_	_	_
569-2	TO044	569	2	vero	vero	_	_	_	_	_	linguistic	_	ContainsVariation=No	_	_	_	_	_	_
569-3	TO044	569	3	però	però	_	_	_	_	_	linguistic	_	ContainsVariation=No	_	_	_	_	_	_
569-4	TO044	569	4	lui	lui	_	_	_	_	_	linguistic	_	ContainsVariation=No	_	_	_	_	_	_
569-5	TO044	569	5	diceva	diceva	_	_	_	_	_	linguistic	_	ContainsVariation=No	_	_	_	_	_	_
569-6	TO044	569	6	no	no	_	_	_	_	_	linguistic	_	ContainsVariation=No	_	_	_	_	_	_
569-7	TO044	569	7	io	io	_	_	_	_	_	linguistic	_	ContainsVariation=No	_	_	_	_	_	_
569-8	TO044	569	8	non	non	_	_	_	_	_	linguistic	_	ContainsVariation=No	_	_	_	_	_	_
569-9	TO044	569	9	vo::glio	voglio	_	_	_	_	_	linguistic	_	ContainsVariation=No	_	_	1x2	_	_	_
569-10	TO044	569	10	eccetera	eccetera	_	_	_	_	_	linguistic	_	ContainsVariation=No	_	_	_	_	_	_
569-11	TO044	569	11	e	e	_	_	_	_	_	linguistic	_	ContainsVariation=No	_	_	_	_	_	_
569-12	TO044	569	12	dico	dico	_	_	_	_	_	linguistic	_	ContainsVariation=No	_	_	_	_	_	_
569-13	TO044	569	13	ma	ma	_	_	_	_	_	linguistic	_	ContainsVariation=No	_	_	_	_	_	_
569-14	TO044	569	14	giulia	giulia	_	_	_	_	_	linguistic	_	ContainsVariation=No	_	_	_	_	_	_
569-15	TO044	569	15	non	non	_	_	_	_	_	linguistic	_	ContainsVariation=No	_	_	_	_	_	_
569-16	TO044	569	16	viene	viene	_	_	_	_	_	linguistic	_	ContainsVariation=No	_	_	_	_	_	_
569-17	TO044	569	17	con	con	_	_	_	_	_	linguistic	_	ContainsVariation=No	_	_	_	_	_	_
569-18	TO044	569	18	noi,	noi	_	_	_	_	_	linguistic	_	ContainsVariation=No	Intonation=WeaklyRising	_	_	_	_	_
569-19	TO044	569	19	e	e	_	_	_	_	_	linguistic	_	ContainsVariation=No	_	_	_	_	_	_
569-20	TO044	569	20	io	io	_	_	_	_	_	linguistic	_	ContainsVariation=No	_	_	_	_	_	_
569-21	TO044	569	21	son	son	_	_	_	_	_	linguistic	_	ContainsVariation=No	_	_	_	_	_	_
569-22	TO044	569	22	anna	anna	_	_	_	_	_	linguistic	_	ContainsVariation=No	_	_	_	_	_	_
569-23	TO044	569	23	tornare	tornare	_	_	_	_	_	linguistic	_	ContainsVariation=No	_	_	_	_	_	_
569-24	TO044	569	24	indietro	indietro	_	_	_	_	_	linguistic	_	ContainsVariation=No	_	_	_	_	_	_
569-25	TO044	569	25	da	da	_	_	_	_	_	linguistic	_	ContainsVariation=No	_	_	_	_	_	_
569-26	TO044	569	26	loro	loro	_	_	_	_	_	linguistic	_	ContainsVariation=No	_	_	_	_	_	_
569-27	TO044	569	27	e	e	_	_	_	_	_	linguistic	_	ContainsVariation=No	_	_	_	_	_	_
569-28	TO044	569	28	dirgli	dirgli	_	_	_	_	_	linguistic	_	ContainsVariation=No	_	_	_	_	_	_
569-29	TO044	569	29	guarda,	guarda	_	_	_	_	_	linguistic	_	ContainsVariation=No	Intonation=WeaklyRising	End=1526.33	_	_	_	_
570-0	TO044	570	0	tu	tu	_	_	_	_	_	linguistic	_	ContainsVariation=No	_	Begin=1526.795	_	_	_	_
570-1	TO044	570	1	ti	ti	_	_	_	_	_	linguistic	_	ContainsVariation=No	_	_	_	_	_	_
570-2	TO044	570	2	sei	sei	_	_	_	_	_	linguistic	_	ContainsVariation=No	_	_	_	_	_	_
570-3	TO044	570	3	fatta	fatta	_	_	_	_	_	linguistic	_	ContainsVariation=No	_	_	_	_	_	_
570-4	TO044	570	4	la	la	_	_	_	_	_	linguistic	_	ContainsVariation=No	_	_	_	_	_	_
570-5	TO044	570	5	tua	tua	_	_	_	_	_	linguistic	_	ContainsVariation=No	_	_	_	_	_	_
570-6	TO044	570	6	serata	serata	_	_	_	_	_	linguistic	_	ContainsVariation=No	_	_	_	_	_	_
570-7	TO044	570	7	io	io	_	_	_	_	_	linguistic	_	ContainsVariation=No	_	_	_	_	_	_
570-8	TO044	570	8	ora	ora	_	_	_	_	_	linguistic	_	ContainsVariation=No	_	_	_	_	_	_
570-9	TO044	570	9	mi	mi	_	_	_	_	_	linguistic	_	ContainsVariation=No	_	_	_	_	_	_
570-10	TO044	570	10	sto	sto	_	_	_	_	_	linguistic	_	ContainsVariation=No	_	_	_	_	_	_
570-11	TO044	570	11	facendo	facendo	_	_	_	_	_	linguistic	_	ContainsVariation=No	_	_	_	_	_	_
570-12	TO044	570	12	la	la	_	_	_	_	_	linguistic	_	ContainsVariation=No	_	_	_	_	_	_
570-13	TO044	570	13	mia	mia	_	_	_	_	_	linguistic	_	ContainsVariation=No	_	_	_	_	_	_
570-14	TO044	570	14	perciò,	perciò	_	_	_	_	_	linguistic	_	ContainsVariation=No	Intonation=WeaklyRising	End=1529.984	_	_	_	_
571-0	TO044	571	0	lui	lui	_	_	_	_	_	linguistic	_	ContainsVariation=No	_	Begin=1530.373	_	_	_	_
571-1	TO044	571	1	ti	ti	_	_	_	_	_	linguistic	_	ContainsVariation=No	_	_	_	_	_	_
571-2	TO044	571	2	accompagna	accompagna	_	_	_	_	_	linguistic	_	ContainsVariation=No	_	_	_	_	_	_
571-3	TO044	571	3	solo	solo	_	_	_	_	_	linguistic	_	ContainsVariation=No	_	_	_	_	_	_
571-4	TO044	571	4	a	a	_	_	_	_	_	linguistic	_	ContainsVariation=No	_	_	_	_	_	_
571-5	TO044	571	5	casa	casa	_	_	_	_	_	linguistic	_	ContainsVariation=No	_	_	_	_	_	_
571-6	TO044	571	6	non	non	_	_	_	_	_	linguistic	_	ContainsVariation=No	_	_	_	_	_	_
571-7	TO044	571	7	fa	fa	_	_	_	_	_	linguistic	_	ContainsVariation=No	_	_	_	_	_	_
571-8	TO044	571	8	niente	niente	_	_	_	_	_	linguistic	_	ContainsVariation=No	_	_	_	_	_	_
571-9	TO044	571	9	ec[cetera].	eccetera	_	_	_	_	_	linguistic	_	ContainsVariation=No	Intonation=Falling	End=1533.139	_	_	_	2-8(171)
572-0	TO055	572	0	[ok]a[y].	okay	_	_	_	_	_	linguistic	_	ContainsVariation=No	Intonation=Falling	Begin=1532.795|End=1533.37	_	_	_	0-2(171),3-4(172)
573-0	TO044	573	0	[i]n	in	_	_	_	_	_	linguistic	_	ContainsVariation=No	_	Begin=1533.235	_	_	_	0-1(172)
573-1	TO044	573	1	realtà	realtà	_	_	_	_	_	linguistic	_	ContainsVariation=No	_	_	_	_	_	_
573-2	TO044	573	2	speravo	speravo	_	_	_	_	_	linguistic	_	ContainsVariation=No	_	_	_	_	_	_
573-3	TO044	573	3	che	che	_	_	_	_	_	linguistic	_	ContainsVariation=No	_	_	_	_	_	_
573-4	TO044	573	4	succedesse	succedesse	_	_	_	_	_	linguistic	_	ContainsVariation=No	_	_	_	_	_	_
573-5	TO044	573	5	qualcosa.	qualcosa	_	_	_	_	_	linguistic	_	ContainsVariation=No	Intonation=Falling	End=1535.622	_	_	_	_
574-0	TO055	574	0	((ride))	((ride))	_	_	_	_	_	nonverbalbehavior	_	ContainsVariation=No	_	Begin=1534.594|End=1536.015	_	_	_	_
575-0	TO055	575	0	per	per	_	_	_	_	_	linguistic	_	ContainsVariation=No	_	Begin=1536.085	_	_	_	_
575-1	TO055	575	1	abbordarla::,	abbordarla	_	_	_	_	_	linguistic	_	ContainsVariation=No	Intonation=WeaklyRising	End=1537.503	9x2	_	_	_
576-0	TO044	576	0	e	e	_	_	_	_	_	linguistic	_	ContainsVariation=No	_	Begin=1537.503	_	_	_	_
576-1	TO044	576	1	intanto	intanto	_	_	_	_	_	linguistic	_	ContainsVariation=No	_	_	_	_	_	_
576-2	TO044	576	2	io	io	_	_	_	_	_	linguistic	_	ContainsVariation=No	_	_	_	_	_	_
576-3	TO044	576	3	son	son	_	_	_	_	_	linguistic	_	ContainsVariation=No	_	_	_	_	_	_
576-4	TO044	576	4	tornata	tornata	_	_	_	_	_	linguistic	_	ContainsVariation=No	_	_	_	_	_	_
576-5	TO044	576	5	dai	dai	_	_	_	_	_	linguistic	_	ContainsVariation=No	_	_	_	_	_	_
576-6	TO044	576	6	sti	sti	_	_	_	_	_	linguistic	_	ContainsVariation=No	_	_	_	_	_	_
576-7	TO044	576	7	miei	miei	_	_	_	_	_	linguistic	_	ContainsVariation=No	_	_	_	_	_	_
576-8	TO044	576	8	amici	amici	_	_	_	_	_	linguistic	_	ContainsVariation=No	_	_	_	_	_	_
576-9	TO044	576	9	siamo	siamo	_	_	_	_	_	linguistic	_	ContainsVariation=No	_	_	_	_	_	_
576-10	TO044	576	10	fin~,	fin~	_	_	_	_	_	linguistic	_	ContainsVariation=No	Intonation=WeaklyRising|Interrupted=Yes	_	_	_	_	_
576-11	TO044	576	11	sti	sti	_	_	_	_	_	linguistic	_	ContainsVariation=No	_	_	_	_	_	_
576-12	TO044	576	12	miei	miei	_	_	_	_	_	linguistic	_	ContainsVariation=No	_	_	_	_	_	_
576-13	TO044	576	13	amici.	amici	_	_	_	_	_	linguistic	_	ContainsVariation=No	Intonation=Falling	_	_	_	_	_
576-14	TO044	576	14	sti	sti	_	_	_	_	_	linguistic	_	ContainsVariation=No	_	_	_	_	_	_
576-15	TO044	576	15	cazzoni.	cazzoni	_	_	_	_	_	linguistic	_	ContainsVariation=No	Intonation=Falling	End=1541.921	_	_	_	_
577-0	TO055	577	0	((ride))	((ride))	_	_	_	_	_	nonverbalbehavior	_	ContainsVariation=No	_	Begin=1540.606|End=1541.921	_	_	_	_
578-0	TO055	578	0	questo	questo	_	_	_	_	_	linguistic	_	ContainsVariation=No	_	Begin=1541.952	_	_	_	_
578-1	TO055	578	1	questo	questo	_	_	_	_	_	linguistic	_	ContainsVariation=No	_	_	_	_	_	_
578-2	TO055	578	2	è	è	_	_	_	_	_	linguistic	_	ContainsVariation=No	_	_	_	_	_	_
578-3	TO055	578	3	sconos[ciuto].	sconosciuto	_	_	_	_	_	linguistic	_	ContainsVariation=No	Intonation=Falling	End=1543.622	_	_	_	6-11(175)
579-0	TO044	579	0	[e:]	e	_	_	_	_	_	linguistic	_	ContainsVariation=No	_	Begin=1543.275	0x1	_	_	0-1(175)
579-1	TO044	579	1	siamo	siamo	_	_	_	_	_	linguistic	_	ContainsVariation=No	_	_	_	_	_	_
579-2	TO044	579	2	finiti	finiti	_	_	_	_	_	linguistic	_	ContainsVariation=No	_	_	_	_	_	_
579-3	TO044	579	3	a	a	_	_	_	_	_	linguistic	_	ContainsVariation=No	_	_	_	_	_	_
579-4	TO044	579	4	casa	casa	_	_	_	_	_	linguistic	_	ContainsVariation=No	_	_	_	_	_	_
579-5	TO044	579	5	di	di	_	_	_	_	_	linguistic	_	ContainsVariation=No	_	_	_	_	_	_
579-6	TO044	579	6	uno	uno	_	_	_	_	_	linguistic	_	ContainsVariation=No	_	_	_	_	_	_
579-7	TO044	579	7	di	di	_	_	_	_	_	linguistic	_	ContainsVariation=No	_	_	_	_	_	_
579-8	TO044	579	8	loro	loro	_	_	_	_	_	linguistic	_	ContainsVariation=No	_	_	_	_	_	_
579-9	TO044	579	9	perché	perché	_	_	_	_	_	linguistic	_	ContainsVariation=No	_	_	_	_	_	_
579-10	TO044	579	10	volevano	volevano	_	_	_	_	_	linguistic	_	ContainsVariation=No	_	_	_	_	_	_
579-11	TO044	579	11	fare	fare	_	_	_	_	_	linguistic	_	ContainsVariation=No	_	_	_	_	_	_
579-12	TO044	579	12	jam	jam	_	_	_	_	_	linguistic	_	ContainsVariation=No	_	_	_	_	_	_
579-13	TO044	579	13	session,	session	_	_	_	_	_	linguistic	_	ContainsVariation=No	Intonation=WeaklyRising	End=1546.822	_	_	_	_
580-0	TO055	580	0	okay,	okay	_	_	_	_	_	linguistic	_	ContainsVariation=No	Intonation=WeaklyRising	Begin=1546.822|End=1547.299	_	_	_	_
581-0	TO044	581	0	e	e	_	_	_	_	_	linguistic	_	ContainsVariation=No	_	Begin=1547.299	_	_	_	_
581-1	TO044	581	1	quindi:	quindi	_	_	_	_	_	linguistic	_	ContainsVariation=No	_	_	5x1	_	_	_
581-2	TO044	581	2	visto	visto	_	_	_	_	_	linguistic	_	ContainsVariation=No	_	_	_	_	_	_
581-3	TO044	581	3	che	che	_	_	_	_	_	linguistic	_	ContainsVariation=No	_	_	_	_	_	_
581-4	TO044	581	4	loro	loro	_	_	_	_	_	linguistic	_	ContainsVariation=No	_	_	_	_	_	_
581-5	TO044	581	5	hanno	hanno	_	_	_	_	_	linguistic	_	ContainsVariation=No	_	_	_	_	_	_
581-6	TO044	581	6	delle	delle	_	_	_	_	_	linguistic	_	ContainsVariation=No	_	_	_	_	_	_
581-7	TO044	581	7	stanze	stanze	_	_	_	_	_	linguistic	_	ContainsVariation=No	_	_	_	_	_	_
581-8	TO044	581	8	in	in	_	_	_	_	_	linguistic	_	ContainsVariation=No	_	_	_	_	_	_
581-9	TO044	581	9	berkeley	berkeley	_	_	_	_	_	linguistic	_	ContainsVariation=No	_	_	_	_	_	_
581-10	TO044	581	10	che	che	_	_	_	_	_	linguistic	_	ContainsVariation=No	_	_	_	_	_	_
581-11	TO044	581	11	possono	possono	_	_	_	_	_	linguistic	_	ContainsVariation=No	_	_	_	_	_	_
581-12	TO044	581	12	stare	stare	_	_	_	_	_	linguistic	_	ContainsVariation=No	PauseAfter=Yes	_	_	_	_	_
581-13	TO044	581	13	(.)	(.)	_	_	_	_	_	shortpause	_	ContainsVariation=No	_	_	_	_	_	_
581-14	TO044	581	14	quanto	quanto	_	_	_	_	_	linguistic	_	ContainsVariation=No	_	_	_	_	_	_
581-15	TO044	581	15	vogliono	vogliono	_	_	_	_	_	linguistic	_	ContainsVariation=No	_	_	_	_	_	_
581-16	TO044	581	16	di	di	_	_	_	_	_	linguistic	_	ContainsVariation=No	_	_	_	_	_	_
581-17	TO044	581	17	notte	notte	_	_	_	_	_	linguistic	_	ContainsVariation=No	_	_	_	_	_	_
581-18	TO044	581	18	così	così	_	_	_	_	_	linguistic	_	ContainsVariation=No	_	_	_	_	_	_
581-19	TO044	581	19	loro	loro	_	_	_	_	_	linguistic	_	ContainsVariation=No	_	_	_	_	_	_
581-20	TO044	581	20	ne	ne	_	_	_	_	_	linguistic	_	ContainsVariation=No	_	_	_	_	_	_
581-21	TO044	581	21	avevano	avevano	_	_	_	_	_	linguistic	_	ContainsVariation=No	_	_	_	_	_	_
581-22	TO044	581	22	una	una	_	_	_	_	_	linguistic	_	ContainsVariation=No	_	_	_	_	_	_
581-23	TO044	581	23	così	così	_	_	_	_	_	linguistic	_	ContainsVariation=No	_	_	_	_	_	_
581-24	TO044	581	24	nel	nel	_	_	_	_	_	linguistic	_	ContainsVariation=No	_	_	_	_	_	_
581-25	TO044	581	25	loro	loro	_	_	_	_	_	linguistic	_	ContainsVariation=No	_	_	_	_	_	_
581-26	TO044	581	26	complesso,	complesso	_	_	_	_	_	linguistic	_	ContainsVariation=No	Intonation=WeaklyRising	End=1554.708	_	_	_	_
582-0	TO044	582	0	e	e	_	_	_	_	_	linguistic	_	ContainsVariation=No	_	Begin=1555.282	_	_	_	_
582-1	TO044	582	1	quindi	quindi	_	_	_	_	_	linguistic	_	ContainsVariation=No	_	_	_	_	_	_
582-2	TO044	582	2	siamo	siamo	_	_	_	_	_	linguistic	_	ContainsVariation=No	_	_	_	_	_	_
582-3	TO044	582	3	andati	andati	_	_	_	_	_	linguistic	_	ContainsVariation=No	_	_	_	_	_	_
582-4	TO044	582	4	lì::	lì	_	_	_	_	_	linguistic	_	ContainsVariation=No	_	_	1x2	_	_	_
582-5	TO044	582	5	e	e	_	_	_	_	_	linguistic	_	ContainsVariation=No	_	_	_	_	_	_
582-6	TO044	582	6	siam	siam	_	_	_	_	_	linguistic	_	ContainsVariation=No	_	_	_	_	_	_
582-7	TO044	582	7	stati	stati	_	_	_	_	_	linguistic	_	ContainsVariation=No	_	_	_	_	_	_
582-8	TO044	582	8	lì	lì	_	_	_	_	_	linguistic	_	ContainsVariation=No	_	_	_	_	_	_
582-9	TO044	582	9	tutta	tutta	_	_	_	_	_	linguistic	_	ContainsVariation=No	_	_	_	_	_	_
582-10	TO044	582	10	la	la	_	_	_	_	_	linguistic	_	ContainsVariation=No	_	_	_	_	_	_
582-11	TO044	582	11	notte	notte	_	_	_	_	_	linguistic	_	ContainsVariation=No	_	_	_	_	_	_
582-12	TO044	582	12	loro	loro	_	_	_	_	_	linguistic	_	ContainsVariation=No	_	_	_	_	_	_
582-13	TO044	582	13	hanno	hanno	_	_	_	_	_	linguistic	_	ContainsVariation=No	_	_	_	_	_	_
582-14	TO044	582	14	suonato	suonato	_	_	_	_	_	linguistic	_	ContainsVariation=No	_	_	_	_	_	_
582-15	TO044	582	15	per	per	_	_	_	_	_	linguistic	_	ContainsVariation=No	_	_	_	_	_	_
582-16	TO044	582	16	me	me	_	_	_	_	_	linguistic	_	ContainsVariation=No	_	_	_	_	_	_
582-17	TO044	582	17	abbiamo	abbiamo	_	_	_	_	_	linguistic	_	ContainsVariation=No	_	_	_	_	_	_
582-18	TO044	582	18	continuato	continuato	_	_	_	_	_	linguistic	_	ContainsVariation=No	_	_	_	_	_	_
582-19	TO044	582	19	a	a	_	_	_	_	_	linguistic	_	ContainsVariation=No	_	_	_	_	_	_
582-20	TO044	582	20	bere	bere	_	_	_	_	_	linguistic	_	ContainsVariation=No	_	_	_	_	_	_
582-21	TO044	582	21	[assie:me],	assieme	_	_	_	_	_	linguistic	_	ContainsVariation=No	Intonation=WeaklyRising	End=1562.299	4x1	_	_	0-7(176)
583-0	TO055	583	0	[<che:	che	_	_	_	_	_	linguistic	_	ContainsVariation=No	_	Begin=1561.51	2x1	Slow=0-3(0)	_	0-3(176)
583-1	TO055	583	1	be:]llo>.	bello	_	_	_	_	_	linguistic	_	ContainsVariation=No	Intonation=Falling	End=1562.638	1x1	Slow=0-5(0)	_	0-2(176)
584-0	TO044	584	0	fighissimo	fighissimo	_	_	_	_	_	linguistic	_	ContainsVariation=No	_	Begin=1562.716	_	_	_	_
584-1	TO044	584	1	poi	poi	_	_	_	_	_	linguistic	_	ContainsVariation=No	_	_	_	_	_	_
584-2	TO044	584	2	mi	mi	_	_	_	_	_	linguistic	_	ContainsVariation=No	_	_	_	_	_	_
584-3	TO044	584	3	sono	sono	_	_	_	_	_	linguistic	_	ContainsVariation=No	_	_	_	_	_	_
584-4	TO044	584	4	svegliata	svegliata	_	_	_	_	_	linguistic	_	ContainsVariation=No	_	_	_	_	_	_
584-5	TO044	584	5	lì	lì	_	_	_	_	_	linguistic	_	ContainsVariation=No	_	_	_	_	_	_
584-6	TO044	584	6	alle	alle	_	_	_	_	_	linguistic	_	ContainsVariation=No	_	_	_	_	_	_
584-7	TO044	584	7	cinque	cinque	_	_	_	_	_	linguistic	_	ContainsVariation=No	_	_	_	_	_	_
584-8	TO044	584	8	perché	perché	_	_	_	_	_	linguistic	_	ContainsVariation=No	_	_	_	_	_	_
584-9	TO044	584	9	mi	mi	_	_	_	_	_	linguistic	_	ContainsVariation=No	_	_	_	_	_	_
584-10	TO044	584	10	devo	devo	_	_	_	_	_	linguistic	_	ContainsVariation=No	_	_	_	_	_	_
584-11	TO044	584	11	essere	essere	_	_	_	_	_	linguistic	_	ContainsVariation=No	_	_	_	_	_	_
584-12	TO044	584	12	addormentata,	addormentata	_	_	_	_	_	linguistic	_	ContainsVariation=No	Intonation=WeaklyRising	End=1567.201	_	_	_	_
585-0	TO044	585	0	tra	tra	_	_	_	_	_	linguistic	_	ContainsVariation=No	_	Begin=1568.18	_	_	_	_
585-1	TO044	585	1	l'	l'	_	_	_	_	_	linguistic	_	ContainsVariation=No	SpaceAfter=No	_	_	_	_	_
585-2	TO044	585	2	altro	altro	_	_	_	_	_	linguistic	_	ContainsVariation=No	_	_	_	_	_	_
585-3	TO044	585	3	non	non	_	_	_	_	_	linguistic	_	ContainsVariation=No	_	_	_	_	_	_
585-4	TO044	585	4	è	è	_	_	_	_	_	linguistic	_	ContainsVariation=No	_	_	_	_	_	_
585-5	TO044	585	5	pericoloso	pericoloso	_	_	_	_	_	linguistic	_	ContainsVariation=No	_	_	_	_	_	_
585-6	TO044	585	6	assolutamente	assolutamente	_	_	_	_	_	linguistic	_	ContainsVariation=No	_	_	_	_	_	_
585-7	TO044	585	7	((ride))	((ride))	_	_	_	_	_	nonverbalbehavior	_	ContainsVariation=No	_	End=1571.307	_	_	_	_
586-0	TO055	586	0	[no::]	no	_	_	_	_	_	linguistic	_	ContainsVariation=No	_	Begin=1570.652|End=1571.324	1x2	_	_	0-2(177)
587-0	TO044	587	0	e::h	eh	_	_	_	_	_	linguistic	_	ContainsVariation=No	ProsodicLink=Yes	Begin=1571.982	0x2	_	_	_
587-1	TO044	587	1	mh,	mh	_	_	_	_	_	linguistic	_	ContainsVariation=No	Intonation=WeaklyRising	End=1573.357	_	_	_	_
588-0	TO044	588	0	e	e	_	_	_	_	_	linguistic	_	ContainsVariation=No	_	Begin=1574.192	_	_	_	_
588-1	TO044	588	1	niente	niente	_	_	_	_	_	linguistic	_	ContainsVariation=No	_	_	_	_	_	_
588-2	TO044	588	2	poi	poi	_	_	_	_	_	linguistic	_	ContainsVariation=No	_	_	_	_	_	_
588-3	TO044	588	3	io	io	_	_	_	_	_	linguistic	_	ContainsVariation=No	_	_	_	_	_	_
588-4	TO044	588	4	gli	gli	_	_	_	_	_	linguistic	_	ContainsVariation=No	_	_	_	_	_	_
588-5	TO044	588	5	ho	ho	_	_	_	_	_	linguistic	_	ContainsVariation=No	_	_	_	_	_	_
588-6	TO044	588	6	detto	detto	_	_	_	_	_	linguistic	_	ContainsVariation=No	_	_	_	_	_	_
588-7	TO044	588	7	vabbè	vabbè	_	_	_	_	_	linguistic	_	ContainsVariation=No	_	_	_	_	_	_
588-8	TO044	588	8	io	io	_	_	_	_	_	linguistic	_	ContainsVariation=No	_	_	_	_	_	_
588-9	TO044	588	9	vado	vado	_	_	_	_	_	linguistic	_	ContainsVariation=No	_	_	_	_	_	_
588-10	TO044	588	10	perché	perché	_	_	_	_	_	linguistic	_	ContainsVariation=No	_	_	_	_	_	_
588-11	TO044	588	11	loro	loro	_	_	_	_	_	linguistic	_	ContainsVariation=No	_	_	_	_	_	_
588-12	TO044	588	12	stavano	stavano	_	_	_	_	_	linguistic	_	ContainsVariation=No	_	_	_	_	_	_
588-13	TO044	588	13	ancora	ancora	_	_	_	_	_	linguistic	_	ContainsVariation=No	_	_	_	_	_	_
588-14	TO044	588	14	suonando	suonando	_	_	_	_	_	linguistic	_	ContainsVariation=No	_	_	_	_	_	_
588-15	TO044	588	15	alle	alle	_	_	_	_	_	linguistic	_	ContainsVariation=No	_	_	_	_	_	_
588-16	TO044	588	16	cinque	cinque	_	_	_	_	_	linguistic	_	ContainsVariation=No	_	_	_	_	_	_
588-17	TO044	588	17	[xx],	xx	_	_	_	_	_	linguistic	_	ContainsVariation=No	Intonation=WeaklyRising	End=1578.486	_	_	_	0-2(178)
589-0	TO055	589	0	[ah	ah	_	_	_	_	_	linguistic	_	ContainsVariation=No	_	Begin=1577.974	_	_	_	0-2(178)
589-1	TO055	589	1	tu]	tu	_	_	_	_	_	linguistic	_	ContainsVariation=No	_	_	_	_	_	0-2(178)
589-2	TO055	589	2	tu	tu	_	_	_	_	_	linguistic	_	ContainsVariation=No	_	_	_	_	_	_
589-3	TO055	589	3	in	in	_	_	_	_	_	linguistic	_	ContainsVariation=No	_	_	_	_	_	_
589-4	TO055	589	4	tutto	tutto	_	_	_	_	_	linguistic	_	ContainsVariation=No	_	_	_	_	_	_
589-5	TO055	589	5	questo	questo	_	_	_	_	_	linguistic	_	ContainsVariation=No	_	_	_	_	_	_
589-6	TO055	589	6	ti	ti	_	_	_	_	_	linguistic	_	ContainsVariation=No	_	_	_	_	_	_
589-7	TO055	589	7	sei	sei	_	_	_	_	_	linguistic	_	ContainsVariation=No	_	_	_	_	_	_
589-8	TO055	589	8	addromen[tata]	addromentata	_	_	_	_	_	linguistic	_	ContainsVariation=No	_	_	_	_	_	8-12(180)
589-9	TO055	589	9	mentre	mentre	_	_	_	_	_	linguistic	_	ContainsVariation=No	_	_	_	_	_	_
589-10	TO055	589	10	loro	loro	_	_	_	_	_	linguistic	_	ContainsVariation=No	_	_	_	_	_	_
589-11	TO055	589	11	suonavano	suonavano	_	_	_	_	_	linguistic	_	ContainsVariation=No	_	_	_	_	_	_
589-12	TO055	589	12	((ride))	((ride))	_	_	_	_	_	nonverbalbehavior	_	ContainsVariation=No	_	End=1581.754	_	_	_	_
590-0	TO044	590	0	[e:h],	eh	_	_	_	_	_	linguistic	_	ContainsVariation=No	Intonation=WeaklyRising	Begin=1579.996|End=1580.378	0x1	_	_	0-2(179)
591-0	TO044	591	0	[sì	sì	_	_	_	_	_	linguistic	_	ContainsVariation=No	_	Begin=1580.954	_	_	_	0-2(180)
591-1	TO044	591	1	e:h]	eh	_	_	_	_	_	linguistic	_	ContainsVariation=No	_	_	0x1	_	_	0-2(180)
591-2	TO044	591	2	quindi	quindi	_	_	_	_	_	linguistic	_	ContainsVariation=No	_	_	_	_	_	_
591-3	TO044	591	3	poi	poi	_	_	_	_	_	linguistic	_	ContainsVariation=No	_	_	_	_	_	_
591-4	TO044	591	4	faccio	faccio	_	_	_	_	_	linguistic	_	ContainsVariation=No	_	_	_	_	_	_
591-5	TO044	591	5	vabbè	vabbè	_	_	_	_	_	linguistic	_	ContainsVariation=No	_	_	_	_	_	_
591-6	TO044	591	6	io	io	_	_	_	_	_	linguistic	_	ContainsVariation=No	_	_	_	_	_	_
591-7	TO044	591	7	<va:do	vado	_	_	_	_	_	linguistic	_	ContainsVariation=No	_	_	1x1	Slow=0-4(0)	_	_
591-8	TO044	591	8	ma	ma	_	_	_	_	_	linguistic	_	ContainsVariation=No	_	_	_	Slow=0-2(0)	_	_
591-9	TO044	591	9	no	no	_	_	_	_	_	linguistic	_	ContainsVariation=No	_	_	_	Slow=0-2(0)	_	_
591-10	TO044	591	10	rimani	rimani	_	_	_	_	_	linguistic	_	ContainsVariation=No	_	_	_	Slow=0-6(0)	_	_
591-11	TO044	591	11	con	con	_	_	_	_	_	linguistic	_	ContainsVariation=No	_	_	_	Slow=0-3(0)	_	_
591-12	TO044	591	12	noi	noi	_	_	_	_	_	linguistic	_	ContainsVariation=No	_	_	_	Slow=0-3(0)	_	_
591-13	TO044	591	13	che	che	_	_	_	_	_	linguistic	_	ContainsVariation=No	_	_	_	Slow=0-3(0)	_	_
591-14	TO044	591	14	facciamo	facciamo	_	_	_	_	_	linguistic	_	ContainsVariation=No	_	_	_	Slow=0-8(0)	_	_
591-15	TO044	591	15	ancora	ancora	_	_	_	_	_	linguistic	_	ContainsVariation=No	_	_	_	Slow=0-6(0)	_	_
591-16	TO044	591	16	un	un	_	_	_	_	_	linguistic	_	ContainsVariation=No	_	_	_	Slow=0-2(0)	_	_
591-17	TO044	591	17	po'	po'	_	_	_	_	_	linguistic	_	ContainsVariation=No	_	_	_	Slow=0-3(0)	_	_
591-18	TO044	591	18	suoniamo	suoniamo	_	_	_	_	_	linguistic	_	ContainsVariation=No	_	_	_	Slow=0-8(0)	_	_
591-19	TO044	591	19	ancora	ancora	_	_	_	_	_	linguistic	_	ContainsVariation=No	_	_	_	Slow=0-6(0)	_	_
591-20	TO044	591	20	po'	po'	_	_	_	_	_	linguistic	_	ContainsVariation=No	_	_	_	Slow=0-3(0)	_	_
591-21	TO044	591	21	cioè	cioè	_	_	_	_	_	linguistic	_	ContainsVariation=No	_	_	_	Slow=0-4(0)	_	_
591-22	TO044	591	22	ce	ce	_	_	_	_	_	linguistic	_	ContainsVariation=No	_	_	_	Slow=0-2(0)	_	_
591-23	TO044	591	23	ne	ne	_	_	_	_	_	linguistic	_	ContainsVariation=No	_	_	_	Slow=0-2(0)	_	_
591-24	TO044	591	24	beviamo	beviamo	_	_	_	_	_	linguistic	_	ContainsVariation=No	_	_	_	Slow=0-7(0)	_	_
591-25	TO044	591	25	ancora	ancora	_	_	_	_	_	linguistic	_	ContainsVariation=No	_	_	_	Slow=0-6(0)	_	_
591-26	TO044	591	26	due:>,	due	_	_	_	_	_	linguistic	_	ContainsVariation=No	Intonation=WeaklyRising	End=1588.22	2x1	Slow=0-3(0)	_	_
592-0	TO044	592	0	e	e	_	_	_	_	_	linguistic	_	ContainsVariation=No	_	Begin=1588.673	_	_	_	_
592-1	TO044	592	1	io	io	_	_	_	_	_	linguistic	_	ContainsVariation=No	_	_	_	_	_	_
592-2	TO044	592	2	non	non	_	_	_	_	_	linguistic	_	ContainsVariation=No	_	_	_	_	_	_
592-3	TO044	592	3	xx	xx	_	_	_	_	_	unknown	_	ContainsVariation=No	Syllables=2	_	_	_	_	_
592-4	TO044	592	4	detto	detto	_	_	_	_	_	linguistic	_	ContainsVariation=No	_	_	_	_	_	_
592-5	TO044	592	5	domani	domani	_	_	_	_	_	linguistic	_	ContainsVariation=No	_	_	_	_	_	_
592-6	TO044	592	6	ho	ho	_	_	_	_	_	linguistic	_	ContainsVariation=No	_	_	_	_	_	_
592-7	TO044	592	7	scuol~	scuol~	_	_	_	_	_	linguistic	_	ContainsVariation=No	Interrupted=Yes	_	_	_	_	_
592-8	TO044	592	8	cioè	cioè	_	_	_	_	_	linguistic	_	ContainsVariation=No	_	_	_	_	_	_
592-9	TO044	592	9	tra	tra	_	_	_	_	_	linguistic	_	ContainsVariation=No	_	_	_	_	_	_
592-10	TO044	592	10	tre	tre	_	_	_	_	_	linguistic	_	ContainsVariation=No	_	_	_	_	_	_
592-11	TO044	592	11	ore	ore	_	_	_	_	_	linguistic	_	ContainsVariation=No	_	_	_	_	_	_
592-12	TO044	592	12	ho	ho	_	_	_	_	_	linguistic	_	ContainsVariation=No	_	_	_	_	_	_
592-13	TO044	592	13	scuola	scuola	_	_	_	_	_	linguistic	_	ContainsVariation=No	_	_	_	_	_	_
592-14	TO044	592	14	((ride))	((ride))	_	_	_	_	_	nonverbalbehavior	_	ContainsVariation=No	_	End=1591.843	_	_	_	_
593-0	TO044	593	0	così	così	_	_	_	_	_	linguistic	_	ContainsVariation=No	_	Begin=1592.121	_	_	_	_
593-1	TO044	593	1	quindi	quindi	_	_	_	_	_	linguistic	_	ContainsVariation=No	_	_	_	_	_	_
593-2	TO044	593	2	son	son	_	_	_	_	_	linguistic	_	ContainsVariation=No	_	_	_	_	_	_
593-3	TO044	593	3	tornata	tornata	_	_	_	_	_	linguistic	_	ContainsVariation=No	_	_	_	_	_	_
593-4	TO044	593	4	a	a	_	_	_	_	_	linguistic	_	ContainsVariation=No	_	_	_	_	_	_
593-5	TO044	593	5	casa	casa	_	_	_	_	_	linguistic	_	ContainsVariation=No	_	_	_	_	_	_
593-6	TO044	593	6	a	a	_	_	_	_	_	linguistic	_	ContainsVariation=No	_	_	_	_	_	_
593-7	TO044	593	7	piedi	piedi	_	_	_	_	_	linguistic	_	ContainsVariation=No	_	_	_	_	_	_
593-8	TO044	593	8	perché	perché	_	_	_	_	_	linguistic	_	ContainsVariation=No	_	_	_	_	_	_
593-9	TO044	593	9	era	era	_	_	_	_	_	linguistic	_	ContainsVariation=No	_	_	_	_	_	_
593-10	TO044	593	10	vicino	vicino	_	_	_	_	_	linguistic	_	ContainsVariation=No	_	_	_	_	_	_
593-11	TO044	593	11	da::	da	_	_	_	_	_	linguistic	_	ContainsVariation=No	_	_	1x2	_	_	_
593-12	TO044	593	12	casa	casa	_	_	_	_	_	linguistic	_	ContainsVariation=No	_	_	_	_	_	_
593-13	TO044	593	13	mia,	mia	_	_	_	_	_	linguistic	_	ContainsVariation=No	Intonation=WeaklyRising	End=1595.951	_	_	_	_
594-0	TO044	594	0	ed	ed	_	_	_	_	_	linguistic	_	ContainsVariation=No	_	Begin=1596.13	_	_	_	_
594-1	TO044	594	1	è	è	_	_	_	_	_	linguistic	_	ContainsVariation=No	_	_	_	_	_	_
594-2	TO044	594	2	stato	stato	_	_	_	_	_	linguistic	_	ContainsVariation=No	_	_	_	_	_	_
594-3	TO044	594	3	figo	figo	_	_	_	_	_	linguistic	_	ContainsVariation=No	_	_	_	_	_	_
594-4	TO044	594	4	perché	perché	_	_	_	_	_	linguistic	_	ContainsVariation=No	_	_	_	_	_	_
594-5	TO044	594	5	poi	poi	_	_	_	_	_	linguistic	_	ContainsVariation=No	_	_	_	_	_	_
594-6	TO044	594	6	mi	mi	_	_	_	_	_	linguistic	_	ContainsVariation=No	_	_	_	_	_	_
594-7	TO044	594	7	sono	sono	_	_	_	_	_	linguistic	_	ContainsVariation=No	_	_	_	_	_	_
594-8	TO044	594	8	messa	messa	_	_	_	_	_	linguistic	_	ContainsVariation=No	_	_	_	_	_	_
594-9	TO044	594	9	nel	nel	_	_	_	_	_	linguistic	_	ContainsVariation=No	_	_	_	_	_	_
594-10	TO044	594	10	letto	letto	_	_	_	_	_	linguistic	_	ContainsVariation=No	_	_	_	_	_	_
594-11	TO044	594	11	ho	ho	_	_	_	_	_	linguistic	_	ContainsVariation=No	_	_	_	_	_	_
594-12	TO044	594	12	saltato	saltato	_	_	_	_	_	linguistic	_	ContainsVariation=No	_	_	_	_	_	_
594-13	TO044	594	13	le	le	_	_	_	_	_	linguistic	_	ContainsVariation=No	_	_	_	_	_	_
594-14	TO044	594	14	prime	prime	_	_	_	_	_	linguistic	_	ContainsVariation=No	_	_	_	_	_	_
594-15	TO044	594	15	due	due	_	_	_	_	_	linguistic	_	ContainsVariation=No	_	_	_	_	_	_
594-16	TO044	594	16	ore,	ore	_	_	_	_	_	linguistic	_	ContainsVariation=No	Intonation=WeaklyRising	End=1599.351	_	_	_	_
595-0	TO044	595	0	però	però	_	_	_	_	_	linguistic	_	ContainsVariation=No	_	Begin=1599.678	_	_	_	_
595-1	TO044	595	1	è	è	_	_	_	_	_	linguistic	_	ContainsVariation=No	_	_	_	_	_	_
595-2	TO044	595	2	stato	stato	_	_	_	_	_	linguistic	_	ContainsVariation=No	_	_	_	_	_	_
595-3	TO044	595	3	figo	figo	_	_	_	_	_	linguistic	_	ContainsVariation=No	_	_	_	_	_	_
595-4	TO044	595	4	perché	perché	_	_	_	_	_	linguistic	_	ContainsVariation=No	_	_	_	_	_	_
595-5	TO044	595	5	poi	poi	_	_	_	_	_	linguistic	_	ContainsVariation=No	_	_	_	_	_	_
595-6	TO044	595	6	ho	ho	_	_	_	_	_	linguistic	_	ContainsVariation=No	_	_	_	_	_	_
595-7	TO044	595	7	raccontato	raccontato	_	_	_	_	_	linguistic	_	ContainsVariation=No	_	_	_	_	_	_
595-8	TO044	595	8	tutta	tutta	_	_	_	_	_	linguistic	_	ContainsVariation=No	_	_	_	_	_	_
595-9	TO044	595	9	[sta	sta	_	_	_	_	_	linguistic	_	ContainsVariation=No	_	_	_	_	_	0-3(181)
595-10	TO044	595	10	cos]a	cosa	_	_	_	_	_	linguistic	_	ContainsVariation=No	_	_	_	_	_	0-3(181)
595-11	TO044	595	11	che	che	_	_	_	_	_	linguistic	_	ContainsVariation=No	_	_	_	_	_	_
595-12	TO044	595	12	ero	ero	_	_	_	_	_	linguistic	_	ContainsVariation=No	_	_	_	_	_	_
595-13	TO044	595	13	stata	stata	_	_	_	_	_	linguistic	_	ContainsVariation=No	_	_	_	_	_	_
595-14	TO044	595	14	con	con	_	_	_	_	_	linguistic	_	ContainsVariation=No	_	_	_	_	_	_
595-15	TO044	595	15	sti	sti	_	_	_	_	_	linguistic	_	ContainsVariation=No	_	_	_	_	_	_
595-16	TO044	595	16	due	due	_	_	_	_	_	linguistic	_	ContainsVariation=No	_	_	_	_	_	_
595-17	TO044	595	17	musicisti	musicisti	_	_	_	_	_	linguistic	_	ContainsVariation=No	_	_	_	_	_	_
595-18	TO044	595	18	di	di	_	_	_	_	_	linguistic	_	ContainsVariation=No	_	_	_	_	_	_
595-19	TO044	595	19	cui	cui	_	_	_	_	_	linguistic	_	ContainsVariation=No	_	_	_	_	_	_
595-20	TO044	595	20	tra	tra	_	_	_	_	_	linguistic	_	ContainsVariation=No	_	_	_	_	_	_
595-21	TO044	595	21	l'	l'	_	_	_	_	_	linguistic	_	ContainsVariation=No	SpaceAfter=No	_	_	_	_	_
595-22	TO044	595	22	altro	altro	_	_	_	_	_	linguistic	_	ContainsVariation=No	_	_	_	_	_	_
595-23	TO044	595	23	poi	poi	_	_	_	_	_	linguistic	_	ContainsVariation=No	_	_	_	_	_	_
595-24	TO044	595	24	uno	uno	_	_	_	_	_	linguistic	_	ContainsVariation=No	_	_	_	_	_	_
595-25	TO044	595	25	l'	l'	_	_	_	_	_	linguistic	_	ContainsVariation=No	SpaceAfter=No	_	_	_	_	_
595-26	TO044	595	26	ho	ho	_	_	_	_	_	linguistic	_	ContainsVariation=No	_	_	_	_	_	_
595-27	TO044	595	27	rincontrato:,	rincontrato	_	_	_	_	_	linguistic	_	ContainsVariation=No	Intonation=WeaklyRising	End=1606.219	10x1	_	_	_
596-0	TO055	596	0	[eh	eh	_	_	_	_	_	linguistic	_	ContainsVariation=No	_	Begin=1601.607	_	_	_	0-2(181)
596-1	TO055	596	1	sì].	sì	_	_	_	_	_	linguistic	_	ContainsVariation=No	Intonation=Falling	End=1602.103	_	_	_	0-2(181)
597-0	TO055	597	0	davvero?	davvero	_	_	_	_	_	linguistic	_	ContainsVariation=No	Intonation=Rising	Begin=1606.465|End=1607.131	_	_	_	_
598-0	TO044	598	0	fuori	fuori	_	_	_	_	_	linguistic	_	ContainsVariation=No	_	Begin=1607.131	_	_	_	_
598-1	TO044	598	1	da::	da	_	_	_	_	_	linguistic	_	ContainsVariation=No	ProsodicLink=Yes	_	1x2	_	_	_
598-2	TO044	598	2	m:h,	mh	_	_	_	_	_	linguistic	_	ContainsVariation=No	Intonation=WeaklyRising	End=1608.476	0x1	_	_	_
599-0	TO044	599	0	sì	sì	_	_	_	_	_	linguistic	_	ContainsVariation=No	_	Begin=1608.852	_	_	_	_
599-1	TO044	599	1	fuori	fuori	_	_	_	_	_	linguistic	_	ContainsVariation=No	_	_	_	_	_	_
599-2	TO044	599	2	da	da	_	_	_	_	_	linguistic	_	ContainsVariation=No	_	_	_	_	_	_
599-3	TO044	599	3	questo	questo	_	_	_	_	_	linguistic	_	ContainsVariation=No	_	_	_	_	_	_
599-4	TO044	599	4	contesto	contesto	_	_	_	_	_	linguistic	_	ContainsVariation=No	_	_	_	_	_	_
599-5	TO044	599	5	così.	così	_	_	_	_	_	linguistic	_	ContainsVariation=No	Intonation=Falling	End=1610.6	_	_	_	_
600-0	TO044	600	0	però	però	_	_	_	_	_	linguistic	_	ContainsVariation=No	_	Begin=1610.857	_	_	_	_
600-1	TO044	600	1	non	non	_	_	_	_	_	linguistic	_	ContainsVariation=No	_	_	_	_	_	_
600-2	TO044	600	2	gli	gli	_	_	_	_	_	linguistic	_	ContainsVariation=No	_	_	_	_	_	_
600-3	TO044	600	3	ho	ho	_	_	_	_	_	linguistic	_	ContainsVariation=No	_	_	_	_	_	_
600-4	TO044	600	4	detto	detto	_	_	_	_	_	linguistic	_	ContainsVariation=No	_	_	_	_	_	_
600-5	TO044	600	5	ciao	ciao	_	_	_	_	_	linguistic	_	ContainsVariation=No	_	_	_	_	_	_
600-6	TO044	600	6	né	né	_	_	_	_	_	linguistic	_	ContainsVariation=No	_	_	_	_	_	_
600-7	TO044	600	7	niente	niente	_	_	_	_	_	linguistic	_	ContainsVariation=No	_	_	_	_	_	_
600-8	TO044	600	8	p[erché],	perché	_	_	_	_	_	linguistic	_	ContainsVariation=No	Intonation=WeaklyRising	End=1613.241	_	_	_	1-6(182)
601-0	TO055	601	0	[perché]?	perché	_	_	_	_	_	linguistic	_	ContainsVariation=No	Intonation=Rising	Begin=1612.698	_	_	_	0-6(182)
601-1	TO055	601	1	((ride))	((ride))	_	_	_	_	_	nonverbalbehavior	_	ContainsVariation=No	_	End=1613.627	_	_	_	_
602-0	TO044	602	0	ma	ma	_	_	_	_	_	linguistic	_	ContainsVariation=No	_	Begin=1613.596	_	_	_	_
602-1	TO044	602	1	eh	eh	_	_	_	_	_	linguistic	_	ContainsVariation=No	_	_	_	_	_	_
602-2	TO044	602	2	no	no	_	_	_	_	_	linguistic	_	ContainsVariation=No	_	_	_	_	_	_
602-3	TO044	602	3	nel	nel	_	_	_	_	_	linguistic	_	ContainsVariation=No	_	_	_	_	_	_
602-4	TO044	602	4	senso	senso	_	_	_	_	_	linguistic	_	ContainsVariation=No	_	_	_	_	_	_
602-5	TO044	602	5	che	che	_	_	_	_	_	linguistic	_	ContainsVariation=No	_	_	_	_	_	_
602-6	TO044	602	6	l'	l'	_	_	_	_	_	linguistic	_	ContainsVariation=No	SpaceAfter=No	_	_	_	_	_
602-7	TO044	602	7	ho	ho	_	_	_	_	_	linguistic	_	ContainsVariation=No	_	_	_	_	_	_
602-8	TO044	602	8	visto	visto	_	_	_	_	_	linguistic	_	ContainsVariation=No	_	_	_	_	_	_
602-9	TO044	602	9	da	da	_	_	_	_	_	linguistic	_	ContainsVariation=No	_	_	_	_	_	_
602-10	TO044	602	10	lontano	lontano	_	_	_	_	_	linguistic	_	ContainsVariation=No	_	_	_	_	_	_
602-11	TO044	602	11	l'	l'	_	_	_	_	_	linguistic	_	ContainsVariation=No	SpaceAfter=No	_	_	_	_	_
602-12	TO044	602	12	ho	ho	_	_	_	_	_	linguistic	_	ContainsVariation=No	_	_	_	_	_	_
602-13	TO044	602	13	riconosciuto	riconosciuto	_	_	_	_	_	linguistic	_	ContainsVariation=No	_	_	_	_	_	_
602-14	TO044	602	14	però	però	_	_	_	_	_	linguistic	_	ContainsVariation=No	_	_	_	_	_	_
602-15	TO044	602	15	non	non	_	_	_	_	_	linguistic	_	ContainsVariation=No	_	_	_	_	_	_
602-16	TO044	602	16	avevo	avevo	_	_	_	_	_	linguistic	_	ContainsVariation=No	_	_	_	_	_	_
602-17	TO044	602	17	voglia	voglia	_	_	_	_	_	linguistic	_	ContainsVariation=No	_	_	_	_	_	_
602-18	TO044	602	18	non	non	_	_	_	_	_	linguistic	_	ContainsVariation=No	_	_	_	_	_	_
602-19	TO044	602	19	so	so	_	_	_	_	_	linguistic	_	ContainsVariation=No	_	_	_	_	_	_
602-20	TO044	602	20	come	come	_	_	_	_	_	linguistic	_	ContainsVariation=No	_	_	_	_	_	_
602-21	TO044	602	21	dire	dire	_	_	_	_	_	linguistic	_	ContainsVariation=No	_	_	_	_	_	3-4(184)
602-22	TO044	602	22	[era	era	_	_	_	_	_	linguistic	_	ContainsVariation=No	_	_	_	_	_	0-3(184)
602-23	TO044	602	23	una	una	_	_	_	_	_	linguistic	_	ContainsVariation=No	_	_	_	_	_	0-3(184)
602-24	TO044	602	24	cos]a	cosa	_	_	_	_	_	linguistic	_	ContainsVariation=No	_	_	_	_	_	0-2(184)
602-25	TO044	602	25	che	che	_	_	_	_	_	linguistic	_	ContainsVariation=No	_	_	_	_	_	_
602-26	TO044	602	26	volevo	volevo	_	_	_	_	_	linguistic	_	ContainsVariation=No	_	_	_	_	_	_
602-27	TO044	602	27	rimasse	rimasse	_	_	_	_	_	linguistic	_	ContainsVariation=No	_	_	_	_	_	_
602-28	TO044	602	28	circoscrit[ta:],	circoscritta	_	_	_	_	_	linguistic	_	ContainsVariation=No	Intonation=WeaklyRising	End=1620.731	11x1	_	_	8-12(185)
603-0	TO055	603	0	[okay].	okay	_	_	_	_	_	linguistic	_	ContainsVariation=No	Intonation=Falling	Begin=1618.227|End=1618.731	_	_	_	0-4(184)
604-0	TO055	604	0	[oka~	oka~	_	_	_	_	_	linguistic	_	ContainsVariation=No	Interrupted=Yes	Begin=1620.251	_	_	_	0-4(185)
604-1	TO055	604	1	a]	a	_	_	_	_	_	linguistic	_	ContainsVariation=No	_	_	_	_	_	0-1(185)
604-2	TO055	604	2	quella	quella	_	_	_	_	_	linguistic	_	ContainsVariation=No	_	_	_	_	_	_
604-3	TO055	604	3	sera.	sera	_	_	_	_	_	linguistic	_	ContainsVariation=No	Intonation=Falling	End=1621.296	_	_	_	_
605-0	TO044	605	0	a	a	_	_	_	_	_	linguistic	_	ContainsVariation=No	_	Begin=1621.296	_	_	_	_
605-1	TO044	605	1	quella	quella	_	_	_	_	_	linguistic	_	ContainsVariation=No	_	_	_	_	_	_
605-2	TO044	605	2	sera	sera	_	_	_	_	_	linguistic	_	ContainsVariation=No	_	_	_	_	_	_
605-3	TO044	605	3	lì,	lì	_	_	_	_	_	linguistic	_	ContainsVariation=No	Intonation=WeaklyRising	End=1622.344	_	_	_	_
606-0	TO044	606	0	e	e	_	_	_	_	_	linguistic	_	ContainsVariation=No	_	Begin=1622.421	_	_	_	_
606-1	TO044	606	1	quindi	quindi	_	_	_	_	_	linguistic	_	ContainsVariation=No	_	_	_	_	_	_
606-2	TO044	606	2	è	è	_	_	_	_	_	linguistic	_	ContainsVariation=No	_	_	_	_	_	_
606-3	TO044	606	3	stato	stato	_	_	_	_	_	linguistic	_	ContainsVariation=No	_	_	_	_	_	_
606-4	TO044	606	4	figo	figo	_	_	_	_	_	linguistic	_	ContainsVariation=No	_	_	_	_	_	_
606-5	TO044	606	5	perché::	perché	_	_	_	_	_	linguistic	_	ContainsVariation=No	_	_	5x2	_	_	_
606-6	TO044	606	6	boh	boh	_	_	_	_	_	linguistic	_	ContainsVariation=No	_	_	_	_	_	_
606-7	TO044	606	7	io	io	_	_	_	_	_	linguistic	_	ContainsVariation=No	_	_	_	_	_	_
606-8	TO044	606	8	mi	mi	_	_	_	_	_	linguistic	_	ContainsVariation=No	_	_	_	_	_	_
606-9	TO044	606	9	ricordo	ricordo	_	_	_	_	_	linguistic	_	ContainsVariation=No	_	_	_	_	_	_
606-10	TO044	606	10	di	di	_	_	_	_	_	linguistic	_	ContainsVariation=No	_	_	_	_	_	_
606-11	TO044	606	11	loro	loro	_	_	_	_	_	linguistic	_	ContainsVariation=No	_	_	_	_	_	_
606-12	TO044	606	12	loro	loro	_	_	_	_	_	linguistic	_	ContainsVariation=No	_	_	_	_	_	_
606-13	TO044	606	13	spero	spero	_	_	_	_	_	linguistic	_	ContainsVariation=No	_	_	_	_	_	_
606-14	TO044	606	14	si	si	_	_	_	_	_	linguistic	_	ContainsVariation=No	_	_	_	_	_	_
606-15	TO044	606	15	ricordino	ricordino	_	_	_	_	_	linguistic	_	ContainsVariation=No	_	_	_	_	_	_
606-16	TO044	606	16	di	di	_	_	_	_	_	linguistic	_	ContainsVariation=No	_	_	_	_	_	_
606-17	TO044	606	17	me	me	_	_	_	_	_	linguistic	_	ContainsVariation=No	_	_	_	_	_	_
606-18	TO044	606	18	megari	megari	_	_	_	_	_	linguistic	_	ContainsVariation=No	_	_	_	_	_	_
606-19	TO044	606	19	no,	no	_	_	_	_	_	linguistic	_	ContainsVariation=No	Intonation=WeaklyRising	End=1627.91	_	_	_	_
607-0	TO044	607	0	però	però	_	_	_	_	_	linguistic	_	ContainsVariation=No	_	Begin=1628.496	_	_	_	_
607-1	TO044	607	1	è	è	_	_	_	_	_	linguistic	_	ContainsVariation=No	_	_	_	_	_	_
607-2	TO044	607	2	stato	stato	_	_	_	_	_	linguistic	_	ContainsVariation=No	_	_	_	_	_	_
607-3	TO044	607	3	figo	figo	_	_	_	_	_	linguistic	_	ContainsVariation=No	_	_	_	_	_	_
607-4	TO044	607	4	perché	perché	_	_	_	_	_	linguistic	_	ContainsVariation=No	_	_	_	_	_	_
607-5	TO044	607	5	abbiamo	abbiamo	_	_	_	_	_	linguistic	_	ContainsVariation=No	_	_	_	_	_	_
607-6	TO044	607	6	condiviso	condiviso	_	_	_	_	_	linguistic	_	ContainsVariation=No	_	_	_	_	_	_
607-7	TO044	607	7	una	una	_	_	_	_	_	linguistic	_	ContainsVariation=No	_	_	_	_	_	_
607-8	TO044	607	8	cosa	cosa	_	_	_	_	_	linguistic	_	ContainsVariation=No	_	_	_	_	_	_
607-9	TO044	607	9	e	e	_	_	_	_	_	linguistic	_	ContainsVariation=No	_	_	_	_	_	_
607-10	TO044	607	10	non	non	_	_	_	_	_	linguistic	_	ContainsVariation=No	_	_	_	_	_	_
607-11	TO044	607	11	sarebbe	sarebbe	_	_	_	_	_	linguistic	_	ContainsVariation=No	_	_	_	_	_	_
607-12	TO044	607	12	stata	stata	_	_	_	_	_	linguistic	_	ContainsVariation=No	_	_	_	_	_	_
607-13	TO044	607	13	lo	lo	_	_	_	_	_	linguistic	_	ContainsVariation=No	_	_	_	_	_	_
607-14	TO044	607	14	stessa	stessa	_	_	_	_	_	linguistic	_	ContainsVariation=No	_	_	_	_	_	_
607-15	TO044	607	15	[cosa]	cosa	_	_	_	_	_	linguistic	_	ContainsVariation=No	_	_	_	_	_	0-4(186)
607-16	TO044	607	16	tipo	tipo	_	_	_	_	_	linguistic	_	ContainsVariation=No	_	_	_	_	_	_
607-17	TO044	607	17	beccarlo	beccarlo	_	_	_	_	_	linguistic	_	ContainsVariation=No	_	_	_	_	_	_
607-18	TO044	607	18	per	per	_	_	_	_	_	linguistic	_	ContainsVariation=No	_	_	_	_	_	_
607-19	TO044	607	19	strada	strada	_	_	_	_	_	linguistic	_	ContainsVariation=No	_	_	_	_	_	_
607-20	TO044	607	20	o:,	o	_	_	_	_	_	linguistic	_	ContainsVariation=No	Intonation=WeaklyRising	End=1634.591	0x1	_	_	_
608-0	TO055	608	0	[sì].	sì	_	_	_	_	_	linguistic	_	ContainsVariation=No	Intonation=Falling	Begin=1632.192|End=1632.449	_	_	_	0-2(186)
609-0	TO055	609	0	<sì:	sì	_	_	_	_	_	linguistic	_	ContainsVariation=No	_	Begin=1634.591	1x1	Slow=0-2(0)	_	_
609-1	TO055	609	1	forse	forse	_	_	_	_	_	linguistic	_	ContainsVariation=No	_	_	_	Slow=0-5(0)	_	_
609-2	TO055	609	2	ti	ti	_	_	_	_	_	linguistic	_	ContainsVariation=No	_	_	_	Slow=0-2(0)	_	_
609-3	TO055	609	3	fai	fai	_	_	_	_	_	linguistic	_	ContainsVariation=No	_	_	_	Slow=0-3(0)	_	_
609-4	TO055	609	4	prendere	prendere	_	_	_	_	_	linguistic	_	ContainsVariation=No	_	_	_	Slow=0-8(0)	_	_
609-5	TO055	609	5	da	da	_	_	_	_	_	linguistic	_	ContainsVariation=No	_	_	_	Slow=0-2(0)	_	_
609-6	TO055	609	6	im[barazzi:	imbarazzi	_	_	_	_	_	linguistic	_	ContainsVariation=No	_	_	8x1	Slow=0-9(0)	_	2-9(187)
609-7	TO055	609	7	da::>],	da	_	_	_	_	_	linguistic	_	ContainsVariation=No	Intonation=WeaklyRising	End=1639.385	1x2	Slow=0-2(0)	_	0-2(187)
610-0	TO044	610	0	[sì	sì	_	_	_	_	_	linguistic	_	ContainsVariation=No	_	Begin=1637.915	_	_	_	0-2(187)
610-1	TO044	610	1	ma	ma	_	_	_	_	_	linguistic	_	ContainsVariation=No	_	_	_	_	_	0-2(187)
610-2	TO044	610	2	poi	poi	_	_	_	_	_	linguistic	_	ContainsVariation=No	_	_	_	_	_	0-3(187)
610-3	TO044	610	3	non	non	_	_	_	_	_	linguistic	_	ContainsVariation=No	_	_	_	_	_	0-3(187)
610-4	TO044	610	4	so	so	_	_	_	_	_	linguistic	_	ContainsVariation=No	_	_	_	_	_	0-2(187)
610-5	TO044	610	5	cosa]	cosa	_	_	_	_	_	linguistic	_	ContainsVariation=No	_	_	_	_	_	0-4(187)
610-6	TO044	610	6	dirgli	dirgli	_	_	_	_	_	linguistic	_	ContainsVariation=No	_	_	_	_	_	_
610-7	TO044	610	7	nel	nel	_	_	_	_	_	linguistic	_	ContainsVariation=No	_	_	_	_	_	_
610-8	TO044	610	8	senso	senso	_	_	_	_	_	linguistic	_	ContainsVariation=No	_	_	_	_	_	_
610-9	TO044	610	9	che	che	_	_	_	_	_	linguistic	_	ContainsVariation=No	_	_	_	_	_	_
610-10	TO044	610	10	boh	boh	_	_	_	_	_	linguistic	_	ContainsVariation=No	_	_	_	_	_	_
610-11	TO044	610	11	mi	mi	_	_	_	_	_	linguistic	_	ContainsVariation=No	_	_	_	_	_	_
610-12	TO044	610	12	sono	sono	_	_	_	_	_	linguistic	_	ContainsVariation=No	_	_	_	_	_	_
610-13	TO044	610	13	addorm[entata	addormentata	_	_	_	_	_	linguistic	_	ContainsVariation=No	_	_	_	_	_	6-12(188)
610-14	TO044	610	14	xx],	xx	_	_	_	_	_	linguistic	_	ContainsVariation=No	Intonation=WeaklyRising	End=1642.568	_	_	_	0-2(188)
611-0	TO055	611	0	[è	è	_	_	_	_	_	linguistic	_	ContainsVariation=No	_	Begin=1641.577	_	_	_	0-1(188)
611-1	TO055	611	1	andata	andata	_	_	_	_	_	linguistic	_	ContainsVariation=No	_	_	_	_	_	0-6(188)
611-2	TO055	611	2	bene	bene	_	_	_	_	_	linguistic	_	ContainsVariation=No	_	_	_	_	_	0-4(188)
611-3	TO055	611	3	l'	l'	_	_	_	_	_	linguistic	_	ContainsVariation=No	SpaceAfter=No	_	_	_	_	0-2(188)
611-4	TO055	611	4	a]ltra	altra	_	_	_	_	_	linguistic	_	ContainsVariation=No	_	_	_	_	_	0-1(188)
611-5	TO055	611	5	sera	sera	_	_	_	_	_	linguistic	_	ContainsVariation=No	_	_	_	_	_	_
611-6	TO055	611	6	eh,	eh	_	_	_	_	_	linguistic	_	ContainsVariation=No	Intonation=WeaklyRising	_	_	_	_	_
611-7	TO055	611	7	((ride))	((ride))	_	_	_	_	_	nonverbalbehavior	_	ContainsVariation=No	_	End=1644.266	_	_	_	_
612-0	TO044	612	0	[sì	sì	_	_	_	_	_	linguistic	_	ContainsVariation=No	_	Begin=1643.407	_	_	_	0-2(189)
612-1	TO044	612	1	cioè	cioè	_	_	_	_	_	linguistic	_	ContainsVariation=No	_	_	_	_	_	0-4(189)
612-2	TO044	612	2	mi	mi	_	_	_	_	_	linguistic	_	ContainsVariation=No	_	_	_	_	_	0-2(189)
612-3	TO044	612	3	sono]	sono	_	_	_	_	_	linguistic	_	ContainsVariation=No	_	_	_	_	_	0-4(189)
612-4	TO044	612	4	addormentata	addormentata	_	_	_	_	_	linguistic	_	ContainsVariation=No	_	_	_	_	_	_
612-5	TO044	612	5	sul	sul	_	_	_	_	_	linguistic	_	ContainsVariation=No	_	_	_	_	_	_
612-6	TO044	612	6	tuo	tuo	_	_	_	_	_	linguistic	_	ContainsVariation=No	_	_	_	_	_	_
612-7	TO044	612	7	divano	divano	_	_	_	_	_	linguistic	_	ContainsVariation=No	_	_	_	_	_	_
612-8	TO044	612	8	boh.	boh	_	_	_	_	_	linguistic	_	ContainsVariation=No	Intonation=Falling	End=1646.211	_	_	_	_
613-0	TO044	613	0	è	è	_	_	_	_	_	linguistic	_	ContainsVariation=No	_	Begin=1646.511	_	_	_	_
613-1	TO044	613	1	stato	stato	_	_	_	_	_	linguistic	_	ContainsVariation=No	_	_	_	_	_	_
613-2	TO044	613	2	divertentissimo	divertentissimo	_	_	_	_	_	linguistic	_	ContainsVariation=No	_	_	_	_	_	_
613-3	TO044	613	3	per	per	_	_	_	_	_	linguistic	_	ContainsVariation=No	_	_	_	_	_	_
613-4	TO044	613	4	carità	carità	_	_	_	_	_	linguistic	_	ContainsVariation=No	_	_	_	_	_	_
613-5	TO044	613	5	però	però	_	_	_	_	_	linguistic	_	ContainsVariation=No	_	_	_	_	_	_
613-6	TO044	613	6	appunto	appunto	_	_	_	_	_	linguistic	_	ContainsVariation=No	_	_	_	_	_	_
613-7	TO044	613	7	era	era	_	_	_	_	_	linguistic	_	ContainsVariation=No	_	_	_	_	_	_
613-8	TO044	613	8	una	una	_	_	_	_	_	linguistic	_	ContainsVariation=No	_	_	_	_	_	_
613-9	TO044	613	9	di	di	_	_	_	_	_	linguistic	_	ContainsVariation=No	_	_	_	_	_	_
613-10	TO044	613	10	quelle	quelle	_	_	_	_	_	linguistic	_	ContainsVariation=No	_	_	_	_	_	_
613-11	TO044	613	11	cose	cose	_	_	_	_	_	linguistic	_	ContainsVariation=No	_	_	_	_	_	_
613-12	TO044	613	12	che,	che	_	_	_	_	_	linguistic	_	ContainsVariation=No	Intonation=WeaklyRising	End=1650.504	_	_	_	_
614-0	TO055	614	0	sì	sì	_	_	_	_	_	linguistic	_	ContainsVariation=No	_	Begin=1650.504	_	_	_	_
614-1	TO055	614	1	r[imangono	rimangono	_	_	_	_	_	linguistic	_	ContainsVariation=No	_	_	_	_	_	1-9(190)
614-2	TO055	614	2	a	a	_	_	_	_	_	linguistic	_	ContainsVariation=No	_	_	_	_	_	0-1(190)
614-3	TO055	614	3	quella	quella	_	_	_	_	_	linguistic	_	ContainsVariation=No	_	_	_	_	_	0-6(190)
614-4	TO055	614	4	s]era	sera	_	_	_	_	_	linguistic	_	ContainsVariation=No	_	_	_	_	_	0-1(190)
614-5	TO055	614	5	e:::	e	_	_	_	_	_	linguistic	_	ContainsVariation=No	_	_	0x3	_	_	_
614-6	TO055	614	6	e	e	_	_	_	_	_	linguistic	_	ContainsVariation=No	_	_	_	_	_	_
614-7	TO055	614	7	finiscono	finiscono	_	_	_	_	_	linguistic	_	ContainsVariation=No	_	_	_	_	_	_
614-8	TO055	614	8	lì.	lì	_	_	_	_	_	linguistic	_	ContainsVariation=No	Intonation=Falling	End=1654.486	_	_	_	_
615-0	TO044	615	0	[(devono)	devono	_	_	_	_	_	linguistic	_	ContainsVariation=No	_	Begin=1650.935	_	_	0-6(0)	0-6(190)
615-1	TO044	615	1	rimanere].	rimanere	_	_	_	_	_	linguistic	_	ContainsVariation=No	Intonation=Falling	End=1652.018	_	_	_	0-8(190)
616-0	TO044	616	0	ed	ed	_	_	_	_	_	linguistic	_	ContainsVariation=No	_	Begin=1654.817	_	_	_	_
616-1	TO044	616	1	è	è	_	_	_	_	_	linguistic	_	ContainsVariation=No	_	_	_	_	_	_
616-2	TO044	616	2	figo	figo	_	_	_	_	_	linguistic	_	ContainsVariation=No	_	_	_	_	_	_
616-3	TO044	616	3	perché	perché	_	_	_	_	_	linguistic	_	ContainsVariation=No	_	_	_	_	_	_
616-4	TO044	616	4	ho	ho	_	_	_	_	_	linguistic	_	ContainsVariation=No	_	_	_	_	_	_
616-5	TO044	616	5	conosciuto	conosciuto	_	_	_	_	_	linguistic	_	ContainsVariation=No	_	_	_	_	_	_
616-6	TO044	616	6	un	un	_	_	_	_	_	linguistic	_	ContainsVariation=No	_	_	_	_	_	_
616-7	TO044	616	7	sacco	sacco	_	_	_	_	_	linguistic	_	ContainsVariation=No	_	_	_	_	_	_
616-8	TO044	616	8	di	di	_	_	_	_	_	linguistic	_	ContainsVariation=No	_	_	_	_	_	_
616-9	TO044	616	9	persone	persone	_	_	_	_	_	linguistic	_	ContainsVariation=No	_	_	_	_	_	_
616-10	TO044	616	10	così.	così	_	_	_	_	_	linguistic	_	ContainsVariation=No	Intonation=Falling	End=1657.545	_	_	_	_
617-0	TO044	617	0	tipo	tipo	_	_	_	_	_	linguistic	_	ContainsVariation=No	_	Begin=1657.622	_	_	_	_
617-1	TO044	617	1	una	una	_	_	_	_	_	linguistic	_	ContainsVariation=No	_	_	_	_	_	_
617-2	TO044	617	2	volta	volta	_	_	_	_	_	linguistic	_	ContainsVariation=No	_	_	_	_	_	_
617-3	TO044	617	3	sono	sono	_	_	_	_	_	linguistic	_	ContainsVariation=No	_	_	_	_	_	_
617-4	TO044	617	4	andata	andata	_	_	_	_	_	linguistic	_	ContainsVariation=No	_	_	_	_	_	_
617-5	TO044	617	5	da	da	_	_	_	_	_	linguistic	_	ContainsVariation=No	_	_	_	_	_	_
617-6	TO044	617	6	eataly	eataly	_	_	_	_	_	linguistic	_	ContainsVariation=No	_	_	_	_	_	_
617-7	TO044	617	7	perché	perché	_	_	_	_	_	linguistic	_	ContainsVariation=No	_	_	_	_	_	_
617-8	TO044	617	8	mi	mi	_	_	_	_	_	linguistic	_	ContainsVariation=No	_	_	_	_	_	_
617-9	TO044	617	9	ecco	ecco	_	_	_	_	_	linguistic	_	ContainsVariation=No	_	_	_	_	_	_
617-10	TO044	617	10	l'	l'	_	_	_	_	_	linguistic	_	ContainsVariation=No	SpaceAfter=No	_	_	_	_	_
617-11	TO044	617	11	unica	unica	_	_	_	_	_	linguistic	_	ContainsVariation=No	_	_	_	_	_	_
617-12	TO044	617	12	cosa	cosa	_	_	_	_	_	linguistic	_	ContainsVariation=No	_	_	_	_	_	_
617-13	TO044	617	13	che	che	_	_	_	_	_	linguistic	_	ContainsVariation=No	_	_	_	_	_	_
617-14	TO044	617	14	mi	mi	_	_	_	_	_	linguistic	_	ContainsVariation=No	_	_	_	_	_	_
617-15	TO044	617	15	è	è	_	_	_	_	_	linguistic	_	ContainsVariation=No	_	_	_	_	_	_
617-16	TO044	617	16	mancata	mancata	_	_	_	_	_	linguistic	_	ContainsVariation=No	_	_	_	_	_	_
617-17	TO044	617	17	è	è	_	_	_	_	_	linguistic	_	ContainsVariation=No	_	_	_	_	_	_
617-18	TO044	617	18	il	il	_	_	_	_	_	linguistic	_	ContainsVariation=No	_	_	_	_	_	_
617-19	TO044	617	19	pane.	pane	_	_	_	_	_	linguistic	_	ContainsVariation=No	Intonation=Falling	End=1661.88	_	_	_	_
618-0	TO055	618	0	okay.	okay	_	_	_	_	_	linguistic	_	ContainsVariation=No	Intonation=Falling	Begin=1661.918|End=1662.451	_	_	_	_
619-0	TO044	619	0	perché	perché	_	_	_	_	_	linguistic	_	ContainsVariation=No	_	Begin=1662.57	_	_	_	_
619-1	TO044	619	1	loro	loro	_	_	_	_	_	linguistic	_	ContainsVariation=No	_	_	_	_	_	_
619-2	TO044	619	2	[non	non	_	_	_	_	_	linguistic	_	ContainsVariation=No	_	_	_	_	_	0-3(191)
619-3	TO044	619	3	hanno	hanno	_	_	_	_	_	linguistic	_	ContainsVariation=No	_	_	_	_	_	0-5(191)
619-4	TO044	619	4	panet]terie.	panetterie	_	_	_	_	_	linguistic	_	ContainsVariation=No	Intonation=Falling	End=1664.853	_	_	_	0-5(191)
620-0	TO055	620	0	[no	no	_	_	_	_	_	linguistic	_	ContainsVariation=No	_	Begin=1663.395	_	_	_	0-2(191)
620-1	TO055	620	1	non	non	_	_	_	_	_	linguistic	_	ContainsVariation=No	_	_	_	_	_	0-3(191)
620-2	TO055	620	2	hanno],	hanno	_	_	_	_	_	linguistic	_	ContainsVariation=No	Intonation=WeaklyRising	End=1664.314	_	_	_	0-5(191)
621-0	TO055	621	0	davvero?	davvero	_	_	_	_	_	linguistic	_	ContainsVariation=No	Intonation=Rising	Begin=1665.069|End=1665.852	_	_	_	_
622-0	TO044	622	0	proprio	proprio	_	_	_	_	_	linguistic	_	ContainsVariation=No	_	Begin=1666.002	_	_	_	_
622-1	TO044	622	1	panetterie::,	panetterie	_	_	_	_	_	linguistic	_	ContainsVariation=No	Intonation=WeaklyRising	End=1667.779	9x2	_	_	_
623-0	TO044	623	0	panetterie	panetterie	_	_	_	_	_	linguistic	_	ContainsVariation=No	_	Begin=1668.182	_	_	_	_
623-1	TO044	623	1	com[e	come	_	_	_	_	_	linguistic	_	ContainsVariation=No	_	_	_	_	_	3-4(192)
623-2	TO044	623	2	xx	xx	_	_	_	_	_	unknown	_	ContainsVariation=No	Syllables=2	_	_	_	_	0-2(192)
623-3	TO044	623	3	xx],	xx	_	_	_	_	_	linguistic	_	ContainsVariation=No	Intonation=WeaklyRising	End=1669.972	_	_	_	0-2(192)
624-0	TO055	624	0	[ma	ma	_	_	_	_	_	linguistic	_	ContainsVariation=No	_	Begin=1669.004	_	_	_	0-2(192)
624-1	TO055	624	1	neanche	neanche	_	_	_	_	_	linguistic	_	ContainsVariation=No	_	_	_	_	_	0-7(192)
624-2	TO055	624	2	cioè]	cioè	_	_	_	_	_	linguistic	_	ContainsVariation=No	_	_	_	_	_	0-4(192)
624-3	TO055	624	3	perché	perché	_	_	_	_	_	linguistic	_	ContainsVariation=No	_	_	_	_	_	_
624-4	TO055	624	4	in	in	_	_	_	_	_	linguistic	_	ContainsVariation=No	_	_	_	_	_	_
624-5	TO055	624	5	r[ealtà	realtà	_	_	_	_	_	linguistic	_	ContainsVariation=No	_	_	_	_	_	1-6(193)
624-6	TO055	624	6	ci	ci	_	_	_	_	_	linguistic	_	ContainsVariation=No	_	_	_	_	_	0-2(193)
624-7	TO055	624	7	sono	sono	_	_	_	_	_	linguistic	_	ContainsVariation=No	_	_	_	_	_	0-4(193)
624-8	TO055	624	8	un	un	_	_	_	_	_	linguistic	_	ContainsVariation=No	_	_	_	_	_	0-2(193)
624-9	TO055	624	9	sacco	sacco	_	_	_	_	_	linguistic	_	ContainsVariation=No	_	_	_	_	_	0-5(193)
624-10	TO055	624	10	di	di	_	_	_	_	_	linguistic	_	ContainsVariation=No	_	_	_	_	_	0-2(193)
624-11	TO055	624	11	italiani	italiani	_	_	_	_	_	linguistic	_	ContainsVariation=No	_	_	_	_	_	0-8(193)
624-12	TO055	624	12	che	che	_	_	_	_	_	linguistic	_	ContainsVariation=No	_	_	_	_	_	0-3(193)
624-13	TO055	624	13	eh].	eh	_	_	_	_	_	linguistic	_	ContainsVariation=No	Intonation=Falling	End=1672.43	_	_	_	0-2(193)
625-0	TO044	625	0	[vendono	vendono	_	_	_	_	_	linguistic	_	ContainsVariation=No	_	Begin=1670.461	_	_	_	0-7(193)
625-1	TO044	625	1	il	il	_	_	_	_	_	linguistic	_	ContainsVariation=No	_	_	_	_	_	0-2(193)
625-2	TO044	625	2	pane	pane	_	_	_	_	_	linguistic	_	ContainsVariation=No	_	_	_	_	_	0-4(193)
625-3	TO044	625	3	però	però	_	_	_	_	_	linguistic	_	ContainsVariation=No	_	_	_	_	_	0-4(193)
625-4	TO044	625	4	mangiano	mangiano	_	_	_	_	_	linguistic	_	ContainsVariation=No	_	_	_	_	_	0-8(193)
625-5	TO044	625	5	il	il	_	_	_	_	_	linguistic	_	ContainsVariation=No	_	_	_	_	_	0-2(193)
625-6	TO044	625	6	pa]ne	pane	_	_	_	_	_	linguistic	_	ContainsVariation=No	_	_	_	_	_	0-2(193)
625-7	TO044	625	7	in	in	_	_	_	_	_	linguistic	_	ContainsVariation=No	_	_	_	_	_	_
625-8	TO044	625	8	cassetta.	cassetta	_	_	_	_	_	linguistic	_	ContainsVariation=No	Intonation=Falling	_	_	_	_	_
625-9	TO044	625	9	sì	sì	_	_	_	_	_	linguistic	_	ContainsVariation=No	_	_	_	_	_	_
625-10	TO044	625	10	ci	ci	_	_	_	_	_	linguistic	_	ContainsVariation=No	_	_	_	_	_	_
625-11	TO044	625	11	sono	sono	_	_	_	_	_	linguistic	_	ContainsVariation=No	_	_	_	_	_	_
625-12	TO044	625	12	in,	in	_	_	_	_	_	linguistic	_	ContainsVariation=No	Intonation=WeaklyRising	End=1674.605	_	_	_	_
626-0	TO044	626	0	north	north	_	_	_	_	_	linguistic	_	ContainsVariation=No	_	Begin=1674.781	_	_	_	_
626-1	TO044	626	1	end	end	_	_	_	_	_	linguistic	_	ContainsVariation=No	_	_	_	_	_	_
626-2	TO044	626	2	che	che	_	_	_	_	_	linguistic	_	ContainsVariation=No	_	_	_	_	_	_
626-3	TO044	626	3	è:	è	_	_	_	_	_	linguistic	_	ContainsVariation=No	_	_	0x1	_	_	_
626-4	TO044	626	4	little	little	_	_	_	_	_	linguistic	_	ContainsVariation=No	_	_	_	_	_	_
626-5	TO044	626	5	italy	italy	_	_	_	_	_	linguistic	_	ContainsVariation=No	_	_	_	_	_	_
626-6	TO044	626	6	ma	ma	_	_	_	_	_	linguistic	_	ContainsVariation=No	_	_	_	_	_	_
626-7	TO044	626	7	costano	costano	_	_	_	_	_	linguistic	_	ContainsVariation=No	_	_	_	_	_	_
626-8	TO044	626	8	[un	un	_	_	_	_	_	linguistic	_	ContainsVariation=No	_	_	_	_	_	0-2(194)
626-9	TO044	626	9	ciu]lo	ciulo	_	_	_	_	_	linguistic	_	ContainsVariation=No	_	_	_	_	_	0-3(194)
626-10	TO044	626	10	quindi	quindi	_	_	_	_	_	linguistic	_	ContainsVariation=No	_	_	_	_	_	_
626-11	TO044	626	11	sono	sono	_	_	_	_	_	linguistic	_	ContainsVariation=No	_	_	_	_	_	_
626-12	TO044	626	12	andata	andata	_	_	_	_	_	linguistic	_	ContainsVariation=No	_	_	_	_	_	_
626-13	TO044	626	13	da	da	_	_	_	_	_	linguistic	_	ContainsVariation=No	_	_	_	_	_	_
626-14	TO044	626	14	eataly	eataly	_	_	_	_	_	linguistic	_	ContainsVariation=No	_	_	_	_	_	_
626-15	TO044	626	15	e	e	_	_	_	_	_	linguistic	_	ContainsVariation=No	_	_	_	_	_	_
626-16	TO044	626	16	mi	mi	_	_	_	_	_	linguistic	_	ContainsVariation=No	_	_	_	_	_	_
626-17	TO044	626	17	sono	sono	_	_	_	_	_	linguistic	_	ContainsVariation=No	_	_	_	_	_	_
626-18	TO044	626	18	presa	presa	_	_	_	_	_	linguistic	_	ContainsVariation=No	_	_	_	_	_	_
626-19	TO044	626	19	tipo	tipo	_	_	_	_	_	linguistic	_	ContainsVariation=No	_	_	_	_	_	_
626-20	TO044	626	20	u:n	un	_	_	_	_	_	linguistic	_	ContainsVariation=No	PauseAfter=Yes	_	0x1	_	_	_
626-21	TO044	626	21	(.)	(.)	_	_	_	_	_	shortpause	_	ContainsVariation=No	_	_	_	_	_	_
626-22	TO044	626	22	una	una	_	_	_	_	_	linguistic	_	ContainsVariation=No	_	_	_	_	_	_
626-23	TO044	626	23	<miccona>	miccona	_	_	_	_	_	linguistic	_	ContainsVariation=No	_	_	_	Slow=0-7(0)	_	_
626-24	TO044	626	24	di	di	_	_	_	_	_	linguistic	_	ContainsVariation=No	_	_	_	_	_	_
626-25	TO044	626	25	pane	pane	_	_	_	_	_	linguistic	_	ContainsVariation=No	_	_	_	_	_	_
626-26	TO044	626	26	enorme	enorme	_	_	_	_	_	linguistic	_	ContainsVariation=No	_	_	_	_	_	_
626-27	TO044	626	27	e	e	_	_	_	_	_	linguistic	_	ContainsVariation=No	_	_	_	_	_	_
626-28	TO044	626	28	non	non	_	_	_	_	_	linguistic	_	ContainsVariation=No	_	_	_	_	_	_
626-29	TO044	626	29	mh	mh	_	_	_	_	_	linguistic	_	ContainsVariation=No	_	_	_	_	_	_
626-30	TO044	626	30	non	non	_	_	_	_	_	linguistic	_	ContainsVariation=No	_	_	_	_	_	_
626-31	TO044	626	31	ce	ce	_	_	_	_	_	linguistic	_	ContainsVariation=No	_	_	_	_	_	_
626-32	TO044	626	32	l'	l'	_	_	_	_	_	linguistic	_	ContainsVariation=No	SpaceAfter=No	_	_	_	_	_
626-33	TO044	626	33	ho	ho	_	_	_	_	_	linguistic	_	ContainsVariation=No	_	_	_	_	_	_
626-34	TO044	626	34	fatta	fatta	_	_	_	_	_	linguistic	_	ContainsVariation=No	_	_	_	_	_	_
626-35	TO044	626	35	da	da	_	_	_	_	_	linguistic	_	ContainsVariation=No	_	_	_	_	_	_
626-36	TO044	626	36	arrivare	arrivare	_	_	_	_	_	linguistic	_	ContainsVariation=No	_	_	_	_	_	_
626-37	TO044	626	37	a	a	_	_	_	_	_	linguistic	_	ContainsVariation=No	_	_	_	_	_	_
626-38	TO044	626	38	casa	casa	_	_	_	_	_	linguistic	_	ContainsVariation=No	_	_	_	_	_	_
626-39	TO044	626	39	e	e	_	_	_	_	_	linguistic	_	ContainsVariation=No	_	_	_	_	_	_
626-40	TO044	626	40	ho	ho	_	_	_	_	_	linguistic	_	ContainsVariation=No	_	_	_	_	_	_
626-41	TO044	626	41	iniziato	iniziato	_	_	_	_	_	linguistic	_	ContainsVariation=No	_	_	_	_	_	_
626-42	TO044	626	42	a	a	_	_	_	_	_	linguistic	_	ContainsVariation=No	_	_	_	_	_	_
626-43	TO044	626	43	mangiarmela	mangiarmela	_	_	_	_	_	linguistic	_	ContainsVariation=No	_	_	_	_	_	_
626-44	TO044	626	44	[per	per	_	_	_	_	_	linguistic	_	ContainsVariation=No	_	_	_	_	_	0-3(195)
626-45	TO044	626	45	strada].	strada	_	_	_	_	_	linguistic	_	ContainsVariation=No	Intonation=Falling	End=1685.825	_	_	_	0-6(195)
627-0	TO055	627	0	[okay].	okay	_	_	_	_	_	linguistic	_	ContainsVariation=No	Intonation=Falling	Begin=1677.083|End=1677.512	_	_	_	0-4(194)
628-0	TO055	628	0	[okay].	okay	_	_	_	_	_	linguistic	_	ContainsVariation=No	Intonation=Falling	Begin=1685.266|End=1685.845	_	_	_	0-4(195)
629-0	TO044	629	0	e::h	eh	_	_	_	_	_	linguistic	_	ContainsVariation=No	_	Begin=1686.381	0x2	_	_	_
629-1	TO044	629	1	minchia	minchia	_	_	_	_	_	linguistic	_	ContainsVariation=No	_	_	_	_	_	_
629-2	TO044	629	2	era	era	_	_	_	_	_	linguistic	_	ContainsVariation=No	_	_	_	_	_	_
629-3	TO044	629	3	super	super	_	_	_	_	_	linguistic	_	ContainsVariation=No	_	_	_	_	_	_
629-4	TO044	629	4	buona	buona	_	_	_	_	_	linguistic	_	ContainsVariation=No	_	_	_	_	_	_
629-5	TO044	629	5	così	così	_	_	_	_	_	linguistic	_	ContainsVariation=No	_	_	_	_	_	_
629-6	TO044	629	6	mentre	mentre	_	_	_	_	_	linguistic	_	ContainsVariation=No	_	_	_	_	_	_
629-7	TO044	629	7	mangiavo,	mangiavo	_	_	_	_	_	linguistic	_	ContainsVariation=No	Intonation=WeaklyRising	End=1689.256	_	_	_	_
630-0	TO044	630	0	notavo	notavo	_	_	_	_	_	linguistic	_	ContainsVariation=No	_	Begin=1689.789	_	_	_	_
630-1	TO044	630	1	che	che	_	_	_	_	_	linguistic	_	ContainsVariation=No	_	_	_	_	_	_
630-2	TO044	630	2	c'	c'	_	_	_	_	_	linguistic	_	ContainsVariation=No	SpaceAfter=No	_	_	_	_	_
630-3	TO044	630	3	era	era	_	_	_	_	_	linguistic	_	ContainsVariation=No	_	_	_	_	_	_
630-4	TO044	630	4	qualcuno	qualcuno	_	_	_	_	_	linguistic	_	ContainsVariation=No	_	_	_	_	_	_
630-5	TO044	630	5	dietro	dietro	_	_	_	_	_	linguistic	_	ContainsVariation=No	_	_	_	_	_	_
630-6	TO044	630	6	di	di	_	_	_	_	_	linguistic	_	ContainsVariation=No	_	_	_	_	_	_
630-7	TO044	630	7	me	me	_	_	_	_	_	linguistic	_	ContainsVariation=No	_	_	_	_	_	_
630-8	TO044	630	8	però	però	_	_	_	_	_	linguistic	_	ContainsVariation=No	_	_	_	_	_	_
630-9	TO044	630	9	ho	ho	_	_	_	_	_	linguistic	_	ContainsVariation=No	_	_	_	_	_	_
630-10	TO044	630	10	detto	detto	_	_	_	_	_	linguistic	_	ContainsVariation=No	_	_	_	_	_	_
630-11	TO044	630	11	boh	boh	_	_	_	_	_	linguistic	_	ContainsVariation=No	_	_	_	_	_	_
630-12	TO044	630	12	xx	xx	_	_	_	_	_	unknown	_	ContainsVariation=No	Syllables=2	_	_	_	_	_
630-13	TO044	630	13	xx	xx	_	_	_	_	_	unknown	_	ContainsVariation=No	Syllables=2	_	_	_	_	_
630-14	TO044	630	14	strada	strada	_	_	_	_	_	linguistic	_	ContainsVariation=No	_	_	_	_	_	_
630-15	TO044	630	15	con	con	_	_	_	_	_	linguistic	_	ContainsVariation=No	_	_	_	_	_	_
630-16	TO044	630	16	persone,	persone	_	_	_	_	_	linguistic	_	ContainsVariation=No	Intonation=WeaklyRising	End=1694.935	_	_	_	_
631-0	TO055	631	0	((ride))	((ride))	_	_	_	_	_	nonverbalbehavior	_	ContainsVariation=No	_	Begin=1692.087|End=1694.594	_	_	_	_
632-0	TO044	632	0	(sciolte,)	sciolte	_	_	_	_	_	linguistic	_	ContainsVariation=No	Intonation=WeaklyRising	Begin=1695.283|End=1696.009	_	_	0-7(0)	_
633-0	TO044	633	0	continuo	continuo	_	_	_	_	_	linguistic	_	ContainsVariation=No	_	Begin=1696.359	_	_	_	_
633-1	TO044	633	1	a	a	_	_	_	_	_	linguistic	_	ContainsVariation=No	_	_	_	_	_	_
633-2	TO044	633	2	camminare	camminare	_	_	_	_	_	linguistic	_	ContainsVariation=No	_	_	_	_	_	_
633-3	TO044	633	3	e	e	_	_	_	_	_	linguistic	_	ContainsVariation=No	_	_	_	_	_	_
633-4	TO044	633	4	mi	mi	_	_	_	_	_	linguistic	_	ContainsVariation=No	_	_	_	_	_	_
633-5	TO044	633	5	fermo	fermo	_	_	_	_	_	linguistic	_	ContainsVariation=No	_	_	_	_	_	_
633-6	TO044	633	6	all'	all'	_	_	_	_	_	linguistic	_	ContainsVariation=No	SpaceAfter=No	_	_	_	_	_
633-7	TO044	633	7	altro	altro	_	_	_	_	_	linguistic	_	ContainsVariation=No	_	_	_	_	_	_
633-8	TO044	633	8	semaforo	semaforo	_	_	_	_	_	linguistic	_	ContainsVariation=No	_	_	_	_	_	_
633-9	TO044	633	9	sto	sto	_	_	_	_	_	linguistic	_	ContainsVariation=No	_	_	_	_	_	_
633-10	TO044	633	10	qua	qua	_	_	_	_	_	linguistic	_	ContainsVariation=No	_	_	_	_	_	_
633-11	TO044	633	11	mi	mi	_	_	_	_	_	linguistic	_	ContainsVariation=No	_	_	_	_	_	_
633-12	TO044	633	12	bussa	bussa	_	_	_	_	_	linguistic	_	ContainsVariation=No	_	_	_	_	_	_
633-13	TO044	633	13	e	e	_	_	_	_	_	linguistic	_	ContainsVariation=No	_	_	_	_	_	_
633-14	TO044	633	14	mi	mi	_	_	_	_	_	linguistic	_	ContainsVariation=No	_	_	_	_	_	_
633-15	TO044	633	15	fa	fa	_	_	_	_	_	linguistic	_	ContainsVariation=No	_	_	_	_	_	_
633-16	TO044	633	16	oh	oh	_	_	_	_	_	linguistic	_	ContainsVariation=No	_	_	_	_	_	_
633-17	TO044	633	17	ti	ti	_	_	_	_	_	linguistic	_	ContainsVariation=No	_	_	_	_	_	_
633-18	TO044	633	18	ho	ho	_	_	_	_	_	linguistic	_	ContainsVariation=No	_	_	_	_	_	_
633-19	TO044	633	19	nota~	nota~	_	_	_	_	_	linguistic	_	ContainsVariation=No	Interrupted=Yes	End=1700.788	_	_	_	_
634-0	TO055	634	0	((ride))	((ride))	_	_	_	_	_	nonverbalbehavior	_	ContainsVariation=No	_	Begin=1700.835|End=1702.572	_	_	_	_
635-0	TO044	635	0	tra	tra	_	_	_	_	_	linguistic	_	ContainsVariation=No	_	Begin=1701.437	_	_	_	_
635-1	TO044	635	1	l'	l'	_	_	_	_	_	linguistic	_	ContainsVariation=No	SpaceAfter=No	_	_	_	_	_
635-2	TO044	635	2	altro	altro	_	_	_	_	_	linguistic	_	ContainsVariation=No	_	_	_	_	_	_
635-3	TO044	635	3	io	io	_	_	_	_	_	linguistic	_	ContainsVariation=No	_	_	_	_	_	_
635-4	TO044	635	4	avevo	avevo	_	_	_	_	_	linguistic	_	ContainsVariation=No	_	_	_	_	_	_
635-5	TO044	635	5	il	il	_	_	_	_	_	linguistic	_	ContainsVariation=No	_	_	_	_	_	_
635-6	TO044	635	6	pane	pane	_	_	_	_	_	linguistic	_	ContainsVariation=No	_	_	_	_	_	_
635-7	TO044	635	7	in	in	_	_	_	_	_	linguistic	_	ContainsVariation=No	_	_	_	_	_	_
635-8	TO044	635	8	bocca	bocca	_	_	_	_	_	linguistic	_	ContainsVariation=No	_	_	_	_	_	_
635-9	TO044	635	9	tutte	tutte	_	_	_	_	_	linguistic	_	ContainsVariation=No	_	_	_	_	_	_
635-10	TO044	635	10	ste	ste	_	_	_	_	_	linguistic	_	ContainsVariation=No	_	_	_	_	_	_
635-11	TO044	635	11	cose	cose	_	_	_	_	_	linguistic	_	ContainsVariation=No	_	_	_	_	_	_
635-12	TO044	635	12	qua.	qua	_	_	_	_	_	linguistic	_	ContainsVariation=No	Intonation=Falling	End=1704.412	_	_	_	_
636-0	TO044	636	0	tutte	tutte	_	_	_	_	_	linguistic	_	ContainsVariation=No	_	Begin=1704.614	_	_	_	_
636-1	TO044	636	1	le	le	_	_	_	_	_	linguistic	_	ContainsVariation=No	_	_	_	_	_	_
636-2	TO044	636	2	briciole.	briciole	_	_	_	_	_	linguistic	_	ContainsVariation=No	Intonation=Falling	End=1705.633	_	_	_	_
637-0	TO044	637	0	<ah	ah	_	_	_	_	_	linguistic	_	ContainsVariation=No	_	Begin=1705.825	_	Slow=0-2(0)	_	_
637-1	TO044	637	1	ti	ti	_	_	_	_	_	linguistic	_	ContainsVariation=No	_	_	_	Slow=0-2(0)	_	_
637-2	TO044	637	2	ho	ho	_	_	_	_	_	linguistic	_	ContainsVariation=No	_	_	_	Slow=0-2(0)	_	_
637-3	TO044	637	3	notato	notato	_	_	_	_	_	linguistic	_	ContainsVariation=No	_	_	_	Slow=0-6(0)	_	_
637-4	TO044	637	4	ma	ma	_	_	_	_	_	linguistic	_	ContainsVariation=No	_	_	_	Slow=0-2(0)	_	_
637-5	TO044	637	5	non	non	_	_	_	_	_	linguistic	_	ContainsVariation=No	_	_	_	Slow=0-3(0)	_	_
637-6	TO044	637	6	è	è	_	_	_	_	_	linguistic	_	ContainsVariation=No	_	_	_	Slow=0-1(0)	_	_
637-7	TO044	637	7	che	che	_	_	_	_	_	linguistic	_	ContainsVariation=No	_	_	_	Slow=0-3(0)	_	_
637-8	TO044	637	8	vuoi	vuoi	_	_	_	_	_	linguistic	_	ContainsVariation=No	_	_	_	Slow=0-4(0)	_	_
637-9	TO044	637	9	prendere	prendere	_	_	_	_	_	linguistic	_	ContainsVariation=No	_	_	_	Slow=0-8(0)	_	_
637-10	TO044	637	10	un	un	_	_	_	_	_	linguistic	_	ContainsVariation=No	_	_	_	Slow=0-2(0)	_	_
637-11	TO044	637	11	caffè	caffè	_	_	_	_	_	linguistic	_	ContainsVariation=No	_	_	_	Slow=0-5(0)	_	_
637-12	TO044	637	12	di	di	_	_	_	_	_	linguistic	_	ContainsVariation=No	_	_	_	Slow=0-2(0)	_	_
637-13	TO044	637	13	là	là	_	_	_	_	_	linguistic	_	ContainsVariation=No	_	_	_	Slow=0-2(0)	_	_
637-14	TO044	637	14	e	e	_	_	_	_	_	linguistic	_	ContainsVariation=No	_	_	_	Slow=0-1(0)	_	_
637-15	TO044	637	15	io	io	_	_	_	_	_	linguistic	_	ContainsVariation=No	_	_	_	Slow=0-2(0)	_	_
637-16	TO044	637	16	ho	ho	_	_	_	_	_	linguistic	_	ContainsVariation=No	_	_	_	Slow=0-2(0)	_	_
637-17	TO044	637	17	detto>	detto	_	_	_	_	_	linguistic	_	ContainsVariation=No	_	_	_	Slow=0-5(0)	_	_
637-18	TO044	637	18	bah	bah	_	_	_	_	_	linguistic	_	ContainsVariation=No	_	_	_	_	_	_
637-19	TO044	637	19	sì	sì	_	_	_	_	_	linguistic	_	ContainsVariation=No	_	_	_	_	_	_
637-20	TO044	637	20	cioè	cioè	_	_	_	_	_	linguistic	_	ContainsVariation=No	_	_	_	_	_	_
637-21	TO044	637	21	io	io	_	_	_	_	_	linguistic	_	ContainsVariation=No	_	_	_	_	_	_
637-22	TO044	637	22	di[cevo	dicevo	_	_	_	_	_	linguistic	_	ContainsVariation=No	_	_	_	_	_	2-6(198)
637-23	TO044	637	23	sempre	sempre	_	_	_	_	_	linguistic	_	ContainsVariation=No	_	_	_	_	_	0-6(198)
637-24	TO044	637	24	tutto	tutto	_	_	_	_	_	linguistic	_	ContainsVariation=No	_	_	_	_	_	0-5(198)
637-25	TO044	637	25	sì].	sì	_	_	_	_	_	linguistic	_	ContainsVariation=No	Intonation=Falling	End=1712.385	_	_	_	0-2(198)
638-0	TO055	638	0	[sì	sì	_	_	_	_	_	linguistic	_	ContainsVariation=No	PauseAfter=Yes	Begin=1711.256	_	_	_	0-2(198)
638-1	TO055	638	1	(.)	(.)	_	_	_	_	_	shortpause	_	ContainsVariation=No	_	_	_	_	_	X(198)
638-2	TO055	638	2	ma	ma	_	_	_	_	_	linguistic	_	ContainsVariation=No	_	_	_	_	_	0-2(198)
638-3	TO055	638	3	guarda	guarda	_	_	_	_	_	linguistic	_	ContainsVariation=No	_	_	_	_	_	0-6(198)
638-4	TO055	638	4	che]	che	_	_	_	_	_	linguistic	_	ContainsVariation=No	_	_	_	_	_	0-3(198)
638-5	TO055	638	5	secondo	secondo	_	_	_	_	_	linguistic	_	ContainsVariation=No	_	_	_	_	_	_
638-6	TO055	638	6	me:	me	_	_	_	_	_	linguistic	_	ContainsVariation=No	_	_	1x1	_	_	_
638-7	TO055	638	7	so	so	_	_	_	_	_	linguistic	_	ContainsVariation=No	ProsodicLink=Yes	_	_	_	_	_
638-8	TO055	638	8	m::[h	mh	_	_	_	_	_	linguistic	_	ContainsVariation=No	_	_	0x2	_	_	1-2(199)
638-9	TO055	638	9	son	son	_	_	_	_	_	linguistic	_	ContainsVariation=No	_	_	_	_	_	0-3(199)
638-10	TO055	638	10	l'	l'	_	_	_	_	_	linguistic	_	ContainsVariation=No	SpaceAfter=No	_	_	_	_	0-2(199)
638-11	TO055	638	11	espe]rienze::,	esperienze	_	_	_	_	_	linguistic	_	ContainsVariation=No	Intonation=WeaklyRising	End=1715.532	9x2	_	_	0-4(199)
639-0	TO044	639	0	[è	è	_	_	_	_	_	linguistic	_	ContainsVariation=No	_	Begin=1713.651	_	_	_	0-1(199)
639-1	TO044	639	1	fighissimo].	fighissimo	_	_	_	_	_	linguistic	_	ContainsVariation=No	Intonation=Falling	End=1714.743	_	_	_	0-10(199)
640-0	TO044	640	0	alchè	alchè	_	_	_	_	_	linguistic	_	ContainsVariation=No	_	Begin=1715.532	_	_	_	_
640-1	TO044	640	1	l'	l'	_	_	_	_	_	linguistic	_	ContainsVariation=No	SpaceAfter=No	_	_	_	_	_
640-2	TO044	640	2	ho	ho	_	_	_	_	_	linguistic	_	ContainsVariation=No	_	_	_	_	_	_
640-3	TO044	640	3	conosciu~	conosciu~	_	_	_	_	_	linguistic	_	ContainsVariation=No	Interrupted=Yes	_	_	_	_	_
640-4	TO044	640	4	cioè	cioè	_	_	_	_	_	linguistic	_	ContainsVariation=No	_	_	_	_	_	_
640-5	TO044	640	5	l'	l'	_	_	_	_	_	linguistic	_	ContainsVariation=No	SpaceAfter=No	_	_	_	_	_
640-6	TO044	640	6	ho	ho	_	_	_	_	_	linguistic	_	ContainsVariation=No	_	_	_	_	_	_
640-7	TO044	640	7	conosciuto	conosciuto	_	_	_	_	_	linguistic	_	ContainsVariation=No	_	_	_	_	_	_
640-8	TO044	640	8	siam	siam	_	_	_	_	_	linguistic	_	ContainsVariation=No	_	_	_	_	_	_
640-9	TO044	640	9	stati	stati	_	_	_	_	_	linguistic	_	ContainsVariation=No	_	_	_	_	_	_
640-10	TO044	640	10	un	un	_	_	_	_	_	linguistic	_	ContainsVariation=No	_	_	_	_	_	_
640-11	TO044	640	11	quarto	quarto	_	_	_	_	_	linguistic	_	ContainsVariation=No	_	_	_	_	_	_
640-12	TO044	640	12	d'	d'	_	_	_	_	_	linguistic	_	ContainsVariation=No	SpaceAfter=No	_	_	_	_	_
640-13	TO044	640	13	ora	ora	_	_	_	_	_	linguistic	_	ContainsVariation=No	_	_	_	_	_	_
640-14	TO044	640	14	assieme.	assieme	_	_	_	_	_	linguistic	_	ContainsVariation=No	Intonation=Falling	End=1719.211	_	_	_	_
641-0	TO044	641	0	x	x	_	_	_	_	_	unknown	_	ContainsVariation=No	Syllables=1	Begin=1719.545	_	_	_	_
641-1	TO044	641	1	aperto	aperto	_	_	_	_	_	linguistic	_	ContainsVariation=No	_	_	_	_	_	_
641-2	TO044	641	2	u:n	un	_	_	_	_	_	linguistic	_	ContainsVariation=No	_	_	0x1	_	_	_
641-3	TO044	641	3	un	un	_	_	_	_	_	linguistic	_	ContainsVariation=No	_	_	_	_	_	_
641-4	TO044	641	4	chai	chai	_	_	_	_	_	linguistic	_	ContainsVariation=No	_	_	_	_	_	_
641-5	TO044	641	5	latte	latte	_	_	_	_	_	linguistic	_	ContainsVariation=No	_	_	_	_	_	_
641-6	TO044	641	6	e	e	_	_	_	_	_	linguistic	_	ContainsVariation=No	_	_	_	_	_	_
641-7	TO044	641	7	siam	siam	_	_	_	_	_	linguistic	_	ContainsVariation=No	_	_	_	_	_	_
641-8	TO044	641	8	stati	stati	_	_	_	_	_	linguistic	_	ContainsVariation=No	_	_	_	_	_	_
641-9	TO044	641	9	a:	a	_	_	_	_	_	linguistic	_	ContainsVariation=No	_	_	0x1	_	_	_
641-10	TO044	641	10	parlare	parlare	_	_	_	_	_	linguistic	_	ContainsVariation=No	_	_	_	_	_	_
641-11	TO044	641	11	così	così	_	_	_	_	_	linguistic	_	ContainsVariation=No	_	_	_	_	_	_
641-12	TO044	641	12	io	io	_	_	_	_	_	linguistic	_	ContainsVariation=No	_	_	_	_	_	_
641-13	TO044	641	13	ho	ho	_	_	_	_	_	linguistic	_	ContainsVariation=No	_	_	_	_	_	_
641-14	TO044	641	14	finito	finito	_	_	_	_	_	linguistic	_	ContainsVariation=No	_	_	_	_	_	_
641-15	TO044	641	15	il	il	_	_	_	_	_	linguistic	_	ContainsVariation=No	_	_	_	_	_	_
641-16	TO044	641	16	mio	mio	_	_	_	_	_	linguistic	_	ContainsVariation=No	_	_	_	_	_	_
641-17	TO044	641	17	pane.	pane	_	_	_	_	_	linguistic	_	ContainsVariation=No	Intonation=Falling	End=1724.311	_	_	_	_
642-0	TO044	642	0	e:h	eh	_	_	_	_	_	linguistic	_	ContainsVariation=No	ProsodicLink=Yes	Begin=1725.031	0x1	_	_	_
642-1	TO044	642	1	m:h	mh	_	_	_	_	_	linguistic	_	ContainsVariation=No	_	_	0x1	_	_	_
642-2	TO044	642	2	e	e	_	_	_	_	_	linguistic	_	ContainsVariation=No	_	_	_	_	_	_
642-3	TO044	642	3	poi	poi	_	_	_	_	_	linguistic	_	ContainsVariation=No	_	_	_	_	_	_
642-4	TO044	642	4	mi	mi	_	_	_	_	_	linguistic	_	ContainsVariation=No	_	_	_	_	_	_
642-5	TO044	642	5	fa::	fa	_	_	_	_	_	linguistic	_	ContainsVariation=No	_	_	1x2	_	_	_
642-6	TO044	642	6	no	no	_	_	_	_	_	linguistic	_	ContainsVariation=No	_	_	_	_	_	_
642-7	TO044	642	7	è	è	_	_	_	_	_	linguistic	_	ContainsVariation=No	_	_	_	_	_	_
642-8	TO044	642	8	che	che	_	_	_	_	_	linguistic	_	ContainsVariation=No	_	_	_	_	_	_
642-9	TO044	642	9	cioè	cioè	_	_	_	_	_	linguistic	_	ContainsVariation=No	_	_	_	_	_	_
642-10	TO044	642	10	mi	mi	_	_	_	_	_	linguistic	_	ContainsVariation=No	_	_	_	_	_	_
642-11	TO044	642	11	ha	ha	_	_	_	_	_	linguistic	_	ContainsVariation=No	_	_	_	_	_	_
642-12	TO044	642	12	detto	detto	_	_	_	_	_	linguistic	_	ContainsVariation=No	_	_	_	_	_	_
642-13	TO044	642	13	chi	chi	_	_	_	_	_	linguistic	_	ContainsVariation=No	_	_	_	_	_	_
642-14	TO044	642	14	era	era	_	_	_	_	_	linguistic	_	ContainsVariation=No	_	_	_	_	_	_
642-15	TO044	642	15	quanti	quanti	_	_	_	_	_	linguistic	_	ContainsVariation=No	_	_	_	_	_	_
642-16	TO044	642	16	anni	anni	_	_	_	_	_	linguistic	_	ContainsVariation=No	_	_	_	_	_	_
642-17	TO044	642	17	aveva	aveva	_	_	_	_	_	linguistic	_	ContainsVariation=No	_	_	_	_	_	_
642-18	TO044	642	18	cosa	cosa	_	_	_	_	_	linguistic	_	ContainsVariation=No	_	_	_	_	_	_
642-19	TO044	642	19	studiava	studiava	_	_	_	_	_	linguistic	_	ContainsVariation=No	_	_	_	_	_	_
642-20	TO044	642	20	così,	così	_	_	_	_	_	linguistic	_	ContainsVariation=No	Intonation=WeaklyRising	End=1730.477	_	_	_	_
643-0	TO044	643	0	gli	gli	_	_	_	_	_	linguistic	_	ContainsVariation=No	_	Begin=1730.751	_	_	_	_
643-1	TO044	643	1	ho	ho	_	_	_	_	_	linguistic	_	ContainsVariation=No	_	_	_	_	_	_
643-2	TO044	643	2	detto	detto	_	_	_	_	_	linguistic	_	ContainsVariation=No	_	_	_	_	_	_
643-3	TO044	643	3	mh	mh	_	_	_	_	_	linguistic	_	ContainsVariation=No	_	_	_	_	_	_
643-4	TO044	643	4	le	le	_	_	_	_	_	linguistic	_	ContainsVariation=No	_	_	_	_	_	_
643-5	TO044	643	5	stesse	stesse	_	_	_	_	_	linguistic	_	ContainsVariation=No	_	_	_	_	_	_
643-6	TO044	643	6	cose	cose	_	_	_	_	_	linguistic	_	ContainsVariation=No	_	_	_	_	_	_
643-7	TO044	643	7	e	e	_	_	_	_	_	linguistic	_	ContainsVariation=No	_	_	_	_	_	_
643-8	TO044	643	8	poi	poi	_	_	_	_	_	linguistic	_	ContainsVariation=No	_	_	_	_	_	_
643-9	TO044	643	9	mi	mi	_	_	_	_	_	linguistic	_	ContainsVariation=No	_	_	_	_	_	_
643-10	TO044	643	10	fa	fa	_	_	_	_	_	linguistic	_	ContainsVariation=No	_	_	_	_	_	_
643-11	TO044	643	11	se	se	_	_	_	_	_	linguistic	_	ContainsVariation=No	_	_	_	_	_	_
643-12	TO044	643	12	vuoi	vuoi	_	_	_	_	_	linguistic	_	ContainsVariation=No	_	_	_	_	_	_
643-13	TO044	643	13	potremmo	potremmo	_	_	_	_	_	linguistic	_	ContainsVariation=No	_	_	_	_	_	_
643-14	TO044	643	14	far	far	_	_	_	_	_	linguistic	_	ContainsVariation=No	_	_	_	_	_	_
643-15	TO044	643	15	qualcosa	qualcosa	_	_	_	_	_	linguistic	_	ContainsVariation=No	_	_	_	_	_	_
643-16	TO044	643	16	ste	ste	_	_	_	_	_	linguistic	_	ContainsVariation=No	_	_	_	_	_	_
643-17	TO044	643	17	una	una	_	_	_	_	_	linguistic	_	ContainsVariation=No	_	_	_	_	_	_
643-18	TO044	643	18	di	di	_	_	_	_	_	linguistic	_	ContainsVariation=No	_	_	_	_	_	_
643-19	TO044	643	19	que[ste	queste	_	_	_	_	_	linguistic	_	ContainsVariation=No	_	_	_	_	_	3-6(200)
643-20	TO044	643	20	sere],	sere	_	_	_	_	_	linguistic	_	ContainsVariation=No	Intonation=WeaklyRising	End=1735.403	_	_	_	0-4(200)
644-0	TO055	644	0	[mhmh],	mhmh	_	_	_	_	_	linguistic	_	ContainsVariation=No	Intonation=WeaklyRising	Begin=1734.92|End=1735.392	_	_	_	0-4(200)
645-0	TO044	645	0	e::	e	_	_	_	_	_	linguistic	_	ContainsVariation=No	_	Begin=1735.649	0x2	_	_	_
645-1	TO044	645	1	e	e	_	_	_	_	_	linguistic	_	ContainsVariation=No	_	_	_	_	_	_
645-2	TO044	645	2	io	io	_	_	_	_	_	linguistic	_	ContainsVariation=No	_	_	_	_	_	_
645-3	TO044	645	3	gli	gli	_	_	_	_	_	linguistic	_	ContainsVariation=No	_	_	_	_	_	_
645-4	TO044	645	4	ho	ho	_	_	_	_	_	linguistic	_	ContainsVariation=No	_	_	_	_	_	_
645-5	TO044	645	5	detto	detto	_	_	_	_	_	linguistic	_	ContainsVariation=No	_	_	_	_	_	_
645-6	TO044	645	6	ma:	ma	_	_	_	_	_	linguistic	_	ContainsVariation=No	_	_	1x1	_	_	_
645-7	TO044	645	7	no	no	_	_	_	_	_	linguistic	_	ContainsVariation=No	_	_	_	_	_	_
645-8	TO044	645	8	guarda::,	guarda	_	_	_	_	_	linguistic	_	ContainsVariation=No	Intonation=WeaklyRising	End=1738.527	5x2	_	_	_
646-0	TO044	646	0	no:n	non	_	_	_	_	_	linguistic	_	ContainsVariation=No	_	Begin=1738.921	1x1	_	_	_
646-1	TO044	646	1	non	non	_	_	_	_	_	linguistic	_	ContainsVariation=No	_	_	_	_	_	_
646-2	TO044	646	2	ti	ti	_	_	_	_	_	linguistic	_	ContainsVariation=No	_	_	_	_	_	_
646-3	TO044	646	3	do	do	_	_	_	_	_	linguistic	_	ContainsVariation=No	_	_	_	_	_	_
646-4	TO044	646	4	il	il	_	_	_	_	_	linguistic	_	ContainsVariation=No	_	_	_	_	_	_
646-5	TO044	646	5	mio	mio	_	_	_	_	_	linguistic	_	ContainsVariation=No	_	_	_	_	_	_
646-6	TO044	646	6	numero	numero	_	_	_	_	_	linguistic	_	ContainsVariation=No	_	_	_	_	_	_
646-7	TO044	646	7	perché:	perché	_	_	_	_	_	linguistic	_	ContainsVariation=No	_	_	5x1	_	_	_
646-8	TO044	646	8	è	è	_	_	_	_	_	linguistic	_	ContainsVariation=No	_	_	_	_	_	_
646-9	TO044	646	9	stato	stato	_	_	_	_	_	linguistic	_	ContainsVariation=No	_	_	_	_	_	_
646-10	TO044	646	10	figo	figo	_	_	_	_	_	linguistic	_	ContainsVariation=No	_	_	_	_	_	_
646-11	TO044	646	11	così,	così	_	_	_	_	_	linguistic	_	ContainsVariation=No	Intonation=WeaklyRising	End=1742.637	_	_	_	_
647-0	TO055	647	0	okay.	okay	_	_	_	_	_	linguistic	_	ContainsVariation=No	Intonation=Falling	Begin=1742.685|End=1743.22	_	_	_	_
648-0	TO044	648	0	e	e	_	_	_	_	_	linguistic	_	ContainsVariation=No	_	Begin=1743.22	_	_	_	_
648-1	TO044	648	1	quindi::	quindi	_	_	_	_	_	linguistic	_	ContainsVariation=No	_	_	5x2	_	_	_
648-2	TO044	648	2	io	io	_	_	_	_	_	linguistic	_	ContainsVariation=No	_	_	_	_	_	_
648-3	TO044	648	3	direi	direi	_	_	_	_	_	linguistic	_	ContainsVariation=No	_	_	_	_	_	_
648-4	TO044	648	4	di	di	_	_	_	_	_	linguistic	_	ContainsVariation=No	_	_	_	_	_	_
648-5	TO044	648	5	mantenerlo	mantenerlo	_	_	_	_	_	linguistic	_	ContainsVariation=No	_	_	_	_	_	_
648-6	TO044	648	6	così	così	_	_	_	_	_	linguistic	_	ContainsVariation=No	_	_	_	_	_	_
648-7	TO044	648	7	come	come	_	_	_	_	_	linguistic	_	ContainsVariation=No	_	_	_	_	_	_
648-8	TO044	648	8	è	è	_	_	_	_	_	linguistic	_	ContainsVariation=No	_	_	_	_	_	_
648-9	TO044	648	9	stato	stato	_	_	_	_	_	linguistic	_	ContainsVariation=No	_	_	_	_	_	_
648-10	TO044	648	10	lui	lui	_	_	_	_	_	linguistic	_	ContainsVariation=No	_	_	_	_	_	_
648-11	TO044	648	11	fa	fa	_	_	_	_	_	linguistic	_	ContainsVariation=No	_	_	_	_	_	_
648-12	TO044	648	12	ma	ma	_	_	_	_	_	linguistic	_	ContainsVariation=No	_	_	_	_	_	_
648-13	TO044	648	13	<io	io	_	_	_	_	_	linguistic	_	ContainsVariation=No	_	_	_	Slow=0-2(0)	_	_
648-14	TO044	648	14	abito	abito	_	_	_	_	_	linguistic	_	ContainsVariation=No	_	_	_	Slow=0-5(0)	_	_
648-15	TO044	648	15	laggiù:	laggiù	_	_	_	_	_	linguistic	_	ContainsVariation=No	_	_	5x1	Slow=0-6(0)	_	_
648-16	TO044	648	16	xx	xx	_	_	_	_	_	unknown	_	ContainsVariation=No	Syllables=2	_	_	Slow=0-2(0)	_	_
648-17	TO044	648	17	xx>.	xx	_	_	_	_	_	linguistic	_	ContainsVariation=No	Intonation=Falling	End=1748.023	_	Slow=0-2(0)	_	_
649-0	TO055	649	0	((ride))	((ride))	_	_	_	_	_	nonverbalbehavior	_	ContainsVariation=No	_	Begin=1746.306|End=1748.023	_	_	_	_
650-0	TO044	650	0	no	no	_	_	_	_	_	linguistic	_	ContainsVariation=No	_	Begin=1748.307	_	_	_	_
650-1	TO044	650	1	no	no	_	_	_	_	_	linguistic	_	ContainsVariation=No	_	_	_	_	_	_
650-2	TO044	650	2	no	no	_	_	_	_	_	linguistic	_	ContainsVariation=No	_	_	_	_	_	_
650-3	TO044	650	3	ma	ma	_	_	_	_	_	linguistic	_	ContainsVariation=No	_	_	_	_	_	_
650-4	TO044	650	4	gli	gli	_	_	_	_	_	linguistic	_	ContainsVariation=No	_	_	_	_	_	_
650-5	TO044	650	5	ho	ho	_	_	_	_	_	linguistic	_	ContainsVariation=No	_	_	_	_	_	_
650-6	TO044	650	6	detto	detto	_	_	_	_	_	linguistic	_	ContainsVariation=No	_	_	_	_	_	_
650-7	TO044	650	7	non	non	_	_	_	_	_	linguistic	_	ContainsVariation=No	_	_	_	_	_	_
650-8	TO044	650	8	dirmelo	dirmelo	_	_	_	_	_	linguistic	_	ContainsVariation=No	_	_	_	_	_	_
650-9	TO044	650	9	facciamo	facciamo	_	_	_	_	_	linguistic	_	ContainsVariation=No	_	_	_	_	_	_
650-10	TO044	650	10	così	così	_	_	_	_	_	linguistic	_	ContainsVariation=No	_	_	_	_	_	_
650-11	TO044	650	11	se	se	_	_	_	_	_	linguistic	_	ContainsVariation=No	_	_	_	_	_	_
650-12	TO044	650	12	ci	ci	_	_	_	_	_	linguistic	_	ContainsVariation=No	_	_	_	_	_	_
650-13	TO044	650	13	rincontriam	rincontriam	_	_	_	_	_	linguistic	_	ContainsVariation=No	_	_	_	_	_	_
650-14	TO044	650	14	di	di	_	_	_	_	_	linguistic	_	ContainsVariation=No	_	_	_	_	_	_
650-15	TO044	650	15	nuovo,	nuovo	_	_	_	_	_	linguistic	_	ContainsVariation=No	Intonation=WeaklyRising	End=1752.504	_	_	_	_
651-0	TO044	651	0	allora:	allora	_	_	_	_	_	linguistic	_	ContainsVariation=No	_	Begin=1753.503	5x1	_	_	_
651-1	TO044	651	1	u~	u~	_	_	_	_	_	linguistic	_	ContainsVariation=No	Interrupted=Yes	_	_	_	_	_
651-2	TO044	651	2	mh	mh	_	_	_	_	_	linguistic	_	ContainsVariation=No	_	_	_	_	_	_
651-3	TO044	651	3	non	non	_	_	_	_	_	linguistic	_	ContainsVariation=No	_	_	_	_	_	_
651-4	TO044	651	4	dico	dico	_	_	_	_	_	linguistic	_	ContainsVariation=No	_	_	_	_	_	_
651-5	TO044	651	5	che	che	_	_	_	_	_	linguistic	_	ContainsVariation=No	_	_	_	_	_	_
651-6	TO044	651	6	usciamo	usciamo	_	_	_	_	_	linguistic	_	ContainsVariation=No	_	_	_	_	_	_
651-7	TO044	651	7	assieme	assieme	_	_	_	_	_	linguistic	_	ContainsVariation=No	_	_	_	_	_	_
651-8	TO044	651	8	però	però	_	_	_	_	_	linguistic	_	ContainsVariation=No	_	_	_	_	_	_
651-9	TO044	651	9	facciam	facciam	_	_	_	_	_	linguistic	_	ContainsVariation=No	_	_	_	_	_	_
651-10	TO044	651	10	qualcos'	qualcos'	_	_	_	_	_	linguistic	_	ContainsVariation=No	SpaceAfter=No	_	_	_	_	_
651-11	TO044	651	11	altro	altro	_	_	_	_	_	linguistic	_	ContainsVariation=No	_	_	_	_	_	_
651-12	TO044	651	12	assieme	assieme	_	_	_	_	_	linguistic	_	ContainsVariation=No	_	_	_	_	_	_
651-13	TO044	651	13	perché	perché	_	_	_	_	_	linguistic	_	ContainsVariation=No	_	_	_	_	_	_
651-14	TO044	651	14	significa	significa	_	_	_	_	_	linguistic	_	ContainsVariation=No	_	_	_	_	_	_
651-15	TO044	651	15	che	che	_	_	_	_	_	linguistic	_	ContainsVariation=No	_	_	_	_	_	_
651-16	TO044	651	16	è	è	_	_	_	_	_	linguistic	_	ContainsVariation=No	_	_	_	_	_	_
651-17	TO044	651	17	destino	destino	_	_	_	_	_	linguistic	_	ContainsVariation=No	_	_	_	_	_	_
651-18	TO044	651	18	che	che	_	_	_	_	_	linguistic	_	ContainsVariation=No	_	_	_	_	_	_
651-19	TO044	651	19	ci	ci	_	_	_	_	_	linguistic	_	ContainsVariation=No	_	_	_	_	_	_
651-20	TO044	651	20	dobbiam	dobbiam	_	_	_	_	_	linguistic	_	ContainsVariation=No	_	_	_	_	_	_
651-21	TO044	651	21	rivedere	rivedere	_	_	_	_	_	linguistic	_	ContainsVariation=No	_	_	_	_	_	_
651-22	TO044	651	22	xxx	xxx	_	_	_	_	_	unknown	_	ContainsVariation=No	Syllables=3	_	_	_	_	_
651-23	TO044	651	23	<come	come	_	_	_	_	_	linguistic	_	ContainsVariation=No	_	_	_	Slow=0-4(0)	_	_
651-24	TO044	651	24	come	come	_	_	_	_	_	linguistic	_	ContainsVariation=No	_	_	_	Slow=0-4(0)	_	_
651-25	TO044	651	25	co>	co	_	_	_	_	_	linguistic	_	ContainsVariation=No	_	End=1760.952	_	Slow=0-2(0)	_	_
652-0	TO044	652	0	quindi	quindi	_	_	_	_	_	linguistic	_	ContainsVariation=No	_	Begin=1761.299	_	_	_	_
652-1	TO044	652	1	ogni	ogni	_	_	_	_	_	linguistic	_	ContainsVariation=No	_	_	_	_	_	_
652-2	TO044	652	2	mattina	mattina	_	_	_	_	_	linguistic	_	ContainsVariation=No	_	_	_	_	_	_
652-3	TO044	652	3	avevo	avevo	_	_	_	_	_	linguistic	_	ContainsVariation=No	_	_	_	_	_	_
652-4	TO044	652	4	'sta	'sta	_	_	_	_	_	linguistic	_	ContainsVariation=No	Truncated=Yes	_	_	_	_	_
652-5	TO044	652	5	cosa	cosa	_	_	_	_	_	linguistic	_	ContainsVariation=No	_	_	_	_	_	_
652-6	TO044	652	6	che	che	_	_	_	_	_	linguistic	_	ContainsVariation=No	_	_	_	_	_	_
652-7	TO044	652	7	lui	lui	_	_	_	_	_	linguistic	_	ContainsVariation=No	_	_	_	_	_	_
652-8	TO044	652	8	prendeva	prendeva	_	_	_	_	_	linguistic	_	ContainsVariation=No	_	_	_	_	_	_
652-9	TO044	652	9	la	la	_	_	_	_	_	linguistic	_	ContainsVariation=No	_	_	_	_	_	_
652-10	TO044	652	10	mia	mia	_	_	_	_	_	linguistic	_	ContainsVariation=No	_	_	_	_	_	_
652-11	TO044	652	11	s[tessa	stessa	_	_	_	_	_	linguistic	_	ContainsVariation=No	_	_	_	_	_	1-6(202)
652-12	TO044	652	12	li]nea	linea	_	_	_	_	_	linguistic	_	ContainsVariation=No	_	_	_	_	_	0-2(202)
652-13	TO044	652	13	e	e	_	_	_	_	_	linguistic	_	ContainsVariation=No	_	_	_	_	_	_
652-14	TO044	652	14	quindi	quindi	_	_	_	_	_	linguistic	_	ContainsVariation=No	_	_	_	_	_	_
652-15	TO044	652	15	pensavo	pensavo	_	_	_	_	_	linguistic	_	ContainsVariation=No	_	_	_	_	_	_
652-16	TO044	652	16	bo:h	boh	_	_	_	_	_	linguistic	_	ContainsVariation=No	_	_	1x1	_	_	_
652-17	TO044	652	17	magari	magari	_	_	_	_	_	linguistic	_	ContainsVariation=No	_	_	_	_	_	_
652-18	TO044	652	18	lo	lo	_	_	_	_	_	linguistic	_	ContainsVariation=No	_	_	_	_	_	_
652-19	TO044	652	19	rincontro	rincontro	_	_	_	_	_	linguistic	_	ContainsVariation=No	_	_	_	_	_	_
652-20	TO044	652	20	che	che	_	_	_	_	_	linguistic	_	ContainsVariation=No	_	_	_	_	_	_
652-21	TO044	652	21	cavo[lo	cavolo	_	_	_	_	_	linguistic	_	ContainsVariation=No	_	_	_	_	_	4-6(203)
652-22	TO044	652	22	ne	ne	_	_	_	_	_	linguistic	_	ContainsVariation=No	_	_	_	_	_	0-2(203)
652-23	TO044	652	23	so].	so	_	_	_	_	_	linguistic	_	ContainsVariation=No	Intonation=Falling	End=1768.031	_	_	_	0-2(203)
653-0	TO055	653	0	[okay].	okay	_	_	_	_	_	linguistic	_	ContainsVariation=No	Intonation=Falling	Begin=1764.133|End=1764.698	_	_	_	0-4(202)
654-0	TO055	654	0	[che	che	_	_	_	_	_	linguistic	_	ContainsVariation=No	_	Begin=1767.661	_	_	_	0-3(203)
654-1	TO055	654	1	cos]e	cose	_	_	_	_	_	linguistic	_	ContainsVariation=No	_	_	_	_	_	0-3(203)
654-2	TO055	654	2	fighe	fighe	_	_	_	_	_	linguistic	_	ContainsVariation=No	_	_	_	_	_	_
654-3	TO055	654	3	però	però	_	_	_	_	_	linguistic	_	ContainsVariation=No	_	_	_	_	_	_
654-4	TO055	654	4	cioè	cioè	_	_	_	_	_	linguistic	_	ContainsVariation=No	_	_	_	_	_	_
654-5	TO055	654	5	son~	son~	_	_	_	_	_	linguistic	_	ContainsVariation=No	Interrupted=Yes	_	_	_	_	_
654-6	TO055	654	6	son	son	_	_	_	_	_	linguistic	_	ContainsVariation=No	_	_	_	_	_	_
654-7	TO055	654	7	cose	cose	_	_	_	_	_	linguistic	_	ContainsVariation=No	_	_	_	_	_	_
654-8	TO055	654	8	che	che	_	_	_	_	_	linguistic	_	ContainsVariation=No	_	_	_	_	_	_
654-9	TO055	654	9	ti	ti	_	_	_	_	_	linguistic	_	ContainsVariation=No	_	_	_	_	_	_
654-10	TO055	654	10	succedono	succedono	_	_	_	_	_	linguistic	_	ContainsVariation=No	_	_	_	_	_	_
654-11	TO055	654	11	solo	solo	_	_	_	_	_	linguistic	_	ContainsVariation=No	_	_	_	_	_	_
654-12	TO055	654	12	qua[ndo	quando	_	_	_	_	_	linguistic	_	ContainsVariation=No	_	_	_	_	_	3-6(204)
654-13	TO055	654	13	vai::],	vai	_	_	_	_	_	linguistic	_	ContainsVariation=No	Intonation=WeaklyRising	End=1771.929	2x2	_	_	0-3(204)
655-0	TO044	655	0	[e	e	_	_	_	_	_	linguistic	_	ContainsVariation=No	_	Begin=1771.195	_	_	_	0-1(204)
655-1	TO044	655	1	quindi	quindi	_	_	_	_	_	linguistic	_	ContainsVariation=No	_	_	_	_	_	0-6(204)
655-2	TO044	655	2	so]	so	_	_	_	_	_	linguistic	_	ContainsVariation=No	_	_	_	_	_	0-2(204)
655-3	TO044	655	3	il	il	_	_	_	_	_	linguistic	_	ContainsVariation=No	_	_	_	_	_	_
655-4	TO044	655	4	suo	suo	_	_	_	_	_	linguistic	_	ContainsVariation=No	_	_	_	_	_	_
655-5	TO044	655	5	nome	nome	_	_	_	_	_	linguistic	_	ContainsVariation=No	_	_	_	_	_	_
655-6	TO044	655	6	so	so	_	_	_	_	_	linguistic	_	ContainsVariation=No	_	_	_	_	_	_
655-7	TO044	655	7	chi	chi	_	_	_	_	_	linguistic	_	ContainsVariation=No	_	_	_	_	_	_
655-8	TO044	655	8	è	è	_	_	_	_	_	linguistic	_	ContainsVariation=No	_	_	_	_	_	_
655-9	TO044	655	9	cosa	cosa	_	_	_	_	_	linguistic	_	ContainsVariation=No	_	_	_	_	_	_
655-10	TO044	655	10	sta	sta	_	_	_	_	_	linguistic	_	ContainsVariation=No	_	_	_	_	_	_
655-11	TO044	655	11	facendo	facendo	_	_	_	_	_	linguistic	_	ContainsVariation=No	_	_	_	_	_	_
655-12	TO044	655	12	probabilmente	probabilmente	_	_	_	_	_	linguistic	_	ContainsVariation=No	_	_	_	_	_	_
655-13	TO044	655	13	lui	lui	_	_	_	_	_	linguistic	_	ContainsVariation=No	_	_	_	_	_	_
655-14	TO044	655	14	sa	sa	_	_	_	_	_	linguistic	_	ContainsVariation=No	_	_	_	_	_	_
655-15	TO044	655	15	chi	chi	_	_	_	_	_	linguistic	_	ContainsVariation=No	_	_	_	_	_	_
655-16	TO044	655	16	sono	sono	_	_	_	_	_	linguistic	_	ContainsVariation=No	_	_	_	_	_	_
655-17	TO044	655	17	io	io	_	_	_	_	_	linguistic	_	ContainsVariation=No	_	_	_	_	_	_
655-18	TO044	655	18	ma	ma	_	_	_	_	_	linguistic	_	ContainsVariation=No	_	_	_	_	_	_
655-19	TO044	655	19	magari	magari	_	_	_	_	_	linguistic	_	ContainsVariation=No	_	_	_	_	_	_
655-20	TO044	655	20	non	non	_	_	_	_	_	linguistic	_	ContainsVariation=No	_	_	_	_	_	_
655-21	TO044	655	21	se	se	_	_	_	_	_	linguistic	_	ContainsVariation=No	_	_	_	_	_	_
655-22	TO044	655	22	lo	lo	_	_	_	_	_	linguistic	_	ContainsVariation=No	_	_	_	_	_	_
655-23	TO044	655	23	ricorda	ricorda	_	_	_	_	_	linguistic	_	ContainsVariation=No	_	_	_	_	_	_
655-24	TO044	655	24	più,	più	_	_	_	_	_	linguistic	_	ContainsVariation=No	Intonation=WeaklyRising	End=1777.055	_	_	_	_
656-0	TO044	656	0	però	però	_	_	_	_	_	linguistic	_	ContainsVariation=No	_	Begin=1777.488	_	_	_	_
656-1	TO044	656	1	è	è	_	_	_	_	_	linguistic	_	ContainsVariation=No	_	_	_	_	_	_
656-2	TO044	656	2	stato	stato	_	_	_	_	_	linguistic	_	ContainsVariation=No	_	_	_	_	_	_
656-3	TO044	656	3	figo	figo	_	_	_	_	_	linguistic	_	ContainsVariation=No	_	_	_	_	_	_
656-4	TO044	656	4	co[sì].	così	_	_	_	_	_	linguistic	_	ContainsVariation=No	Intonation=Falling	End=1778.976	_	_	_	2-4(205)
657-0	TO055	657	0	[sì]	sì	_	_	_	_	_	linguistic	_	ContainsVariation=No	_	Begin=1778.763	_	_	_	0-2(205)
657-1	TO055	657	1	cose	cose	_	_	_	_	_	linguistic	_	ContainsVariation=No	_	_	_	_	_	_
657-2	TO055	657	2	che	che	_	_	_	_	_	linguistic	_	ContainsVariation=No	_	_	_	_	_	_
657-3	TO055	657	3	rimangono:	rimangono	_	_	_	_	_	linguistic	_	ContainsVariation=No	_	_	8x1	_	_	_
657-4	TO055	657	4	circoscrit[te:::],	circoscritte	_	_	_	_	_	linguistic	_	ContainsVariation=No	Intonation=WeaklyRising	End=1782.244	11x3	_	_	10-12(206)
658-0	TO044	658	0	[venti	venti	_	_	_	_	_	linguistic	_	ContainsVariation=No	_	Begin=1781.692	_	_	_	0-5(206)
658-1	TO044	658	1	minu]ti	minuti	_	_	_	_	_	linguistic	_	ContainsVariation=No	_	_	_	_	_	0-4(206)
658-2	TO044	658	2	bellissimi.	bellissimi	_	_	_	_	_	linguistic	_	ContainsVariation=No	Intonation=Falling	End=1783.667	_	_	_	_
659-0	TO044	659	0	e:h	eh	_	_	_	_	_	linguistic	_	ContainsVariation=No	_	Begin=1784.77	0x1	_	_	_
659-1	TO044	659	1	ho	ho	_	_	_	_	_	linguistic	_	ContainsVariation=No	_	_	_	_	_	_
659-2	TO044	659	2	detto	detto	_	_	_	_	_	linguistic	_	ContainsVariation=No	_	_	_	_	_	_
659-3	TO044	659	3	magari	magari	_	_	_	_	_	linguistic	_	ContainsVariation=No	_	_	_	_	_	_
659-4	TO044	659	4	poi:	poi	_	_	_	_	_	linguistic	_	ContainsVariation=No	_	_	2x1	_	_	_
659-5	TO044	659	5	sai,	sai	_	_	_	_	_	linguistic	_	ContainsVariation=No	Intonation=WeaklyRising	End=1786.7	_	_	_	_
660-0	TO044	660	0	boh	boh	_	_	_	_	_	linguistic	_	ContainsVariation=No	_	Begin=1787.409	_	_	_	_
660-1	TO044	660	1	magari	magari	_	_	_	_	_	linguistic	_	ContainsVariation=No	_	_	_	_	_	_
660-2	TO044	660	2	il	il	_	_	_	_	_	linguistic	_	ContainsVariation=No	_	_	_	_	_	_
660-3	TO044	660	3	destino	destino	_	_	_	_	_	linguistic	_	ContainsVariation=No	_	_	_	_	_	_
660-4	TO044	660	4	e	e	_	_	_	_	_	linguistic	_	ContainsVariation=No	_	_	_	_	_	_
660-5	TO044	660	5	ci	ci	_	_	_	_	_	linguistic	_	ContainsVariation=No	_	_	_	_	_	_
660-6	TO044	660	6	(s[i)	si	_	_	_	_	_	linguistic	_	ContainsVariation=No	_	_	_	_	0-2(0)	1-2(207)
660-7	TO044	660	7	rin]contriare	rincontriare	_	_	_	_	_	linguistic	_	ContainsVariation=No	_	_	_	_	_	0-3(207)
660-8	TO044	660	8	e	e	_	_	_	_	_	linguistic	_	ContainsVariation=No	_	_	_	_	_	_
660-9	TO044	660	9	inve[ce	invece	_	_	_	_	_	linguistic	_	ContainsVariation=No	_	_	_	_	_	4-6(208)
660-10	TO044	660	10	non	non	_	_	_	_	_	linguistic	_	ContainsVariation=No	_	_	_	_	_	0-3(208)
660-11	TO044	660	11	è	è	_	_	_	_	_	linguistic	_	ContainsVariation=No	_	_	_	_	_	0-1(208)
660-12	TO044	660	12	stato].	stato	_	_	_	_	_	linguistic	_	ContainsVariation=No	Intonation=Falling	End=1790.598	_	_	_	0-5(208)
661-0	TO055	661	0	[sì].	sì	_	_	_	_	_	linguistic	_	ContainsVariation=No	Intonation=Falling	Begin=1788.526|End=1788.818	_	_	_	0-2(207)
662-0	TO055	662	0	[e	e	_	_	_	_	_	linguistic	_	ContainsVariation=No	_	Begin=1789.605	_	_	_	0-1(208)
662-1	TO055	662	1	invece	invece	_	_	_	_	_	linguistic	_	ContainsVariation=No	_	_	_	_	_	0-6(208)
662-2	TO055	662	2	no~	no~	_	_	_	_	_	linguistic	_	ContainsVariation=No	Interrupted=Yes	_	_	_	_	0-3(208)
662-3	TO055	662	3	non]	non	_	_	_	_	_	linguistic	_	ContainsVariation=No	_	_	_	_	_	0-3(208)
662-4	TO055	662	4	l'	l'	_	_	_	_	_	linguistic	_	ContainsVariation=No	SpaceAfter=No	_	_	_	_	_
662-5	TO055	662	5	hai	hai	_	_	_	_	_	linguistic	_	ContainsVariation=No	_	_	_	_	_	_
662-6	TO055	662	6	più	più	_	_	_	_	_	linguistic	_	ContainsVariation=No	_	_	_	_	_	_
662-7	TO055	662	7	visto.	visto	_	_	_	_	_	linguistic	_	ContainsVariation=No	Intonation=Falling	End=1791.346	_	_	_	_
663-0	TO044	663	0	però	però	_	_	_	_	_	linguistic	_	ContainsVariation=No	_	Begin=1792.299	_	_	_	_
663-1	TO044	663	1	è	è	_	_	_	_	_	linguistic	_	ContainsVariation=No	_	_	_	_	_	_
663-2	TO044	663	2	stato	stato	_	_	_	_	_	linguistic	_	ContainsVariation=No	_	_	_	_	_	_
663-3	TO044	663	3	fighissimo.	fighissimo	_	_	_	_	_	linguistic	_	ContainsVariation=No	Intonation=Falling	End=1793.921	_	_	_	_
