token_id	speaker	tu_id	id	span	form	lemma	upos	xpos	feats	deprel	type	meta_label	code-variation	jefferson_feats	align	prolongations	pace	guesses	overlaps
0-0	TO999	0	0	allora::	allora	_	_	_	_	_	linguistic	_	ContainsVariation=No	_	Begin=0.951	5x2	_	_	_
0-1	TO999	0	1	vincenzo.	vincenzo	_	_	_	_	_	linguistic	_	ContainsVariation=No	Intonation=Falling	End=3.41	_	_	_	_
1-0	TO999	1	0	facciamo	facciamo	_	_	_	_	_	linguistic	_	ContainsVariation=No	_	Begin=3.49	_	_	_	_
1-1	TO999	1	1	così	così	_	_	_	_	_	linguistic	_	ContainsVariation=No	_	_	_	_	_	_
1-2	TO999	1	2	e:::h,	eh	_	_	_	_	_	linguistic	_	ContainsVariation=No	Intonation=WeaklyRising	End=5.731	0x3	_	_	_
2-0	TO999	2	0	quanti	quanti	_	_	_	_	_	linguistic	_	ContainsVariation=No	_	Begin=6.901	_	_	_	_
2-1	TO999	2	1	anni	anni	_	_	_	_	_	linguistic	_	ContainsVariation=No	_	_	_	_	_	_
2-2	TO999	2	2	hai?	hai	_	_	_	_	_	linguistic	_	ContainsVariation=No	Intonation=Rising	End=7.771	_	_	_	_
3-0	TO042	3	0	venti:sei.	ventisei	_	_	_	_	_	linguistic	_	ContainsVariation=No	Intonation=Falling	Begin=8.67|End=9.94	4x1	_	_	_
4-0	TO999	4	0	e:	e	_	_	_	_	_	linguistic	_	ContainsVariation=No	_	Begin=10.353	0x1	_	_	_
4-1	TO999	4	1	dove	dove	_	_	_	_	_	linguistic	_	ContainsVariation=No	_	_	_	_	_	_
4-2	TO999	4	2	sei	sei	_	_	_	_	_	linguistic	_	ContainsVariation=No	_	_	_	_	_	_
4-3	TO999	4	3	nato?	nato	_	_	_	_	_	linguistic	_	ContainsVariation=No	Intonation=Rising	End=12.033	_	_	_	_
5-0	TO042	5	0	nomepaese	nomepaese	_	_	_	_	_	linguistic	_	ContainsVariation=No	_	Begin=12.363|End=13.12	_	_	_	_
6-0	TO999	6	0	e:	e	_	_	_	_	_	linguistic	_	ContainsVariation=No	_	Begin=13.661	0x1	_	_	_
6-1	TO999	6	1	dove	dove	_	_	_	_	_	linguistic	_	ContainsVariation=No	_	_	_	_	_	_
6-2	TO999	6	2	hai	hai	_	_	_	_	_	linguistic	_	ContainsVariation=No	_	_	_	_	_	_
6-3	TO999	6	3	fatto	fatto	_	_	_	_	_	linguistic	_	ContainsVariation=No	_	_	_	_	_	_
6-4	TO999	6	4	le	le	_	_	_	_	_	linguistic	_	ContainsVariation=No	_	_	_	_	_	_
6-5	TO999	6	5	superiori?	superiori	_	_	_	_	_	linguistic	_	ContainsVariation=No	Intonation=Rising	End=15.611	_	_	_	_
7-0	TO042	7	0	vercelli.	vercelli	_	_	_	_	_	linguistic	_	ContainsVariation=No	Intonation=Falling	Begin=15.94|End=16.648	_	_	_	_
8-0	TO999	8	0	okay	okay	_	_	_	_	_	linguistic	_	ContainsVariation=No	_	Begin=16.965	_	_	_	_
8-1	TO999	8	1	e	e	_	_	_	_	_	linguistic	_	ContainsVariation=No	_	_	_	_	_	_
8-2	TO999	8	2	ora	ora	_	_	_	_	_	linguistic	_	ContainsVariation=No	_	_	_	_	_	_
8-3	TO999	8	3	(lavori)	lavori	_	_	_	_	_	linguistic	_	ContainsVariation=No	_	_	_	_	0-6(0)	_
8-4	TO999	8	4	a	a	_	_	_	_	_	linguistic	_	ContainsVariation=No	_	_	_	_	_	_
8-5	TO999	8	5	torino	torino	_	_	_	_	_	linguistic	_	ContainsVariation=No	_	_	_	_	_	_
8-6	TO999	8	6	[gius]to?	giusto	_	_	_	_	_	linguistic	_	ContainsVariation=No	Intonation=Rising	End=19.206	_	_	_	0-4(0)
9-0	TO042	9	0	[sì].	sì	_	_	_	_	_	linguistic	_	ContainsVariation=No	Intonation=Falling	Begin=18.585|End=19.06	_	_	_	0-2(0)
10-0	TO999	10	0	e::	e	_	_	_	_	_	linguistic	_	ContainsVariation=No	_	Begin=19.535	0x2	_	_	_
10-1	TO999	10	1	fai	fai	_	_	_	_	_	linguistic	_	ContainsVariation=No	_	_	_	_	_	_
10-2	TO999	10	2	altri	altri	_	_	_	_	_	linguistic	_	ContainsVariation=No	_	_	_	_	_	_
10-3	TO999	10	3	lavori	lavori	_	_	_	_	_	linguistic	_	ContainsVariation=No	_	_	_	_	_	_
10-4	TO999	10	4	oltre	oltre	_	_	_	_	_	linguistic	_	ContainsVariation=No	_	_	_	_	_	_
10-5	TO999	10	5	a	a	_	_	_	_	_	linguistic	_	ContainsVariation=No	_	_	_	_	_	_
10-6	TO999	10	6	quello	quello	_	_	_	_	_	linguistic	_	ContainsVariation=No	_	_	_	_	_	_
10-7	TO999	10	7	che	che	_	_	_	_	_	linguistic	_	ContainsVariation=No	_	_	_	_	_	_
10-8	TO999	10	8	fai	fai	_	_	_	_	_	linguistic	_	ContainsVariation=No	_	_	_	_	_	_
10-9	TO999	10	9	a	a	_	_	_	_	_	linguistic	_	ContainsVariation=No	_	_	_	_	_	_
10-10	TO999	10	10	torino?	torino	_	_	_	_	_	linguistic	_	ContainsVariation=No	Intonation=Rising	End=22.823	_	_	_	_
11-0	TO042	11	0	u::h	uh	_	_	_	_	_	linguistic	_	ContainsVariation=No	_	Begin=23.19	0x2	_	_	_
11-1	TO042	11	1	no.	no	_	_	_	_	_	linguistic	_	ContainsVariation=No	Intonation=Falling	End=24.065	_	_	_	_
12-0	TO999	12	0	okay.	okay	_	_	_	_	_	linguistic	_	ContainsVariation=No	Intonation=Falling	Begin=24.455|End=24.995	_	_	_	_
13-0	TO999	13	0	e::h	eh	_	_	_	_	_	linguistic	_	ContainsVariation=No	_	Begin=25.523	0x2	_	_	_
13-1	TO999	13	1	benissimo.	benissimo	_	_	_	_	_	linguistic	_	ContainsVariation=No	Intonation=Falling	End=27.355	_	_	_	_
14-0	TO999	14	0	che::	che	_	_	_	_	_	linguistic	_	ContainsVariation=No	_	Begin=27.535	2x2	_	_	_
14-1	TO999	14	1	lingue	lingue	_	_	_	_	_	linguistic	_	ContainsVariation=No	_	_	_	_	_	_
14-2	TO999	14	2	parli	parli	_	_	_	_	_	linguistic	_	ContainsVariation=No	_	_	_	_	_	_
14-3	TO999	14	3	oltre	oltre	_	_	_	_	_	linguistic	_	ContainsVariation=No	_	_	_	_	_	_
14-4	TO999	14	4	all'	all'	_	_	_	_	_	linguistic	_	ContainsVariation=No	SpaceAfter=No	_	_	_	_	_
14-5	TO999	14	5	italiano?	italiano	_	_	_	_	_	linguistic	_	ContainsVariation=No	Intonation=Rising	End=30.033	_	_	_	_
15-0	TO042	15	0	e:h,	eh	_	_	_	_	_	linguistic	_	ContainsVariation=No	Intonation=WeaklyRising	Begin=30.758|End=31.487	0x1	_	_	_
16-0	TO042	16	0	inglese,	inglese	_	_	_	_	_	linguistic	_	ContainsVariation=No	Intonation=WeaklyRising	Begin=31.931|End=32.818	_	_	_	_
17-0	TO042	17	0	francese,	francese	_	_	_	_	_	linguistic	_	ContainsVariation=No	Intonation=WeaklyRising	Begin=33.215|End=34.22	_	_	_	_
18-0	TO042	18	0	un	un	_	_	_	_	_	linguistic	_	ContainsVariation=No	_	Begin=35.101	_	_	_	_
18-1	TO042	18	1	po'::	po'	_	_	_	_	_	linguistic	_	ContainsVariation=No	_	_	1x2	_	_	_
18-2	TO042	18	2	di	di	_	_	_	_	_	linguistic	_	ContainsVariation=No	_	_	_	_	_	_
18-3	TO042	18	3	tedesco,	tedesco	_	_	_	_	_	linguistic	_	ContainsVariation=No	Intonation=WeaklyRising	End=36.968	_	_	_	_
19-0	TO042	19	0	ho	ho	_	_	_	_	_	linguistic	_	ContainsVariation=No	_	Begin=37.776	_	_	_	_
19-1	TO042	19	1	s~	s~	_	_	_	_	_	linguistic	_	ContainsVariation=No	Interrupted=Yes	End=38.083	_	_	_	_
20-0	TO042	20	0	studiato	studiato	_	_	_	_	_	linguistic	_	ContainsVariation=No	_	Begin=38.671	_	_	_	_
20-1	TO042	20	1	pe:r,	per	_	_	_	_	_	linguistic	_	ContainsVariation=No	Intonation=WeaklyRising	End=40.171	1x1	_	_	_
21-0	TO042	21	0	divertimento	divertimento	_	_	_	_	_	linguistic	_	ContainsVariation=No	_	Begin=41.883	_	_	_	_
21-1	TO042	21	1	l'	l'	_	_	_	_	_	linguistic	_	ContainsVariation=No	SpaceAfter=No	_	_	_	_	_
21-2	TO042	21	2	olandese	olandese	_	_	_	_	_	linguistic	_	ContainsVariation=No	_	_	_	_	_	_
21-3	TO042	21	3	ma	ma	_	_	_	_	_	linguistic	_	ContainsVariation=No	_	_	_	_	_	_
21-4	TO042	21	4	>non	non	_	_	_	_	_	linguistic	_	ContainsVariation=No	_	_	_	Fast=0-3(0)	_	_
21-5	TO042	21	5	so	so	_	_	_	_	_	linguistic	_	ContainsVariation=No	_	_	_	Fast=0-2(0)	_	_
21-6	TO042	21	6	quasi	quasi	_	_	_	_	_	linguistic	_	ContainsVariation=No	_	_	_	Fast=0-5(0)	_	_
21-7	TO042	21	7	niente	niente	_	_	_	_	_	linguistic	_	ContainsVariation=No	_	_	_	Fast=0-6(0)	_	_
21-8	TO042	21	8	vabbè	vabbè	_	_	_	_	_	linguistic	_	ContainsVariation=No	_	_	_	Fast=0-5(0)	_	_
21-9	TO042	21	9	latino	latino	_	_	_	_	_	linguistic	_	ContainsVariation=No	_	_	_	Fast=0-6(0)	_	_
21-10	TO042	21	10	il	il	_	_	_	_	_	linguistic	_	ContainsVariation=No	_	_	_	Fast=0-2(0)	_	_
21-11	TO042	21	11	greco<	greco	_	_	_	_	_	linguistic	_	ContainsVariation=No	_	_	_	Fast=0-5(0)	_	_
21-12	TO042	21	12	perché	perché	_	_	_	_	_	linguistic	_	ContainsVariation=No	_	_	_	_	_	_
21-13	TO042	21	13	li	li	_	_	_	_	_	linguistic	_	ContainsVariation=No	_	_	_	_	_	_
21-14	TO042	21	14	ho	ho	_	_	_	_	_	linguistic	_	ContainsVariation=No	_	_	_	_	_	_
21-15	TO042	21	15	studiati	studiati	_	_	_	_	_	linguistic	_	ContainsVariation=No	PauseAfter=Yes	_	_	_	_	_
21-16	TO042	21	16	(.)	(.)	_	_	_	_	_	shortpause	_	ContainsVariation=No	_	_	_	_	_	_
21-17	TO042	21	17	all'	all'	_	_	_	_	_	linguistic	_	ContainsVariation=No	SpaceAfter=No	_	_	_	_	_
21-18	TO042	21	18	università	università	_	_	_	_	_	linguistic	_	ContainsVariation=No	_	_	_	_	_	_
21-19	TO042	21	19	e:h	eh	_	_	_	_	_	linguistic	_	ContainsVariation=No	_	_	0x1	_	_	_
21-20	TO042	21	20	vabbè	vabbè	_	_	_	_	_	linguistic	_	ContainsVariation=No	_	_	_	_	_	_
21-21	TO042	21	21	il	il	_	_	_	_	_	linguistic	_	ContainsVariation=No	_	_	_	_	_	_
21-22	TO042	21	22	mio	mio	_	_	_	_	_	linguistic	_	ContainsVariation=No	_	_	_	_	_	_
21-23	TO042	21	23	dialetto.	dialetto	_	_	_	_	_	linguistic	_	ContainsVariation=No	Intonation=Falling	End=49.576	_	_	_	_
22-0	TO999	22	0	okay.	okay	_	_	_	_	_	linguistic	_	ContainsVariation=No	Intonation=Falling	Begin=50.021	_	_	_	_
22-1	TO999	22	1	che	che	_	_	_	_	_	linguistic	_	ContainsVariation=No	_	_	_	_	_	_
22-2	TO999	22	2	sarebbe	sarebbe	_	_	_	_	_	linguistic	_	ContainsVariation=No	_	_	_	_	_	_
22-3	TO999	22	3	di?	di	_	_	_	_	_	linguistic	_	ContainsVariation=No	Intonation=Rising	End=51.751	_	_	_	_
23-0	TO042	23	0	di::	di	_	_	_	_	_	linguistic	_	ContainsVariation=No	_	Begin=52.483	1x2	_	_	_
23-1	TO042	23	1	nomepaese.	nomepaese	_	_	_	_	_	linguistic	_	ContainsVariation=No	Intonation=Falling	_	_	_	_	_
23-2	TO042	23	2	in	in	_	_	_	_	_	linguistic	_	ContainsVariation=No	_	_	_	_	_	_
23-3	TO042	23	3	provincia	provincia	_	_	_	_	_	linguistic	_	ContainsVariation=No	_	_	_	_	_	_
23-4	TO042	23	4	di:	di	_	_	_	_	_	linguistic	_	ContainsVariation=No	_	_	1x1	_	_	_
23-5	TO042	23	5	vercelli.	vercelli	_	_	_	_	_	linguistic	_	ContainsVariation=No	Intonation=Falling	End=54.973	_	_	_	_
24-0	TO999	24	0	okay.	okay	_	_	_	_	_	linguistic	_	ContainsVariation=No	Intonation=Falling	Begin=54.973	_	_	_	_
24-1	TO999	24	1	che	che	_	_	_	_	_	linguistic	_	ContainsVariation=No	_	_	_	_	_	_
24-2	TO999	24	2	è	è	_	_	_	_	_	linguistic	_	ContainsVariation=No	_	_	_	_	_	_
24-3	TO999	24	3	dove	dove	_	_	_	_	_	linguistic	_	ContainsVariation=No	_	_	_	_	_	_
24-4	TO999	24	4	vivi	vivi	_	_	_	_	_	linguistic	_	ContainsVariation=No	_	_	_	_	_	_
24-5	TO999	24	5	adesso?	adesso	_	_	_	_	_	linguistic	_	ContainsVariation=No	Intonation=Rising	End=56.718	_	_	_	_
25-0	TO042	25	0	i::o::	io	_	_	_	_	_	linguistic	_	ContainsVariation=No	_	Begin=57.526	0x2,1x2	_	_	_
25-1	TO042	25	1	ogni	ogni	_	_	_	_	_	linguistic	_	ContainsVariation=No	_	_	_	_	_	_
25-2	TO042	25	2	tanto	tanto	_	_	_	_	_	linguistic	_	ContainsVariation=No	_	_	_	_	_	_
25-3	TO042	25	3	torno	torno	_	_	_	_	_	linguistic	_	ContainsVariation=No	_	_	_	_	_	_
25-4	TO042	25	4	là	là	_	_	_	_	_	linguistic	_	ContainsVariation=No	_	_	_	_	_	_
25-5	TO042	25	5	ma	ma	_	_	_	_	_	linguistic	_	ContainsVariation=No	_	_	_	_	_	_
25-6	TO042	25	6	vivo	vivo	_	_	_	_	_	linguistic	_	ContainsVariation=No	_	_	_	_	_	_
25-7	TO042	25	7	a	a	_	_	_	_	_	linguistic	_	ContainsVariation=No	_	_	_	_	_	_
25-8	TO042	25	8	torino	torino	_	_	_	_	_	linguistic	_	ContainsVariation=No	_	_	_	_	_	_
25-9	TO042	25	9	più	più	_	_	_	_	_	linguistic	_	ContainsVariation=No	_	_	_	_	_	_
25-10	TO042	25	10	che	che	_	_	_	_	_	linguistic	_	ContainsVariation=No	_	_	_	_	_	_
25-11	TO042	25	11	altro.	altro	_	_	_	_	_	linguistic	_	ContainsVariation=No	Intonation=Falling	End=61.17	_	_	_	_
26-0	TO999	26	0	okay.	okay	_	_	_	_	_	linguistic	_	ContainsVariation=No	Intonation=Falling	Begin=61.466|End=62.123	_	_	_	_
27-0	TO999	27	0	e::h	eh	_	_	_	_	_	linguistic	_	ContainsVariation=No	ProsodicLink=Yes	Begin=62.548	0x2	_	_	_
27-1	TO999	27	1	mi	mi	_	_	_	_	_	linguistic	_	ContainsVariation=No	_	_	_	_	_	_
27-2	TO999	27	2	racconti	racconti	_	_	_	_	_	linguistic	_	ContainsVariation=No	_	_	_	_	_	_
27-3	TO999	27	3	un	un	_	_	_	_	_	linguistic	_	ContainsVariation=No	_	_	_	_	_	_
27-4	TO999	27	4	momentino:	momentino	_	_	_	_	_	linguistic	_	ContainsVariation=No	_	_	8x1	_	_	_
27-5	TO999	27	5	dove	dove	_	_	_	_	_	linguistic	_	ContainsVariation=No	_	_	_	_	_	_
27-6	TO999	27	6	abiti	abiti	_	_	_	_	_	linguistic	_	ContainsVariation=No	_	_	_	_	_	_
27-7	TO999	27	7	come	come	_	_	_	_	_	linguistic	_	ContainsVariation=No	_	_	_	_	_	_
27-8	TO999	27	8	è	è	_	_	_	_	_	linguistic	_	ContainsVariation=No	_	_	_	_	_	_
27-9	TO999	27	9	fatta	fatta	_	_	_	_	_	linguistic	_	ContainsVariation=No	_	_	_	_	_	_
27-10	TO999	27	10	casa	casa	_	_	_	_	_	linguistic	_	ContainsVariation=No	_	_	_	_	_	_
27-11	TO999	27	11	tua	tua	_	_	_	_	_	linguistic	_	ContainsVariation=No	_	_	_	_	_	_
27-12	TO999	27	12	da	da	_	_	_	_	_	linguistic	_	ContainsVariation=No	_	_	_	_	_	_
27-13	TO999	27	13	quanto	quanto	_	_	_	_	_	linguistic	_	ContainsVariation=No	_	_	_	_	_	_
27-14	TO999	27	14	ci	ci	_	_	_	_	_	linguistic	_	ContainsVariation=No	_	_	_	_	_	_
27-15	TO999	27	15	vivi?	vivi	_	_	_	_	_	linguistic	_	ContainsVariation=No	Intonation=Rising	End=68.256	_	_	_	_
28-0	TO042	28	0	sì,	sì	_	_	_	_	_	linguistic	_	ContainsVariation=No	Intonation=WeaklyRising	Begin=68.623|End=69.195	_	_	_	_
29-0	TO042	29	0	e::	e	_	_	_	_	_	linguistic	_	ContainsVariation=No	_	Begin=69.47	0x2	_	_	_
29-1	TO042	29	1	io	io	_	_	_	_	_	linguistic	_	ContainsVariation=No	_	_	_	_	_	_
29-2	TO042	29	2	qui	qui	_	_	_	_	_	linguistic	_	ContainsVariation=No	_	_	_	_	_	_
29-3	TO042	29	3	a	a	_	_	_	_	_	linguistic	_	ContainsVariation=No	_	_	_	_	_	_
29-4	TO042	29	4	torino	torino	_	_	_	_	_	linguistic	_	ContainsVariation=No	_	_	_	_	_	_
29-5	TO042	29	5	abito,	abito	_	_	_	_	_	linguistic	_	ContainsVariation=No	Intonation=WeaklyRising	End=72.263	_	_	_	_
30-0	TO042	30	0	e::	e	_	_	_	_	_	linguistic	_	ContainsVariation=No	_	Begin=72.743	0x2	_	_	_
30-1	TO042	30	1	in	in	_	_	_	_	_	linguistic	_	ContainsVariation=No	_	_	_	_	_	_
30-2	TO042	30	2	@nomeluogo,	@nomeluogo	_	_	_	_	_	anonymized	_	ContainsVariation=No	Intonation=WeaklyRising|Anonymized=Yes	End=74.523	_	_	_	_
31-0	TO999	31	0	mhmh,	mhmh	_	_	_	_	_	linguistic	_	ContainsVariation=No	Intonation=WeaklyRising	Begin=74.621|End=75.008	_	_	_	_
32-0	TO042	32	0	e:h	eh	_	_	_	_	_	linguistic	_	ContainsVariation=No	_	Begin=75.703	0x1	_	_	_
32-1	TO042	32	1	casa	casa	_	_	_	_	_	linguistic	_	ContainsVariation=No	_	_	_	_	_	_
32-2	TO042	32	2	mia	mia	_	_	_	_	_	linguistic	_	ContainsVariation=No	PauseAfter=Yes	_	_	_	_	_
32-3	TO042	32	3	(.)	(.)	_	_	_	_	_	shortpause	_	ContainsVariation=No	_	_	_	_	_	_
32-4	TO042	32	4	è	è	_	_	_	_	_	linguistic	_	ContainsVariation=No	_	_	_	_	_	_
32-5	TO042	32	5	un	un	_	_	_	_	_	linguistic	_	ContainsVariation=No	_	_	_	_	_	_
32-6	TO042	32	6	appartamento	appartamento	_	_	_	_	_	linguistic	_	ContainsVariation=No	_	_	_	_	_	_
32-7	TO042	32	7	al,	al	_	_	_	_	_	linguistic	_	ContainsVariation=No	Intonation=WeaklyRising	End=79.165	_	_	_	_
33-0	TO042	33	0	quarto	quarto	_	_	_	_	_	linguistic	_	ContainsVariation=No	_	Begin=79.786	_	_	_	_
33-1	TO042	33	1	piano.	piano	_	_	_	_	_	linguistic	_	ContainsVariation=No	Intonation=Falling	End=80.79	_	_	_	_
34-0	TO042	34	0	u:h,	uh	_	_	_	_	_	linguistic	_	ContainsVariation=No	Intonation=WeaklyRising	Begin=82.153|End=82.835	0x1	_	_	_
35-0	TO042	35	0	ha::,	ha	_	_	_	_	_	linguistic	_	ContainsVariation=No	Intonation=WeaklyRising	Begin=83.875|End=84.831	1x2	_	_	_
36-0	TO042	36	0	due	due	_	_	_	_	_	linguistic	_	ContainsVariation=No	_	Begin=85.071	_	_	_	_
36-1	TO042	36	1	stanze	stanze	_	_	_	_	_	linguistic	_	ContainsVariation=No	_	_	_	_	_	_
36-2	TO042	36	2	e	e	_	_	_	_	_	linguistic	_	ContainsVariation=No	_	_	_	_	_	_
36-3	TO042	36	3	un	un	_	_	_	_	_	linguistic	_	ContainsVariation=No	_	_	_	_	_	_
36-4	TO042	36	4	bagno.	bagno	_	_	_	_	_	linguistic	_	ContainsVariation=No	Intonation=Falling	End=86.711	_	_	_	_
37-0	TO042	37	0	ha	ha	_	_	_	_	_	linguistic	_	ContainsVariation=No	_	Begin=87.121	_	_	_	_
37-1	TO042	37	1	una	una	_	_	_	_	_	linguistic	_	ContainsVariation=No	_	_	_	_	_	_
37-2	TO042	37	2	stanza	stanza	_	_	_	_	_	linguistic	_	ContainsVariation=No	_	_	_	_	_	_
37-3	TO042	37	3	grande	grande	_	_	_	_	_	linguistic	_	ContainsVariation=No	_	_	_	_	_	_
37-4	TO042	37	4	che	che	_	_	_	_	_	linguistic	_	ContainsVariation=No	_	_	_	_	_	_
37-5	TO042	37	5	fa	fa	_	_	_	_	_	linguistic	_	ContainsVariation=No	_	_	_	_	_	_
37-6	TO042	37	6	da	da	_	_	_	_	_	linguistic	_	ContainsVariation=No	_	_	_	_	_	_
37-7	TO042	37	7	cucina	cucina	_	_	_	_	_	linguistic	_	ContainsVariation=No	_	_	_	_	_	_
37-8	TO042	37	8	e,	e	_	_	_	_	_	linguistic	_	ContainsVariation=No	Intonation=WeaklyRising	End=90.933	_	_	_	_
38-0	TO042	38	0	e::h	eh	_	_	_	_	_	linguistic	_	ContainsVariation=No	_	Begin=91.896	0x2	_	_	_
38-1	TO042	38	1	salotto	salotto	_	_	_	_	_	linguistic	_	ContainsVariation=No	_	_	_	_	_	_
38-2	TO042	38	2	una	una	_	_	_	_	_	linguistic	_	ContainsVariation=No	_	_	_	_	_	_
38-3	TO042	38	3	camera	camera	_	_	_	_	_	linguistic	_	ContainsVariation=No	_	_	_	_	_	_
38-4	TO042	38	4	da	da	_	_	_	_	_	linguistic	_	ContainsVariation=No	_	_	_	_	_	_
38-5	TO042	38	5	letto	letto	_	_	_	_	_	linguistic	_	ContainsVariation=No	_	_	_	_	_	_
38-6	TO042	38	6	e:	e	_	_	_	_	_	linguistic	_	ContainsVariation=No	_	_	0x1	_	_	_
38-7	TO042	38	7	un	un	_	_	_	_	_	linguistic	_	ContainsVariation=No	_	_	_	_	_	_
38-8	TO042	38	8	bagno	bagno	_	_	_	_	_	linguistic	_	ContainsVariation=No	_	_	_	_	_	_
38-9	TO042	38	9	abbastanza	abbastanza	_	_	_	_	_	linguistic	_	ContainsVariation=No	_	_	_	_	_	_
38-10	TO042	38	10	piccolo.	piccolo	_	_	_	_	_	linguistic	_	ContainsVariation=No	Intonation=Falling	End=96.56	_	_	_	_
39-0	TO042	39	0	ha::,	ha	_	_	_	_	_	linguistic	_	ContainsVariation=No	Intonation=WeaklyRising	Begin=96.68|End=97.333	1x2	_	_	_
40-0	TO042	40	0	quattro	quattro	_	_	_	_	_	linguistic	_	ContainsVariation=No	_	Begin=97.846	_	_	_	_
40-1	TO042	40	1	balconi,	balconi	_	_	_	_	_	linguistic	_	ContainsVariation=No	Intonation=WeaklyRising	End=98.923	_	_	_	_
41-0	TO042	41	0	e:d	ed	_	_	_	_	_	linguistic	_	ContainsVariation=No	_	Begin=99.981	0x1	_	_	_
41-1	TO042	41	1	è	è	_	_	_	_	_	linguistic	_	ContainsVariation=No	_	_	_	_	_	_
41-2	TO042	41	2	abbstanza:	abbstanza	_	_	_	_	_	linguistic	_	ContainsVariation=No	_	_	8x1	_	_	_
41-3	TO042	41	3	spaziosa	spaziosa	_	_	_	_	_	linguistic	_	ContainsVariation=No	_	_	_	_	_	_
41-4	TO042	41	4	non	non	_	_	_	_	_	linguistic	_	ContainsVariation=No	_	_	_	_	_	_
41-5	TO042	41	5	troppo	troppo	_	_	_	_	_	linguistic	_	ContainsVariation=No	_	_	_	_	_	_
41-6	TO042	41	6	in	in	_	_	_	_	_	linguistic	_	ContainsVariation=No	_	_	_	_	_	_
41-7	TO042	41	7	real[tà].	realtà	_	_	_	_	_	linguistic	_	ContainsVariation=No	Intonation=Falling	End=103.597	_	_	_	4-6(12)
42-0	TO999	42	0	[o]kay.	okay	_	_	_	_	_	linguistic	_	ContainsVariation=No	Intonation=Falling	Begin=103.414	_	_	_	0-1(12)
42-1	TO999	42	1	vivi	vivi	_	_	_	_	_	linguistic	_	ContainsVariation=No	_	_	_	_	_	_
42-2	TO999	42	2	solo?	solo	_	_	_	_	_	linguistic	_	ContainsVariation=No	Intonation=Rising	End=104.707	_	_	_	_
43-0	TO042	43	0	e::h	eh	_	_	_	_	_	linguistic	_	ContainsVariation=No	_	Begin=104.911	0x2	_	_	_
43-1	TO042	43	1	sì	sì	_	_	_	_	_	linguistic	_	ContainsVariation=No	_	_	_	_	_	_
43-2	TO042	43	2	praticamente	praticamente	_	_	_	_	_	linguistic	_	ContainsVariation=No	_	_	_	_	_	_
43-3	TO042	43	3	sì.	sì	_	_	_	_	_	linguistic	_	ContainsVariation=No	Intonation=Falling	End=106.661	_	_	_	_
44-0	TO999	44	0	okay.	okay	_	_	_	_	_	linguistic	_	ContainsVariation=No	Intonation=Falling	Begin=107.553	_	_	_	_
44-1	TO999	44	1	da	da	_	_	_	_	_	linguistic	_	ContainsVariation=No	_	_	_	_	_	_
44-2	TO999	44	2	quanto	quanto	_	_	_	_	_	linguistic	_	ContainsVariation=No	_	_	_	_	_	_
44-3	TO999	44	3	tempo	tempo	_	_	_	_	_	linguistic	_	ContainsVariation=No	_	_	_	_	_	_
44-4	TO999	44	4	vivi	vivi	_	_	_	_	_	linguistic	_	ContainsVariation=No	_	_	_	_	_	_
44-5	TO999	44	5	in	in	_	_	_	_	_	linguistic	_	ContainsVariation=No	_	_	_	_	_	_
44-6	TO999	44	6	questa	questa	_	_	_	_	_	linguistic	_	ContainsVariation=No	_	_	_	_	_	_
44-7	TO999	44	7	casa?	casa	_	_	_	_	_	linguistic	_	ContainsVariation=No	Intonation=Rising	End=109.758	_	_	_	_
45-0	TO042	45	0	da:::,	da	_	_	_	_	_	linguistic	_	ContainsVariation=No	Intonation=WeaklyRising	Begin=110.336|End=111.948	1x3	_	_	_
46-0	TO042	46	0	due	due	_	_	_	_	_	linguistic	_	ContainsVariation=No	_	Begin=112.325	_	_	_	_
46-1	TO042	46	1	anni	anni	_	_	_	_	_	linguistic	_	ContainsVariation=No	_	_	_	_	_	_
46-2	TO042	46	2	e	e	_	_	_	_	_	linguistic	_	ContainsVariation=No	_	_	_	_	_	_
46-3	TO042	46	3	mezzo.	mezzo	_	_	_	_	_	linguistic	_	ContainsVariation=No	Intonation=Falling	End=113.433	_	_	_	_
47-0	TO999	47	0	okay.	okay	_	_	_	_	_	linguistic	_	ContainsVariation=No	Intonation=Falling	Begin=114.025|End=114.556	_	_	_	_
48-0	TO999	48	0	e::h	eh	_	_	_	_	_	linguistic	_	ContainsVariation=No	_	Begin=114.935	0x2	_	_	_
48-1	TO999	48	1	qual	qual	_	_	_	_	_	linguistic	_	ContainsVariation=No	_	_	_	_	_	_
48-2	TO999	48	2	è	è	_	_	_	_	_	linguistic	_	ContainsVariation=No	_	_	_	_	_	_
48-3	TO999	48	3	la	la	_	_	_	_	_	linguistic	_	ContainsVariation=No	_	_	_	_	_	_
48-4	TO999	48	4	tua	tua	_	_	_	_	_	linguistic	_	ContainsVariation=No	_	_	_	_	_	_
48-5	TO999	48	5	stanza	stanza	_	_	_	_	_	linguistic	_	ContainsVariation=No	_	_	_	_	_	_
48-6	TO999	48	6	preferita	preferita	_	_	_	_	_	linguistic	_	ContainsVariation=No	_	_	_	_	_	_
48-7	TO999	48	7	della	della	_	_	_	_	_	linguistic	_	ContainsVariation=No	_	_	_	_	_	_
48-8	TO999	48	8	casa?	casa	_	_	_	_	_	linguistic	_	ContainsVariation=No	Intonation=Rising	End=118.038	_	_	_	_
49-0	TO042	49	0	probabilmente::,	probabilmente	_	_	_	_	_	linguistic	_	ContainsVariation=No	Intonation=WeaklyRising	Begin=120.096|End=121.895	12x2	_	_	_
50-0	TO042	50	0	probabilmente	probabilmente	_	_	_	_	_	linguistic	_	ContainsVariation=No	_	Begin=123.86	_	_	_	_
50-1	TO042	50	1	il	il	_	_	_	_	_	linguistic	_	ContainsVariation=No	_	_	_	_	_	_
50-2	TO042	50	2	soggiorno	soggiorno	_	_	_	_	_	linguistic	_	ContainsVariation=No	_	_	_	_	_	_
50-3	TO042	50	3	probabilme[nte].	probabilmente	_	_	_	_	_	linguistic	_	ContainsVariation=No	Intonation=Falling	End=126.515	_	_	_	10-13(15)
51-0	TO999	51	0	[mh]	mh	_	_	_	_	_	linguistic	_	ContainsVariation=No	_	Begin=126.33	_	_	_	0-2(15)
51-1	TO999	51	1	mh,	mh	_	_	_	_	_	linguistic	_	ContainsVariation=No	Intonation=WeaklyRising	_	_	_	_	_
51-2	TO999	51	2	come	come	_	_	_	_	_	linguistic	_	ContainsVariation=No	_	_	_	_	_	_
51-3	TO999	51	3	mai?	mai	_	_	_	_	_	linguistic	_	ContainsVariation=No	Intonation=Rising	End=127.478	_	_	_	_
52-0	TO042	52	0	perché	perché	_	_	_	_	_	linguistic	_	ContainsVariation=No	_	Begin=128.72	_	_	_	_
52-1	TO042	52	1	ci	ci	_	_	_	_	_	linguistic	_	ContainsVariation=No	_	_	_	_	_	_
52-2	TO042	52	2	passo	passo	_	_	_	_	_	linguistic	_	ContainsVariation=No	_	_	_	_	_	_
52-3	TO042	52	3	più	più	_	_	_	_	_	linguistic	_	ContainsVariation=No	_	_	_	_	_	_
52-4	TO042	52	4	tempo	tempo	_	_	_	_	_	linguistic	_	ContainsVariation=No	PauseAfter=Yes	_	_	_	_	_
52-5	TO042	52	5	(.)	(.)	_	_	_	_	_	shortpause	_	ContainsVariation=No	_	_	_	_	_	_
52-6	TO042	52	6	credo.	credo	_	_	_	_	_	linguistic	_	ContainsVariation=No	Intonation=Falling	End=130.445	_	_	_	_
53-0	TO999	53	0	mhmh.	mhmh	_	_	_	_	_	linguistic	_	ContainsVariation=No	Intonation=Falling	Begin=130.63|End=131.201	_	_	_	_
54-0	TO999	54	0	okay.	okay	_	_	_	_	_	linguistic	_	ContainsVariation=No	Intonation=Falling	Begin=131.365	_	_	_	_
54-1	TO999	54	1	e	e	_	_	_	_	_	linguistic	_	ContainsVariation=No	_	_	_	_	_	_
54-2	TO999	54	2	quindi	quindi	_	_	_	_	_	linguistic	_	ContainsVariation=No	_	_	_	_	_	_
54-3	TO999	54	3	quali	quali	_	_	_	_	_	linguistic	_	ContainsVariation=No	_	_	_	_	_	_
54-4	TO999	54	4	sono	sono	_	_	_	_	_	linguistic	_	ContainsVariation=No	_	_	_	_	_	_
54-5	TO999	54	5	le	le	_	_	_	_	_	linguistic	_	ContainsVariation=No	_	_	_	_	_	_
54-6	TO999	54	6	<caratteristiche>	caratteristiche	_	_	_	_	_	linguistic	_	ContainsVariation=No	_	_	_	Slow=0-15(0)	_	_
54-7	TO999	54	7	che:	che	_	_	_	_	_	linguistic	_	ContainsVariation=No	_	_	2x1	_	_	_
54-8	TO999	54	8	deve	deve	_	_	_	_	_	linguistic	_	ContainsVariation=No	_	_	_	_	_	_
54-9	TO999	54	9	avere	avere	_	_	_	_	_	linguistic	_	ContainsVariation=No	_	_	_	_	_	_
54-10	TO999	54	10	una	una	_	_	_	_	_	linguistic	_	ContainsVariation=No	_	_	_	_	_	_
54-11	TO999	54	11	casa	casa	_	_	_	_	_	linguistic	_	ContainsVariation=No	_	_	_	_	_	_
54-12	TO999	54	12	perché	perché	_	_	_	_	_	linguistic	_	ContainsVariation=No	_	_	_	_	_	_
54-13	TO999	54	13	sia	sia	_	_	_	_	_	linguistic	_	ContainsVariation=No	_	_	_	_	_	_
54-14	TO999	54	14	veramente	veramente	_	_	_	_	_	linguistic	_	ContainsVariation=No	_	_	_	_	_	_
54-15	TO999	54	15	casa	casa	_	_	_	_	_	linguistic	_	ContainsVariation=No	_	_	_	_	_	_
54-16	TO999	54	16	tua	tua	_	_	_	_	_	linguistic	_	ContainsVariation=No	_	_	_	_	_	_
54-17	TO999	54	17	cioè	cioè	_	_	_	_	_	linguistic	_	ContainsVariation=No	_	_	_	_	_	_
54-18	TO999	54	18	cosa	cosa	_	_	_	_	_	linguistic	_	ContainsVariation=No	_	_	_	_	_	_
54-19	TO999	54	19	è	è	_	_	_	_	_	linguistic	_	ContainsVariation=No	_	_	_	_	_	_
54-20	TO999	54	20	veramente	veramente	_	_	_	_	_	linguistic	_	ContainsVariation=No	_	_	_	_	_	_
54-21	TO999	54	21	importante?	importante	_	_	_	_	_	linguistic	_	ContainsVariation=No	Intonation=Rising	End=139.097	_	_	_	_
55-0	TO042	55	0	sì	sì	_	_	_	_	_	linguistic	_	ContainsVariation=No	_	Begin=139.588	_	_	_	_
55-1	TO042	55	1	che	che	_	_	_	_	_	linguistic	_	ContainsVariation=No	_	_	_	_	_	_
55-2	TO042	55	2	sia::,	sia	_	_	_	_	_	linguistic	_	ContainsVariation=No	Intonation=WeaklyRising	End=141.173	2x2	_	_	_
56-0	TO042	56	0	comoda,	comoda	_	_	_	_	_	linguistic	_	ContainsVariation=No	Intonation=WeaklyRising	Begin=142.558|End=143.411	_	_	_	_
57-0	TO042	57	0	anche	anche	_	_	_	_	_	linguistic	_	ContainsVariation=No	_	Begin=144.223	_	_	_	_
57-1	TO042	57	1	come	come	_	_	_	_	_	linguistic	_	ContainsVariation=No	_	_	_	_	_	_
57-2	TO042	57	2	posizione.	posizione	_	_	_	_	_	linguistic	_	ContainsVariation=No	Intonation=Falling	End=145.74	_	_	_	_
58-0	TO042	58	0	e::h,	eh	_	_	_	_	_	linguistic	_	ContainsVariation=No	Intonation=WeaklyRising	Begin=146.248|End=147.173	0x2	_	_	_
59-0	TO042	59	0	che	che	_	_	_	_	_	linguistic	_	ContainsVariation=No	_	Begin=148.575	_	_	_	_
59-1	TO042	59	1	sia	sia	_	_	_	_	_	linguistic	_	ContainsVariation=No	_	_	_	_	_	_
59-2	TO042	59	2	abbastanza	abbastanza	_	_	_	_	_	linguistic	_	ContainsVariation=No	_	_	_	_	_	_
59-3	TO042	59	3	spaziosa	spaziosa	_	_	_	_	_	linguistic	_	ContainsVariation=No	_	_	_	_	_	_
59-4	TO042	59	4	e	e	_	_	_	_	_	linguistic	_	ContainsVariation=No	_	_	_	_	_	_
59-5	TO042	59	5	luminosa,	luminosa	_	_	_	_	_	linguistic	_	ContainsVariation=No	Intonation=WeaklyRising	End=150.783	_	_	_	_
60-0	TO042	60	0	e::h,	eh	_	_	_	_	_	linguistic	_	ContainsVariation=No	Intonation=WeaklyRising	Begin=151.361|End=152.41	0x2	_	_	_
61-0	TO042	61	0	che	che	_	_	_	_	_	linguistic	_	ContainsVariation=No	_	Begin=153.311	_	_	_	_
61-1	TO042	61	1	ci	ci	_	_	_	_	_	linguistic	_	ContainsVariation=No	_	_	_	_	_	_
61-2	TO042	61	2	si	si	_	_	_	_	_	linguistic	_	ContainsVariation=No	_	_	_	_	_	_
61-3	TO042	61	3	possa	possa	_	_	_	_	_	linguistic	_	ContainsVariation=No	_	_	_	_	_	_
61-4	TO042	61	4	affacciare	affacciare	_	_	_	_	_	linguistic	_	ContainsVariation=No	_	_	_	_	_	_
61-5	TO042	61	5	fuori,	fuori	_	_	_	_	_	linguistic	_	ContainsVariation=No	Intonation=WeaklyRising	End=154.813	_	_	_	_
62-0	TO042	62	0	e::h,	eh	_	_	_	_	_	linguistic	_	ContainsVariation=No	Intonation=WeaklyRising	Begin=156.536|End=157.371	0x2	_	_	_
63-0	TO042	63	0	sì	sì	_	_	_	_	_	linguistic	_	ContainsVariation=No	_	Begin=158.781	_	_	_	_
63-1	TO042	63	1	che	che	_	_	_	_	_	linguistic	_	ContainsVariation=No	_	_	_	_	_	_
63-2	TO042	63	2	abbia	abbia	_	_	_	_	_	linguistic	_	ContainsVariation=No	_	_	_	_	_	_
63-3	TO042	63	3	un	un	_	_	_	_	_	linguistic	_	ContainsVariation=No	_	_	_	_	_	_
63-4	TO042	63	4	certo	certo	_	_	_	_	_	linguistic	_	ContainsVariation=No	_	_	_	_	_	_
63-5	TO042	63	5	livello	livello	_	_	_	_	_	linguistic	_	ContainsVariation=No	_	_	_	_	_	_
63-6	TO042	63	6	di:,	di	_	_	_	_	_	linguistic	_	ContainsVariation=No	Intonation=WeaklyRising	End=161.416	1x1	_	_	_
64-0	TO042	64	0	di	di	_	_	_	_	_	linguistic	_	ContainsVariation=No	_	Begin=162.036	_	_	_	_
64-1	TO042	64	1	comodità.	comodità	_	_	_	_	_	linguistic	_	ContainsVariation=No	Intonation=Falling	End=162.756	_	_	_	_
65-0	TO999	65	0	mhmh,	mhmh	_	_	_	_	_	linguistic	_	ContainsVariation=No	Intonation=WeaklyRising	Begin=163.126|End=163.501	_	_	_	_
66-0	TO042	66	0	essenzialmente	essenzialmente	_	_	_	_	_	linguistic	_	ContainsVariation=No	_	Begin=166.24	_	_	_	_
66-1	TO042	66	1	questo.	questo	_	_	_	_	_	linguistic	_	ContainsVariation=No	Intonation=Falling	End=167.146	_	_	_	_
67-0	TO999	67	0	okay.	okay	_	_	_	_	_	linguistic	_	ContainsVariation=No	Intonation=Falling	Begin=167.241	_	_	_	_
67-1	TO999	67	1	e	e	_	_	_	_	_	linguistic	_	ContainsVariation=No	_	_	_	_	_	_
67-2	TO999	67	2	la	la	_	_	_	_	_	linguistic	_	ContainsVariation=No	_	_	_	_	_	_
67-3	TO999	67	3	zona	zona	_	_	_	_	_	linguistic	_	ContainsVariation=No	_	_	_	_	_	_
67-4	TO999	67	4	ti	ti	_	_	_	_	_	linguistic	_	ContainsVariation=No	_	_	_	_	_	_
67-5	TO999	67	5	piace?	piace	_	_	_	_	_	linguistic	_	ContainsVariation=No	Intonation=Rising	End=168.781	_	_	_	_
68-0	TO042	68	0	sì.	sì	_	_	_	_	_	linguistic	_	ContainsVariation=No	Intonation=Falling	Begin=169.315	_	_	_	_
68-1	TO042	68	1	sì	sì	_	_	_	_	_	linguistic	_	ContainsVariation=No	_	_	_	_	_	_
68-2	TO042	68	2	sì	sì	_	_	_	_	_	linguistic	_	ContainsVariation=No	_	_	_	_	_	_
68-3	TO042	68	3	è	è	_	_	_	_	_	linguistic	_	ContainsVariation=No	_	_	_	_	_	_
68-4	TO042	68	4	molto	molto	_	_	_	_	_	linguistic	_	ContainsVariation=No	_	_	_	_	_	_
68-5	TO042	68	5	bella.	bella	_	_	_	_	_	linguistic	_	ContainsVariation=No	Intonation=Falling	End=171.103	_	_	_	_
69-0	TO999	69	0	mh.	mh	_	_	_	_	_	linguistic	_	ContainsVariation=No	Intonation=Falling	Begin=171.33|End=171.71	_	_	_	_
70-0	TO999	70	0	e:	e	_	_	_	_	_	linguistic	_	ContainsVariation=No	_	Begin=172.286	0x1	_	_	_
70-1	TO999	70	1	che	che	_	_	_	_	_	linguistic	_	ContainsVariation=No	_	_	_	_	_	_
70-2	TO999	70	2	zone	zone	_	_	_	_	_	linguistic	_	ContainsVariation=No	_	_	_	_	_	_
70-3	TO999	70	3	hai	hai	_	_	_	_	_	linguistic	_	ContainsVariation=No	_	_	_	_	_	_
70-4	TO999	70	4	conosciuto	conosciuto	_	_	_	_	_	linguistic	_	ContainsVariation=No	_	_	_	_	_	_
70-5	TO999	70	5	di	di	_	_	_	_	_	linguistic	_	ContainsVariation=No	_	_	_	_	_	_
70-6	TO999	70	6	torino?	torino	_	_	_	_	_	linguistic	_	ContainsVariation=No	Intonation=Rising	End=174.488	_	_	_	_
71-0	TO042	71	0	in	in	_	_	_	_	_	linguistic	_	ContainsVariation=No	_	Begin=175.593	_	_	_	_
71-1	TO042	71	1	cui	cui	_	_	_	_	_	linguistic	_	ContainsVariation=No	_	_	_	_	_	_
71-2	TO042	71	2	ho	ho	_	_	_	_	_	linguistic	_	ContainsVariation=No	_	_	_	_	_	_
71-3	TO042	71	3	abitato?	abitato	_	_	_	_	_	linguistic	_	ContainsVariation=No	Intonation=Rising	End=176.753	_	_	_	_
72-0	TO999	72	0	m:h	mh	_	_	_	_	_	linguistic	_	ContainsVariation=No	ProsodicLink=Yes	Begin=176.951	0x1	_	_	_
72-1	TO999	72	1	ma	ma	_	_	_	_	_	linguistic	_	ContainsVariation=No	_	_	_	_	_	_
72-2	TO999	72	2	che	che	_	_	_	_	_	linguistic	_	ContainsVariation=No	_	_	_	_	_	_
72-3	TO999	72	3	hai	hai	_	_	_	_	_	linguistic	_	ContainsVariation=No	_	_	_	_	_	_
72-4	TO999	72	4	conosciuto	conosciuto	_	_	_	_	_	linguistic	_	ContainsVariation=No	_	_	_	_	_	_
72-5	TO999	72	5	vivendo	vivendo	_	_	_	_	_	linguistic	_	ContainsVariation=No	_	_	_	_	_	_
72-6	TO999	72	6	qui	qui	_	_	_	_	_	linguistic	_	ContainsVariation=No	_	_	_	_	_	_
72-7	TO999	72	7	an[che	anche	_	_	_	_	_	linguistic	_	ContainsVariation=No	_	_	_	_	_	2-5(16)
72-8	TO999	72	8	che	che	_	_	_	_	_	linguistic	_	ContainsVariation=No	_	_	_	_	_	0-3(16)
72-9	TO999	72	9	non	non	_	_	_	_	_	linguistic	_	ContainsVariation=No	_	_	_	_	_	0-3(16)
72-10	TO999	72	10	hai	hai	_	_	_	_	_	linguistic	_	ContainsVariation=No	_	_	_	_	_	0-3(16)
72-11	TO999	72	11	abitato].	abitato	_	_	_	_	_	linguistic	_	ContainsVariation=No	Intonation=Falling	End=181.28	_	_	_	0-7(16)
73-0	TO042	73	0	[sì	sì	_	_	_	_	_	linguistic	_	ContainsVariation=No	PauseAfter=Yes	Begin=180.076	_	_	_	0-2(16)
73-1	TO042	73	1	(.)	(.)	_	_	_	_	_	shortpause	_	ContainsVariation=No	_	_	_	_	_	X(16)
73-2	TO042	73	2	anche	anche	_	_	_	_	_	linguistic	_	ContainsVariation=No	_	_	_	_	_	0-5(16)
73-3	TO042	73	3	al	al	_	_	_	_	_	linguistic	_	ContainsVariation=No	_	_	_	_	_	0-2(16)
73-4	TO042	73	4	di	di	_	_	_	_	_	linguistic	_	ContainsVariation=No	_	_	_	_	_	0-2(16)
73-5	TO042	73	5	f]uori	fuori	_	_	_	_	_	linguistic	_	ContainsVariation=No	_	_	_	_	_	0-1(16)
73-6	TO042	73	6	e::h	eh	_	_	_	_	_	linguistic	_	ContainsVariation=No	ProsodicLink=Yes	_	0x2	_	_	_
73-7	TO042	73	7	m:h	mh	_	_	_	_	_	linguistic	_	ContainsVariation=No	_	_	0x1	_	_	_
73-8	TO042	73	8	bah	bah	_	_	_	_	_	linguistic	_	ContainsVariation=No	_	_	_	_	_	_
73-9	TO042	73	9	e:h,	eh	_	_	_	_	_	linguistic	_	ContainsVariation=No	Intonation=WeaklyRising	End=183.445	0x1	_	_	_
74-0	TO042	74	0	quand'	quand'	_	_	_	_	_	linguistic	_	ContainsVariation=No	SpaceAfter=No	Begin=183.721	_	_	_	_
74-1	TO042	74	1	ero	ero	_	_	_	_	_	linguistic	_	ContainsVariation=No	_	_	_	_	_	_
74-2	TO042	74	2	piccolo	piccolo	_	_	_	_	_	linguistic	_	ContainsVariation=No	_	_	_	_	_	_
74-3	TO042	74	3	io	io	_	_	_	_	_	linguistic	_	ContainsVariation=No	_	_	_	_	_	_
74-4	TO042	74	4	venivo	venivo	_	_	_	_	_	linguistic	_	ContainsVariation=No	_	_	_	_	_	_
74-5	TO042	74	5	spesso	spesso	_	_	_	_	_	linguistic	_	ContainsVariation=No	_	_	_	_	_	_
74-6	TO042	74	6	a	a	_	_	_	_	_	linguistic	_	ContainsVariation=No	_	_	_	_	_	_
74-7	TO042	74	7	torino	torino	_	_	_	_	_	linguistic	_	ContainsVariation=No	_	_	_	_	_	_
74-8	TO042	74	8	perché::	perché	_	_	_	_	_	linguistic	_	ContainsVariation=No	_	_	5x2	_	_	_
74-9	TO042	74	9	e::h,	eh	_	_	_	_	_	linguistic	_	ContainsVariation=No	Intonation=WeaklyRising	End=187.451	0x2	_	_	_
75-0	TO042	75	0	i	i	_	_	_	_	_	linguistic	_	ContainsVariation=No	_	Begin=187.975	_	_	_	_
75-1	TO042	75	1	miei	miei	_	_	_	_	_	linguistic	_	ContainsVariation=No	_	_	_	_	_	_
75-2	TO042	75	2	nonni	nonni	_	_	_	_	_	linguistic	_	ContainsVariation=No	_	_	_	_	_	_
75-3	TO042	75	3	erano	erano	_	_	_	_	_	linguistic	_	ContainsVariation=No	_	_	_	_	_	_
75-4	TO042	75	4	di	di	_	_	_	_	_	linguistic	_	ContainsVariation=No	_	_	_	_	_	_
75-5	TO042	75	5	torino	torino	_	_	_	_	_	linguistic	_	ContainsVariation=No	_	_	_	_	_	_
75-6	TO042	75	6	anche	anche	_	_	_	_	_	linguistic	_	ContainsVariation=No	_	_	_	_	_	_
75-7	TO042	75	7	mia	mia	_	_	_	_	_	linguistic	_	ContainsVariation=No	_	_	_	_	_	_
75-8	TO042	75	8	madre.	madre	_	_	_	_	_	linguistic	_	ContainsVariation=No	Intonation=Falling	End=190.315	_	_	_	_
76-0	TO042	76	0	e	e	_	_	_	_	_	linguistic	_	ContainsVariation=No	_	Begin=190.56	_	_	_	_
76-1	TO042	76	1	quindi	quindi	_	_	_	_	_	linguistic	_	ContainsVariation=No	_	_	_	_	_	_
76-2	TO042	76	2	la	la	_	_	_	_	_	linguistic	_	ContainsVariation=No	_	_	_	_	_	_
76-3	TO042	76	3	zona::	zona	_	_	_	_	_	linguistic	_	ContainsVariation=No	_	_	3x2	_	_	_
76-4	TO042	76	4	vicino	vicino	_	_	_	_	_	linguistic	_	ContainsVariation=No	_	_	_	_	_	_
76-5	TO042	76	5	a	a	_	_	_	_	_	linguistic	_	ContainsVariation=No	_	_	_	_	_	_
76-6	TO042	76	6	corso	corso	_	_	_	_	_	linguistic	_	ContainsVariation=No	_	_	_	_	_	_
76-7	TO042	76	7	casale	casale	_	_	_	_	_	linguistic	_	ContainsVariation=No	PauseAfter=Yes	_	_	_	_	_
76-8	TO042	76	8	(.)	(.)	_	_	_	_	_	shortpause	_	ContainsVariation=No	_	_	_	_	_	_
76-9	TO042	76	9	quel[la	quella	_	_	_	_	_	linguistic	_	ContainsVariation=No	_	_	_	_	_	4-6(18)
76-10	TO042	76	10	l'	l'	_	_	_	_	_	linguistic	_	ContainsVariation=No	SpaceAfter=No	_	_	_	_	0-2(18)
76-11	TO042	76	11	ho	ho	_	_	_	_	_	linguistic	_	ContainsVariation=No	_	_	_	_	_	0-2(18)
76-12	TO042	76	12	cono]sciuta	conosciuta	_	_	_	_	_	linguistic	_	ContainsVariation=No	_	_	_	_	_	0-4(18)
76-13	TO042	76	13	per	per	_	_	_	_	_	linguistic	_	ContainsVariation=No	_	_	_	_	_	_
76-14	TO042	76	14	prima.	prima	_	_	_	_	_	linguistic	_	ContainsVariation=No	Intonation=Falling	End=194.546	_	_	_	_
77-0	TO999	77	0	[mhmh],	mhmh	_	_	_	_	_	linguistic	_	ContainsVariation=No	Intonation=WeaklyRising	Begin=193.286|End=193.8	_	_	_	0-4(18)
78-0	TO042	78	0	poi::	poi	_	_	_	_	_	linguistic	_	ContainsVariation=No	_	Begin=195.386	2x2	_	_	_
78-1	TO042	78	1	ho	ho	_	_	_	_	_	linguistic	_	ContainsVariation=No	_	_	_	_	_	_
78-2	TO042	78	2	passato:::,	passato	_	_	_	_	_	linguistic	_	ContainsVariation=No	Intonation=WeaklyRising	End=197.923	6x3	_	_	_
79-0	TO042	79	0	beh	beh	_	_	_	_	_	linguistic	_	ContainsVariation=No	_	Begin=199.085	_	_	_	_
79-1	TO042	79	1	prima	prima	_	_	_	_	_	linguistic	_	ContainsVariation=No	_	_	_	_	_	_
79-2	TO042	79	2	dell'	dell'	_	_	_	_	_	linguistic	_	ContainsVariation=No	SpaceAfter=No	_	_	_	_	_
79-3	TO042	79	3	università	università	_	_	_	_	_	linguistic	_	ContainsVariation=No	_	_	_	_	_	_
79-4	TO042	79	4	e:h	eh	_	_	_	_	_	linguistic	_	ContainsVariation=No	_	_	0x1	_	_	_
79-5	TO042	79	5	anche	anche	_	_	_	_	_	linguistic	_	ContainsVariation=No	_	_	_	_	_	_
79-6	TO042	79	6	la	la	_	_	_	_	_	linguistic	_	ContainsVariation=No	_	_	_	_	_	_
79-7	TO042	79	7	zona	zona	_	_	_	_	_	linguistic	_	ContainsVariation=No	_	_	_	_	_	_
79-8	TO042	79	8	dove	dove	_	_	_	_	_	linguistic	_	ContainsVariation=No	_	_	_	_	_	_
79-9	TO042	79	9	lavora	lavora	_	_	_	_	_	linguistic	_	ContainsVariation=No	_	_	_	_	_	_
79-10	TO042	79	10	mia	mia	_	_	_	_	_	linguistic	_	ContainsVariation=No	_	_	_	_	_	_
79-11	TO042	79	11	madre	madre	_	_	_	_	_	linguistic	_	ContainsVariation=No	_	_	_	_	_	_
79-12	TO042	79	12	spesso	spesso	_	_	_	_	_	linguistic	_	ContainsVariation=No	_	_	_	_	_	_
79-13	TO042	79	13	mi	mi	_	_	_	_	_	linguistic	_	ContainsVariation=No	_	_	_	_	_	_
79-14	TO042	79	14	capitava	capitava	_	_	_	_	_	linguistic	_	ContainsVariation=No	_	_	_	_	_	_
79-15	TO042	79	15	di	di	_	_	_	_	_	linguistic	_	ContainsVariation=No	_	_	_	_	_	_
79-16	TO042	79	16	andare	andare	_	_	_	_	_	linguistic	_	ContainsVariation=No	_	_	_	_	_	_
79-17	TO042	79	17	lì	lì	_	_	_	_	_	linguistic	_	ContainsVariation=No	_	_	_	_	_	_
79-18	TO042	79	18	e	e	_	_	_	_	_	linguistic	_	ContainsVariation=No	_	_	_	_	_	_
79-19	TO042	79	19	dove	dove	_	_	_	_	_	linguistic	_	ContainsVariation=No	_	_	_	_	_	_
79-20	TO042	79	20	abita	abita	_	_	_	_	_	linguistic	_	ContainsVariation=No	_	_	_	_	_	_
79-21	TO042	79	21	mia	mia	_	_	_	_	_	linguistic	_	ContainsVariation=No	_	_	_	_	_	_
79-22	TO042	79	22	zia,	zia	_	_	_	_	_	linguistic	_	ContainsVariation=No	Intonation=WeaklyRising	End=204.741	_	_	_	_
80-0	TO042	80	0	e:h	eh	_	_	_	_	_	linguistic	_	ContainsVariation=No	_	Begin=205.585	0x1	_	_	_
80-1	TO042	80	1	che	che	_	_	_	_	_	linguistic	_	ContainsVariation=No	_	_	_	_	_	_
80-2	TO042	80	2	sono	sono	_	_	_	_	_	linguistic	_	ContainsVariation=No	PauseAfter=Yes	_	_	_	_	_
80-3	TO042	80	3	(.)	(.)	_	_	_	_	_	shortpause	_	ContainsVariation=No	_	_	_	_	_	_
80-4	TO042	80	4	via	via	_	_	_	_	_	linguistic	_	ContainsVariation=No	_	_	_	_	_	_
80-5	TO042	80	5	giuria	giuria	_	_	_	_	_	linguistic	_	ContainsVariation=No	_	_	_	_	_	_
80-6	TO042	80	6	e::,	e	_	_	_	_	_	linguistic	_	ContainsVariation=No	Intonation=WeaklyRising	End=209.15	0x2	_	_	_
81-0	TO042	81	0	e::h,	eh	_	_	_	_	_	linguistic	_	ContainsVariation=No	Intonation=WeaklyRising	Begin=209.721|End=210.45	0x2	_	_	_
82-0	TO042	82	0	e::	e	_	_	_	_	_	linguistic	_	ContainsVariation=No	_	Begin=211.606	0x2	_	_	_
82-1	TO042	82	1	via	via	_	_	_	_	_	linguistic	_	ContainsVariation=No	_	_	_	_	_	_
82-2	TO042	82	2	san	san	_	_	_	_	_	linguistic	_	ContainsVariation=No	_	_	_	_	_	_
82-3	TO042	82	3	donato	donato	_	_	_	_	_	linguistic	_	ContainsVariation=No	_	_	_	_	_	_
82-4	TO042	82	4	più	più	_	_	_	_	_	linguistic	_	ContainsVariation=No	_	_	_	_	_	_
82-5	TO042	82	5	o	o	_	_	_	_	_	linguistic	_	ContainsVariation=No	_	_	_	_	_	_
82-6	TO042	82	6	meno.	meno	_	_	_	_	_	linguistic	_	ContainsVariation=No	Intonation=Falling	End=213.548	_	_	_	_
83-0	TO042	83	0	e	e	_	_	_	_	_	linguistic	_	ContainsVariation=No	_	Begin=214.92	_	_	_	_
83-1	TO042	83	1	poi::	poi	_	_	_	_	_	linguistic	_	ContainsVariation=No	_	_	2x2	_	_	_
83-2	TO042	83	2	da	da	_	_	_	_	_	linguistic	_	ContainsVariation=No	_	_	_	_	_	_
83-3	TO042	83	3	quando	quando	_	_	_	_	_	linguistic	_	ContainsVariation=No	_	_	_	_	_	_
83-4	TO042	83	4	ho	ho	_	_	_	_	_	linguistic	_	ContainsVariation=No	_	_	_	_	_	_
83-5	TO042	83	5	iniziato	iniziato	_	_	_	_	_	linguistic	_	ContainsVariation=No	_	_	_	_	_	_
83-6	TO042	83	6	l'	l'	_	_	_	_	_	linguistic	_	ContainsVariation=No	SpaceAfter=No	_	_	_	_	_
83-7	TO042	83	7	università:	università	_	_	_	_	_	linguistic	_	ContainsVariation=No	_	_	9x1	_	_	_
83-8	TO042	83	8	il	il	_	_	_	_	_	linguistic	_	ContainsVariation=No	_	_	_	_	_	_
83-9	TO042	83	9	ce:ntro:	centro	_	_	_	_	_	linguistic	_	ContainsVariation=No	_	_	1x1,5x1	_	_	_
83-10	TO042	83	10	i	i	_	_	_	_	_	linguistic	_	ContainsVariation=No	_	_	_	_	_	_
83-11	TO042	83	11	dintorni	dintorni	_	_	_	_	_	linguistic	_	ContainsVariation=No	_	_	_	_	_	_
83-12	TO042	83	12	dell'	dell'	_	_	_	_	_	linguistic	_	ContainsVariation=No	SpaceAfter=No	_	_	_	_	_
83-13	TO042	83	13	università	università	_	_	_	_	_	linguistic	_	ContainsVariation=No	_	_	_	_	_	_
83-14	TO042	83	14	e	e	_	_	_	_	_	linguistic	_	ContainsVariation=No	_	_	_	_	_	_
83-15	TO042	83	15	poi	poi	_	_	_	_	_	linguistic	_	ContainsVariation=No	_	_	_	_	_	_
83-16	TO042	83	16	quando	quando	_	_	_	_	_	linguistic	_	ContainsVariation=No	_	_	_	_	_	_
83-17	TO042	83	17	sono	sono	_	_	_	_	_	linguistic	_	ContainsVariation=No	_	_	_	_	_	_
83-18	TO042	83	18	venuto	venuto	_	_	_	_	_	linguistic	_	ContainsVariation=No	_	_	_	_	_	_
83-19	TO042	83	19	ad	ad	_	_	_	_	_	linguistic	_	ContainsVariation=No	_	_	_	_	_	_
83-20	TO042	83	20	abitare	abitare	_	_	_	_	_	linguistic	_	ContainsVariation=No	_	_	_	_	_	_
83-21	TO042	83	21	a	a	_	_	_	_	_	linguistic	_	ContainsVariation=No	_	_	_	_	_	_
83-22	TO042	83	22	torino,	torino	_	_	_	_	_	linguistic	_	ContainsVariation=No	Intonation=WeaklyRising	End=222.146	_	_	_	_
84-0	TO042	84	0	e:h	eh	_	_	_	_	_	linguistic	_	ContainsVariation=No	ProsodicLink=Yes	Begin=223.501	0x1	_	_	_
84-1	TO042	84	1	mh	mh	_	_	_	_	_	linguistic	_	ContainsVariation=No	_	_	_	_	_	_
84-2	TO042	84	2	la	la	_	_	_	_	_	linguistic	_	ContainsVariation=No	_	_	_	_	_	_
84-3	TO042	84	3	parte	parte	_	_	_	_	_	linguistic	_	ContainsVariation=No	_	_	_	_	_	_
84-4	TO042	84	4	di	di	_	_	_	_	_	linguistic	_	ContainsVariation=No	_	_	_	_	_	_
84-5	TO042	84	5	via::	via	_	_	_	_	_	linguistic	_	ContainsVariation=No	_	_	2x2	_	_	_
84-6	TO042	84	6	parte	parte	_	_	_	_	_	linguistic	_	ContainsVariation=No	_	_	_	_	_	_
84-7	TO042	84	7	finale	finale	_	_	_	_	_	linguistic	_	ContainsVariation=No	_	_	_	_	_	_
84-8	TO042	84	8	di	di	_	_	_	_	_	linguistic	_	ContainsVariation=No	_	_	_	_	_	_
84-9	TO042	84	9	via:::	via	_	_	_	_	_	linguistic	_	ContainsVariation=No	_	_	2x3	_	_	_
84-10	TO042	84	10	sant'	sant'	_	_	_	_	_	linguistic	_	ContainsVariation=No	SpaceAfter=No	_	_	_	_	_
84-11	TO042	84	11	agostino.	agostino	_	_	_	_	_	linguistic	_	ContainsVariation=No	Intonation=Falling	End=228.376	_	_	_	_
85-0	TO042	85	0	e::h,	eh	_	_	_	_	_	linguistic	_	ContainsVariation=No	Intonation=WeaklyRising	Begin=228.614|End=229.158	0x2	_	_	_
86-0	TO042	86	0	dove	dove	_	_	_	_	_	linguistic	_	ContainsVariation=No	_	Begin=229.356	_	_	_	_
86-1	TO042	86	1	ho	ho	_	_	_	_	_	linguistic	_	ContainsVariation=No	_	_	_	_	_	_
86-2	TO042	86	2	abitato	abitato	_	_	_	_	_	linguistic	_	ContainsVariation=No	_	_	_	_	_	_
86-3	TO042	86	3	per	per	_	_	_	_	_	linguistic	_	ContainsVariation=No	_	_	_	_	_	_
86-4	TO042	86	4	un	un	_	_	_	_	_	linguistic	_	ContainsVariation=No	_	_	_	_	_	_
86-5	TO042	86	5	[po'].	po'	_	_	_	_	_	linguistic	_	ContainsVariation=No	Intonation=Falling	End=230.56	_	_	_	0-3(21)
87-0	TO999	87	0	[m]h	mh	_	_	_	_	_	linguistic	_	ContainsVariation=No	_	Begin=230.341	_	_	_	0-1(21)
87-1	TO999	87	1	mh.	mh	_	_	_	_	_	linguistic	_	ContainsVariation=No	Intonation=Falling	_	_	_	_	_
87-2	TO999	87	2	quindi	quindi	_	_	_	_	_	linguistic	_	ContainsVariation=No	_	_	_	_	_	_
87-3	TO999	87	3	tutto	tutto	_	_	_	_	_	linguistic	_	ContainsVariation=No	_	_	_	_	_	_
87-4	TO999	87	4	più	più	_	_	_	_	_	linguistic	_	ContainsVariation=No	_	_	_	_	_	_
87-5	TO999	87	5	o	o	_	_	_	_	_	linguistic	_	ContainsVariation=No	_	_	_	_	_	_
87-6	TO999	87	6	meno	meno	_	_	_	_	_	linguistic	_	ContainsVariation=No	_	_	_	_	_	_
87-7	TO999	87	7	abbastanza	abbastanza	_	_	_	_	_	linguistic	_	ContainsVariation=No	_	_	_	_	_	_
87-8	TO999	87	8	centrale.	centrale	_	_	_	_	_	linguistic	_	ContainsVariation=No	Intonation=Falling	End=232.963	_	_	_	_
88-0	TO042	88	0	e::h	eh	_	_	_	_	_	linguistic	_	ContainsVariation=No	_	Begin=233.581	0x2	_	_	_
88-1	TO042	88	1	sì	sì	_	_	_	_	_	linguistic	_	ContainsVariation=No	_	_	_	_	_	_
88-2	TO042	88	2	ab[bastanza	abbastanza	_	_	_	_	_	linguistic	_	ContainsVariation=No	_	_	_	_	_	2-10(22)
88-3	TO042	88	3	sì].	sì	_	_	_	_	_	linguistic	_	ContainsVariation=No	Intonation=Falling	End=235.639	_	_	_	0-2(22)
89-0	TO999	89	0	[mhmh	mhmh	_	_	_	_	_	linguistic	_	ContainsVariation=No	_	Begin=234.81	_	_	_	0-4(22)
89-1	TO999	89	1	mhmh].	mhmh	_	_	_	_	_	linguistic	_	ContainsVariation=No	Intonation=Falling	End=235.662	_	_	_	0-4(22)
90-0	TO999	90	0	<via	via	_	_	_	_	_	linguistic	_	ContainsVariation=No	_	Begin=236.131	_	Slow=0-3(0)	_	_
90-1	TO999	90	1	sant'	sant'	_	_	_	_	_	linguistic	_	ContainsVariation=No	SpaceAfter=No	_	_	Slow=0-5(0)	_	_
90-2	TO999	90	2	agostino:>	agostino	_	_	_	_	_	linguistic	_	ContainsVariation=No	_	_	7x1	Slow=0-8(0)	_	_
90-3	TO999	90	3	da	da	_	_	_	_	_	linguistic	_	ContainsVariation=No	_	_	_	_	_	_
90-4	TO999	90	4	che	che	_	_	_	_	_	linguistic	_	ContainsVariation=No	_	_	_	_	_	_
90-5	TO999	90	5	parte	parte	_	_	_	_	_	linguistic	_	ContainsVariation=No	_	_	_	_	_	_
90-6	TO999	90	6	verso	verso	_	_	_	_	_	linguistic	_	ContainsVariation=No	_	_	_	_	_	_
90-7	TO999	90	7	via	via	_	_	_	_	_	linguistic	_	ContainsVariation=No	_	_	_	_	_	_
90-8	TO999	90	8	garibal[di	garibaldi	_	_	_	_	_	linguistic	_	ContainsVariation=No	_	_	_	_	_	6-9(23)
90-9	TO999	90	9	o:]?	o	_	_	_	_	_	linguistic	_	ContainsVariation=No	Intonation=Rising	End=240.255	0x1	_	_	0-1(23)
91-0	TO042	91	0	[no	no	_	_	_	_	_	linguistic	_	ContainsVariation=No	_	Begin=239.796	_	_	_	0-2(23)
91-1	TO042	91	1	da]ll'	dall'	_	_	_	_	_	linguistic	_	ContainsVariation=No	SpaceAfter=No	_	_	_	_	0-2(23)
91-2	TO042	91	2	altra	altra	_	_	_	_	_	linguistic	_	ContainsVariation=No	_	_	_	_	_	_
91-3	TO042	91	3	[par]te.	parte	_	_	_	_	_	linguistic	_	ContainsVariation=No	Intonation=Falling	End=241.413	_	_	_	0-3(24)
92-0	TO999	92	0	[mhmh],	mhmh	_	_	_	_	_	linguistic	_	ContainsVariation=No	Intonation=WeaklyRising	Begin=240.878|End=241.223	_	_	_	0-4(24)
93-0	TO999	93	0	okay.	okay	_	_	_	_	_	linguistic	_	ContainsVariation=No	Intonation=Falling	Begin=241.413|End=242.116	_	_	_	_
94-0	TO999	94	0	e	e	_	_	_	_	_	linguistic	_	ContainsVariation=No	_	Begin=242.431	_	_	_	_
94-1	TO999	94	1	lì	lì	_	_	_	_	_	linguistic	_	ContainsVariation=No	_	_	_	_	_	_
94-2	TO999	94	2	come:::	come	_	_	_	_	_	linguistic	_	ContainsVariation=No	_	_	3x3	_	_	_
94-3	TO999	94	3	insomma	insomma	_	_	_	_	_	linguistic	_	ContainsVariation=No	_	_	_	_	_	_
94-4	TO999	94	4	che:	che	_	_	_	_	_	linguistic	_	ContainsVariation=No	_	_	2x1	_	_	_
94-5	TO999	94	5	tipo	tipo	_	_	_	_	_	linguistic	_	ContainsVariation=No	_	_	_	_	_	_
94-6	TO999	94	6	di	di	_	_	_	_	_	linguistic	_	ContainsVariation=No	_	_	_	_	_	_
94-7	TO999	94	7	soluzione	soluzione	_	_	_	_	_	linguistic	_	ContainsVariation=No	_	_	_	_	_	_
94-8	TO999	94	8	abitativa	abitativa	_	_	_	_	_	linguistic	_	ContainsVariation=No	_	_	_	_	_	_
94-9	TO999	94	9	era?	era	_	_	_	_	_	linguistic	_	ContainsVariation=No	Intonation=Rising	End=246.081	_	_	_	_
95-0	TO042	95	0	era:	era	_	_	_	_	_	linguistic	_	ContainsVariation=No	_	Begin=246.143	2x1	_	_	_
95-1	TO042	95	1	un	un	_	_	_	_	_	linguistic	_	ContainsVariation=No	_	_	_	_	_	_
95-2	TO042	95	2	monolocale.	monolocale	_	_	_	_	_	linguistic	_	ContainsVariation=No	Intonation=Falling	End=247.523	_	_	_	_
96-0	TO999	96	0	mhmh.	mhmh	_	_	_	_	_	linguistic	_	ContainsVariation=No	Intonation=Falling	Begin=247.763|End=248.195	_	_	_	_
97-0	TO999	97	0	okay	okay	_	_	_	_	_	linguistic	_	ContainsVariation=No	_	Begin=248.281	_	_	_	_
97-1	TO999	97	1	quindi	quindi	_	_	_	_	_	linguistic	_	ContainsVariation=No	_	_	_	_	_	_
97-2	TO999	97	2	vivevi	vivevi	_	_	_	_	_	linguistic	_	ContainsVariation=No	_	_	_	_	_	_
97-3	TO999	97	3	solo	solo	_	_	_	_	_	linguistic	_	ContainsVariation=No	_	_	_	_	_	_
97-4	TO999	97	4	[e],	e	_	_	_	_	_	linguistic	_	ContainsVariation=No	Intonation=WeaklyRising	End=250.034	_	_	_	0-1(27)
98-0	TO042	98	0	[sì].	sì	_	_	_	_	_	linguistic	_	ContainsVariation=No	Intonation=Falling	Begin=249.663|End=250.023	_	_	_	0-2(27)
99-0	TO999	99	0	mhmh.	mhmh	_	_	_	_	_	linguistic	_	ContainsVariation=No	Intonation=Falling	Begin=250.69|End=251.068	_	_	_	_
100-0	TO042	100	0	sì	sì	_	_	_	_	_	linguistic	_	ContainsVariation=No	_	Begin=251.068	_	_	_	_
100-1	TO042	100	1	sì	sì	_	_	_	_	_	linguistic	_	ContainsVariation=No	_	_	_	_	_	_
100-2	TO042	100	2	sì.	sì	_	_	_	_	_	linguistic	_	ContainsVariation=No	Intonation=Falling	End=251.533	_	_	_	_
101-0	TO999	101	0	e	e	_	_	_	_	_	linguistic	_	ContainsVariation=No	_	Begin=251.533	_	_	_	_
101-1	TO999	101	1	come	come	_	_	_	_	_	linguistic	_	ContainsVariation=No	_	_	_	_	_	_
101-2	TO999	101	2	mai	mai	_	_	_	_	_	linguistic	_	ContainsVariation=No	_	_	_	_	_	_
101-3	TO999	101	3	non	non	_	_	_	_	_	linguistic	_	ContainsVariation=No	_	_	_	_	_	_
101-4	TO999	101	4	ci	ci	_	_	_	_	_	linguistic	_	ContainsVariation=No	_	_	_	_	_	_
101-5	TO999	101	5	vivi	vivi	_	_	_	_	_	linguistic	_	ContainsVariation=No	_	_	_	_	_	_
101-6	TO999	101	6	più?	più	_	_	_	_	_	linguistic	_	ContainsVariation=No	Intonation=Rising	End=252.833	_	_	_	_
102-0	TO042	102	0	perché:::	perché	_	_	_	_	_	linguistic	_	ContainsVariation=No	ProsodicLink=Yes	Begin=253.515	5x3	_	_	_
102-1	TO042	102	1	m:h	mh	_	_	_	_	_	linguistic	_	ContainsVariation=No	ProsodicLink=Yes	_	0x1	_	_	_
102-2	TO042	102	2	non	non	_	_	_	_	_	linguistic	_	ContainsVariation=No	_	_	_	_	_	_
102-3	TO042	102	3	mi	mi	_	_	_	_	_	linguistic	_	ContainsVariation=No	_	_	_	_	_	_
102-4	TO042	102	4	piaceva	piaceva	_	_	_	_	_	linguistic	_	ContainsVariation=No	_	_	_	_	_	_
102-5	TO042	102	5	più	più	_	_	_	_	_	linguistic	_	ContainsVariation=No	_	_	_	_	_	_
102-6	TO042	102	6	era::	era	_	_	_	_	_	linguistic	_	ContainsVariation=No	ProsodicLink=Yes	_	2x2	_	_	_
102-7	TO042	102	7	m::h	mh	_	_	_	_	_	linguistic	_	ContainsVariation=No	_	_	0x2	_	_	_
102-8	TO042	102	8	diventato	diventato	_	_	_	_	_	linguistic	_	ContainsVariation=No	_	_	_	_	_	_
102-9	TO042	102	9	abbastanza	abbastanza	_	_	_	_	_	linguistic	_	ContainsVariation=No	_	_	_	_	_	_
102-10	TO042	102	10	scomodo	scomodo	_	_	_	_	_	linguistic	_	ContainsVariation=No	_	_	_	_	_	_
102-11	TO042	102	11	volevo	volevo	_	_	_	_	_	linguistic	_	ContainsVariation=No	_	_	_	_	_	_
102-12	TO042	102	12	cambiare	cambiare	_	_	_	_	_	linguistic	_	ContainsVariation=No	_	_	_	_	_	_
102-13	TO042	102	13	casa.	casa	_	_	_	_	_	linguistic	_	ContainsVariation=No	Intonation=Falling	End=260.486	_	_	_	_
103-0	TO999	103	0	mhmh.	mhmh	_	_	_	_	_	linguistic	_	ContainsVariation=No	Intonation=Falling	Begin=260.486|End=261.005	_	_	_	_
104-0	TO042	104	0	non	non	_	_	_	_	_	linguistic	_	ContainsVariation=No	_	Begin=261.341	_	_	_	_
104-1	TO042	104	1	era	era	_	_	_	_	_	linguistic	_	ContainsVariation=No	_	_	_	_	_	_
104-2	TO042	104	2	niente	niente	_	_	_	_	_	linguistic	_	ContainsVariation=No	_	_	_	_	_	_
104-3	TO042	104	3	di	di	_	_	_	_	_	linguistic	_	ContainsVariation=No	_	_	_	_	_	_
104-4	TO042	104	4	che	che	_	_	_	_	_	linguistic	_	ContainsVariation=No	_	_	_	_	_	_
104-5	TO042	104	5	in	in	_	_	_	_	_	linguistic	_	ContainsVariation=No	_	_	_	_	_	_
104-6	TO042	104	6	effetti.	effetti	_	_	_	_	_	linguistic	_	ContainsVariation=No	Intonation=Falling	End=263.256	_	_	_	_
105-0	TO999	105	0	certo.	certo	_	_	_	_	_	linguistic	_	ContainsVariation=No	Intonation=Falling	Begin=263.483|End=264.023	_	_	_	_
106-0	TO999	106	0	ma	ma	_	_	_	_	_	linguistic	_	ContainsVariation=No	_	Begin=264.195	_	_	_	_
106-1	TO999	106	1	invece	invece	_	_	_	_	_	linguistic	_	ContainsVariation=No	_	_	_	_	_	_
106-2	TO999	106	2	potendo	potendo	_	_	_	_	_	linguistic	_	ContainsVariation=No	_	_	_	_	_	_
106-3	TO999	106	3	scegliere	scegliere	_	_	_	_	_	linguistic	_	ContainsVariation=No	_	_	_	_	_	_
106-4	TO999	106	4	adesso	adesso	_	_	_	_	_	linguistic	_	ContainsVariation=No	_	_	_	_	_	_
106-5	TO999	106	5	cioè	cioè	_	_	_	_	_	linguistic	_	ContainsVariation=No	_	_	_	_	_	_
106-6	TO999	106	6	ovviamente	ovviamente	_	_	_	_	_	linguistic	_	ContainsVariation=No	_	_	_	_	_	_
106-7	TO999	106	7	con	con	_	_	_	_	_	linguistic	_	ContainsVariation=No	_	_	_	_	_	_
106-8	TO999	106	8	fondi::	fondi	_	_	_	_	_	linguistic	_	ContainsVariation=No	_	_	4x2	_	_	_
106-9	TO999	106	9	illimitati	illimitati	_	_	_	_	_	linguistic	_	ContainsVariation=No	_	_	_	_	_	_
106-10	TO999	106	10	o	o	_	_	_	_	_	linguistic	_	ContainsVariation=No	_	_	_	_	_	_
106-11	TO999	106	11	quasi,	quasi	_	_	_	_	_	linguistic	_	ContainsVariation=No	Intonation=WeaklyRising	End=269.395	_	_	_	_
107-0	TO999	107	0	e:h	eh	_	_	_	_	_	linguistic	_	ContainsVariation=No	_	Begin=269.905	0x1	_	_	_
107-1	TO999	107	1	in	in	_	_	_	_	_	linguistic	_	ContainsVariation=No	_	_	_	_	_	_
107-2	TO999	107	2	che	che	_	_	_	_	_	linguistic	_	ContainsVariation=No	_	_	_	_	_	_
107-3	TO999	107	3	zona	zona	_	_	_	_	_	linguistic	_	ContainsVariation=No	_	_	_	_	_	_
107-4	TO999	107	4	di	di	_	_	_	_	_	linguistic	_	ContainsVariation=No	_	_	_	_	_	_
107-5	TO999	107	5	torino	torino	_	_	_	_	_	linguistic	_	ContainsVariation=No	_	_	_	_	_	_
107-6	TO999	107	6	ti	ti	_	_	_	_	_	linguistic	_	ContainsVariation=No	_	_	_	_	_	_
107-7	TO999	107	7	piacerebbe	piacerebbe	_	_	_	_	_	linguistic	_	ContainsVariation=No	_	_	_	_	_	_
107-8	TO999	107	8	vivere?	vivere	_	_	_	_	_	linguistic	_	ContainsVariation=No	Intonation=Rising	End=272.643	_	_	_	_
108-0	TO042	108	0	ma:	ma	_	_	_	_	_	linguistic	_	ContainsVariation=No	_	Begin=276.875	1x1	_	_	_
108-1	TO042	108	1	e::h,	eh	_	_	_	_	_	linguistic	_	ContainsVariation=No	Intonation=WeaklyRising	End=278.418	0x2	_	_	_
109-0	TO042	109	0	è	è	_	_	_	_	_	linguistic	_	ContainsVariation=No	_	Begin=280.55	_	_	_	_
109-1	TO042	109	1	una	una	_	_	_	_	_	linguistic	_	ContainsVariation=No	_	_	_	_	_	_
109-2	TO042	109	2	bella	bella	_	_	_	_	_	linguistic	_	ContainsVariation=No	_	_	_	_	_	_
109-3	TO042	109	3	domanda	domanda	_	_	_	_	_	linguistic	_	ContainsVariation=No	_	_	_	_	_	_
109-4	TO042	109	4	m:i	mi	_	_	_	_	_	linguistic	_	ContainsVariation=No	_	_	0x1	_	_	_
109-5	TO042	109	5	piacerebbe::	piacerebbe	_	_	_	_	_	linguistic	_	ContainsVariation=No	_	_	9x2	_	_	_
109-6	TO042	109	6	u:na	una	_	_	_	_	_	linguistic	_	ContainsVariation=No	_	_	0x1	_	_	_
109-7	TO042	109	7	z~	z~	_	_	_	_	_	linguistic	_	ContainsVariation=No	Interrupted=Yes	_	_	_	_	_
109-8	TO042	109	8	zona::,	zona	_	_	_	_	_	linguistic	_	ContainsVariation=No	Intonation=WeaklyRising	End=285.613	3x2	_	_	_
110-0	TO042	110	0	ben	ben	_	_	_	_	_	linguistic	_	ContainsVariation=No	_	Begin=286.45	_	_	_	_
110-1	TO042	110	1	servita	servita	_	_	_	_	_	linguistic	_	ContainsVariation=No	_	_	_	_	_	_
110-2	TO042	110	2	dai	dai	_	_	_	_	_	linguistic	_	ContainsVariation=No	_	_	_	_	_	_
110-3	TO042	110	3	mezzi	mezzi	_	_	_	_	_	linguistic	_	ContainsVariation=No	_	_	_	_	_	_
110-4	TO042	110	4	pubblici,	pubblici	_	_	_	_	_	linguistic	_	ContainsVariation=No	Intonation=WeaklyRising	End=288.048	_	_	_	_
111-0	TO042	111	0	anche	anche	_	_	_	_	_	linguistic	_	ContainsVariation=No	_	Begin=289.536	_	_	_	_
111-1	TO042	111	1	non	non	_	_	_	_	_	linguistic	_	ContainsVariation=No	_	_	_	_	_	_
111-2	TO042	111	2	necessariamente:	necessariamente	_	_	_	_	_	linguistic	_	ContainsVariation=No	_	_	14x1	_	_	_
111-3	TO042	111	3	troppo	troppo	_	_	_	_	_	linguistic	_	ContainsVariation=No	_	_	_	_	_	_
111-4	TO042	111	4	centrale,	centrale	_	_	_	_	_	linguistic	_	ContainsVariation=No	Intonation=WeaklyRising	End=292.803	_	_	_	_
112-0	TO042	112	0	e:h	eh	_	_	_	_	_	linguistic	_	ContainsVariation=No	_	Begin=293.625	0x1	_	_	_
112-1	TO042	112	1	anche	anche	_	_	_	_	_	linguistic	_	ContainsVariation=No	_	_	_	_	_	_
112-2	TO042	112	2	come	come	_	_	_	_	_	linguistic	_	ContainsVariation=No	_	_	_	_	_	_
112-3	TO042	112	3	quella	quella	_	_	_	_	_	linguistic	_	ContainsVariation=No	_	_	_	_	_	_
112-4	TO042	112	4	in	in	_	_	_	_	_	linguistic	_	ContainsVariation=No	_	_	_	_	_	_
112-5	TO042	112	5	cui	cui	_	_	_	_	_	linguistic	_	ContainsVariation=No	_	_	_	_	_	_
112-6	TO042	112	6	vivo	vivo	_	_	_	_	_	linguistic	_	ContainsVariation=No	_	_	_	_	_	_
112-7	TO042	112	7	adesso.	adesso	_	_	_	_	_	linguistic	_	ContainsVariation=No	Intonation=Falling	End=296.073	_	_	_	_
113-0	TO042	113	0	qualcosa	qualcosa	_	_	_	_	_	linguistic	_	ContainsVariation=No	_	Begin=296.478	_	_	_	_
113-1	TO042	113	1	del	del	_	_	_	_	_	linguistic	_	ContainsVariation=No	_	_	_	_	_	_
113-2	TO042	113	2	genere.	genere	_	_	_	_	_	linguistic	_	ContainsVariation=No	Intonation=Falling	End=297.571	_	_	_	_
114-0	TO042	114	0	che	che	_	_	_	_	_	linguistic	_	ContainsVariation=No	_	Begin=297.771	_	_	_	_
114-1	TO042	114	1	sia	sia	_	_	_	_	_	linguistic	_	ContainsVariation=No	_	_	_	_	_	_
114-2	TO042	114	2	comoda:	comoda	_	_	_	_	_	linguistic	_	ContainsVariation=No	_	_	5x1	_	_	_
114-3	TO042	114	3	(e.)	e	_	_	_	_	_	linguistic	_	ContainsVariation=No	Intonation=Falling|PauseAfter=Yes	_	_	_	0-1(0)	_
114-4	TO042	114	4	(.)	(.)	_	_	_	_	_	shortpause	_	ContainsVariation=No	_	_	_	_	_	_
114-5	TO042	114	5	facilmente	facilmente	_	_	_	_	_	linguistic	_	ContainsVariation=No	_	_	_	_	_	_
114-6	TO042	114	6	raggiungibile.	raggiungibile	_	_	_	_	_	linguistic	_	ContainsVariation=No	Intonation=Falling	End=301.22	_	_	_	_
115-0	TO999	115	0	mhmh.	mhmh	_	_	_	_	_	linguistic	_	ContainsVariation=No	Intonation=Falling	Begin=301.656|End=302.098	_	_	_	_
116-0	TO999	116	0	okay.	okay	_	_	_	_	_	linguistic	_	ContainsVariation=No	Intonation=Falling	Begin=302.353|End=302.988	_	_	_	_
117-0	TO999	117	0	ma	ma	_	_	_	_	_	linguistic	_	ContainsVariation=No	_	Begin=303.095	_	_	_	_
117-1	TO999	117	1	vivresti	vivresti	_	_	_	_	_	linguistic	_	ContainsVariation=No	_	_	_	_	_	_
117-2	TO999	117	2	volentieri	volentieri	_	_	_	_	_	linguistic	_	ContainsVariation=No	_	_	_	_	_	_
117-3	TO999	117	3	in	in	_	_	_	_	_	linguistic	_	ContainsVariation=No	_	_	_	_	_	_
117-4	TO999	117	4	un	un	_	_	_	_	_	linguistic	_	ContainsVariation=No	_	_	_	_	_	_
117-5	TO999	117	5	posto	posto	_	_	_	_	_	linguistic	_	ContainsVariation=No	_	_	_	_	_	_
117-6	TO999	117	6	come	come	_	_	_	_	_	linguistic	_	ContainsVariation=No	_	_	_	_	_	_
117-7	TO999	117	7	san	san	_	_	_	_	_	linguistic	_	ContainsVariation=No	_	_	_	_	_	_
117-8	TO999	117	8	salvario?	salvario	_	_	_	_	_	linguistic	_	ContainsVariation=No	Intonation=Rising	_	_	_	_	_
117-9	TO999	117	9	cioè	cioè	_	_	_	_	_	linguistic	_	ContainsVariation=No	_	_	_	_	_	_
117-10	TO999	117	10	un	un	_	_	_	_	_	linguistic	_	ContainsVariation=No	_	_	_	_	_	_
117-11	TO999	117	11	po'	po'	_	_	_	_	_	linguistic	_	ContainsVariation=No	_	_	_	_	_	_
117-12	TO999	117	12	caotico,	caotico	_	_	_	_	_	linguistic	_	ContainsVariation=No	Intonation=WeaklyRising	End=307.0	_	_	_	_
118-0	TO042	118	0	e::h	eh	_	_	_	_	_	linguistic	_	ContainsVariation=No	_	Begin=307.155	0x2	_	_	_
118-1	TO042	118	1	forse	forse	_	_	_	_	_	linguistic	_	ContainsVariation=No	_	_	_	_	_	_
118-2	TO042	118	2	in	in	_	_	_	_	_	linguistic	_	ContainsVariation=No	_	_	_	_	_	_
118-3	TO042	118	3	certe	certe	_	_	_	_	_	linguistic	_	ContainsVariation=No	_	_	_	_	_	_
118-4	TO042	118	4	zone	zone	_	_	_	_	_	linguistic	_	ContainsVariation=No	_	_	_	_	_	_
118-5	TO042	118	5	sì.	sì	_	_	_	_	_	linguistic	_	ContainsVariation=No	Intonation=Falling	End=309.378	_	_	_	_
119-0	TO999	119	0	mh	mh	_	_	_	_	_	linguistic	_	ContainsVariation=No	_	Begin=309.77	_	_	_	_
119-1	TO999	119	1	[mh].	mh	_	_	_	_	_	linguistic	_	ContainsVariation=No	Intonation=Falling	End=310.256	_	_	_	0-2(28)
120-0	TO042	120	0	[in]	in	_	_	_	_	_	linguistic	_	ContainsVariation=No	_	Begin=310.073	_	_	_	0-2(28)
120-1	TO042	120	1	altre	altre	_	_	_	_	_	linguistic	_	ContainsVariation=No	_	_	_	_	_	_
120-2	TO042	120	2	di	di	_	_	_	_	_	linguistic	_	ContainsVariation=No	_	_	_	_	_	_
120-3	TO042	120	3	meno.	meno	_	_	_	_	_	linguistic	_	ContainsVariation=No	Intonation=Falling	End=310.89	_	_	_	_
121-0	TO999	121	0	okay.	okay	_	_	_	_	_	linguistic	_	ContainsVariation=No	Intonation=Falling	Begin=311.806|End=312.418	_	_	_	_
122-0	TO999	122	0	e::h	eh	_	_	_	_	_	linguistic	_	ContainsVariation=No	ProsodicLink=Yes	Begin=312.741	0x2	_	_	_
122-1	TO999	122	1	mh	mh	_	_	_	_	_	linguistic	_	ContainsVariation=No	_	_	_	_	_	_
122-2	TO999	122	2	e	e	_	_	_	_	_	linguistic	_	ContainsVariation=No	_	_	_	_	_	_
122-3	TO999	122	3	invece,	invece	_	_	_	_	_	linguistic	_	ContainsVariation=No	Intonation=WeaklyRising	End=314.968	_	_	_	_
123-0	TO999	123	0	parliamo	parliamo	_	_	_	_	_	linguistic	_	ContainsVariation=No	_	Begin=315.221	_	_	_	_
123-1	TO999	123	1	un	un	_	_	_	_	_	linguistic	_	ContainsVariation=No	_	_	_	_	_	_
123-2	TO999	123	2	po'	po'	_	_	_	_	_	linguistic	_	ContainsVariation=No	_	_	_	_	_	_
123-3	TO999	123	3	della	della	_	_	_	_	_	linguistic	_	ContainsVariation=No	_	_	_	_	_	_
123-4	TO999	123	4	casa	casa	_	_	_	_	_	linguistic	_	ContainsVariation=No	_	_	_	_	_	_
123-5	TO999	123	5	dove::	dove	_	_	_	_	_	linguistic	_	ContainsVariation=No	_	_	3x2	_	_	_
123-6	TO999	123	6	hai	hai	_	_	_	_	_	linguistic	_	ContainsVariation=No	_	_	_	_	_	_
123-7	TO999	123	7	vissuto,	vissuto	_	_	_	_	_	linguistic	_	ContainsVariation=No	Intonation=WeaklyRising	End=318.103	_	_	_	_
124-0	TO999	124	0	penso	penso	_	_	_	_	_	linguistic	_	ContainsVariation=No	_	Begin=318.477	_	_	_	_
124-1	TO999	124	1	fino	fino	_	_	_	_	_	linguistic	_	ContainsVariation=No	_	_	_	_	_	_
124-2	TO999	124	2	a	a	_	_	_	_	_	linguistic	_	ContainsVariation=No	_	_	_	_	_	_
124-3	TO999	124	3	quando	quando	_	_	_	_	_	linguistic	_	ContainsVariation=No	_	_	_	_	_	_
124-4	TO999	124	4	eri	eri	_	_	_	_	_	linguistic	_	ContainsVariation=No	_	_	_	_	_	_
124-5	TO999	124	5	ragazzo	ragazzo	_	_	_	_	_	linguistic	_	ContainsVariation=No	_	_	_	_	_	_
124-6	TO999	124	6	a	a	_	_	_	_	_	linguistic	_	ContainsVariation=No	_	_	_	_	_	_
124-7	TO999	124	7	nomepaese.	nomepaese	_	_	_	_	_	linguistic	_	ContainsVariation=No	Intonation=Falling	End=320.525	_	_	_	_
125-0	TO042	125	0	mhmh,	mhmh	_	_	_	_	_	linguistic	_	ContainsVariation=No	Intonation=WeaklyRising	Begin=320.716|End=321.263	_	_	_	_
126-0	TO999	126	0	che	che	_	_	_	_	_	linguistic	_	ContainsVariation=No	_	Begin=321.63	_	_	_	_
126-1	TO999	126	1	che	che	_	_	_	_	_	linguistic	_	ContainsVariation=No	_	_	_	_	_	_
126-2	TO999	126	2	tipo	tipo	_	_	_	_	_	linguistic	_	ContainsVariation=No	_	_	_	_	_	_
126-3	TO999	126	3	di	di	_	_	_	_	_	linguistic	_	ContainsVariation=No	_	_	_	_	_	_
126-4	TO999	126	4	casa	casa	_	_	_	_	_	linguistic	_	ContainsVariation=No	_	_	_	_	_	_
126-5	TO999	126	5	è?	è	_	_	_	_	_	linguistic	_	ContainsVariation=No	Intonation=Rising	End=322.921	_	_	_	_
127-0	TO042	127	0	è::	è	_	_	_	_	_	linguistic	_	ContainsVariation=No	_	Begin=323.465	0x2	_	_	_
127-1	TO042	127	1	u::n	un	_	_	_	_	_	linguistic	_	ContainsVariation=No	PauseAfter=Yes	_	0x2	_	_	_
127-2	TO042	127	2	(.)	(.)	_	_	_	_	_	shortpause	_	ContainsVariation=No	_	_	_	_	_	_
127-3	TO042	127	3	appartamento.	appartamento	_	_	_	_	_	linguistic	_	ContainsVariation=No	Intonation=Falling	End=326.333	_	_	_	_
128-0	TO042	128	0	e:::h,	eh	_	_	_	_	_	linguistic	_	ContainsVariation=No	Intonation=WeaklyRising	Begin=326.791|End=327.826	0x3	_	_	_
129-0	TO042	129	0	terzo	terzo	_	_	_	_	_	linguistic	_	ContainsVariation=No	_	Begin=328.691	_	_	_	_
129-1	TO042	129	1	piano.	piano	_	_	_	_	_	linguistic	_	ContainsVariation=No	Intonation=Falling	End=329.628	_	_	_	_
130-0	TO042	130	0	non	non	_	_	_	_	_	linguistic	_	ContainsVariation=No	_	Begin=330.333	_	_	_	_
130-1	TO042	130	1	grandissimo.	grandissimo	_	_	_	_	_	linguistic	_	ContainsVariation=No	Intonation=Falling	End=331.346	_	_	_	_
131-0	TO042	131	0	e:h	eh	_	_	_	_	_	linguistic	_	ContainsVariation=No	_	Begin=332.466	0x1	_	_	_
131-1	TO042	131	1	però	però	_	_	_	_	_	linguistic	_	ContainsVariation=No	_	_	_	_	_	_
131-2	TO042	131	2	comodo.	comodo	_	_	_	_	_	linguistic	_	ContainsVariation=No	Intonation=Falling	End=333.834	_	_	_	_
132-0	TO042	132	0	io:	io	_	_	_	_	_	linguistic	_	ContainsVariation=No	_	Begin=334.008	1x1	_	_	_
132-1	TO042	132	1	avevo	avevo	_	_	_	_	_	linguistic	_	ContainsVariation=No	_	_	_	_	_	_
132-2	TO042	132	2	la	la	_	_	_	_	_	linguistic	_	ContainsVariation=No	_	_	_	_	_	_
132-3	TO042	132	3	mia	mia	_	_	_	_	_	linguistic	_	ContainsVariation=No	_	_	_	_	_	_
132-4	TO042	132	4	stanza	stanza	_	_	_	_	_	linguistic	_	ContainsVariation=No	_	_	_	_	_	_
132-5	TO042	132	5	e:,	e	_	_	_	_	_	linguistic	_	ContainsVariation=No	Intonation=WeaklyRising	End=335.905	0x1	_	_	_
133-0	TO042	133	0	sì.	sì	_	_	_	_	_	linguistic	_	ContainsVariation=No	Intonation=Falling	Begin=336.606|End=336.93	_	_	_	_
134-0	TO999	134	0	mhmh.	mhmh	_	_	_	_	_	linguistic	_	ContainsVariation=No	Intonation=Falling	Begin=337.145|End=337.513	_	_	_	_
135-0	TO999	135	0	e	e	_	_	_	_	_	linguistic	_	ContainsVariation=No	_	Begin=337.551	_	_	_	_
135-1	TO999	135	1	lì	lì	_	_	_	_	_	linguistic	_	ContainsVariation=No	_	_	_	_	_	_
135-2	TO999	135	2	qual	qual	_	_	_	_	_	linguistic	_	ContainsVariation=No	_	_	_	_	_	_
135-3	TO999	135	3	era	era	_	_	_	_	_	linguistic	_	ContainsVariation=No	_	_	_	_	_	_
135-4	TO999	135	4	la	la	_	_	_	_	_	linguistic	_	ContainsVariation=No	_	_	_	_	_	_
135-5	TO999	135	5	tua	tua	_	_	_	_	_	linguistic	_	ContainsVariation=No	_	_	_	_	_	_
135-6	TO999	135	6	stanza	stanza	_	_	_	_	_	linguistic	_	ContainsVariation=No	_	_	_	_	_	_
135-7	TO999	135	7	preferita?	preferita	_	_	_	_	_	linguistic	_	ContainsVariation=No	Intonation=Rising	End=339.566	_	_	_	_
136-0	TO042	136	0	e::h	eh	_	_	_	_	_	linguistic	_	ContainsVariation=No	_	Begin=340.438	0x2	_	_	_
136-1	TO042	136	1	la	la	_	_	_	_	_	linguistic	_	ContainsVariation=No	_	_	_	_	_	_
136-2	TO042	136	2	mia	mia	_	_	_	_	_	linguistic	_	ContainsVariation=No	_	_	_	_	_	_
136-3	TO042	136	3	sicuramente.	sicuramente	_	_	_	_	_	linguistic	_	ContainsVariation=No	Intonation=Falling	End=342.131	_	_	_	_
137-0	TO999	137	0	la	la	_	_	_	_	_	linguistic	_	ContainsVariation=No	_	Begin=342.43	_	_	_	_
137-1	TO999	137	1	tua.	tua	_	_	_	_	_	linguistic	_	ContainsVariation=No	Intonation=Falling	End=342.978	_	_	_	_
138-0	TO999	138	0	com'	com'	_	_	_	_	_	linguistic	_	ContainsVariation=No	SpaceAfter=No	Begin=343.236	_	_	_	_
138-1	TO999	138	1	era	era	_	_	_	_	_	linguistic	_	ContainsVariation=No	_	_	_	_	_	_
138-2	TO999	138	2	fatta	fatta	_	_	_	_	_	linguistic	_	ContainsVariation=No	_	_	_	_	_	_
138-3	TO999	138	3	camera	camera	_	_	_	_	_	linguistic	_	ContainsVariation=No	_	_	_	_	_	_
138-4	TO999	138	4	tua?	tua	_	_	_	_	_	linguistic	_	ContainsVariation=No	Intonation=Rising	_	_	_	_	_
138-5	TO999	138	5	x	x	_	_	_	_	_	unknown	_	ContainsVariation=No	Syllables=1	_	_	_	_	_
138-6	TO999	138	6	o	o	_	_	_	_	_	linguistic	_	ContainsVariation=No	_	_	_	_	_	_
138-7	TO999	138	7	come	come	_	_	_	_	_	linguistic	_	ContainsVariation=No	_	_	_	_	_	_
138-8	TO999	138	8	è	è	_	_	_	_	_	linguistic	_	ContainsVariation=No	_	_	_	_	_	_
138-9	TO999	138	9	fatta	fatta	_	_	_	_	_	linguistic	_	ContainsVariation=No	_	_	_	_	_	_
138-10	TO999	138	10	[xx]	xx	_	_	_	_	_	unknown	_	ContainsVariation=No	Syllables=2	_	_	_	_	0-2(1)
138-11	TO999	138	11	c'	c'	_	_	_	_	_	linguistic	_	ContainsVariation=No	SpaceAfter=No	_	_	_	_	_
138-12	TO999	138	12	è	è	_	_	_	_	_	linguistic	_	ContainsVariation=No	_	_	_	_	_	_
138-13	TO999	138	13	ancora	ancora	_	_	_	_	_	linguistic	_	ContainsVariation=No	_	_	_	_	_	_
138-14	TO999	138	14	quella	quella	_	_	_	_	_	linguistic	_	ContainsVariation=No	_	_	_	_	_	_
138-15	TO999	138	15	casa.	casa	_	_	_	_	_	linguistic	_	ContainsVariation=No	Intonation=Falling	End=347.198	_	_	_	_
139-0	TO042	139	0	[sì].	sì	_	_	_	_	_	linguistic	_	ContainsVariation=No	Intonation=Falling	Begin=345.538|End=345.808	_	_	_	0-2(1)
140-0	TO042	140	0	sì	sì	_	_	_	_	_	linguistic	_	ContainsVariation=No	_	Begin=347.411	_	_	_	_
140-1	TO042	140	1	sì	sì	_	_	_	_	_	linguistic	_	ContainsVariation=No	_	_	_	_	_	_
140-2	TO042	140	2	sì.	sì	_	_	_	_	_	linguistic	_	ContainsVariation=No	Intonation=Falling	End=347.998	_	_	_	_
141-0	TO042	141	0	ha::	ha	_	_	_	_	_	linguistic	_	ContainsVariation=No	_	Begin=348.452	1x2	_	_	_
141-1	TO042	141	1	una:::	una	_	_	_	_	_	linguistic	_	ContainsVariation=No	ProsodicLink=Yes	_	2x3	_	_	_
141-2	TO042	141	2	m:::h,	mh	_	_	_	_	_	linguistic	_	ContainsVariation=No	Intonation=WeaklyRising	End=351.021	0x3	_	_	_
142-0	TO042	142	0	ha	ha	_	_	_	_	_	linguistic	_	ContainsVariation=No	_	Begin=351.888	_	_	_	_
142-1	TO042	142	1	u::n	un	_	_	_	_	_	linguistic	_	ContainsVariation=No	_	_	0x2	_	_	_
142-2	TO042	142	2	le:tto::	letto	_	_	_	_	_	linguistic	_	ContainsVariation=No	_	_	1x1,4x2	_	_	_
142-3	TO042	142	3	una	una	_	_	_	_	_	linguistic	_	ContainsVariation=No	_	_	_	_	_	_
142-4	TO042	142	4	libreria	libreria	_	_	_	_	_	linguistic	_	ContainsVariation=No	_	_	_	_	_	_
142-5	TO042	142	5	abbastanza	abbastanza	_	_	_	_	_	linguistic	_	ContainsVariation=No	_	_	_	_	_	_
142-6	TO042	142	6	grande,	grande	_	_	_	_	_	linguistic	_	ContainsVariation=No	Intonation=WeaklyRising	End=356.421	_	_	_	_
143-0	TO042	143	0	e:::h,	eh	_	_	_	_	_	linguistic	_	ContainsVariation=No	Intonation=WeaklyRising	Begin=356.895|End=358.156	0x3	_	_	_
144-0	TO042	144	0	una	una	_	_	_	_	_	linguistic	_	ContainsVariation=No	_	Begin=358.368	_	_	_	_
144-1	TO042	144	1	<scrivania>	scrivania	_	_	_	_	_	linguistic	_	ContainsVariation=No	_	_	_	Slow=0-9(0)	_	_
144-2	TO042	144	2	u:::na::	una	_	_	_	_	_	linguistic	_	ContainsVariation=No	_	_	0x3,2x2	_	_	_
144-3	TO042	144	3	mh	mh	_	_	_	_	_	linguistic	_	ContainsVariation=No	_	_	_	_	_	_
144-4	TO042	144	4	televisione,	televisione	_	_	_	_	_	linguistic	_	ContainsVariation=No	Intonation=WeaklyRising	End=363.1	_	_	_	_
145-0	TO042	145	0	un	un	_	_	_	_	_	linguistic	_	ContainsVariation=No	_	Begin=363.568	_	_	_	_
145-1	TO042	145	1	armadio	armadio	_	_	_	_	_	linguistic	_	ContainsVariation=No	_	_	_	_	_	_
145-2	TO042	145	2	molto	molto	_	_	_	_	_	linguistic	_	ContainsVariation=No	_	_	_	_	_	_
145-3	TO042	145	3	grande,	grande	_	_	_	_	_	linguistic	_	ContainsVariation=No	Intonation=WeaklyRising	End=365.02	_	_	_	_
146-0	TO042	146	0	e	e	_	_	_	_	_	linguistic	_	ContainsVariation=No	_	Begin=365.4	_	_	_	_
146-1	TO042	146	1	c'	c'	_	_	_	_	_	linguistic	_	ContainsVariation=No	SpaceAfter=No	_	_	_	_	_
146-2	TO042	146	2	era	era	_	_	_	_	_	linguistic	_	ContainsVariation=No	_	_	_	_	_	_
146-3	TO042	146	3	u:::n	un	_	_	_	_	_	linguistic	_	ContainsVariation=No	_	_	0x3	_	_	_
146-4	TO042	146	4	pianoforte	pianoforte	_	_	_	_	_	linguistic	_	ContainsVariation=No	_	_	_	_	_	_
146-5	TO042	146	5	digitale	digitale	_	_	_	_	_	linguistic	_	ContainsVariation=No	_	_	_	_	_	_
146-6	TO042	146	6	in	in	_	_	_	_	_	linguistic	_	ContainsVariation=No	_	_	_	_	_	_
146-7	TO042	146	7	mezzo	mezzo	_	_	_	_	_	linguistic	_	ContainsVariation=No	_	_	_	_	_	_
146-8	TO042	146	8	che	che	_	_	_	_	_	linguistic	_	ContainsVariation=No	_	_	_	_	_	_
146-9	TO042	146	9	però	però	_	_	_	_	_	linguistic	_	ContainsVariation=No	_	_	_	_	_	_
146-10	TO042	146	10	poi	poi	_	_	_	_	_	linguistic	_	ContainsVariation=No	_	_	_	_	_	_
146-11	TO042	146	11	è	è	_	_	_	_	_	linguistic	_	ContainsVariation=No	_	_	_	_	_	_
146-12	TO042	146	12	stato:	stato	_	_	_	_	_	linguistic	_	ContainsVariation=No	_	_	4x1	_	_	_
146-13	TO042	146	13	è	è	_	_	_	_	_	linguistic	_	ContainsVariation=No	_	_	_	_	_	_
146-14	TO042	146	14	stato	stato	_	_	_	_	_	linguistic	_	ContainsVariation=No	_	_	_	_	_	_
146-15	TO042	146	15	tolto	tolto	_	_	_	_	_	linguistic	_	ContainsVariation=No	_	_	_	_	_	_
146-16	TO042	146	16	(per)	per	_	_	_	_	_	linguistic	_	ContainsVariation=No	_	End=370.311	_	_	0-3(0)	_
147-0	TO042	147	0	essere	essere	_	_	_	_	_	linguistic	_	ContainsVariation=No	_	Begin=370.983	_	_	_	_
147-1	TO042	147	1	portato:	portato	_	_	_	_	_	linguistic	_	ContainsVariation=No	_	_	6x1	_	_	_
147-2	TO042	147	2	qui	qui	_	_	_	_	_	linguistic	_	ContainsVariation=No	_	_	_	_	_	_
147-3	TO042	147	3	a:	a	_	_	_	_	_	linguistic	_	ContainsVariation=No	_	_	0x1	_	_	_
147-4	TO042	147	4	torino.	torino	_	_	_	_	_	linguistic	_	ContainsVariation=No	Intonation=Falling	End=373.323	_	_	_	_
148-0	TO999	148	0	okay.	okay	_	_	_	_	_	linguistic	_	ContainsVariation=No	Intonation=Falling	Begin=373.323|End=373.783	_	_	_	_
149-0	TO042	149	0	[e::],	e	_	_	_	_	_	linguistic	_	ContainsVariation=No	Intonation=WeaklyRising	Begin=373.901|End=374.458	0x2	_	_	0-1(3)
150-0	TO999	150	0	[quindi	quindi	_	_	_	_	_	linguistic	_	ContainsVariation=No	_	Begin=373.963	_	_	_	0-6(3)
150-1	TO999	150	1	suo]ni	suoni	_	_	_	_	_	linguistic	_	ContainsVariation=No	_	_	_	_	_	0-3(3)
150-2	TO999	150	2	tu?	tu	_	_	_	_	_	linguistic	_	ContainsVariation=No	Intonation=Rising	End=374.801	_	_	_	_
151-0	TO042	151	0	sì.	sì	_	_	_	_	_	linguistic	_	ContainsVariation=No	Intonation=Falling	Begin=375.033|End=375.375	_	_	_	_
152-0	TO999	152	0	ah.	ah	_	_	_	_	_	linguistic	_	ContainsVariation=No	Intonation=Falling	Begin=375.625|End=376.023	_	_	_	_
153-0	TO999	153	0	non	non	_	_	_	_	_	linguistic	_	ContainsVariation=No	_	Begin=376.163	_	_	_	_
153-1	TO999	153	1	lo	lo	_	_	_	_	_	linguistic	_	ContainsVariation=No	_	_	_	_	_	_
153-2	TO999	153	2	sapevo.	sapevo	_	_	_	_	_	linguistic	_	ContainsVariation=No	Intonation=Falling	End=376.781	_	_	_	_
154-0	TO042	154	0	sì	sì	_	_	_	_	_	linguistic	_	ContainsVariation=No	_	Begin=376.801	_	_	_	_
154-1	TO042	154	1	sì	sì	_	_	_	_	_	linguistic	_	ContainsVariation=No	_	_	_	_	_	_
154-2	TO042	154	2	((ride))	((ride))	_	_	_	_	_	nonverbalbehavior	_	ContainsVariation=No	_	End=377.636	_	_	_	_
155-0	TO042	155	0	e:::h	eh	_	_	_	_	_	linguistic	_	ContainsVariation=No	_	Begin=377.878	0x3	_	_	_
155-1	TO042	155	1	boh	boh	_	_	_	_	_	linguistic	_	ContainsVariation=No	_	_	_	_	_	_
155-2	TO042	155	2	poi	poi	_	_	_	_	_	linguistic	_	ContainsVariation=No	_	_	_	_	_	_
155-3	TO042	155	3	ha::,	ha	_	_	_	_	_	linguistic	_	ContainsVariation=No	Intonation=WeaklyRising	End=379.981	1x2	_	_	_
156-0	TO042	156	0	°insomma	insomma	_	_	_	_	_	linguistic	_	ContainsVariation=No	Volume=low	Begin=380.378	_	_	_	_
156-1	TO042	156	1	m:h°	mh	_	_	_	_	_	linguistic	_	ContainsVariation=No	ProsodicLink=Yes|Volume=low	_	0x1	_	_	_
156-2	TO042	156	2	muri	muri	_	_	_	_	_	linguistic	_	ContainsVariation=No	_	_	_	_	_	_
156-3	TO042	156	3	bianchi	bianchi	_	_	_	_	_	linguistic	_	ContainsVariation=No	_	_	_	_	_	_
156-4	TO042	156	4	e:	e	_	_	_	_	_	linguistic	_	ContainsVariation=No	_	_	0x1	_	_	_
156-5	TO042	156	5	e	e	_	_	_	_	_	linguistic	_	ContainsVariation=No	_	_	_	_	_	_
156-6	TO042	156	6	delle	delle	_	_	_	_	_	linguistic	_	ContainsVariation=No	_	_	_	_	_	_
156-7	TO042	156	7	piastrelle	piastrelle	_	_	_	_	_	linguistic	_	ContainsVariation=No	_	_	_	_	_	_
156-8	TO042	156	8	un	un	_	_	_	_	_	linguistic	_	ContainsVariation=No	_	_	_	_	_	_
156-9	TO042	156	9	po'	po'	_	_	_	_	_	linguistic	_	ContainsVariation=No	_	_	_	_	_	_
156-10	TO042	156	10	strane.	strane	_	_	_	_	_	linguistic	_	ContainsVariation=No	Intonation=Falling	End=384.301	_	_	_	_
157-0	TO999	157	0	mhmh.	mhmh	_	_	_	_	_	linguistic	_	ContainsVariation=No	Intonation=Falling	Begin=384.301|End=384.771	_	_	_	_
158-0	TO999	158	0	cosa	cosa	_	_	_	_	_	linguistic	_	ContainsVariation=No	_	Begin=384.965	_	_	_	_
158-1	TO999	158	1	suoni	suoni	_	_	_	_	_	linguistic	_	ContainsVariation=No	_	_	_	_	_	_
158-2	TO999	158	2	per	per	_	_	_	_	_	linguistic	_	ContainsVariation=No	_	_	_	_	_	_
158-3	TO999	158	3	curios~	curios~	_	_	_	_	_	linguistic	_	ContainsVariation=No	Interrupted=Yes	_	_	_	_	_
158-4	TO999	158	4	cioè	cioè	_	_	_	_	_	linguistic	_	ContainsVariation=No	_	_	_	_	_	_
158-5	TO999	158	5	che	che	_	_	_	_	_	linguistic	_	ContainsVariation=No	_	_	_	_	_	_
158-6	TO999	158	6	genere?	genere	_	_	_	_	_	linguistic	_	ContainsVariation=No	Intonation=Rising	End=387.146	_	_	_	_
159-0	TO042	159	0	e::h	eh	_	_	_	_	_	linguistic	_	ContainsVariation=No	ProsodicLink=Yes	Begin=387.145	0x2	_	_	_
159-1	TO042	159	1	ma	ma	_	_	_	_	_	linguistic	_	ContainsVariation=No	_	_	_	_	_	_
159-2	TO042	159	2	io	io	_	_	_	_	_	linguistic	_	ContainsVariation=No	_	_	_	_	_	_
159-3	TO042	159	3	ho	ho	_	_	_	_	_	linguistic	_	ContainsVariation=No	_	_	_	_	_	_
159-4	TO042	159	4	s[tudiato:],	studiato	_	_	_	_	_	linguistic	_	ContainsVariation=No	Intonation=WeaklyRising	End=389.605	7x1	_	_	1-8(4)
160-0	TO999	160	0	[questo	questo	_	_	_	_	_	linguistic	_	ContainsVariation=No	_	Begin=388.641	_	_	_	0-6(4)
160-1	TO999	160	1	non	non	_	_	_	_	_	linguistic	_	ContainsVariation=No	_	_	_	_	_	0-3(4)
160-2	TO999	160	2	c'	c'	_	_	_	_	_	linguistic	_	ContainsVariation=No	SpaceAfter=No	_	_	_	_	0-2(4)
160-3	TO999	160	3	entra]	entra	_	_	_	_	_	linguistic	_	ContainsVariation=No	_	_	_	_	_	0-5(4)
160-4	TO999	160	4	c[on	con	_	_	_	_	_	linguistic	_	ContainsVariation=No	_	_	_	_	_	0-3(6)
160-5	TO999	160	5	l'	l'	_	_	_	_	_	linguistic	_	ContainsVariation=No	SpaceAfter=No	_	_	_	_	0-2(6)
160-6	TO999	160	6	intervista	intervista	_	_	_	_	_	linguistic	_	ContainsVariation=No	_	_	_	_	_	0-10(6)
160-7	TO999	160	7	eh	eh	_	_	_	_	_	linguistic	_	ContainsVariation=No	_	_	_	_	_	0-2(6)
160-8	TO999	160	8	però].	però	_	_	_	_	_	linguistic	_	ContainsVariation=No	Intonation=Falling	End=390.951	_	_	_	0-3(6)
161-0	TO042	161	0	[sì	sì	_	_	_	_	_	linguistic	_	ContainsVariation=No	_	Begin=389.695	_	_	_	0-2(6)
161-1	TO042	161	1	sì	sì	_	_	_	_	_	linguistic	_	ContainsVariation=No	_	_	_	_	_	0-2(6)
161-2	TO042	161	2	sì]	sì	_	_	_	_	_	linguistic	_	ContainsVariation=No	_	_	_	_	_	0-2(6)
161-3	TO042	161	3	((ride))	((ride))	_	_	_	_	_	nonverbalbehavior	_	ContainsVariation=No	_	_	_	_	_	_
161-4	TO042	161	4	io	io	_	_	_	_	_	linguistic	_	ContainsVariation=No	_	_	_	_	_	_
161-5	TO042	161	5	ho	ho	_	_	_	_	_	linguistic	_	ContainsVariation=No	_	_	_	_	_	_
161-6	TO042	161	6	studiato	studiato	_	_	_	_	_	linguistic	_	ContainsVariation=No	_	_	_	_	_	_
161-7	TO042	161	7	pianoforte	pianoforte	_	_	_	_	_	linguistic	_	ContainsVariation=No	_	_	_	_	_	_
161-8	TO042	161	8	quindi	quindi	_	_	_	_	_	linguistic	_	ContainsVariation=No	_	_	_	_	_	_
161-9	TO042	161	9	bo[h	boh	_	_	_	_	_	linguistic	_	ContainsVariation=No	_	_	_	_	_	2-3(7)
161-10	TO042	161	10	mh]	mh	_	_	_	_	_	linguistic	_	ContainsVariation=No	_	_	_	_	_	0-2(7)
161-11	TO042	161	11	cose	cose	_	_	_	_	_	linguistic	_	ContainsVariation=No	_	_	_	_	_	_
161-12	TO042	161	12	un	un	_	_	_	_	_	linguistic	_	ContainsVariation=No	_	_	_	_	_	_
161-13	TO042	161	13	po'	po'	_	_	_	_	_	linguistic	_	ContainsVariation=No	_	_	_	_	_	_
161-14	TO042	161	14	a	a	_	_	_	_	_	linguistic	_	ContainsVariation=No	_	_	_	_	_	_
161-15	TO042	161	15	caso	caso	_	_	_	_	_	linguistic	_	ContainsVariation=No	_	_	_	_	_	_
161-16	TO042	161	16	in	in	_	_	_	_	_	linguistic	_	ContainsVariation=No	_	_	_	_	_	_
161-17	TO042	161	17	realtà	realtà	_	_	_	_	_	linguistic	_	ContainsVariation=No	_	_	_	_	_	_
161-18	TO042	161	18	poi	poi	_	_	_	_	_	linguistic	_	ContainsVariation=No	_	_	_	_	_	_
161-19	TO042	161	19	ho	ho	_	_	_	_	_	linguistic	_	ContainsVariation=No	_	_	_	_	_	_
161-20	TO042	161	20	smesso	smesso	_	_	_	_	_	linguistic	_	ContainsVariation=No	_	_	_	_	_	_
161-21	TO042	161	21	e:,	e	_	_	_	_	_	linguistic	_	ContainsVariation=No	Intonation=WeaklyRising	End=395.88	0x1	_	_	_
162-0	TO999	162	0	[mhmh],	mhmh	_	_	_	_	_	linguistic	_	ContainsVariation=No	Intonation=WeaklyRising	Begin=393.253|End=393.688	_	_	_	0-4(7)
163-0	TO999	163	0	il	il	_	_	_	_	_	linguistic	_	ContainsVariation=No	_	Begin=395.905	_	_	_	_
163-1	TO999	163	1	repertorio	repertorio	_	_	_	_	_	linguistic	_	ContainsVariation=No	_	_	_	_	_	_
163-2	TO999	163	2	classico?	classico	_	_	_	_	_	linguistic	_	ContainsVariation=No	Intonation=Rising	End=397.206	_	_	_	_
164-0	TO042	164	0	sì	sì	_	_	_	_	_	linguistic	_	ContainsVariation=No	_	Begin=397.27	_	_	_	_
164-1	TO042	164	1	essenzialmente	essenzialmente	_	_	_	_	_	linguistic	_	ContainsVariation=No	_	_	_	_	_	_
164-2	TO042	164	2	sì.	sì	_	_	_	_	_	linguistic	_	ContainsVariation=No	Intonation=Falling	_	_	_	_	_
164-3	TO042	164	3	poi	poi	_	_	_	_	_	linguistic	_	ContainsVariation=No	_	_	_	_	_	_
164-4	TO042	164	4	ho	ho	_	_	_	_	_	linguistic	_	ContainsVariation=No	_	_	_	_	_	_
164-5	TO042	164	5	anche	anche	_	_	_	_	_	linguistic	_	ContainsVariation=No	_	_	_	_	_	_
164-6	TO042	164	6	studiato	studiato	_	_	_	_	_	linguistic	_	ContainsVariation=No	_	_	_	_	_	_
164-7	TO042	164	7	flauto,	flauto	_	_	_	_	_	linguistic	_	ContainsVariation=No	Intonation=WeaklyRising	End=400.271	_	_	_	_
165-0	TO042	165	0	ultimamente	ultimamente	_	_	_	_	_	linguistic	_	ContainsVariation=No	_	Begin=400.611	_	_	_	_
165-1	TO042	165	1	mi	mi	_	_	_	_	_	linguistic	_	ContainsVariation=No	_	_	_	_	_	_
165-2	TO042	165	2	sono::	sono	_	_	_	_	_	linguistic	_	ContainsVariation=No	_	_	3x2	_	_	_
165-3	TO042	165	3	appassionato	appassionato	_	_	_	_	_	linguistic	_	ContainsVariation=No	_	_	_	_	_	_
165-4	TO042	165	4	di	di	_	_	_	_	_	linguistic	_	ContainsVariation=No	_	_	_	_	_	_
165-5	TO042	165	5	flauti::	flauti	_	_	_	_	_	linguistic	_	ContainsVariation=No	_	_	5x2	_	_	_
165-6	TO042	165	6	barocchi	barocchi	_	_	_	_	_	linguistic	_	ContainsVariation=No	_	_	_	_	_	_
165-7	TO042	165	7	quindi	quindi	_	_	_	_	_	linguistic	_	ContainsVariation=No	_	_	_	_	_	_
165-8	TO042	165	8	mi	mi	_	_	_	_	_	linguistic	_	ContainsVariation=No	_	_	_	_	_	_
165-9	TO042	165	9	son[o	sono	_	_	_	_	_	linguistic	_	ContainsVariation=No	_	_	_	_	_	3-4(9)
165-10	TO042	165	10	compra]to	comprato	_	_	_	_	_	linguistic	_	ContainsVariation=No	_	_	_	_	_	0-6(9)
165-11	TO042	165	11	tipo	tipo	_	_	_	_	_	linguistic	_	ContainsVariation=No	_	_	_	_	_	_
165-12	TO042	165	12	delle	delle	_	_	_	_	_	linguistic	_	ContainsVariation=No	_	_	_	_	_	_
165-13	TO042	165	13	<riproduzione:>	riproduzione	_	_	_	_	_	linguistic	_	ContainsVariation=No	_	_	11x1	Slow=0-12(0)	_	_
165-14	TO042	165	14	insomma	insomma	_	_	_	_	_	linguistic	_	ContainsVariation=No	_	_	_	_	_	_
165-15	TO042	165	15	cose	cose	_	_	_	_	_	linguistic	_	ContainsVariation=No	_	_	_	_	_	_
165-16	TO042	165	16	un	un	_	_	_	_	_	linguistic	_	ContainsVariation=No	_	_	_	_	_	_
165-17	TO042	165	17	po'	po'	_	_	_	_	_	linguistic	_	ContainsVariation=No	_	_	_	_	_	_
165-18	TO042	165	18	così	così	_	_	_	_	_	linguistic	_	ContainsVariation=No	_	_	_	_	_	_
165-19	TO042	165	19	°xxx.°	xxx	_	_	_	_	_	linguistic	_	ContainsVariation=No	Intonation=Falling|Volume=low	End=408.55	_	_	_	_
166-0	TO999	166	0	[mhmh],	mhmh	_	_	_	_	_	linguistic	_	ContainsVariation=No	Intonation=WeaklyRising	Begin=404.736|End=405.1	_	_	_	0-4(9)
167-0	TO999	167	0	quindi	quindi	_	_	_	_	_	linguistic	_	ContainsVariation=No	_	Begin=408.55	_	_	_	_
167-1	TO999	167	1	quello	quello	_	_	_	_	_	linguistic	_	ContainsVariation=No	_	_	_	_	_	_
167-2	TO999	167	2	tipo	tipo	_	_	_	_	_	linguistic	_	ContainsVariation=No	_	_	_	_	_	_
167-3	TO999	167	3	il	il	_	_	_	_	_	linguistic	_	ContainsVariation=No	_	_	_	_	_	_
167-4	TO999	167	4	flauto	flauto	_	_	_	_	_	linguistic	_	ContainsVariation=No	_	_	_	_	_	_
167-5	TO999	167	5	delle	delle	_	_	_	_	_	linguistic	_	ContainsVariation=No	_	_	_	_	_	_
167-6	TO999	167	6	medie	medie	_	_	_	_	_	linguistic	_	ContainsVariation=No	_	_	_	_	_	_
167-7	TO999	167	7	però	però	_	_	_	_	_	linguistic	_	ContainsVariation=No	_	_	_	_	_	_
167-8	TO999	167	8	enorme?	enorme	_	_	_	_	_	linguistic	_	ContainsVariation=No	Intonation=Rising	End=410.99	_	_	_	_
168-0	TO042	168	0	no	no	_	_	_	_	_	linguistic	_	ContainsVariation=No	_	Begin=410.99	_	_	_	_
168-1	TO042	168	1	no	no	_	_	_	_	_	linguistic	_	ContainsVariation=No	_	_	_	_	_	_
168-2	TO042	168	2	traverso	traverso	_	_	_	_	_	linguistic	_	ContainsVariation=No	_	_	_	_	_	_
168-3	TO042	168	3	t[raverso	traverso	_	_	_	_	_	linguistic	_	ContainsVariation=No	_	_	_	_	_	1-8(11)
168-4	TO042	168	4	sì	sì	_	_	_	_	_	linguistic	_	ContainsVariation=No	_	_	_	_	_	0-2(11)
168-5	TO042	168	5	sì]	sì	_	_	_	_	_	linguistic	_	ContainsVariation=No	_	_	_	_	_	0-2(11)
168-6	TO042	168	6	sì.	sì	_	_	_	_	_	linguistic	_	ContainsVariation=No	Intonation=Falling	End=413.89	_	_	_	_
169-0	TO999	169	0	[ah	ah	_	_	_	_	_	linguistic	_	ContainsVariation=No	_	Begin=412.99	_	_	_	0-2(11)
169-1	TO999	169	1	okay].	okay	_	_	_	_	_	linguistic	_	ContainsVariation=No	Intonation=Falling	End=413.728	_	_	_	0-4(11)
170-0	TO042	170	0	sì	sì	_	_	_	_	_	linguistic	_	ContainsVariation=No	_	Begin=414.105	_	_	_	_
170-1	TO042	170	1	sì.	sì	_	_	_	_	_	linguistic	_	ContainsVariation=No	Intonation=Falling	End=414.551	_	_	_	_
171-0	TO042	171	0	però	però	_	_	_	_	_	linguistic	_	ContainsVariation=No	_	Begin=414.995	_	_	_	_
171-1	TO042	171	1	di~	di~	_	_	_	_	_	linguistic	_	ContainsVariation=No	Interrupted=Yes	_	_	_	_	_
171-2	TO042	171	2	come	come	_	_	_	_	_	linguistic	_	ContainsVariation=No	_	_	_	_	_	_
171-3	TO042	171	3	quelli	quelli	_	_	_	_	_	linguistic	_	ContainsVariation=No	_	_	_	_	_	_
171-4	TO042	171	4	di	di	_	_	_	_	_	linguistic	_	ContainsVariation=No	_	_	_	_	_	_
171-5	TO042	171	5	oggi	oggi	_	_	_	_	_	linguistic	_	ContainsVariation=No	_	_	_	_	_	_
171-6	TO042	171	6	solo	solo	_	_	_	_	_	linguistic	_	ContainsVariation=No	_	_	_	_	_	_
171-7	TO042	171	7	senza	senza	_	_	_	_	_	linguistic	_	ContainsVariation=No	_	_	_	_	_	_
171-8	TO042	171	8	chiavi	chiavi	_	_	_	_	_	linguistic	_	ContainsVariation=No	_	_	_	_	_	_
171-9	TO042	171	9	di	di	_	_	_	_	_	linguistic	_	ContainsVariation=No	_	_	_	_	_	_
171-10	TO042	171	10	legno	legno	_	_	_	_	_	linguistic	_	ContainsVariation=No	_	_	_	_	_	_
171-11	TO042	171	11	son	son	_	_	_	_	_	linguistic	_	ContainsVariation=No	_	_	_	_	_	_
171-12	TO042	171	12	molto	molto	_	_	_	_	_	linguistic	_	ContainsVariation=No	_	_	_	_	_	_
171-13	TO042	171	13	belli.	belli	_	_	_	_	_	linguistic	_	ContainsVariation=No	Intonation=Falling	End=418.526	_	_	_	_
172-0	TO042	172	0	°cioè,°	cioè	_	_	_	_	_	linguistic	_	ContainsVariation=No	Intonation=WeaklyRising|Volume=low	Begin=418.935|End=419.248	_	_	_	_
173-0	TO999	173	0	°mhmh,°	mhmh	_	_	_	_	_	linguistic	_	ContainsVariation=No	Intonation=WeaklyRising|Volume=low	Begin=420.118|End=420.416	_	_	_	_
174-0	TO042	174	0	mh	mh	_	_	_	_	_	linguistic	_	ContainsVariation=No	_	Begin=420.496	_	_	_	_
174-1	TO042	174	1	(ne)	ne	_	_	_	_	_	linguistic	_	ContainsVariation=No	_	_	_	_	0-2(0)	_
174-2	TO042	174	2	ho	ho	_	_	_	_	_	linguistic	_	ContainsVariation=No	_	_	_	_	_	_
174-3	TO042	174	3	comprato	comprato	_	_	_	_	_	linguistic	_	ContainsVariation=No	_	_	_	_	_	_
174-4	TO042	174	4	le	le	_	_	_	_	_	linguistic	_	ContainsVariation=No	_	_	_	_	_	_
174-5	TO042	174	5	riproduzioni	riproduzioni	_	_	_	_	_	linguistic	_	ContainsVariation=No	_	_	_	_	_	_
174-6	TO042	174	6	in,	in	_	_	_	_	_	linguistic	_	ContainsVariation=No	Intonation=WeaklyRising	End=422.138	_	_	_	_
175-0	TO042	175	0	in	in	_	_	_	_	_	linguistic	_	ContainsVariation=No	_	Begin=422.39	_	_	_	_
175-1	TO042	175	1	resina	resina	_	_	_	_	_	linguistic	_	ContainsVariation=No	_	_	_	_	_	_
175-2	TO042	175	2	eh	eh	_	_	_	_	_	linguistic	_	ContainsVariation=No	_	_	_	_	_	_
175-3	TO042	175	3	in	in	_	_	_	_	_	linguistic	_	ContainsVariation=No	_	_	_	_	_	_
175-4	TO042	175	4	realtà.	realtà	_	_	_	_	_	linguistic	_	ContainsVariation=No	Intonation=Falling	End=423.61	_	_	_	_
176-0	TO042	176	0	non	non	_	_	_	_	_	linguistic	_	ContainsVariation=No	_	Begin=424.111	_	_	_	_
176-1	TO042	176	1	no~	no~	_	_	_	_	_	linguistic	_	ContainsVariation=No	Interrupted=Yes	_	_	_	_	_
176-2	TO042	176	2	non	non	_	_	_	_	_	linguistic	_	ContainsVariation=No	_	_	_	_	_	_
176-3	TO042	176	3	in	in	_	_	_	_	_	linguistic	_	ContainsVariation=No	_	_	_	_	_	_
176-4	TO042	176	4	legno	legno	_	_	_	_	_	linguistic	_	ContainsVariation=No	_	_	_	_	_	_
176-5	TO042	176	5	da	da	_	_	_	_	_	linguistic	_	ContainsVariation=No	_	_	_	_	_	_
176-6	TO042	176	6	migliaia	migliaia	_	_	_	_	_	linguistic	_	ContainsVariation=No	_	_	_	_	_	_
176-7	TO042	176	7	di	di	_	_	_	_	_	linguistic	_	ContainsVariation=No	_	_	_	_	_	_
176-8	TO042	176	8	euro.	euro	_	_	_	_	_	linguistic	_	ContainsVariation=No	Intonation=Falling	End=426.723	_	_	_	_
177-0	TO999	177	0	eh	eh	_	_	_	_	_	linguistic	_	ContainsVariation=No	_	Begin=426.856	_	_	_	_
177-1	TO999	177	1	infatti	infatti	_	_	_	_	_	linguistic	_	ContainsVariation=No	_	_	_	_	_	_
177-2	TO999	177	2	immagino.	immagino	_	_	_	_	_	linguistic	_	ContainsVariation=No	Intonation=Falling	End=428.117	_	_	_	_
178-0	TO042	178	0	sì	sì	_	_	_	_	_	linguistic	_	ContainsVariation=No	_	Begin=428.117	_	_	_	_
178-1	TO042	178	1	sì	sì	_	_	_	_	_	linguistic	_	ContainsVariation=No	_	_	_	_	_	_
178-2	TO042	178	2	sì.	sì	_	_	_	_	_	linguistic	_	ContainsVariation=No	Intonation=Falling	End=428.898	_	_	_	_
179-0	TO999	179	0	e	e	_	_	_	_	_	linguistic	_	ContainsVariation=No	_	Begin=428.898	_	_	_	_
179-1	TO999	179	1	comunque	comunque	_	_	_	_	_	linguistic	_	ContainsVariation=No	_	_	_	_	_	_
179-2	TO999	179	2	aspetta	aspetta	_	_	_	_	_	linguistic	_	ContainsVariation=No	_	_	_	_	_	_
179-3	TO999	179	3	perché	perché	_	_	_	_	_	linguistic	_	ContainsVariation=No	_	_	_	_	_	_
179-4	TO999	179	4	stavamo	stavamo	_	_	_	_	_	linguistic	_	ContainsVariation=No	_	_	_	_	_	_
179-5	TO999	179	5	parlando	parlando	_	_	_	_	_	linguistic	_	ContainsVariation=No	_	_	_	_	_	_
179-6	TO999	179	6	di	di	_	_	_	_	_	linguistic	_	ContainsVariation=No	_	_	_	_	_	_
179-7	TO999	179	7	quello	quello	_	_	_	_	_	linguistic	_	ContainsVariation=No	_	_	_	_	_	_
179-8	TO999	179	8	ah	ah	_	_	_	_	_	linguistic	_	ContainsVariation=No	_	_	_	_	_	_
179-9	TO999	179	9	sì	sì	_	_	_	_	_	linguistic	_	ContainsVariation=No	_	_	_	_	_	_
179-10	TO999	179	10	perché	perché	_	_	_	_	_	linguistic	_	ContainsVariation=No	_	_	_	_	_	_
179-11	TO999	179	11	stavamo	stavamo	_	_	_	_	_	linguistic	_	ContainsVariation=No	_	_	_	_	_	_
179-12	TO999	179	12	parlando	parlando	_	_	_	_	_	linguistic	_	ContainsVariation=No	_	_	_	_	_	_
179-13	TO999	179	13	di	di	_	_	_	_	_	linguistic	_	ContainsVariation=No	_	_	_	_	_	_
179-14	TO999	179	14	casa	casa	_	_	_	_	_	linguistic	_	ContainsVariation=No	_	_	_	_	_	_
179-15	TO999	179	15	tua::	tua	_	_	_	_	_	linguistic	_	ContainsVariation=No	_	_	2x2	_	_	_
179-16	TO999	179	16	vecchia	vecchia	_	_	_	_	_	linguistic	_	ContainsVariation=No	_	_	_	_	_	_
179-17	TO999	179	17	okay.	okay	_	_	_	_	_	linguistic	_	ContainsVariation=No	Intonation=Falling	End=434.32	_	_	_	_
180-0	TO042	180	0	ahah,	ahah	_	_	_	_	_	linguistic	_	ContainsVariation=No	Intonation=WeaklyRising	Begin=434.396|End=434.761	_	_	_	_
181-0	TO999	181	0	e::h	eh	_	_	_	_	_	linguistic	_	ContainsVariation=No	ProsodicLink=Yes	Begin=435.516	0x2	_	_	_
181-1	TO999	181	1	m::h,	mh	_	_	_	_	_	linguistic	_	ContainsVariation=No	Intonation=WeaklyRising	End=437.996	0x2	_	_	_
182-0	TO999	182	0	ecco	ecco	_	_	_	_	_	linguistic	_	ContainsVariation=No	_	Begin=438.783	_	_	_	_
182-1	TO999	182	1	volevo	volevo	_	_	_	_	_	linguistic	_	ContainsVariation=No	_	_	_	_	_	_
182-2	TO999	182	2	chiederti	chiederti	_	_	_	_	_	linguistic	_	ContainsVariation=No	_	_	_	_	_	_
182-3	TO999	182	3	se	se	_	_	_	_	_	linguistic	_	ContainsVariation=No	_	_	_	_	_	_
182-4	TO999	182	4	ti	ti	_	_	_	_	_	linguistic	_	ContainsVariation=No	_	_	_	_	_	_
182-5	TO999	182	5	ricordi	ricordi	_	_	_	_	_	linguistic	_	ContainsVariation=No	_	_	_	_	_	_
182-6	TO999	182	6	un	un	_	_	_	_	_	linguistic	_	ContainsVariation=No	_	_	_	_	_	_
182-7	TO999	182	7	episodio::	episodio	_	_	_	_	_	linguistic	_	ContainsVariation=No	_	_	7x2	_	_	_
182-8	TO999	182	8	particolarmente:	particolarmente	_	_	_	_	_	linguistic	_	ContainsVariation=No	_	_	14x1	_	_	_
182-9	TO999	182	9	buffo	buffo	_	_	_	_	_	linguistic	_	ContainsVariation=No	_	_	_	_	_	_
182-10	TO999	182	10	diverte:nte	divertente	_	_	_	_	_	linguistic	_	ContainsVariation=No	_	_	6x1	_	_	_
182-11	TO999	182	11	o	o	_	_	_	_	_	linguistic	_	ContainsVariation=No	_	_	_	_	_	_
182-12	TO999	182	12	anche	anche	_	_	_	_	_	linguistic	_	ContainsVariation=No	_	_	_	_	_	_
182-13	TO999	182	13	spiacevole	spiacevole	_	_	_	_	_	linguistic	_	ContainsVariation=No	_	_	_	_	_	_
182-14	TO999	182	14	che	che	_	_	_	_	_	linguistic	_	ContainsVariation=No	_	_	_	_	_	_
182-15	TO999	182	15	ti	ti	_	_	_	_	_	linguistic	_	ContainsVariation=No	_	_	_	_	_	_
182-16	TO999	182	16	è	è	_	_	_	_	_	linguistic	_	ContainsVariation=No	_	_	_	_	_	_
182-17	TO999	182	17	capitato	capitato	_	_	_	_	_	linguistic	_	ContainsVariation=No	_	_	_	_	_	_
182-18	TO999	182	18	da	da	_	_	_	_	_	linguistic	_	ContainsVariation=No	_	_	_	_	_	_
182-19	TO999	182	19	quando	quando	_	_	_	_	_	linguistic	_	ContainsVariation=No	_	_	_	_	_	_
182-20	TO999	182	20	vivi	vivi	_	_	_	_	_	linguistic	_	ContainsVariation=No	_	_	_	_	_	_
182-21	TO999	182	21	a	a	_	_	_	_	_	linguistic	_	ContainsVariation=No	_	_	_	_	_	_
182-22	TO999	182	22	torino	torino	_	_	_	_	_	linguistic	_	ContainsVariation=No	_	_	_	_	_	_
182-23	TO999	182	23	insomma	insomma	_	_	_	_	_	linguistic	_	ContainsVariation=No	_	_	_	_	_	_
182-24	TO999	182	24	un	un	_	_	_	_	_	linguistic	_	ContainsVariation=No	_	_	_	_	_	_
182-25	TO999	182	25	qualcosa	qualcosa	_	_	_	_	_	linguistic	_	ContainsVariation=No	_	_	_	_	_	_
182-26	TO999	182	26	che	che	_	_	_	_	_	linguistic	_	ContainsVariation=No	_	_	_	_	_	_
182-27	TO999	182	27	ti	ti	_	_	_	_	_	linguistic	_	ContainsVariation=No	_	_	_	_	_	_
182-28	TO999	182	28	è	è	_	_	_	_	_	linguistic	_	ContainsVariation=No	_	_	_	_	_	_
182-29	TO999	182	29	rimasto	rimasto	_	_	_	_	_	linguistic	_	ContainsVariation=No	_	_	_	_	_	_
182-30	TO999	182	30	impresso.	impresso	_	_	_	_	_	linguistic	_	ContainsVariation=No	Intonation=Falling	End=451.066	_	_	_	_
183-0	TO042	183	0	da	da	_	_	_	_	_	linguistic	_	ContainsVariation=No	_	Begin=453.446	_	_	_	_
183-1	TO042	183	1	quando	quando	_	_	_	_	_	linguistic	_	ContainsVariation=No	_	_	_	_	_	_
183-2	TO042	183	2	vivo	vivo	_	_	_	_	_	linguistic	_	ContainsVariation=No	_	_	_	_	_	_
183-3	TO042	183	3	a	a	_	_	_	_	_	linguistic	_	ContainsVariation=No	_	_	_	_	_	_
183-4	TO042	183	4	torino.	torino	_	_	_	_	_	linguistic	_	ContainsVariation=No	Intonation=Falling	End=454.643	_	_	_	_
184-0	TO042	184	0	e::h,	eh	_	_	_	_	_	linguistic	_	ContainsVariation=No	Intonation=WeaklyRising	Begin=457.481|End=458.47	0x2	_	_	_
185-0	TO042	185	0	°un	un	_	_	_	_	_	linguistic	_	ContainsVariation=No	Volume=low	Begin=459.308	_	_	_	_
185-1	TO042	185	1	episodio	episodio	_	_	_	_	_	linguistic	_	ContainsVariation=No	Volume=low	_	_	_	_	_
185-2	TO042	185	2	buffffo	buffffo	_	_	_	_	_	linguistic	_	ContainsVariation=No	Volume=low	_	_	_	_	_
185-3	TO042	185	3	divertente	divertente	_	_	_	_	_	linguistic	_	ContainsVariation=No	Volume=low	_	_	_	_	_
185-4	TO042	185	4	o	o	_	_	_	_	_	linguistic	_	ContainsVariation=No	Volume=low	_	_	_	_	_
185-5	TO042	185	5	spiacevole,°	spiacevole	_	_	_	_	_	linguistic	_	ContainsVariation=No	Intonation=WeaklyRising|Volume=low	End=462.621	_	_	_	_
186-0	TO042	186	0	e:::h,	eh	_	_	_	_	_	linguistic	_	ContainsVariation=No	Intonation=WeaklyRising	Begin=465.521|End=466.543	0x3	_	_	_
187-0	TO042	187	0	ma:	ma	_	_	_	_	_	linguistic	_	ContainsVariation=No	_	Begin=469.885	1x1	_	_	_
187-1	TO042	187	1	e:h	eh	_	_	_	_	_	linguistic	_	ContainsVariation=No	_	_	0x1	_	_	_
187-2	TO042	187	2	me	me	_	_	_	_	_	linguistic	_	ContainsVariation=No	_	_	_	_	_	_
187-3	TO042	187	3	ne	ne	_	_	_	_	_	linguistic	_	ContainsVariation=No	_	_	_	_	_	_
187-4	TO042	187	4	ricordo	ricordo	_	_	_	_	_	linguistic	_	ContainsVariation=No	_	_	_	_	_	_
187-5	TO042	187	5	uno	uno	_	_	_	_	_	linguistic	_	ContainsVariation=No	_	_	_	_	_	_
187-6	TO042	187	6	che::	che	_	_	_	_	_	linguistic	_	ContainsVariation=No	_	_	2x2	_	_	_
187-7	TO042	187	7	mi	mi	_	_	_	_	_	linguistic	_	ContainsVariation=No	_	_	_	_	_	_
187-8	TO042	187	8	è	è	_	_	_	_	_	linguistic	_	ContainsVariation=No	_	_	_	_	_	_
187-9	TO042	187	9	capitato:::	capitato	_	_	_	_	_	linguistic	_	ContainsVariation=No	_	_	7x3	_	_	_
187-10	TO042	187	10	<qualche	qualche	_	_	_	_	_	linguistic	_	ContainsVariation=No	_	_	_	Slow=0-7(0)	_	_
187-11	TO042	187	11	mese	mese	_	_	_	_	_	linguistic	_	ContainsVariation=No	_	_	_	Slow=0-4(0)	_	_
187-12	TO042	187	12	fa>.	fa	_	_	_	_	_	linguistic	_	ContainsVariation=No	Intonation=Falling	End=475.778	_	Slow=0-2(0)	_	_
188-0	TO042	188	0	e:::h,	eh	_	_	_	_	_	linguistic	_	ContainsVariation=No	Intonation=WeaklyRising	Begin=476.585|End=477.783	0x3	_	_	_
189-0	TO042	189	0	e::ro	ero	_	_	_	_	_	linguistic	_	ContainsVariation=No	_	Begin=478.92	0x2	_	_	_
189-1	TO042	189	1	<per	per	_	_	_	_	_	linguistic	_	ContainsVariation=No	_	_	_	Slow=0-3(0)	_	_
189-2	TO042	189	2	strada>	strada	_	_	_	_	_	linguistic	_	ContainsVariation=No	_	_	_	Slow=0-6(0)	_	_
189-3	TO042	189	3	e:::,	e	_	_	_	_	_	linguistic	_	ContainsVariation=No	Intonation=WeaklyRising	End=482.468	0x3	_	_	_
190-0	TO042	190	0	in	in	_	_	_	_	_	linguistic	_	ContainsVariation=No	_	Begin=482.711	_	_	_	_
190-1	TO042	190	1	via	via	_	_	_	_	_	linguistic	_	ContainsVariation=No	_	_	_	_	_	_
190-2	TO042	190	2	vanchiglia,	vanchiglia	_	_	_	_	_	linguistic	_	ContainsVariation=No	Intonation=WeaklyRising	End=483.86	_	_	_	_
191-0	TO042	191	0	e	e	_	_	_	_	_	linguistic	_	ContainsVariation=No	_	Begin=484.341	_	_	_	_
191-1	TO042	191	1	c'	c'	_	_	_	_	_	linguistic	_	ContainsVariation=No	SpaceAfter=No	_	_	_	_	_
191-2	TO042	191	2	era	era	_	_	_	_	_	linguistic	_	ContainsVariation=No	_	_	_	_	_	_
191-3	TO042	191	3	una:::	una	_	_	_	_	_	linguistic	_	ContainsVariation=No	_	_	2x3	_	_	_
191-4	TO042	191	4	strana	strana	_	_	_	_	_	linguistic	_	ContainsVariation=No	_	_	_	_	_	_
191-5	TO042	191	5	famiglia	famiglia	_	_	_	_	_	linguistic	_	ContainsVariation=No	_	_	_	_	_	_
191-6	TO042	191	6	composta	composta	_	_	_	_	_	linguistic	_	ContainsVariation=No	_	_	_	_	_	_
191-7	TO042	191	7	da	da	_	_	_	_	_	linguistic	_	ContainsVariation=No	_	_	_	_	_	_
191-8	TO042	191	8	mah	mah	_	_	_	_	_	linguistic	_	ContainsVariation=No	_	_	_	_	_	_
191-9	TO042	191	9	metti	metti	_	_	_	_	_	linguistic	_	ContainsVariation=No	_	_	_	_	_	_
191-10	TO042	191	10	una	una	_	_	_	_	_	linguistic	_	ContainsVariation=No	_	_	_	_	_	_
191-11	TO042	191	11	mamma	mamma	_	_	_	_	_	linguistic	_	ContainsVariation=No	_	_	_	_	_	_
191-12	TO042	191	12	e	e	_	_	_	_	_	linguistic	_	ContainsVariation=No	_	_	_	_	_	_
191-13	TO042	191	13	due	due	_	_	_	_	_	linguistic	_	ContainsVariation=No	_	_	_	_	_	_
191-14	TO042	191	14	figlie	figlie	_	_	_	_	_	linguistic	_	ContainsVariation=No	_	_	_	_	_	_
191-15	TO042	191	15	ma,	ma	_	_	_	_	_	linguistic	_	ContainsVariation=No	Intonation=WeaklyRising	End=491.048	_	_	_	_
192-0	TO042	192	0	molto	molto	_	_	_	_	_	linguistic	_	ContainsVariation=No	_	Begin=491.866	_	_	_	_
192-1	TO042	192	1	strane.	strane	_	_	_	_	_	linguistic	_	ContainsVariation=No	Intonation=Falling	End=492.771	_	_	_	_
193-0	TO042	193	0	e	e	_	_	_	_	_	linguistic	_	ContainsVariation=No	_	Begin=493.4	_	_	_	_
193-1	TO042	193	1	c'	c'	_	_	_	_	_	linguistic	_	ContainsVariation=No	SpaceAfter=No	_	_	_	_	_
193-2	TO042	193	2	era	era	_	_	_	_	_	linguistic	_	ContainsVariation=No	_	_	_	_	_	_
193-3	TO042	193	3	una	una	_	_	_	_	_	linguistic	_	ContainsVariation=No	_	_	_	_	_	_
193-4	TO042	193	4	figlia	figlia	_	_	_	_	_	linguistic	_	ContainsVariation=No	_	_	_	_	_	_
193-5	TO042	193	5	e::h	eh	_	_	_	_	_	linguistic	_	ContainsVariation=No	_	_	0x2	_	_	_
193-6	TO042	193	6	che	che	_	_	_	_	_	linguistic	_	ContainsVariation=No	_	_	_	_	_	_
193-7	TO042	193	7	era:	era	_	_	_	_	_	linguistic	_	ContainsVariation=No	_	_	2x1	_	_	_
193-8	TO042	193	8	molto	molto	_	_	_	_	_	linguistic	_	ContainsVariation=No	_	_	_	_	_	_
193-9	TO042	193	9	magra	magra	_	_	_	_	_	linguistic	_	ContainsVariation=No	_	_	_	_	_	_
193-10	TO042	193	10	e:h	eh	_	_	_	_	_	linguistic	_	ContainsVariation=No	_	_	0x1	_	_	_
193-11	TO042	193	11	e	e	_	_	_	_	_	linguistic	_	ContainsVariation=No	_	_	_	_	_	_
193-12	TO042	193	12	con	con	_	_	_	_	_	linguistic	_	ContainsVariation=No	_	_	_	_	_	_
193-13	TO042	193	13	dei	dei	_	_	_	_	_	linguistic	_	ContainsVariation=No	_	_	_	_	_	_
193-14	TO042	193	14	tacchi,	tacchi	_	_	_	_	_	linguistic	_	ContainsVariation=No	Intonation=WeaklyRising	End=498.298	_	_	_	_
194-0	TO042	194	0	molto	molto	_	_	_	_	_	linguistic	_	ContainsVariation=No	_	Begin=498.816	_	_	_	_
194-1	TO042	194	1	alti	alti	_	_	_	_	_	linguistic	_	ContainsVariation=No	_	_	_	_	_	_
194-2	TO042	194	2	e	e	_	_	_	_	_	linguistic	_	ContainsVariation=No	_	_	_	_	_	_
194-3	TO042	194	3	m:h	mh	_	_	_	_	_	linguistic	_	ContainsVariation=No	_	_	0x1	_	_	_
194-4	TO042	194	4	e	e	_	_	_	_	_	linguistic	_	ContainsVariation=No	_	_	_	_	_	_
194-5	TO042	194	5	stavano	stavano	_	_	_	_	_	linguistic	_	ContainsVariation=No	_	_	_	_	_	_
194-6	TO042	194	6	camminando	camminando	_	_	_	_	_	linguistic	_	ContainsVariation=No	_	_	_	_	_	_
194-7	TO042	194	7	nella	nella	_	_	_	_	_	linguistic	_	ContainsVariation=No	_	_	_	_	_	_
194-8	TO042	194	8	mia	mia	_	_	_	_	_	linguistic	_	ContainsVariation=No	_	_	_	_	_	_
194-9	TO042	194	9	stessa	stessa	_	_	_	_	_	linguistic	_	ContainsVariation=No	_	_	_	_	_	_
194-10	TO042	194	10	direzione	direzione	_	_	_	_	_	linguistic	_	ContainsVariation=No	_	_	_	_	_	_
194-11	TO042	194	11	ero	ero	_	_	_	_	_	linguistic	_	ContainsVariation=No	_	_	_	_	_	_
194-12	TO042	194	12	dietro	dietro	_	_	_	_	_	linguistic	_	ContainsVariation=No	_	_	_	_	_	_
194-13	TO042	194	13	di	di	_	_	_	_	_	linguistic	_	ContainsVariation=No	_	_	_	_	_	_
194-14	TO042	194	14	loro.	loro	_	_	_	_	_	linguistic	_	ContainsVariation=No	Intonation=Falling	End=503.923	_	_	_	_
195-0	TO042	195	0	e:h	eh	_	_	_	_	_	linguistic	_	ContainsVariation=No	_	Begin=504.321	0x1	_	_	_
195-1	TO042	195	1	dall'	dall'	_	_	_	_	_	linguistic	_	ContainsVariation=No	SpaceAfter=No	_	_	_	_	_
195-2	TO042	195	2	altra	altra	_	_	_	_	_	linguistic	_	ContainsVariation=No	_	_	_	_	_	_
195-3	TO042	195	3	parte	parte	_	_	_	_	_	linguistic	_	ContainsVariation=No	_	_	_	_	_	_
195-4	TO042	195	4	e:h	eh	_	_	_	_	_	linguistic	_	ContainsVariation=No	_	_	0x1	_	_	_
195-5	TO042	195	5	veniva	veniva	_	_	_	_	_	linguistic	_	ContainsVariation=No	_	_	_	_	_	_
195-6	TO042	195	6	ci	ci	_	_	_	_	_	linguistic	_	ContainsVariation=No	_	_	_	_	_	_
195-7	TO042	195	7	veniva	veniva	_	_	_	_	_	linguistic	_	ContainsVariation=No	_	_	_	_	_	_
195-8	TO042	195	8	incontro	incontro	_	_	_	_	_	linguistic	_	ContainsVariation=No	_	_	_	_	_	_
195-9	TO042	195	9	una:,	una	_	_	_	_	_	linguistic	_	ContainsVariation=No	Intonation=WeaklyRising	End=508.94	2x1	_	_	_
196-0	TO042	196	0	una	una	_	_	_	_	_	linguistic	_	ContainsVariation=No	_	Begin=509.531	_	_	_	_
196-1	TO042	196	1	signora	signora	_	_	_	_	_	linguistic	_	ContainsVariation=No	_	_	_	_	_	_
196-2	TO042	196	2	abbastanza::	abbastanza	_	_	_	_	_	linguistic	_	ContainsVariation=No	_	_	9x2	_	_	_
196-3	TO042	196	3	vecchia	vecchia	_	_	_	_	_	linguistic	_	ContainsVariation=No	_	_	_	_	_	_
196-4	TO042	196	4	con	con	_	_	_	_	_	linguistic	_	ContainsVariation=No	_	_	_	_	_	_
196-5	TO042	196	5	l'	l'	_	_	_	_	_	linguistic	_	ContainsVariation=No	SpaceAfter=No	_	_	_	_	_
196-6	TO042	196	6	aria	aria	_	_	_	_	_	linguistic	_	ContainsVariation=No	_	_	_	_	_	_
196-7	TO042	196	7	molto,	molto	_	_	_	_	_	linguistic	_	ContainsVariation=No	Intonation=WeaklyRising	End=512.796	_	_	_	_
197-0	TO042	197	0	e:::h	eh	_	_	_	_	_	linguistic	_	ContainsVariation=No	_	Begin=513.405	0x3	_	_	_
197-1	TO042	197	1	con	con	_	_	_	_	_	linguistic	_	ContainsVariation=No	_	_	_	_	_	_
197-2	TO042	197	2	l'	l'	_	_	_	_	_	linguistic	_	ContainsVariation=No	SpaceAfter=No	_	_	_	_	_
197-3	TO042	197	3	aria	aria	_	_	_	_	_	linguistic	_	ContainsVariation=No	_	_	_	_	_	_
197-4	TO042	197	4	molto:::	molto	_	_	_	_	_	linguistic	_	ContainsVariation=No	ProsodicLink=Yes	_	4x3	_	_	_
197-5	TO042	197	5	e::h	eh	_	_	_	_	_	linguistic	_	ContainsVariation=No	_	_	0x2	_	_	_
197-6	TO042	197	6	molto::	molto	_	_	_	_	_	linguistic	_	ContainsVariation=No	_	_	4x2	_	_	_
197-7	TO042	197	7	e:h	eh	_	_	_	_	_	linguistic	_	ContainsVariation=No	_	_	0x1	_	_	_
197-8	TO042	197	8	arrabbiata	arrabbiata	_	_	_	_	_	linguistic	_	ContainsVariation=No	_	_	_	_	_	_
197-9	TO042	197	9	per	per	_	_	_	_	_	linguistic	_	ContainsVariation=No	_	_	_	_	_	_
197-10	TO042	197	10	>credo	credo	_	_	_	_	_	linguistic	_	ContainsVariation=No	_	_	_	Fast=0-5(0)	_	_
197-11	TO042	197	11	i	i	_	_	_	_	_	linguistic	_	ContainsVariation=No	_	_	_	Fast=0-1(0)	_	_
197-12	TO042	197	12	suoi	suoi	_	_	_	_	_	linguistic	_	ContainsVariation=No	_	_	_	Fast=0-4(0)	_	_
197-13	TO042	197	13	motivi<,	motivi	_	_	_	_	_	linguistic	_	ContainsVariation=No	Intonation=WeaklyRising	End=521.304	_	Fast=0-6(0)	_	_
198-0	TO042	198	0	eh	eh	_	_	_	_	_	linguistic	_	ContainsVariation=No	ProsodicLink=Yes	Begin=521.549	_	_	_	_
198-1	TO042	198	1	mh,	mh	_	_	_	_	_	linguistic	_	ContainsVariation=No	Intonation=WeaklyRising	End=522.498	_	_	_	_
199-0	TO042	199	0	>e	e	_	_	_	_	_	linguistic	_	ContainsVariation=No	_	Begin=523.056	_	Fast=0-1(0)	_	_
199-1	TO042	199	1	tipo	tipo	_	_	_	_	_	linguistic	_	ContainsVariation=No	_	_	_	Fast=0-4(0)	_	_
199-2	TO042	199	2	questa	questa	_	_	_	_	_	linguistic	_	ContainsVariation=No	_	_	_	Fast=0-6(0)	_	_
199-3	TO042	199	3	ragazza	ragazza	_	_	_	_	_	linguistic	_	ContainsVariation=No	_	_	_	Fast=0-7(0)	_	_
199-4	TO042	199	4	con	con	_	_	_	_	_	linguistic	_	ContainsVariation=No	_	_	_	Fast=0-3(0)	_	_
199-5	TO042	199	5	questi	questi	_	_	_	_	_	linguistic	_	ContainsVariation=No	_	_	_	Fast=0-6(0)	_	_
199-6	TO042	199	6	tacchi	tacchi	_	_	_	_	_	linguistic	_	ContainsVariation=No	_	_	_	Fast=0-6(0)	_	_
199-7	TO042	199	7	alti	alti	_	_	_	_	_	linguistic	_	ContainsVariation=No	_	_	_	Fast=0-4(0)	_	_
199-8	TO042	199	8	ha	ha	_	_	_	_	_	linguistic	_	ContainsVariation=No	_	_	_	Fast=0-2(0)	_	_
199-9	TO042	199	9	iniziato	iniziato	_	_	_	_	_	linguistic	_	ContainsVariation=No	_	_	_	Fast=0-8(0)	_	_
199-10	TO042	199	10	a	a	_	_	_	_	_	linguistic	_	ContainsVariation=No	_	_	_	Fast=0-1(0)	_	_
199-11	TO042	199	11	traballare<	traballare	_	_	_	_	_	linguistic	_	ContainsVariation=No	_	_	_	Fast=0-10(0)	_	_
199-12	TO042	199	12	e	e	_	_	_	_	_	linguistic	_	ContainsVariation=No	_	_	_	_	_	_
199-13	TO042	199	13	io	io	_	_	_	_	_	linguistic	_	ContainsVariation=No	_	_	_	_	_	_
199-14	TO042	199	14	la	la	_	_	_	_	_	linguistic	_	ContainsVariation=No	_	_	_	_	_	_
199-15	TO042	199	15	guardavo	guardavo	_	_	_	_	_	linguistic	_	ContainsVariation=No	_	_	_	_	_	_
199-16	TO042	199	16	come	come	_	_	_	_	_	linguistic	_	ContainsVariation=No	_	_	_	_	_	_
199-17	TO042	199	17	dire	dire	_	_	_	_	_	linguistic	_	ContainsVariation=No	PauseAfter=Yes	_	_	_	_	_
199-18	TO042	199	18	(.)	(.)	_	_	_	_	_	shortpause	_	ContainsVariation=No	_	_	_	_	_	_
199-19	TO042	199	19	e::h,	eh	_	_	_	_	_	linguistic	_	ContainsVariation=No	Intonation=WeaklyRising	End=528.304	0x2	_	_	_
200-0	TO042	200	0	oddio	oddio	_	_	_	_	_	linguistic	_	ContainsVariation=No	_	Begin=528.66	_	_	_	_
200-1	TO042	200	1	questa	questa	_	_	_	_	_	linguistic	_	ContainsVariation=No	_	_	_	_	_	_
200-2	TO042	200	2	cade.	cade	_	_	_	_	_	linguistic	_	ContainsVariation=No	Intonation=Falling	End=529.588	_	_	_	_
201-0	TO042	201	0	e::h	eh	_	_	_	_	_	linguistic	_	ContainsVariation=No	_	Begin=530.035	0x2	_	_	_
201-1	TO042	201	1	però	però	_	_	_	_	_	linguistic	_	ContainsVariation=No	_	_	_	_	_	_
201-2	TO042	201	2	in	in	_	_	_	_	_	linguistic	_	ContainsVariation=No	_	_	_	_	_	_
201-3	TO042	201	3	realtà	realtà	_	_	_	_	_	linguistic	_	ContainsVariation=No	_	_	_	_	_	_
201-4	TO042	201	4	mh,	mh	_	_	_	_	_	linguistic	_	ContainsVariation=No	Intonation=WeaklyRising	End=531.995	_	_	_	_
202-0	TO042	202	0	si	si	_	_	_	_	_	linguistic	_	ContainsVariation=No	_	Begin=532.476	_	_	_	_
202-1	TO042	202	1	è	è	_	_	_	_	_	linguistic	_	ContainsVariation=No	_	_	_	_	_	_
202-2	TO042	202	2	destreggiata	destreggiata	_	_	_	_	_	linguistic	_	ContainsVariation=No	_	_	_	_	_	_
202-3	TO042	202	3	abbastanza	abbastanza	_	_	_	_	_	linguistic	_	ContainsVariation=No	_	_	_	_	_	_
202-4	TO042	202	4	ha	ha	_	_	_	_	_	linguistic	_	ContainsVariation=No	_	_	_	_	_	_
202-5	TO042	202	5	continuato	continuato	_	_	_	_	_	linguistic	_	ContainsVariation=No	_	_	_	_	_	_
202-6	TO042	202	6	a	a	_	_	_	_	_	linguistic	_	ContainsVariation=No	_	_	_	_	_	_
202-7	TO042	202	7	camminare,	camminare	_	_	_	_	_	linguistic	_	ContainsVariation=No	Intonation=WeaklyRising	End=534.748	_	_	_	_
203-0	TO999	203	0	((ride))	((ride))	_	_	_	_	_	nonverbalbehavior	_	ContainsVariation=No	_	Begin=533.853|End=534.634	_	_	_	_
204-0	TO042	204	0	e:h	eh	_	_	_	_	_	linguistic	_	ContainsVariation=No	_	Begin=535.216	0x1	_	_	_
204-1	TO042	204	1	e	e	_	_	_	_	_	linguistic	_	ContainsVariation=No	_	_	_	_	_	_
204-2	TO042	204	2	poi	poi	_	_	_	_	_	linguistic	_	ContainsVariation=No	_	_	_	_	_	_
204-3	TO042	204	3	a	a	_	_	_	_	_	linguistic	_	ContainsVariation=No	_	_	_	_	_	_
204-4	TO042	204	4	un	un	_	_	_	_	_	linguistic	_	ContainsVariation=No	_	_	_	_	_	_
204-5	TO042	204	5	certo	certo	_	_	_	_	_	linguistic	_	ContainsVariation=No	_	_	_	_	_	_
204-6	TO042	204	6	punto	punto	_	_	_	_	_	linguistic	_	ContainsVariation=No	_	_	_	_	_	_
204-7	TO042	204	7	è	è	_	_	_	_	_	linguistic	_	ContainsVariation=No	_	_	_	_	_	_
204-8	TO042	204	8	caduta.	caduta	_	_	_	_	_	linguistic	_	ContainsVariation=No	Intonation=Falling	End=537.64	_	_	_	_
205-0	TO042	205	0	e	e	_	_	_	_	_	linguistic	_	ContainsVariation=No	_	Begin=538.01	_	_	_	_
205-1	TO042	205	1	la	la	_	_	_	_	_	linguistic	_	ContainsVariation=No	_	_	_	_	_	_
205-2	TO042	205	2	scena	scena	_	_	_	_	_	linguistic	_	ContainsVariation=No	_	_	_	_	_	_
205-3	TO042	205	3	è	è	_	_	_	_	_	linguistic	_	ContainsVariation=No	_	_	_	_	_	_
205-4	TO042	205	4	stata	stata	_	_	_	_	_	linguistic	_	ContainsVariation=No	_	_	_	_	_	_
205-5	TO042	205	5	molto	molto	_	_	_	_	_	linguistic	_	ContainsVariation=No	_	_	_	_	_	_
205-6	TO042	205	6	bella	bella	_	_	_	_	_	linguistic	_	ContainsVariation=No	_	_	_	_	_	_
205-7	TO042	205	7	perché	perché	_	_	_	_	_	linguistic	_	ContainsVariation=No	_	_	_	_	_	_
205-8	TO042	205	8	questa	questa	_	_	_	_	_	linguistic	_	ContainsVariation=No	_	_	_	_	_	_
205-9	TO042	205	9	vecchia	vecchia	_	_	_	_	_	linguistic	_	ContainsVariation=No	_	_	_	_	_	_
205-10	TO042	205	10	e::h	eh	_	_	_	_	_	linguistic	_	ContainsVariation=No	_	_	0x2	_	_	_
205-11	TO042	205	11	tipo,	tipo	_	_	_	_	_	linguistic	_	ContainsVariation=No	Intonation=WeaklyRising	End=541.638	_	_	_	_
206-0	TO042	206	0	con	con	_	_	_	_	_	linguistic	_	ContainsVariation=No	_	Begin=542.181	_	_	_	_
206-1	TO042	206	1	pesante	pesante	_	_	_	_	_	linguistic	_	ContainsVariation=No	_	_	_	_	_	_
206-2	TO042	206	2	accento	accento	_	_	_	_	_	linguistic	_	ContainsVariation=No	_	_	_	_	_	_
206-3	TO042	206	3	ha	ha	_	_	_	_	_	linguistic	_	ContainsVariation=No	_	_	_	_	_	_
206-4	TO042	206	4	iniziato	iniziato	_	_	_	_	_	linguistic	_	ContainsVariation=No	_	_	_	_	_	_
206-5	TO042	206	5	a	a	_	_	_	_	_	linguistic	_	ContainsVariation=No	_	_	_	_	_	_
206-6	TO042	206	6	dire	dire	_	_	_	_	_	linguistic	_	ContainsVariation=No	_	_	_	_	_	_
206-7	TO042	206	7	eh	eh	_	_	_	_	_	linguistic	_	ContainsVariation=No	_	_	_	_	_	_
206-8	TO042	206	8	ma	ma	_	_	_	_	_	linguistic	_	ContainsVariation=No	_	_	_	_	_	_
206-9	TO042	206	9	guarda	guarda	_	_	_	_	_	linguistic	_	ContainsVariation=No	_	_	_	_	_	_
206-10	TO042	206	10	questi	questi	_	_	_	_	_	linguistic	_	ContainsVariation=No	_	_	_	_	_	_
206-11	TO042	206	11	giovani	giovani	_	_	_	_	_	linguistic	_	ContainsVariation=No	_	_	_	_	_	_
206-12	TO042	206	12	di	di	_	_	_	_	_	linguistic	_	ContainsVariation=No	_	_	_	_	_	_
206-13	TO042	206	13	oggi	oggi	_	_	_	_	_	linguistic	_	ContainsVariation=No	_	_	_	_	_	_
206-14	TO042	206	14	mh	mh	_	_	_	_	_	linguistic	_	ContainsVariation=No	_	_	_	_	_	_
206-15	TO042	206	15	insomma	insomma	_	_	_	_	_	linguistic	_	ContainsVariation=No	_	_	_	_	_	_
206-16	TO042	206	16	è	è	_	_	_	_	_	linguistic	_	ContainsVariation=No	_	_	_	_	_	_
206-17	TO042	206	17	stata	stata	_	_	_	_	_	linguistic	_	ContainsVariation=No	_	_	_	_	_	_
206-18	TO042	206	18	una	una	_	_	_	_	_	linguistic	_	ContainsVariation=No	_	_	_	_	_	_
206-19	TO042	206	19	scena	scena	_	_	_	_	_	linguistic	_	ContainsVariation=No	_	_	_	_	_	_
206-20	TO042	206	20	molto	molto	_	_	_	_	_	linguistic	_	ContainsVariation=No	_	_	_	_	_	_
206-21	TO042	206	21	divertente	divertente	_	_	_	_	_	linguistic	_	ContainsVariation=No	_	_	_	_	_	_
206-22	TO042	206	22	perché	perché	_	_	_	_	_	linguistic	_	ContainsVariation=No	_	_	_	_	_	_
206-23	TO042	206	23	poi	poi	_	_	_	_	_	linguistic	_	ContainsVariation=No	_	_	_	_	_	_
206-24	TO042	206	24	si	si	_	_	_	_	_	linguistic	_	ContainsVariation=No	_	_	_	_	_	_
206-25	TO042	206	25	è	è	_	_	_	_	_	linguistic	_	ContainsVariation=No	_	_	_	_	_	_
206-26	TO042	206	26	protratta,	protratta	_	_	_	_	_	linguistic	_	ContainsVariation=No	Intonation=WeaklyRising	End=548.981	_	_	_	_
207-0	TO999	207	0	((ride))	((ride))	_	_	_	_	_	nonverbalbehavior	_	ContainsVariation=No	_	Begin=547.366|End=548.953	_	_	_	_
208-0	TO042	208	0	si	si	_	_	_	_	_	linguistic	_	ContainsVariation=No	_	Begin=549.34	_	_	_	_
208-1	TO042	208	1	è	è	_	_	_	_	_	linguistic	_	ContainsVariation=No	_	_	_	_	_	_
208-2	TO042	208	2	protratta	protratta	_	_	_	_	_	linguistic	_	ContainsVariation=No	_	_	_	_	_	_
208-3	TO042	208	3	per	per	_	_	_	_	_	linguistic	_	ContainsVariation=No	_	_	_	_	_	_
208-4	TO042	208	4	un	un	_	_	_	_	_	linguistic	_	ContainsVariation=No	_	_	_	_	_	_
208-5	TO042	208	5	po'.	po'	_	_	_	_	_	linguistic	_	ContainsVariation=No	Intonation=Falling	End=550.538	_	_	_	_
209-0	TO042	209	0	n~	n~	_	_	_	_	_	linguistic	_	ContainsVariation=No	Interrupted=Yes	Begin=550.838	_	_	_	_
209-1	TO042	209	1	non	non	_	_	_	_	_	linguistic	_	ContainsVariation=No	_	_	_	_	_	_
209-2	TO042	209	2	riesco	riesco	_	_	_	_	_	linguistic	_	ContainsVariation=No	_	_	_	_	_	_
209-3	TO042	209	3	a	a	_	_	_	_	_	linguistic	_	ContainsVariation=No	_	_	_	_	_	_
209-4	TO042	209	4	pensare::	pensare	_	_	_	_	_	linguistic	_	ContainsVariation=No	_	_	6x2	_	_	_
209-5	TO042	209	5	ad	ad	_	_	_	_	_	linguistic	_	ContainsVariation=No	_	_	_	_	_	_
209-6	TO042	209	6	altro	altro	_	_	_	_	_	linguistic	_	ContainsVariation=No	_	_	_	_	_	_
209-7	TO042	209	7	di,	di	_	_	_	_	_	linguistic	_	ContainsVariation=No	Intonation=WeaklyRising	End=553.055	_	_	_	_
210-0	TO042	210	0	di	di	_	_	_	_	_	linguistic	_	ContainsVariation=No	_	Begin=553.526	_	_	_	_
210-1	TO042	210	1	così:::,	così	_	_	_	_	_	linguistic	_	ContainsVariation=No	Intonation=WeaklyRising	End=554.724	3x3	_	_	_
211-0	TO999	211	0	((ride))	((ride))	_	_	_	_	_	nonverbalbehavior	_	ContainsVariation=No	_	Begin=553.966|End=554.724	_	_	_	_
212-0	TO042	212	0	no	no	_	_	_	_	_	linguistic	_	ContainsVariation=No	_	Begin=554.816	_	_	_	_
212-1	TO042	212	1	perché	perché	_	_	_	_	_	linguistic	_	ContainsVariation=No	_	_	_	_	_	_
212-2	TO042	212	2	era	era	_	_	_	_	_	linguistic	_	ContainsVariation=No	_	_	_	_	_	_
212-3	TO042	212	3	proprio	proprio	_	_	_	_	_	linguistic	_	ContainsVariation=No	_	_	_	_	_	_
212-4	TO042	212	4	mh	mh	_	_	_	_	_	linguistic	_	ContainsVariation=No	_	_	_	_	_	_
212-5	TO042	212	5	assorta	assorta	_	_	_	_	_	linguistic	_	ContainsVariation=No	_	_	_	_	_	_
212-6	TO042	212	6	mh	mh	_	_	_	_	_	linguistic	_	ContainsVariation=No	_	_	_	_	_	_
212-7	TO042	212	7	in	in	_	_	_	_	_	linguistic	_	ContainsVariation=No	_	_	_	_	_	_
212-8	TO042	212	8	una	una	_	_	_	_	_	linguistic	_	ContainsVariation=No	_	_	_	_	_	_
212-9	TO042	212	9	sorta	sorta	_	_	_	_	_	linguistic	_	ContainsVariation=No	_	_	_	_	_	_
212-10	TO042	212	10	di	di	_	_	_	_	_	linguistic	_	ContainsVariation=No	_	_	_	_	_	_
212-11	TO042	212	11	tempesta	tempesta	_	_	_	_	_	linguistic	_	ContainsVariation=No	_	_	_	_	_	_
212-12	TO042	212	12	perfetta	perfetta	_	_	_	_	_	linguistic	_	ContainsVariation=No	_	_	_	_	_	_
212-13	TO042	212	13	°no	no	_	_	_	_	_	linguistic	_	ContainsVariation=No	Volume=low	_	_	_	_	_
212-14	TO042	212	14	nel	nel	_	_	_	_	_	linguistic	_	ContainsVariation=No	Volume=low	_	_	_	_	_
212-15	TO042	212	15	senso	senso	_	_	_	_	_	linguistic	_	ContainsVariation=No	Volume=low	_	_	_	_	_
212-16	TO042	212	16	mh,°	mh	_	_	_	_	_	linguistic	_	ContainsVariation=No	Intonation=WeaklyRising|Volume=low	End=558.866	_	_	_	_
213-0	TO999	213	0	sì	sì	_	_	_	_	_	linguistic	_	ContainsVariation=No	_	Begin=559.08	_	_	_	_
213-1	TO999	213	1	sì	sì	_	_	_	_	_	linguistic	_	ContainsVariation=No	_	_	_	_	_	_
213-2	TO999	213	2	sì.	sì	_	_	_	_	_	linguistic	_	ContainsVariation=No	Intonation=Falling	End=559.803	_	_	_	_
214-0	TO042	214	0	>c'	c'	_	_	_	_	_	linguistic	_	ContainsVariation=No	SpaceAfter=No	Begin=559.95	_	Fast=0-2(0)	_	_
214-1	TO042	214	1	è	è	_	_	_	_	_	linguistic	_	ContainsVariation=No	_	_	_	Fast=0-1(0)	_	_
214-2	TO042	214	2	stato	stato	_	_	_	_	_	linguistic	_	ContainsVariation=No	_	_	_	Fast=0-5(0)	_	_
214-3	TO042	214	3	molto<,	molto	_	_	_	_	_	linguistic	_	ContainsVariation=No	Intonation=WeaklyRising	End=560.606	_	Fast=0-5(0)	_	_
215-0	TO042	215	0	molta:	molta	_	_	_	_	_	linguistic	_	ContainsVariation=No	_	Begin=561.226	4x1	_	_	_
215-1	TO042	215	1	attesa	attesa	_	_	_	_	_	linguistic	_	ContainsVariation=No	_	_	_	_	_	_
215-2	TO042	215	2	per	per	_	_	_	_	_	linguistic	_	ContainsVariation=No	_	_	_	_	_	_
215-3	TO042	215	3	il	il	_	_	_	_	_	linguistic	_	ContainsVariation=No	_	_	_	_	_	_
215-4	TO042	215	4	momento	momento	_	_	_	_	_	linguistic	_	ContainsVariation=No	_	_	_	_	_	_
215-5	TO042	215	5	in	in	_	_	_	_	_	linguistic	_	ContainsVariation=No	_	_	_	_	_	_
215-6	TO042	215	6	cui	cui	_	_	_	_	_	linguistic	_	ContainsVariation=No	_	_	_	_	_	_
215-7	TO042	215	7	questa	questa	_	_	_	_	_	linguistic	_	ContainsVariation=No	_	_	_	_	_	_
215-8	TO042	215	8	ragazza,	ragazza	_	_	_	_	_	linguistic	_	ContainsVariation=No	Intonation=WeaklyRising	End=563.52	_	_	_	_
216-0	TO042	216	0	questo.	questo	_	_	_	_	_	linguistic	_	ContainsVariation=No	Intonation=Falling	Begin=566.115|End=566.695	_	_	_	_
217-0	TO999	217	0	x	x	_	_	_	_	_	unknown	_	ContainsVariation=No	Syllables=1	Begin=567.13	_	_	_	_
217-1	TO999	217	1	scene	scene	_	_	_	_	_	linguistic	_	ContainsVariation=No	_	_	_	_	_	_
217-2	TO999	217	2	che,	che	_	_	_	_	_	linguistic	_	ContainsVariation=No	Intonation=WeaklyRising	_	_	_	_	_
217-3	TO999	217	3	((ride))	((ride))	_	_	_	_	_	nonverbalbehavior	_	ContainsVariation=No	_	End=568.716	_	_	_	_
218-0	TO042	218	0	s[ì],	sì	_	_	_	_	_	linguistic	_	ContainsVariation=No	Intonation=WeaklyRising	Begin=569.11|End=569.403	_	_	_	1-2(25)
219-0	TO999	219	0	[po]sson	posson	_	_	_	_	_	linguistic	_	ContainsVariation=No	_	Begin=569.305	_	_	_	0-2(26)
219-1	TO999	219	1	capitare	capitare	_	_	_	_	_	linguistic	_	ContainsVariation=No	_	_	_	_	_	_
219-2	TO999	219	2	sicuramente	sicuramente	_	_	_	_	_	linguistic	_	ContainsVariation=No	_	_	_	_	_	_
219-3	TO999	219	3	più	più	_	_	_	_	_	linguistic	_	ContainsVariation=No	_	_	_	_	_	_
219-4	TO999	219	4	facilmente	facilmente	_	_	_	_	_	linguistic	_	ContainsVariation=No	_	_	_	_	_	_
219-5	TO999	219	5	in	in	_	_	_	_	_	linguistic	_	ContainsVariation=No	_	_	_	_	_	_
219-6	TO999	219	6	città	città	_	_	_	_	_	linguistic	_	ContainsVariation=No	_	_	_	_	_	_
219-7	TO999	219	7	che	che	_	_	_	_	_	linguistic	_	ContainsVariation=No	_	_	_	_	_	_
219-8	TO999	219	8	non	non	_	_	_	_	_	linguistic	_	ContainsVariation=No	_	_	_	_	_	_
219-9	TO999	219	9	((ride))	((ride))	_	_	_	_	_	nonverbalbehavior	_	ContainsVariation=No	_	_	_	_	_	_
219-10	TO999	219	10	in	in	_	_	_	_	_	linguistic	_	ContainsVariation=No	_	_	_	_	_	_
219-11	TO999	219	11	paese	paese	_	_	_	_	_	linguistic	_	ContainsVariation=No	_	_	_	_	_	_
219-12	TO999	219	12	dove	dove	_	_	_	_	_	linguistic	_	ContainsVariation=No	_	_	_	_	_	_
219-13	TO999	219	13	ci	ci	_	_	_	_	_	linguistic	_	ContainsVariation=No	_	_	_	_	_	_
219-14	TO999	219	14	si	si	_	_	_	_	_	linguistic	_	ContainsVariation=No	_	_	_	_	_	_
219-15	TO999	219	15	conosce	conosce	_	_	_	_	_	linguistic	_	ContainsVariation=No	_	_	_	_	_	_
219-16	TO999	219	16	tutti.	tutti	_	_	_	_	_	linguistic	_	ContainsVariation=No	Intonation=Falling	_	_	_	_	_
219-17	TO999	219	17	((ride))	((ride))	_	_	_	_	_	nonverbalbehavior	_	ContainsVariation=No	_	End=576.0	_	_	_	_
220-0	TO042	220	0	sì	sì	_	_	_	_	_	linguistic	_	ContainsVariation=No	_	Begin=573.293	_	_	_	_
220-1	TO042	220	1	sì	sì	_	_	_	_	_	linguistic	_	ContainsVariation=No	_	_	_	_	_	_
220-2	TO042	220	2	sì.	sì	_	_	_	_	_	linguistic	_	ContainsVariation=No	Intonation=Falling	End=573.825	_	_	_	_
221-0	TO042	221	0	no	no	_	_	_	_	_	linguistic	_	ContainsVariation=No	_	Begin=576.055	_	_	_	_
221-1	TO042	221	1	no	no	_	_	_	_	_	linguistic	_	ContainsVariation=No	_	_	_	_	_	_
221-2	TO042	221	2	no	no	_	_	_	_	_	linguistic	_	ContainsVariation=No	_	_	_	_	_	_
221-3	TO042	221	3	ma	ma	_	_	_	_	_	linguistic	_	ContainsVariation=No	_	_	_	_	_	_
221-4	TO042	221	4	poi	poi	_	_	_	_	_	linguistic	_	ContainsVariation=No	_	_	_	_	_	_
221-5	TO042	221	5	sembrava	sembrava	_	_	_	_	_	linguistic	_	ContainsVariation=No	_	_	_	_	_	_
221-6	TO042	221	6	proprio	proprio	_	_	_	_	_	linguistic	_	ContainsVariation=No	_	_	_	_	_	_
221-7	TO042	221	7	pronta	pronta	_	_	_	_	_	linguistic	_	ContainsVariation=No	_	_	_	_	_	_
221-8	TO042	221	8	a	a	_	_	_	_	_	linguistic	_	ContainsVariation=No	_	_	_	_	_	_
221-9	TO042	221	9	dire	dire	_	_	_	_	_	linguistic	_	ContainsVariation=No	_	_	_	_	_	_
221-10	TO042	221	10	qualcosa	qualcosa	_	_	_	_	_	linguistic	_	ContainsVariation=No	_	_	_	_	_	_
221-11	TO042	221	11	di	di	_	_	_	_	_	linguistic	_	ContainsVariation=No	_	_	_	_	_	_
221-12	TO042	221	12	cattivo	cattivo	_	_	_	_	_	linguistic	_	ContainsVariation=No	_	_	_	_	_	_
221-13	TO042	221	13	quella::,	quella	_	_	_	_	_	linguistic	_	ContainsVariation=No	Intonation=WeaklyRising	End=580.146	5x2	_	_	_
222-0	TO042	222	0	quella	quella	_	_	_	_	_	linguistic	_	ContainsVariation=No	_	Begin=580.525	_	_	_	_
222-1	TO042	222	1	signora	signora	_	_	_	_	_	linguistic	_	ContainsVariation=No	_	_	_	_	_	_
222-2	TO042	222	2	quindi	quindi	_	_	_	_	_	linguistic	_	ContainsVariation=No	_	_	_	_	_	_
222-3	TO042	222	3	sì	sì	_	_	_	_	_	linguistic	_	ContainsVariation=No	_	_	_	_	_	_
222-4	TO042	222	4	sì.	sì	_	_	_	_	_	linguistic	_	ContainsVariation=No	Intonation=Falling	End=582.141	_	_	_	_
223-0	TO999	223	0	ascolta	ascolta	_	_	_	_	_	linguistic	_	ContainsVariation=No	_	Begin=584.095	_	_	_	_
223-1	TO999	223	1	e	e	_	_	_	_	_	linguistic	_	ContainsVariation=No	_	_	_	_	_	_
223-2	TO999	223	2	quali	quali	_	_	_	_	_	linguistic	_	ContainsVariation=No	_	_	_	_	_	_
223-3	TO999	223	3	sono	sono	_	_	_	_	_	linguistic	_	ContainsVariation=No	_	_	_	_	_	_
223-4	TO999	223	4	gli	gli	_	_	_	_	_	linguistic	_	ContainsVariation=No	_	_	_	_	_	_
223-5	TO999	223	5	aspetti::	aspetti	_	_	_	_	_	linguistic	_	ContainsVariation=No	PauseAfter=Yes	_	6x2	_	_	_
223-6	TO999	223	6	(.)	(.)	_	_	_	_	_	shortpause	_	ContainsVariation=No	_	_	_	_	_	_
223-7	TO999	223	7	più	più	_	_	_	_	_	linguistic	_	ContainsVariation=No	_	_	_	_	_	_
223-8	TO999	223	8	negativi	negativi	_	_	_	_	_	linguistic	_	ContainsVariation=No	_	_	_	_	_	_
223-9	TO999	223	9	del	del	_	_	_	_	_	linguistic	_	ContainsVariation=No	_	_	_	_	_	_
223-10	TO999	223	10	vivere:	vivere	_	_	_	_	_	linguistic	_	ContainsVariation=No	_	_	5x1	_	_	_
223-11	TO999	223	11	a	a	_	_	_	_	_	linguistic	_	ContainsVariation=No	_	_	_	_	_	_
223-12	TO999	223	12	torino	torino	_	_	_	_	_	linguistic	_	ContainsVariation=No	_	_	_	_	_	_
223-13	TO999	223	13	rispetto	rispetto	_	_	_	_	_	linguistic	_	ContainsVariation=No	_	_	_	_	_	_
223-14	TO999	223	14	al	al	_	_	_	_	_	linguistic	_	ContainsVariation=No	_	_	_	_	_	_
223-15	TO999	223	15	vivere:	vivere	_	_	_	_	_	linguistic	_	ContainsVariation=No	_	_	5x1	_	_	_
223-16	TO999	223	16	insomma	insomma	_	_	_	_	_	linguistic	_	ContainsVariation=No	_	_	_	_	_	_
223-17	TO999	223	17	nel	nel	_	_	_	_	_	linguistic	_	ContainsVariation=No	_	_	_	_	_	_
223-18	TO999	223	18	posto	posto	_	_	_	_	_	linguistic	_	ContainsVariation=No	_	_	_	_	_	_
223-19	TO999	223	19	dove	dove	_	_	_	_	_	linguistic	_	ContainsVariation=No	_	_	_	_	_	_
223-20	TO999	223	20	si	si	_	_	_	_	_	linguistic	_	ContainsVariation=No	_	_	_	_	_	_
223-21	TO999	223	21	è	è	_	_	_	_	_	linguistic	_	ContainsVariation=No	_	_	_	_	_	_
223-22	TO999	223	22	nati.	nati	_	_	_	_	_	linguistic	_	ContainsVariation=No	Intonation=Falling	End=591.587	_	_	_	_
224-0	TO042	224	0	m::h	mh	_	_	_	_	_	linguistic	_	ContainsVariation=No	ProsodicLink=Yes	Begin=592.315	0x2	_	_	_
224-1	TO042	224	1	m::h,	mh	_	_	_	_	_	linguistic	_	ContainsVariation=No	Intonation=WeaklyRising	End=593.708	0x2	_	_	_
225-0	TO042	225	0	mma:h,	mmah	_	_	_	_	_	linguistic	_	ContainsVariation=No	Intonation=WeaklyRising	Begin=595.268	2x1	_	_	_
225-1	TO042	225	1	((soffia))	((soffia))	_	_	_	_	_	nonverbalbehavior	_	ContainsVariation=No	_	End=597.185	_	_	_	_
226-0	TO042	226	0	essenzialmente::::	essenzialmente	_	_	_	_	_	linguistic	_	ContainsVariation=No	_	Begin=598.493	13x4	_	_	_
226-1	TO042	226	1	sì	sì	_	_	_	_	_	linguistic	_	ContainsVariation=No	_	_	_	_	_	_
226-2	TO042	226	2	che:	che	_	_	_	_	_	linguistic	_	ContainsVariation=No	_	_	2x1	_	_	_
226-3	TO042	226	3	bah	bah	_	_	_	_	_	linguistic	_	ContainsVariation=No	_	_	_	_	_	_
226-4	TO042	226	4	io	io	_	_	_	_	_	linguistic	_	ContainsVariation=No	_	_	_	_	_	_
226-5	TO042	226	5	ero	ero	_	_	_	_	_	linguistic	_	ContainsVariation=No	_	_	_	_	_	_
226-6	TO042	226	6	abituato	abituato	_	_	_	_	_	linguistic	_	ContainsVariation=No	_	_	_	_	_	_
226-7	TO042	226	7	a::,	a	_	_	_	_	_	linguistic	_	ContainsVariation=No	Intonation=WeaklyRising	End=606.036	0x2	_	_	_
227-0	TO042	227	0	a	a	_	_	_	_	_	linguistic	_	ContainsVariation=No	_	Begin=607.886	_	_	_	_
227-1	TO042	227	1	muovermi	muovermi	_	_	_	_	_	linguistic	_	ContainsVariation=No	_	_	_	_	_	_
227-2	TO042	227	2	molto	molto	_	_	_	_	_	linguistic	_	ContainsVariation=No	_	_	_	_	_	_
227-3	TO042	227	3	in	in	_	_	_	_	_	linguistic	_	ContainsVariation=No	_	_	_	_	_	_
227-4	TO042	227	4	<macchina::>	macchina	_	_	_	_	_	linguistic	_	ContainsVariation=No	_	_	7x2	Slow=0-8(0)	_	_
227-5	TO042	227	5	e	e	_	_	_	_	_	linguistic	_	ContainsVariation=No	_	_	_	_	_	_
227-6	TO042	227	6	non	non	_	_	_	_	_	linguistic	_	ContainsVariation=No	_	_	_	_	_	_
227-7	TO042	227	7	si	si	_	_	_	_	_	linguistic	_	ContainsVariation=No	_	_	_	_	_	_
227-8	TO042	227	8	può	può	_	_	_	_	_	linguistic	_	ContainsVariation=No	_	_	_	_	_	_
227-9	TO042	227	9	fare	fare	_	_	_	_	_	linguistic	_	ContainsVariation=No	_	_	_	_	_	_
227-10	TO042	227	10	ma	ma	_	_	_	_	_	linguistic	_	ContainsVariation=No	_	_	_	_	_	_
227-11	TO042	227	11	poi	poi	_	_	_	_	_	linguistic	_	ContainsVariation=No	_	_	_	_	_	_
227-12	TO042	227	12	più	più	_	_	_	_	_	linguistic	_	ContainsVariation=No	_	_	_	_	_	_
227-13	TO042	227	13	in	in	_	_	_	_	_	linguistic	_	ContainsVariation=No	_	_	_	_	_	_
227-14	TO042	227	14	generale	generale	_	_	_	_	_	linguistic	_	ContainsVariation=No	_	_	_	_	_	_
227-15	TO042	227	15	forse,	forse	_	_	_	_	_	linguistic	_	ContainsVariation=No	Intonation=WeaklyRising	End=613.361	_	_	_	_
228-0	TO042	228	0	è	è	_	_	_	_	_	linguistic	_	ContainsVariation=No	_	Begin=613.633	_	_	_	_
228-1	TO042	228	1	abbastanza	abbastanza	_	_	_	_	_	linguistic	_	ContainsVariation=No	PauseAfter=Yes	_	_	_	_	_
228-2	TO042	228	2	(.)	(.)	_	_	_	_	_	shortpause	_	ContainsVariation=No	_	_	_	_	_	_
228-3	TO042	228	3	diverso,	diverso	_	_	_	_	_	linguistic	_	ContainsVariation=No	Intonation=WeaklyRising	End=615.725	_	_	_	_
229-0	TO042	229	0	le	le	_	_	_	_	_	linguistic	_	ContainsVariation=No	_	Begin=616.495	_	_	_	_
229-1	TO042	229	1	persone	persone	_	_	_	_	_	linguistic	_	ContainsVariation=No	_	_	_	_	_	_
229-2	TO042	229	2	sono	sono	_	_	_	_	_	linguistic	_	ContainsVariation=No	_	_	_	_	_	_
229-3	TO042	229	3	abbastanza	abbastanza	_	_	_	_	_	linguistic	_	ContainsVariation=No	_	_	_	_	_	_
229-4	TO042	229	4	diverse	diverse	_	_	_	_	_	linguistic	_	ContainsVariation=No	_	_	_	_	_	_
229-5	TO042	229	5	rispetto	rispetto	_	_	_	_	_	linguistic	_	ContainsVariation=No	_	_	_	_	_	_
229-6	TO042	229	6	a,	a	_	_	_	_	_	linguistic	_	ContainsVariation=No	Intonation=WeaklyRising	End=619.133	_	_	_	_
230-0	TO042	230	0	a	a	_	_	_	_	_	linguistic	_	ContainsVariation=No	_	Begin=619.738	_	_	_	_
230-1	TO042	230	1	dove	dove	_	_	_	_	_	linguistic	_	ContainsVariation=No	_	_	_	_	_	_
230-2	TO042	230	2	abito	abito	_	_	_	_	_	linguistic	_	ContainsVariation=No	_	_	_	_	_	_
230-3	TO042	230	3	io	io	_	_	_	_	_	linguistic	_	ContainsVariation=No	_	_	_	_	_	_
230-4	TO042	230	4	in	in	_	_	_	_	_	linguistic	_	ContainsVariation=No	_	_	_	_	_	_
230-5	TO042	230	5	genera:le	generale	_	_	_	_	_	linguistic	_	ContainsVariation=No	_	_	5x1	_	_	_
230-6	TO042	230	6	vabbè	vabbè	_	_	_	_	_	linguistic	_	ContainsVariation=No	_	_	_	_	_	_
230-7	TO042	230	7	ma	ma	_	_	_	_	_	linguistic	_	ContainsVariation=No	_	_	_	_	_	_
230-8	TO042	230	8	questo:	questo	_	_	_	_	_	linguistic	_	ContainsVariation=No	_	_	5x1	_	_	_
230-9	TO042	230	9	credo	credo	_	_	_	_	_	linguistic	_	ContainsVariation=No	_	_	_	_	_	_
230-10	TO042	230	10	che	che	_	_	_	_	_	linguistic	_	ContainsVariation=No	_	_	_	_	_	_
230-11	TO042	230	11	sia:,	sia	_	_	_	_	_	linguistic	_	ContainsVariation=No	Intonation=WeaklyRising	End=623.465	2x1	_	_	_
231-0	TO042	231	0	normale	normale	_	_	_	_	_	linguistic	_	ContainsVariation=No	_	Begin=624.1	_	_	_	_
231-1	TO042	231	1	e	e	_	_	_	_	_	linguistic	_	ContainsVariation=No	_	_	_	_	_	_
231-2	TO042	231	2	poi	poi	_	_	_	_	_	linguistic	_	ContainsVariation=No	PauseAfter=Yes	_	_	_	_	_
231-3	TO042	231	3	(.)	(.)	_	_	_	_	_	shortpause	_	ContainsVariation=No	_	_	_	_	_	_
231-4	TO042	231	4	anche:	anche	_	_	_	_	_	linguistic	_	ContainsVariation=No	_	_	4x1	_	_	_
231-5	TO042	231	5	il	il	_	_	_	_	_	linguistic	_	ContainsVariation=No	ProsodicLink=Yes	_	_	_	_	_
231-6	TO042	231	6	la::,	la	_	_	_	_	_	linguistic	_	ContainsVariation=No	Intonation=WeaklyRising	End=626.555	1x2	_	_	_
232-0	TO042	232	0	>~fettivamente	~fettivamente	_	_	_	_	_	linguistic	_	ContainsVariation=No	Interrupted=Yes	Begin=626.944	_	Fast=0-13(0)	_	_
232-1	TO042	232	1	io<	io	_	_	_	_	_	linguistic	_	ContainsVariation=No	_	_	_	Fast=0-2(0)	_	_
232-2	TO042	232	2	essendo	essendo	_	_	_	_	_	linguistic	_	ContainsVariation=No	_	_	_	_	_	_
232-3	TO042	232	3	abituato	abituato	_	_	_	_	_	linguistic	_	ContainsVariation=No	_	_	_	_	_	_
232-4	TO042	232	4	a::,	a	_	_	_	_	_	linguistic	_	ContainsVariation=No	Intonation=WeaklyRising	End=629.41	0x2	_	_	_
233-0	TO042	233	0	a	a	_	_	_	_	_	linguistic	_	ContainsVariation=No	_	Begin=630.15	_	_	_	_
233-1	TO042	233	1	vivere::	vivere	_	_	_	_	_	linguistic	_	ContainsVariation=No	_	_	5x2	_	_	_
233-2	TO042	233	2	mh	mh	_	_	_	_	_	linguistic	_	ContainsVariation=No	_	_	_	_	_	_
233-3	TO042	233	3	in	in	_	_	_	_	_	linguistic	_	ContainsVariation=No	_	_	_	_	_	_
233-4	TO042	233	4	campagna	campagna	_	_	_	_	_	linguistic	_	ContainsVariation=No	_	_	_	_	_	_
233-5	TO042	233	5	o	o	_	_	_	_	_	linguistic	_	ContainsVariation=No	_	_	_	_	_	_
233-6	TO042	233	6	comunque	comunque	_	_	_	_	_	linguistic	_	ContainsVariation=No	_	_	_	_	_	_
233-7	TO042	233	7	cose	cose	_	_	_	_	_	linguistic	_	ContainsVariation=No	PauseAfter=Yes	_	_	_	_	_
233-8	TO042	233	8	(.)	(.)	_	_	_	_	_	shortpause	_	ContainsVariation=No	_	_	_	_	_	_
233-9	TO042	233	9	così,	così	_	_	_	_	_	linguistic	_	ContainsVariation=No	Intonation=WeaklyRising	End=633.908	_	_	_	_
234-0	TO042	234	0	e:::h,	eh	_	_	_	_	_	linguistic	_	ContainsVariation=No	Intonation=WeaklyRising	Begin=634.273|End=635.173	0x3	_	_	_
235-0	TO042	235	0	s:ono::	sono	_	_	_	_	_	linguistic	_	ContainsVariation=No	_	Begin=636.501	0x1,3x2	_	_	_
235-1	TO042	235	1	sono	sono	_	_	_	_	_	linguistic	_	ContainsVariation=No	_	_	_	_	_	_
235-2	TO042	235	2	sempre	sempre	_	_	_	_	_	linguistic	_	ContainsVariation=No	_	_	_	_	_	_
235-3	TO042	235	3	stato	stato	_	_	_	_	_	linguistic	_	ContainsVariation=No	_	_	_	_	_	_
235-4	TO042	235	4	abituato	abituato	_	_	_	_	_	linguistic	_	ContainsVariation=No	_	_	_	_	_	_
235-5	TO042	235	5	a:,	a	_	_	_	_	_	linguistic	_	ContainsVariation=No	Intonation=WeaklyRising	End=638.972	0x1	_	_	_
236-0	TO042	236	0	a	a	_	_	_	_	_	linguistic	_	ContainsVariation=No	_	Begin=639.316	_	_	_	_
236-1	TO042	236	1	vivere	vivere	_	_	_	_	_	linguistic	_	ContainsVariation=No	_	_	_	_	_	_
236-2	TO042	236	2	di	di	_	_	_	_	_	linguistic	_	ContainsVariation=No	_	_	_	_	_	_
236-3	TO042	236	3	più	più	_	_	_	_	_	linguistic	_	ContainsVariation=No	_	_	_	_	_	_
236-4	TO042	236	4	forse	forse	_	_	_	_	_	linguistic	_	ContainsVariation=No	_	_	_	_	_	_
236-5	TO042	236	5	da::,	da	_	_	_	_	_	linguistic	_	ContainsVariation=No	Intonation=WeaklyRising	End=640.917	1x2	_	_	_
237-0	TO042	237	0	°no:	no	_	_	_	_	_	linguistic	_	ContainsVariation=No	Volume=low	Begin=641.115	1x1	_	_	_
237-1	TO042	237	1	i:l°	il	_	_	_	_	_	linguistic	_	ContainsVariation=No	Volume=low	_	0x1	_	_	_
237-2	TO042	237	2	paesaggio	paesaggio	_	_	_	_	_	linguistic	_	ContainsVariation=No	_	_	_	_	_	_
237-3	TO042	237	3	però:	però	_	_	_	_	_	linguistic	_	ContainsVariation=No	_	_	3x1	_	_	_
237-4	TO042	237	4	m:h	mh	_	_	_	_	_	linguistic	_	ContainsVariation=No	_	_	0x1	_	_	_
237-5	TO042	237	5	il	il	_	_	_	_	_	linguistic	_	ContainsVariation=No	_	_	_	_	_	_
237-6	TO042	237	6	paesaggio	paesaggio	_	_	_	_	_	linguistic	_	ContainsVariation=No	_	_	_	_	_	_
237-7	TO042	237	7	delle	delle	_	_	_	_	_	linguistic	_	ContainsVariation=No	_	_	_	_	_	_
237-8	TO042	237	8	mie	mie	_	_	_	_	_	linguistic	_	ContainsVariation=No	_	_	_	_	_	_
237-9	TO042	237	9	zone	zone	_	_	_	_	_	linguistic	_	ContainsVariation=No	_	_	_	_	_	_
237-10	TO042	237	10	ma	ma	_	_	_	_	_	linguistic	_	ContainsVariation=No	_	_	_	_	_	_
237-11	TO042	237	11	in	in	_	_	_	_	_	linguistic	_	ContainsVariation=No	_	_	_	_	_	_
237-12	TO042	237	12	realtà	realtà	_	_	_	_	_	linguistic	_	ContainsVariation=No	_	_	_	_	_	_
237-13	TO042	237	13	non	non	_	_	_	_	_	linguistic	_	ContainsVariation=No	_	_	_	_	_	_
237-14	TO042	237	14	è	è	_	_	_	_	_	linguistic	_	ContainsVariation=No	_	_	_	_	_	_
237-15	TO042	237	15	una	una	_	_	_	_	_	linguistic	_	ContainsVariation=No	_	_	_	_	_	_
237-16	TO042	237	16	cosa	cosa	_	_	_	_	_	linguistic	_	ContainsVariation=No	_	_	_	_	_	_
237-17	TO042	237	17	che	che	_	_	_	_	_	linguistic	_	ContainsVariation=No	_	_	_	_	_	_
237-18	TO042	237	18	mi	mi	_	_	_	_	_	linguistic	_	ContainsVariation=No	_	_	_	_	_	_
237-19	TO042	237	19	pesa	pesa	_	_	_	_	_	linguistic	_	ContainsVariation=No	_	_	_	_	_	_
237-20	TO042	237	20	è	è	_	_	_	_	_	linguistic	_	ContainsVariation=No	_	_	_	_	_	_
237-21	TO042	237	21	semplicemente	semplicemente	_	_	_	_	_	linguistic	_	ContainsVariation=No	_	_	_	_	_	_
237-22	TO042	237	22	<diverso>	diverso	_	_	_	_	_	linguistic	_	ContainsVariation=No	_	_	_	Slow=0-7(0)	_	_
237-23	TO042	237	23	quindi	quindi	_	_	_	_	_	linguistic	_	ContainsVariation=No	_	_	_	_	_	_
237-24	TO042	237	24	°bisogna	bisogna	_	_	_	_	_	linguistic	_	ContainsVariation=No	Volume=low	_	_	_	_	_
237-25	TO042	237	25	farci	farci	_	_	_	_	_	linguistic	_	ContainsVariation=No	Volume=low	_	_	_	_	_
237-26	TO042	237	26	l'	l'	_	_	_	_	_	linguistic	_	ContainsVariation=No	SpaceAfter=No|Volume=low	_	_	_	_	_
237-27	TO042	237	27	abitudine.°	abitudine	_	_	_	_	_	linguistic	_	ContainsVariation=No	Intonation=Falling|Volume=low	End=648.908	_	_	_	_
238-0	TO042	238	0	e	e	_	_	_	_	_	linguistic	_	ContainsVariation=No	_	Begin=649.176	_	_	_	_
238-1	TO042	238	1	per	per	_	_	_	_	_	linguistic	_	ContainsVariation=No	_	_	_	_	_	_
238-2	TO042	238	2	questo	questo	_	_	_	_	_	linguistic	_	ContainsVariation=No	_	_	_	_	_	_
238-3	TO042	238	3	che	che	_	_	_	_	_	linguistic	_	ContainsVariation=No	_	_	_	_	_	_
238-4	TO042	238	4	poi	poi	_	_	_	_	_	linguistic	_	ContainsVariation=No	_	_	_	_	_	_
238-5	TO042	238	5	quando	quando	_	_	_	_	_	linguistic	_	ContainsVariation=No	PauseAfter=Yes	_	_	_	_	_
238-6	TO042	238	6	(.)	(.)	_	_	_	_	_	shortpause	_	ContainsVariation=No	_	_	_	_	_	_
238-7	TO042	238	7	ci	ci	_	_	_	_	_	linguistic	_	ContainsVariation=No	_	_	_	_	_	_
238-8	TO042	238	8	torni	torni	_	_	_	_	_	linguistic	_	ContainsVariation=No	_	_	_	_	_	_
238-9	TO042	238	9	t~	t~	_	_	_	_	_	linguistic	_	ContainsVariation=No	Interrupted=Yes	_	_	_	_	_
238-10	TO042	238	10	ti	ti	_	_	_	_	_	linguistic	_	ContainsVariation=No	_	_	_	_	_	_
238-11	TO042	238	11	trovi,	trovi	_	_	_	_	_	linguistic	_	ContainsVariation=No	Intonation=WeaklyRising	End=652.0	_	_	_	_
239-0	TO042	239	0	ti	ti	_	_	_	_	_	linguistic	_	ContainsVariation=No	_	Begin=652.778	_	_	_	_
239-1	TO042	239	1	trovi	trovi	_	_	_	_	_	linguistic	_	ContainsVariation=No	_	_	_	_	_	_
239-2	TO042	239	2	bene	bene	_	_	_	_	_	linguistic	_	ContainsVariation=No	_	_	_	_	_	_
239-3	TO042	239	3	perché	perché	_	_	_	_	_	linguistic	_	ContainsVariation=No	_	_	_	_	_	_
239-4	TO042	239	4	è	è	_	_	_	_	_	linguistic	_	ContainsVariation=No	_	_	_	_	_	_
239-5	TO042	239	5	quello	quello	_	_	_	_	_	linguistic	_	ContainsVariation=No	_	_	_	_	_	_
239-6	TO042	239	6	che	che	_	_	_	_	_	linguistic	_	ContainsVariation=No	_	_	_	_	_	_
239-7	TO042	239	7	ti	ti	_	_	_	_	_	linguistic	_	ContainsVariation=No	_	_	_	_	_	_
239-8	TO042	239	8	fa	fa	_	_	_	_	_	linguistic	_	ContainsVariation=No	_	_	_	_	_	_
239-9	TO042	239	9	sentire	sentire	_	_	_	_	_	linguistic	_	ContainsVariation=No	_	_	_	_	_	_
239-10	TO042	239	10	a	a	_	_	_	_	_	linguistic	_	ContainsVariation=No	_	_	_	_	_	_
239-11	TO042	239	11	casa	casa	_	_	_	_	_	linguistic	_	ContainsVariation=No	_	_	_	_	_	_
239-12	TO042	239	12	però	però	_	_	_	_	_	linguistic	_	ContainsVariation=No	_	_	_	_	_	_
239-13	TO042	239	13	nel	nel	_	_	_	_	_	linguistic	_	ContainsVariation=No	_	_	_	_	_	_
239-14	TO042	239	14	senso,	senso	_	_	_	_	_	linguistic	_	ContainsVariation=No	Intonation=WeaklyRising	End=656.065	_	_	_	_
240-0	TO042	240	0	non	non	_	_	_	_	_	linguistic	_	ContainsVariation=No	_	Begin=656.32	_	_	_	_
240-1	TO042	240	1	mi	mi	_	_	_	_	_	linguistic	_	ContainsVariation=No	_	_	_	_	_	_
240-2	TO042	240	2	pesa.	pesa	_	_	_	_	_	linguistic	_	ContainsVariation=No	Intonation=Falling	End=657.003	_	_	_	_
241-0	TO042	241	0	e	e	_	_	_	_	_	linguistic	_	ContainsVariation=No	_	Begin=657.361	_	_	_	_
241-1	TO042	241	1	poi	poi	_	_	_	_	_	linguistic	_	ContainsVariation=No	_	_	_	_	_	_
241-2	TO042	241	2	una	una	_	_	_	_	_	linguistic	_	ContainsVariation=No	_	_	_	_	_	_
241-3	TO042	241	3	cosa	cosa	_	_	_	_	_	linguistic	_	ContainsVariation=No	_	_	_	_	_	_
241-4	TO042	241	4	che	che	_	_	_	_	_	linguistic	_	ContainsVariation=No	_	_	_	_	_	_
241-5	TO042	241	5	mi	mi	_	_	_	_	_	linguistic	_	ContainsVariation=No	_	_	_	_	_	_
241-6	TO042	241	6	pesa	pesa	_	_	_	_	_	linguistic	_	ContainsVariation=No	_	_	_	_	_	_
241-7	TO042	241	7	di	di	_	_	_	_	_	linguistic	_	ContainsVariation=No	_	_	_	_	_	_
241-8	TO042	241	8	torino	torino	_	_	_	_	_	linguistic	_	ContainsVariation=No	_	_	_	_	_	_
241-9	TO042	241	9	forse	forse	_	_	_	_	_	linguistic	_	ContainsVariation=No	_	_	_	_	_	_
241-10	TO042	241	10	sono	sono	_	_	_	_	_	linguistic	_	ContainsVariation=No	_	_	_	_	_	_
241-11	TO042	241	11	i	i	_	_	_	_	_	linguistic	_	ContainsVariation=No	_	_	_	_	_	_
241-12	TO042	241	12	mezzi	mezzi	_	_	_	_	_	linguistic	_	ContainsVariation=No	_	_	_	_	_	_
241-13	TO042	241	13	pubblici	pubblici	_	_	_	_	_	linguistic	_	ContainsVariation=No	_	_	_	_	_	_
241-14	TO042	241	14	che	che	_	_	_	_	_	linguistic	_	ContainsVariation=No	_	_	_	_	_	_
241-15	TO042	241	15	non	non	_	_	_	_	_	linguistic	_	ContainsVariation=No	_	_	_	_	_	_
241-16	TO042	241	16	sono	sono	_	_	_	_	_	linguistic	_	ContainsVariation=No	_	_	_	_	_	_
241-17	TO042	241	17	sempre	sempre	_	_	_	_	_	linguistic	_	ContainsVariation=No	_	_	_	_	_	_
241-18	TO042	241	18	troppo::,	troppo	_	_	_	_	_	linguistic	_	ContainsVariation=No	Intonation=WeaklyRising	End=662.15	5x2	_	_	_
242-0	TO042	242	0	e::h,	eh	_	_	_	_	_	linguistic	_	ContainsVariation=No	Intonation=WeaklyRising	Begin=662.765|End=663.555	0x2	_	_	_
243-0	TO042	243	0	tropp	tropp	_	_	_	_	_	linguistic	_	ContainsVariation=No	_	Begin=663.736	_	_	_	_
243-1	TO042	243	1	(poco).	poco	_	_	_	_	_	linguistic	_	ContainsVariation=No	Intonation=Falling	End=664.605	_	_	0-4(0)	_
244-0	TO042	244	0	insomma,	insomma	_	_	_	_	_	linguistic	_	ContainsVariation=No	Intonation=WeaklyRising	Begin=665.078|End=665.456	_	_	_	_
245-0	TO042	245	0	adatti	adatti	_	_	_	_	_	linguistic	_	ContainsVariation=No	_	Begin=666.028	_	_	_	_
245-1	TO042	245	1	adeguati	adeguati	_	_	_	_	_	linguistic	_	ContainsVariation=No	_	_	_	_	_	_
245-2	TO042	245	2	alla:	alla	_	_	_	_	_	linguistic	_	ContainsVariation=No	_	_	3x1	_	_	_
245-3	TO042	245	3	situazione.	situazione	_	_	_	_	_	linguistic	_	ContainsVariation=No	Intonation=Falling	End=668.146	_	_	_	_
246-0	TO999	246	0	effettivamente	effettivamente	_	_	_	_	_	linguistic	_	ContainsVariation=No	_	Begin=668.306	_	_	_	_
246-1	TO999	246	1	no.	no	_	_	_	_	_	linguistic	_	ContainsVariation=No	Intonation=Falling	End=669.44	_	_	_	_
247-0	TO999	247	0	però	però	_	_	_	_	_	linguistic	_	ContainsVariation=No	_	Begin=669.681	_	_	_	_
247-1	TO999	247	1	tu	tu	_	_	_	_	_	linguistic	_	ContainsVariation=No	_	_	_	_	_	_
247-2	TO999	247	2	condividi	condividi	_	_	_	_	_	linguistic	_	ContainsVariation=No	_	_	_	_	_	_
247-3	TO999	247	3	la	la	_	_	_	_	_	linguistic	_	ContainsVariation=No	_	_	_	_	_	_
247-4	TO999	247	4	posizione	posizione	_	_	_	_	_	linguistic	_	ContainsVariation=No	_	_	_	_	_	_
247-5	TO999	247	5	da	da	_	_	_	_	_	linguistic	_	ContainsVariation=No	_	_	_	_	_	_
247-6	TO999	247	6	classico	classico	_	_	_	_	_	linguistic	_	ContainsVariation=No	_	_	_	_	_	_
247-7	TO999	247	7	fuorisede	fuorisede	_	_	_	_	_	linguistic	_	ContainsVariation=No	_	_	_	_	_	_
247-8	TO999	247	8	per	per	_	_	_	_	_	linguistic	_	ContainsVariation=No	_	_	_	_	_	_
247-9	TO999	247	9	cui	cui	_	_	_	_	_	linguistic	_	ContainsVariation=No	_	_	_	_	_	_
247-10	TO999	247	10	si	si	_	_	_	_	_	linguistic	_	ContainsVariation=No	_	_	_	_	_	_
247-11	TO999	247	11	vive	vive	_	_	_	_	_	linguistic	_	ContainsVariation=No	PauseAfter=Yes	_	_	_	_	_
247-12	TO999	247	12	(.)	(.)	_	_	_	_	_	shortpause	_	ContainsVariation=No	_	_	_	_	_	_
247-13	TO999	247	13	in	in	_	_	_	_	_	linguistic	_	ContainsVariation=No	_	_	_	_	_	_
247-14	TO999	247	14	centro.	centro	_	_	_	_	_	linguistic	_	ContainsVariation=No	Intonation=Falling	End=674.596	_	_	_	_
248-0	TO999	248	0	vicino	vicino	_	_	_	_	_	linguistic	_	ContainsVariation=No	_	Begin=674.89	_	_	_	_
248-1	TO999	248	1	all'	all'	_	_	_	_	_	linguistic	_	ContainsVariation=No	SpaceAfter=No	_	_	_	_	_
248-2	TO999	248	2	università.	università	_	_	_	_	_	linguistic	_	ContainsVariation=No	Intonation=Falling	End=676.468	_	_	_	_
249-0	TO042	249	0	m:::h,	mh	_	_	_	_	_	linguistic	_	ContainsVariation=No	Intonation=WeaklyRising	Begin=677.575|End=678.946	0x3	_	_	_
250-0	TO042	250	0	s::ì	sì	_	_	_	_	_	linguistic	_	ContainsVariation=No	_	Begin=679.113	0x2	_	_	_
250-1	TO042	250	1	secondo	secondo	_	_	_	_	_	linguistic	_	ContainsVariation=No	_	_	_	_	_	_
250-2	TO042	250	2	me:::	me	_	_	_	_	_	linguistic	_	ContainsVariation=No	_	_	1x3	_	_	_
250-3	TO042	250	3	sì.	sì	_	_	_	_	_	linguistic	_	ContainsVariation=No	Intonation=Falling|PauseAfter=Yes	_	_	_	_	_
250-4	TO042	250	4	(.)	(.)	_	_	_	_	_	shortpause	_	ContainsVariation=No	_	_	_	_	_	_
250-5	TO042	250	5	banalmente	banalmente	_	_	_	_	_	linguistic	_	ContainsVariation=No	_	_	_	_	_	_
250-6	TO042	250	6	sì.	sì	_	_	_	_	_	linguistic	_	ContainsVariation=No	Intonation=Falling	End=683.743	_	_	_	_
251-0	TO042	251	0	sì	sì	_	_	_	_	_	linguistic	_	ContainsVariation=No	_	Begin=684.348	_	_	_	_
251-1	TO042	251	1	sì	sì	_	_	_	_	_	linguistic	_	ContainsVariation=No	_	_	_	_	_	_
251-2	TO042	251	2	sì	sì	_	_	_	_	_	linguistic	_	ContainsVariation=No	_	_	_	_	_	_
251-3	TO042	251	3	non	non	_	_	_	_	_	linguistic	_	ContainsVariation=No	_	_	_	_	_	_
251-4	TO042	251	4	troppo	troppo	_	_	_	_	_	linguistic	_	ContainsVariation=No	_	_	_	_	_	_
251-5	TO042	251	5	lontano	lontano	_	_	_	_	_	linguistic	_	ContainsVariation=No	_	_	_	_	_	_
251-6	TO042	251	6	ecco	ecco	_	_	_	_	_	linguistic	_	ContainsVariation=No	_	_	_	_	_	_
251-7	TO042	251	7	>non	non	_	_	_	_	_	linguistic	_	ContainsVariation=No	_	_	_	Fast=0-3(0)	_	_
251-8	TO042	251	8	troppo	troppo	_	_	_	_	_	linguistic	_	ContainsVariation=No	_	_	_	Fast=0-6(0)	_	_
251-9	TO042	251	9	lontano	lontano	_	_	_	_	_	linguistic	_	ContainsVariation=No	_	_	_	Fast=0-7(0)	_	_
251-10	TO042	251	10	dal	dal	_	_	_	_	_	linguistic	_	ContainsVariation=No	_	_	_	Fast=0-3(0)	_	_
251-11	TO042	251	11	luogo	luogo	_	_	_	_	_	linguistic	_	ContainsVariation=No	_	_	_	Fast=0-5(0)	_	_
251-12	TO042	251	12	dove<,	dove	_	_	_	_	_	linguistic	_	ContainsVariation=No	Intonation=WeaklyRising	End=687.651	_	Fast=0-4(0)	_	_
252-0	TO042	252	0	dove::,	dove	_	_	_	_	_	linguistic	_	ContainsVariation=No	Intonation=WeaklyRising	Begin=688.291|End=689.313	3x2	_	_	_
253-0	TO042	253	0	e::h,	eh	_	_	_	_	_	linguistic	_	ContainsVariation=No	Intonation=WeaklyRising	Begin=689.691|End=690.343	0x2	_	_	_
254-0	TO042	254	0	eh	eh	_	_	_	_	_	linguistic	_	ContainsVariation=No	_	Begin=690.46	_	_	_	_
254-1	TO042	254	1	dove	dove	_	_	_	_	_	linguistic	_	ContainsVariation=No	_	_	_	_	_	_
254-2	TO042	254	2	(sai)	sai	_	_	_	_	_	linguistic	_	ContainsVariation=No	_	_	_	_	0-3(0)	_
254-3	TO042	254	3	e	e	_	_	_	_	_	linguistic	_	ContainsVariation=No	_	_	_	_	_	_
254-4	TO042	254	4	poi	poi	_	_	_	_	_	linguistic	_	ContainsVariation=No	_	_	_	_	_	_
254-5	TO042	254	5	p~	p~	_	_	_	_	_	linguistic	_	ContainsVariation=No	Interrupted=Yes	_	_	_	_	_
254-6	TO042	254	6	p~	p~	_	_	_	_	_	linguistic	_	ContainsVariation=No	Interrupted=Yes	_	_	_	_	_
254-7	TO042	254	7	per	per	_	_	_	_	_	linguistic	_	ContainsVariation=No	_	_	_	_	_	_
254-8	TO042	254	8	carità	carità	_	_	_	_	_	linguistic	_	ContainsVariation=No	_	_	_	_	_	_
254-9	TO042	254	9	e:::h	eh	_	_	_	_	_	linguistic	_	ContainsVariation=No	_	_	0x3	_	_	_
254-10	TO042	254	10	se:::,	se	_	_	_	_	_	linguistic	_	ContainsVariation=No	Intonation=WeaklyRising	End=694.146	1x3	_	_	_
255-0	TO042	255	0	se	se	_	_	_	_	_	linguistic	_	ContainsVariation=No	_	Begin=694.899	_	_	_	_
255-1	TO042	255	1	ci	ci	_	_	_	_	_	linguistic	_	ContainsVariation=No	_	_	_	_	_	_
255-2	TO042	255	2	fossero	fossero	_	_	_	_	_	linguistic	_	ContainsVariation=No	_	_	_	_	_	_
255-3	TO042	255	3	cinque	cinque	_	_	_	_	_	linguistic	_	ContainsVariation=No	_	_	_	_	_	_
255-4	TO042	255	4	linee	linee	_	_	_	_	_	linguistic	_	ContainsVariation=No	_	_	_	_	_	_
255-5	TO042	255	5	di	di	_	_	_	_	_	linguistic	_	ContainsVariation=No	_	_	_	_	_	_
255-6	TO042	255	6	metropolitana	metropolitana	_	_	_	_	_	linguistic	_	ContainsVariation=No	_	_	_	_	_	_
255-7	TO042	255	7	si	si	_	_	_	_	_	linguistic	_	ContainsVariation=No	_	_	_	_	_	_
255-8	TO042	255	8	potrebbe	potrebbe	_	_	_	_	_	linguistic	_	ContainsVariation=No	_	_	_	_	_	_
255-9	TO042	255	9	anche	anche	_	_	_	_	_	linguistic	_	ContainsVariation=No	_	_	_	_	_	_
255-10	TO042	255	10	valutare	valutare	_	_	_	_	_	linguistic	_	ContainsVariation=No	_	_	_	_	_	_
255-11	TO042	255	11	di::,	di	_	_	_	_	_	linguistic	_	ContainsVariation=No	Intonation=WeaklyRising	End=698.733	1x2	_	_	_
256-0	TO042	256	0	anzi	anzi	_	_	_	_	_	linguistic	_	ContainsVariation=No	_	Begin=699.121	_	_	_	_
256-1	TO042	256	1	sicuramente	sicuramente	_	_	_	_	_	linguistic	_	ContainsVariation=No	_	_	_	_	_	_
256-2	TO042	256	2	si	si	_	_	_	_	_	linguistic	_	ContainsVariation=No	_	_	_	_	_	_
256-3	TO042	256	3	valuterebbe	valuterebbe	_	_	_	_	_	linguistic	_	ContainsVariation=No	_	_	_	_	_	_
256-4	TO042	256	4	di,	di	_	_	_	_	_	linguistic	_	ContainsVariation=No	Intonation=WeaklyRising	End=700.926	_	_	_	_
257-0	TO042	257	0	abitare	abitare	_	_	_	_	_	linguistic	_	ContainsVariation=No	_	Begin=701.565	_	_	_	_
257-1	TO042	257	1	anche	anche	_	_	_	_	_	linguistic	_	ContainsVariation=No	_	_	_	_	_	_
257-2	TO042	257	2	al	al	_	_	_	_	_	linguistic	_	ContainsVariation=No	_	_	_	_	_	_
257-3	TO042	257	3	capo	capo	_	_	_	_	_	linguistic	_	ContainsVariation=No	_	_	_	_	_	_
257-4	TO042	257	4	opposto	opposto	_	_	_	_	_	linguistic	_	ContainsVariation=No	_	_	_	_	_	_
257-5	TO042	257	5	della::	della	_	_	_	_	_	linguistic	_	ContainsVariation=No	_	_	4x2	_	_	_
257-6	TO042	257	6	città.	città	_	_	_	_	_	linguistic	_	ContainsVariation=No	Intonation=Falling	End=704.236	_	_	_	_
258-0	TO999	258	0	(certo).	certo	_	_	_	_	_	linguistic	_	ContainsVariation=No	Intonation=Falling	Begin=705.175	_	_	0-5(0)	_
258-1	TO999	258	1	milano.	milano	_	_	_	_	_	linguistic	_	ContainsVariation=No	Intonation=Falling	End=706.191	_	_	_	_
259-0	TO042	259	0	((ride))	((ride))	_	_	_	_	_	nonverbalbehavior	_	ContainsVariation=No	_	Begin=707.011|End=707.476	_	_	_	_
260-0	TO999	260	0	((ride))	((ride))	_	_	_	_	_	nonverbalbehavior	_	ContainsVariation=No	_	Begin=707.476|End=708.175	_	_	_	_
261-0	TO042	261	0	eh	eh	_	_	_	_	_	linguistic	_	ContainsVariation=No	_	Begin=708.393	_	_	_	_
261-1	TO042	261	1	sì.	sì	_	_	_	_	_	linguistic	_	ContainsVariation=No	Intonation=Falling	End=708.725	_	_	_	_
262-0	TO999	262	0	e	e	_	_	_	_	_	linguistic	_	ContainsVariation=No	_	Begin=710.173	_	_	_	_
262-1	TO999	262	1	una	una	_	_	_	_	_	linguistic	_	ContainsVariation=No	_	_	_	_	_	_
262-2	TO999	262	2	volta	volta	_	_	_	_	_	linguistic	_	ContainsVariation=No	_	_	_	_	_	_
262-3	TO999	262	3	che	che	_	_	_	_	_	linguistic	_	ContainsVariation=No	_	_	_	_	_	_
262-4	TO999	262	4	finirai:::	finirai	_	_	_	_	_	linguistic	_	ContainsVariation=No	PauseAfter=Yes	_	6x3	_	_	_
262-5	TO999	262	5	(.)	(.)	_	_	_	_	_	shortpause	_	ContainsVariation=No	_	_	_	_	_	_
262-6	TO999	262	6	l'	l'	_	_	_	_	_	linguistic	_	ContainsVariation=No	SpaceAfter=No	_	_	_	_	_
262-7	TO999	262	7	assegno	assegno	_	_	_	_	_	linguistic	_	ContainsVariation=No	_	_	_	_	_	_
262-8	TO999	262	8	di	di	_	_	_	_	_	linguistic	_	ContainsVariation=No	_	_	_	_	_	_
262-9	TO999	262	9	dottorato	dottorato	_	_	_	_	_	linguistic	_	ContainsVariation=No	_	_	_	_	_	_
262-10	TO999	262	10	pensi	pensi	_	_	_	_	_	linguistic	_	ContainsVariation=No	_	_	_	_	_	_
262-11	TO999	262	11	che	che	_	_	_	_	_	linguistic	_	ContainsVariation=No	_	_	_	_	_	_
262-12	TO999	262	12	tornerai	tornerai	_	_	_	_	_	linguistic	_	ContainsVariation=No	_	_	_	_	_	_
262-13	TO999	262	13	a	a	_	_	_	_	_	linguistic	_	ContainsVariation=No	_	_	_	_	_	_
262-14	TO999	262	14	casa	casa	_	_	_	_	_	linguistic	_	ContainsVariation=No	_	_	_	_	_	_
262-15	TO999	262	15	o	o	_	_	_	_	_	linguistic	_	ContainsVariation=No	_	_	_	_	_	_
262-16	TO999	262	16	rimarrai	rimarrai	_	_	_	_	_	linguistic	_	ContainsVariation=No	_	_	_	_	_	_
262-17	TO999	262	17	qua?	qua	_	_	_	_	_	linguistic	_	ContainsVariation=No	Intonation=Rising	End=715.954	_	_	_	_
263-0	TO042	263	0	m::h	mh	_	_	_	_	_	linguistic	_	ContainsVariation=No	ProsodicLink=Yes	Begin=716.156	0x2	_	_	_
263-1	TO042	263	1	ma::h,	mah	_	_	_	_	_	linguistic	_	ContainsVariation=No	Intonation=WeaklyRising	End=717.463	1x2	_	_	_
264-0	TO042	264	0	credo	credo	_	_	_	_	_	linguistic	_	ContainsVariation=No	_	Begin=718.221	_	_	_	_
264-1	TO042	264	1	che	che	_	_	_	_	_	linguistic	_	ContainsVariation=No	_	_	_	_	_	_
264-2	TO042	264	2	rimarrò	rimarrò	_	_	_	_	_	linguistic	_	ContainsVariation=No	_	_	_	_	_	_
264-3	TO042	264	3	qua.	qua	_	_	_	_	_	linguistic	_	ContainsVariation=No	Intonation=Falling	End=719.17	_	_	_	_
265-0	TO999	265	0	comunque	comunque	_	_	_	_	_	linguistic	_	ContainsVariation=No	_	Begin=719.991	_	_	_	_
265-1	TO999	265	1	ti	ti	_	_	_	_	_	linguistic	_	ContainsVariation=No	_	_	_	_	_	_
265-2	TO999	265	2	piacerebbe	piacerebbe	_	_	_	_	_	linguistic	_	ContainsVariation=No	_	_	_	_	_	_
265-3	TO999	265	3	continuare	continuare	_	_	_	_	_	linguistic	_	ContainsVariation=No	_	_	_	_	_	_
265-4	TO999	265	4	a	a	_	_	_	_	_	linguistic	_	ContainsVariation=No	_	_	_	_	_	_
265-5	TO999	265	5	vivere	vivere	_	_	_	_	_	linguistic	_	ContainsVariation=No	_	_	_	_	_	_
265-6	TO999	265	6	a	a	_	_	_	_	_	linguistic	_	ContainsVariation=No	_	_	_	_	_	_
265-7	TO999	265	7	torino?	torino	_	_	_	_	_	linguistic	_	ContainsVariation=No	Intonation=Rising	End=722.211	_	_	_	_
266-0	TO042	266	0	sì	sì	_	_	_	_	_	linguistic	_	ContainsVariation=No	_	Begin=722.738	_	_	_	_
266-1	TO042	266	1	>sì	sì	_	_	_	_	_	linguistic	_	ContainsVariation=No	_	_	_	Fast=0-2(0)	_	_
266-2	TO042	266	2	sì	sì	_	_	_	_	_	linguistic	_	ContainsVariation=No	_	_	_	Fast=0-2(0)	_	_
266-3	TO042	266	3	sì<	sì	_	_	_	_	_	linguistic	_	ContainsVariation=No	_	_	_	Fast=0-2(0)	_	_
266-4	TO042	266	4	certo.	certo	_	_	_	_	_	linguistic	_	ContainsVariation=No	Intonation=Falling	End=724.083	_	_	_	_
267-0	TO999	267	0	ma	ma	_	_	_	_	_	linguistic	_	ContainsVariation=No	ProsodicLink=Yes	Begin=724.89	_	_	_	_
267-1	TO999	267	1	e	e	_	_	_	_	_	linguistic	_	ContainsVariation=No	_	_	_	_	_	_
267-2	TO999	267	2	tu	tu	_	_	_	_	_	linguistic	_	ContainsVariation=No	_	_	_	_	_	_
267-3	TO999	267	3	hai	hai	_	_	_	_	_	linguistic	_	ContainsVariation=No	_	_	_	_	_	_
267-4	TO999	267	4	mai	mai	_	_	_	_	_	linguistic	_	ContainsVariation=No	_	_	_	_	_	_
267-5	TO999	267	5	avuto	avuto	_	_	_	_	_	linguistic	_	ContainsVariation=No	_	_	_	_	_	_
267-6	TO999	267	6	esperienze	esperienze	_	_	_	_	_	linguistic	_	ContainsVariation=No	_	_	_	_	_	_
267-7	TO999	267	7	tipo	tipo	_	_	_	_	_	linguistic	_	ContainsVariation=No	_	_	_	_	_	_
267-8	TO999	267	8	erasmu::s	erasmus	_	_	_	_	_	linguistic	_	ContainsVariation=No	_	_	5x2	_	_	_
267-9	TO999	267	9	o	o	_	_	_	_	_	linguistic	_	ContainsVariation=No	_	_	_	_	_	_
267-10	TO999	267	10	comunque	comunque	_	_	_	_	_	linguistic	_	ContainsVariation=No	_	_	_	_	_	_
267-11	TO999	267	11	periodi	periodi	_	_	_	_	_	linguistic	_	ContainsVariation=No	_	_	_	_	_	_
267-12	TO999	267	12	all'	all'	_	_	_	_	_	linguistic	_	ContainsVariation=No	SpaceAfter=No	_	_	_	_	_
267-13	TO999	267	13	estero,	estero	_	_	_	_	_	linguistic	_	ContainsVariation=No	Intonation=WeaklyRising	End=730.137	_	_	_	_
268-0	TO042	268	0	e:::h,	eh	_	_	_	_	_	linguistic	_	ContainsVariation=No	Intonation=WeaklyRising	Begin=730.781|End=731.93	0x3	_	_	_
269-0	TO042	269	0	s:ì	sì	_	_	_	_	_	linguistic	_	ContainsVariation=No	_	Begin=732.723	0x1	_	_	_
269-1	TO042	269	1	ho	ho	_	_	_	_	_	linguistic	_	ContainsVariation=No	_	_	_	_	_	_
269-2	TO042	269	2	fatto	fatto	_	_	_	_	_	linguistic	_	ContainsVariation=No	_	_	_	_	_	_
269-3	TO042	269	3	de:l~	del~	_	_	_	_	_	linguistic	_	ContainsVariation=No	Interrupted=Yes	_	1x1	_	_	_
269-4	TO042	269	4	mh	mh	_	_	_	_	_	linguistic	_	ContainsVariation=No	_	_	_	_	_	_
269-5	TO042	269	5	una	una	_	_	_	_	_	linguistic	_	ContainsVariation=No	_	_	_	_	_	_
269-6	TO042	269	6	scuola	scuola	_	_	_	_	_	linguistic	_	ContainsVariation=No	_	_	_	_	_	_
269-7	TO042	269	7	estiva:	estiva	_	_	_	_	_	linguistic	_	ContainsVariation=No	_	_	5x1	_	_	_
269-8	TO042	269	8	ma::,	ma	_	_	_	_	_	linguistic	_	ContainsVariation=No	Intonation=WeaklyRising	End=736.422	1x2	_	_	_
270-0	TO999	270	0	mhmh,	mhmh	_	_	_	_	_	linguistic	_	ContainsVariation=No	Intonation=WeaklyRising	Begin=737.025|End=737.421	_	_	_	_
271-0	TO042	271	0	e	e	_	_	_	_	_	linguistic	_	ContainsVariation=No	_	Begin=738.378	_	_	_	_
271-1	TO042	271	1	(for~)	for~	_	_	_	_	_	linguistic	_	ContainsVariation=No	Interrupted=Yes	_	_	_	0-4(0)	_
271-2	TO042	271	2	poi	poi	_	_	_	_	_	linguistic	_	ContainsVariation=No	_	_	_	_	_	_
271-3	TO042	271	3	e	e	_	_	_	_	_	linguistic	_	ContainsVariation=No	_	_	_	_	_	_
271-4	TO042	271	4	poi	poi	_	_	_	_	_	linguistic	_	ContainsVariation=No	_	_	_	_	_	_
271-5	TO042	271	5	forse	forse	_	_	_	_	_	linguistic	_	ContainsVariation=No	_	_	_	_	_	_
271-6	TO042	271	6	qualcos'	qualcos'	_	_	_	_	_	linguistic	_	ContainsVariation=No	SpaceAfter=No	_	_	_	_	_
271-7	TO042	271	7	altro:	altro	_	_	_	_	_	linguistic	_	ContainsVariation=No	_	_	4x1	_	_	_
271-8	TO042	271	8	x~	x~	_	_	_	_	_	linguistic	_	ContainsVariation=No	Interrupted=Yes	End=740.733	_	_	_	_
272-0	TO999	272	0	dove?	dove	_	_	_	_	_	linguistic	_	ContainsVariation=No	Intonation=Rising	Begin=740.75|End=741.146	_	_	_	_
273-0	TO042	273	0	scuola	scuola	_	_	_	_	_	linguistic	_	ContainsVariation=No	_	Begin=741.775	_	_	_	_
273-1	TO042	273	1	estiva	estiva	_	_	_	_	_	linguistic	_	ContainsVariation=No	_	_	_	_	_	_
273-2	TO042	273	2	a:::	a	_	_	_	_	_	linguistic	_	ContainsVariation=No	_	_	0x3	_	_	_
273-3	TO042	273	3	bellin[zona].	bellinzona	_	_	_	_	_	linguistic	_	ContainsVariation=No	Intonation=Falling	End=744.503	_	_	_	6-10(2)
274-0	TO999	274	0	[mh]	mh	_	_	_	_	_	linguistic	_	ContainsVariation=No	_	Begin=744.192	_	_	_	0-2(2)
274-1	TO999	274	1	mh,	mh	_	_	_	_	_	linguistic	_	ContainsVariation=No	Intonation=WeaklyRising	End=744.623	_	_	_	_
275-0	TO999	275	0	e	e	_	_	_	_	_	linguistic	_	ContainsVariation=No	_	Begin=744.69	_	_	_	_
275-1	TO999	275	1	come	come	_	_	_	_	_	linguistic	_	ContainsVariation=No	_	_	_	_	_	_
275-2	TO999	275	2	funziona	funziona	_	_	_	_	_	linguistic	_	ContainsVariation=No	_	_	_	_	_	_
275-3	TO999	275	3	lì?	lì	_	_	_	_	_	linguistic	_	ContainsVariation=No	Intonation=Rising	End=745.868	_	_	_	_
276-0	TO042	276	0	e:::h,	eh	_	_	_	_	_	linguistic	_	ContainsVariation=No	Intonation=WeaklyRising	Begin=746.636|End=747.44	0x3	_	_	_
277-0	TO042	277	0	quando	quando	_	_	_	_	_	linguistic	_	ContainsVariation=No	_	Begin=749.405	_	_	_	_
277-1	TO042	277	1	l'	l'	_	_	_	_	_	linguistic	_	ContainsVariation=No	SpaceAfter=No	_	_	_	_	_
277-2	TO042	277	2	ho	ho	_	_	_	_	_	linguistic	_	ContainsVariation=No	_	_	_	_	_	_
277-3	TO042	277	3	fatto	fatto	_	_	_	_	_	linguistic	_	ContainsVariation=No	_	_	_	_	_	_
277-4	TO042	277	4	io	io	_	_	_	_	_	linguistic	_	ContainsVariation=No	_	_	_	_	_	_
277-5	TO042	277	5	era	era	_	_	_	_	_	linguistic	_	ContainsVariation=No	_	_	_	_	_	_
277-6	TO042	277	6	di	di	_	_	_	_	_	linguistic	_	ContainsVariation=No	_	_	_	_	_	_
277-7	TO042	277	7	una	una	_	_	_	_	_	linguistic	_	ContainsVariation=No	_	_	_	_	_	_
277-8	TO042	277	8	settimana	settimana	_	_	_	_	_	linguistic	_	ContainsVariation=No	_	_	_	_	_	_
277-9	TO042	277	9	e	e	_	_	_	_	_	linguistic	_	ContainsVariation=No	_	_	_	_	_	_
277-10	TO042	277	10	c'	c'	_	_	_	_	_	linguistic	_	ContainsVariation=No	SpaceAfter=No	_	_	_	_	_
277-11	TO042	277	11	erano,	erano	_	_	_	_	_	linguistic	_	ContainsVariation=No	Intonation=WeaklyRising	End=752.596	_	_	_	_
278-0	TO042	278	0	lezioni	lezioni	_	_	_	_	_	linguistic	_	ContainsVariation=No	_	Begin=753.018	_	_	_	_
278-1	TO042	278	1	pe:r,	per	_	_	_	_	_	linguistic	_	ContainsVariation=No	Intonation=WeaklyRising	End=754.51	1x1	_	_	_
279-0	TO042	279	0	non	non	_	_	_	_	_	linguistic	_	ContainsVariation=No	_	Begin=755.715	_	_	_	_
279-1	TO042	279	1	mi	mi	_	_	_	_	_	linguistic	_	ContainsVariation=No	_	_	_	_	_	_
279-2	TO042	279	2	ricordo	ricordo	_	_	_	_	_	linguistic	_	ContainsVariation=No	_	_	_	_	_	_
279-3	TO042	279	3	quante	quante	_	_	_	_	_	linguistic	_	ContainsVariation=No	_	_	_	_	_	_
279-4	TO042	279	4	ore	ore	_	_	_	_	_	linguistic	_	ContainsVariation=No	_	_	_	_	_	_
279-5	TO042	279	5	al	al	_	_	_	_	_	linguistic	_	ContainsVariation=No	_	_	_	_	_	_
279-6	TO042	279	6	giorno	giorno	_	_	_	_	_	linguistic	_	ContainsVariation=No	_	_	_	_	_	_
279-7	TO042	279	7	sei	sei	_	_	_	_	_	linguistic	_	ContainsVariation=No	_	_	_	_	_	_
279-8	TO042	279	8	ore	ore	_	_	_	_	_	linguistic	_	ContainsVariation=No	_	_	_	_	_	_
279-9	TO042	279	9	al	al	_	_	_	_	_	linguistic	_	ContainsVariation=No	_	_	_	_	_	_
279-10	TO042	279	10	giorno	giorno	_	_	_	_	_	linguistic	_	ContainsVariation=No	_	_	_	_	_	_
279-11	TO042	279	11	sette	sette	_	_	_	_	_	linguistic	_	ContainsVariation=No	_	_	_	_	_	_
279-12	TO042	279	12	ore	ore	_	_	_	_	_	linguistic	_	ContainsVariation=No	_	_	_	_	_	_
279-13	TO042	279	13	al	al	_	_	_	_	_	linguistic	_	ContainsVariation=No	_	_	_	_	_	_
279-14	TO042	279	14	giorno,	giorno	_	_	_	_	_	linguistic	_	ContainsVariation=No	Intonation=WeaklyRising	End=759.273	_	_	_	_
280-0	TO042	280	0	dal	dal	_	_	_	_	_	linguistic	_	ContainsVariation=No	_	Begin=760.336	_	_	_	_
280-1	TO042	280	1	lunedì	lunedì	_	_	_	_	_	linguistic	_	ContainsVariation=No	_	_	_	_	_	_
280-2	TO042	280	2	al	al	_	_	_	_	_	linguistic	_	ContainsVariation=No	_	_	_	_	_	_
280-3	TO042	280	3	sabato.	sabato	_	_	_	_	_	linguistic	_	ContainsVariation=No	Intonation=Falling	End=761.665	_	_	_	_
281-0	TO042	281	0	e	e	_	_	_	_	_	linguistic	_	ContainsVariation=No	_	Begin=762.45	_	_	_	_
281-1	TO042	281	1	si	si	_	_	_	_	_	linguistic	_	ContainsVariation=No	_	_	_	_	_	_
281-2	TO042	281	2	stava	stava	_	_	_	_	_	linguistic	_	ContainsVariation=No	_	_	_	_	_	_
281-3	TO042	281	3	in	in	_	_	_	_	_	linguistic	_	ContainsVariation=No	_	_	_	_	_	_
281-4	TO042	281	4	ostello,	ostello	_	_	_	_	_	linguistic	_	ContainsVariation=No	Intonation=WeaklyRising	End=763.881	_	_	_	_
282-0	TO042	282	0	e::h,	eh	_	_	_	_	_	linguistic	_	ContainsVariation=No	Intonation=WeaklyRising	Begin=765.076|End=766.015	0x2	_	_	_
283-0	TO999	283	0	tutti	tutti	_	_	_	_	_	linguistic	_	ContainsVariation=No	_	Begin=766.333	_	_	_	_
283-1	TO999	283	1	insieme?	insieme	_	_	_	_	_	linguistic	_	ContainsVariation=No	Intonation=Rising	End=767.228	_	_	_	_
284-0	TO042	284	0	sì.	sì	_	_	_	_	_	linguistic	_	ContainsVariation=No	Intonation=Falling	Begin=767.228|End=767.448	_	_	_	_
285-0	TO042	285	0	°sì	sì	_	_	_	_	_	linguistic	_	ContainsVariation=No	Volume=low	Begin=767.66	_	_	_	_
285-1	TO042	285	1	sì	sì	_	_	_	_	_	linguistic	_	ContainsVariation=No	Volume=low	_	_	_	_	_
285-2	TO042	285	2	sì.°	sì	_	_	_	_	_	linguistic	_	ContainsVariation=No	Intonation=Falling|Volume=low	End=768.345	_	_	_	_
286-0	TO042	286	0	molto	molto	_	_	_	_	_	linguistic	_	ContainsVariation=No	_	Begin=769.075	_	_	_	_
286-1	TO042	286	1	un'	un'	_	_	_	_	_	linguistic	_	ContainsVariation=No	SpaceAfter=No	_	_	_	_	_
286-2	TO042	286	2	esperienza	esperienza	_	_	_	_	_	linguistic	_	ContainsVariation=No	_	_	_	_	_	_
286-3	TO042	286	3	molto	molto	_	_	_	_	_	linguistic	_	ContainsVariation=No	_	_	_	_	_	_
286-4	TO042	286	4	bella.	bella	_	_	_	_	_	linguistic	_	ContainsVariation=No	Intonation=Falling	End=770.786	_	_	_	_
287-0	TO999	287	0	sì	sì	_	_	_	_	_	linguistic	_	ContainsVariation=No	_	Begin=771.23	_	_	_	_
287-1	TO999	287	1	sono	sono	_	_	_	_	_	linguistic	_	ContainsVariation=No	_	_	_	_	_	_
287-2	TO999	287	2	quelle	quelle	_	_	_	_	_	linguistic	_	ContainsVariation=No	_	_	_	_	_	_
287-3	TO999	287	3	dinamiche	dinamiche	_	_	_	_	_	linguistic	_	ContainsVariation=No	_	_	_	_	_	_
287-4	TO999	287	4	un	un	_	_	_	_	_	linguistic	_	ContainsVariation=No	_	_	_	_	_	_
287-5	TO999	287	5	po'	po'	_	_	_	_	_	linguistic	_	ContainsVariation=No	_	_	_	_	_	_
287-6	TO999	287	6	tipo	tipo	_	_	_	_	_	linguistic	_	ContainsVariation=No	_	_	_	_	_	_
287-7	TO999	287	7	classe:	classe	_	_	_	_	_	linguistic	_	ContainsVariation=No	_	_	5x1	_	_	_
287-8	TO999	287	8	((ride))	((ride))	_	_	_	_	_	nonverbalbehavior	_	ContainsVariation=No	_	_	_	_	_	_
287-9	TO999	287	9	delle	delle	_	_	_	_	_	linguistic	_	ContainsVariation=No	_	_	_	_	_	_
287-10	TO999	287	10	delle	delle	_	_	_	_	_	linguistic	_	ContainsVariation=No	_	_	_	_	_	_
287-11	TO999	287	11	superiori::,	superiori	_	_	_	_	_	linguistic	_	ContainsVariation=No	Intonation=WeaklyRising	_	8x2	_	_	_
287-12	TO999	287	12	((ride))	((ride))	_	_	_	_	_	nonverbalbehavior	_	ContainsVariation=No	_	End=777.0	_	_	_	_
288-0	TO042	288	0	no	no	_	_	_	_	_	linguistic	_	ContainsVariation=No	_	Begin=776.555	_	_	_	_
288-1	TO042	288	1	no	no	_	_	_	_	_	linguistic	_	ContainsVariation=No	_	_	_	_	_	_
288-2	TO042	288	2	certo	certo	_	_	_	_	_	linguistic	_	ContainsVariation=No	_	_	_	_	_	_
288-3	TO042	288	3	poi	poi	_	_	_	_	_	linguistic	_	ContainsVariation=No	_	_	_	_	_	_
288-4	TO042	288	4	con	con	_	_	_	_	_	linguistic	_	ContainsVariation=No	_	_	_	_	_	_
288-5	TO042	288	5	studenti	studenti	_	_	_	_	_	linguistic	_	ContainsVariation=No	_	_	_	_	_	_
288-6	TO042	288	6	da	da	_	_	_	_	_	linguistic	_	ContainsVariation=No	_	_	_	_	_	_
288-7	TO042	288	7	ogni	ogni	_	_	_	_	_	linguistic	_	ContainsVariation=No	PauseAfter=Yes	_	_	_	_	_
288-8	TO042	288	8	(.)	(.)	_	_	_	_	_	shortpause	_	ContainsVariation=No	_	_	_	_	_	_
288-9	TO042	288	9	svizzeri	svizzeri	_	_	_	_	_	linguistic	_	ContainsVariation=No	_	_	_	_	_	_
288-10	TO042	288	10	italiani:	italiani	_	_	_	_	_	linguistic	_	ContainsVariation=No	_	_	7x1	_	_	_
288-11	TO042	288	11	insomma	insomma	_	_	_	_	_	linguistic	_	ContainsVariation=No	ProsodicLink=Yes	_	_	_	_	_
288-12	TO042	288	12	°m:h°,	mh	_	_	_	_	_	linguistic	_	ContainsVariation=No	Intonation=WeaklyRising|Volume=low	End=780.44	0x1	_	_	_
289-0	TO042	289	0	stranieri	stranieri	_	_	_	_	_	linguistic	_	ContainsVariation=No	_	Begin=780.796	_	_	_	_
289-1	TO042	289	1	°anche	anche	_	_	_	_	_	linguistic	_	ContainsVariation=No	Volume=low	_	_	_	_	_
289-2	TO042	289	2	a	a	_	_	_	_	_	linguistic	_	ContainsVariation=No	Volume=low	_	_	_	_	_
289-3	TO042	289	3	volte.°	volte	_	_	_	_	_	linguistic	_	ContainsVariation=No	Intonation=Falling|Volume=low	End=781.908	_	_	_	_
290-0	TO999	290	0	nel	nel	_	_	_	_	_	linguistic	_	ContainsVariation=No	_	Begin=781.906	_	_	_	_
290-1	TO999	290	1	senso	senso	_	_	_	_	_	linguistic	_	ContainsVariation=No	_	_	_	_	_	_
290-2	TO999	290	2	sia	sia	_	_	_	_	_	linguistic	_	ContainsVariation=No	_	_	_	_	_	_
290-3	TO999	290	3	studenti::	studenti	_	_	_	_	_	linguistic	_	ContainsVariation=No	_	_	7x2	_	_	_
290-4	TO999	290	4	che:	che	_	_	_	_	_	linguistic	_	ContainsVariation=No	_	_	2x1	_	_	_
290-5	TO999	290	5	dottorandi	dottorandi	_	_	_	_	_	linguistic	_	ContainsVariation=No	_	_	_	_	_	_
290-6	TO999	290	6	c[i	ci	_	_	_	_	_	linguistic	_	ContainsVariation=No	_	_	_	_	_	1-2(13)
290-7	TO999	290	7	sono]?	sono	_	_	_	_	_	linguistic	_	ContainsVariation=No	Intonation=Rising	End=785.256	_	_	_	0-4(13)
291-0	TO042	291	0	[sì	sì	_	_	_	_	_	linguistic	_	ContainsVariation=No	_	Begin=784.801	_	_	_	0-2(13)
291-1	TO042	291	1	s]ì	sì	_	_	_	_	_	linguistic	_	ContainsVariation=No	_	_	_	_	_	0-1(13)
291-2	TO042	291	2	sì	sì	_	_	_	_	_	linguistic	_	ContainsVariation=No	_	_	_	_	_	_
291-3	TO042	291	3	[certo].	certo	_	_	_	_	_	linguistic	_	ContainsVariation=No	Intonation=Falling	End=785.941	_	_	_	0-5(14)
292-0	TO999	292	0	[mhmh].	mhmh	_	_	_	_	_	linguistic	_	ContainsVariation=No	Intonation=Falling	Begin=785.536|End=785.918	_	_	_	0-4(14)
293-0	TO999	293	0	mhmh,	mhmh	_	_	_	_	_	linguistic	_	ContainsVariation=No	Intonation=WeaklyRising	Begin=786.341|End=786.7	_	_	_	_
294-0	TO999	294	0	ed	ed	_	_	_	_	_	linguistic	_	ContainsVariation=No	_	Begin=787.088	_	_	_	_
294-1	TO999	294	1	è	è	_	_	_	_	_	linguistic	_	ContainsVariation=No	_	_	_	_	_	_
294-2	TO999	294	2	fatto	fatto	_	_	_	_	_	linguistic	_	ContainsVariation=No	_	_	_	_	_	_
294-3	TO999	294	3	abbastanza	abbastanza	_	_	_	_	_	linguistic	_	ContainsVariation=No	_	_	_	_	_	_
294-4	TO999	294	4	bene?	bene	_	_	_	_	_	linguistic	_	ContainsVariation=No	Intonation=Rising	_	_	_	_	_
294-5	TO999	294	5	cioè	cioè	_	_	_	_	_	linguistic	_	ContainsVariation=No	_	_	_	_	_	_
294-6	TO999	294	6	(no)	no	_	_	_	_	_	linguistic	_	ContainsVariation=No	_	_	_	_	0-2(0)	_
294-7	TO999	294	7	sono	sono	_	_	_	_	_	linguistic	_	ContainsVariation=No	_	_	_	_	_	_
294-8	TO999	294	8	tutti	tutti	_	_	_	_	_	linguistic	_	ContainsVariation=No	_	_	_	_	_	_
294-9	TO999	294	9	di	di	_	_	_	_	_	linguistic	_	ContainsVariation=No	_	_	_	_	_	_
294-10	TO999	294	10	solito	solito	_	_	_	_	_	linguistic	_	ContainsVariation=No	_	_	_	_	_	_
294-11	TO999	294	11	contenti.	contenti	_	_	_	_	_	linguistic	_	ContainsVariation=No	Intonation=Falling	End=790.165	_	_	_	_
295-0	TO042	295	0	certo.	certo	_	_	_	_	_	linguistic	_	ContainsVariation=No	Intonation=Falling	Begin=790.296|End=790.738	_	_	_	_
296-0	TO042	296	0	certo	certo	_	_	_	_	_	linguistic	_	ContainsVariation=No	_	Begin=790.975	_	_	_	_
296-1	TO042	296	1	°(è)	è	_	_	_	_	_	linguistic	_	ContainsVariation=No	Volume=low	_	_	_	0-1(0)	_
296-2	TO042	296	2	fatto	fatto	_	_	_	_	_	linguistic	_	ContainsVariation=No	Volume=low	_	_	_	_	_
296-3	TO042	296	3	molto	molto	_	_	_	_	_	linguistic	_	ContainsVariation=No	Volume=low	_	_	_	_	_
296-4	TO042	296	4	bene.°	bene	_	_	_	_	_	linguistic	_	ContainsVariation=No	Intonation=Falling|Volume=low	End=792.138	_	_	_	_
297-0	TO999	297	0	°okay°	okay	_	_	_	_	_	linguistic	_	ContainsVariation=No	Volume=low	Begin=793.895	_	_	_	_
297-1	TO999	297	1	cosa	cosa	_	_	_	_	_	linguistic	_	ContainsVariation=No	_	_	_	_	_	_
297-2	TO999	297	2	ti	ti	_	_	_	_	_	linguistic	_	ContainsVariation=No	_	_	_	_	_	_
297-3	TO999	297	3	posso	posso	_	_	_	_	_	linguistic	_	ContainsVariation=No	_	_	_	_	_	_
297-4	TO999	297	4	ancora	ancora	_	_	_	_	_	linguistic	_	ContainsVariation=No	_	_	_	_	_	_
297-5	TO999	297	5	chiedere?	chiedere	_	_	_	_	_	linguistic	_	ContainsVariation=No	Intonation=Rising	End=795.95	_	_	_	_
298-0	TO999	298	0	°basta	basta	_	_	_	_	_	linguistic	_	ContainsVariation=No	Volume=low	Begin=797.581	_	_	_	_
298-1	TO999	298	1	così.	così	_	_	_	_	_	linguistic	_	ContainsVariation=No	Intonation=Falling|Volume=low	_	_	_	_	_
298-2	TO999	298	2	direi	direi	_	_	_	_	_	linguistic	_	ContainsVariation=No	Volume=low	_	_	_	_	_
298-3	TO999	298	3	che	che	_	_	_	_	_	linguistic	_	ContainsVariation=No	Volume=low	_	_	_	_	_
298-4	TO999	298	4	siamo	siamo	_	_	_	_	_	linguistic	_	ContainsVariation=No	Volume=low	_	_	_	_	_
298-5	TO999	298	5	a	a	_	_	_	_	_	linguistic	_	ContainsVariation=No	Volume=low	_	_	_	_	_
298-6	TO999	298	6	posto.°	posto	_	_	_	_	_	linguistic	_	ContainsVariation=No	Intonation=Falling|Volume=low	End=799.06	_	_	_	_
