token_id	speaker	tu_id	unit	id	span	form	lemma	upos	xpos	feats	deprel	type	meta_label	variation	jefferson_feats	align	prolongations	pace	guesses	overlaps
0-0	TO071	0	0	0	>allora<	allora	_	_	_	_	_	linguistic	_	none	_	Begin=0.717	_	Fast=0-6(0)	_	_
0-1	TO071	0	0	1	daniela	daniela	_	_	_	_	_	linguistic	_	none	_	_	_	_	_	_
0-2	TO071	0	0	2	grazie	grazie	_	_	_	_	_	linguistic	_	none	_	_	_	_	_	_
0-3	TO071	0	0	3	mille	mille	_	_	_	_	_	linguistic	_	none	_	_	_	_	_	_
0-4	TO071	0	0	4	per	per	_	_	_	_	_	linguistic	_	none	_	_	_	_	_	_
0-5	TO071	0	0	5	aver	aver	_	_	_	_	_	linguistic	_	none	_	_	_	_	_	_
0-6	TO071	0	0	6	partecipato	partecipato	_	_	_	_	_	linguistic	_	none	_	_	_	_	_	_
0-7	TO071	0	0	7	a	a	_	_	_	_	_	linguistic	_	none	_	_	_	_	_	_
0-8	TO071	0	0	8	questa	questa	_	_	_	_	_	linguistic	_	none	_	_	_	_	_	_
0-9	TO071	0	0	9	cosa,	cosa	_	_	_	_	_	linguistic	_	none	Intonation=WeaklyRising	End=3.746	_	_	_	_
1-0	TO071	1	1	0	ehm	ehm	_	_	_	_	_	linguistic	_	none	_	Begin=4.003|End=4.483	_	_	_	_
2-0	TO071	2	2	0	quello	quello	_	_	_	_	_	linguistic	_	none	_	Begin=4.856	_	_	_	_
2-1	TO071	2	2	1	che	che	_	_	_	_	_	linguistic	_	none	_	_	_	_	_	_
2-2	TO071	2	2	2	ti	ti	_	_	_	_	_	linguistic	_	none	_	_	_	_	_	_
2-3	TO071	2	2	3	chiedo	chiedo	_	_	_	_	_	linguistic	_	none	_	_	_	_	_	_
2-4	TO071	2	2	4	io	io	_	_	_	_	_	linguistic	_	none	_	_	_	_	_	_
2-5	TO071	2	2	5	è	è	_	_	_	_	_	linguistic	_	none	_	_	_	_	_	_
2-6	TO071	2	2	6	di	di	_	_	_	_	_	linguistic	_	none	_	_	_	_	_	_
2-7	TO071	2	2	7	parlare	parlare	_	_	_	_	_	linguistic	_	none	_	_	_	_	_	_
2-8	TO071	2	2	8	del	del	_	_	_	_	_	linguistic	_	none	_	_	_	_	_	_
2-9	TO071	2	2	9	concetto	concetto	_	_	_	_	_	linguistic	_	none	_	_	_	_	_	_
2-10	TO071	2	2	10	di:	di	_	_	_	_	_	linguistic	_	none	_	_	1x1	_	_	_
2-11	TO071	2	2	11	casa.	casa	_	_	_	_	_	linguistic	_	none	Intonation=Falling	End=7.386	_	_	_	_
3-0	TO071	3	3	0	okay?	okay	_	_	_	_	_	linguistic	_	none	Intonation=Rising	Begin=7.89|End=8.212	_	_	_	_
4-0	TO080	4	4	0	okay,	okay	_	_	_	_	_	linguistic	_	none	Intonation=WeaklyRising	Begin=8.212|End=8.604	_	_	_	_
5-0	TO071	5	5	0	parliamo	parliamo	_	_	_	_	_	linguistic	_	none	_	Begin=8.604	_	_	_	_
5-1	TO071	5	5	1	di	di	_	_	_	_	_	linguistic	_	none	_	_	_	_	_	_
5-2	TO071	5	5	2	case,	case	_	_	_	_	_	linguistic	_	none	Intonation=WeaklyRising	_	_	_	_	_
5-3	TO071	5	5	3	e:hm	ehm	_	_	_	_	_	linguistic	_	none	_	_	0x1	_	_	_
5-4	TO071	5	5	4	per	per	_	_	_	_	_	linguistic	_	none	_	_	_	_	_	_
5-5	TO071	5	5	5	farlo:	farlo	_	_	_	_	_	linguistic	_	none	_	_	4x1	_	_	_
5-6	TO071	5	5	6	come	come	_	_	_	_	_	linguistic	_	none	_	_	_	_	_	_
5-7	TO071	5	5	7	dire	dire	_	_	_	_	_	linguistic	_	none	_	_	_	_	_	_
5-8	TO071	5	5	8	molto	molto	_	_	_	_	_	linguistic	_	none	_	_	_	_	_	_
5-9	TO071	5	5	9	semplicemente,	semplicemente	_	_	_	_	_	linguistic	_	none	Intonation=WeaklyRising	End=13.733	_	_	_	_
6-0	TO071	6	6	0	ehm	ehm	_	_	_	_	_	linguistic	_	none	_	Begin=14.173|End=14.493	_	_	_	_
7-0	TO071	7	7	0	mi	mi	_	_	_	_	_	linguistic	_	none	_	Begin=14.844	_	_	_	_
7-1	TO071	7	7	1	puoi	puoi	_	_	_	_	_	linguistic	_	none	_	_	_	_	_	_
7-2	TO071	7	7	2	dire	dire	_	_	_	_	_	linguistic	_	none	_	_	_	_	_	_
7-3	TO071	7	7	3	dove	dove	_	_	_	_	_	linguistic	_	none	_	_	_	_	_	_
7-4	TO071	7	7	4	hai	hai	_	_	_	_	_	linguistic	_	none	_	_	_	_	_	_
7-5	TO071	7	7	5	vissuto	vissuto	_	_	_	_	_	linguistic	_	none	_	_	_	_	_	_
7-6	TO071	7	7	6	nel	nel	_	_	_	_	_	linguistic	_	none	_	_	_	_	_	_
7-7	TO071	7	7	7	duemila	duemila	_	_	_	_	_	linguistic	_	none	_	_	_	_	_	_
7-8	TO071	7	7	8	diciotto?	diciotto	_	_	_	_	_	linguistic	_	none	Intonation=Rising	End=17.376	_	_	_	_
8-0	TO071	8	8	0	ad	ad	_	_	_	_	_	linguistic	_	none	_	Begin=17.683	_	_	_	_
8-1	TO071	8	8	1	esemp[io	esempio	_	_	_	_	_	linguistic	_	none	_	_	_	_	_	5-7(0)
8-2	TO071	8	8	2	qual	qual	_	_	_	_	_	linguistic	_	none	_	_	_	_	_	0-4(0)
8-3	TO071	8	8	3	è	è	_	_	_	_	_	linguistic	_	none	_	_	_	_	_	0-1(0)
8-4	TO071	8	8	4	la	la	_	_	_	_	_	linguistic	_	none	_	_	_	_	_	0-2(0)
8-5	TO071	8	8	5	tua	tua	_	_	_	_	_	linguistic	_	none	_	_	_	_	_	0-3(0)
8-6	TO071	8	8	6	casa]	casa	_	_	_	_	_	linguistic	_	none	_	_	_	_	_	0-4(0)
8-7	TO071	8	8	7	non	non	_	_	_	_	_	linguistic	_	none	_	_	_	_	_	_
8-8	TO071	8	8	8	lo	lo	_	_	_	_	_	linguistic	_	none	_	_	_	_	_	_
8-9	TO071	8	8	9	so	so	_	_	_	_	_	linguistic	_	none	_	_	_	_	_	_
8-10	TO071	8	8	10	torinese	torinese	_	_	_	_	_	linguistic	_	none	_	_	_	_	_	_
8-11	TO071	8	8	11	o	o	_	_	_	_	_	linguistic	_	none	_	_	_	_	_	_
8-12	TO071	8	8	12	degli	degli	_	_	_	_	_	linguistic	_	none	_	_	_	_	_	_
8-13	TO071	8	8	13	altri	altri	_	_	_	_	_	linguistic	_	none	_	_	_	_	_	_
8-14	TO071	8	8	14	[xxx]	xxx	_	_	_	_	_	unknown	_	none	Syllables=3	End=21.17	_	_	_	0-3(1)
9-0	TO080	9	9	0	[torinese	torinese	_	_	_	_	_	linguistic	_	none	_	Begin=18.13	_	_	_	0-8(0)
9-1	TO080	9	9	1	o	o	_	_	_	_	_	linguistic	_	none	_	_	_	_	_	0-1(0)
9-2	TO080	9	9	2	altre]?	altre	_	_	_	_	_	linguistic	_	none	Intonation=Rising	End=19.121	_	_	_	0-5(0)
10-0	TO080	10	10	0	[okay]	okay	_	_	_	_	_	linguistic	_	none	_	Begin=20.85|End=21.17	_	_	_	0-4(1)
11-0	TO080	11	11	0	>(quindi)<	quindi	_	_	_	_	_	linguistic	_	none	_	Begin=21.451	_	Fast=0-6(0)	0-6(0)	_
11-1	TO080	11	11	1	sì	sì	_	_	_	_	_	linguistic	_	none	_	_	_	_	_	_
11-2	TO080	11	11	2	nel	nel	_	_	_	_	_	linguistic	_	none	_	_	_	_	_	_
11-3	TO080	11	11	3	duemila	duemila	_	_	_	_	_	linguistic	_	none	_	_	_	_	_	_
11-4	TO080	11	11	4	diciotto	diciotto	_	_	_	_	_	linguistic	_	none	_	_	_	_	_	_
11-5	TO080	11	11	5	ho	ho	_	_	_	_	_	linguistic	_	none	_	_	_	_	_	_
11-6	TO080	11	11	6	vissuto	vissuto	_	_	_	_	_	linguistic	_	none	_	_	_	_	_	_
11-7	TO080	11	11	7	qua	qua	_	_	_	_	_	linguistic	_	none	_	_	_	_	_	_
11-8	TO080	11	11	8	a	a	_	_	_	_	_	linguistic	_	none	_	_	_	_	_	_
11-9	TO080	11	11	9	torino,	torino	_	_	_	_	_	linguistic	_	none	Intonation=WeaklyRising	End=24.12	_	_	_	_
12-0	TO071	12	12	0	mhmh	mhmh	_	_	_	_	_	linguistic	_	none	_	Begin=24.12|End=24.63	_	_	_	_
13-0	TO080	13	13	0	e:::	e	_	_	_	_	_	linguistic	_	none	_	Begin=24.954	0x3	_	_	_
13-1	TO080	13	13	1	niente	niente	_	_	_	_	_	linguistic	_	none	_	_	_	_	_	_
13-2	TO080	13	13	2	vivo	vivo	_	_	_	_	_	linguistic	_	none	_	_	_	_	_	_
13-3	TO080	13	13	3	in::	in	_	_	_	_	_	linguistic	_	none	_	_	1x2	_	_	_
13-4	TO080	13	13	4	in	in	_	_	_	_	_	linguistic	_	none	_	_	_	_	_	_
13-5	TO080	13	13	5	un	un	_	_	_	_	_	linguistic	_	none	_	_	_	_	_	_
13-6	TO080	13	13	6	bilocale,	bilocale	_	_	_	_	_	linguistic	_	none	Intonation=WeaklyRising	End=29.13	_	_	_	_
14-0	TO071	14	14	0	mhmh	mhmh	_	_	_	_	_	linguistic	_	none	_	Begin=29.13|End=29.595	_	_	_	_
15-0	TO080	15	15	0	e::hm	ehm	_	_	_	_	_	linguistic	_	none	_	Begin=29.595	0x2	_	_	_
15-1	TO080	15	15	1	non	non	_	_	_	_	_	linguistic	_	none	_	_	_	_	_	_
15-2	TO080	15	15	2	lontano	lontano	_	_	_	_	_	linguistic	_	none	_	_	_	_	_	_
15-3	TO080	15	15	3	dall'	dall'	_	_	_	_	_	linguistic	_	none	SpaceAfter=No	_	_	_	_	_
15-4	TO080	15	15	4	università	università	_	_	_	_	_	linguistic	_	none	_	_	_	_	_	_
15-5	TO080	15	15	5	quindi	quindi	_	_	_	_	_	linguistic	_	none	_	_	_	_	_	_
15-6	TO080	15	15	6	in	in	_	_	_	_	_	linguistic	_	none	_	_	_	_	_	_
15-7	TO080	15	15	7	zona	zona	_	_	_	_	_	linguistic	_	none	_	_	_	_	_	_
15-8	TO080	15	15	8	centro,	centro	_	_	_	_	_	linguistic	_	none	Intonation=WeaklyRising	End=32.867	_	_	_	_
16-0	TO080	16	16	0	e:::	e	_	_	_	_	_	linguistic	_	none	_	Begin=33.728|End=35.104	0x3	_	_	_
17-0	TO080	17	17	0	è	è	_	_	_	_	_	linguistic	_	none	_	Begin=35.999	_	_	_	_
17-1	TO080	17	17	1	piccol(o)	piccolo	_	_	_	_	_	linguistic	_	none	_	End=36.763	_	_	6-7(0)	_
18-0	TO071	18	18	0	okay,	okay	_	_	_	_	_	linguistic	_	none	Intonation=WeaklyRising	Begin=36.731	_	_	_	_
18-1	TO071	18	18	1	è	è	_	_	_	_	_	linguistic	_	none	_	_	_	_	_	_
18-2	TO071	18	18	2	un	un	_	_	_	_	_	linguistic	_	none	_	_	_	_	_	_
18-3	TO071	18	18	3	bilo[cale,	bilocale	_	_	_	_	_	linguistic	_	none	Intonation=WeaklyRising	_	_	_	_	4-8(3)
18-4	TO071	18	18	4	ma	ma	_	_	_	_	_	linguistic	_	none	_	_	_	_	_	0-2(3)
18-5	TO071	18	18	5	vivi	vivi	_	_	_	_	_	linguistic	_	none	_	_	_	_	_	0-4(3)
18-6	TO071	18	18	6	da	da	_	_	_	_	_	linguistic	_	none	_	_	_	_	_	0-2(3)
18-7	TO071	18	18	7	sola]	sola	_	_	_	_	_	linguistic	_	none	_	_	_	_	_	0-4(3)
18-8	TO071	18	18	8	o	o	_	_	_	_	_	linguistic	_	none	_	_	_	_	_	_
18-9	TO071	18	18	9	comunqnue	comunqnue	_	_	_	_	_	linguistic	_	none	_	_	_	_	_	_
18-10	TO071	18	18	10	con?	con	_	_	_	_	_	linguistic	_	none	Intonation=Rising	End=39.246	_	_	_	_
19-0	TO080	19	19	0	[sì	sì	_	_	_	_	_	linguistic	_	none	_	Begin=37.48	_	_	_	0-2(3)
19-1	TO080	19	19	1	è	è	_	_	_	_	_	linguistic	_	none	_	_	_	_	_	0-1(3)
19-2	TO080	19	19	2	un	un	_	_	_	_	_	linguistic	_	none	_	_	_	_	_	0-2(3)
19-3	TO080	19	19	3	bilocale]	bilocale	_	_	_	_	_	linguistic	_	none	_	End=38.676	_	_	_	0-8(3)
20-0	TO080	20	20	0	vivo	vivo	_	_	_	_	_	linguistic	_	none	_	Begin=39.251	_	_	_	_
20-1	TO080	20	20	1	da	da	_	_	_	_	_	linguistic	_	none	_	_	_	_	_	_
20-2	TO080	20	20	2	sola,	sola	_	_	_	_	_	linguistic	_	none	Intonation=WeaklyRising	End=40.334	_	_	_	_
21-0	TO071	21	21	0	ah	ah	_	_	_	_	_	linguistic	_	none	_	Begin=40.334	_	_	_	_
21-1	TO071	21	21	1	okay	okay	_	_	_	_	_	linguistic	_	none	_	End=41.125	_	_	_	_
22-0	TO080	22	22	0	e::::	e	_	_	_	_	_	linguistic	_	none	_	Begin=41.846	0x4	_	_	_
22-1	TO080	22	22	1	niente	niente	_	_	_	_	_	linguistic	_	none	_	_	_	_	_	_
22-2	TO080	22	22	2	sono	sono	_	_	_	_	_	linguistic	_	none	_	_	_	_	_	_
22-3	TO080	22	22	3	in	in	_	_	_	_	_	linguistic	_	none	_	_	_	_	_	_
22-4	TO080	22	22	4	un	un	_	_	_	_	_	linguistic	_	none	_	_	_	_	_	_
22-5	TO080	22	22	5	ehm	ehm	_	_	_	_	_	linguistic	_	none	_	_	_	_	_	_
22-6	TO080	22	22	6	in	in	_	_	_	_	_	linguistic	_	none	_	_	_	_	_	_
22-7	TO080	22	22	7	uno	uno	_	_	_	_	_	linguistic	_	none	_	_	_	_	_	_
22-8	TO080	22	22	8	spazio	spazio	_	_	_	_	_	linguistic	_	none	_	_	_	_	_	_
22-9	TO080	22	22	9	che	che	_	_	_	_	_	linguistic	_	none	_	_	_	_	_	_
22-10	TO080	22	22	10	ho	ho	_	_	_	_	_	linguistic	_	none	_	_	_	_	_	_
22-11	TO080	22	22	11	trovato	trovato	_	_	_	_	_	linguistic	_	none	_	_	_	_	_	_
22-12	TO080	22	22	12	perché	perché	_	_	_	_	_	linguistic	_	none	_	_	_	_	_	_
22-13	TO080	22	22	13	avevo	avevo	_	_	_	_	_	linguistic	_	none	_	_	_	_	_	_
22-14	TO080	22	22	14	cercato	cercato	_	_	_	_	_	linguistic	_	none	PauseAfter=Yes	_	_	_	_	_
22-15	TO080	22	22	15	{P}	{P}	_	_	_	_	_	shortpause	_	none	_	_	_	_	_	_
22-16	TO080	22	22	16	ho	ho	_	_	_	_	_	linguistic	_	none	_	_	_	_	_	_
22-17	TO080	22	22	17	iniziato	iniziato	_	_	_	_	_	linguistic	_	none	_	_	_	_	_	_
22-18	TO080	22	22	18	a	a	_	_	_	_	_	linguistic	_	none	_	_	_	_	_	_
22-19	TO080	22	22	19	cercare	cercare	_	_	_	_	_	linguistic	_	none	_	_	_	_	_	_
22-20	TO080	22	22	20	casa	casa	_	_	_	_	_	linguistic	_	none	_	_	_	_	_	_
22-21	TO080	22	22	21	molto	molto	_	_	_	_	_	linguistic	_	none	_	_	_	_	_	_
22-22	TO080	22	22	22	pre[sto]	presto	_	_	_	_	_	linguistic	_	none	_	End=49.053	_	_	_	3-6(4)
23-0	TO071	23	23	0	[ahah]	ahah	_	_	_	_	_	linguistic	_	none	_	Begin=48.553|End=49.073	_	_	_	0-4(4)
24-0	TO080	24	24	0	eh	eh	_	_	_	_	_	linguistic	_	none	_	Begin=49.479	_	_	_	_
24-1	TO080	24	24	1	perché	perché	_	_	_	_	_	linguistic	_	none	_	_	_	_	_	_
24-2	TO080	24	24	2	sapevo	sapevo	_	_	_	_	_	linguistic	_	none	_	_	_	_	_	_
24-3	TO080	24	24	3	già	già	_	_	_	_	_	linguistic	_	none	_	_	_	_	_	_
24-4	TO080	24	24	4	di	di	_	_	_	_	_	linguistic	_	none	_	_	_	_	_	_
24-5	TO080	24	24	5	dover	dover	_	_	_	_	_	linguistic	_	none	_	_	_	_	_	_
24-6	TO080	24	24	6	studiare	studiare	_	_	_	_	_	linguistic	_	none	_	_	_	_	_	_
24-7	TO080	24	24	7	qui	qui	_	_	_	_	_	linguistic	_	none	_	_	_	_	_	_
24-8	TO080	24	24	8	quin[di:],	quindi	_	_	_	_	_	linguistic	_	none	Intonation=WeaklyRising	End=52.005	5x1	_	_	4-6(5)
25-0	TO071	25	25	0	[chiarame]nte,	chiaramente	_	_	_	_	_	linguistic	_	none	Intonation=WeaklyRising	Begin=51.584	_	_	_	0-8(5)
25-1	TO071	25	25	1	[da	da	_	_	_	_	_	linguistic	_	none	_	_	_	_	_	0-2(6)
25-2	TO071	25	25	2	quest'	quest'	_	_	_	_	_	linguistic	_	none	SpaceAfter=No	_	_	_	_	0-6(6)
25-3	TO071	25	25	3	anno]	anno	_	_	_	_	_	linguistic	_	none	_	_	_	_	_	0-4(6)
25-4	TO071	25	25	4	ti	ti	_	_	_	_	_	linguistic	_	none	_	_	_	_	_	_
25-5	TO071	25	25	5	sei	sei	_	_	_	_	_	linguistic	_	none	_	_	_	_	_	_
25-6	TO071	25	25	6	trasferita?	trasferita	_	_	_	_	_	linguistic	_	none	Intonation=Rising	End=54.07	_	_	_	_
26-0	TO080	26	26	0	[mi	mi	_	_	_	_	_	linguistic	_	none	_	Begin=52.173	_	_	_	0-2(6)
26-1	TO080	26	26	1	sono	sono	_	_	_	_	_	linguistic	_	none	_	_	_	_	_	0-4(6)
26-2	TO080	26	26	2	mossa	mossa	_	_	_	_	_	linguistic	_	none	_	_	_	_	_	0-5(6)
26-3	TO080	26	26	3	prima].	prima	_	_	_	_	_	linguistic	_	none	Intonation=Falling	End=53.173	_	_	_	0-5(6)
27-0	TO080	27	27	0	n::o	no	_	_	_	_	_	linguistic	_	none	_	Begin=54.112	0x2	_	_	_
27-1	TO080	27	27	1	mi	mi	_	_	_	_	_	linguistic	_	none	_	_	_	_	_	_
27-2	TO080	27	27	2	sono	sono	_	_	_	_	_	linguistic	_	none	PauseAfter=Yes	_	_	_	_	_
27-3	TO080	27	27	3	{P}	{P}	_	_	_	_	_	shortpause	_	none	_	_	_	_	_	_
27-4	TO080	27	27	4	trasferita	trasferita	_	_	_	_	_	linguistic	_	none	_	_	_	_	_	_
27-5	TO080	27	27	5	nel	nel	_	_	_	_	_	linguistic	_	none	_	_	_	_	_	_
27-6	TO080	27	27	6	duemila	duemila	_	_	_	_	_	linguistic	_	none	_	_	_	_	_	_
27-7	TO080	27	27	7	diciassette	diciassette	_	_	_	_	_	linguistic	_	none	_	_	_	_	_	_
27-8	TO080	27	27	8	quindi	quindi	_	_	_	_	_	linguistic	_	none	_	_	_	_	_	_
27-9	TO080	27	27	9	l'	l'	_	_	_	_	_	linguistic	_	none	SpaceAfter=No	_	_	_	_	_
27-10	TO080	27	27	10	a[nno	anno	_	_	_	_	_	linguistic	_	none	_	_	_	_	_	0-4(7)
27-11	TO080	27	27	11	s]corso,	scorso	_	_	_	_	_	linguistic	_	none	Intonation=WeaklyRising	End=58.786	_	_	_	0-1(7)
28-0	TO071	28	28	0	[ah	ah	_	_	_	_	_	linguistic	_	none	_	Begin=57.824	_	_	_	0-2(7)
28-1	TO071	28	28	1	ah]	ah	_	_	_	_	_	linguistic	_	none	_	End=58.179	_	_	_	0-2(7)
29-0	TO080	29	29	0	perché	perché	_	_	_	_	_	linguistic	_	none	PauseAfter=Yes	Begin=58.834	_	_	_	_
29-1	TO080	29	29	1	{P}	{P}	_	_	_	_	_	shortpause	_	none	_	_	_	_	_	_
29-2	TO080	29	29	2	ho	ho	_	_	_	_	_	linguistic	_	none	_	_	_	_	_	_
29-3	TO080	29	29	3	iniziato	iniziato	_	_	_	_	_	linguistic	_	none	_	_	_	_	_	_
29-4	TO080	29	29	4	a	a	_	_	_	_	_	linguistic	_	none	_	_	_	_	_	_
29-5	TO080	29	29	5	frequentare	frequentare	_	_	_	_	_	linguistic	_	none	_	_	_	_	_	_
29-6	TO080	29	29	6	l'	l'	_	_	_	_	_	linguistic	_	none	SpaceAfter=No	_	_	_	_	_
29-7	TO080	29	29	7	anno	anno	_	_	_	_	_	linguistic	_	none	_	_	_	_	_	_
29-8	TO080	29	29	8	scorso	scorso	_	_	_	_	_	linguistic	_	none	_	_	_	_	_	_
29-9	TO080	29	29	9	qui	qui	_	_	_	_	_	linguistic	_	none	_	_	_	_	_	_
29-10	TO080	29	29	10	in	in	_	_	_	_	_	linguistic	_	none	_	_	_	_	_	_
29-11	TO080	29	29	11	università,	università	_	_	_	_	_	linguistic	_	none	Intonation=WeaklyRising	End=61.84	_	_	_	_
30-0	TO071	30	30	0	okay,	okay	_	_	_	_	_	linguistic	_	none	Intonation=WeaklyRising	Begin=61.84|End=62.243	_	_	_	_
31-0	TO080	31	31	0	e:::	e	_	_	_	_	_	linguistic	_	none	_	Begin=62.893	0x3	_	_	_
31-1	TO080	31	31	1	mi	mi	_	_	_	_	_	linguistic	_	none	_	_	_	_	_	_
31-2	TO080	31	31	2	sono	sono	_	_	_	_	_	linguistic	_	none	_	_	_	_	_	_
31-3	TO080	31	31	3	trasferita	trasferita	_	_	_	_	_	linguistic	_	none	_	_	_	_	_	_
31-4	TO080	31	31	4	da	da	_	_	_	_	_	linguistic	_	none	PauseAfter=Yes	_	_	_	_	_
31-5	TO080	31	31	5	{P}	{P}	_	_	_	_	_	shortpause	_	none	_	_	_	_	_	_
31-6	TO080	31	31	6	settembre	settembre	_	_	_	_	_	linguistic	_	none	_	_	_	_	_	_
31-7	TO080	31	31	7	di	di	_	_	_	_	_	linguistic	_	none	_	_	_	_	_	_
31-8	TO080	31	31	8	quell'	quell'	_	_	_	_	_	linguistic	_	none	SpaceAfter=No	_	_	_	_	_
31-9	TO080	31	31	9	anno,	anno	_	_	_	_	_	linguistic	_	none	Intonation=WeaklyRising	End=66.42	_	_	_	_
32-0	TO071	32	32	0	e	e	_	_	_	_	_	linguistic	_	none	_	Begin=67.044	_	_	_	_
32-1	TO071	32	32	1	quindi	quindi	_	_	_	_	_	linguistic	_	none	_	_	_	_	_	_
32-2	TO071	32	32	2	sono	sono	_	_	_	_	_	linguistic	_	none	_	_	_	_	_	_
32-3	TO071	32	32	3	due	due	_	_	_	_	_	linguistic	_	none	_	_	_	_	_	_
32-4	TO071	32	32	4	anni	anni	_	_	_	_	_	linguistic	_	none	_	_	_	_	_	_
32-5	TO071	32	32	5	che	che	_	_	_	_	_	linguistic	_	none	_	_	_	_	_	_
32-6	TO071	32	32	6	stai	stai	_	_	_	_	_	linguistic	_	none	_	_	_	_	_	_
32-7	TO071	32	32	7	qui	qui	_	_	_	_	_	linguistic	_	none	_	_	_	_	_	_
32-8	TO071	32	32	8	a	a	_	_	_	_	_	linguistic	_	none	_	_	_	_	_	_
32-9	TO071	32	32	9	torino,	torino	_	_	_	_	_	linguistic	_	none	Intonation=WeaklyRising	End=69.261	_	_	_	_
33-0	TO080	33	33	0	[sì]	sì	_	_	_	_	_	linguistic	_	none	_	Begin=69.279|End=69.602	_	_	_	0-2(?)
34-0	TO071	34	34	0	in	in	_	_	_	_	_	linguistic	_	none	_	Begin=69.608	_	_	_	_
34-1	TO071	34	34	1	quella	quella	_	_	_	_	_	linguistic	_	none	_	_	_	_	_	_
34-2	TO071	34	34	2	stessa	stessa	_	_	_	_	_	linguistic	_	none	_	_	_	_	_	_
34-3	TO071	34	34	3	casa,	casa	_	_	_	_	_	linguistic	_	none	Intonation=WeaklyRising	End=70.644	_	_	_	_
35-0	TO071	35	35	0	[in	in	_	_	_	_	_	linguistic	_	none	_	Begin=71.4	_	_	_	0-2(8)
35-1	TO071	35	35	1	questo	questo	_	_	_	_	_	linguistic	_	none	_	_	_	_	_	0-6(8)
35-2	TO071	35	35	2	ste]sso	stesso	_	_	_	_	_	linguistic	_	none	_	_	_	_	_	0-3(8)
35-3	TO071	35	35	3	bilocale,	bilocale	_	_	_	_	_	linguistic	_	none	Intonation=WeaklyRising	End=72.744	_	_	_	_
36-0	TO080	36	36	0	[due	due	_	_	_	_	_	linguistic	_	none	_	Begin=71.415	_	_	_	0-3(8)
36-1	TO080	36	36	1	anni]	anni	_	_	_	_	_	linguistic	_	none	_	End=72.022	_	_	_	0-4(8)
37-0	TO071	37	37	0	ah	ah	_	_	_	_	_	linguistic	_	none	_	Begin=72.784	_	_	_	_
37-1	TO071	37	37	1	okay	okay	_	_	_	_	_	linguistic	_	none	_	_	_	_	_	_
37-2	TO071	37	37	2	un	un	_	_	_	_	_	linguistic	_	none	_	_	_	_	_	_
37-3	TO071	37	37	3	an[no	anno	_	_	_	_	_	linguistic	_	none	_	_	_	_	_	2-4(9)
37-4	TO071	37	37	4	sìcerto]	sìcerto	_	_	_	_	_	linguistic	_	none	_	End=74.22	_	_	_	0-7(9)
38-0	TO080	38	38	0	[un	un	_	_	_	_	_	linguistic	_	none	_	Begin=73.46	_	_	_	0-2(9)
38-1	TO080	38	38	1	anno	anno	_	_	_	_	_	linguistic	_	none	_	_	_	_	_	0-4(9)
38-2	TO080	38	38	2	e]	e	_	_	_	_	_	linguistic	_	none	_	_	_	_	_	0-1(9)
38-3	TO080	38	38	3	qualche	qualche	_	_	_	_	_	linguistic	_	none	_	_	_	_	_	_
38-4	TO080	38	38	4	mese,	mese	_	_	_	_	_	linguistic	_	none	Intonation=WeaklyRising	End=74.896	_	_	_	_
39-0	TO071	39	39	0	e::	e	_	_	_	_	_	linguistic	_	none	_	Begin=74.933	0x2	_	_	_
39-1	TO071	39	39	1	zona	zona	_	_	_	_	_	linguistic	_	none	_	_	_	_	_	_
39-2	TO071	39	39	2	centro	centro	_	_	_	_	_	linguistic	_	none	_	_	_	_	_	_
39-3	TO071	39	39	3	dove?	dove	_	_	_	_	_	linguistic	_	none	Intonation=Rising	End=76.61	_	_	_	_
40-0	TO080	40	40	0	e:::	e	_	_	_	_	_	linguistic	_	none	_	Begin=77.324	0x3	_	_	_
40-1	TO080	40	40	1	zona	zona	_	_	_	_	_	linguistic	_	none	_	_	_	_	_	_
40-2	TO080	40	40	2	vanchiglia,	vanchiglia	_	_	_	_	_	linguistic	_	none	Intonation=WeaklyRising	End=79.022	_	_	_	_
41-0	TO071	41	41	0	ah	ah	_	_	_	_	_	linguistic	_	none	_	Begin=79.197	_	_	_	_
41-1	TO071	41	41	1	okay,	okay	_	_	_	_	_	linguistic	_	none	Intonation=WeaklyRising	End=79.79	_	_	_	_
42-0	TO071	42	42	0	cioè	cioè	_	_	_	_	_	linguistic	_	none	_	Begin=80.176	_	_	_	_
42-1	TO071	42	42	1	quindi	quindi	_	_	_	_	_	linguistic	_	none	_	_	_	_	_	_
42-2	TO071	42	42	2	viviamo	viviamo	_	_	_	_	_	linguistic	_	none	_	_	_	_	_	_
42-3	TO071	42	42	3	vicini	vicini	_	_	_	_	_	linguistic	_	none	_	_	_	_	_	_
42-4	TO071	42	42	4	[an]ch'	anch'	_	_	_	_	_	linguistic	_	none	SpaceAfter=No	_	_	_	_	0-2(10)
42-5	TO071	42	42	5	io	io	_	_	_	_	_	linguistic	_	none	_	_	_	_	_	_
42-6	TO071	42	42	6	sto	sto	_	_	_	_	_	linguistic	_	none	_	_	_	_	_	_
42-7	TO071	42	42	7	a::	a	_	_	_	_	_	linguistic	_	none	_	_	0x2	_	_	_
42-8	TO071	42	42	8	a	a	_	_	_	_	_	linguistic	_	none	_	_	_	_	_	_
42-9	TO071	42	42	9	vanchiglia	vanchiglia	_	_	_	_	_	linguistic	_	none	_	End=83.301	_	_	_	_
43-0	TO080	43	43	0	[sì]	sì	_	_	_	_	_	linguistic	_	none	_	Begin=81.269|End=81.549	_	_	_	0-2(10)
44-0	TO071	44	44	0	cioè	cioè	_	_	_	_	_	linguistic	_	none	_	Begin=83.542	_	_	_	_
44-1	TO071	44	44	1	corso	corso	_	_	_	_	_	linguistic	_	none	_	_	_	_	_	_
44-2	TO071	44	44	2	belgio	belgio	_	_	_	_	_	linguistic	_	none	_	_	_	_	_	_
44-3	TO071	44	44	3	quelle	quelle	_	_	_	_	_	linguistic	_	none	_	_	_	_	_	_
44-4	TO071	44	44	4	par[ti	parti	_	_	_	_	_	linguistic	_	none	_	_	_	_	_	3-5(11)
44-5	TO071	44	44	5	lì]?	lì	_	_	_	_	_	linguistic	_	none	Intonation=Rising	End=85.06	_	_	_	0-2(11)
45-0	TO080	45	45	0	[no]	no	_	_	_	_	_	linguistic	_	none	_	Begin=84.74	_	_	_	0-2(11)
45-1	TO080	45	45	1	{nome_strada}	{nome_strada}	_	_	_	_	_	nonverbalbehavior	_	none	_	_	_	_	_	_
45-2	TO080	45	45	2	pro[prio],	proprio	_	_	_	_	_	linguistic	_	none	Intonation=WeaklyRising	End=85.85	_	_	_	3-7(12)
46-0	TO071	46	46	0	[ah]	ah	_	_	_	_	_	linguistic	_	none	_	Begin=85.65	_	_	_	0-2(12)
46-1	TO071	46	46	1	proprio	proprio	_	_	_	_	_	linguistic	_	none	_	_	_	_	_	_
46-2	TO071	46	46	2	via	via	_	_	_	_	_	linguistic	_	none	_	_	_	_	_	_
46-3	TO071	46	46	3	vanchiglia	vanchiglia	_	_	_	_	_	linguistic	_	none	_	_	_	_	_	_
46-4	TO071	46	46	4	vanchi[glia]	vanchiglia	_	_	_	_	_	linguistic	_	none	_	End=87.101	_	_	_	6-10(13)
47-0	TO080	47	47	0	[sì]	sì	_	_	_	_	_	linguistic	_	none	_	Begin=86.687|End=87.047	_	_	_	0-2(13)
48-0	TO071	48	48	0	okay	okay	_	_	_	_	_	linguistic	_	none	_	Begin=87.215|End=87.826	_	_	_	_
49-0	TO071	49	49	0	e::	e	_	_	_	_	_	linguistic	_	none	_	Begin=88.944	0x2	_	_	_
49-1	TO071	49	49	1	sentiamo	sentiamo	_	_	_	_	_	linguistic	_	none	_	_	_	_	_	_
49-2	TO071	49	49	2	quindi	quindi	_	_	_	_	_	linguistic	_	none	_	_	_	_	_	_
49-3	TO071	49	49	3	vivi	vivi	_	_	_	_	_	linguistic	_	none	_	_	_	_	_	_
49-4	TO071	49	49	4	sa	sa	_	_	_	_	_	linguistic	_	none	_	_	_	_	_	_
49-5	TO071	49	49	5	sola:,	sola	_	_	_	_	_	linguistic	_	none	Intonation=WeaklyRising	End=91.526	3x1	_	_	_
50-0	TO071	50	50	0	ehm	ehm	_	_	_	_	_	linguistic	_	none	_	Begin=91.57|End=92.162	_	_	_	_
51-0	TO071	51	51	0	vanchiglia,	vanchiglia	_	_	_	_	_	linguistic	_	none	Intonation=WeaklyRising	Begin=92.251	_	_	_	_
51-1	TO071	51	51	1	ecco	ecco	_	_	_	_	_	linguistic	_	none	_	_	_	_	_	_
51-2	TO071	51	51	2	ti	ti	_	_	_	_	_	linguistic	_	none	_	_	_	_	_	_
51-3	TO071	51	51	3	voglio	voglio	_	_	_	_	_	linguistic	_	none	_	_	_	_	_	_
51-4	TO071	51	51	4	chiedere,	chiedere	_	_	_	_	_	linguistic	_	none	Intonation=WeaklyRising	End=93.916	_	_	_	_
52-0	TO071	52	52	0	com'	com'	_	_	_	_	_	linguistic	_	none	SpaceAfter=No	Begin=94.64	_	_	_	_
52-1	TO071	52	52	1	è	è	_	_	_	_	_	linguistic	_	none	_	_	_	_	_	_
52-2	TO071	52	52	2	vanchiglia	vanchiglia	_	_	_	_	_	linguistic	_	none	_	_	_	_	_	_
52-3	TO071	52	52	3	cosa	cosa	_	_	_	_	_	linguistic	_	none	_	_	_	_	_	_
52-4	TO071	52	52	4	ne	ne	_	_	_	_	_	linguistic	_	none	_	_	_	_	_	_
52-5	TO071	52	52	5	pensi	pensi	_	_	_	_	_	linguistic	_	none	_	_	_	_	_	_
52-6	TO071	52	52	6	di	di	_	_	_	_	_	linguistic	_	none	_	_	_	_	_	_
52-7	TO071	52	52	7	vanchiglia?	vanchiglia	_	_	_	_	_	linguistic	_	none	Intonation=Rising	_	_	_	_	_
52-8	TO071	52	52	8	te	te	_	_	_	_	_	linguistic	_	none	_	_	_	_	_	_
52-9	TO071	52	52	9	lo	lo	_	_	_	_	_	linguistic	_	none	_	_	_	_	_	_
52-10	TO071	52	52	10	chiedo	chiedo	_	_	_	_	_	linguistic	_	none	_	_	_	_	_	_
52-11	TO071	52	52	11	perché	perché	_	_	_	_	_	linguistic	_	none	_	_	_	_	_	_
52-12	TO071	52	52	12	nei	nei	_	_	_	_	_	linguistic	_	none	_	_	_	_	_	_
52-13	TO071	52	52	13	diversi	diversi	_	_	_	_	_	linguistic	_	none	_	_	_	_	_	_
52-14	TO071	52	52	14	annunci	annunci	_	_	_	_	_	linguistic	_	none	PauseAfter=Yes	_	_	_	_	_
52-15	TO071	52	52	15	{P}	{P}	_	_	_	_	_	shortpause	_	none	_	_	_	_	_	_
52-16	TO071	52	52	16	come	come	_	_	_	_	_	linguistic	_	none	_	_	_	_	_	_
52-17	TO071	52	52	17	dire	dire	_	_	_	_	_	linguistic	_	none	_	_	_	_	_	_
52-18	TO071	52	52	18	è	è	_	_	_	_	_	linguistic	_	none	_	_	_	_	_	_
52-19	TO071	52	52	19	una	una	_	_	_	_	_	linguistic	_	none	_	_	_	_	_	_
52-20	TO071	52	52	20	zona	zona	_	_	_	_	_	linguistic	_	none	_	_	_	_	_	_
52-21	TO071	52	52	21	parecchio	parecchio	_	_	_	_	_	linguistic	_	none	_	_	_	_	_	_
52-22	TO071	52	52	22	gettonata,	gettonata	_	_	_	_	_	linguistic	_	none	Intonation=WeaklyRising	_	_	_	_	_
52-23	TO071	52	52	23	mo	mo	_	_	_	_	_	linguistic	_	none	_	_	_	_	_	_
52-24	TO071	52	52	24	non	non	_	_	_	_	_	linguistic	_	none	_	_	_	_	_	_
52-25	TO071	52	52	25	tanto	tanto	_	_	_	_	_	linguistic	_	none	_	_	_	_	_	_
52-26	TO071	52	52	26	via	via	_	_	_	_	_	linguistic	_	none	_	_	_	_	_	_
52-27	TO071	52	52	27	vanchiglia	vanchiglia	_	_	_	_	_	linguistic	_	none	_	_	_	_	_	_
52-28	TO071	52	52	28	quanto	quanto	_	_	_	_	_	linguistic	_	none	_	_	_	_	_	_
52-29	TO071	52	52	29	più	più	_	_	_	_	_	linguistic	_	none	_	_	_	_	_	_
52-30	TO071	52	52	30	che	che	_	_	_	_	_	linguistic	_	none	_	_	_	_	_	_
52-31	TO071	52	52	31	altro	altro	_	_	_	_	_	linguistic	_	none	_	_	_	_	_	_
52-32	TO071	52	52	32	zona	zona	_	_	_	_	_	linguistic	_	none	_	_	_	_	_	_
52-33	TO071	52	52	33	vanchiglia	vanchiglia	_	_	_	_	_	linguistic	_	none	_	_	_	_	_	_
52-34	TO071	52	52	34	vanchiglia,	vanchiglia	_	_	_	_	_	linguistic	_	none	Intonation=WeaklyRising	End=104.35	_	_	_	_
53-0	TO080	53	53	0	[mh]	mh	_	_	_	_	_	linguistic	_	none	_	Begin=99.022|End=99.302	_	_	_	0-2(14)
54-0	TO071	54	54	0	tu	tu	_	_	_	_	_	linguistic	_	none	_	Begin=105.213	_	_	_	_
54-1	TO071	54	54	1	invece	invece	_	_	_	_	_	linguistic	_	none	_	_	_	_	_	_
54-2	TO071	54	54	2	che	che	_	_	_	_	_	linguistic	_	none	_	_	_	_	_	_
54-3	TO071	54	54	3	ci	ci	_	_	_	_	_	linguistic	_	none	_	_	_	_	_	_
54-4	TO071	54	54	4	vivi	vivi	_	_	_	_	_	linguistic	_	none	_	_	_	_	_	_
54-5	TO071	54	54	5	che	che	_	_	_	_	_	linguistic	_	none	_	_	_	_	_	_
54-6	TO071	54	54	6	cosa	cosa	_	_	_	_	_	linguistic	_	none	PauseAfter=Yes	_	_	_	_	_
54-7	TO071	54	54	7	{P}	{P}	_	_	_	_	_	shortpause	_	none	_	_	_	_	_	_
54-8	TO071	54	54	8	te	te	_	_	_	_	_	linguistic	_	none	_	_	_	_	_	_
54-9	TO071	54	54	9	n'	n'	_	_	_	_	_	linguistic	_	none	SpaceAfter=No	_	_	_	_	_
54-10	TO071	54	54	10	è	è	_	_	_	_	_	linguistic	_	none	_	_	_	_	_	_
54-11	TO071	54	54	11	parso?	parso	_	_	_	_	_	linguistic	_	none	Intonation=Rising	End=107.839	_	_	_	_
55-0	TO080	55	55	0	allora	allora	_	_	_	_	_	linguistic	_	none	_	Begin=108.367	_	_	_	_
55-1	TO080	55	55	1	sì	sì	_	_	_	_	_	linguistic	_	none	_	_	_	_	_	_
55-2	TO080	55	55	2	è	è	_	_	_	_	_	linguistic	_	none	_	_	_	_	_	_
55-3	TO080	55	55	3	comoda	comoda	_	_	_	_	_	linguistic	_	none	_	_	_	_	_	_
55-4	TO080	55	55	4	come	come	_	_	_	_	_	linguistic	_	none	_	_	_	_	_	_
55-5	TO080	55	55	5	zona	zona	_	_	_	_	_	linguistic	_	none	_	_	_	_	_	_
55-6	TO080	55	55	6	perché	perché	_	_	_	_	_	linguistic	_	none	PauseAfter=Yes	_	_	_	_	_
55-7	TO080	55	55	7	{P}	{P}	_	_	_	_	_	shortpause	_	none	_	_	_	_	_	_
55-8	TO080	55	55	8	sei	sei	_	_	_	_	_	linguistic	_	none	_	_	_	_	_	_
55-9	TO080	55	55	9	vicina	vicina	_	_	_	_	_	linguistic	_	none	_	_	_	_	_	_
55-10	TO080	55	55	10	a	a	_	_	_	_	_	linguistic	_	none	_	_	_	_	_	_
55-11	TO080	55	55	11	tutto	tutto	_	_	_	_	_	linguistic	_	none	_	_	_	_	_	_
55-12	TO080	55	55	12	quello	quello	_	_	_	_	_	linguistic	_	none	_	_	_	_	_	_
55-13	TO080	55	55	13	che	che	_	_	_	_	_	linguistic	_	none	_	_	_	_	_	_
55-14	TO080	55	55	14	hai	hai	_	_	_	_	_	linguistic	_	none	_	_	_	_	_	_
55-15	TO080	55	55	15	bisogno,	bisogno	_	_	_	_	_	linguistic	_	none	Intonation=WeaklyRising	_	_	_	_	_
55-16	TO080	55	55	16	nel	nel	_	_	_	_	_	linguistic	_	none	_	_	_	_	_	_
55-17	TO080	55	55	17	[mio]	mio	_	_	_	_	_	linguistic	_	none	_	_	_	_	_	0-3(15)
55-18	TO080	55	55	18	caso	caso	_	_	_	_	_	linguistic	_	none	_	_	_	_	_	_
55-19	TO080	55	55	19	è	è	_	_	_	_	_	linguistic	_	none	_	_	_	_	_	_
55-20	TO080	55	55	20	l'	l'	_	_	_	_	_	linguistic	_	none	SpaceAfter=No	_	_	_	_	_
55-21	TO080	55	55	21	università	università	_	_	_	_	_	linguistic	_	none	_	_	_	_	_	_
55-22	TO080	55	55	22	perché	perché	_	_	_	_	_	linguistic	_	none	_	_	_	_	_	_
55-23	TO080	55	55	23	studian[do	studiando	_	_	_	_	_	linguistic	_	none	_	_	_	_	_	6-9(16)
55-24	TO080	55	55	24	qui],	qui	_	_	_	_	_	linguistic	_	none	Intonation=WeaklyRising	End=115.23	_	_	_	0-3(16)
56-0	TO071	56	56	0	[ah	ah	_	_	_	_	_	linguistic	_	none	_	Begin=112.617	_	_	_	0-2(15)
56-1	TO071	56	56	1	ah]	ah	_	_	_	_	_	linguistic	_	none	_	End=112.977	_	_	_	0-2(15)
57-0	TO071	57	57	0	[chiaro]	chiaro	_	_	_	_	_	linguistic	_	none	_	Begin=114.776|End=115.198	_	_	_	0-6(16)
58-0	TO080	58	58	0	e::	e	_	_	_	_	_	linguistic	_	none	_	Begin=115.653	0x2	_	_	_
58-1	TO080	58	58	1	però	però	_	_	_	_	_	linguistic	_	none	_	_	_	_	_	_
58-2	TO080	58	58	2	anche	anche	_	_	_	_	_	linguistic	_	none	_	_	_	_	_	_
58-3	TO080	58	58	3	proprio	proprio	_	_	_	_	_	linguistic	_	none	_	_	_	_	_	_
58-4	TO080	58	58	4	il	il	_	_	_	_	_	linguistic	_	none	_	_	_	_	_	_
58-5	TO080	58	58	5	centro::,	centro	_	_	_	_	_	linguistic	_	none	Intonation=WeaklyRising	_	5x2	_	_	_
58-6	TO080	58	58	6	le:	le	_	_	_	_	_	linguistic	_	none	_	_	1x1	_	_	_
58-7	TO080	58	58	7	le	le	_	_	_	_	_	linguistic	_	none	_	_	_	_	_	_
58-8	TO080	58	58	8	piazze	piazze	_	_	_	_	_	linguistic	_	none	_	_	_	_	_	_
58-9	TO080	58	58	9	principali,	principali	_	_	_	_	_	linguistic	_	none	Intonation=WeaklyRising	_	_	_	_	_
58-10	TO080	58	58	10	c'	c'	_	_	_	_	_	linguistic	_	none	SpaceAfter=No	_	_	_	_	_
58-11	TO080	58	58	11	è	è	_	_	_	_	_	linguistic	_	none	_	_	_	_	_	_
58-12	TO080	58	58	12	quello	quello	_	_	_	_	_	linguistic	_	none	_	_	_	_	_	_
58-13	TO080	58	58	13	che	che	_	_	_	_	_	linguistic	_	none	_	_	_	_	_	_
58-14	TO080	58	58	14	penso	penso	_	_	_	_	_	linguistic	_	none	_	_	_	_	_	_
58-15	TO080	58	58	15	siano	siano	_	_	_	_	_	linguistic	_	none	_	_	_	_	_	_
58-16	TO080	58	58	16	le	le	_	_	_	_	_	linguistic	_	none	_	_	_	_	_	_
58-17	TO080	58	58	17	piazze	piazze	_	_	_	_	_	linguistic	_	none	_	_	_	_	_	_
58-18	TO080	58	58	18	principali	principali	_	_	_	_	_	linguistic	_	none	_	_	_	_	_	_
58-19	TO080	58	58	19	di	di	_	_	_	_	_	linguistic	_	none	_	_	_	_	_	_
58-20	TO080	58	58	20	torino	torino	_	_	_	_	_	linguistic	_	none	_	_	_	_	_	_
58-21	TO080	58	58	21	perché	perché	_	_	_	_	_	linguistic	_	none	_	_	_	_	_	_
58-22	TO080	58	58	22	non	non	_	_	_	_	_	linguistic	_	none	_	_	_	_	_	_
58-23	TO080	58	58	23	essendo	essendo	_	_	_	_	_	linguistic	_	none	_	_	_	_	_	_
58-24	TO080	58	58	24	di	di	_	_	_	_	_	linguistic	_	none	_	_	_	_	_	_
58-25	TO080	58	58	25	qui,	qui	_	_	_	_	_	linguistic	_	none	Intonation=WeaklyRising	End=123.875	_	_	_	_
59-0	TO080	59	59	0	e:::	e	_	_	_	_	_	linguistic	_	none	_	Begin=124.361|End=125.24	0x3	_	_	_
60-0	TO080	60	60	0	e	e	_	_	_	_	_	linguistic	_	none	_	Begin=125.24	_	_	_	_
60-1	TO080	60	60	1	poi	poi	_	_	_	_	_	linguistic	_	none	_	_	_	_	_	_
60-2	TO080	60	60	2	anche::	anche	_	_	_	_	_	linguistic	_	none	_	_	4x2	_	_	_
60-3	TO080	60	60	3	se	se	_	_	_	_	_	linguistic	_	none	_	_	_	_	_	_
60-4	TO080	60	60	4	hai	hai	_	_	_	_	_	linguistic	_	none	_	_	_	_	_	_
60-5	TO080	60	60	5	bisogno::	bisogno	_	_	_	_	_	linguistic	_	none	_	_	6x2	_	_	_
60-6	TO080	60	60	6	di::,	di	_	_	_	_	_	linguistic	_	none	Intonation=WeaklyRising	End=128.805	1x2	_	_	_
61-0	TO080	61	61	0	minimarket	minimarket	_	_	_	_	_	linguistic	_	none	_	Begin=129.727	_	_	_	_
61-1	TO080	61	61	1	ci	ci	_	_	_	_	_	linguistic	_	none	_	_	_	_	_	_
61-2	TO080	61	61	2	sono,	sono	_	_	_	_	_	linguistic	_	none	Intonation=WeaklyRising	End=131.495	_	_	_	_
62-0	TO080	62	62	0	e::	e	_	_	_	_	_	linguistic	_	none	_	Begin=131.891	0x2	_	_	_
62-1	TO080	62	62	1	se	se	_	_	_	_	_	linguistic	_	none	_	_	_	_	_	_
62-2	TO080	62	62	2	hai	hai	_	_	_	_	_	linguistic	_	none	_	_	_	_	_	_
62-3	TO080	62	62	3	bisogno	bisogno	_	_	_	_	_	linguistic	_	none	_	_	_	_	_	_
62-4	TO080	62	62	4	invece	invece	_	_	_	_	_	linguistic	_	none	_	_	_	_	_	_
62-5	TO080	62	62	5	di	di	_	_	_	_	_	linguistic	_	none	_	_	_	_	_	_
62-6	TO080	62	62	6	rosticcerie	rosticcerie	_	_	_	_	_	linguistic	_	none	_	_	_	_	_	_
62-7	TO080	62	62	7	ortofru~	ortofru~	_	_	_	_	_	linguistic	_	none	Interrupted=Yes	_	_	_	_	_
62-8	TO080	62	62	8	di	di	_	_	_	_	_	linguistic	_	none	_	_	_	_	_	_
62-9	TO080	62	62	9	tutto	tutto	_	_	_	_	_	linguistic	_	none	_	_	_	_	_	_
62-10	TO080	62	62	10	praticamente,	praticamente	_	_	_	_	_	linguistic	_	none	Intonation=WeaklyRising	End=136.608	_	_	_	_
63-0	TO071	63	63	0	okay	okay	_	_	_	_	_	linguistic	_	none	_	Begin=137.888	_	_	_	_
63-1	TO071	63	63	1	quindi	quindi	_	_	_	_	_	linguistic	_	none	_	_	_	_	_	_
63-2	TO071	63	63	2	ti	ti	_	_	_	_	_	linguistic	_	none	_	_	_	_	_	_
63-3	TO071	63	63	3	trovi	trovi	_	_	_	_	_	linguistic	_	none	_	_	_	_	_	_
63-4	TO071	63	63	4	bellam[ente],	bellamente	_	_	_	_	_	linguistic	_	none	Intonation=WeaklyRising	End=139.628	_	_	_	6-10(17)
64-0	TO080	64	64	0	[sì],	sì	_	_	_	_	_	linguistic	_	none	Intonation=WeaklyRising	Begin=139.073|End=139.493	_	_	_	0-2(17)
65-0	TO071	65	65	0	xxx	xxx	_	_	_	_	_	unknown	_	none	Syllables=3	Begin=139.663|End=140.66	_	_	_	_
66-0	TO071	66	66	0	e	e	_	_	_	_	_	linguistic	_	none	_	Begin=140.77	_	_	_	_
66-1	TO071	66	66	1	all'	all'	_	_	_	_	_	linguistic	_	none	SpaceAfter=No	_	_	_	_	_
66-2	TO071	66	66	2	università	università	_	_	_	_	_	linguistic	_	none	_	_	_	_	_	_
66-3	TO071	66	66	3	vieni	vieni	_	_	_	_	_	linguistic	_	none	_	_	_	_	_	_
66-4	TO071	66	66	4	a	a	_	_	_	_	_	linguistic	_	none	_	_	_	_	_	_
66-5	TO071	66	66	5	piedi,	piedi	_	_	_	_	_	linguistic	_	none	Intonation=WeaklyRising	End=142.0	_	_	_	_
67-0	TO080	67	67	0	sì	sì	_	_	_	_	_	linguistic	_	none	_	Begin=142.0|End=142.317	_	_	_	_
68-0	TO071	68	68	0	[chiaram]ente	chiaramente	_	_	_	_	_	linguistic	_	none	_	Begin=142.317|End=143.12	_	_	_	0-7(18)
69-0	TO080	69	69	0	[sì	sì	_	_	_	_	_	linguistic	_	none	_	Begin=142.416	_	_	_	0-2(18)
69-1	TO080	69	69	1	si]	si	_	_	_	_	_	linguistic	_	none	_	End=142.779	_	_	_	0-2(18)
70-0	TO071	70	70	0	vieni	vieni	_	_	_	_	_	linguistic	_	none	_	Begin=143.777	_	_	_	_
70-1	TO071	70	70	1	a	a	_	_	_	_	_	linguistic	_	none	_	_	_	_	_	_
70-2	TO071	70	70	2	piedi	piedi	_	_	_	_	_	linguistic	_	none	_	End=144.44	_	_	_	_
71-0	TO071	71	71	0	ehm	ehm	_	_	_	_	_	linguistic	_	none	_	Begin=144.603	_	_	_	_
71-1	TO071	71	71	1	ah	ah	_	_	_	_	_	linguistic	_	none	_	_	_	_	_	_
71-2	TO071	71	71	2	quindi	quindi	_	_	_	_	_	linguistic	_	none	_	_	_	_	_	_
71-3	TO071	71	71	3	questa	questa	_	_	_	_	_	linguistic	_	none	_	_	_	_	_	_
71-4	TO071	71	71	4	è	è	_	_	_	_	_	linguistic	_	none	_	_	_	_	_	_
71-5	TO071	71	71	5	la	la	_	_	_	_	_	linguistic	_	none	_	_	_	_	_	_
71-6	TO071	71	71	6	tua	tua	_	_	_	_	_	linguistic	_	none	_	_	_	_	_	_
71-7	TO071	71	71	7	casa,	casa	_	_	_	_	_	linguistic	_	none	Intonation=WeaklyRising	_	_	_	_	_
71-8	TO071	71	71	8	mi	mi	_	_	_	_	_	linguistic	_	none	_	_	_	_	_	_
71-9	TO071	71	71	9	pare	pare	_	_	_	_	_	linguistic	_	none	_	_	_	_	_	_
71-10	TO071	71	71	10	di	di	_	_	_	_	_	linguistic	_	none	_	_	_	_	_	_
71-11	TO071	71	71	11	aver	aver	_	_	_	_	_	linguistic	_	none	_	_	_	_	_	_
71-12	TO071	71	71	12	capito,	capito	_	_	_	_	_	linguistic	_	none	Intonation=WeaklyRising	_	_	_	_	_
71-13	TO071	71	71	13	della	della	_	_	_	_	_	linguistic	_	none	_	_	_	_	_	_
71-14	TO071	71	71	14	magistrale,	magistrale	_	_	_	_	_	linguistic	_	none	Intonation=WeaklyRising	End=148.87	_	_	_	_
72-0	TO071	72	72	0	okay	okay	_	_	_	_	_	linguistic	_	none	_	Begin=149.07	_	_	_	_
72-1	TO071	72	72	1	de~	de~	_	_	_	_	_	linguistic	_	none	Interrupted=Yes	_	_	_	_	_
72-2	TO071	72	72	2	ah	ah	_	_	_	_	_	linguistic	_	none	_	_	_	_	_	_
72-3	TO071	72	72	3	tu	tu	_	_	_	_	_	linguistic	_	none	_	_	_	_	_	_
72-4	TO071	72	72	4	stai	stai	_	_	_	_	_	linguistic	_	none	_	_	_	_	_	_
72-5	TO071	72	72	5	facendo	facendo	_	_	_	_	_	linguistic	_	none	_	_	_	_	_	_
72-6	TO071	72	72	6	la	la	_	_	_	_	_	linguistic	_	none	_	_	_	_	_	_
72-7	TO071	72	72	7	[triennale]?	triennale	_	_	_	_	_	linguistic	_	none	Intonation=Rising	End=151.178	_	_	_	0-9(19)
73-0	TO080	73	73	0	[sto	sto	_	_	_	_	_	linguistic	_	none	_	Begin=150.538	_	_	_	0-3(19)
73-1	TO080	73	73	1	facendo	facendo	_	_	_	_	_	linguistic	_	none	_	_	_	_	_	0-7(19)
73-2	TO080	73	73	2	la]	la	_	_	_	_	_	linguistic	_	none	_	_	_	_	_	0-2(19)
73-3	TO080	73	73	3	triennale,	triennale	_	_	_	_	_	linguistic	_	none	Intonation=WeaklyRising	End=151.77	_	_	_	_
74-0	TO071	74	74	0	ah	ah	_	_	_	_	_	linguistic	_	none	_	Begin=151.783	_	_	_	_
74-1	TO071	74	74	1	ma,	ma	_	_	_	_	_	linguistic	_	none	Intonation=WeaklyRising	_	_	_	_	_
74-2	TO071	74	74	2	quindi	quindi	_	_	_	_	_	linguistic	_	none	_	_	_	_	_	_
74-3	TO071	74	74	3	tu	tu	_	_	_	_	_	linguistic	_	none	_	_	_	_	_	_
74-4	TO071	74	74	4	ti	ti	_	_	_	_	_	linguistic	_	none	_	_	_	_	_	_
74-5	TO071	74	74	5	sei	sei	_	_	_	_	_	linguistic	_	none	_	_	_	_	_	_
74-6	TO071	74	74	6	partita	partita	_	_	_	_	_	linguistic	_	none	_	_	_	_	_	_
74-7	TO071	74	74	7	là	là	_	_	_	_	_	linguistic	_	none	_	_	_	_	_	_
74-8	TO071	74	74	8	da	da	_	_	_	_	_	linguistic	_	none	_	_	_	_	_	_
74-9	TO071	74	74	9	zona	zona	_	_	_	_	_	linguistic	_	none	_	_	_	_	_	_
74-10	TO071	74	74	10	monza,	monza	_	_	_	_	_	linguistic	_	none	Intonation=WeaklyRising	End=154.736	_	_	_	_
75-0	TO080	75	75	0	sì,	sì	_	_	_	_	_	linguistic	_	none	Intonation=WeaklyRising	Begin=154.736|End=155.109	_	_	_	_
76-0	TO071	76	76	0	e	e	_	_	_	_	_	linguistic	_	none	_	Begin=155.109	_	_	_	_
76-1	TO071	76	76	1	sei	sei	_	_	_	_	_	linguistic	_	none	_	_	_	_	_	_
76-2	TO071	76	76	2	venuta	venuta	_	_	_	_	_	linguistic	_	none	_	_	_	_	_	_
76-3	TO071	76	76	3	a	a	_	_	_	_	_	linguistic	_	none	_	_	_	_	_	_
76-4	TO071	76	76	4	studiare	studiare	_	_	_	_	_	linguistic	_	none	_	_	_	_	_	_
76-5	TO071	76	76	5	qui	qui	_	_	_	_	_	linguistic	_	none	_	_	_	_	_	_
76-6	TO071	76	76	6	a	a	_	_	_	_	_	linguistic	_	none	_	_	_	_	_	_
76-7	TO071	76	76	7	torino	torino	_	_	_	_	_	linguistic	_	none	_	End=156.66	_	_	_	_
77-0	TO080	77	77	0	sì	sì	_	_	_	_	_	linguistic	_	none	_	Begin=156.66|End=156.823	_	_	_	_
78-0	TO071	78	78	0	perché	perché	_	_	_	_	_	linguistic	_	none	_	Begin=156.823	_	_	_	_
78-1	TO071	78	78	1	non	non	_	_	_	_	_	linguistic	_	none	_	_	_	_	_	_
78-2	TO071	78	78	2	a	a	_	_	_	_	_	linguistic	_	none	_	_	_	_	_	_
78-3	TO071	78	78	3	milano?	milano	_	_	_	_	_	linguistic	_	none	Intonation=Rising	End=157.835	_	_	_	_
79-0	TO080	79	79	0	perché	perché	_	_	_	_	_	linguistic	_	none	_	Begin=157.835	_	_	_	_
79-1	TO080	79	79	1	a	a	_	_	_	_	_	linguistic	_	none	_	_	_	_	_	_
79-2	TO080	79	79	2	milano	milano	_	_	_	_	_	linguistic	_	none	_	_	_	_	_	_
79-3	TO080	79	79	3	non	non	_	_	_	_	_	linguistic	_	none	_	_	_	_	_	_
79-4	TO080	79	79	4	fanno	fanno	_	_	_	_	_	linguistic	_	none	_	_	_	_	_	_
79-5	TO080	79	79	5	ebraico,	ebraico	_	_	_	_	_	linguistic	_	none	Intonation=WeaklyRising	_	_	_	_	_
79-6	TO080	79	79	6	e	e	_	_	_	_	_	linguistic	_	none	_	_	_	_	_	_
79-7	TO080	79	79	7	io	io	_	_	_	_	_	linguistic	_	none	_	_	_	_	_	_
79-8	TO080	79	79	8	lo	lo	_	_	_	_	_	linguistic	_	none	_	_	_	_	_	_
79-9	TO080	79	79	9	volevo	volevo	_	_	_	_	_	linguistic	_	none	_	_	_	_	_	_
79-10	TO080	79	79	10	veramente	veramente	_	_	_	_	_	linguistic	_	none	_	_	_	_	_	_
79-11	TO080	79	79	11	studiare	studiare	_	_	_	_	_	linguistic	_	none	_	_	_	_	_	_
79-12	TO080	79	79	12	ebraico	ebraico	_	_	_	_	_	linguistic	_	none	_	_	_	_	_	_
79-13	TO080	79	79	13	e	e	_	_	_	_	_	linguistic	_	none	_	_	_	_	_	_
79-14	TO080	79	79	14	quindi	quindi	_	_	_	_	_	linguistic	_	none	_	_	_	_	_	_
79-15	TO080	79	79	15	ho	ho	_	_	_	_	_	linguistic	_	none	_	_	_	_	_	_
79-16	TO080	79	79	16	deciso	deciso	_	_	_	_	_	linguistic	_	none	_	_	_	_	_	_
79-17	TO080	79	79	17	di	di	_	_	_	_	_	linguistic	_	none	_	_	_	_	_	_
79-18	TO080	79	79	18	spostarmi	spostarmi	_	_	_	_	_	linguistic	_	none	_	_	_	_	_	_
79-19	TO080	79	79	19	qua,	qua	_	_	_	_	_	linguistic	_	none	Intonation=WeaklyRising	End=165.301	_	_	_	_
80-0	TO080	80	80	0	poi::	poi	_	_	_	_	_	linguistic	_	none	_	Begin=165.647	2x2	_	_	_
80-1	TO080	80	80	1	arabo	arabo	_	_	_	_	_	linguistic	_	none	_	_	_	_	_	_
80-2	TO080	80	80	2	lo:	lo	_	_	_	_	_	linguistic	_	none	_	_	1x1	_	_	_
80-3	TO080	80	80	3	lo	lo	_	_	_	_	_	linguistic	_	none	_	_	_	_	_	_
80-4	TO080	80	80	4	fanno,	fanno	_	_	_	_	_	linguistic	_	none	Intonation=WeaklyRising	End=168.22	_	_	_	_
81-0	TO071	81	81	0	mhmh	mhmh	_	_	_	_	_	linguistic	_	none	_	Begin=168.22|End=168.654	_	_	_	_
82-0	TO080	82	82	0	però	però	_	_	_	_	_	linguistic	_	none	_	Begin=168.976	_	_	_	_
82-1	TO080	82	82	1	è	è	_	_	_	_	_	linguistic	_	none	_	_	_	_	_	_
82-2	TO080	82	82	2	trattato	trattato	_	_	_	_	_	linguistic	_	none	_	_	_	_	_	_
82-3	TO080	82	82	3	proprio	proprio	_	_	_	_	_	linguistic	_	none	_	_	_	_	_	_
82-4	TO080	82	82	4	come	come	_	_	_	_	_	linguistic	_	none	_	_	_	_	_	_
82-5	TO080	82	82	5	seconda	seconda	_	_	_	_	_	linguistic	_	none	_	_	_	_	_	_
82-6	TO080	82	82	6	lingua,	lingua	_	_	_	_	_	linguistic	_	none	Intonation=WeaklyRising	End=172.632	_	_	_	_
83-0	TO080	83	83	0	quindi	quindi	_	_	_	_	_	linguistic	_	none	_	Begin=172.91	_	_	_	_
83-1	TO080	83	83	1	devi	devi	_	_	_	_	_	linguistic	_	none	_	_	_	_	_	_
83-2	TO080	83	83	2	accoppiarlo	accoppiarlo	_	_	_	_	_	linguistic	_	none	_	_	_	_	_	_
83-3	TO080	83	83	3	a	a	_	_	_	_	_	linguistic	_	none	_	_	_	_	_	_
83-4	TO080	83	83	4	una	una	_	_	_	_	_	linguistic	_	none	_	_	_	_	_	_
83-5	TO080	83	83	5	lingua	lingua	_	_	_	_	_	linguistic	_	none	_	_	_	_	_	_
83-6	TO080	83	83	6	europea	europea	_	_	_	_	_	linguistic	_	none	_	_	_	_	_	_
83-7	TO080	83	83	7	e	e	_	_	_	_	_	linguistic	_	none	_	_	_	_	_	_
83-8	TO080	83	83	8	io	io	_	_	_	_	_	linguistic	_	none	_	_	_	_	_	_
83-9	TO080	83	83	9	avendo	avendo	_	_	_	_	_	linguistic	_	none	_	_	_	_	_	_
83-10	TO080	83	83	10	già	già	_	_	_	_	_	linguistic	_	none	_	_	_	_	_	_
83-11	TO080	83	83	11	fatto	fatto	_	_	_	_	_	linguistic	_	none	_	_	_	_	_	_
83-12	TO080	83	83	12	il	il	_	_	_	_	_	linguistic	_	none	_	_	_	_	_	_
83-13	TO080	83	83	13	linguistico	linguistico	_	_	_	_	_	linguistic	_	none	_	_	_	_	_	_
83-14	TO080	83	83	14	non	non	_	_	_	_	_	linguistic	_	none	_	_	_	_	_	_
83-15	TO080	83	83	15	ne	ne	_	_	_	_	_	linguistic	_	none	_	_	_	_	_	_
83-16	TO080	83	83	16	potevo	potevo	_	_	_	_	_	linguistic	_	none	_	_	_	_	_	_
83-17	TO080	83	83	17	più	più	_	_	_	_	_	linguistic	_	none	_	_	_	_	_	_
83-18	TO080	83	83	18	di	di	_	_	_	_	_	linguistic	_	none	_	_	_	_	_	_
83-19	TO080	83	83	19	[lingue	lingue	_	_	_	_	_	linguistic	_	none	_	_	_	_	_	0-6(20)
83-20	TO080	83	83	20	europee]	europee	_	_	_	_	_	linguistic	_	none	_	_	_	_	_	0-7(20)
83-21	TO080	83	83	21	proprio	proprio	_	_	_	_	_	linguistic	_	none	_	End=178.95	_	_	_	_
84-0	TO071	84	84	0	[okay]	okay	_	_	_	_	_	linguistic	_	none	_	Begin=177.601|End=178.268	_	_	_	0-4(20)
85-0	TO080	85	85	0	studiate,	studiate	_	_	_	_	_	linguistic	_	none	Intonation=WeaklyRising	Begin=179.085|End=180.127	_	_	_	_
86-0	TO071	86	86	0	okay	okay	_	_	_	_	_	linguistic	_	none	_	Begin=180.221|End=180.678	_	_	_	_
87-0	TO080	87	87	0	e:::	e	_	_	_	_	_	linguistic	_	none	_	Begin=182.168	0x3	_	_	_
87-1	TO080	87	87	1	e	e	_	_	_	_	_	linguistic	_	none	_	_	_	_	_	_
87-2	TO080	87	87	2	niente	niente	_	_	_	_	_	linguistic	_	none	_	_	_	_	_	_
87-3	TO080	87	87	3	quindi	quindi	_	_	_	_	_	linguistic	_	none	_	_	_	_	_	_
87-4	TO080	87	87	4	ho	ho	_	_	_	_	_	linguistic	_	none	_	_	_	_	_	_
87-5	TO080	87	87	5	d~	d~	_	_	_	_	_	linguistic	_	none	Interrupted=Yes|PauseAfter=Yes	_	_	_	_	_
87-6	TO080	87	87	6	{P}	{P}	_	_	_	_	_	shortpause	_	none	_	_	_	_	_	_
87-7	TO080	87	87	7	deciso	deciso	_	_	_	_	_	linguistic	_	none	_	_	_	_	_	_
87-8	TO080	87	87	8	di	di	_	_	_	_	_	linguistic	_	none	_	_	_	_	_	_
87-9	TO080	87	87	9	spostarmi	spostarmi	_	_	_	_	_	linguistic	_	none	_	End=185.91	_	_	_	_
88-0	TO071	88	88	0	okay,	okay	_	_	_	_	_	linguistic	_	none	Intonation=WeaklyRising	Begin=185.91	_	_	_	_
88-1	TO071	88	88	1	e::hm	ehm	_	_	_	_	_	linguistic	_	none	_	End=187.601	0x2	_	_	_
89-0	TO071	89	89	0	come	come	_	_	_	_	_	linguistic	_	none	_	Begin=188.407	_	_	_	_
89-1	TO071	89	89	1	dire	dire	_	_	_	_	_	linguistic	_	none	_	_	_	_	_	_
89-2	TO071	89	89	2	u~	u~	_	_	_	_	_	linguistic	_	none	Interrupted=Yes	_	_	_	_	_
89-3	TO071	89	89	3	b~	b~	_	_	_	_	_	linguistic	_	none	Interrupted=Yes	End=190.273	_	_	_	_
90-0	TO071	90	90	0	prima	prima	_	_	_	_	_	linguistic	_	none	_	Begin=190.601	_	_	_	_
90-1	TO071	90	90	1	di	di	_	_	_	_	_	linguistic	_	none	_	_	_	_	_	_
90-2	TO071	90	90	2	scegliere	scegliere	_	_	_	_	_	linguistic	_	none	_	_	_	_	_	_
90-3	TO071	90	90	3	torino	torino	_	_	_	_	_	linguistic	_	none	_	_	_	_	_	_
90-4	TO071	90	90	4	nel	nel	_	_	_	_	_	linguistic	_	none	_	_	_	_	_	_
90-5	TO071	90	90	5	senso,	senso	_	_	_	_	_	linguistic	_	none	Intonation=WeaklyRising	End=192.904	_	_	_	_
91-0	TO071	91	91	0	tu	tu	_	_	_	_	_	linguistic	_	none	_	Begin=193.451	_	_	_	_
91-1	TO071	91	91	1	conoscevi	conoscevi	_	_	_	_	_	linguistic	_	none	_	_	_	_	_	_
91-2	TO071	91	91	2	un	un	_	_	_	_	_	linguistic	_	none	_	_	_	_	_	_
91-3	TO071	91	91	3	po'	po'	_	_	_	_	_	linguistic	_	none	_	_	_	_	_	_
91-4	TO071	91	91	4	l'	l'	_	_	_	_	_	linguistic	_	none	SpaceAfter=No	_	_	_	_	_
91-5	TO071	91	91	5	università	università	_	_	_	_	_	linguistic	_	none	_	_	_	_	_	_
91-6	TO071	91	91	6	di	di	_	_	_	_	_	linguistic	_	none	_	_	_	_	_	_
91-7	TO071	91	91	7	milano	milano	_	_	_	_	_	linguistic	_	none	_	_	_	_	_	_
91-8	TO071	91	91	8	o?	o	_	_	_	_	_	linguistic	_	none	Intonation=Rising	End=196.301	_	_	_	_
92-0	TO071	92	92	0	nel	nel	_	_	_	_	_	linguistic	_	none	_	Begin=196.685	_	_	_	_
92-1	TO071	92	92	1	senso	senso	_	_	_	_	_	linguistic	_	none	_	_	_	_	_	_
92-2	TO071	92	92	2	c'	c'	_	_	_	_	_	linguistic	_	none	SpaceAfter=No	_	_	_	_	_
92-3	TO071	92	92	3	è	è	_	_	_	_	_	linguistic	_	none	_	_	_	_	_	_
92-4	TO071	92	92	4	stato	stato	_	_	_	_	_	linguistic	_	none	_	_	_	_	_	_
92-5	TO071	92	92	5	un	un	_	_	_	_	_	linguistic	_	none	_	_	_	_	_	_
92-6	TO071	92	92	6	momento	momento	_	_	_	_	_	linguistic	_	none	_	_	_	_	_	_
92-7	TO071	92	92	7	in	in	_	_	_	_	_	linguistic	_	none	_	_	_	_	_	_
92-8	TO071	92	92	8	cui	cui	_	_	_	_	_	linguistic	_	none	_	_	_	_	_	_
92-9	TO071	92	92	9	sei	sei	_	_	_	_	_	linguistic	_	none	_	_	_	_	_	_
92-10	TO071	92	92	10	stata	stata	_	_	_	_	_	linguistic	_	none	_	_	_	_	_	_
92-11	TO071	92	92	11	magari	magari	_	_	_	_	_	linguistic	_	none	_	_	_	_	_	_
92-12	TO071	92	92	12	un	un	_	_	_	_	_	linguistic	_	none	_	_	_	_	_	_
92-13	TO071	92	92	13	po'	po'	_	_	_	_	_	linguistic	_	none	_	_	_	_	_	_
92-14	TO071	92	92	14	in	in	_	_	_	_	_	linguistic	_	none	_	_	_	_	_	_
92-15	TO071	92	92	15	dubbio	dubbio	_	_	_	_	_	linguistic	_	none	_	_	_	_	_	_
92-16	TO071	92	92	16	o	o	_	_	_	_	_	linguistic	_	none	_	_	_	_	_	_
92-17	TO071	92	92	17	hai	hai	_	_	_	_	_	linguistic	_	none	_	_	_	_	_	_
92-18	TO071	92	92	18	scelto	scelto	_	_	_	_	_	linguistic	_	none	_	_	_	_	_	_
92-19	TO071	92	92	19	torino	torino	_	_	_	_	_	linguistic	_	none	_	_	_	_	_	_
92-20	TO071	92	92	20	cos[ì	così	_	_	_	_	_	linguistic	_	none	_	_	_	_	_	2-4(21)
92-21	TO071	92	92	21	a]	a	_	_	_	_	_	linguistic	_	none	_	End=201.72	_	_	_	0-1(21)
93-0	TO080	93	93	0	[no]	no	_	_	_	_	_	linguistic	_	none	_	Begin=201.391	_	_	_	0-2(21)
93-1	TO080	93	93	1	allora	allora	_	_	_	_	_	linguistic	_	none	_	_	_	_	_	_
93-2	TO080	93	93	2	io	io	_	_	_	_	_	linguistic	_	none	_	_	_	_	_	_
93-3	TO080	93	93	3	mi	mi	_	_	_	_	_	linguistic	_	none	_	_	_	_	_	_
93-4	TO080	93	93	4	sono	sono	_	_	_	_	_	linguistic	_	none	_	_	_	_	_	_
93-5	TO080	93	93	5	informata	informata	_	_	_	_	_	linguistic	_	none	_	_	_	_	_	_
93-6	TO080	93	93	6	su	su	_	_	_	_	_	linguistic	_	none	_	_	_	_	_	_
93-7	TO080	93	93	7	tutti	tutti	_	_	_	_	_	linguistic	_	none	_	_	_	_	_	_
93-8	TO080	93	93	8	i	i	_	_	_	_	_	linguistic	_	none	_	_	_	_	_	_
93-9	TO080	93	93	9	corsi	corsi	_	_	_	_	_	linguistic	_	none	_	_	_	_	_	_
93-10	TO080	93	93	10	possibili	possibili	_	_	_	_	_	linguistic	_	none	_	_	_	_	_	_
93-11	TO080	93	93	11	immaginabili	immaginabili	_	_	_	_	_	linguistic	_	none	_	_	_	_	_	_
93-12	TO080	93	93	12	a	a	_	_	_	_	_	linguistic	_	none	_	_	_	_	_	_
93-13	TO080	93	93	13	a	a	_	_	_	_	_	linguistic	_	none	_	_	_	_	_	_
93-14	TO080	93	93	14	milano,	milano	_	_	_	_	_	linguistic	_	none	Intonation=WeaklyRising	End=207.16	_	_	_	_
94-0	TO080	94	94	0	anche	anche	_	_	_	_	_	linguistic	_	none	_	Begin=207.24	_	_	_	_
94-1	TO080	94	94	1	a	a	_	_	_	_	_	linguistic	_	none	_	_	_	_	_	_
94-2	TO080	94	94	2	bergamo	bergamo	_	_	_	_	_	linguistic	_	none	_	_	_	_	_	_
94-3	TO080	94	94	3	perché	perché	_	_	_	_	_	linguistic	_	none	_	_	_	_	_	_
94-4	TO080	94	94	4	comunque	comunque	_	_	_	_	_	linguistic	_	none	_	_	_	_	_	_
94-5	TO080	94	94	5	bergamo,	bergamo	_	_	_	_	_	linguistic	_	none	Intonation=WeaklyRising	End=209.532	_	_	_	_
95-0	TO080	95	95	0	è	è	_	_	_	_	_	linguistic	_	none	_	Begin=209.741	_	_	_	_
95-1	TO080	95	95	1	relativamente	relativamente	_	_	_	_	_	linguistic	_	none	_	_	_	_	_	_
95-2	TO080	95	95	2	vicino,	vicino	_	_	_	_	_	linguistic	_	none	Intonation=WeaklyRising	End=210.975	_	_	_	_
96-0	TO080	96	96	0	e::	e	_	_	_	_	_	linguistic	_	none	_	Begin=211.64	0x2	_	_	_
96-1	TO080	96	96	1	sperando	sperando	_	_	_	_	_	linguistic	_	none	_	_	_	_	_	_
96-2	TO080	96	96	2	di	di	_	_	_	_	_	linguistic	_	none	_	_	_	_	_	_
96-3	TO080	96	96	3	trovare	trovare	_	_	_	_	_	linguistic	_	none	_	_	_	_	_	_
96-4	TO080	96	96	4	qualcosa,	qualcosa	_	_	_	_	_	linguistic	_	none	Intonation=WeaklyRising	_	_	_	_	_
96-5	TO080	96	96	5	però	però	_	_	_	_	_	linguistic	_	none	_	_	_	_	_	_
96-6	TO080	96	96	6	non	non	_	_	_	_	_	linguistic	_	none	_	_	_	_	_	_
96-7	TO080	96	96	7	c'	c'	_	_	_	_	_	linguistic	_	none	SpaceAfter=No	_	_	_	_	_
96-8	TO080	96	96	8	era,	era	_	_	_	_	_	linguistic	_	none	Intonation=WeaklyRising	_	_	_	_	_
96-9	TO080	96	96	9	e::	e	_	_	_	_	_	linguistic	_	none	_	_	0x2	_	_	_
96-10	TO080	96	96	10	a	a	_	_	_	_	_	linguistic	_	none	_	_	_	_	_	_
96-11	TO080	96	96	11	dire	dire	_	_	_	_	_	linguistic	_	none	_	_	_	_	_	_
96-12	TO080	96	96	12	la	la	_	_	_	_	_	linguistic	_	none	_	_	_	_	_	_
96-13	TO080	96	96	13	verità	verità	_	_	_	_	_	linguistic	_	none	_	_	_	_	_	_
96-14	TO080	96	96	14	io	io	_	_	_	_	_	linguistic	_	none	_	_	_	_	_	_
96-15	TO080	96	96	15	ho	ho	_	_	_	_	_	linguistic	_	none	_	_	_	_	_	_
96-16	TO080	96	96	16	scoperto	scoperto	_	_	_	_	_	linguistic	_	none	_	_	_	_	_	_
96-17	TO080	96	96	17	torino,	torino	_	_	_	_	_	linguistic	_	none	Intonation=WeaklyRising	End=217.828	_	_	_	_
97-0	TO080	97	97	0	dopo	dopo	_	_	_	_	_	linguistic	_	none	_	Begin=218.085	_	_	_	_
97-1	TO080	97	97	1	venezia	venezia	_	_	_	_	_	linguistic	_	none	_	End=219.126	_	_	_	_
98-0	TO071	98	98	0	esatto	esatto	_	_	_	_	_	linguistic	_	none	_	Begin=219.134|End=219.694	_	_	_	_
99-0	TO080	99	99	0	perché	perché	_	_	_	_	_	linguistic	_	none	_	Begin=219.714	_	_	_	_
99-1	TO080	99	99	1	pensavo	pensavo	_	_	_	_	_	linguistic	_	none	_	_	_	_	_	_
99-2	TO080	99	99	2	di	di	_	_	_	_	_	linguistic	_	none	_	_	_	_	_	_
99-3	TO080	99	99	3	dover	dover	_	_	_	_	_	linguistic	_	none	_	_	_	_	_	_
99-4	TO080	99	99	4	andare	andare	_	_	_	_	_	linguistic	_	none	_	_	_	_	_	_
99-5	TO080	99	99	5	a	a	_	_	_	_	_	linguistic	_	none	_	_	_	_	_	_
99-6	TO080	99	99	6	venezia	venezia	_	_	_	_	_	linguistic	_	none	_	_	_	_	_	_
99-7	TO080	99	99	7	e	e	_	_	_	_	_	linguistic	_	none	_	_	_	_	_	_
99-8	TO080	99	99	8	non	non	_	_	_	_	_	linguistic	_	none	_	_	_	_	_	_
99-9	TO080	99	99	9	avevo	avevo	_	_	_	_	_	linguistic	_	none	_	_	_	_	_	_
99-10	TO080	99	99	10	voglia	voglia	_	_	_	_	_	linguistic	_	none	_	_	_	_	_	_
99-11	TO080	99	99	11	perché:,	perché	_	_	_	_	_	linguistic	_	none	Intonation=WeaklyRising	End=223.524	5x1	_	_	_
100-0	TO080	100	100	0	è	è	_	_	_	_	_	linguistic	_	none	_	Begin=223.863	_	_	_	_
100-1	TO080	100	100	1	lontana,	lontana	_	_	_	_	_	linguistic	_	none	Intonation=WeaklyRising	End=224.722	_	_	_	_
101-0	TO080	101	101	0	scomoda	scomoda	_	_	_	_	_	linguistic	_	none	_	Begin=225.133|End=225.917	_	_	_	_
102-0	TO071	102	102	0	sì	sì	_	_	_	_	_	linguistic	_	none	_	Begin=225.917|End=226.305	_	_	_	_
103-0	TO080	103	103	0	dal	dal	_	_	_	_	_	linguistic	_	none	_	Begin=226.305	_	_	_	_
103-1	TO080	103	103	1	mio	mio	_	_	_	_	_	linguistic	_	none	_	_	_	_	_	_
103-2	TO080	103	103	2	punto	punto	_	_	_	_	_	linguistic	_	none	_	_	_	_	_	_
103-3	TO080	103	103	3	di	di	_	_	_	_	_	linguistic	_	none	_	_	_	_	_	_
103-4	TO080	103	103	4	vista	vista	_	_	_	_	_	linguistic	_	none	_	_	_	_	_	_
103-5	TO080	103	103	5	almeno	almeno	_	_	_	_	_	linguistic	_	none	_	_	_	_	_	_
103-6	TO080	103	103	6	perché	perché	_	_	_	_	_	linguistic	_	none	_	_	_	_	_	_
103-7	TO080	103	103	7	sono	sono	_	_	_	_	_	linguistic	_	none	_	_	_	_	_	_
103-8	TO080	103	103	8	abituata	abituata	_	_	_	_	_	linguistic	_	none	_	_	_	_	_	_
103-9	TO080	103	103	9	anche,	anche	_	_	_	_	_	linguistic	_	none	Intonation=WeaklyRising	End=228.929	_	_	_	_
104-0	TO080	104	104	0	a	a	_	_	_	_	_	linguistic	_	none	_	Begin=229.184	_	_	_	_
104-1	TO080	104	104	1	vivere	vivere	_	_	_	_	_	linguistic	_	none	_	_	_	_	_	_
104-2	TO080	104	104	2	in	in	_	_	_	_	_	linguistic	_	none	_	_	_	_	_	_
104-3	TO080	104	104	3	pianura,	pianura	_	_	_	_	_	linguistic	_	none	Intonation=WeaklyRising	_	_	_	_	_
104-4	TO080	104	104	4	senza	senza	_	_	_	_	_	linguistic	_	none	_	_	_	_	_	_
104-5	TO080	104	104	5	acqua	acqua	_	_	_	_	_	linguistic	_	none	_	_	_	_	_	_
104-6	TO080	104	104	6	senza	senza	_	_	_	_	_	linguistic	_	none	_	_	_	_	_	_
104-7	TO080	104	104	7	niente	niente	_	_	_	_	_	linguistic	_	none	_	_	_	_	_	_
104-8	TO080	104	104	8	quindi	quindi	_	_	_	_	_	linguistic	_	none	_	End=232.204	_	_	_	_
105-0	TO080	105	105	0	e::,	e	_	_	_	_	_	linguistic	_	none	Intonation=WeaklyRising	Begin=232.914|End=234.054	0x2	_	_	_
106-0	TO080	106	106	0	e	e	_	_	_	_	_	linguistic	_	none	_	Begin=234.175	_	_	_	_
106-1	TO080	106	106	1	poi	poi	_	_	_	_	_	linguistic	_	none	_	_	_	_	_	_
106-2	TO080	106	106	2	per	per	_	_	_	_	_	linguistic	_	none	_	_	_	_	_	_
106-3	TO080	106	106	3	caso,	caso	_	_	_	_	_	linguistic	_	none	Intonation=WeaklyRising	End=235.858	_	_	_	_
107-0	TO080	107	107	0	non	non	_	_	_	_	_	linguistic	_	none	_	Begin=236.151	_	_	_	_
107-1	TO080	107	107	1	mi	mi	_	_	_	_	_	linguistic	_	none	_	_	_	_	_	_
107-2	TO080	107	107	2	ricordo	ricordo	_	_	_	_	_	linguistic	_	none	_	_	_	_	_	_
107-3	TO080	107	107	3	nemmeno	nemmeno	_	_	_	_	_	linguistic	_	none	_	_	_	_	_	_
107-4	TO080	107	107	4	come,	come	_	_	_	_	_	linguistic	_	none	Intonation=WeaklyRising	_	_	_	_	_
107-5	TO080	107	107	5	ho	ho	_	_	_	_	_	linguistic	_	none	_	_	_	_	_	_
107-6	TO080	107	107	6	scoperto	scoperto	_	_	_	_	_	linguistic	_	none	_	_	_	_	_	_
107-7	TO080	107	107	7	che	che	_	_	_	_	_	linguistic	_	none	_	_	_	_	_	_
107-8	TO080	107	107	8	qua	qua	_	_	_	_	_	linguistic	_	none	_	_	_	_	_	_
107-9	TO080	107	107	9	hanno	hanno	_	_	_	_	_	linguistic	_	none	_	_	_	_	_	_
107-10	TO080	107	107	10	un	un	_	_	_	_	_	linguistic	_	none	_	_	_	_	_	_
107-11	TO080	107	107	11	corso	corso	_	_	_	_	_	linguistic	_	none	_	_	_	_	_	_
107-12	TO080	107	107	12	di	di	_	_	_	_	_	linguistic	_	none	_	_	_	_	_	_
107-13	TO080	107	107	13	ebraico	ebraico	_	_	_	_	_	linguistic	_	none	_	_	_	_	_	_
107-14	TO080	107	107	14	m:h	mh	_	_	_	_	_	linguistic	_	none	_	_	0x1	_	_	_
107-15	TO080	107	107	15	bibli[co]	biblico	_	_	_	_	_	linguistic	_	none	_	End=241.904	_	_	_	5-7(22)
108-0	TO071	108	108	0	[mh]	mh	_	_	_	_	_	linguistic	_	none	_	Begin=241.418|End=241.903	_	_	_	0-2(22)
109-0	TO080	109	109	0	e::	e	_	_	_	_	_	linguistic	_	none	_	Begin=242.178	0x2	_	_	_
109-1	TO080	109	109	1	e	e	_	_	_	_	_	linguistic	_	none	_	_	_	_	_	_
109-2	TO080	109	109	2	quindi:	quindi	_	_	_	_	_	linguistic	_	none	_	_	5x1	_	_	_
109-3	TO080	109	109	3	ho	ho	_	_	_	_	_	linguistic	_	none	_	_	_	_	_	_
109-4	TO080	109	109	4	deciso	deciso	_	_	_	_	_	linguistic	_	none	_	_	_	_	_	_
109-5	TO080	109	109	5	di	di	_	_	_	_	_	linguistic	_	none	_	_	_	_	_	_
109-6	TO080	109	109	6	venire	venire	_	_	_	_	_	linguistic	_	none	_	_	_	_	_	_
109-7	TO080	109	109	7	qui.	qui	_	_	_	_	_	linguistic	_	none	Intonation=Falling	End=244.47	_	_	_	_
110-0	TO071	110	110	0	okay	okay	_	_	_	_	_	linguistic	_	none	_	Begin=244.719|End=245.148	_	_	_	_
111-0	TO071	111	111	0	quindi	quindi	_	_	_	_	_	linguistic	_	none	_	Begin=245.458	_	_	_	_
111-1	TO071	111	111	1	praticamente	praticamente	_	_	_	_	_	linguistic	_	none	_	_	_	_	_	_
111-2	TO071	111	111	2	tu	tu	_	_	_	_	_	linguistic	_	none	_	_	_	_	_	_
111-3	TO071	111	111	3	sei	sei	_	_	_	_	_	linguistic	_	none	_	_	_	_	_	_
111-4	TO071	111	111	4	venuta	venuta	_	_	_	_	_	linguistic	_	none	_	_	_	_	_	_
111-5	TO071	111	111	5	qui	qui	_	_	_	_	_	linguistic	_	none	_	_	_	_	_	_
111-6	TO071	111	111	6	a	a	_	_	_	_	_	linguistic	_	none	_	_	_	_	_	_
111-7	TO071	111	111	7	torino	torino	_	_	_	_	_	linguistic	_	none	PauseAfter=Yes	_	_	_	_	_
111-8	TO071	111	111	8	{P}	{P}	_	_	_	_	_	shortpause	_	none	_	_	_	_	_	_
111-9	TO071	111	111	9	per	per	_	_	_	_	_	linguistic	_	none	_	_	_	_	_	_
111-10	TO071	111	111	10	il	il	_	_	_	_	_	linguistic	_	none	_	_	_	_	_	_
111-11	TO071	111	111	11	corso	corso	_	_	_	_	_	linguistic	_	none	_	_	_	_	_	_
111-12	TO071	111	111	12	di	di	_	_	_	_	_	linguistic	_	none	_	_	_	_	_	_
111-13	TO071	111	111	13	rossi,	rossi	_	_	_	_	_	linguistic	_	none	Intonation=WeaklyRising	End=248.65	_	_	_	_
112-0	TO071	112	112	0	fondamentalmente,	fondamentalmente	_	_	_	_	_	linguistic	_	none	Intonation=WeaklyRising	Begin=248.838|End=249.533	_	_	_	_
113-0	TO080	113	113	0	no	no	_	_	_	_	_	linguistic	_	none	_	Begin=249.559	_	_	_	_
113-1	TO080	113	113	1	lo	lo	_	_	_	_	_	linguistic	_	none	_	_	_	_	_	_
113-2	TO080	113	113	2	tiene	tiene	_	_	_	_	_	linguistic	_	none	_	_	_	_	_	_
113-3	TO080	113	113	3	verdi	verdi	_	_	_	_	_	linguistic	_	none	_	_	_	_	_	_
113-4	TO080	113	113	4	il	il	_	_	_	_	_	linguistic	_	none	_	_	_	_	_	_
113-5	TO080	113	113	5	c[orso],	corso	_	_	_	_	_	linguistic	_	none	Intonation=WeaklyRising	End=251.51	_	_	_	1-5(23)
114-0	TO071	114	114	0	[ah	ah	_	_	_	_	_	linguistic	_	none	_	Begin=251.055	_	_	_	0-2(23)
114-1	TO071	114	114	1	ver]di,	verdi	_	_	_	_	_	linguistic	_	none	Intonation=WeaklyRising	End=252.09	_	_	_	0-3(23)
115-0	TO080	115	115	0	sì	sì	_	_	_	_	_	linguistic	_	none	_	Begin=252.129|End=252.581	_	_	_	_
116-0	TO071	116	116	0	e	e	_	_	_	_	_	linguistic	_	none	_	Begin=252.581	_	_	_	_
116-1	TO071	116	116	1	ma	ma	_	_	_	_	_	linguistic	_	none	_	_	_	_	_	_
116-2	TO071	116	116	2	come	come	_	_	_	_	_	linguistic	_	none	_	_	_	_	_	_
116-3	TO071	116	116	3	mai	mai	_	_	_	_	_	linguistic	_	none	_	_	_	_	_	_
116-4	TO071	116	116	4	sta	sta	_	_	_	_	_	linguistic	_	none	_	_	_	_	_	_
116-5	TO071	116	116	5	passione	passione	_	_	_	_	_	linguistic	_	none	_	_	_	_	_	_
116-6	TO071	116	116	6	per	per	_	_	_	_	_	linguistic	_	none	_	_	_	_	_	_
116-7	TO071	116	116	7	l'	l'	_	_	_	_	_	linguistic	_	none	SpaceAfter=No	_	_	_	_	_
116-8	TO071	116	116	8	ebraico	ebraico	_	_	_	_	_	linguistic	_	none	_	_	_	_	_	_
116-9	TO071	116	116	9	>cioè<	cioè	_	_	_	_	_	linguistic	_	none	_	_	_	Fast=0-4(0)	_	_
116-10	TO071	116	116	10	non	non	_	_	_	_	_	linguistic	_	none	_	_	_	_	_	_
116-11	TO071	116	116	11	è	è	_	_	_	_	_	linguistic	_	none	_	_	_	_	_	_
116-12	TO071	116	116	12	molto	molto	_	_	_	_	_	linguistic	_	none	_	_	_	_	_	_
116-13	TO071	116	116	13	comune	comune	_	_	_	_	_	linguistic	_	none	_	_	_	_	_	_
116-14	TO071	116	116	14	per	per	_	_	_	_	_	linguistic	_	none	_	_	_	_	_	_
116-15	TO071	116	116	15	gli	gli	_	_	_	_	_	linguistic	_	none	_	_	_	_	_	_
116-16	TO071	116	116	16	appassionati	appassionati	_	_	_	_	_	linguistic	_	none	_	_	_	_	_	_
116-17	TO071	116	116	17	di	di	_	_	_	_	_	linguistic	_	none	_	_	_	_	_	_
116-18	TO071	116	116	18	lingue	lingue	_	_	_	_	_	linguistic	_	none	_	_	_	_	_	_
116-19	TO071	116	116	19	diciamo,	diciamo	_	_	_	_	_	linguistic	_	none	Intonation=WeaklyRising	End=258.386	_	_	_	_
117-0	TO080	117	117	0	m::h	mh	_	_	_	_	_	linguistic	_	none	_	Begin=258.637	0x2	_	_	_
117-1	TO080	117	117	1	non	non	_	_	_	_	_	linguistic	_	none	_	_	_	_	_	_
117-2	TO080	117	117	2	lo	lo	_	_	_	_	_	linguistic	_	none	_	_	_	_	_	_
117-3	TO080	117	117	3	so	so	_	_	_	_	_	linguistic	_	none	_	_	_	_	_	_
117-4	TO080	117	117	4	perché	perché	_	_	_	_	_	linguistic	_	none	_	_	_	_	_	_
117-5	TO080	117	117	5	per	per	_	_	_	_	_	linguistic	_	none	_	_	_	_	_	_
117-6	TO080	117	117	6	caso	caso	_	_	_	_	_	linguistic	_	none	_	_	_	_	_	_
117-7	TO080	117	117	7	mi	mi	_	_	_	_	_	linguistic	_	none	_	_	_	_	_	_
117-8	TO080	117	117	8	è	è	_	_	_	_	_	linguistic	_	none	_	_	_	_	_	_
117-9	TO080	117	117	9	capitato	capitato	_	_	_	_	_	linguistic	_	none	_	_	_	_	_	_
117-10	TO080	117	117	10	di	di	_	_	_	_	_	linguistic	_	none	_	_	_	_	_	_
117-11	TO080	117	117	11	guardare	guardare	_	_	_	_	_	linguistic	_	none	_	_	_	_	_	_
117-12	TO080	117	117	12	dei	dei	_	_	_	_	_	linguistic	_	none	_	_	_	_	_	_
117-13	TO080	117	117	13	film	film	_	_	_	_	_	linguistic	_	none	_	_	_	_	_	_
117-14	TO080	117	117	14	israeliani,	israeliani	_	_	_	_	_	linguistic	_	none	Intonation=WeaklyRising	End=263.49	_	_	_	_
118-0	TO071	118	118	0	ahah	ahah	_	_	_	_	_	linguistic	_	none	_	Begin=263.49|End=263.872	_	_	_	_
119-0	TO080	119	119	0	e:.	e	_	_	_	_	_	linguistic	_	none	Intonation=Falling	Begin=264.205	0x1	_	_	_
119-1	TO080	119	119	1	ero	ero	_	_	_	_	_	linguistic	_	none	_	_	_	_	_	_
119-2	TO080	119	119	2	lì	lì	_	_	_	_	_	linguistic	_	none	_	_	_	_	_	_
119-3	TO080	119	119	3	che	che	_	_	_	_	_	linguistic	_	none	_	_	_	_	_	_
119-4	TO080	119	119	4	ascoltavo	ascoltavo	_	_	_	_	_	linguistic	_	none	_	_	_	_	_	_
119-5	TO080	119	119	5	la	la	_	_	_	_	_	linguistic	_	none	_	_	_	_	_	_
119-6	TO080	119	119	6	lingua	lingua	_	_	_	_	_	linguistic	_	none	_	_	_	_	_	_
119-7	TO080	119	119	7	e	e	_	_	_	_	_	linguistic	_	none	_	_	_	_	_	_
119-8	TO080	119	119	8	proprio	proprio	_	_	_	_	_	linguistic	_	none	_	_	_	_	_	_
119-9	TO080	119	119	9	mi	mi	_	_	_	_	_	linguistic	_	none	_	_	_	_	_	_
119-10	TO080	119	119	10	piaceva,	piaceva	_	_	_	_	_	linguistic	_	none	Intonation=WeaklyRising	End=267.115	_	_	_	_
120-0	TO071	120	120	0	>°ti	ti	_	_	_	_	_	linguistic	_	none	Volume=low	Begin=267.115	_	Fast=0-2(0)	_	_
120-1	TO071	120	120	1	piaceva°<	piaceva	_	_	_	_	_	linguistic	_	none	Volume=low	End=267.544	_	Fast=0-7(0)	_	_
121-0	TO080	121	121	0	e::	e	_	_	_	_	_	linguistic	_	none	_	Begin=267.578|End=268.195	0x2	_	_	_
122-0	TO071	122	122	0	e	e	_	_	_	_	_	linguistic	_	none	_	Begin=268.195	_	_	_	_
122-1	TO071	122	122	1	hai	hai	_	_	_	_	_	linguistic	_	none	_	_	_	_	_	_
122-2	TO071	122	122	2	deciso	deciso	_	_	_	_	_	linguistic	_	none	_	_	_	_	_	_
122-3	TO071	122	122	3	di	di	_	_	_	_	_	linguistic	_	none	_	_	_	_	_	_
122-4	TO071	122	122	4	conti[nuare	continuare	_	_	_	_	_	linguistic	_	none	_	_	_	_	_	5-10(24)
122-5	TO071	122	122	5	a	a	_	_	_	_	_	linguistic	_	none	_	_	_	_	_	0-1(24)
122-6	TO071	122	122	6	studiarlo]	studiarlo	_	_	_	_	_	linguistic	_	none	_	End=269.784	_	_	_	0-9(24)
123-0	TO080	123	123	0	[ho	ho	_	_	_	_	_	linguistic	_	none	_	Begin=268.971	_	_	_	0-2(24)
123-1	TO080	123	123	1	deciso]	deciso	_	_	_	_	_	linguistic	_	none	_	End=269.642	_	_	_	0-6(24)
124-0	TO071	124	124	0	ottimo	ottimo	_	_	_	_	_	linguistic	_	none	_	Begin=270.639|End=271.44	_	_	_	_
125-0	TO071	125	125	0	eh::m	ehm	_	_	_	_	_	linguistic	_	none	_	Begin=271.44	1x2	_	_	_
125-1	TO071	125	125	1	okay	okay	_	_	_	_	_	linguistic	_	none	_	_	_	_	_	_
125-2	TO071	125	125	2	quindi	quindi	_	_	_	_	_	linguistic	_	none	_	_	_	_	_	_
125-3	TO071	125	125	3	questa	questa	_	_	_	_	_	linguistic	_	none	_	_	_	_	_	_
125-4	TO071	125	125	4	è	è	_	_	_	_	_	linguistic	_	none	_	_	_	_	_	_
125-5	TO071	125	125	5	la	la	_	_	_	_	_	linguistic	_	none	_	_	_	_	_	_
125-6	TO071	125	125	6	triennale	triennale	_	_	_	_	_	linguistic	_	none	_	_	_	_	_	_
125-7	TO071	125	125	7	quindi	quindi	_	_	_	_	_	linguistic	_	none	_	_	_	_	_	_
125-8	TO071	125	125	8	tu	tu	_	_	_	_	_	linguistic	_	none	_	_	_	_	_	_
125-9	TO071	125	125	9	sei	sei	_	_	_	_	_	linguistic	_	none	_	_	_	_	_	_
125-10	TO071	125	125	10	iscritta	iscritta	_	_	_	_	_	linguistic	_	none	_	_	_	_	_	_
125-11	TO071	125	125	11	a:	a	_	_	_	_	_	linguistic	_	none	_	End=276.457	0x1	_	_	_
126-0	TO071	126	126	0	a	a	_	_	_	_	_	linguistic	_	none	_	Begin=276.713	_	_	_	_
126-1	TO071	126	126	1	orientali	orientali	_	_	_	_	_	linguistic	_	none	_	_	_	_	_	_
126-2	TO071	126	126	2	xx[x]	xxx	_	_	_	_	_	unknown	_	none	Syllables=3	End=278.266	_	_	_	2-3(25)
127-0	TO080	127	127	0	[e::]	e	_	_	_	_	_	linguistic	_	none	_	Begin=277.81	0x2	_	_	0-1(25)
127-1	TO080	127	127	1	lingue	lingue	_	_	_	_	_	linguistic	_	none	_	_	_	_	_	_
127-2	TO080	127	127	2	e	e	_	_	_	_	_	linguistic	_	none	_	_	_	_	_	_
127-3	TO080	127	127	3	culure	culure	_	_	_	_	_	linguistic	_	none	_	_	_	_	_	_
127-4	TO080	127	127	4	dell'	dell'	_	_	_	_	_	linguistic	_	none	SpaceAfter=No	_	_	_	_	_
127-5	TO080	127	127	5	asia	asia	_	_	_	_	_	linguistic	_	none	_	_	_	_	_	_
127-6	TO080	127	127	6	e	e	_	_	_	_	_	linguistic	_	none	_	_	_	_	_	_
127-7	TO080	127	127	7	dell'	dell'	_	_	_	_	_	linguistic	_	none	SpaceAfter=No	_	_	_	_	_
127-8	TO080	127	127	8	africa	africa	_	_	_	_	_	linguistic	_	none	_	_	_	_	_	_
127-9	TO080	127	127	9	il	il	_	_	_	_	_	linguistic	_	none	_	_	_	_	_	_
127-10	TO080	127	127	10	nome	nome	_	_	_	_	_	linguistic	_	none	_	_	_	_	_	_
127-11	TO080	127	127	11	ufficiale	ufficiale	_	_	_	_	_	linguistic	_	none	_	End=281.66	_	_	_	_
128-0	TO071	128	128	0	vediamo	vediamo	_	_	_	_	_	linguistic	_	none	_	Begin=283.267	_	_	_	_
128-1	TO071	128	128	1	vabbè	vabbè	_	_	_	_	_	linguistic	_	none	_	_	_	_	_	_
128-2	TO071	128	128	2	abbiamo	abbiamo	_	_	_	_	_	linguistic	_	none	_	_	_	_	_	_
128-3	TO071	128	128	3	parlato	parlato	_	_	_	_	_	linguistic	_	none	_	_	_	_	_	_
128-4	TO071	128	128	4	della	della	_	_	_	_	_	linguistic	_	none	_	_	_	_	_	_
128-5	TO071	128	128	5	casa	casa	_	_	_	_	_	linguistic	_	none	_	_	_	_	_	_
128-6	TO071	128	128	6	di	di	_	_	_	_	_	linguistic	_	none	_	_	_	_	_	_
128-7	TO071	128	128	7	torino	torino	_	_	_	_	_	linguistic	_	none	_	_	_	_	_	_
128-8	TO071	128	128	8	nel	nel	_	_	_	_	_	linguistic	_	none	_	_	_	_	_	_
128-9	TO071	128	128	9	quartiere	quartiere	_	_	_	_	_	linguistic	_	none	_	_	_	_	_	_
128-10	TO071	128	128	10	di	di	_	_	_	_	_	linguistic	_	none	_	_	_	_	_	_
128-11	TO071	128	128	11	torino,	torino	_	_	_	_	_	linguistic	_	none	Intonation=WeaklyRising	End=287.617	_	_	_	_
129-0	TO071	129	129	0	parliamo	parliamo	_	_	_	_	_	linguistic	_	none	_	Begin=288.028	_	_	_	_
129-1	TO071	129	129	1	della	della	_	_	_	_	_	linguistic	_	none	_	_	_	_	_	_
129-2	TO071	129	129	2	tua	tua	_	_	_	_	_	linguistic	_	none	_	_	_	_	_	_
129-3	TO071	129	129	3	casa	casa	_	_	_	_	_	linguistic	_	none	_	_	_	_	_	_
129-4	TO071	129	129	4	di	di	_	_	_	_	_	linguistic	_	none	_	_	_	_	_	_
129-5	TO071	129	129	5	origine	origine	_	_	_	_	_	linguistic	_	none	_	End=289.441	_	_	_	_
130-0	TO080	130	130	0	ok[ay]	okay	_	_	_	_	_	linguistic	_	none	_	Begin=289.441|End=289.787	_	_	_	2-4(26)
131-0	TO071	131	131	0	[quella]	quella	_	_	_	_	_	linguistic	_	none	_	Begin=289.59	_	_	_	0-6(26)
131-1	TO071	131	131	1	quella	quella	_	_	_	_	_	linguistic	_	none	_	_	_	_	_	_
131-2	TO071	131	131	2	dalla	dalla	_	_	_	_	_	linguistic	_	none	_	_	_	_	_	_
131-3	TO071	131	131	3	quale	quale	_	_	_	_	_	linguistic	_	none	_	_	_	_	_	_
131-4	TO071	131	131	4	provieni	provieni	_	_	_	_	_	linguistic	_	none	_	_	_	_	_	_
131-5	TO071	131	131	5	no?	no	_	_	_	_	_	linguistic	_	none	Intonation=Rising	End=291.435	_	_	_	_
132-0	TO080	132	132	0	sì	sì	_	_	_	_	_	linguistic	_	none	_	Begin=291.435|End=291.714	_	_	_	_
133-0	TO071	133	133	0	che	che	_	_	_	_	_	linguistic	_	none	_	Begin=291.714	_	_	_	_
133-1	TO071	133	133	1	abbiamo	abbiamo	_	_	_	_	_	linguistic	_	none	_	_	_	_	_	_
133-2	TO071	133	133	2	scoperto	scoperto	_	_	_	_	_	linguistic	_	none	_	_	_	_	_	_
133-3	TO071	133	133	3	recentemente	recentemente	_	_	_	_	_	linguistic	_	none	_	_	_	_	_	_
133-4	TO071	133	133	4	essere	essere	_	_	_	_	_	linguistic	_	none	_	_	_	_	_	_
133-5	TO071	133	133	5	nello	nello	_	_	_	_	_	linguistic	_	none	_	_	_	_	_	_
133-6	TO071	133	133	6	ste~	ste~	_	_	_	_	_	linguistic	_	none	Interrupted=Yes	_	_	_	_	_
133-7	TO071	133	133	7	nella	nella	_	_	_	_	_	linguistic	_	none	_	_	_	_	_	_
133-8	TO071	133	133	8	stessa	stessa	_	_	_	_	_	linguistic	_	none	_	_	_	_	_	_
133-9	TO071	133	133	9	cittadina,	cittadina	_	_	_	_	_	linguistic	_	none	Intonation=WeaklyRising	End=295.5	_	_	_	_
134-0	TO071	134	134	0	di	di	_	_	_	_	_	linguistic	_	none	_	Begin=296.212	_	_	_	_
134-1	TO071	134	134	1	una	una	_	_	_	_	_	linguistic	_	none	_	_	_	_	_	_
134-2	TO071	134	134	2	tua	tua	_	_	_	_	_	linguistic	_	none	_	_	_	_	_	_
134-3	TO071	134	134	3	colle[ga],	collega	_	_	_	_	_	linguistic	_	none	Intonation=WeaklyRising	End=297.2	_	_	_	5-7(27)
135-0	TO080	135	135	0	[s]i	si	_	_	_	_	_	linguistic	_	none	_	Begin=296.982|End=297.316	_	_	_	0-1(27)
136-0	TO071	136	136	0	qui,	qui	_	_	_	_	_	linguistic	_	none	Intonation=WeaklyRising	Begin=297.316	_	_	_	_
136-1	TO071	136	136	1	che	che	_	_	_	_	_	linguistic	_	none	_	_	_	_	_	_
136-2	TO071	136	136	2	hai	hai	_	_	_	_	_	linguistic	_	none	_	_	_	_	_	_
136-3	TO071	136	136	3	incontrato	incontrato	_	_	_	_	_	linguistic	_	none	_	_	_	_	_	_
136-4	TO071	136	136	4	(al	al	_	_	_	_	_	linguistic	_	none	_	_	_	_	0-2(0)	_
136-5	TO071	136	136	5	negozio)	negozio	_	_	_	_	_	linguistic	_	none	_	End=298.79	_	_	0-7(0)	_
137-0	TO071	137	137	0	ma	ma	_	_	_	_	_	linguistic	_	none	_	Begin=298.95	_	_	_	_
137-1	TO071	137	137	1	vabbè	vabbè	_	_	_	_	_	linguistic	_	none	_	End=299.422	_	_	_	_
138-0	TO080	138	138	0	e::	e	_	_	_	_	_	linguistic	_	none	_	Begin=299.557	0x2	_	_	_
138-1	TO080	138	138	1	sì	sì	_	_	_	_	_	linguistic	_	none	_	_	_	_	_	_
138-2	TO080	138	138	2	è	è	_	_	_	_	_	linguistic	_	none	_	_	_	_	_	_
138-3	TO080	138	138	3	@nomepaese,	@nomepaese	_	_	_	_	_	anonymized	_	none	Intonation=WeaklyRising	End=301.193	_	_	_	_
139-0	TO071	139	139	0	è	è	_	_	_	_	_	linguistic	_	none	_	Begin=301.193	_	_	_	_
139-1	TO071	139	139	1	@nomepaese,	@nomepaese	_	_	_	_	_	anonymized	_	none	Intonation=WeaklyRising	End=302.11	_	_	_	_
140-0	TO080	140	140	0	che	che	_	_	_	_	_	linguistic	_	none	_	Begin=302.11	_	_	_	_
140-1	TO080	140	140	1	adesso	adesso	_	_	_	_	_	linguistic	_	none	_	_	_	_	_	_
140-2	TO080	140	140	2	è	è	_	_	_	_	_	linguistic	_	none	_	_	_	_	_	_
140-3	TO080	140	140	3	in	in	_	_	_	_	_	linguistic	_	none	_	_	_	_	_	_
140-4	TO080	140	140	4	provincia	provincia	_	_	_	_	_	linguistic	_	none	_	_	_	_	_	_
140-5	TO080	140	140	5	di	di	_	_	_	_	_	linguistic	_	none	_	_	_	_	_	_
140-6	TO080	140	140	6	monza	monza	_	_	_	_	_	linguistic	_	none	_	_	_	_	_	_
140-7	TO080	140	140	7	e	e	_	_	_	_	_	linguistic	_	none	_	_	_	_	_	_
140-8	TO080	140	140	8	della	della	_	_	_	_	_	linguistic	_	none	_	_	_	_	_	_
140-9	TO080	140	140	9	brianza,	brianza	_	_	_	_	_	linguistic	_	none	Intonation=WeaklyRising	End=304.717	_	_	_	_
141-0	TO071	141	141	0	mhmh	mhmh	_	_	_	_	_	linguistic	_	none	_	Begin=304.717|End=304.967	_	_	_	_
142-0	TO080	142	142	0	prima	prima	_	_	_	_	_	linguistic	_	none	_	Begin=304.967	_	_	_	_
142-1	TO080	142	142	1	era	era	_	_	_	_	_	linguistic	_	none	_	_	_	_	_	_
142-2	TO080	142	142	2	sotto	sotto	_	_	_	_	_	linguistic	_	none	_	_	_	_	_	_
142-3	TO080	142	142	3	milano,	milano	_	_	_	_	_	linguistic	_	none	Intonation=WeaklyRising	End=306.415	_	_	_	_
143-0	TO080	143	143	0	abbiamo	abbiamo	_	_	_	_	_	linguistic	_	none	_	Begin=306.759	_	_	_	_
143-1	TO080	143	143	1	un	un	_	_	_	_	_	linguistic	_	none	_	_	_	_	_	_
143-2	TO080	143	143	2	po'	po'	_	_	_	_	_	linguistic	_	none	_	_	_	_	_	_
143-3	TO080	143	143	3	di	di	_	_	_	_	_	linguistic	_	none	_	_	_	_	_	_
143-4	TO080	143	143	4	stralci,	stralci	_	_	_	_	_	linguistic	_	none	Intonation=WeaklyRising	End=308.469	_	_	_	_
144-0	TO071	144	144	0	okay	okay	_	_	_	_	_	linguistic	_	none	_	Begin=308.469|End=308.628	_	_	_	_
145-0	TO080	145	145	0	di	di	_	_	_	_	_	linguistic	_	none	_	Begin=308.612	_	_	_	_
145-1	TO080	145	145	1	milano	milano	_	_	_	_	_	linguistic	_	none	_	_	_	_	_	_
145-2	TO080	145	145	2	[ancora],	ancora	_	_	_	_	_	linguistic	_	none	Intonation=WeaklyRising	End=309.605	_	_	_	0-6(29)
146-0	TO071	146	146	0	[eh	eh	_	_	_	_	_	linguistic	_	none	_	Begin=308.965	_	_	_	0-2(29)
146-1	TO071	146	146	1	voi]	voi	_	_	_	_	_	linguistic	_	none	_	_	_	_	_	0-3(29)
146-2	TO071	146	146	2	vi	vi	_	_	_	_	_	linguistic	_	none	_	_	_	_	_	_
146-3	TO071	146	146	3	sentite	sentite	_	_	_	_	_	linguistic	_	none	_	_	_	_	_	_
146-4	TO071	146	146	4	più	più	_	_	_	_	_	linguistic	_	none	_	_	_	_	_	_
146-5	TO071	146	146	5	milanesi	milanesi	_	_	_	_	_	linguistic	_	none	_	_	_	_	_	_
146-6	TO071	146	146	6	o	o	_	_	_	_	_	linguistic	_	none	_	_	_	_	_	_
146-7	TO071	146	146	7	briazoli	briazoli	_	_	_	_	_	linguistic	_	none	_	_	_	_	_	_
146-8	TO071	146	146	8	diciamo	diciamo	_	_	_	_	_	linguistic	_	none	_	End=312.81	_	_	_	_
147-0	TO080	147	147	0	noi	noi	_	_	_	_	_	linguistic	_	none	_	Begin=312.93	_	_	_	_
147-1	TO080	147	147	1	ci	ci	_	_	_	_	_	linguistic	_	none	_	_	_	_	_	_
147-2	TO080	147	147	2	sentiamo	sentiamo	_	_	_	_	_	linguistic	_	none	_	_	_	_	_	_
147-3	TO080	147	147	3	meridionali	meridionali	_	_	_	_	_	linguistic	_	none	_	_	_	_	_	_
147-4	TO080	147	147	4	[perché	perché	_	_	_	_	_	linguistic	_	none	_	_	_	_	_	0-6(30)
147-5	TO080	147	147	5	siamo]	siamo	_	_	_	_	_	linguistic	_	none	_	_	_	_	_	0-5(30)
147-6	TO080	147	147	6	quasi	quasi	_	_	_	_	_	linguistic	_	none	_	_	_	_	_	_
147-7	TO080	147	147	7	tutti	tutti	_	_	_	_	_	linguistic	_	none	_	_	_	_	_	_
147-8	TO080	147	147	8	eh	eh	_	_	_	_	_	linguistic	_	none	_	_	_	_	_	_
147-9	TO080	147	147	9	o	o	_	_	_	_	_	linguistic	_	none	_	_	_	_	_	_
147-10	TO080	147	147	10	figli	figli	_	_	_	_	_	linguistic	_	none	_	_	_	_	_	_
147-11	TO080	147	147	11	di	di	_	_	_	_	_	linguistic	_	none	_	_	_	_	_	_
147-12	TO080	147	147	12	meridionali	meridionali	_	_	_	_	_	linguistic	_	none	_	_	_	_	_	_
147-13	TO080	147	147	13	comunque	comunque	_	_	_	_	_	linguistic	_	none	_	_	_	_	_	_
147-14	TO080	147	147	14	nipoti	nipoti	_	_	_	_	_	linguistic	_	none	_	_	_	_	_	_
147-15	TO080	147	147	15	di	di	_	_	_	_	_	linguistic	_	none	_	_	_	_	_	_
147-16	TO080	147	147	16	meridio[nali],	meridionali	_	_	_	_	_	linguistic	_	none	Intonation=WeaklyRising	End=319.92	_	_	_	7-11(31)
148-0	TO071	148	148	0	[ah	ah	_	_	_	_	_	linguistic	_	none	_	Begin=314.718	_	_	_	0-2(30)
148-1	TO071	148	148	1	minchia]	minchia	_	_	_	_	_	linguistic	_	none	_	End=315.454	_	_	_	0-7(30)
149-0	TO071	149	149	0	[ahah]	ahah	_	_	_	_	_	linguistic	_	none	_	Begin=319.546|End=319.946	_	_	_	0-4(31)
150-0	TO080	150	150	0	ci	ci	_	_	_	_	_	linguistic	_	none	_	Begin=320.419	_	_	_	_
150-1	TO080	150	150	1	sono	sono	_	_	_	_	_	linguistic	_	none	_	_	_	_	_	_
150-2	TO080	150	150	2	pochi	pochi	_	_	_	_	_	linguistic	_	none	_	_	_	_	_	_
150-3	TO080	150	150	3	brianzoli,	brianzoli	_	_	_	_	_	linguistic	_	none	Intonation=WeaklyRising	End=322.047	_	_	_	_
151-0	TO080	151	151	0	e::	e	_	_	_	_	_	linguistic	_	none	_	Begin=322.75|End=323.539	0x2	_	_	_
152-0	TO080	152	152	0	così	così	_	_	_	_	_	linguistic	_	none	_	Begin=324.179|End=324.69	_	_	_	_
153-0	TO071	153	153	0	quindi	quindi	_	_	_	_	_	linguistic	_	none	_	Begin=324.69	_	_	_	_
153-1	TO071	153	153	1	non	non	_	_	_	_	_	linguistic	_	none	_	_	_	_	_	_
153-2	TO071	153	153	2	ve	ve	_	_	_	_	_	linguistic	_	none	_	_	_	_	_	_
153-3	TO071	153	153	3	ne	ne	_	_	_	_	_	linguistic	_	none	_	_	_	_	_	_
153-4	TO071	153	153	4	frega	frega	_	_	_	_	_	linguistic	_	none	_	_	_	_	_	_
153-5	TO071	153	153	5	niente	niente	_	_	_	_	_	linguistic	_	none	_	_	_	_	_	_
153-6	TO071	153	153	6	della	della	_	_	_	_	_	linguistic	_	none	_	_	_	_	_	_
153-7	TO071	153	153	7	provincia	provincia	_	_	_	_	_	linguistic	_	none	_	_	_	_	_	_
153-8	TO071	153	153	8	in	in	_	_	_	_	_	linguistic	_	none	_	_	_	_	_	_
153-9	TO071	153	153	9	cui	cui	_	_	_	_	_	linguistic	_	none	_	_	_	_	_	_
153-10	TO071	153	153	10	state	state	_	_	_	_	_	linguistic	_	none	_	_	_	_	_	_
153-11	TO071	153	153	11	nel	nel	_	_	_	_	_	linguistic	_	none	_	_	_	_	_	_
153-12	TO071	153	153	12	se~	se~	_	_	_	_	_	linguistic	_	none	Interrupted=Yes	End=327.437	_	_	_	_
154-0	TO080	154	154	0	sì	sì	_	_	_	_	_	linguistic	_	none	_	Begin=327.437	_	_	_	_
154-1	TO080	154	154	1	a	a	_	_	_	_	_	linguistic	_	none	_	_	_	_	_	_
154-2	TO080	154	154	2	noi	noi	_	_	_	_	_	linguistic	_	none	_	_	_	_	_	_
154-3	TO080	154	154	3	non	non	_	_	_	_	_	linguistic	_	none	_	_	_	_	_	_
154-4	TO080	154	154	4	particolarmente,	particolarmente	_	_	_	_	_	linguistic	_	none	Intonation=WeaklyRising	End=329.945	_	_	_	_
155-0	TO071	155	155	0	e:	e	_	_	_	_	_	linguistic	_	none	_	Begin=330.985	0x1	_	_	_
155-1	TO071	155	155	1	bon.	bon	_	_	_	_	_	linguistic	_	none	Intonation=Falling	_	_	_	_	_
155-2	TO071	155	155	2	la	la	_	_	_	_	_	linguistic	_	none	_	_	_	_	_	_
155-3	TO071	155	155	3	casa?	casa	_	_	_	_	_	linguistic	_	none	Intonation=Rising	End=332.415	_	_	_	_
156-0	TO071	156	156	0	quindi?	quindi	_	_	_	_	_	linguistic	_	none	Intonation=Rising	Begin=332.525|End=332.859	_	_	_	_
157-0	TO080	157	157	0	la	la	_	_	_	_	_	linguistic	_	none	_	Begin=332.859	_	_	_	_
157-1	TO080	157	157	1	casa	casa	_	_	_	_	_	linguistic	_	none	_	_	_	_	_	_
157-2	TO080	157	157	2	è	è	_	_	_	_	_	linguistic	_	none	_	_	_	_	_	_
157-3	TO080	157	157	3	una	una	_	_	_	_	_	linguistic	_	none	_	_	_	_	_	_
157-4	TO080	157	157	4	villetta	villetta	_	_	_	_	_	linguistic	_	none	_	_	_	_	_	_
157-5	TO080	157	157	5	a	a	_	_	_	_	_	linguistic	_	none	_	_	_	_	_	_
157-6	TO080	157	157	6	schiera,	schiera	_	_	_	_	_	linguistic	_	none	Intonation=WeaklyRising	End=335.703	_	_	_	_
158-0	TO071	158	158	0	mhmh	mhmh	_	_	_	_	_	linguistic	_	none	_	Begin=335.703|End=336.096	_	_	_	_
159-0	TO080	159	159	0	e::hm	ehm	_	_	_	_	_	linguistic	_	none	_	Begin=336.674|End=338.154	0x2	_	_	_
160-0	TO080	160	160	0	è	è	_	_	_	_	_	linguistic	_	none	_	Begin=338.848	_	_	_	_
160-1	TO080	160	160	1	la	la	_	_	_	_	_	linguistic	_	none	_	_	_	_	_	_
160-2	TO080	160	160	2	diciamo	diciamo	_	_	_	_	_	linguistic	_	none	_	_	_	_	_	_
160-3	TO080	160	160	3	l'	l'	_	_	_	_	_	linguistic	_	none	SpaceAfter=No	_	_	_	_	_
160-4	TO080	160	160	4	ultima	ultima	_	_	_	_	_	linguistic	_	none	_	_	_	_	_	_
160-5	TO080	160	160	5	di	di	_	_	_	_	_	linguistic	_	none	_	_	_	_	_	_
160-6	TO080	160	160	6	queste	queste	_	_	_	_	_	linguistic	_	none	_	_	_	_	_	_
160-7	TO080	160	160	7	villette	villette	_	_	_	_	_	linguistic	_	none	_	_	_	_	_	_
160-8	TO080	160	160	8	a	a	_	_	_	_	_	linguistic	_	none	_	_	_	_	_	_
160-9	TO080	160	160	9	schiera	schiera	_	_	_	_	_	linguistic	_	none	_	_	_	_	_	_
160-10	TO080	160	160	10	quindi	quindi	_	_	_	_	_	linguistic	_	none	_	_	_	_	_	_
160-11	TO080	160	160	11	abbiamo	abbiamo	_	_	_	_	_	linguistic	_	none	_	_	_	_	_	_
160-12	TO080	160	160	12	anche	anche	_	_	_	_	_	linguistic	_	none	_	_	_	_	_	_
160-13	TO080	160	160	13	un	un	_	_	_	_	_	linguistic	_	none	_	_	_	_	_	_
160-14	TO080	160	160	14	giar[dino],	giardino	_	_	_	_	_	linguistic	_	none	Intonation=WeaklyRising	_	_	_	_	3-8(32)
160-15	TO080	160	160	15	abbastanza	abbastanza	_	_	_	_	_	linguistic	_	none	_	_	_	_	_	_
160-16	TO080	160	160	16	ampio,	ampio	_	_	_	_	_	linguistic	_	none	Intonation=WeaklyRising	_	_	_	_	_
160-17	TO080	160	160	17	e::,	e	_	_	_	_	_	linguistic	_	none	Intonation=WeaklyRising	End=344.45	0x2	_	_	_
161-0	TO071	161	161	0	[mhmh]	mhmh	_	_	_	_	_	linguistic	_	none	_	Begin=343.531|End=343.868	_	_	_	0-4(32)
162-0	TO080	162	162	0	e	e	_	_	_	_	_	linguistic	_	none	_	Begin=345.59	_	_	_	_
162-1	TO080	162	162	1	non	non	_	_	_	_	_	linguistic	_	none	_	_	_	_	_	_
162-2	TO080	162	162	2	mh	mh	_	_	_	_	_	linguistic	_	none	_	_	_	_	_	_
162-3	TO080	162	162	3	allora	allora	_	_	_	_	_	linguistic	_	none	_	End=346.863	_	_	_	_
163-0	TO080	163	163	0	no	no	_	_	_	_	_	linguistic	_	none	_	Begin=347.188	_	_	_	_
163-1	TO080	163	163	1	non	non	_	_	_	_	_	linguistic	_	none	_	_	_	_	_	_
163-2	TO080	163	163	2	è	è	_	_	_	_	_	linguistic	_	none	_	_	_	_	_	_
163-3	TO080	163	163	3	grande	grande	_	_	_	_	_	linguistic	_	none	_	End=348.611	_	_	_	_
164-0	TO071	164	164	0	okay	okay	_	_	_	_	_	linguistic	_	none	_	Begin=348.611|End=349.091	_	_	_	_
165-0	TO080	165	165	0	non	non	_	_	_	_	_	linguistic	_	none	_	Begin=349.418	_	_	_	_
165-1	TO080	165	165	1	è	è	_	_	_	_	_	linguistic	_	none	_	_	_	_	_	_
165-2	TO080	165	165	2	un	un	_	_	_	_	_	linguistic	_	none	_	_	_	_	_	_
165-3	TO080	165	165	3	paesino	paesino	_	_	_	_	_	linguistic	_	none	_	_	_	_	_	_
165-4	TO080	165	165	4	non	non	_	_	_	_	_	linguistic	_	none	_	_	_	_	_	_
165-5	TO080	165	165	5	è	è	_	_	_	_	_	linguistic	_	none	_	_	_	_	_	_
165-6	TO080	165	165	6	neanche	neanche	_	_	_	_	_	linguistic	_	none	_	_	_	_	_	_
165-7	TO080	165	165	7	una	una	_	_	_	_	_	linguistic	_	none	PauseAfter=Yes	_	_	_	_	_
165-8	TO080	165	165	8	{P}	{P}	_	_	_	_	_	shortpause	_	none	_	_	_	_	_	_
165-9	TO080	165	165	9	città.	città	_	_	_	_	_	linguistic	_	none	Intonation=Falling	End=352.036	_	_	_	_
166-0	TO071	166	166	0	okay	okay	_	_	_	_	_	linguistic	_	none	_	Begin=352.036|End=352.617	_	_	_	_
167-0	TO080	167	167	0	enorme	enorme	_	_	_	_	_	linguistic	_	none	_	Begin=352.617	_	_	_	_
167-1	TO080	167	167	1	almeno	almeno	_	_	_	_	_	linguistic	_	none	_	End=353.643	_	_	_	_
168-0	TO080	168	168	0	e::	e	_	_	_	_	_	linguistic	_	none	_	Begin=353.996	0x2	_	_	_
168-1	TO080	168	168	1	noi	noi	_	_	_	_	_	linguistic	_	none	_	_	_	_	_	_
168-2	TO080	168	168	2	comunque	comunque	_	_	_	_	_	linguistic	_	none	_	_	_	_	_	_
168-3	TO080	168	168	3	stiamo	stiamo	_	_	_	_	_	linguistic	_	none	_	_	_	_	_	_
168-4	TO080	168	168	4	un	un	_	_	_	_	_	linguistic	_	none	_	_	_	_	_	_
168-5	TO080	168	168	5	po'	po'	_	_	_	_	_	linguistic	_	none	PauseAfter=Yes	_	_	_	_	_
168-6	TO080	168	168	6	{P}	{P}	_	_	_	_	_	shortpause	_	none	_	_	_	_	_	_
168-7	TO080	168	168	7	più	più	_	_	_	_	_	linguistic	_	none	_	_	_	_	_	_
168-8	TO080	168	168	8	verso	verso	_	_	_	_	_	linguistic	_	none	_	_	_	_	_	_
168-9	TO080	168	168	9	la	la	_	_	_	_	_	linguistic	_	none	_	_	_	_	_	_
168-10	TO080	168	168	10	periferia	periferia	_	_	_	_	_	linguistic	_	none	_	_	_	_	_	_
168-11	TO080	168	168	11	se	se	_	_	_	_	_	linguistic	_	none	_	_	_	_	_	_
168-12	TO080	168	168	12	si	si	_	_	_	_	_	linguistic	_	none	_	_	_	_	_	_
168-13	TO080	168	168	13	può	può	_	_	_	_	_	linguistic	_	none	_	_	_	_	_	_
168-14	TO080	168	168	14	definire	definire	_	_	_	_	_	linguistic	_	none	_	_	_	_	_	_
168-15	TO080	168	168	15	periferia,	periferia	_	_	_	_	_	linguistic	_	none	Intonation=WeaklyRising	End=359.499	_	_	_	_
169-0	TO071	169	169	0	quanti	quanti	_	_	_	_	_	linguistic	_	none	_	Begin=359.729	_	_	_	_
169-1	TO071	169	169	1	abitanti	abitanti	_	_	_	_	_	linguistic	_	none	_	_	_	_	_	_
169-2	TO071	169	169	2	fa	fa	_	_	_	_	_	linguistic	_	none	_	_	_	_	_	_
169-3	TO071	169	169	3	@nomepaese?	@nomepaese	_	_	_	_	_	anonymized	_	none	Intonation=Rising	End=360.937	_	_	_	_
170-0	TO080	170	170	0	e:	e	_	_	_	_	_	linguistic	_	none	_	Begin=360.937	0x1	_	_	_
170-1	TO080	170	170	1	ventitremila	ventitremila	_	_	_	_	_	linguistic	_	none	_	End=361.927	_	_	_	_
171-0	TO071	171	171	0	okay,	okay	_	_	_	_	_	linguistic	_	none	Intonation=WeaklyRising	Begin=361.98	_	_	_	_
171-1	TO071	171	171	1	comunque	comunque	_	_	_	_	_	linguistic	_	none	_	_	_	_	_	_
171-2	TO071	171	171	2	una	una	_	_	_	_	_	linguistic	_	none	_	_	_	_	_	_
171-3	TO071	171	171	3	cittadina,	cittadina	_	_	_	_	_	linguistic	_	none	Intonation=WeaklyRising	End=363.459	_	_	_	_
172-0	TO080	172	172	0	una	una	_	_	_	_	_	linguistic	_	none	_	Begin=363.459	_	_	_	_
172-1	TO080	172	172	1	cittadina	cittadina	_	_	_	_	_	linguistic	_	none	_	_	_	_	_	_
172-2	TO080	172	172	2	sì,	sì	_	_	_	_	_	linguistic	_	none	Intonation=WeaklyRising	End=364.705	_	_	_	_
173-0	TO080	173	173	0	eh	eh	_	_	_	_	_	linguistic	_	none	_	Begin=365.212	_	_	_	_
173-1	TO080	173	173	1	non	non	_	_	_	_	_	linguistic	_	none	_	_	_	_	_	_
173-2	TO080	173	173	2	siamo	siamo	_	_	_	_	_	linguistic	_	none	_	_	_	_	_	_
173-3	TO080	173	173	3	vicino	vicino	_	_	_	_	_	linguistic	_	none	_	_	_	_	_	_
173-4	TO080	173	173	4	a	a	_	_	_	_	_	linguistic	_	none	_	_	_	_	_	_
173-5	TO080	173	173	5	alla	alla	_	_	_	_	_	linguistic	_	none	_	_	_	_	_	_
173-6	TO080	173	173	6	piazza,	piazza	_	_	_	_	_	linguistic	_	none	Intonation=WeaklyRising	End=367.01	_	_	_	_
174-0	TO071	174	174	0	okay	okay	_	_	_	_	_	linguistic	_	none	_	Begin=367.01|End=367.686	_	_	_	_
175-0	TO080	175	175	0	la	la	_	_	_	_	_	linguistic	_	none	_	Begin=367.686	_	_	_	_
175-1	TO080	175	175	1	piazza	piazza	_	_	_	_	_	linguistic	_	none	_	_	_	_	_	_
175-2	TO080	175	175	2	in	in	_	_	_	_	_	linguistic	_	none	_	_	_	_	_	_
175-3	TO080	175	175	3	teoria	teoria	_	_	_	_	_	linguistic	_	none	_	_	_	_	_	_
175-4	TO080	175	175	4	è	è	_	_	_	_	_	linguistic	_	none	_	_	_	_	_	_
175-5	TO080	175	175	5	il	il	_	_	_	_	_	linguistic	_	none	_	_	_	_	_	_
175-6	TO080	175	175	6	centro,	centro	_	_	_	_	_	linguistic	_	none	Intonation=WeaklyRising	End=369.407	_	_	_	_
176-0	TO080	176	176	0	e:hm	ehm	_	_	_	_	_	linguistic	_	none	_	Begin=369.965|End=370.605	0x1	_	_	_
177-0	TO080	177	177	0	però,	però	_	_	_	_	_	linguistic	_	none	Intonation=WeaklyRising	Begin=370.645|End=371.741	_	_	_	_
178-0	TO080	178	178	0	tutta	tutta	_	_	_	_	_	linguistic	_	none	_	Begin=371.855	_	_	_	_
178-1	TO080	178	178	1	quella	quella	_	_	_	_	_	linguistic	_	none	_	_	_	_	_	_
178-2	TO080	178	178	2	zona,	zona	_	_	_	_	_	linguistic	_	none	Intonation=WeaklyRising	End=373.545	_	_	_	_
179-0	TO080	179	179	0	partendo	partendo	_	_	_	_	_	linguistic	_	none	_	Begin=373.764	_	_	_	_
179-1	TO080	179	179	1	forse	forse	_	_	_	_	_	linguistic	_	none	_	_	_	_	_	_
179-2	TO080	179	179	2	dal	dal	_	_	_	_	_	linguistic	_	none	_	_	_	_	_	_
179-3	TO080	179	179	3	milanese	milanese	_	_	_	_	_	linguistic	_	none	_	_	_	_	_	_
179-4	TO080	179	179	4	fino	fino	_	_	_	_	_	linguistic	_	none	_	_	_	_	_	_
179-5	TO080	179	179	5	ad	ad	_	_	_	_	_	linguistic	_	none	_	_	_	_	_	_
179-6	TO080	179	179	6	arrivare	arrivare	_	_	_	_	_	linguistic	_	none	_	_	_	_	_	_
179-7	TO080	179	179	7	effettivamente	effettivamente	_	_	_	_	_	linguistic	_	none	_	_	_	_	_	_
179-8	TO080	179	179	8	in	in	_	_	_	_	_	linguistic	_	none	_	_	_	_	_	_
179-9	TO080	179	179	9	brianza,	brianza	_	_	_	_	_	linguistic	_	none	Intonation=WeaklyRising	End=377.422	_	_	_	_
180-0	TO080	180	180	0	ehm	ehm	_	_	_	_	_	linguistic	_	none	_	Begin=377.78	_	_	_	_
180-1	TO080	180	180	1	è	è	_	_	_	_	_	linguistic	_	none	_	_	_	_	_	_
180-2	TO080	180	180	2	composta	composta	_	_	_	_	_	linguistic	_	none	_	_	_	_	_	_
180-3	TO080	180	180	3	da,	da	_	_	_	_	_	linguistic	_	none	Intonation=WeaklyRising	End=379.977	_	_	_	_
181-0	TO080	181	181	0	città	città	_	_	_	_	_	linguistic	_	none	_	Begin=380.083	_	_	_	_
181-1	TO080	181	181	1	più	più	_	_	_	_	_	linguistic	_	none	_	_	_	_	_	_
181-2	TO080	181	181	2	o	o	_	_	_	_	_	linguistic	_	none	_	_	_	_	_	_
181-3	TO080	181	181	3	meno	meno	_	_	_	_	_	linguistic	_	none	_	_	_	_	_	_
181-4	TO080	181	181	4	piccole	piccole	_	_	_	_	_	linguistic	_	none	_	_	_	_	_	_
181-5	TO080	181	181	5	paesini,	paesini	_	_	_	_	_	linguistic	_	none	Intonation=WeaklyRising	End=381.816	_	_	_	_
182-0	TO080	182	182	0	confinanti	confinanti	_	_	_	_	_	linguistic	_	none	_	Begin=382.328	_	_	_	_
182-1	TO080	182	182	1	uno	uno	_	_	_	_	_	linguistic	_	none	_	_	_	_	_	_
182-2	TO080	182	182	2	con	con	_	_	_	_	_	linguistic	_	none	_	_	_	_	_	_
182-3	TO080	182	182	3	l'	l'	_	_	_	_	_	linguistic	_	none	SpaceAfter=No	_	_	_	_	_
182-4	TO080	182	182	4	altro.	altro	_	_	_	_	_	linguistic	_	none	Intonation=Falling	End=383.615	_	_	_	_
183-0	TO080	183	183	0	ogni	ogni	_	_	_	_	_	linguistic	_	none	_	Begin=383.881|End=384.2	_	_	_	_
184-0	TO071	184	184	0	attaccati	attaccati	_	_	_	_	_	linguistic	_	none	_	Begin=384.2	_	_	_	_
184-1	TO071	184	184	1	[proprio],	proprio	_	_	_	_	_	linguistic	_	none	Intonation=WeaklyRising	End=385.32	_	_	_	0-7(33)
185-0	TO080	185	185	0	[attacc]ate,	attaccate	_	_	_	_	_	linguistic	_	none	Intonation=WeaklyRising	Begin=384.757|End=385.643	_	_	_	0-6(33)
186-0	TO071	186	186	0	okay	okay	_	_	_	_	_	linguistic	_	none	_	Begin=385.643|End=385.783	_	_	_	_
187-0	TO080	187	187	0	e	e	_	_	_	_	_	linguistic	_	none	_	Begin=385.783	_	_	_	_
187-1	TO080	187	187	1	quindi	quindi	_	_	_	_	_	linguistic	_	none	_	_	_	_	_	_
187-2	TO080	187	187	2	non	non	_	_	_	_	_	linguistic	_	none	_	_	_	_	_	_
187-3	TO080	187	187	3	sai	sai	_	_	_	_	_	linguistic	_	none	_	_	_	_	_	_
187-4	TO080	187	187	4	dove	dove	_	_	_	_	_	linguistic	_	none	_	_	_	_	_	_
187-5	TO080	187	187	5	inizia	inizia	_	_	_	_	_	linguistic	_	none	_	_	_	_	_	_
187-6	TO080	187	187	6	uno	uno	_	_	_	_	_	linguistic	_	none	_	_	_	_	_	_
187-7	TO080	187	187	7	e	e	_	_	_	_	_	linguistic	_	none	_	_	_	_	_	_
187-8	TO080	187	187	8	finisce	finisce	_	_	_	_	_	linguistic	_	none	_	_	_	_	_	_
187-9	TO080	187	187	9	un	un	_	_	_	_	_	linguistic	_	none	_	_	_	_	_	_
187-10	TO080	187	187	10	altro	altro	_	_	_	_	_	linguistic	_	none	_	_	_	_	_	_
187-11	TO080	187	187	11	a	a	_	_	_	_	_	linguistic	_	none	_	_	_	_	_	_
187-12	TO080	187	187	12	meno	meno	_	_	_	_	_	linguistic	_	none	_	_	_	_	_	_
187-13	TO080	187	187	13	che	che	_	_	_	_	_	linguistic	_	none	_	_	_	_	_	_
187-14	TO080	187	187	14	non	non	_	_	_	_	_	linguistic	_	none	_	_	_	_	_	_
187-15	TO080	187	187	15	vedi	vedi	_	_	_	_	_	linguistic	_	none	_	_	_	_	_	_
187-16	TO080	187	187	16	un	un	_	_	_	_	_	linguistic	_	none	_	_	_	_	_	_
187-17	TO080	187	187	17	cartello,	cartello	_	_	_	_	_	linguistic	_	none	Intonation=WeaklyRising	End=389.683	_	_	_	_
188-0	TO071	188	188	0	certo.	certo	_	_	_	_	_	linguistic	_	none	Intonation=Falling	Begin=389.683|End=389.829	_	_	_	_
189-0	TO080	189	189	0	quindi	quindi	_	_	_	_	_	linguistic	_	none	_	Begin=389.839	_	_	_	_
189-1	TO080	189	189	1	noi	noi	_	_	_	_	_	linguistic	_	none	_	_	_	_	_	_
189-2	TO080	189	189	2	effettivamente	effettivamente	_	_	_	_	_	linguistic	_	none	_	_	_	_	_	_
189-3	TO080	189	189	3	siamo	siamo	_	_	_	_	_	linguistic	_	none	_	_	_	_	_	_
189-4	TO080	189	189	4	in	in	_	_	_	_	_	linguistic	_	none	_	_	_	_	_	_
189-5	TO080	189	189	5	periferia	periferia	_	_	_	_	_	linguistic	_	none	_	_	_	_	_	_
189-6	TO080	189	189	6	ma	ma	_	_	_	_	_	linguistic	_	none	_	_	_	_	_	_
189-7	TO080	189	189	7	a	a	_	_	_	_	_	linguistic	_	none	_	_	_	_	_	_
189-8	TO080	189	189	8	dir	dir	_	_	_	_	_	linguistic	_	none	_	_	_	_	_	_
189-9	TO080	189	189	9	la	la	_	_	_	_	_	linguistic	_	none	_	_	_	_	_	_
189-10	TO080	189	189	10	verità	verità	_	_	_	_	_	linguistic	_	none	_	End=392.857	_	_	_	_
190-0	TO080	190	190	0	confiniamo	confiniamo	_	_	_	_	_	linguistic	_	none	PauseAfter=Yes	Begin=393.808	_	_	_	_
190-1	TO080	190	190	1	{P}	{P}	_	_	_	_	_	shortpause	_	none	_	_	_	_	_	_
190-2	TO080	190	190	2	quasi	quasi	_	_	_	_	_	linguistic	_	none	_	_	_	_	_	_
190-3	TO080	190	190	3	confiniamo	confiniamo	_	_	_	_	_	linguistic	_	none	_	_	_	_	_	_
190-4	TO080	190	190	4	con	con	_	_	_	_	_	linguistic	_	none	_	_	_	_	_	_
190-5	TO080	190	190	5	l'	l'	_	_	_	_	_	linguistic	_	none	SpaceAfter=No	_	_	_	_	_
190-6	TO080	190	190	6	altro	altro	_	_	_	_	_	linguistic	_	none	_	_	_	_	_	_
190-7	TO080	190	190	7	paese.	paese	_	_	_	_	_	linguistic	_	none	Intonation=Falling	End=396.308	_	_	_	_
191-0	TO071	191	191	0	che	che	_	_	_	_	_	linguistic	_	none	_	Begin=396.359	_	_	_	_
191-1	TO071	191	191	1	si	si	_	_	_	_	_	linguistic	_	none	_	_	_	_	_	_
191-2	TO071	191	191	2	chiama?	chiama	_	_	_	_	_	linguistic	_	none	Intonation=Rising	End=396.924	_	_	_	_
192-0	TO080	192	192	0	e::h	eh	_	_	_	_	_	linguistic	_	none	_	Begin=397.255	0x2	_	_	_
192-1	TO080	192	192	1	varedo	varedo	_	_	_	_	_	linguistic	_	none	_	End=398.49	_	_	_	_
193-0	TO071	193	193	0	varedo?	varedo	_	_	_	_	_	linguistic	_	none	Intonation=Rising	Begin=398.72|End=399.389	_	_	_	_
194-0	TO071	194	194	0	okay	okay	_	_	_	_	_	linguistic	_	none	_	Begin=399.572|End=399.996	_	_	_	_
195-0	TO071	195	195	0	quindi	quindi	_	_	_	_	_	linguistic	_	none	_	Begin=400.779	_	_	_	_
195-1	TO071	195	195	1	villetta	villetta	_	_	_	_	_	linguistic	_	none	_	_	_	_	_	_
195-2	TO071	195	195	2	a	a	_	_	_	_	_	linguistic	_	none	_	_	_	_	_	_
195-3	TO071	195	195	3	schiera	schiera	_	_	_	_	_	linguistic	_	none	_	_	_	_	_	_
195-4	TO071	195	195	4	ultima	ultima	_	_	_	_	_	linguistic	_	none	_	_	_	_	_	_
195-5	TO071	195	195	5	di	di	_	_	_	_	_	linguistic	_	none	_	_	_	_	_	_
195-6	TO071	195	195	6	di	di	_	_	_	_	_	linguistic	_	none	_	_	_	_	_	_
195-7	TO071	195	195	7	una	una	_	_	_	_	_	linguistic	_	none	_	_	_	_	_	_
195-8	TO071	195	195	8	serie	serie	_	_	_	_	_	linguistic	_	none	_	_	_	_	_	_
195-9	TO071	195	195	9	ehm	ehm	_	_	_	_	_	linguistic	_	none	_	_	_	_	_	_
195-10	TO071	195	195	10	ma	ma	_	_	_	_	_	linguistic	_	none	_	_	_	_	_	_
195-11	TO071	195	195	11	vivi,	vivi	_	_	_	_	_	linguistic	_	none	Intonation=WeaklyRising	_	_	_	_	_
195-12	TO071	195	195	12	c'	c'	_	_	_	_	_	linguistic	_	none	SpaceAfter=No	_	_	_	_	_
195-13	TO071	195	195	13	è	è	_	_	_	_	_	linguistic	_	none	_	_	_	_	_	_
195-14	TO071	195	195	14	nel	nel	_	_	_	_	_	linguistic	_	none	_	_	_	_	_	_
195-15	TO071	195	195	15	senso	senso	_	_	_	_	_	linguistic	_	none	_	_	_	_	_	_
195-16	TO071	195	195	16	tu	tu	_	_	_	_	_	linguistic	_	none	_	_	_	_	_	_
195-17	TO071	195	195	17	sei	sei	_	_	_	_	_	linguistic	_	none	_	_	_	_	_	_
195-18	TO071	195	195	18	figlia	figlia	_	_	_	_	_	linguistic	_	none	_	_	_	_	_	_
195-19	TO071	195	195	19	unica	unica	_	_	_	_	_	linguistic	_	none	_	_	_	_	_	_
195-20	TO071	195	195	20	hai	hai	_	_	_	_	_	linguistic	_	none	_	_	_	_	_	_
195-21	TO071	195	195	21	sorelle	sorelle	_	_	_	_	_	linguistic	_	none	_	_	_	_	_	_
195-22	TO071	195	195	22	fra[telli]?	fratelli	_	_	_	_	_	linguistic	_	none	Intonation=Rising	End=406.94	_	_	_	2-8(34)
196-0	TO080	196	196	0	[no]	no	_	_	_	_	_	linguistic	_	none	_	Begin=406.752	_	_	_	0-2(34)
196-1	TO080	196	196	1	un	un	_	_	_	_	_	linguistic	_	none	_	_	_	_	_	_
196-2	TO080	196	196	2	fratello	fratello	_	_	_	_	_	linguistic	_	none	_	_	_	_	_	_
196-3	TO080	196	196	3	più	più	_	_	_	_	_	linguistic	_	none	_	_	_	_	_	_
196-4	TO080	196	196	4	grande,	grande	_	_	_	_	_	linguistic	_	none	Intonation=WeaklyRising	End=408.087	_	_	_	_
197-0	TO071	197	197	0	fratello	fratello	_	_	_	_	_	linguistic	_	none	_	Begin=408.058	_	_	_	_
197-1	TO071	197	197	1	più	più	_	_	_	_	_	linguistic	_	none	_	_	_	_	_	_
197-2	TO071	197	197	2	grande	grande	_	_	_	_	_	linguistic	_	none	_	_	_	_	_	_
197-3	TO071	197	197	3	avete	avete	_	_	_	_	_	linguistic	_	none	_	_	_	_	_	_
197-4	TO071	197	197	4	camere	camere	_	_	_	_	_	linguistic	_	none	_	_	_	_	_	_
197-5	TO071	197	197	5	separate	separate	_	_	_	_	_	linguistic	_	none	_	_	_	_	_	_
197-6	TO071	197	197	6	o,	o	_	_	_	_	_	linguistic	_	none	Intonation=WeaklyRising	End=409.926	_	_	_	_
198-0	TO080	198	198	0	sì	sì	_	_	_	_	_	linguistic	_	none	_	Begin=409.948|End=410.272	_	_	_	_
199-0	TO071	199	199	0	okay	okay	_	_	_	_	_	linguistic	_	none	_	Begin=410.602|End=411.22	_	_	_	_
200-0	TO071	200	200	0	e::	e	_	_	_	_	_	linguistic	_	none	_	Begin=411.639	0x2	_	_	_
200-1	TO071	200	200	1	è	è	_	_	_	_	_	linguistic	_	none	_	_	_	_	_	_
200-2	TO071	200	200	2	stata,	stata	_	_	_	_	_	linguistic	_	none	Intonation=WeaklyRising	End=413.448	_	_	_	_
201-0	TO071	201	201	0	la	la	_	_	_	_	_	linguistic	_	none	_	Begin=413.619|End=413.859	_	_	_	_
202-0	TO071	202	202	0	tua	tua	_	_	_	_	_	linguistic	_	none	_	Begin=414.239	_	_	_	_
202-1	TO071	202	202	1	prima	prima	_	_	_	_	_	linguistic	_	none	_	_	_	_	_	_
202-2	TO071	202	202	2	casa?	casa	_	_	_	_	_	linguistic	_	none	Intonation=Rising	_	_	_	_	_
202-3	TO071	202	202	3	cioè	cioè	_	_	_	_	_	linguistic	_	none	_	_	_	_	_	_
202-4	TO071	202	202	4	quella	quella	_	_	_	_	_	linguistic	_	none	_	_	_	_	_	_
202-5	TO071	202	202	5	in	in	_	_	_	_	_	linguistic	_	none	_	_	_	_	_	_
202-6	TO071	202	202	6	cui	cui	_	_	_	_	_	linguistic	_	none	_	_	_	_	_	_
202-7	TO071	202	202	7	sei	sei	_	_	_	_	_	linguistic	_	none	_	_	_	_	_	_
202-8	TO071	202	202	8	nata	nata	_	_	_	_	_	linguistic	_	none	_	_	_	_	_	_
202-9	TO071	202	202	9	e	e	_	_	_	_	_	linguistic	_	none	_	_	_	_	_	_
202-10	TO071	202	202	10	cresciuta	cresciuta	_	_	_	_	_	linguistic	_	none	_	_	_	_	_	_
202-11	TO071	202	202	11	questa?	questa	_	_	_	_	_	linguistic	_	none	Intonation=Rising	End=416.969	_	_	_	_
203-0	TO080	203	203	0	mh	mh	_	_	_	_	_	linguistic	_	none	_	Begin=417.054	_	_	_	_
203-1	TO080	203	203	1	no.	no	_	_	_	_	_	linguistic	_	none	Intonation=Falling	_	_	_	_	_
203-2	TO080	203	203	2	prima::,	prima	_	_	_	_	_	linguistic	_	none	Intonation=WeaklyRising	End=418.714	4x2	_	_	_
204-0	TO080	204	204	0	e:h	eh	_	_	_	_	_	linguistic	_	none	_	Begin=418.714	0x1	_	_	_
204-1	TO080	204	204	1	abitavamo	abitavamo	_	_	_	_	_	linguistic	_	none	_	_	_	_	_	_
204-2	TO080	204	204	2	i:n	in	_	_	_	_	_	linguistic	_	none	_	End=421.227	0x1	_	_	_
205-0	TO080	205	205	0	appartamento	appartamento	_	_	_	_	_	linguistic	_	none	_	Begin=421.455|End=422.508	_	_	_	_
206-0	TO071	206	206	0	ahah	ahah	_	_	_	_	_	linguistic	_	none	_	Begin=422.508|End=422.751	_	_	_	_
207-0	TO080	207	207	0	però	però	_	_	_	_	_	linguistic	_	none	_	Begin=422.751	_	_	_	_
207-1	TO080	207	207	1	io	io	_	_	_	_	_	linguistic	_	none	_	_	_	_	_	_
207-2	TO080	207	207	2	non	non	_	_	_	_	_	linguistic	_	none	_	_	_	_	_	_
207-3	TO080	207	207	3	me	me	_	_	_	_	_	linguistic	_	none	_	_	_	_	_	_
207-4	TO080	207	207	4	lo	lo	_	_	_	_	_	linguistic	_	none	_	_	_	_	_	_
207-5	TO080	207	207	5	ricordo	ricordo	_	_	_	_	_	linguistic	_	none	_	_	_	_	_	_
207-6	TO080	207	207	6	perché	perché	_	_	_	_	_	linguistic	_	none	_	_	_	_	_	_
207-7	TO080	207	207	7	ci	ci	_	_	_	_	_	linguistic	_	none	_	_	_	_	_	_
207-8	TO080	207	207	8	siamo	siamo	_	_	_	_	_	linguistic	_	none	_	_	_	_	_	_
207-9	TO080	207	207	9	trasferiti	trasferiti	_	_	_	_	_	linguistic	_	none	_	_	_	_	_	_
207-10	TO080	207	207	10	che	che	_	_	_	_	_	linguistic	_	none	_	_	_	_	_	_
207-11	TO080	207	207	11	io	io	_	_	_	_	_	linguistic	_	none	_	_	_	_	_	_
207-12	TO080	207	207	12	avevo	avevo	_	_	_	_	_	linguistic	_	none	_	_	_	_	_	_
207-13	TO080	207	207	13	due	due	_	_	_	_	_	linguistic	_	none	_	_	_	_	_	_
207-14	TO080	207	207	14	anni	anni	_	_	_	_	_	linguistic	_	none	_	End=426.154	_	_	_	_
208-0	TO071	208	208	0	ah	ah	_	_	_	_	_	linguistic	_	none	_	Begin=426.195	_	_	_	_
208-1	TO071	208	208	1	okay	okay	_	_	_	_	_	linguistic	_	none	_	End=426.507	_	_	_	_
209-0	TO080	209	209	0	quindi	quindi	_	_	_	_	_	linguistic	_	none	_	Begin=427.202	_	_	_	_
209-1	TO080	209	209	1	io	io	_	_	_	_	_	linguistic	_	none	_	End=427.575	_	_	_	_
210-0	TO071	210	210	0	sempre	sempre	_	_	_	_	_	linguistic	_	none	_	Begin=427.613	_	_	_	_
210-1	TO071	210	210	1	a	a	_	_	_	_	_	linguistic	_	none	_	_	_	_	_	_
210-2	TO071	210	210	2	@nomepaese?	@nomepaese	_	_	_	_	_	anonymized	_	none	Intonation=Rising	End=428.413	_	_	_	_
211-0	TO080	211	211	0	sempre	sempre	_	_	_	_	_	linguistic	_	none	_	Begin=428.413	_	_	_	_
211-1	TO080	211	211	1	a	a	_	_	_	_	_	linguistic	_	none	_	_	_	_	_	_
211-2	TO080	211	211	2	@nomepaese	@nomepaese	_	_	_	_	_	anonymized	_	none	_	_	_	_	_	_
211-3	TO080	211	211	3	sì	sì	_	_	_	_	_	linguistic	_	none	_	End=429.246	_	_	_	_
212-0	TO071	212	212	0	okay	okay	_	_	_	_	_	linguistic	_	none	_	Begin=430.308|End=431.071	_	_	_	_
213-0	TO071	213	213	0	ehm	ehm	_	_	_	_	_	linguistic	_	none	_	Begin=431.235|End=431.999	_	_	_	_
214-0	TO071	214	214	0	poi	poi	_	_	_	_	_	linguistic	_	none	_	Begin=432.868	_	_	_	_
214-1	TO071	214	214	1	se	se	_	_	_	_	_	linguistic	_	none	_	_	_	_	_	_
214-2	TO071	214	214	2	non	non	_	_	_	_	_	linguistic	_	none	_	_	_	_	_	_
214-3	TO071	214	214	3	ricordo	ricordo	_	_	_	_	_	linguistic	_	none	_	_	_	_	_	_
214-4	TO071	214	214	4	male,	male	_	_	_	_	_	linguistic	_	none	Intonation=WeaklyRising	_	_	_	_	_
214-5	TO071	214	214	5	l'	l'	_	_	_	_	_	linguistic	_	none	SpaceAfter=No	_	_	_	_	_
214-6	TO071	214	214	6	altra	altra	_	_	_	_	_	linguistic	_	none	_	_	_	_	_	_
214-7	TO071	214	214	7	volta	volta	_	_	_	_	_	linguistic	_	none	_	_	_	_	_	_
214-8	TO071	214	214	8	parlavamo	parlavamo	_	_	_	_	_	linguistic	_	none	_	_	_	_	_	_
214-9	TO071	214	214	9	tu	tu	_	_	_	_	_	linguistic	_	none	_	_	_	_	_	_
214-10	TO071	214	214	10	mi	mi	_	_	_	_	_	linguistic	_	none	_	_	_	_	_	_
214-11	TO071	214	214	11	hai	hai	_	_	_	_	_	linguistic	_	none	_	_	_	_	_	_
214-12	TO071	214	214	12	detto	detto	_	_	_	_	_	linguistic	_	none	_	_	_	_	_	_
214-13	TO071	214	214	13	di	di	_	_	_	_	_	linguistic	_	none	_	_	_	_	_	_
214-14	TO071	214	214	14	avere	avere	_	_	_	_	_	linguistic	_	none	_	_	_	_	_	_
214-15	TO071	214	214	15	eh	eh	_	_	_	_	_	linguistic	_	none	_	_	_	_	_	_
214-16	TO071	214	214	16	origini	origini	_	_	_	_	_	linguistic	_	none	_	_	_	_	_	_
214-17	TO071	214	214	17	pugli[esi],	pugliesi	_	_	_	_	_	linguistic	_	none	Intonation=WeaklyRising	End=438.356	_	_	_	4-8(36)
215-0	TO080	215	215	0	[no]	no	_	_	_	_	_	linguistic	_	none	_	Begin=438.101|End=438.356	_	_	_	0-2(36)
216-0	TO071	216	216	0	gius~	gius~	_	_	_	_	_	linguistic	_	none	Interrupted=Yes	Begin=438.437	_	_	_	_
216-1	TO071	216	216	1	no?	no	_	_	_	_	_	linguistic	_	none	Intonation=Rising	End=439.229	_	_	_	_
217-0	TO080	217	217	0	no	no	_	_	_	_	_	linguistic	_	none	_	Begin=439.229|End=439.427	_	_	_	_
218-0	TO080	218	218	0	era	era	_	_	_	_	_	linguistic	_	none	_	Begin=439.676	_	_	_	_
218-1	TO080	218	218	1	l'	l'	_	_	_	_	_	linguistic	_	none	SpaceAfter=No	_	_	_	_	_
218-2	TO080	218	218	2	altra	altra	_	_	_	_	_	linguistic	_	none	_	_	_	_	_	_
218-3	TO080	218	218	3	ragazza,	ragazza	_	_	_	_	_	linguistic	_	none	Intonation=WeaklyRising	End=440.629	_	_	_	_
219-0	TO071	219	219	0	ah	ah	_	_	_	_	_	linguistic	_	none	_	Begin=440.664	_	_	_	_
219-1	TO071	219	219	1	okay	okay	_	_	_	_	_	linguistic	_	none	_	End=441.144	_	_	_	_
220-0	TO071	220	220	0	calabresi?	calabresi	_	_	_	_	_	linguistic	_	none	Intonation=Rising	Begin=441.189	_	_	_	_
220-1	TO071	220	220	1	tu	tu	_	_	_	_	_	linguistic	_	none	_	End=442.169	_	_	_	_
221-0	TO080	221	221	0	no	no	_	_	_	_	_	linguistic	_	none	_	Begin=442.276|End=442.656	_	_	_	_
222-0	TO080	222	222	0	e::h	eh	_	_	_	_	_	linguistic	_	none	_	Begin=442.656	0x2	_	_	_
222-1	TO080	222	222	1	allora	allora	_	_	_	_	_	linguistic	_	none	_	_	_	_	_	_
222-2	TO080	222	222	2	mio	mio	_	_	_	_	_	linguistic	_	none	_	_	_	_	_	_
222-3	TO080	222	222	3	padre	padre	_	_	_	_	_	linguistic	_	none	_	_	_	_	_	_
222-4	TO080	222	222	4	è	è	_	_	_	_	_	linguistic	_	none	_	_	_	_	_	_
222-5	TO080	222	222	5	della	della	_	_	_	_	_	linguistic	_	none	_	_	_	_	_	_
222-6	TO080	222	222	6	basilicata	basilicata	_	_	_	_	_	linguistic	_	none	_	End=445.564	_	_	_	_
223-0	TO071	223	223	0	ah	ah	_	_	_	_	_	linguistic	_	none	_	Begin=445.564	_	_	_	_
223-1	TO071	223	223	1	okay	okay	_	_	_	_	_	linguistic	_	none	_	End=445.943	_	_	_	_
224-0	TO080	224	224	0	mentre	mentre	_	_	_	_	_	linguistic	_	none	_	Begin=445.975	_	_	_	_
224-1	TO080	224	224	1	i	i	_	_	_	_	_	linguistic	_	none	_	_	_	_	_	_
224-2	TO080	224	224	2	genitori	genitori	_	_	_	_	_	linguistic	_	none	_	_	_	_	_	_
224-3	TO080	224	224	3	di	di	_	_	_	_	_	linguistic	_	none	_	_	_	_	_	_
224-4	TO080	224	224	4	mia	mia	_	_	_	_	_	linguistic	_	none	_	_	_	_	_	_
224-5	TO080	224	224	5	mamma,	mamma	_	_	_	_	_	linguistic	_	none	Intonation=WeaklyRising	End=447.683	_	_	_	_
225-0	TO080	225	225	0	vengono::	vengono	_	_	_	_	_	linguistic	_	none	_	Begin=447.942	6x2	_	_	_
225-1	TO080	225	225	1	da	da	_	_	_	_	_	linguistic	_	none	_	_	_	_	_	_
225-2	TO080	225	225	2	palermo	palermo	_	_	_	_	_	linguistic	_	none	_	_	_	_	_	_
225-3	TO080	225	225	3	e	e	_	_	_	_	_	linguistic	_	none	_	_	_	_	_	_
225-4	TO080	225	225	4	provincia.	provincia	_	_	_	_	_	linguistic	_	none	Intonation=Falling	End=450.736	_	_	_	_
226-0	TO071	226	226	0	ah	ah	_	_	_	_	_	linguistic	_	none	_	Begin=450.834	_	_	_	_
226-1	TO071	226	226	1	[okay	okay	_	_	_	_	_	linguistic	_	none	_	_	_	_	_	0-4(37)
226-2	TO071	226	226	2	okay]	okay	_	_	_	_	_	linguistic	_	none	_	_	_	_	_	0-4(37)
226-3	TO071	226	226	3	sicilaini	sicilaini	_	_	_	_	_	linguistic	_	none	_	End=452.605	_	_	_	_
227-0	TO080	227	227	0	[siciliani]	siciliani	_	_	_	_	_	linguistic	_	none	_	Begin=451.125|End=452.005	_	_	_	0-9(37)
228-0	TO071	228	228	0	e:hm	ehm	_	_	_	_	_	linguistic	_	none	_	Begin=452.903|End=453.566	0x1	_	_	_
229-0	TO071	229	229	0	andavi	andavi	_	_	_	_	_	linguistic	_	none	_	Begin=454.202	_	_	_	_
229-1	TO071	229	229	1	magari	magari	_	_	_	_	_	linguistic	_	none	_	_	_	_	_	_
229-2	TO071	229	229	2	da	da	_	_	_	_	_	linguistic	_	none	_	_	_	_	_	_
229-3	TO071	229	229	3	piccolina	piccolina	_	_	_	_	_	linguistic	_	none	_	_	_	_	_	_
229-4	TO071	229	229	4	a	a	_	_	_	_	_	linguistic	_	none	_	_	_	_	_	_
229-5	TO071	229	229	5	visitarli	visitarli	_	_	_	_	_	linguistic	_	none	_	_	_	_	_	_
229-6	TO071	229	229	6	a	a	_	_	_	_	_	linguistic	_	none	_	_	_	_	_	_
229-7	TO071	229	229	7	visitare:?	visitare	_	_	_	_	_	linguistic	_	none	Intonation=Rising	End=457.63	7x1	_	_	_
230-0	TO080	230	230	0	allora	allora	_	_	_	_	_	linguistic	_	none	_	Begin=457.63|End=458.163	_	_	_	_
231-0	TO080	231	231	0	in	in	_	_	_	_	_	linguistic	_	none	_	Begin=458.163	_	_	_	_
231-1	TO080	231	231	1	sicilia	sicilia	_	_	_	_	_	linguistic	_	none	_	_	_	_	_	_
231-2	TO080	231	231	2	no.	no	_	_	_	_	_	linguistic	_	none	Intonation=Falling	End=459.34	_	_	_	_
232-0	TO071	232	232	0	mai	mai	_	_	_	_	_	linguistic	_	none	_	Begin=459.586	_	_	_	_
232-1	TO071	232	232	1	stata	stata	_	_	_	_	_	linguistic	_	none	_	_	_	_	_	_
232-2	TO071	232	232	2	in	in	_	_	_	_	_	linguistic	_	none	_	_	_	_	_	_
232-3	TO071	232	232	3	sicilia?	sicilia	_	_	_	_	_	linguistic	_	none	Intonation=Rising	End=460.598	_	_	_	_
233-0	TO080	233	233	0	ci	ci	_	_	_	_	_	linguistic	_	none	_	Begin=460.598	_	_	_	_
233-1	TO080	233	233	1	sono	sono	_	_	_	_	_	linguistic	_	none	_	_	_	_	_	_
233-2	TO080	233	233	2	stata	stata	_	_	_	_	_	linguistic	_	none	_	End=461.585	_	_	_	_
234-0	TO080	234	234	0	però:	però	_	_	_	_	_	linguistic	_	none	_	Begin=461.863|End=462.6	3x1	_	_	_
235-0	TO080	235	235	0	a	a	_	_	_	_	_	linguistic	_	none	_	Begin=462.975	_	_	_	_
235-1	TO080	235	235	1	vedere	vedere	_	_	_	_	_	linguistic	_	none	_	_	_	_	_	_
235-2	TO080	235	235	2	i	i	_	_	_	_	_	linguistic	_	none	_	_	_	_	_	_
235-3	TO080	235	235	3	parenti	parenti	_	_	_	_	_	linguistic	_	none	_	_	_	_	_	_
235-4	TO080	235	235	4	solamente	solamente	_	_	_	_	_	linguistic	_	none	_	_	_	_	_	_
235-5	TO080	235	235	5	quando	quando	_	_	_	_	_	linguistic	_	none	_	_	_	_	_	_
235-6	TO080	235	235	6	ero	ero	_	_	_	_	_	linguistic	_	none	_	_	_	_	_	_
235-7	TO080	235	235	7	proprio	proprio	_	_	_	_	_	linguistic	_	none	_	_	_	_	_	_
235-8	TO080	235	235	8	piccola	piccola	_	_	_	_	_	linguistic	_	none	_	_	_	_	_	_
235-9	TO080	235	235	9	[quindi]	quindi	_	_	_	_	_	linguistic	_	none	_	_	_	_	_	0-6(38)
235-10	TO080	235	235	10	non	non	_	_	_	_	_	linguistic	_	none	_	_	_	_	_	_
235-11	TO080	235	235	11	me	me	_	_	_	_	_	linguistic	_	none	_	_	_	_	_	_
235-12	TO080	235	235	12	lo	lo	_	_	_	_	_	linguistic	_	none	_	_	_	_	_	_
235-13	TO080	235	235	13	ricordo	ricordo	_	_	_	_	_	linguistic	_	none	_	End=466.432	_	_	_	_
236-0	TO071	236	236	0	[mhmh]	mhmh	_	_	_	_	_	linguistic	_	none	_	Begin=464.954|End=465.625	_	_	_	0-4(38)
237-0	TO080	237	237	0	e::hm	ehm	_	_	_	_	_	linguistic	_	none	_	Begin=466.956|End=467.727	0x2	_	_	_
238-0	TO080	238	238	0	ci	ci	_	_	_	_	_	linguistic	_	none	_	Begin=468.439	_	_	_	_
238-1	TO080	238	238	1	siamo	siamo	_	_	_	_	_	linguistic	_	none	_	_	_	_	_	_
238-2	TO080	238	238	2	tornati	tornati	_	_	_	_	_	linguistic	_	none	_	_	_	_	_	_
238-3	TO080	238	238	3	più	più	_	_	_	_	_	linguistic	_	none	_	_	_	_	_	_
238-4	TO080	238	238	4	volte	volte	_	_	_	_	_	linguistic	_	none	_	_	_	_	_	_
238-5	TO080	238	238	5	in	in	_	_	_	_	_	linguistic	_	none	_	_	_	_	_	_
238-6	TO080	238	238	6	[altre]	altre	_	_	_	_	_	linguistic	_	none	_	_	_	_	_	0-5(39)
238-7	TO080	238	238	7	zone	zone	_	_	_	_	_	linguistic	_	none	_	_	_	_	_	_
238-8	TO080	238	238	8	della	della	_	_	_	_	_	linguistic	_	none	_	_	_	_	_	_
238-9	TO080	238	238	9	sicilia,	sicilia	_	_	_	_	_	linguistic	_	none	Intonation=WeaklyRising	End=471.563	_	_	_	_
239-0	TO071	239	239	0	[mhmh]	mhmh	_	_	_	_	_	linguistic	_	none	_	Begin=469.826|End=470.275	_	_	_	0-4(39)
240-0	TO080	240	240	0	però	però	_	_	_	_	_	linguistic	_	none	_	Begin=472.226	_	_	_	_
240-1	TO080	240	240	1	proprio::	proprio	_	_	_	_	_	linguistic	_	none	_	End=473.397	6x2	_	_	_
241-0	TO080	241	241	0	a	a	_	_	_	_	_	linguistic	_	none	_	Begin=473.688	_	_	_	_
241-1	TO080	241	241	1	palermo,	palermo	_	_	_	_	_	linguistic	_	none	Intonation=WeaklyRising	End=474.66	_	_	_	_
242-0	TO080	242	242	0	e	e	_	_	_	_	_	linguistic	_	none	_	Begin=475.077	_	_	_	_
242-1	TO080	242	242	1	il	il	_	_	_	_	_	linguistic	_	none	_	_	_	_	_	_
242-2	TO080	242	242	2	pese	pese	_	_	_	_	_	linguistic	_	none	_	_	_	_	_	_
242-3	TO080	242	242	3	di	di	_	_	_	_	_	linguistic	_	none	_	_	_	_	_	_
242-4	TO080	242	242	4	mia	mia	_	_	_	_	_	linguistic	_	none	_	_	_	_	_	_
242-5	TO080	242	242	5	nonna	nonna	_	_	_	_	_	linguistic	_	none	_	_	_	_	_	_
242-6	TO080	242	242	6	non	non	_	_	_	_	_	linguistic	_	none	_	_	_	_	_	_
242-7	TO080	242	242	7	mh:,	mh	_	_	_	_	_	linguistic	_	none	Intonation=WeaklyRising	End=477.92	1x1	_	_	_
243-0	TO080	243	243	0	io	io	_	_	_	_	_	linguistic	_	none	_	Begin=478.178	_	_	_	_
243-1	TO080	243	243	1	non	non	_	_	_	_	_	linguistic	_	none	_	_	_	_	_	_
243-2	TO080	243	243	2	lo	lo	_	_	_	_	_	linguistic	_	none	_	_	_	_	_	_
243-3	TO080	243	243	3	conosco.	conosco	_	_	_	_	_	linguistic	_	none	Intonation=Falling	End=479.78	_	_	_	_
244-0	TO080	244	244	0	invece	invece	_	_	_	_	_	linguistic	_	none	_	Begin=480.401	_	_	_	_
244-1	TO080	244	244	1	al	al	_	_	_	_	_	linguistic	_	none	_	_	_	_	_	_
244-2	TO080	244	244	2	pese	pese	_	_	_	_	_	linguistic	_	none	_	_	_	_	_	_
244-3	TO080	244	244	3	di	di	_	_	_	_	_	linguistic	_	none	_	_	_	_	_	_
244-4	TO080	244	244	4	mio	mio	_	_	_	_	_	linguistic	_	none	_	_	_	_	_	_
244-5	TO080	244	244	5	padre	padre	_	_	_	_	_	linguistic	_	none	_	_	_	_	_	_
244-6	TO080	244	244	6	andiamo	andiamo	_	_	_	_	_	linguistic	_	none	_	_	_	_	_	_
244-7	TO080	244	244	7	tutte	tutte	_	_	_	_	_	linguistic	_	none	_	_	_	_	_	_
244-8	TO080	244	244	8	le	le	_	_	_	_	_	linguistic	_	none	_	_	_	_	_	_
244-9	TO080	244	244	9	estati,	estati	_	_	_	_	_	linguistic	_	none	Intonation=WeaklyRising	End=483.885	_	_	_	_
245-0	TO071	245	245	0	okay	okay	_	_	_	_	_	linguistic	_	none	_	Begin=484.218|End=484.741	_	_	_	_
246-0	TO071	246	246	0	e::h	eh	_	_	_	_	_	linguistic	_	none	_	Begin=485.014	0x2	_	_	_
246-1	TO071	246	246	1	dai	dai	_	_	_	_	_	linguistic	_	none	_	_	_	_	_	_
246-2	TO071	246	246	2	tuoi	tuoi	_	_	_	_	_	linguistic	_	none	_	_	_	_	_	_
246-3	TO071	246	246	3	nonni	nonni	_	_	_	_	_	linguistic	_	none	_	_	_	_	_	_
246-4	TO071	246	246	4	state	state	_	_	_	_	_	linguistic	_	none	_	_	_	_	_	_
246-5	TO071	246	246	5	suppongo	suppongo	_	_	_	_	_	linguistic	_	none	_	_	_	_	_	_
246-6	TO071	246	246	6	o	o	_	_	_	_	_	linguistic	_	none	_	_	_	_	_	_
246-7	TO071	246	246	7	avet[e:]	avete	_	_	_	_	_	linguistic	_	none	_	End=487.37	4x1	_	_	4-5(40)
247-0	TO080	247	247	0	[i]	i	_	_	_	_	_	linguistic	_	none	_	Begin=487.19	_	_	_	0-1(40)
247-1	TO080	247	247	1	miei	miei	_	_	_	_	_	linguistic	_	none	_	_	_	_	_	_
247-2	TO080	247	247	2	zii	zii	_	_	_	_	_	linguistic	_	none	_	End=487.72	_	_	_	_
248-0	TO080	248	248	0	e::	e	_	_	_	_	_	linguistic	_	none	_	Begin=487.859	0x2	_	_	_
248-1	TO080	248	248	1	non	non	_	_	_	_	_	linguistic	_	none	_	_	_	_	_	_
248-2	TO080	248	248	2	ho	ho	_	_	_	_	_	linguistic	_	none	_	_	_	_	_	_
248-3	TO080	248	248	3	i	i	_	_	_	_	_	linguistic	_	none	_	_	_	_	_	_
248-4	TO080	248	248	4	nonni	nonni	_	_	_	_	_	linguistic	_	none	_	_	_	_	_	_
248-5	TO080	248	248	5	paterni,	paterni	_	_	_	_	_	linguistic	_	none	Intonation=WeaklyRising	End=489.95	_	_	_	_
249-0	TO071	249	249	0	ah	ah	_	_	_	_	_	linguistic	_	none	_	Begin=489.95	_	_	_	_
249-1	TO071	249	249	1	okay	okay	_	_	_	_	_	linguistic	_	none	_	_	_	_	_	_
249-2	TO071	249	249	2	okay	okay	_	_	_	_	_	linguistic	_	none	_	_	_	_	_	_
249-3	TO071	249	249	3	i	i	_	_	_	_	_	linguistic	_	none	_	_	_	_	_	_
249-4	TO071	249	249	4	tuoi	tuoi	_	_	_	_	_	linguistic	_	none	_	_	_	_	_	_
249-5	TO071	249	249	5	zii	zii	_	_	_	_	_	linguistic	_	none	_	End=491.139	_	_	_	_
250-0	TO071	250	250	0	e,	e	_	_	_	_	_	linguistic	_	none	Intonation=WeaklyRising	Begin=491.139|End=491.663	_	_	_	_
251-0	TO071	251	251	0	quindi,	quindi	_	_	_	_	_	linguistic	_	none	Intonation=WeaklyRising	Begin=491.663	_	_	_	_
251-1	TO071	251	251	1	sta	sta	_	_	_	_	_	linguistic	_	none	_	_	_	_	_	_
251-2	TO071	251	251	2	vicino	vicino	_	_	_	_	_	linguistic	_	none	_	_	_	_	_	_
251-3	TO071	251	251	3	al	al	_	_	_	_	_	linguistic	_	none	_	_	_	_	_	_
251-4	TO071	251	251	4	mare	mare	_	_	_	_	_	linguistic	_	none	_	_	_	_	_	_
251-5	TO071	251	251	5	il	il	_	_	_	_	_	linguistic	_	none	_	_	_	_	_	_
251-6	TO071	251	251	6	paese	paese	_	_	_	_	_	linguistic	_	none	_	_	_	_	_	_
251-7	TO071	251	251	7	dei	dei	_	_	_	_	_	linguistic	_	none	_	_	_	_	_	_
251-8	TO071	251	251	8	tuoi	tuoi	_	_	_	_	_	linguistic	_	none	_	_	_	_	_	_
251-9	TO071	251	251	9	nonni?	nonni	_	_	_	_	_	linguistic	_	none	Intonation=Rising	End=494.22	_	_	_	_
252-0	TO080	252	252	0	no:,	no	_	_	_	_	_	linguistic	_	none	Intonation=WeaklyRising	Begin=494.22|End=494.996	1x1	_	_	_
253-0	TO080	253	253	0	e::h	eh	_	_	_	_	_	linguistic	_	none	_	Begin=494.996	0x2	_	_	_
253-1	TO080	253	253	1	è	è	_	_	_	_	_	linguistic	_	none	_	_	_	_	_	_
253-2	TO080	253	253	2	nel	nel	_	_	_	_	_	linguistic	_	none	_	_	_	_	_	_
253-3	TO080	253	253	3	pollino.	pollino	_	_	_	_	_	linguistic	_	none	Intonation=Falling	End=497.095	_	_	_	_
254-0	TO071	254	254	0	okay[e:y]	okayey	_	_	_	_	_	linguistic	_	none	_	Begin=497.28|End=498.314	4x1	_	_	4-6(41)
255-0	TO080	255	255	0	[quindi	quindi	_	_	_	_	_	linguistic	_	none	_	Begin=497.731	_	_	_	0-6(41)
255-1	TO080	255	255	1	è]	è	_	_	_	_	_	linguistic	_	none	_	_	_	_	_	0-1(41)
255-2	TO080	255	255	2	collina	collina	_	_	_	_	_	linguistic	_	none	_	_	_	_	_	_
255-3	TO080	255	255	3	quasi	quasi	_	_	_	_	_	linguistic	_	none	_	_	_	_	_	_
255-4	TO080	255	255	4	montagna	montagna	_	_	_	_	_	linguistic	_	none	_	_	_	_	_	_
255-5	TO080	255	255	5	poi	poi	_	_	_	_	_	linguistic	_	none	_	_	_	_	_	_
255-6	TO080	255	255	6	io	io	_	_	_	_	_	linguistic	_	none	_	_	_	_	_	_
255-7	TO080	255	255	7	non	non	_	_	_	_	_	linguistic	_	none	_	_	_	_	_	_
255-8	TO080	255	255	8	sono	sono	_	_	_	_	_	linguistic	_	none	_	End=500.891	_	_	_	_
256-0	TO071	256	256	0	è	è	_	_	_	_	_	linguistic	_	none	_	Begin=501.13	_	_	_	_
256-1	TO071	256	256	1	vicino	vicino	_	_	_	_	_	linguistic	_	none	_	_	_	_	_	_
256-2	TO071	256	256	2	matera	matera	_	_	_	_	_	linguistic	_	none	_	_	_	_	_	_
256-3	TO071	256	256	3	o	o	_	_	_	_	_	linguistic	_	none	_	_	_	_	_	_
256-4	TO071	256	256	4	cioè	cioè	_	_	_	_	_	linguistic	_	none	_	End=502.62	_	_	_	_
257-0	TO080	257	257	0	abbastanza	abbastanza	_	_	_	_	_	linguistic	_	none	_	Begin=502.784	_	_	_	_
257-1	TO080	257	257	1	allora	allora	_	_	_	_	_	linguistic	_	none	_	_	_	_	_	_
257-2	TO080	257	257	2	è	è	_	_	_	_	_	linguistic	_	none	_	_	_	_	_	_
257-3	TO080	257	257	3	provincia	provincia	_	_	_	_	_	linguistic	_	none	_	_	_	_	_	_
257-4	TO080	257	257	4	di	di	_	_	_	_	_	linguistic	_	none	_	_	_	_	_	_
257-5	TO080	257	257	5	potenza,	potenza	_	_	_	_	_	linguistic	_	none	Intonation=WeaklyRising	End=505.189	_	_	_	_
258-0	TO071	258	258	0	okay	okay	_	_	_	_	_	linguistic	_	none	_	Begin=505.189|End=505.568	_	_	_	_
259-0	TO080	259	259	0	però	però	_	_	_	_	_	linguistic	_	none	_	Begin=505.568	_	_	_	_
259-1	TO080	259	259	1	è	è	_	_	_	_	_	linguistic	_	none	_	_	_	_	_	_
259-2	TO080	259	259	2	più	più	_	_	_	_	_	linguistic	_	none	_	_	_	_	_	_
259-3	TO080	259	259	3	vicino	vicino	_	_	_	_	_	linguistic	_	none	_	_	_	_	_	_
259-4	TO080	259	259	4	a	a	_	_	_	_	_	linguistic	_	none	_	_	_	_	_	_
259-5	TO080	259	259	5	matera	matera	_	_	_	_	_	linguistic	_	none	_	End=507.041	_	_	_	_
260-0	TO071	260	260	0	mhmh	mhmh	_	_	_	_	_	linguistic	_	none	_	Begin=507.041|End=507.61	_	_	_	_
261-0	TO080	261	261	0	perché	perché	_	_	_	_	_	linguistic	_	none	_	Begin=507.673	_	_	_	_
261-1	TO080	261	261	1	non	non	_	_	_	_	_	linguistic	_	none	_	_	_	_	_	_
261-2	TO080	261	261	2	so	so	_	_	_	_	_	linguistic	_	none	_	_	_	_	_	_
261-3	TO080	261	261	3	se	se	_	_	_	_	_	linguistic	_	none	_	_	_	_	_	_
261-4	TO080	261	261	4	hai	hai	_	_	_	_	_	linguistic	_	none	_	_	_	_	_	_
261-5	TO080	261	261	5	presente	presente	_	_	_	_	_	linguistic	_	none	_	_	_	_	_	_
261-6	TO080	261	261	6	come	come	_	_	_	_	_	linguistic	_	none	_	_	_	_	_	_
261-7	TO080	261	261	7	è	è	_	_	_	_	_	linguistic	_	none	_	_	_	_	_	_
261-8	TO080	261	261	8	divisa	divisa	_	_	_	_	_	linguistic	_	none	_	_	_	_	_	_
261-9	TO080	261	261	9	la::	la	_	_	_	_	_	linguistic	_	none	_	_	1x2	_	_	_
261-10	TO080	261	261	10	a	a	_	_	_	_	_	linguistic	_	none	_	_	_	_	_	_
261-11	TO080	261	261	11	[la	la	_	_	_	_	_	linguistic	_	none	_	_	_	_	_	0-2(42)
261-12	TO080	261	261	12	regione],	regione	_	_	_	_	_	linguistic	_	none	Intonation=WeaklyRising	End=511.38	_	_	_	0-7(42)
262-0	TO071	262	262	0	[e::h	eh	_	_	_	_	_	linguistic	_	none	_	Begin=509.96	0x2	_	_	0-2(42)
262-1	TO071	262	262	1	relativamente	relativamente	_	_	_	_	_	linguistic	_	none	_	_	_	_	_	0-13(42)
262-2	TO071	262	262	2	sì],	sì	_	_	_	_	_	linguistic	_	none	Intonation=WeaklyRising	End=511.399	_	_	_	0-2(42)
263-0	TO080	263	263	0	è	è	_	_	_	_	_	linguistic	_	none	_	Begin=511.411	_	_	_	_
263-1	TO080	263	263	1	divisa,	divisa	_	_	_	_	_	linguistic	_	none	Intonation=WeaklyRising	_	_	_	_	_
263-2	TO080	263	263	2	perpendicolar[men]te,	perpendicolarmente	_	_	_	_	_	linguistic	_	none	Intonation=WeaklyRising	End=513.653	_	_	_	13-16(43)
264-0	TO071	264	264	0	[okay]	okay	_	_	_	_	_	linguistic	_	none	_	Begin=512.951|End=513.477	_	_	_	0-4(43)
265-0	TO080	265	265	0	quindi	quindi	_	_	_	_	_	linguistic	_	none	_	Begin=514.062	_	_	_	_
265-1	TO080	265	265	1	si	si	_	_	_	_	_	linguistic	_	none	_	_	_	_	_	_
265-2	TO080	265	265	2	trova,	trova	_	_	_	_	_	linguistic	_	none	Intonation=WeaklyRising	End=515.086	_	_	_	_
266-0	TO071	266	266	0	una	una	_	_	_	_	_	linguistic	_	none	_	Begin=515.215	_	_	_	_
266-1	TO071	266	266	1	lato	lato	_	_	_	_	_	linguistic	_	none	_	_	_	_	_	_
266-2	TO071	266	266	2	puglia	puglia	_	_	_	_	_	linguistic	_	none	_	_	_	_	_	_
266-3	TO071	266	266	3	e	e	_	_	_	_	_	linguistic	_	none	_	_	_	_	_	_
266-4	TO071	266	266	4	uno	uno	_	_	_	_	_	linguistic	_	none	_	_	_	_	_	_
266-5	TO071	266	266	5	lato	lato	_	_	_	_	_	linguistic	_	none	_	_	_	_	_	_
266-6	TO071	266	266	6	calabria,	calabria	_	_	_	_	_	linguistic	_	none	Intonation=WeaklyRising	End=517.674	_	_	_	_
267-0	TO080	267	267	0	no::	no	_	_	_	_	_	linguistic	_	none	_	Begin=517.933	1x2	_	_	_
267-1	TO080	267	267	1	e::h	eh	_	_	_	_	_	linguistic	_	none	_	_	0x2	_	_	_
267-2	TO080	267	267	2	[diciamo]	diciamo	_	_	_	_	_	linguistic	_	none	_	_	_	_	_	0-7(44)
267-3	TO080	267	267	3	est	est	_	_	_	_	_	linguistic	_	none	_	_	_	_	_	_
267-4	TO080	267	267	4	e	e	_	_	_	_	_	linguistic	_	none	_	_	_	_	_	_
267-5	TO080	267	267	5	ove[st]	ovest	_	_	_	_	_	linguistic	_	none	_	End=521.0	_	_	_	3-5(45)
268-0	TO071	268	268	0	[campania]	campania	_	_	_	_	_	linguistic	_	none	_	Begin=519.196|End=519.903	_	_	_	0-8(44)
269-0	TO071	269	269	0	[ah]	ah	_	_	_	_	_	linguistic	_	none	_	Begin=520.657	_	_	_	0-2(45)
269-1	TO071	269	269	1	okay	okay	_	_	_	_	_	linguistic	_	none	_	_	_	_	_	_
269-2	TO071	269	269	2	va	va	_	_	_	_	_	linguistic	_	none	_	_	_	_	_	_
269-3	TO071	269	269	3	bene,	bene	_	_	_	_	_	linguistic	_	none	Intonation=WeaklyRising	End=521.905	_	_	_	_
270-0	TO071	270	270	0	e	e	_	_	_	_	_	linguistic	_	none	_	Begin=522.567	_	_	_	_
270-1	TO071	270	270	1	i	i	_	_	_	_	_	linguistic	_	none	_	_	_	_	_	_
270-2	TO071	270	270	2	capoluoghi	capoluoghi	_	_	_	_	_	linguistic	_	none	_	_	_	_	_	_
270-3	TO071	270	270	3	di	di	_	_	_	_	_	linguistic	_	none	_	_	_	_	_	_
270-4	TO071	270	270	4	provincia	provincia	_	_	_	_	_	linguistic	_	none	_	_	_	_	_	_
270-5	TO071	270	270	5	li	li	_	_	_	_	_	linguistic	_	none	_	_	_	_	_	_
270-6	TO071	270	270	6	hai	hai	_	_	_	_	_	linguistic	_	none	_	_	_	_	_	_
270-7	TO071	270	270	7	visitati	visitati	_	_	_	_	_	linguistic	_	none	_	_	_	_	_	_
270-8	TO071	270	270	8	potenza	potenza	_	_	_	_	_	linguistic	_	none	_	_	_	_	_	_
270-9	TO071	270	270	9	matera	matera	_	_	_	_	_	linguistic	_	none	_	_	_	_	_	_
270-10	TO071	270	270	10	sei	sei	_	_	_	_	_	linguistic	_	none	_	_	_	_	_	_
270-11	TO071	270	270	11	sei	sei	_	_	_	_	_	linguistic	_	none	_	_	_	_	_	_
270-12	TO071	270	270	12	sei	sei	_	_	_	_	_	linguistic	_	none	_	_	_	_	_	_
270-13	TO071	270	270	13	mai	mai	_	_	_	_	_	linguistic	_	none	_	_	_	_	_	_
270-14	TO071	270	270	14	stata?	stata	_	_	_	_	_	linguistic	_	none	Intonation=Rising	End=526.933	_	_	_	_
271-0	TO080	271	271	0	matera:,	matera	_	_	_	_	_	linguistic	_	none	Intonation=WeaklyRising	Begin=526.933	5x1	_	_	_
271-1	TO080	271	271	1	diverse	diverse	_	_	_	_	_	linguistic	_	none	_	_	_	_	_	_
271-2	TO080	271	271	2	volte	volte	_	_	_	_	_	linguistic	_	none	_	_	_	_	_	_
271-3	TO080	271	271	3	potenza	potenza	_	_	_	_	_	linguistic	_	none	_	_	_	_	_	_
271-4	TO080	271	271	4	no.	no	_	_	_	_	_	linguistic	_	none	Intonation=Falling	End=530.104	_	_	_	_
272-0	TO071	272	272	0	e::	e	_	_	_	_	_	linguistic	_	none	_	Begin=530.466	0x2	_	_	_
272-1	TO071	272	272	1	s~	s~	_	_	_	_	_	linguistic	_	none	Interrupted=Yes	End=531.09	_	_	_	_
273-0	TO071	273	273	0	sti	sti	_	_	_	_	_	linguistic	_	none	_	Begin=531.537	_	_	_	_
273-1	TO071	273	273	1	sassi	sassi	_	_	_	_	_	linguistic	_	none	_	_	_	_	_	_
273-2	TO071	273	273	2	cioè	cioè	_	_	_	_	_	linguistic	_	none	_	_	_	_	_	_
273-3	TO071	273	273	3	come	come	_	_	_	_	_	linguistic	_	none	_	_	_	_	_	_
273-4	TO071	273	273	4	sono	sono	_	_	_	_	_	linguistic	_	none	_	_	_	_	_	_
273-5	TO071	273	273	5	sono	sono	_	_	_	_	_	linguistic	_	none	_	_	_	_	_	_
273-6	TO071	273	273	6	belli	belli	_	_	_	_	_	linguistic	_	none	_	_	_	_	_	_
273-7	TO071	273	273	7	[ne	ne	_	_	_	_	_	linguistic	_	none	_	_	_	_	_	0-2(46)
273-8	TO071	273	273	8	vale	vale	_	_	_	_	_	linguistic	_	none	_	_	_	_	_	0-4(46)
273-9	TO071	273	273	9	la	la	_	_	_	_	_	linguistic	_	none	_	_	_	_	_	0-2(46)
273-10	TO071	273	273	10	p]ena	pena	_	_	_	_	_	linguistic	_	none	_	_	_	_	_	0-1(46)
273-11	TO071	273	273	11	non	non	_	_	_	_	_	linguistic	_	none	_	_	_	_	_	_
273-12	TO071	273	273	12	ne	ne	_	_	_	_	_	linguistic	_	none	_	_	_	_	_	_
273-13	TO071	273	273	13	vale	vale	_	_	_	_	_	linguistic	_	none	_	_	_	_	_	_
273-14	TO071	273	273	14	[la	la	_	_	_	_	_	linguistic	_	none	_	_	_	_	_	0-2(47)
273-15	TO071	273	273	15	pena]	pena	_	_	_	_	_	linguistic	_	none	_	End=535.381	_	_	_	0-4(47)
274-0	TO080	274	274	0	[sono	sono	_	_	_	_	_	linguistic	_	none	_	Begin=533.602	_	_	_	0-4(46)
274-1	TO080	274	274	1	belli]	belli	_	_	_	_	_	linguistic	_	none	_	End=534.195	_	_	_	0-5(46)
275-0	TO080	275	275	0	[è	è	_	_	_	_	_	linguistic	_	none	_	Begin=534.859	_	_	_	0-1(47)
275-1	TO080	275	275	1	veramente]	veramente	_	_	_	_	_	linguistic	_	none	_	_	_	_	_	0-9(47)
275-2	TO080	275	275	2	bello.	bello	_	_	_	_	_	linguistic	_	none	Intonation=Falling	End=535.841	_	_	_	_
276-0	TO071	276	276	0	perché,	perché	_	_	_	_	_	linguistic	_	none	Intonation=WeaklyRising	Begin=535.999	_	_	_	_
276-1	TO071	276	276	1	perché	perché	_	_	_	_	_	linguistic	_	none	_	_	_	_	_	_
276-2	TO071	276	276	2	io	io	_	_	_	_	_	linguistic	_	none	_	_	_	_	_	_
276-3	TO071	276	276	3	c'	c'	_	_	_	_	_	linguistic	_	none	SpaceAfter=No	_	_	_	_	_
276-4	TO071	276	276	4	è	è	_	_	_	_	_	linguistic	_	none	_	_	_	_	_	_
276-5	TO071	276	276	5	conosco	conosco	_	_	_	_	_	linguistic	_	none	_	_	_	_	_	_
276-6	TO071	276	276	6	persone	persone	_	_	_	_	_	linguistic	_	none	_	_	_	_	_	_
276-7	TO071	276	276	7	che	che	_	_	_	_	_	linguistic	_	none	_	_	_	_	_	_
276-8	TO071	276	276	8	ci	ci	_	_	_	_	_	linguistic	_	none	_	_	_	_	_	_
276-9	TO071	276	276	9	sono	sono	_	_	_	_	_	linguistic	_	none	_	_	_	_	_	_
276-10	TO071	276	276	10	andate	andate	_	_	_	_	_	linguistic	_	none	_	_	_	_	_	_
276-11	TO071	276	276	11	e	e	_	_	_	_	_	linguistic	_	none	_	_	_	_	_	_
276-12	TO071	276	276	12	sono	sono	_	_	_	_	_	linguistic	_	none	_	_	_	_	_	_
276-13	TO071	276	276	13	tornate	tornate	_	_	_	_	_	linguistic	_	none	_	_	_	_	_	_
276-14	TO071	276	276	14	come	come	_	_	_	_	_	linguistic	_	none	_	_	_	_	_	_
276-15	TO071	276	276	15	dire	dire	_	_	_	_	_	linguistic	_	none	PauseAfter=Yes	_	_	_	_	_
276-16	TO071	276	276	16	{P}	{P}	_	_	_	_	_	shortpause	_	none	_	_	_	_	_	_
276-17	TO071	276	276	17	illuminate,	illuminate	_	_	_	_	_	linguistic	_	none	Intonation=WeaklyRising	End=541.433	_	_	_	_
277-0	TO071	277	277	0	a	a	_	_	_	_	_	linguistic	_	none	_	Begin=541.58	_	_	_	_
277-1	TO071	277	277	1	matera,	matera	_	_	_	_	_	linguistic	_	none	Intonation=WeaklyRising	_	_	_	_	_
277-2	TO071	277	277	2	altre	altre	_	_	_	_	_	linguistic	_	none	_	_	_	_	_	_
277-3	TO071	277	277	3	invece	invece	_	_	_	_	_	linguistic	_	none	_	_	_	_	_	_
277-4	TO071	277	277	4	dicevano	dicevano	_	_	_	_	_	linguistic	_	none	_	_	_	_	_	_
277-5	TO071	277	277	5	so	so	_	_	_	_	_	linguistic	_	none	_	_	_	_	_	_
277-6	TO071	277	277	6	buchi	buchi	_	_	_	_	_	linguistic	_	none	_	_	_	_	_	_
277-7	TO071	277	277	7	nella	nella	_	_	_	_	_	linguistic	_	none	_	_	_	_	_	_
277-8	TO071	277	277	8	roccia	roccia	_	_	_	_	_	linguistic	_	none	_	End=544.49	_	_	_	_
278-0	TO080	278	278	0	no	no	_	_	_	_	_	linguistic	_	none	_	Begin=544.49	_	_	_	_
278-1	TO080	278	278	1	allora,	allora	_	_	_	_	_	linguistic	_	none	Intonation=WeaklyRising	End=545.432	_	_	_	_
279-0	TO080	279	279	0	perché	perché	_	_	_	_	_	linguistic	_	none	_	Begin=546.307	_	_	_	_
279-1	TO080	279	279	1	eh	eh	_	_	_	_	_	linguistic	_	none	_	_	_	_	_	_
279-2	TO080	279	279	2	ehm	ehm	_	_	_	_	_	linguistic	_	none	_	End=547.453	_	_	_	_
280-0	TO080	280	280	0	la	la	_	_	_	_	_	linguistic	_	none	_	Begin=547.453	_	_	_	_
280-1	TO080	280	280	1	città	città	_	_	_	_	_	linguistic	_	none	_	_	_	_	_	_
280-2	TO080	280	280	2	praticamente	praticamente	_	_	_	_	_	linguistic	_	none	_	_	_	_	_	_
280-3	TO080	280	280	3	era	era	_	_	_	_	_	linguistic	_	none	_	_	_	_	_	_
280-4	TO080	280	280	4	vabbè	vabbè	_	_	_	_	_	linguistic	_	none	_	_	_	_	_	_
280-5	TO080	280	280	5	c'	c'	_	_	_	_	_	linguistic	_	none	SpaceAfter=No	_	_	_	_	_
280-6	TO080	280	280	6	è	è	_	_	_	_	_	linguistic	_	none	_	_	_	_	_	_
280-7	TO080	280	280	7	la	la	_	_	_	_	_	linguistic	_	none	_	_	_	_	_	_
280-8	TO080	280	280	8	parte	parte	_	_	_	_	_	linguistic	_	none	_	_	_	_	_	_
280-9	TO080	280	280	9	anche	anche	_	_	_	_	_	linguistic	_	none	_	_	_	_	_	_
280-10	TO080	280	280	10	nuova,	nuova	_	_	_	_	_	linguistic	_	none	Intonation=WeaklyRising	End=549.912	_	_	_	_
281-0	TO071	281	281	0	ah	ah	_	_	_	_	_	linguistic	_	none	_	Begin=549.912	_	_	_	_
281-1	TO071	281	281	1	ah	ah	_	_	_	_	_	linguistic	_	none	_	End=550.254	_	_	_	_
282-0	TO080	282	282	0	per	per	_	_	_	_	_	linguistic	_	none	_	Begin=550.528	_	_	_	_
282-1	TO080	282	282	1	quello	quello	_	_	_	_	_	linguistic	_	none	_	_	_	_	_	_
282-2	TO080	282	282	2	anche	anche	_	_	_	_	_	linguistic	_	none	_	_	_	_	_	_
282-3	TO080	282	282	3	interessante,	interessante	_	_	_	_	_	linguistic	_	none	Intonation=WeaklyRising	End=552.028	_	_	_	_
283-0	TO080	283	283	0	[e::]	e	_	_	_	_	_	linguistic	_	none	_	Begin=552.312|End=553.115	0x2	_	_	0-1(48)
284-0	TO071	284	284	0	[il	il	_	_	_	_	_	linguistic	_	none	_	Begin=552.528	_	_	_	0-2(48)
284-1	TO071	284	284	1	contrasto]	contrasto	_	_	_	_	_	linguistic	_	none	_	_	_	_	_	0-9(48)
284-2	TO071	284	284	2	(dici	dici	_	_	_	_	_	linguistic	_	none	_	_	_	_	0-4(0)	_
284-3	TO071	284	284	3	te)?	te	_	_	_	_	_	linguistic	_	none	Intonation=Rising	End=553.412	_	_	0-2(0)	_
285-0	TO080	285	285	0	sì	sì	_	_	_	_	_	linguistic	_	none	_	Begin=553.41|End=553.735	_	_	_	_
286-0	TO080	286	286	0	e::	e	_	_	_	_	_	linguistic	_	none	_	Begin=553.986	0x2	_	_	_
286-1	TO080	286	286	1	c'	c'	_	_	_	_	_	linguistic	_	none	SpaceAfter=No	_	_	_	_	_
286-2	TO080	286	286	2	è	è	_	_	_	_	_	linguistic	_	none	_	_	_	_	_	_
286-3	TO080	286	286	3	la	la	_	_	_	_	_	linguistic	_	none	_	_	_	_	_	_
286-4	TO080	286	286	4	parte	parte	_	_	_	_	_	linguistic	_	none	_	_	_	_	_	_
286-5	TO080	286	286	5	invece	invece	_	_	_	_	_	linguistic	_	none	_	_	_	_	_	_
286-6	TO080	286	286	6	antica,	antica	_	_	_	_	_	linguistic	_	none	Intonation=WeaklyRising	End=555.954	_	_	_	_
287-0	TO080	287	287	0	dove:::,	dove	_	_	_	_	_	linguistic	_	none	Intonation=WeaklyRising	Begin=556.082|End=557.136	3x3	_	_	_
288-0	TO080	288	288	0	ci	ci	_	_	_	_	_	linguistic	_	none	_	Begin=557.424	_	_	_	_
288-1	TO080	288	288	1	vivono,	vivono	_	_	_	_	_	linguistic	_	none	Intonation=WeaklyRising	End=557.986	_	_	_	_
289-0	TO080	289	289	0	ancora	ancora	_	_	_	_	_	linguistic	_	none	_	Begin=558.122|End=558.502	_	_	_	_
290-0	TO080	290	290	0	ovvio	ovvio	_	_	_	_	_	linguistic	_	none	_	Begin=558.644	_	_	_	_
290-1	TO080	290	290	1	nelle:	nelle	_	_	_	_	_	linguistic	_	none	_	_	4x1	_	_	_
290-2	TO080	290	290	2	proprio	proprio	_	_	_	_	_	linguistic	_	none	_	_	_	_	_	_
290-3	TO080	290	290	3	nelle	nelle	_	_	_	_	_	linguistic	_	none	_	_	_	_	_	_
290-4	TO080	290	290	4	grotte	grotte	_	_	_	_	_	linguistic	_	none	_	_	_	_	_	_
290-5	TO080	290	290	5	non	non	_	_	_	_	_	linguistic	_	none	_	_	_	_	_	_
290-6	TO080	290	290	6	ci	ci	_	_	_	_	_	linguistic	_	none	_	_	_	_	_	_
290-7	TO080	290	290	7	vivono	vivono	_	_	_	_	_	linguistic	_	none	_	_	_	_	_	_
290-8	TO080	290	290	8	più,	più	_	_	_	_	_	linguistic	_	none	Intonation=WeaklyRising	End=561.723	_	_	_	_
291-0	TO080	291	291	0	per	per	_	_	_	_	_	linguistic	_	none	_	Begin=561.795	_	_	_	_
291-1	TO080	291	291	1	questioni:	questioni	_	_	_	_	_	linguistic	_	none	PauseAfter=Yes	_	8x1	_	_	_
291-2	TO080	291	291	2	{P}	{P}	_	_	_	_	_	shortpause	_	none	_	_	_	_	_	_
291-3	TO080	291	291	3	igieniche	igieniche	_	_	_	_	_	linguistic	_	none	_	End=563.355	_	_	_	_
292-0	TO071	292	292	0	certo	certo	_	_	_	_	_	linguistic	_	none	_	Begin=563.355|End=563.678	_	_	_	_
293-0	TO071	293	293	0	[anche	anche	_	_	_	_	_	linguistic	_	none	_	Begin=563.702	_	_	_	0-5(50)
293-1	TO071	293	293	1	di	di	_	_	_	_	_	linguistic	_	none	_	_	_	_	_	0-2(50)
293-2	TO071	293	293	2	sicur]ezza	sicurezza	_	_	_	_	_	linguistic	_	none	_	_	_	_	_	0-5(50)
293-3	TO071	293	293	3	supp[ongo]	suppongo	_	_	_	_	_	linguistic	_	none	_	End=565.469	_	_	_	4-8(51)
294-0	TO080	294	294	0	[xxx]	xxx	_	_	_	_	_	unknown	_	none	Syllables=3	Begin=563.702|End=564.138	_	_	_	0-3(50)
295-0	TO080	295	295	0	[sì	sì	_	_	_	_	_	linguistic	_	none	_	Begin=564.961	_	_	_	0-2(51)
295-1	TO080	295	295	1	sì]	sì	_	_	_	_	_	linguistic	_	none	_	End=565.376	_	_	_	0-2(51)
296-0	TO080	296	296	0	poi	poi	_	_	_	_	_	linguistic	_	none	_	Begin=565.568	_	_	_	_
296-1	TO080	296	296	1	hanno:	hanno	_	_	_	_	_	linguistic	_	none	_	End=566.513	4x1	_	_	_
297-0	TO080	297	297	0	se	se	_	_	_	_	_	linguistic	_	none	_	Begin=566.71	_	_	_	_
297-1	TO080	297	297	1	non	non	_	_	_	_	_	linguistic	_	none	_	_	_	_	_	_
297-2	TO080	297	297	2	ricordo	ricordo	_	_	_	_	_	linguistic	_	none	_	_	_	_	_	_
297-3	TO080	297	297	3	male:,	male	_	_	_	_	_	linguistic	_	none	Intonation=WeaklyRising	End=568.19	3x1	_	_	_
298-0	TO080	298	298	0	le	le	_	_	_	_	_	linguistic	_	none	_	Begin=568.304	_	_	_	_
298-1	TO080	298	298	1	hanno:,	hanno	_	_	_	_	_	linguistic	_	none	Intonation=WeaklyRising	End=569.159	4x1	_	_	_
299-0	TO080	299	299	0	rimossi,	rimossi	_	_	_	_	_	linguistic	_	none	Intonation=WeaklyRising	Begin=569.358|End=570.158	_	_	_	_
300-0	TO071	300	300	0	[mhmh]	mhmh	_	_	_	_	_	linguistic	_	none	_	Begin=570.297|End=570.611	_	_	_	0-4(52)
301-0	TO080	301	301	0	[dalle	dalle	_	_	_	_	_	linguistic	_	none	_	Begin=570.297	_	_	_	0-5(52)
301-1	TO080	301	301	1	loro]	loro	_	_	_	_	_	linguistic	_	none	_	_	_	_	_	0-4(52)
301-2	TO080	301	301	2	case,	case	_	_	_	_	_	linguistic	_	none	Intonation=WeaklyRising	End=571.235	_	_	_	_
302-0	TO080	302	302	0	e:hm	ehm	_	_	_	_	_	linguistic	_	none	_	Begin=571.373	0x1	_	_	_
302-1	TO080	302	302	1	negli	negli	_	_	_	_	_	linguistic	_	none	_	_	_	_	_	_
302-2	TO080	302	302	2	anni	anni	_	_	_	_	_	linguistic	_	none	_	_	_	_	_	_
302-3	TO080	302	302	3	cinquanta	cinquanta	_	_	_	_	_	linguistic	_	none	_	_	_	_	_	_
302-4	TO080	302	302	4	sessanta.	sessanta	_	_	_	_	_	linguistic	_	none	Intonation=Falling	End=572.991	_	_	_	_
303-0	TO071	303	303	0	e	e	_	_	_	_	_	linguistic	_	none	_	Begin=573.527	_	_	_	_
303-1	TO071	303	303	1	gli	gli	_	_	_	_	_	linguistic	_	none	_	_	_	_	_	_
303-2	TO071	303	303	2	hanno	hanno	_	_	_	_	_	linguistic	_	none	_	_	_	_	_	_
303-3	TO071	303	303	3	dato	dato	_	_	_	_	_	linguistic	_	none	_	_	_	_	_	_
303-4	TO071	303	303	4	case	case	_	_	_	_	_	linguistic	_	none	_	_	_	_	_	_
303-5	TO071	303	303	5	popolari,	popolari	_	_	_	_	_	linguistic	_	none	Intonation=WeaklyRising	_	_	_	_	_
303-6	TO071	303	303	6	sicuro	sicuro	_	_	_	_	_	linguistic	_	none	_	End=575.09	_	_	_	_
304-0	TO080	304	304	0	non	non	_	_	_	_	_	linguistic	_	none	_	Begin=575.141	_	_	_	_
304-1	TO080	304	304	1	lo	lo	_	_	_	_	_	linguistic	_	none	_	_	_	_	_	_
304-2	TO080	304	304	2	so	so	_	_	_	_	_	linguistic	_	none	_	End=575.834	_	_	_	_
305-0	TO071	305	305	0	spero	spero	_	_	_	_	_	linguistic	_	none	_	Begin=576.46|End=576.832	_	_	_	_
306-0	TO080	306	306	0	spero	spero	_	_	_	_	_	linguistic	_	none	_	Begin=577.372	_	_	_	_
306-1	TO080	306	306	1	anch'	anch'	_	_	_	_	_	linguistic	_	none	SpaceAfter=No	_	_	_	_	_
306-2	TO080	306	306	2	io	io	_	_	_	_	_	linguistic	_	none	_	End=578.296	_	_	_	_
307-0	TO080	307	307	0	e:h	eh	_	_	_	_	_	linguistic	_	none	_	Begin=578.421	0x1	_	_	_
307-1	TO080	307	307	1	e	e	_	_	_	_	_	linguistic	_	none	_	_	_	_	_	_
307-2	TO080	307	307	2	poi	poi	_	_	_	_	_	linguistic	_	none	_	_	_	_	_	_
307-3	TO080	307	307	3	c'	c'	_	_	_	_	_	linguistic	_	none	SpaceAfter=No	_	_	_	_	_
307-4	TO080	307	307	4	è	è	_	_	_	_	_	linguistic	_	none	_	_	_	_	_	_
307-5	TO080	307	307	5	anche::,	anche	_	_	_	_	_	linguistic	_	none	Intonation=WeaklyRising	End=580.19	4x2	_	_	_
308-0	TO080	308	308	0	il	il	_	_	_	_	_	linguistic	_	none	_	Begin=580.532	_	_	_	_
308-1	TO080	308	308	1	belvedere,	belvedere	_	_	_	_	_	linguistic	_	none	Intonation=WeaklyRising	End=581.231	_	_	_	_
309-0	TO071	309	309	0	ah	ah	_	_	_	_	_	linguistic	_	none	_	Begin=581.231	_	_	_	_
309-1	TO071	309	309	1	ah,	ah	_	_	_	_	_	linguistic	_	none	Intonation=WeaklyRising	End=581.597	_	_	_	_
310-0	TO080	310	310	0	m:h	mh	_	_	_	_	_	linguistic	_	none	_	Begin=582.541|End=583.181	0x1	_	_	_
311-0	TO080	311	311	0	diciamo:	diciamo	_	_	_	_	_	linguistic	_	none	_	Begin=583.5	6x1	_	_	_
311-1	TO080	311	311	1	prendi	prendi	_	_	_	_	_	linguistic	_	none	_	_	_	_	_	_
311-2	TO080	311	311	2	la	la	_	_	_	_	_	linguistic	_	none	_	_	_	_	_	_
311-3	TO080	311	311	3	macchina	macchina	_	_	_	_	_	linguistic	_	none	_	_	_	_	_	_
311-4	TO080	311	311	4	e	e	_	_	_	_	_	linguistic	_	none	_	_	_	_	_	_
311-5	TO080	311	311	5	ti	ti	_	_	_	_	_	linguistic	_	none	_	_	_	_	_	_
311-6	TO080	311	311	6	sposti,	sposti	_	_	_	_	_	linguistic	_	none	Intonation=WeaklyRising	End=585.306	_	_	_	_
312-0	TO080	312	312	0	e::	e	_	_	_	_	_	linguistic	_	none	_	Begin=585.443	0x2	_	_	_
312-1	TO080	312	312	1	è	è	_	_	_	_	_	linguistic	_	none	_	_	_	_	_	_
312-2	TO080	312	312	2	tutta	tutta	_	_	_	_	_	linguistic	_	none	_	_	_	_	_	_
312-3	TO080	312	312	3	una	una	_	_	_	_	_	linguistic	_	none	PauseAfter=Yes	_	_	_	_	_
312-4	TO080	312	312	4	{P}	{P}	_	_	_	_	_	shortpause	_	none	_	_	_	_	_	_
312-5	TO080	312	312	5	piazzola,	piazzola	_	_	_	_	_	linguistic	_	none	Intonation=WeaklyRising	End=587.712	_	_	_	_
313-0	TO080	313	313	0	da	da	_	_	_	_	_	linguistic	_	none	_	Begin=587.903	_	_	_	_
313-1	TO080	313	313	1	cui	cui	_	_	_	_	_	linguistic	_	none	_	_	_	_	_	_
313-2	TO080	313	313	2	puoi	puoi	_	_	_	_	_	linguistic	_	none	_	_	_	_	_	_
313-3	TO080	313	313	3	vedere	vedere	_	_	_	_	_	linguistic	_	none	_	_	_	_	_	_
313-4	TO080	313	313	4	la	la	_	_	_	_	_	linguistic	_	none	_	_	_	_	_	_
313-5	TO080	313	313	5	città.	città	_	_	_	_	_	linguistic	_	none	Intonation=Falling	End=589.139	_	_	_	_
314-0	TO071	314	314	0	okay	okay	_	_	_	_	_	linguistic	_	none	_	Begin=589.457|End=589.817	_	_	_	_
315-0	TO071	315	315	0	e:hm	ehm	_	_	_	_	_	linguistic	_	none	_	Begin=590.405|End=590.983	0x1	_	_	_
316-0	TO071	316	316	0	e	e	_	_	_	_	_	linguistic	_	none	_	Begin=590.983	_	_	_	_
316-1	TO071	316	316	1	insomma	insomma	_	_	_	_	_	linguistic	_	none	_	_	_	_	_	_
316-2	TO071	316	316	2	quindi	quindi	_	_	_	_	_	linguistic	_	none	_	_	_	_	_	_
316-3	TO071	316	316	3	sti	sti	_	_	_	_	_	linguistic	_	none	_	_	_	_	_	_
316-4	TO071	316	316	4	sassi	sassi	_	_	_	_	_	linguistic	_	none	_	_	_	_	_	_
316-5	TO071	316	316	5	ste	ste	_	_	_	_	_	linguistic	_	none	_	_	_	_	_	_
316-6	TO071	316	316	6	case	case	_	_	_	_	_	linguistic	_	none	_	_	_	_	_	_
316-7	TO071	316	316	7	che::	che	_	_	_	_	_	linguistic	_	none	_	_	2x2	_	_	_
316-8	TO071	316	316	8	mh	mh	_	_	_	_	_	linguistic	_	none	_	End=593.143	_	_	_	_
317-0	TO071	317	317	0	cioè	cioè	_	_	_	_	_	linguistic	_	none	_	Begin=593.498|End=593.814	_	_	_	_
318-0	TO071	318	318	0	perché	perché	_	_	_	_	_	linguistic	_	none	_	Begin=594.08	_	_	_	_
318-1	TO071	318	318	1	non	non	_	_	_	_	_	linguistic	_	none	_	_	_	_	_	_
318-2	TO071	318	318	2	ti	ti	_	_	_	_	_	linguistic	_	none	_	_	_	_	_	_
318-3	TO071	318	318	3	dico	dico	_	_	_	_	_	linguistic	_	none	_	_	_	_	_	_
318-4	TO071	318	318	4	che	che	_	_	_	_	_	linguistic	_	none	_	_	_	_	_	_
318-5	TO071	318	318	5	cosa,	cosa	_	_	_	_	_	linguistic	_	none	Intonation=WeaklyRising	_	_	_	_	_
318-6	TO071	318	318	6	ma	ma	_	_	_	_	_	linguistic	_	none	_	_	_	_	_	_
318-7	TO071	318	318	7	perché	perché	_	_	_	_	_	linguistic	_	none	_	_	_	_	_	_
318-8	TO071	318	318	8	t~	t~	_	_	_	_	_	linguistic	_	none	Interrupted=Yes	_	_	_	_	_
318-9	TO071	318	318	9	t'	t'	_	_	_	_	_	linguistic	_	none	SpaceAfter=No	_	_	_	_	_
318-10	TO071	318	318	10	(hanno	hanno	_	_	_	_	_	linguistic	_	none	_	_	_	_	_	_
318-11	TO071	318	318	11	colpito	colpito	_	_	_	_	_	linguistic	_	none	PauseAfter=Yes	_	_	_	_	_
318-12	TO071	318	318	12	{P}	{P}	_	_	_	_	_	shortpause	_	none	_	_	_	_	_	_
318-13	TO071	318	318	13	le	le	_	_	_	_	_	linguistic	_	none	_	_	_	_	_	_
318-14	TO071	318	318	14	ragioni	ragioni	_	_	_	_	_	linguistic	_	none	_	End=597.993	_	_	_	_
319-0	TO071	319	319	0	per	per	_	_	_	_	_	linguistic	_	none	_	Begin=598.054	_	_	_	_
319-1	TO071	319	319	1	cui	cui	_	_	_	_	_	linguistic	_	none	_	_	_	_	_	_
319-2	TO071	319	319	2	t~	t~	_	_	_	_	_	linguistic	_	none	Interrupted=Yes	_	_	_	_	_
319-3	TO071	319	319	3	t'	t'	_	_	_	_	_	linguistic	_	none	SpaceAfter=No	_	_	_	_	_
319-4	TO071	319	319	4	(hanno	hanno	_	_	_	_	_	linguistic	_	none	_	_	_	_	_	_
319-5	TO071	319	319	5	colpito	colpito	_	_	_	_	_	linguistic	_	none	_	End=599.296	_	_	_	_
320-0	TO080	320	320	0	e::h	eh	_	_	_	_	_	linguistic	_	none	_	Begin=599.296|End=600.286	0x2	_	_	_
321-0	TO080	321	321	0	non	non	_	_	_	_	_	linguistic	_	none	_	Begin=601.824	_	_	_	_
321-1	TO080	321	321	1	lo	lo	_	_	_	_	_	linguistic	_	none	_	_	_	_	_	_
321-2	TO080	321	321	2	so,	so	_	_	_	_	_	linguistic	_	none	Intonation=WeaklyRising	End=602.502	_	_	_	_
322-0	TO071	322	322	0	[ah	ah	_	_	_	_	_	linguistic	_	none	_	Begin=602.523	_	_	_	0-2(53)
322-1	TO071	322	322	1	okay]	okay	_	_	_	_	_	linguistic	_	none	_	End=603.042	_	_	_	0-4(53)
323-0	TO080	323	323	0	[cioè	cioè	_	_	_	_	_	linguistic	_	none	_	Begin=602.523	_	_	_	0-4(53)
323-1	TO080	323	323	1	è]	è	_	_	_	_	_	linguistic	_	none	_	_	_	_	_	0-1(53)
323-2	TO080	323	323	2	qualcosa	qualcosa	_	_	_	_	_	linguistic	_	none	_	_	_	_	_	_
323-3	TO080	323	323	3	di	di	_	_	_	_	_	linguistic	_	none	_	_	_	_	_	_
323-4	TO080	323	323	4	caratteristico,	caratteristico	_	_	_	_	_	linguistic	_	none	Intonation=WeaklyRising	_	_	_	_	_
323-5	TO080	323	323	5	[pies~]	pies~	_	_	_	_	_	linguistic	_	none	Interrupted=Yes	End=604.864	_	_	_	0-5(54)
324-0	TO071	324	324	0	[ah	ah	_	_	_	_	_	linguistic	_	none	_	Begin=604.492	_	_	_	0-2(54)
324-1	TO071	324	324	1	ah]	ah	_	_	_	_	_	linguistic	_	none	_	End=604.851	_	_	_	0-2(54)
325-0	TO080	325	325	0	io	io	_	_	_	_	_	linguistic	_	none	_	Begin=605.478	_	_	_	_
325-1	TO080	325	325	1	non	non	_	_	_	_	_	linguistic	_	none	_	_	_	_	_	_
325-2	TO080	325	325	2	avevo	avevo	_	_	_	_	_	linguistic	_	none	_	End=606.393	_	_	_	_
326-0	TO080	326	326	0	non	non	_	_	_	_	_	linguistic	_	none	_	Begin=606.542	_	_	_	_
326-1	TO080	326	326	1	ho	ho	_	_	_	_	_	linguistic	_	none	_	_	_	_	_	_
326-2	TO080	326	326	2	mai	mai	_	_	_	_	_	linguistic	_	none	_	_	_	_	_	_
326-3	TO080	326	326	3	visto	visto	_	_	_	_	_	linguistic	_	none	_	_	_	_	_	_
326-4	TO080	326	326	4	da	da	_	_	_	_	_	linguistic	_	none	_	_	_	_	_	_
326-5	TO080	326	326	5	nessun	nessun	_	_	_	_	_	linguistic	_	none	_	_	_	_	_	_
326-6	TO080	326	326	6	altra	altra	_	_	_	_	_	linguistic	_	none	_	_	_	_	_	_
326-7	TO080	326	326	7	parte.	parte	_	_	_	_	_	linguistic	_	none	Intonation=Falling	End=608.372	_	_	_	_
327-0	TO071	327	327	0	mah	mah	_	_	_	_	_	linguistic	_	none	_	Begin=608.835	_	_	_	_
327-1	TO071	327	327	1	anche	anche	_	_	_	_	_	linguistic	_	none	_	_	_	_	_	_
327-2	TO071	327	327	2	perché	perché	_	_	_	_	_	linguistic	_	none	_	_	_	_	_	_
327-3	TO071	327	327	3	forse	forse	_	_	_	_	_	linguistic	_	none	_	_	_	_	_	_
327-4	TO071	327	327	4	non	non	_	_	_	_	_	linguistic	_	none	_	_	_	_	_	_
327-5	TO071	327	327	5	c'	c'	_	_	_	_	_	linguistic	_	none	SpaceAfter=No	_	_	_	_	_
327-6	TO071	327	327	6	è	è	_	_	_	_	_	linguistic	_	none	_	_	_	_	_	_
327-7	TO071	327	327	7	da	da	_	_	_	_	_	linguistic	_	none	_	_	_	_	_	_
327-8	TO071	327	327	8	nessun	nessun	_	_	_	_	_	linguistic	_	none	_	_	_	_	_	_
327-9	TO071	327	327	9	al[tra	altra	_	_	_	_	_	linguistic	_	none	_	_	_	_	_	1-5(55)
327-10	TO071	327	327	10	p]arte	parte	_	_	_	_	_	linguistic	_	none	_	End=611.19	_	_	_	0-1(55)
328-0	TO080	328	328	0	[eh]	eh	_	_	_	_	_	linguistic	_	none	_	Begin=610.646|End=610.966	_	_	_	0-2(55)
329-0	TO080	329	329	0	esatto	esatto	_	_	_	_	_	linguistic	_	none	_	Begin=611.33|End=611.809	_	_	_	_
330-0	TO071	330	330	0	oka:y	okay	_	_	_	_	_	linguistic	_	none	_	Begin=612.822|End=613.706	2x1	_	_	_
331-0	TO071	331	331	0	e:hm	ehm	_	_	_	_	_	linguistic	_	none	_	Begin=613.826|End=614.378	0x1	_	_	_
332-0	TO071	332	332	0	m:h	mh	_	_	_	_	_	linguistic	_	none	_	Begin=614.466	0x1	_	_	_
332-1	TO071	332	332	1	pa	pa	_	_	_	_	_	linguistic	_	none	_	_	_	_	_	_
332-2	TO071	332	332	2	pa	pa	_	_	_	_	_	linguistic	_	none	_	_	_	_	_	_
332-3	TO071	332	332	3	pa	pa	_	_	_	_	_	linguistic	_	none	_	_	_	_	_	_
332-4	TO071	332	332	4	pa	pa	_	_	_	_	_	linguistic	_	none	_	_	_	_	_	_
332-5	TO071	332	332	5	pa,	pa	_	_	_	_	_	linguistic	_	none	Intonation=WeaklyRising	End=615.946	_	_	_	_
333-0	TO071	333	333	0	e:hm	ehm	_	_	_	_	_	linguistic	_	none	_	Begin=616.528	0x1	_	_	_
333-1	TO071	333	333	1	vediamo	vediamo	_	_	_	_	_	linguistic	_	none	_	_	_	_	_	_
333-2	TO071	333	333	2	un	un	_	_	_	_	_	linguistic	_	none	_	_	_	_	_	_
333-3	TO071	333	333	3	po',	po'	_	_	_	_	_	linguistic	_	none	Intonation=WeaklyRising	End=617.395	_	_	_	_
334-0	TO071	334	334	0	mettendo	mettendo	_	_	_	_	_	linguistic	_	none	PauseAfter=Yes	Begin=617.711	_	_	_	_
334-1	TO071	334	334	1	{P}	{P}	_	_	_	_	_	shortpause	_	none	_	_	_	_	_	_
334-2	TO071	334	334	2	a	a	_	_	_	_	_	linguistic	_	none	_	End=619.087	_	_	_	_
335-0	TO071	335	335	0	ah	ah	_	_	_	_	_	linguistic	_	none	PauseAfter=Yes	Begin=619.397	_	_	_	_
335-1	TO071	335	335	1	{P}	{P}	_	_	_	_	_	shortpause	_	none	_	_	_	_	_	_
335-2	TO071	335	335	2	hai	hai	_	_	_	_	_	linguistic	_	none	_	_	_	_	_	_
335-3	TO071	335	335	3	visssuto	visssuto	_	_	_	_	_	linguistic	_	none	_	_	_	_	_	_
335-4	TO071	335	335	4	domanda	domanda	_	_	_	_	_	linguistic	_	none	_	_	_	_	_	_
335-5	TO071	335	335	5	preliminare	preliminare	_	_	_	_	_	linguistic	_	none	PauseAfter=Yes	_	_	_	_	_
335-6	TO071	335	335	6	{P}	{P}	_	_	_	_	_	shortpause	_	none	_	_	_	_	_	_
335-7	TO071	335	335	7	hai	hai	_	_	_	_	_	linguistic	_	none	_	_	_	_	_	_
335-8	TO071	335	335	8	vissuto	vissuto	_	_	_	_	_	linguistic	_	none	_	_	_	_	_	_
335-9	TO071	335	335	9	in	in	_	_	_	_	_	linguistic	_	none	_	_	_	_	_	_
335-10	TO071	335	335	10	altre	altre	_	_	_	_	_	linguistic	_	none	_	_	_	_	_	_
335-11	TO071	335	335	11	citttà	citttà	_	_	_	_	_	linguistic	_	none	_	_	_	_	_	_
335-12	TO071	335	335	12	più	più	_	_	_	_	_	linguistic	_	none	_	_	_	_	_	_
335-13	TO071	335	335	13	o	o	_	_	_	_	_	linguistic	_	none	_	_	_	_	_	_
335-14	TO071	335	335	14	meno	meno	_	_	_	_	_	linguistic	_	none	_	_	_	_	_	_
335-15	TO071	335	335	15	grandi?	grandi	_	_	_	_	_	linguistic	_	none	Intonation=Rising	End=622.949	_	_	_	_
336-0	TO071	336	336	0	ne~	ne~	_	_	_	_	_	linguistic	_	none	Interrupted=Yes	Begin=623.051	_	_	_	_
336-1	TO071	336	336	1	ne~	ne~	_	_	_	_	_	linguistic	_	none	Interrupted=Yes	_	_	_	_	_
336-2	TO071	336	336	2	ne~	ne~	_	_	_	_	_	linguistic	_	none	Interrupted=Yes	_	_	_	_	_
336-3	TO071	336	336	3	nella	nella	_	_	_	_	_	linguistic	_	none	_	_	_	_	_	_
336-4	TO071	336	336	4	tua	tua	_	_	_	_	_	linguistic	_	none	_	_	_	_	_	_
336-5	TO071	336	336	5	vita?	vita	_	_	_	_	_	linguistic	_	none	Intonation=Rising	End=624.455	_	_	_	_
337-0	TO080	337	337	0	no:	no	_	_	_	_	_	linguistic	_	none	_	Begin=624.844	1x1	_	_	_
337-1	TO080	337	337	1	eh	eh	_	_	_	_	_	linguistic	_	none	_	_	_	_	_	_
337-2	TO080	337	337	2	ho:	ho	_	_	_	_	_	linguistic	_	none	PauseAfter=Yes	_	1x1	_	_	_
337-3	TO080	337	337	3	{P}	{P}	_	_	_	_	_	shortpause	_	none	_	_	_	_	_	_
337-4	TO080	337	337	4	sempre	sempre	_	_	_	_	_	linguistic	_	none	_	_	_	_	_	_
337-5	TO080	337	337	5	vissuto	vissuto	_	_	_	_	_	linguistic	_	none	_	_	_	_	_	_
337-6	TO080	337	337	6	a	a	_	_	_	_	_	linguistic	_	none	_	_	_	_	_	_
337-7	TO080	337	337	7	@nomepaese	@nomepaese	_	_	_	_	_	anonymized	_	none	_	End=627.294	_	_	_	_
338-0	TO071	338	338	0	okay	okay	_	_	_	_	_	linguistic	_	none	_	Begin=627.416|End=627.736	_	_	_	_
339-0	TO080	339	339	0	prima	prima	_	_	_	_	_	linguistic	_	none	_	Begin=627.736	_	_	_	_
339-1	TO080	339	339	1	di,	di	_	_	_	_	_	linguistic	_	none	Intonation=WeaklyRising	End=628.368	_	_	_	_
340-0	TO080	340	340	0	torino	torino	_	_	_	_	_	linguistic	_	none	_	Begin=628.548|End=628.897	_	_	_	_
341-0	TO071	341	341	0	è	è	_	_	_	_	_	linguistic	_	none	_	Begin=628.897	_	_	_	_
341-1	TO071	341	341	1	un	un	_	_	_	_	_	linguistic	_	none	_	_	_	_	_	_
341-2	TO071	341	341	2	anno	anno	_	_	_	_	_	linguistic	_	none	_	_	_	_	_	_
341-3	TO071	341	341	3	che	che	_	_	_	_	_	linguistic	_	none	_	_	_	_	_	_
341-4	TO071	341	341	4	stai	stai	_	_	_	_	_	linguistic	_	none	_	_	_	_	_	_
341-5	TO071	341	341	5	a	a	_	_	_	_	_	linguistic	_	none	_	_	_	_	_	_
341-6	TO071	341	341	6	torino	torino	_	_	_	_	_	linguistic	_	none	_	_	_	_	_	_
341-7	TO071	341	341	7	quindi	quindi	_	_	_	_	_	linguistic	_	none	_	_	_	_	_	_
341-8	TO071	341	341	8	è	è	_	_	_	_	_	linguistic	_	none	_	_	_	_	_	_
341-9	TO071	341	341	9	la	la	_	_	_	_	_	linguistic	_	none	_	_	_	_	_	_
341-10	TO071	341	341	10	tua	tua	_	_	_	_	_	linguistic	_	none	_	_	_	_	_	_
341-11	TO071	341	341	11	prima	prima	_	_	_	_	_	linguistic	_	none	_	_	_	_	_	_
341-12	TO071	341	341	12	vera	vera	_	_	_	_	_	linguistic	_	none	_	_	_	_	_	_
341-13	TO071	341	341	13	esperienza:	esperienza	_	_	_	_	_	linguistic	_	none	_	_	9x1	_	_	_
341-14	TO071	341	341	14	fuori	fuori	_	_	_	_	_	linguistic	_	none	_	_	_	_	_	_
341-15	TO071	341	341	15	casa,	casa	_	_	_	_	_	linguistic	_	none	Intonation=WeaklyRising	End=632.767	_	_	_	_
342-0	TO080	342	342	0	sì	sì	_	_	_	_	_	linguistic	_	none	_	Begin=632.767|End=633.005	_	_	_	_
343-0	TO071	343	343	0	no?	no	_	_	_	_	_	linguistic	_	none	Intonation=Rising	Begin=633.005|End=633.197	_	_	_	_
344-0	TO071	344	344	0	e:hm	ehm	_	_	_	_	_	linguistic	_	none	_	Begin=634.017|End=634.634	0x1	_	_	_
345-0	TO071	345	345	0	torino?	torino	_	_	_	_	_	linguistic	_	none	Intonation=Rising	Begin=636.055|End=636.873	_	_	_	_
346-0	TO071	346	346	0	un	un	_	_	_	_	_	linguistic	_	none	_	Begin=637.985	_	_	_	_
346-1	TO071	346	346	1	po'	po'	_	_	_	_	_	linguistic	_	none	_	_	_	_	_	_
346-2	TO071	346	346	2	come	come	_	_	_	_	_	linguistic	_	none	_	_	_	_	_	_
346-3	TO071	346	346	3	matera	matera	_	_	_	_	_	linguistic	_	none	_	_	_	_	_	_
346-4	TO071	346	346	4	ma	ma	_	_	_	_	_	linguistic	_	none	_	_	_	_	_	_
346-5	TO071	346	346	5	per	per	_	_	_	_	_	linguistic	_	none	_	_	_	_	_	_
346-6	TO071	346	346	6	altre	altre	_	_	_	_	_	linguistic	_	none	_	_	_	_	_	_
346-7	TO071	346	346	7	ragioni,	ragioni	_	_	_	_	_	linguistic	_	none	Intonation=WeaklyRising	_	_	_	_	_
346-8	TO071	346	346	8	è	è	_	_	_	_	_	linguistic	_	none	_	_	_	_	_	_
346-9	TO071	346	346	9	un	un	_	_	_	_	_	linguistic	_	none	_	_	_	_	_	_
346-10	TO071	346	346	10	po'	po'	_	_	_	_	_	linguistic	_	none	_	_	_	_	_	_
346-11	TO071	346	346	11	amata	amata	_	_	_	_	_	linguistic	_	none	_	_	_	_	_	_
346-12	TO071	346	346	12	e	e	_	_	_	_	_	linguistic	_	none	_	_	_	_	_	_
346-13	TO071	346	346	13	odiata	odiata	_	_	_	_	_	linguistic	_	none	_	_	_	_	_	_
346-14	TO071	346	346	14	da	da	_	_	_	_	_	linguistic	_	none	_	_	_	_	_	_
346-15	TO071	346	346	15	chi	chi	_	_	_	_	_	linguistic	_	none	_	_	_	_	_	_
346-16	TO071	346	346	16	ci	ci	_	_	_	_	_	linguistic	_	none	_	_	_	_	_	_
346-17	TO071	346	346	17	va	va	_	_	_	_	_	linguistic	_	none	_	_	_	_	_	_
346-18	TO071	346	346	18	a	a	_	_	_	_	_	linguistic	_	none	_	_	_	_	_	_
346-19	TO071	346	346	19	vivere	vivere	_	_	_	_	_	linguistic	_	none	_	_	_	_	_	_
346-20	TO071	346	346	20	no?	no	_	_	_	_	_	linguistic	_	none	Intonation=Rising	End=643.219	_	_	_	_
347-0	TO071	347	347	0	non	non	_	_	_	_	_	linguistic	_	none	_	Begin=643.818	_	_	_	_
347-1	TO071	347	347	1	c'	c'	_	_	_	_	_	linguistic	_	none	SpaceAfter=No	_	_	_	_	_
347-2	TO071	347	347	2	è	è	_	_	_	_	_	linguistic	_	none	_	_	_	_	_	_
347-3	TO071	347	347	3	un	un	_	_	_	_	_	linguistic	_	none	_	_	_	_	_	_
347-4	TO071	347	347	4	sentimento:,	sentimento	_	_	_	_	_	linguistic	_	none	Intonation=WeaklyRising	End=645.405	9x1	_	_	_
348-0	TO071	348	348	0	neutro	neutro	_	_	_	_	_	linguistic	_	none	PauseAfter=Yes	Begin=645.663	_	_	_	_
348-1	TO071	348	348	1	{P}	{P}	_	_	_	_	_	shortpause	_	none	_	_	_	_	_	_
348-2	TO071	348	348	2	nei	nei	_	_	_	_	_	linguistic	_	none	_	_	_	_	_	_
348-3	TO071	348	348	3	con[fro]nti	confronti	_	_	_	_	_	linguistic	_	none	_	_	_	_	_	3-6(56)
348-4	TO071	348	348	4	di	di	_	_	_	_	_	linguistic	_	none	_	_	_	_	_	_
348-5	TO071	348	348	5	torino,	torino	_	_	_	_	_	linguistic	_	none	Intonation=WeaklyRising	End=647.554	_	_	_	_
349-0	TO080	349	349	0	[sì]	sì	_	_	_	_	_	linguistic	_	none	_	Begin=646.688|End=646.919	_	_	_	0-2(56)
350-0	TO071	350	350	0	il	il	_	_	_	_	_	linguistic	_	none	_	Begin=647.807	_	_	_	_
350-1	TO071	350	350	1	tuo	tuo	_	_	_	_	_	linguistic	_	none	_	_	_	_	_	_
350-2	TO071	350	350	2	qual	qual	_	_	_	_	_	linguistic	_	none	_	_	_	_	_	_
350-3	TO071	350	350	3	è?	è	_	_	_	_	_	linguistic	_	none	Intonation=Rising	End=648.433	_	_	_	_
351-0	TO080	351	351	0	ma,	ma	_	_	_	_	_	linguistic	_	none	Intonation=WeaklyRising	Begin=649.825|End=650.24	_	_	_	_
352-0	TO080	352	352	0	a	a	_	_	_	_	_	linguistic	_	none	_	Begin=650.36	_	_	_	_
352-1	TO080	352	352	1	volte	volte	_	_	_	_	_	linguistic	_	none	_	_	_	_	_	_
352-2	TO080	352	352	2	la	la	_	_	_	_	_	linguistic	_	none	_	_	_	_	_	_
352-3	TO080	352	352	3	amo	amo	_	_	_	_	_	linguistic	_	none	_	_	_	_	_	_
352-4	TO080	352	352	4	a	a	_	_	_	_	_	linguistic	_	none	_	_	_	_	_	_
352-5	TO080	352	352	5	volte	volte	_	_	_	_	_	linguistic	_	none	_	_	_	_	_	_
352-6	TO080	352	352	6	[la	la	_	_	_	_	_	linguistic	_	none	_	_	_	_	_	0-2(57)
352-7	TO080	352	352	7	odio]	odio	_	_	_	_	_	linguistic	_	none	_	_	_	_	_	0-4(57)
352-8	TO080	352	352	8	a	a	_	_	_	_	_	linguistic	_	none	_	_	_	_	_	_
352-9	TO080	352	352	9	dir	dir	_	_	_	_	_	linguistic	_	none	_	_	_	_	_	_
352-10	TO080	352	352	10	la	la	_	_	_	_	_	linguistic	_	none	_	_	_	_	_	_
352-11	TO080	352	352	11	verità,	verità	_	_	_	_	_	linguistic	_	none	Intonation=WeaklyRising	End=652.683	_	_	_	_
353-0	TO071	353	353	0	[ecco]	ecco	_	_	_	_	_	linguistic	_	none	_	Begin=651.537|End=651.994	_	_	_	0-4(57)
354-0	TO080	354	354	0	perché:,	perché	_	_	_	_	_	linguistic	_	none	Intonation=WeaklyRising	Begin=652.735|End=653.336	5x1	_	_	_
355-0	TO080	355	355	0	e::h	eh	_	_	_	_	_	linguistic	_	none	_	Begin=653.355|End=653.862	0x2	_	_	_
356-0	TO080	356	356	0	io	io	_	_	_	_	_	linguistic	_	none	_	Begin=654.062	_	_	_	_
356-1	TO080	356	356	1	sono	sono	_	_	_	_	_	linguistic	_	none	PauseAfter=Yes	_	_	_	_	_
356-2	TO080	356	356	2	{P}	{P}	_	_	_	_	_	shortpause	_	none	_	_	_	_	_	_
356-3	TO080	356	356	3	abituata	abituata	_	_	_	_	_	linguistic	_	none	PauseAfter=Yes	_	_	_	_	_
356-4	TO080	356	356	4	{P}	{P}	_	_	_	_	_	shortpause	_	none	_	_	_	_	_	_
356-5	TO080	356	356	5	ad	ad	_	_	_	_	_	linguistic	_	none	_	_	_	_	_	_
356-6	TO080	356	356	6	altre	altre	_	_	_	_	_	linguistic	_	none	_	_	_	_	_	_
356-7	TO080	356	356	7	tempistiche,	tempistiche	_	_	_	_	_	linguistic	_	none	Intonation=WeaklyRising	End=656.83	_	_	_	_
357-0	TO071	357	357	0	certo,	certo	_	_	_	_	_	linguistic	_	none	Intonation=WeaklyRising	Begin=656.83|End=657.341	_	_	_	_
358-0	TO080	358	358	0	diciamo	diciamo	_	_	_	_	_	linguistic	_	none	_	Begin=657.341|End=658.01	_	_	_	_
359-0	TO080	359	359	0	e::h	eh	_	_	_	_	_	linguistic	_	none	_	Begin=658.398	0x2	_	_	_
359-1	TO080	359	359	1	e	e	_	_	_	_	_	linguistic	_	none	_	_	_	_	_	_
359-2	TO080	359	359	2	quindi:	quindi	_	_	_	_	_	linguistic	_	none	_	End=660.06	5x1	_	_	_
360-0	TO080	360	360	0	passare	passare	_	_	_	_	_	linguistic	_	none	_	Begin=660.405	_	_	_	_
360-1	TO080	360	360	1	da	da	_	_	_	_	_	linguistic	_	none	_	_	_	_	_	_
360-2	TO080	360	360	2	una	una	_	_	_	_	_	linguistic	_	none	_	_	_	_	_	_
360-3	TO080	360	360	3	cittadina	cittadina	_	_	_	_	_	linguistic	_	none	_	_	_	_	_	_
360-4	TO080	360	360	4	a	a	_	_	_	_	_	linguistic	_	none	_	_	_	_	_	_
360-5	TO080	360	360	5	una	una	_	_	_	_	_	linguistic	_	none	_	_	_	_	_	_
360-6	TO080	360	360	6	città	città	_	_	_	_	_	linguistic	_	none	_	_	_	_	_	_
360-7	TO080	360	360	7	così	così	_	_	_	_	_	linguistic	_	none	_	_	_	_	_	_
360-8	TO080	360	360	8	grande::,	grande	_	_	_	_	_	linguistic	_	none	Intonation=WeaklyRising	End=664.262	5x2	_	_	_
361-0	TO080	361	361	0	per	per	_	_	_	_	_	linguistic	_	none	_	Begin=664.43	_	_	_	_
361-1	TO080	361	361	1	me	me	_	_	_	_	_	linguistic	_	none	_	_	_	_	_	_
361-2	TO080	361	361	2	è	è	_	_	_	_	_	linguistic	_	none	_	_	_	_	_	_
361-3	TO080	361	361	3	stato	stato	_	_	_	_	_	linguistic	_	none	_	_	_	_	_	_
361-4	TO080	361	361	4	non	non	_	_	_	_	_	linguistic	_	none	_	_	_	_	_	_
361-5	TO080	361	361	5	dico	dico	_	_	_	_	_	linguistic	_	none	_	_	_	_	_	_
361-6	TO080	361	361	6	uno	uno	_	_	_	_	_	linguistic	_	none	_	_	_	_	_	_
361-7	TO080	361	361	7	shock	shock	_	_	_	_	_	linguistic	_	none	_	_	_	_	_	_
361-8	TO080	361	361	8	però	però	_	_	_	_	_	linguistic	_	none	_	_	_	_	_	_
361-9	TO080	361	361	9	quasi.	quasi	_	_	_	_	_	linguistic	_	none	Intonation=Falling	End=666.847	_	_	_	_
362-0	TO080	362	362	0	e::	e	_	_	_	_	_	linguistic	_	none	_	Begin=667.416	0x2	_	_	_
362-1	TO080	362	362	1	abituarmi	abituarmi	_	_	_	_	_	linguistic	_	none	_	_	_	_	_	_
362-2	TO080	362	362	2	anche	anche	_	_	_	_	_	linguistic	_	none	_	_	_	_	_	_
362-3	TO080	362	362	3	ai	ai	_	_	_	_	_	linguistic	_	none	_	_	_	_	_	_
362-4	TO080	362	362	4	rumori,	rumori	_	_	_	_	_	linguistic	_	none	Intonation=WeaklyRising	End=669.613	_	_	_	_
363-0	TO080	363	363	0	perché	perché	_	_	_	_	_	linguistic	_	none	_	Begin=670.172	_	_	_	_
363-1	TO080	363	363	1	par~	par~	_	_	_	_	_	linguistic	_	none	Interrupted=Yes	End=670.905	_	_	_	_
364-0	TO080	364	364	0	{ride}	{ride}	_	_	_	_	_	nonverbalbehavior	_	none	_	Begin=671.495|End=671.935	_	_	_	_
365-0	TO071	365	365	0	(la)scia	lascia	_	_	_	_	_	linguistic	_	none	_	Begin=671.954	_	_	0-2(0)	_
365-1	TO071	365	365	1	perdere	perdere	_	_	_	_	_	linguistic	_	none	_	End=672.681	_	_	_	_
366-0	TO080	366	366	0	perché	perché	_	_	_	_	_	linguistic	_	none	_	Begin=672.681	_	_	_	_
366-1	TO080	366	366	1	anche	anche	_	_	_	_	_	linguistic	_	none	_	_	_	_	_	_
366-2	TO080	366	366	2	il	il	_	_	_	_	_	linguistic	_	none	_	_	_	_	_	_
366-3	TO080	366	366	3	fatto	fatto	_	_	_	_	_	linguistic	_	none	_	_	_	_	_	_
366-4	TO080	366	366	4	di	di	_	_	_	_	_	linguistic	_	none	_	_	_	_	_	_
366-5	TO080	366	366	5	vivere	vivere	_	_	_	_	_	linguistic	_	none	_	_	_	_	_	_
366-6	TO080	366	366	6	in	in	_	_	_	_	_	linguistic	_	none	_	_	_	_	_	_
366-7	TO080	366	366	7	una	una	_	_	_	_	_	linguistic	_	none	_	_	_	_	_	_
366-8	TO080	366	366	8	villetta,	villetta	_	_	_	_	_	linguistic	_	none	Intonation=WeaklyRising	End=674.974	_	_	_	_
367-0	TO071	367	367	0	mhmh	mhmh	_	_	_	_	_	linguistic	_	none	_	Begin=674.977|End=675.263	_	_	_	_
368-0	TO080	368	368	0	sei	sei	_	_	_	_	_	linguistic	_	none	_	Begin=675.736	_	_	_	_
368-1	TO080	368	368	1	isol~	isol~	_	_	_	_	_	linguistic	_	none	Interrupted=Yes|PauseAfter=Yes	_	_	_	_	_
368-2	TO080	368	368	2	{P}	{P}	_	_	_	_	_	shortpause	_	none	_	_	_	_	_	_
368-3	TO080	368	368	3	isolato	isolato	_	_	_	_	_	linguistic	_	none	_	_	_	_	_	_
368-4	TO080	368	368	4	relativamente	relativamente	_	_	_	_	_	linguistic	_	none	_	End=677.719	_	_	_	_
369-0	TO080	369	369	0	e	e	_	_	_	_	_	linguistic	_	none	_	Begin=678.168	_	_	_	_
369-1	TO080	369	369	1	invece	invece	_	_	_	_	_	linguistic	_	none	_	_	_	_	_	_
369-2	TO080	369	369	2	in	in	_	_	_	_	_	linguistic	_	none	_	_	_	_	_	_
369-3	TO080	369	369	3	appartamento	appartamento	_	_	_	_	_	linguistic	_	none	_	_	_	_	_	_
369-4	TO080	369	369	4	no,	no	_	_	_	_	_	linguistic	_	none	Intonation=WeaklyRising	End=679.514	_	_	_	_
370-0	TO080	370	370	0	poi	poi	_	_	_	_	_	linguistic	_	none	_	Begin=679.904	_	_	_	_
370-1	TO080	370	370	1	un:::	un	_	_	_	_	_	linguistic	_	none	_	End=681.057	1x3	_	_	_
371-0	TO080	371	371	0	in	in	_	_	_	_	_	linguistic	_	none	_	Begin=681.509	_	_	_	_
371-1	TO080	371	371	1	una	una	_	_	_	_	_	linguistic	_	none	_	_	_	_	_	_
371-2	TO080	371	371	2	zona	zona	_	_	_	_	_	linguistic	_	none	_	_	_	_	_	_
371-3	TO080	371	371	3	molto	molto	_	_	_	_	_	linguistic	_	none	_	_	_	_	_	_
371-4	TO080	371	371	4	trafficata	trafficata	_	_	_	_	_	linguistic	_	none	_	_	_	_	_	_
371-5	TO080	371	371	5	anche	anche	_	_	_	_	_	linguistic	_	none	_	_	_	_	_	_
371-6	TO080	371	371	6	la	la	_	_	_	_	_	linguistic	_	none	_	_	_	_	_	_
371-7	TO080	371	371	7	sera,	sera	_	_	_	_	_	linguistic	_	none	Intonation=WeaklyRising	End=684.68	_	_	_	_
372-0	TO080	372	372	0	anche	anche	_	_	_	_	_	linguistic	_	none	_	Begin=684.75	_	_	_	_
372-1	TO080	372	372	1	di	di	_	_	_	_	_	linguistic	_	none	_	_	_	_	_	_
372-2	TO080	372	372	2	notte,	notte	_	_	_	_	_	linguistic	_	none	Intonation=WeaklyRising	_	_	_	_	_
372-3	TO080	372	372	3	sento::	sento	_	_	_	_	_	linguistic	_	none	_	_	4x2	_	_	_
372-4	TO080	372	372	4	i	i	_	_	_	_	_	linguistic	_	none	_	_	_	_	_	_
372-5	TO080	372	372	5	clacson	clacson	_	_	_	_	_	linguistic	_	none	_	_	_	_	_	_
372-6	TO080	372	372	6	alle	alle	_	_	_	_	_	linguistic	_	none	_	_	_	_	_	_
372-7	TO080	372	372	7	tre	tre	_	_	_	_	_	linguistic	_	none	_	_	_	_	_	_
372-8	TO080	372	372	8	di	di	_	_	_	_	_	linguistic	_	none	_	_	_	_	_	_
372-9	TO080	372	372	9	notte,	notte	_	_	_	_	_	linguistic	_	none	Intonation=WeaklyRising	End=688.402	_	_	_	_
373-0	TO080	373	373	0	poi	poi	_	_	_	_	_	linguistic	_	none	_	Begin=688.749	_	_	_	_
373-1	TO080	373	373	1	qua	qua	_	_	_	_	_	linguistic	_	none	_	_	_	_	_	_
373-2	TO080	373	373	2	esagerano	esagerano	_	_	_	_	_	linguistic	_	none	_	_	_	_	_	_
373-3	TO080	373	373	3	coi	coi	_	_	_	_	_	linguistic	_	none	_	_	_	_	_	_
373-4	TO080	373	373	4	clacson	clacson	_	_	_	_	_	linguistic	_	none	_	_	_	_	_	_
373-5	TO080	373	373	5	quindi,	quindi	_	_	_	_	_	linguistic	_	none	Intonation=WeaklyRising	End=690.722	_	_	_	_
374-0	TO080	374	374	0	e::	e	_	_	_	_	_	linguistic	_	none	_	Begin=691.742	0x2	_	_	_
374-1	TO080	374	374	1	però	però	_	_	_	_	_	linguistic	_	none	_	_	_	_	_	_
374-2	TO080	374	374	2	è	è	_	_	_	_	_	linguistic	_	none	_	_	_	_	_	_
374-3	TO080	374	374	3	bella,	bella	_	_	_	_	_	linguistic	_	none	Intonation=WeaklyRising	End=693.257	_	_	_	_
375-0	TO071	375	375	0	ti	ti	_	_	_	_	_	linguistic	_	none	_	Begin=694.567	_	_	_	_
375-1	TO071	375	375	1	capisco	capisco	_	_	_	_	_	linguistic	_	none	_	_	_	_	_	_
375-2	TO071	375	375	2	benissimo	benissimo	_	_	_	_	_	linguistic	_	none	_	_	_	_	_	_
375-3	TO071	375	375	3	perché	perché	_	_	_	_	_	linguistic	_	none	_	_	_	_	_	_
375-4	TO071	375	375	4	io	io	_	_	_	_	_	linguistic	_	none	PauseAfter=Yes	_	_	_	_	_
375-5	TO071	375	375	5	{P}	{P}	_	_	_	_	_	shortpause	_	none	_	_	_	_	_	_
375-6	TO071	375	375	6	arrivo	arrivo	_	_	_	_	_	linguistic	_	none	_	_	_	_	_	_
375-7	TO071	375	375	7	da	da	_	_	_	_	_	linguistic	_	none	_	_	_	_	_	_
375-8	TO071	375	375	8	un	un	_	_	_	_	_	linguistic	_	none	_	_	_	_	_	_
375-9	TO071	375	375	9	paese	paese	_	_	_	_	_	linguistic	_	none	_	_	_	_	_	_
375-10	TO071	375	375	10	che::,	che	_	_	_	_	_	linguistic	_	none	Intonation=WeaklyRising	End=697.802	2x2	_	_	_
376-0	TO071	376	376	0	come	come	_	_	_	_	_	linguistic	_	none	_	Begin=697.971	_	_	_	_
376-1	TO071	376	376	1	dire	dire	_	_	_	_	_	linguistic	_	none	_	_	_	_	_	_
376-2	TO071	376	376	2	è	è	_	_	_	_	_	linguistic	_	none	_	_	_	_	_	_
376-3	TO071	376	376	3	un	un	_	_	_	_	_	linguistic	_	none	_	_	_	_	_	_
376-4	TO071	376	376	4	paese	paese	_	_	_	_	_	linguistic	_	none	_	_	_	_	_	_
376-5	TO071	376	376	5	anche	anche	_	_	_	_	_	linguistic	_	none	_	_	_	_	_	_
376-6	TO071	376	376	6	rispetto	rispetto	_	_	_	_	_	linguistic	_	none	_	_	_	_	_	_
376-7	TO071	376	376	7	a	a	_	_	_	_	_	linguistic	_	none	_	_	_	_	_	_
376-8	TO071	376	376	8	@nomepaese	@nomepaese	_	_	_	_	_	anonymized	_	none	_	_	_	_	_	_
376-9	TO071	376	376	9	fa	fa	_	_	_	_	_	linguistic	_	none	_	_	_	_	_	_
376-10	TO071	376	376	10	settecento	settecento	_	_	_	_	_	linguistic	_	none	_	_	_	_	_	_
376-11	TO071	376	376	11	abitan[ti	abitanti	_	_	_	_	_	linguistic	_	none	_	_	_	_	_	6-8(58)
376-12	TO071	376	376	12	il	il	_	_	_	_	_	linguistic	_	none	_	_	_	_	_	0-2(58)
376-13	TO071	376	376	13	mio	mio	_	_	_	_	_	linguistic	_	none	_	_	_	_	_	0-3(58)
376-14	TO071	376	376	14	pae]se,	paese	_	_	_	_	_	linguistic	_	none	Intonation=WeaklyRising	End=701.375	_	_	_	0-3(58)
377-0	TO080	377	377	0	[eh	eh	_	_	_	_	_	linguistic	_	none	_	Begin=700.619	_	_	_	0-2(58)
377-1	TO080	377	377	1	sì]	sì	_	_	_	_	_	linguistic	_	none	_	End=701.201	_	_	_	0-2(58)
378-0	TO080	378	378	0	molto	molto	_	_	_	_	_	linguistic	_	none	_	Begin=701.359	_	_	_	_
378-1	TO080	378	378	1	più	più	_	_	_	_	_	linguistic	_	none	_	_	_	_	_	_
378-2	TO080	378	378	2	pic[colo]	piccolo	_	_	_	_	_	linguistic	_	none	_	End=702.13	_	_	_	3-7(60)
379-0	TO071	379	379	0	[(anch)'	anch'	_	_	_	_	_	linguistic	_	none	SpaceAfter=No	Begin=701.768	_	_	0-4(0)	0-5(60)
379-1	TO071	379	379	1	io]	io	_	_	_	_	_	linguistic	_	none	_	_	_	_	_	0-2(60)
379-2	TO071	379	379	2	casetta	casetta	_	_	_	_	_	linguistic	_	none	_	_	_	_	_	_
379-3	TO071	379	379	3	isolata	isolata	_	_	_	_	_	linguistic	_	none	_	_	_	_	_	_
379-4	TO071	379	379	4	ec[cetera	eccetera	_	_	_	_	_	linguistic	_	none	_	_	_	_	_	1-8(61)
379-5	TO071	379	379	5	ecc]etera	eccetera	_	_	_	_	_	linguistic	_	none	_	_	_	_	_	0-3(61)
379-6	TO071	379	379	6	sono	sono	_	_	_	_	_	linguistic	_	none	_	_	_	_	_	_
379-7	TO071	379	379	7	venuto	venuto	_	_	_	_	_	linguistic	_	none	_	_	_	_	_	_
379-8	TO071	379	379	8	qui	qui	_	_	_	_	_	linguistic	_	none	_	_	_	_	_	_
379-9	TO071	379	379	9	non	non	_	_	_	_	_	linguistic	_	none	_	_	_	_	_	_
379-10	TO071	379	379	10	ho	ho	_	_	_	_	_	linguistic	_	none	_	_	_	_	_	_
379-11	TO071	379	379	11	dormito	dormito	_	_	_	_	_	linguistic	_	none	_	_	_	_	_	_
379-12	TO071	379	379	12	per	per	_	_	_	_	_	linguistic	_	none	_	_	_	_	_	_
379-13	TO071	379	379	13	due	due	_	_	_	_	_	linguistic	_	none	_	_	_	_	_	_
379-14	TO071	379	379	14	mesi.	mesi	_	_	_	_	_	linguistic	_	none	Intonation=Falling	End=705.241	_	_	_	_
380-0	TO080	380	380	0	[e:h]	eh	_	_	_	_	_	linguistic	_	none	_	Begin=703.085|End=703.405	0x1	_	_	0-2(61)
381-0	TO071	381	381	0	poi	poi	_	_	_	_	_	linguistic	_	none	_	Begin=705.802	_	_	_	_
381-1	TO071	381	381	1	ti	ti	_	_	_	_	_	linguistic	_	none	_	_	_	_	_	_
381-2	TO071	381	381	2	a	a	_	_	_	_	_	linguistic	_	none	ProsodicLink=Yes	_	_	_	_	_
381-3	TO071	381	381	3	bitui	bitui	_	_	_	_	_	linguistic	_	none	_	End=707.16	_	_	_	_
382-0	TO071	382	382	0	ti	ti	_	_	_	_	_	linguistic	_	none	_	Begin=707.288	_	_	_	_
382-1	TO071	382	382	1	de[vi	devi	_	_	_	_	_	linguistic	_	none	_	_	_	_	_	2-4(62)
382-2	TO071	382	382	2	abi]tuare	abituare	_	_	_	_	_	linguistic	_	none	_	End=708.174	_	_	_	0-3(62)
383-0	TO080	383	383	0	[sì	sì	_	_	_	_	_	linguistic	_	none	_	Begin=707.397	_	_	_	0-2(62)
383-1	TO080	383	383	1	sì]	sì	_	_	_	_	_	linguistic	_	none	_	End=707.686	_	_	_	0-2(62)
384-0	TO071	384	384	0	e:hm	ehm	_	_	_	_	_	linguistic	_	none	_	Begin=709.03|End=710.132	0x1	_	_	_
385-0	TO071	385	385	0	che	che	_	_	_	_	_	linguistic	_	none	_	Begin=711.153	_	_	_	_
385-1	TO071	385	385	1	ti	ti	_	_	_	_	_	linguistic	_	none	_	_	_	_	_	_
385-2	TO071	385	385	2	piace	piace	_	_	_	_	_	linguistic	_	none	_	_	_	_	_	_
385-3	TO071	385	385	3	di	di	_	_	_	_	_	linguistic	_	none	_	_	_	_	_	_
385-4	TO071	385	385	4	torino?	torino	_	_	_	_	_	linguistic	_	none	Intonation=Rising	End=712.36	_	_	_	_
386-0	TO071	386	386	0	fondamentalmente	fondamentalmente	_	_	_	_	_	linguistic	_	none	_	Begin=712.865|End=713.504	_	_	_	_
387-0	TO071	387	387	0	mole	mole	_	_	_	_	_	linguistic	_	none	_	Begin=714.523	_	_	_	_
387-1	TO071	387	387	1	esclusa	esclusa	_	_	_	_	_	linguistic	_	none	_	_	_	_	_	_
387-2	TO071	387	387	2	perché	perché	_	_	_	_	_	linguistic	_	none	_	_	_	_	_	_
387-3	TO071	387	387	3	la	la	_	_	_	_	_	linguistic	_	none	_	_	_	_	_	_
387-4	TO071	387	387	4	mole	mole	_	_	_	_	_	linguistic	_	none	_	_	_	_	_	_
387-5	TO071	387	387	5	non	non	_	_	_	_	_	linguistic	_	none	_	_	_	_	_	_
387-6	TO071	387	387	6	mh	mh	_	_	_	_	_	linguistic	_	none	_	_	_	_	_	_
387-7	TO071	387	387	7	non	non	_	_	_	_	_	linguistic	_	none	_	End=716.578	_	_	_	_
388-0	TO080	388	388	0	non	non	_	_	_	_	_	linguistic	_	none	_	Begin=716.583	_	_	_	_
388-1	TO080	388	388	1	conta	conta	_	_	_	_	_	linguistic	_	none	_	End=717.405	_	_	_	_
389-0	TO071	389	389	0	esatto	esatto	_	_	_	_	_	linguistic	_	none	_	Begin=717.405|End=718.01	_	_	_	_
390-0	TO080	390	390	0	allora	allora	_	_	_	_	_	linguistic	_	none	_	Begin=718.257	_	_	_	_
390-1	TO080	390	390	1	mi	mi	_	_	_	_	_	linguistic	_	none	_	_	_	_	_	_
390-2	TO080	390	390	2	piace,	piace	_	_	_	_	_	linguistic	_	none	Intonation=WeaklyRising	End=719.214	_	_	_	_
391-0	TO080	391	391	0	che::	che	_	_	_	_	_	linguistic	_	none	_	Begin=719.753|End=720.728	2x2	_	_	_
392-0	TO080	392	392	0	ci	ci	_	_	_	_	_	linguistic	_	none	_	Begin=720.772	_	_	_	_
392-1	TO080	392	392	1	si	si	_	_	_	_	_	linguistic	_	none	_	_	_	_	_	_
392-2	TO080	392	392	2	s~	s~	_	_	_	_	_	linguistic	_	none	Interrupted=Yes|PauseAfter=Yes	_	_	_	_	_
392-3	TO080	392	392	3	{P}	{P}	_	_	_	_	_	shortpause	_	none	_	_	_	_	_	_
392-4	TO080	392	392	4	almeno	almeno	_	_	_	_	_	linguistic	_	none	_	_	_	_	_	_
392-5	TO080	392	392	5	nel	nel	_	_	_	_	_	linguistic	_	none	_	_	_	_	_	_
392-6	TO080	392	392	6	centro	centro	_	_	_	_	_	linguistic	_	none	_	_	_	_	_	_
392-7	TO080	392	392	7	ci	ci	_	_	_	_	_	linguistic	_	none	_	_	_	_	_	_
392-8	TO080	392	392	8	si	si	_	_	_	_	_	linguistic	_	none	_	_	_	_	_	_
392-9	TO080	392	392	9	possa	possa	_	_	_	_	_	linguistic	_	none	_	_	_	_	_	_
392-10	TO080	392	392	10	spostare	spostare	_	_	_	_	_	linguistic	_	none	_	_	_	_	_	_
392-11	TO080	392	392	11	a	a	_	_	_	_	_	linguistic	_	none	_	_	_	_	_	_
392-12	TO080	392	392	12	piedi,	piedi	_	_	_	_	_	linguistic	_	none	Intonation=WeaklyRising	End=724.045	_	_	_	_
393-0	TO080	393	393	0	[così]	così	_	_	_	_	_	linguistic	_	none	_	Begin=724.12	_	_	_	0-4(63)
393-1	TO080	393	393	1	facilmente,	facilmente	_	_	_	_	_	linguistic	_	none	Intonation=WeaklyRising	End=725.271	_	_	_	_
394-0	TO071	394	394	0	[bra~]	bra~	_	_	_	_	_	linguistic	_	none	Interrupted=Yes	Begin=724.125|End=724.452	_	_	_	0-4(63)
395-0	TO071	395	395	0	sì	sì	_	_	_	_	_	linguistic	_	none	_	Begin=725.271|End=725.455	_	_	_	_
396-0	TO080	396	396	0	e::	e	_	_	_	_	_	linguistic	_	none	_	Begin=726.205|End=727.426	0x2	_	_	_
397-0	TO080	397	397	0	io	io	_	_	_	_	_	linguistic	_	none	_	Begin=727.598	_	_	_	_
397-1	TO080	397	397	1	ho	ho	_	_	_	_	_	linguistic	_	none	_	_	_	_	_	_
397-2	TO080	397	397	2	scoperto	scoperto	_	_	_	_	_	linguistic	_	none	_	_	_	_	_	_
397-3	TO080	397	397	3	di	di	_	_	_	_	_	linguistic	_	none	_	_	_	_	_	_
397-4	TO080	397	397	4	fare	fare	_	_	_	_	_	linguistic	_	none	_	_	_	_	_	_
397-5	TO080	397	397	5	i	i	_	_	_	_	_	linguistic	_	none	_	_	_	_	_	_
397-6	TO080	397	397	6	chilometri	chilometri	_	_	_	_	_	linguistic	_	none	_	_	_	_	_	_
397-7	TO080	397	397	7	da	da	_	_	_	_	_	linguistic	_	none	_	_	_	_	_	_
397-8	TO080	397	397	8	quando	quando	_	_	_	_	_	linguistic	_	none	_	_	_	_	_	_
397-9	TO080	397	397	9	mi	mi	_	_	_	_	_	linguistic	_	none	_	_	_	_	_	_
397-10	TO080	397	397	10	sono	sono	_	_	_	_	_	linguistic	_	none	_	_	_	_	_	_
397-11	TO080	397	397	11	trasferita,	trasferita	_	_	_	_	_	linguistic	_	none	Intonation=WeaklyRising	End=730.642	_	_	_	_
398-0	TO080	398	398	0	e:h	eh	_	_	_	_	_	linguistic	_	none	_	Begin=730.995	0x1	_	_	_
398-1	TO080	398	398	1	cosa	cosa	_	_	_	_	_	linguistic	_	none	_	_	_	_	_	_
398-2	TO080	398	398	2	che	che	_	_	_	_	_	linguistic	_	none	_	_	_	_	_	_
398-3	TO080	398	398	3	anche	anche	_	_	_	_	_	linguistic	_	none	_	_	_	_	_	_
398-4	TO080	398	398	4	quando,	quando	_	_	_	_	_	linguistic	_	none	Intonation=WeaklyRising	End=732.542	_	_	_	_
399-0	TO080	399	399	0	andavo	andavo	_	_	_	_	_	linguistic	_	none	_	Begin=732.692	_	_	_	_
399-1	TO080	399	399	1	a	a	_	_	_	_	_	linguistic	_	none	_	_	_	_	_	_
399-2	TO080	399	399	2	milano	milano	_	_	_	_	_	linguistic	_	none	_	_	_	_	_	_
399-3	TO080	399	399	3	non	non	_	_	_	_	_	linguistic	_	none	_	_	_	_	_	_
399-4	TO080	399	399	4	mi	mi	_	_	_	_	_	linguistic	_	none	_	_	_	_	_	_
399-5	TO080	399	399	5	capitava,	capitava	_	_	_	_	_	linguistic	_	none	Intonation=WeaklyRising	End=734.298	_	_	_	_
400-0	TO080	400	400	0	perché	perché	_	_	_	_	_	linguistic	_	none	_	Begin=734.372	_	_	_	_
400-1	TO080	400	400	1	se	se	_	_	_	_	_	linguistic	_	none	_	_	_	_	_	_
400-2	TO080	400	400	2	dovevo	dovevo	_	_	_	_	_	linguistic	_	none	_	_	_	_	_	_
400-3	TO080	400	400	3	spostarmi	spostarmi	_	_	_	_	_	linguistic	_	none	_	_	_	_	_	_
400-4	TO080	400	400	4	dal	dal	_	_	_	_	_	linguistic	_	none	_	_	_	_	_	_
400-5	TO080	400	400	5	centro,	centro	_	_	_	_	_	linguistic	_	none	Intonation=WeaklyRising	End=736.76	_	_	_	_
401-0	TO080	401	401	0	anche	anche	_	_	_	_	_	linguistic	_	none	_	Begin=736.856	_	_	_	_
401-1	TO080	401	401	1	un	un	_	_	_	_	_	linguistic	_	none	_	_	_	_	_	_
401-2	TO080	401	401	2	posto	posto	_	_	_	_	_	linguistic	_	none	_	_	_	_	_	_
401-3	TO080	401	401	3	vicino	vicino	_	_	_	_	_	linguistic	_	none	_	_	_	_	_	_
401-4	TO080	401	401	4	proprio	proprio	_	_	_	_	_	linguistic	_	none	_	_	_	_	_	_
401-5	TO080	401	401	5	a	a	_	_	_	_	_	linguistic	_	none	_	_	_	_	_	_
401-6	TO080	401	401	6	zona	zona	_	_	_	_	_	linguistic	_	none	_	_	_	_	_	_
401-7	TO080	401	401	7	duomo,	duomo	_	_	_	_	_	linguistic	_	none	Intonation=WeaklyRising	End=739.147	_	_	_	_
402-0	TO080	402	402	0	dovevo	dovevo	_	_	_	_	_	linguistic	_	none	_	Begin=739.575	_	_	_	_
402-1	TO080	402	402	1	prender	prender	_	_	_	_	_	linguistic	_	none	_	_	_	_	_	_
402-2	TO080	402	402	2	la	la	_	_	_	_	_	linguistic	_	none	_	_	_	_	_	_
402-3	TO080	402	402	3	metro	metro	_	_	_	_	_	linguistic	_	none	_	End=740.34	_	_	_	_
403-0	TO071	403	403	0	chiaro	chiaro	_	_	_	_	_	linguistic	_	none	_	Begin=740.34|End=740.701	_	_	_	_
404-0	TO080	404	404	0	perché	perché	_	_	_	_	_	linguistic	_	none	_	Begin=741.072	_	_	_	_
404-1	TO080	404	404	1	arrivarci	arrivarci	_	_	_	_	_	linguistic	_	none	_	_	_	_	_	_
404-2	TO080	404	404	2	a	a	_	_	_	_	_	linguistic	_	none	_	_	_	_	_	_
404-3	TO080	404	404	3	piedi	piedi	_	_	_	_	_	linguistic	_	none	_	_	_	_	_	_
404-4	TO080	404	404	4	vuol	vuol	_	_	_	_	_	linguistic	_	none	_	_	_	_	_	_
404-5	TO080	404	404	5	dire	dire	_	_	_	_	_	linguistic	_	none	PauseAfter=Yes	_	_	_	_	_
404-6	TO080	404	404	6	{P}	{P}	_	_	_	_	_	shortpause	_	none	_	_	_	_	_	_
404-7	TO080	404	404	7	voleva	voleva	_	_	_	_	_	linguistic	_	none	_	_	_	_	_	_
404-8	TO080	404	404	8	dire	dire	_	_	_	_	_	linguistic	_	none	_	_	_	_	_	_
404-9	TO080	404	404	9	passare	passare	_	_	_	_	_	linguistic	_	none	_	_	_	_	_	_
404-10	TO080	404	404	10	attraverso	attraverso	_	_	_	_	_	linguistic	_	none	_	_	_	_	_	_
404-11	TO080	404	404	11	a	a	_	_	_	_	_	linguistic	_	none	_	_	_	_	_	_
404-12	TO080	404	404	12	un	un	_	_	_	_	_	linguistic	_	none	_	_	_	_	_	_
404-13	TO080	404	404	13	traffico	traffico	_	_	_	_	_	linguistic	_	none	PauseAfter=Yes	_	_	_	_	_
404-14	TO080	404	404	14	{P}	{P}	_	_	_	_	_	shortpause	_	none	PauseAfter=Yes	_	_	_	_	_
404-15	TO080	404	404	15	{P}	{P}	_	_	_	_	_	shortpause	_	none	_	_	_	_	_	_
404-16	TO080	404	404	16	infernale,	infernale	_	_	_	_	_	linguistic	_	none	Intonation=WeaklyRising	End=745.342	_	_	_	_
405-0	TO080	405	405	0	e	e	_	_	_	_	_	linguistic	_	none	_	Begin=745.46	_	_	_	_
405-1	TO080	405	405	1	rischiare	rischiare	_	_	_	_	_	linguistic	_	none	_	_	_	_	_	_
405-2	TO080	405	405	2	di	di	_	_	_	_	_	linguistic	_	none	PauseAfter=Yes	_	_	_	_	_
405-3	TO080	405	405	3	{P}	{P}	_	_	_	_	_	shortpause	_	none	_	_	_	_	_	_
405-4	TO080	405	405	4	venire	venire	_	_	_	_	_	linguistic	_	none	_	_	_	_	_	_
405-5	TO080	405	405	5	investita	investita	_	_	_	_	_	linguistic	_	none	_	End=747.166	_	_	_	_
406-0	TO071	406	406	0	mhmh	mhmh	_	_	_	_	_	linguistic	_	none	_	Begin=747.205|End=747.492	_	_	_	_
407-0	TO080	407	407	0	praticamente	praticamente	_	_	_	_	_	linguistic	_	none	_	Begin=747.492|End=748.011	_	_	_	_
408-0	TO080	408	408	0	e	e	_	_	_	_	_	linguistic	_	none	_	Begin=748.885	_	_	_	_
408-1	TO080	408	408	1	invece	invece	_	_	_	_	_	linguistic	_	none	_	_	_	_	_	_
408-2	TO080	408	408	2	qui:	qui	_	_	_	_	_	linguistic	_	none	_	_	2x1	_	_	_
408-3	TO080	408	408	3	no	no	_	_	_	_	_	linguistic	_	none	_	End=750.524	_	_	_	_
409-0	TO071	409	409	0	e::hm	ehm	_	_	_	_	_	linguistic	_	none	_	Begin=751.701|End=752.026	0x2	_	_	_
410-0	TO071	410	410	0	mettendole	mettendole	_	_	_	_	_	linguistic	_	none	_	Begin=752.497	_	_	_	_
410-1	TO071	410	410	1	mh	mh	_	_	_	_	_	linguistic	_	none	_	_	_	_	_	_
410-2	TO071	410	410	2	cioèÁ	cioèá	_	_	_	_	_	linguistic	_	none	Volume=high	_	_	_	_	_
410-3	TO071	410	410	3	immagino	immagino	_	_	_	_	_	linguistic	_	none	_	_	_	_	_	_
410-4	TO071	410	410	4	che	che	_	_	_	_	_	linguistic	_	none	_	_	_	_	_	_
410-5	TO071	410	410	5	tu	tu	_	_	_	_	_	linguistic	_	none	_	_	_	_	_	_
410-6	TO071	410	410	6	abbia	abbia	_	_	_	_	_	linguistic	_	none	PauseAfter=Yes	_	_	_	_	_
410-7	TO071	410	410	7	{P}	{P}	_	_	_	_	_	shortpause	_	none	_	_	_	_	_	_
410-8	TO071	410	410	8	visitato	visitato	_	_	_	_	_	linguistic	_	none	_	_	_	_	_	_
410-9	TO071	410	410	9	tornino	tornino	_	_	_	_	_	linguistic	_	none	_	_	_	_	_	_
410-10	TO071	410	410	10	ehm	ehm	_	_	_	_	_	linguistic	_	none	_	_	_	_	_	_
410-11	TO071	410	410	11	milano	milano	_	_	_	_	_	linguistic	_	none	_	_	_	_	_	_
410-12	TO071	410	410	12	no	no	_	_	_	_	_	linguistic	_	none	_	_	_	_	_	_
410-13	TO071	410	410	13	più	più	_	_	_	_	_	linguistic	_	none	_	_	_	_	_	_
410-14	TO071	410	410	14	di	di	_	_	_	_	_	linguistic	_	none	_	_	_	_	_	_
410-15	TO071	410	410	15	una	una	_	_	_	_	_	linguistic	_	none	PauseAfter=Yes	_	_	_	_	_
410-16	TO071	410	410	16	{P}	{P}	_	_	_	_	_	shortpause	_	none	_	_	_	_	_	_
410-17	TO071	410	410	17	qualche	qualche	_	_	_	_	_	linguistic	_	none	_	_	_	_	_	_
410-18	TO071	410	410	18	volta	volta	_	_	_	_	_	linguistic	_	none	_	End=758.973	_	_	_	_
411-0	TO080	411	411	0	sì	sì	_	_	_	_	_	linguistic	_	none	_	Begin=759.229	_	_	_	_
411-1	TO080	411	411	1	non	non	_	_	_	_	_	linguistic	_	none	_	_	_	_	_	_
411-2	TO080	411	411	2	sono	sono	_	_	_	_	_	linguistic	_	none	_	_	_	_	_	_
411-3	TO080	411	411	3	un	un	_	_	_	_	_	linguistic	_	none	_	_	_	_	_	_
411-4	TO080	411	411	4	esperta	esperta	_	_	_	_	_	linguistic	_	none	_	_	_	_	_	_
411-5	TO080	411	411	5	perché	perché	_	_	_	_	_	linguistic	_	none	_	_	_	_	_	_
411-6	TO080	411	411	6	conosco	conosco	_	_	_	_	_	linguistic	_	none	_	_	_	_	_	_
411-7	TO080	411	411	7	proprio	proprio	_	_	_	_	_	linguistic	_	none	_	_	_	_	_	_
411-8	TO080	411	411	8	la	la	_	_	_	_	_	linguistic	_	none	_	_	_	_	_	_
411-9	TO080	411	411	9	zona	zona	_	_	_	_	_	linguistic	_	none	_	_	_	_	_	_
411-10	TO080	411	411	10	centrale,	centrale	_	_	_	_	_	linguistic	_	none	Intonation=WeaklyRising	End=763.073	_	_	_	_
412-0	TO071	412	412	0	okay	okay	_	_	_	_	_	linguistic	_	none	_	Begin=763.171	_	_	_	_
412-1	TO071	412	412	1	i	i	_	_	_	_	_	linguistic	_	none	_	_	_	_	_	_
412-2	TO071	412	412	2	due	due	_	_	_	_	_	linguistic	_	none	_	_	_	_	_	_
412-3	TO071	412	412	3	centri	centri	_	_	_	_	_	linguistic	_	none	_	_	_	_	_	_
412-4	TO071	412	412	4	delle	delle	_	_	_	_	_	linguistic	_	none	_	_	_	_	_	_
412-5	TO071	412	412	5	città	città	_	_	_	_	_	linguistic	_	none	_	_	_	_	_	_
412-6	TO071	412	412	6	se	se	_	_	_	_	_	linguistic	_	none	_	_	_	_	_	_
412-7	TO071	412	412	7	li	li	_	_	_	_	_	linguistic	_	none	_	_	_	_	_	_
412-8	TO071	412	412	8	dovessi	dovessi	_	_	_	_	_	linguistic	_	none	_	_	_	_	_	_
412-9	TO071	412	412	9	mettere:	mettere	_	_	_	_	_	linguistic	_	none	_	_	6x1	_	_	_
412-10	TO071	412	412	10	sui	sui	_	_	_	_	_	linguistic	_	none	_	_	_	_	_	_
412-11	TO071	412	412	11	piatti:	piatti	_	_	_	_	_	linguistic	_	none	_	_	5x1	_	_	_
412-12	TO071	412	412	12	di	di	_	_	_	_	_	linguistic	_	none	_	_	_	_	_	_
412-13	TO071	412	412	13	una	una	_	_	_	_	_	linguistic	_	none	_	_	_	_	_	_
412-14	TO071	412	412	14	stessa	stessa	_	_	_	_	_	linguistic	_	none	_	_	_	_	_	_
412-15	TO071	412	412	15	bilancia?	bilancia	_	_	_	_	_	linguistic	_	none	Intonation=Rising	End=768.239	_	_	_	_
413-0	TO080	413	413	0	e::hm	ehm	_	_	_	_	_	linguistic	_	none	_	Begin=768.239|End=769.206	0x2	_	_	_
414-0	TO080	414	414	0	cioè	cioè	_	_	_	_	_	linguistic	_	none	_	Begin=769.584	_	_	_	_
414-1	TO080	414	414	1	qua~	qua~	_	_	_	_	_	linguistic	_	none	Interrupted=Yes	_	_	_	_	_
414-2	TO080	414	414	2	quale	quale	_	_	_	_	_	linguistic	_	none	_	_	_	_	_	_
414-3	TO080	414	414	3	preferisco?	preferisco	_	_	_	_	_	linguistic	_	none	Intonation=Rising	End=771.244	_	_	_	_
415-0	TO071	415	415	0	mh	mh	_	_	_	_	_	linguistic	_	none	_	Begin=772.643	_	_	_	_
415-1	TO071	415	415	1	come	come	_	_	_	_	_	linguistic	_	none	_	_	_	_	_	_
415-2	TO071	415	415	2	dire	dire	_	_	_	_	_	linguistic	_	none	_	_	_	_	_	_
415-3	TO071	415	415	3	note	note	_	_	_	_	_	linguistic	_	none	_	_	_	_	_	_
415-4	TO071	415	415	4	tue	tue	_	_	_	_	_	linguistic	_	none	_	_	_	_	_	_
415-5	TO071	415	415	5	a	a	_	_	_	_	_	linguistic	_	none	_	_	_	_	_	_
415-6	TO071	415	415	6	riguardo	riguardo	_	_	_	_	_	linguistic	_	none	_	_	_	_	_	_
415-7	TO071	415	415	7	dei	dei	_	_	_	_	_	linguistic	_	none	_	_	_	_	_	_
415-8	TO071	415	415	8	due	due	_	_	_	_	_	linguistic	_	none	_	_	_	_	_	_
415-9	TO071	415	415	9	centri,	centri	_	_	_	_	_	linguistic	_	none	Intonation=WeaklyRising	End=775.55	_	_	_	_
416-0	TO080	416	416	0	son~	son~	_	_	_	_	_	linguistic	_	none	Interrupted=Yes	Begin=775.929	_	_	_	_
416-1	TO080	416	416	1	sono	sono	_	_	_	_	_	linguistic	_	none	_	_	_	_	_	_
416-2	TO080	416	416	2	dive[rsi],	diversi	_	_	_	_	_	linguistic	_	none	Intonation=WeaklyRising	End=777.219	_	_	_	4-7(64)
417-0	TO071	417	417	0	[sì]	sì	_	_	_	_	_	linguistic	_	none	_	Begin=776.859|End=777.193	_	_	_	0-2(64)
418-0	TO080	418	418	0	sono:,	sono	_	_	_	_	_	linguistic	_	none	Intonation=WeaklyRising	Begin=777.948|End=778.578	3x1	_	_	_
419-0	TO080	419	419	0	non	non	_	_	_	_	_	linguistic	_	none	_	Begin=779.651	_	_	_	_
419-1	TO080	419	419	1	lo	lo	_	_	_	_	_	linguistic	_	none	_	_	_	_	_	_
419-2	TO080	419	419	2	so	so	_	_	_	_	_	linguistic	_	none	_	_	_	_	_	_
419-3	TO080	419	419	3	anche	anche	_	_	_	_	_	linguistic	_	none	_	_	_	_	_	_
419-4	TO080	419	419	4	perché	perché	_	_	_	_	_	linguistic	_	none	_	_	_	_	_	_
419-5	TO080	419	419	5	io	io	_	_	_	_	_	linguistic	_	none	_	_	_	_	_	_
419-6	TO080	419	419	6	li	li	_	_	_	_	_	linguistic	_	none	_	_	_	_	_	_
419-7	TO080	419	419	7	collego	collego	_	_	_	_	_	linguistic	_	none	_	_	_	_	_	_
419-8	TO080	419	419	8	a:	a	_	_	_	_	_	linguistic	_	none	_	_	0x1	_	_	_
419-9	TO080	419	419	9	anche	anche	_	_	_	_	_	linguistic	_	none	_	_	_	_	_	_
419-10	TO080	419	419	10	a	a	_	_	_	_	_	linguistic	_	none	_	_	_	_	_	_
419-11	TO080	419	419	11	due	due	_	_	_	_	_	linguistic	_	none	_	_	_	_	_	_
419-12	TO080	419	419	12	momenti	momenti	_	_	_	_	_	linguistic	_	none	_	_	_	_	_	_
419-13	TO080	419	419	13	diver[sì],	diversì	_	_	_	_	_	linguistic	_	none	Intonation=WeaklyRising	End=783.654	_	_	_	5-7(65)
420-0	TO071	420	420	0	[chia]ro	chiaro	_	_	_	_	_	linguistic	_	none	_	Begin=783.471|End=783.948	_	_	_	0-4(65)
421-0	TO080	421	421	0	io:	io	_	_	_	_	_	linguistic	_	none	_	Begin=783.977|End=784.515	1x1	_	_	_
422-0	TO080	422	422	0	e:h	eh	_	_	_	_	_	linguistic	_	none	_	Begin=784.755	0x1	_	_	_
422-1	TO080	422	422	1	al	al	_	_	_	_	_	linguistic	_	none	_	_	_	_	_	_
422-2	TO080	422	422	2	liceo	liceo	_	_	_	_	_	linguistic	_	none	_	_	_	_	_	_
422-3	TO080	422	422	3	sono	sono	_	_	_	_	_	linguistic	_	none	_	_	_	_	_	_
422-4	TO080	422	422	4	andata	andata	_	_	_	_	_	linguistic	_	none	_	_	_	_	_	_
422-5	TO080	422	422	5	a	a	_	_	_	_	_	linguistic	_	none	_	_	_	_	_	_
422-6	TO080	422	422	6	milano	milano	_	_	_	_	_	linguistic	_	none	_	_	_	_	_	_
422-7	TO080	422	422	7	con	con	_	_	_	_	_	linguistic	_	none	_	_	_	_	_	_
422-8	TO080	422	422	8	le	le	_	_	_	_	_	linguistic	_	none	_	_	_	_	_	_
422-9	TO080	422	422	9	mie	mie	_	_	_	_	_	linguistic	_	none	_	_	_	_	_	_
422-10	TO080	422	422	10	amiche	amiche	_	_	_	_	_	linguistic	_	none	_	_	_	_	_	_
422-11	TO080	422	422	11	dopo	dopo	_	_	_	_	_	linguistic	_	none	_	_	_	_	_	_
422-12	TO080	422	422	12	scuola	scuola	_	_	_	_	_	linguistic	_	none	_	_	_	_	_	_
422-13	TO080	422	422	13	tantissime	tantissime	_	_	_	_	_	linguistic	_	none	_	_	_	_	_	_
422-14	TO080	422	422	14	volte.	volte	_	_	_	_	_	linguistic	_	none	Intonation=Falling	End=788.86	_	_	_	_
423-0	TO080	423	423	0	torino	torino	_	_	_	_	_	linguistic	_	none	_	Begin=789.977	_	_	_	_
423-1	TO080	423	423	1	me	me	_	_	_	_	_	linguistic	_	none	_	_	_	_	_	_
423-2	TO080	423	423	2	la	la	_	_	_	_	_	linguistic	_	none	_	_	_	_	_	_
423-3	TO080	423	423	3	sono	sono	_	_	_	_	_	linguistic	_	none	_	_	_	_	_	_
423-4	TO080	423	423	4	più	più	_	_	_	_	_	linguistic	_	none	_	_	_	_	_	_
423-5	TO080	423	423	5	vissuta	vissuta	_	_	_	_	_	linguistic	_	none	_	_	_	_	_	_
423-6	TO080	423	423	6	da	da	_	_	_	_	_	linguistic	_	none	_	_	_	_	_	_
423-7	TO080	423	423	7	sola.	sola	_	_	_	_	_	linguistic	_	none	Intonation=Falling	End=791.823	_	_	_	_
424-0	TO071	424	424	0	è	è	_	_	_	_	_	linguistic	_	none	_	Begin=792.798	_	_	_	_
424-1	TO071	424	424	1	più	più	_	_	_	_	_	linguistic	_	none	_	_	_	_	_	_
424-2	TO071	424	424	2	grande	grande	_	_	_	_	_	linguistic	_	none	_	_	_	_	_	_
424-3	TO071	424	424	3	chiaramente,	chiaramente	_	_	_	_	_	linguistic	_	none	Intonation=WeaklyRising	End=794.329	_	_	_	_
425-0	TO071	425	425	0	e::h	eh	_	_	_	_	_	linguistic	_	none	_	Begin=795.234	0x2	_	_	_
425-1	TO071	425	425	1	okay	okay	_	_	_	_	_	linguistic	_	none	_	_	_	_	_	_
425-2	TO071	425	425	2	perfetto.	perfetto	_	_	_	_	_	linguistic	_	none	Intonation=Falling	End=796.607	_	_	_	_
426-0	TO071	426	426	0	quindi	quindi	_	_	_	_	_	linguistic	_	none	_	Begin=797.61	_	_	_	_
426-1	TO071	426	426	1	come	come	_	_	_	_	_	linguistic	_	none	_	_	_	_	_	_
426-2	TO071	426	426	2	dire	dire	_	_	_	_	_	linguistic	_	none	_	End=798.469	_	_	_	_
427-0	TO071	427	427	0	non	non	_	_	_	_	_	linguistic	_	none	_	Begin=798.829	_	_	_	_
427-1	TO071	427	427	1	mi	mi	_	_	_	_	_	linguistic	_	none	_	_	_	_	_	_
427-2	TO071	427	427	2	pare	pare	_	_	_	_	_	linguistic	_	none	_	_	_	_	_	_
427-3	TO071	427	427	3	che	che	_	_	_	_	_	linguistic	_	none	_	_	_	_	_	_
427-4	TO071	427	427	4	tu	tu	_	_	_	_	_	linguistic	_	none	_	_	_	_	_	_
427-5	TO071	427	427	5	abbia	abbia	_	_	_	_	_	linguistic	_	none	_	_	_	_	_	_
427-6	TO071	427	427	6	una	una	_	_	_	_	_	linguistic	_	none	_	_	_	_	_	_
427-7	TO071	427	427	7	preferenza:	preferenza	_	_	_	_	_	linguistic	_	none	_	_	9x1	_	_	_
427-8	TO071	427	427	8	o	o	_	_	_	_	_	linguistic	_	none	_	_	_	_	_	_
427-9	TO071	427	427	9	ce	ce	_	_	_	_	_	linguistic	_	none	_	_	_	_	_	_
427-10	TO071	427	427	10	l'	l'	_	_	_	_	_	linguistic	_	none	SpaceAfter=No	_	_	_	_	_
427-11	TO071	427	427	11	hai?	hai	_	_	_	_	_	linguistic	_	none	Intonation=Rising	End=801.942	_	_	_	_
428-0	TO080	428	428	0	forse	forse	_	_	_	_	_	linguistic	_	none	_	Begin=802.397	_	_	_	_
428-1	TO080	428	428	1	torino	torino	_	_	_	_	_	linguistic	_	none	_	_	_	_	_	_
428-2	TO080	428	428	2	ma	ma	_	_	_	_	_	linguistic	_	none	PauseAfter=Yes	_	_	_	_	_
428-3	TO080	428	428	3	{P}	{P}	_	_	_	_	_	shortpause	_	none	_	_	_	_	_	_
428-4	TO080	428	428	4	proprio	proprio	_	_	_	_	_	linguistic	_	none	_	_	_	_	_	_
428-5	TO080	428	428	5	per	per	_	_	_	_	_	linguistic	_	none	_	_	_	_	_	_
428-6	TO080	428	428	6	la	la	_	_	_	_	_	linguistic	_	none	_	_	_	_	_	_
428-7	TO080	428	428	7	questione	questione	_	_	_	_	_	linguistic	_	none	_	_	_	_	_	_
428-8	TO080	428	428	8	del	del	_	_	_	_	_	linguistic	_	none	_	_	_	_	_	_
428-9	TO080	428	428	9	muoversi,	muoversi	_	_	_	_	_	linguistic	_	none	Intonation=WeaklyRising	End=805.596	_	_	_	_
429-0	TO071	429	429	0	[°forse	forse	_	_	_	_	_	linguistic	_	none	Volume=low	Begin=802.988	_	_	_	0-5(66)
429-1	TO071	429	429	1	torino°]	torino	_	_	_	_	_	linguistic	_	none	Volume=low	End=803.535	_	_	_	0-6(66)
430-0	TO071	430	430	0	mh	mh	_	_	_	_	_	linguistic	_	none	_	Begin=805.703	_	_	_	_
430-1	TO071	430	430	1	[okay]	okay	_	_	_	_	_	linguistic	_	none	_	End=806.423	_	_	_	0-4(67)
431-0	TO080	431	431	0	[del	del	_	_	_	_	_	linguistic	_	none	_	Begin=806.095	_	_	_	0-3(67)
431-1	TO080	431	431	1	ca]mminare	camminare	_	_	_	_	_	linguistic	_	none	_	_	_	_	_	0-2(67)
431-2	TO080	431	431	2	molto	molto	_	_	_	_	_	linguistic	_	none	_	_	_	_	_	_
431-3	TO080	431	431	3	più	più	_	_	_	_	_	linguistic	_	none	_	_	_	_	_	_
431-4	TO080	431	431	4	facilmente	facilmente	_	_	_	_	_	linguistic	_	none	_	End=808.57	_	_	_	_
432-0	TO071	432	432	0	okay	okay	_	_	_	_	_	linguistic	_	none	_	Begin=809.489	_	_	_	_
432-1	TO071	432	432	1	benissimo	benissimo	_	_	_	_	_	linguistic	_	none	_	End=810.529	_	_	_	_
433-0	TO071	433	433	0	ehm	ehm	_	_	_	_	_	linguistic	_	none	_	Begin=811.04	_	_	_	_
433-1	TO071	433	433	1	da	da	_	_	_	_	_	linguistic	_	none	_	_	_	_	_	_
433-2	TO071	433	433	2	quando	quando	_	_	_	_	_	linguistic	_	none	_	_	_	_	_	_
433-3	TO071	433	433	3	sei	sei	_	_	_	_	_	linguistic	_	none	_	_	_	_	_	_
433-4	TO071	433	433	4	a	a	_	_	_	_	_	linguistic	_	none	_	_	_	_	_	_
433-5	TO071	433	433	5	torino	torino	_	_	_	_	_	linguistic	_	none	_	_	_	_	_	_
433-6	TO071	433	433	6	hai	hai	_	_	_	_	_	linguistic	_	none	_	_	_	_	_	_
433-7	TO071	433	433	7	mh	mh	_	_	_	_	_	linguistic	_	none	_	_	_	_	_	_
433-8	TO071	433	433	8	sei	sei	_	_	_	_	_	linguistic	_	none	_	_	_	_	_	_
433-9	TO071	433	433	9	stata	stata	_	_	_	_	_	linguistic	_	none	_	_	_	_	_	_
433-10	TO071	433	433	10	a	a	_	_	_	_	_	linguistic	_	none	_	_	_	_	_	_
433-11	TO071	433	433	11	qualche	qualche	_	_	_	_	_	linguistic	_	none	_	_	_	_	_	_
433-12	TO071	433	433	12	non	non	_	_	_	_	_	linguistic	_	none	_	_	_	_	_	_
433-13	TO071	433	433	13	lo	lo	_	_	_	_	_	linguistic	_	none	_	_	_	_	_	_
433-14	TO071	433	433	14	so	so	_	_	_	_	_	linguistic	_	none	_	_	_	_	_	_
433-15	TO071	433	433	15	a	a	_	_	_	_	_	linguistic	_	none	_	_	_	_	_	_
433-16	TO071	433	433	16	qualche	qualche	_	_	_	_	_	linguistic	_	none	_	_	_	_	_	_
433-17	TO071	433	433	17	evento:	evento	_	_	_	_	_	linguistic	_	none	_	_	5x1	_	_	_
433-18	TO071	433	433	18	avvenimento:	avvenimento	_	_	_	_	_	linguistic	_	none	_	_	10x1	_	_	_
433-19	TO071	433	433	19	o:	o	_	_	_	_	_	linguistic	_	none	_	End=817.233	0x1	_	_	_
434-0	TO071	434	434	0	cose	cose	_	_	_	_	_	linguistic	_	none	_	Begin=817.286	_	_	_	_
434-1	TO071	434	434	1	particolari	particolari	_	_	_	_	_	linguistic	_	none	_	_	_	_	_	_
434-2	TO071	434	434	2	[o	o	_	_	_	_	_	linguistic	_	none	_	_	_	_	_	0-1(68)
434-3	TO071	434	434	3	non	non	_	_	_	_	_	linguistic	_	none	_	_	_	_	_	0-3(68)
434-4	TO071	434	434	4	par]ticolari:,	particolari	_	_	_	_	_	linguistic	_	none	Intonation=WeaklyRising	End=819.627	10x1	_	_	0-3(68)
435-0	TO080	435	435	0	[e::hm]	ehm	_	_	_	_	_	linguistic	_	none	_	Begin=818.156|End=818.847	0x2	_	_	0-3(68)
436-0	TO071	436	436	0	pure	pure	_	_	_	_	_	linguistic	_	none	_	Begin=819.732	_	_	_	_
436-1	TO071	436	436	1	l'	l'	_	_	_	_	_	linguistic	_	none	SpaceAfter=No	_	_	_	_	_
436-2	TO071	436	436	2	ultima	ultima	_	_	_	_	_	linguistic	_	none	_	_	_	_	_	_
436-3	TO071	436	436	3	mi	mi	_	_	_	_	_	linguistic	_	none	_	_	_	_	_	_
436-4	TO071	436	436	4	puoi	puoi	_	_	_	_	_	linguistic	_	none	_	_	_	_	_	_
436-5	TO071	436	436	5	di'	di'	_	_	_	_	_	linguistic	_	none	Truncated=Yes	_	_	_	_	_
436-6	TO071	436	436	6	eh	eh	_	_	_	_	_	linguistic	_	none	_	_	_	_	_	_
436-7	TO071	436	436	7	[xxx]	xxx	_	_	_	_	_	unknown	_	none	Syllables=3	End=821.523	_	_	_	0-3(69)
437-0	TO080	437	437	0	[beh	beh	_	_	_	_	_	linguistic	_	none	_	Begin=820.88	_	_	_	0-3(69)
437-1	TO080	437	437	1	sono]	sono	_	_	_	_	_	linguistic	_	none	_	_	_	_	_	0-4(69)
437-2	TO080	437	437	2	stata	stata	_	_	_	_	_	linguistic	_	none	_	_	_	_	_	_
437-3	TO080	437	437	3	a	a	_	_	_	_	_	linguistic	_	none	_	_	_	_	_	_
437-4	TO080	437	437	4	un	un	_	_	_	_	_	linguistic	_	none	_	_	_	_	_	_
437-5	TO080	437	437	5	concerto	concerto	_	_	_	_	_	linguistic	_	none	_	End=823.58	_	_	_	_
438-0	TO071	438	438	0	mh	mh	_	_	_	_	_	linguistic	_	none	_	Begin=823.726	_	_	_	_
438-1	TO071	438	438	1	di	di	_	_	_	_	_	linguistic	_	none	_	_	_	_	_	_
438-2	TO071	438	438	2	chi?	chi	_	_	_	_	_	linguistic	_	none	Intonation=Rising	End=824.465	_	_	_	_
439-0	TO080	439	439	0	e::	e	_	_	_	_	_	linguistic	_	none	_	Begin=824.465	0x2	_	_	_
439-1	TO080	439	439	1	mirkoilcane	mirkoilcane	_	_	_	_	_	linguistic	_	none	_	End=825.544	_	_	_	_
440-0	TO071	440	440	0	non	non	_	_	_	_	_	linguistic	_	none	_	Begin=825.773	_	_	_	_
440-1	TO071	440	440	1	lo	lo	_	_	_	_	_	linguistic	_	none	_	_	_	_	_	_
440-2	TO071	440	440	2	conosco	conosco	_	_	_	_	_	linguistic	_	none	_	End=826.569	_	_	_	_
441-0	TO080	441	441	0	e::h	eh	_	_	_	_	_	linguistic	_	none	_	Begin=826.719	0x2	_	_	_
441-1	TO080	441	441	1	all'	all'	_	_	_	_	_	linguistic	_	none	SpaceAfter=No	_	_	_	_	_
441-2	TO080	441	441	2	hiroshima	hiroshima	_	_	_	_	_	linguistic	_	none	_	_	_	_	_	_
441-3	TO080	441	441	3	mon	mon	_	_	_	_	_	linguistic	_	none	_	_	_	_	_	_
441-4	TO080	441	441	4	amour	amour	_	_	_	_	_	linguistic	_	none	_	End=828.463	_	_	_	_
442-0	TO071	442	442	0	[okay]	okay	_	_	_	_	_	linguistic	_	none	_	Begin=828.68|End=829.095	_	_	_	0-4(70)
443-0	TO080	443	443	0	[quindi]	quindi	_	_	_	_	_	linguistic	_	none	_	Begin=828.68	_	_	_	0-6(70)
443-1	TO080	443	443	1	fuori	fuori	_	_	_	_	_	linguistic	_	none	_	_	_	_	_	_
443-2	TO080	443	443	2	dal	dal	_	_	_	_	_	linguistic	_	none	_	_	_	_	_	_
443-3	TO080	443	443	3	ce[ntro],	centro	_	_	_	_	_	linguistic	_	none	Intonation=WeaklyRising	End=830.272	_	_	_	2-6(71)
444-0	TO071	444	444	0	[sì:],	sì	_	_	_	_	_	linguistic	_	none	Intonation=WeaklyRising	Begin=829.847|End=830.192	1x1	_	_	0-2(71)
445-0	TO080	445	445	0	per	per	_	_	_	_	_	linguistic	_	none	_	Begin=830.408	_	_	_	_
445-1	TO080	445	445	1	trovarlo	trovarlo	_	_	_	_	_	linguistic	_	none	_	End=831.268	_	_	_	_
446-0	TO071	446	446	0	quindi	quindi	_	_	_	_	_	linguistic	_	none	_	Begin=831.268	_	_	_	_
446-1	TO071	446	446	1	sei	sei	_	_	_	_	_	linguistic	_	none	_	_	_	_	_	_
446-2	TO071	446	446	2	andata	andata	_	_	_	_	_	linguistic	_	none	_	_	_	_	_	_
446-3	TO071	446	446	3	e	e	_	_	_	_	_	linguistic	_	none	_	_	_	_	_	_
446-4	TO071	446	446	4	sei	sei	_	_	_	_	_	linguistic	_	none	_	_	_	_	_	_
446-5	TO071	446	446	5	tornata	tornata	_	_	_	_	_	linguistic	_	none	_	_	_	_	_	_
446-6	TO071	446	446	6	di	di	_	_	_	_	_	linguistic	_	none	_	_	_	_	_	_
446-7	TO071	446	446	7	sera,	sera	_	_	_	_	_	linguistic	_	none	Intonation=WeaklyRising	End=832.883	_	_	_	_
447-0	TO080	447	447	0	sì	sì	_	_	_	_	_	linguistic	_	none	_	Begin=832.985|End=833.345	_	_	_	_
448-0	TO071	448	448	0	come	come	_	_	_	_	_	linguistic	_	none	_	Begin=833.562	_	_	_	_
448-1	TO071	448	448	1	è	è	_	_	_	_	_	linguistic	_	none	_	_	_	_	_	_
448-2	TO071	448	448	2	stato	stato	_	_	_	_	_	linguistic	_	none	_	_	_	_	_	_
448-3	TO071	448	448	3	il	il	_	_	_	_	_	linguistic	_	none	_	_	_	_	_	_
448-4	TO071	448	448	4	viaggio?	viaggio	_	_	_	_	_	linguistic	_	none	Intonation=Rising	End=834.803	_	_	_	_
449-0	TO071	449	449	0	diciamo	diciamo	_	_	_	_	_	linguistic	_	none	_	Begin=835.047|End=835.589	_	_	_	_
450-0	TO080	450	450	0	emozionante,	emozionante	_	_	_	_	_	linguistic	_	none	Intonation=WeaklyRising	Begin=835.589|End=837.083	_	_	_	_
451-0	TO071	451	451	0	perché	perché	_	_	_	_	_	linguistic	_	none	_	Begin=837.083	_	_	_	_
451-1	TO071	451	451	1	hai	hai	_	_	_	_	_	linguistic	_	none	_	_	_	_	_	_
451-2	TO071	451	451	2	preso	preso	_	_	_	_	_	linguistic	_	none	_	_	_	_	_	_
451-3	TO071	451	451	3	il	il	_	_	_	_	_	linguistic	_	none	_	_	_	_	_	_
451-4	TO071	451	451	4	diciotto	diciotto	_	_	_	_	_	linguistic	_	none	_	_	_	_	_	_
451-5	TO071	451	451	5	mi	mi	_	_	_	_	_	linguistic	_	none	_	_	_	_	_	_
451-6	TO071	451	451	6	sa	sa	_	_	_	_	_	linguistic	_	none	_	_	_	_	_	_
451-7	TO071	451	451	7	che	che	_	_	_	_	_	linguistic	_	none	_	_	_	_	_	_
451-8	TO071	451	451	8	c'	c'	_	_	_	_	_	linguistic	_	none	SpaceAfter=No	_	_	_	_	_
451-9	TO071	451	451	9	[arriva	arriva	_	_	_	_	_	linguistic	_	none	_	_	_	_	_	0-6(72)
451-10	TO071	451	451	10	lì]?	lì	_	_	_	_	_	linguistic	_	none	Intonation=Rising	End=838.963	_	_	_	0-2(72)
452-0	TO080	452	452	0	[eh	eh	_	_	_	_	_	linguistic	_	none	_	Begin=838.681	_	_	_	0-2(72)
452-1	TO080	452	452	1	non]	non	_	_	_	_	_	linguistic	_	none	_	_	_	_	_	0-3(72)
452-2	TO080	452	452	2	mi	mi	_	_	_	_	_	linguistic	_	none	_	_	_	_	_	_
452-3	TO080	452	452	3	ricordo	ricordo	_	_	_	_	_	linguistic	_	none	_	_	_	_	_	_
452-4	TO080	452	452	4	[era	era	_	_	_	_	_	linguistic	_	none	_	_	_	_	_	0-3(73)
452-5	TO080	452	452	5	stato]	stato	_	_	_	_	_	linguistic	_	none	_	_	_	_	_	0-5(73)
452-6	TO080	452	452	6	a	a	_	_	_	_	_	linguistic	_	none	_	_	_	_	_	_
452-7	TO080	452	452	7	maggio	maggio	_	_	_	_	_	linguistic	_	none	_	_	_	_	_	_
452-8	TO080	452	452	8	quindi,	quindi	_	_	_	_	_	linguistic	_	none	Intonation=WeaklyRising	End=841.093	_	_	_	_
453-0	TO071	453	453	0	[ah	ah	_	_	_	_	_	linguistic	_	none	_	Begin=839.558	_	_	_	0-2(73)
453-1	TO071	453	453	1	okay]	okay	_	_	_	_	_	linguistic	_	none	_	End=840.118	_	_	_	0-4(73)
454-0	TO080	454	454	0	e:::,	e	_	_	_	_	_	linguistic	_	none	Intonation=WeaklyRising	Begin=841.835|End=843.033	0x3	_	_	_
455-0	TO080	455	455	0	beh	beh	_	_	_	_	_	linguistic	_	none	_	Begin=843.279	_	_	_	_
455-1	TO080	455	455	1	comunque	comunque	_	_	_	_	_	linguistic	_	none	_	_	_	_	_	_
455-2	TO080	455	455	2	era	era	_	_	_	_	_	linguistic	_	none	_	_	_	_	_	_
455-3	TO080	455	455	3	un	un	_	_	_	_	_	linguistic	_	none	_	_	_	_	_	_
455-4	TO080	455	455	4	venerdì	venerdì	_	_	_	_	_	linguistic	_	none	_	_	_	_	_	_
455-5	TO080	455	455	5	sera,	sera	_	_	_	_	_	linguistic	_	none	Intonation=WeaklyRising	End=845.286	_	_	_	_
456-0	TO071	456	456	0	mh	mh	_	_	_	_	_	linguistic	_	none	_	Begin=845.573|End=845.832	_	_	_	_
457-0	TO080	457	457	0	quindi	quindi	_	_	_	_	_	linguistic	_	none	_	Begin=845.832	_	_	_	_
457-1	TO080	457	457	1	c'	c'	_	_	_	_	_	linguistic	_	none	SpaceAfter=No	_	_	_	_	_
457-2	TO080	457	457	2	era	era	_	_	_	_	_	linguistic	_	none	_	_	_	_	_	_
457-3	TO080	457	457	3	gente	gente	_	_	_	_	_	linguistic	_	none	_	_	_	_	_	_
457-4	TO080	457	457	4	in	in	_	_	_	_	_	linguistic	_	none	_	_	_	_	_	_
457-5	TO080	457	457	5	giro,	giro	_	_	_	_	_	linguistic	_	none	Intonation=WeaklyRising	End=847.713	_	_	_	_
458-0	TO080	458	458	0	ero	ero	_	_	_	_	_	linguistic	_	none	_	Begin=848.405	_	_	_	_
458-1	TO080	458	458	1	abbastanza	abbastanza	_	_	_	_	_	linguistic	_	none	_	_	_	_	_	_
458-2	TO080	458	458	2	tranquilla	tranquilla	_	_	_	_	_	linguistic	_	none	_	_	_	_	_	_
458-3	TO080	458	458	3	tutto	tutto	_	_	_	_	_	linguistic	_	none	_	_	_	_	_	_
458-4	TO080	458	458	4	sommato	sommato	_	_	_	_	_	linguistic	_	none	_	End=850.304	_	_	_	_
459-0	TO080	459	459	0	fosse	fosse	_	_	_	_	_	linguistic	_	none	_	Begin=850.523	_	_	_	_
459-1	TO080	459	459	1	stato	stato	_	_	_	_	_	linguistic	_	none	_	_	_	_	_	_
459-2	TO080	459	459	2	durante	durante	_	_	_	_	_	linguistic	_	none	_	_	_	_	_	_
459-3	TO080	459	459	3	la	la	_	_	_	_	_	linguistic	_	none	_	_	_	_	_	_
459-4	TO080	459	459	4	settimana	settimana	_	_	_	_	_	linguistic	_	none	_	_	_	_	_	_
459-5	TO080	459	459	5	cioè	cioè	_	_	_	_	_	linguistic	_	none	_	_	_	_	_	_
459-6	TO080	459	459	6	proprio	proprio	_	_	_	_	_	linguistic	_	none	PauseAfter=Yes	_	_	_	_	_
459-7	TO080	459	459	7	{P}	{P}	_	_	_	_	_	shortpause	_	none	_	_	_	_	_	_
459-8	TO080	459	459	8	toh	toh	_	_	_	_	_	linguistic	_	none	_	_	_	_	_	_
459-9	TO080	459	459	9	il	il	_	_	_	_	_	linguistic	_	none	_	_	_	_	_	_
459-10	TO080	459	459	10	martedì	martedì	_	_	_	_	_	linguistic	_	none	_	_	_	_	_	_
459-11	TO080	459	459	11	c'	c'	_	_	_	_	_	linguistic	_	none	SpaceAfter=No	_	_	_	_	_
459-12	TO080	459	459	12	è	è	_	_	_	_	_	linguistic	_	none	_	_	_	_	_	_
459-13	TO080	459	459	13	sarebbe	sarebbe	_	_	_	_	_	linguistic	_	none	_	_	_	_	_	_
459-14	TO080	459	459	14	stata	stata	_	_	_	_	_	linguistic	_	none	_	_	_	_	_	_
459-15	TO080	459	459	15	un'	un'	_	_	_	_	_	linguistic	_	none	SpaceAfter=No	_	_	_	_	_
459-16	TO080	459	459	16	altra	altra	_	_	_	_	_	linguistic	_	none	_	_	_	_	_	_
459-17	TO080	459	459	17	cosa,	cosa	_	_	_	_	_	linguistic	_	none	Intonation=WeaklyRising	End=854.998	_	_	_	_
460-0	TO071	460	460	0	e	e	_	_	_	_	_	linguistic	_	none	_	Begin=855.228	_	_	_	_
460-1	TO071	460	460	1	senti	senti	_	_	_	_	_	linguistic	_	none	PauseAfter=Yes	_	_	_	_	_
460-2	TO071	460	460	2	{P}	{P}	_	_	_	_	_	shortpause	_	none	_	_	_	_	_	_
460-3	TO071	460	460	3	te	te	_	_	_	_	_	linguistic	_	none	_	_	_	_	_	_
460-4	TO071	460	460	4	lo	lo	_	_	_	_	_	linguistic	_	none	_	_	_	_	_	_
460-5	TO071	460	460	5	chiedo	chiedo	_	_	_	_	_	linguistic	_	none	_	_	_	_	_	_
460-6	TO071	460	460	6	l'	l'	_	_	_	_	_	linguistic	_	none	SpaceAfter=No	_	_	_	_	_
460-7	TO071	460	460	7	hiroshima	hiroshima	_	_	_	_	_	linguistic	_	none	_	_	_	_	_	_
460-8	TO071	460	460	8	com'	com'	_	_	_	_	_	linguistic	_	none	SpaceAfter=No	_	_	_	_	_
460-9	TO071	460	460	9	è	è	_	_	_	_	_	linguistic	_	none	_	_	_	_	_	_
460-10	TO071	460	460	10	perché	perché	_	_	_	_	_	linguistic	_	none	_	_	_	_	_	_
460-11	TO071	460	460	11	c'	c'	_	_	_	_	_	linguistic	_	none	SpaceAfter=No	_	_	_	_	_
460-12	TO071	460	460	12	è	è	_	_	_	_	_	linguistic	_	none	_	_	_	_	_	_
460-13	TO071	460	460	13	un	un	_	_	_	_	_	linguistic	_	none	_	_	_	_	_	_
460-14	TO071	460	460	14	concerto	concerto	_	_	_	_	_	linguistic	_	none	_	_	_	_	_	_
460-15	TO071	460	460	15	dei:	dei	_	_	_	_	_	linguistic	_	none	_	_	2x1	_	_	_
460-16	TO071	460	460	16	modena	modena	_	_	_	_	_	linguistic	_	none	_	_	_	_	_	_
460-17	TO071	460	460	17	city	city	_	_	_	_	_	linguistic	_	none	_	_	_	_	_	_
460-18	TO071	460	460	18	ramblers,	ramblers	_	_	_	_	_	linguistic	_	none	Intonation=WeaklyRising	End=860.856	_	_	_	_
461-0	TO071	461	461	0	a:	a	_	_	_	_	_	linguistic	_	none	_	Begin=860.957	0x1	_	_	_
461-1	TO071	461	461	1	fine	fine	_	_	_	_	_	linguistic	_	none	_	_	_	_	_	_
461-2	TO071	461	461	2	dicembre	dicembre	_	_	_	_	_	linguistic	_	none	_	End=862.326	_	_	_	_
462-0	TO071	462	462	0	al	al	_	_	_	_	_	linguistic	_	none	_	Begin=862.412	_	_	_	_
462-1	TO071	462	462	1	quale	quale	_	_	_	_	_	linguistic	_	none	PauseAfter=Yes	_	_	_	_	_
462-2	TO071	462	462	2	{P}	{P}	_	_	_	_	_	shortpause	_	none	_	_	_	_	_	_
462-3	TO071	462	462	3	vorrò	vorrò	_	_	_	_	_	linguistic	_	none	_	_	_	_	_	_
462-4	TO071	462	462	4	andare,	andare	_	_	_	_	_	linguistic	_	none	Intonation=WeaklyRising	End=863.826	_	_	_	_
463-0	TO071	463	463	0	e	e	_	_	_	_	_	linguistic	_	none	_	Begin=864.436	_	_	_	_
463-1	TO071	463	463	1	quindi	quindi	_	_	_	_	_	linguistic	_	none	_	_	_	_	_	_
463-2	TO071	463	463	2	visto	visto	_	_	_	_	_	linguistic	_	none	_	_	_	_	_	_
463-3	TO071	463	463	3	che	che	_	_	_	_	_	linguistic	_	none	_	_	_	_	_	_
463-4	TO071	463	463	4	ci	ci	_	_	_	_	_	linguistic	_	none	_	_	_	_	_	_
463-5	TO071	463	463	5	sei	sei	_	_	_	_	_	linguistic	_	none	_	_	_	_	_	_
463-6	TO071	463	463	6	stata	stata	_	_	_	_	_	linguistic	_	none	_	_	_	_	_	_
463-7	TO071	463	463	7	se	se	_	_	_	_	_	linguistic	_	none	_	_	_	_	_	_
463-8	TO071	463	463	8	[mi	mi	_	_	_	_	_	linguistic	_	none	_	_	_	_	_	0-2(74)
463-9	TO071	463	463	9	racconti]	racconti	_	_	_	_	_	linguistic	_	none	_	_	_	_	_	0-8(74)
463-10	TO071	463	463	10	un	un	_	_	_	_	_	linguistic	_	none	_	_	_	_	_	_
463-11	TO071	463	463	11	po'	po'	_	_	_	_	_	linguistic	_	none	_	_	_	_	_	_
463-12	TO071	463	463	12	la	la	_	_	_	_	_	linguistic	_	none	_	_	_	_	_	_
463-13	TO071	463	463	13	location	location	_	_	_	_	_	linguistic	_	none	_	_	_	_	_	_
463-14	TO071	463	463	14	ci	ci	_	_	_	_	_	linguistic	_	none	_	_	_	_	_	_
463-15	TO071	463	463	15	arrivo	arrivo	_	_	_	_	_	linguistic	_	none	_	_	_	_	_	_
463-16	TO071	463	463	16	preparato	preparato	_	_	_	_	_	linguistic	_	none	_	End=868.514	_	_	_	_
464-0	TO080	464	464	0	[e::h]	eh	_	_	_	_	_	linguistic	_	none	_	Begin=866.251|End=866.731	0x2	_	_	0-2(74)
465-0	TO080	465	465	0	allora	allora	_	_	_	_	_	linguistic	_	none	_	Begin=868.514	_	_	_	_
465-1	TO080	465	465	1	è	è	_	_	_	_	_	linguistic	_	none	_	_	_	_	_	_
465-2	TO080	465	465	2	molto	molto	_	_	_	_	_	linguistic	_	none	_	_	_	_	_	_
465-3	TO080	465	465	3	piccolo.	piccolo	_	_	_	_	_	linguistic	_	none	Intonation=Falling	End=869.783	_	_	_	_
466-0	TO071	466	466	0	okay	okay	_	_	_	_	_	linguistic	_	none	_	Begin=869.783|End=870.332	_	_	_	_
467-0	TO080	467	467	0	molto	molto	_	_	_	_	_	linguistic	_	none	_	Begin=870.332	_	_	_	_
467-1	TO080	467	467	1	molto	molto	_	_	_	_	_	linguistic	_	none	_	_	_	_	_	_
467-2	TO080	467	467	2	piccolo.	piccolo	_	_	_	_	_	linguistic	_	none	Intonation=Falling	End=871.944	_	_	_	_
468-0	TO080	468	468	0	e::hm	ehm	_	_	_	_	_	linguistic	_	none	_	Begin=872.355|End=873.699	0x2	_	_	_
469-0	TO080	469	469	0	poi	poi	_	_	_	_	_	linguistic	_	none	_	Begin=873.945	_	_	_	_
469-1	TO080	469	469	1	non	non	_	_	_	_	_	linguistic	_	none	_	_	_	_	_	_
469-2	TO080	469	469	2	so	so	_	_	_	_	_	linguistic	_	none	_	_	_	_	_	_
469-3	TO080	469	469	3	perché	perché	_	_	_	_	_	linguistic	_	none	_	_	_	_	_	_
469-4	TO080	469	469	4	sono	sono	_	_	_	_	_	linguistic	_	none	_	_	_	_	_	_
469-5	TO080	469	469	5	due	due	_	_	_	_	_	linguistic	_	none	_	_	_	_	_	_
469-6	TO080	469	469	6	tre	tre	_	_	_	_	_	linguistic	_	none	_	_	_	_	_	_
469-7	TO080	469	469	7	sale	sale	_	_	_	_	_	linguistic	_	none	_	_	_	_	_	_
469-8	TO080	469	469	8	non	non	_	_	_	_	_	linguistic	_	none	_	_	_	_	_	_
469-9	TO080	469	469	9	so	so	_	_	_	_	_	linguistic	_	none	_	_	_	_	_	_
469-10	TO080	469	469	10	se	se	_	_	_	_	_	linguistic	_	none	_	_	_	_	_	_
469-11	TO080	469	469	11	magari	magari	_	_	_	_	_	linguistic	_	none	_	_	_	_	_	_
469-12	TO080	469	469	12	si	si	_	_	_	_	_	linguistic	_	none	_	_	_	_	_	_
469-13	TO080	469	469	13	pos~	pos~	_	_	_	_	_	linguistic	_	none	Interrupted=Yes	_	_	_	_	_
469-14	TO080	469	469	14	sì	sì	_	_	_	_	_	linguistic	_	none	_	_	_	_	_	_
469-15	TO080	469	469	15	se	se	_	_	_	_	_	linguistic	_	none	_	_	_	_	_	_
469-16	TO080	469	469	16	una	una	_	_	_	_	_	linguistic	_	none	_	_	_	_	_	_
469-17	TO080	469	469	17	sala	sala	_	_	_	_	_	linguistic	_	none	_	_	_	_	_	_
469-18	TO080	469	469	18	si	si	_	_	_	_	_	linguistic	_	none	_	_	_	_	_	_
469-19	TO080	469	469	19	può	può	_	_	_	_	_	linguistic	_	none	_	_	_	_	_	_
469-20	TO080	469	469	20	ampli[a:re],	ampliare	_	_	_	_	_	linguistic	_	none	Intonation=WeaklyRising	End=879.561	5x1	_	_	5-8(75)
470-0	TO071	470	470	0	[ah	ah	_	_	_	_	_	linguistic	_	none	_	Begin=879.073	_	_	_	0-2(75)
470-1	TO071	470	470	1	okay]	okay	_	_	_	_	_	linguistic	_	none	_	End=879.564	_	_	_	0-4(75)
471-0	TO080	471	471	0	e:::	e	_	_	_	_	_	linguistic	_	none	_	Begin=879.95|End=881.808	0x3	_	_	_
472-0	TO080	472	472	0	qui:ndi	quindi	_	_	_	_	_	linguistic	_	none	_	Begin=881.905	2x1	_	_	_
472-1	TO080	472	472	1	allora	allora	_	_	_	_	_	linguistic	_	none	_	End=883.263	_	_	_	_
473-0	TO080	473	473	0	mirkoeilcane	mirkoeilcane	_	_	_	_	_	linguistic	_	none	_	Begin=883.482	_	_	_	_
473-1	TO080	473	473	1	è	è	_	_	_	_	_	linguistic	_	none	_	_	_	_	_	_
473-2	TO080	473	473	2	abbastanza	abbastanza	_	_	_	_	_	linguistic	_	none	_	_	_	_	_	_
473-3	TO080	473	473	3	sconosciuto.	sconosciuto	_	_	_	_	_	linguistic	_	none	Intonation=Falling	End=885.333	_	_	_	_
474-0	TO080	474	474	0	quindi	quindi	_	_	_	_	_	linguistic	_	none	_	Begin=885.808	_	_	_	_
474-1	TO080	474	474	1	non	non	_	_	_	_	_	linguistic	_	none	_	_	_	_	_	_
474-2	TO080	474	474	2	non	non	_	_	_	_	_	linguistic	_	none	_	_	_	_	_	_
474-3	TO080	474	474	3	c'	c'	_	_	_	_	_	linguistic	_	none	SpaceAfter=No	_	_	_	_	_
474-4	TO080	474	474	4	era	era	_	_	_	_	_	linguistic	_	none	_	_	_	_	_	_
474-5	TO080	474	474	5	da	da	_	_	_	_	_	linguistic	_	none	_	_	_	_	_	_
474-6	TO080	474	474	6	fare	fare	_	_	_	_	_	linguistic	_	none	_	_	_	_	_	_
474-7	TO080	474	474	7	fila:	fila	_	_	_	_	_	linguistic	_	none	_	_	3x1	_	_	_
474-8	TO080	474	474	8	né	né	_	_	_	_	_	linguistic	_	none	_	_	_	_	_	_
474-9	TO080	474	474	9	niente	niente	_	_	_	_	_	linguistic	_	none	_	_	_	_	_	_
474-10	TO080	474	474	10	però	però	_	_	_	_	_	linguistic	_	none	_	_	_	_	_	_
474-11	TO080	474	474	11	se	se	_	_	_	_	_	linguistic	_	none	_	_	_	_	_	_
474-12	TO080	474	474	12	vuoi	vuoi	_	_	_	_	_	linguistic	_	none	_	_	_	_	_	_
474-13	TO080	474	474	13	diciamo	diciamo	_	_	_	_	_	linguistic	_	none	_	_	_	_	_	_
474-14	TO080	474	474	14	stare	stare	_	_	_	_	_	linguistic	_	none	_	_	_	_	_	_
474-15	TO080	474	474	15	un	un	_	_	_	_	_	linguistic	_	none	_	_	_	_	_	_
474-16	TO080	474	474	16	po'	po'	_	_	_	_	_	linguistic	_	none	_	_	_	_	_	_
474-17	TO080	474	474	17	avanti	avanti	_	_	_	_	_	linguistic	_	none	_	_	_	_	_	_
474-18	TO080	474	474	18	mi	mi	_	_	_	_	_	linguistic	_	none	_	_	_	_	_	_
474-19	TO080	474	474	19	sa	sa	_	_	_	_	_	linguistic	_	none	_	_	_	_	_	_
474-20	TO080	474	474	20	che	che	_	_	_	_	_	linguistic	_	none	_	_	_	_	_	_
474-21	TO080	474	474	21	ti	ti	_	_	_	_	_	linguistic	_	none	_	_	_	_	_	_
474-22	TO080	474	474	22	conviene	conviene	_	_	_	_	_	linguistic	_	none	_	_	_	_	_	_
474-23	TO080	474	474	23	andare	andare	_	_	_	_	_	linguistic	_	none	_	_	_	_	_	_
474-24	TO080	474	474	24	prima	prima	_	_	_	_	_	linguistic	_	none	_	End=892.577	_	_	_	_
475-0	TO071	475	475	0	andare	andare	_	_	_	_	_	linguistic	_	none	_	Begin=892.577	_	_	_	_
475-1	TO071	475	475	1	prima	prima	_	_	_	_	_	linguistic	_	none	_	End=893.201	_	_	_	_
476-0	TO080	476	476	0	[i	i	_	_	_	_	_	linguistic	_	none	_	Begin=893.42	_	_	_	0-1(76)
476-1	TO080	476	476	1	modena]	modena	_	_	_	_	_	linguistic	_	none	_	End=894.06	_	_	_	0-6(76)
477-0	TO071	477	477	0	[e	e	_	_	_	_	_	linguistic	_	none	_	Begin=893.423	_	_	_	0-1(76)
477-1	TO071	477	477	1	invece	invece	_	_	_	_	_	linguistic	_	none	_	_	_	_	_	0-6(76)
477-2	TO071	477	477	2	de~]	de~	_	_	_	_	_	linguistic	_	none	Interrupted=Yes	_	_	_	_	0-3(76)
477-3	TO071	477	477	3	dentro	dentro	_	_	_	_	_	linguistic	_	none	_	_	_	_	_	_
477-4	TO071	477	477	4	come	come	_	_	_	_	_	linguistic	_	none	_	_	_	_	_	_
477-5	TO071	477	477	5	servizi	servizi	_	_	_	_	_	linguistic	_	none	_	_	_	_	_	_
477-6	TO071	477	477	6	come:?	come	_	_	_	_	_	linguistic	_	none	Intonation=Rising	End=896.77	3x1	_	_	_
478-0	TO071	478	478	0	anche	anche	_	_	_	_	_	linguistic	_	none	_	Begin=897.028	_	_	_	_
478-1	TO071	478	478	1	acustica	acustica	_	_	_	_	_	linguistic	_	none	_	_	_	_	_	_
478-2	TO071	478	478	2	magari	magari	_	_	_	_	_	linguistic	_	none	_	_	_	_	_	_
478-3	TO071	478	478	3	non	non	_	_	_	_	_	linguistic	_	none	_	_	_	_	_	_
478-4	TO071	478	478	4	so	so	_	_	_	_	_	linguistic	_	none	_	_	_	_	_	_
478-5	TO071	478	478	5	[xxx]	xxx	_	_	_	_	_	unknown	_	none	Syllables=3	End=898.82	_	_	_	0-3(77)
479-0	TO080	479	479	0	[no	no	_	_	_	_	_	linguistic	_	none	_	Begin=898.58	_	_	_	0-2(77)
479-1	TO080	479	479	1	l'	l'	_	_	_	_	_	linguistic	_	none	SpaceAfter=No	_	_	_	_	0-2(77)
479-2	TO080	479	479	2	a]custica	acustica	_	_	_	_	_	linguistic	_	none	_	_	_	_	_	0-1(77)
479-3	TO080	479	479	3	è	è	_	_	_	_	_	linguistic	_	none	_	_	_	_	_	_
479-4	TO080	479	479	4	buona	buona	_	_	_	_	_	linguistic	_	none	_	End=899.519	_	_	_	_
480-0	TO080	480	480	0	devo	devo	_	_	_	_	_	linguistic	_	none	_	Begin=899.546	_	_	_	_
480-1	TO080	480	480	1	dire	dire	_	_	_	_	_	linguistic	_	none	_	_	_	_	_	_
480-2	TO080	480	480	2	veramente	veramente	_	_	_	_	_	linguistic	_	none	_	_	_	_	_	_
480-3	TO080	480	480	3	buona	buona	_	_	_	_	_	linguistic	_	none	_	End=900.853	_	_	_	_
481-0	TO080	481	481	0	e::hm	ehm	_	_	_	_	_	linguistic	_	none	_	Begin=901.041|End=901.826	0x2	_	_	_
482-0	TO080	482	482	0	servizi	servizi	_	_	_	_	_	linguistic	_	none	_	Begin=902.1|End=902.726	_	_	_	_
483-0	TO071	483	483	0	no	no	_	_	_	_	_	linguistic	_	none	_	Begin=903.525	_	_	_	_
483-1	TO071	483	483	1	cioè	cioè	_	_	_	_	_	linguistic	_	none	_	_	_	_	_	_
483-2	TO071	483	483	2	sì	sì	_	_	_	_	_	linguistic	_	none	_	_	_	_	_	_
483-3	TO071	483	483	3	nel	nel	_	_	_	_	_	linguistic	_	none	_	_	_	_	_	_
483-4	TO071	483	483	4	senso	senso	_	_	_	_	_	linguistic	_	none	_	_	_	_	_	_
483-5	TO071	483	483	5	ma	ma	_	_	_	_	_	linguistic	_	none	_	End=905.214	_	_	_	_
484-0	TO071	484	484	0	volevo	volevo	_	_	_	_	_	linguistic	_	none	_	Begin=905.374	_	_	_	_
484-1	TO071	484	484	1	sapere	sapere	_	_	_	_	_	linguistic	_	none	_	_	_	_	_	_
484-2	TO071	484	484	2	tipo	tipo	_	_	_	_	_	linguistic	_	none	_	_	_	_	_	_
484-3	TO071	484	484	3	è	è	_	_	_	_	_	linguistic	_	none	_	_	_	_	_	_
484-4	TO071	484	484	4	il	il	_	_	_	_	_	linguistic	_	none	_	_	_	_	_	_
484-5	TO071	484	484	5	classico	classico	_	_	_	_	_	linguistic	_	none	_	_	_	_	_	_
484-6	TO071	484	484	6	capannone	capannone	_	_	_	_	_	linguistic	_	none	_	_	_	_	_	_
484-7	TO071	484	484	7	quadrato	quadrato	_	_	_	_	_	linguistic	_	none	_	_	_	_	_	_
484-8	TO071	484	484	8	[o	o	_	_	_	_	_	linguistic	_	none	_	_	_	_	_	0-1(78)
484-9	TO071	484	484	9	magari	magari	_	_	_	_	_	linguistic	_	none	_	_	_	_	_	0-6(78)
484-10	TO071	484	484	10	è]	è	_	_	_	_	_	linguistic	_	none	_	_	_	_	_	0-1(78)
484-11	TO071	484	484	11	pure	pure	_	_	_	_	_	linguistic	_	none	_	_	_	_	_	_
484-12	TO071	484	484	12	un	un	_	_	_	_	_	linguistic	_	none	_	_	_	_	_	_
484-13	TO071	484	484	13	po'?	po'	_	_	_	_	_	linguistic	_	none	Intonation=Rising	End=909.325	_	_	_	_
485-0	TO080	485	485	0	[m::h]	mh	_	_	_	_	_	linguistic	_	none	_	Begin=907.911|End=908.656	0x2	_	_	0-2(78)
486-0	TO071	486	486	0	ricercato	ricercato	_	_	_	_	_	linguistic	_	none	_	Begin=909.437	_	_	_	_
486-1	TO071	486	486	1	in	in	_	_	_	_	_	linguistic	_	none	_	_	_	_	_	_
486-2	TO071	486	486	2	qualcosa:,	qualcosa	_	_	_	_	_	linguistic	_	none	Intonation=WeaklyRising	End=911.408	7x1	_	_	_
487-0	TO071	487	487	0	no	no	_	_	_	_	_	linguistic	_	none	_	Begin=911.735	_	_	_	_
487-1	TO071	487	487	1	prop[rio]	proprio	_	_	_	_	_	linguistic	_	none	_	End=912.494	_	_	_	4-7(79)
488-0	TO080	488	488	0	[no	no	_	_	_	_	_	linguistic	_	none	_	Begin=912.183	_	_	_	0-2(79)
488-1	TO080	488	488	1	n]on	non	_	_	_	_	_	linguistic	_	none	_	_	_	_	_	0-1(79)
488-2	TO080	488	488	2	ha	ha	_	_	_	_	_	linguistic	_	none	_	_	_	_	_	_
488-3	TO080	488	488	3	niente	niente	_	_	_	_	_	linguistic	_	none	_	_	_	_	_	_
488-4	TO080	488	488	4	di	di	_	_	_	_	_	linguistic	_	none	_	_	_	_	_	_
488-5	TO080	488	488	5	particolare	particolare	_	_	_	_	_	linguistic	_	none	_	_	_	_	_	_
488-6	TO080	488	488	6	devo	devo	_	_	_	_	_	linguistic	_	none	_	_	_	_	_	_
488-7	TO080	488	488	7	d[ire]	dire	_	_	_	_	_	linguistic	_	none	_	End=914.605	_	_	_	1-4(80)
489-0	TO071	489	489	0	[okay]	okay	_	_	_	_	_	linguistic	_	none	_	Begin=914.205|End=914.53	_	_	_	0-4(80)
490-0	TO071	490	490	0	classico	classico	_	_	_	_	_	linguistic	_	none	_	Begin=914.605	_	_	_	_
490-1	TO071	490	490	1	capan[none]	capannone	_	_	_	_	_	linguistic	_	none	_	_	_	_	_	5-9(81)
490-2	TO071	490	490	2	quindi	quindi	_	_	_	_	_	linguistic	_	none	_	End=916.029	_	_	_	_
491-0	TO080	491	491	0	[sì]	sì	_	_	_	_	_	linguistic	_	none	_	Begin=915.351|End=915.721	_	_	_	0-2(81)
492-0	TO080	492	492	0	non	non	_	_	_	_	_	linguistic	_	none	_	Begin=916.085	_	_	_	_
492-1	TO080	492	492	1	è	è	_	_	_	_	_	linguistic	_	none	_	_	_	_	_	_
492-2	TO080	492	492	2	proprio	proprio	_	_	_	_	_	linguistic	_	none	_	_	_	_	_	_
492-3	TO080	492	492	3	un	un	_	_	_	_	_	linguistic	_	none	_	_	_	_	_	_
492-4	TO080	492	492	4	capannone	capannone	_	_	_	_	_	linguistic	_	none	_	_	_	_	_	_
492-5	TO080	492	492	5	però:,	però	_	_	_	_	_	linguistic	_	none	Intonation=WeaklyRising	End=917.79	3x1	_	_	_
493-0	TO080	493	493	0	siamo	siamo	_	_	_	_	_	linguistic	_	none	_	Begin=918.04	_	_	_	_
493-1	TO080	493	493	1	lì	lì	_	_	_	_	_	linguistic	_	none	_	End=918.581	_	_	_	_
494-0	TO071	494	494	0	okay	okay	_	_	_	_	_	linguistic	_	none	_	Begin=918.581|End=919.266	_	_	_	_
495-0	TO071	495	495	0	okay	okay	_	_	_	_	_	linguistic	_	none	_	Begin=919.982|End=920.402	_	_	_	_
496-0	TO071	496	496	0	m::h	mh	_	_	_	_	_	linguistic	_	none	_	Begin=920.863|End=921.543	0x2	_	_	_
497-0	TO071	497	497	0	okay	okay	_	_	_	_	_	linguistic	_	none	_	Begin=921.716	_	_	_	_
497-1	TO071	497	497	1	abbiamo	abbiamo	_	_	_	_	_	linguistic	_	none	_	_	_	_	_	_
497-2	TO071	497	497	2	parlato	parlato	_	_	_	_	_	linguistic	_	none	_	_	_	_	_	_
497-3	TO071	497	497	3	della	della	_	_	_	_	_	linguistic	_	none	_	_	_	_	_	_
497-4	TO071	497	497	4	casa	casa	_	_	_	_	_	linguistic	_	none	_	_	_	_	_	_
497-5	TO071	497	497	5	abbiamo	abbiamo	_	_	_	_	_	linguistic	_	none	_	_	_	_	_	_
497-6	TO071	497	497	6	parlato	parlato	_	_	_	_	_	linguistic	_	none	_	_	_	_	_	_
497-7	TO071	497	497	7	della	della	_	_	_	_	_	linguistic	_	none	_	_	_	_	_	_
497-8	TO071	497	497	8	città	città	_	_	_	_	_	linguistic	_	none	_	_	_	_	_	_
497-9	TO071	497	497	9	parliamo	parliamo	_	_	_	_	_	linguistic	_	none	_	_	_	_	_	_
497-10	TO071	497	497	10	dell'	dell'	_	_	_	_	_	linguistic	_	none	SpaceAfter=No	_	_	_	_	_
497-11	TO071	497	497	11	università	università	_	_	_	_	_	linguistic	_	none	_	_	_	_	_	_
497-12	TO071	497	497	12	[parlia]mo	parliamo	_	_	_	_	_	linguistic	_	none	_	_	_	_	_	0-6(82)
497-13	TO071	497	497	13	a	a	_	_	_	_	_	linguistic	_	none	_	_	_	_	_	_
497-14	TO071	497	497	14	questo	questo	_	_	_	_	_	linguistic	_	none	_	_	_	_	_	_
497-15	TO071	497	497	15	punto	punto	_	_	_	_	_	linguistic	_	none	_	End=926.095	_	_	_	_
498-0	TO080	498	498	0	[sì]	sì	_	_	_	_	_	linguistic	_	none	_	Begin=924.981|End=925.213	_	_	_	0-2(82)
499-0	TO071	499	499	0	tu	tu	_	_	_	_	_	linguistic	_	none	_	Begin=926.521	_	_	_	_
499-1	TO071	499	499	1	sei	sei	_	_	_	_	_	linguistic	_	none	_	_	_	_	_	_
499-2	TO071	499	499	2	qui	qui	_	_	_	_	_	linguistic	_	none	_	_	_	_	_	_
499-3	TO071	499	499	3	da	da	_	_	_	_	_	linguistic	_	none	_	_	_	_	_	_
499-4	TO071	499	499	4	un	un	_	_	_	_	_	linguistic	_	none	_	_	_	_	_	_
499-5	TO071	499	499	5	anno,	anno	_	_	_	_	_	linguistic	_	none	Intonation=WeaklyRising	End=927.838	_	_	_	_
500-0	TO071	500	500	0	sei,	sei	_	_	_	_	_	linguistic	_	none	Intonation=WeaklyRising	Begin=928.203|End=928.551	_	_	_	_
501-0	TO071	501	501	0	eh	eh	_	_	_	_	_	linguistic	_	none	_	Begin=929.09	_	_	_	_
501-1	TO071	501	501	1	immagino	immagino	_	_	_	_	_	linguistic	_	none	_	_	_	_	_	_
501-2	TO071	501	501	2	che	che	_	_	_	_	_	linguistic	_	none	_	_	_	_	_	_
501-3	TO071	501	501	3	qualche	qualche	_	_	_	_	_	linguistic	_	none	_	_	_	_	_	_
501-4	TO071	501	501	4	corso	corso	_	_	_	_	_	linguistic	_	none	_	_	_	_	_	_
501-5	TO071	501	501	5	l'	l'	_	_	_	_	_	linguistic	_	none	SpaceAfter=No	_	_	_	_	_
501-6	TO071	501	501	6	avrai	avrai	_	_	_	_	_	linguistic	_	none	_	_	_	_	_	_
501-7	TO071	501	501	7	seguito,	seguito	_	_	_	_	_	linguistic	_	none	Intonation=WeaklyRising	End=931.294	_	_	_	_
502-0	TO080	502	502	0	sì,	sì	_	_	_	_	_	linguistic	_	none	Intonation=WeaklyRising	Begin=931.294|End=931.653	_	_	_	_
503-0	TO071	503	503	0	no?	no	_	_	_	_	_	linguistic	_	none	Intonation=Rising	Begin=931.653|End=931.915	_	_	_	_
504-0	TO071	504	504	0	non	non	_	_	_	_	_	linguistic	_	none	_	Begin=932.2	_	_	_	_
504-1	TO071	504	504	1	ti	ti	_	_	_	_	_	linguistic	_	none	_	_	_	_	_	_
504-2	TO071	504	504	2	chiedo	chiedo	_	_	_	_	_	linguistic	_	none	_	_	_	_	_	_
504-3	TO071	504	504	3	degli	degli	_	_	_	_	_	linguistic	_	none	_	_	_	_	_	_
504-4	TO071	504	504	4	esami	esami	_	_	_	_	_	linguistic	_	none	_	_	_	_	_	_
504-5	TO071	504	504	5	non	non	_	_	_	_	_	linguistic	_	none	_	_	_	_	_	_
504-6	TO071	504	504	6	ti	ti	_	_	_	_	_	linguistic	_	none	_	_	_	_	_	_
504-7	TO071	504	504	7	preoccupare,	preoccupare	_	_	_	_	_	linguistic	_	none	Intonation=WeaklyRising	End=934.509	_	_	_	_
505-0	TO080	505	505	0	{ride}	{ride}	_	_	_	_	_	nonverbalbehavior	_	none	_	Begin=934.561|End=934.978	_	_	_	_
506-0	TO071	506	506	0	eh	eh	_	_	_	_	_	linguistic	_	none	_	Begin=935.175	_	_	_	_
506-1	TO071	506	506	1	vabbè	vabbè	_	_	_	_	_	linguistic	_	none	_	_	_	_	_	_
506-2	TO071	506	506	2	anche	anche	_	_	_	_	_	linguistic	_	none	_	_	_	_	_	_
506-3	TO071	506	506	3	perché	perché	_	_	_	_	_	linguistic	_	none	_	_	_	_	_	_
506-4	TO071	506	506	4	tu	tu	_	_	_	_	_	linguistic	_	none	_	_	_	_	_	_
506-5	TO071	506	506	5	rossi	rossi	_	_	_	_	_	linguistic	_	none	_	_	_	_	_	_
506-6	TO071	506	506	6	l'	l'	_	_	_	_	_	linguistic	_	none	SpaceAfter=No	_	_	_	_	_
506-7	TO071	506	506	7	hai	hai	_	_	_	_	_	linguistic	_	none	_	_	_	_	_	_
506-8	TO071	506	506	8	fatto	fatto	_	_	_	_	_	linguistic	_	none	_	_	_	_	_	_
506-9	TO071	506	506	9	io	io	_	_	_	_	_	linguistic	_	none	_	_	_	_	_	_
506-10	TO071	506	506	10	no	no	_	_	_	_	_	linguistic	_	none	_	_	_	_	_	_
506-11	TO071	506	506	11	quindi	quindi	_	_	_	_	_	linguistic	_	none	_	End=937.47	_	_	_	_
507-0	TO080	507	507	0	eh	eh	_	_	_	_	_	linguistic	_	none	_	Begin=937.47	_	_	_	_
507-1	TO080	507	507	1	beh	beh	_	_	_	_	_	linguistic	_	none	_	End=937.772	_	_	_	_
508-0	TO071	508	508	0	ne	ne	_	_	_	_	_	linguistic	_	none	_	Begin=937.772	_	_	_	_
508-1	TO071	508	508	1	avresti	avresti	_	_	_	_	_	linguistic	_	none	_	_	_	_	_	_
508-2	TO071	508	508	2	uno	uno	_	_	_	_	_	linguistic	_	none	_	_	_	_	_	_
508-3	TO071	508	508	3	in	in	_	_	_	_	_	linguistic	_	none	_	_	_	_	_	_
508-4	TO071	508	508	4	più	più	_	_	_	_	_	linguistic	_	none	_	_	_	_	_	_
508-5	TO071	508	508	5	di	di	_	_	_	_	_	linguistic	_	none	_	_	_	_	_	_
508-6	TO071	508	508	6	me	me	_	_	_	_	_	linguistic	_	none	_	End=939.129	_	_	_	_
509-0	TO071	509	509	0	e::	e	_	_	_	_	_	linguistic	_	none	_	Begin=939.429	0x2	_	_	_
509-1	TO071	509	509	1	che	che	_	_	_	_	_	linguistic	_	none	_	_	_	_	_	_
509-2	TO071	509	509	2	cosa	cosa	_	_	_	_	_	linguistic	_	none	_	_	_	_	_	_
509-3	TO071	509	509	3	hai	hai	_	_	_	_	_	linguistic	_	none	_	_	_	_	_	_
509-4	TO071	509	509	4	seguito	seguito	_	_	_	_	_	linguistic	_	none	_	_	_	_	_	_
509-5	TO071	509	509	5	da:?	da	_	_	_	_	_	linguistic	_	none	Intonation=Rising	End=941.306	1x1	_	_	_
510-0	TO080	510	510	0	alora	alora	_	_	_	_	_	linguistic	_	none	_	Begin=941.758	_	_	_	_
510-1	TO080	510	510	1	vabbè	vabbè	_	_	_	_	_	linguistic	_	none	_	End=942.487	_	_	_	_
511-0	TO080	511	511	0	ovviamente	ovviamente	_	_	_	_	_	linguistic	_	none	_	Begin=942.777	_	_	_	_
511-1	TO080	511	511	1	ho	ho	_	_	_	_	_	linguistic	_	none	_	_	_	_	_	_
511-2	TO080	511	511	2	seguito	seguito	_	_	_	_	_	linguistic	_	none	_	_	_	_	_	_
511-3	TO080	511	511	3	lingue,	lingue	_	_	_	_	_	linguistic	_	none	Intonation=WeaklyRising	End=943.932	_	_	_	_
512-0	TO071	512	512	0	mhmh	mhmh	_	_	_	_	_	linguistic	_	none	_	Begin=943.932|End=944.207	_	_	_	_
513-0	TO080	513	513	0	quindi::	quindi	_	_	_	_	_	linguistic	_	none	_	Begin=944.207	5x2	_	_	_
513-1	TO080	513	513	1	lingua	lingua	_	_	_	_	_	linguistic	_	none	_	_	_	_	_	_
513-2	TO080	513	513	2	e	e	_	_	_	_	_	linguistic	_	none	_	_	_	_	_	_
513-3	TO080	513	513	3	cultura	cultura	_	_	_	_	_	linguistic	_	none	_	_	_	_	_	_
513-4	TO080	513	513	4	ebraica,	ebraica	_	_	_	_	_	linguistic	_	none	Intonation=WeaklyRising	End=946.516	_	_	_	_
514-0	TO080	514	514	0	e:h	eh	_	_	_	_	_	linguistic	_	none	_	Begin=946.704	0x1	_	_	_
514-1	TO080	514	514	1	lingua	lingua	_	_	_	_	_	linguistic	_	none	_	_	_	_	_	_
514-2	TO080	514	514	2	araba,	araba	_	_	_	_	_	linguistic	_	none	Intonation=WeaklyRising	End=948.2	_	_	_	_
515-0	TO080	515	515	0	e::	e	_	_	_	_	_	linguistic	_	none	_	Begin=949.418	0x2	_	_	_
515-1	TO080	515	515	1	ho	ho	_	_	_	_	_	linguistic	_	none	_	_	_	_	_	_
515-2	TO080	515	515	2	seguito	seguito	_	_	_	_	_	linguistic	_	none	_	_	_	_	_	_
515-3	TO080	515	515	3	storia	storia	_	_	_	_	_	linguistic	_	none	_	_	_	_	_	_
515-4	TO080	515	515	4	dell'	dell'	_	_	_	_	_	linguistic	_	none	SpaceAfter=No	_	_	_	_	_
515-5	TO080	515	515	5	ebraismo	ebraismo	_	_	_	_	_	linguistic	_	none	_	_	_	_	_	_
515-6	TO080	515	515	6	questo	questo	_	_	_	_	_	linguistic	_	none	_	_	_	_	_	_
515-7	TO080	515	515	7	l'	l'	_	_	_	_	_	linguistic	_	none	SpaceAfter=No	_	_	_	_	_
515-8	TO080	515	515	8	anno	anno	_	_	_	_	_	linguistic	_	none	_	_	_	_	_	_
515-9	TO080	515	515	9	scorso,	scorso	_	_	_	_	_	linguistic	_	none	Intonation=WeaklyRising	End=952.807	_	_	_	_
516-0	TO071	516	516	0	mhmh	mhmh	_	_	_	_	_	linguistic	_	none	_	Begin=952.807|End=953.074	_	_	_	_
517-0	TO080	517	517	0	storia	storia	_	_	_	_	_	linguistic	_	none	_	Begin=953.074	_	_	_	_
517-1	TO080	517	517	1	dell'	dell'	_	_	_	_	_	linguistic	_	none	SpaceAfter=No	_	_	_	_	_
517-2	TO080	517	517	2	ebraismo,	ebraismo	_	_	_	_	_	linguistic	_	none	Intonation=WeaklyRising	End=954.595	_	_	_	_
518-0	TO080	518	518	0	filologia	filologia	_	_	_	_	_	linguistic	_	none	_	Begin=954.857	_	_	_	_
518-1	TO080	518	518	1	semitica	semitica	_	_	_	_	_	linguistic	_	none	_	_	_	_	_	_
518-2	TO080	518	518	2	sempre	sempre	_	_	_	_	_	linguistic	_	none	_	_	_	_	_	_
518-3	TO080	518	518	3	con	con	_	_	_	_	_	linguistic	_	none	_	_	_	_	_	_
518-4	TO080	518	518	4	rossi,	rossi	_	_	_	_	_	linguistic	_	none	Intonation=WeaklyRising	End=956.948	_	_	_	_
519-0	TO071	519	519	0	mhmh	mhmh	_	_	_	_	_	linguistic	_	none	_	Begin=956.977|End=957.347	_	_	_	_
520-0	TO080	520	520	0	e:::	e	_	_	_	_	_	linguistic	_	none	_	Begin=957.858|End=958.677	0x3	_	_	_
521-0	TO080	521	521	0	i	i	_	_	_	_	_	linguistic	_	none	_	Begin=960.766	_	_	_	_
521-1	TO080	521	521	1	lettorati,	lettorati	_	_	_	_	_	linguistic	_	none	Intonation=WeaklyRising	End=961.777	_	_	_	_
522-0	TO080	522	522	0	sempre	sempre	_	_	_	_	_	linguistic	_	none	_	Begin=961.968	_	_	_	_
522-1	TO080	522	522	1	collegati	collegati	_	_	_	_	_	linguistic	_	none	_	_	_	_	_	_
522-2	TO080	522	522	2	a	a	_	_	_	_	_	linguistic	_	none	_	_	_	_	_	_
522-3	TO080	522	522	3	lingue,	lingue	_	_	_	_	_	linguistic	_	none	Intonation=WeaklyRising	End=963.588	_	_	_	_
523-0	TO080	523	523	0	ho	ho	_	_	_	_	_	linguistic	_	none	_	Begin=963.778	_	_	_	_
523-1	TO080	523	523	1	seguito	seguito	_	_	_	_	_	linguistic	_	none	_	_	_	_	_	_
523-2	TO080	523	523	2	letteratura	letteratura	_	_	_	_	_	linguistic	_	none	_	_	_	_	_	_
523-3	TO080	523	523	3	italiana,	italiana	_	_	_	_	_	linguistic	_	none	Intonation=WeaklyRising	End=965.615	_	_	_	_
524-0	TO071	524	524	0	okay	okay	_	_	_	_	_	linguistic	_	none	_	Begin=965.615|End=966.383	_	_	_	_
525-0	TO080	525	525	0	mh	mh	_	_	_	_	_	linguistic	_	none	_	Begin=966.383|End=966.667	_	_	_	_
526-0	TO080	526	526	0	adesso	adesso	_	_	_	_	_	linguistic	_	none	_	Begin=967.055	_	_	_	_
526-1	TO080	526	526	1	sto	sto	_	_	_	_	_	linguistic	_	none	_	_	_	_	_	_
526-2	TO080	526	526	2	seguendo	seguendo	_	_	_	_	_	linguistic	_	none	PauseAfter=Yes	_	_	_	_	_
526-3	TO080	526	526	3	{P}	{P}	_	_	_	_	_	shortpause	_	none	_	_	_	_	_	_
526-4	TO080	526	526	4	letteratura	letteratura	_	_	_	_	_	linguistic	_	none	_	_	_	_	_	_
526-5	TO080	526	526	5	spagnola,	spagnola	_	_	_	_	_	linguistic	_	none	Intonation=WeaklyRising	End=969.813	_	_	_	_
527-0	TO071	527	527	0	quindi	quindi	_	_	_	_	_	linguistic	_	none	_	Begin=970.845	_	_	_	_
527-1	TO071	527	527	1	le	le	_	_	_	_	_	linguistic	_	none	_	_	_	_	_	_
527-2	TO071	527	527	2	lingue	lingue	_	_	_	_	_	linguistic	_	none	_	_	_	_	_	_
527-3	TO071	527	527	3	non	non	_	_	_	_	_	linguistic	_	none	_	_	_	_	_	_
527-4	TO071	527	527	4	ha~	ha~	_	_	_	_	_	linguistic	_	none	Interrupted=Yes	_	_	_	_	_
527-5	TO071	527	527	5	una	una	_	_	_	_	_	linguistic	_	none	_	_	_	_	_	_
527-6	TO071	527	527	6	lingua	lingua	_	_	_	_	_	linguistic	_	none	_	_	_	_	_	_
527-7	TO071	527	527	7	romanza	romanza	_	_	_	_	_	linguistic	_	none	_	_	_	_	_	_
527-8	TO071	527	527	8	ti	ti	_	_	_	_	_	linguistic	_	none	_	_	_	_	_	_
527-9	TO071	527	527	9	tocca	tocca	_	_	_	_	_	linguistic	_	none	_	_	_	_	_	_
527-10	TO071	527	527	10	[alla	alla	_	_	_	_	_	linguistic	_	none	_	_	_	_	_	0-4(83)
527-11	TO071	527	527	11	fine],	fine	_	_	_	_	_	linguistic	_	none	Intonation=WeaklyRising	End=973.432	_	_	_	0-4(83)
528-0	TO080	528	528	0	[eh	eh	_	_	_	_	_	linguistic	_	none	_	Begin=972.633	_	_	_	0-2(83)
528-1	TO080	528	528	1	sì]	sì	_	_	_	_	_	linguistic	_	none	_	End=973.353	_	_	_	0-2(83)
529-0	TO080	529	529	0	mi	mi	_	_	_	_	_	linguistic	_	none	_	Begin=973.432	_	_	_	_
529-1	TO080	529	529	1	toccava	toccava	_	_	_	_	_	linguistic	_	none	_	_	_	_	_	_
529-2	TO080	529	529	2	fare	fare	_	_	_	_	_	linguistic	_	none	_	_	_	_	_	_
529-3	TO080	529	529	3	una	una	_	_	_	_	_	linguistic	_	none	_	_	_	_	_	_
529-4	TO080	529	529	4	letteratura	letteratura	_	_	_	_	_	linguistic	_	none	_	_	_	_	_	_
529-5	TO080	529	529	5	europea	europea	_	_	_	_	_	linguistic	_	none	PauseAfter=Yes	_	_	_	_	_
529-6	TO080	529	529	6	{P}	{P}	_	_	_	_	_	shortpause	_	none	_	_	_	_	_	_
529-7	TO080	529	529	7	facciamo	facciamo	_	_	_	_	_	linguistic	_	none	_	_	_	_	_	_
529-8	TO080	529	529	8	qualcosa	qualcosa	_	_	_	_	_	linguistic	_	none	_	_	_	_	_	_
529-9	TO080	529	529	9	che	che	_	_	_	_	_	linguistic	_	none	_	_	_	_	_	_
529-10	TO080	529	529	10	non	non	_	_	_	_	_	linguistic	_	none	_	_	_	_	_	_
529-11	TO080	529	529	11	ho	ho	_	_	_	_	_	linguistic	_	none	_	_	_	_	_	_
529-12	TO080	529	529	12	mai	mai	_	_	_	_	_	linguistic	_	none	_	_	_	_	_	_
529-13	TO080	529	529	13	fatto	fatto	_	_	_	_	_	linguistic	_	none	_	_	_	_	_	_
529-14	TO080	529	529	14	[almeno],	almeno	_	_	_	_	_	linguistic	_	none	Intonation=WeaklyRising	End=977.306	_	_	_	0-6(84)
530-0	TO071	530	530	0	[esattamente]	esattamente	_	_	_	_	_	linguistic	_	none	_	Begin=976.346|End=977.292	_	_	_	0-11(84)
531-0	TO080	531	531	0	e::	e	_	_	_	_	_	linguistic	_	none	_	Begin=978.011	0x2	_	_	_
531-1	TO080	531	531	1	linguistica,	linguistica	_	_	_	_	_	linguistic	_	none	Intonation=WeaklyRising	End=979.534	_	_	_	_
532-0	TO080	532	532	0	e:hm	ehm	_	_	_	_	_	linguistic	_	none	_	Begin=979.82	0x1	_	_	_
532-1	TO080	532	532	1	generale,	generale	_	_	_	_	_	linguistic	_	none	Intonation=WeaklyRising	End=980.63	_	_	_	_
533-0	TO071	533	533	0	con	con	_	_	_	_	_	linguistic	_	none	_	Begin=980.63	_	_	_	_
533-1	TO071	533	533	1	chi?	chi	_	_	_	_	_	linguistic	_	none	Intonation=Rising	End=981.223	_	_	_	_
534-0	TO080	534	534	0	e:h	eh	_	_	_	_	_	linguistic	_	none	_	Begin=981.592	0x1	_	_	_
534-1	TO080	534	534	1	gialli	gialli	_	_	_	_	_	linguistic	_	none	_	_	_	_	_	_
534-2	TO080	534	534	2	l'	l'	_	_	_	_	_	linguistic	_	none	SpaceAfter=No	_	_	_	_	_
534-3	TO080	534	534	3	a[nno]	anno	_	_	_	_	_	linguistic	_	none	_	_	_	_	_	0-4(85)
534-4	TO080	534	534	4	scorso.	scorso	_	_	_	_	_	linguistic	_	none	Intonation=Falling	End=983.394	_	_	_	_
535-0	TO071	535	535	0	[ah],	ah	_	_	_	_	_	linguistic	_	none	Intonation=WeaklyRising	Begin=982.451|End=982.799	_	_	_	0-2(85)
536-0	TO080	536	536	0	e:	e	_	_	_	_	_	linguistic	_	none	_	Begin=984.038	0x1	_	_	_
536-1	TO080	536	536	1	adesso	adesso	_	_	_	_	_	linguistic	_	none	_	_	_	_	_	_
536-2	TO080	536	536	2	invece	invece	_	_	_	_	_	linguistic	_	none	_	_	_	_	_	_
536-3	TO080	536	536	3	sto	sto	_	_	_	_	_	linguistic	_	none	_	_	_	_	_	_
536-4	TO080	536	536	4	facendo	facendo	_	_	_	_	_	linguistic	_	none	_	_	_	_	_	_
536-5	TO080	536	536	5	dialettologia	dialettologia	_	_	_	_	_	linguistic	_	none	_	_	_	_	_	_
536-6	TO080	536	536	6	italiana,	italiana	_	_	_	_	_	linguistic	_	none	Intonation=WeaklyRising	End=986.776	_	_	_	_
537-0	TO071	537	537	0	con	con	_	_	_	_	_	linguistic	_	none	_	Begin=987.188	_	_	_	_
537-1	TO071	537	537	1	chi?	chi	_	_	_	_	_	linguistic	_	none	Intonation=Rising	End=987.572	_	_	_	_
538-0	TO080	538	538	0	bianchi	bianchi	_	_	_	_	_	linguistic	_	none	_	Begin=988.573|End=989.117	_	_	_	_
539-0	TO071	539	539	0	ah	ah	_	_	_	_	_	linguistic	_	none	_	Begin=989.117	_	_	_	_
539-1	TO071	539	539	1	splendid[o]	splendido	_	_	_	_	_	linguistic	_	none	_	End=990.338	_	_	_	8-9(86)
540-0	TO080	540	540	0	[d]avvero	davvero	_	_	_	_	_	linguistic	_	none	_	Begin=990.218|End=990.706	_	_	_	0-1(86)
541-0	TO071	541	541	0	goditelo	goditelo	_	_	_	_	_	linguistic	_	none	_	Begin=990.706	_	_	_	_
541-1	TO071	541	541	1	p[erché	perché	_	_	_	_	_	linguistic	_	none	_	_	_	_	_	1-6(87)
541-2	TO071	541	541	2	io	io	_	_	_	_	_	linguistic	_	none	_	_	_	_	_	0-2(87)
541-3	TO071	541	541	3	da]to	dato	_	_	_	_	_	linguistic	_	none	_	_	_	_	_	0-2(87)
541-4	TO071	541	541	4	quattro	quattro	_	_	_	_	_	linguistic	_	none	_	_	_	_	_	_
541-5	TO071	541	541	5	esami	esami	_	_	_	_	_	linguistic	_	none	_	_	_	_	_	_
541-6	TO071	541	541	6	da	da	_	_	_	_	_	linguistic	_	none	_	_	_	_	_	_
541-7	TO071	541	541	7	bianchi	bianchi	_	_	_	_	_	linguistic	_	none	PauseAfter=Yes	_	_	_	_	_
541-8	TO071	541	541	8	{P}	{P}	_	_	_	_	_	shortpause	_	none	_	_	_	_	_	_
541-9	TO071	541	541	9	[qua]ttro	quattro	_	_	_	_	_	linguistic	_	none	_	End=994.344	_	_	_	0-3(88)
542-0	TO080	542	542	0	[fantastico]	fantastico	_	_	_	_	_	linguistic	_	none	_	Begin=991.22|End=992.039	_	_	_	0-10(87)
543-0	TO080	543	543	0	[fantastico]	fantastico	_	_	_	_	_	linguistic	_	none	_	Begin=993.098|End=993.652	_	_	_	0-10(88)
544-0	TO071	544	544	0	e	e	_	_	_	_	_	linguistic	_	none	_	Begin=995.635	_	_	_	_
544-1	TO071	544	544	1	ah	ah	_	_	_	_	_	linguistic	_	none	_	_	_	_	_	_
544-2	TO071	544	544	2	aspetta	aspetta	_	_	_	_	_	linguistic	_	none	_	_	_	_	_	_
544-3	TO071	544	544	3	stai	stai	_	_	_	_	_	linguistic	_	none	_	_	_	_	_	_
544-4	TO071	544	544	4	facendo	facendo	_	_	_	_	_	linguistic	_	none	_	_	_	_	_	_
544-5	TO071	544	544	5	linguistica	linguistica	_	_	_	_	_	linguistic	_	none	_	_	_	_	_	_
544-6	TO071	544	544	6	italiana?	italiana	_	_	_	_	_	linguistic	_	none	Intonation=Rising	End=998.276	_	_	_	_
545-0	TO080	545	545	0	dia~	dia~	_	_	_	_	_	linguistic	_	none	Interrupted=Yes	Begin=998.619	_	_	_	_
545-1	TO080	545	545	1	sì.	sì	_	_	_	_	_	linguistic	_	none	Intonation=Falling	_	_	_	_	_
545-2	TO080	545	545	2	dialettologia.	dialettologia	_	_	_	_	_	linguistic	_	none	Intonation=Falling	End=999.834	_	_	_	_
546-0	TO080	546	546	0	e::	e	_	_	_	_	_	linguistic	_	none	_	Begin=1000.193	0x2	_	_	_
546-1	TO080	546	546	1	l'	l'	_	_	_	_	_	linguistic	_	none	SpaceAfter=No	_	_	_	_	_
546-2	TO080	546	546	2	h[o	ho	_	_	_	_	_	linguistic	_	none	_	_	_	_	_	0-2(89)
546-3	TO080	546	546	3	sce]lto	scelto	_	_	_	_	_	linguistic	_	none	_	_	_	_	_	0-3(89)
546-4	TO080	546	546	4	io	io	_	_	_	_	_	linguistic	_	none	_	_	_	_	_	_
546-5	TO080	546	546	5	come	come	_	_	_	_	_	linguistic	_	none	_	_	_	_	_	_
546-6	TO080	546	546	6	[esame::],	esame	_	_	_	_	_	linguistic	_	none	Intonation=WeaklyRising	End=1002.885	4x2	_	_	0-5(90)
547-0	TO071	547	547	0	[ah]	ah	_	_	_	_	_	linguistic	_	none	_	Begin=1000.804|End=1001.053	_	_	_	0-2(89)
548-0	TO071	548	548	0	[dialettologia]	dialettologia	_	_	_	_	_	linguistic	_	none	_	Begin=1001.748|End=1002.635	_	_	_	0-13(90)
549-0	TO071	549	549	0	e	e	_	_	_	_	_	linguistic	_	none	_	Begin=1002.91	_	_	_	_
549-1	TO071	549	549	1	di	di	_	_	_	_	_	linguistic	_	none	_	_	_	_	_	_
549-2	TO071	549	549	2	che	che	_	_	_	_	_	linguistic	_	none	_	_	_	_	_	_
549-3	TO071	549	549	3	state	state	_	_	_	_	_	linguistic	_	none	_	_	_	_	_	_
549-4	TO071	549	549	4	parlando	parlando	_	_	_	_	_	linguistic	_	none	_	_	_	_	_	_
549-5	TO071	549	549	5	cioè	cioè	_	_	_	_	_	linguistic	_	none	_	_	_	_	_	_
549-6	TO071	549	549	6	te	te	_	_	_	_	_	linguistic	_	none	_	_	_	_	_	_
549-7	TO071	549	549	7	lo	lo	_	_	_	_	_	linguistic	_	none	_	_	_	_	_	_
549-8	TO071	549	549	8	ricordi	ricordi	_	_	_	_	_	linguistic	_	none	_	_	_	_	_	_
549-9	TO071	549	549	9	più	più	_	_	_	_	_	linguistic	_	none	_	_	_	_	_	_
549-10	TO071	549	549	10	o	o	_	_	_	_	_	linguistic	_	none	_	_	_	_	_	_
549-11	TO071	549	549	11	meno	meno	_	_	_	_	_	linguistic	_	none	_	_	_	_	_	_
549-12	TO071	549	549	12	per~	per~	_	_	_	_	_	linguistic	_	none	Interrupted=Yes	_	_	_	_	_
549-13	TO071	549	549	13	xx	xx	_	_	_	_	_	unknown	_	none	Syllables=2	End=1005.503	_	_	_	_
550-0	TO071	550	550	0	perché	perché	_	_	_	_	_	linguistic	_	none	_	Begin=1005.604	_	_	_	_
550-1	TO071	550	550	1	io	io	_	_	_	_	_	linguistic	_	none	_	_	_	_	_	_
550-2	TO071	550	550	2	pensa	pensa	_	_	_	_	_	linguistic	_	none	_	_	_	_	_	_
550-3	TO071	550	550	3	ho	ho	_	_	_	_	_	linguistic	_	none	_	_	_	_	_	_
550-4	TO071	550	550	4	fatto	fatto	_	_	_	_	_	linguistic	_	none	_	_	_	_	_	_
550-5	TO071	550	550	5	l'	l'	_	_	_	_	_	linguistic	_	none	SpaceAfter=No	_	_	_	_	_
550-6	TO071	550	550	6	iterz~	iterz~	_	_	_	_	_	linguistic	_	none	Interrupted=Yes	_	_	_	_	_
550-7	TO071	550	550	7	ho	ho	_	_	_	_	_	linguistic	_	none	_	_	_	_	_	_
550-8	TO071	550	550	8	fatto	fatto	_	_	_	_	_	linguistic	_	none	_	_	_	_	_	_
550-9	TO071	550	550	9	dialettologia	dialettologia	_	_	_	_	_	linguistic	_	none	_	_	_	_	_	_
550-10	TO071	550	550	10	e	e	_	_	_	_	_	linguistic	_	none	_	_	_	_	_	_
550-11	TO071	550	550	11	poi	poi	_	_	_	_	_	linguistic	_	none	_	_	_	_	_	_
550-12	TO071	550	550	12	l'	l'	_	_	_	_	_	linguistic	_	none	SpaceAfter=No	_	_	_	_	_
550-13	TO071	550	550	13	ho	ho	_	_	_	_	_	linguistic	_	none	_	_	_	_	_	_
550-14	TO071	550	550	14	anche	anche	_	_	_	_	_	linguistic	_	none	_	_	_	_	_	_
550-15	TO071	550	550	15	iterato,	iterato	_	_	_	_	_	linguistic	_	none	Intonation=WeaklyRising	End=1010.11	_	_	_	_
551-0	TO071	551	551	0	però	però	_	_	_	_	_	linguistic	_	none	_	Begin=1010.186	_	_	_	_
551-1	TO071	551	551	1	non	non	_	_	_	_	_	linguistic	_	none	_	_	_	_	_	_
551-2	TO071	551	551	2	so	so	_	_	_	_	_	linguistic	_	none	_	_	_	_	_	_
551-3	TO071	551	551	3	se	se	_	_	_	_	_	linguistic	_	none	_	_	_	_	_	_
551-4	TO071	551	551	4	lui	lui	_	_	_	_	_	linguistic	_	none	_	_	_	_	_	_
551-5	TO071	551	551	5	continua	continua	_	_	_	_	_	linguistic	_	none	_	_	_	_	_	_
551-6	TO071	551	551	6	a	a	_	_	_	_	_	linguistic	_	none	_	_	_	_	_	_
551-7	TO071	551	551	7	cambiare	cambiare	_	_	_	_	_	linguistic	_	none	_	_	_	_	_	_
551-8	TO071	551	551	8	adesso	adesso	_	_	_	_	_	linguistic	_	none	_	End=1012.064	_	_	_	_
552-0	TO080	552	552	0	no	no	_	_	_	_	_	linguistic	_	none	_	Begin=1012.064	_	_	_	_
552-1	TO080	552	552	1	penso	penso	_	_	_	_	_	linguistic	_	none	_	_	_	_	_	_
552-2	TO080	552	552	2	che	che	_	_	_	_	_	linguistic	_	none	_	_	_	_	_	_
552-3	TO080	552	552	3	il	il	_	_	_	_	_	linguistic	_	none	_	_	_	_	_	_
552-4	TO080	552	552	4	programma	programma	_	_	_	_	_	linguistic	_	none	_	_	_	_	_	_
552-5	TO080	552	552	5	sia	sia	_	_	_	_	_	linguistic	_	none	_	_	_	_	_	_
552-6	TO080	552	552	6	più	più	_	_	_	_	_	linguistic	_	none	_	_	_	_	_	_
552-7	TO080	552	552	7	o	o	_	_	_	_	_	linguistic	_	none	_	_	_	_	_	_
552-8	TO080	552	552	8	meno	meno	_	_	_	_	_	linguistic	_	none	_	_	_	_	_	_
552-9	TO080	552	552	9	lo	lo	_	_	_	_	_	linguistic	_	none	_	_	_	_	_	_
552-10	TO080	552	552	10	stes[so	stesso	_	_	_	_	_	linguistic	_	none	_	_	_	_	_	4-6(91)
552-11	TO080	552	552	11	perc]hé	perché	_	_	_	_	_	linguistic	_	none	_	_	_	_	_	0-4(91)
552-12	TO080	552	552	12	ho	ho	_	_	_	_	_	linguistic	_	none	_	_	_	_	_	_
552-13	TO080	552	552	13	visto	visto	_	_	_	_	_	linguistic	_	none	_	_	_	_	_	_
552-14	TO080	552	552	14	quello	quello	_	_	_	_	_	linguistic	_	none	_	_	_	_	_	_
552-15	TO080	552	552	15	degli	degli	_	_	_	_	_	linguistic	_	none	_	_	_	_	_	_
552-16	TO080	552	552	16	anni	anni	_	_	_	_	_	linguistic	_	none	_	_	_	_	_	_
552-17	TO080	552	552	17	scorsi:,	scorsi	_	_	_	_	_	linguistic	_	none	Intonation=WeaklyRising	End=1016.854	5x1	_	_	_
553-0	TO071	553	553	0	[quello]	quello	_	_	_	_	_	linguistic	_	none	_	Begin=1014.182|End=1014.545	_	_	_	0-6(91)
554-0	TO080	554	554	0	proprio	proprio	_	_	_	_	_	linguistic	_	none	_	Begin=1017.0	_	_	_	_
554-1	TO080	554	554	1	come	come	_	_	_	_	_	linguistic	_	none	_	_	_	_	_	_
554-2	TO080	554	554	2	slides	slides	_	_	_	_	_	linguistic	_	none	_	_	_	_	_	_
554-3	TO080	554	554	3	[che	che	_	_	_	_	_	linguistic	_	none	_	_	_	_	_	0-3(92)
554-4	TO080	554	554	4	av]eva	aveva	_	_	_	_	_	linguistic	_	none	_	_	_	_	_	0-2(92)
554-5	TO080	554	554	5	preparato,	preparato	_	_	_	_	_	linguistic	_	none	Intonation=WeaklyRising	End=1020.008	_	_	_	_
555-0	TO071	555	555	0	[mhmh]	mhmh	_	_	_	_	_	linguistic	_	none	_	Begin=1018.444|End=1018.804	_	_	_	0-4(92)
556-0	TO080	556	556	0	sì	sì	_	_	_	_	_	linguistic	_	none	_	Begin=1020.561	_	_	_	_
556-1	TO080	556	556	1	modifica	modifica	_	_	_	_	_	linguistic	_	none	_	_	_	_	_	_
556-2	TO080	556	556	2	qualcosa	qualcosa	_	_	_	_	_	linguistic	_	none	_	_	_	_	_	_
556-3	TO080	556	556	3	magari	magari	_	_	_	_	_	linguistic	_	none	_	_	_	_	_	_
556-4	TO080	556	556	4	aggiuge	aggiuge	_	_	_	_	_	linguistic	_	none	_	_	_	_	_	_
556-5	TO080	556	556	5	una	una	_	_	_	_	_	linguistic	_	none	_	_	_	_	_	_
556-6	TO080	556	556	6	parte	parte	_	_	_	_	_	linguistic	_	none	_	_	_	_	_	_
556-7	TO080	556	556	7	però	però	_	_	_	_	_	linguistic	_	none	_	_	_	_	_	_
556-8	TO080	556	556	8	è	è	_	_	_	_	_	linguistic	_	none	_	_	_	_	_	_
556-9	TO080	556	556	9	sempre	sempre	_	_	_	_	_	linguistic	_	none	_	_	_	_	_	_
556-10	TO080	556	556	10	quello.	quello	_	_	_	_	_	linguistic	_	none	Intonation=Falling	End=1023.899	_	_	_	_
557-0	TO071	557	557	0	ma	ma	_	_	_	_	_	linguistic	_	none	_	Begin=1023.95	_	_	_	_
557-1	TO071	557	557	1	volevi	volevi	_	_	_	_	_	linguistic	_	none	_	_	_	_	_	_
557-2	TO071	557	557	2	stare	stare	_	_	_	_	_	linguistic	_	none	_	_	_	_	_	_
557-3	TO071	557	557	3	a	a	_	_	_	_	_	linguistic	_	none	_	_	_	_	_	_
557-4	TO071	557	557	4	fa	fa	_	_	_	_	_	linguistic	_	none	_	_	_	_	_	_
557-5	TO071	557	557	5	quelle	quelle	_	_	_	_	_	linguistic	_	none	_	_	_	_	_	_
557-6	TO071	557	557	6	cose	cose	_	_	_	_	_	linguistic	_	none	_	_	_	_	_	_
557-7	TO071	557	557	7	sulla	sulla	_	_	_	_	_	linguistic	_	none	_	_	_	_	_	_
557-8	TO071	557	557	8	classificazione	classificazione	_	_	_	_	_	linguistic	_	none	_	_	_	_	_	_
557-9	TO071	557	557	9	dei	dei	_	_	_	_	_	linguistic	_	none	_	_	_	_	_	_
557-10	TO071	557	557	10	dialetti	dialetti	_	_	_	_	_	linguistic	_	none	_	_	_	_	_	_
557-11	TO071	557	557	11	muljacic?	muljacic	_	_	_	_	_	linguistic	_	none	Intonation=Rising	End=1028.469	_	_	_	_
558-0	TO071	558	558	0	abstand(sprache)	abstandsprache	_	_	_	_	_	linguistic	_	none	_	Begin=1028.701	_	_	7-14(0)	_
558-1	TO071	558	558	1	ques[te	queste	_	_	_	_	_	linguistic	_	none	_	_	_	_	_	4-6(93)
558-2	TO071	558	558	2	cose	cose	_	_	_	_	_	linguistic	_	none	_	_	_	_	_	0-4(93)
558-3	TO071	558	558	3	qua],	qua	_	_	_	_	_	linguistic	_	none	Intonation=WeaklyRising	End=1030.654	_	_	_	0-3(93)
559-0	TO080	559	559	0	[eh	eh	_	_	_	_	_	linguistic	_	none	_	Begin=1030.059	_	_	_	0-2(93)
559-1	TO080	559	559	1	non	non	_	_	_	_	_	linguistic	_	none	_	_	_	_	_	0-3(93)
559-2	TO080	559	559	2	ci	ci	_	_	_	_	_	linguistic	_	none	_	_	_	_	_	0-2(93)
559-3	TO080	559	559	3	siamo	siamo	_	_	_	_	_	linguistic	_	none	_	_	_	_	_	0-5(93)
559-4	TO080	559	559	4	anc]ora,	ancora	_	_	_	_	_	linguistic	_	none	Intonation=WeaklyRising	End=1030.964	_	_	_	0-3(93)
560-0	TO071	560	560	0	ah	ah	_	_	_	_	_	linguistic	_	none	_	Begin=1031.007	_	_	_	_
560-1	TO071	560	560	1	okay	okay	_	_	_	_	_	linguistic	_	none	_	_	_	_	_	_
560-2	TO071	560	560	2	vabbè	vabbè	_	_	_	_	_	linguistic	_	none	_	_	_	_	_	_
560-3	TO071	560	560	3	[allora	allora	_	_	_	_	_	linguistic	_	none	_	_	_	_	_	0-6(94)
560-4	TO071	560	560	4	xxx]	xxx	_	_	_	_	_	unknown	_	none	Syllables=3	End=1032.348	_	_	_	0-3(94)
561-0	TO080	561	561	0	[non	non	_	_	_	_	_	linguistic	_	none	_	Begin=1031.566	_	_	_	0-3(94)
561-1	TO080	561	561	1	ci	ci	_	_	_	_	_	linguistic	_	none	_	_	_	_	_	0-2(94)
561-2	TO080	561	561	2	siamo	siamo	_	_	_	_	_	linguistic	_	none	_	_	_	_	_	0-5(94)
561-3	TO080	561	561	3	ancora	ancora	_	_	_	_	_	linguistic	_	none	_	_	_	_	_	0-6(94)
561-4	TO080	561	561	4	arrivati]	arrivati	_	_	_	_	_	linguistic	_	none	_	_	_	_	_	0-8(94)
561-5	TO080	561	561	5	però	però	_	_	_	_	_	linguistic	_	none	_	_	_	_	_	_
561-6	TO080	561	561	6	abbiam	abbiam	_	_	_	_	_	linguistic	_	none	_	_	_	_	_	_
561-7	TO080	561	561	7	parlato	parlato	_	_	_	_	_	linguistic	_	none	_	_	_	_	_	_
561-8	TO080	561	561	8	di:,	di	_	_	_	_	_	linguistic	_	none	Intonation=WeaklyRising	End=1033.608	1x1	_	_	_
562-0	TO080	562	562	0	la	la	_	_	_	_	_	linguistic	_	none	_	Begin=1034.164	_	_	_	_
562-1	TO080	562	562	1	georgafia	georgafia	_	_	_	_	_	linguistic	_	none	_	_	_	_	_	_
562-2	TO080	562	562	2	linguistica,	linguistica	_	_	_	_	_	linguistic	_	none	Intonation=WeaklyRising	End=1035.404	_	_	_	_
563-0	TO071	563	563	0	ah	ah	_	_	_	_	_	linguistic	_	none	_	Begin=1035.404	_	_	_	_
563-1	TO071	563	563	1	ah	ah	_	_	_	_	_	linguistic	_	none	_	_	_	_	_	_
563-2	TO071	563	563	2	okay,	okay	_	_	_	_	_	linguistic	_	none	Intonation=WeaklyRising	End=1036.496	_	_	_	_
564-0	TO080	564	564	0	e::hm	ehm	_	_	_	_	_	linguistic	_	none	_	Begin=1036.496|End=1037.406	0x2	_	_	_
565-0	TO080	565	565	0	poi	poi	_	_	_	_	_	linguistic	_	none	_	Begin=1040.665	_	_	_	_
565-1	TO080	565	565	1	non	non	_	_	_	_	_	linguistic	_	none	_	_	_	_	_	_
565-2	TO080	565	565	2	mi	mi	_	_	_	_	_	linguistic	_	none	_	_	_	_	_	_
565-3	TO080	565	565	3	ricordo	ricordo	_	_	_	_	_	linguistic	_	none	_	_	_	_	_	_
565-4	TO080	565	565	4	neanche	neanche	_	_	_	_	_	linguistic	_	none	_	_	_	_	_	_
565-5	TO080	565	565	5	più	più	_	_	_	_	_	linguistic	_	none	_	_	_	_	_	_
565-6	TO080	565	565	6	il	il	_	_	_	_	_	linguistic	_	none	_	_	_	_	_	_
565-7	TO080	565	565	7	bello	bello	_	_	_	_	_	linguistic	_	none	_	_	_	_	_	_
565-8	TO080	565	565	8	è	è	_	_	_	_	_	linguistic	_	none	_	_	_	_	_	_
565-9	TO080	565	565	9	che	che	_	_	_	_	_	linguistic	_	none	_	_	_	_	_	_
565-10	TO080	565	565	10	stavo	stavo	_	_	_	_	_	linguistic	_	none	_	_	_	_	_	_
565-11	TO080	565	565	11	studiando	studiando	_	_	_	_	_	linguistic	_	none	_	_	_	_	_	_
565-12	TO080	565	565	12	ieri	ieri	_	_	_	_	_	linguistic	_	none	_	_	_	_	_	_
565-13	TO080	565	565	13	sera	sera	_	_	_	_	_	linguistic	_	none	_	_	_	_	_	_
565-14	TO080	565	565	14	[quindi]	quindi	_	_	_	_	_	linguistic	_	none	_	End=1043.201	_	_	_	0-6(95)
566-0	TO071	566	566	0	[ah	ah	_	_	_	_	_	linguistic	_	none	_	Begin=1042.819	_	_	_	0-2(95)
566-1	TO071	566	566	1	va	va	_	_	_	_	_	linguistic	_	none	_	_	_	_	_	0-2(95)
566-2	TO071	566	566	2	b]ene	bene	_	_	_	_	_	linguistic	_	none	_	_	_	_	_	0-1(95)
566-3	TO071	566	566	3	no	no	_	_	_	_	_	linguistic	_	none	_	_	_	_	_	_
566-4	TO071	566	566	4	vabbè	vabbè	_	_	_	_	_	linguistic	_	none	_	_	_	_	_	_
566-5	TO071	566	566	5	vabbè	vabbè	_	_	_	_	_	linguistic	_	none	_	End=1044.464	_	_	_	_
567-0	TO071	567	567	0	l'	l'	_	_	_	_	_	linguistic	_	none	SpaceAfter=No	Begin=1044.752	_	_	_	_
567-1	TO071	567	567	1	importante	importante	_	_	_	_	_	linguistic	_	none	_	_	_	_	_	_
567-2	TO071	567	567	2	è	è	_	_	_	_	_	linguistic	_	none	_	_	_	_	_	_
567-3	TO071	567	567	3	ricordarsele	ricordarsele	_	_	_	_	_	linguistic	_	none	_	_	_	_	_	_
567-4	TO071	567	567	4	all'	all'	_	_	_	_	_	linguistic	_	none	SpaceAfter=No	_	_	_	_	_
567-5	TO071	567	567	5	esame	esame	_	_	_	_	_	linguistic	_	none	_	_	_	_	_	_
567-6	TO071	567	567	6	ce[rte	certe	_	_	_	_	_	linguistic	_	none	_	_	_	_	_	0-5(96)
567-7	TO071	567	567	7	cose].	cose	_	_	_	_	_	linguistic	_	none	Intonation=Falling	End=1047.229	_	_	_	0-3(96)
568-0	TO080	568	568	0	[esatto]	esatto	_	_	_	_	_	linguistic	_	none	_	Begin=1046.595|End=1047.131	_	_	_	0-6(96)
569-0	TO071	569	569	0	ehm	ehm	_	_	_	_	_	linguistic	_	none	_	Begin=1047.584	_	_	_	_
569-1	TO071	569	569	1	e	e	_	_	_	_	_	linguistic	_	none	_	_	_	_	_	_
569-2	TO071	569	569	2	fra	fra	_	_	_	_	_	linguistic	_	none	_	_	_	_	_	_
569-3	TO071	569	569	3	isomma	isomma	_	_	_	_	_	linguistic	_	none	_	_	_	_	_	_
569-4	TO071	569	569	4	tutti	tutti	_	_	_	_	_	linguistic	_	none	_	_	_	_	_	_
569-5	TO071	569	569	5	questi	questi	_	_	_	_	_	linguistic	_	none	_	_	_	_	_	_
569-6	TO071	569	569	6	che	che	_	_	_	_	_	linguistic	_	none	_	_	_	_	_	_
569-7	TO071	569	569	7	hai	hai	_	_	_	_	_	linguistic	_	none	_	_	_	_	_	_
569-8	TO071	569	569	8	seguito,	seguito	_	_	_	_	_	linguistic	_	none	Intonation=WeaklyRising	End=1050.389	_	_	_	_
570-0	TO071	570	570	0	puoi	puoi	_	_	_	_	_	linguistic	_	none	_	Begin=1050.706	_	_	_	_
570-1	TO071	570	570	1	fare	fare	_	_	_	_	_	linguistic	_	none	_	_	_	_	_	_
570-2	TO071	570	570	2	tranquillamente	tranquillamente	_	_	_	_	_	linguistic	_	none	_	_	_	_	_	_
570-3	TO071	570	570	3	nomi	nomi	_	_	_	_	_	linguistic	_	none	_	_	_	_	_	_
570-4	TO071	570	570	4	tanto	tanto	_	_	_	_	_	linguistic	_	none	_	_	_	_	_	_
570-5	TO071	570	570	5	metteremo	metteremo	_	_	_	_	_	linguistic	_	none	_	_	_	_	_	_
570-6	TO071	570	570	6	i	i	_	_	_	_	_	linguistic	_	none	_	_	_	_	_	_
570-7	TO071	570	570	7	beep	beep	_	_	_	_	_	linguistic	_	none	_	_	_	_	_	_
570-8	TO071	570	570	8	come	come	_	_	_	_	_	linguistic	_	none	_	_	_	_	_	_
570-9	TO071	570	570	9	non	non	_	_	_	_	_	linguistic	_	none	_	_	_	_	_	_
570-10	TO071	570	570	10	[detto],	detto	_	_	_	_	_	linguistic	_	none	Intonation=WeaklyRising	End=1054.033	_	_	_	0-5(97)
571-0	TO080	571	571	0	[fantastico]	fantastico	_	_	_	_	_	linguistic	_	none	_	Begin=1053.327|End=1053.887	_	_	_	0-10(97)
572-0	TO071	572	572	0	e::hm	ehm	_	_	_	_	_	linguistic	_	none	_	Begin=1054.204|End=1055.167	0x2	_	_	_
573-0	TO071	573	573	0	qual	qual	_	_	_	_	_	linguistic	_	none	_	Begin=1055.304	_	_	_	_
573-1	TO071	573	573	1	è	è	_	_	_	_	_	linguistic	_	none	_	_	_	_	_	_
573-2	TO071	573	573	2	quello	quello	_	_	_	_	_	linguistic	_	none	_	_	_	_	_	_
573-3	TO071	573	573	3	non	non	_	_	_	_	_	linguistic	_	none	_	_	_	_	_	_
573-4	TO071	573	573	4	dico	dico	_	_	_	_	_	linguistic	_	none	_	_	_	_	_	_
573-5	TO071	573	573	5	che	che	_	_	_	_	_	linguistic	_	none	_	_	_	_	_	_
573-6	TO071	573	573	6	t'	t'	_	_	_	_	_	linguistic	_	none	SpaceAfter=No	_	_	_	_	_
573-7	TO071	573	573	7	(è	è	_	_	_	_	_	linguistic	_	none	_	_	_	_	_	_
573-8	TO071	573	573	8	piaciuto	piaciuto	_	_	_	_	_	linguistic	_	none	_	_	_	_	_	_
573-9	TO071	573	573	9	però	però	_	_	_	_	_	linguistic	_	none	_	_	_	_	_	_
573-10	TO071	573	573	10	che	che	_	_	_	_	_	linguistic	_	none	_	_	_	_	_	_
573-11	TO071	573	573	11	t'	t'	_	_	_	_	_	linguistic	_	none	SpaceAfter=No	_	_	_	_	_
573-12	TO071	573	573	12	(ha	ha	_	_	_	_	_	linguistic	_	none	_	_	_	_	_	_
573-13	TO071	573	573	13	sorpreso	sorpreso	_	_	_	_	_	linguistic	_	none	_	_	_	_	_	_
573-14	TO071	573	573	14	di	di	_	_	_	_	_	linguistic	_	none	_	_	_	_	_	_
573-15	TO071	573	573	15	più	più	_	_	_	_	_	linguistic	_	none	_	End=1058.654	_	_	_	_
574-0	TO071	574	574	0	nel	nel	_	_	_	_	_	linguistic	_	none	_	Begin=1058.735	_	_	_	_
574-1	TO071	574	574	1	senso	senso	_	_	_	_	_	linguistic	_	none	_	End=1059.279	_	_	_	_
575-0	TO071	575	575	0	a	a	_	_	_	_	_	linguistic	_	none	_	Begin=1059.495	_	_	_	_
575-1	TO071	575	575	1	me	me	_	_	_	_	_	linguistic	_	none	_	_	_	_	_	_
575-2	TO071	575	575	2	molti	molti	_	_	_	_	_	linguistic	_	none	_	_	_	_	_	_
575-3	TO071	575	575	3	corsi,	corsi	_	_	_	_	_	linguistic	_	none	Intonation=WeaklyRising	_	_	_	_	_
575-4	TO071	575	575	4	sono	sono	_	_	_	_	_	linguistic	_	none	_	_	_	_	_	_
575-5	TO071	575	575	5	in	in	_	_	_	_	_	linguistic	_	none	_	_	_	_	_	_
575-6	TO071	575	575	6	realtà	realtà	_	_	_	_	_	linguistic	_	none	_	_	_	_	_	_
575-7	TO071	575	575	7	piaciuti,	piaciuti	_	_	_	_	_	linguistic	_	none	Intonation=WeaklyRising	End=1061.846	_	_	_	_
576-0	TO071	576	576	0	non	non	_	_	_	_	_	linguistic	_	none	_	Begin=1062.281	_	_	_	_
576-1	TO071	576	576	1	perché	perché	_	_	_	_	_	linguistic	_	none	_	_	_	_	_	_
576-2	TO071	576	576	2	mi	mi	_	_	_	_	_	linguistic	_	none	_	_	_	_	_	_
576-3	TO071	576	576	3	piaceva	piaceva	_	_	_	_	_	linguistic	_	none	_	_	_	_	_	_
576-4	TO071	576	576	4	il	il	_	_	_	_	_	linguistic	_	none	_	_	_	_	_	_
576-5	TO071	576	576	5	contenuto,	contenuto	_	_	_	_	_	linguistic	_	none	Intonation=WeaklyRising	End=1063.984	_	_	_	_
577-0	TO071	577	577	0	ma	ma	_	_	_	_	_	linguistic	_	none	_	Begin=1064.077	_	_	_	_
577-1	TO071	577	577	1	perché	perché	_	_	_	_	_	linguistic	_	none	_	_	_	_	_	_
577-2	TO071	577	577	2	mi	mi	_	_	_	_	_	linguistic	_	none	_	_	_	_	_	_
577-3	TO071	577	577	3	hanno	hanno	_	_	_	_	_	linguistic	_	none	_	_	_	_	_	_
577-4	TO071	577	577	4	detto	detto	_	_	_	_	_	linguistic	_	none	_	End=1065.016	_	_	_	_
578-0	TO071	578	578	0	cose	cose	_	_	_	_	_	linguistic	_	none	PauseAfter=Yes	Begin=1065.263	_	_	_	_
578-1	TO071	578	578	1	{P}	{P}	_	_	_	_	_	shortpause	_	none	_	_	_	_	_	_
578-2	TO071	578	578	2	che	che	_	_	_	_	_	linguistic	_	none	_	_	_	_	_	_
578-3	TO071	578	578	3	assolutamente	assolutamente	_	_	_	_	_	linguistic	_	none	_	_	_	_	_	_
578-4	TO071	578	578	4	non	non	_	_	_	_	_	linguistic	_	none	_	_	_	_	_	_
578-5	TO071	578	578	5	mi	mi	_	_	_	_	_	linguistic	_	none	_	_	_	_	_	_
578-6	TO071	578	578	6	aspettavo,	aspettavo	_	_	_	_	_	linguistic	_	none	Intonation=WeaklyRising	End=1067.654	_	_	_	_
579-0	TO080	579	579	0	mh	mh	_	_	_	_	_	linguistic	_	none	_	Begin=1067.654|End=1067.848	_	_	_	_
580-0	TO071	580	580	0	quando	quando	_	_	_	_	_	linguistic	_	none	_	Begin=1067.848	_	_	_	_
580-1	TO071	580	580	1	poi	poi	_	_	_	_	_	linguistic	_	none	_	_	_	_	_	_
580-2	TO071	580	580	2	me	me	_	_	_	_	_	linguistic	_	none	_	_	_	_	_	_
580-3	TO071	580	580	3	l'	l'	_	_	_	_	_	linguistic	_	none	SpaceAfter=No	_	_	_	_	_
580-4	TO071	580	580	4	hanno	hanno	_	_	_	_	_	linguistic	_	none	_	_	_	_	_	_
580-5	TO071	580	580	5	dette	dette	_	_	_	_	_	linguistic	_	none	_	End=1068.84	_	_	_	_
581-0	TO071	581	581	0	quello	quello	_	_	_	_	_	linguistic	_	none	_	Begin=1069.0	_	_	_	_
581-1	TO071	581	581	1	che	che	_	_	_	_	_	linguistic	_	none	_	_	_	_	_	_
581-2	TO071	581	581	2	ti	ti	_	_	_	_	_	linguistic	_	none	_	_	_	_	_	_
581-3	TO071	581	581	3	ha	ha	_	_	_	_	_	linguistic	_	none	_	_	_	_	_	_
581-4	TO071	581	581	4	sorpreso	sorpreso	_	_	_	_	_	linguistic	_	none	_	_	_	_	_	_
581-5	TO071	581	581	5	positivamente	positivamente	_	_	_	_	_	linguistic	_	none	_	_	_	_	_	_
581-6	TO071	581	581	6	di	di	_	_	_	_	_	linguistic	_	none	_	_	_	_	_	_
581-7	TO071	581	581	7	più	più	_	_	_	_	_	linguistic	_	none	_	_	_	_	_	_
581-8	TO071	581	581	8	e	e	_	_	_	_	_	linguistic	_	none	_	_	_	_	_	_
581-9	TO071	581	581	9	quello	quello	_	_	_	_	_	linguistic	_	none	_	_	_	_	_	_
581-10	TO071	581	581	10	che	che	_	_	_	_	_	linguistic	_	none	_	End=1071.603	_	_	_	_
582-0	TO071	582	582	0	t'	t'	_	_	_	_	_	linguistic	_	none	SpaceAfter=No	Begin=1071.853	_	_	_	_
582-1	TO071	582	582	1	(ha	ha	_	_	_	_	_	linguistic	_	none	_	_	_	_	_	_
582-2	TO071	582	582	2	fatto	fatto	_	_	_	_	_	linguistic	_	none	_	_	_	_	_	_
582-3	TO071	582	582	3	un	un	_	_	_	_	_	linguistic	_	none	_	_	_	_	_	_
582-4	TO071	582	582	4	po'	po'	_	_	_	_	_	linguistic	_	none	_	_	_	_	_	_
582-5	TO071	582	582	5	più	più	_	_	_	_	_	linguistic	_	none	_	_	_	_	_	_
582-6	TO071	582	582	6	schifo	schifo	_	_	_	_	_	linguistic	_	none	_	_	_	_	_	_
582-7	TO071	582	582	7	rispetto	rispetto	_	_	_	_	_	linguistic	_	none	_	_	_	_	_	_
582-8	TO071	582	582	8	agli	agli	_	_	_	_	_	linguistic	_	none	_	_	_	_	_	_
582-9	TO071	582	582	9	altri.	altri	_	_	_	_	_	linguistic	_	none	Intonation=Falling	End=1073.861	_	_	_	_
583-0	TO080	583	583	0	allora,	allora	_	_	_	_	_	linguistic	_	none	Intonation=WeaklyRising	Begin=1074.214|End=1074.565	_	_	_	_
584-0	TO080	584	584	0	e::hm	ehm	_	_	_	_	_	linguistic	_	none	_	Begin=1074.874|End=1076.669	0x2	_	_	_
585-0	TO080	585	585	0	beh	beh	_	_	_	_	_	linguistic	_	none	_	Begin=1077.002	_	_	_	_
585-1	TO080	585	585	1	ovviamente	ovviamente	_	_	_	_	_	linguistic	_	none	_	_	_	_	_	_
585-2	TO080	585	585	2	i	i	_	_	_	_	_	linguistic	_	none	_	_	_	_	_	_
585-3	TO080	585	585	3	corsi	corsi	_	_	_	_	_	linguistic	_	none	_	_	_	_	_	_
585-4	TO080	585	585	4	di	di	_	_	_	_	_	linguistic	_	none	_	_	_	_	_	_
585-5	TO080	585	585	5	rossi	rossi	_	_	_	_	_	linguistic	_	none	_	End=1078.542	_	_	_	_
586-0	TO071	586	586	0	okay	okay	_	_	_	_	_	linguistic	_	none	_	Begin=1079.141|End=1079.657	_	_	_	_
587-0	TO080	587	587	0	sono::,	sono	_	_	_	_	_	linguistic	_	none	Intonation=WeaklyRising	Begin=1079.657|End=1080.641	3x2	_	_	_
588-0	TO080	588	588	0	sono	sono	_	_	_	_	_	linguistic	_	none	_	Begin=1081.042	_	_	_	_
588-1	TO080	588	588	1	un	un	_	_	_	_	_	linguistic	_	none	_	_	_	_	_	_
588-2	TO080	588	588	2	altro	altro	_	_	_	_	_	linguistic	_	none	_	_	_	_	_	_
588-3	TO080	588	588	3	livello	livello	_	_	_	_	_	linguistic	_	none	_	_	_	_	_	_
588-4	TO080	588	588	4	ma	ma	_	_	_	_	_	linguistic	_	none	_	_	_	_	_	_
588-5	TO080	588	588	5	perché	perché	_	_	_	_	_	linguistic	_	none	_	_	_	_	_	_
588-6	TO080	588	588	6	è	è	_	_	_	_	_	linguistic	_	none	_	_	_	_	_	_
588-7	TO080	588	588	7	proprio	proprio	_	_	_	_	_	linguistic	_	none	_	_	_	_	_	_
588-8	TO080	588	588	8	lui	lui	_	_	_	_	_	linguistic	_	none	_	_	_	_	_	_
588-9	TO080	588	588	9	che	che	_	_	_	_	_	linguistic	_	none	_	_	_	_	_	_
588-10	TO080	588	588	10	è	è	_	_	_	_	_	linguistic	_	none	_	_	_	_	_	_
588-11	TO080	588	588	11	appassionato	appassionato	_	_	_	_	_	linguistic	_	none	_	_	_	_	_	_
588-12	TO080	588	588	12	e,	e	_	_	_	_	_	linguistic	_	none	Intonation=WeaklyRising	End=1084.332	_	_	_	_
589-0	TO080	589	589	0	è	è	_	_	_	_	_	linguistic	_	none	_	Begin=1084.544	_	_	_	_
589-1	TO080	589	589	1	in	in	_	_	_	_	_	linguistic	_	none	_	_	_	_	_	_
589-2	TO080	589	589	2	grado	grado	_	_	_	_	_	linguistic	_	none	_	_	_	_	_	_
589-3	TO080	589	589	3	anche	anche	_	_	_	_	_	linguistic	_	none	_	_	_	_	_	_
589-4	TO080	589	589	4	di	di	_	_	_	_	_	linguistic	_	none	PauseAfter=Yes	_	_	_	_	_
589-5	TO080	589	589	5	{P}	{P}	_	_	_	_	_	shortpause	_	none	_	_	_	_	_	_
589-6	TO080	589	589	6	trasmettere,	trasmettere	_	_	_	_	_	linguistic	_	none	Intonation=WeaklyRising	End=1086.441	_	_	_	_
590-0	TO080	590	590	0	questa	questa	_	_	_	_	_	linguistic	_	none	_	Begin=1086.836	_	_	_	_
590-1	TO080	590	590	1	passione,	passione	_	_	_	_	_	linguistic	_	none	Intonation=WeaklyRising	End=1087.667	_	_	_	_
591-0	TO080	591	591	0	e::	e	_	_	_	_	_	linguistic	_	none	_	Begin=1088.759|End=1089.201	0x2	_	_	_
592-0	TO080	592	592	0	che	che	_	_	_	_	_	linguistic	_	none	_	Begin=1093.389	_	_	_	_
592-1	TO080	592	592	1	mi	mi	_	_	_	_	_	linguistic	_	none	_	_	_	_	_	_
592-2	TO080	592	592	2	è	è	_	_	_	_	_	linguistic	_	none	_	_	_	_	_	_
592-3	TO080	592	592	3	piaciuto	piaciuto	_	_	_	_	_	linguistic	_	none	_	_	_	_	_	_
592-4	TO080	592	592	4	di	di	_	_	_	_	_	linguistic	_	none	_	_	_	_	_	_
592-5	TO080	592	592	5	meno,	meno	_	_	_	_	_	linguistic	_	none	Intonation=WeaklyRising	End=1094.643	_	_	_	_
593-0	TO071	593	593	0	mhmh	mhmh	_	_	_	_	_	linguistic	_	none	_	Begin=1094.643|End=1094.97	_	_	_	_
594-0	TO080	594	594	0	devo	devo	_	_	_	_	_	linguistic	_	none	_	Begin=1095.087	_	_	_	_
594-1	TO080	594	594	1	dirlo	dirlo	_	_	_	_	_	linguistic	_	none	_	_	_	_	_	_
594-2	TO080	594	594	2	è	è	_	_	_	_	_	linguistic	_	none	_	_	_	_	_	_
594-3	TO080	594	594	3	letteratura	letteratura	_	_	_	_	_	linguistic	_	none	_	_	_	_	_	_
594-4	TO080	594	594	4	italiana.	italiana	_	_	_	_	_	linguistic	_	none	Intonation=Falling	End=1096.672	_	_	_	_
595-0	TO080	595	595	0	però	però	_	_	_	_	_	linguistic	_	none	_	Begin=1097.435	_	_	_	_
595-1	TO080	595	595	1	ma	ma	_	_	_	_	_	linguistic	_	none	_	_	_	_	_	_
595-2	TO080	595	595	2	è::	è	_	_	_	_	_	linguistic	_	none	_	End=1098.921	0x2	_	_	_
596-0	TO080	596	596	0	è	è	_	_	_	_	_	linguistic	_	none	_	Begin=1099.035	_	_	_	_
596-1	TO080	596	596	1	anche	anche	_	_	_	_	_	linguistic	_	none	_	_	_	_	_	_
596-2	TO080	596	596	2	legato	legato	_	_	_	_	_	linguistic	_	none	_	_	_	_	_	_
596-3	TO080	596	596	3	al	al	_	_	_	_	_	linguistic	_	none	_	_	_	_	_	_
596-4	TO080	596	596	4	fatto	fatto	_	_	_	_	_	linguistic	_	none	_	_	_	_	_	_
596-5	TO080	596	596	5	che	che	_	_	_	_	_	linguistic	_	none	_	_	_	_	_	_
596-6	TO080	596	596	6	dopo	dopo	_	_	_	_	_	linguistic	_	none	_	_	_	_	_	_
596-7	TO080	596	596	7	cinque	cinque	_	_	_	_	_	linguistic	_	none	_	_	_	_	_	_
596-8	TO080	596	596	8	anni	anni	_	_	_	_	_	linguistic	_	none	_	_	_	_	_	_
596-9	TO080	596	596	9	di	di	_	_	_	_	_	linguistic	_	none	_	_	_	_	_	_
596-10	TO080	596	596	10	liceo	liceo	_	_	_	_	_	linguistic	_	none	_	_	_	_	_	_
596-11	TO080	596	596	11	a	a	_	_	_	_	_	linguistic	_	none	_	_	_	_	_	_
596-12	TO080	596	596	12	fare	fare	_	_	_	_	_	linguistic	_	none	_	_	_	_	_	_
596-13	TO080	596	596	13	letteratura	letteratura	_	_	_	_	_	linguistic	_	none	_	_	_	_	_	_
596-14	TO080	596	596	14	italiana,	italiana	_	_	_	_	_	linguistic	_	none	Intonation=WeaklyRising	End=1102.993	_	_	_	_
597-0	TO080	597	597	0	venire	venire	_	_	_	_	_	linguistic	_	none	_	Begin=1103.246	_	_	_	_
597-1	TO080	597	597	1	qua	qua	_	_	_	_	_	linguistic	_	none	_	_	_	_	_	_
597-2	TO080	597	597	2	all'	all'	_	_	_	_	_	linguistic	_	none	SpaceAfter=No	_	_	_	_	_
597-3	TO080	597	597	3	università	università	_	_	_	_	_	linguistic	_	none	_	_	_	_	_	_
597-4	TO080	597	597	4	sperando	sperando	_	_	_	_	_	linguistic	_	none	_	_	_	_	_	_
597-5	TO080	597	597	5	di	di	_	_	_	_	_	linguistic	_	none	_	_	_	_	_	_
597-6	TO080	597	597	6	fare	fare	_	_	_	_	_	linguistic	_	none	_	_	_	_	_	_
597-7	TO080	597	597	7	qualcosa	qualcosa	_	_	_	_	_	linguistic	_	none	_	_	_	_	_	_
597-8	TO080	597	597	8	di	di	_	_	_	_	_	linguistic	_	none	_	_	_	_	_	_
597-9	TO080	597	597	9	nuovo,	nuovo	_	_	_	_	_	linguistic	_	none	Intonation=WeaklyRising	End=1106.613	_	_	_	_
598-0	TO080	598	598	0	e	e	_	_	_	_	_	linguistic	_	none	_	Begin=1107.519	_	_	_	_
598-1	TO080	598	598	1	ti	ti	_	_	_	_	_	linguistic	_	none	_	_	_	_	_	_
598-2	TO080	598	598	2	ritrovi	ritrovi	_	_	_	_	_	linguistic	_	none	_	_	_	_	_	_
598-3	TO080	598	598	3	a	a	_	_	_	_	_	linguistic	_	none	_	_	_	_	_	_
598-4	TO080	598	598	4	dover	dover	_	_	_	_	_	linguistic	_	none	_	_	_	_	_	_
598-5	TO080	598	598	5	fa~	fa~	_	_	_	_	_	linguistic	_	none	Interrupted=Yes	_	_	_	_	_
598-6	TO080	598	598	6	fare	fare	_	_	_	_	_	linguistic	_	none	_	_	_	_	_	_
598-7	TO080	598	598	7	di	di	_	_	_	_	_	linguistic	_	none	_	_	_	_	_	_
598-8	TO080	598	598	8	nuovo	nuovo	_	_	_	_	_	linguistic	_	none	_	_	_	_	_	_
598-9	TO080	598	598	9	letteratura	letteratura	_	_	_	_	_	linguistic	_	none	_	_	_	_	_	_
598-10	TO080	598	598	10	italiana	italiana	_	_	_	_	_	linguistic	_	none	_	_	_	_	_	_
598-11	TO080	598	598	11	per	per	_	_	_	_	_	linguistic	_	none	_	_	_	_	_	_
598-12	TO080	598	598	12	forza,	forza	_	_	_	_	_	linguistic	_	none	Intonation=WeaklyRising	End=1110.918	_	_	_	_
599-0	TO071	599	599	0	okay	okay	_	_	_	_	_	linguistic	_	none	_	Begin=1110.918|End=1111.397	_	_	_	_
600-0	TO071	600	600	0	e:	e	_	_	_	_	_	linguistic	_	none	_	Begin=1112.215	0x1	_	_	_
600-1	TO071	600	600	1	l'	l'	_	_	_	_	_	linguistic	_	none	SpaceAfter=No	_	_	_	_	_
600-2	TO071	600	600	2	hai	hai	_	_	_	_	_	linguistic	_	none	_	_	_	_	_	_
600-3	TO071	600	600	3	dato	dato	_	_	_	_	_	linguistic	_	none	_	_	_	_	_	_
600-4	TO071	600	600	4	sto	sto	_	_	_	_	_	linguistic	_	none	_	_	_	_	_	_
600-5	TO071	600	600	5	esame	esame	_	_	_	_	_	linguistic	_	none	_	_	_	_	_	_
600-6	TO071	600	600	6	o	o	_	_	_	_	_	linguistic	_	none	_	_	_	_	_	_
600-7	TO071	600	600	7	continui	continui	_	_	_	_	_	linguistic	_	none	_	_	_	_	_	_
600-8	TO071	600	600	8	a	a	_	_	_	_	_	linguistic	_	none	_	_	_	_	_	_
600-9	TO071	600	600	9	riman[darlo	rimandarlo	_	_	_	_	_	linguistic	_	none	_	_	_	_	_	4-10(98)
600-10	TO071	600	600	10	rimandarlo]	rimandarlo	_	_	_	_	_	linguistic	_	none	_	End=1115.317	_	_	_	0-10(98)
601-0	TO080	601	601	0	[no	no	_	_	_	_	_	linguistic	_	none	_	Begin=1114.397	_	_	_	0-2(98)
601-1	TO080	601	601	1	no	no	_	_	_	_	_	linguistic	_	none	_	_	_	_	_	0-2(98)
601-2	TO080	601	601	2	l'	l'	_	_	_	_	_	linguistic	_	none	SpaceAfter=No	_	_	_	_	0-2(98)
601-3	TO080	601	601	3	ho	ho	_	_	_	_	_	linguistic	_	none	_	_	_	_	_	0-2(98)
601-4	TO080	601	601	4	dato]	dato	_	_	_	_	_	linguistic	_	none	_	End=1115.227	_	_	_	0-4(98)
602-0	TO071	602	602	0	ah	ah	_	_	_	_	_	linguistic	_	none	_	Begin=1115.395	_	_	_	_
602-1	TO071	602	602	1	te	te	_	_	_	_	_	linguistic	_	none	_	_	_	_	_	_
602-2	TO071	602	602	2	lo	lo	_	_	_	_	_	linguistic	_	none	_	_	_	_	_	_
602-3	TO071	602	602	3	sei	sei	_	_	_	_	_	linguistic	_	none	_	_	_	_	_	_
602-4	TO071	602	602	4	tol[to	tolto	_	_	_	_	_	linguistic	_	none	_	_	_	_	_	3-5(99)
602-5	TO071	602	602	5	quindi]?	quindi	_	_	_	_	_	linguistic	_	none	Intonation=Rising	End=1116.573	_	_	_	0-6(99)
603-0	TO080	603	603	0	[eh	eh	_	_	_	_	_	linguistic	_	none	_	Begin=1115.991	_	_	_	0-2(99)
603-1	TO080	603	603	1	sì]	sì	_	_	_	_	_	linguistic	_	none	_	End=1116.577	_	_	_	0-2(99)
604-0	TO071	604	604	0	e:	e	_	_	_	_	_	linguistic	_	none	_	Begin=1118.107	0x1	_	_	_
604-1	TO071	604	604	1	eh	eh	_	_	_	_	_	linguistic	_	none	_	_	_	_	_	_
604-2	TO071	604	604	2	hai	hai	_	_	_	_	_	linguistic	_	none	_	_	_	_	_	_
604-3	TO071	604	604	3	fatto	fatto	_	_	_	_	_	linguistic	_	none	_	_	_	_	_	_
604-4	TO071	604	604	4	benissimo	benissimo	_	_	_	_	_	linguistic	_	none	_	End=1119.862	_	_	_	_
605-0	TO071	605	605	0	va	va	_	_	_	_	_	linguistic	_	none	_	Begin=1120.868	_	_	_	_
605-1	TO071	605	605	1	buono	buono	_	_	_	_	_	linguistic	_	none	_	_	_	_	_	_
605-2	TO071	605	605	2	vediamo	vediamo	_	_	_	_	_	linguistic	_	none	_	_	_	_	_	_
605-3	TO071	605	605	3	quanto	quanto	_	_	_	_	_	linguistic	_	none	_	_	_	_	_	_
605-4	TO071	605	605	4	abbiamo	abbiamo	_	_	_	_	_	linguistic	_	none	_	_	_	_	_	_
605-5	TO071	605	605	5	fatto	fatto	_	_	_	_	_	linguistic	_	none	_	_	_	_	_	_
605-6	TO071	605	605	6	ah	ah	_	_	_	_	_	linguistic	_	none	_	_	_	_	_	_
605-7	TO071	605	605	7	beh	beh	_	_	_	_	_	linguistic	_	none	_	_	_	_	_	_
605-8	TO071	605	605	8	diciotto	diciotto	_	_	_	_	_	linguistic	_	none	_	_	_	_	_	_
605-9	TO071	605	605	9	minuti,	minuti	_	_	_	_	_	linguistic	_	none	Intonation=WeaklyRising	End=1124.316	_	_	_	_
606-0	TO071	606	606	0	e::hm	ehm	_	_	_	_	_	linguistic	_	none	_	Begin=1124.453|End=1125.499	0x2	_	_	_
607-0	TO071	607	607	0	faccio	faccio	_	_	_	_	_	linguistic	_	none	_	Begin=1126.338	_	_	_	_
607-1	TO071	607	607	1	un	un	_	_	_	_	_	linguistic	_	none	_	_	_	_	_	_
607-2	TO071	607	607	2	altro	altro	_	_	_	_	_	linguistic	_	none	_	_	_	_	_	_
607-3	TO071	607	607	3	paio	paio	_	_	_	_	_	linguistic	_	none	_	_	_	_	_	_
607-4	TO071	607	607	4	di	di	_	_	_	_	_	linguistic	_	none	_	_	_	_	_	_
607-5	TO071	607	607	5	domande,	domande	_	_	_	_	_	linguistic	_	none	Intonation=WeaklyRising	End=1127.645	_	_	_	_
608-0	TO071	608	608	0	allora	allora	_	_	_	_	_	linguistic	_	none	_	Begin=1128.411|End=1128.942	_	_	_	_
609-0	TO071	609	609	0	ti	ti	_	_	_	_	_	linguistic	_	none	_	Begin=1129.172	_	_	_	_
609-1	TO071	609	609	1	chiedo	chiedo	_	_	_	_	_	linguistic	_	none	_	_	_	_	_	_
609-2	TO071	609	609	2	come	come	_	_	_	_	_	linguistic	_	none	_	_	_	_	_	_
609-3	TO071	609	609	3	ultime	ultime	_	_	_	_	_	linguistic	_	none	_	_	_	_	_	_
609-4	TO071	609	609	4	domandine,	domandine	_	_	_	_	_	linguistic	_	none	Intonation=WeaklyRising	End=1131.109	_	_	_	_
610-0	TO071	610	610	0	di	di	_	_	_	_	_	linguistic	_	none	_	Begin=1131.456	_	_	_	_
610-1	TO071	610	610	1	raccontarmi	raccontarmi	_	_	_	_	_	linguistic	_	none	_	_	_	_	_	_
610-2	TO071	610	610	2	degli	degli	_	_	_	_	_	linguistic	_	none	_	_	_	_	_	_
610-3	TO071	610	610	3	aneddoti.	aneddoti	_	_	_	_	_	linguistic	_	none	Intonation=Falling	End=1132.875	_	_	_	_
611-0	TO071	611	611	0	okay?	okay	_	_	_	_	_	linguistic	_	none	Intonation=Rising	Begin=1133.513|End=1133.861	_	_	_	_
612-0	TO080	612	612	0	mh	mh	_	_	_	_	_	linguistic	_	none	_	Begin=1133.976|End=1134.175	_	_	_	_
613-0	TO071	613	613	0	allora	allora	_	_	_	_	_	linguistic	_	none	_	Begin=1134.968	_	_	_	_
613-1	TO071	613	613	1	me	me	_	_	_	_	_	linguistic	_	none	_	_	_	_	_	_
613-2	TO071	613	613	2	ne	ne	_	_	_	_	_	linguistic	_	none	_	_	_	_	_	_
613-3	TO071	613	613	3	racconti	racconti	_	_	_	_	_	linguistic	_	none	_	_	_	_	_	_
613-4	TO071	613	613	4	ma	ma	_	_	_	_	_	linguistic	_	none	_	_	_	_	_	_
613-5	TO071	613	613	5	a	a	_	_	_	_	_	linguistic	_	none	_	_	_	_	_	_
613-6	TO071	613	613	6	tuo	tuo	_	_	_	_	_	linguistic	_	none	_	_	_	_	_	_
613-7	TO071	613	613	7	piacimento	piacimento	_	_	_	_	_	linguistic	_	none	_	_	_	_	_	_
613-8	TO071	613	613	8	e::h,	eh	_	_	_	_	_	linguistic	_	none	Intonation=WeaklyRising	End=1138.467	0x2	_	_	_
614-0	TO071	614	614	0	°(insomma)°	insomma	_	_	_	_	_	linguistic	_	none	Volume=low	Begin=1139.132|End=1139.502	_	_	0-7(0)	_
615-0	TO071	615	615	0	cioè	cioè	_	_	_	_	_	linguistic	_	none	_	Begin=1139.765|End=1140.04	_	_	_	_
616-0	TO071	616	616	0	assoluta	assoluta	_	_	_	_	_	linguistic	_	none	_	Begin=1140.456	_	_	_	_
616-1	TO071	616	616	1	ruota	ruota	_	_	_	_	_	linguistic	_	none	_	_	_	_	_	_
616-2	TO071	616	616	2	libera	libera	_	_	_	_	_	linguistic	_	none	_	End=1141.873	_	_	_	_
617-0	TO071	617	617	0	sia	sia	_	_	_	_	_	linguistic	_	none	_	Begin=1142.307	_	_	_	_
617-1	TO071	617	617	1	un	un	_	_	_	_	_	linguistic	_	none	_	_	_	_	_	_
617-2	TO071	617	617	2	aneddoto	aneddoto	_	_	_	_	_	linguistic	_	none	_	_	_	_	_	_
617-3	TO071	617	617	3	su	su	_	_	_	_	_	linguistic	_	none	_	End=1143.969	_	_	_	_
618-0	TO071	618	618	0	cazzo	cazzo	_	_	_	_	_	linguistic	_	none	_	Begin=1144.808	_	_	_	_
618-1	TO071	618	618	1	di	di	_	_	_	_	_	linguistic	_	none	_	_	_	_	_	_
618-2	TO071	618	618	2	mosca	mosca	_	_	_	_	_	linguistic	_	none	_	End=1146.229	_	_	_	_
619-0	TO080	619	619	0	{ride}	{ride}	_	_	_	_	_	nonverbalbehavior	_	none	_	Begin=1146.271|End=1146.588	_	_	_	_
620-0	TO071	620	620	0	sia	sia	_	_	_	_	_	linguistic	_	none	_	Begin=1146.626	_	_	_	_
620-1	TO071	620	620	1	un	un	_	_	_	_	_	linguistic	_	none	_	_	_	_	_	_
620-2	TO071	620	620	2	aneddoto	aneddoto	_	_	_	_	_	linguistic	_	none	_	_	_	_	_	_
620-3	TO071	620	620	3	su:,	su	_	_	_	_	_	linguistic	_	none	Intonation=WeaklyRising	End=1149.335	1x1	_	_	_
621-0	TO071	621	621	0	aspettiamo	aspettiamo	_	_	_	_	_	linguistic	_	none	_	Begin=1149.706	_	_	_	_
621-1	TO071	621	621	1	che	che	_	_	_	_	_	linguistic	_	none	_	_	_	_	_	_
621-2	TO071	621	621	2	[passano]	passano	_	_	_	_	_	linguistic	_	none	_	End=1151.093	_	_	_	0-7(100)
622-0	TO080	622	622	0	[mhmh]	mhmh	_	_	_	_	_	linguistic	_	none	_	Begin=1150.552|End=1151.1	_	_	_	0-4(100)
623-0	TO071	623	623	0	c'	c'	_	_	_	_	_	linguistic	_	none	SpaceAfter=No	Begin=1152.894	_	_	_	_
623-1	TO071	623	623	1	è	è	_	_	_	_	_	linguistic	_	none	_	_	_	_	_	_
623-2	TO071	623	623	2	un	un	_	_	_	_	_	linguistic	_	none	_	_	_	_	_	_
623-3	TO071	623	623	3	po'	po'	_	_	_	_	_	linguistic	_	none	_	_	_	_	_	_
623-4	TO071	623	623	4	di	di	_	_	_	_	_	linguistic	_	none	_	_	_	_	_	_
623-5	TO071	623	623	5	rumore	rumore	_	_	_	_	_	linguistic	_	none	_	End=1153.694	_	_	_	_
624-0	TO071	624	624	0	mamma	mamma	_	_	_	_	_	linguistic	_	none	_	Begin=1154.357	_	_	_	_
624-1	TO071	624	624	1	mia	mia	_	_	_	_	_	linguistic	_	none	_	_	_	_	_	_
624-2	TO071	624	624	2	più	più	_	_	_	_	_	linguistic	_	none	_	_	_	_	_	_
624-3	TO071	624	624	3	brutta	brutta	_	_	_	_	_	linguistic	_	none	_	_	_	_	_	_
624-4	TO071	624	624	4	quella	quella	_	_	_	_	_	linguistic	_	none	_	_	_	_	_	_
624-5	TO071	624	624	5	gonna	gonna	_	_	_	_	_	linguistic	_	none	_	_	_	_	_	_
624-6	TO071	624	624	6	n(on)	non	_	_	_	_	_	linguistic	_	none	_	_	_	_	1-3(0)	_
624-7	TO071	624	624	7	ce	ce	_	_	_	_	_	linguistic	_	none	_	_	_	_	_	_
624-8	TO071	624	624	8	l'	l'	_	_	_	_	_	linguistic	_	none	SpaceAfter=No	_	_	_	_	_
624-9	TO071	624	624	9	aveva?	aveva	_	_	_	_	_	linguistic	_	none	Intonation=Rising	End=1156.264	_	_	_	_
625-0	TO071	625	625	0	e::hm	ehm	_	_	_	_	_	linguistic	_	none	_	Begin=1157.317|End=1158.725	0x2	_	_	_
626-0	TO071	626	626	0	su	su	_	_	_	_	_	linguistic	_	none	_	Begin=1160.035	_	_	_	_
626-1	TO071	626	626	1	una	una	_	_	_	_	_	linguistic	_	none	_	_	_	_	_	_
626-2	TO071	626	626	2	casa,	casa	_	_	_	_	_	linguistic	_	none	Intonation=WeaklyRising	End=1160.793	_	_	_	_
627-0	TO071	627	627	0	okay	okay	_	_	_	_	_	linguistic	_	none	_	Begin=1161.25|End=1161.549	_	_	_	_
628-0	TO080	628	628	0	(la)	la	_	_	_	_	_	linguistic	_	none	_	Begin=1161.549	_	_	0-2(0)	_
628-1	TO080	628	628	1	casa	casa	_	_	_	_	_	linguistic	_	none	_	End=1162.013	_	_	_	_
629-0	TO071	629	629	0	sì	sì	_	_	_	_	_	linguistic	_	none	_	Begin=1162.424|End=1162.775	_	_	_	_
630-0	TO071	630	630	0	e	e	_	_	_	_	_	linguistic	_	none	_	Begin=1163.234	_	_	_	_
630-1	TO071	630	630	1	poi	poi	_	_	_	_	_	linguistic	_	none	_	_	_	_	_	_
630-2	TO071	630	630	2	un	un	_	_	_	_	_	linguistic	_	none	_	_	_	_	_	_
630-3	TO071	630	630	3	aneddoto	aneddoto	_	_	_	_	_	linguistic	_	none	_	_	_	_	_	_
630-4	TO071	630	630	4	sulla,	sulla	_	_	_	_	_	linguistic	_	none	Intonation=WeaklyRising	End=1165.325	_	_	_	_
631-0	TO071	631	631	0	tua	tua	_	_	_	_	_	linguistic	_	none	_	Begin=1165.459	_	_	_	_
631-1	TO071	631	631	1	carriera	carriera	_	_	_	_	_	linguistic	_	none	_	_	_	_	_	_
631-2	TO071	631	631	2	scolastica	scolastica	_	_	_	_	_	linguistic	_	none	_	_	_	_	_	_
631-3	TO071	631	631	3	e	e	_	_	_	_	_	linguistic	_	none	_	_	_	_	_	_
631-4	TO071	631	631	4	o	o	_	_	_	_	_	linguistic	_	none	_	_	_	_	_	_
631-5	TO071	631	631	5	accademica,	accademica	_	_	_	_	_	linguistic	_	none	Intonation=WeaklyRising	End=1168.242	_	_	_	_
632-0	TO071	632	632	0	okay?	okay	_	_	_	_	_	linguistic	_	none	Intonation=Rising	Begin=1168.648|End=1168.989	_	_	_	_
633-0	TO071	633	633	0	puoi	puoi	_	_	_	_	_	linguistic	_	none	_	Begin=1169.232	_	_	_	_
633-1	TO071	633	633	1	scegliere	scegliere	_	_	_	_	_	linguistic	_	none	_	_	_	_	_	_
633-2	TO071	633	633	2	tu	tu	_	_	_	_	_	linguistic	_	none	_	_	_	_	_	_
633-3	TO071	633	633	3	il	il	_	_	_	_	_	linguistic	_	none	_	_	_	_	_	_
633-4	TO071	633	633	4	tipo	tipo	_	_	_	_	_	linguistic	_	none	_	_	_	_	_	_
633-5	TO071	633	633	5	e::	e	_	_	_	_	_	linguistic	_	none	_	End=1171.857	0x2	_	_	_
634-0	TO080	634	634	0	allora	allora	_	_	_	_	_	linguistic	_	none	_	Begin=1174.62	_	_	_	_
634-1	TO080	634	634	1	su	su	_	_	_	_	_	linguistic	_	none	_	_	_	_	_	_
634-2	TO080	634	634	2	una	una	_	_	_	_	_	linguistic	_	none	_	_	_	_	_	_
634-3	TO080	634	634	3	casa	casa	_	_	_	_	_	linguistic	_	none	_	End=1175.847	_	_	_	_
635-0	TO080	635	635	0	va	va	_	_	_	_	_	linguistic	_	none	_	Begin=1176.125	_	_	_	_
635-1	TO080	635	635	1	bene	bene	_	_	_	_	_	linguistic	_	none	_	_	_	_	_	_
635-2	TO080	635	635	2	anche	anche	_	_	_	_	_	linguistic	_	none	_	_	_	_	_	_
635-3	TO080	635	635	3	su	su	_	_	_	_	_	linguistic	_	none	_	_	_	_	_	_
635-4	TO080	635	635	4	vicini?	vicini	_	_	_	_	_	linguistic	_	none	Intonation=Rising	End=1177.25	_	_	_	_
636-0	TO071	636	636	0	assolutamente	assolutamente	_	_	_	_	_	linguistic	_	none	_	Begin=1177.25|End=1178.219	_	_	_	_
637-0	TO080	637	637	0	perché:,	perché	_	_	_	_	_	linguistic	_	none	Intonation=WeaklyRising	Begin=1178.676|End=1179.37	5x1	_	_	_
638-0	TO080	638	638	0	io	io	_	_	_	_	_	linguistic	_	none	_	Begin=1179.804	_	_	_	_
638-1	TO080	638	638	1	e	e	_	_	_	_	_	linguistic	_	none	_	_	_	_	_	_
638-2	TO080	638	638	2	la	la	_	_	_	_	_	linguistic	_	none	_	_	_	_	_	_
638-3	TO080	638	638	3	mia	mia	_	_	_	_	_	linguistic	_	none	_	_	_	_	_	_
638-4	TO080	638	638	4	famiglia,	famiglia	_	_	_	_	_	linguistic	_	none	Intonation=WeaklyRising	End=1180.979	_	_	_	_
639-0	TO080	639	639	0	la	la	_	_	_	_	_	linguistic	_	none	_	Begin=1182.057	_	_	_	_
639-1	TO080	639	639	1	sfiga	sfiga	_	_	_	_	_	linguistic	_	none	_	_	_	_	_	_
639-2	TO080	639	639	2	coi	coi	_	_	_	_	_	linguistic	_	none	_	_	_	_	_	_
639-3	TO080	639	639	3	vicini	vicini	_	_	_	_	_	linguistic	_	none	_	_	_	_	_	_
639-4	TO080	639	639	4	ce	ce	_	_	_	_	_	linguistic	_	none	_	_	_	_	_	_
639-5	TO080	639	639	5	l'	l'	_	_	_	_	_	linguistic	_	none	SpaceAfter=No	_	_	_	_	_
639-6	TO080	639	639	6	abbiamo	abbiamo	_	_	_	_	_	linguistic	_	none	_	_	_	_	_	_
639-7	TO080	639	639	7	mi	mi	_	_	_	_	_	linguistic	_	none	_	_	_	_	_	_
639-8	TO080	639	639	8	sa	sa	_	_	_	_	_	linguistic	_	none	_	_	_	_	_	_
639-9	TO080	639	639	9	nel	nel	_	_	_	_	_	linguistic	_	none	_	_	_	_	_	_
639-10	TO080	639	639	10	di	di	_	_	_	_	_	linguistic	_	none	_	_	_	_	_	_
639-11	TO080	639	639	11	enne	enne	_	_	_	_	_	linguistic	_	none	_	_	_	_	_	_
639-12	TO080	639	639	12	a,	a	_	_	_	_	_	linguistic	_	none	Intonation=WeaklyRising	End=1184.897	_	_	_	_
640-0	TO071	640	640	0	okay	okay	_	_	_	_	_	linguistic	_	none	_	Begin=1184.897|End=1185.457	_	_	_	_
641-0	TO080	641	641	0	e::h	eh	_	_	_	_	_	linguistic	_	none	_	Begin=1185.789	0x2	_	_	_
641-1	TO080	641	641	1	perché,	perché	_	_	_	_	_	linguistic	_	none	Intonation=WeaklyRising	End=1187.379	_	_	_	_
642-0	TO080	642	642	0	vabbè	vabbè	_	_	_	_	_	linguistic	_	none	_	Begin=1187.473	_	_	_	_
642-1	TO080	642	642	1	(nel~)	nel~	_	_	_	_	_	linguistic	_	none	Interrupted=Yes	_	_	_	0-4(0)	_
642-2	TO080	642	642	2	abbiamo	abbiamo	_	_	_	_	_	linguistic	_	none	_	_	_	_	_	_
642-3	TO080	642	642	3	avuto	avuto	_	_	_	_	_	linguistic	_	none	_	End=1189.661	_	_	_	_
643-0	TO080	643	643	0	vari	vari	_	_	_	_	_	linguistic	_	none	_	Begin=1189.904	_	_	_	_
643-1	TO080	643	643	1	problemi	problemi	_	_	_	_	_	linguistic	_	none	_	_	_	_	_	_
643-2	TO080	643	643	2	coi	coi	_	_	_	_	_	linguistic	_	none	_	_	_	_	_	_
643-3	TO080	643	643	3	vicini,	vicini	_	_	_	_	_	linguistic	_	none	Intonation=WeaklyRising	End=1191.465	_	_	_	_
644-0	TO080	644	644	0	in	in	_	_	_	_	_	linguistic	_	none	_	Begin=1191.759	_	_	_	_
644-1	TO080	644	644	1	casa	casa	_	_	_	_	_	linguistic	_	none	_	_	_	_	_	_
644-2	TO080	644	644	2	e	e	_	_	_	_	_	linguistic	_	none	_	_	_	_	_	_
644-3	TO080	644	644	3	[vabbè]	vabbè	_	_	_	_	_	linguistic	_	none	_	End=1192.901	_	_	_	0-5(101)
645-0	TO071	645	645	0	[ahah]	ahah	_	_	_	_	_	linguistic	_	none	_	Begin=1192.323|End=1192.904	_	_	_	0-4(101)
646-0	TO080	646	646	0	e	e	_	_	_	_	_	linguistic	_	none	_	Begin=1193.01	_	_	_	_
646-1	TO080	646	646	1	dici	dici	_	_	_	_	_	linguistic	_	none	_	_	_	_	_	_
646-2	TO080	646	646	2	quelli	quelli	_	_	_	_	_	linguistic	_	none	_	_	_	_	_	_
646-3	TO080	646	646	3	te	te	_	_	_	_	_	linguistic	_	none	_	_	_	_	_	_
646-4	TO080	646	646	4	li	li	_	_	_	_	_	linguistic	_	none	_	_	_	_	_	_
646-5	TO080	646	646	5	devi	devi	_	_	_	_	_	linguistic	_	none	_	_	_	_	_	_
646-6	TO080	646	646	6	tenere	tenere	_	_	_	_	_	linguistic	_	none	_	_	_	_	_	_
646-7	TO080	646	646	7	perché	perché	_	_	_	_	_	linguistic	_	none	_	_	_	_	_	_
646-8	TO080	646	646	8	la	la	_	_	_	_	_	linguistic	_	none	_	_	_	_	_	_
646-9	TO080	646	646	9	casa	casa	_	_	_	_	_	linguistic	_	none	_	End=1195.187	_	_	_	_
647-0	TO080	647	647	0	e:::h	eh	_	_	_	_	_	linguistic	_	none	_	Begin=1196.396|End=1197.626	0x3	_	_	_
648-0	TO071	648	648	0	vabbè	vabbè	_	_	_	_	_	linguistic	_	none	_	Begin=1198.82|End=1199.38	_	_	_	_
649-0	TO071	649	649	0	vai	vai	_	_	_	_	_	linguistic	_	none	_	Begin=1200.195	_	_	_	_
649-1	TO071	649	649	1	continua	continua	_	_	_	_	_	linguistic	_	none	_	_	_	_	_	_
649-2	TO071	649	649	2	continua	continua	_	_	_	_	_	linguistic	_	none	_	End=1201.233	_	_	_	_
650-0	TO080	650	650	0	eh	eh	_	_	_	_	_	linguistic	_	none	_	Begin=1201.496	_	_	_	_
650-1	TO080	650	650	1	perché	perché	_	_	_	_	_	linguistic	_	none	_	_	_	_	_	_
650-2	TO080	650	650	2	la	la	_	_	_	_	_	linguistic	_	none	_	_	_	_	_	_
650-3	TO080	650	650	3	casa	casa	_	_	_	_	_	linguistic	_	none	_	_	_	_	_	_
650-4	TO080	650	650	4	l'	l'	_	_	_	_	_	linguistic	_	none	SpaceAfter=No	_	_	_	_	_
650-5	TO080	650	650	5	hai	hai	_	_	_	_	_	linguistic	_	none	_	_	_	_	_	_
650-6	TO080	650	650	6	comprata	comprata	_	_	_	_	_	linguistic	_	none	_	_	_	_	_	_
650-7	TO080	650	650	7	e	e	_	_	_	_	_	linguistic	_	none	_	_	_	_	_	_
650-8	TO080	650	650	8	devi	devi	_	_	_	_	_	linguistic	_	none	_	_	_	_	_	_
650-9	TO080	650	650	9	stare	stare	_	_	_	_	_	linguistic	_	none	_	_	_	_	_	_
650-10	TO080	650	650	10	lì	lì	_	_	_	_	_	linguistic	_	none	_	_	_	_	_	_
650-11	TO080	650	650	11	[e	e	_	_	_	_	_	linguistic	_	none	_	_	_	_	_	0-1(102)
650-12	TO080	650	650	12	vabbè]	vabbè	_	_	_	_	_	linguistic	_	none	_	End=1204.584	_	_	_	0-5(102)
651-0	TO071	651	651	0	[certo]	certo	_	_	_	_	_	linguistic	_	none	_	Begin=1203.925|End=1204.396	_	_	_	0-5(102)
652-0	TO080	652	652	0	poi	poi	_	_	_	_	_	linguistic	_	none	_	Begin=1204.849	_	_	_	_
652-1	TO080	652	652	1	mi	mi	_	_	_	_	_	linguistic	_	none	_	_	_	_	_	_
652-2	TO080	652	652	2	sono	sono	_	_	_	_	_	linguistic	_	none	_	_	_	_	_	_
652-3	TO080	652	652	3	trasferita	trasferita	_	_	_	_	_	linguistic	_	none	_	_	_	_	_	_
652-4	TO080	652	652	4	qua	qua	_	_	_	_	_	linguistic	_	none	_	_	_	_	_	_
652-5	TO080	652	652	5	a	a	_	_	_	_	_	linguistic	_	none	_	_	_	_	_	_
652-6	TO080	652	652	6	torino,	torino	_	_	_	_	_	linguistic	_	none	Intonation=WeaklyRising	End=1206.435	_	_	_	_
653-0	TO071	653	653	0	[altri	altri	_	_	_	_	_	linguistic	_	none	_	Begin=1207.511	_	_	_	0-5(103)
653-1	TO071	653	653	1	problemi]	problemi	_	_	_	_	_	linguistic	_	none	_	End=1208.448	_	_	_	0-8(103)
654-0	TO080	654	654	0	[i	i	_	_	_	_	_	linguistic	_	none	_	Begin=1207.511	_	_	_	0-1(103)
654-1	TO080	654	654	1	miei	miei	_	_	_	_	_	linguistic	_	none	_	_	_	_	_	0-4(103)
654-2	TO080	654	654	2	vicini]	vicini	_	_	_	_	_	linguistic	_	none	_	End=1208.448	_	_	_	0-6(103)
655-0	TO080	655	655	0	che	che	_	_	_	_	_	linguistic	_	none	_	Begin=1208.577	_	_	_	_
655-1	TO080	655	655	1	ho	ho	_	_	_	_	_	linguistic	_	none	_	_	_	_	_	_
655-2	TO080	655	655	2	trovato,	trovato	_	_	_	_	_	linguistic	_	none	Intonation=WeaklyRising	End=1209.457	_	_	_	_
656-0	TO080	656	656	0	erano	erano	_	_	_	_	_	linguistic	_	none	_	Begin=1209.557|End=1210.181	_	_	_	_
657-0	TO080	657	657	0	a	a	_	_	_	_	_	linguistic	_	none	_	Begin=1210.966	_	_	_	_
657-1	TO080	657	657	1	un	un	_	_	_	_	_	linguistic	_	none	_	_	_	_	_	_
657-2	TO080	657	657	2	altro	altro	_	_	_	_	_	linguistic	_	none	_	_	_	_	_	_
657-3	TO080	657	657	3	livello	livello	_	_	_	_	_	linguistic	_	none	_	End=1211.926	_	_	_	_
658-0	TO080	658	658	0	perché	perché	_	_	_	_	_	linguistic	_	none	_	Begin=1212.406	_	_	_	_
658-1	TO080	658	658	1	erano	erano	_	_	_	_	_	linguistic	_	none	_	_	_	_	_	_
658-2	TO080	658	658	2	giovani,	giovani	_	_	_	_	_	linguistic	_	none	Intonation=WeaklyRising	End=1213.703	_	_	_	_
659-0	TO071	659	659	0	mhmh	mhmh	_	_	_	_	_	linguistic	_	none	_	Begin=1213.703|End=1214.168	_	_	_	_
660-0	TO080	660	660	0	comunque	comunque	_	_	_	_	_	linguistic	_	none	_	Begin=1214.23	_	_	_	_
660-1	TO080	660	660	1	avranno	avranno	_	_	_	_	_	linguistic	_	none	_	_	_	_	_	_
660-2	TO080	660	660	2	trentacinque	trentacinque	_	_	_	_	_	linguistic	_	none	_	_	_	_	_	_
660-3	TO080	660	660	3	quarant'	quarant'	_	_	_	_	_	linguistic	_	none	SpaceAfter=No	_	_	_	_	_
660-4	TO080	660	660	4	anni,	anni	_	_	_	_	_	linguistic	_	none	Intonation=WeaklyRising	End=1217.733	_	_	_	_
661-0	TO080	661	661	0	e	e	_	_	_	_	_	linguistic	_	none	_	Begin=1219.862	_	_	_	_
661-1	TO080	661	661	1	mi	mi	_	_	_	_	_	linguistic	_	none	_	_	_	_	_	_
661-2	TO080	661	661	2	hanno	hanno	_	_	_	_	_	linguistic	_	none	_	_	_	_	_	_
661-3	TO080	661	661	3	fatto	fatto	_	_	_	_	_	linguistic	_	none	_	_	_	_	_	_
661-4	TO080	661	661	4	disperare	disperare	_	_	_	_	_	linguistic	_	none	_	_	_	_	_	_
661-5	TO080	661	661	5	per	per	_	_	_	_	_	linguistic	_	none	_	_	_	_	_	_
661-6	TO080	661	661	6	il	il	_	_	_	_	_	linguistic	_	none	_	_	_	_	_	_
661-7	TO080	661	661	7	primo	primo	_	_	_	_	_	linguistic	_	none	_	_	_	_	_	_
661-8	TO080	661	661	8	periodo.	periodo	_	_	_	_	_	linguistic	_	none	Intonation=Falling	End=1222.063	_	_	_	_
662-0	TO080	662	662	0	tra	tra	_	_	_	_	_	linguistic	_	none	_	Begin=1222.084	_	_	_	_
662-1	TO080	662	662	1	l'	l'	_	_	_	_	_	linguistic	_	none	SpaceAfter=No	_	_	_	_	_
662-2	TO080	662	662	2	altro	altro	_	_	_	_	_	linguistic	_	none	_	_	_	_	_	_
662-3	TO080	662	662	3	devono	devono	_	_	_	_	_	linguistic	_	none	_	_	_	_	_	_
662-4	TO080	662	662	4	trasferirsi	trasferirsi	_	_	_	_	_	linguistic	_	none	_	End=1223.526	_	_	_	_
663-0	TO080	663	663	0	quindi	quindi	_	_	_	_	_	linguistic	_	none	_	Begin=1223.588|End=1224.161	_	_	_	_
664-0	TO080	664	664	0	non	non	_	_	_	_	_	linguistic	_	none	_	Begin=1224.408	_	_	_	_
664-1	TO080	664	664	1	è	è	_	_	_	_	_	linguistic	_	none	_	_	_	_	_	_
664-2	TO080	664	664	2	che	che	_	_	_	_	_	linguistic	_	none	_	_	_	_	_	_
664-3	TO080	664	664	3	dici,	dici	_	_	_	_	_	linguistic	_	none	Intonation=WeaklyRising	End=1225.612	_	_	_	_
665-0	TO071	665	665	0	ma	ma	_	_	_	_	_	linguistic	_	none	_	Begin=1226.085	_	_	_	_
665-1	TO071	665	665	1	trentacinque	trentacinque	_	_	_	_	_	linguistic	_	none	_	_	_	_	_	_
665-2	TO071	665	665	2	quarant'	quarant'	_	_	_	_	_	linguistic	_	none	SpaceAfter=No	_	_	_	_	_
665-3	TO071	665	665	3	anni	anni	_	_	_	_	_	linguistic	_	none	_	_	_	_	_	_
665-4	TO071	665	665	4	sono	sono	_	_	_	_	_	linguistic	_	none	_	_	_	_	_	_
665-5	TO071	665	665	5	una	una	_	_	_	_	_	linguistic	_	none	_	_	_	_	_	_
665-6	TO071	665	665	6	cop[pia	coppia	_	_	_	_	_	linguistic	_	none	_	_	_	_	_	2-6(104)
665-7	TO071	665	665	7	o	o	_	_	_	_	_	linguistic	_	none	_	_	_	_	_	0-1(104)
665-8	TO071	665	665	8	erano]?	erano	_	_	_	_	_	linguistic	_	none	Intonation=Rising	End=1229.188	_	_	_	0-5(104)
666-0	TO080	666	666	0	[sono	sono	_	_	_	_	_	linguistic	_	none	_	Begin=1228.361	_	_	_	0-4(104)
666-1	TO080	666	666	1	una	una	_	_	_	_	_	linguistic	_	none	_	_	_	_	_	0-3(104)
666-2	TO080	666	666	2	co]ppia	coppia	_	_	_	_	_	linguistic	_	none	_	_	_	_	_	0-2(104)
666-3	TO080	666	666	3	con	con	_	_	_	_	_	linguistic	_	none	_	_	_	_	_	_
666-4	TO080	666	666	4	bambini	bambini	_	_	_	_	_	linguistic	_	none	_	_	_	_	_	_
666-5	TO080	666	666	5	piccolissimi,	piccolissimi	_	_	_	_	_	linguistic	_	none	Intonation=WeaklyRising	End=1230.985	_	_	_	_
667-0	TO080	667	667	0	piccolini	piccolini	_	_	_	_	_	linguistic	_	none	_	Begin=1231.316|End=1231.704	_	_	_	_
668-0	TO071	668	668	0	okay	okay	_	_	_	_	_	linguistic	_	none	_	Begin=1231.704|End=1232.133	_	_	_	_
669-0	TO080	669	669	0	e::	e	_	_	_	_	_	linguistic	_	none	_	Begin=1232.366	0x2	_	_	_
669-1	TO080	669	669	1	no	no	_	_	_	_	_	linguistic	_	none	_	_	_	_	_	_
669-2	TO080	669	669	2	praticamente::	praticamente	_	_	_	_	_	linguistic	_	none	_	End=1234.904	11x2	_	_	_
670-0	TO080	670	670	0	il	il	_	_	_	_	_	linguistic	_	none	_	Begin=1235.048	_	_	_	_
670-1	TO080	670	670	1	fatto	fatto	_	_	_	_	_	linguistic	_	none	_	_	_	_	_	_
670-2	TO080	670	670	2	è	è	_	_	_	_	_	linguistic	_	none	_	_	_	_	_	_
670-3	TO080	670	670	3	che	che	_	_	_	_	_	linguistic	_	none	_	_	_	_	_	_
670-4	TO080	670	670	4	avevo::	avevo	_	_	_	_	_	linguistic	_	none	_	_	4x2	_	_	_
670-5	TO080	670	670	5	m:h	mh	_	_	_	_	_	linguistic	_	none	_	End=1236.93	0x1	_	_	_
671-0	TO080	671	671	0	ne:ll'	nell'	_	_	_	_	_	linguistic	_	none	SpaceAfter=No	Begin=1237.697	1x1	_	_	_
671-1	TO080	671	671	1	appartamento	appartamento	_	_	_	_	_	linguistic	_	none	_	_	_	_	_	_
671-2	TO080	671	671	2	dove	dove	_	_	_	_	_	linguistic	_	none	_	_	_	_	_	_
671-3	TO080	671	671	3	sto	sto	_	_	_	_	_	linguistic	_	none	_	_	_	_	_	_
671-4	TO080	671	671	4	non	non	_	_	_	_	_	linguistic	_	none	_	_	_	_	_	_
671-5	TO080	671	671	5	c'	c'	_	_	_	_	_	linguistic	_	none	SpaceAfter=No	_	_	_	_	_
671-6	TO080	671	671	6	è	è	_	_	_	_	_	linguistic	_	none	_	_	_	_	_	_
671-7	TO080	671	671	7	una	una	_	_	_	_	_	linguistic	_	none	_	_	_	_	_	_
671-8	TO080	671	671	8	presa	presa	_	_	_	_	_	linguistic	_	none	_	_	_	_	_	_
671-9	TO080	671	671	9	d'	d'	_	_	_	_	_	linguistic	_	none	SpaceAfter=No	_	_	_	_	_
671-10	TO080	671	671	10	aria	aria	_	_	_	_	_	linguistic	_	none	_	End=1241.02	_	_	_	_
672-0	TO071	672	672	0	cioè	cioè	_	_	_	_	_	linguistic	_	none	_	Begin=1242.037	_	_	_	_
672-1	TO071	672	672	1	non	non	_	_	_	_	_	linguistic	_	none	_	_	_	_	_	_
672-2	TO071	672	672	2	ci	ci	_	_	_	_	_	linguistic	_	none	_	_	_	_	_	_
672-3	TO071	672	672	3	sono	sono	_	_	_	_	_	linguistic	_	none	_	_	_	_	_	_
672-4	TO071	672	672	4	finestre?	finestre	_	_	_	_	_	linguistic	_	none	Intonation=Rising	End=1243.165	_	_	_	_
673-0	TO080	673	673	0	no	no	_	_	_	_	_	linguistic	_	none	_	Begin=1243.165	_	_	_	_
673-1	TO080	673	673	1	no	no	_	_	_	_	_	linguistic	_	none	_	_	_	_	_	_
673-2	TO080	673	673	2	le	le	_	_	_	_	_	linguistic	_	none	_	_	_	_	_	_
673-3	TO080	673	673	3	finestre	finestre	_	_	_	_	_	linguistic	_	none	_	_	_	_	_	_
673-4	TO080	673	673	4	ci	ci	_	_	_	_	_	linguistic	_	none	_	_	_	_	_	_
673-5	TO080	673	673	5	sono	sono	_	_	_	_	_	linguistic	_	none	_	_	_	_	_	_
673-6	TO080	673	673	6	ma	ma	_	_	_	_	_	linguistic	_	none	_	_	_	_	_	_
673-7	TO080	673	673	7	bisognava	bisognava	_	_	_	_	_	linguistic	_	none	_	_	_	_	_	_
673-8	TO080	673	673	8	fare	fare	_	_	_	_	_	linguistic	_	none	_	_	_	_	_	_
673-9	TO080	673	673	9	un	un	_	_	_	_	_	linguistic	_	none	_	_	_	_	_	_
673-10	TO080	673	673	10	buco,	buco	_	_	_	_	_	linguistic	_	none	Intonation=WeaklyRising	End=1246.05	_	_	_	_
674-0	TO080	674	674	0	praticamente	praticamente	_	_	_	_	_	linguistic	_	none	_	Begin=1246.089|End=1246.742	_	_	_	_
675-0	TO071	675	675	0	va	va	_	_	_	_	_	linguistic	_	none	_	Begin=1246.742	_	_	_	_
675-1	TO071	675	675	1	bene	bene	_	_	_	_	_	linguistic	_	none	_	End=1247.344	_	_	_	_
676-0	TO080	676	676	0	e::hm	ehm	_	_	_	_	_	linguistic	_	none	_	Begin=1247.836	0x2	_	_	_
676-1	TO080	676	676	1	coi	coi	_	_	_	_	_	linguistic	_	none	_	_	_	_	_	_
676-2	TO080	676	676	2	vicini	vicini	_	_	_	_	_	linguistic	_	none	_	_	_	_	_	_
676-3	TO080	676	676	3	dividiamo	dividiamo	_	_	_	_	_	linguistic	_	none	_	_	_	_	_	_
676-4	TO080	676	676	4	un	un	_	_	_	_	_	linguistic	_	none	_	_	_	_	_	_
676-5	TO080	676	676	5	appartamento	appartamento	_	_	_	_	_	linguistic	_	none	_	_	_	_	_	_
676-6	TO080	676	676	6	eh	eh	_	_	_	_	_	linguistic	_	none	_	_	_	_	_	_
676-7	TO080	676	676	7	un	un	_	_	_	_	_	linguistic	_	none	_	_	_	_	_	_
676-8	TO080	676	676	8	appartamento	appartamento	_	_	_	_	_	linguistic	_	none	_	_	_	_	_	_
676-9	TO080	676	676	9	un	un	_	_	_	_	_	linguistic	_	none	_	_	_	_	_	_
676-10	TO080	676	676	10	corridoio	corridoio	_	_	_	_	_	linguistic	_	none	_	_	_	_	_	_
676-11	TO080	676	676	11	in	in	_	_	_	_	_	linguistic	_	none	_	_	_	_	_	_
676-12	TO080	676	676	12	comune,	comune	_	_	_	_	_	linguistic	_	none	Intonation=WeaklyRising	End=1252.892	_	_	_	_
677-0	TO071	677	677	0	mhmmh,	mhmmh	_	_	_	_	_	linguistic	_	none	Intonation=WeaklyRising	Begin=1252.892|End=1253.406	_	_	_	_
678-0	TO080	678	678	0	e	e	_	_	_	_	_	linguistic	_	none	_	Begin=1253.66	_	_	_	_
678-1	TO080	678	678	1	poi	poi	_	_	_	_	_	linguistic	_	none	_	_	_	_	_	_
678-2	TO080	678	678	2	c'	c'	_	_	_	_	_	linguistic	_	none	SpaceAfter=No	_	_	_	_	_
678-3	TO080	678	678	3	è	è	_	_	_	_	_	linguistic	_	none	_	_	_	_	_	_
678-4	TO080	678	678	4	una	una	_	_	_	_	_	linguistic	_	none	_	_	_	_	_	_
678-5	TO080	678	678	5	porta,	porta	_	_	_	_	_	linguistic	_	none	Intonation=WeaklyRising	End=1254.637	_	_	_	_
679-0	TO080	679	679	0	però	però	_	_	_	_	_	linguistic	_	none	_	Begin=1255.618	_	_	_	_
679-1	TO080	679	679	1	sono	sono	_	_	_	_	_	linguistic	_	none	_	_	_	_	_	_
679-2	TO080	679	679	2	appartamenti	appartamenti	_	_	_	_	_	linguistic	_	none	_	_	_	_	_	_
679-3	TO080	679	679	3	divisi	divisi	_	_	_	_	_	linguistic	_	none	_	_	_	_	_	_
679-4	TO080	679	679	4	non	non	_	_	_	_	_	linguistic	_	none	_	_	_	_	_	_
679-5	TO080	679	679	5	è	è	_	_	_	_	_	linguistic	_	none	_	_	_	_	_	_
679-6	TO080	679	679	6	che	che	_	_	_	_	_	linguistic	_	none	_	End=1257.544	_	_	_	_
680-0	TO080	680	680	0	e	e	_	_	_	_	_	linguistic	_	none	_	Begin=1258.369	_	_	_	_
680-1	TO080	680	680	1	il	il	_	_	_	_	_	linguistic	_	none	_	_	_	_	_	_
680-2	TO080	680	680	2	buco	buco	_	_	_	_	_	linguistic	_	none	_	_	_	_	_	_
680-3	TO080	680	680	3	a~	a~	_	_	_	_	_	linguistic	_	none	Interrupted=Yes	_	_	_	_	_
680-4	TO080	680	680	4	m::h	mh	_	_	_	_	_	linguistic	_	none	_	_	0x2	_	_	_
680-5	TO080	680	680	5	andava	andava	_	_	_	_	_	linguistic	_	none	_	_	_	_	_	_
680-6	TO080	680	680	6	fatto	fatto	_	_	_	_	_	linguistic	_	none	_	_	_	_	_	_
680-7	TO080	680	680	7	per	per	_	_	_	_	_	linguistic	_	none	_	_	_	_	_	_
680-8	TO080	680	680	8	forza	forza	_	_	_	_	_	linguistic	_	none	_	_	_	_	_	_
680-9	TO080	680	680	9	su	su	_	_	_	_	_	linguistic	_	none	_	_	_	_	_	_
680-10	TO080	680	680	10	questo	questo	_	_	_	_	_	linguistic	_	none	_	_	_	_	_	_
680-11	TO080	680	680	11	corridoio	corridoio	_	_	_	_	_	linguistic	_	none	_	_	_	_	_	_
680-12	TO080	680	680	12	in	in	_	_	_	_	_	linguistic	_	none	_	_	_	_	_	_
680-13	TO080	680	680	13	comune,	comune	_	_	_	_	_	linguistic	_	none	Intonation=WeaklyRising	End=1263.565	_	_	_	_
681-0	TO080	681	681	0	per	per	_	_	_	_	_	linguistic	_	none	_	Begin=1264.415	_	_	_	_
681-1	TO080	681	681	1	questioni	questioni	_	_	_	_	_	linguistic	_	none	_	_	_	_	_	_
681-2	TO080	681	681	2	proprio	proprio	_	_	_	_	_	linguistic	_	none	_	_	_	_	_	_
681-3	TO080	681	681	3	di:	di	_	_	_	_	_	linguistic	_	none	_	_	1x1	_	_	_
681-4	TO080	681	681	4	di	di	_	_	_	_	_	linguistic	_	none	_	_	_	_	_	_
681-5	TO080	681	681	5	sicurezza,	sicurezza	_	_	_	_	_	linguistic	_	none	Intonation=WeaklyRising	End=1267.243	_	_	_	_
682-0	TO080	682	682	0	perché	perché	_	_	_	_	_	linguistic	_	none	_	Begin=1267.469	_	_	_	_
682-1	TO080	682	682	1	se	se	_	_	_	_	_	linguistic	_	none	_	_	_	_	_	_
682-2	TO080	682	682	2	c'	c'	_	_	_	_	_	linguistic	_	none	SpaceAfter=No	_	_	_	_	_
682-3	TO080	682	682	3	era	era	_	_	_	_	_	linguistic	_	none	_	_	_	_	_	_
682-4	TO080	682	682	4	una	una	_	_	_	_	_	linguistic	_	none	_	_	_	_	_	_
682-5	TO080	682	682	5	fuga	fuga	_	_	_	_	_	linguistic	_	none	_	_	_	_	_	_
682-6	TO080	682	682	6	di:	di	_	_	_	_	_	linguistic	_	none	_	_	1x1	_	_	_
682-7	TO080	682	682	7	di	di	_	_	_	_	_	linguistic	_	none	_	_	_	_	_	_
682-8	TO080	682	682	8	gas,	gas	_	_	_	_	_	linguistic	_	none	Intonation=WeaklyRising	End=1269.388	_	_	_	_
683-0	TO080	683	683	0	e:::hm	ehm	_	_	_	_	_	linguistic	_	none	_	Begin=1270.183|End=1271.706	0x3	_	_	_
684-0	TO080	684	684	0	questa	questa	_	_	_	_	_	linguistic	_	none	_	Begin=1271.867	_	_	_	_
684-1	TO080	684	684	1	presa	presa	_	_	_	_	_	linguistic	_	none	_	_	_	_	_	_
684-2	TO080	684	684	2	d'	d'	_	_	_	_	_	linguistic	_	none	SpaceAfter=No	_	_	_	_	_
684-3	TO080	684	684	3	aria	aria	_	_	_	_	_	linguistic	_	none	_	_	_	_	_	_
684-4	TO080	684	684	4	permetteva	permetteva	_	_	_	_	_	linguistic	_	none	_	_	_	_	_	_
684-5	TO080	684	684	5	di	di	_	_	_	_	_	linguistic	_	none	_	_	_	_	_	_
684-6	TO080	684	684	6	en~	en~	_	_	_	_	_	linguistic	_	none	Interrupted=Yes	_	_	_	_	_
684-7	TO080	684	684	7	far	far	_	_	_	_	_	linguistic	_	none	_	_	_	_	_	_
684-8	TO080	684	684	8	entrare	entrare	_	_	_	_	_	linguistic	_	none	_	_	_	_	_	_
684-9	TO080	684	684	9	l'	l'	_	_	_	_	_	linguistic	_	none	SpaceAfter=No	_	_	_	_	_
684-10	TO080	684	684	10	aria	aria	_	_	_	_	_	linguistic	_	none	_	_	_	_	_	_
684-11	TO080	684	684	11	così	così	_	_	_	_	_	linguistic	_	none	_	_	_	_	_	_
684-12	TO080	684	684	12	che	che	_	_	_	_	_	linguistic	_	none	_	_	_	_	_	_
684-13	TO080	684	684	13	io	io	_	_	_	_	_	linguistic	_	none	_	_	_	_	_	_
684-14	TO080	684	684	14	poteessi	poteessi	_	_	_	_	_	linguistic	_	none	_	_	_	_	_	_
684-15	TO080	684	684	15	comunque	comunque	_	_	_	_	_	linguistic	_	none	_	_	_	_	_	_
684-16	TO080	684	684	16	respirare	respirare	_	_	_	_	_	linguistic	_	none	_	_	_	_	_	_
684-17	TO080	684	684	17	e	e	_	_	_	_	_	linguistic	_	none	_	_	_	_	_	_
684-18	TO080	684	684	18	non	non	_	_	_	_	_	linguistic	_	none	_	_	_	_	_	_
684-19	TO080	684	684	19	crepare.	crepare	_	_	_	_	_	linguistic	_	none	Intonation=Falling	End=1277.016	_	_	_	_
685-0	TO071	685	685	0	vivere	vivere	_	_	_	_	_	linguistic	_	none	_	Begin=1277.011	_	_	_	_
685-1	TO071	685	685	1	ok[ay]	okay	_	_	_	_	_	linguistic	_	none	_	_	_	_	_	2-4(?)
685-2	TO071	685	685	2	{ride}	{ride}	_	_	_	_	_	nonverbalbehavior	_	none	_	End=1278.012	_	_	_	_
686-0	TO080	686	686	0	[es]atto	esatto	_	_	_	_	_	linguistic	_	none	_	Begin=1277.838|End=1278.36	_	_	_	0-2(106)
687-0	TO080	687	687	0	e::	e	_	_	_	_	_	linguistic	_	none	_	Begin=1279.11	0x2	_	_	_
687-1	TO080	687	687	1	praticamente	praticamente	_	_	_	_	_	linguistic	_	none	_	_	_	_	_	_
687-2	TO080	687	687	2	questi	questi	_	_	_	_	_	linguistic	_	none	_	_	_	_	_	_
687-3	TO080	687	687	3	vicini	vicini	_	_	_	_	_	linguistic	_	none	_	_	_	_	_	_
687-4	TO080	687	687	4	han	han	_	_	_	_	_	linguistic	_	none	_	_	_	_	_	_
687-5	TO080	687	687	5	fatto	fatto	_	_	_	_	_	linguistic	_	none	_	_	_	_	_	_
687-6	TO080	687	687	6	di	di	_	_	_	_	_	linguistic	_	none	_	_	_	_	_	_
687-7	TO080	687	687	7	tutto,	tutto	_	_	_	_	_	linguistic	_	none	Intonation=WeaklyRising	End=1282.375	_	_	_	_
688-0	TO080	688	688	0	perché	perché	_	_	_	_	_	linguistic	_	none	_	Begin=1282.422	_	_	_	_
688-1	TO080	688	688	1	io	io	_	_	_	_	_	linguistic	_	none	_	_	_	_	_	_
688-2	TO080	688	688	2	non	non	_	_	_	_	_	linguistic	_	none	_	_	_	_	_	_
688-3	TO080	688	688	3	fac~	fac~	_	_	_	_	_	linguistic	_	none	Interrupted=Yes	_	_	_	_	_
688-4	TO080	688	688	4	non	non	_	_	_	_	_	linguistic	_	none	_	_	_	_	_	_
688-5	TO080	688	688	5	e::h	eh	_	_	_	_	_	linguistic	_	none	_	End=1284.881	0x2	_	_	_
689-0	TO080	689	689	0	non::	non	_	_	_	_	_	linguistic	_	none	_	Begin=1284.936|End=1285.579	2x2	_	_	_
690-0	TO080	690	690	0	perché	perché	_	_	_	_	_	linguistic	_	none	_	Begin=1285.827	_	_	_	_
690-1	TO080	690	690	1	io	io	_	_	_	_	_	linguistic	_	none	_	_	_	_	_	_
690-2	TO080	690	690	2	non	non	_	_	_	_	_	linguistic	_	none	_	_	_	_	_	_
690-3	TO080	690	690	3	non	non	_	_	_	_	_	linguistic	_	none	_	_	_	_	_	_
690-4	TO080	690	690	4	potessi	potessi	_	_	_	_	_	linguistic	_	none	_	_	_	_	_	_
690-5	TO080	690	690	5	fare	fare	_	_	_	_	_	linguistic	_	none	_	_	_	_	_	_
690-6	TO080	690	690	6	questo	questo	_	_	_	_	_	linguistic	_	none	_	_	_	_	_	_
690-7	TO080	690	690	7	buco,	buco	_	_	_	_	_	linguistic	_	none	Intonation=WeaklyRising	End=1288.155	_	_	_	_
691-0	TO071	691	691	0	e	e	_	_	_	_	_	linguistic	_	none	_	Begin=1288.155	_	_	_	_
691-1	TO071	691	691	1	perché?	perché	_	_	_	_	_	linguistic	_	none	Intonation=Rising	End=1288.917	_	_	_	_
692-0	TO080	692	692	0	perché	perché	_	_	_	_	_	linguistic	_	none	_	Begin=1289.407	_	_	_	_
692-1	TO080	692	692	1	dicevano	dicevano	_	_	_	_	_	linguistic	_	none	_	_	_	_	_	_
692-2	TO080	692	692	2	che	che	_	_	_	_	_	linguistic	_	none	_	_	_	_	_	_
692-3	TO080	692	692	3	poi	poi	_	_	_	_	_	linguistic	_	none	_	_	_	_	_	_
692-4	TO080	692	692	4	gli	gli	_	_	_	_	_	linguistic	_	none	_	_	_	_	_	_
692-5	TO080	692	692	5	odori	odori	_	_	_	_	_	linguistic	_	none	_	_	_	_	_	_
692-6	TO080	692	692	6	della	della	_	_	_	_	_	linguistic	_	none	_	_	_	_	_	_
692-7	TO080	692	692	7	cucina	cucina	_	_	_	_	_	linguistic	_	none	_	_	_	_	_	_
692-8	TO080	692	692	8	si	si	_	_	_	_	_	linguistic	_	none	_	_	_	_	_	_
692-9	TO080	692	692	9	sarebbero	sarebbero	_	_	_	_	_	linguistic	_	none	_	_	_	_	_	_
692-10	TO080	692	692	10	riversati	riversati	_	_	_	_	_	linguistic	_	none	PauseAfter=Yes	_	_	_	_	_
692-11	TO080	692	692	11	{P}	{P}	_	_	_	_	_	shortpause	_	none	_	_	_	_	_	_
692-12	TO080	692	692	12	[su]l	sul	_	_	_	_	_	linguistic	_	none	_	_	_	_	_	0-2(107)
692-13	TO080	692	692	13	corridoio	corridoio	_	_	_	_	_	linguistic	_	none	_	End=1295.526	_	_	_	_
693-0	TO071	693	693	0	[ecco]	ecco	_	_	_	_	_	linguistic	_	none	_	Begin=1294.134|End=1294.692	_	_	_	0-4(107)
694-0	TO080	694	694	0	cosa	cosa	_	_	_	_	_	linguistic	_	none	_	Begin=1295.832	_	_	_	_
694-1	TO080	694	694	1	che	che	_	_	_	_	_	linguistic	_	none	_	_	_	_	_	_
694-2	TO080	694	694	2	non	non	_	_	_	_	_	linguistic	_	none	_	_	_	_	_	_
694-3	TO080	694	694	3	è	è	_	_	_	_	_	linguistic	_	none	_	_	_	_	_	_
694-4	TO080	694	694	4	vera	vera	_	_	_	_	_	linguistic	_	none	_	_	_	_	_	_
694-5	TO080	694	694	5	perché	perché	_	_	_	_	_	linguistic	_	none	_	_	_	_	_	_
694-6	TO080	694	694	6	quel	quel	_	_	_	_	_	linguistic	_	none	_	_	_	_	_	_
694-7	TO080	694	694	7	buco	buco	_	_	_	_	_	linguistic	_	none	_	_	_	_	_	_
694-8	TO080	694	694	8	serve	serve	_	_	_	_	_	linguistic	_	none	_	_	_	_	_	_
694-9	TO080	694	694	9	a	a	_	_	_	_	_	linguistic	_	none	_	_	_	_	_	_
694-10	TO080	694	694	10	far	far	_	_	_	_	_	linguistic	_	none	_	_	_	_	_	_
694-11	TO080	694	694	11	entrare	entrare	_	_	_	_	_	linguistic	_	none	_	_	_	_	_	_
694-12	TO080	694	694	12	l'	l'	_	_	_	_	_	linguistic	_	none	SpaceAfter=No	_	_	_	_	_
694-13	TO080	694	694	13	aria	aria	_	_	_	_	_	linguistic	_	none	_	_	_	_	_	_
694-14	TO080	694	694	14	e	e	_	_	_	_	_	linguistic	_	none	_	_	_	_	_	_
694-15	TO080	694	694	15	non	non	_	_	_	_	_	linguistic	_	none	_	_	_	_	_	_
694-16	TO080	694	694	16	farla	farla	_	_	_	_	_	linguistic	_	none	_	_	_	_	_	_
694-17	TO080	694	694	17	ucire.	ucire	_	_	_	_	_	linguistic	_	none	Intonation=Falling	End=1299.356	_	_	_	_
695-0	TO071	695	695	0	okay	okay	_	_	_	_	_	linguistic	_	none	_	Begin=1299.385	_	_	_	_
695-1	TO071	695	695	1	certo	certo	_	_	_	_	_	linguistic	_	none	_	_	_	_	_	_
695-2	TO071	695	695	2	chiaro	chiaro	_	_	_	_	_	linguistic	_	none	_	End=1300.661	_	_	_	_
696-0	TO080	696	696	0	e::	e	_	_	_	_	_	linguistic	_	none	_	Begin=1301.341	0x2	_	_	_
696-1	TO080	696	696	1	quindi::	quindi	_	_	_	_	_	linguistic	_	none	_	_	5x2	_	_	_
696-2	TO080	696	696	2	vabbè	vabbè	_	_	_	_	_	linguistic	_	none	_	_	_	_	_	_
696-3	TO080	696	696	3	varie	varie	_	_	_	_	_	linguistic	_	none	_	_	_	_	_	_
696-4	TO080	696	696	4	storie	storie	_	_	_	_	_	linguistic	_	none	_	_	_	_	_	_
696-5	TO080	696	696	5	proprio	proprio	_	_	_	_	_	linguistic	_	none	_	_	_	_	_	_
696-6	TO080	696	696	6	litigate	litigate	_	_	_	_	_	linguistic	_	none	_	_	_	_	_	_
696-7	TO080	696	696	7	eh	eh	_	_	_	_	_	linguistic	_	none	_	End=1305.329	_	_	_	_
697-0	TO080	697	697	0	e	e	_	_	_	_	_	linguistic	_	none	_	Begin=1305.826	_	_	_	_
697-1	TO080	697	697	1	alla	alla	_	_	_	_	_	linguistic	_	none	_	_	_	_	_	_
697-2	TO080	697	697	2	fine,	fine	_	_	_	_	_	linguistic	_	none	Intonation=WeaklyRising	End=1306.869	_	_	_	_
698-0	TO080	698	698	0	la	la	_	_	_	_	_	linguistic	_	none	_	Begin=1307.859	_	_	_	_
698-1	TO080	698	698	1	moglie,	moglie	_	_	_	_	_	linguistic	_	none	Intonation=WeaklyRising	End=1308.553	_	_	_	_
699-0	TO080	699	699	0	mi	mi	_	_	_	_	_	linguistic	_	none	_	Begin=1309.106	_	_	_	_
699-1	TO080	699	699	1	ha	ha	_	_	_	_	_	linguistic	_	none	_	_	_	_	_	_
699-2	TO080	699	699	2	dato	dato	_	_	_	_	_	linguistic	_	none	_	_	_	_	_	_
699-3	TO080	699	699	3	il	il	_	_	_	_	_	linguistic	_	none	_	_	_	_	_	_
699-4	TO080	699	699	4	permesso,	permesso	_	_	_	_	_	linguistic	_	none	Intonation=WeaklyRising	End=1310.094	_	_	_	_
700-0	TO071	700	700	0	[ah	ah	_	_	_	_	_	linguistic	_	none	_	Begin=1310.337	_	_	_	0-2(108)
700-1	TO071	700	700	1	stra~]	stra~	_	_	_	_	_	linguistic	_	none	Interrupted=Yes	End=1310.962	_	_	_	0-5(108)
701-0	TO080	701	701	0	[proprio	proprio	_	_	_	_	_	linguistic	_	none	_	Begin=1310.337	_	_	_	0-7(108)
701-1	TO080	701	701	1	pe]r	per	_	_	_	_	_	linguistic	_	none	_	_	_	_	_	0-2(108)
701-2	TO080	701	701	2	iscritto	iscritto	_	_	_	_	_	linguistic	_	none	_	_	_	_	_	_
701-3	TO080	701	701	3	un	un	_	_	_	_	_	linguistic	_	none	_	_	_	_	_	_
701-4	TO080	701	701	4	messaggio	messaggio	_	_	_	_	_	linguistic	_	none	_	_	_	_	_	_
701-5	TO080	701	701	5	okay	okay	_	_	_	_	_	linguistic	_	none	_	_	_	_	_	_
701-6	TO080	701	701	6	te	te	_	_	_	_	_	linguistic	_	none	_	_	_	_	_	_
701-7	TO080	701	701	7	te	te	_	_	_	_	_	linguistic	_	none	_	_	_	_	_	_
701-8	TO080	701	701	8	lo::	lo	_	_	_	_	_	linguistic	_	none	_	_	1x2	_	_	_
701-9	TO080	701	701	9	te	te	_	_	_	_	_	linguistic	_	none	_	_	_	_	_	_
701-10	TO080	701	701	10	lo	lo	_	_	_	_	_	linguistic	_	none	_	_	_	_	_	_
701-11	TO080	701	701	11	faccio	faccio	_	_	_	_	_	linguistic	_	none	_	_	_	_	_	_
701-12	TO080	701	701	12	fare	fare	_	_	_	_	_	linguistic	_	none	_	_	_	_	_	_
701-13	TO080	701	701	13	così,	così	_	_	_	_	_	linguistic	_	none	Intonation=WeaklyRising	End=1315.095	_	_	_	_
702-0	TO080	702	702	0	quindi	quindi	_	_	_	_	_	linguistic	_	none	_	Begin=1315.476	_	_	_	_
702-1	TO080	702	702	1	il	il	_	_	_	_	_	linguistic	_	none	_	_	_	_	_	_
702-2	TO080	702	702	2	giorno	giorno	_	_	_	_	_	linguistic	_	none	_	_	_	_	_	_
702-3	TO080	702	702	3	dopo,	dopo	_	_	_	_	_	linguistic	_	none	Intonation=WeaklyRising	_	_	_	_	_
702-4	TO080	702	702	4	è	è	_	_	_	_	_	linguistic	_	none	_	_	_	_	_	_
702-5	TO080	702	702	5	venuto	venuto	_	_	_	_	_	linguistic	_	none	_	_	_	_	_	_
702-6	TO080	702	702	6	un	un	_	_	_	_	_	linguistic	_	none	_	_	_	_	_	_
702-7	TO080	702	702	7	signore	signore	_	_	_	_	_	linguistic	_	none	_	_	_	_	_	_
702-8	TO080	702	702	8	per	per	_	_	_	_	_	linguistic	_	none	_	_	_	_	_	_
702-9	TO080	702	702	9	fare	fare	_	_	_	_	_	linguistic	_	none	_	_	_	_	_	_
702-10	TO080	702	702	10	il	il	_	_	_	_	_	linguistic	_	none	_	_	_	_	_	_
702-11	TO080	702	702	11	buco	buco	_	_	_	_	_	linguistic	_	none	_	_	_	_	_	_
702-12	TO080	702	702	12	(perché	perché	_	_	_	_	_	linguistic	_	none	_	_	_	_	0-6(0)	_
702-13	TO080	702	702	13	io	io	_	_	_	_	_	linguistic	_	none	_	_	_	_	0-2(0)	_
702-14	TO080	702	702	14	da	da	_	_	_	_	_	linguistic	_	none	_	_	_	_	0-2(0)	_
702-15	TO080	702	702	15	sola	sola	_	_	_	_	_	linguistic	_	none	_	_	_	_	0-4(0)	_
702-16	TO080	702	702	16	non	non	_	_	_	_	_	linguistic	_	none	_	_	_	_	0-3(0)	_
702-17	TO080	702	702	17	potevo)	potevo	_	_	_	_	_	linguistic	_	none	_	_	_	_	0-6(0)	_
702-18	TO080	702	702	18	farlo	farlo	_	_	_	_	_	linguistic	_	none	_	End=1320.044	_	_	_	_
703-0	TO080	703	703	0	e	e	_	_	_	_	_	linguistic	_	none	_	Begin=1320.389	_	_	_	_
703-1	TO080	703	703	1	mentre	mentre	_	_	_	_	_	linguistic	_	none	_	_	_	_	_	_
703-2	TO080	703	703	2	stava	stava	_	_	_	_	_	linguistic	_	none	_	_	_	_	_	_
703-3	TO080	703	703	3	per	per	_	_	_	_	_	linguistic	_	none	_	_	_	_	_	_
703-4	TO080	703	703	4	era	era	_	_	_	_	_	linguistic	_	none	_	_	_	_	_	_
703-5	TO080	703	703	5	lì	lì	_	_	_	_	_	linguistic	_	none	_	_	_	_	_	_
703-6	TO080	703	703	6	col	col	_	_	_	_	_	linguistic	_	none	_	_	_	_	_	_
703-7	TO080	703	703	7	trapano	trapano	_	_	_	_	_	linguistic	_	none	_	_	_	_	_	_
703-8	TO080	703	703	8	ehm	ehm	_	_	_	_	_	linguistic	_	none	_	_	_	_	_	_
703-9	TO080	703	703	9	stava	stava	_	_	_	_	_	linguistic	_	none	_	_	_	_	_	_
703-10	TO080	703	703	10	iniziando	iniziando	_	_	_	_	_	linguistic	_	none	_	_	_	_	_	_
703-11	TO080	703	703	11	[ehm]	ehm	_	_	_	_	_	linguistic	_	none	_	_	_	_	_	0-3(109)
703-12	TO080	703	703	12	a	a	_	_	_	_	_	linguistic	_	none	_	_	_	_	_	_
703-13	TO080	703	703	13	bucare,	bucare	_	_	_	_	_	linguistic	_	none	Intonation=WeaklyRising	End=1325.698	_	_	_	_
704-0	TO071	704	704	0	[a	a	_	_	_	_	_	linguistic	_	none	_	Begin=1324.514	_	_	_	0-1(109)
704-1	TO071	704	704	1	bucare]	bucare	_	_	_	_	_	linguistic	_	none	_	End=1325.224	_	_	_	0-6(109)
705-0	TO080	705	705	0	è	è	_	_	_	_	_	linguistic	_	none	_	Begin=1325.818	_	_	_	_
705-1	TO080	705	705	1	uscito	uscito	_	_	_	_	_	linguistic	_	none	_	_	_	_	_	_
705-2	TO080	705	705	2	il	il	_	_	_	_	_	linguistic	_	none	_	_	_	_	_	_
705-3	TO080	705	705	3	marito	marito	_	_	_	_	_	linguistic	_	none	_	_	_	_	_	_
705-4	TO080	705	705	4	incavolato	incavolato	_	_	_	_	_	linguistic	_	none	_	_	_	_	_	_
705-5	TO080	705	705	5	dicendo	dicendo	_	_	_	_	_	linguistic	_	none	_	_	_	_	_	_
705-6	TO080	705	705	6	no	no	_	_	_	_	_	linguistic	_	none	_	_	_	_	_	_
705-7	TO080	705	705	7	voi	voi	_	_	_	_	_	linguistic	_	none	_	_	_	_	_	_
705-8	TO080	705	705	8	non	non	_	_	_	_	_	linguistic	_	none	_	_	_	_	_	_
705-9	TO080	705	705	9	potete	potete	_	_	_	_	_	linguistic	_	none	_	_	_	_	_	_
705-10	TO080	705	705	10	fare	fare	_	_	_	_	_	linguistic	_	none	_	_	_	_	_	_
705-11	TO080	705	705	11	queste	queste	_	_	_	_	_	linguistic	_	none	_	_	_	_	_	_
705-12	TO080	705	705	12	cose	cose	_	_	_	_	_	linguistic	_	none	_	_	_	_	_	_
705-13	TO080	705	705	13	e:	e	_	_	_	_	_	linguistic	_	none	_	_	0x1	_	_	_
705-14	TO080	705	705	14	dobbiamo	dobbiamo	_	_	_	_	_	linguistic	_	none	_	_	_	_	_	_
705-15	TO080	705	705	15	aspettare	aspettare	_	_	_	_	_	linguistic	_	none	_	_	_	_	_	_
705-16	TO080	705	705	16	l'	l'	_	_	_	_	_	linguistic	_	none	SpaceAfter=No	_	_	_	_	_
705-17	TO080	705	705	17	amministratore	amministratore	_	_	_	_	_	linguistic	_	none	_	_	_	_	_	_
705-18	TO080	705	705	18	un	un	_	_	_	_	_	linguistic	_	none	_	_	_	_	_	_
705-19	TO080	705	705	19	putiferio	putiferio	_	_	_	_	_	linguistic	_	none	_	_	_	_	_	_
705-20	TO080	705	705	20	infernale,	infernale	_	_	_	_	_	linguistic	_	none	Intonation=WeaklyRising	End=1334.529	_	_	_	_
706-0	TO080	706	706	0	e	e	_	_	_	_	_	linguistic	_	none	_	Begin=1335.663	_	_	_	_
706-1	TO080	706	706	1	poi	poi	_	_	_	_	_	linguistic	_	none	_	_	_	_	_	_
706-2	TO080	706	706	2	alla	alla	_	_	_	_	_	linguistic	_	none	_	_	_	_	_	_
706-3	TO080	706	706	3	fine	fine	_	_	_	_	_	linguistic	_	none	_	_	_	_	_	_
706-4	TO080	706	706	4	siamo	siamo	_	_	_	_	_	linguistic	_	none	_	_	_	_	_	_
706-5	TO080	706	706	5	riusciti	riusciti	_	_	_	_	_	linguistic	_	none	_	_	_	_	_	_
706-6	TO080	706	706	6	a	a	_	_	_	_	_	linguistic	_	none	_	_	_	_	_	_
706-7	TO080	706	706	7	farlo	farlo	_	_	_	_	_	linguistic	_	none	_	_	_	_	_	_
706-8	TO080	706	706	8	però	però	_	_	_	_	_	linguistic	_	none	_	_	_	_	_	_
706-9	TO080	706	706	9	comunque	comunque	_	_	_	_	_	linguistic	_	none	_	End=1337.508	_	_	_	_
707-0	TO080	707	707	0	in	in	_	_	_	_	_	linguistic	_	none	_	Begin=1337.708	_	_	_	_
707-1	TO080	707	707	1	mezzo	mezzo	_	_	_	_	_	linguistic	_	none	_	_	_	_	_	_
707-2	TO080	707	707	2	ci	ci	_	_	_	_	_	linguistic	_	none	_	_	_	_	_	_
707-3	TO080	707	707	3	sono	sono	_	_	_	_	_	linguistic	_	none	_	_	_	_	_	_
707-4	TO080	707	707	4	state	state	_	_	_	_	_	linguistic	_	none	_	_	_	_	_	_
707-5	TO080	707	707	5	altre	altre	_	_	_	_	_	linguistic	_	none	_	_	_	_	_	_
707-6	TO080	707	707	6	litigate	litigate	_	_	_	_	_	linguistic	_	none	_	End=1339.327	_	_	_	_
708-0	TO071	708	708	0	mah	mah	_	_	_	_	_	linguistic	_	none	_	Begin=1339.327	_	_	_	_
708-1	TO071	708	708	1	strano	strano	_	_	_	_	_	linguistic	_	none	_	_	_	_	_	_
708-2	TO071	708	708	2	perché	perché	_	_	_	_	_	linguistic	_	none	_	_	_	_	_	_
708-3	TO071	708	708	3	in	in	_	_	_	_	_	linguistic	_	none	_	_	_	_	_	_
708-4	TO071	708	708	4	genere,	genere	_	_	_	_	_	linguistic	_	none	Intonation=WeaklyRising	End=1340.7	_	_	_	_
709-0	TO071	709	709	0	scusa	scusa	_	_	_	_	_	linguistic	_	none	_	Begin=1341.594	_	_	_	_
709-1	TO071	709	709	1	eh	eh	_	_	_	_	_	linguistic	_	none	_	_	_	_	_	_
709-2	TO071	709	709	2	[ma	ma	_	_	_	_	_	linguistic	_	none	_	_	_	_	_	0-2(110)
709-3	TO071	709	709	3	so~]	so~	_	_	_	_	_	linguistic	_	none	Interrupted=Yes	_	_	_	_	0-3(110)
709-4	TO071	709	709	4	sono	sono	_	_	_	_	_	linguistic	_	none	_	_	_	_	_	_
709-5	TO071	709	709	5	le	le	_	_	_	_	_	linguistic	_	none	_	_	_	_	_	_
709-6	TO071	709	709	6	mogli	mogli	_	_	_	_	_	linguistic	_	none	_	_	_	_	_	_
709-7	TO071	709	709	7	quelle	quelle	_	_	_	_	_	linguistic	_	none	_	_	_	_	_	_
709-8	TO071	709	709	8	più	più	_	_	_	_	_	linguistic	_	none	_	_	_	_	_	_
709-9	TO071	709	709	9	stronze,	stronze	_	_	_	_	_	linguistic	_	none	Intonation=WeaklyRising	End=1344.72	_	_	_	_
710-0	TO080	710	710	0	[sì	sì	_	_	_	_	_	linguistic	_	none	_	Begin=1342.055	_	_	_	0-2(110)
710-1	TO080	710	710	1	siì]	siì	_	_	_	_	_	linguistic	_	none	_	End=1342.514	_	_	_	0-3(110)
711-0	TO071	711	711	0	[in	in	_	_	_	_	_	linguistic	_	none	_	Begin=1345.272	_	_	_	0-2(111)
711-1	TO071	711	711	1	generale]	generale	_	_	_	_	_	linguistic	_	none	_	End=1346.14	_	_	_	0-8(111)
712-0	TO080	712	712	0	[ma	ma	_	_	_	_	_	linguistic	_	none	_	Begin=1345.272	_	_	_	0-2(111)
712-1	TO080	712	712	1	sono	sono	_	_	_	_	_	linguistic	_	none	_	_	_	_	_	0-4(111)
712-2	TO080	712	712	2	esauri]ti	esauriti	_	_	_	_	_	linguistic	_	none	_	_	_	_	_	0-6(111)
712-3	TO080	712	712	3	tutti	tutti	_	_	_	_	_	linguistic	_	none	_	_	_	_	_	_
712-4	TO080	712	712	4	e	e	_	_	_	_	_	linguistic	_	none	_	_	_	_	_	_
712-5	TO080	712	712	5	due	due	_	_	_	_	_	linguistic	_	none	_	End=1346.929	_	_	_	_
713-0	TO071	713	713	0	ah	ah	_	_	_	_	_	linguistic	_	none	_	Begin=1346.929	_	_	_	_
713-1	TO071	713	713	1	okay	okay	_	_	_	_	_	linguistic	_	none	_	End=1347.305	_	_	_	_
714-0	TO071	714	714	0	[xx]x	xxx	_	_	_	_	_	unknown	_	none	Syllables=3	Begin=1347.346|End=1348.155	_	_	_	0-2(112)
715-0	TO080	715	715	0	[quindi],	quindi	_	_	_	_	_	linguistic	_	none	Intonation=WeaklyRising	Begin=1347.346|End=1347.725	_	_	_	0-6(112)
716-0	TO071	716	716	0	saranno	saranno	_	_	_	_	_	linguistic	_	none	_	Begin=1348.426	_	_	_	_
716-1	TO071	716	716	1	i	i	_	_	_	_	_	linguistic	_	none	_	_	_	_	_	_
716-2	TO071	716	716	2	bambini	bambini	_	_	_	_	_	linguistic	_	none	_	_	_	_	_	_
716-3	TO071	716	716	3	saranno	saranno	_	_	_	_	_	linguistic	_	none	_	End=1349.625	_	_	_	_
717-0	TO080	717	717	0	no	no	_	_	_	_	_	linguistic	_	none	_	Begin=1349.625	_	_	_	_
717-1	TO080	717	717	1	i	i	_	_	_	_	_	linguistic	_	none	_	_	_	_	_	_
717-2	TO080	717	717	2	bambini	bambini	_	_	_	_	_	linguistic	_	none	_	_	_	_	_	_
717-3	TO080	717	717	3	sono	sono	_	_	_	_	_	linguistic	_	none	_	_	_	_	_	_
717-4	TO080	717	717	4	dei	dei	_	_	_	_	_	linguistic	_	none	_	_	_	_	_	_
717-5	TO080	717	717	5	tesori	tesori	_	_	_	_	_	linguistic	_	none	_	_	_	_	_	_
717-6	TO080	717	717	6	e	e	_	_	_	_	_	linguistic	_	none	_	_	_	_	_	_
717-7	TO080	717	717	7	quello	quello	_	_	_	_	_	linguistic	_	none	_	_	_	_	_	_
717-8	TO080	717	717	8	eh	eh	_	_	_	_	_	linguistic	_	none	_	_	_	_	_	_
717-9	TO080	717	717	9	eran	eran	_	_	_	_	_	linguistic	_	none	_	_	_	_	_	_
717-10	TO080	717	717	10	loro,	loro	_	_	_	_	_	linguistic	_	none	Intonation=WeaklyRising	End=1353.182	_	_	_	_
718-0	TO071	718	718	0	okay,	okay	_	_	_	_	_	linguistic	_	none	Intonation=WeaklyRising	Begin=1353.494|End=1354.224	_	_	_	_
719-0	TO071	719	719	0	e::hm	ehm	_	_	_	_	_	linguistic	_	none	_	Begin=1354.645	0x2	_	_	_
719-1	TO071	719	719	1	sentiamo	sentiamo	_	_	_	_	_	linguistic	_	none	_	_	_	_	_	_
719-2	TO071	719	719	2	invece	invece	_	_	_	_	_	linguistic	_	none	_	_	_	_	_	_
719-3	TO071	719	719	3	per	per	_	_	_	_	_	linguistic	_	none	_	_	_	_	_	_
719-4	TO071	719	719	4	quanto	quanto	_	_	_	_	_	linguistic	_	none	_	_	_	_	_	_
719-5	TO071	719	719	5	riguarda	riguarda	_	_	_	_	_	linguistic	_	none	_	_	_	_	_	_
719-6	TO071	719	719	6	l'	l'	_	_	_	_	_	linguistic	_	none	SpaceAfter=No	_	_	_	_	_
719-7	TO071	719	719	7	università?	università	_	_	_	_	_	linguistic	_	none	Intonation=Rising	End=1358.352	_	_	_	_
720-0	TO071	720	720	0	hai	hai	_	_	_	_	_	linguistic	_	none	_	Begin=1358.375	_	_	_	_
720-1	TO071	720	720	1	tipo	tipo	_	_	_	_	_	linguistic	_	none	_	_	_	_	_	_
720-2	TO071	720	720	2	[visto]	visto	_	_	_	_	_	linguistic	_	none	_	_	_	_	_	0-5(113)
720-3	TO071	720	720	3	momenti	momenti	_	_	_	_	_	linguistic	_	none	_	_	_	_	_	_
720-4	TO071	720	720	4	strani	strani	_	_	_	_	_	linguistic	_	none	_	_	_	_	_	_
720-5	TO071	720	720	5	cose	cose	_	_	_	_	_	linguistic	_	none	_	_	_	_	_	_
720-6	TO071	720	720	6	strane?	strane	_	_	_	_	_	linguistic	_	none	Intonation=Rising	End=1361.782	_	_	_	_
721-0	TO080	721	721	0	[e::h]	eh	_	_	_	_	_	linguistic	_	none	_	Begin=1358.975|End=1359.564	0x2	_	_	0-2(113)
722-0	TO080	722	722	0	a	a	_	_	_	_	_	linguistic	_	none	_	Begin=1362.367	_	_	_	_
722-1	TO080	722	722	1	dir	dir	_	_	_	_	_	linguistic	_	none	_	_	_	_	_	_
722-2	TO080	722	722	2	la	la	_	_	_	_	_	linguistic	_	none	_	_	_	_	_	_
722-3	TO080	722	722	3	verità	verità	_	_	_	_	_	linguistic	_	none	_	_	_	_	_	_
722-4	TO080	722	722	4	no	no	_	_	_	_	_	linguistic	_	none	_	End=1363.33	_	_	_	_
723-0	TO071	723	723	0	no	no	_	_	_	_	_	linguistic	_	none	_	Begin=1363.33|End=1363.57	_	_	_	_
724-0	TO080	724	724	0	è	è	_	_	_	_	_	linguistic	_	none	_	Begin=1363.596	_	_	_	_
724-1	TO080	724	724	1	forse	forse	_	_	_	_	_	linguistic	_	none	_	_	_	_	_	_
724-2	TO080	724	724	2	la	la	_	_	_	_	_	linguistic	_	none	_	_	_	_	_	_
724-3	TO080	724	724	3	cosa	cosa	_	_	_	_	_	linguistic	_	none	_	_	_	_	_	_
724-4	TO080	724	724	4	più	più	_	_	_	_	_	linguistic	_	none	_	_	_	_	_	_
724-5	TO080	724	724	5	strana	strana	_	_	_	_	_	linguistic	_	none	_	_	_	_	_	_
724-6	TO080	724	724	6	che	che	_	_	_	_	_	linguistic	_	none	_	_	_	_	_	_
724-7	TO080	724	724	7	[non	non	_	_	_	_	_	linguistic	_	none	_	_	_	_	_	0-3(114)
724-8	TO080	724	724	8	sia	sia	_	_	_	_	_	linguistic	_	none	_	_	_	_	_	0-3(114)
724-9	TO080	724	724	9	successo	successo	_	_	_	_	_	linguistic	_	none	_	_	_	_	_	0-8(114)
724-10	TO080	724	724	10	ni]ente	niente	_	_	_	_	_	linguistic	_	none	_	_	_	_	_	0-2(114)
724-11	TO080	724	724	11	di::	di	_	_	_	_	_	linguistic	_	none	_	End=1367.013	1x2	_	_	_
725-0	TO071	725	725	0	[esattamente]	esattamente	_	_	_	_	_	linguistic	_	none	_	Begin=1365.045|End=1366.081	_	_	_	0-11(114)
726-0	TO071	726	726	0	di	di	_	_	_	_	_	linguistic	_	none	_	Begin=1367.076	_	_	_	_
726-1	TO071	726	726	1	particol[are]	particolare	_	_	_	_	_	linguistic	_	none	_	End=1367.838	_	_	_	8-11(115)
727-0	TO080	727	727	0	[di	di	_	_	_	_	_	linguistic	_	none	_	Begin=1367.656	_	_	_	0-2(115)
727-1	TO080	727	727	1	pa]rticolare	particolare	_	_	_	_	_	linguistic	_	none	_	End=1368.465	_	_	_	0-2(115)
728-0	TO071	728	728	0	effettivamente	effettivamente	_	_	_	_	_	linguistic	_	none	_	Begin=1368.465	_	_	_	_
728-1	TO071	728	728	1	è	è	_	_	_	_	_	linguistic	_	none	_	_	_	_	_	_
728-2	TO071	728	728	2	molto:	molto	_	_	_	_	_	linguistic	_	none	_	_	4x1	_	_	_
728-3	TO071	728	728	3	come	come	_	_	_	_	_	linguistic	_	none	_	_	_	_	_	_
728-4	TO071	728	728	4	dire	dire	_	_	_	_	_	linguistic	_	none	_	End=1370.499	_	_	_	_
729-0	TO071	729	729	0	molto	molto	_	_	_	_	_	linguistic	_	none	_	Begin=1370.968	_	_	_	_
729-1	TO071	729	729	1	poco::	poco	_	_	_	_	_	linguistic	_	none	_	_	3x2	_	_	_
729-2	TO071	729	729	2	pittore[sca]	pittoresca	_	_	_	_	_	linguistic	_	none	_	_	_	_	_	7-10(116)
729-3	TO071	729	729	3	ecco,	ecco	_	_	_	_	_	linguistic	_	none	Intonation=WeaklyRising	End=1373.979	_	_	_	_
730-0	TO080	730	730	0	[sì]	sì	_	_	_	_	_	linguistic	_	none	_	Begin=1373.311	_	_	_	0-2(116)
730-1	TO080	730	730	1	{ride}	{ride}	_	_	_	_	_	nonverbalbehavior	_	none	_	End=1373.702	_	_	_	_
731-0	TO080	731	731	0	forse	forse	_	_	_	_	_	linguistic	_	none	_	Begin=1374.109	_	_	_	_
731-1	TO080	731	731	1	sono	sono	_	_	_	_	_	linguistic	_	none	_	_	_	_	_	_
731-2	TO080	731	731	2	le	le	_	_	_	_	_	linguistic	_	none	_	_	_	_	_	_
731-3	TO080	731	731	3	cose	cose	_	_	_	_	_	linguistic	_	none	_	_	_	_	_	_
731-4	TO080	731	731	4	che	che	_	_	_	_	_	linguistic	_	none	_	_	_	_	_	_
731-5	TO080	731	731	5	studiamo	studiamo	_	_	_	_	_	linguistic	_	none	_	_	_	_	_	_
731-6	TO080	731	731	6	che	che	_	_	_	_	_	linguistic	_	none	_	_	_	_	_	_
731-7	TO080	731	731	7	sono	sono	_	_	_	_	_	linguistic	_	none	_	_	_	_	_	_
731-8	TO080	731	731	8	abbastanza	abbastanza	_	_	_	_	_	linguistic	_	none	_	_	_	_	_	_
731-9	TO080	731	731	9	strane::	strane	_	_	_	_	_	linguistic	_	none	_	End=1377.454	5x2	_	_	_
732-0	TO080	732	732	0	e	e	_	_	_	_	_	linguistic	_	none	_	Begin=1377.564	_	_	_	_
732-1	TO080	732	732	1	quindi:	quindi	_	_	_	_	_	linguistic	_	none	_	End=1378.075	5x1	_	_	_
733-0	TO071	733	733	0	può	può	_	_	_	_	_	linguistic	_	none	_	Begin=1378.075	_	_	_	_
733-1	TO071	733	733	1	essere	essere	_	_	_	_	_	linguistic	_	none	_	End=1378.695	_	_	_	_
734-0	TO071	734	734	0	dici	dici	_	_	_	_	_	linguistic	_	none	_	Begin=1378.764	_	_	_	_
734-1	TO071	734	734	1	costituiamo	costituiamo	_	_	_	_	_	linguistic	_	none	_	_	_	_	_	_
734-2	TO071	734	734	2	una	una	_	_	_	_	_	linguistic	_	none	_	_	_	_	_	_
734-3	TO071	734	734	3	nicchi[a:],	nicchia	_	_	_	_	_	linguistic	_	none	Intonation=WeaklyRising	End=1380.94	6x1	_	_	6-7(117)
735-0	TO080	735	735	0	[esatto]	esatto	_	_	_	_	_	linguistic	_	none	_	Begin=1380.377|End=1380.907	_	_	_	0-6(117)
736-0	TO071	736	736	0	oh	oh	_	_	_	_	_	linguistic	_	none	_	Begin=1380.988|End=1381.224	_	_	_	_
737-0	TO071	737	737	0	e::hm	ehm	_	_	_	_	_	linguistic	_	none	_	Begin=1381.741	0x2	_	_	_
737-1	TO071	737	737	1	invece	invece	_	_	_	_	_	linguistic	_	none	_	_	_	_	_	_
737-2	TO071	737	737	2	i	i	_	_	_	_	_	linguistic	_	none	_	_	_	_	_	_
737-3	TO071	737	737	3	vicini	vicini	_	_	_	_	_	linguistic	_	none	_	_	_	_	_	_
737-4	TO071	737	737	4	m:h	mh	_	_	_	_	_	linguistic	_	none	_	_	0x1	_	_	_
737-5	TO071	737	737	5	quelli	quelli	_	_	_	_	_	linguistic	_	none	_	_	_	_	_	_
737-6	TO071	737	737	6	che	che	_	_	_	_	_	linguistic	_	none	_	_	_	_	_	_
737-7	TO071	737	737	7	avevi	avevi	_	_	_	_	_	linguistic	_	none	_	_	_	_	_	_
737-8	TO071	737	737	8	a	a	_	_	_	_	_	linguistic	_	none	_	_	_	_	_	_
737-9	TO071	737	737	9	casa	casa	_	_	_	_	_	linguistic	_	none	_	_	_	_	_	_
737-10	TO071	737	737	10	tu	tu	_	_	_	_	_	linguistic	_	none	_	_	_	_	_	_
737-11	TO071	737	737	11	a	a	_	_	_	_	_	linguistic	_	none	_	_	_	_	_	_
737-12	TO071	737	737	12	@nomepaese?	@nomepaese	_	_	_	_	_	anonymized	_	none	Intonation=Rising	End=1386.198	_	_	_	_
738-0	TO071	738	738	0	gli	gli	_	_	_	_	_	linguistic	_	none	_	Begin=1386.23	_	_	_	_
738-1	TO071	738	738	1	originari?	originari	_	_	_	_	_	linguistic	_	none	Intonation=Rising	End=1387.315	_	_	_	_
739-0	TO080	739	739	0	no	no	_	_	_	_	_	linguistic	_	none	_	Begin=1388.406	_	_	_	_
739-1	TO080	739	739	1	quelli	quelli	_	_	_	_	_	linguistic	_	none	_	_	_	_	_	_
739-2	TO080	739	739	2	vabbè	vabbè	_	_	_	_	_	linguistic	_	none	_	_	_	_	_	_
739-3	TO080	739	739	3	hanno	hanno	_	_	_	_	_	linguistic	_	none	_	_	_	_	_	_
739-4	TO080	739	739	4	proprio	proprio	_	_	_	_	_	linguistic	_	none	_	_	_	_	_	_
739-5	TO080	739	739	5	problemi::	problemi	_	_	_	_	_	linguistic	_	none	_	_	7x2	_	_	_
739-6	TO080	739	739	6	un	un	_	_	_	_	_	linguistic	_	none	_	_	_	_	_	_
739-7	TO080	739	739	7	figlio	figlio	_	_	_	_	_	linguistic	_	none	_	_	_	_	_	_
739-8	TO080	739	739	8	grande	grande	_	_	_	_	_	linguistic	_	none	_	_	_	_	_	_
739-9	TO080	739	739	9	che	che	_	_	_	_	_	linguistic	_	none	_	_	_	_	_	_
739-10	TO080	739	739	10	non	non	_	_	_	_	_	linguistic	_	none	_	_	_	_	_	_
739-11	TO080	739	739	11	è	è	_	_	_	_	_	linguistic	_	none	_	_	_	_	_	_
739-12	TO080	739	739	12	mai	mai	_	_	_	_	_	linguistic	_	none	_	_	_	_	_	_
739-13	TO080	739	739	13	stato	stato	_	_	_	_	_	linguistic	_	none	_	_	_	_	_	_
739-14	TO080	739	739	14	curato,	curato	_	_	_	_	_	linguistic	_	none	Intonation=WeaklyRising	End=1394.94	_	_	_	_
740-0	TO080	740	740	0	e:::	e	_	_	_	_	_	linguistic	_	none	_	Begin=1395.396	0x3	_	_	_
740-1	TO080	740	740	1	cioè	cioè	_	_	_	_	_	linguistic	_	none	_	_	_	_	_	_
740-2	TO080	740	740	2	proprio	proprio	_	_	_	_	_	linguistic	_	none	_	_	_	_	_	_
740-3	TO080	740	740	3	non:,	non	_	_	_	_	_	linguistic	_	none	Intonation=WeaklyRising	End=1397.836	2x1	_	_	_
741-0	TO080	741	741	0	ha	ha	_	_	_	_	_	linguistic	_	none	_	Begin=1397.98	_	_	_	_
741-1	TO080	741	741	1	una	una	_	_	_	_	_	linguistic	_	none	_	_	_	_	_	_
741-2	TO080	741	741	2	malattia	malattia	_	_	_	_	_	linguistic	_	none	_	_	_	_	_	_
741-3	TO080	741	741	3	mentale	mentale	_	_	_	_	_	linguistic	_	none	_	_	_	_	_	_
741-4	TO080	741	741	4	è	è	_	_	_	_	_	linguistic	_	none	_	_	_	_	_	_
741-5	TO080	741	741	5	sempre	sempre	_	_	_	_	_	linguistic	_	none	_	_	_	_	_	_
741-6	TO080	741	741	6	stata	stata	_	_	_	_	_	linguistic	_	none	_	_	_	_	_	_
741-7	TO080	741	741	7	nascosta	nascosta	_	_	_	_	_	linguistic	_	none	_	_	_	_	_	_
741-8	TO080	741	741	8	come	come	_	_	_	_	_	linguistic	_	none	_	_	_	_	_	_
741-9	TO080	741	741	9	cosa,	cosa	_	_	_	_	_	linguistic	_	none	Intonation=WeaklyRising	End=1401.136	_	_	_	_
742-0	TO071	742	742	0	mhmhmh	mhmhmh	_	_	_	_	_	linguistic	_	none	_	Begin=1401.136|End=1401.382	_	_	_	_
743-0	TO080	743	743	0	e:::	e	_	_	_	_	_	linguistic	_	none	_	Begin=1401.429|End=1402.705	0x3	_	_	_
744-0	TO080	744	744	0	e	e	_	_	_	_	_	linguistic	_	none	_	Begin=1402.785	_	_	_	_
744-1	TO080	744	744	1	il	il	_	_	_	_	_	linguistic	_	none	_	_	_	_	_	_
744-2	TO080	744	744	2	che	che	_	_	_	_	_	linguistic	_	none	_	_	_	_	_	_
744-3	TO080	744	744	3	non	non	_	_	_	_	_	linguistic	_	none	_	_	_	_	_	_
744-4	TO080	744	744	4	l'	l'	_	_	_	_	_	linguistic	_	none	SpaceAfter=No	_	_	_	_	_
744-5	TO080	744	744	5	ha	ha	_	_	_	_	_	linguistic	_	none	_	_	_	_	_	_
744-6	TO080	744	744	6	aiutato.	aiutato	_	_	_	_	_	linguistic	_	none	Intonation=Falling	End=1404.229	_	_	_	_
745-0	TO080	745	745	0	e	e	_	_	_	_	_	linguistic	_	none	_	Begin=1404.276	_	_	_	_
745-1	TO080	745	745	1	quindi	quindi	_	_	_	_	_	linguistic	_	none	_	_	_	_	_	_
745-2	TO080	745	745	2	ha	ha	_	_	_	_	_	linguistic	_	none	_	_	_	_	_	_
745-3	TO080	745	745	3	avuto	avuto	_	_	_	_	_	linguistic	_	none	_	_	_	_	_	_
745-4	TO080	745	745	4	anche	anche	_	_	_	_	_	linguistic	_	none	_	_	_	_	_	_
745-5	TO080	745	745	5	scatti	scatti	_	_	_	_	_	linguistic	_	none	_	_	_	_	_	_
745-6	TO080	745	745	6	d'	d'	_	_	_	_	_	linguistic	_	none	SpaceAfter=No	_	_	_	_	_
745-7	TO080	745	745	7	ira,	ira	_	_	_	_	_	linguistic	_	none	Intonation=WeaklyRising	End=1406.231	_	_	_	_
746-0	TO080	746	746	0	e::d	ed	_	_	_	_	_	linguistic	_	none	_	Begin=1406.231	0x2	_	_	_
746-1	TO080	746	746	1	è	è	_	_	_	_	_	linguistic	_	none	_	_	_	_	_	_
746-2	TO080	746	746	2	successo	successo	_	_	_	_	_	linguistic	_	none	_	_	_	_	_	_
746-3	TO080	746	746	3	per	per	_	_	_	_	_	linguistic	_	none	_	_	_	_	_	_
746-4	TO080	746	746	4	esempio	esempio	_	_	_	_	_	linguistic	_	none	_	End=1408.27	_	_	_	_
747-0	TO080	747	747	0	noi	noi	_	_	_	_	_	linguistic	_	none	_	Begin=1408.379	_	_	_	_
747-1	TO080	747	747	1	essendo	essendo	_	_	_	_	_	linguistic	_	none	_	_	_	_	_	_
747-2	TO080	747	747	2	villetta	villetta	_	_	_	_	_	linguistic	_	none	_	_	_	_	_	_
747-3	TO080	747	747	3	a	a	_	_	_	_	_	linguistic	_	none	_	_	_	_	_	_
747-4	TO080	747	747	4	schiera	schiera	_	_	_	_	_	linguistic	_	none	_	_	_	_	_	_
747-5	TO080	747	747	5	abbbiamo	abbbiamo	_	_	_	_	_	linguistic	_	none	_	_	_	_	_	_
747-6	TO080	747	747	6	una	una	_	_	_	_	_	linguistic	_	none	_	_	_	_	_	_
747-7	TO080	747	747	7	parte	parte	_	_	_	_	_	linguistic	_	none	_	_	_	_	_	_
747-8	TO080	747	747	8	in	in	_	_	_	_	_	linguistic	_	none	_	_	_	_	_	_
747-9	TO080	747	747	9	com[une],	comune	_	_	_	_	_	linguistic	_	none	Intonation=WeaklyRising	End=1411.629	_	_	_	3-6(118)
748-0	TO071	748	748	0	[ce]rto,	certo	_	_	_	_	_	linguistic	_	none	Intonation=WeaklyRising	Begin=1411.352|End=1411.86	_	_	_	0-2(118)
749-0	TO080	749	749	0	e::	e	_	_	_	_	_	linguistic	_	none	_	Begin=1412.389|End=1413.573	0x2	_	_	_
750-0	TO080	750	750	0	c'	c'	_	_	_	_	_	linguistic	_	none	SpaceAfter=No	Begin=1413.661	_	_	_	_
750-1	TO080	750	750	1	era	era	_	_	_	_	_	linguistic	_	none	_	_	_	_	_	_
750-2	TO080	750	750	2	un	un	_	_	_	_	_	linguistic	_	none	_	_	_	_	_	_
750-3	TO080	750	750	3	muretto	muretto	_	_	_	_	_	linguistic	_	none	_	_	_	_	_	_
750-4	TO080	750	750	4	in	in	_	_	_	_	_	linguistic	_	none	_	_	_	_	_	_
750-5	TO080	750	750	5	comune	comune	_	_	_	_	_	linguistic	_	none	_	_	_	_	_	_
750-6	TO080	750	750	6	e	e	_	_	_	_	_	linguistic	_	none	_	_	_	_	_	_
750-7	TO080	750	750	7	sopra	sopra	_	_	_	_	_	linguistic	_	none	_	_	_	_	_	_
750-8	TO080	750	750	8	questo	questo	_	_	_	_	_	linguistic	_	none	_	_	_	_	_	_
750-9	TO080	750	750	9	muro	muro	_	_	_	_	_	linguistic	_	none	_	_	_	_	_	_
750-10	TO080	750	750	10	c'	c'	_	_	_	_	_	linguistic	_	none	SpaceAfter=No	_	_	_	_	_
750-11	TO080	750	750	11	era	era	_	_	_	_	_	linguistic	_	none	_	_	_	_	_	_
750-12	TO080	750	750	12	un	un	_	_	_	_	_	linguistic	_	none	_	_	_	_	_	_
750-13	TO080	750	750	13	vaso,	vaso	_	_	_	_	_	linguistic	_	none	Intonation=WeaklyRising	End=1416.33	_	_	_	_
751-0	TO080	751	751	0	a	a	_	_	_	_	_	linguistic	_	none	_	Begin=1416.46	_	_	_	_
751-1	TO080	751	751	1	un	un	_	_	_	_	_	linguistic	_	none	_	_	_	_	_	_
751-2	TO080	751	751	2	certo	certo	_	_	_	_	_	linguistic	_	none	_	_	_	_	_	_
751-3	TO080	751	751	3	punto	punto	_	_	_	_	_	linguistic	_	none	_	_	_	_	_	_
751-4	TO080	751	751	4	dopo	dopo	_	_	_	_	_	linguistic	_	none	_	_	_	_	_	_
751-5	TO080	751	751	5	vabbè	vabbè	_	_	_	_	_	linguistic	_	none	_	_	_	_	_	_
751-6	TO080	751	751	6	(ha	ha	_	_	_	_	_	linguistic	_	none	_	_	_	_	0-2(0)	_
751-7	TO080	751	751	7	avuto)	avuto	_	_	_	_	_	linguistic	_	none	_	_	_	_	0-5(0)	_
751-8	TO080	751	751	8	una	una	_	_	_	_	_	linguistic	_	none	_	_	_	_	_	_
751-9	TO080	751	751	9	crisi,	crisi	_	_	_	_	_	linguistic	_	none	Intonation=WeaklyRising	End=1419.023	_	_	_	_
752-0	TO080	752	752	0	il	il	_	_	_	_	_	linguistic	_	none	_	Begin=1419.485	_	_	_	_
752-1	TO080	752	752	1	figlio	figlio	_	_	_	_	_	linguistic	_	none	_	_	_	_	_	_
752-2	TO080	752	752	2	è	è	_	_	_	_	_	linguistic	_	none	_	_	_	_	_	_
752-3	TO080	752	752	3	uscito,	uscito	_	_	_	_	_	linguistic	_	none	Intonation=WeaklyRising	End=1420.708	_	_	_	_
753-0	TO080	753	753	0	ha	ha	_	_	_	_	_	linguistic	_	none	_	Begin=1420.785	_	_	_	_
753-1	TO080	753	753	1	spinto	spinto	_	_	_	_	_	linguistic	_	none	_	_	_	_	_	_
753-2	TO080	753	753	2	il	il	_	_	_	_	_	linguistic	_	none	_	_	_	_	_	_
753-3	TO080	753	753	3	vaso	vaso	_	_	_	_	_	linguistic	_	none	_	_	_	_	_	_
753-4	TO080	753	753	4	tra	tra	_	_	_	_	_	linguistic	_	none	_	_	_	_	_	_
753-5	TO080	753	753	5	l'	l'	_	_	_	_	_	linguistic	_	none	SpaceAfter=No	_	_	_	_	_
753-6	TO080	753	753	6	altro	altro	_	_	_	_	_	linguistic	_	none	_	_	_	_	_	_
753-7	TO080	753	753	7	non	non	_	_	_	_	_	linguistic	_	none	_	_	_	_	_	_
753-8	TO080	753	753	8	un	un	_	_	_	_	_	linguistic	_	none	_	_	_	_	_	_
753-9	TO080	753	753	9	vasetto	vasetto	_	_	_	_	_	linguistic	_	none	_	_	_	_	_	_
753-10	TO080	753	753	10	piccolo,	piccolo	_	_	_	_	_	linguistic	_	none	Intonation=WeaklyRising	End=1424.196	_	_	_	_
754-0	TO080	754	754	0	un::	un	_	_	_	_	_	linguistic	_	none	_	Begin=1424.309|End=1424.826	1x2	_	_	_
755-0	TO080	755	755	0	un	un	_	_	_	_	_	linguistic	_	none	_	Begin=1425.991	_	_	_	_
755-1	TO080	755	755	1	vaso	vaso	_	_	_	_	_	linguistic	_	none	_	_	_	_	_	_
755-2	TO080	755	755	2	di	di	_	_	_	_	_	linguistic	_	none	_	_	_	_	_	_
755-3	TO080	755	755	3	quelli	quelli	_	_	_	_	_	linguistic	_	none	_	_	_	_	_	_
755-4	TO080	755	755	4	proprio	proprio	_	_	_	_	_	linguistic	_	none	_	_	_	_	_	_
755-5	TO080	755	755	5	grandi	grandi	_	_	_	_	_	linguistic	_	none	_	_	_	_	_	_
755-6	TO080	755	755	6	e	e	_	_	_	_	_	linguistic	_	none	_	_	_	_	_	_
755-7	TO080	755	755	7	pesanti,	pesanti	_	_	_	_	_	linguistic	_	none	Intonation=WeaklyRising	End=1428.298	_	_	_	_
756-0	TO080	756	756	0	che	che	_	_	_	_	_	linguistic	_	none	_	Begin=1428.485	_	_	_	_
756-1	TO080	756	756	1	sarà	sarà	_	_	_	_	_	linguistic	_	none	_	_	_	_	_	_
756-2	TO080	756	756	2	pesato	pesato	_	_	_	_	_	linguistic	_	none	_	_	_	_	_	_
756-3	TO080	756	756	3	sui	sui	_	_	_	_	_	linguistic	_	none	_	_	_	_	_	_
756-4	TO080	756	756	4	cento	cento	_	_	_	_	_	linguistic	_	none	_	_	_	_	_	_
756-5	TO080	756	756	5	chil[i].	chili	_	_	_	_	_	linguistic	_	none	Intonation=Falling	End=1430.248	_	_	_	4-5(119)
757-0	TO071	757	757	0	[qu]elli	quelli	_	_	_	_	_	linguistic	_	none	_	Begin=1430.168	_	_	_	0-2(119)
757-1	TO071	757	757	1	color	color	_	_	_	_	_	linguistic	_	none	_	_	_	_	_	_
757-2	TO071	757	757	2	terracot[ta	terracotta	_	_	_	_	_	linguistic	_	none	_	_	_	_	_	8-10(120)
757-3	TO071	757	757	3	se	se	_	_	_	_	_	linguistic	_	none	_	_	_	_	_	0-2(120)
757-4	TO071	757	757	4	non	non	_	_	_	_	_	linguistic	_	none	_	_	_	_	_	0-3(120)
757-5	TO071	757	757	5	di	di	_	_	_	_	_	linguistic	_	none	_	_	_	_	_	0-2(120)
757-6	TO071	757	757	6	terracotta],	terracotta	_	_	_	_	_	linguistic	_	none	Intonation=WeaklyRising	End=1433.001	_	_	_	0-10(120)
758-0	TO080	758	758	0	[sì	sì	_	_	_	_	_	linguistic	_	none	_	Begin=1431.215	_	_	_	0-2(120)
758-1	TO080	758	758	1	con	con	_	_	_	_	_	linguistic	_	none	_	_	_	_	_	0-3(120)
758-2	TO080	758	758	2	dentro]	dentro	_	_	_	_	_	linguistic	_	none	_	End=1433.001	_	_	_	0-6(120)
759-0	TO080	759	759	0	sì	sì	_	_	_	_	_	linguistic	_	none	_	Begin=1433.036	_	_	_	_
759-1	TO080	759	759	1	di	di	_	_	_	_	_	linguistic	_	none	_	_	_	_	_	_
759-2	TO080	759	759	2	terracotta	terracotta	_	_	_	_	_	linguistic	_	none	_	_	_	_	_	_
759-3	TO080	759	759	3	con	con	_	_	_	_	_	linguistic	_	none	_	_	_	_	_	_
759-4	TO080	759	759	4	dentro	dentro	_	_	_	_	_	linguistic	_	none	_	_	_	_	_	_
759-5	TO080	759	759	5	la	la	_	_	_	_	_	linguistic	_	none	_	_	_	_	_	_
759-6	TO080	759	759	6	terra	terra	_	_	_	_	_	linguistic	_	none	_	End=1435.303	_	_	_	_
760-0	TO071	760	760	0	minchia	minchia	_	_	_	_	_	linguistic	_	none	_	Begin=1435.303|End=1435.912	_	_	_	_
761-0	TO080	761	761	0	l'	l'	_	_	_	_	_	linguistic	_	none	SpaceAfter=No	Begin=1435.912	_	_	_	_
761-1	TO080	761	761	1	ha	ha	_	_	_	_	_	linguistic	_	none	_	_	_	_	_	_
761-2	TO080	761	761	2	preso,	preso	_	_	_	_	_	linguistic	_	none	Intonation=WeaklyRising	End=1436.695	_	_	_	_
762-0	TO080	762	762	0	e	e	_	_	_	_	_	linguistic	_	none	_	Begin=1437.207	_	_	_	_
762-1	TO080	762	762	1	l'	l'	_	_	_	_	_	linguistic	_	none	SpaceAfter=No	_	_	_	_	_
762-2	TO080	762	762	2	ha	ha	_	_	_	_	_	linguistic	_	none	_	_	_	_	_	_
762-3	TO080	762	762	3	buttato	buttato	_	_	_	_	_	linguistic	_	none	_	_	_	_	_	_
762-4	TO080	762	762	4	era	era	_	_	_	_	_	linguistic	_	none	_	_	_	_	_	_
762-5	TO080	762	762	5	nostro	nostro	_	_	_	_	_	linguistic	_	none	_	_	_	_	_	_
762-6	TO080	762	762	6	e	e	_	_	_	_	_	linguistic	_	none	_	_	_	_	_	_
762-7	TO080	762	762	7	l'	l'	_	_	_	_	_	linguistic	_	none	SpaceAfter=No	_	_	_	_	_
762-8	TO080	762	762	8	ha	ha	_	_	_	_	_	linguistic	_	none	_	_	_	_	_	_
762-9	TO080	762	762	9	buttato	buttato	_	_	_	_	_	linguistic	_	none	_	_	_	_	_	_
762-10	TO080	762	762	10	dalla	dalla	_	_	_	_	_	linguistic	_	none	_	_	_	_	_	_
762-11	TO080	762	762	11	nostra	nostra	_	_	_	_	_	linguistic	_	none	_	_	_	_	_	_
762-12	TO080	762	762	12	parte,	parte	_	_	_	_	_	linguistic	_	none	Intonation=WeaklyRising	End=1440.208	_	_	_	_
763-0	TO071	763	763	0	ho	ho	_	_	_	_	_	linguistic	_	none	_	Begin=1440.968	_	_	_	_
763-1	TO071	763	763	1	capito	capito	_	_	_	_	_	linguistic	_	none	_	End=1441.326	_	_	_	_
764-0	TO071	764	764	0	[fortuna	fortuna	_	_	_	_	_	linguistic	_	none	_	Begin=1441.406	_	_	_	0-7(121)
764-1	TO071	764	764	1	che	che	_	_	_	_	_	linguistic	_	none	_	_	_	_	_	0-3(121)
764-2	TO071	764	764	2	non	non	_	_	_	_	_	linguistic	_	none	_	_	_	_	_	0-3(121)
764-3	TO071	764	764	3	c'	c'	_	_	_	_	_	linguistic	_	none	SpaceAfter=No	_	_	_	_	0-2(121)
764-4	TO071	764	764	4	era	era	_	_	_	_	_	linguistic	_	none	_	_	_	_	_	0-3(121)
764-5	TO071	764	764	5	ne]suno	nesuno	_	_	_	_	_	linguistic	_	none	_	_	_	_	_	0-2(121)
764-6	TO071	764	764	6	[sotto	sotto	_	_	_	_	_	linguistic	_	none	_	_	_	_	_	0-5(122)
764-7	TO071	764	764	7	xxx]	xxx	_	_	_	_	_	unknown	_	none	Syllables=3	End=1444.073	_	_	_	0-3(122)
765-0	TO080	765	765	0	[quindi	quindi	_	_	_	_	_	linguistic	_	none	_	Begin=1441.406	_	_	_	0-6(121)
765-1	TO080	765	765	1	è	è	_	_	_	_	_	linguistic	_	none	_	_	_	_	_	0-1(121)
765-2	TO080	765	765	2	questa	questa	_	_	_	_	_	linguistic	_	none	_	_	_	_	_	0-6(121)
765-3	TO080	765	765	3	la	la	_	_	_	_	_	linguistic	_	none	_	_	_	_	_	0-2(121)
765-4	TO080	765	765	4	situazione].	situazione	_	_	_	_	_	linguistic	_	none	Intonation=Falling	End=1442.83	_	_	_	0-10(121)
766-0	TO080	766	766	0	[no	no	_	_	_	_	_	linguistic	_	none	_	Begin=1443.121	_	_	_	0-2(122)
766-1	TO080	766	766	1	non	non	_	_	_	_	_	linguistic	_	none	_	_	_	_	_	0-3(122)
766-2	TO080	766	766	2	c'	c'	_	_	_	_	_	linguistic	_	none	SpaceAfter=No	_	_	_	_	0-2(122)
766-3	TO080	766	766	3	era	era	_	_	_	_	_	linguistic	_	none	_	_	_	_	_	0-3(122)
766-4	TO080	766	766	4	nesssu]no,	nesssuno	_	_	_	_	_	linguistic	_	none	Intonation=WeaklyRising	End=1444.363	_	_	_	0-6(122)
767-0	TO080	767	767	0	e::hm	ehm	_	_	_	_	_	linguistic	_	none	_	Begin=1444.525|End=1445.643	0x2	_	_	_
768-0	TO080	768	768	0	c'	c'	_	_	_	_	_	linguistic	_	none	SpaceAfter=No	Begin=1445.701	_	_	_	_
768-1	TO080	768	768	1	era	era	_	_	_	_	_	linguistic	_	none	_	_	_	_	_	_
768-2	TO080	768	768	2	in	in	_	_	_	_	_	linguistic	_	none	_	_	_	_	_	_
768-3	TO080	768	768	3	casa	casa	_	_	_	_	_	linguistic	_	none	_	_	_	_	_	_
768-4	TO080	768	768	4	solo	solo	_	_	_	_	_	linguistic	_	none	_	_	_	_	_	_
768-5	TO080	768	768	5	la	la	_	_	_	_	_	linguistic	_	none	_	_	_	_	_	_
768-6	TO080	768	768	6	signora	signora	_	_	_	_	_	linguistic	_	none	_	_	_	_	_	_
768-7	TO080	768	768	7	delle	delle	_	_	_	_	_	linguistic	_	none	_	_	_	_	_	_
768-8	TO080	768	768	8	pulizie,	pulizie	_	_	_	_	_	linguistic	_	none	Intonation=WeaklyRising	End=1447.975	_	_	_	_
769-0	TO080	769	769	0	che	che	_	_	_	_	_	linguistic	_	none	_	Begin=1448.183	_	_	_	_
769-1	TO080	769	769	1	si	si	_	_	_	_	_	linguistic	_	none	_	_	_	_	_	_
769-2	TO080	769	769	2	è	è	_	_	_	_	_	linguistic	_	none	_	_	_	_	_	_
769-3	TO080	769	769	3	spaventata	spaventata	_	_	_	_	_	linguistic	_	none	_	_	_	_	_	_
769-4	TO080	769	769	4	a	a	_	_	_	_	_	linguistic	_	none	_	_	_	_	_	_
769-5	TO080	769	769	5	morte	morte	_	_	_	_	_	linguistic	_	none	_	_	_	_	_	_
769-6	TO080	769	769	6	sen[tendo]	sentendo	_	_	_	_	_	linguistic	_	none	_	_	_	_	_	3-8(123)
769-7	TO080	769	769	7	il	il	_	_	_	_	_	linguistic	_	none	_	_	_	_	_	_
769-8	TO080	769	769	8	rumore.	rumore	_	_	_	_	_	linguistic	_	none	Intonation=Falling	End=1450.309	_	_	_	_
770-0	TO071	770	770	0	[chiaro]	chiaro	_	_	_	_	_	linguistic	_	none	_	Begin=1449.462|End=1449.862	_	_	_	0-6(123)
771-0	TO071	771	771	0	okay	okay	_	_	_	_	_	linguistic	_	none	PauseAfter=Yes	Begin=1451.522	_	_	_	_
771-1	TO071	771	771	1	{P}	{P}	_	_	_	_	_	shortpause	_	none	_	_	_	_	_	_
771-2	TO071	771	771	2	animali	animali	_	_	_	_	_	linguistic	_	none	_	_	_	_	_	_
771-3	TO071	771	771	3	invece	invece	_	_	_	_	_	linguistic	_	none	_	_	_	_	_	_
771-4	TO071	771	771	4	ne	ne	_	_	_	_	_	linguistic	_	none	_	_	_	_	_	_
771-5	TO071	771	771	5	hai	hai	_	_	_	_	_	linguistic	_	none	_	_	_	_	_	_
771-6	TO071	771	771	6	mai	mai	_	_	_	_	_	linguistic	_	none	_	_	_	_	_	_
771-7	TO071	771	771	7	avuti?	avuti	_	_	_	_	_	linguistic	_	none	Intonation=Rising	End=1453.888	_	_	_	_
772-0	TO080	772	772	0	sì	sì	_	_	_	_	_	linguistic	_	none	_	Begin=1454.105	_	_	_	_
772-1	TO080	772	772	1	ho	ho	_	_	_	_	_	linguistic	_	none	_	_	_	_	_	_
772-2	TO080	772	772	2	un:	un	_	_	_	_	_	linguistic	_	none	_	_	1x1	_	_	_
772-3	TO080	772	772	3	cagnolino	cagnolino	_	_	_	_	_	linguistic	_	none	_	_	_	_	_	_
772-4	TO080	772	772	4	un	un	_	_	_	_	_	linguistic	_	none	_	_	_	_	_	_
772-5	TO080	772	772	5	barboncino.	barboncino	_	_	_	_	_	linguistic	_	none	Intonation=Falling	End=1456.615	_	_	_	_
773-0	TO071	773	773	0	lì	lì	_	_	_	_	_	linguistic	_	none	_	Begin=1456.615	_	_	_	_
773-1	TO071	773	773	1	a	a	_	_	_	_	_	linguistic	_	none	_	_	_	_	_	_
773-2	TO071	773	773	2	@nomepaese?	@nomepaese	_	_	_	_	_	anonymized	_	none	Intonation=Rising	End=1457.448	_	_	_	_
774-0	TO080	774	774	0	sì.	sì	_	_	_	_	_	linguistic	_	none	Intonation=Falling	Begin=1457.686|End=1458.046	_	_	_	_
775-0	TO071	775	775	0	quanti	quanti	_	_	_	_	_	linguistic	_	none	_	Begin=1458.448	_	_	_	_
775-1	TO071	775	775	1	anni	anni	_	_	_	_	_	linguistic	_	none	_	_	_	_	_	_
775-2	TO071	775	775	2	ha?	ha	_	_	_	_	_	linguistic	_	none	Intonation=Rising	End=1459.122	_	_	_	_
776-0	TO080	776	776	0	m:h	mh	_	_	_	_	_	linguistic	_	none	_	Begin=1459.742	0x1	_	_	_
776-1	TO080	776	776	1	quasi	quasi	_	_	_	_	_	linguistic	_	none	_	_	_	_	_	_
776-2	TO080	776	776	2	dieci.	dieci	_	_	_	_	_	linguistic	_	none	Intonation=Falling	End=1460.786	_	_	_	_
777-0	TO071	777	777	0	quasi	quasi	_	_	_	_	_	linguistic	_	none	_	Begin=1460.877	_	_	_	_
777-1	TO071	777	777	1	dieci	dieci	_	_	_	_	_	linguistic	_	none	PauseAfter=Yes	_	_	_	_	_
777-2	TO071	777	777	2	{P}	{P}	_	_	_	_	_	shortpause	_	none	_	_	_	_	_	_
777-3	TO071	777	777	3	è	è	_	_	_	_	_	linguistic	_	none	_	_	_	_	_	_
777-4	TO071	777	777	4	vecchiotto	vecchiotto	_	_	_	_	_	linguistic	_	none	_	_	_	_	_	_
777-5	TO071	777	777	5	[come	come	_	_	_	_	_	linguistic	_	none	_	_	_	_	_	0-4(124)
777-6	TO071	777	777	6	si	si	_	_	_	_	_	linguistic	_	none	_	_	_	_	_	0-2(124)
777-7	TO071	777	777	7	chiama]?	chiama	_	_	_	_	_	linguistic	_	none	Intonation=Rising	End=1462.941	_	_	_	0-6(124)
778-0	TO080	778	778	0	[è	è	_	_	_	_	_	linguistic	_	none	_	Begin=1462.345	_	_	_	0-1(124)
778-1	TO080	778	778	1	vecchiotto]	vecchiotto	_	_	_	_	_	linguistic	_	none	_	End=1462.919	_	_	_	0-10(124)
779-0	TO080	779	779	0	marley	marley	_	_	_	_	_	linguistic	_	none	_	Begin=1463.022|End=1463.647	_	_	_	_
780-0	TO071	780	780	0	MA~	ma~	_	_	_	_	_	linguistic	_	none	Interrupted=Yes|Volume=high	Begin=1463.867	_	_	_	_
780-1	TO071	780	780	1	marley?	marley	_	_	_	_	_	linguistic	_	none	Intonation=Rising	End=1465.0	_	_	_	_
781-0	TO080	781	781	0	{ride}	{ride}	_	_	_	_	_	nonverbalbehavior	_	none	_	Begin=1465.071|End=1465.554	_	_	_	_
782-0	TO071	782	782	0	come	come	_	_	_	_	_	linguistic	_	none	_	Begin=1465.632	_	_	_	_
782-1	TO071	782	782	1	marley	marley	_	_	_	_	_	linguistic	_	none	_	_	_	_	_	_
782-2	TO071	782	782	2	di	di	_	_	_	_	_	linguistic	_	none	_	_	_	_	_	_
782-3	TO071	782	782	3	io	io	_	_	_	_	_	linguistic	_	none	_	_	_	_	_	_
782-4	TO071	782	782	4	[e	e	_	_	_	_	_	linguistic	_	none	_	_	_	_	_	0-1(125)
782-5	TO071	782	782	5	ma]rley?	marley	_	_	_	_	_	linguistic	_	none	Intonation=Rising	End=1467.088	_	_	_	0-2(125)
783-0	TO080	783	783	0	[si]	si	_	_	_	_	_	linguistic	_	none	_	Begin=1466.456|End=1466.736	_	_	_	0-2(125)
784-0	TO071	784	784	0	tendenzia[lmente]	tendenzialmente	_	_	_	_	_	linguistic	_	none	_	Begin=1467.149|End=1468.003	_	_	_	9-15(126)
785-0	TO080	785	785	0	[ero	ero	_	_	_	_	_	linguistic	_	none	_	Begin=1467.549	_	_	_	0-3(126)
785-1	TO080	785	785	1	pic]cola,	piccola	_	_	_	_	_	linguistic	_	none	Intonation=WeaklyRising	_	_	_	_	0-3(126)
785-2	TO080	785	785	2	han	han	_	_	_	_	_	linguistic	_	none	_	_	_	_	_	_
785-3	TO080	785	785	3	fatto	fatto	_	_	_	_	_	linguistic	_	none	_	_	_	_	_	_
785-4	TO080	785	785	4	scegliere	scegliere	_	_	_	_	_	linguistic	_	none	_	_	_	_	_	_
785-5	TO080	785	785	5	a	a	_	_	_	_	_	linguistic	_	none	_	_	_	_	_	_
785-6	TO080	785	785	6	me	me	_	_	_	_	_	linguistic	_	none	_	_	_	_	_	_
785-7	TO080	785	785	7	il	il	_	_	_	_	_	linguistic	_	none	_	_	_	_	_	_
785-8	TO080	785	785	8	nome	nome	_	_	_	_	_	linguistic	_	none	_	_	_	_	_	_
785-9	TO080	785	785	9	io	io	_	_	_	_	_	linguistic	_	none	_	_	_	_	_	_
785-10	TO080	785	785	10	avevo	avevo	_	_	_	_	_	linguistic	_	none	_	_	_	_	_	_
785-11	TO080	785	785	11	letto	letto	_	_	_	_	_	linguistic	_	none	_	_	_	_	_	_
785-12	TO080	785	785	12	il	il	_	_	_	_	_	linguistic	_	none	_	_	_	_	_	_
785-13	TO080	785	785	13	libro	libro	_	_	_	_	_	linguistic	_	none	_	_	_	_	_	_
785-14	TO080	785	785	14	e:	e	_	_	_	_	_	linguistic	_	none	_	End=1471.72	0x1	_	_	_
786-0	TO071	786	786	0	ahah	ahah	_	_	_	_	_	linguistic	_	none	_	Begin=1471.721|End=1472.253	_	_	_	_
787-0	TO080	787	787	0	ero	ero	_	_	_	_	_	linguistic	_	none	_	Begin=1472.253	_	_	_	_
787-1	TO080	787	787	1	innamorata	innamorata	_	_	_	_	_	linguistic	_	none	_	_	_	_	_	_
787-2	TO080	787	787	2	di	di	_	_	_	_	_	linguistic	_	none	_	_	_	_	_	_
787-3	TO080	787	787	3	quel	quel	_	_	_	_	_	linguistic	_	none	_	_	_	_	_	_
787-4	TO080	787	787	4	cane	cane	_	_	_	_	_	linguistic	_	none	_	_	_	_	_	_
787-5	TO080	787	787	5	quindi	quindi	_	_	_	_	_	linguistic	_	none	_	_	_	_	_	_
787-6	TO080	787	787	6	l'	l'	_	_	_	_	_	linguistic	_	none	SpaceAfter=No	_	_	_	_	_
787-7	TO080	787	787	7	abbiamo	abbiamo	_	_	_	_	_	linguistic	_	none	_	_	_	_	_	_
787-8	TO080	787	787	8	chiamato	chiamato	_	_	_	_	_	linguistic	_	none	_	_	_	_	_	_
787-9	TO080	787	787	9	marley.	marley	_	_	_	_	_	linguistic	_	none	Intonation=Falling	End=1475.386	_	_	_	_
788-0	TO071	788	788	0	ma::	ma	_	_	_	_	_	linguistic	_	none	_	Begin=1475.539	1x2	_	_	_
788-1	TO071	788	788	1	il	il	_	_	_	_	_	linguistic	_	none	_	_	_	_	_	_
788-2	TO071	788	788	2	cane	cane	_	_	_	_	_	linguistic	_	none	PauseAfter=Yes	_	_	_	_	_
788-3	TO071	788	788	3	{P}	{P}	_	_	_	_	_	shortpause	_	none	_	_	_	_	_	_
788-4	TO071	788	788	4	come	come	_	_	_	_	_	linguistic	_	none	_	_	_	_	_	_
788-5	TO071	788	788	5	dire	dire	_	_	_	_	_	linguistic	_	none	_	_	_	_	_	_
788-6	TO071	788	788	6	lo	lo	_	_	_	_	_	linguistic	_	none	_	_	_	_	_	_
788-7	TO071	788	788	7	lo	lo	_	_	_	_	_	linguistic	_	none	_	_	_	_	_	_
788-8	TO071	788	788	8	senti	senti	_	_	_	_	_	linguistic	_	none	_	_	_	_	_	_
788-9	TO071	788	788	9	cioè	cioè	_	_	_	_	_	linguistic	_	none	_	_	_	_	_	_
788-10	TO071	788	788	10	sei	sei	_	_	_	_	_	linguistic	_	none	_	_	_	_	_	_
788-11	TO071	788	788	11	tu	tu	_	_	_	_	_	linguistic	_	none	_	_	_	_	_	_
788-12	TO071	788	788	12	la	la	_	_	_	_	_	linguistic	_	none	_	_	_	_	_	_
788-13	TO071	788	788	13	mamma	mamma	_	_	_	_	_	linguistic	_	none	_	_	_	_	_	_
788-14	TO071	788	788	14	o	o	_	_	_	_	_	linguistic	_	none	_	_	_	_	_	_
788-15	TO071	788	788	15	è	è	_	_	_	_	_	linguistic	_	none	_	_	_	_	_	_
788-16	TO071	788	788	16	tua	tua	_	_	_	_	_	linguistic	_	none	_	_	_	_	_	_
788-17	TO071	788	788	17	mamma	mamma	_	_	_	_	_	linguistic	_	none	_	_	_	_	_	_
788-18	TO071	788	788	18	la	la	_	_	_	_	_	linguistic	_	none	_	_	_	_	_	_
788-19	TO071	788	788	19	mamma	mamma	_	_	_	_	_	linguistic	_	none	_	_	_	_	_	_
788-20	TO071	788	788	20	del::?	del	_	_	_	_	_	linguistic	_	none	Intonation=Rising	End=1481.255	2x2	_	_	_
789-0	TO080	789	789	0	entrambe	entrambe	_	_	_	_	_	linguistic	_	none	_	Begin=1482.136	_	_	_	_
789-1	TO080	789	789	1	[praticamente]	praticamente	_	_	_	_	_	linguistic	_	none	_	_	_	_	_	0-12(127)
789-2	TO080	789	789	2	no	no	_	_	_	_	_	linguistic	_	none	_	_	_	_	_	_
789-3	TO080	789	789	3	essendo	essendo	_	_	_	_	_	linguistic	_	none	_	_	_	_	_	_
789-4	TO080	789	789	4	molto	molto	_	_	_	_	_	linguistic	_	none	_	_	_	_	_	_
789-5	TO080	789	789	5	affettuoso	affettuoso	_	_	_	_	_	linguistic	_	none	_	_	_	_	_	_
789-6	TO080	789	789	6	siamo,	siamo	_	_	_	_	_	linguistic	_	none	Intonation=WeaklyRising	End=1486.194	_	_	_	_
790-0	TO071	790	790	0	[ah	ah	_	_	_	_	_	linguistic	_	none	_	Begin=1482.858	_	_	_	0-2(127)
790-1	TO071	790	790	1	okay]	okay	_	_	_	_	_	linguistic	_	none	_	End=1483.922	_	_	_	0-4(127)
791-0	TO080	791	791	0	tutti	tutti	_	_	_	_	_	linguistic	_	none	_	Begin=1486.649	_	_	_	_
791-1	TO080	791	791	1	poi	poi	_	_	_	_	_	linguistic	_	none	_	_	_	_	_	_
791-2	TO080	791	791	2	vabbè	vabbè	_	_	_	_	_	linguistic	_	none	_	_	_	_	_	_
791-3	TO080	791	791	3	ovviamente	ovviamente	_	_	_	_	_	linguistic	_	none	_	_	_	_	_	_
791-4	TO080	791	791	4	mia	mia	_	_	_	_	_	linguistic	_	none	_	_	_	_	_	_
791-5	TO080	791	791	5	madre	madre	_	_	_	_	_	linguistic	_	none	_	_	_	_	_	_
791-6	TO080	791	791	6	essendo	essendo	_	_	_	_	_	linguistic	_	none	_	_	_	_	_	_
791-7	TO080	791	791	7	quella	quella	_	_	_	_	_	linguistic	_	none	_	_	_	_	_	_
791-8	TO080	791	791	8	che	che	_	_	_	_	_	linguistic	_	none	_	_	_	_	_	_
791-9	TO080	791	791	9	passa	passa	_	_	_	_	_	linguistic	_	none	_	_	_	_	_	_
791-10	TO080	791	791	10	più	più	_	_	_	_	_	linguistic	_	none	_	_	_	_	_	_
791-11	TO080	791	791	11	tempo	tempo	_	_	_	_	_	linguistic	_	none	_	_	_	_	_	_
791-12	TO080	791	791	12	in	in	_	_	_	_	_	linguistic	_	none	_	_	_	_	_	_
791-13	TO080	791	791	13	casa,	casa	_	_	_	_	_	linguistic	_	none	Intonation=WeaklyRising	End=1489.902	_	_	_	_
792-0	TO071	792	792	0	mhmh	mhmh	_	_	_	_	_	linguistic	_	none	_	Begin=1489.902|End=1490.294	_	_	_	_
793-0	TO080	793	793	0	è	è	_	_	_	_	_	linguistic	_	none	_	Begin=1490.294	_	_	_	_
793-1	TO080	793	793	1	quella	quella	_	_	_	_	_	linguistic	_	none	_	_	_	_	_	_
793-2	TO080	793	793	2	che	che	_	_	_	_	_	linguistic	_	none	_	_	_	_	_	_
793-3	TO080	793	793	3	ci	ci	_	_	_	_	_	linguistic	_	none	_	_	_	_	_	_
793-4	TO080	793	793	4	sta	sta	_	_	_	_	_	linguistic	_	none	_	_	_	_	_	_
793-5	TO080	793	793	5	anche	anche	_	_	_	_	_	linguistic	_	none	_	_	_	_	_	_
793-6	TO080	793	793	6	più	più	_	_	_	_	_	linguistic	_	none	_	_	_	_	_	_
793-7	TO080	793	793	7	dietro.	dietro	_	_	_	_	_	linguistic	_	none	Intonation=Falling	End=1491.662	_	_	_	_
794-0	TO071	794	794	0	okay	okay	_	_	_	_	_	linguistic	_	none	_	Begin=1492.897|End=1493.439	_	_	_	_
795-0	TO071	795	795	0	e:	e	_	_	_	_	_	linguistic	_	none	_	Begin=1493.894	0x1	_	_	_
795-1	TO071	795	795	1	senti	senti	_	_	_	_	_	linguistic	_	none	_	_	_	_	_	_
795-2	TO071	795	795	2	un	un	_	_	_	_	_	linguistic	_	none	_	_	_	_	_	_
795-3	TO071	795	795	3	po'	po'	_	_	_	_	_	linguistic	_	none	_	_	_	_	_	_
795-4	TO071	795	795	4	per	per	_	_	_	_	_	linguistic	_	none	_	_	_	_	_	_
795-5	TO071	795	795	5	quanto	quanto	_	_	_	_	_	linguistic	_	none	_	_	_	_	_	_
795-6	TO071	795	795	6	riguarda	riguarda	_	_	_	_	_	linguistic	_	none	_	_	_	_	_	_
795-7	TO071	795	795	7	la	la	_	_	_	_	_	linguistic	_	none	_	_	_	_	_	_
795-8	TO071	795	795	8	casa	casa	_	_	_	_	_	linguistic	_	none	_	_	_	_	_	_
795-9	TO071	795	795	9	di	di	_	_	_	_	_	linguistic	_	none	_	_	_	_	_	_
795-10	TO071	795	795	10	torino,	torino	_	_	_	_	_	linguistic	_	none	Intonation=WeaklyRising	_	_	_	_	_
795-11	TO071	795	795	11	invece,	invece	_	_	_	_	_	linguistic	_	none	Intonation=WeaklyRising	End=1497.413	_	_	_	_
796-0	TO071	796	796	0	mi	mi	_	_	_	_	_	linguistic	_	none	_	Begin=1497.477	_	_	_	_
796-1	TO071	796	796	1	hai	hai	_	_	_	_	_	linguistic	_	none	_	_	_	_	_	_
796-2	TO071	796	796	2	detto	detto	_	_	_	_	_	linguistic	_	none	_	_	_	_	_	_
796-3	TO071	796	796	3	che	che	_	_	_	_	_	linguistic	_	none	_	_	_	_	_	_
796-4	TO071	796	796	4	stai	stai	_	_	_	_	_	linguistic	_	none	_	_	_	_	_	_
796-5	TO071	796	796	5	in	in	_	_	_	_	_	linguistic	_	none	_	_	_	_	_	_
796-6	TO071	796	796	6	un	un	_	_	_	_	_	linguistic	_	none	_	_	_	_	_	_
796-7	TO071	796	796	7	biloca[le],	bilocale	_	_	_	_	_	linguistic	_	none	Intonation=WeaklyRising	End=1499.488	_	_	_	6-8(128)
797-0	TO080	797	797	0	[si]	si	_	_	_	_	_	linguistic	_	none	_	Begin=1499.241|End=1499.549	_	_	_	0-2(128)
798-0	TO071	798	798	0	e	e	_	_	_	_	_	linguistic	_	none	_	Begin=1499.563	_	_	_	_
798-1	TO071	798	798	1	che	che	_	_	_	_	_	linguistic	_	none	_	_	_	_	_	_
798-2	TO071	798	798	2	stai	stai	_	_	_	_	_	linguistic	_	none	_	_	_	_	_	_
798-3	TO071	798	798	3	da	da	_	_	_	_	_	linguistic	_	none	_	_	_	_	_	_
798-4	TO071	798	798	4	sola,	sola	_	_	_	_	_	linguistic	_	none	Intonation=WeaklyRising	End=1500.968	_	_	_	_
799-0	TO071	799	799	0	nel	nel	_	_	_	_	_	linguistic	_	none	_	Begin=1501.492	_	_	_	_
799-1	TO071	799	799	1	senso,	senso	_	_	_	_	_	linguistic	_	none	Intonation=WeaklyRising	End=1502.315	_	_	_	_
800-0	TO071	800	800	0	senti	senti	_	_	_	_	_	linguistic	_	none	_	Begin=1502.443	_	_	_	_
800-1	TO071	800	800	1	di	di	_	_	_	_	_	linguistic	_	none	_	_	_	_	_	_
800-2	TO071	800	800	2	più	più	_	_	_	_	_	linguistic	_	none	_	_	_	_	_	_
800-3	TO071	800	800	3	il	il	_	_	_	_	_	linguistic	_	none	_	End=1504.438	_	_	_	_
801-0	TO071	801	801	0	piacere	piacere	_	_	_	_	_	linguistic	_	none	_	Begin=1504.675	_	_	_	_
801-1	TO071	801	801	1	chiamiamolo	chiamiamolo	_	_	_	_	_	linguistic	_	none	_	_	_	_	_	_
801-2	TO071	801	801	2	così	così	_	_	_	_	_	linguistic	_	none	_	_	_	_	_	_
801-3	TO071	801	801	3	della	della	_	_	_	_	_	linguistic	_	none	_	_	_	_	_	_
801-4	TO071	801	801	4	libertà	libertà	_	_	_	_	_	linguistic	_	none	_	_	_	_	_	_
801-5	TO071	801	801	5	dei	dei	_	_	_	_	_	linguistic	_	none	_	_	_	_	_	_
801-6	TO071	801	801	6	tuoi	tuoi	_	_	_	_	_	linguistic	_	none	_	_	_	_	_	_
801-7	TO071	801	801	7	spazi	spazi	_	_	_	_	_	linguistic	_	none	_	_	_	_	_	_
801-8	TO071	801	801	8	di	di	_	_	_	_	_	linguistic	_	none	_	_	_	_	_	_
801-9	TO071	801	801	9	farti	farti	_	_	_	_	_	linguistic	_	none	_	_	_	_	_	_
801-10	TO071	801	801	10	i	i	_	_	_	_	_	linguistic	_	none	_	_	_	_	_	_
801-11	TO071	801	801	11	cazzi	cazzi	_	_	_	_	_	linguistic	_	none	_	_	_	_	_	_
801-12	TO071	801	801	12	tuoi?	tuoi	_	_	_	_	_	linguistic	_	none	Intonation=Rising	End=1508.816	_	_	_	_
802-0	TO071	802	802	0	o	o	_	_	_	_	_	linguistic	_	none	_	Begin=1509.055	_	_	_	_
802-1	TO071	802	802	1	ogni	ogni	_	_	_	_	_	linguistic	_	none	_	_	_	_	_	_
802-2	TO071	802	802	2	tanto	tanto	_	_	_	_	_	linguistic	_	none	_	_	_	_	_	_
802-3	TO071	802	802	3	magari	magari	_	_	_	_	_	linguistic	_	none	_	_	_	_	_	_
802-4	TO071	802	802	4	la	la	_	_	_	_	_	linguistic	_	none	_	_	_	_	_	_
802-5	TO071	802	802	5	solitudine	solitudine	_	_	_	_	_	linguistic	_	none	_	_	_	_	_	_
802-6	TO071	802	802	6	di	di	_	_	_	_	_	linguistic	_	none	_	_	_	_	_	_
802-7	TO071	802	802	7	non	non	_	_	_	_	_	linguistic	_	none	_	_	_	_	_	_
802-8	TO071	802	802	8	avere:,	avere	_	_	_	_	_	linguistic	_	none	Intonation=WeaklyRising	End=1512.79	4x1	_	_	_
803-0	TO071	803	803	0	coinquilini	coinquilini	_	_	_	_	_	linguistic	_	none	_	Begin=1512.875	_	_	_	_
803-1	TO071	803	803	1	magari	magari	_	_	_	_	_	linguistic	_	none	_	_	_	_	_	_
803-2	TO071	803	803	2	con	con	_	_	_	_	_	linguistic	_	none	_	_	_	_	_	_
803-3	TO071	803	803	3	i	i	_	_	_	_	_	linguistic	_	none	_	_	_	_	_	_
803-4	TO071	803	803	4	quali	quali	_	_	_	_	_	linguistic	_	none	_	_	_	_	_	_
803-5	TO071	803	803	5	chiacchierare,	chiacchierare	_	_	_	_	_	linguistic	_	none	Intonation=WeaklyRising	End=1515.511	_	_	_	_
804-0	TO080	804	804	0	eh	eh	_	_	_	_	_	linguistic	_	none	_	Begin=1516.587	_	_	_	_
804-1	TO080	804	804	1	beh	beh	_	_	_	_	_	linguistic	_	none	_	_	_	_	_	_
804-2	TO080	804	804	2	entrambi	entrambi	_	_	_	_	_	linguistic	_	none	_	_	_	_	_	_
804-3	TO080	804	804	3	per[ché]	perché	_	_	_	_	_	linguistic	_	none	_	_	_	_	_	3-6(129)
804-4	TO080	804	804	4	ci	ci	_	_	_	_	_	linguistic	_	none	_	_	_	_	_	_
804-5	TO080	804	804	5	ehm	ehm	_	_	_	_	_	linguistic	_	none	_	_	_	_	_	_
804-6	TO080	804	804	6	soprattutto	soprattutto	_	_	_	_	_	linguistic	_	none	_	_	_	_	_	_
804-7	TO080	804	804	7	quando	quando	_	_	_	_	_	linguistic	_	none	_	_	_	_	_	_
804-8	TO080	804	804	8	devo	devo	_	_	_	_	_	linguistic	_	none	_	_	_	_	_	_
804-9	TO080	804	804	9	studiare	studiare	_	_	_	_	_	linguistic	_	none	_	_	_	_	_	_
804-10	TO080	804	804	10	o	o	_	_	_	_	_	linguistic	_	none	_	_	_	_	_	_
804-11	TO080	804	804	11	farmi	farmi	_	_	_	_	_	linguistic	_	none	_	_	_	_	_	_
804-12	TO080	804	804	12	proprio:,	proprio	_	_	_	_	_	linguistic	_	none	Intonation=WeaklyRising	End=1522.07	6x1	_	_	_
805-0	TO071	805	805	0	[ah]	ah	_	_	_	_	_	linguistic	_	none	_	Begin=1518.086|End=1518.435	_	_	_	0-2(129)
806-0	TO080	806	806	0	perché	perché	_	_	_	_	_	linguistic	_	none	_	Begin=1522.325	_	_	_	_
806-1	TO080	806	806	1	ho	ho	_	_	_	_	_	linguistic	_	none	_	_	_	_	_	_
806-2	TO080	806	806	2	orari	orari	_	_	_	_	_	linguistic	_	none	_	_	_	_	_	_
806-3	TO080	806	806	3	strani	strani	_	_	_	_	_	linguistic	_	none	_	_	_	_	_	_
806-4	TO080	806	806	4	[mi	mi	_	_	_	_	_	linguistic	_	none	_	_	_	_	_	0-2(130)
806-5	TO080	806	806	5	me]tto	metto	_	_	_	_	_	linguistic	_	none	_	_	_	_	_	0-2(130)
806-6	TO080	806	806	6	a	a	_	_	_	_	_	linguistic	_	none	_	_	_	_	_	_
806-7	TO080	806	806	7	fare:	fare	_	_	_	_	_	linguistic	_	none	_	_	3x1	_	_	_
806-8	TO080	806	806	8	le	le	_	_	_	_	_	linguistic	_	none	_	_	_	_	_	_
806-9	TO080	806	806	9	valigie	valigie	_	_	_	_	_	linguistic	_	none	_	_	_	_	_	_
806-10	TO080	806	806	10	alle	alle	_	_	_	_	_	linguistic	_	none	_	_	_	_	_	_
806-11	TO080	806	806	11	tre	tre	_	_	_	_	_	linguistic	_	none	_	_	_	_	_	_
806-12	TO080	806	806	12	di	di	_	_	_	_	_	linguistic	_	none	_	_	_	_	_	_
806-13	TO080	806	806	13	notte,	notte	_	_	_	_	_	linguistic	_	none	Intonation=WeaklyRising	End=1525.996	_	_	_	_
807-0	TO071	807	807	0	[mhmh]	mhmh	_	_	_	_	_	linguistic	_	none	_	Begin=1523.444|End=1523.764	_	_	_	0-4(130)
808-0	TO071	808	808	0	okay	okay	_	_	_	_	_	linguistic	_	none	_	Begin=1526.017|End=1526.269	_	_	_	_
809-0	TO080	809	809	0	cerco	cerco	_	_	_	_	_	linguistic	_	none	_	Begin=1526.811	_	_	_	_
809-1	TO080	809	809	1	di	di	_	_	_	_	_	linguistic	_	none	_	_	_	_	_	_
809-2	TO080	809	809	2	rimandare	rimandare	_	_	_	_	_	linguistic	_	none	_	_	_	_	_	_
809-3	TO080	809	809	3	il	il	_	_	_	_	_	linguistic	_	none	_	_	_	_	_	_
809-4	TO080	809	809	4	più	più	_	_	_	_	_	linguistic	_	none	_	_	_	_	_	_
809-5	TO080	809	809	5	possibile	possibile	_	_	_	_	_	linguistic	_	none	_	_	_	_	_	_
809-6	TO080	809	809	6	quindi,	quindi	_	_	_	_	_	linguistic	_	none	Intonation=WeaklyRising	End=1528.612	_	_	_	_
810-0	TO080	810	810	0	sono	sono	_	_	_	_	_	linguistic	_	none	_	Begin=1529.495	_	_	_	_
810-1	TO080	810	810	1	cose	cose	_	_	_	_	_	linguistic	_	none	_	_	_	_	_	_
810-2	TO080	810	810	2	che	che	_	_	_	_	_	linguistic	_	none	_	_	_	_	_	_
810-3	TO080	810	810	3	posso	posso	_	_	_	_	_	linguistic	_	none	_	_	_	_	_	_
810-4	TO080	810	810	4	fare	fare	_	_	_	_	_	linguistic	_	none	_	_	_	_	_	_
810-5	TO080	810	810	5	essendo	essendo	_	_	_	_	_	linguistic	_	none	_	_	_	_	_	_
810-6	TO080	810	810	6	da	da	_	_	_	_	_	linguistic	_	none	_	_	_	_	_	_
810-7	TO080	810	810	7	sola.	sola	_	_	_	_	_	linguistic	_	none	Intonation=Falling	End=1531.865	_	_	_	_
811-0	TO080	811	811	0	poi	poi	_	_	_	_	_	linguistic	_	none	_	Begin=1532.168	_	_	_	_
811-1	TO080	811	811	1	ovviamente	ovviamente	_	_	_	_	_	linguistic	_	none	_	_	_	_	_	_
811-2	TO080	811	811	2	ci	ci	_	_	_	_	_	linguistic	_	none	_	_	_	_	_	_
811-3	TO080	811	811	3	sono	sono	_	_	_	_	_	linguistic	_	none	_	_	_	_	_	_
811-4	TO080	811	811	4	momenti	momenti	_	_	_	_	_	linguistic	_	none	_	_	_	_	_	_
811-5	TO080	811	811	5	in	in	_	_	_	_	_	linguistic	_	none	_	_	_	_	_	_
811-6	TO080	811	811	6	cui::	cui	_	_	_	_	_	linguistic	_	none	_	End=1534.771	2x2	_	_	_
812-0	TO080	812	812	0	se	se	_	_	_	_	_	linguistic	_	none	_	Begin=1535.35	_	_	_	_
812-1	TO080	812	812	1	mi	mi	_	_	_	_	_	linguistic	_	none	_	_	_	_	_	_
812-2	TO080	812	812	2	dici	dici	_	_	_	_	_	linguistic	_	none	_	_	_	_	_	_
812-3	TO080	812	812	3	certo	certo	_	_	_	_	_	linguistic	_	none	_	_	_	_	_	_
812-4	TO080	812	812	4	se	se	_	_	_	_	_	linguistic	_	none	_	_	_	_	_	_
812-5	TO080	812	812	5	ci	ci	_	_	_	_	_	linguistic	_	none	_	_	_	_	_	_
812-6	TO080	812	812	6	fosse	fosse	_	_	_	_	_	linguistic	_	none	_	_	_	_	_	_
812-7	TO080	812	812	7	un	un	_	_	_	_	_	linguistic	_	none	_	_	_	_	_	_
812-8	TO080	812	812	8	coinquilino	coinquilino	_	_	_	_	_	linguistic	_	none	_	_	_	_	_	_
812-9	TO080	812	812	9	potrei	potrei	_	_	_	_	_	linguistic	_	none	_	_	_	_	_	_
812-10	TO080	812	812	10	chiacchierare	chiacchierare	_	_	_	_	_	linguistic	_	none	_	_	_	_	_	_
812-11	TO080	812	812	11	così	così	_	_	_	_	_	linguistic	_	none	_	_	_	_	_	_
812-12	TO080	812	812	12	però	però	_	_	_	_	_	linguistic	_	none	_	_	_	_	_	_
812-13	TO080	812	812	13	non	non	_	_	_	_	_	linguistic	_	none	_	_	_	_	_	_
812-14	TO080	812	812	14	è	è	_	_	_	_	_	linguistic	_	none	_	_	_	_	_	_
812-15	TO080	812	812	15	detto,	detto	_	_	_	_	_	linguistic	_	none	Intonation=WeaklyRising	End=1539.372	_	_	_	_
813-0	TO080	813	813	0	perché	perché	_	_	_	_	_	linguistic	_	none	_	Begin=1539.457	_	_	_	_
813-1	TO080	813	813	1	se	se	_	_	_	_	_	linguistic	_	none	_	_	_	_	_	_
813-2	TO080	813	813	2	avessi	avessi	_	_	_	_	_	linguistic	_	none	_	_	_	_	_	_
813-3	TO080	813	813	3	un	un	_	_	_	_	_	linguistic	_	none	_	_	_	_	_	_
813-4	TO080	813	813	4	coinquilino	coinquilino	_	_	_	_	_	linguistic	_	none	_	_	_	_	_	_
813-5	TO080	813	813	5	magari	magari	_	_	_	_	_	linguistic	_	none	_	_	_	_	_	_
813-6	TO080	813	813	6	non	non	_	_	_	_	_	linguistic	_	none	_	_	_	_	_	_
813-7	TO080	813	813	7	c'	c'	_	_	_	_	_	linguistic	_	none	SpaceAfter=No	_	_	_	_	_
813-8	TO080	813	813	8	andrei	andrei	_	_	_	_	_	linguistic	_	none	_	_	_	_	_	_
813-9	TO080	813	813	9	neanche	neanche	_	_	_	_	_	linguistic	_	none	_	_	_	_	_	_
813-10	TO080	813	813	10	d'	d'	_	_	_	_	_	linguistic	_	none	SpaceAfter=No	_	_	_	_	_
813-11	TO080	813	813	11	accordo.	accordo	_	_	_	_	_	linguistic	_	none	Intonation=Falling	End=1542.227	_	_	_	_
814-0	TO071	814	814	0	sì	sì	_	_	_	_	_	linguistic	_	none	_	Begin=1542.242	_	_	_	_
814-1	TO071	814	814	1	esatto	esatto	_	_	_	_	_	linguistic	_	none	_	_	_	_	_	_
814-2	TO071	814	814	2	esatto,	esatto	_	_	_	_	_	linguistic	_	none	Intonation=WeaklyRising	End=1543.585	_	_	_	_
815-0	TO071	815	815	0	e:	e	_	_	_	_	_	linguistic	_	none	_	Begin=1543.943	0x1	_	_	_
815-1	TO071	815	815	1	nella	nella	_	_	_	_	_	linguistic	_	none	_	_	_	_	_	_
815-2	TO071	815	815	2	situazione	situazione	_	_	_	_	_	linguistic	_	none	_	_	_	_	_	_
815-3	TO071	815	815	3	tipica:	tipica	_	_	_	_	_	linguistic	_	none	_	_	5x1	_	_	_
815-4	TO071	815	815	4	okay	okay	_	_	_	_	_	linguistic	_	none	_	End=1546.909	_	_	_	_
816-0	TO071	816	816	0	mettiamola	mettiamola	_	_	_	_	_	linguistic	_	none	_	Begin=1547.259	_	_	_	_
816-1	TO071	816	816	1	così	così	_	_	_	_	_	linguistic	_	none	_	End=1548.014	_	_	_	_
817-0	TO071	817	817	0	non	non	_	_	_	_	_	linguistic	_	none	_	Begin=1548.142	_	_	_	_
817-1	TO071	817	817	1	hai	hai	_	_	_	_	_	linguistic	_	none	_	_	_	_	_	_
817-2	TO071	817	817	2	esami,	esami	_	_	_	_	_	linguistic	_	none	Intonation=WeaklyRising	End=1548.893	_	_	_	_
818-0	TO071	818	818	0	non	non	_	_	_	_	_	linguistic	_	none	_	Begin=1549.093	_	_	_	_
818-1	TO071	818	818	1	hai	hai	_	_	_	_	_	linguistic	_	none	_	_	_	_	_	_
818-2	TO071	818	818	2	lavori	lavori	_	_	_	_	_	linguistic	_	none	_	_	_	_	_	_
818-3	TO071	818	818	3	da	da	_	_	_	_	_	linguistic	_	none	_	_	_	_	_	_
818-4	TO071	818	818	4	fare,	fare	_	_	_	_	_	linguistic	_	none	Intonation=WeaklyRising	End=1551.123	_	_	_	_
819-0	TO071	819	819	0	sei	sei	_	_	_	_	_	linguistic	_	none	_	Begin=1551.501	_	_	_	_
819-1	TO071	819	819	1	assolutamente	assolutamente	_	_	_	_	_	linguistic	_	none	_	_	_	_	_	_
819-2	TO071	819	819	2	libera,	libera	_	_	_	_	_	linguistic	_	none	Intonation=WeaklyRising	End=1553.236	_	_	_	_
820-0	TO071	820	820	0	fuori	fuori	_	_	_	_	_	linguistic	_	none	_	Begin=1553.804	_	_	_	_
820-1	TO071	820	820	1	piove	piove	_	_	_	_	_	linguistic	_	none	_	_	_	_	_	_
820-2	TO071	820	820	2	quindi	quindi	_	_	_	_	_	linguistic	_	none	_	_	_	_	_	_
820-3	TO071	820	820	3	non	non	_	_	_	_	_	linguistic	_	none	_	_	_	_	_	_
820-4	TO071	820	820	4	puoi	puoi	_	_	_	_	_	linguistic	_	none	_	_	_	_	_	_
820-5	TO071	820	820	5	uscire,	uscire	_	_	_	_	_	linguistic	_	none	Intonation=WeaklyRising	End=1555.602	_	_	_	_
821-0	TO071	821	821	0	okay?	okay	_	_	_	_	_	linguistic	_	none	Intonation=Rising	Begin=1556.076|End=1556.393	_	_	_	_
822-0	TO071	822	822	0	piove	piove	_	_	_	_	_	linguistic	_	none	_	Begin=1557.146	_	_	_	_
822-1	TO071	822	822	1	diluvia	diluvia	_	_	_	_	_	linguistic	_	none	_	_	_	_	_	_
822-2	TO071	822	822	2	grandina,	grandina	_	_	_	_	_	linguistic	_	none	Intonation=WeaklyRising	End=1558.526	_	_	_	_
823-0	TO071	823	823	0	fine	fine	_	_	_	_	_	linguistic	_	none	_	Begin=1558.879	_	_	_	_
823-1	TO071	823	823	1	del	del	_	_	_	_	_	linguistic	_	none	_	_	_	_	_	_
823-2	TO071	823	823	2	mo[ndo],	mondo	_	_	_	_	_	linguistic	_	none	Intonation=WeaklyRising	End=1559.681	_	_	_	2-5(131)
824-0	TO080	824	824	0	[sì]	sì	_	_	_	_	_	linguistic	_	none	_	Begin=1559.401|End=1559.74	_	_	_	0-2(131)
825-0	TO071	825	825	0	sei	sei	_	_	_	_	_	linguistic	_	none	_	Begin=1560.009	_	_	_	_
825-1	TO071	825	825	1	sola	sola	_	_	_	_	_	linguistic	_	none	_	_	_	_	_	_
825-2	TO071	825	825	2	a	a	_	_	_	_	_	linguistic	_	none	_	_	_	_	_	_
825-3	TO071	825	825	3	casa	casa	_	_	_	_	_	linguistic	_	none	_	_	_	_	_	_
825-4	TO071	825	825	4	tua.	tua	_	_	_	_	_	linguistic	_	none	Intonation=Falling	End=1561.149	_	_	_	_
826-0	TO080	826	826	0	sì	sì	_	_	_	_	_	linguistic	_	none	_	Begin=1561.352|End=1561.632	_	_	_	_
827-0	TO071	827	827	0	che	che	_	_	_	_	_	linguistic	_	none	_	Begin=1561.929	_	_	_	_
827-1	TO071	827	827	1	fai?	fai	_	_	_	_	_	linguistic	_	none	Intonation=Rising	End=1562.285	_	_	_	_
828-0	TO080	828	828	0	e::hm	ehm	_	_	_	_	_	linguistic	_	none	_	Begin=1563.432	0x2	_	_	_
828-1	TO080	828	828	1	dipende	dipende	_	_	_	_	_	linguistic	_	none	_	_	_	_	_	_
828-2	TO080	828	828	2	cosa	cosa	_	_	_	_	_	linguistic	_	none	_	_	_	_	_	_
828-3	TO080	828	828	3	c'	c'	_	_	_	_	_	linguistic	_	none	SpaceAfter=No	_	_	_	_	_
828-4	TO080	828	828	4	è	è	_	_	_	_	_	linguistic	_	none	_	_	_	_	_	_
828-5	TO080	828	828	5	da	da	_	_	_	_	_	linguistic	_	none	_	_	_	_	_	_
828-6	TO080	828	828	6	fare,	fare	_	_	_	_	_	linguistic	_	none	Intonation=WeaklyRising	End=1566.198	_	_	_	_
829-0	TO080	829	829	0	allora	allora	_	_	_	_	_	linguistic	_	none	_	Begin=1566.284	_	_	_	_
829-1	TO080	829	829	1	se	se	_	_	_	_	_	linguistic	_	none	_	_	_	_	_	_
829-2	TO080	829	829	2	ci	ci	_	_	_	_	_	linguistic	_	none	_	_	_	_	_	_
829-3	TO080	829	829	3	sono	sono	_	_	_	_	_	linguistic	_	none	_	_	_	_	_	_
829-4	TO080	829	829	4	delle	delle	_	_	_	_	_	linguistic	_	none	_	_	_	_	_	_
829-5	TO080	829	829	5	[xxx]	xxx	_	_	_	_	_	unknown	_	none	Syllables=3	End=1567.393	_	_	_	0-3(132)
830-0	TO071	830	830	0	[hai	hai	_	_	_	_	_	linguistic	_	none	_	Begin=1566.993	_	_	_	0-3(132)
830-1	TO071	830	830	1	fin]to	finto	_	_	_	_	_	linguistic	_	none	_	_	_	_	_	0-3(132)
830-2	TO071	830	830	2	anche	anche	_	_	_	_	_	linguistic	_	none	_	_	_	_	_	_
830-3	TO071	830	830	3	tutte	tutte	_	_	_	_	_	linguistic	_	none	_	_	_	_	_	_
830-4	TO071	830	830	4	[le	le	_	_	_	_	_	linguistic	_	none	_	_	_	_	_	0-2(133)
830-5	TO071	830	830	5	commissioni	commissioni	_	_	_	_	_	linguistic	_	none	_	_	_	_	_	0-11(133)
830-6	TO071	830	830	6	di	di	_	_	_	_	_	linguistic	_	none	_	_	_	_	_	0-2(133)
830-7	TO071	830	830	7	casa],	casa	_	_	_	_	_	linguistic	_	none	Intonation=WeaklyRising	End=1568.954	_	_	_	0-4(133)
831-0	TO080	831	831	0	[finito	finito	_	_	_	_	_	linguistic	_	none	_	Begin=1567.875	_	_	_	0-6(133)
831-1	TO080	831	831	1	le	le	_	_	_	_	_	linguistic	_	none	_	_	_	_	_	0-2(133)
831-2	TO080	831	831	2	commissioni]	commissioni	_	_	_	_	_	linguistic	_	none	_	_	_	_	_	0-11(133)
831-3	TO080	831	831	3	di	di	_	_	_	_	_	linguistic	_	none	_	_	_	_	_	_
831-4	TO080	831	831	4	casa	casa	_	_	_	_	_	linguistic	_	none	_	End=1569.528	_	_	_	_
832-0	TO080	832	832	0	e:h	eh	_	_	_	_	_	linguistic	_	none	_	Begin=1570.432	0x1	_	_	_
832-1	TO080	832	832	1	o	o	_	_	_	_	_	linguistic	_	none	_	_	_	_	_	_
832-2	TO080	832	832	2	mi	mi	_	_	_	_	_	linguistic	_	none	_	_	_	_	_	_
832-3	TO080	832	832	3	metto	metto	_	_	_	_	_	linguistic	_	none	_	_	_	_	_	_
832-4	TO080	832	832	4	a	a	_	_	_	_	_	linguistic	_	none	_	_	_	_	_	_
832-5	TO080	832	832	5	guardare	guardare	_	_	_	_	_	linguistic	_	none	_	_	_	_	_	_
832-6	TO080	832	832	6	un	un	_	_	_	_	_	linguistic	_	none	_	_	_	_	_	_
832-7	TO080	832	832	7	film	film	_	_	_	_	_	linguistic	_	none	_	_	_	_	_	_
832-8	TO080	832	832	8	o	o	_	_	_	_	_	linguistic	_	none	_	_	_	_	_	_
832-9	TO080	832	832	9	a	a	_	_	_	_	_	linguistic	_	none	_	_	_	_	_	_
832-10	TO080	832	832	10	leggere	leggere	_	_	_	_	_	linguistic	_	none	_	_	_	_	_	_
832-11	TO080	832	832	11	un	un	_	_	_	_	_	linguistic	_	none	_	_	_	_	_	_
832-12	TO080	832	832	12	libro	libro	_	_	_	_	_	linguistic	_	none	_	_	_	_	_	_
832-13	TO080	832	832	13	o	o	_	_	_	_	_	linguistic	_	none	_	_	_	_	_	_
832-14	TO080	832	832	14	proprio	proprio	_	_	_	_	_	linguistic	_	none	_	_	_	_	_	_
832-15	TO080	832	832	15	a	a	_	_	_	_	_	linguistic	_	none	_	_	_	_	_	_
832-16	TO080	832	832	16	non	non	_	_	_	_	_	linguistic	_	none	_	_	_	_	_	_
832-17	TO080	832	832	17	fare	fare	_	_	_	_	_	linguistic	_	none	_	_	_	_	_	_
832-18	TO080	832	832	18	nulla,	nulla	_	_	_	_	_	linguistic	_	none	Intonation=WeaklyRising	End=1574.622	_	_	_	_
833-0	TO080	833	833	0	a	a	_	_	_	_	_	linguistic	_	none	_	Begin=1574.707	_	_	_	_
833-1	TO080	833	833	1	dir	dir	_	_	_	_	_	linguistic	_	none	_	_	_	_	_	_
833-2	TO080	833	833	2	la	la	_	_	_	_	_	linguistic	_	none	_	_	_	_	_	_
833-3	TO080	833	833	3	verità	verità	_	_	_	_	_	linguistic	_	none	_	_	_	_	_	_
833-4	TO080	833	833	4	sono	sono	_	_	_	_	_	linguistic	_	none	_	_	_	_	_	_
833-5	TO080	833	833	5	anche	anche	_	_	_	_	_	linguistic	_	none	_	_	_	_	_	_
833-6	TO080	833	833	6	abituata	abituata	_	_	_	_	_	linguistic	_	none	_	_	_	_	_	_
833-7	TO080	833	833	7	a	a	_	_	_	_	_	linguistic	_	none	_	_	_	_	_	_
833-8	TO080	833	833	8	stare:	stare	_	_	_	_	_	linguistic	_	none	_	_	4x1	_	_	_
833-9	TO080	833	833	9	da	da	_	_	_	_	_	linguistic	_	none	_	_	_	_	_	_
833-10	TO080	833	833	10	sola,	sola	_	_	_	_	_	linguistic	_	none	Intonation=WeaklyRising	End=1577.627	_	_	_	_
834-0	TO071	834	834	0	[mhmh]	mhmh	_	_	_	_	_	linguistic	_	none	_	Begin=1577.841|End=1578.138	_	_	_	0-4(134)
835-0	TO080	835	835	0	[perché]	perché	_	_	_	_	_	linguistic	_	none	_	Begin=1577.841	_	_	_	0-6(134)
835-1	TO080	835	835	1	anche	anche	_	_	_	_	_	linguistic	_	none	_	_	_	_	_	_
835-2	TO080	835	835	2	a	a	_	_	_	_	_	linguistic	_	none	_	_	_	_	_	_
835-3	TO080	835	835	3	casa	casa	_	_	_	_	_	linguistic	_	none	_	_	_	_	_	_
835-4	TO080	835	835	4	magari	magari	_	_	_	_	_	linguistic	_	none	_	_	_	_	_	_
835-5	TO080	835	835	5	capitava,	capitava	_	_	_	_	_	linguistic	_	none	Intonation=WeaklyRising	End=1579.738	_	_	_	_
836-0	TO080	836	836	0	e::hm	ehm	_	_	_	_	_	linguistic	_	none	_	Begin=1580.256	0x2	_	_	_
836-1	TO080	836	836	1	che	che	_	_	_	_	_	linguistic	_	none	_	_	_	_	_	_
836-2	TO080	836	836	2	i	i	_	_	_	_	_	linguistic	_	none	_	_	_	_	_	_
836-3	TO080	836	836	3	miei	miei	_	_	_	_	_	linguistic	_	none	_	_	_	_	_	_
836-4	TO080	836	836	4	genitori::	genitori	_	_	_	_	_	linguistic	_	none	_	_	7x2	_	_	_
836-5	TO080	836	836	5	fossero	fossero	_	_	_	_	_	linguistic	_	none	_	_	_	_	_	_
836-6	TO080	836	836	6	fuori	fuori	_	_	_	_	_	linguistic	_	none	_	_	_	_	_	_
836-7	TO080	836	836	7	mio	mio	_	_	_	_	_	linguistic	_	none	_	_	_	_	_	_
836-8	TO080	836	836	8	fratello	fratello	_	_	_	_	_	linguistic	_	none	_	_	_	_	_	_
836-9	TO080	836	836	9	pure	pure	_	_	_	_	_	linguistic	_	none	_	_	_	_	_	_
836-10	TO080	836	836	10	fuori,	fuori	_	_	_	_	_	linguistic	_	none	Intonation=WeaklyRising	End=1584.91	_	_	_	_
837-0	TO080	837	837	0	io	io	_	_	_	_	_	linguistic	_	none	_	Begin=1585.176	_	_	_	_
837-1	TO080	837	837	1	ero	ero	_	_	_	_	_	linguistic	_	none	_	_	_	_	_	_
837-2	TO080	837	837	2	da	da	_	_	_	_	_	linguistic	_	none	_	_	_	_	_	_
837-3	TO080	837	837	3	sola,	sola	_	_	_	_	_	linguistic	_	none	Intonation=WeaklyRising	End=1585.995	_	_	_	_
838-0	TO080	838	838	0	ma	ma	_	_	_	_	_	linguistic	_	none	_	Begin=1586.793	_	_	_	_
838-1	TO080	838	838	1	anche	anche	_	_	_	_	_	linguistic	_	none	_	_	_	_	_	_
838-2	TO080	838	838	2	per	per	_	_	_	_	_	linguistic	_	none	_	_	_	_	_	_
838-3	TO080	838	838	3	metà	metà	_	_	_	_	_	linguistic	_	none	_	_	_	_	_	_
838-4	TO080	838	838	4	giornata	giornata	_	_	_	_	_	linguistic	_	none	_	_	_	_	_	_
838-5	TO080	838	838	5	una	una	_	_	_	_	_	linguistic	_	none	_	_	_	_	_	_
838-6	TO080	838	838	6	giornata	giornata	_	_	_	_	_	linguistic	_	none	_	_	_	_	_	_
838-7	TO080	838	838	7	intera.	intera	_	_	_	_	_	linguistic	_	none	Intonation=Falling	End=1589.471	_	_	_	_
839-0	TO080	839	839	0	quindi	quindi	_	_	_	_	_	linguistic	_	none	_	Begin=1589.471	_	_	_	_
839-1	TO080	839	839	1	non	non	_	_	_	_	_	linguistic	_	none	_	_	_	_	_	_
839-2	TO080	839	839	2	è	è	_	_	_	_	_	linguistic	_	none	_	_	_	_	_	_
839-3	TO080	839	839	3	una	una	_	_	_	_	_	linguistic	_	none	_	_	_	_	_	_
839-4	TO080	839	839	4	cosa	cosa	_	_	_	_	_	linguistic	_	none	_	_	_	_	_	_
839-5	TO080	839	839	5	che	che	_	_	_	_	_	linguistic	_	none	_	_	_	_	_	_
839-6	TO080	839	839	6	proprio	proprio	_	_	_	_	_	linguistic	_	none	_	End=1591.175	_	_	_	_
840-0	TO080	840	840	0	estranea	estranea	_	_	_	_	_	linguistic	_	none	_	Begin=1592.035	_	_	_	_
840-1	TO080	840	840	1	completamente	completamente	_	_	_	_	_	linguistic	_	none	_	End=1593.636	_	_	_	_
841-0	TO071	841	841	0	non	non	_	_	_	_	_	linguistic	_	none	_	Begin=1593.86	_	_	_	_
841-1	TO071	841	841	1	rifuggi	rifuggi	_	_	_	_	_	linguistic	_	none	_	_	_	_	_	_
841-2	TO071	841	841	2	l'	l'	_	_	_	_	_	linguistic	_	none	SpaceAfter=No	_	_	_	_	_
841-3	TO071	841	841	3	ozio,	ozio	_	_	_	_	_	linguistic	_	none	Intonation=WeaklyRising	End=1595.214	_	_	_	_
842-0	TO071	842	842	0	diciamo	diciamo	_	_	_	_	_	linguistic	_	none	_	Begin=1595.307|End=1595.714	_	_	_	_
843-0	TO080	843	843	0	no	no	_	_	_	_	_	linguistic	_	none	_	Begin=1595.714	_	_	_	_
843-1	TO080	843	843	1	esatto	esatto	_	_	_	_	_	linguistic	_	none	_	End=1596.308	_	_	_	_
844-0	TO071	844	844	0	okay	okay	_	_	_	_	_	linguistic	_	none	_	Begin=1596.308|End=1596.666	_	_	_	_
845-0	TO071	845	845	0	e:hm	ehm	_	_	_	_	_	linguistic	_	none	_	Begin=1597.219	0x1	_	_	_
845-1	TO071	845	845	1	serie	serie	_	_	_	_	_	linguistic	_	none	_	_	_	_	_	_
845-2	TO071	845	845	2	tv	tv	_	_	_	_	_	linguistic	_	none	_	_	_	_	_	_
845-3	TO071	845	845	3	film	film	_	_	_	_	_	linguistic	_	none	_	_	_	_	_	_
845-4	TO071	845	845	4	ne	ne	_	_	_	_	_	linguistic	_	none	_	_	_	_	_	_
845-5	TO071	845	845	5	guardi?	guardi	_	_	_	_	_	linguistic	_	none	Intonation=Rising	End=1598.882	_	_	_	_
846-0	TO080	846	846	0	[sì:],	sì	_	_	_	_	_	linguistic	_	none	Intonation=WeaklyRising	Begin=1598.924|End=1599.411	1x1	_	_	0-2(135)
847-0	TO071	847	847	0	[e	e	_	_	_	_	_	linguistic	_	none	_	Begin=1598.933	_	_	_	0-1(135)
847-1	TO071	847	847	1	hai]	hai	_	_	_	_	_	linguistic	_	none	_	_	_	_	_	0-3(135)
847-2	TO071	847	847	2	dei	dei	_	_	_	_	_	linguistic	_	none	_	_	_	_	_	_
847-3	TO071	847	847	3	generi	generi	_	_	_	_	_	linguistic	_	none	_	_	_	_	_	_
847-4	TO071	847	847	4	preferiti?	preferiti	_	_	_	_	_	linguistic	_	none	Intonation=Rising	End=1600.764	_	_	_	_
848-0	TO071	848	848	0	in	in	_	_	_	_	_	linguistic	_	none	_	Begin=1600.789	_	_	_	_
848-1	TO071	848	848	1	generale?	generale	_	_	_	_	_	linguistic	_	none	Intonation=Rising	End=1601.281	_	_	_	_
849-0	TO080	849	849	0	no	no	_	_	_	_	_	linguistic	_	none	_	Begin=1601.281	_	_	_	_
849-1	TO080	849	849	1	guardo	guardo	_	_	_	_	_	linguistic	_	none	_	_	_	_	_	_
849-2	TO080	849	849	2	un	un	_	_	_	_	_	linguistic	_	none	_	_	_	_	_	_
849-3	TO080	849	849	3	po'	po'	_	_	_	_	_	linguistic	_	none	_	_	_	_	_	_
849-4	TO080	849	849	4	di	di	_	_	_	_	_	linguistic	_	none	_	_	_	_	_	_
849-5	TO080	849	849	5	tutto	tutto	_	_	_	_	_	linguistic	_	none	_	_	_	_	_	_
849-6	TO080	849	849	6	perché	perché	_	_	_	_	_	linguistic	_	none	_	_	_	_	_	_
849-7	TO080	849	849	7	mi	mi	_	_	_	_	_	linguistic	_	none	_	_	_	_	_	_
849-8	TO080	849	849	8	interessa	interessa	_	_	_	_	_	linguistic	_	none	_	_	_	_	_	_
849-9	TO080	849	849	9	anche:,	anche	_	_	_	_	_	linguistic	_	none	Intonation=WeaklyRising	End=1604.064	4x1	_	_	_
850-0	TO080	850	850	0	vedere	vedere	_	_	_	_	_	linguistic	_	none	_	Begin=1604.381	_	_	_	_
850-1	TO080	850	850	1	come	come	_	_	_	_	_	linguistic	_	none	_	_	_	_	_	_
850-2	TO080	850	850	2	è	è	_	_	_	_	_	linguistic	_	none	_	_	_	_	_	_
850-3	TO080	850	850	3	fatta	fatta	_	_	_	_	_	linguistic	_	none	_	_	_	_	_	_
850-4	TO080	850	850	4	una	una	_	_	_	_	_	linguistic	_	none	_	_	_	_	_	_
850-5	TO080	850	850	5	cosa	cosa	_	_	_	_	_	linguistic	_	none	_	_	_	_	_	_
850-6	TO080	850	850	6	in	in	_	_	_	_	_	linguistic	_	none	_	_	_	_	_	_
850-7	TO080	850	850	7	un	un	_	_	_	_	_	linguistic	_	none	_	_	_	_	_	_
850-8	TO080	850	850	8	determinato	determinato	_	_	_	_	_	linguistic	_	none	_	_	_	_	_	_
850-9	TO080	850	850	9	genere,	genere	_	_	_	_	_	linguistic	_	none	Intonation=WeaklyRising	End=1607.127	_	_	_	_
851-0	TO080	851	851	0	e	e	_	_	_	_	_	linguistic	_	none	_	Begin=1607.233	_	_	_	_
851-1	TO080	851	851	1	poi	poi	_	_	_	_	_	linguistic	_	none	_	_	_	_	_	_
851-2	TO080	851	851	2	ovviamente	ovviamente	_	_	_	_	_	linguistic	_	none	_	_	_	_	_	_
851-3	TO080	851	851	3	se	se	_	_	_	_	_	linguistic	_	none	_	_	_	_	_	_
851-4	TO080	851	851	4	non	non	_	_	_	_	_	linguistic	_	none	_	_	_	_	_	_
851-5	TO080	851	851	5	mi	mi	_	_	_	_	_	linguistic	_	none	_	_	_	_	_	_
851-6	TO080	851	851	6	piace	piace	_	_	_	_	_	linguistic	_	none	_	_	_	_	_	_
851-7	TO080	851	851	7	mi	mi	_	_	_	_	_	linguistic	_	none	_	_	_	_	_	_
851-8	TO080	851	851	8	annoia	annoia	_	_	_	_	_	linguistic	_	none	_	_	_	_	_	_
851-9	TO080	851	851	9	eh,	eh	_	_	_	_	_	linguistic	_	none	Intonation=WeaklyRising	End=1610.08	_	_	_	_
852-0	TO080	852	852	0	lo	lo	_	_	_	_	_	linguistic	_	none	_	Begin=1610.509	_	_	_	_
852-1	TO080	852	852	1	lascio.	lascio	_	_	_	_	_	linguistic	_	none	Intonation=Falling	End=1611.117	_	_	_	_
853-0	TO080	853	853	0	però	però	_	_	_	_	_	linguistic	_	none	_	Begin=1611.117|End=1611.416	_	_	_	_
854-0	TO071	854	854	0	un	un	_	_	_	_	_	linguistic	_	none	_	Begin=1612.036	_	_	_	_
854-1	TO071	854	854	1	film	film	_	_	_	_	_	linguistic	_	none	_	_	_	_	_	_
854-2	TO071	854	854	2	o	o	_	_	_	_	_	linguistic	_	none	_	_	_	_	_	_
854-3	TO071	854	854	3	una	una	_	_	_	_	_	linguistic	_	none	_	_	_	_	_	_
854-4	TO071	854	854	4	serie	serie	_	_	_	_	_	linguistic	_	none	_	_	_	_	_	_
854-5	TO071	854	854	5	tv	tv	_	_	_	_	_	linguistic	_	none	_	_	_	_	_	_
854-6	TO071	854	854	6	che	che	_	_	_	_	_	linguistic	_	none	_	_	_	_	_	_
854-7	TO071	854	854	7	consiglieresti	consiglieresti	_	_	_	_	_	linguistic	_	none	_	_	_	_	_	_
854-8	TO071	854	854	8	a	a	_	_	_	_	_	linguistic	_	none	_	_	_	_	_	_
854-9	TO071	854	854	9	qualcuno?	qualcuno	_	_	_	_	_	linguistic	_	none	Intonation=Rising	End=1615.003	_	_	_	_
855-0	TO071	855	855	0	quale::?	quale	_	_	_	_	_	linguistic	_	none	Intonation=Rising	Begin=1615.261|End=1615.826	4x2	_	_	_
856-0	TO071	856	856	0	quale	quale	_	_	_	_	_	linguistic	_	none	_	Begin=1616.114	_	_	_	_
856-1	TO071	856	856	1	dovrebbe	dovrebbe	_	_	_	_	_	linguistic	_	none	_	_	_	_	_	_
856-2	TO071	856	856	2	essere?	essere	_	_	_	_	_	linguistic	_	none	Intonation=Rising	End=1617.152	_	_	_	_
857-0	TO080	857	857	0	allora,	allora	_	_	_	_	_	linguistic	_	none	Intonation=WeaklyRising	Begin=1617.638|End=1618.318	_	_	_	_
858-0	TO080	858	858	0	una	una	_	_	_	_	_	linguistic	_	none	_	Begin=1618.755	_	_	_	_
858-1	TO080	858	858	1	serie	serie	_	_	_	_	_	linguistic	_	none	_	_	_	_	_	_
858-2	TO080	858	858	2	tv,	tv	_	_	_	_	_	linguistic	_	none	Intonation=WeaklyRising	End=1619.806	_	_	_	_
859-0	TO080	859	859	0	è	è	_	_	_	_	_	linguistic	_	none	_	Begin=1620.674	_	_	_	_
859-1	TO080	859	859	1	se	se	_	_	_	_	_	linguistic	_	none	_	_	_	_	_	_
859-2	TO080	859	859	2	piace	piace	_	_	_	_	_	linguistic	_	none	_	_	_	_	_	_
859-3	TO080	859	859	3	il	il	_	_	_	_	_	linguistic	_	none	_	_	_	_	_	_
859-4	TO080	859	859	4	genere	genere	_	_	_	_	_	linguistic	_	none	_	_	_	_	_	_
859-5	TO080	859	859	5	storico,	storico	_	_	_	_	_	linguistic	_	none	Intonation=WeaklyRising	End=1622.619	_	_	_	_
860-0	TO071	860	860	0	mhmh	mhmh	_	_	_	_	_	linguistic	_	none	_	Begin=1622.619|End=1623.076	_	_	_	_
861-0	TO080	861	861	0	black	black	_	_	_	_	_	linguistic	_	none	_	Begin=1623.092	_	_	_	_
861-1	TO080	861	861	1	sails.	sails	_	_	_	_	_	linguistic	_	none	Intonation=Falling	End=1623.945	_	_	_	_
862-0	TO071	862	862	0	ah	ah	_	_	_	_	_	linguistic	_	none	_	Begin=1624.15	_	_	_	_
862-1	TO071	862	862	1	ok[ay]	okay	_	_	_	_	_	linguistic	_	none	_	End=1624.759	_	_	_	2-4(136)
863-0	TO080	863	863	0	[credo]	credo	_	_	_	_	_	linguistic	_	none	_	Begin=1624.399	_	_	_	0-5(136)
863-1	TO080	863	863	1	sia	sia	_	_	_	_	_	linguistic	_	none	_	_	_	_	_	_
863-2	TO080	863	863	2	proprio,	proprio	_	_	_	_	_	linguistic	_	none	Intonation=WeaklyRising	End=1625.439	_	_	_	_
864-0	TO080	864	864	0	storico	storico	_	_	_	_	_	linguistic	_	none	_	Begin=1625.909	_	_	_	_
864-1	TO080	864	864	1	nel	nel	_	_	_	_	_	linguistic	_	none	_	_	_	_	_	_
864-2	TO080	864	864	2	senso	senso	_	_	_	_	_	linguistic	_	none	_	_	_	_	_	_
864-3	TO080	864	864	3	documentario	documentario	_	_	_	_	_	linguistic	_	none	_	_	_	_	_	_
864-4	TO080	864	864	4	perché	perché	_	_	_	_	_	linguistic	_	none	_	_	_	_	_	_
864-5	TO080	864	864	5	molte	molte	_	_	_	_	_	linguistic	_	none	_	_	_	_	_	_
864-6	TO080	864	864	6	cose	cose	_	_	_	_	_	linguistic	_	none	_	_	_	_	_	_
864-7	TO080	864	864	7	sono	sono	_	_	_	_	_	linguistic	_	none	_	_	_	_	_	_
864-8	TO080	864	864	8	state	state	_	_	_	_	_	linguistic	_	none	_	_	_	_	_	_
864-9	TO080	864	864	9	(inventate)	inventate	_	_	_	_	_	linguistic	_	none	_	_	_	_	0-9(0)	_
864-10	TO080	864	864	10	però,	però	_	_	_	_	_	linguistic	_	none	Intonation=WeaklyRising	End=1629.104	_	_	_	_
865-0	TO071	865	865	0	alla	alla	_	_	_	_	_	linguistic	_	none	_	Begin=1629.104	_	_	_	_
865-1	TO071	865	865	1	vikings	vikings	_	_	_	_	_	linguistic	_	none	_	_	_	_	_	_
865-2	TO071	865	865	2	insomma	insomma	_	_	_	_	_	linguistic	_	none	_	_	_	_	_	_
865-3	TO071	865	865	3	[molto	molto	_	_	_	_	_	linguistic	_	none	_	_	_	_	_	0-5(137)
865-4	TO071	865	865	4	s]te	ste	_	_	_	_	_	linguistic	_	none	_	_	_	_	_	0-1(137)
865-5	TO071	865	865	5	cose	cose	_	_	_	_	_	linguistic	_	none	_	_	_	_	_	_
865-6	TO071	865	865	6	un	un	_	_	_	_	_	linguistic	_	none	_	_	_	_	_	_
865-7	TO071	865	865	7	po'	po'	_	_	_	_	_	linguistic	_	none	_	_	_	_	_	_
865-8	TO071	865	865	8	romanzate	romanzate	_	_	_	_	_	linguistic	_	none	_	End=1631.536	_	_	_	_
866-0	TO080	866	866	0	[esatto]	esatto	_	_	_	_	_	linguistic	_	none	_	Begin=1630.1|End=1630.658	_	_	_	0-6(137)
867-0	TO080	867	867	0	anche	anche	_	_	_	_	_	linguistic	_	none	_	Begin=1631.598	_	_	_	_
867-1	TO080	867	867	1	ehm	ehm	_	_	_	_	_	linguistic	_	none	_	_	_	_	_	_
867-2	TO080	867	867	2	molto	molto	_	_	_	_	_	linguistic	_	none	_	_	_	_	_	_
867-3	TO080	867	867	3	romanzato	romanzato	_	_	_	_	_	linguistic	_	none	_	_	_	_	_	_
867-4	TO080	867	867	4	però	però	_	_	_	_	_	linguistic	_	none	_	_	_	_	_	_
867-5	TO080	867	867	5	è	è	_	_	_	_	_	linguistic	_	none	_	_	_	_	_	_
867-6	TO080	867	867	6	fatta	fatta	_	_	_	_	_	linguistic	_	none	_	_	_	_	_	_
867-7	TO080	867	867	7	bene.	bene	_	_	_	_	_	linguistic	_	none	Intonation=Falling	End=1633.986	_	_	_	_
868-0	TO071	868	868	0	mhmh	mhmh	_	_	_	_	_	linguistic	_	none	_	Begin=1633.986|End=1634.235	_	_	_	_
869-0	TO080	869	869	0	quello	quello	_	_	_	_	_	linguistic	_	none	_	Begin=1634.567	_	_	_	_
869-1	TO080	869	869	1	è	è	_	_	_	_	_	linguistic	_	none	_	_	_	_	_	_
869-2	TO080	869	869	2	l'	l'	_	_	_	_	_	linguistic	_	none	SpaceAfter=No	_	_	_	_	_
869-3	TO080	869	869	3	importante	importante	_	_	_	_	_	linguistic	_	none	_	_	_	_	_	_
869-4	TO080	869	869	4	anche	anche	_	_	_	_	_	linguistic	_	none	_	_	_	_	_	_
869-5	TO080	869	869	5	a	a	_	_	_	_	_	linguistic	_	none	_	_	_	_	_	_
869-6	TO080	869	869	6	livello	livello	_	_	_	_	_	linguistic	_	none	_	_	_	_	_	_
869-7	TO080	869	869	7	di	di	_	_	_	_	_	linguistic	_	none	_	_	_	_	_	_
869-8	TO080	869	869	8	costumi	costumi	_	_	_	_	_	linguistic	_	none	_	_	_	_	_	_
869-9	TO080	869	869	9	di	di	_	_	_	_	_	linguistic	_	none	_	_	_	_	_	_
869-10	TO080	869	869	10	scenografie	scenografie	_	_	_	_	_	linguistic	_	none	_	_	_	_	_	_
869-11	TO080	869	869	11	tutto.	tutto	_	_	_	_	_	linguistic	_	none	Intonation=Falling	End=1638.947	_	_	_	_
870-0	TO071	870	870	0	okay	okay	_	_	_	_	_	linguistic	_	none	_	Begin=1638.947|End=1639.595	_	_	_	_
871-0	TO080	871	871	0	e	e	_	_	_	_	_	linguistic	_	none	_	Begin=1639.595	_	_	_	_
871-1	TO080	871	871	1	le	le	_	_	_	_	_	linguistic	_	none	_	_	_	_	_	_
871-2	TO080	871	871	2	musiche	musiche	_	_	_	_	_	linguistic	_	none	PauseAfter=Yes	_	_	_	_	_
871-3	TO080	871	871	3	{P}	{P}	_	_	_	_	_	shortpause	_	none	_	_	_	_	_	_
871-4	TO080	871	871	4	le	le	_	_	_	_	_	linguistic	_	none	_	_	_	_	_	_
871-5	TO080	871	871	5	musiche	musiche	_	_	_	_	_	linguistic	_	none	_	_	_	_	_	_
871-6	TO080	871	871	6	sono,	sono	_	_	_	_	_	linguistic	_	none	Intonation=WeaklyRising	End=1641.577	_	_	_	_
872-0	TO071	872	872	0	ti	ti	_	_	_	_	_	linguistic	_	none	_	Begin=1641.577	_	_	_	_
872-1	TO071	872	872	1	è	è	_	_	_	_	_	linguistic	_	none	_	_	_	_	_	_
872-2	TO071	872	872	2	piaciuta	piaciuta	_	_	_	_	_	linguistic	_	none	_	_	_	_	_	_
872-3	TO071	872	872	3	la	la	_	_	_	_	_	linguistic	_	none	_	_	_	_	_	_
872-4	TO071	872	872	4	mu[sica	musica	_	_	_	_	_	linguistic	_	none	_	_	_	_	_	2-6(138)
872-5	TO071	872	872	5	ti	ti	_	_	_	_	_	linguistic	_	none	_	_	_	_	_	0-2(138)
872-6	TO071	872	872	6	piace]?	piace	_	_	_	_	_	linguistic	_	none	Intonation=Rising	End=1643.115	_	_	_	0-5(138)
873-0	TO080	873	873	0	[sono	sono	_	_	_	_	_	linguistic	_	none	_	Begin=1642.272	_	_	_	0-4(138)
873-1	TO080	873	873	1	bellissime]	bellissime	_	_	_	_	_	linguistic	_	none	_	End=1643.114	_	_	_	0-10(138)
874-0	TO080	874	874	0	sì.	sì	_	_	_	_	_	linguistic	_	none	Intonation=Falling	Begin=1643.202|End=1643.498	_	_	_	_
875-0	TO071	875	875	0	mh	mh	_	_	_	_	_	linguistic	_	none	_	Begin=1643.786|End=1644.066	_	_	_	_
876-0	TO071	876	876	0	quindi	quindi	_	_	_	_	_	linguistic	_	none	_	Begin=1644.15	_	_	_	_
876-1	TO071	876	876	1	se	se	_	_	_	_	_	linguistic	_	none	_	_	_	_	_	_
876-2	TO071	876	876	2	hai	hai	_	_	_	_	_	linguistic	_	none	_	_	_	_	_	_
876-3	TO071	876	876	3	orecchio	orecchio	_	_	_	_	_	linguistic	_	none	_	_	_	_	_	_
876-4	TO071	876	876	4	per	per	_	_	_	_	_	linguistic	_	none	_	_	_	_	_	_
876-5	TO071	876	876	5	la	la	_	_	_	_	_	linguistic	_	none	_	_	_	_	_	_
876-6	TO071	876	876	6	musica	musica	_	_	_	_	_	linguistic	_	none	_	_	_	_	_	_
876-7	TO071	876	876	7	hai	hai	_	_	_	_	_	linguistic	_	none	_	_	_	_	_	_
876-8	TO071	876	876	8	mai	mai	_	_	_	_	_	linguistic	_	none	_	_	_	_	_	_
876-9	TO071	876	876	9	studiato	studiato	_	_	_	_	_	linguistic	_	none	_	_	_	_	_	_
876-10	TO071	876	876	10	musica	musica	_	_	_	_	_	linguistic	_	none	_	_	_	_	_	_
876-11	TO071	876	876	11	tu?	tu	_	_	_	_	_	linguistic	_	none	Intonation=Rising	End=1646.64	_	_	_	_
877-0	TO071	877	877	0	o:?	o	_	_	_	_	_	linguistic	_	none	Intonation=Rising	Begin=1646.747|End=1647.106	0x1	_	_	_
878-0	TO080	878	878	0	sì,	sì	_	_	_	_	_	linguistic	_	none	Intonation=WeaklyRising	Begin=1647.106	_	_	_	_
878-1	TO080	878	878	1	ehm	ehm	_	_	_	_	_	linguistic	_	none	_	_	_	_	_	_
878-2	TO080	878	878	2	suonavo	suonavo	_	_	_	_	_	linguistic	_	none	_	_	_	_	_	_
878-3	TO080	878	878	3	la	la	_	_	_	_	_	linguistic	_	none	_	_	_	_	_	_
878-4	TO080	878	878	4	batteria,	batteria	_	_	_	_	_	linguistic	_	none	Intonation=WeaklyRising	End=1650.21	_	_	_	_
879-0	TO071	879	879	0	la	la	_	_	_	_	_	linguistic	_	none	_	Begin=1650.21	_	_	_	_
879-1	TO071	879	879	1	batteria?	batteria	_	_	_	_	_	linguistic	_	none	Intonation=Rising	End=1651.297	_	_	_	_
880-0	TO071	880	880	0	ma	ma	_	_	_	_	_	linguistic	_	none	_	Begin=1651.338	_	_	_	_
880-1	TO071	880	880	1	dai	dai	_	_	_	_	_	linguistic	_	none	_	End=1651.815	_	_	_	_
881-0	TO080	881	881	0	sì	sì	_	_	_	_	_	linguistic	_	none	_	Begin=1651.815|End=1652.08	_	_	_	_
882-0	TO071	882	882	0	e::	e	_	_	_	_	_	linguistic	_	none	_	Begin=1652.365	0x2	_	_	_
882-1	TO071	882	882	1	ni~	ni~	_	_	_	_	_	linguistic	_	none	Interrupted=Yes	_	_	_	_	_
882-2	TO071	882	882	2	e::	e	_	_	_	_	_	linguistic	_	none	_	_	0x2	_	_	_
882-3	TO071	882	882	3	che	che	_	_	_	_	_	linguistic	_	none	_	_	_	_	_	_
882-4	TO071	882	882	4	generi	generi	_	_	_	_	_	linguistic	_	none	_	_	_	_	_	_
882-5	TO071	882	882	5	ti	ti	_	_	_	_	_	linguistic	_	none	_	_	_	_	_	_
882-6	TO071	882	882	6	piacciono?	piacciono	_	_	_	_	_	linguistic	_	none	Intonation=Rising	End=1655.514	_	_	_	_
883-0	TO071	883	883	0	che	che	_	_	_	_	_	linguistic	_	none	_	Begin=1655.639	_	_	_	_
883-1	TO071	883	883	1	generi	generi	_	_	_	_	_	linguistic	_	none	_	_	_	_	_	_
883-2	TO071	883	883	2	suon[avi]?	suonavi	_	_	_	_	_	linguistic	_	none	Intonation=Rising	End=1656.821	_	_	_	4-7(139)
884-0	TO080	884	884	0	[e:]:h	eh	_	_	_	_	_	linguistic	_	none	_	Begin=1656.261	0x2	_	_	0-1(139)
884-1	TO080	884	884	1	di~	di~	_	_	_	_	_	linguistic	_	none	Interrupted=Yes	End=1657.159	_	_	_	_
885-0	TO080	885	885	0	allora	allora	_	_	_	_	_	linguistic	_	none	_	Begin=1657.249	_	_	_	_
885-1	TO080	885	885	1	x~	x~	_	_	_	_	_	linguistic	_	none	Interrupted=Yes	End=1657.77	_	_	_	_
886-0	TO071	886	886	0	se	se	_	_	_	_	_	linguistic	_	none	_	Begin=1657.77	_	_	_	_
886-1	TO071	886	886	1	domani	domani	_	_	_	_	_	linguistic	_	none	_	_	_	_	_	_
886-2	TO071	886	886	2	ti	ti	_	_	_	_	_	linguistic	_	none	_	_	_	_	_	_
886-3	TO071	886	886	3	dicessero	dicessero	_	_	_	_	_	linguistic	_	none	_	_	_	_	_	_
886-4	TO071	886	886	4	puoi	puoi	_	_	_	_	_	linguistic	_	none	_	_	_	_	_	_
886-5	TO071	886	886	5	fare	fare	_	_	_	_	_	linguistic	_	none	_	_	_	_	_	_
886-6	TO071	886	886	6	la	la	_	_	_	_	_	linguistic	_	none	_	_	_	_	_	_
886-7	TO071	886	886	7	band	band	_	_	_	_	_	linguistic	_	none	_	_	_	_	_	_
886-8	TO071	886	886	8	di	di	_	_	_	_	_	linguistic	_	none	_	_	_	_	_	_
886-9	TO071	886	886	9	ciò	ciò	_	_	_	_	_	linguistic	_	none	_	_	_	_	_	_
886-10	TO071	886	886	10	che	che	_	_	_	_	_	linguistic	_	none	_	_	_	_	_	_
886-11	TO071	886	886	11	vuoi	vuoi	_	_	_	_	_	linguistic	_	none	_	_	_	_	_	_
886-12	TO071	886	886	12	e	e	_	_	_	_	_	linguistic	_	none	_	_	_	_	_	_
886-13	TO071	886	886	13	diventare	diventare	_	_	_	_	_	linguistic	_	none	_	_	_	_	_	_
886-14	TO071	886	886	14	famosa	famosa	_	_	_	_	_	linguistic	_	none	_	_	_	_	_	_
886-15	TO071	886	886	15	che	che	_	_	_	_	_	linguistic	_	none	_	_	_	_	_	_
886-16	TO071	886	886	16	genere	genere	_	_	_	_	_	linguistic	_	none	_	_	_	_	_	_
886-17	TO071	886	886	17	faresti?	faresti	_	_	_	_	_	linguistic	_	none	Intonation=Rising	End=1662.844	_	_	_	_
887-0	TO080	887	887	0	no	no	_	_	_	_	_	linguistic	_	none	_	Begin=1662.844	_	_	_	_
887-1	TO080	887	887	1	allora	allora	_	_	_	_	_	linguistic	_	none	_	_	_	_	_	_
887-2	TO080	887	887	2	suonare::,	suonare	_	_	_	_	_	linguistic	_	none	Intonation=WeaklyRising	End=1664.453	6x2	_	_	_
888-0	TO080	888	888	0	pop	pop	_	_	_	_	_	linguistic	_	none	_	Begin=1664.558	_	_	_	_
888-1	TO080	888	888	1	rock	rock	_	_	_	_	_	linguistic	_	none	_	End=1665.404	_	_	_	_
889-0	TO071	889	889	0	ahah	ahah	_	_	_	_	_	linguistic	_	none	_	Begin=1665.404|End=1665.775	_	_	_	_
890-0	TO080	890	890	0	ma	ma	_	_	_	_	_	linguistic	_	none	_	Begin=1666.082	_	_	_	_
890-1	TO080	890	890	1	perché	perché	_	_	_	_	_	linguistic	_	none	_	_	_	_	_	_
890-2	TO080	890	890	2	non	non	_	_	_	_	_	linguistic	_	none	_	_	_	_	_	_
890-3	TO080	890	890	3	sono	sono	_	_	_	_	_	linguistic	_	none	_	_	_	_	_	_
890-4	TO080	890	890	4	capace	capace	_	_	_	_	_	linguistic	_	none	_	_	_	_	_	_
890-5	TO080	890	890	5	di	di	_	_	_	_	_	linguistic	_	none	_	_	_	_	_	_
890-6	TO080	890	890	6	suonare	suonare	_	_	_	_	_	linguistic	_	none	_	_	_	_	_	_
890-7	TO080	890	890	7	altro	altro	_	_	_	_	_	linguistic	_	none	_	_	_	_	_	_
890-8	TO080	890	890	8	quindi	quindi	_	_	_	_	_	linguistic	_	none	_	_	_	_	_	_
890-9	TO080	890	890	9	[non	non	_	_	_	_	_	linguistic	_	none	_	_	_	_	_	0-3(140)
890-10	TO080	890	890	10	per	per	_	_	_	_	_	linguistic	_	none	_	_	_	_	_	0-3(140)
890-11	TO080	890	890	11	altro]	altro	_	_	_	_	_	linguistic	_	none	_	End=1669.027	_	_	_	0-5(140)
891-0	TO071	891	891	0	[ti	ti	_	_	_	_	_	linguistic	_	none	_	Begin=1667.867	_	_	_	0-2(140)
891-1	TO071	891	891	1	piace	piace	_	_	_	_	_	linguistic	_	none	_	_	_	_	_	0-5(140)
891-2	TO071	891	891	2	quello]	quello	_	_	_	_	_	linguistic	_	none	_	End=1668.805	_	_	_	0-6(140)
892-0	TO080	892	892	0	e::hm	ehm	_	_	_	_	_	linguistic	_	none	_	Begin=1669.601|End=1670.356	0x2	_	_	_
893-0	TO080	893	893	0	però	però	_	_	_	_	_	linguistic	_	none	_	Begin=1670.456	_	_	_	_
893-1	TO080	893	893	1	veramente	veramente	_	_	_	_	_	linguistic	_	none	_	_	_	_	_	_
893-2	TO080	893	893	2	sono	sono	_	_	_	_	_	linguistic	_	none	_	_	_	_	_	_
893-3	TO080	893	893	3	una	una	_	_	_	_	_	linguistic	_	none	_	_	_	_	_	_
893-4	TO080	893	893	4	che	che	_	_	_	_	_	linguistic	_	none	_	_	_	_	_	_
893-5	TO080	893	893	5	ascolta	ascolta	_	_	_	_	_	linguistic	_	none	_	_	_	_	_	_
893-6	TO080	893	893	6	tutti	tutti	_	_	_	_	_	linguistic	_	none	_	_	_	_	_	_
893-7	TO080	893	893	7	i	i	_	_	_	_	_	linguistic	_	none	_	_	_	_	_	_
893-8	TO080	893	893	8	generi	generi	_	_	_	_	_	linguistic	_	none	_	End=1672.813	_	_	_	_
894-0	TO080	894	894	0	e::hm	ehm	_	_	_	_	_	linguistic	_	none	_	Begin=1673.343|End=1674.319	0x2	_	_	_
895-0	TO080	895	895	0	fatta	fatta	_	_	_	_	_	linguistic	_	none	_	Begin=1674.737	_	_	_	_
895-1	TO080	895	895	1	eccezione	eccezione	_	_	_	_	_	linguistic	_	none	_	_	_	_	_	_
895-2	TO080	895	895	2	per	per	_	_	_	_	_	linguistic	_	none	_	_	_	_	_	_
895-3	TO080	895	895	3	qualcosa	qualcosa	_	_	_	_	_	linguistic	_	none	_	End=1677.231	_	_	_	_
896-0	TO071	896	896	0	tipo	tipo	_	_	_	_	_	linguistic	_	none	_	Begin=1677.454	_	_	_	_
896-1	TO071	896	896	1	la	la	_	_	_	_	_	linguistic	_	none	_	_	_	_	_	_
896-2	TO071	896	896	2	neomelodica	neomelodica	_	_	_	_	_	linguistic	_	none	_	_	_	_	_	_
896-3	TO071	896	896	3	diciamo	diciamo	_	_	_	_	_	linguistic	_	none	_	_	_	_	_	_
896-4	TO071	896	896	4	mettiamo	mettiamo	_	_	_	_	_	linguistic	_	none	_	_	_	_	_	_
896-5	TO071	896	896	5	da	da	_	_	_	_	_	linguistic	_	none	_	_	_	_	_	_
896-6	TO071	896	896	6	[par]te	parte	_	_	_	_	_	linguistic	_	none	_	End=1680.308	_	_	_	0-3(141)
897-0	TO080	897	897	0	[sì]	sì	_	_	_	_	_	linguistic	_	none	_	Begin=1679.61|End=1680.018	_	_	_	0-2(141)
898-0	TO080	898	898	0	e	e	_	_	_	_	_	linguistic	_	none	_	Begin=1680.308	_	_	_	_
898-1	TO080	898	898	1	tipo	tipo	_	_	_	_	_	linguistic	_	none	_	_	_	_	_	_
898-2	TO080	898	898	2	la	la	_	_	_	_	_	linguistic	_	none	_	_	_	_	_	_
898-3	TO080	898	898	3	trap	trap	_	_	_	_	_	linguistic	_	none	_	End=1681.294	_	_	_	_
899-0	TO071	899	899	0	ah	ah	_	_	_	_	_	linguistic	_	none	_	Begin=1681.294	_	_	_	_
899-1	TO071	899	899	1	[vabbè	vabbè	_	_	_	_	_	linguistic	_	none	_	_	_	_	_	0-5(142)
899-2	TO071	899	899	2	sì	sì	_	_	_	_	_	linguistic	_	none	_	_	_	_	_	0-2(142)
899-3	TO071	899	899	3	cazzo	cazzo	_	_	_	_	_	linguistic	_	none	_	_	_	_	_	0-5(142)
899-4	TO071	899	899	4	xxx]	xxx	_	_	_	_	_	unknown	_	none	Syllables=3	End=1683.304	_	_	_	0-3(142)
900-0	TO080	900	900	0	[xxx	xxx	_	_	_	_	_	unknown	_	none	Syllables=3	Begin=1681.422	_	_	_	0-3(142)
900-1	TO080	900	900	1	quello]	quello	_	_	_	_	_	linguistic	_	none	_	End=1683.213	_	_	_	0-6(142)
901-0	TO071	901	901	0	non	non	_	_	_	_	_	linguistic	_	none	_	Begin=1683.826	_	_	_	_
901-1	TO071	901	901	1	[lo	lo	_	_	_	_	_	linguistic	_	none	_	_	_	_	_	0-2(143)
901-2	TO071	901	901	2	considero	considero	_	_	_	_	_	linguistic	_	none	_	_	_	_	_	0-9(143)
901-3	TO071	901	901	3	nean]che	neanche	_	_	_	_	_	linguistic	_	none	_	_	_	_	_	0-4(143)
901-4	TO071	901	901	4	un	un	_	_	_	_	_	linguistic	_	none	_	_	_	_	_	_
901-5	TO071	901	901	5	genere	genere	_	_	_	_	_	linguistic	_	none	_	End=1685.639	_	_	_	_
902-0	TO080	902	902	0	[però	però	_	_	_	_	_	linguistic	_	none	_	Begin=1684.08	_	_	_	0-4(143)
902-1	TO080	902	902	1	per	per	_	_	_	_	_	linguistic	_	none	_	_	_	_	_	0-3(143)
902-2	TO080	902	902	2	il	il	_	_	_	_	_	linguistic	_	none	_	_	_	_	_	0-2(143)
902-3	TO080	902	902	3	r~]	r~	_	_	_	_	_	linguistic	_	none	Interrupted=Yes	End=1685.036	_	_	_	0-2(143)
903-0	TO080	903	903	0	per	per	_	_	_	_	_	linguistic	_	none	_	Begin=1686.961	_	_	_	_
903-1	TO080	903	903	1	il	il	_	_	_	_	_	linguistic	_	none	_	_	_	_	_	_
903-2	TO080	903	903	2	resto	resto	_	_	_	_	_	linguistic	_	none	_	End=1687.519	_	_	_	_
904-0	TO071	904	904	0	però	però	_	_	_	_	_	linguistic	_	none	_	Begin=1687.519	_	_	_	_
904-1	TO071	904	904	1	ti	ti	_	_	_	_	_	linguistic	_	none	_	_	_	_	_	_
904-2	TO071	904	904	2	dicono	dicono	_	_	_	_	_	linguistic	_	none	_	_	_	_	_	_
904-3	TO071	904	904	3	da	da	_	_	_	_	_	linguistic	_	none	_	_	_	_	_	_
904-4	TO071	904	904	4	domani	domani	_	_	_	_	_	linguistic	_	none	_	_	_	_	_	_
904-5	TO071	904	904	5	puoi	puoi	_	_	_	_	_	linguistic	_	none	_	_	_	_	_	_
904-6	TO071	904	904	6	diventare	diventare	_	_	_	_	_	linguistic	_	none	_	_	_	_	_	_
904-7	TO071	904	904	7	la	la	_	_	_	_	_	linguistic	_	none	_	_	_	_	_	_
904-8	TO071	904	904	8	turnista	turnista	_	_	_	_	_	linguistic	_	none	_	_	_	_	_	_
904-9	TO071	904	904	9	del	del	_	_	_	_	_	linguistic	_	none	_	_	_	_	_	_
904-10	TO071	904	904	10	gruppo	gruppo	_	_	_	_	_	linguistic	_	none	_	_	_	_	_	_
904-11	TO071	904	904	11	ics	ics	_	_	_	_	_	linguistic	_	none	_	_	_	_	_	_
904-12	TO071	904	904	12	o	o	_	_	_	_	_	linguistic	_	none	_	_	_	_	_	_
904-13	TO071	904	904	13	del	del	_	_	_	_	_	linguistic	_	none	_	_	_	_	_	_
904-14	TO071	904	904	14	cantante	cantante	_	_	_	_	_	linguistic	_	none	_	_	_	_	_	_
904-15	TO071	904	904	15	ipsilon	ipsilon	_	_	_	_	_	linguistic	_	none	_	End=1692.357	_	_	_	_
905-0	TO080	905	905	0	eh	eh	_	_	_	_	_	linguistic	_	none	_	Begin=1692.357	_	_	_	_
905-1	TO080	905	905	1	allora	allora	_	_	_	_	_	linguistic	_	none	_	_	_	_	_	_
905-2	TO080	905	905	2	sarebbe	sarebbe	_	_	_	_	_	linguistic	_	none	_	_	_	_	_	_
905-3	TO080	905	905	3	qualcosa	qualcosa	_	_	_	_	_	linguistic	_	none	_	_	_	_	_	_
905-4	TO080	905	905	4	heavy	heavy	_	_	_	_	_	linguistic	_	none	_	_	_	_	_	_
905-5	TO080	905	905	5	metal	metal	_	_	_	_	_	linguistic	_	none	_	End=1694.617	_	_	_	_
906-0	TO071	906	906	0	ah	ah	_	_	_	_	_	linguistic	_	none	_	Begin=1694.81	_	_	_	_
906-1	TO071	906	906	1	okay	okay	_	_	_	_	_	linguistic	_	none	_	End=1695.486	_	_	_	_
907-0	TO071	907	907	0	ah	ah	_	_	_	_	_	linguistic	_	none	_	Begin=1695.84	_	_	_	_
907-1	TO071	907	907	1	quindi	quindi	_	_	_	_	_	linguistic	_	none	_	_	_	_	_	_
907-2	TO071	907	907	2	sei	sei	_	_	_	_	_	linguistic	_	none	_	_	_	_	_	_
907-3	TO071	907	907	3	tipa	tipa	_	_	_	_	_	linguistic	_	none	_	_	_	_	_	_
907-4	TO071	907	907	4	da	da	_	_	_	_	_	linguistic	_	none	_	_	_	_	_	_
907-5	TO071	907	907	5	doppio	doppio	_	_	_	_	_	linguistic	_	none	_	_	_	_	_	_
907-6	TO071	907	907	6	pedale	pedale	_	_	_	_	_	linguistic	_	none	_	_	_	_	_	_
907-7	TO071	907	907	7	quindi	quindi	_	_	_	_	_	linguistic	_	none	_	End=1697.975	_	_	_	_
908-0	TO080	908	908	0	a	a	_	_	_	_	_	linguistic	_	none	_	Begin=1698.141	_	_	_	_
908-1	TO080	908	908	1	saperlo	saperlo	_	_	_	_	_	linguistic	_	none	_	_	_	_	_	_
908-2	TO080	908	908	2	usare	usare	_	_	_	_	_	linguistic	_	none	_	End=1699.184	_	_	_	_
909-0	TO071	909	909	0	e	e	_	_	_	_	_	linguistic	_	none	_	Begin=1699.538	_	_	_	_
909-1	TO071	909	909	1	suonavi	suonavi	_	_	_	_	_	linguistic	_	none	_	_	_	_	_	_
909-2	TO071	909	909	2	poi	poi	_	_	_	_	_	linguistic	_	none	_	_	_	_	_	_
909-3	TO071	909	909	3	hai	hai	_	_	_	_	_	linguistic	_	none	_	_	_	_	_	_
909-4	TO071	909	909	4	lasciato	lasciato	_	_	_	_	_	linguistic	_	none	_	_	_	_	_	_
909-5	TO071	909	909	5	perché	perché	_	_	_	_	_	linguistic	_	none	_	_	_	_	_	_
909-6	TO071	909	909	6	per:?	per	_	_	_	_	_	linguistic	_	none	Intonation=Rising	End=1702.051	2x1	_	_	_
910-0	TO080	910	910	0	perché	perché	_	_	_	_	_	linguistic	_	none	_	Begin=1702.051	_	_	_	_
910-1	TO080	910	910	1	mi	mi	_	_	_	_	_	linguistic	_	none	_	_	_	_	_	_
910-2	TO080	910	910	2	sono	sono	_	_	_	_	_	linguistic	_	none	_	_	_	_	_	_
910-3	TO080	910	910	3	trasferita	trasferita	_	_	_	_	_	linguistic	_	none	_	_	_	_	_	_
910-4	TO080	910	910	4	qui	qui	_	_	_	_	_	linguistic	_	none	_	_	_	_	_	_
910-5	TO080	910	910	5	e	e	_	_	_	_	_	linguistic	_	none	_	_	_	_	_	_
910-6	TO080	910	910	6	la	la	_	_	_	_	_	linguistic	_	none	_	_	_	_	_	_
910-7	TO080	910	910	7	batteria	batteria	_	_	_	_	_	linguistic	_	none	_	_	_	_	_	_
910-8	TO080	910	910	8	non	non	_	_	_	_	_	linguistic	_	none	_	_	_	_	_	_
910-9	TO080	910	910	9	me	me	_	_	_	_	_	linguistic	_	none	_	_	_	_	_	_
910-10	TO080	910	910	10	la	la	_	_	_	_	_	linguistic	_	none	_	_	_	_	_	_
910-11	TO080	910	910	11	posso	posso	_	_	_	_	_	linguistic	_	none	_	_	_	_	_	_
910-12	TO080	910	910	12	portare	portare	_	_	_	_	_	linguistic	_	none	_	_	_	_	_	_
910-13	TO080	910	910	13	dietro	dietro	_	_	_	_	_	linguistic	_	none	_	End=1705.28	_	_	_	_
911-0	TO071	911	911	0	pero	pero	_	_	_	_	_	linguistic	_	none	_	Begin=1706.493	_	_	_	_
911-1	TO071	911	911	1	inso~	inso~	_	_	_	_	_	linguistic	_	none	Interrupted=Yes	_	_	_	_	_
911-2	TO071	911	911	2	come	come	_	_	_	_	_	linguistic	_	none	_	_	_	_	_	_
911-3	TO071	911	911	3	dire	dire	_	_	_	_	_	linguistic	_	none	_	_	_	_	_	_
911-4	TO071	911	911	4	se	se	_	_	_	_	_	linguistic	_	none	_	_	_	_	_	_
911-5	TO071	911	911	5	uno	uno	_	_	_	_	_	linguistic	_	none	_	_	_	_	_	_
911-6	TO071	911	911	6	ti	ti	_	_	_	_	_	linguistic	_	none	_	_	_	_	_	_
911-7	TO071	911	911	7	dà::,	dà	_	_	_	_	_	linguistic	_	none	Intonation=WeaklyRising	End=1708.915	1x2	_	_	_
912-0	TO071	912	912	0	se	se	_	_	_	_	_	linguistic	_	none	_	Begin=1709.528	_	_	_	_
912-1	TO071	912	912	1	uno	uno	_	_	_	_	_	linguistic	_	none	_	_	_	_	_	_
912-2	TO071	912	912	2	a	a	_	_	_	_	_	linguistic	_	none	_	_	_	_	_	_
912-3	TO071	912	912	3	a	a	_	_	_	_	_	linguistic	_	none	_	_	_	_	_	_
912-4	TO071	912	912	4	natale	natale	_	_	_	_	_	linguistic	_	none	_	_	_	_	_	_
912-5	TO071	912	912	5	ti	ti	_	_	_	_	_	linguistic	_	none	_	_	_	_	_	_
912-6	TO071	912	912	6	regala	regala	_	_	_	_	_	linguistic	_	none	_	_	_	_	_	_
912-7	TO071	912	912	7	un	un	_	_	_	_	_	linguistic	_	none	_	_	_	_	_	_
912-8	TO071	912	912	8	pad	pad	_	_	_	_	_	linguistic	_	none	_	_	_	_	_	_
912-9	TO071	912	912	9	di	di	_	_	_	_	_	linguistic	_	none	_	_	_	_	_	_
912-10	TO071	912	912	10	quelli	quelli	_	_	_	_	_	linguistic	_	none	_	_	_	_	_	_
912-11	TO071	912	912	11	silenziosi	silenziosi	_	_	_	_	_	linguistic	_	none	_	_	_	_	_	_
912-12	TO071	912	912	12	sei	sei	_	_	_	_	_	linguistic	_	none	_	_	_	_	_	_
912-13	TO071	912	912	13	contenta	contenta	_	_	_	_	_	linguistic	_	none	_	End=1714.149	_	_	_	_
913-0	TO071	913	913	0	[diciamo]	diciamo	_	_	_	_	_	linguistic	_	none	_	Begin=1714.207|End=1714.79	_	_	_	0-7(144)
914-0	TO080	914	914	0	[beh	beh	_	_	_	_	_	linguistic	_	none	_	Begin=1714.288	_	_	_	0-3(144)
914-1	TO080	914	914	1	sì]	sì	_	_	_	_	_	linguistic	_	none	_	End=1714.767	_	_	_	0-2(144)
915-0	TO071	915	915	0	okay	okay	_	_	_	_	_	linguistic	_	none	_	Begin=1715.062	_	_	_	_
915-1	TO071	915	915	1	con	con	_	_	_	_	_	linguistic	_	none	_	_	_	_	_	_
915-2	TO071	915	915	2	le	le	_	_	_	_	_	linguistic	_	none	_	_	_	_	_	_
915-3	TO071	915	915	3	bacchettine	bacchettine	_	_	_	_	_	linguistic	_	none	_	End=1716.432	_	_	_	_
916-0	TO071	916	916	0	e::hm	ehm	_	_	_	_	_	linguistic	_	none	_	Begin=1717.31	0x2	_	_	_
916-1	TO071	916	916	1	va	va	_	_	_	_	_	linguistic	_	none	_	_	_	_	_	_
916-2	TO071	916	916	2	bene	bene	_	_	_	_	_	linguistic	_	none	_	_	_	_	_	_
916-3	TO071	916	916	3	ultimissima	ultimissima	_	_	_	_	_	linguistic	_	none	_	_	_	_	_	_
916-4	TO071	916	916	4	domanda	domanda	_	_	_	_	_	linguistic	_	none	_	_	_	_	_	_
916-5	TO071	916	916	5	ti	ti	_	_	_	_	_	linguistic	_	none	_	_	_	_	_	_
916-6	TO071	916	916	6	faccio	faccio	_	_	_	_	_	linguistic	_	none	_	_	_	_	_	_
916-7	TO071	916	916	7	una	una	_	_	_	_	_	linguistic	_	none	_	_	_	_	_	_
916-8	TO071	916	916	8	domanda::	domanda	_	_	_	_	_	linguistic	_	none	_	End=1721.329	6x2	_	_	_
917-0	TO071	917	917	0	anzi	anzi	_	_	_	_	_	linguistic	_	none	_	Begin=1721.515	_	_	_	_
917-1	TO071	917	917	1	guarda	guarda	_	_	_	_	_	linguistic	_	none	_	_	_	_	_	_
917-2	TO071	917	917	2	faccio	faccio	_	_	_	_	_	linguistic	_	none	_	_	_	_	_	_
917-3	TO071	917	917	3	una	una	_	_	_	_	_	linguistic	_	none	_	_	_	_	_	_
917-4	TO071	917	917	4	cosa	cosa	_	_	_	_	_	linguistic	_	none	_	_	_	_	_	_
917-5	TO071	917	917	5	che	che	_	_	_	_	_	linguistic	_	none	_	_	_	_	_	_
917-6	TO071	917	917	6	non	non	_	_	_	_	_	linguistic	_	none	_	_	_	_	_	_
917-7	TO071	917	917	7	ho	ho	_	_	_	_	_	linguistic	_	none	_	_	_	_	_	_
917-8	TO071	917	917	8	mai	mai	_	_	_	_	_	linguistic	_	none	_	_	_	_	_	_
917-9	TO071	917	917	9	fatto	fatto	_	_	_	_	_	linguistic	_	none	_	_	_	_	_	_
917-10	TO071	917	917	10	perché	perché	_	_	_	_	_	linguistic	_	none	_	_	_	_	_	_
917-11	TO071	917	917	11	[ma]nca	manca	_	_	_	_	_	linguistic	_	none	_	_	_	_	_	0-2(145)
917-12	TO071	917	917	12	un	un	_	_	_	_	_	linguistic	_	none	_	_	_	_	_	_
917-13	TO071	917	917	13	minuto	minuto	_	_	_	_	_	linguistic	_	none	_	_	_	_	_	_
917-14	TO071	917	917	14	e	e	_	_	_	_	_	linguistic	_	none	_	_	_	_	_	_
917-15	TO071	917	917	15	quindi::	quindi	_	_	_	_	_	linguistic	_	none	_	End=1725.545	5x2	_	_	_
918-0	TO080	918	918	0	[okay]	okay	_	_	_	_	_	linguistic	_	none	_	Begin=1723.809|End=1724.049	_	_	_	0-4(145)
919-0	TO071	919	919	0	faccio	faccio	_	_	_	_	_	linguistic	_	none	_	Begin=1725.954	_	_	_	_
919-1	TO071	919	919	1	una	una	_	_	_	_	_	linguistic	_	none	_	_	_	_	_	_
919-2	TO071	919	919	2	cosa	cosa	_	_	_	_	_	linguistic	_	none	_	_	_	_	_	_
919-3	TO071	919	919	3	alla	alla	_	_	_	_	_	linguistic	_	none	_	_	_	_	_	_
919-4	TO071	919	919	4	marzullo	marzullo	_	_	_	_	_	linguistic	_	none	_	End=1727.305	_	_	_	_
920-0	TO071	920	920	0	si	si	_	_	_	_	_	linguistic	_	none	_	Begin=1727.491	_	_	_	_
920-1	TO071	920	920	1	faccia	faccia	_	_	_	_	_	linguistic	_	none	_	_	_	_	_	_
920-2	TO071	920	920	2	una	una	_	_	_	_	_	linguistic	_	none	_	_	_	_	_	_
920-3	TO071	920	920	3	domanda	domanda	_	_	_	_	_	linguistic	_	none	_	_	_	_	_	_
920-4	TO071	920	920	4	e	e	_	_	_	_	_	linguistic	_	none	_	_	_	_	_	_
920-5	TO071	920	920	5	si	si	_	_	_	_	_	linguistic	_	none	_	_	_	_	_	_
920-6	TO071	920	920	6	dia	dia	_	_	_	_	_	linguistic	_	none	_	_	_	_	_	_
920-7	TO071	920	920	7	una	una	_	_	_	_	_	linguistic	_	none	_	_	_	_	_	_
920-8	TO071	920	920	8	risposta	risposta	_	_	_	_	_	linguistic	_	none	_	End=1729.661	_	_	_	_
921-0	TO071	921	921	0	[e	e	_	_	_	_	_	linguistic	_	none	_	Begin=1729.7	_	_	_	0-1(146)
921-1	TO071	921	921	1	che	che	_	_	_	_	_	linguistic	_	none	_	_	_	_	_	0-3(146)
921-2	TO071	921	921	2	duri	duri	_	_	_	_	_	linguistic	_	none	_	_	_	_	_	0-4(146)
921-3	TO071	921	921	3	un]	un	_	_	_	_	_	linguistic	_	none	_	_	_	_	_	0-2(146)
921-4	TO071	921	921	4	minuto	minuto	_	_	_	_	_	linguistic	_	none	_	_	_	_	_	_
921-5	TO071	921	921	5	e	e	_	_	_	_	_	linguistic	_	none	_	_	_	_	_	_
921-6	TO071	921	921	6	mezzo	mezzo	_	_	_	_	_	linguistic	_	none	_	_	_	_	_	_
921-7	TO071	921	921	7	non	non	_	_	_	_	_	linguistic	_	none	_	_	_	_	_	_
921-8	TO071	921	921	8	t'	t'	_	_	_	_	_	linguistic	_	none	SpaceAfter=No	_	_	_	_	_
921-9	TO071	921	921	9	(hanno	hanno	_	_	_	_	_	linguistic	_	none	_	_	_	_	_	_
921-10	TO071	921	921	10	mai	mai	_	_	_	_	_	linguistic	_	none	_	_	_	_	_	_
921-11	TO071	921	921	11	fatto	fatto	_	_	_	_	_	linguistic	_	none	_	_	_	_	_	_
921-12	TO071	921	921	12	sta	sta	_	_	_	_	_	linguistic	_	none	_	_	_	_	_	_
921-13	TO071	921	921	13	cosa?	cosa	_	_	_	_	_	linguistic	_	none	Intonation=Rising	_	_	_	_	_
921-14	TO071	921	921	14	eh	eh	_	_	_	_	_	linguistic	_	none	_	_	_	_	_	_
921-15	TO071	921	921	15	te	te	_	_	_	_	_	linguistic	_	none	_	_	_	_	_	_
921-16	TO071	921	921	16	la	la	_	_	_	_	_	linguistic	_	none	_	_	_	_	_	_
921-17	TO071	921	921	17	faccio	faccio	_	_	_	_	_	linguistic	_	none	_	_	_	_	_	_
921-18	TO071	921	921	18	io	io	_	_	_	_	_	linguistic	_	none	_	_	_	_	_	_
921-19	TO071	921	921	19	te	te	_	_	_	_	_	linguistic	_	none	_	_	_	_	_	_
921-20	TO071	921	921	20	la	la	_	_	_	_	_	linguistic	_	none	_	_	_	_	_	_
921-21	TO071	921	921	21	faccio.	faccio	_	_	_	_	_	linguistic	_	none	Intonation=Falling	End=1734.054	_	_	_	_
922-0	TO080	922	922	0	[no::]	no	_	_	_	_	_	linguistic	_	none	_	Begin=1729.7|End=1730.567	1x2	_	_	0-2(146)
923-0	TO080	923	923	0	[no]	no	_	_	_	_	_	linguistic	_	none	_	Begin=1734.076|End=1734.533	_	_	_	0-2(147)
924-0	TO071	924	924	0	[e	e	_	_	_	_	_	linguistic	_	none	_	Begin=1734.124	_	_	_	0-1(147)
924-1	TO071	924	924	1	nean]ch'	neanch'	_	_	_	_	_	linguistic	_	none	SpaceAfter=No	_	_	_	_	0-4(147)
924-2	TO071	924	924	2	io	io	_	_	_	_	_	linguistic	_	none	_	_	_	_	_	_
924-3	TO071	924	924	3	l'	l'	_	_	_	_	_	linguistic	_	none	SpaceAfter=No	_	_	_	_	_
924-4	TO071	924	924	4	ho	ho	_	_	_	_	_	linguistic	_	none	_	_	_	_	_	_
924-5	TO071	924	924	5	mai	mai	_	_	_	_	_	linguistic	_	none	_	_	_	_	_	2-3(148)
924-6	TO071	924	924	6	[fatta	fatta	_	_	_	_	_	linguistic	_	none	_	_	_	_	_	0-5(148)
924-7	TO071	924	924	7	dai	dai	_	_	_	_	_	linguistic	_	none	_	_	_	_	_	0-3(148)
924-8	TO071	924	924	8	su	su	_	_	_	_	_	linguistic	_	none	_	_	_	_	_	0-2(148)
924-9	TO071	924	924	9	deh]	deh	_	_	_	_	_	linguistic	_	none	_	End=1736.01	_	_	_	0-2(148)
925-0	TO080	925	925	0	[e	e	_	_	_	_	_	linguistic	_	none	_	Begin=1734.99	_	_	_	0-1(148)
925-1	TO080	925	925	1	mi	mi	_	_	_	_	_	linguistic	_	none	_	_	_	_	_	0-2(148)
925-2	TO080	925	925	2	mette	mette	_	_	_	_	_	linguistic	_	none	_	_	_	_	_	0-5(148)
925-3	TO080	925	925	3	an]sia	ansia	_	_	_	_	_	linguistic	_	none	_	End=1736.455	_	_	_	0-2(148)
926-0	TO071	926	926	0	ma	ma	_	_	_	_	_	linguistic	_	none	_	Begin=1736.498	_	_	_	_
926-1	TO071	926	926	1	non	non	_	_	_	_	_	linguistic	_	none	_	_	_	_	_	_
926-2	TO071	926	926	2	ti	ti	_	_	_	_	_	linguistic	_	none	_	_	_	_	_	_
926-3	TO071	926	926	3	deve	deve	_	_	_	_	_	linguistic	_	none	_	_	_	_	_	_
926-4	TO071	926	926	4	mettere	mettere	_	_	_	_	_	linguistic	_	none	_	_	_	_	_	_
926-5	TO071	926	926	5	ansia	ansia	_	_	_	_	_	linguistic	_	none	_	_	_	_	_	_
926-6	TO071	926	926	6	fatti	fatti	_	_	_	_	_	linguistic	_	none	_	_	_	_	_	_
926-7	TO071	926	926	7	fatti	fatti	_	_	_	_	_	linguistic	_	none	_	_	_	_	_	_
926-8	TO071	926	926	8	una	una	_	_	_	_	_	linguistic	_	none	_	_	_	_	_	_
926-9	TO071	926	926	9	domanda	domanda	_	_	_	_	_	linguistic	_	none	_	_	_	_	_	_
926-10	TO071	926	926	10	qualsiasi	qualsiasi	_	_	_	_	_	linguistic	_	none	_	_	_	_	_	_
926-11	TO071	926	926	11	come	come	_	_	_	_	_	linguistic	_	none	_	_	_	_	_	_
926-12	TO071	926	926	12	se	se	_	_	_	_	_	linguistic	_	none	_	_	_	_	_	_
926-13	TO071	926	926	13	se	se	_	_	_	_	_	linguistic	_	none	_	_	_	_	_	_
926-14	TO071	926	926	14	ti	ti	_	_	_	_	_	linguistic	_	none	_	_	_	_	_	_
926-15	TO071	926	926	15	stessi	stessi	_	_	_	_	_	linguistic	_	none	_	_	_	_	_	_
926-16	TO071	926	926	16	esaminando.	esaminando	_	_	_	_	_	linguistic	_	none	Intonation=Falling	End=1741.076	_	_	_	_
927-0	TO071	927	927	0	fatti	fatti	_	_	_	_	_	linguistic	_	none	_	Begin=1741.159	_	_	_	_
927-1	TO071	927	927	1	una	una	_	_	_	_	_	linguistic	_	none	_	_	_	_	_	_
927-2	TO071	927	927	2	domanda	domanda	_	_	_	_	_	linguistic	_	none	_	_	_	_	_	_
927-3	TO071	927	927	3	scema	scema	_	_	_	_	_	linguistic	_	none	_	_	_	_	_	_
927-4	TO071	927	927	4	e	e	_	_	_	_	_	linguistic	_	none	_	_	_	_	_	_
927-5	TO071	927	927	5	datti	datti	_	_	_	_	_	linguistic	_	none	_	_	_	_	_	_
927-6	TO071	927	927	6	una	una	_	_	_	_	_	linguistic	_	none	_	_	_	_	_	_
927-7	TO071	927	927	7	risposta	risposta	_	_	_	_	_	linguistic	_	none	_	_	_	_	_	_
927-8	TO071	927	927	8	ancora	ancora	_	_	_	_	_	linguistic	_	none	_	_	_	_	_	_
927-9	TO071	927	927	9	più	più	_	_	_	_	_	linguistic	_	none	_	_	_	_	_	_
927-10	TO071	927	927	10	scema	scema	_	_	_	_	_	linguistic	_	none	_	End=1743.893	_	_	_	_
928-0	TO080	928	928	0	no	no	_	_	_	_	_	linguistic	_	none	_	Begin=1743.959	_	_	_	_
928-1	TO080	928	928	1	non	non	_	_	_	_	_	linguistic	_	none	_	_	_	_	_	_
928-2	TO080	928	928	2	mi	mi	_	_	_	_	_	linguistic	_	none	_	_	_	_	_	_
928-3	TO080	928	928	3	f~	f~	_	_	_	_	_	linguistic	_	none	Interrupted=Yes	_	_	_	_	_
928-4	TO080	928	928	4	veramente	veramente	_	_	_	_	_	linguistic	_	none	_	_	_	_	_	_
928-5	TO080	928	928	5	non	non	_	_	_	_	_	linguistic	_	none	_	_	_	_	_	_
928-6	TO080	928	928	6	so	so	_	_	_	_	_	linguistic	_	none	_	_	_	_	_	_
928-7	TO080	928	928	7	cos[a	cosa	_	_	_	_	_	linguistic	_	none	_	_	_	_	_	3-4(149)
928-8	TO080	928	928	8	fare].	fare	_	_	_	_	_	linguistic	_	none	Intonation=Falling	End=1746.142	_	_	_	0-4(149)
929-0	TO071	929	929	0	[non	non	_	_	_	_	_	linguistic	_	none	_	Begin=1745.582	_	_	_	0-3(149)
929-1	TO071	929	929	1	ti	ti	_	_	_	_	_	linguistic	_	none	_	_	_	_	_	0-2(149)
929-2	TO071	929	929	2	viene	viene	_	_	_	_	_	linguistic	_	none	_	_	_	_	_	0-5(149)
929-3	TO071	929	929	3	i]n	in	_	_	_	_	_	linguistic	_	none	_	_	_	_	_	0-1(149)
929-4	TO071	929	929	4	mente	mente	_	_	_	_	_	linguistic	_	none	_	_	_	_	_	_
929-5	TO071	929	929	5	[nie]nte	niente	_	_	_	_	_	linguistic	_	none	_	End=1747.052	_	_	_	0-3(150)
930-0	TO080	930	930	0	[no::]	no	_	_	_	_	_	linguistic	_	none	_	Begin=1746.33|End=1746.705	1x2	_	_	0-2(150)
931-0	TO071	931	931	0	[okay]	okay	_	_	_	_	_	linguistic	_	none	_	Begin=1748.035|End=1748.506	_	_	_	0-4(151)
932-0	TO080	932	932	0	[non	non	_	_	_	_	_	linguistic	_	none	_	Begin=1748.036	_	_	_	0-3(151)
932-1	TO080	932	932	1	sono	sono	_	_	_	_	_	linguistic	_	none	_	_	_	_	_	0-4(151)
932-2	TO080	932	932	2	bra]va	brava	_	_	_	_	_	linguistic	_	none	_	_	_	_	_	0-3(151)
932-3	TO080	932	932	3	a	a	_	_	_	_	_	linguistic	_	none	_	_	_	_	_	_
932-4	TO080	932	932	4	improvvisare	improvvisare	_	_	_	_	_	linguistic	_	none	_	_	_	_	_	_
932-5	TO080	932	932	5	è	è	_	_	_	_	_	linguistic	_	none	_	_	_	_	_	_
932-6	TO080	932	932	6	quello	quello	_	_	_	_	_	linguistic	_	none	_	_	_	_	_	_
932-7	TO080	932	932	7	il	il	_	_	_	_	_	linguistic	_	none	_	_	_	_	_	_
932-8	TO080	932	932	8	problema.	problema	_	_	_	_	_	linguistic	_	none	Intonation=Falling	End=1750.035	_	_	_	_
933-0	TO071	933	933	0	vabbè	vabbè	_	_	_	_	_	linguistic	_	none	_	Begin=1750.354	_	_	_	_
933-1	TO071	933	933	1	però	però	_	_	_	_	_	linguistic	_	none	_	_	_	_	_	_
933-2	TO071	933	933	2	sei	sei	_	_	_	_	_	linguistic	_	none	_	_	_	_	_	_
933-3	TO071	933	933	3	sei	sei	_	_	_	_	_	linguistic	_	none	_	_	_	_	_	_
933-4	TO071	933	933	4	brava	brava	_	_	_	_	_	linguistic	_	none	_	_	_	_	_	_
933-5	TO071	933	933	5	a	a	_	_	_	_	_	linguistic	_	none	_	_	_	_	_	_
933-6	TO071	933	933	6	rispondere	rispondere	_	_	_	_	_	linguistic	_	none	_	_	_	_	_	_
933-7	TO071	933	933	7	quello	quello	_	_	_	_	_	linguistic	_	none	_	_	_	_	_	_
933-8	TO071	933	933	8	quello	quello	_	_	_	_	_	linguistic	_	none	_	_	_	_	_	_
933-9	TO071	933	933	9	va	va	_	_	_	_	_	linguistic	_	none	_	_	_	_	_	_
933-10	TO071	933	933	10	benissimo	benissimo	_	_	_	_	_	linguistic	_	none	_	End=1753.341	_	_	_	_
934-0	TO071	934	934	0	e	e	_	_	_	_	_	linguistic	_	none	_	Begin=1754.123	_	_	_	_
934-1	TO071	934	934	1	niente	niente	_	_	_	_	_	linguistic	_	none	_	_	_	_	_	_
934-2	TO071	934	934	2	guarda	guarda	_	_	_	_	_	linguistic	_	none	_	_	_	_	_	_
934-3	TO071	934	934	3	la	la	_	_	_	_	_	linguistic	_	none	_	_	_	_	_	_
934-4	TO071	934	934	4	possiamo	possiamo	_	_	_	_	_	linguistic	_	none	_	_	_	_	_	_
934-5	TO071	934	934	5	chiudere	chiudere	_	_	_	_	_	linguistic	_	none	_	_	_	_	_	_
934-6	TO071	934	934	6	qui	qui	_	_	_	_	_	linguistic	_	none	_	End=1756.321	_	_	_	_
935-0	TO071	935	935	0	però	però	_	_	_	_	_	linguistic	_	none	_	Begin=1756.401	_	_	_	_
935-1	TO071	935	935	1	magari	magari	_	_	_	_	_	linguistic	_	none	_	End=1757.025	_	_	_	_
936-0	TO071	936	936	0	aspettiamo	aspettiamo	_	_	_	_	_	linguistic	_	none	_	Begin=1757.353|End=1758.352	_	_	_	_
937-0	TO071	937	937	0	quaranta	quaranta	_	_	_	_	_	linguistic	_	none	_	Begin=1758.459	_	_	_	_
937-1	TO071	937	937	1	secondi	secondi	_	_	_	_	_	linguistic	_	none	_	_	_	_	_	_
937-2	TO071	937	937	2	[che:]	che	_	_	_	_	_	linguistic	_	none	_	End=1759.522	2x1	_	_	0-3(152)
938-0	TO080	938	938	0	[proprio]:	proprio	_	_	_	_	_	linguistic	_	none	_	Begin=1759.227|End=1759.698	6x1	_	_	0-7(152)
939-0	TO071	939	939	0	che	che	_	_	_	_	_	linguistic	_	none	_	Begin=1759.788	_	_	_	_
939-1	TO071	939	939	1	fini[sce	finisce	_	_	_	_	_	linguistic	_	none	_	_	_	_	_	4-7(153)
939-2	TO071	939	939	2	questa	questa	_	_	_	_	_	linguistic	_	none	_	_	_	_	_	0-6(153)
939-3	TO071	939	939	3	cosa]	cosa	_	_	_	_	_	linguistic	_	none	_	End=1761.236	_	_	_	0-4(153)
940-0	TO080	940	940	0	[il	il	_	_	_	_	_	linguistic	_	none	_	Begin=1760.453	_	_	_	0-2(153)
940-1	TO080	940	940	1	minuto]	minuto	_	_	_	_	_	linguistic	_	none	_	End=1761.234	_	_	_	0-6(153)
941-0	TO071	941	941	0	sì	sì	_	_	_	_	_	linguistic	_	none	_	Begin=1761.663	_	_	_	_
941-1	TO071	941	941	1	esatto	esatto	_	_	_	_	_	linguistic	_	none	_	_	_	_	_	_
941-2	TO071	941	941	2	così	così	_	_	_	_	_	linguistic	_	none	_	_	_	_	_	_
941-3	TO071	941	941	3	io	io	_	_	_	_	_	linguistic	_	none	_	_	_	_	_	_
941-4	TO071	941	941	4	c'	c'	_	_	_	_	_	linguistic	_	none	SpaceAfter=No	_	_	_	_	_
941-5	TO071	941	941	5	ho	ho	_	_	_	_	_	linguistic	_	none	_	_	_	_	_	_
941-6	TO071	941	941	6	la	la	_	_	_	_	_	linguistic	_	none	_	_	_	_	_	_
941-7	TO071	941	941	7	coscienza	coscienza	_	_	_	_	_	linguistic	_	none	_	_	_	_	_	_
941-8	TO071	941	941	8	a	a	_	_	_	_	_	linguistic	_	none	_	_	_	_	_	_
941-9	TO071	941	941	9	po[sto],	posto	_	_	_	_	_	linguistic	_	none	Intonation=WeaklyRising	End=1764.014	_	_	_	1-5(154)
942-0	TO080	942	942	0	[esa]tto	esatto	_	_	_	_	_	linguistic	_	none	_	Begin=1763.823|End=1764.373	_	_	_	0-3(154)
943-0	TO071	943	943	0	ciao	ciao	_	_	_	_	_	linguistic	_	none	_	Begin=1764.643	_	_	_	_
943-1	TO071	943	943	1	e::	e	_	_	_	_	_	linguistic	_	none	_	_	0x2	_	_	_
943-2	TO071	943	943	2	a	a	_	_	_	_	_	linguistic	_	none	_	_	_	_	_	_
943-3	TO071	943	943	3	natale	natale	_	_	_	_	_	linguistic	_	none	_	_	_	_	_	_
943-4	TO071	943	943	4	che	che	_	_	_	_	_	linguistic	_	none	_	_	_	_	_	_
943-5	TO071	943	943	5	fai?	fai	_	_	_	_	_	linguistic	_	none	Intonation=Rising	End=1766.647	_	_	_	_
944-0	TO071	944	944	0	torni	torni	_	_	_	_	_	linguistic	_	none	_	Begin=1766.691	_	_	_	_
944-1	TO071	944	944	1	dai	dai	_	_	_	_	_	linguistic	_	none	_	_	_	_	_	_
944-2	TO071	944	944	2	[tuoi],	tuoi	_	_	_	_	_	linguistic	_	none	Intonation=WeaklyRising	End=1767.411	_	_	_	0-4(155)
945-0	TO080	945	945	0	[torno]	torno	_	_	_	_	_	linguistic	_	none	_	Begin=1767.091	_	_	_	0-5(155)
945-1	TO080	945	945	1	a	a	_	_	_	_	_	linguistic	_	none	_	_	_	_	_	_
945-2	TO080	945	945	2	casa,	casa	_	_	_	_	_	linguistic	_	none	Intonation=WeaklyRising	End=1767.876	_	_	_	_
946-0	TO071	946	946	0	capodanno	capodanno	_	_	_	_	_	linguistic	_	none	_	Begin=1768.08	_	_	_	_
946-1	TO071	946	946	1	non	non	_	_	_	_	_	linguistic	_	none	_	_	_	_	_	_
946-2	TO071	946	946	2	lo	lo	_	_	_	_	_	linguistic	_	none	_	_	_	_	_	_
946-3	TO071	946	946	3	sai,	sai	_	_	_	_	_	linguistic	_	none	Intonation=WeaklyRising	End=1769.254	_	_	_	_
947-0	TO080	947	947	0	capodanno	capodanno	_	_	_	_	_	linguistic	_	none	_	Begin=1769.419	_	_	_	_
947-1	TO080	947	947	1	in	in	_	_	_	_	_	linguistic	_	none	_	_	_	_	_	_
947-2	TO080	947	947	2	teoria	teoria	_	_	_	_	_	linguistic	_	none	_	_	_	_	_	_
947-3	TO080	947	947	3	stiamo	stiamo	_	_	_	_	_	linguistic	_	none	_	_	_	_	_	_
947-4	TO080	947	947	4	organizzando	organizzando	_	_	_	_	_	linguistic	_	none	_	_	_	_	_	_
947-5	TO080	947	947	5	qualcosa	qualcosa	_	_	_	_	_	linguistic	_	none	_	_	_	_	_	_
947-6	TO080	947	947	6	però	però	_	_	_	_	_	linguistic	_	none	_	_	_	_	_	_
947-7	TO080	947	947	7	dato	dato	_	_	_	_	_	linguistic	_	none	_	_	_	_	_	_
947-8	TO080	947	947	8	che	che	_	_	_	_	_	linguistic	_	none	_	_	_	_	_	_
947-9	TO080	947	947	9	deve	deve	_	_	_	_	_	linguistic	_	none	_	_	_	_	_	_
947-10	TO080	947	947	10	venire	venire	_	_	_	_	_	linguistic	_	none	_	_	_	_	_	_
947-11	TO080	947	947	11	gente	gente	_	_	_	_	_	linguistic	_	none	_	_	_	_	_	_
947-12	TO080	947	947	12	dal	dal	_	_	_	_	_	linguistic	_	none	_	_	_	_	_	_
947-13	TO080	947	947	13	resto	resto	_	_	_	_	_	linguistic	_	none	_	_	_	_	_	_
947-14	TO080	947	947	14	d'	d'	_	_	_	_	_	linguistic	_	none	SpaceAfter=No	_	_	_	_	_
947-15	TO080	947	947	15	italia,	italia	_	_	_	_	_	linguistic	_	none	Intonation=WeaklyRising	End=1775.012	_	_	_	_
948-0	TO071	948	948	0	e	e	_	_	_	_	_	linguistic	_	none	_	Begin=1775.012	_	_	_	_
948-1	TO071	948	948	1	che	che	_	_	_	_	_	linguistic	_	none	_	_	_	_	_	_
948-2	TO071	948	948	2	cazzo	cazzo	_	_	_	_	_	linguistic	_	none	_	_	_	_	_	_
948-3	TO071	948	948	3	quanti	quanti	_	_	_	_	_	linguistic	_	none	_	_	_	_	_	_
948-4	TO071	948	948	4	siete?	siete	_	_	_	_	_	linguistic	_	none	Intonation=Rising	End=1775.886	_	_	_	_
949-0	TO080	949	949	0	eh	eh	_	_	_	_	_	linguistic	_	none	_	Begin=1775.886	_	_	_	_
949-1	TO080	949	949	1	cioè	cioè	_	_	_	_	_	linguistic	_	none	_	_	_	_	_	_
949-2	TO080	949	949	2	c'	c'	_	_	_	_	_	linguistic	_	none	SpaceAfter=No	_	_	_	_	_
949-3	TO080	949	949	3	abbiamo	abbiamo	_	_	_	_	_	linguistic	_	none	_	_	_	_	_	_
949-4	TO080	949	949	4	amici	amici	_	_	_	_	_	linguistic	_	none	_	_	_	_	_	_
949-5	TO080	949	949	5	perché	perché	_	_	_	_	_	linguistic	_	none	_	_	_	_	_	_
949-6	TO080	949	949	6	siamo	siamo	_	_	_	_	_	linguistic	_	none	_	_	_	_	_	_
949-7	TO080	949	949	7	tutti	tutti	_	_	_	_	_	linguistic	_	none	_	_	_	_	_	_
949-8	TO080	949	949	8	che	che	_	_	_	_	_	linguistic	_	none	_	_	_	_	_	_
949-9	TO080	949	949	9	ci	ci	_	_	_	_	_	linguistic	_	none	_	_	_	_	_	_
949-10	TO080	949	949	10	ritroviamo	ritroviamo	_	_	_	_	_	linguistic	_	none	_	_	_	_	_	_
949-11	TO080	949	949	11	al	al	_	_	_	_	_	linguistic	_	none	_	_	_	_	_	_
949-12	TO080	949	949	12	paesino	paesino	_	_	_	_	_	linguistic	_	none	_	_	_	_	_	_
949-13	TO080	949	949	13	giù,	giù	_	_	_	_	_	linguistic	_	none	Intonation=WeaklyRising	_	_	_	_	_
949-14	TO080	949	949	14	e	e	_	_	_	_	_	linguistic	_	none	_	_	_	_	_	_
949-15	TO080	949	949	15	quindi,	quindi	_	_	_	_	_	linguistic	_	none	Intonation=WeaklyRising	End=1780.39	_	_	_	_
950-0	TO071	950	950	0	quindi	quindi	_	_	_	_	_	linguistic	_	none	_	Begin=1780.553	_	_	_	_
950-1	TO071	950	950	1	in	in	_	_	_	_	_	linguistic	_	none	_	_	_	_	_	_
950-2	TO071	950	950	2	basilicata?	basilicata	_	_	_	_	_	linguistic	_	none	Intonation=Rising	End=1781.562	_	_	_	_
951-0	TO080	951	951	0	sì	sì	_	_	_	_	_	linguistic	_	none	_	Begin=1781.562|End=1781.727	_	_	_	_
952-0	TO071	952	952	0	lo	lo	_	_	_	_	_	linguistic	_	none	_	Begin=1781.733	_	_	_	_
952-1	TO071	952	952	1	fai?	fai	_	_	_	_	_	linguistic	_	none	Intonation=Rising	End=1782.164	_	_	_	_
953-0	TO071	953	953	0	e?	e	_	_	_	_	_	linguistic	_	none	Intonation=Rising	Begin=1782.495|End=1782.72	_	_	_	_
954-0	TO080	954	954	0	no	no	_	_	_	_	_	linguistic	_	none	_	Begin=1782.72	_	_	_	_
954-1	TO080	954	954	1	no	no	_	_	_	_	_	linguistic	_	none	_	_	_	_	_	_
954-2	TO080	954	954	2	no	no	_	_	_	_	_	linguistic	_	none	_	_	_	_	_	_
954-3	TO080	954	954	3	ci	ci	_	_	_	_	_	linguistic	_	none	_	_	_	_	_	_
954-4	TO080	954	954	4	ritroviamo	ritroviamo	_	_	_	_	_	linguistic	_	none	PauseAfter=Yes	_	_	_	_	_
954-5	TO080	954	954	5	{P}	{P}	_	_	_	_	_	shortpause	_	none	_	_	_	_	_	_
954-6	TO080	954	954	6	da	da	_	_	_	_	_	linguistic	_	none	_	_	_	_	_	_
954-7	TO080	954	954	7	noi,	noi	_	_	_	_	_	linguistic	_	none	Intonation=WeaklyRising	End=1785.207	_	_	_	_
955-0	TO080	955	955	0	però	però	_	_	_	_	_	linguistic	_	none	_	Begin=1785.35	_	_	_	_
955-1	TO080	955	955	1	siamo	siamo	_	_	_	_	_	linguistic	_	none	_	_	_	_	_	_
955-2	TO080	955	955	2	gente	gente	_	_	_	_	_	linguistic	_	none	_	_	_	_	_	_
955-3	TO080	955	955	3	che	che	_	_	_	_	_	linguistic	_	none	_	_	_	_	_	_
955-4	TO080	955	955	4	c~	c~	_	_	_	_	_	linguistic	_	none	Interrupted=Yes|PauseAfter=Yes	_	_	_	_	_
955-5	TO080	955	955	5	{P}	{P}	_	_	_	_	_	shortpause	_	none	_	_	_	_	_	_
955-6	TO080	955	955	6	noi	noi	_	_	_	_	_	linguistic	_	none	_	_	_	_	_	_
955-7	TO080	955	955	7	ci	ci	_	_	_	_	_	linguistic	_	none	_	_	_	_	_	_
955-8	TO080	955	955	8	conosciamo,	conosciamo	_	_	_	_	_	linguistic	_	none	Intonation=WeaklyRising	End=1788.337	_	_	_	_
956-0	TO080	956	956	0	da	da	_	_	_	_	_	linguistic	_	none	_	Begin=1788.786	_	_	_	_
956-1	TO080	956	956	1	giù	giù	_	_	_	_	_	linguistic	_	none	_	End=1789.198	_	_	_	_
957-0	TO071	957	957	0	ah	ah	_	_	_	_	_	linguistic	_	none	_	Begin=1789.386	_	_	_	_
957-1	TO071	957	957	1	okay	okay	_	_	_	_	_	linguistic	_	none	_	End=1790.198	_	_	_	_
958-0	TO080	958	958	0	perché	perché	_	_	_	_	_	linguistic	_	none	_	Begin=1790.272	_	_	_	_
958-1	TO080	958	958	1	o	o	_	_	_	_	_	linguistic	_	none	_	_	_	_	_	_
958-2	TO080	958	958	2	siamo	siamo	_	_	_	_	_	linguistic	_	none	_	_	_	_	_	_
958-3	TO080	958	958	3	parenti	parenti	_	_	_	_	_	linguistic	_	none	_	_	_	_	_	_
958-4	TO080	958	958	4	o:,	o	_	_	_	_	_	linguistic	_	none	Intonation=WeaklyRising	End=1791.952	0x1	_	_	_
959-0	TO071	959	959	0	ma	ma	_	_	_	_	_	linguistic	_	none	_	Begin=1791.952	_	_	_	_
959-1	TO071	959	959	1	siete	siete	_	_	_	_	_	linguistic	_	none	_	_	_	_	_	_
959-2	TO071	959	959	2	soliti	soliti	_	_	_	_	_	linguistic	_	none	_	_	_	_	_	_
959-3	TO071	959	959	3	fare	fare	_	_	_	_	_	linguistic	_	none	_	_	_	_	_	_
959-4	TO071	959	959	4	capodanno	capodanno	_	_	_	_	_	linguistic	_	none	PauseAfter=Yes	_	_	_	_	_
959-5	TO071	959	959	5	{P}	{P}	_	_	_	_	_	shortpause	_	none	_	_	_	_	_	_
959-6	TO071	959	959	6	più	più	_	_	_	_	_	linguistic	_	none	_	_	_	_	_	_
959-7	TO071	959	959	7	o	o	_	_	_	_	_	linguistic	_	none	_	_	_	_	_	_
959-8	TO071	959	959	8	meno	meno	_	_	_	_	_	linguistic	_	none	_	_	_	_	_	_
959-9	TO071	959	959	9	sempre	sempre	_	_	_	_	_	linguistic	_	none	_	_	_	_	_	_
959-10	TO071	959	959	10	alle	alle	_	_	_	_	_	linguistic	_	none	_	_	_	_	_	_
959-11	TO071	959	959	11	stesse	stesse	_	_	_	_	_	linguistic	_	none	_	_	_	_	_	_
959-12	TO071	959	959	12	parti	parti	_	_	_	_	_	linguistic	_	none	_	_	_	_	_	_
959-13	TO071	959	959	13	sempre	sempre	_	_	_	_	_	linguistic	_	none	_	_	_	_	_	_
959-14	TO071	959	959	14	allo	allo	_	_	_	_	_	linguistic	_	none	_	_	_	_	_	_
959-15	TO071	959	959	15	stesso	stesso	_	_	_	_	_	linguistic	_	none	_	_	_	_	_	_
959-16	TO071	959	959	16	modo	modo	_	_	_	_	_	linguistic	_	none	_	_	_	_	_	_
959-17	TO071	959	959	17	o	o	_	_	_	_	_	linguistic	_	none	_	_	_	_	_	_
959-18	TO071	959	959	18	ogni	ogni	_	_	_	_	_	linguistic	_	none	_	_	_	_	_	_
959-19	TO071	959	959	19	anno	anno	_	_	_	_	_	linguistic	_	none	_	_	_	_	_	_
959-20	TO071	959	959	20	cam[biate]	cambiate	_	_	_	_	_	linguistic	_	none	_	End=1798.764	_	_	_	3-8(156)
960-0	TO080	960	960	0	[io	io	_	_	_	_	_	linguistic	_	none	_	Begin=1798.318	_	_	_	0-2(156)
960-1	TO080	960	960	1	ogni	ogni	_	_	_	_	_	linguistic	_	none	_	_	_	_	_	0-4(156)
960-2	TO080	960	960	2	a]nno	anno	_	_	_	_	_	linguistic	_	none	_	_	_	_	_	0-1(156)
960-3	TO080	960	960	3	cambio.	cambio	_	_	_	_	_	linguistic	_	none	Intonation=Falling	End=1799.563	_	_	_	_
961-0	TO080	961	961	0	perché::	perché	_	_	_	_	_	linguistic	_	none	_	Begin=1799.696	5x2	_	_	_
961-1	TO080	961	961	1	a	a	_	_	_	_	_	linguistic	_	none	_	_	_	_	_	_
961-2	TO080	961	961	2	volte	volte	_	_	_	_	_	linguistic	_	none	_	_	_	_	_	_
961-3	TO080	961	961	3	con	con	_	_	_	_	_	linguistic	_	none	_	_	_	_	_	_
961-4	TO080	961	961	4	le	le	_	_	_	_	_	linguistic	_	none	_	_	_	_	_	_
961-5	TO080	961	961	5	mie	mie	_	_	_	_	_	linguistic	_	none	_	_	_	_	_	_
961-6	TO080	961	961	6	amiche	amiche	_	_	_	_	_	linguistic	_	none	_	_	_	_	_	_
961-7	TO080	961	961	7	a	a	_	_	_	_	_	linguistic	_	none	_	_	_	_	_	_
961-8	TO080	961	961	8	volte	volte	_	_	_	_	_	linguistic	_	none	_	_	_	_	_	_
961-9	TO080	961	961	9	con	con	_	_	_	_	_	linguistic	_	none	_	_	_	_	_	_
961-10	TO080	961	961	10	i	i	_	_	_	_	_	linguistic	_	none	_	_	_	_	_	_
961-11	TO080	961	961	11	miei	miei	_	_	_	_	_	linguistic	_	none	_	_	_	_	_	_
961-12	TO080	961	961	12	cugini	cugini	_	_	_	_	_	linguistic	_	none	_	_	_	_	_	_
961-13	TO080	961	961	13	quelli	quelli	_	_	_	_	_	linguistic	_	none	_	_	_	_	_	_
961-14	TO080	961	961	14	là	là	_	_	_	_	_	linguistic	_	none	_	_	_	_	_	_
961-15	TO080	961	961	15	quindi	quindi	_	_	_	_	_	linguistic	_	none	_	End=1804.773	_	_	_	_
962-0	TO071	962	962	0	ah	ah	_	_	_	_	_	linguistic	_	none	_	Begin=1805.095|End=1805.335	_	_	_	_
963-0	TO080	963	963	0	mi	mi	_	_	_	_	_	linguistic	_	none	_	Begin=1805.468	_	_	_	_
963-1	TO080	963	963	1	trovo	trovo	_	_	_	_	_	linguistic	_	none	_	_	_	_	_	_
963-2	TO080	963	963	2	sempre	sempre	_	_	_	_	_	linguistic	_	none	_	_	_	_	_	_
963-3	TO080	963	963	3	in	in	_	_	_	_	_	linguistic	_	none	_	_	_	_	_	_
963-4	TO080	963	963	4	posti	posti	_	_	_	_	_	linguistic	_	none	_	_	_	_	_	_
963-5	TO080	963	963	5	diversi.	diversi	_	_	_	_	_	linguistic	_	none	Intonation=Falling	End=1806.878	_	_	_	_
964-0	TO071	964	964	0	e	e	_	_	_	_	_	linguistic	_	none	_	Begin=1806.878	_	_	_	_
964-1	TO071	964	964	1	quest'	quest'	_	_	_	_	_	linguistic	_	none	SpaceAfter=No	_	_	_	_	_
964-2	TO071	964	964	2	anno	anno	_	_	_	_	_	linguistic	_	none	_	_	_	_	_	_
964-3	TO071	964	964	3	c'	c'	_	_	_	_	_	linguistic	_	none	SpaceAfter=No	_	_	_	_	_
964-4	TO071	964	964	4	è	è	_	_	_	_	_	linguistic	_	none	_	_	_	_	_	_
964-5	TO071	964	964	5	già	già	_	_	_	_	_	linguistic	_	none	_	_	_	_	_	_
964-6	TO071	964	964	6	qualcosa	qualcosa	_	_	_	_	_	linguistic	_	none	_	_	_	_	_	_
964-7	TO071	964	964	7	in	in	_	_	_	_	_	linguistic	_	none	_	_	_	_	_	_
964-8	TO071	964	964	8	ballo	ballo	_	_	_	_	_	linguistic	_	none	_	_	_	_	_	_
964-9	TO071	964	964	9	diciamo	diciamo	_	_	_	_	_	linguistic	_	none	_	End=1809.199	_	_	_	_
965-0	TO080	965	965	0	speriamo	speriamo	_	_	_	_	_	linguistic	_	none	_	Begin=1809.199|End=1809.724	_	_	_	_
966-0	TO071	966	966	0	che	che	_	_	_	_	_	linguistic	_	none	_	Begin=1809.933	_	_	_	_
966-1	TO071	966	966	1	cosa	cosa	_	_	_	_	_	linguistic	_	none	_	_	_	_	_	_
966-2	TO071	966	966	2	dovrebbe	dovrebbe	_	_	_	_	_	linguistic	_	none	_	_	_	_	_	_
966-3	TO071	966	966	3	essere?	essere	_	_	_	_	_	linguistic	_	none	Intonation=Rising	End=1811.126	_	_	_	_
967-0	TO080	967	967	0	ma	ma	_	_	_	_	_	linguistic	_	none	_	Begin=1811.457	_	_	_	_
967-1	TO080	967	967	1	niente	niente	_	_	_	_	_	linguistic	_	none	_	_	_	_	_	_
967-2	TO080	967	967	2	andare	andare	_	_	_	_	_	linguistic	_	none	_	_	_	_	_	_
967-3	TO080	967	967	3	da	da	_	_	_	_	_	linguistic	_	none	_	_	_	_	_	_
967-4	TO080	967	967	4	un	un	_	_	_	_	_	linguistic	_	none	_	_	_	_	_	_
967-5	TO080	967	967	5	mio	mio	_	_	_	_	_	linguistic	_	none	_	_	_	_	_	_
967-6	TO080	967	967	6	amico	amico	_	_	_	_	_	linguistic	_	none	_	_	_	_	_	_
967-7	TO080	967	967	7	che	che	_	_	_	_	_	linguistic	_	none	_	_	_	_	_	_
967-8	TO080	967	967	8	abita:	abita	_	_	_	_	_	linguistic	_	none	_	End=1813.387	4x1	_	_	_
968-0	TO080	968	968	0	vicino::	vicino	_	_	_	_	_	linguistic	_	none	_	Begin=1813.985	5x2	_	_	_
968-1	TO080	968	968	1	mh	mh	_	_	_	_	_	linguistic	_	none	_	End=1816.13	_	_	_	_
969-0	TO080	969	969	0	dove	dove	_	_	_	_	_	linguistic	_	none	_	Begin=1817.313	_	_	_	_
969-1	TO080	969	969	1	cacchio	cacchio	_	_	_	_	_	linguistic	_	none	_	_	_	_	_	_
969-2	TO080	969	969	2	abita?	abita	_	_	_	_	_	linguistic	_	none	Intonation=Rising	End=1818.182	_	_	_	_
970-0	TO080	970	970	0	e:hm	ehm	_	_	_	_	_	linguistic	_	none	_	Begin=1818.435	0x1	_	_	_
970-1	TO080	970	970	1	vabbè	vabbè	_	_	_	_	_	linguistic	_	none	_	End=1819.099	_	_	_	_
971-0	TO080	971	971	0	oltre	oltre	_	_	_	_	_	linguistic	_	none	_	Begin=1819.62	_	_	_	_
971-1	TO080	971	971	1	la	la	_	_	_	_	_	linguistic	_	none	_	_	_	_	_	_
971-2	TO080	971	971	2	brianza	brianza	_	_	_	_	_	linguistic	_	none	_	_	_	_	_	_
971-3	TO080	971	971	3	quasi	quasi	_	_	_	_	_	linguistic	_	none	_	_	_	_	_	_
971-4	TO080	971	971	4	varese,	varese	_	_	_	_	_	linguistic	_	none	Intonation=WeaklyRising	End=1821.094	_	_	_	_
972-0	TO080	972	972	0	e::hm	ehm	_	_	_	_	_	linguistic	_	none	_	Begin=1821.798	0x2	_	_	_
972-1	TO080	972	972	1	e	e	_	_	_	_	_	linguistic	_	none	_	_	_	_	_	_
972-2	TO080	972	972	2	in	in	_	_	_	_	_	linguistic	_	none	_	_	_	_	_	_
972-3	TO080	972	972	3	teoria	teoria	_	_	_	_	_	linguistic	_	none	_	_	_	_	_	_
972-4	TO080	972	972	4	dovrebbero	dovrebbero	_	_	_	_	_	linguistic	_	none	_	_	_	_	_	_
972-5	TO080	972	972	5	venire	venire	_	_	_	_	_	linguistic	_	none	_	_	_	_	_	_
972-6	TO080	972	972	6	degli	degli	_	_	_	_	_	linguistic	_	none	_	_	_	_	_	_
972-7	TO080	972	972	7	amici	amici	_	_	_	_	_	linguistic	_	none	_	_	_	_	_	_
972-8	TO080	972	972	8	da	da	_	_	_	_	_	linguistic	_	none	_	_	_	_	_	_
972-9	TO080	972	972	9	roma,	roma	_	_	_	_	_	linguistic	_	none	Intonation=WeaklyRising	End=1826.39	_	_	_	_
973-0	TO080	973	973	0	una	una	_	_	_	_	_	linguistic	_	none	_	Begin=1826.961	_	_	_	_
973-1	TO080	973	973	1	mia	mia	_	_	_	_	_	linguistic	_	none	_	_	_	_	_	_
973-2	TO080	973	973	2	cugina	cugina	_	_	_	_	_	linguistic	_	none	_	_	_	_	_	_
973-3	TO080	973	973	3	da	da	_	_	_	_	_	linguistic	_	none	_	_	_	_	_	_
973-4	TO080	973	973	4	ferrara,	ferrara	_	_	_	_	_	linguistic	_	none	Intonation=WeaklyRising	End=1828.119	_	_	_	_
974-0	TO080	974	974	0	e::	e	_	_	_	_	_	linguistic	_	none	_	Begin=1828.327|End=1828.899	0x2	_	_	_
975-0	TO080	975	975	0	un	un	_	_	_	_	_	linguistic	_	none	_	Begin=1829.178	_	_	_	_
975-1	TO080	975	975	1	nostro	nostro	_	_	_	_	_	linguistic	_	none	_	_	_	_	_	_
975-2	TO080	975	975	2	amico	amico	_	_	_	_	_	linguistic	_	none	_	_	_	_	_	_
975-3	TO080	975	975	3	qua	qua	_	_	_	_	_	linguistic	_	none	_	_	_	_	_	_
975-4	TO080	975	975	4	dal	dal	_	_	_	_	_	linguistic	_	none	_	_	_	_	_	_
975-5	TO080	975	975	5	piemonte,	piemonte	_	_	_	_	_	linguistic	_	none	Intonation=WeaklyRising	End=1831.442	_	_	_	_
976-0	TO080	976	976	0	e	e	_	_	_	_	_	linguistic	_	none	_	Begin=1831.656	_	_	_	_
976-1	TO080	976	976	1	dovremmo	dovremmo	_	_	_	_	_	linguistic	_	none	_	_	_	_	_	_
976-2	TO080	976	976	2	festeggiare	festeggiare	_	_	_	_	_	linguistic	_	none	_	_	_	_	_	_
976-3	TO080	976	976	3	lì,	lì	_	_	_	_	_	linguistic	_	none	Intonation=WeaklyRising	End=1832.889	_	_	_	_
977-0	TO080	977	977	0	a	a	_	_	_	_	_	linguistic	_	none	_	Begin=1833.074	_	_	_	_
977-1	TO080	977	977	1	casa	casa	_	_	_	_	_	linguistic	_	none	_	_	_	_	_	_
977-2	TO080	977	977	2	di	di	_	_	_	_	_	linguistic	_	none	_	_	_	_	_	_
977-3	TO080	977	977	3	un	un	_	_	_	_	_	linguistic	_	none	_	_	_	_	_	_
977-4	TO080	977	977	4	mio	mio	_	_	_	_	_	linguistic	_	none	_	_	_	_	_	_
977-5	TO080	977	977	5	amico.	amico	_	_	_	_	_	linguistic	_	none	Intonation=Falling	End=1834.156	_	_	_	_
978-0	TO071	978	978	0	va	va	_	_	_	_	_	linguistic	_	none	_	Begin=1834.646	_	_	_	_
978-1	TO071	978	978	1	bene	bene	_	_	_	_	_	linguistic	_	none	_	End=1835.017	_	_	_	_
979-0	TO071	979	979	0	okay	okay	_	_	_	_	_	linguistic	_	none	_	Begin=1835.37	_	_	_	_
979-1	TO071	979	979	1	abbiamo	abbiamo	_	_	_	_	_	linguistic	_	none	_	_	_	_	_	_
979-2	TO071	979	979	2	finito	finito	_	_	_	_	_	linguistic	_	none	_	_	_	_	_	_
979-3	TO071	979	979	3	grazie	grazie	_	_	_	_	_	linguistic	_	none	_	_	_	_	_	_
979-4	TO071	979	979	4	mille,	mille	_	_	_	_	_	linguistic	_	none	Intonation=WeaklyRising	End=1836.891	_	_	_	_
980-0	TO080	980	980	0	mh	mh	_	_	_	_	_	linguistic	_	none	_	Begin=1837.206	_	_	_	_
980-1	TO080	980	980	1	prego	prego	_	_	_	_	_	linguistic	_	none	_	End=1837.737	_	_	_	_
981-0	TO071	981	981	0	gentilissima.	gentilissima	_	_	_	_	_	linguistic	_	none	Intonation=Falling	Begin=1837.737|End=1838.964	_	_	_	_
