token_id	speaker	tu_id	unit	id	span	form	lemma	upos	xpos	feats	deprel	type	meta_label	variation	jefferson_feats	align	prolongations	pace	guesses	overlaps
0-0	TOR001	0	0	0	°okay°	okay	_	_	_	_	_	linguistic	_	none	Volume=low	Begin=3.5|End=4.006	_	_	_	_
1-0	TOR001	1	1	0	dunque	dunque	_	_	_	_	_	linguistic	_	none	PauseAfter=Yes	Begin=5.29	_	_	_	_
1-1	TOR001	1	1	1	{P}	{P}	_	_	_	_	_	shortpause	_	none	_	_	_	_	_	_
1-2	TOR001	1	1	2	adesso	adesso	_	_	_	_	_	linguistic	_	none	_	_	_	_	_	_
1-3	TOR001	1	1	3	tu	tu	_	_	_	_	_	linguistic	_	none	_	_	_	_	_	_
1-4	TOR001	1	1	4	stai	stai	_	_	_	_	_	linguistic	_	none	_	_	_	_	_	_
1-5	TOR001	1	1	5	lavorando	lavorando	_	_	_	_	_	linguistic	_	none	_	_	_	_	_	_
1-6	TOR001	1	1	6	oppure	oppure	_	_	_	_	_	linguistic	_	none	_	_	_	_	_	_
1-7	TOR001	1	1	7	no?	no	_	_	_	_	_	linguistic	_	none	Intonation=Rising	End=7.47	_	_	_	_
2-0	TOI014	2	2	0	in	in	_	_	_	_	_	linguistic	_	none	_	Begin=7.73	_	_	_	_
2-1	TOI014	2	2	1	questo	questo	_	_	_	_	_	linguistic	_	none	_	_	_	_	_	_
2-2	TOI014	2	2	2	momento	momento	_	_	_	_	_	linguistic	_	none	_	_	_	_	_	_
2-3	TOI014	2	2	3	io	io	_	_	_	_	_	linguistic	_	none	_	_	_	_	_	_
2-4	TOI014	2	2	4	sono	sono	_	_	_	_	_	linguistic	_	none	_	_	_	_	_	_
2-5	TOI014	2	2	5	disoccupato	disoccupato	_	_	_	_	_	linguistic	_	none	_	End=9.63	_	_	_	_
3-0	TOR001	3	3	0	okay	okay	_	_	_	_	_	linguistic	_	none	PauseAfter=Yes	Begin=9.82	_	_	_	_
3-1	TOR001	3	3	1	{P}	{P}	_	_	_	_	_	shortpause	_	none	_	_	_	_	_	_
3-2	TOR001	3	3	2	e	e	_	_	_	_	_	linguistic	_	none	_	_	_	_	_	_
3-3	TOR001	3	3	3	stai	stai	_	_	_	_	_	linguistic	_	none	_	_	_	_	_	_
3-4	TOR001	3	3	4	cercando?	cercando	_	_	_	_	_	linguistic	_	none	Intonation=Rising	End=11.22	_	_	_	_
4-0	TOI014	4	4	0	e	e	_	_	_	_	_	linguistic	_	none	_	Begin=11.22	_	_	_	_
4-1	TOI014	4	4	1	sono	sono	_	_	_	_	_	linguistic	_	none	_	_	_	_	_	_
4-2	TOI014	4	4	2	in	in	_	_	_	_	_	linguistic	_	none	_	_	_	_	_	_
4-3	TOI014	4	4	3	cerca	cerca	_	_	_	_	_	linguistic	_	none	_	_	_	_	_	_
4-4	TOI014	4	4	4	di	di	_	_	_	_	_	linguistic	_	none	_	_	_	_	_	_
4-5	TOI014	4	4	5	lavoro	lavoro	_	_	_	_	_	linguistic	_	none	_	_	_	_	_	_
4-6	TOI014	4	4	6	sì.	sì	_	_	_	_	_	linguistic	_	none	Intonation=Falling	End=12.503	_	_	_	_
5-0	TOR001	5	5	0	okay	okay	_	_	_	_	_	linguistic	_	none	_	Begin=12.606	_	_	_	_
5-1	TOR001	5	5	1	e	e	_	_	_	_	_	linguistic	_	none	_	_	_	_	_	_
5-2	TOR001	5	5	2	che	che	_	_	_	_	_	linguistic	_	none	_	_	_	_	_	_
5-3	TOR001	5	5	3	tipo	tipo	_	_	_	_	_	linguistic	_	none	_	_	_	_	_	_
5-4	TOR001	5	5	4	di	di	_	_	_	_	_	linguistic	_	none	_	_	_	_	_	_
5-5	TOR001	5	5	5	lavoro	lavoro	_	_	_	_	_	linguistic	_	none	_	_	_	_	_	_
5-6	TOR001	5	5	6	cerchi?	cerchi	_	_	_	_	_	linguistic	_	none	Intonation=Rising	End=14.41	_	_	_	_
6-0	TOI014	6	6	0	in	in	_	_	_	_	_	linguistic	_	none	_	Begin=14.59	_	_	_	_
6-1	TOI014	6	6	1	questo	questo	_	_	_	_	_	linguistic	_	none	_	_	_	_	_	_
6-2	TOI014	6	6	2	momento	momento	_	_	_	_	_	linguistic	_	none	_	_	_	_	_	_
6-3	TOI014	6	6	3	voglio	voglio	_	_	_	_	_	linguistic	_	none	_	_	_	_	_	_
6-4	TOI014	6	6	4	cercare	cercare	_	_	_	_	_	linguistic	_	none	_	_	_	_	_	_
6-5	TOI014	6	6	5	un	un	_	_	_	_	_	linguistic	_	none	_	_	_	_	_	_
6-6	TOI014	6	6	6	lavoro	lavoro	_	_	_	_	_	linguistic	_	none	_	_	_	_	_	_
6-7	TOI014	6	6	7	che	che	_	_	_	_	_	linguistic	_	none	_	_	_	_	_	_
6-8	TOI014	6	6	8	sia	sia	_	_	_	_	_	linguistic	_	none	_	_	_	_	_	_
6-9	TOI014	6	6	9	legato:	legato	_	_	_	_	_	linguistic	_	none	_	End=17.51	5x1	_	_	_
7-0	TOI014	7	7	0	al	al	_	_	_	_	_	linguistic	_	none	_	Begin=17.51	_	_	_	_
7-1	TOI014	7	7	1	campo	campo	_	_	_	_	_	linguistic	_	none	_	_	_	_	_	_
7-2	TOI014	7	7	2	della	della	_	_	_	_	_	linguistic	_	none	_	_	_	_	_	_
7-3	TOI014	7	7	3	moda	moda	_	_	_	_	_	linguistic	_	none	PauseAfter=Yes	_	_	_	_	_
7-4	TOI014	7	7	4	{P}	{P}	_	_	_	_	_	shortpause	_	none	_	_	_	_	_	_
7-5	TOI014	7	7	5	mi	mi	_	_	_	_	_	linguistic	_	none	_	_	_	_	_	_
7-6	TOI014	7	7	6	piacerebbe	piacerebbe	_	_	_	_	_	linguistic	_	none	_	_	_	_	_	_
7-7	TOI014	7	7	7	fare::	fare	_	_	_	_	_	linguistic	_	none	_	_	3x2	_	_	_
7-8	TOI014	7	7	8	il	il	_	_	_	_	_	linguistic	_	none	_	_	_	_	_	_
7-9	TOI014	7	7	9	commesso	commesso	_	_	_	_	_	linguistic	_	none	_	End=20.62	_	_	_	_
8-0	TOR001	8	8	0	okay	okay	_	_	_	_	_	linguistic	_	none	_	Begin=20.79|End=21.4	_	_	_	_
9-0	TOI014	9	9	0	e	e	_	_	_	_	_	linguistic	_	none	_	Begin=21.43	_	_	_	_
9-1	TOI014	9	9	1	nel	nel	_	_	_	_	_	linguistic	_	none	_	_	_	_	_	_
9-2	TOI014	9	9	2	mentre	mentre	_	_	_	_	_	linguistic	_	none	_	_	_	_	_	_
9-3	TOI014	9	9	3	sto	sto	_	_	_	_	_	linguistic	_	none	_	_	_	_	_	_
9-4	TOI014	9	9	4	imparando	imparando	_	_	_	_	_	linguistic	_	none	_	_	_	_	_	_
9-5	TOI014	9	9	5	a	a	_	_	_	_	_	linguistic	_	none	_	_	_	_	_	_
9-6	TOI014	9	9	6	fare	fare	_	_	_	_	_	linguistic	_	none	_	_	_	_	_	_
9-7	TOI014	9	9	7	i	i	_	_	_	_	_	linguistic	_	none	_	_	_	_	_	_
9-8	TOI014	9	9	8	tatuaggi	tatuaggi	_	_	_	_	_	linguistic	_	none	_	End=23.93	_	_	_	_
10-0	TOI014	10	10	0	con	con	_	_	_	_	_	linguistic	_	none	ProsodicLink=Yes	Begin=24.41	_	_	_	_
10-1	TOI014	10	10	1	e:h	eh	_	_	_	_	_	linguistic	_	none	_	End=25.2	0x1	_	_	_
11-0	TOI014	11	11	0	la	la	_	_	_	_	_	linguistic	_	none	_	Begin=25.71	_	_	_	_
11-1	TOI014	11	11	1	voglia	voglia	_	_	_	_	_	linguistic	_	none	_	_	_	_	_	_
11-2	TOI014	11	11	2	l'	l'	_	_	_	_	_	linguistic	_	none	SpaceAfter=No	_	_	_	_	_
11-3	TOI014	11	11	3	idea	idea	_	_	_	_	_	linguistic	_	none	_	_	_	_	_	_
11-4	TOI014	11	11	4	di:	di	_	_	_	_	_	linguistic	_	none	_	End=27.32	1x1	_	_	_
12-0	TOI014	12	12	0	poter	poter	_	_	_	_	_	linguistic	_	none	_	Begin=27.88	_	_	_	_
12-1	TOI014	12	12	1	lavorare	lavorare	_	_	_	_	_	linguistic	_	none	_	_	_	_	_	_
12-2	TOI014	12	12	2	in	in	_	_	_	_	_	linguistic	_	none	_	_	_	_	_	_
12-3	TOI014	12	12	3	uno	uno	_	_	_	_	_	linguistic	_	none	_	_	_	_	_	_
12-4	TOI014	12	12	4	studio	studio	_	_	_	_	_	linguistic	_	none	_	_	_	_	_	_
12-5	TOI014	12	12	5	come	come	_	_	_	_	_	linguistic	_	none	_	_	_	_	_	_
12-6	TOI014	12	12	6	un	un	_	_	_	_	_	linguistic	_	none	_	_	_	_	_	_
12-7	TOI014	12	12	7	dipendente	dipendente	_	_	_	_	_	linguistic	_	none	_	_	_	_	_	_
12-8	TOI014	12	12	8	quando	quando	_	_	_	_	_	linguistic	_	none	_	_	_	_	_	_
12-9	TOI014	12	12	9	ne	ne	_	_	_	_	_	linguistic	_	none	_	_	_	_	_	_
12-10	TOI014	12	12	10	ho	ho	_	_	_	_	_	linguistic	_	none	_	_	_	_	_	_
12-11	TOI014	12	12	11	le:	le	_	_	_	_	_	linguistic	_	none	_	_	1x1	_	_	_
12-12	TOI014	12	12	12	capacità	capacità	_	_	_	_	_	linguistic	_	none	_	_	_	_	_	_
12-13	TOI014	12	12	13	ecco	ecco	_	_	_	_	_	linguistic	_	none	_	End=31.84	_	_	_	_
13-0	TOR001	13	13	0	okay	okay	_	_	_	_	_	linguistic	_	none	_	Begin=31.84	_	_	_	_
13-1	TOR001	13	13	1	>e	e	_	_	_	_	_	linguistic	_	none	_	_	_	Fast=0-1(0)	_	_
13-2	TOR001	13	13	2	quando	quando	_	_	_	_	_	linguistic	_	none	_	_	_	Fast=0-6(0)	_	_
13-3	TOR001	13	13	3	hai	hai	_	_	_	_	_	linguistic	_	none	_	_	_	Fast=0-3(0)	_	_
13-4	TOR001	13	13	4	iniziato	iniziato	_	_	_	_	_	linguistic	_	none	_	_	_	Fast=0-8(0)	_	_
13-5	TOR001	13	13	5	a	a	_	_	_	_	_	linguistic	_	none	_	_	_	Fast=0-1(0)	_	_
13-6	TOR001	13	13	6	far	far	_	_	_	_	_	linguistic	_	none	_	_	_	Fast=0-3(0)	_	_
13-7	TOR001	13	13	7	tatuaggi<?	tatuaggi	_	_	_	_	_	linguistic	_	none	Intonation=Rising	End=33.64	_	Fast=0-8(0)	_	_
14-0	TOI014	14	14	0	da	da	_	_	_	_	_	linguistic	_	none	_	Begin=33.64	_	_	_	_
14-1	TOI014	14	14	1	un	un	_	_	_	_	_	linguistic	_	none	_	_	_	_	_	_
14-2	TOI014	14	14	2	mese	mese	_	_	_	_	_	linguistic	_	none	_	End=34.4	_	_	_	_
15-0	TOR001	15	15	0	ah	ah	_	_	_	_	_	linguistic	_	none	_	Begin=34.43	_	_	_	_
15-1	TOR001	15	15	1	quindi	quindi	_	_	_	_	_	linguistic	_	none	_	_	_	_	_	_
15-2	TOR001	15	15	2	non	non	_	_	_	_	_	linguistic	_	none	_	_	_	_	_	_
15-3	TOR001	15	15	3	tant[o],	tanto	_	_	_	_	_	linguistic	_	none	Intonation=WeaklyRising	End=35.62	_	_	_	4-5(0)
16-0	TOI014	16	16	0	[sì]	sì	_	_	_	_	_	linguistic	_	none	_	Begin=35.4|End=35.62	_	_	_	0-2(0)
17-0	TOR001	17	17	0	okay	okay	_	_	_	_	_	linguistic	_	none	_	Begin=35.92	_	_	_	_
17-1	TOR001	17	17	1	ma	ma	_	_	_	_	_	linguistic	_	none	_	_	_	_	_	_
17-2	TOR001	17	17	2	hai	hai	_	_	_	_	_	linguistic	_	none	_	_	_	_	_	_
17-3	TOR001	17	17	3	già	già	_	_	_	_	_	linguistic	_	none	_	_	_	_	_	_
17-4	TOR001	17	17	4	preso	preso	_	_	_	_	_	linguistic	_	none	_	_	_	_	_	_
17-5	TOR001	17	17	5	l'	l'	_	_	_	_	_	linguistic	_	none	SpaceAfter=No	_	_	_	_	_
17-6	TOR001	17	17	6	attrezzatura,	attrezzatura	_	_	_	_	_	linguistic	_	none	Intonation=WeaklyRising	_	_	_	_	_
17-7	TOR001	17	17	7	[hai	hai	_	_	_	_	_	linguistic	_	none	_	_	_	_	_	0-3(1)
17-8	TOR001	17	17	8	già	già	_	_	_	_	_	linguistic	_	none	_	_	_	_	_	0-3(1)
17-9	TOR001	17	17	9	preso	preso	_	_	_	_	_	linguistic	_	none	_	_	_	_	_	0-5(1)
17-10	TOR001	17	17	10	tutto],	tutto	_	_	_	_	_	linguistic	_	none	Intonation=WeaklyRising	End=38.61	_	_	_	0-5(1)
18-0	TOI014	18	18	0	[sì	sì	_	_	_	_	_	linguistic	_	none	PauseAfter=Yes	Begin=37.51	_	_	_	0-2(1)
18-1	TOI014	18	18	1	{P}	{P}	_	_	_	_	_	shortpause	_	none	_	_	_	_	_	0-3(1)
18-2	TOI014	18	18	2	ho	ho	_	_	_	_	_	linguistic	_	none	_	_	_	_	_	0-2(1)
18-3	TOI014	18	18	3	tutta]	tutta	_	_	_	_	_	linguistic	_	none	_	_	_	_	_	0-5(1)
18-4	TOI014	18	18	4	l'	l'	_	_	_	_	_	linguistic	_	none	SpaceAfter=No	_	_	_	_	_
18-5	TOI014	18	18	5	attrezzatura	attrezzatura	_	_	_	_	_	linguistic	_	none	_	End=39.01	_	_	_	_
19-0	TOI014	19	19	0	e	e	_	_	_	_	_	linguistic	_	none	_	Begin=39.01	_	_	_	_
19-1	TOI014	19	19	1	per	per	_	_	_	_	_	linguistic	_	none	_	_	_	_	_	_
19-2	TOI014	19	19	2	imparare	imparare	_	_	_	_	_	linguistic	_	none	_	_	_	_	_	_
19-3	TOI014	19	19	3	sto:	sto	_	_	_	_	_	linguistic	_	none	_	_	2x1	_	_	_
19-4	TOI014	19	19	4	usando	usando	_	_	_	_	_	linguistic	_	none	_	_	_	_	_	_
19-5	TOI014	19	19	5	il	il	_	_	_	_	_	linguistic	_	none	_	_	_	_	_	_
19-6	TOI014	19	19	6	mio	mio	_	_	_	_	_	linguistic	_	none	_	_	_	_	_	_
19-7	TOI014	19	19	7	corpo	corpo	_	_	_	_	_	linguistic	_	none	_	End=41.0	_	_	_	_
20-0	TOI014	20	20	0	[sto	sto	_	_	_	_	_	linguistic	_	none	_	Begin=41.21	_	_	_	0-3(2)
20-1	TOI014	20	20	1	imparando	imparando	_	_	_	_	_	linguistic	_	none	_	_	_	_	_	0-9(2)
20-2	TOI014	20	20	2	di]rettamente	direttamente	_	_	_	_	_	linguistic	_	none	_	_	_	_	_	0-2(2)
20-3	TOI014	20	20	3	su	su	_	_	_	_	_	linguistic	_	none	_	_	_	_	_	_
20-4	TOI014	20	20	4	di	di	_	_	_	_	_	linguistic	_	none	_	_	_	_	_	_
20-5	TOI014	20	20	5	me	me	_	_	_	_	_	linguistic	_	none	_	End=42.88	_	_	_	_
21-0	TOR001	21	21	0	[okay]	okay	_	_	_	_	_	linguistic	_	none	_	Begin=41.22|End=41.9	_	_	_	0-4(2)
22-0	TOR001	22	22	0	okay	okay	_	_	_	_	_	linguistic	_	none	PauseAfter=Yes	Begin=43.11	_	_	_	_
22-1	TOR001	22	22	1	{P}	{P}	_	_	_	_	_	shortpause	_	none	_	_	_	_	_	_
22-2	TOR001	22	22	2	e	e	_	_	_	_	_	linguistic	_	none	_	_	_	_	_	_
22-3	TOR001	22	22	3	come	come	_	_	_	_	_	linguistic	_	none	_	_	_	_	_	_
22-4	TOR001	22	22	4	mai	mai	_	_	_	_	_	linguistic	_	none	_	_	_	_	_	_
22-5	TOR001	22	22	5	ti	ti	_	_	_	_	_	linguistic	_	none	_	_	_	_	_	_
22-6	TOR001	22	22	6	é	é	_	_	_	_	_	linguistic	_	none	_	_	_	_	_	_
22-7	TOR001	22	22	7	venuta	venuta	_	_	_	_	_	linguistic	_	none	_	_	_	_	_	_
22-8	TOR001	22	22	8	voglia	voglia	_	_	_	_	_	linguistic	_	none	_	_	_	_	_	_
22-9	TOR001	22	22	9	di	di	_	_	_	_	_	linguistic	_	none	_	_	_	_	_	_
22-10	TOR001	22	22	10	tatuaggi?	tatuaggi	_	_	_	_	_	linguistic	_	none	Intonation=Rising	End=45.72	_	_	_	_
23-0	TOR001	23	23	0	c(io)è	cioè	_	_	_	_	_	linguistic	_	none	_	Begin=45.731	_	_	1-3(0)	_
23-1	TOR001	23	23	1	[come:	come	_	_	_	_	_	linguistic	_	none	_	_	3x1	_	_	0-4(3)
23-2	TOR001	23	23	2	com'	com'	_	_	_	_	_	linguistic	_	none	SpaceAfter=No	_	_	_	_	0-4(3)
23-3	TOR001	23	23	3	è	è	_	_	_	_	_	linguistic	_	none	_	_	_	_	_	0-1(3)
23-4	TOR001	23	23	4	nata]?	nata	_	_	_	_	_	linguistic	_	none	Intonation=Rising	End=46.92	_	_	_	0-4(3)
24-0	TOI014	24	24	0	[perché:::]	perché	_	_	_	_	_	linguistic	_	none	_	Begin=46.02	5x3	_	_	0-6(3)
24-1	TOI014	24	24	1	é	é	_	_	_	_	_	linguistic	_	none	_	_	_	_	_	_
24-2	TOI014	24	24	2	da	da	_	_	_	_	_	linguistic	_	none	_	_	_	_	_	_
24-3	TOI014	24	24	3	tanti	tanti	_	_	_	_	_	linguistic	_	none	_	_	_	_	_	_
24-4	TOI014	24	24	4	anni	anni	_	_	_	_	_	linguistic	_	none	_	_	_	_	_	_
24-5	TOI014	24	24	5	che	che	_	_	_	_	_	linguistic	_	none	_	_	_	_	_	_
24-6	TOI014	24	24	6	ho	ho	_	_	_	_	_	linguistic	_	none	_	_	_	_	_	_
24-7	TOI014	24	24	7	iniziato	iniziato	_	_	_	_	_	linguistic	_	none	_	_	_	_	_	_
24-8	TOI014	24	24	8	a	a	_	_	_	_	_	linguistic	_	none	_	_	_	_	_	_
24-9	TOI014	24	24	9	farli	farli	_	_	_	_	_	linguistic	_	none	_	_	_	_	_	_
24-10	TOI014	24	24	10	su	su	_	_	_	_	_	linguistic	_	none	_	_	_	_	_	_
24-11	TOI014	24	24	11	di	di	_	_	_	_	_	linguistic	_	none	_	_	_	_	_	_
24-12	TOI014	24	24	12	mh	mh	_	_	_	_	_	linguistic	_	none	_	_	_	_	_	_
24-13	TOI014	24	24	13	mh	mh	_	_	_	_	_	linguistic	_	none	_	_	_	_	_	_
24-14	TOI014	24	24	14	sul	sul	_	_	_	_	_	linguistic	_	none	_	_	_	_	_	_
24-15	TOI014	24	24	15	mio	mio	_	_	_	_	_	linguistic	_	none	_	_	_	_	_	_
24-16	TOI014	24	24	16	corpo	corpo	_	_	_	_	_	linguistic	_	none	_	_	_	_	_	_
24-17	TOI014	24	24	17	da	da	_	_	_	_	_	linguistic	_	none	_	_	_	_	_	_
24-18	TOI014	24	24	18	quando	quando	_	_	_	_	_	linguistic	_	none	_	_	_	_	_	_
24-19	TOI014	24	24	19	ho	ho	_	_	_	_	_	linguistic	_	none	_	_	_	_	_	_
24-20	TOI014	24	24	20	quattordicianni	quattordicianni	_	_	_	_	_	linguistic	_	none	_	End=51.78	_	_	_	_
25-0	TOI014	25	25	0	[e:::h]	eh	_	_	_	_	_	linguistic	_	none	_	Begin=51.805|End=52.544	0x3	_	_	0-2(4)
26-0	TOR001	26	26	0	[okay]	okay	_	_	_	_	_	linguistic	_	none	_	Begin=52.01|End=52.544	_	_	_	0-4(4)
27-0	TOI014	27	27	0	ho	ho	_	_	_	_	_	linguistic	_	none	_	Begin=53.11	_	_	_	_
27-1	TOI014	27	27	1	capito	capito	_	_	_	_	_	linguistic	_	none	_	_	_	_	_	_
27-2	TOI014	27	27	2	che:	che	_	_	_	_	_	linguistic	_	none	_	End=54.41	2x1	_	_	_
28-0	TOI014	28	28	0	m:h	mh	_	_	_	_	_	linguistic	_	none	_	Begin=55.0|End=55.6	0x1	_	_	_
29-0	TOI014	29	29	0	questo	questo	_	_	_	_	_	linguistic	_	none	_	Begin=55.6	_	_	_	_
29-1	TOI014	29	29	1	mio	mio	_	_	_	_	_	linguistic	_	none	_	_	_	_	_	_
29-2	TOI014	29	29	2	gusto	gusto	_	_	_	_	_	linguistic	_	none	_	_	_	_	_	_
29-3	TOI014	29	29	3	verso	verso	_	_	_	_	_	linguistic	_	none	_	_	_	_	_	_
29-4	TOI014	29	29	4	i	i	_	_	_	_	_	linguistic	_	none	_	_	_	_	_	_
29-5	TOI014	29	29	5	tatuaggi	tatuaggi	_	_	_	_	_	linguistic	_	none	_	_	_	_	_	_
29-6	TOI014	29	29	6	mi	mi	_	_	_	_	_	linguistic	_	none	_	_	_	_	_	_
29-7	TOI014	29	29	7	precludeva	precludeva	_	_	_	_	_	linguistic	_	none	_	_	_	_	_	_
29-8	TOI014	29	29	8	determinate	determinate	_	_	_	_	_	linguistic	_	none	_	_	_	_	_	_
29-9	TOI014	29	29	9	strade:	strade	_	_	_	_	_	linguistic	_	none	_	End=59.71	5x1	_	_	_
30-0	TOI014	30	30	0	nel	nel	_	_	_	_	_	linguistic	_	none	_	Begin=59.72	_	_	_	_
30-1	TOI014	30	30	1	mondo	mondo	_	_	_	_	_	linguistic	_	none	_	_	_	_	_	_
30-2	TOI014	30	30	2	lavorativo	lavorativo	_	_	_	_	_	linguistic	_	none	_	End=60.88	_	_	_	_
31-0	TOI014	31	31	0	e:h	eh	_	_	_	_	_	linguistic	_	none	_	Begin=61.51	0x1	_	_	_
31-1	TOI014	31	31	1	ho	ho	_	_	_	_	_	linguistic	_	none	_	_	_	_	_	_
31-2	TOI014	31	31	2	dato	dato	_	_	_	_	_	linguistic	_	none	_	_	_	_	_	_
31-3	TOI014	31	31	3	preferenza:	preferenza	_	_	_	_	_	linguistic	_	none	_	End=63.22	9x1	_	_	_
32-0	TOI014	32	32	0	a::l	al	_	_	_	_	_	linguistic	_	none	_	Begin=63.61	0x2	_	_	_
32-1	TOI014	32	32	1	poter	poter	_	_	_	_	_	linguistic	_	none	_	_	_	_	_	_
32-2	TOI014	32	32	2	essere	essere	_	_	_	_	_	linguistic	_	none	_	_	_	_	_	_
32-3	TOI014	32	32	3	come	come	_	_	_	_	_	linguistic	_	none	_	_	_	_	_	_
32-4	TOI014	32	32	4	io	io	_	_	_	_	_	linguistic	_	none	_	_	_	_	_	_
32-5	TOI014	32	32	5	voglio	voglio	_	_	_	_	_	linguistic	_	none	_	_	_	_	_	_
32-6	TOI014	32	32	6	essere	essere	_	_	_	_	_	linguistic	_	none	_	End=66.01	_	_	_	_
33-0	TOR001	33	33	0	mh	mh	_	_	_	_	_	linguistic	_	none	_	Begin=66.03	_	_	_	_
33-1	TOR001	33	33	1	mh	mh	_	_	_	_	_	linguistic	_	none	_	End=66.6	_	_	_	_
34-0	TOI014	34	34	0	e:h	eh	_	_	_	_	_	linguistic	_	none	_	Begin=66.608	0x1	_	_	_
34-1	TOI014	34	34	1	a	a	_	_	_	_	_	linguistic	_	none	_	_	_	_	_	_
34-2	TOI014	34	34	2	questo	questo	_	_	_	_	_	linguistic	_	none	_	_	_	_	_	_
34-3	TOI014	34	34	3	punto	punto	_	_	_	_	_	linguistic	_	none	_	_	_	_	_	_
34-4	TOI014	34	34	4	ho	ho	_	_	_	_	_	linguistic	_	none	_	_	_	_	_	_
34-5	TOI014	34	34	5	capito	capito	_	_	_	_	_	linguistic	_	none	_	_	_	_	_	_
34-6	TOI014	34	34	6	che:::	che	_	_	_	_	_	linguistic	_	none	_	End=69.31	2x3	_	_	_
35-0	TOI014	35	35	0	oltre	oltre	_	_	_	_	_	linguistic	_	none	_	Begin=69.52	_	_	_	_
35-1	TOI014	35	35	1	che	che	_	_	_	_	_	linguistic	_	none	_	_	_	_	_	_
35-2	TOI014	35	35	2	piacermi	piacermi	_	_	_	_	_	linguistic	_	none	_	_	_	_	_	_
35-3	TOI014	35	35	3	su	su	_	_	_	_	_	linguistic	_	none	_	_	_	_	_	_
35-4	TOI014	35	35	4	di	di	_	_	_	_	_	linguistic	_	none	_	_	_	_	_	_
35-5	TOI014	35	35	5	me	me	_	_	_	_	_	linguistic	_	none	_	_	_	_	_	_
35-6	TOI014	35	35	6	anche	anche	_	_	_	_	_	linguistic	_	none	_	_	_	_	_	_
35-7	TOI014	35	35	7	sugli	sugli	_	_	_	_	_	linguistic	_	none	_	_	_	_	_	_
35-8	TOI014	35	35	8	altri	altri	_	_	_	_	_	linguistic	_	none	_	End=72.02	_	_	_	_
36-0	TOI014	36	36	0	voler	voler	_	_	_	_	_	linguistic	_	none	_	Begin=72.3	_	_	_	_
36-1	TOI014	36	36	1	trasmettere	trasmettere	_	_	_	_	_	linguistic	_	none	_	_	_	_	_	_
36-2	TOI014	36	36	2	qualcosa	qualcosa	_	_	_	_	_	linguistic	_	none	_	_	_	_	_	_
36-3	TOI014	36	36	3	di	di	_	_	_	_	_	linguistic	_	none	_	_	_	_	_	_
36-4	TOI014	36	36	4	mio	mio	_	_	_	_	_	linguistic	_	none	PauseAfter=Yes	_	_	_	_	_
36-5	TOI014	36	36	5	{P}	{P}	_	_	_	_	_	shortpause	_	none	_	_	_	_	_	_
36-6	TOI014	36	36	6	sulle	sulle	_	_	_	_	_	linguistic	_	none	_	_	_	_	_	_
36-7	TOI014	36	36	7	[persone]	persone	_	_	_	_	_	linguistic	_	none	_	End=75.2	_	_	_	0-7(5)
37-0	TOR001	37	37	0	[mh	mh	_	_	_	_	_	linguistic	_	none	_	Begin=74.5	_	_	_	0-2(5)
37-1	TOR001	37	37	1	mh	mh	_	_	_	_	_	linguistic	_	none	_	_	_	_	_	0-2(5)
37-2	TOR001	37	37	2	mh]	mh	_	_	_	_	_	linguistic	_	none	_	End=75.2	_	_	_	0-2(5)
38-0	TOR001	38	38	0	okay	okay	_	_	_	_	_	linguistic	_	none	PauseAfter=Yes	Begin=75.52	_	_	_	_
38-1	TOR001	38	38	1	{P}	{P}	_	_	_	_	_	shortpause	_	none	_	_	_	_	_	_
38-2	TOR001	38	38	2	ma	ma	_	_	_	_	_	linguistic	_	none	_	_	_	_	_	_
38-3	TOR001	38	38	3	hai	hai	_	_	_	_	_	linguistic	_	none	_	_	_	_	_	_
38-4	TOR001	38	38	4	sempre	sempre	_	_	_	_	_	linguistic	_	none	_	_	_	_	_	_
38-5	TOR001	38	38	5	disegnato,	disegnato	_	_	_	_	_	linguistic	_	none	Intonation=WeaklyRising	_	_	_	_	_
38-6	TOR001	38	38	6	oppure:::	oppure	_	_	_	_	_	linguistic	_	none	_	End=78.77	5x3	_	_	_
39-0	TOI014	39	39	0	no.	no	_	_	_	_	_	linguistic	_	none	Intonation=Falling	Begin=78.81	_	_	_	_
39-1	TOI014	39	39	1	non	non	_	_	_	_	_	linguistic	_	none	_	_	_	_	_	_
39-2	TOI014	39	39	2	ho	ho	_	_	_	_	_	linguistic	_	none	_	_	_	_	_	_
39-3	TOI014	39	39	3	sempre	sempre	_	_	_	_	_	linguistic	_	none	_	_	_	_	_	_
39-4	TOI014	39	39	4	disegnato	disegnato	_	_	_	_	_	linguistic	_	none	_	_	_	_	_	_
39-5	TOI014	39	39	5	nell'	nell'	_	_	_	_	_	linguistic	_	none	SpaceAfter=No	_	_	_	_	_
39-6	TOI014	39	39	6	ultimi	ultimi	_	_	_	_	_	linguistic	_	none	_	_	_	_	_	_
39-7	TOI014	39	39	7	p~	p~	_	_	_	_	_	linguistic	_	none	Interrupted=Yes	_	_	_	_	_
39-8	TOI014	39	39	8	tempi	tempi	_	_	_	_	_	linguistic	_	none	_	End=81.8	_	_	_	_
40-0	TOI014	40	40	0	ma::	ma	_	_	_	_	_	linguistic	_	none	_	Begin=81.89	1x2	_	_	_
40-1	TOI014	40	40	1	dal	dal	_	_	_	_	_	linguistic	_	none	_	_	_	_	_	_
40-2	TOI014	40	40	2	momento	momento	_	_	_	_	_	linguistic	_	none	_	_	_	_	_	_
40-3	TOI014	40	40	3	che	che	_	_	_	_	_	linguistic	_	none	_	_	_	_	_	_
40-4	TOI014	40	40	4	ho	ho	_	_	_	_	_	linguistic	_	none	_	_	_	_	_	_
40-5	TOI014	40	40	5	inizato	inizato	_	_	_	_	_	linguistic	_	none	_	_	_	_	_	_
40-6	TOI014	40	40	6	a	a	_	_	_	_	_	linguistic	_	none	_	_	_	_	_	_
40-7	TOI014	40	40	7	farmeli	farmeli	_	_	_	_	_	linguistic	_	none	_	End=84.33	_	_	_	_
41-0	TOI014	41	41	0	ho:	ho	_	_	_	_	_	linguistic	_	none	_	Begin=84.62	1x1	_	_	_
41-1	TOI014	41	41	1	inziato	inziato	_	_	_	_	_	linguistic	_	none	_	_	_	_	_	_
41-2	TOI014	41	41	2	a	a	_	_	_	_	_	linguistic	_	none	_	_	_	_	_	_
41-3	TOI014	41	41	3	voler	voler	_	_	_	_	_	linguistic	_	none	_	_	_	_	_	_
41-4	TOI014	41	41	4	essere	essere	_	_	_	_	_	linguistic	_	none	_	_	_	_	_	_
41-5	TOI014	41	41	5	io	io	_	_	_	_	_	linguistic	_	none	_	_	_	_	_	_
41-6	TOI014	41	41	6	a	a	_	_	_	_	_	linguistic	_	none	_	_	_	_	_	_
41-7	TOI014	41	41	7	scegliere	scegliere	_	_	_	_	_	linguistic	_	none	_	_	_	_	_	_
41-8	TOI014	41	41	8	i	i	_	_	_	_	_	linguistic	_	none	_	_	_	_	_	_
41-9	TOI014	41	41	9	soggetti	soggetti	_	_	_	_	_	linguistic	_	none	_	_	_	_	_	_
41-10	TOI014	41	41	10	per	per	_	_	_	_	_	linguistic	_	none	_	_	_	_	_	_
41-11	TOI014	41	41	11	il	il	_	_	_	_	_	linguistic	_	none	_	_	_	_	_	_
41-12	TOI014	41	41	12	mio	mio	_	_	_	_	_	linguistic	_	none	_	_	_	_	_	_
41-13	TOI014	41	41	13	corpo	corpo	_	_	_	_	_	linguistic	_	none	_	_	_	_	_	_
41-14	TOI014	41	41	14	eh	eh	_	_	_	_	_	linguistic	_	none	_	End=88.7	_	_	_	_
42-0	TOI014	42	42	0	[quindi	quindi	_	_	_	_	_	linguistic	_	none	_	Begin=88.7	_	_	_	0-6(6)
42-1	TOI014	42	42	1	mettermi]	mettermi	_	_	_	_	_	linguistic	_	none	_	_	_	_	_	0-8(6)
42-2	TOI014	42	42	2	io	io	_	_	_	_	_	linguistic	_	none	_	_	_	_	_	_
42-3	TOI014	42	42	3	a	a	_	_	_	_	_	linguistic	_	none	_	_	_	_	_	_
42-4	TOI014	42	42	4	disegnarmeli	disegnarmeli	_	_	_	_	_	linguistic	_	none	_	End=90.66	_	_	_	_
43-0	TOR001	43	43	0	[mh	mh	_	_	_	_	_	linguistic	_	none	_	Begin=88.71	_	_	_	0-2(6)
43-1	TOR001	43	43	1	mh	mh	_	_	_	_	_	linguistic	_	none	_	_	_	_	_	0-2(6)
43-2	TOR001	43	43	2	mh	mh	_	_	_	_	_	linguistic	_	none	_	_	_	_	_	0-2(6)
43-3	TOR001	43	43	3	mh]	mh	_	_	_	_	_	linguistic	_	none	_	End=89.393	_	_	_	0-2(6)
44-0	TOR001	44	44	0	okay	okay	_	_	_	_	_	linguistic	_	none	_	Begin=90.68|End=91.23	_	_	_	_
45-0	TOR002	45	45	0	wow	wow	_	_	_	_	_	linguistic	_	none	_	Begin=91.9|End=92.5	_	_	_	_
46-0	TOR001	46	46	0	{ride}	{ride}	_	_	_	_	_	nonverbalbehavior	_	none	_	Begin=92.54|End=93.32	_	_	_	_
47-0	TOR001	47	47	0	ehm	ehm	_	_	_	_	_	linguistic	_	none	_	Begin=93.9	_	_	_	_
47-1	TOR001	47	47	1	hai	hai	_	_	_	_	_	linguistic	_	none	_	_	_	_	_	_
47-2	TOR001	47	47	2	fatto	fatto	_	_	_	_	_	linguistic	_	none	_	_	_	_	_	_
47-3	TOR001	47	47	3	altri	altri	_	_	_	_	_	linguistic	_	none	_	_	_	_	_	_
47-4	TOR001	47	47	4	lavori	lavori	_	_	_	_	_	linguistic	_	none	_	_	_	_	_	_
47-5	TOR001	47	47	5	in	in	_	_	_	_	_	linguistic	_	none	_	_	_	_	_	_
47-6	TOR001	47	47	6	passato?	passato	_	_	_	_	_	linguistic	_	none	Intonation=Rising	End=95.71	_	_	_	_
48-0	TOI014	48	48	0	sì.	sì	_	_	_	_	_	linguistic	_	none	Intonation=Falling	Begin=95.71	_	_	_	_
48-1	TOI014	48	48	1	io	io	_	_	_	_	_	linguistic	_	none	_	_	_	_	_	_
48-2	TOI014	48	48	2	ho	ho	_	_	_	_	_	linguistic	_	none	_	_	_	_	_	_
48-3	TOI014	48	48	3	lavorato:	lavorato	_	_	_	_	_	linguistic	_	none	_	_	7x1	_	_	_
48-4	TOI014	48	48	4	in	in	_	_	_	_	_	linguistic	_	none	_	_	_	_	_	_
48-5	TOI014	48	48	5	come	come	_	_	_	_	_	linguistic	_	none	_	_	_	_	_	_
48-6	TOI014	48	48	6	call	call	_	_	_	_	_	linguistic	_	none	_	_	_	_	_	_
48-7	TOI014	48	48	7	in:	in	_	_	_	_	_	linguistic	_	none	_	_	1x1	_	_	_
48-8	TOI014	48	48	8	in	in	_	_	_	_	_	linguistic	_	none	_	_	_	_	_	_
48-9	TOI014	48	48	9	call	call	_	_	_	_	_	linguistic	_	none	_	_	_	_	_	_
48-10	TOI014	48	48	10	center	center	_	_	_	_	_	linguistic	_	none	_	End=99.51	_	_	_	_
49-0	TOI014	49	49	0	come	come	_	_	_	_	_	linguistic	_	none	_	Begin=99.51	_	_	_	_
49-1	TOI014	49	49	1	dipendente	dipendente	_	_	_	_	_	linguistic	_	none	_	End=100.81	_	_	_	_
50-0	TOR001	50	50	0	mh	mh	_	_	_	_	_	linguistic	_	none	_	Begin=100.82	_	_	_	_
50-1	TOR001	50	50	1	mh	mh	_	_	_	_	_	linguistic	_	none	_	End=101.22	_	_	_	_
51-0	TOI014	51	51	0	e:h	eh	_	_	_	_	_	linguistic	_	none	_	Begin=101.42	0x1	_	_	_
51-1	TOI014	51	51	1	si	si	_	_	_	_	_	linguistic	_	none	_	_	_	_	_	_
51-2	TOI014	51	51	2	trattava	trattava	_	_	_	_	_	linguistic	_	none	_	_	_	_	_	_
51-3	TOI014	51	51	3	di	di	_	_	_	_	_	linguistic	_	none	_	_	_	_	_	_
51-4	TOI014	51	51	4	vendita	vendita	_	_	_	_	_	linguistic	_	none	_	_	_	_	_	_
51-5	TOI014	51	51	5	telefonica	telefonica	_	_	_	_	_	linguistic	_	none	_	End=103.31	_	_	_	_
52-0	TOR001	52	52	0	okay	okay	_	_	_	_	_	linguistic	_	none	_	Begin=103.31|End=103.8	_	_	_	_
53-0	TOI014	53	53	0	e:h	eh	_	_	_	_	_	linguistic	_	none	_	Begin=103.8	0x1	_	_	_
53-1	TOI014	53	53	1	m:h	mh	_	_	_	_	_	linguistic	_	none	_	_	0x1	_	_	_
53-2	TOI014	53	53	2	mentre	mentre	_	_	_	_	_	linguistic	_	none	_	_	_	_	_	_
53-3	TOI014	53	53	3	d~	d~	_	_	_	_	_	linguistic	_	none	Interrupted=Yes	_	_	_	_	_
53-4	TOI014	53	53	4	stavo	stavo	_	_	_	_	_	linguistic	_	none	_	_	_	_	_	_
53-5	TOI014	53	53	5	prendendo	prendendo	_	_	_	_	_	linguistic	_	none	_	_	_	_	_	_
53-6	TOI014	53	53	6	il	il	_	_	_	_	_	linguistic	_	none	_	_	_	_	_	_
53-7	TOI014	53	53	7	diploma:	diploma	_	_	_	_	_	linguistic	_	none	_	End=107.4	6x1	_	_	_
54-0	TOI014	54	54	0	avevo	avevo	_	_	_	_	_	linguistic	_	none	_	Begin=107.63	_	_	_	_
54-1	TOI014	54	54	1	bisogno	bisogno	_	_	_	_	_	linguistic	_	none	_	_	_	_	_	_
54-2	TOI014	54	54	2	di	di	_	_	_	_	_	linguistic	_	none	_	_	_	_	_	_
54-3	TOI014	54	54	3	un'	un'	_	_	_	_	_	linguistic	_	none	SpaceAfter=No	_	_	_	_	_
54-4	TOI014	54	54	4	occupazione	occupazione	_	_	_	_	_	linguistic	_	none	_	_	_	_	_	_
54-5	TOI014	54	54	5	ho	ho	_	_	_	_	_	linguistic	_	none	_	_	_	_	_	_
54-6	TOI014	54	54	6	deciso	deciso	_	_	_	_	_	linguistic	_	none	_	_	_	_	_	_
54-7	TOI014	54	54	7	di	di	_	_	_	_	_	linguistic	_	none	_	_	_	_	_	_
54-8	TOI014	54	54	8	fare:	fare	_	_	_	_	_	linguistic	_	none	_	_	3x1	_	_	_
54-9	TOI014	54	54	9	un	un	_	_	_	_	_	linguistic	_	none	_	_	_	_	_	_
54-10	TOI014	54	54	10	part	part	_	_	_	_	_	linguistic	_	none	_	_	_	_	_	_
54-11	TOI014	54	54	11	time	time	_	_	_	_	_	linguistic	_	none	_	End=110.9	_	_	_	_
55-0	TOR001	55	55	0	[mh	mh	_	_	_	_	_	linguistic	_	none	_	Begin=111.11	_	_	_	0-2(7)
55-1	TOR001	55	55	1	mh]	mh	_	_	_	_	_	linguistic	_	none	_	End=111.51	_	_	_	0-2(7)
56-0	TOI014	56	56	0	[in	in	_	_	_	_	_	linguistic	_	none	_	Begin=111.11	_	_	_	0-2(7)
56-1	TOI014	56	56	1	questa]	questa	_	_	_	_	_	linguistic	_	none	_	_	_	_	_	0-6(7)
56-2	TOI014	56	56	2	azienda	azienda	_	_	_	_	_	linguistic	_	none	_	End=112.02	_	_	_	_
57-0	TOI014	57	57	0	successivamente	successivamente	_	_	_	_	_	linguistic	_	none	_	Begin=112.75	_	_	_	_
57-1	TOI014	57	57	1	ho	ho	_	_	_	_	_	linguistic	_	none	_	_	_	_	_	_
57-2	TOI014	57	57	2	fatto:	fatto	_	_	_	_	_	linguistic	_	none	_	_	4x1	_	_	_
57-3	TOI014	57	57	3	il	il	_	_	_	_	_	linguistic	_	none	_	_	_	_	_	_
57-4	TOI014	57	57	4	commesso	commesso	_	_	_	_	_	linguistic	_	none	_	End=114.91	_	_	_	_
58-0	TOI014	58	58	0	in	in	_	_	_	_	_	linguistic	_	none	_	Begin=115.2	_	_	_	_
58-1	TOI014	58	58	1	negozio	negozio	_	_	_	_	_	linguistic	_	none	_	_	_	_	_	_
58-2	TOI014	58	58	2	d'	d'	_	_	_	_	_	linguistic	_	none	SpaceAfter=No	_	_	_	_	_
58-3	TOI014	58	58	3	abbigliamento	abbigliamento	_	_	_	_	_	linguistic	_	none	_	_	_	_	_	_
58-4	TOI014	58	58	4	a	a	_	_	_	_	_	linguistic	_	none	_	_	_	_	_	_
58-5	TOI014	58	58	5	torino	torino	_	_	_	_	_	linguistic	_	none	_	End=116.92	_	_	_	_
59-0	TOR001	59	59	0	mh	mh	_	_	_	_	_	linguistic	_	none	_	Begin=116.92	_	_	_	_
59-1	TOR001	59	59	1	mh	mh	_	_	_	_	_	linguistic	_	none	_	End=117.43	_	_	_	_
60-0	TOI014	60	60	0	e:h	eh	_	_	_	_	_	linguistic	_	none	_	Begin=117.7	0x1	_	_	_
60-1	TOI014	60	60	1	e	e	_	_	_	_	_	linguistic	_	none	_	_	_	_	_	_
60-2	TOI014	60	60	2	queste	queste	_	_	_	_	_	linguistic	_	none	_	_	_	_	_	_
60-3	TOI014	60	60	3	sono	sono	_	_	_	_	_	linguistic	_	none	_	_	_	_	_	_
60-4	TOI014	60	60	4	le	le	_	_	_	_	_	linguistic	_	none	_	_	_	_	_	_
60-5	TOI014	60	60	5	mie	mie	_	_	_	_	_	linguistic	_	none	_	_	_	_	_	_
60-6	TOI014	60	60	6	esperienze:	esperienze	_	_	_	_	_	linguistic	_	none	_	_	9x1	_	_	_
60-7	TOI014	60	60	7	per	per	_	_	_	_	_	linguistic	_	none	_	_	_	_	_	_
60-8	TOI014	60	60	8	adesso	adesso	_	_	_	_	_	linguistic	_	none	_	End=120.4	_	_	_	_
61-0	TOR001	61	61	0	okay	okay	_	_	_	_	_	linguistic	_	none	_	Begin=120.4	_	_	_	_
61-1	TOR001	61	61	1	d'	d'	_	_	_	_	_	linguistic	_	none	SpaceAfter=No	_	_	_	_	_
61-2	TOR001	61	61	2	accordo	accordo	_	_	_	_	_	linguistic	_	none	_	End=121.59	_	_	_	_
62-0	TOR001	62	62	0	eh	eh	_	_	_	_	_	linguistic	_	none	_	Begin=122.12	_	_	_	_
62-1	TOR001	62	62	1	quale	quale	_	_	_	_	_	linguistic	_	none	_	_	_	_	_	_
62-2	TOR001	62	62	2	delle	delle	_	_	_	_	_	linguistic	_	none	_	_	_	_	_	_
62-3	TOR001	62	62	3	due	due	_	_	_	_	_	linguistic	_	none	_	_	_	_	_	_
62-4	TOR001	62	62	4	cose	cose	_	_	_	_	_	linguistic	_	none	_	_	_	_	_	_
62-5	TOR001	62	62	5	ha	ha	_	_	_	_	_	linguistic	_	none	_	_	_	_	_	_
62-6	TOR001	62	62	6	preferito?	preferito	_	_	_	_	_	linguistic	_	none	Intonation=Rising	End=123.91	_	_	_	_
63-0	TOI014	63	63	0	m:h	mh	_	_	_	_	_	linguistic	_	none	_	Begin=124.3	0x1	_	_	_
63-1	TOI014	63	63	1	il	il	_	_	_	_	_	linguistic	_	none	_	_	_	_	_	_
63-2	TOI014	63	63	2	commesso	commesso	_	_	_	_	_	linguistic	_	none	_	_	_	_	_	_
63-3	TOI014	63	63	3	nel	nel	_	_	_	_	_	linguistic	_	none	_	_	_	_	_	_
63-4	TOI014	63	63	4	negozio	negozio	_	_	_	_	_	linguistic	_	none	_	_	_	_	_	_
63-5	TOI014	63	63	5	di	di	_	_	_	_	_	linguistic	_	none	_	_	_	_	_	_
63-6	TOI014	63	63	6	abbigliamento	abbigliamento	_	_	_	_	_	linguistic	_	none	_	End=126.56	_	_	_	_
64-0	TOR001	64	64	0	okay	okay	_	_	_	_	_	linguistic	_	none	_	Begin=126.56|End=127.01	_	_	_	_
65-0	TOR001	65	65	0	mh	mh	_	_	_	_	_	linguistic	_	none	_	Begin=129.11	_	_	_	_
65-1	TOR001	65	65	1	mh	mh	_	_	_	_	_	linguistic	_	none	_	_	_	_	_	_
65-2	TOR001	65	65	2	m:h	mh	_	_	_	_	_	linguistic	_	none	_	End=130.288	0x1	_	_	_
66-0	TOR001	66	66	0	quindi	quindi	_	_	_	_	_	linguistic	_	none	_	Begin=130.91	_	_	_	_
66-1	TOR001	66	66	1	potendo	potendo	_	_	_	_	_	linguistic	_	none	_	_	_	_	_	_
66-2	TOR001	66	66	2	scegliere	scegliere	_	_	_	_	_	linguistic	_	none	_	_	_	_	_	_
66-3	TOR001	66	66	3	tu	tu	_	_	_	_	_	linguistic	_	none	_	_	_	_	_	_
66-4	TOR001	66	66	4	adesso	adesso	_	_	_	_	_	linguistic	_	none	PauseAfter=Yes	_	_	_	_	_
66-5	TOR001	66	66	5	{P}	{P}	_	_	_	_	_	shortpause	_	none	_	_	_	_	_	_
66-6	TOR001	66	66	6	vorresti	vorresti	_	_	_	_	_	linguistic	_	none	_	_	_	_	_	_
66-7	TOR001	66	66	7	lavorare	lavorare	_	_	_	_	_	linguistic	_	none	_	_	_	_	_	_
66-8	TOR001	66	66	8	nel	nel	_	_	_	_	_	linguistic	_	none	_	_	_	_	_	_
66-9	TOR001	66	66	9	mondo	mondo	_	_	_	_	_	linguistic	_	none	_	_	_	_	_	_
66-10	TOR001	66	66	10	dei	dei	_	_	_	_	_	linguistic	_	none	_	_	_	_	_	_
66-11	TOR001	66	66	11	tatuaggi	tatuaggi	_	_	_	_	_	linguistic	_	none	_	_	_	_	_	_
66-12	TOR001	66	66	12	comunque,	comunque	_	_	_	_	_	linguistic	_	none	Intonation=WeaklyRising	_	_	_	_	_
66-13	TOR001	66	66	13	giusto?	giusto	_	_	_	_	_	linguistic	_	none	Intonation=Rising	End=134.92	_	_	_	_
67-0	TOI014	67	67	0	[sì].	sì	_	_	_	_	_	linguistic	_	none	Intonation=Falling	Begin=134.92|End=135.22	_	_	_	0-2(8)
68-0	TOR001	68	68	0	[c(io)è]	cioè	_	_	_	_	_	linguistic	_	none	_	Begin=135.01	_	_	1-3(0)	0-4(8)
68-1	TOR001	68	68	1	come	come	_	_	_	_	_	linguistic	_	none	_	_	_	_	_	_
68-2	TOR001	68	68	2	[aspirazio]ne,	aspirazione	_	_	_	_	_	linguistic	_	none	Intonation=WeaklyRising	_	_	_	_	0-9(9)
68-3	TOR001	68	68	3	okay	okay	_	_	_	_	_	linguistic	_	none	_	End=137.01	_	_	_	_
69-0	TOI014	69	69	0	[sì	sì	_	_	_	_	_	linguistic	_	none	_	Begin=135.61	_	_	_	0-2(9)
69-1	TOI014	69	69	1	sì	sì	_	_	_	_	_	linguistic	_	none	_	_	_	_	_	0-2(9)
69-2	TOI014	69	69	2	sì]	sì	_	_	_	_	_	linguistic	_	none	_	End=136.13	_	_	_	0-2(9)
70-0	TOR001	70	70	0	ehm	ehm	_	_	_	_	_	linguistic	_	none	_	Begin=137.42	_	_	_	_
70-1	TOR001	70	70	1	credi	credi	_	_	_	_	_	linguistic	_	none	_	_	_	_	_	_
70-2	TOR001	70	70	2	che	che	_	_	_	_	_	linguistic	_	none	_	_	_	_	_	_
70-3	TOR001	70	70	3	torino	torino	_	_	_	_	_	linguistic	_	none	_	_	_	_	_	_
70-4	TOR001	70	70	4	sia	sia	_	_	_	_	_	linguistic	_	none	_	_	_	_	_	_
70-5	TOR001	70	70	5	un	un	_	_	_	_	_	linguistic	_	none	_	_	_	_	_	_
70-6	TOR001	70	70	6	buon	buon	_	_	_	_	_	linguistic	_	none	_	_	_	_	_	_
70-7	TOR001	70	70	7	posto	posto	_	_	_	_	_	linguistic	_	none	_	_	_	_	_	_
70-8	TOR001	70	70	8	per	per	_	_	_	_	_	linguistic	_	none	_	_	_	_	_	_
70-9	TOR001	70	70	9	lavorare?	lavorare	_	_	_	_	_	linguistic	_	none	Intonation=Rising	End=139.88	_	_	_	_
71-0	TOI014	71	71	0	torino	torino	_	_	_	_	_	linguistic	_	none	_	Begin=140.7	_	_	_	_
71-1	TOI014	71	71	1	secondo	secondo	_	_	_	_	_	linguistic	_	none	_	_	_	_	_	_
71-2	TOI014	71	71	2	me	me	_	_	_	_	_	linguistic	_	none	_	_	_	_	_	_
71-3	TOI014	71	71	3	m:h	mh	_	_	_	_	_	linguistic	_	none	_	End=142.53	0x1	_	_	_
72-0	TOI014	72	72	0	ha	ha	_	_	_	_	_	linguistic	_	none	_	Begin=142.889	_	_	_	_
72-1	TOI014	72	72	1	le	le	_	_	_	_	_	linguistic	_	none	_	_	_	_	_	_
72-2	TOI014	72	72	2	potenzialità	potenzialità	_	_	_	_	_	linguistic	_	none	_	_	_	_	_	_
72-3	TOI014	72	72	3	per	per	_	_	_	_	_	linguistic	_	none	_	_	_	_	_	_
72-4	TOI014	72	72	4	essere:	essere	_	_	_	_	_	linguistic	_	none	_	_	5x1	_	_	_
72-5	TOI014	72	72	5	un	un	_	_	_	_	_	linguistic	_	none	_	_	_	_	_	_
72-6	TOI014	72	72	6	buon	buon	_	_	_	_	_	linguistic	_	none	_	_	_	_	_	_
72-7	TOI014	72	72	7	posto	posto	_	_	_	_	_	linguistic	_	none	_	End=145.62	_	_	_	_
73-0	TOI014	73	73	0	per	per	_	_	_	_	_	linguistic	_	none	_	Begin=146.02	_	_	_	_
73-1	TOI014	73	73	1	trasferirsi	trasferirsi	_	_	_	_	_	linguistic	_	none	_	_	_	_	_	_
73-2	TOI014	73	73	2	e	e	_	_	_	_	_	linguistic	_	none	_	_	_	_	_	_
73-3	TOI014	73	73	3	soprattutto	soprattutto	_	_	_	_	_	linguistic	_	none	_	_	_	_	_	_
73-4	TOI014	73	73	4	per	per	_	_	_	_	_	linguistic	_	none	_	_	_	_	_	_
73-5	TOI014	73	73	5	poter	poter	_	_	_	_	_	linguistic	_	none	_	_	_	_	_	_
73-6	TOI014	73	73	6	lavorare	lavorare	_	_	_	_	_	linguistic	_	none	_	End=148.83	_	_	_	_
74-0	TOI014	74	74	0	m:h	mh	_	_	_	_	_	linguistic	_	none	_	Begin=149.11|End=149.61	0x1	_	_	_
75-0	TOI014	75	75	0	in	in	_	_	_	_	_	linguistic	_	none	_	Begin=150.21	_	_	_	_
75-1	TOI014	75	75	1	qualsiasi	qualsiasi	_	_	_	_	_	linguistic	_	none	_	_	_	_	_	_
75-2	TOI014	75	75	2	settore	settore	_	_	_	_	_	linguistic	_	none	_	_	_	_	_	_
75-3	TOI014	75	75	3	m:h	mh	_	_	_	_	_	linguistic	_	none	_	End=152.0	0x1	_	_	_
76-0	TOI014	76	76	0	tu	tu	_	_	_	_	_	linguistic	_	none	_	Begin=152.41	_	_	_	_
76-1	TOI014	76	76	1	voglia:	voglia	_	_	_	_	_	linguistic	_	none	_	End=153.3	5x1	_	_	_
77-0	TOR001	77	77	0	mh	mh	_	_	_	_	_	linguistic	_	none	_	Begin=153.47	_	_	_	_
77-1	TOR001	77	77	1	mh	mh	_	_	_	_	_	linguistic	_	none	_	End=153.985	_	_	_	_
78-0	TOI014	78	78	0	semplicemente:	semplicemente	_	_	_	_	_	linguistic	_	none	_	Begin=153.985|End=155.23	12x1	_	_	_
79-0	TOI014	79	79	0	e:h	eh	_	_	_	_	_	linguistic	_	none	_	Begin=156.21	0x1	_	_	_
79-1	TOI014	79	79	1	facendo	facendo	_	_	_	_	_	linguistic	_	none	PauseAfter=Yes	_	_	_	_	_
79-2	TOI014	79	79	2	{P}	{P}	_	_	_	_	_	shortpause	_	none	_	_	_	_	_	_
79-3	TOI014	79	79	3	vedere	vedere	_	_	_	_	_	linguistic	_	none	_	_	_	_	_	_
79-4	TOI014	79	79	4	alle	alle	_	_	_	_	_	linguistic	_	none	_	_	_	_	_	_
79-5	TOI014	79	79	5	persone	persone	_	_	_	_	_	linguistic	_	none	_	_	_	_	_	_
79-6	TOI014	79	79	6	che	che	_	_	_	_	_	linguistic	_	none	_	_	_	_	_	_
79-7	TOI014	79	79	7	tu	tu	_	_	_	_	_	linguistic	_	none	_	_	_	_	_	_
79-8	TOI014	79	79	8	ti	ti	_	_	_	_	_	linguistic	_	none	_	_	_	_	_	_
79-9	TOI014	79	79	9	impegni	impegni	_	_	_	_	_	linguistic	_	none	_	_	_	_	_	_
79-10	TOI014	79	79	10	in	in	_	_	_	_	_	linguistic	_	none	_	_	_	_	_	_
79-11	TOI014	79	79	11	quello	quello	_	_	_	_	_	linguistic	_	none	_	_	_	_	_	_
79-12	TOI014	79	79	12	che	che	_	_	_	_	_	linguistic	_	none	_	_	_	_	_	_
79-13	TOI014	79	79	13	fai	fai	_	_	_	_	_	linguistic	_	none	_	End=159.867	_	_	_	_
80-0	TOI014	80	80	0	e	e	_	_	_	_	_	linguistic	_	none	_	Begin=159.867	_	_	_	_
80-1	TOI014	80	80	1	che	che	_	_	_	_	_	linguistic	_	none	_	_	_	_	_	_
80-2	TOI014	80	80	2	hai:	hai	_	_	_	_	_	linguistic	_	none	PauseAfter=Yes	_	2x1	_	_	_
80-3	TOI014	80	80	3	{P}	{P}	_	_	_	_	_	shortpause	_	none	_	_	_	_	_	_
80-4	TOI014	80	80	4	m:h	mh	_	_	_	_	_	linguistic	_	none	_	_	0x1	_	_	_
80-5	TOI014	80	80	5	la	la	_	_	_	_	_	linguistic	_	none	_	_	_	_	_	_
80-6	TOI014	80	80	6	mentalità	mentalità	_	_	_	_	_	linguistic	_	none	_	_	_	_	_	_
80-7	TOI014	80	80	7	per	per	_	_	_	_	_	linguistic	_	none	_	_	_	_	_	_
80-8	TOI014	80	80	8	quello	quello	_	_	_	_	_	linguistic	_	none	_	_	_	_	_	_
80-9	TOI014	80	80	9	che	che	_	_	_	_	_	linguistic	_	none	_	_	_	_	_	_
80-10	TOI014	80	80	10	vuoi	vuoi	_	_	_	_	_	linguistic	_	none	_	_	_	_	_	_
80-11	TOI014	80	80	11	fare	fare	_	_	_	_	_	linguistic	_	none	_	End=163.3	_	_	_	_
81-0	TOR001	81	81	0	mh	mh	_	_	_	_	_	linguistic	_	none	_	Begin=163.41	_	_	_	_
81-1	TOR001	81	81	1	mh	mh	_	_	_	_	_	linguistic	_	none	_	End=163.896	_	_	_	_
82-0	TOI014	82	82	0	e:h	eh	_	_	_	_	_	linguistic	_	none	_	Begin=164.12	0x1	_	_	_
82-1	TOI014	82	82	1	avendo	avendo	_	_	_	_	_	linguistic	_	none	_	_	_	_	_	_
82-2	TOI014	82	82	2	carisma	carisma	_	_	_	_	_	linguistic	_	none	_	_	_	_	_	_
82-3	TOI014	82	82	3	e:	e	_	_	_	_	_	linguistic	_	none	_	End=166.02	0x1	_	_	_
83-0	TOI014	83	83	0	molta	molta	_	_	_	_	_	linguistic	_	none	_	Begin=166.9	_	_	_	_
83-1	TOI014	83	83	1	empatia	empatia	_	_	_	_	_	linguistic	_	none	_	_	_	_	_	_
83-2	TOI014	83	83	2	secondo	secondo	_	_	_	_	_	linguistic	_	none	_	_	_	_	_	_
83-3	TOI014	83	83	3	me	me	_	_	_	_	_	linguistic	_	none	_	_	_	_	_	_
83-4	TOI014	83	83	4	anche	anche	_	_	_	_	_	linguistic	_	none	_	_	_	_	_	_
83-5	TOI014	83	83	5	verso	verso	_	_	_	_	_	linguistic	_	none	_	_	_	_	_	_
83-6	TOI014	83	83	6	il	il	_	_	_	_	_	linguistic	_	none	_	_	_	_	_	_
83-7	TOI014	83	83	7	prossimo	prossimo	_	_	_	_	_	linguistic	_	none	_	_	_	_	_	_
83-8	TOI014	83	83	8	visto	visto	_	_	_	_	_	linguistic	_	none	_	_	_	_	_	_
83-9	TOI014	83	83	9	che:	che	_	_	_	_	_	linguistic	_	none	_	End=169.678	2x1	_	_	_
84-0	TOI014	84	84	0	molti	molti	_	_	_	_	_	linguistic	_	none	_	Begin=169.76	_	_	_	_
84-1	TOI014	84	84	1	lavori	lavori	_	_	_	_	_	linguistic	_	none	_	_	_	_	_	_
84-2	TOI014	84	84	2	quasi	quasi	_	_	_	_	_	linguistic	_	none	_	_	_	_	_	_
84-3	TOI014	84	84	3	tutti	tutti	_	_	_	_	_	linguistic	_	none	_	End=171.32	_	_	_	_
85-0	TOI014	85	85	0	m:h	mh	_	_	_	_	_	linguistic	_	none	_	Begin=171.99|End=172.5	0x1	_	_	_
86-0	TOI014	86	86	0	si	si	_	_	_	_	_	linguistic	_	none	_	Begin=173.1	_	_	_	_
86-1	TOI014	86	86	1	occupano	occupano	_	_	_	_	_	linguistic	_	none	_	_	_	_	_	_
86-2	TOI014	86	86	2	di:::	di	_	_	_	_	_	linguistic	_	none	_	End=174.48	1x3	_	_	_
87-0	TOI014	87	87	0	avere	avere	_	_	_	_	_	linguistic	_	none	_	Begin=175.11	_	_	_	_
87-1	TOI014	87	87	1	un	un	_	_	_	_	_	linguistic	_	none	_	_	_	_	_	_
87-2	TOI014	87	87	2	un	un	_	_	_	_	_	linguistic	_	none	_	_	_	_	_	_
87-3	TOI014	87	87	3	diretto	diretto	_	_	_	_	_	linguistic	_	none	_	_	_	_	_	_
87-4	TOI014	87	87	4	confronto	confronto	_	_	_	_	_	linguistic	_	none	_	_	_	_	_	_
87-5	TOI014	87	87	5	con	con	_	_	_	_	_	linguistic	_	none	_	_	_	_	_	_
87-6	TOI014	87	87	6	le	le	_	_	_	_	_	linguistic	_	none	_	_	_	_	_	_
87-7	TOI014	87	87	7	persone	persone	_	_	_	_	_	linguistic	_	none	_	End=177.56	_	_	_	_
88-0	TOI014	88	88	0	qui[ndi	quindi	_	_	_	_	_	linguistic	_	none	_	Begin=177.56	_	_	_	3-6(10)
88-1	TOI014	88	88	1	second]o	secondo	_	_	_	_	_	linguistic	_	none	_	_	_	_	_	0-6(10)
88-2	TOI014	88	88	2	me	me	_	_	_	_	_	linguistic	_	none	_	_	_	_	_	_
88-3	TOI014	88	88	3	bisogna::	bisogna	_	_	_	_	_	linguistic	_	none	PauseAfter=Yes	_	6x2	_	_	_
88-4	TOI014	88	88	4	{P}	{P}	_	_	_	_	_	shortpause	_	none	_	_	_	_	_	_
88-5	TOI014	88	88	5	conoscere	conoscere	_	_	_	_	_	linguistic	_	none	_	_	_	_	_	_
88-6	TOI014	88	88	6	il	il	_	_	_	_	_	linguistic	_	none	_	_	_	_	_	_
88-7	TOI014	88	88	7	prossimo	prossimo	_	_	_	_	_	linguistic	_	none	_	_	_	_	_	_
88-8	TOI014	88	88	8	e	e	_	_	_	_	_	linguistic	_	none	_	_	_	_	_	_
88-9	TOI014	88	88	9	avere:::	avere	_	_	_	_	_	linguistic	_	none	_	End=181.19	4x3	_	_	_
89-0	TOR001	89	89	0	[mh	mh	_	_	_	_	_	linguistic	_	none	_	Begin=177.67	_	_	_	0-2(10)
89-1	TOR001	89	89	1	mh]	mh	_	_	_	_	_	linguistic	_	none	_	End=178.103	_	_	_	0-2(10)
90-0	TOI014	90	90	0	m:h	mh	_	_	_	_	_	linguistic	_	none	_	Begin=181.51	0x1	_	_	_
90-1	TOI014	90	90	1	un	un	_	_	_	_	_	linguistic	_	none	_	_	_	_	_	_
90-2	TOI014	90	90	2	buon	buon	_	_	_	_	_	linguistic	_	none	_	_	_	_	_	_
90-3	TOI014	90	90	3	un	un	_	_	_	_	_	linguistic	_	none	_	_	_	_	_	_
90-4	TOI014	90	90	4	buon	buon	_	_	_	_	_	linguistic	_	none	_	_	_	_	_	_
90-5	TOI014	90	90	5	rapporto	rapporto	_	_	_	_	_	linguistic	_	none	_	_	_	_	_	_
90-6	TOI014	90	90	6	con	con	_	_	_	_	_	linguistic	_	none	_	_	_	_	_	_
90-7	TOI014	90	90	7	le	le	_	_	_	_	_	linguistic	_	none	_	_	_	_	_	_
90-8	TOI014	90	90	8	per[sone]	persone	_	_	_	_	_	linguistic	_	none	_	End=184.21	_	_	_	3-7(11)
91-0	TOR001	91	91	0	[mh	mh	_	_	_	_	_	linguistic	_	none	_	Begin=183.78	_	_	_	0-2(11)
91-1	TOR001	91	91	1	mh]	mh	_	_	_	_	_	linguistic	_	none	_	End=184.21	_	_	_	0-2(11)
92-0	TOI014	92	92	0	ecco	ecco	_	_	_	_	_	linguistic	_	none	_	Begin=184.41|End=184.78	_	_	_	_
93-0	TOR001	93	93	0	okay	okay	_	_	_	_	_	linguistic	_	none	_	Begin=184.78|End=185.3	_	_	_	_
94-0	TOR001	94	94	0	e	e	_	_	_	_	_	linguistic	_	none	PauseAfter=Yes	Begin=185.51	_	_	_	_
94-1	TOR001	94	94	1	{P}	{P}	_	_	_	_	_	shortpause	_	none	_	_	_	_	_	_
94-2	TOR001	94	94	2	nello	nello	_	_	_	_	_	linguistic	_	none	_	_	_	_	_	_
94-3	TOR001	94	94	3	specifico	specifico	_	_	_	_	_	linguistic	_	none	_	_	_	_	_	_
94-4	TOR001	94	94	4	per	per	_	_	_	_	_	linguistic	_	none	_	_	_	_	_	_
94-5	TOR001	94	94	5	quello	quello	_	_	_	_	_	linguistic	_	none	_	_	_	_	_	_
94-6	TOR001	94	94	6	che	che	_	_	_	_	_	linguistic	_	none	_	_	_	_	_	_
94-7	TOR001	94	94	7	vorresti	vorresti	_	_	_	_	_	linguistic	_	none	_	_	_	_	_	_
94-8	TOR001	94	94	8	fare	fare	_	_	_	_	_	linguistic	_	none	_	_	_	_	_	_
94-9	TOR001	94	94	9	tu?	tu	_	_	_	_	_	linguistic	_	none	Intonation=Rising	_	_	_	_	_
94-10	TOR001	94	94	10	credi	credi	_	_	_	_	_	linguistic	_	none	_	_	_	_	_	_
94-11	TOR001	94	94	11	sia	sia	_	_	_	_	_	linguistic	_	none	_	_	_	_	_	_
94-12	TOR001	94	94	12	un	un	_	_	_	_	_	linguistic	_	none	_	_	_	_	_	_
94-13	TOR001	94	94	13	buon	buon	_	_	_	_	_	linguistic	_	none	_	_	_	_	_	_
94-14	TOR001	94	94	14	posto?	posto	_	_	_	_	_	linguistic	_	none	Intonation=Rising	End=189.3	_	_	_	_
95-0	TOI014	95	95	0	m:h	mh	_	_	_	_	_	linguistic	_	none	_	Begin=189.81	0x1	_	_	_
95-1	TOI014	95	95	1	secondo	secondo	_	_	_	_	_	linguistic	_	none	_	_	_	_	_	_
95-2	TOI014	95	95	2	me::	me	_	_	_	_	_	linguistic	_	none	_	End=191.51	1x2	_	_	_
96-0	TOI014	96	96	0	sì	sì	_	_	_	_	_	linguistic	_	none	_	Begin=191.9	_	_	_	_
96-1	TOI014	96	96	1	ma	ma	_	_	_	_	_	linguistic	_	none	_	_	_	_	_	_
96-2	TOI014	96	96	2	>in	in	_	_	_	_	_	linguistic	_	none	_	_	_	Fast=0-2(0)	_	_
96-3	TOI014	96	96	3	questo	questo	_	_	_	_	_	linguistic	_	none	_	_	_	Fast=0-6(0)	_	_
96-4	TOI014	96	96	4	momento	momento	_	_	_	_	_	linguistic	_	none	_	_	_	Fast=0-7(0)	_	_
96-5	TOI014	96	96	5	ho	ho	_	_	_	_	_	linguistic	_	none	_	_	_	Fast=0-2(0)	_	_
96-6	TOI014	96	96	6	notato<	notato	_	_	_	_	_	linguistic	_	none	_	_	_	Fast=0-6(0)	_	_
96-7	TOI014	96	96	7	che:	che	_	_	_	_	_	linguistic	_	none	_	End=194.4	2x1	_	_	_
97-0	TOI014	97	97	0	il	il	_	_	_	_	_	linguistic	_	none	_	Begin=194.56	_	_	_	_
97-1	TOI014	97	97	1	mercato	mercato	_	_	_	_	_	linguistic	_	none	_	_	_	_	_	_
97-2	TOI014	97	97	2	é	é	_	_	_	_	_	linguistic	_	none	_	_	_	_	_	_
97-3	TOI014	97	97	3	un	un	_	_	_	_	_	linguistic	_	none	_	_	_	_	_	_
97-4	TOI014	97	97	4	po'	po'	_	_	_	_	_	linguistic	_	none	_	_	_	_	_	_
97-5	TOI014	97	97	5	saturo	saturo	_	_	_	_	_	linguistic	_	none	_	End=195.76	_	_	_	_
98-0	TOI014	98	98	0	ci	ci	_	_	_	_	_	linguistic	_	none	_	Begin=195.82	_	_	_	_
98-1	TOI014	98	98	1	sono:	sono	_	_	_	_	_	linguistic	_	none	_	_	3x1	_	_	_
98-2	TOI014	98	98	2	molte	molte	_	_	_	_	_	linguistic	_	none	_	_	_	_	_	_
98-3	TOI014	98	98	3	persone	persone	_	_	_	_	_	linguistic	_	none	_	_	_	_	_	_
98-4	TOI014	98	98	4	che	che	_	_	_	_	_	linguistic	_	none	_	_	_	_	_	_
98-5	TOI014	98	98	5	hanno	hanno	_	_	_	_	_	linguistic	_	none	_	_	_	_	_	_
98-6	TOI014	98	98	6	questa	questa	_	_	_	_	_	linguistic	_	none	_	_	_	_	_	_
98-7	TOI014	98	98	7	passione	passione	_	_	_	_	_	linguistic	_	none	_	_	_	_	_	_
98-8	TOI014	98	98	8	e	e	_	_	_	_	_	linguistic	_	none	_	_	_	_	_	_
98-9	TOI014	98	98	9	che	che	_	_	_	_	_	linguistic	_	none	_	_	_	_	_	_
98-10	TOI014	98	98	10	decidono	decidono	_	_	_	_	_	linguistic	_	none	_	_	_	_	_	_
98-11	TOI014	98	98	11	di	di	_	_	_	_	_	linguistic	_	none	_	_	_	_	_	_
98-12	TOI014	98	98	12	aprirsi	aprirsi	_	_	_	_	_	linguistic	_	none	_	_	_	_	_	_
98-13	TOI014	98	98	13	uno	uno	_	_	_	_	_	linguistic	_	none	_	_	_	_	_	_
98-14	TOI014	98	98	14	studio	studio	_	_	_	_	_	linguistic	_	none	_	_	_	_	_	_
98-15	TOI014	98	98	15	quindi	quindi	_	_	_	_	_	linguistic	_	none	_	_	_	_	_	_
98-16	TOI014	98	98	16	c'	c'	_	_	_	_	_	linguistic	_	none	SpaceAfter=No	_	_	_	_	_
98-17	TOI014	98	98	17	é	é	_	_	_	_	_	linguistic	_	none	_	_	_	_	_	_
98-18	TOI014	98	98	18	molta	molta	_	_	_	_	_	linguistic	_	none	_	_	_	_	_	_
98-19	TOI014	98	98	19	concorrenza	concorrenza	_	_	_	_	_	linguistic	_	none	_	End=200.947	_	_	_	_
99-0	TOR001	99	99	0	mh	mh	_	_	_	_	_	linguistic	_	none	_	Begin=200.947	_	_	_	_
99-1	TOR001	99	99	1	mh	mh	_	_	_	_	_	linguistic	_	none	_	End=201.41	_	_	_	_
100-0	TOR001	100	100	0	[okay]	okay	_	_	_	_	_	linguistic	_	none	_	Begin=202.19|End=202.79	_	_	_	0-4(12)
101-0	TOI014	101	101	0	[e::h]	eh	_	_	_	_	_	linguistic	_	none	_	Begin=202.19|End=202.79	0x2	_	_	0-2(12)
102-0	TOR001	102	102	0	e	e	_	_	_	_	_	linguistic	_	none	_	Begin=203.51	_	_	_	_
102-1	TOR001	102	102	1	pensi	pensi	_	_	_	_	_	linguistic	_	none	_	_	_	_	_	_
102-2	TOR001	102	102	2	ci	ci	_	_	_	_	_	linguistic	_	none	_	_	_	_	_	_
102-3	TOR001	102	102	3	sareb(be)	sarebbe	_	_	_	_	_	linguistic	_	none	_	_	_	_	5-7(0)	_
102-4	TOR001	102	102	4	mh	mh	_	_	_	_	_	linguistic	_	none	_	_	_	_	_	_
102-5	TOR001	102	102	5	mh	mh	_	_	_	_	_	linguistic	_	none	_	_	_	_	_	_
102-6	TOR001	102	102	6	che	che	_	_	_	_	_	linguistic	_	none	_	_	_	_	_	_
102-7	TOR001	102	102	7	invece	invece	_	_	_	_	_	linguistic	_	none	_	_	_	_	_	_
102-8	TOR001	102	102	8	in	in	_	_	_	_	_	linguistic	_	none	_	_	_	_	_	_
102-9	TOR001	102	102	9	altri	altri	_	_	_	_	_	linguistic	_	none	_	_	_	_	_	_
102-10	TOR001	102	102	10	posti	posti	_	_	_	_	_	linguistic	_	none	_	_	_	_	_	_
102-11	TOR001	102	102	11	sarebbe	sarebbe	_	_	_	_	_	linguistic	_	none	_	_	_	_	_	_
102-12	TOR001	102	102	12	meglio?	meglio	_	_	_	_	_	linguistic	_	none	Intonation=Rising	End=207.15	_	_	_	_
103-0	TOR001	103	103	0	sarebbe	sarebbe	_	_	_	_	_	linguistic	_	none	_	Begin=207.21	_	_	_	_
103-1	TOR001	103	103	1	più	più	_	_	_	_	_	linguistic	_	none	_	_	_	_	_	_
103-2	TOR001	103	103	2	semplice?	semplice	_	_	_	_	_	linguistic	_	none	Intonation=Rising	End=208.21	_	_	_	_
104-0	TOI014	104	104	0	m:h	mh	_	_	_	_	_	linguistic	_	none	_	Begin=208.7|End=209.1	0x1	_	_	_
105-0	TOI014	105	105	0	sicuramente:	sicuramente	_	_	_	_	_	linguistic	_	none	_	Begin=209.5	10x1	_	_	_
105-1	TOI014	105	105	1	il	il	_	_	_	_	_	linguistic	_	none	_	_	_	_	_	_
105-2	TOI014	105	105	2	turismo	turismo	_	_	_	_	_	linguistic	_	none	_	_	_	_	_	_
105-3	TOI014	105	105	3	aiuta	aiuta	_	_	_	_	_	linguistic	_	none	_	_	_	_	_	_
105-4	TOI014	105	105	4	molto	molto	_	_	_	_	_	linguistic	_	none	_	End=211.98	_	_	_	_
106-0	TOI014	106	106	0	perché::	perché	_	_	_	_	_	linguistic	_	none	_	Begin=212.48	5x2	_	_	_
106-1	TOI014	106	106	1	quando	quando	_	_	_	_	_	linguistic	_	none	_	_	_	_	_	_
106-2	TOI014	106	106	2	tu	tu	_	_	_	_	_	linguistic	_	none	_	_	_	_	_	_
106-3	TOI014	106	106	3	hai	hai	_	_	_	_	_	linguistic	_	none	_	_	_	_	_	_
106-4	TOI014	106	106	4	un	un	_	_	_	_	_	linguistic	_	none	_	_	_	_	_	_
106-5	TOI014	106	106	5	negozio	negozio	_	_	_	_	_	linguistic	_	none	_	End=214.66	_	_	_	_
107-0	TOI014	107	107	0	e:::	e	_	_	_	_	_	linguistic	_	none	_	Begin=215.3	0x3	_	_	_
107-1	TOI014	107	107	1	sai	sai	_	_	_	_	_	linguistic	_	none	_	_	_	_	_	_
107-2	TOI014	107	107	2	gestirlo	gestirlo	_	_	_	_	_	linguistic	_	none	_	_	_	_	_	_
107-3	TOI014	107	107	3	bene	bene	_	_	_	_	_	linguistic	_	none	_	End=217.27	_	_	_	_
108-0	TOI014	108	108	0	m:h	mh	_	_	_	_	_	linguistic	_	none	_	Begin=217.6	0x1	_	_	_
108-1	TOI014	108	108	1	molt~	molt~	_	_	_	_	_	linguistic	_	none	Interrupted=Yes	_	_	_	_	_
108-2	TOI014	108	108	2	mh	mh	_	_	_	_	_	linguistic	_	none	_	_	_	_	_	_
108-3	TOI014	108	108	3	diciamo	diciamo	_	_	_	_	_	linguistic	_	none	_	_	_	_	_	_
108-4	TOI014	108	108	4	che	che	_	_	_	_	_	linguistic	_	none	_	_	_	_	_	_
108-5	TOI014	108	108	5	ci	ci	_	_	_	_	_	linguistic	_	none	_	_	_	_	_	_
108-6	TOI014	108	108	6	sono	sono	_	_	_	_	_	linguistic	_	none	_	_	_	_	_	_
108-7	TOI014	108	108	7	molte	molte	_	_	_	_	_	linguistic	_	none	_	_	_	_	_	_
108-8	TOI014	108	108	8	più	più	_	_	_	_	_	linguistic	_	none	_	_	_	_	_	_
108-9	TOI014	108	108	9	possibilità	possibilità	_	_	_	_	_	linguistic	_	none	_	End=220.5	_	_	_	_
109-0	TOI014	109	109	0	che	che	_	_	_	_	_	linguistic	_	none	_	Begin=220.57	_	_	_	_
109-1	TOI014	109	109	1	la	la	_	_	_	_	_	linguistic	_	none	_	_	_	_	_	_
109-2	TOI014	109	109	2	gente	gente	_	_	_	_	_	linguistic	_	none	_	_	_	_	_	_
109-3	TOI014	109	109	3	entri	entri	_	_	_	_	_	linguistic	_	none	_	_	_	_	_	_
109-4	TOI014	109	109	4	dia	dia	_	_	_	_	_	linguistic	_	none	_	_	_	_	_	_
109-5	TOI014	109	109	5	un'	un'	_	_	_	_	_	linguistic	_	none	SpaceAfter=No	_	_	_	_	_
109-6	TOI014	109	109	6	occhiata	occhiata	_	_	_	_	_	linguistic	_	none	_	_	_	_	_	_
109-7	TOI014	109	109	7	che	che	_	_	_	_	_	linguistic	_	none	_	_	_	_	_	_
109-8	TOI014	109	109	8	si	si	_	_	_	_	_	linguistic	_	none	_	_	_	_	_	_
109-9	TOI014	109	109	9	incuriosisca	incuriosisca	_	_	_	_	_	linguistic	_	none	_	End=223.21	_	_	_	_
110-0	TOI014	110	110	0	quindi:	quindi	_	_	_	_	_	linguistic	_	none	_	Begin=223.21	5x1	_	_	_
110-1	TOI014	110	110	1	le	le	_	_	_	_	_	linguistic	_	none	_	_	_	_	_	_
110-2	TOI014	110	110	2	città	città	_	_	_	_	_	linguistic	_	none	_	_	_	_	_	_
110-3	TOI014	110	110	3	con	con	_	_	_	_	_	linguistic	_	none	_	_	_	_	_	_
110-4	TOI014	110	110	4	molto	molto	_	_	_	_	_	linguistic	_	none	_	_	_	_	_	_
110-5	TOI014	110	110	5	turismo	turismo	_	_	_	_	_	linguistic	_	none	PauseAfter=Yes	_	_	_	_	_
110-6	TOI014	110	110	6	{P}	{P}	_	_	_	_	_	shortpause	_	none	_	_	_	_	_	_
110-7	TOI014	110	110	7	fanno	fanno	_	_	_	_	_	linguistic	_	none	_	_	_	_	_	_
110-8	TOI014	110	110	8	sì	sì	_	_	_	_	_	linguistic	_	none	_	_	_	_	_	_
110-9	TOI014	110	110	9	che	che	_	_	_	_	_	linguistic	_	none	_	_	_	_	_	_
110-10	TOI014	110	110	10	ci	ci	_	_	_	_	_	linguistic	_	none	_	_	_	_	_	_
110-11	TOI014	110	110	11	sia	sia	_	_	_	_	_	linguistic	_	none	_	_	_	_	_	_
110-12	TOI014	110	110	12	più	più	_	_	_	_	_	linguistic	_	none	_	_	_	_	_	_
110-13	TOI014	110	110	13	lavoro	lavoro	_	_	_	_	_	linguistic	_	none	_	End=227.01	_	_	_	_
111-0	TOR001	111	111	0	mh	mh	_	_	_	_	_	linguistic	_	none	_	Begin=227.3	_	_	_	_
111-1	TOR001	111	111	1	mh	mh	_	_	_	_	_	linguistic	_	none	_	End=227.613	_	_	_	_
112-0	TOI014	112	112	0	e:h	eh	_	_	_	_	_	linguistic	_	none	_	Begin=227.91|End=228.19	0x1	_	_	_
113-0	TOR001	113	113	0	ma	ma	_	_	_	_	_	linguistic	_	none	_	Begin=228.2	_	_	_	_
113-1	TOR001	113	113	1	>anche	anche	_	_	_	_	_	linguistic	_	none	_	_	_	Fast=0-5(0)	_	_
113-2	TOR001	113	113	2	per	per	_	_	_	_	_	linguistic	_	none	_	_	_	Fast=0-3(0)	_	_
113-3	TOR001	113	113	3	una	una	_	_	_	_	_	linguistic	_	none	_	_	_	Fast=0-3(0)	_	_
113-4	TOR001	113	113	4	cosa	cosa	_	_	_	_	_	linguistic	_	none	_	_	_	Fast=0-4(0)	_	_
113-5	TOR001	113	113	5	come	come	_	_	_	_	_	linguistic	_	none	_	_	_	Fast=0-4(0)	_	_
113-6	TOR001	113	113	6	i	i	_	_	_	_	_	linguistic	_	none	_	_	_	Fast=0-1(0)	_	_
113-7	TOR001	113	113	7	tatuaggi<?	tatuaggi	_	_	_	_	_	linguistic	_	none	Intonation=Rising	End=229.72	_	Fast=0-8(0)	_	_
114-0	TOI014	114	114	0	[si:]	si	_	_	_	_	_	linguistic	_	none	_	Begin=229.99|End=230.22	1x1	_	_	0-2(13)
115-0	TOR001	115	115	0	[c(io)è]	cioè	_	_	_	_	_	linguistic	_	none	_	Begin=229.995	_	_	1-3(0)	0-4(13)
115-1	TOR001	115	115	1	dici	dici	_	_	_	_	_	linguistic	_	none	_	_	_	_	_	_
115-2	TOR001	115	115	2	che	che	_	_	_	_	_	linguistic	_	none	_	_	_	_	_	_
115-3	TOR001	115	115	3	uno	uno	_	_	_	_	_	linguistic	_	none	_	_	_	_	_	_
115-4	TOR001	115	115	4	li	li	_	_	_	_	_	linguistic	_	none	_	_	_	_	_	_
115-5	TOR001	115	115	5	fa	fa	_	_	_	_	_	linguistic	_	none	_	_	_	_	_	_
115-6	TOR001	115	115	6	in	in	_	_	_	_	_	linguistic	_	none	_	_	_	_	_	_
115-7	TOR001	115	115	7	giro?	giro	_	_	_	_	_	linguistic	_	none	Intonation=Rising	End=231.3	_	_	_	_
116-0	TOI014	116	116	0	sì	sì	_	_	_	_	_	linguistic	_	none	_	Begin=231.42	_	_	_	_
116-1	TOI014	116	116	1	sì	sì	_	_	_	_	_	linguistic	_	none	_	_	_	_	_	_
116-2	TOI014	116	116	2	sì	sì	_	_	_	_	_	linguistic	_	none	_	_	_	_	_	_
116-3	TOI014	116	116	3	assolutamente	assolutamente	_	_	_	_	_	linguistic	_	none	_	End=232.78	_	_	_	_
117-0	TOI014	117	117	0	capita	capita	_	_	_	_	_	linguistic	_	none	_	Begin=232.9	_	_	_	_
117-1	TOI014	117	117	1	di	di	_	_	_	_	_	linguistic	_	none	_	_	_	_	_	_
117-2	TOI014	117	117	2	andare	andare	_	_	_	_	_	linguistic	_	none	_	_	_	_	_	_
117-3	TOI014	117	117	3	in	in	_	_	_	_	_	linguistic	_	none	_	_	_	_	_	_
117-4	TOI014	117	117	4	una	una	_	_	_	_	_	linguistic	_	none	_	_	_	_	_	_
117-5	TOI014	117	117	5	città	città	_	_	_	_	_	linguistic	_	none	_	_	_	_	_	_
117-6	TOI014	117	117	6	magari	magari	_	_	_	_	_	linguistic	_	none	_	_	_	_	_	_
117-7	TOI014	117	117	7	in	in	_	_	_	_	_	linguistic	_	none	_	_	_	_	_	_
117-8	TOI014	117	117	8	vacanza	vacanza	_	_	_	_	_	linguistic	_	none	_	_	_	_	_	_
117-9	TOI014	117	117	9	e	e	_	_	_	_	_	linguistic	_	none	_	_	_	_	_	_
117-10	TOI014	117	117	10	di	di	_	_	_	_	_	linguistic	_	none	_	_	_	_	_	_
117-11	TOI014	117	117	11	vedere	vedere	_	_	_	_	_	linguistic	_	none	_	_	_	_	_	_
117-12	TOI014	117	117	12	che	che	_	_	_	_	_	linguistic	_	none	_	_	_	_	_	_
117-13	TOI014	117	117	13	c'	c'	_	_	_	_	_	linguistic	_	none	SpaceAfter=No	_	_	_	_	_
117-14	TOI014	117	117	14	è:	è	_	_	_	_	_	linguistic	_	none	_	End=236.72	0x1	_	_	_
118-0	TOI014	118	118	0	l'	l'	_	_	_	_	_	linguistic	_	none	SpaceAfter=No	Begin=236.91	_	_	_	_
118-1	TOI014	118	118	1	artista	artista	_	_	_	_	_	linguistic	_	none	PauseAfter=Yes	_	_	_	_	_
118-2	TOI014	118	118	2	{P}	{P}	_	_	_	_	_	shortpause	_	none	_	_	_	_	_	_
118-3	TOI014	118	118	3	mh	mh	_	_	_	_	_	linguistic	_	none	_	_	_	_	_	_
118-4	TOI014	118	118	4	dal	dal	_	_	_	_	_	linguistic	_	none	_	_	_	_	_	_
118-5	TOI014	118	118	5	quale	quale	_	_	_	_	_	linguistic	_	none	_	_	_	_	_	_
118-6	TOI014	118	118	6	si	si	_	_	_	_	_	linguistic	_	none	_	_	_	_	_	_
118-7	TOI014	118	118	7	vorrebbe	vorrebbe	_	_	_	_	_	linguistic	_	none	_	_	_	_	_	_
118-8	TOI014	118	118	8	un	un	_	_	_	_	_	linguistic	_	none	_	_	_	_	_	_
118-9	TOI014	118	118	9	tatuaggio	tatuaggio	_	_	_	_	_	linguistic	_	none	_	End=240.21	_	_	_	_
119-0	TOI014	119	119	0	che:	che	_	_	_	_	_	linguistic	_	none	_	Begin=240.28	2x1	_	_	_
119-1	TOI014	119	119	1	magari	magari	_	_	_	_	_	linguistic	_	none	_	_	_	_	_	_
119-2	TOI014	119	119	2	è	è	_	_	_	_	_	linguistic	_	none	_	_	_	_	_	_
119-3	TOI014	119	119	3	in	in	_	_	_	_	_	linguistic	_	none	_	_	_	_	_	_
119-4	TOI014	119	119	4	trasferta	trasferta	_	_	_	_	_	linguistic	_	none	_	_	_	_	_	_
119-5	TOI014	119	119	5	in	in	_	_	_	_	_	linguistic	_	none	_	_	_	_	_	_
119-6	TOI014	119	119	6	quel	quel	_	_	_	_	_	linguistic	_	none	_	_	_	_	_	_
119-7	TOI014	119	119	7	periodo	periodo	_	_	_	_	_	linguistic	_	none	_	_	_	_	_	_
119-8	TOI014	119	119	8	casualmente	casualmente	_	_	_	_	_	linguistic	_	none	_	_	_	_	_	_
119-9	TOI014	119	119	9	nella	nella	_	_	_	_	_	linguistic	_	none	_	_	_	_	_	_
119-10	TOI014	119	119	10	stessa	stessa	_	_	_	_	_	linguistic	_	none	_	_	_	_	_	_
119-11	TOI014	119	119	11	città	città	_	_	_	_	_	linguistic	_	none	_	_	_	_	_	_
119-12	TOI014	119	119	12	dove	dove	_	_	_	_	_	linguistic	_	none	_	_	_	_	_	_
119-13	TOI014	119	119	13	sei	sei	_	_	_	_	_	linguistic	_	none	_	_	_	_	_	_
119-14	TOI014	119	119	14	tu	tu	_	_	_	_	_	linguistic	_	none	_	End=244.3	_	_	_	_
120-0	TOI014	120	120	0	quindi	quindi	_	_	_	_	_	linguistic	_	none	_	Begin=244.5	_	_	_	_
120-1	TOI014	120	120	1	[ne	ne	_	_	_	_	_	linguistic	_	none	_	_	_	_	_	0-2(14)
120-2	TOI014	120	120	2	approfitti]	approfitti	_	_	_	_	_	linguistic	_	none	_	End=245.6	_	_	_	0-10(14)
121-0	TOR001	121	121	0	[oka:y]	okay	_	_	_	_	_	linguistic	_	none	_	Begin=244.79|End=245.4	2x1	_	_	0-4(14)
122-0	TOR001	122	122	0	quindi	quindi	_	_	_	_	_	linguistic	_	none	_	Begin=246.0	_	_	_	_
122-1	TOR001	122	122	1	per	per	_	_	_	_	_	linguistic	_	none	_	_	_	_	_	_
122-2	TOR001	122	122	2	l'	l'	_	_	_	_	_	linguistic	_	none	SpaceAfter=No	_	_	_	_	_
122-3	TOR001	122	122	3	artista	artista	_	_	_	_	_	linguistic	_	none	_	_	_	_	_	_
122-4	TOR001	122	122	4	speci[fico	specifico	_	_	_	_	_	linguistic	_	none	_	_	_	_	_	4-9(15)
122-5	TOR001	122	122	5	dici],	dici	_	_	_	_	_	linguistic	_	none	Intonation=WeaklyRising	End=247.71	_	_	_	0-4(15)
123-0	TOI014	123	123	0	[esatto]	esatto	_	_	_	_	_	linguistic	_	none	_	Begin=247.1|End=247.71	_	_	_	0-6(15)
124-0	TOR001	124	124	0	okay	okay	_	_	_	_	_	linguistic	_	none	_	Begin=248.01|End=248.47	_	_	_	_
125-0	TOR002	125	125	0	eh	eh	_	_	_	_	_	linguistic	_	none	_	Begin=248.48	_	_	_	_
125-1	TOR002	125	125	1	devi	devi	_	_	_	_	_	linguistic	_	none	_	_	_	_	_	_
125-2	TOR002	125	125	2	già	già	_	_	_	_	_	linguistic	_	none	_	_	_	_	_	_
125-3	TOR002	125	125	3	essere	essere	_	_	_	_	_	linguistic	_	none	_	_	_	_	_	_
125-4	TOR002	125	125	4	bello	bello	_	_	_	_	_	linguistic	_	none	_	_	_	_	_	_
125-5	TOR002	125	125	5	un	un	_	_	_	_	_	linguistic	_	none	_	_	_	_	_	_
125-6	TOR002	125	125	6	po'	po'	_	_	_	_	_	linguistic	_	none	_	_	_	_	_	_
125-7	TOR002	125	125	7	infognato	infognato	_	_	_	_	_	linguistic	_	none	_	_	_	_	_	_
125-8	TOR002	125	125	8	eh	eh	_	_	_	_	_	linguistic	_	none	_	_	_	_	_	_
125-9	TOR002	125	125	9	però	però	_	_	_	_	_	linguistic	_	none	_	End=251.1	_	_	_	_
126-0	TOI014	126	126	0	sì	sì	_	_	_	_	_	linguistic	_	none	PauseAfter=Yes	Begin=251.1	_	_	_	_
126-1	TOI014	126	126	1	{P}	{P}	_	_	_	_	_	shortpause	_	none	_	_	_	_	_	_
126-2	TOI014	126	126	2	abbastanza	abbastanza	_	_	_	_	_	linguistic	_	none	_	End=252.79	_	_	_	_
127-0	TOR002	127	127	0	c(io)è	cioè	_	_	_	_	_	linguistic	_	none	_	Begin=252.79	_	_	1-3(0)	_
127-1	TOR002	127	127	1	uno	uno	_	_	_	_	_	linguistic	_	none	_	_	_	_	_	_
127-2	TOR002	127	127	2	che	che	_	_	_	_	_	linguistic	_	none	_	_	_	_	_	_
127-3	TOR002	127	127	3	fa	fa	_	_	_	_	_	linguistic	_	none	_	_	_	_	_	_
127-4	TOR002	127	127	4	il	il	_	_	_	_	_	linguistic	_	none	_	_	_	_	_	_
127-5	TOR002	127	127	5	primo	primo	_	_	_	_	_	linguistic	_	none	_	_	_	_	_	_
127-6	TOR002	127	127	6	tatuaggio	tatuaggio	_	_	_	_	_	linguistic	_	none	_	_	_	_	_	_
127-7	TOR002	127	127	7	tendenzialemente:	tendenzialemente	_	_	_	_	_	linguistic	_	none	_	End=255.82	15x1	_	_	_
128-0	TOR002	128	128	0	[è	è	_	_	_	_	_	linguistic	_	none	_	Begin=255.82	_	_	_	0-1(16)
128-1	TOR002	128	128	1	difficile	difficile	_	_	_	_	_	linguistic	_	none	_	_	_	_	_	0-9(16)
128-2	TOR002	128	128	2	che	che	_	_	_	_	_	linguistic	_	none	_	_	_	_	_	0-3(16)
128-3	TOR002	128	128	3	xxx]	xxx	_	_	_	_	_	unknown	_	none	Syllables=3	End=256.543	_	_	_	0-3(16)
129-0	TOR001	129	129	0	[beh	beh	_	_	_	_	_	linguistic	_	none	_	Begin=255.82	_	_	_	0-3(16)
129-1	TOR001	129	129	1	io	io	_	_	_	_	_	linguistic	_	none	_	_	_	_	_	0-2(16)
129-2	TOR001	129	129	2	l'	l'	_	_	_	_	_	linguistic	_	none	SpaceAfter=No	_	_	_	_	0-2(16)
129-3	TOR001	129	129	3	ho	ho	_	_	_	_	_	linguistic	_	none	_	_	_	_	_	0-2(16)
129-4	TOR001	129	129	4	fatto	fatto	_	_	_	_	_	linguistic	_	none	_	_	_	_	_	0-5(16)
129-5	TOR001	129	129	5	a]	a	_	_	_	_	_	linguistic	_	none	_	_	_	_	_	0-1(16)
129-6	TOR001	129	129	6	parigi	parigi	_	_	_	_	_	linguistic	_	none	_	End=256.916	_	_	_	_
130-0	TOR002	130	130	0	s[i:]?	si	_	_	_	_	_	linguistic	_	none	Intonation=Rising	Begin=257.39|End=257.709	1x1	_	_	1-2(17)
131-0	TOR001	131	131	0	[il]	il	_	_	_	_	_	linguistic	_	none	_	Begin=257.6	_	_	_	0-2(17)
131-1	TOR001	131	131	1	primo	primo	_	_	_	_	_	linguistic	_	none	_	_	_	_	_	_
131-2	TOR001	131	131	2	eh	eh	_	_	_	_	_	linguistic	_	none	_	End=258.5	_	_	_	_
132-0	TOR001	132	132	0	{ride}	{ride}	_	_	_	_	_	nonverbalbehavior	_	none	_	Begin=259.209|End=262.183	_	_	_	_
133-0	TOR002	133	133	0	xxx	xxx	_	_	_	_	_	unknown	_	none	Syllables=3	Begin=260.01|End=261.901	_	_	_	_
134-0	TOR002	134	134	0	no	no	_	_	_	_	_	linguistic	_	none	_	Begin=261.901	_	_	_	_
134-1	TOR002	134	134	1	beh	beh	_	_	_	_	_	linguistic	_	none	_	_	_	_	_	_
134-2	TOR002	134	134	2	ma	ma	_	_	_	_	_	linguistic	_	none	_	_	_	_	_	_
134-3	TOR002	134	134	3	perché	perché	_	_	_	_	_	linguistic	_	none	_	_	_	_	_	_
134-4	TOR002	134	134	4	starei	starei	_	_	_	_	_	linguistic	_	none	_	_	_	_	_	_
134-5	TOR002	134	134	5	tipo	tipo	_	_	_	_	_	linguistic	_	none	_	_	_	_	_	_
134-6	TOR002	134	134	6	sei	sei	_	_	_	_	_	linguistic	_	none	_	_	_	_	_	_
134-7	TOR002	134	134	7	mesi	mesi	_	_	_	_	_	linguistic	_	none	_	_	_	_	_	_
134-8	TOR002	134	134	8	solo	solo	_	_	_	_	_	linguistic	_	none	_	_	_	_	_	_
134-9	TOR002	134	134	9	a	a	_	_	_	_	_	linguistic	_	none	_	_	_	_	_	_
134-10	TOR002	134	134	10	ragionare	ragionare	_	_	_	_	_	linguistic	_	none	_	_	_	_	_	_
134-11	TOR002	134	134	11	su	su	_	_	_	_	_	linguistic	_	none	_	_	_	_	_	_
134-12	TOR002	134	134	12	cosa	cosa	_	_	_	_	_	linguistic	_	none	_	_	_	_	_	_
134-13	TOR002	134	134	13	voglio	voglio	_	_	_	_	_	linguistic	_	none	_	End=265.865	_	_	_	_
135-0	TOR002	135	135	0	cosa	cosa	_	_	_	_	_	linguistic	_	none	_	Begin=265.865	_	_	_	_
135-1	TOR002	135	135	1	non	non	_	_	_	_	_	linguistic	_	none	_	_	_	_	_	_
135-2	TOR002	135	135	2	voglio	voglio	_	_	_	_	_	linguistic	_	none	_	_	_	_	_	_
135-3	TOR002	135	135	3	e	e	_	_	_	_	_	linguistic	_	none	_	_	_	_	_	_
135-4	TOR002	135	135	4	poi::	poi	_	_	_	_	_	linguistic	_	none	_	End=267.62	2x2	_	_	_
136-0	TOI014	136	136	0	eh	eh	_	_	_	_	_	linguistic	_	none	_	Begin=268.52	_	_	_	_
136-1	TOI014	136	136	1	>invece	invece	_	_	_	_	_	linguistic	_	none	_	_	_	Fast=0-6(0)	_	_
136-2	TOI014	136	136	2	io	io	_	_	_	_	_	linguistic	_	none	_	_	_	Fast=0-2(0)	_	_
136-3	TOI014	136	136	3	ho	ho	_	_	_	_	_	linguistic	_	none	_	_	_	Fast=0-2(0)	_	_
136-4	TOI014	136	136	4	notato<	notato	_	_	_	_	_	linguistic	_	none	_	_	_	Fast=0-6(0)	_	_
136-5	TOI014	136	136	5	che:	che	_	_	_	_	_	linguistic	_	none	_	End=270.23	2x1	_	_	_
137-0	TOI014	137	137	0	molte	molte	_	_	_	_	_	linguistic	_	none	_	Begin=270.5	_	_	_	_
137-1	TOI014	137	137	1	volte	volte	_	_	_	_	_	linguistic	_	none	_	_	_	_	_	_
137-2	TOI014	137	137	2	mi	mi	_	_	_	_	_	linguistic	_	none	_	_	_	_	_	_
137-3	TOI014	137	137	3	lascio	lascio	_	_	_	_	_	linguistic	_	none	_	_	_	_	_	_
137-4	TOI014	137	137	4	andare	andare	_	_	_	_	_	linguistic	_	none	PauseAfter=Yes	_	_	_	_	_
137-5	TOI014	137	137	5	{P}	{P}	_	_	_	_	_	shortpause	_	none	_	_	_	_	_	_
137-6	TOI014	137	137	6	dal	dal	_	_	_	_	_	linguistic	_	none	_	_	_	_	_	_
137-7	TOI014	137	137	7	momento	momento	_	_	_	_	_	linguistic	_	none	_	_	_	_	_	_
137-8	TOI014	137	137	8	e:h	eh	_	_	_	_	_	linguistic	_	none	_	End=273.49	0x1	_	_	_
138-0	TOI014	138	138	0	soprattutto:	soprattutto	_	_	_	_	_	linguistic	_	none	_	Begin=274.22	10x1	_	_	_
138-1	TOI014	138	138	1	>se	se	_	_	_	_	_	linguistic	_	none	_	_	_	Fast=0-2(0)	_	_
138-2	TOI014	138	138	2	vedo	vedo	_	_	_	_	_	linguistic	_	none	_	_	_	Fast=0-4(0)	_	_
138-3	TOI014	138	138	3	qualcosa	qualcosa	_	_	_	_	_	linguistic	_	none	_	_	_	Fast=0-8(0)	_	_
138-4	TOI014	138	138	4	che	che	_	_	_	_	_	linguistic	_	none	_	_	_	Fast=0-3(0)	_	_
138-5	TOI014	138	138	5	mi	mi	_	_	_	_	_	linguistic	_	none	_	_	_	Fast=0-2(0)	_	_
138-6	TOI014	138	138	6	piace	piace	_	_	_	_	_	linguistic	_	none	_	_	_	Fast=0-5(0)	_	_
138-7	TOI014	138	138	7	fatto	fatto	_	_	_	_	_	linguistic	_	none	_	_	_	Fast=0-5(0)	_	_
138-8	TOI014	138	138	8	da	da	_	_	_	_	_	linguistic	_	none	_	_	_	Fast=0-2(0)	_	_
138-9	TOI014	138	138	9	qualcuno	qualcuno	_	_	_	_	_	linguistic	_	none	_	_	_	Fast=0-8(0)	_	_
138-10	TOI014	138	138	10	e	e	_	_	_	_	_	linguistic	_	none	_	_	_	Fast=0-1(0)	_	_
138-11	TOI014	138	138	11	lo	lo	_	_	_	_	_	linguistic	_	none	_	_	_	Fast=0-2(0)	_	_
138-12	TOI014	138	138	12	riconosco	riconosco	_	_	_	_	_	linguistic	_	none	_	_	_	Fast=0-9(0)	_	_
138-13	TOI014	138	138	13	e	e	_	_	_	_	_	linguistic	_	none	_	_	_	Fast=0-1(0)	_	_
138-14	TOI014	138	138	14	penso<	penso	_	_	_	_	_	linguistic	_	none	_	_	_	Fast=0-5(0)	_	_
138-15	TOI014	138	138	15	che:::	che	_	_	_	_	_	linguistic	_	none	_	End=278.924	2x3	_	_	_
139-0	TOI014	139	139	0	possa	possa	_	_	_	_	_	linguistic	_	none	_	Begin=279.11	_	_	_	_
139-1	TOI014	139	139	1	essere	essere	_	_	_	_	_	linguistic	_	none	_	_	_	_	_	_
139-2	TOI014	139	139	2	una	una	_	_	_	_	_	linguistic	_	none	_	_	_	_	_	_
139-3	TOI014	139	139	3	bella	bella	_	_	_	_	_	linguistic	_	none	_	_	_	_	_	_
139-4	TOI014	139	139	4	idea	idea	_	_	_	_	_	linguistic	_	none	_	End=280.9	_	_	_	_
140-0	TOI014	140	140	0	averlo	averlo	_	_	_	_	_	linguistic	_	none	_	Begin=280.9	_	_	_	_
140-1	TOI014	140	140	1	sul	sul	_	_	_	_	_	linguistic	_	none	_	_	_	_	_	_
140-2	TOI014	140	140	2	mio	mio	_	_	_	_	_	linguistic	_	none	_	_	_	_	_	_
140-3	TOI014	140	140	3	corpo	corpo	_	_	_	_	_	linguistic	_	none	_	End=282.19	_	_	_	_
141-0	TOR001	141	141	0	mh	mh	_	_	_	_	_	linguistic	_	none	_	Begin=282.2	_	_	_	_
141-1	TOR001	141	141	1	[mh]	mh	_	_	_	_	_	linguistic	_	none	_	End=282.72	_	_	_	0-2(18)
142-0	TOI014	142	142	0	[perché]	perché	_	_	_	_	_	linguistic	_	none	_	Begin=282.48	_	_	_	0-6(18)
142-1	TOI014	142	142	1	mi	mi	_	_	_	_	_	linguistic	_	none	_	_	_	_	_	_
142-2	TOI014	142	142	2	é	é	_	_	_	_	_	linguistic	_	none	_	_	_	_	_	_
142-3	TOI014	142	142	3	piaciuta	piaciuta	_	_	_	_	_	linguistic	_	none	_	_	_	_	_	_
142-4	TOI014	142	142	4	l'	l'	_	_	_	_	_	linguistic	_	none	SpaceAfter=No	_	_	_	_	_
142-5	TOI014	142	142	5	idea	idea	_	_	_	_	_	linguistic	_	none	_	_	_	_	_	_
142-6	TOI014	142	142	6	che	che	_	_	_	_	_	linguistic	_	none	_	_	_	_	_	_
142-7	TOI014	142	142	7	ha	ha	_	_	_	_	_	linguistic	_	none	_	_	_	_	_	_
142-8	TOI014	142	142	8	avuto	avuto	_	_	_	_	_	linguistic	_	none	_	End=284.02	_	_	_	_
143-0	TOI014	143	143	0	eh	eh	_	_	_	_	_	linguistic	_	none	_	Begin=284.2	_	_	_	_
143-1	TOI014	143	143	1	e	e	_	_	_	_	_	linguistic	_	none	_	_	_	_	_	_
143-2	TOI014	143	143	2	il	il	_	_	_	_	_	linguistic	_	none	_	_	_	_	_	_
143-3	TOI014	143	143	3	modo	modo	_	_	_	_	_	linguistic	_	none	_	_	_	_	_	_
143-4	TOI014	143	143	4	di	di	_	_	_	_	_	linguistic	_	none	_	_	_	_	_	_
143-5	TOI014	143	143	5	trasmettermi:	trasmettermi	_	_	_	_	_	linguistic	_	none	_	_	11x1	_	_	_
143-6	TOI014	143	143	6	i	i	_	_	_	_	_	linguistic	_	none	_	_	_	_	_	_
143-7	TOI014	143	143	7	propri	propri	_	_	_	_	_	linguistic	_	none	_	_	_	_	_	_
143-8	TOI014	143	143	8	lavori	lavori	_	_	_	_	_	linguistic	_	none	_	End=286.72	_	_	_	_
144-0	TOR001	144	144	0	mh	mh	_	_	_	_	_	linguistic	_	none	_	Begin=286.9	_	_	_	_
144-1	TOR001	144	144	1	mh	mh	_	_	_	_	_	linguistic	_	none	_	_	_	_	_	_
144-2	TOR001	144	144	2	mh	mh	_	_	_	_	_	linguistic	_	none	_	_	_	_	_	_
144-3	TOR001	144	144	3	[okay]	okay	_	_	_	_	_	linguistic	_	none	_	End=288.035	_	_	_	0-4(19)
145-0	TOI014	145	145	0	[mi:]	mi	_	_	_	_	_	linguistic	_	none	_	Begin=287.57	1x1	_	_	0-2(19)
145-1	TOI014	145	145	1	mi	mi	_	_	_	_	_	linguistic	_	none	_	_	_	_	_	_
145-2	TOI014	145	145	2	interessa	interessa	_	_	_	_	_	linguistic	_	none	_	_	_	_	_	_
145-3	TOI014	145	145	3	questo	questo	_	_	_	_	_	linguistic	_	none	_	End=289.41	_	_	_	_
146-0	TOR001	146	146	0	ma	ma	_	_	_	_	_	linguistic	_	none	_	Begin=289.6	_	_	_	_
146-1	TOR001	146	146	1	quindi	quindi	_	_	_	_	_	linguistic	_	none	_	_	_	_	_	_
146-2	TOR001	146	146	2	se	se	_	_	_	_	_	linguistic	_	none	_	_	_	_	_	_
146-3	TOR001	146	146	3	dicidi	dicidi	_	_	_	_	_	linguistic	_	none	_	_	_	_	_	_
146-4	TOR001	146	146	4	di	di	_	_	_	_	_	linguistic	_	none	_	_	_	_	_	_
146-5	TOR001	146	146	5	tatuarti	tatuarti	_	_	_	_	_	linguistic	_	none	_	_	_	_	_	_
146-6	TOR001	146	146	6	é	é	_	_	_	_	_	linguistic	_	none	_	_	_	_	_	_
146-7	TOR001	146	146	7	una	una	_	_	_	_	_	linguistic	_	none	_	_	_	_	_	_
146-8	TOR001	146	146	8	cosa	cosa	_	_	_	_	_	linguistic	_	none	_	_	_	_	_	_
146-9	TOR001	146	146	9	che:	che	_	_	_	_	_	linguistic	_	none	_	_	2x1	_	_	_
146-10	TOR001	146	146	10	decidi	decidi	_	_	_	_	_	linguistic	_	none	_	_	_	_	_	_
146-11	TOR001	146	146	11	al	al	_	_	_	_	_	linguistic	_	none	_	_	_	_	_	_
146-12	TOR001	146	146	12	momento	momento	_	_	_	_	_	linguistic	_	none	_	_	_	_	_	_
146-13	TOR001	146	146	13	e	e	_	_	_	_	_	linguistic	_	none	_	_	_	_	_	_
146-14	TOR001	146	146	14	fai:	fai	_	_	_	_	_	linguistic	_	none	_	End=293.321	2x1	_	_	_
147-0	TOR001	147	147	0	tra	tra	_	_	_	_	_	linguistic	_	none	_	Begin=293.5	_	_	_	_
147-1	TOR001	147	147	1	virgolette	virgolette	_	_	_	_	_	linguistic	_	none	_	_	_	_	_	_
147-2	TOR001	147	147	2	nell'	nell'	_	_	_	_	_	linguistic	_	none	SpaceAfter=No	_	_	_	_	_
147-3	TOR001	147	147	3	immedatiato,	immedatiato	_	_	_	_	_	linguistic	_	none	Intonation=WeaklyRising	End=295.12	_	_	_	_
148-0	TOR001	148	148	0	[oppure]	oppure	_	_	_	_	_	linguistic	_	none	_	Begin=295.21	_	_	_	0-6(20)
148-1	TOR001	148	148	1	é	é	_	_	_	_	_	linguistic	_	none	_	_	_	_	_	_
148-2	TOR001	148	148	2	una	una	_	_	_	_	_	linguistic	_	none	_	_	_	_	_	_
148-3	TOR001	148	148	3	cosa	cosa	_	_	_	_	_	linguistic	_	none	_	_	_	_	_	_
148-4	TOR001	148	148	4	che::	che	_	_	_	_	_	linguistic	_	none	_	_	2x2	_	_	_
148-5	TOR001	148	148	5	metabolizzi	metabolizzi	_	_	_	_	_	linguistic	_	none	_	_	_	_	_	_
148-6	TOR001	148	148	6	e	e	_	_	_	_	_	linguistic	_	none	_	_	_	_	_	_
148-7	TOR001	148	148	7	poi	poi	_	_	_	_	_	linguistic	_	none	_	_	_	_	_	_
148-8	TOR001	148	148	8	col	col	_	_	_	_	_	linguistic	_	none	_	_	_	_	_	_
148-9	TOR001	148	148	9	tem[po:::]	tempo	_	_	_	_	_	linguistic	_	none	_	End=298.368	4x3	_	_	3-5(21)
149-0	TOI014	149	149	0	[sì]	sì	_	_	_	_	_	linguistic	_	none	_	Begin=295.21|End=295.51	_	_	_	0-2(20)
150-0	TOI014	150	150	0	[no]	no	_	_	_	_	_	linguistic	_	none	_	Begin=298.01	_	_	_	0-2(21)
150-1	TOI014	150	150	1	io	io	_	_	_	_	_	linguistic	_	none	_	_	_	_	_	_
150-2	TOI014	150	150	2	ho	ho	_	_	_	_	_	linguistic	_	none	_	_	_	_	_	_
150-3	TOI014	150	150	3	notato	notato	_	_	_	_	_	linguistic	_	none	_	_	_	_	_	_
150-4	TOI014	150	150	4	che:	che	_	_	_	_	_	linguistic	_	none	_	End=299.49	2x1	_	_	_
151-0	TOI014	151	151	0	m:h	mh	_	_	_	_	_	linguistic	_	none	_	Begin=299.53	0x1	_	_	_
151-1	TOI014	151	151	1	mi	mi	_	_	_	_	_	linguistic	_	none	_	_	_	_	_	_
151-2	TOI014	151	151	2	lascio	lascio	_	_	_	_	_	linguistic	_	none	_	_	_	_	_	_
151-3	TOI014	151	151	3	prendere	prendere	_	_	_	_	_	linguistic	_	none	_	_	_	_	_	_
151-4	TOI014	151	151	4	abbastanza	abbastanza	_	_	_	_	_	linguistic	_	none	_	_	_	_	_	_
151-5	TOI014	151	151	5	da	da	_	_	_	_	_	linguistic	_	none	_	_	_	_	_	_
151-6	TOI014	151	151	6	quello	quello	_	_	_	_	_	linguistic	_	none	_	_	_	_	_	_
151-7	TOI014	151	151	7	che	che	_	_	_	_	_	linguistic	_	none	_	_	_	_	_	_
151-8	TOI014	151	151	8	è	è	_	_	_	_	_	linguistic	_	none	_	_	_	_	_	_
151-9	TOI014	151	151	9	il	il	_	_	_	_	_	linguistic	_	none	_	_	_	_	_	_
151-10	TOI014	151	151	10	momento	momento	_	_	_	_	_	linguistic	_	none	_	End=302.19	_	_	_	_
152-0	TOR001	152	152	0	mh	mh	_	_	_	_	_	linguistic	_	none	_	Begin=302.2	_	_	_	_
152-1	TOR001	152	152	1	[mh]	mh	_	_	_	_	_	linguistic	_	none	_	End=302.51	_	_	_	0-2(22)
153-0	TOI014	153	153	0	[e:h]	eh	_	_	_	_	_	linguistic	_	none	PauseAfter=Yes	Begin=302.406	0x1	_	_	0-2(22)
153-1	TOI014	153	153	1	{P}	{P}	_	_	_	_	_	shortpause	_	none	_	_	_	_	_	_
153-2	TOI014	153	153	2	mi	mi	_	_	_	_	_	linguistic	_	none	_	_	_	_	_	_
153-3	TOI014	153	153	3	piace	piace	_	_	_	_	_	linguistic	_	none	_	_	_	_	_	_
153-4	TOI014	153	153	4	uscire	uscire	_	_	_	_	_	linguistic	_	none	PauseAfter=Yes	_	_	_	_	_
153-5	TOI014	153	153	5	{P}	{P}	_	_	_	_	_	shortpause	_	none	_	_	_	_	_	_
153-6	TOI014	153	153	6	vedere	vedere	_	_	_	_	_	linguistic	_	none	_	_	_	_	_	_
153-7	TOI014	153	153	7	negozi	negozi	_	_	_	_	_	linguistic	_	none	_	End=305.5	_	_	_	_
154-0	TOI014	154	154	0	e	e	_	_	_	_	_	linguistic	_	none	_	Begin=305.5	_	_	_	_
154-1	TOI014	154	154	1	quando	quando	_	_	_	_	_	linguistic	_	none	_	_	_	_	_	_
154-2	TOI014	154	154	2	vedo	vedo	_	_	_	_	_	linguistic	_	none	PauseAfter=Yes	_	_	_	_	_
154-3	TOI014	154	154	3	{P}	{P}	_	_	_	_	_	shortpause	_	none	_	_	_	_	_	_
154-4	TOI014	154	154	4	un'	un'	_	_	_	_	_	linguistic	_	none	SpaceAfter=No	_	_	_	_	_
154-5	TOI014	154	154	5	idea	idea	_	_	_	_	_	linguistic	_	none	_	_	_	_	_	_
154-6	TOI014	154	154	6	che	che	_	_	_	_	_	linguistic	_	none	_	_	_	_	_	_
154-7	TOI014	154	154	7	mi	mi	_	_	_	_	_	linguistic	_	none	_	_	_	_	_	_
154-8	TOI014	154	154	8	mi	mi	_	_	_	_	_	linguistic	_	none	_	_	_	_	_	_
154-9	TOI014	154	154	9	piace	piace	_	_	_	_	_	linguistic	_	none	_	_	_	_	_	_
154-10	TOI014	154	154	10	ne	ne	_	_	_	_	_	linguistic	_	none	_	_	_	_	_	_
154-11	TOI014	154	154	11	approfitto	approfitto	_	_	_	_	_	linguistic	_	none	_	End=309.51	_	_	_	_
155-0	TOI014	155	155	0	e	e	_	_	_	_	_	linguistic	_	none	_	Begin=309.52	_	_	_	_
155-1	TOI014	155	155	1	decido	decido	_	_	_	_	_	linguistic	_	none	_	_	_	_	_	_
155-2	TOI014	155	155	2	di	di	_	_	_	_	_	linguistic	_	none	_	_	_	_	_	_
155-3	TOI014	155	155	3	farla	farla	_	_	_	_	_	linguistic	_	none	_	_	_	_	_	_
155-4	TOI014	155	155	4	io	io	_	_	_	_	_	linguistic	_	none	_	_	_	_	_	_
155-5	TOI014	155	155	5	anziché	anziché	_	_	_	_	_	linguistic	_	none	_	_	_	_	_	_
155-6	TOI014	155	155	6	qualcun'	qualcun'	_	_	_	_	_	linguistic	_	none	SpaceAfter=No	_	_	_	_	_
155-7	TOI014	155	155	7	altro	altro	_	_	_	_	_	linguistic	_	none	_	_	_	_	_	_
155-8	TOI014	155	155	8	[no?	no	_	_	_	_	_	linguistic	_	none	Intonation=Rising	_	_	_	_	0-2(23)
155-9	TOI014	155	155	9	ecco]	ecco	_	_	_	_	_	linguistic	_	none	_	End=312.099	_	_	_	0-4(23)
156-0	TOR001	156	156	0	{ride}	{ride}	_	_	_	_	_	nonverbalbehavior	_	none	_	Begin=311.1	_	_	_	_
156-1	TOR001	156	156	1	[okay]	okay	_	_	_	_	_	linguistic	_	none	_	End=312.107	_	_	_	0-4(23)
157-0	TOR001	157	157	0	d'	d'	_	_	_	_	_	linguistic	_	none	SpaceAfter=No	Begin=312.7	_	_	_	_
157-1	TOR001	157	157	1	accordo	accordo	_	_	_	_	_	linguistic	_	none	_	End=313.32	_	_	_	_
158-0	TOR001	158	158	0	e:hm::	ehm	_	_	_	_	_	linguistic	_	none	_	Begin=314.01	0x1,2x2	_	_	_
158-1	TOR001	158	158	1	>hai	hai	_	_	_	_	_	linguistic	_	none	_	_	_	Fast=0-3(0)	_	_
158-2	TOR001	158	158	2	mai	mai	_	_	_	_	_	linguistic	_	none	_	_	_	Fast=0-3(0)	_	_
158-3	TOR001	158	158	3	vissuto	vissuto	_	_	_	_	_	linguistic	_	none	_	_	_	Fast=0-7(0)	_	_
158-4	TOR001	158	158	4	fuori	fuori	_	_	_	_	_	linguistic	_	none	_	_	_	Fast=0-5(0)	_	_
158-5	TOR001	158	158	5	torino<?	torino	_	_	_	_	_	linguistic	_	none	Intonation=Rising	End=315.99	_	Fast=0-6(0)	_	_
159-0	TOI014	159	159	0	ho	ho	_	_	_	_	_	linguistic	_	none	_	Begin=316.61	_	_	_	_
159-1	TOI014	159	159	1	vissuto	vissuto	_	_	_	_	_	linguistic	_	none	_	_	_	_	_	_
159-2	TOI014	159	159	2	a	a	_	_	_	_	_	linguistic	_	none	_	_	_	_	_	_
159-3	TOI014	159	159	3	barcellona	barcellona	_	_	_	_	_	linguistic	_	none	_	End=317.9	_	_	_	_
160-0	TOR001	160	160	0	[okay]	okay	_	_	_	_	_	linguistic	_	none	_	Begin=318.11|End=318.42	_	_	_	0-4(24)
161-0	TOI014	161	161	0	[e:h]	eh	_	_	_	_	_	linguistic	_	none	_	Begin=318.117	0x1	_	_	0-2(24)
161-1	TOI014	161	161	1	ho	ho	_	_	_	_	_	linguistic	_	none	_	_	_	_	_	_
161-2	TOI014	161	161	2	vissuto:	vissuto	_	_	_	_	_	linguistic	_	none	_	_	6x1	_	_	_
161-3	TOI014	161	161	3	tre	tre	_	_	_	_	_	linguistic	_	none	_	_	_	_	_	_
161-4	TOI014	161	161	4	mesi	mesi	_	_	_	_	_	linguistic	_	none	_	_	_	_	_	_
161-5	TOI014	161	161	5	e	e	_	_	_	_	_	linguistic	_	none	_	_	_	_	_	_
161-6	TOI014	161	161	6	mezzo	mezzo	_	_	_	_	_	linguistic	_	none	_	End=320.42	_	_	_	_
162-0	TOR001	162	162	0	mh	mh	_	_	_	_	_	linguistic	_	none	_	Begin=320.62	_	_	_	_
162-1	TOR001	162	162	1	mh	mh	_	_	_	_	_	linguistic	_	none	_	End=321.02	_	_	_	_
163-0	TOI014	163	163	0	e:h	eh	_	_	_	_	_	linguistic	_	none	PauseAfter=Yes	Begin=321.238	0x1	_	_	_
163-1	TOI014	163	163	1	{P}	{P}	_	_	_	_	_	shortpause	_	none	_	_	_	_	_	_
163-2	TOI014	163	163	2	mi	mi	_	_	_	_	_	linguistic	_	none	_	_	_	_	_	_
163-3	TOI014	163	163	3	sono	sono	_	_	_	_	_	linguistic	_	none	_	_	_	_	_	_
163-4	TOI014	163	163	4	trovato	trovato	_	_	_	_	_	linguistic	_	none	_	_	_	_	_	_
163-5	TOI014	163	163	5	molto	molto	_	_	_	_	_	linguistic	_	none	_	_	_	_	_	_
163-6	TOI014	163	163	6	bene	bene	_	_	_	_	_	linguistic	_	none	_	End=323.61	_	_	_	_
164-0	TOR001	164	164	0	oka[y]	okay	_	_	_	_	_	linguistic	_	none	_	Begin=323.9|End=324.31	_	_	_	3-4(25)
165-0	TOI014	165	165	0	[e]:h	eh	_	_	_	_	_	linguistic	_	none	_	Begin=324.23	0x1	_	_	0-1(25)
165-1	TOI014	165	165	1	penso	penso	_	_	_	_	_	linguistic	_	none	_	_	_	_	_	_
165-2	TOI014	165	165	2	che::	che	_	_	_	_	_	linguistic	_	none	_	End=325.63	2x2	_	_	_
166-0	TOI014	166	166	0	prossimamente:	prossimamente	_	_	_	_	_	linguistic	_	none	_	Begin=326.1	12x1	_	_	_
166-1	TOI014	166	166	1	appena	appena	_	_	_	_	_	linguistic	_	none	_	_	_	_	_	_
166-2	TOI014	166	166	2	ne	ne	_	_	_	_	_	linguistic	_	none	_	_	_	_	_	_
166-3	TOI014	166	166	3	avrò	avrò	_	_	_	_	_	linguistic	_	none	_	_	_	_	_	_
166-4	TOI014	166	166	4	le	le	_	_	_	_	_	linguistic	_	none	_	_	_	_	_	_
166-5	TOI014	166	166	5	possibilità:	possibilità	_	_	_	_	_	linguistic	_	none	_	End=329.02	10x1	_	_	_
167-0	TOI014	167	167	0	opterò	opterò	_	_	_	_	_	linguistic	_	none	_	Begin=329.41	_	_	_	_
167-1	TOI014	167	167	1	l'	l'	_	_	_	_	_	linguistic	_	none	SpaceAfter=No	_	_	_	_	_
167-2	TOI014	167	167	2	idea	idea	_	_	_	_	_	linguistic	_	none	_	_	_	_	_	_
167-3	TOI014	167	167	3	di:	di	_	_	_	_	_	linguistic	_	none	PauseAfter=Yes	_	1x1	_	_	_
167-4	TOI014	167	167	4	{P}	{P}	_	_	_	_	_	shortpause	_	none	_	_	_	_	_	_
167-5	TOI014	167	167	5	rispostarmi	rispostarmi	_	_	_	_	_	linguistic	_	none	_	_	_	_	_	_
167-6	TOI014	167	167	6	in	in	_	_	_	_	_	linguistic	_	none	_	_	_	_	_	_
167-7	TOI014	167	167	7	spagna	spagna	_	_	_	_	_	linguistic	_	none	_	End=331.824	_	_	_	_
168-0	TOI014	168	168	0	[però	però	_	_	_	_	_	linguistic	_	none	_	Begin=332.096	_	_	_	0-4(26)
168-1	TOI014	168	168	1	a	a	_	_	_	_	_	linguistic	_	none	_	_	_	_	_	0-1(26)
168-2	TOI014	168	168	2	valen]cia	valencia	_	_	_	_	_	linguistic	_	none	_	End=333.01	_	_	_	0-5(26)
169-0	TOR001	169	169	0	[okay]	okay	_	_	_	_	_	linguistic	_	none	_	Begin=332.11|End=332.51	_	_	_	0-4(26)
170-0	TOR001	170	170	0	mh	mh	_	_	_	_	_	linguistic	_	none	_	Begin=333.046	_	_	_	_
170-1	TOR001	170	170	1	mh	mh	_	_	_	_	_	linguistic	_	none	PauseAfter=Yes	_	_	_	_	_
170-2	TOR001	170	170	2	{P}	{P}	_	_	_	_	_	shortpause	_	none	_	_	_	_	_	_
170-3	TOR001	170	170	3	sei	sei	_	_	_	_	_	linguistic	_	none	_	_	_	_	_	_
170-4	TOR001	170	170	4	già	già	_	_	_	_	_	linguistic	_	none	_	_	_	_	_	_
170-5	TOR001	170	170	5	stato	stato	_	_	_	_	_	linguistic	_	none	_	_	_	_	_	_
170-6	TOR001	170	170	6	a	a	_	_	_	_	_	linguistic	_	none	_	_	_	_	_	_
170-7	TOR001	170	170	7	vale[ncia]?	valencia	_	_	_	_	_	linguistic	_	none	Intonation=Rising	End=334.781	_	_	_	4-8(27)
171-0	TOI014	171	171	0	[no:]	no	_	_	_	_	_	linguistic	_	none	_	Begin=334.443|End=335.01	1x1	_	_	0-2(27)
172-0	TOI014	172	172	0	però:	però	_	_	_	_	_	linguistic	_	none	_	Begin=335.026	3x1	_	_	_
172-1	TOI014	172	172	1	ho	ho	_	_	_	_	_	linguistic	_	none	_	_	_	_	_	_
172-2	TOI014	172	172	2	constatato	constatato	_	_	_	_	_	linguistic	_	none	_	_	_	_	_	_
172-3	TOI014	172	172	3	quelle	quelle	_	_	_	_	_	linguistic	_	none	_	_	_	_	_	_
172-4	TOI014	172	172	4	che	che	_	_	_	_	_	linguistic	_	none	_	_	_	_	_	_
172-5	TOI014	172	172	5	sono	sono	_	_	_	_	_	linguistic	_	none	_	_	_	_	_	_
172-6	TOI014	172	172	6	le:::	le	_	_	_	_	_	linguistic	_	none	_	End=337.92	1x3	_	_	_
173-0	TOI014	173	173	0	le	le	_	_	_	_	_	linguistic	_	none	_	Begin=338.91	_	_	_	_
173-1	TOI014	173	173	1	mie	mie	_	_	_	_	_	linguistic	_	none	_	_	_	_	_	_
173-2	TOI014	173	173	2	passioni	passioni	_	_	_	_	_	linguistic	_	none	_	_	_	_	_	_
173-3	TOI014	173	173	3	le:	le	_	_	_	_	_	linguistic	_	none	_	End=340.61	1x1	_	_	_
174-0	TOI014	174	174	0	soprattutto	soprattutto	_	_	_	_	_	linguistic	_	none	_	Begin=340.61	_	_	_	_
174-1	TOI014	174	174	1	quello	quello	_	_	_	_	_	linguistic	_	none	_	_	_	_	_	_
174-2	TOI014	174	174	2	che:	che	_	_	_	_	_	linguistic	_	none	_	_	2x1	_	_	_
174-3	TOI014	174	174	3	che	che	_	_	_	_	_	linguistic	_	none	_	_	_	_	_	_
174-4	TOI014	174	174	4	mi	mi	_	_	_	_	_	linguistic	_	none	_	_	_	_	_	_
174-5	TOI014	174	174	5	può	può	_	_	_	_	_	linguistic	_	none	_	_	_	_	_	_
174-6	TOI014	174	174	6	convenire	convenire	_	_	_	_	_	linguistic	_	none	_	End=342.82	_	_	_	_
175-0	TOR001	175	175	0	[mh	mh	_	_	_	_	_	linguistic	_	none	_	Begin=343.01	_	_	_	0-2(28)
175-1	TOR001	175	175	1	mh]	mh	_	_	_	_	_	linguistic	_	none	_	End=343.51	_	_	_	0-2(28)
176-0	TOI014	176	176	0	[in	in	_	_	_	_	_	linguistic	_	none	_	Begin=343.01	_	_	_	0-2(28)
176-1	TOI014	176	176	1	un'	un'	_	_	_	_	_	linguistic	_	none	SpaceAfter=No	_	_	_	_	0-3(28)
176-2	TOI014	176	176	2	età]	età	_	_	_	_	_	linguistic	_	none	_	_	_	_	_	0-3(28)
176-3	TOI014	176	176	3	come	come	_	_	_	_	_	linguistic	_	none	_	_	_	_	_	_
176-4	TOI014	176	176	4	questa	questa	_	_	_	_	_	linguistic	_	none	_	_	_	_	_	_
176-5	TOI014	176	176	5	senza	senza	_	_	_	_	_	linguistic	_	none	_	_	_	_	_	_
176-6	TOI014	176	176	6	avere	avere	_	_	_	_	_	linguistic	_	none	_	_	_	_	_	_
176-7	TOI014	176	176	7	un	un	_	_	_	_	_	linguistic	_	none	_	_	_	_	_	_
176-8	TOI014	176	176	8	lavoro	lavoro	_	_	_	_	_	linguistic	_	none	_	_	_	_	_	_
176-9	TOI014	176	176	9	sicuro	sicuro	_	_	_	_	_	linguistic	_	none	_	End=346.086	_	_	_	_
177-0	TOR001	177	177	0	mh	mh	_	_	_	_	_	linguistic	_	none	_	Begin=346.32	_	_	_	_
177-1	TOR001	177	177	1	mh	mh	_	_	_	_	_	linguistic	_	none	_	End=346.82	_	_	_	_
178-0	TOI014	178	178	0	valencia:::	valencia	_	_	_	_	_	linguistic	_	none	_	Begin=346.82	7x3	_	_	_
178-1	TOI014	178	178	1	é	é	_	_	_	_	_	linguistic	_	none	_	_	_	_	_	_
178-2	TOI014	178	178	2	una	una	_	_	_	_	_	linguistic	_	none	_	_	_	_	_	_
178-3	TOI014	178	178	3	buosa	buosa	_	_	_	_	_	linguistic	_	none	_	_	_	_	_	_
178-4	TOI014	178	178	4	é	é	_	_	_	_	_	linguistic	_	none	_	_	_	_	_	_
178-5	TOI014	178	178	5	una	una	_	_	_	_	_	linguistic	_	none	_	_	_	_	_	_
178-6	TOI014	178	178	6	buona	buona	_	_	_	_	_	linguistic	_	none	_	_	_	_	_	_
178-7	TOI014	178	178	7	base	base	_	_	_	_	_	linguistic	_	none	_	_	_	_	_	_
178-8	TOI014	178	178	8	per:	per	_	_	_	_	_	linguistic	_	none	_	_	2x1	_	_	_
178-9	TOI014	178	178	9	costruirsi	costruirsi	_	_	_	_	_	linguistic	_	none	_	_	_	_	_	_
178-10	TOI014	178	178	10	un	un	_	_	_	_	_	linguistic	_	none	_	_	_	_	_	_
178-11	TOI014	178	178	11	futuro	futuro	_	_	_	_	_	linguistic	_	none	_	_	_	_	_	_
178-12	TOI014	178	178	12	ecco	ecco	_	_	_	_	_	linguistic	_	none	_	End=351.0	_	_	_	_
179-0	TOR001	179	179	0	mh	mh	_	_	_	_	_	linguistic	_	none	_	Begin=351.0	_	_	_	_
179-1	TOR001	179	179	1	mh	mh	_	_	_	_	_	linguistic	_	none	_	_	_	_	_	_
179-2	TOR001	179	179	2	e	e	_	_	_	_	_	linguistic	_	none	_	_	_	_	_	_
179-3	TOR001	179	179	3	come	come	_	_	_	_	_	linguistic	_	none	_	_	_	_	_	_
179-4	TOR001	179	179	4	mai	mai	_	_	_	_	_	linguistic	_	none	_	_	_	_	_	_
179-5	TOR001	179	179	5	dici?	dici	_	_	_	_	_	linguistic	_	none	Intonation=Rising	End=352.29	_	_	_	_
180-0	TOR001	180	180	0	c(io)è	cioè	_	_	_	_	_	linguistic	_	none	_	Begin=352.38	_	_	1-3(0)	_
180-1	TOR001	180	180	1	che:	che	_	_	_	_	_	linguistic	_	none	_	_	2x1	_	_	_
180-2	TOR001	180	180	2	che	che	_	_	_	_	_	linguistic	_	none	_	_	_	_	_	_
180-3	TOR001	180	180	3	idea	idea	_	_	_	_	_	linguistic	_	none	_	_	_	_	_	_
180-4	TOR001	180	180	4	ti	ti	_	_	_	_	_	linguistic	_	none	_	_	_	_	_	_
180-5	TOR001	180	180	5	sei	sei	_	_	_	_	_	linguistic	_	none	_	_	_	_	_	_
180-6	TOR001	180	180	6	fatto?	fatto	_	_	_	_	_	linguistic	_	none	Intonation=Rising	End=354.02	_	_	_	_
181-0	TOI014	181	181	0	m:h	mh	_	_	_	_	_	linguistic	_	none	_	Begin=354.02	0x1	_	_	_
181-1	TOI014	181	181	1	mi	mi	_	_	_	_	_	linguistic	_	none	_	_	_	_	_	_
181-2	TOI014	181	181	2	sono	sono	_	_	_	_	_	linguistic	_	none	_	_	_	_	_	_
181-3	TOI014	181	181	3	fatto	fatto	_	_	_	_	_	linguistic	_	none	_	_	_	_	_	_
181-4	TOI014	181	181	4	che:	che	_	_	_	_	_	linguistic	_	none	_	_	2x1	_	_	_
181-5	TOI014	181	181	5	l'	l'	_	_	_	_	_	linguistic	_	none	SpaceAfter=No	_	_	_	_	_
181-6	TOI014	181	181	6	idea	idea	_	_	_	_	_	linguistic	_	none	_	_	_	_	_	_
181-7	TOI014	181	181	7	che:::	che	_	_	_	_	_	linguistic	_	none	_	_	2x3	_	_	_
181-8	TOI014	181	181	8	m::h	mh	_	_	_	_	_	linguistic	_	none	_	End=356.816	0x2	_	_	_
182-0	TOI014	182	182	0	io	io	_	_	_	_	_	linguistic	_	none	_	Begin=357.01	_	_	_	_
182-1	TOI014	182	182	1	vado	vado	_	_	_	_	_	linguistic	_	none	_	_	_	_	_	_
182-2	TOI014	182	182	2	in	in	_	_	_	_	_	linguistic	_	none	_	_	_	_	_	_
182-3	TOI014	182	182	3	skate	skate	_	_	_	_	_	linguistic	_	none	_	_	_	_	_	_
182-4	TOI014	182	182	4	nel	nel	_	_	_	_	_	linguistic	_	none	_	_	_	_	_	_
182-5	TOI014	182	182	5	mio	mio	_	_	_	_	_	linguistic	_	none	_	_	_	_	_	_
182-6	TOI014	182	182	6	tempo	tempo	_	_	_	_	_	linguistic	_	none	_	_	_	_	_	_
182-7	TOI014	182	182	7	libero	libero	_	_	_	_	_	linguistic	_	none	_	End=358.81	_	_	_	_
183-0	TOI014	183	183	0	e	e	_	_	_	_	_	linguistic	_	none	_	Begin=358.86	_	_	_	_
183-1	TOI014	183	183	1	ho	ho	_	_	_	_	_	linguistic	_	none	_	_	_	_	_	_
183-2	TOI014	183	183	2	notato	notato	_	_	_	_	_	linguistic	_	none	_	_	_	_	_	_
183-3	TOI014	183	183	3	che	che	_	_	_	_	_	linguistic	_	none	_	_	_	_	_	_
183-4	TOI014	183	183	4	lì	lì	_	_	_	_	_	linguistic	_	none	_	_	_	_	_	_
183-5	TOI014	183	183	5	questa	questa	_	_	_	_	_	linguistic	_	none	_	_	_	_	_	_
183-6	TOI014	183	183	6	pratica	pratica	_	_	_	_	_	linguistic	_	none	_	_	_	_	_	_
183-7	TOI014	183	183	7	é	é	_	_	_	_	_	linguistic	_	none	_	_	_	_	_	_
183-8	TOI014	183	183	8	molto	molto	_	_	_	_	_	linguistic	_	none	_	_	_	_	_	_
183-9	TOI014	183	183	9	più	più	_	_	_	_	_	linguistic	_	none	_	_	_	_	_	_
183-10	TOI014	183	183	10	diffusa	diffusa	_	_	_	_	_	linguistic	_	none	_	_	_	_	_	_
183-11	TOI014	183	183	11	ci	ci	_	_	_	_	_	linguistic	_	none	_	_	_	_	_	_
183-12	TOI014	183	183	12	sono	sono	_	_	_	_	_	linguistic	_	none	_	_	_	_	_	_
183-13	TOI014	183	183	13	molti	molti	_	_	_	_	_	linguistic	_	none	_	_	_	_	_	_
183-14	TOI014	183	183	14	più	più	_	_	_	_	_	linguistic	_	none	_	_	_	_	_	_
183-15	TOI014	183	183	15	spazi	spazi	_	_	_	_	_	linguistic	_	none	_	End=362.56	_	_	_	_
184-0	TOI014	184	184	0	é	é	_	_	_	_	_	linguistic	_	none	_	Begin=362.56	_	_	_	_
184-1	TOI014	184	184	1	una	una	_	_	_	_	_	linguistic	_	none	_	_	_	_	_	_
184-2	TOI014	184	184	2	città	città	_	_	_	_	_	linguistic	_	none	PauseAfter=Yes	_	_	_	_	_
184-3	TOI014	184	184	3	{P}	{P}	_	_	_	_	_	shortpause	_	none	_	_	_	_	_	_
184-4	TOI014	184	184	4	dove	dove	_	_	_	_	_	linguistic	_	none	_	_	_	_	_	_
184-5	TOI014	184	184	5	fa	fa	_	_	_	_	_	linguistic	_	none	_	_	_	_	_	_
184-6	TOI014	184	184	6	caldo	caldo	_	_	_	_	_	linguistic	_	none	_	_	_	_	_	_
184-7	TOI014	184	184	7	tutto	tutto	_	_	_	_	_	linguistic	_	none	_	_	_	_	_	_
184-8	TOI014	184	184	8	l'	l'	_	_	_	_	_	linguistic	_	none	SpaceAfter=No	_	_	_	_	_
184-9	TOI014	184	184	9	anno	anno	_	_	_	_	_	linguistic	_	none	_	End=365.59	_	_	_	_
185-0	TOI014	185	185	0	e:h	eh	_	_	_	_	_	linguistic	_	none	_	Begin=366.02	0x1	_	_	_
185-1	TOI014	185	185	1	anche	anche	_	_	_	_	_	linguistic	_	none	_	_	_	_	_	_
185-2	TOI014	185	185	2	quindi	quindi	_	_	_	_	_	linguistic	_	none	_	_	_	_	_	_
185-3	TOI014	185	185	3	l'	l'	_	_	_	_	_	linguistic	_	none	SpaceAfter=No	_	_	_	_	_
185-4	TOI014	185	185	4	ambiente	ambiente	_	_	_	_	_	linguistic	_	none	_	_	_	_	_	_
185-5	TOI014	185	185	5	é	é	_	_	_	_	_	linguistic	_	none	_	_	_	_	_	_
185-6	TOI014	185	185	6	perfetto	perfetto	_	_	_	_	_	linguistic	_	none	_	_	_	_	_	_
185-7	TOI014	185	185	7	per	per	_	_	_	_	_	linguistic	_	none	_	_	_	_	_	_
185-8	TOI014	185	185	8	questo	questo	_	_	_	_	_	linguistic	_	none	_	_	_	_	_	_
185-9	TOI014	185	185	9	tipo	tipo	_	_	_	_	_	linguistic	_	none	_	_	_	_	_	_
185-10	TOI014	185	185	10	di:	di	_	_	_	_	_	linguistic	_	none	_	_	1x1	_	_	_
185-11	TOI014	185	185	11	sport	sport	_	_	_	_	_	linguistic	_	none	_	End=370.339	_	_	_	_
186-0	TOR001	186	186	0	mh	mh	_	_	_	_	_	linguistic	_	none	_	Begin=370.61	_	_	_	_
186-1	TOR001	186	186	1	mh	mh	_	_	_	_	_	linguistic	_	none	_	End=371.013	_	_	_	_
187-0	TOI014	187	187	0	e:h	eh	_	_	_	_	_	linguistic	_	none	_	Begin=371.239	0x1	_	_	_
187-1	TOI014	187	187	1	poi	poi	_	_	_	_	_	linguistic	_	none	_	_	_	_	_	_
187-2	TOI014	187	187	2	ho:::	ho	_	_	_	_	_	linguistic	_	none	_	End=373.0	1x3	_	_	_
188-0	TOI014	188	188	0	mi	mi	_	_	_	_	_	linguistic	_	none	_	Begin=374.09	_	_	_	_
188-1	TOI014	188	188	1	piace	piace	_	_	_	_	_	linguistic	_	none	_	_	_	_	_	_
188-2	TOI014	188	188	2	anche	anche	_	_	_	_	_	linguistic	_	none	_	_	_	_	_	_
188-3	TOI014	188	188	3	andare	andare	_	_	_	_	_	linguistic	_	none	_	_	_	_	_	_
188-4	TOI014	188	188	4	al	al	_	_	_	_	_	linguistic	_	none	_	_	_	_	_	_
188-5	TOI014	188	188	5	mare	mare	_	_	_	_	_	linguistic	_	none	_	_	_	_	_	_
188-6	TOI014	188	188	6	quindi:	quindi	_	_	_	_	_	linguistic	_	none	_	End=376.21	5x1	_	_	_
189-0	TOI014	189	189	0	avendolo:	avendolo	_	_	_	_	_	linguistic	_	none	_	Begin=376.24	7x1	_	_	_
189-1	TOI014	189	189	1	ho	ho	_	_	_	_	_	linguistic	_	none	_	_	_	_	_	_
189-2	TOI014	189	189	2	la	la	_	_	_	_	_	linguistic	_	none	_	_	_	_	_	_
189-3	TOI014	189	189	3	possibilità	possibilità	_	_	_	_	_	linguistic	_	none	_	_	_	_	_	_
189-4	TOI014	189	189	4	di	di	_	_	_	_	_	linguistic	_	none	_	_	_	_	_	_
189-5	TOI014	189	189	5	farlo	farlo	_	_	_	_	_	linguistic	_	none	_	_	_	_	_	_
189-6	TOI014	189	189	6	quando	quando	_	_	_	_	_	linguistic	_	none	_	_	_	_	_	_
189-7	TOI014	189	189	7	desidero	desidero	_	_	_	_	_	linguistic	_	none	_	_	_	_	_	_
189-8	TOI014	189	189	8	ecco	ecco	_	_	_	_	_	linguistic	_	none	_	End=379.45	_	_	_	_
190-0	TOR001	190	190	0	{ride}	{ride}	_	_	_	_	_	nonverbalbehavior	_	none	_	Begin=378.51|End=379.19	_	_	_	_
191-0	TOR001	191	191	0	certo	certo	_	_	_	_	_	linguistic	_	none	_	Begin=379.462|End=380.03	_	_	_	_
192-0	TOR001	192	192	0	e	e	_	_	_	_	_	linguistic	_	none	_	Begin=380.21	_	_	_	_
192-1	TOR001	192	192	1	a	a	_	_	_	_	_	linguistic	_	none	_	_	_	_	_	_
192-2	TOR001	192	192	2	barcellona	barcellona	_	_	_	_	_	linguistic	_	none	_	_	_	_	_	_
192-3	TOR001	192	192	3	come	come	_	_	_	_	_	linguistic	_	none	_	_	_	_	_	_
192-4	TOR001	192	192	4	ti	ti	_	_	_	_	_	linguistic	_	none	_	_	_	_	_	_
192-5	TOR001	192	192	5	sei	sei	_	_	_	_	_	linguistic	_	none	_	_	_	_	_	_
192-6	TOR001	192	192	6	trovato?	trovato	_	_	_	_	_	linguistic	_	none	Intonation=Rising	End=381.82	_	_	_	_
193-0	TOI014	193	193	0	a	a	_	_	_	_	_	linguistic	_	none	_	Begin=381.82	_	_	_	_
193-1	TOI014	193	193	1	barcellona	barcellona	_	_	_	_	_	linguistic	_	none	_	_	_	_	_	_
193-2	TOI014	193	193	2	mi	mi	_	_	_	_	_	linguistic	_	none	_	_	_	_	_	_
193-3	TOI014	193	193	3	sono	sono	_	_	_	_	_	linguistic	_	none	_	_	_	_	_	_
193-4	TOI014	193	193	4	trovato	trovato	_	_	_	_	_	linguistic	_	none	_	_	_	_	_	_
193-5	TOI014	193	193	5	molto	molto	_	_	_	_	_	linguistic	_	none	_	_	_	_	_	_
193-6	TOI014	193	193	6	bene	bene	_	_	_	_	_	linguistic	_	none	_	_	_	_	_	_
193-7	TOI014	193	193	7	ma:	ma	_	_	_	_	_	linguistic	_	none	_	End=384.7	1x1	_	_	_
194-0	TOI014	194	194	0	ho	ho	_	_	_	_	_	linguistic	_	none	_	Begin=384.7	_	_	_	_
194-1	TOI014	194	194	1	anche	anche	_	_	_	_	_	linguistic	_	none	_	_	_	_	_	_
194-2	TOI014	194	194	2	potuto	potuto	_	_	_	_	_	linguistic	_	none	_	_	_	_	_	_
194-3	TOI014	194	194	3	notare:	notare	_	_	_	_	_	linguistic	_	none	_	_	5x1	_	_	_
194-4	TOI014	194	194	4	vari	vari	_	_	_	_	_	linguistic	_	none	_	_	_	_	_	_
194-5	TOI014	194	194	5	punti	punti	_	_	_	_	_	linguistic	_	none	_	_	_	_	_	_
194-6	TOI014	194	194	6	negativi	negativi	_	_	_	_	_	linguistic	_	none	_	End=387.7	_	_	_	_
195-0	TOI014	195	195	0	m:h	mh	_	_	_	_	_	linguistic	_	none	_	Begin=387.729	0x1	_	_	_
195-1	TOI014	195	195	1	nella	nella	_	_	_	_	_	linguistic	_	none	_	_	_	_	_	_
195-2	TOI014	195	195	2	cittá	cittá	_	_	_	_	_	linguistic	_	none	_	_	_	_	_	_
195-3	TOI014	195	195	3	rispetto	rispetto	_	_	_	_	_	linguistic	_	none	_	_	_	_	_	_
195-4	TOI014	195	195	4	a:	a	_	_	_	_	_	linguistic	_	none	_	_	0x1	_	_	_
195-5	TOI014	195	195	5	quando	quando	_	_	_	_	_	linguistic	_	none	_	_	_	_	_	_
195-6	TOI014	195	195	6	uno	uno	_	_	_	_	_	linguistic	_	none	_	_	_	_	_	_
195-7	TOI014	195	195	7	la	la	_	_	_	_	_	linguistic	_	none	_	_	_	_	_	_
195-8	TOI014	195	195	8	vive	vive	_	_	_	_	_	linguistic	_	none	_	_	_	_	_	_
195-9	TOI014	195	195	9	come	come	_	_	_	_	_	linguistic	_	none	_	_	_	_	_	_
195-10	TOI014	195	195	10	turista:	turista	_	_	_	_	_	linguistic	_	none	_	_	6x1	_	_	_
195-11	TOI014	195	195	11	per	per	_	_	_	_	_	linguistic	_	none	_	_	_	_	_	_
195-12	TOI014	195	195	12	una	una	_	_	_	_	_	linguistic	_	none	_	_	_	_	_	_
195-13	TOI014	195	195	13	settimana	settimana	_	_	_	_	_	linguistic	_	none	_	_	_	_	_	_
195-14	TOI014	195	195	14	in	in	_	_	_	_	_	linguistic	_	none	_	_	_	_	_	_
195-15	TOI014	195	195	15	vancanza	vancanza	_	_	_	_	_	linguistic	_	none	_	End=392.78	_	_	_	_
196-0	TOR001	196	196	0	mh	mh	_	_	_	_	_	linguistic	_	none	_	Begin=392.806	_	_	_	_
196-1	TOR001	196	196	1	mh	mh	_	_	_	_	_	linguistic	_	none	_	End=393.32	_	_	_	_
197-0	TOR001	197	197	0	tipo?	tipo	_	_	_	_	_	linguistic	_	none	Intonation=Rising	Begin=393.52|End=394.02	_	_	_	_
198-0	TOI014	198	198	0	tipo:::	tipo	_	_	_	_	_	linguistic	_	none	_	Begin=394.2|End=395.02	3x3	_	_	_
199-0	TOI014	199	199	0	ad	ad	_	_	_	_	_	linguistic	_	none	_	Begin=395.32	_	_	_	_
199-1	TOI014	199	199	1	esempio	esempio	_	_	_	_	_	linguistic	_	none	_	_	_	_	_	_
199-2	TOI014	199	199	2	adesso:	adesso	_	_	_	_	_	linguistic	_	none	_	End=396.794	5x1	_	_	_
200-0	TOI014	200	200	0	c'	c'	_	_	_	_	_	linguistic	_	none	SpaceAfter=No	Begin=396.794	_	_	_	_
200-1	TOI014	200	200	1	é	é	_	_	_	_	_	linguistic	_	none	_	_	_	_	_	_
200-2	TOI014	200	200	2	molta	molta	_	_	_	_	_	linguistic	_	none	_	_	_	_	_	_
200-3	TOI014	200	200	3	richiesta	richiesta	_	_	_	_	_	linguistic	_	none	_	_	_	_	_	_
200-4	TOI014	200	200	4	per	per	_	_	_	_	_	linguistic	_	none	_	_	_	_	_	_
200-5	TOI014	200	200	5	quello	quello	_	_	_	_	_	linguistic	_	none	_	_	_	_	_	_
200-6	TOI014	200	200	6	che	che	_	_	_	_	_	linguistic	_	none	_	_	_	_	_	_
200-7	TOI014	200	200	7	é	é	_	_	_	_	_	linguistic	_	none	_	_	_	_	_	_
200-8	TOI014	200	200	8	vivere	vivere	_	_	_	_	_	linguistic	_	none	_	_	_	_	_	_
200-9	TOI014	200	200	9	barcellona	barcellona	_	_	_	_	_	linguistic	_	none	_	End=399.91	_	_	_	_
201-0	TOI014	201	201	0	e:	e	_	_	_	_	_	linguistic	_	none	_	Begin=399.91	0x1	_	_	_
201-1	TOI014	201	201	1	i	i	_	_	_	_	_	linguistic	_	none	_	_	_	_	_	_
201-2	TOI014	201	201	2	costi	costi	_	_	_	_	_	linguistic	_	none	_	_	_	_	_	_
201-3	TOI014	201	201	3	degli	degli	_	_	_	_	_	linguistic	_	none	_	_	_	_	_	_
201-4	TOI014	201	201	4	affitti	affitti	_	_	_	_	_	linguistic	_	none	_	_	_	_	_	_
201-5	TOI014	201	201	5	stanno	stanno	_	_	_	_	_	linguistic	_	none	_	_	_	_	_	_
201-6	TOI014	201	201	6	aumentando	aumentando	_	_	_	_	_	linguistic	_	none	_	_	_	_	_	_
201-7	TOI014	201	201	7	molto	molto	_	_	_	_	_	linguistic	_	none	_	_	_	_	_	_
201-8	TOI014	201	201	8	rispetto	rispetto	_	_	_	_	_	linguistic	_	none	_	_	_	_	_	_
201-9	TOI014	201	201	9	a:	a	_	_	_	_	_	linguistic	_	none	_	_	0x1	_	_	_
201-10	TOI014	201	201	10	quello	quello	_	_	_	_	_	linguistic	_	none	_	_	_	_	_	_
201-11	TOI014	201	201	11	che	che	_	_	_	_	_	linguistic	_	none	_	_	_	_	_	_
201-12	TOI014	201	201	12	é	é	_	_	_	_	_	linguistic	_	none	_	_	_	_	_	_
201-13	TOI014	201	201	13	lo	lo	_	_	_	_	_	linguistic	_	none	_	_	_	_	_	_
201-14	TOI014	201	201	14	stipendio	stipendio	_	_	_	_	_	linguistic	_	none	_	_	_	_	_	_
201-15	TOI014	201	201	15	medio	medio	_	_	_	_	_	linguistic	_	none	_	End=404.81	_	_	_	_
202-0	TOR001	202	202	0	mh	mh	_	_	_	_	_	linguistic	_	none	_	Begin=404.81	_	_	_	_
202-1	TOR001	202	202	1	mh	mh	_	_	_	_	_	linguistic	_	none	_	End=405.32	_	_	_	_
203-0	TOI014	203	203	0	e:hm	ehm	_	_	_	_	_	linguistic	_	none	_	Begin=405.51|End=406.293	0x1	_	_	_
204-0	TOI014	204	204	0	diciamo	diciamo	_	_	_	_	_	linguistic	_	none	_	Begin=406.6	_	_	_	_
204-1	TOI014	204	204	1	che	che	_	_	_	_	_	linguistic	_	none	_	_	_	_	_	_
204-2	TOI014	204	204	2	non	non	_	_	_	_	_	linguistic	_	none	_	_	_	_	_	_
204-3	TOI014	204	204	3	é	é	_	_	_	_	_	linguistic	_	none	_	_	_	_	_	_
204-4	TOI014	204	204	4	semplice	semplice	_	_	_	_	_	linguistic	_	none	PauseAfter=Yes	_	_	_	_	_
204-5	TOI014	204	204	5	{P}	{P}	_	_	_	_	_	shortpause	_	none	_	_	_	_	_	_
204-6	TOI014	204	204	6	voler	voler	_	_	_	_	_	linguistic	_	none	_	_	_	_	_	_
204-7	TOI014	204	204	7	vivere	vivere	_	_	_	_	_	linguistic	_	none	_	_	_	_	_	_
204-8	TOI014	204	204	8	a	a	_	_	_	_	_	linguistic	_	none	_	_	_	_	_	_
204-9	TOI014	204	204	9	barcellona	barcellona	_	_	_	_	_	linguistic	_	none	_	_	_	_	_	_
204-10	TOI014	204	204	10	in	in	_	_	_	_	_	linguistic	_	none	_	_	_	_	_	_
204-11	TOI014	204	204	11	questo	questo	_	_	_	_	_	linguistic	_	none	_	_	_	_	_	_
204-12	TOI014	204	204	12	momento	momento	_	_	_	_	_	linguistic	_	none	_	End=410.141	_	_	_	_
205-0	TOR001	205	205	0	mh	mh	_	_	_	_	_	linguistic	_	none	_	Begin=410.141	_	_	_	_
205-1	TOR001	205	205	1	mh	mh	_	_	_	_	_	linguistic	_	none	_	End=410.59	_	_	_	_
206-0	TOI014	206	206	0	perché:	perché	_	_	_	_	_	linguistic	_	none	_	Begin=410.81	5x1	_	_	_
206-1	TOI014	206	206	1	m:h	mh	_	_	_	_	_	linguistic	_	none	_	End=412.0	0x1	_	_	_
207-0	TOI014	207	207	0	appunto.	appunto	_	_	_	_	_	linguistic	_	none	Intonation=Falling	Begin=412.31	_	_	_	_
207-1	TOI014	207	207	1	con	con	_	_	_	_	_	linguistic	_	none	_	_	_	_	_	_
207-2	TOI014	207	207	2	le	le	_	_	_	_	_	linguistic	_	none	_	_	_	_	_	_
207-3	TOI014	207	207	3	paghe	paghe	_	_	_	_	_	linguistic	_	none	_	_	_	_	_	_
207-4	TOI014	207	207	4	che	che	_	_	_	_	_	linguistic	_	none	_	_	_	_	_	_
207-5	TOI014	207	207	5	ci	ci	_	_	_	_	_	linguistic	_	none	_	_	_	_	_	_
207-6	TOI014	207	207	6	sono	sono	_	_	_	_	_	linguistic	_	none	_	_	_	_	_	_
207-7	TOI014	207	207	7	adesso	adesso	_	_	_	_	_	linguistic	_	none	_	End=414.91	_	_	_	_
208-0	TOI014	208	208	0	per	per	_	_	_	_	_	linguistic	_	none	_	Begin=415.0	_	_	_	_
208-1	TOI014	208	208	1	un	un	_	_	_	_	_	linguistic	_	none	_	_	_	_	_	_
208-2	TOI014	208	208	2	ragazzo	ragazzo	_	_	_	_	_	linguistic	_	none	_	_	_	_	_	_
208-3	TOI014	208	208	3	giovane:	giovane	_	_	_	_	_	linguistic	_	none	_	_	6x1	_	_	_
208-4	TOI014	208	208	4	non	non	_	_	_	_	_	linguistic	_	none	_	_	_	_	_	_
208-5	TOI014	208	208	5	é	é	_	_	_	_	_	linguistic	_	none	_	_	_	_	_	_
208-6	TOI014	208	208	6	semplice:	semplice	_	_	_	_	_	linguistic	_	none	_	End=417.52	7x1	_	_	_
209-0	TOI014	209	209	0	eh	eh	_	_	_	_	_	linguistic	_	none	_	Begin=417.52	_	_	_	_
209-1	TOI014	209	209	1	molti	molti	_	_	_	_	_	linguistic	_	none	_	_	_	_	_	_
209-2	TOI014	209	209	2	ragazzi	ragazzi	_	_	_	_	_	linguistic	_	none	_	_	_	_	_	_
209-3	TOI014	209	209	3	della	della	_	_	_	_	_	linguistic	_	none	_	_	_	_	_	_
209-4	TOI014	209	209	4	mia	mia	_	_	_	_	_	linguistic	_	none	_	_	_	_	_	_
209-5	TOI014	209	209	5	età	età	_	_	_	_	_	linguistic	_	none	_	_	_	_	_	_
209-6	TOI014	209	209	6	fanno:	fanno	_	_	_	_	_	linguistic	_	none	_	End=419.917	4x1	_	_	_
210-0	TOI014	210	210	0	m::h	mh	_	_	_	_	_	linguistic	_	none	_	Begin=420.703	0x2	_	_	_
210-1	TOI014	210	210	1	anche	anche	_	_	_	_	_	linguistic	_	none	_	_	_	_	_	_
210-2	TOI014	210	210	2	dodici	dodici	_	_	_	_	_	linguistic	_	none	_	_	_	_	_	_
210-3	TOI014	210	210	3	ore	ore	_	_	_	_	_	linguistic	_	none	_	_	_	_	_	_
210-4	TOI014	210	210	4	al	al	_	_	_	_	_	linguistic	_	none	_	_	_	_	_	_
210-5	TOI014	210	210	5	giorno	giorno	_	_	_	_	_	linguistic	_	none	_	End=422.33	_	_	_	_
211-0	TOI014	211	211	0	divisa	divisa	_	_	_	_	_	linguistic	_	none	_	Begin=422.51	_	_	_	_
211-1	TOI014	211	211	1	in	in	_	_	_	_	_	linguistic	_	none	_	_	_	_	_	_
211-2	TOI014	211	211	2	più	più	_	_	_	_	_	linguistic	_	none	_	_	_	_	_	_
211-3	TOI014	211	211	3	posti	posti	_	_	_	_	_	linguistic	_	none	_	_	_	_	_	_
211-4	TOI014	211	211	4	di	di	_	_	_	_	_	linguistic	_	none	_	_	_	_	_	_
211-5	TOI014	211	211	5	lavoro	lavoro	_	_	_	_	_	linguistic	_	none	_	_	_	_	_	_
211-6	TOI014	211	211	6	per	per	_	_	_	_	_	linguistic	_	none	_	_	_	_	_	_
211-7	TOI014	211	211	7	poter	poter	_	_	_	_	_	linguistic	_	none	_	_	_	_	_	_
211-8	TOI014	211	211	8	arrivare	arrivare	_	_	_	_	_	linguistic	_	none	_	_	_	_	_	_
211-9	TOI014	211	211	9	a	a	_	_	_	_	_	linguistic	_	none	_	_	_	_	_	_
211-10	TOI014	211	211	10	pagarsi:	pagarsi	_	_	_	_	_	linguistic	_	none	_	_	6x1	_	_	_
211-11	TOI014	211	211	11	l'	l'	_	_	_	_	_	linguistic	_	none	SpaceAfter=No	_	_	_	_	_
211-12	TOI014	211	211	12	affitto	affitto	_	_	_	_	_	linguistic	_	none	_	End=426.12	_	_	_	_
212-0	TOI014	212	212	0	e:h	eh	_	_	_	_	_	linguistic	_	none	_	Begin=426.12	0x1	_	_	_
212-1	TOI014	212	212	1	e	e	_	_	_	_	_	linguistic	_	none	_	_	_	_	_	_
212-2	TOI014	212	212	2	il	il	_	_	_	_	_	linguistic	_	none	_	_	_	_	_	_
212-3	TOI014	212	212	3	mangiare	mangiare	_	_	_	_	_	linguistic	_	none	_	_	_	_	_	_
212-4	TOI014	212	212	4	ecco	ecco	_	_	_	_	_	linguistic	_	none	_	End=428.213	_	_	_	_
213-0	TOR001	213	213	0	wow	wow	_	_	_	_	_	linguistic	_	none	_	Begin=428.51|End=429.02	_	_	_	_
214-0	TOR001	214	214	0	e	e	_	_	_	_	_	linguistic	_	none	_	Begin=429.61	_	_	_	_
214-1	TOR001	214	214	1	cosa	cosa	_	_	_	_	_	linguistic	_	none	_	_	_	_	_	_
214-2	TOR001	214	214	2	facevi	facevi	_	_	_	_	_	linguistic	_	none	_	_	_	_	_	_
214-3	TOR001	214	214	3	tu	tu	_	_	_	_	_	linguistic	_	none	_	_	_	_	_	_
214-4	TOR001	214	214	4	quando	quando	_	_	_	_	_	linguistic	_	none	_	_	_	_	_	_
214-5	TOR001	214	214	5	[eri	eri	_	_	_	_	_	linguistic	_	none	_	_	_	_	_	0-3(29)
214-6	TOR001	214	214	6	lì]?	lì	_	_	_	_	_	linguistic	_	none	Intonation=Rising	End=430.903	_	_	_	0-2(29)
215-0	TOI014	215	215	0	[io	io	_	_	_	_	_	linguistic	_	none	_	Begin=430.7	_	_	_	0-2(29)
215-1	TOI014	215	215	1	ho]	ho	_	_	_	_	_	linguistic	_	none	_	_	_	_	_	0-2(29)
215-2	TOI014	215	215	2	fatto	fatto	_	_	_	_	_	linguistic	_	none	_	_	_	_	_	_
215-3	TOI014	215	215	3	il	il	_	_	_	_	_	linguistic	_	none	_	_	_	_	_	_
215-4	TOI014	215	215	4	cameriere	cameriere	_	_	_	_	_	linguistic	_	none	_	_	_	_	_	_
215-5	TOI014	215	215	5	lavoravo	lavoravo	_	_	_	_	_	linguistic	_	none	_	_	_	_	_	_
215-6	TOI014	215	215	6	dalle	dalle	_	_	_	_	_	linguistic	_	none	_	_	_	_	_	_
215-7	TOI014	215	215	7	dieci	dieci	_	_	_	_	_	linguistic	_	none	_	_	_	_	_	_
215-8	TOI014	215	215	8	alle	alle	_	_	_	_	_	linguistic	_	none	_	_	_	_	_	_
215-9	TOI014	215	215	9	venti	venti	_	_	_	_	_	linguistic	_	none	_	End=433.621	_	_	_	_
216-0	TOR001	216	216	0	mh	mh	_	_	_	_	_	linguistic	_	none	_	Begin=433.81	_	_	_	_
216-1	TOR001	216	216	1	mh	mh	_	_	_	_	_	linguistic	_	none	_	End=434.24	_	_	_	_
217-0	TOI014	217	217	0	e	e	_	_	_	_	_	linguistic	_	none	_	Begin=434.24	_	_	_	_
217-1	TOI014	217	217	1	avevo:	avevo	_	_	_	_	_	linguistic	_	none	_	End=434.92	4x1	_	_	_
218-0	TOI014	218	218	0	come	come	_	_	_	_	_	linguistic	_	none	_	Begin=435.42	_	_	_	_
218-1	TOI014	218	218	1	pausa	pausa	_	_	_	_	_	linguistic	_	none	_	_	_	_	_	_
218-2	TOI014	218	218	2	giusto	giusto	_	_	_	_	_	linguistic	_	none	_	_	_	_	_	_
218-3	TOI014	218	218	3	il	il	_	_	_	_	_	linguistic	_	none	_	_	_	_	_	_
218-4	TOI014	218	218	4	tempo	tempo	_	_	_	_	_	linguistic	_	none	_	_	_	_	_	_
218-5	TOI014	218	218	5	per	per	_	_	_	_	_	linguistic	_	none	_	_	_	_	_	_
218-6	TOI014	218	218	6	poter	poter	_	_	_	_	_	linguistic	_	none	_	_	_	_	_	_
218-7	TOI014	218	218	7	mangiare:	mangiare	_	_	_	_	_	linguistic	_	none	_	End=437.94	7x1	_	_	_
219-0	TOI014	219	219	0	e	e	_	_	_	_	_	linguistic	_	none	_	Begin=437.96	_	_	_	_
219-1	TOI014	219	219	1	poi	poi	_	_	_	_	_	linguistic	_	none	_	_	_	_	_	_
219-2	TOI014	219	219	2	riattaccare	riattaccare	_	_	_	_	_	linguistic	_	none	_	End=439.22	_	_	_	_
220-0	TOR001	220	220	0	wow	wow	_	_	_	_	_	linguistic	_	none	_	Begin=439.51|End=440.01	_	_	_	_
221-0	TOI014	221	221	0	perché:	perché	_	_	_	_	_	linguistic	_	none	_	Begin=440.01	5x1	_	_	_
221-1	TOI014	221	221	1	ho	ho	_	_	_	_	_	linguistic	_	none	_	_	_	_	_	_
221-2	TOI014	221	221	2	lavorato	lavorato	_	_	_	_	_	linguistic	_	none	_	_	_	_	_	_
221-3	TOI014	221	221	3	sulla	sulla	_	_	_	_	_	linguistic	_	none	_	_	_	_	_	_
221-4	TOI014	221	221	4	rambla	rambla	_	_	_	_	_	linguistic	_	none	_	End=441.83	_	_	_	_
222-0	TOI014	222	222	0	e:	e	_	_	_	_	_	linguistic	_	none	_	Begin=441.83	0x1	_	_	_
222-1	TOI014	222	222	1	dove	dove	_	_	_	_	_	linguistic	_	none	_	_	_	_	_	_
222-2	TOI014	222	222	2	lavoravo	lavoravo	_	_	_	_	_	linguistic	_	none	_	_	_	_	_	_
222-3	TOI014	222	222	3	io	io	_	_	_	_	_	linguistic	_	none	_	_	_	_	_	_
222-4	TOI014	222	222	4	ci	ci	_	_	_	_	_	linguistic	_	none	_	_	_	_	_	_
222-5	TOI014	222	222	5	veniva	veniva	_	_	_	_	_	linguistic	_	none	_	_	_	_	_	_
222-6	TOI014	222	222	6	molta	molta	_	_	_	_	_	linguistic	_	none	_	_	_	_	_	_
222-7	TOI014	222	222	7	gente	gente	_	_	_	_	_	linguistic	_	none	_	_	_	_	_	_
222-8	TOI014	222	222	8	soprattutto	soprattutto	_	_	_	_	_	linguistic	_	none	_	_	_	_	_	_
222-9	TOI014	222	222	9	turisti	turisti	_	_	_	_	_	linguistic	_	none	_	End=445.2	_	_	_	_
223-0	TOI014	223	223	0	e:	e	_	_	_	_	_	linguistic	_	none	_	Begin=446.22	0x1	_	_	_
223-1	TOI014	223	223	1	dovevi:	dovevi	_	_	_	_	_	linguistic	_	none	_	_	5x1	_	_	_
223-2	TOI014	223	223	2	far	far	_	_	_	_	_	linguistic	_	none	_	_	_	_	_	_
223-3	TOI014	223	223	3	sì	sì	_	_	_	_	_	linguistic	_	none	_	_	_	_	_	_
223-4	TOI014	223	223	4	che:	che	_	_	_	_	_	linguistic	_	none	_	_	2x1	_	_	_
223-5	TOI014	223	223	5	il	il	_	_	_	_	_	linguistic	_	none	_	_	_	_	_	_
223-6	TOI014	223	223	6	locale	locale	_	_	_	_	_	linguistic	_	none	_	_	_	_	_	_
223-7	TOI014	223	223	7	fosse	fosse	_	_	_	_	_	linguistic	_	none	_	_	_	_	_	_
223-8	TOI014	223	223	8	sempre	sempre	_	_	_	_	_	linguistic	_	none	_	_	_	_	_	_
223-9	TOI014	223	223	9	in	in	_	_	_	_	_	linguistic	_	none	_	_	_	_	_	_
223-10	TOI014	223	223	10	perfette	perfette	_	_	_	_	_	linguistic	_	none	_	_	_	_	_	_
223-11	TOI014	223	223	11	condizioni	condizioni	_	_	_	_	_	linguistic	_	none	_	End=449.91	_	_	_	_
224-0	TOI014	224	224	0	e	e	_	_	_	_	_	linguistic	_	none	_	Begin=449.91	_	_	_	_
224-1	TOI014	224	224	1	che	che	_	_	_	_	_	linguistic	_	none	_	_	_	_	_	_
224-2	TOI014	224	224	2	il	il	_	_	_	_	_	linguistic	_	none	_	_	_	_	_	_
224-3	TOI014	224	224	3	cliente	cliente	_	_	_	_	_	linguistic	_	none	_	_	_	_	_	_
224-4	TOI014	224	224	4	sia	sia	_	_	_	_	_	linguistic	_	none	_	_	_	_	_	_
224-5	TOI014	224	224	5	sempre	sempre	_	_	_	_	_	linguistic	_	none	_	_	_	_	_	_
224-6	TOI014	224	224	6	soddisfatto	soddisfatto	_	_	_	_	_	linguistic	_	none	_	End=451.81	_	_	_	_
225-0	TOR001	225	225	0	mh	mh	_	_	_	_	_	linguistic	_	none	_	Begin=451.838	_	_	_	_
225-1	TOR001	225	225	1	mh	mh	_	_	_	_	_	linguistic	_	none	_	_	_	_	_	_
225-2	TOR001	225	225	2	[mh	mh	_	_	_	_	_	linguistic	_	none	_	_	_	_	_	0-2(30)
225-3	TOR001	225	225	3	mh]	mh	_	_	_	_	_	linguistic	_	none	_	End=452.83	_	_	_	0-2(30)
226-0	TOI014	226	226	0	[quindi	quindi	_	_	_	_	_	linguistic	_	none	_	Begin=452.31	_	_	_	0-6(30)
226-1	TOI014	226	226	1	é	é	_	_	_	_	_	linguistic	_	none	_	_	_	_	_	0-1(30)
226-2	TOI014	226	226	2	un]	un	_	_	_	_	_	linguistic	_	none	_	_	_	_	_	0-2(30)
226-3	TOI014	226	226	3	lavoro:	lavoro	_	_	_	_	_	linguistic	_	none	PauseAfter=Yes	_	5x1	_	_	_
226-4	TOI014	226	226	4	{P}	{P}	_	_	_	_	_	shortpause	_	none	_	_	_	_	_	_
226-5	TOI014	226	226	5	molto	molto	_	_	_	_	_	linguistic	_	none	_	_	_	_	_	_
226-6	TOI014	226	226	6	stancante	stancante	_	_	_	_	_	linguistic	_	none	_	End=455.11	_	_	_	_
227-0	TOR001	227	227	0	e	e	_	_	_	_	_	linguistic	_	none	_	Begin=455.41	_	_	_	_
227-1	TOR001	227	227	1	quando	quando	_	_	_	_	_	linguistic	_	none	_	_	_	_	_	_
227-2	TOR001	227	227	2	sei	sei	_	_	_	_	_	linguistic	_	none	_	_	_	_	_	_
227-3	TOR001	227	227	3	stato?	stato	_	_	_	_	_	linguistic	_	none	Intonation=Rising	End=456.4	_	_	_	_
228-0	TOI014	228	228	0	io	io	_	_	_	_	_	linguistic	_	none	_	Begin=456.72	_	_	_	_
228-1	TOI014	228	228	1	sono	sono	_	_	_	_	_	linguistic	_	none	_	_	_	_	_	_
228-2	TOI014	228	228	2	stato	stato	_	_	_	_	_	linguistic	_	none	_	_	_	_	_	_
228-3	TOI014	228	228	3	da:	da	_	_	_	_	_	linguistic	_	none	_	_	1x1	_	_	_
228-4	TOI014	228	228	4	inzio	inzio	_	_	_	_	_	linguistic	_	none	_	_	_	_	_	_
228-5	TOI014	228	228	5	settembre	settembre	_	_	_	_	_	linguistic	_	none	_	_	_	_	_	_
228-6	TOI014	228	228	6	fino	fino	_	_	_	_	_	linguistic	_	none	_	_	_	_	_	_
228-7	TOI014	228	228	7	a	a	_	_	_	_	_	linguistic	_	none	_	_	_	_	_	_
228-8	TOI014	228	228	8	fine	fine	_	_	_	_	_	linguistic	_	none	_	_	_	_	_	_
228-9	TOI014	228	228	9	dicembre	dicembre	_	_	_	_	_	linguistic	_	none	_	End=460.0	_	_	_	_
229-0	TOR002	229	229	0	[ma	ma	_	_	_	_	_	linguistic	_	none	_	Begin=460.012	_	_	_	0-2(31)
229-1	TOR002	229	229	1	quest'	quest'	_	_	_	_	_	linguistic	_	none	SpaceAfter=No	_	_	_	_	0-6(31)
229-2	TOR002	229	229	2	anno]?	anno	_	_	_	_	_	linguistic	_	none	Intonation=Rising	End=460.93	_	_	_	0-4(31)
230-0	TOR001	230	230	0	[ma::	ma	_	_	_	_	_	linguistic	_	none	_	Begin=460.012	1x2	_	_	0-2(31)
230-1	TOR001	230	230	1	quest'	quest'	_	_	_	_	_	linguistic	_	none	SpaceAfter=No	_	_	_	_	0-6(31)
230-2	TOR001	230	230	2	]an[no]?	anno	_	_	_	_	_	linguistic	_	none	Intonation=Rising	End=461.517	_	_	_	1-4(32)
231-0	TOI014	231	231	0	[sì].	sì	_	_	_	_	_	linguistic	_	none	Intonation=Falling	Begin=461.11|End=461.51	_	_	_	0-2(32)
232-0	TOR001	232	232	0	ah	ah	_	_	_	_	_	linguistic	_	none	_	Begin=461.517	_	_	_	_
232-1	TOR001	232	232	1	[quindi	quindi	_	_	_	_	_	linguistic	_	none	_	_	_	_	_	0-6(33)
232-2	TOR001	232	232	2	adesso]	adesso	_	_	_	_	_	linguistic	_	none	_	End=462.59	_	_	_	0-6(33)
233-0	TOI014	233	233	0	[adesso]	adesso	_	_	_	_	_	linguistic	_	none	_	Begin=461.89|End=462.59	_	_	_	0-6(33)
234-0	TOR001	234	234	0	[sei	sei	_	_	_	_	_	linguistic	_	none	_	Begin=462.59	_	_	_	0-3(?)
234-1	TOR001	234	234	1	tornato	tornato	_	_	_	_	_	linguistic	_	none	_	_	_	_	_	0-7(?)
234-2	TOR001	234	234	2	da:]	da	_	_	_	_	_	linguistic	_	none	_	_	1x1	_	_	0-2(?)
234-3	TOR001	234	234	3	da	da	_	_	_	_	_	linguistic	_	none	_	_	_	_	_	_
234-4	TOR001	234	234	4	[pochissimo]	pochissimo	_	_	_	_	_	linguistic	_	none	_	End=464.124	_	_	_	0-10(?)
235-0	TOI014	235	235	0	[sì	sì	_	_	_	_	_	linguistic	_	none	_	Begin=462.59	_	_	_	0-2(191)
235-1	TOI014	235	235	1	sì	sì	_	_	_	_	_	linguistic	_	none	PauseAfter=Yes	_	_	_	_	0-2(191)
235-2	TOI014	235	235	2	{P}	{P}	_	_	_	_	_	shortpause	_	none	_	_	_	_	_	0-3(191)
235-3	TOI014	235	235	3	esatto]	esatto	_	_	_	_	_	linguistic	_	none	_	End=464.117	_	_	_	0-6(191)
236-0	TOR002	236	236	0	[pen]sa[vo:	pensavo	_	_	_	_	_	linguistic	_	none	_	Begin=463.93	6x1	_	_	0-3(191),5-7(34)
236-1	TOR002	236	236	1	da	da	_	_	_	_	_	linguistic	_	none	_	_	_	_	_	0-2(34)
236-2	TOR002	236	236	2	più	più	_	_	_	_	_	linguistic	_	none	_	_	_	_	_	0-3(34)
236-3	TOR002	236	236	3	tempo]	tempo	_	_	_	_	_	linguistic	_	none	_	End=465.403	_	_	_	0-5(34)
237-0	TOR001	237	237	0	[okay]	okay	_	_	_	_	_	linguistic	_	none	_	Begin=464.348|End=465.02	_	_	_	0-4(34)
238-0	TOI014	238	238	0	no.	no	_	_	_	_	_	linguistic	_	none	Intonation=Falling|PauseAfter=Yes	Begin=465.726	_	_	_	_
238-1	TOI014	238	238	1	{P}	{P}	_	_	_	_	_	shortpause	_	none	_	_	_	_	_	_
238-2	TOI014	238	238	2	dal	dal	_	_	_	_	_	linguistic	_	none	_	_	_	_	_	_
238-3	TOI014	238	238	3	tre	tre	_	_	_	_	_	linguistic	_	none	_	_	_	_	_	_
238-4	TOI014	238	238	4	settembre	settembre	_	_	_	_	_	linguistic	_	none	_	_	_	_	_	_
238-5	TOI014	238	238	5	sono:	sono	_	_	_	_	_	linguistic	_	none	PauseAfter=Yes	_	3x1	_	_	_
238-6	TOI014	238	238	6	{P}	{P}	_	_	_	_	_	shortpause	_	none	_	_	_	_	_	_
238-7	TOI014	238	238	7	stato	stato	_	_	_	_	_	linguistic	_	none	_	_	_	_	_	_
238-8	TOI014	238	238	8	a	a	_	_	_	_	_	linguistic	_	none	_	_	_	_	_	_
238-9	TOI014	238	238	9	barcellona	barcellona	_	_	_	_	_	linguistic	_	none	_	End=469.01	_	_	_	_
239-0	TOR001	239	239	0	[okay]	okay	_	_	_	_	_	linguistic	_	none	_	Begin=467.71|End=468.22	_	_	_	0-4(35)
240-0	TOR001	240	240	0	beh	beh	_	_	_	_	_	linguistic	_	none	_	Begin=469.41	_	_	_	_
240-1	TOR001	240	240	1	quindi	quindi	_	_	_	_	_	linguistic	_	none	_	_	_	_	_	_
240-2	TOR001	240	240	2	per	per	_	_	_	_	_	linguistic	_	none	_	_	_	_	_	_
240-3	TOR001	240	240	3	quello	quello	_	_	_	_	_	linguistic	_	none	_	_	_	_	_	_
240-4	TOR001	240	240	4	stai	stai	_	_	_	_	_	linguistic	_	none	_	_	_	_	_	_
240-5	TOR001	240	240	5	cercando	cercando	_	_	_	_	_	linguistic	_	none	_	_	_	_	_	_
240-6	TOR001	240	240	6	lavoro	lavoro	_	_	_	_	_	linguistic	_	none	_	End=471.24	_	_	_	_
241-0	TOR001	241	241	0	c(io)è	cioè	_	_	_	_	_	linguistic	_	none	_	Begin=471.24	_	_	1-3(0)	_
241-1	TOR001	241	241	1	[sei	sei	_	_	_	_	_	linguistic	_	none	_	_	_	_	_	0-3(36)
241-2	TOR001	241	241	2	tornato	tornato	_	_	_	_	_	linguistic	_	none	_	_	_	_	_	0-7(36)
241-3	TOR001	241	241	3	anche]	anche	_	_	_	_	_	linguistic	_	none	_	_	_	_	_	0-5(36)
241-4	TOR001	241	241	4	[da:	da	_	_	_	_	_	linguistic	_	none	_	_	1x1	_	_	0-2(37)
241-5	TOR001	241	241	5	da	da	_	_	_	_	_	linguistic	_	none	_	_	_	_	_	0-2(37)
241-6	TOR001	241	241	6	poco]	poco	_	_	_	_	_	linguistic	_	none	_	End=473.31	_	_	_	0-4(37)
242-0	TOI014	242	242	0	[esatto]	esatto	_	_	_	_	_	linguistic	_	none	_	Begin=471.51|End=472.11	_	_	_	0-6(36)
243-0	TOI014	243	243	0	[sono	sono	_	_	_	_	_	linguistic	_	none	_	Begin=472.21	_	_	_	0-4(37)
243-1	TOI014	243	243	1	tornato	tornato	_	_	_	_	_	linguistic	_	none	_	_	_	_	_	0-7(37)
243-2	TOI014	243	243	2	qui]	qui	_	_	_	_	_	linguistic	_	none	_	_	_	_	_	0-3(37)
243-3	TOI014	243	243	3	e	e	_	_	_	_	_	linguistic	_	none	_	_	_	_	_	_
243-4	TOI014	243	243	4	adesso:	adesso	_	_	_	_	_	linguistic	_	none	_	_	5x1	_	_	_
243-5	TOI014	243	243	5	sono	sono	_	_	_	_	_	linguistic	_	none	_	_	_	_	_	_
243-6	TOI014	243	243	6	appunto	appunto	_	_	_	_	_	linguistic	_	none	_	_	_	_	_	_
243-7	TOI014	243	243	7	in	in	_	_	_	_	_	linguistic	_	none	_	_	_	_	_	_
243-8	TOI014	243	243	8	cerca	cerca	_	_	_	_	_	linguistic	_	none	_	_	_	_	_	_
243-9	TOI014	243	243	9	di	di	_	_	_	_	_	linguistic	_	none	_	_	_	_	_	_
243-10	TOI014	243	243	10	occupazione	occupazione	_	_	_	_	_	linguistic	_	none	_	_	_	_	_	_
243-11	TOI014	243	243	11	mentre:	mentre	_	_	_	_	_	linguistic	_	none	_	_	5x1	_	_	_
243-12	TOI014	243	243	12	imparo	imparo	_	_	_	_	_	linguistic	_	none	_	_	_	_	_	_
243-13	TOI014	243	243	13	a	a	_	_	_	_	_	linguistic	_	none	_	_	_	_	_	_
243-14	TOI014	243	243	14	fare	fare	_	_	_	_	_	linguistic	_	none	_	_	_	_	_	_
243-15	TOI014	243	243	15	i	i	_	_	_	_	_	linguistic	_	none	_	_	_	_	_	_
243-16	TOI014	243	243	16	tatuaggi	tatuaggi	_	_	_	_	_	linguistic	_	none	_	End=477.571	_	_	_	_
244-0	TOR001	244	244	0	okay	okay	_	_	_	_	_	linguistic	_	none	_	Begin=477.64|End=478.03	_	_	_	_
245-0	TOR001	245	245	0	scusami	scusami	_	_	_	_	_	linguistic	_	none	_	Begin=479.1	_	_	_	_
245-1	TOR001	245	245	1	eh	eh	_	_	_	_	_	linguistic	_	none	PauseAfter=Yes	_	_	_	_	_
245-2	TOR001	245	245	2	{P}	{P}	_	_	_	_	_	shortpause	_	none	_	_	_	_	_	_
245-3	TOR001	245	245	3	sta	sta	_	_	_	_	_	linguistic	_	none	_	_	_	_	_	_
245-4	TOR001	245	245	4	roba	roba	_	_	_	_	_	linguistic	_	none	_	_	_	_	_	_
245-5	TOR001	245	245	5	dei	dei	_	_	_	_	_	linguistic	_	none	_	_	_	_	_	_
245-6	TOR001	245	245	6	tatuaggi	tatuaggi	_	_	_	_	_	linguistic	_	none	_	_	_	_	_	_
245-7	TOR001	245	245	7	{ride}	{ride}	_	_	_	_	_	nonverbalbehavior	_	none	_	End=482.01	_	_	_	_
246-0	TOI014	246	246	0	{ride}	{ride}	_	_	_	_	_	nonverbalbehavior	_	none	_	Begin=481.045|End=481.75	_	_	_	_
247-0	TOR001	247	247	0	c(io)è	cioè	_	_	_	_	_	linguistic	_	none	_	Begin=482.3	_	_	1-3(0)	_
247-1	TOR001	247	247	1	e	e	_	_	_	_	_	linguistic	_	none	_	_	_	_	_	_
247-2	TOR001	247	247	2	come:	come	_	_	_	_	_	linguistic	_	none	_	_	3x1	_	_	_
247-3	TOR001	247	247	3	come	come	_	_	_	_	_	linguistic	_	none	_	_	_	_	_	_
247-4	TOR001	247	247	4	fai	fai	_	_	_	_	_	linguistic	_	none	_	_	_	_	_	_
247-5	TOR001	247	247	5	c(io)è	cioè	_	_	_	_	_	linguistic	_	none	_	_	_	_	1-3(1)	_
247-6	TOR001	247	247	6	nel	nel	_	_	_	_	_	linguistic	_	none	_	_	_	_	_	_
247-7	TOR001	247	247	7	senso:	senso	_	_	_	_	_	linguistic	_	none	_	End=484.71	4x1	_	_	_
248-0	TOR001	248	248	0	mh	mh	_	_	_	_	_	linguistic	_	none	_	Begin=484.763	_	_	_	_
248-1	TOR001	248	248	1	trovi	trovi	_	_	_	_	_	linguistic	_	none	_	_	_	_	_	_
248-2	TOR001	248	248	2	un'	un'	_	_	_	_	_	linguistic	_	none	SpaceAfter=No	_	_	_	_	_
248-3	TOR001	248	248	3	immagine	immagine	_	_	_	_	_	linguistic	_	none	_	_	_	_	_	_
248-4	TOR001	248	248	4	e	e	_	_	_	_	_	linguistic	_	none	_	_	_	_	_	_
248-5	TOR001	248	248	5	decidi	decidi	_	_	_	_	_	linguistic	_	none	_	_	_	_	_	_
248-6	TOR001	248	248	6	di	di	_	_	_	_	_	linguistic	_	none	_	_	_	_	_	_
248-7	TOR001	248	248	7	farla:,	farla	_	_	_	_	_	linguistic	_	none	Intonation=WeaklyRising	End=486.88	4x1	_	_	_
249-0	TOR001	249	249	0	come	come	_	_	_	_	_	linguistic	_	none	_	Begin=487.0	_	_	_	_
249-1	TOR001	249	249	1	trovi	trovi	_	_	_	_	_	linguistic	_	none	_	_	_	_	_	_
249-2	TOR001	249	249	2	l'	l'	_	_	_	_	_	linguistic	_	none	SpaceAfter=No	_	_	_	_	_
249-3	TOR001	249	249	3	ispirazione	ispirazione	_	_	_	_	_	linguistic	_	none	_	_	_	_	_	_
249-4	TOR001	249	249	4	come:::,	come	_	_	_	_	_	linguistic	_	none	Intonation=WeaklyRising	End=489.21	3x3	_	_	_
250-0	TOR001	250	250	0	come	come	_	_	_	_	_	linguistic	_	none	_	Begin=489.4	_	_	_	_
250-1	TOR001	250	250	1	scegli	scegli	_	_	_	_	_	linguistic	_	none	_	_	_	_	_	_
250-2	TOR001	250	250	2	il	il	_	_	_	_	_	linguistic	_	none	_	_	_	_	_	_
250-3	TOR001	250	250	3	po(sto)	posto	_	_	_	_	_	linguistic	_	none	PauseAfter=Yes	_	_	_	2-5(0)	_
250-4	TOR001	250	250	4	{P}	{P}	_	_	_	_	_	shortpause	_	none	_	_	_	_	_	_
250-5	TOR001	250	250	5	c(io)é	cioé	_	_	_	_	_	linguistic	_	none	_	_	_	_	1-3(1)	_
250-6	TOR001	250	250	6	io	io	_	_	_	_	_	linguistic	_	none	_	_	_	_	_	_
250-7	TOR001	250	250	7	ne	ne	_	_	_	_	_	linguistic	_	none	_	_	_	_	_	_
250-8	TOR001	250	250	8	ho	ho	_	_	_	_	_	linguistic	_	none	_	_	_	_	_	_
250-9	TOR001	250	250	9	pochissimi	pochissimi	_	_	_	_	_	linguistic	_	none	_	_	_	_	_	_
250-10	TOR001	250	250	10	e	e	_	_	_	_	_	linguistic	_	none	_	_	_	_	_	_
250-11	TOR001	250	250	11	molto	molto	_	_	_	_	_	linguistic	_	none	_	_	_	_	_	_
250-12	TOR001	250	250	12	piccoli	piccoli	_	_	_	_	_	linguistic	_	none	_	End=491.92	_	_	_	_
251-0	TOR001	251	251	0	e	e	_	_	_	_	_	linguistic	_	none	_	Begin=491.936	_	_	_	_
251-1	TOR001	251	251	1	ogni	ogni	_	_	_	_	_	linguistic	_	none	_	_	_	_	_	_
251-2	TOR001	251	251	2	volta	volta	_	_	_	_	_	linguistic	_	none	_	_	_	_	_	_
251-3	TOR001	251	251	3	che	che	_	_	_	_	_	linguistic	_	none	_	_	_	_	_	_
251-4	TOR001	251	251	4	devo	devo	_	_	_	_	_	linguistic	_	none	_	_	_	_	_	_
251-5	TOR001	251	251	5	farli	farli	_	_	_	_	_	linguistic	_	none	_	_	_	_	_	_
251-6	TOR001	251	251	6	ci	ci	_	_	_	_	_	linguistic	_	none	_	_	_	_	_	_
251-7	TOR001	251	251	7	metto	metto	_	_	_	_	_	linguistic	_	none	PauseAfter=Yes	_	_	_	_	_
251-8	TOR001	251	251	8	{P}	{P}	_	_	_	_	_	shortpause	_	none	_	_	_	_	_	_
251-9	TOR001	251	251	9	un	un	_	_	_	_	_	linguistic	_	none	_	_	_	_	_	_
251-10	TOR001	251	251	10	sac(co)	sacco	_	_	_	_	_	linguistic	_	none	_	_	_	_	3-5(0)	_
251-11	TOR001	251	251	11	tranne	tranne	_	_	_	_	_	linguistic	_	none	_	_	_	_	_	_
251-12	TOR001	251	251	12	uno	uno	_	_	_	_	_	linguistic	_	none	_	End=494.51	_	_	_	_
252-0	TOR001	252	252	0	però	però	_	_	_	_	_	linguistic	_	none	_	Begin=494.7	_	_	_	_
252-1	TOR001	252	252	1	se	se	_	_	_	_	_	linguistic	_	none	_	_	_	_	_	_
252-2	TOR001	252	252	2	no	no	_	_	_	_	_	linguistic	_	none	_	_	_	_	_	_
252-3	TOR001	252	252	3	ci	ci	_	_	_	_	_	linguistic	_	none	_	_	_	_	_	_
252-4	TOR001	252	252	4	metto	metto	_	_	_	_	_	linguistic	_	none	_	_	_	_	_	_
252-5	TOR001	252	252	5	un	un	_	_	_	_	_	linguistic	_	none	_	_	_	_	_	_
252-6	TOR001	252	252	6	sacco	sacco	_	_	_	_	_	linguistic	_	none	_	_	_	_	_	_
252-7	TOR001	252	252	7	di	di	_	_	_	_	_	linguistic	_	none	_	_	_	_	_	_
252-8	TOR001	252	252	8	tempo	tempo	_	_	_	_	_	linguistic	_	none	_	_	_	_	_	_
252-9	TOR001	252	252	9	prima	prima	_	_	_	_	_	linguistic	_	none	_	_	_	_	_	_
252-10	TOR001	252	252	10	che:	che	_	_	_	_	_	linguistic	_	none	_	_	2x1	_	_	_
252-11	TOR001	252	252	11	che	che	_	_	_	_	_	linguistic	_	none	_	_	_	_	_	_
252-12	TOR001	252	252	12	mi	mi	_	_	_	_	_	linguistic	_	none	_	_	_	_	_	_
252-13	TOR001	252	252	13	decida::	decida	_	_	_	_	_	linguistic	_	none	_	_	5x2	_	_	_
252-14	TOR001	252	252	14	che	che	_	_	_	_	_	linguistic	_	none	_	End=498.3	_	_	_	_
253-0	TOI014	253	253	0	ma	ma	_	_	_	_	_	linguistic	_	none	_	Begin=498.51	_	_	_	_
253-1	TOI014	253	253	1	io	io	_	_	_	_	_	linguistic	_	none	_	_	_	_	_	_
253-2	TOI014	253	253	2	penso	penso	_	_	_	_	_	linguistic	_	none	_	_	_	_	_	_
253-3	TOI014	253	253	3	molto	molto	_	_	_	_	_	linguistic	_	none	_	_	_	_	_	_
253-4	TOI014	253	253	4	a:	a	_	_	_	_	_	linguistic	_	none	_	End=500.02	0x1	_	_	_
254-0	TOI014	254	254	0	quello	quello	_	_	_	_	_	linguistic	_	none	_	Begin=500.51	_	_	_	_
254-1	TOI014	254	254	1	che:	che	_	_	_	_	_	linguistic	_	none	_	_	2x1	_	_	_
254-2	TOI014	254	254	2	é	é	_	_	_	_	_	linguistic	_	none	_	_	_	_	_	_
254-3	TOI014	254	254	3	il	il	_	_	_	_	_	linguistic	_	none	_	_	_	_	_	_
254-4	TOI014	254	254	4	mio	mio	_	_	_	_	_	linguistic	_	none	_	_	_	_	_	_
254-5	TOI014	254	254	5	gusto	gusto	_	_	_	_	_	linguistic	_	none	_	_	_	_	_	_
254-6	TOI014	254	254	6	personale	personale	_	_	_	_	_	linguistic	_	none	_	End=502.82	_	_	_	_
255-0	TOI014	255	255	0	e	e	_	_	_	_	_	linguistic	_	none	_	Begin=502.82	_	_	_	_
255-1	TOI014	255	255	1	soprattutto	soprattutto	_	_	_	_	_	linguistic	_	none	_	_	_	_	_	_
255-2	TOI014	255	255	2	sfrutto	sfrutto	_	_	_	_	_	linguistic	_	none	_	_	_	_	_	_
255-3	TOI014	255	255	3	la	la	_	_	_	_	_	linguistic	_	none	_	_	_	_	_	_
255-4	TOI014	255	255	4	fotografia	fotografia	_	_	_	_	_	linguistic	_	none	_	_	_	_	_	_
255-5	TOI014	255	255	5	molte	molte	_	_	_	_	_	linguistic	_	none	_	_	_	_	_	_
255-6	TOI014	255	255	6	volte:	volte	_	_	_	_	_	linguistic	_	none	_	_	4x1	_	_	_
255-7	TOI014	255	255	7	scatto	scatto	_	_	_	_	_	linguistic	_	none	_	_	_	_	_	_
255-8	TOI014	255	255	8	io	io	_	_	_	_	_	linguistic	_	none	_	_	_	_	_	_
255-9	TOI014	255	255	9	di~	di~	_	_	_	_	_	linguistic	_	none	Interrupted=Yes	_	_	_	_	_
255-10	TOI014	255	255	10	direttamente	direttamente	_	_	_	_	_	linguistic	_	none	_	_	_	_	_	_
255-11	TOI014	255	255	11	l'	l'	_	_	_	_	_	linguistic	_	none	SpaceAfter=No	_	_	_	_	_
255-12	TOI014	255	255	12	immagine	immagine	_	_	_	_	_	linguistic	_	none	_	End=507.6	_	_	_	_
256-0	TOR001	256	256	0	mh	mh	_	_	_	_	_	linguistic	_	none	_	Begin=507.71	_	_	_	_
256-1	TOR001	256	256	1	mh	mh	_	_	_	_	_	linguistic	_	none	_	End=508.12	_	_	_	_
257-0	TOI014	257	257	0	con	con	_	_	_	_	_	linguistic	_	none	_	Begin=508.135	_	_	_	_
257-1	TOI014	257	257	1	lo	lo	_	_	_	_	_	linguistic	_	none	_	_	_	_	_	_
257-2	TOI014	257	257	2	scopo	scopo	_	_	_	_	_	linguistic	_	none	_	_	_	_	_	_
257-3	TOI014	257	257	3	poi	poi	_	_	_	_	_	linguistic	_	none	_	_	_	_	_	_
257-4	TOI014	257	257	4	di::	di	_	_	_	_	_	linguistic	_	none	_	_	1x2	_	_	_
257-5	TOI014	257	257	5	farne	farne	_	_	_	_	_	linguistic	_	none	_	_	_	_	_	_
257-6	TOI014	257	257	6	un	un	_	_	_	_	_	linguistic	_	none	_	_	_	_	_	_
257-7	TOI014	257	257	7	tatuaggio	tatuaggio	_	_	_	_	_	linguistic	_	none	_	End=510.62	_	_	_	_
258-0	TOR001	258	258	0	mh	mh	_	_	_	_	_	linguistic	_	none	_	Begin=510.81	_	_	_	_
258-1	TOR001	258	258	1	mh	mh	_	_	_	_	_	linguistic	_	none	_	End=511.28	_	_	_	_
259-0	TOI014	259	259	0	e:h	eh	_	_	_	_	_	linguistic	_	none	_	Begin=511.292	0x1	_	_	_
259-1	TOI014	259	259	1	uso	uso	_	_	_	_	_	linguistic	_	none	_	_	_	_	_	_
259-2	TOI014	259	259	2	questo	questo	_	_	_	_	_	linguistic	_	none	_	_	_	_	_	_
259-3	TOI014	259	259	3	mezzo	mezzo	_	_	_	_	_	linguistic	_	none	_	_	_	_	_	_
259-4	TOI014	259	259	4	per	per	_	_	_	_	_	linguistic	_	none	_	_	_	_	_	_
259-5	TOI014	259	259	5	avere	avere	_	_	_	_	_	linguistic	_	none	_	_	_	_	_	_
259-6	TOI014	259	259	6	molte	molte	_	_	_	_	_	linguistic	_	none	_	_	_	_	_	_
259-7	TOI014	259	259	7	più	più	_	_	_	_	_	linguistic	_	none	_	_	_	_	_	_
259-8	TOI014	259	259	8	idee	idee	_	_	_	_	_	linguistic	_	none	_	End=514.11	_	_	_	_
260-0	TOR001	260	260	0	mh	mh	_	_	_	_	_	linguistic	_	none	_	Begin=514.22	_	_	_	_
260-1	TOR001	260	260	1	mh	mh	_	_	_	_	_	linguistic	_	none	_	End=514.62	_	_	_	_
261-0	TOI014	261	261	0	e:h	eh	_	_	_	_	_	linguistic	_	none	PauseAfter=Yes	Begin=514.62	0x1	_	_	_
261-1	TOI014	261	261	1	{P}	{P}	_	_	_	_	_	shortpause	_	none	_	_	_	_	_	_
261-2	TOI014	261	261	2	se	se	_	_	_	_	_	linguistic	_	none	_	_	_	_	_	_
261-3	TOI014	261	261	3	no	no	_	_	_	_	_	linguistic	_	none	_	_	_	_	_	_
261-4	TOI014	261	261	4	penso	penso	_	_	_	_	_	linguistic	_	none	_	_	_	_	_	_
261-5	TOI014	261	261	5	a	a	_	_	_	_	_	linguistic	_	none	_	_	_	_	_	_
261-6	TOI014	261	261	6	quello	quello	_	_	_	_	_	linguistic	_	none	_	_	_	_	_	_
261-7	TOI014	261	261	7	che:	che	_	_	_	_	_	linguistic	_	none	_	_	2x1	_	_	_
261-8	TOI014	261	261	8	quello	quello	_	_	_	_	_	linguistic	_	none	_	_	_	_	_	_
261-9	TOI014	261	261	9	che	che	_	_	_	_	_	linguistic	_	none	_	_	_	_	_	_
261-10	TOI014	261	261	10	vorrei	vorrei	_	_	_	_	_	linguistic	_	none	_	_	_	_	_	_
261-11	TOI014	261	261	11	fare	fare	_	_	_	_	_	linguistic	_	none	_	_	_	_	_	_
261-12	TOI014	261	261	12	lo	lo	_	_	_	_	_	linguistic	_	none	_	_	_	_	_	_
261-13	TOI014	261	261	13	disegno	disegno	_	_	_	_	_	linguistic	_	none	_	End=519.01	_	_	_	_
262-0	TOI014	262	262	0	successivamente:	successivamente	_	_	_	_	_	linguistic	_	none	_	Begin=519.6	14x1	_	_	_
262-1	TOI014	262	262	1	uso	uso	_	_	_	_	_	linguistic	_	none	_	_	_	_	_	_
262-2	TOI014	262	262	2	la	la	_	_	_	_	_	linguistic	_	none	_	_	_	_	_	_
262-3	TOI014	262	262	3	macchinetta	macchinetta	_	_	_	_	_	linguistic	_	none	_	_	_	_	_	_
262-4	TOI014	262	262	4	come	come	_	_	_	_	_	linguistic	_	none	_	_	_	_	_	_
262-5	TOI014	262	262	5	mezzo	mezzo	_	_	_	_	_	linguistic	_	none	_	_	_	_	_	_
262-6	TOI014	262	262	6	di	di	_	_	_	_	_	linguistic	_	none	_	_	_	_	_	_
262-7	TOI014	262	262	7	lavoro	lavoro	_	_	_	_	_	linguistic	_	none	_	End=522.929	_	_	_	_
263-0	TOI014	263	263	0	come	come	_	_	_	_	_	linguistic	_	none	_	Begin=522.929	_	_	_	_
263-1	TOI014	263	263	1	strumento	strumento	_	_	_	_	_	linguistic	_	none	_	_	_	_	_	_
263-2	TOI014	263	263	2	appunto	appunto	_	_	_	_	_	linguistic	_	none	_	_	_	_	_	_
263-3	TOI014	263	263	3	per	per	_	_	_	_	_	linguistic	_	none	PauseAfter=Yes	_	_	_	_	_
263-4	TOI014	263	263	4	{P}	{P}	_	_	_	_	_	shortpause	_	none	_	_	_	_	_	_
263-5	TOI014	263	263	5	portare	portare	_	_	_	_	_	linguistic	_	none	_	End=525.07	_	_	_	_
264-0	TOI014	264	264	0	quello	quello	_	_	_	_	_	linguistic	_	none	_	Begin=525.4	_	_	_	_
264-1	TOI014	264	264	1	che	che	_	_	_	_	_	linguistic	_	none	_	_	_	_	_	_
264-2	TOI014	264	264	2	é	é	_	_	_	_	_	linguistic	_	none	_	_	_	_	_	_
264-3	TOI014	264	264	3	un'	un'	_	_	_	_	_	linguistic	_	none	SpaceAfter=No	_	_	_	_	_
264-4	TOI014	264	264	4	immagine	immagine	_	_	_	_	_	linguistic	_	none	_	_	_	_	_	_
264-5	TOI014	264	264	5	a:	a	_	_	_	_	_	linguistic	_	none	PauseAfter=Yes	_	0x1	_	_	_
264-6	TOI014	264	264	6	{P}	{P}	_	_	_	_	_	shortpause	_	none	_	_	_	_	_	_
264-7	TOI014	264	264	7	un	un	_	_	_	_	_	linguistic	_	none	_	_	_	_	_	_
264-8	TOI014	264	264	8	lavoro	lavoro	_	_	_	_	_	linguistic	_	none	_	_	_	_	_	_
264-9	TOI014	264	264	9	su	su	_	_	_	_	_	linguistic	_	none	_	_	_	_	_	_
264-10	TOI014	264	264	10	un	un	_	_	_	_	_	linguistic	_	none	_	_	_	_	_	_
264-11	TOI014	264	264	11	corpo	corpo	_	_	_	_	_	linguistic	_	none	_	End=529.23	_	_	_	_
265-0	TOR001	265	265	0	certo	certo	_	_	_	_	_	linguistic	_	none	_	Begin=529.51|End=530.01	_	_	_	_
266-0	TOR001	266	266	0	e	e	_	_	_	_	_	linguistic	_	none	_	Begin=531.41	_	_	_	_
266-1	TOR001	266	266	1	hai	hai	_	_	_	_	_	linguistic	_	none	_	_	_	_	_	_
266-2	TOR001	266	266	2	già	già	_	_	_	_	_	linguistic	_	none	_	_	_	_	_	_
266-3	TOR001	266	266	3	tatuato	tatuato	_	_	_	_	_	linguistic	_	none	_	_	_	_	_	_
266-4	TOR001	266	266	4	anche	anche	_	_	_	_	_	linguistic	_	none	_	_	_	_	_	_
266-5	TOR001	266	266	5	altre	altre	_	_	_	_	_	linguistic	_	none	_	_	_	_	_	_
266-6	TOR001	266	266	6	persone	persone	_	_	_	_	_	linguistic	_	none	_	_	_	_	_	_
266-7	TOR001	266	266	7	oltre	oltre	_	_	_	_	_	linguistic	_	none	_	_	_	_	_	_
266-8	TOR001	266	266	8	a	a	_	_	_	_	_	linguistic	_	none	_	_	_	_	_	_
266-9	TOR001	266	266	9	te	te	_	_	_	_	_	linguistic	_	none	_	_	_	_	_	_
266-10	TOR001	266	266	10	stesso?	stesso	_	_	_	_	_	linguistic	_	none	Intonation=Rising	End=533.91	_	_	_	_
267-0	TOI014	267	267	0	sì	sì	_	_	_	_	_	linguistic	_	none	_	Begin=533.91	_	_	_	_
267-1	TOI014	267	267	1	mi	mi	_	_	_	_	_	linguistic	_	none	_	_	_	_	_	_
267-2	TOI014	267	267	2	é	é	_	_	_	_	_	linguistic	_	none	_	_	_	_	_	_
267-3	TOI014	267	267	3	capitato	capitato	_	_	_	_	_	linguistic	_	none	_	_	_	_	_	_
267-4	TOI014	267	267	4	di	di	_	_	_	_	_	linguistic	_	none	_	_	_	_	_	_
267-5	TOI014	267	267	5	tatu[are	tatuare	_	_	_	_	_	linguistic	_	none	_	_	_	_	_	4-7(38)
267-6	TOI014	267	267	6	vari]	vari	_	_	_	_	_	linguistic	_	none	_	_	_	_	_	0-4(38)
267-7	TOI014	267	267	7	amici	amici	_	_	_	_	_	linguistic	_	none	_	End=536.2	_	_	_	_
268-0	TOR001	268	268	0	[okay]	okay	_	_	_	_	_	linguistic	_	none	_	Begin=535.11|End=535.51	_	_	_	0-4(38)
269-0	TOR001	269	269	0	mh	mh	_	_	_	_	_	linguistic	_	none	_	Begin=536.2	_	_	_	_
269-1	TOR001	269	269	1	[mh]	mh	_	_	_	_	_	linguistic	_	none	_	End=536.7	_	_	_	0-2(39)
270-0	TOI014	270	270	0	[perché:]	perché	_	_	_	_	_	linguistic	_	none	PauseAfter=Yes	Begin=536.37	5x1	_	_	0-6(39)
270-1	TOI014	270	270	1	{P}	{P}	_	_	_	_	_	shortpause	_	none	_	_	_	_	_	_
270-2	TOI014	270	270	2	ci	ci	_	_	_	_	_	linguistic	_	none	_	_	_	_	_	_
270-3	TOI014	270	270	3	si	si	_	_	_	_	_	linguistic	_	none	_	_	_	_	_	_
270-4	TOI014	270	270	4	presta	presta	_	_	_	_	_	linguistic	_	none	_	_	_	_	_	_
270-5	TOI014	270	270	5	a	a	_	_	_	_	_	linguistic	_	none	_	_	_	_	_	_
270-6	TOI014	270	270	6	vicenda::	vicenda	_	_	_	_	_	linguistic	_	none	_	End=538.98	6x2	_	_	_
271-0	TOR001	271	271	0	{ride}	{ride}	_	_	_	_	_	nonverbalbehavior	_	none	_	Begin=538.5|End=539.3	_	_	_	_
272-0	TOI014	272	272	0	per	per	_	_	_	_	_	linguistic	_	none	_	Begin=539.0	_	_	_	_
272-1	TOI014	272	272	1	queste	queste	_	_	_	_	_	linguistic	_	none	_	_	_	_	_	_
272-2	TOI014	272	272	2	cose:	cose	_	_	_	_	_	linguistic	_	none	_	End=540.3	3x1	_	_	_
273-0	TOI014	273	273	0	e:h	eh	_	_	_	_	_	linguistic	_	none	_	Begin=540.81	0x1	_	_	_
273-1	TOI014	273	273	1	io	io	_	_	_	_	_	linguistic	_	none	_	_	_	_	_	_
273-2	TOI014	273	273	2	stesso	stesso	_	_	_	_	_	linguistic	_	none	_	_	_	_	_	_
273-3	TOI014	273	273	3	ho	ho	_	_	_	_	_	linguistic	_	none	_	_	_	_	_	_
273-4	TOI014	273	273	4	fatto	fatto	_	_	_	_	_	linguistic	_	none	_	_	_	_	_	_
273-5	TOI014	273	273	5	provare	provare	_	_	_	_	_	linguistic	_	none	_	_	_	_	_	_
273-6	TOI014	273	273	6	dei	dei	_	_	_	_	_	linguistic	_	none	_	_	_	_	_	_
273-7	TOI014	273	273	7	miei	miei	_	_	_	_	_	linguistic	_	none	_	_	_	_	_	_
273-8	TOI014	273	273	8	amici	amici	_	_	_	_	_	linguistic	_	none	_	_	_	_	_	_
273-9	TOI014	273	273	9	su	su	_	_	_	_	_	linguistic	_	none	_	_	_	_	_	_
273-10	TOI014	273	273	10	di	di	_	_	_	_	_	linguistic	_	none	_	_	_	_	_	_
273-11	TOI014	273	273	11	me	me	_	_	_	_	_	linguistic	_	none	_	_	_	_	_	_
273-12	TOI014	273	273	12	per	per	_	_	_	_	_	linguistic	_	none	_	_	_	_	_	_
273-13	TOI014	273	273	13	fargli	fargli	_	_	_	_	_	linguistic	_	none	_	_	_	_	_	_
273-14	TOI014	273	273	14	capire	capire	_	_	_	_	_	linguistic	_	none	_	_	_	_	_	_
273-15	TOI014	273	273	15	com'	com'	_	_	_	_	_	linguistic	_	none	SpaceAfter=No	_	_	_	_	_
273-16	TOI014	273	273	16	era	era	_	_	_	_	_	linguistic	_	none	_	End=544.624	_	_	_	_
274-0	TOI014	274	274	0	per	per	_	_	_	_	_	linguistic	_	none	_	Begin=544.74	_	_	_	_
274-1	TOI014	274	274	1	sfatare	sfatare	_	_	_	_	_	linguistic	_	none	PauseAfter=Yes	_	_	_	_	_
274-2	TOI014	274	274	2	{P}	{P}	_	_	_	_	_	shortpause	_	none	_	_	_	_	_	_
274-3	TOI014	274	274	3	determinati	determinati	_	_	_	_	_	linguistic	_	none	_	_	_	_	_	_
274-4	TOI014	274	274	4	miti	miti	_	_	_	_	_	linguistic	_	none	_	_	_	_	_	_
274-5	TOI014	274	274	5	ecco	ecco	_	_	_	_	_	linguistic	_	none	_	End=546.99	_	_	_	_
275-0	TOR001	275	275	0	tipo?	tipo	_	_	_	_	_	linguistic	_	none	Intonation=Rising	Begin=547.005|End=547.41	_	_	_	_
276-0	TOI014	276	276	0	ma	ma	_	_	_	_	_	linguistic	_	none	_	Begin=548.12	_	_	_	_
276-1	TOI014	276	276	1	tipo::	tipo	_	_	_	_	_	linguistic	_	none	_	End=549.412	3x2	_	_	_
277-0	TOI014	277	277	0	la	la	_	_	_	_	_	linguistic	_	none	_	Begin=549.79	_	_	_	_
277-1	TOI014	277	277	1	la	la	_	_	_	_	_	linguistic	_	none	_	_	_	_	_	_
277-2	TOI014	277	277	2	paura	paura	_	_	_	_	_	linguistic	_	none	_	_	_	_	_	_
277-3	TOI014	277	277	3	di:	di	_	_	_	_	_	linguistic	_	none	_	_	1x1	_	_	_
277-4	TOI014	277	277	4	rovinare	rovinare	_	_	_	_	_	linguistic	_	none	_	_	_	_	_	_
277-5	TOI014	277	277	5	qualcuno	qualcuno	_	_	_	_	_	linguistic	_	none	_	End=552.21	_	_	_	_
278-0	TOI014	278	278	0	che:	che	_	_	_	_	_	linguistic	_	none	_	Begin=552.71	2x1	_	_	_
278-1	TOI014	278	278	1	semplicemente	semplicemente	_	_	_	_	_	linguistic	_	none	_	_	_	_	_	_
278-2	TOI014	278	278	2	con	con	_	_	_	_	_	linguistic	_	none	_	_	_	_	_	_
278-3	TOI014	278	278	3	la	la	_	_	_	_	_	linguistic	_	none	_	_	_	_	_	_
278-4	TOI014	278	278	4	pazienza	pazienza	_	_	_	_	_	linguistic	_	none	_	_	_	_	_	_
278-5	TOI014	278	278	5	e	e	_	_	_	_	_	linguistic	_	none	_	_	_	_	_	_
278-6	TOI014	278	278	6	la	la	_	_	_	_	_	linguistic	_	none	_	_	_	_	_	_
278-7	TOI014	278	278	7	calma	calma	_	_	_	_	_	linguistic	_	none	_	_	_	_	_	_
278-8	TOI014	278	278	8	facendo	facendo	_	_	_	_	_	linguistic	_	none	_	_	_	_	_	_
278-9	TOI014	278	278	9	le	le	_	_	_	_	_	linguistic	_	none	_	_	_	_	_	_
278-10	TOI014	278	278	10	cose:	cose	_	_	_	_	_	linguistic	_	none	_	End=556.49	3x1	_	_	_
279-0	TOI014	279	279	0	con	con	_	_	_	_	_	linguistic	_	none	_	Begin=557.1	_	_	_	_
279-1	TOI014	279	279	1	tranquillità	tranquillità	_	_	_	_	_	linguistic	_	none	_	_	_	_	_	_
279-2	TOI014	279	279	2	alla	alla	_	_	_	_	_	linguistic	_	none	_	_	_	_	_	_
279-3	TOI014	279	279	3	fine	fine	_	_	_	_	_	linguistic	_	none	_	_	_	_	_	_
279-4	TOI014	279	279	4	ti	ti	_	_	_	_	_	linguistic	_	none	_	_	_	_	_	_
279-5	TOI014	279	279	5	rendi	rendi	_	_	_	_	_	linguistic	_	none	_	_	_	_	_	_
279-6	TOI014	279	279	6	conto	conto	_	_	_	_	_	linguistic	_	none	_	_	_	_	_	_
279-7	TOI014	279	279	7	che:	che	_	_	_	_	_	linguistic	_	none	_	_	2x1	_	_	_
279-8	TOI014	279	279	8	non	non	_	_	_	_	_	linguistic	_	none	_	_	_	_	_	_
279-9	TOI014	279	279	9	é	é	_	_	_	_	_	linguistic	_	none	_	_	_	_	_	_
279-10	TOI014	279	279	10	così	così	_	_	_	_	_	linguistic	_	none	_	_	_	_	_	_
279-11	TOI014	279	279	11	complicato	complicato	_	_	_	_	_	linguistic	_	none	_	_	_	_	_	_
279-12	TOI014	279	279	12	come	come	_	_	_	_	_	linguistic	_	none	_	_	_	_	_	_
279-13	TOI014	279	279	13	sembra	sembra	_	_	_	_	_	linguistic	_	none	_	End=561.22	_	_	_	_
280-0	TOR001	280	280	0	okay	okay	_	_	_	_	_	linguistic	_	none	_	Begin=561.69	_	_	_	_
280-1	TOR001	280	280	1	eh	eh	_	_	_	_	_	linguistic	_	none	_	_	_	_	_	_
280-2	TOR001	280	280	2	tipo	tipo	_	_	_	_	_	linguistic	_	none	_	_	_	_	_	_
280-3	TOR001	280	280	3	io	io	_	_	_	_	_	linguistic	_	none	_	_	_	_	_	_
280-4	TOR001	280	280	4	avrei	avrei	_	_	_	_	_	linguistic	_	none	_	_	_	_	_	_
280-5	TOR001	280	280	5	il	il	_	_	_	_	_	linguistic	_	none	_	_	_	_	_	_
280-6	TOR001	280	280	6	terrore	terrore	_	_	_	_	_	linguistic	_	none	_	_	_	_	_	_
280-7	TOR001	280	280	7	di	di	_	_	_	_	_	linguistic	_	none	_	_	_	_	_	_
280-8	TOR001	280	280	8	fare	fare	_	_	_	_	_	linguistic	_	none	_	_	_	_	_	_
280-9	TOR001	280	280	9	un	un	_	_	_	_	_	linguistic	_	none	_	_	_	_	_	_
280-10	TOR001	280	280	10	disastro	disastro	_	_	_	_	_	linguistic	_	none	_	_	_	_	_	_
280-11	TOR001	280	280	11	[su	su	_	_	_	_	_	linguistic	_	none	_	_	_	_	_	0-2(?)
280-12	TOR001	280	280	12	qualcu]no	qualcuno	_	_	_	_	_	linguistic	_	none	_	_	_	_	_	0-6(?)
280-13	TOR001	280	280	13	{ride}	{ride}	_	_	_	_	_	nonverbalbehavior	_	none	_	End=566.61	_	_	_	_
281-0	TOI014	281	281	0	[esatto]	esatto	_	_	_	_	_	linguistic	_	none	_	Begin=563.891|End=564.52	_	_	_	0-6(40)
282-0	TOI014	282	282	0	però	però	_	_	_	_	_	linguistic	_	none	_	Begin=564.82	_	_	_	_
282-1	TOI014	282	282	1	quando	quando	_	_	_	_	_	linguistic	_	none	_	_	_	_	_	_
282-2	TOI014	282	282	2	uno	uno	_	_	_	_	_	linguistic	_	none	_	_	_	_	_	_
282-3	TOI014	282	282	3	trova	trova	_	_	_	_	_	linguistic	_	none	_	_	_	_	_	_
282-4	TOI014	282	282	4	una	una	_	_	_	_	_	linguistic	_	none	_	_	_	_	_	_
282-5	TOI014	282	282	5	persona:	persona	_	_	_	_	_	linguistic	_	none	_	End=566.62	6x1	_	_	_
283-0	TOI014	283	283	0	[quando	quando	_	_	_	_	_	linguistic	_	none	_	Begin=567.1	_	_	_	0-6(42)
283-1	TOI014	283	283	1	uno	uno	_	_	_	_	_	linguistic	_	none	_	_	_	_	_	0-3(42)
283-2	TOI014	283	283	2	trova	trova	_	_	_	_	_	linguistic	_	none	_	_	_	_	_	0-5(42)
283-3	TOI014	283	283	3	una	una	_	_	_	_	_	linguistic	_	none	_	_	_	_	_	0-3(42)
283-4	TOI014	283	283	4	persona	persona	_	_	_	_	_	linguistic	_	none	_	_	_	_	_	0-7(42)
283-5	TOI014	283	283	5	che	che	_	_	_	_	_	linguistic	_	none	_	_	_	_	_	0-3(42)
283-6	TOI014	283	283	6	si:]	si	_	_	_	_	_	linguistic	_	none	_	End=568.993	1x1	_	_	0-2(42)
284-0	TOR002	284	284	0	[xxx]	xxx	_	_	_	_	_	unknown	_	none	Syllables=3	Begin=567.162	_	_	_	0-3(42)
284-1	TOR002	284	284	1	brac[cio]	braccio	_	_	_	_	_	linguistic	_	none	_	End=569.82	_	_	_	4-7(43)
285-0	TOI014	285	285	0	[e]::h	eh	_	_	_	_	_	linguistic	_	none	_	Begin=569.744|End=570.193	0x2	_	_	0-1(43)
286-0	TOR002	286	286	0	{ride}	{ride}	_	_	_	_	_	nonverbalbehavior	_	none	_	Begin=570.178|End=571.172	_	_	_	_
287-0	TOR001	287	287	0	{ride}	{ride}	_	_	_	_	_	nonverbalbehavior	_	none	_	Begin=570.178|End=571.165	_	_	_	_
288-0	TOI014	288	288	0	questo	questo	_	_	_	_	_	linguistic	_	none	_	Begin=571.165	_	_	_	_
288-1	TOI014	288	288	1	può	può	_	_	_	_	_	linguistic	_	none	_	_	_	_	_	_
288-2	TOI014	288	288	2	capitare	capitare	_	_	_	_	_	linguistic	_	none	_	_	_	_	_	_
288-3	TOI014	288	288	3	anche	anche	_	_	_	_	_	linguistic	_	none	_	End=572.437	_	_	_	_
289-0	TOR001	289	289	0	{ride}	{ride}	_	_	_	_	_	nonverbalbehavior	_	none	_	Begin=572.367|End=574.5	_	_	_	_
290-0	TOR001	290	290	0	eh	eh	_	_	_	_	_	linguistic	_	none	_	Begin=574.5	_	_	_	_
290-1	TOR001	290	290	1	dicevi,	dicevi	_	_	_	_	_	linguistic	_	none	Intonation=WeaklyRising	_	_	_	_	_
290-2	TOR001	290	290	2	quando	quando	_	_	_	_	_	linguistic	_	none	_	_	_	_	_	_
290-3	TOR001	290	290	3	uno	uno	_	_	_	_	_	linguistic	_	none	_	_	_	_	_	_
290-4	TOR001	290	290	4	trova	trova	_	_	_	_	_	linguistic	_	none	_	_	_	_	_	_
290-5	TOR001	290	290	5	una	una	_	_	_	_	_	linguistic	_	none	_	_	_	_	_	_
290-6	TOR001	290	290	6	[persona]?	persona	_	_	_	_	_	linguistic	_	none	Intonation=Rising	End=576.44	_	_	_	0-7(44)
291-0	TOI014	291	291	0	[quando]	quando	_	_	_	_	_	linguistic	_	none	_	Begin=576.01	_	_	_	0-6(44)
291-1	TOI014	291	291	1	uno	uno	_	_	_	_	_	linguistic	_	none	_	_	_	_	_	_
291-2	TOI014	291	291	2	trova	trova	_	_	_	_	_	linguistic	_	none	_	_	_	_	_	_
291-3	TOI014	291	291	3	una	una	_	_	_	_	_	linguistic	_	none	_	_	_	_	_	_
291-4	TOI014	291	291	4	persona	persona	_	_	_	_	_	linguistic	_	none	_	_	_	_	_	_
291-5	TOI014	291	291	5	che	che	_	_	_	_	_	linguistic	_	none	_	_	_	_	_	_
291-6	TOI014	291	291	6	si	si	_	_	_	_	_	linguistic	_	none	_	_	_	_	_	_
291-7	TOI014	291	291	7	presta	presta	_	_	_	_	_	linguistic	_	none	_	_	_	_	_	_
291-8	TOI014	291	291	8	e:h	eh	_	_	_	_	_	linguistic	_	none	_	End=578.882	0x1	_	_	_
292-0	TOI014	292	292	0	hai	hai	_	_	_	_	_	linguistic	_	none	_	Begin=579.39	_	_	_	_
292-1	TOI014	292	292	1	fiducia	fiducia	_	_	_	_	_	linguistic	_	none	_	_	_	_	_	_
292-2	TOI014	292	292	2	non	non	_	_	_	_	_	linguistic	_	none	_	_	_	_	_	_
292-3	TOI014	292	292	3	hai:	hai	_	_	_	_	_	linguistic	_	none	_	_	2x1	_	_	_
292-4	TOI014	292	292	4	non	non	_	_	_	_	_	linguistic	_	none	_	_	_	_	_	_
292-5	TOI014	292	292	5	ti	ti	_	_	_	_	_	linguistic	_	none	_	_	_	_	_	_
292-6	TOI014	292	292	6	interessa	interessa	_	_	_	_	_	linguistic	_	none	_	End=582.02	_	_	_	_
293-0	TOR001	293	293	0	[okay]	okay	_	_	_	_	_	linguistic	_	none	_	Begin=582.3|End=582.7	_	_	_	0-4(45)
294-0	TOI014	294	294	0	[ti	ti	_	_	_	_	_	linguistic	_	none	_	Begin=582.5	_	_	_	0-2(45)
294-1	TOI014	294	294	1	va]	va	_	_	_	_	_	linguistic	_	none	_	_	_	_	_	0-2(45)
294-2	TOI014	294	294	2	di	di	_	_	_	_	_	linguistic	_	none	_	_	_	_	_	_
294-3	TOI014	294	294	3	fartelo	fartelo	_	_	_	_	_	linguistic	_	none	_	_	_	_	_	_
294-4	TOI014	294	294	4	fare:	fare	_	_	_	_	_	linguistic	_	none	_	End=584.01	3x1	_	_	_
295-0	TOI014	295	295	0	tanto	tanto	_	_	_	_	_	linguistic	_	none	_	Begin=584.21	_	_	_	_
295-1	TOI014	295	295	1	io	io	_	_	_	_	_	linguistic	_	none	_	_	_	_	_	_
295-2	TOI014	295	295	2	essendo	essendo	_	_	_	_	_	linguistic	_	none	_	_	_	_	_	_
295-3	TOI014	295	295	3	capace	capace	_	_	_	_	_	linguistic	_	none	_	_	_	_	_	_
295-4	TOI014	295	295	4	so	so	_	_	_	_	_	linguistic	_	none	_	_	_	_	_	_
295-5	TOI014	295	295	5	che	che	_	_	_	_	_	linguistic	_	none	_	_	_	_	_	_
295-6	TOI014	295	295	6	posso	posso	_	_	_	_	_	linguistic	_	none	_	_	_	_	_	_
295-7	TOI014	295	295	7	aggiustarmeli	aggiustarmeli	_	_	_	_	_	linguistic	_	none	_	_	_	_	_	_
295-8	TOI014	295	295	8	quin[di:]	quindi	_	_	_	_	_	linguistic	_	none	_	End=587.02	5x1	_	_	4-6(46)
296-0	TOR001	296	296	0	[okay]	okay	_	_	_	_	_	linguistic	_	none	_	Begin=586.61|End=587.02	_	_	_	0-4(46)
297-0	TOI014	297	297	0	lascio	lascio	_	_	_	_	_	linguistic	_	none	_	Begin=587.52	_	_	_	_
297-1	TOI014	297	297	1	fare	fare	_	_	_	_	_	linguistic	_	none	_	End=588.3	_	_	_	_
298-0	TOR002	298	298	0	[quello	quello	_	_	_	_	_	linguistic	_	none	_	Begin=588.69	_	_	_	0-6(?)
298-1	TOR002	298	298	1	é	é	_	_	_	_	_	linguistic	_	none	_	_	_	_	_	0-1(?)
298-2	TOR002	298	298	2	anche]	anche	_	_	_	_	_	linguistic	_	none	_	_	_	_	_	0-5(?)
298-3	TOR002	298	298	3	vero	vero	_	_	_	_	_	linguistic	_	none	PauseAfter=Yes	_	_	_	_	_
298-4	TOR002	298	298	4	{P}	{P}	_	_	_	_	_	shortpause	_	none	_	_	_	_	_	_
298-5	TOR002	298	298	5	piuttosto	piuttosto	_	_	_	_	_	linguistic	_	none	_	_	_	_	_	_
298-6	TOR002	298	298	6	li	li	_	_	_	_	_	linguistic	_	none	_	_	_	_	_	_
298-7	TOR002	298	298	7	risistemi	risistemi	_	_	_	_	_	linguistic	_	none	_	_	_	_	_	_
298-8	TOR002	298	298	8	[dopo]	dopo	_	_	_	_	_	linguistic	_	none	_	_	_	_	_	0-4(?)
298-9	TOR002	298	298	9	{ride}	{ride}	_	_	_	_	_	nonverbalbehavior	_	none	_	End=592.917	_	_	_	_
299-0	TOR001	299	299	0	[okay]	okay	_	_	_	_	_	linguistic	_	none	_	Begin=588.703|End=589.26	_	_	_	0-4(47)
300-0	TOI014	300	300	0	[sì]	sì	_	_	_	_	_	linguistic	_	none	_	Begin=589.853|End=590.283	_	_	_	0-2(48)
301-0	TOI014	301	301	0	[esatto]	esatto	_	_	_	_	_	linguistic	_	none	_	Begin=591.2|End=592.13	_	_	_	0-6(49)
302-0	TOR001	302	302	0	{ride}	{ride}	_	_	_	_	_	nonverbalbehavior	_	none	_	Begin=591.49|End=592.923	_	_	_	_
303-0	TOR001	303	303	0	>quindi	quindi	_	_	_	_	_	linguistic	_	none	_	Begin=592.94	_	Fast=0-6(0)	_	_
303-1	TOR001	303	303	1	dici	dici	_	_	_	_	_	linguistic	_	none	_	_	_	Fast=0-4(0)	_	_
303-2	TOR001	303	303	2	che	che	_	_	_	_	_	linguistic	_	none	_	_	_	Fast=0-3(0)	_	_
303-3	TOR001	303	303	3	é	é	_	_	_	_	_	linguistic	_	none	_	_	_	Fast=0-1(0)	_	_
303-4	TOR001	303	303	4	la	la	_	_	_	_	_	linguistic	_	none	_	_	_	Fast=0-2(0)	_	_
303-5	TOR001	303	303	5	persona	persona	_	_	_	_	_	linguistic	_	none	_	_	_	Fast=0-7(0)	_	_
303-6	TOR001	303	303	6	che	che	_	_	_	_	_	linguistic	_	none	_	_	_	Fast=0-3(0)	_	_
303-7	TOR001	303	303	7	si	si	_	_	_	_	_	linguistic	_	none	_	_	_	Fast=0-2(0)	_	_
303-8	TOR001	303	303	8	fa	fa	_	_	_	_	_	linguistic	_	none	_	_	_	Fast=0-2(0)	_	_
303-9	TOR001	303	303	9	tatuare	tatuare	_	_	_	_	_	linguistic	_	none	_	_	_	Fast=0-7(0)	_	_
303-10	TOR001	303	303	10	che	che	_	_	_	_	_	linguistic	_	none	_	_	_	Fast=0-3(0)	_	_
303-11	TOR001	303	303	11	dà	dà	_	_	_	_	_	linguistic	_	none	_	_	_	Fast=0-2(0)	_	_
303-12	TOR001	303	303	12	fiducia<	fiducia	_	_	_	_	_	linguistic	_	none	PauseAfter=Yes	_	_	Fast=0-7(0)	_	_
303-13	TOR001	303	303	13	{P}	{P}	_	_	_	_	_	shortpause	_	none	_	_	_	_	_	_
303-14	TOR001	303	303	14	alla	alla	_	_	_	_	_	linguistic	_	none	_	_	_	_	_	_
303-15	TOR001	303	303	15	persona	persona	_	_	_	_	_	linguistic	_	none	_	_	_	_	_	_
303-16	TOR001	303	303	16	che	che	_	_	_	_	_	linguistic	_	none	_	_	_	_	_	_
303-17	TOR001	303	303	17	sta	sta	_	_	_	_	_	linguistic	_	none	_	_	_	_	_	_
303-18	TOR001	303	303	18	imparando.	imparando	_	_	_	_	_	linguistic	_	none	Intonation=Falling	End=597.311	_	_	_	_
304-0	TOI014	304	304	0	m:::h	mh	_	_	_	_	_	linguistic	_	none	_	Begin=597.651	0x3	_	_	_
304-1	TOI014	304	304	1	sì	sì	_	_	_	_	_	linguistic	_	none	_	_	_	_	_	_
304-2	TOI014	304	304	2	molte	molte	_	_	_	_	_	linguistic	_	none	_	_	_	_	_	_
304-3	TOI014	304	304	3	volte	volte	_	_	_	_	_	linguistic	_	none	_	_	_	_	_	_
304-4	TOI014	304	304	4	é	é	_	_	_	_	_	linguistic	_	none	_	_	_	_	_	_
304-5	TOI014	304	304	5	così	così	_	_	_	_	_	linguistic	_	none	_	End=600.51	_	_	_	_
305-0	TOR001	305	305	0	oka[y]	okay	_	_	_	_	_	linguistic	_	none	_	Begin=600.71|End=601.1	_	_	_	3-4(50)
306-0	TOI014	306	306	0	[qua]ndo	quando	_	_	_	_	_	linguistic	_	none	_	Begin=600.91	_	_	_	0-3(50)
306-1	TOI014	306	306	1	sei	sei	_	_	_	_	_	linguistic	_	none	_	_	_	_	_	_
306-2	TOI014	306	306	2	all'	all'	_	_	_	_	_	linguistic	_	none	SpaceAfter=No	_	_	_	_	_
306-3	TOI014	306	306	3	inizio:	inizio	_	_	_	_	_	linguistic	_	none	_	_	5x1	_	_	_
306-4	TOI014	306	306	4	é	é	_	_	_	_	_	linguistic	_	none	_	_	_	_	_	_
306-5	TOI014	306	306	5	difficile	difficile	_	_	_	_	_	linguistic	_	none	_	_	_	_	_	_
306-6	TOI014	306	306	6	appunto	appunto	_	_	_	_	_	linguistic	_	none	_	_	_	_	_	_
306-7	TOI014	306	306	7	trovare	trovare	_	_	_	_	_	linguistic	_	none	_	_	_	_	_	_
306-8	TOI014	306	306	8	persone	persone	_	_	_	_	_	linguistic	_	none	_	End=604.4	_	_	_	_
307-0	TOI014	307	307	0	che	che	_	_	_	_	_	linguistic	_	none	_	Begin=604.9	_	_	_	_
307-1	TOI014	307	307	1	ti	ti	_	_	_	_	_	linguistic	_	none	_	_	_	_	_	_
307-2	TOI014	307	307	2	facciano	facciano	_	_	_	_	_	linguistic	_	none	_	_	_	_	_	_
307-3	TOI014	307	307	3	usare	usare	_	_	_	_	_	linguistic	_	none	_	_	_	_	_	_
307-4	TOI014	307	307	4	il	il	_	_	_	_	_	linguistic	_	none	_	_	_	_	_	_
307-5	TOI014	307	307	5	proprio	proprio	_	_	_	_	_	linguistic	_	none	_	_	_	_	_	_
307-6	TOI014	307	307	6	corpo	corpo	_	_	_	_	_	linguistic	_	none	_	_	_	_	_	_
307-7	TOI014	307	307	7	perché	perché	_	_	_	_	_	linguistic	_	none	_	_	_	_	_	_
307-8	TOI014	307	307	8	hanno	hanno	_	_	_	_	_	linguistic	_	none	_	_	_	_	_	_
307-9	TOI014	307	307	9	paura	paura	_	_	_	_	_	linguistic	_	none	_	_	_	_	_	_
307-10	TOI014	307	307	10	che	che	_	_	_	_	_	linguistic	_	none	_	_	_	_	_	_
307-11	TOI014	307	307	11	tu	tu	_	_	_	_	_	linguistic	_	none	_	_	_	_	_	_
307-12	TOI014	307	307	12	gli	gli	_	_	_	_	_	linguistic	_	none	_	_	_	_	_	_
307-13	TOI014	307	307	13	faccia:	faccia	_	_	_	_	_	linguistic	_	none	_	_	5x1	_	_	_
307-14	TOI014	307	307	14	un	un	_	_	_	_	_	linguistic	_	none	_	_	_	_	_	_
307-15	TOI014	307	307	15	danno	danno	_	_	_	_	_	linguistic	_	none	_	End=608.87	_	_	_	_
308-0	TOI014	308	308	0	mentre	mentre	_	_	_	_	_	linguistic	_	none	_	Begin=608.87	_	_	_	_
308-1	TOI014	308	308	1	io	io	_	_	_	_	_	linguistic	_	none	_	_	_	_	_	_
308-2	TOI014	308	308	2	che:	che	_	_	_	_	_	linguistic	_	none	_	End=609.844	2x1	_	_	_
309-0	TOI014	309	309	0	appunto	appunto	_	_	_	_	_	linguistic	_	none	_	Begin=610.2	_	_	_	_
309-1	TOI014	309	309	1	ho	ho	_	_	_	_	_	linguistic	_	none	_	_	_	_	_	_
309-2	TOI014	309	309	2	questa	questa	_	_	_	_	_	linguistic	_	none	_	_	_	_	_	_
309-3	TOI014	309	309	3	difficoltà	difficoltà	_	_	_	_	_	linguistic	_	none	_	_	_	_	_	_
309-4	TOI014	309	309	4	a	a	_	_	_	_	_	linguistic	_	none	_	_	_	_	_	_
309-5	TOI014	309	309	5	trovare	trovare	_	_	_	_	_	linguistic	_	none	_	_	_	_	_	_
309-6	TOI014	309	309	6	persone	persone	_	_	_	_	_	linguistic	_	none	_	_	_	_	_	_
309-7	TOI014	309	309	7	voglio	voglio	_	_	_	_	_	linguistic	_	none	_	_	_	_	_	_
309-8	TOI014	309	309	8	aiutare	aiutare	_	_	_	_	_	linguistic	_	none	_	_	_	_	_	_
309-9	TOI014	309	309	9	il	il	_	_	_	_	_	linguistic	_	none	_	_	_	_	_	_
309-10	TOI014	309	309	10	prossi[mo]	prossimo	_	_	_	_	_	linguistic	_	none	_	End=614.058	_	_	_	6-8(51)
310-0	TOR001	310	310	0	[okay]	okay	_	_	_	_	_	linguistic	_	none	_	Begin=613.61|End=614.058	_	_	_	0-4(51)
311-0	TOI014	311	311	0	facendogli	facendogli	_	_	_	_	_	linguistic	_	none	_	Begin=614.5	_	_	_	_
311-1	TOI014	311	311	1	provare	provare	_	_	_	_	_	linguistic	_	none	_	_	_	_	_	_
311-2	TOI014	311	311	2	su	su	_	_	_	_	_	linguistic	_	none	_	_	_	_	_	_
311-3	TOI014	311	311	3	di	di	_	_	_	_	_	linguistic	_	none	_	_	_	_	_	_
311-4	TOI014	311	311	4	me	me	_	_	_	_	_	linguistic	_	none	_	End=615.81	_	_	_	_
312-0	TOR001	312	312	0	mh	mh	_	_	_	_	_	linguistic	_	none	_	Begin=615.81	_	_	_	_
312-1	TOR001	312	312	1	mh	mh	_	_	_	_	_	linguistic	_	none	_	_	_	_	_	_
312-2	TOR001	312	312	2	c'	c'	_	_	_	_	_	linguistic	_	none	SpaceAfter=No	_	_	_	_	_
312-3	TOR001	312	312	3	é	é	_	_	_	_	_	linguistic	_	none	_	_	_	_	_	_
312-4	TOR001	312	312	4	comunque	comunque	_	_	_	_	_	linguistic	_	none	_	_	_	_	_	_
312-5	TOR001	312	312	5	uno	uno	_	_	_	_	_	linguistic	_	none	_	_	_	_	_	_
312-6	TOR001	312	312	6	scambio	scambio	_	_	_	_	_	linguistic	_	none	_	_	_	_	_	_
312-7	TOR001	312	312	7	dicia[mo]	diciamo	_	_	_	_	_	linguistic	_	none	_	End=617.878	_	_	_	4-7(52)
313-0	TOI014	313	313	0	[asso]lutamente	assolutamente	_	_	_	_	_	linguistic	_	none	_	Begin=617.504|End=618.38	_	_	_	0-4(52)
314-0	TOR001	314	314	0	[okay]	okay	_	_	_	_	_	linguistic	_	none	_	Begin=618.4|End=618.761	_	_	_	0-4(?)
315-0	TOR002	315	315	0	ma	ma	_	_	_	_	_	linguistic	_	none	_	Begin=619.1	_	_	_	_
315-1	TOR002	315	315	1	tipo	tipo	_	_	_	_	_	linguistic	_	none	_	_	_	_	_	_
315-2	TOR002	315	315	2	a	a	_	_	_	_	_	linguistic	_	none	_	_	_	_	_	_
315-3	TOR002	315	315	3	me	me	_	_	_	_	_	linguistic	_	none	_	_	_	_	_	_
315-4	TOR002	315	315	4	diceva	diceva	_	_	_	_	_	linguistic	_	none	_	_	_	_	_	_
315-5	TOR002	315	315	5	sto	sto	_	_	_	_	_	linguistic	_	none	_	_	_	_	_	_
315-6	TOR002	315	315	6	ragazzo	ragazzo	_	_	_	_	_	linguistic	_	none	_	_	_	_	_	_
315-7	TOR002	315	315	7	che:	che	_	_	_	_	_	linguistic	_	none	_	End=621.47	2x1	_	_	_
316-0	TOR002	316	316	0	che	che	_	_	_	_	_	linguistic	_	none	_	Begin=621.47	_	_	_	_
316-1	TOR002	316	316	1	ho	ho	_	_	_	_	_	linguistic	_	none	_	_	_	_	_	_
316-2	TOR002	316	316	2	conosciuto	conosciuto	_	_	_	_	_	linguistic	_	none	_	_	_	_	_	_
316-3	TOR002	316	316	3	che	che	_	_	_	_	_	linguistic	_	none	_	_	_	_	_	_
316-4	TOR002	316	316	4	tatua	tatua	_	_	_	_	_	linguistic	_	none	_	_	_	_	_	_
316-5	TOR002	316	316	5	anche	anche	_	_	_	_	_	linguistic	_	none	_	_	_	_	_	_
316-6	TOR002	316	316	6	lui	lui	_	_	_	_	_	linguistic	_	none	_	End=623.42	_	_	_	_
317-0	TOR002	317	317	0	>anche	anche	_	_	_	_	_	linguistic	_	none	_	Begin=623.42	_	Fast=0-5(0)	_	_
317-1	TOR002	317	317	1	lui	lui	_	_	_	_	_	linguistic	_	none	_	_	_	Fast=0-3(0)	_	_
317-2	TOR002	317	317	2	diceva<	diceva	_	_	_	_	_	linguistic	_	none	_	_	_	Fast=0-6(0)	_	_
317-3	TOR002	317	317	3	alla	alla	_	_	_	_	_	linguistic	_	none	_	_	_	_	_	_
317-4	TOR002	317	317	4	fine	fine	_	_	_	_	_	linguistic	_	none	_	_	_	_	_	_
317-5	TOR002	317	317	5	anche	anche	_	_	_	_	_	linguistic	_	none	_	_	_	_	_	_
317-6	TOR002	317	317	6	se	se	_	_	_	_	_	linguistic	_	none	_	_	_	_	_	_
317-7	TOR002	317	317	7	poi	poi	_	_	_	_	_	linguistic	_	none	_	End=625.32	_	_	_	_
318-0	TOR002	318	318	0	non	non	_	_	_	_	_	linguistic	_	none	_	Begin=625.61	_	_	_	_
318-1	TOR002	318	318	1	viene	viene	_	_	_	_	_	linguistic	_	none	_	_	_	_	_	_
318-2	TOR002	318	318	2	perfetto	perfetto	_	_	_	_	_	linguistic	_	none	_	_	_	_	_	_
318-3	TOR002	318	318	3	perché	perché	_	_	_	_	_	linguistic	_	none	_	_	_	_	_	_
318-4	TOR002	318	318	4	così	così	_	_	_	_	_	linguistic	_	none	_	_	_	_	_	_
318-5	TOR002	318	318	5	comunque	comunque	_	_	_	_	_	linguistic	_	none	_	_	_	_	_	_
318-6	TOR002	318	318	6	anche	anche	_	_	_	_	_	linguistic	_	none	_	_	_	_	_	_
318-7	TOR002	318	318	7	il	il	_	_	_	_	_	linguistic	_	none	_	_	_	_	_	_
318-8	TOR002	318	318	8	ricordo	ricordo	_	_	_	_	_	linguistic	_	none	_	_	_	_	_	_
318-9	TOR002	318	318	9	magari	magari	_	_	_	_	_	linguistic	_	none	_	_	_	_	_	_
318-10	TOR002	318	318	10	del	del	_	_	_	_	_	linguistic	_	none	_	_	_	_	_	_
318-11	TOR002	318	318	11	tuo	tuo	_	_	_	_	_	linguistic	_	none	_	_	_	_	_	_
318-12	TOR002	318	318	12	amico	amico	_	_	_	_	_	linguistic	_	none	_	_	_	_	_	_
318-13	TOR002	318	318	13	che	che	_	_	_	_	_	linguistic	_	none	_	_	_	_	_	_
318-14	TOR002	318	318	14	sta	sta	_	_	_	_	_	linguistic	_	none	_	_	_	_	_	_
318-15	TOR002	318	318	15	iniziando	iniziando	_	_	_	_	_	linguistic	_	none	_	_	_	_	_	_
318-16	TOR002	318	318	16	[forse]	forse	_	_	_	_	_	linguistic	_	none	_	End=631.52	_	_	_	0-5(53)
319-0	TOI014	319	319	0	[assolutamente]	assolutamente	_	_	_	_	_	linguistic	_	none	_	Begin=630.98|End=631.9	_	_	_	0-13(53)
320-0	TOR002	320	320	0	[rimane]	rimane	_	_	_	_	_	linguistic	_	none	_	Begin=631.81	_	_	_	0-6(54)
320-1	TOR002	320	320	1	un	un	_	_	_	_	_	linguistic	_	none	_	_	_	_	_	_
320-2	TOR002	320	320	2	ricordo	ricordo	_	_	_	_	_	linguistic	_	none	_	_	_	_	_	_
320-3	TOR002	320	320	3	poi	poi	_	_	_	_	_	linguistic	_	none	_	_	_	_	_	_
320-4	TOR002	320	320	4	anche	anche	_	_	_	_	_	linguistic	_	none	_	_	_	_	_	_
320-5	TOR002	320	320	5	così	così	_	_	_	_	_	linguistic	_	none	_	End=633.8	_	_	_	_
321-0	TOR001	321	321	0	mh	mh	_	_	_	_	_	linguistic	_	none	_	Begin=633.82	_	_	_	_
321-1	TOR001	321	321	1	[mh]	mh	_	_	_	_	_	linguistic	_	none	_	End=634.31	_	_	_	0-2(55)
322-0	TOI014	322	322	0	[sì]	sì	_	_	_	_	_	linguistic	_	none	_	Begin=634.19	_	_	_	0-2(55)
322-1	TOI014	322	322	1	assolutamente	assolutamente	_	_	_	_	_	linguistic	_	none	_	End=635.28	_	_	_	_
323-0	TOI014	323	323	0	secondo	secondo	_	_	_	_	_	linguistic	_	none	_	Begin=635.61	_	_	_	_
323-1	TOI014	323	323	1	me	me	_	_	_	_	_	linguistic	_	none	_	_	_	_	_	_
323-2	TOI014	323	323	2	appunto	appunto	_	_	_	_	_	linguistic	_	none	_	_	_	_	_	_
323-3	TOI014	323	323	3	i	i	_	_	_	_	_	linguistic	_	none	_	_	_	_	_	_
323-4	TOI014	323	323	4	tatuaggi	tatuaggi	_	_	_	_	_	linguistic	_	none	_	_	_	_	_	_
323-5	TOI014	323	323	5	sono:	sono	_	_	_	_	_	linguistic	_	none	_	End=637.39	3x1	_	_	_
324-0	TOI014	324	324	0	é	é	_	_	_	_	_	linguistic	_	none	_	Begin=638.19	_	_	_	_
324-1	TOI014	324	324	1	come:	come	_	_	_	_	_	linguistic	_	none	_	End=638.91	3x1	_	_	_
325-0	TOI014	325	325	0	é	é	_	_	_	_	_	linguistic	_	none	_	Begin=639.5	_	_	_	_
325-1	TOI014	325	325	1	come	come	_	_	_	_	_	linguistic	_	none	_	_	_	_	_	_
325-2	TOI014	325	325	2	avere	avere	_	_	_	_	_	linguistic	_	none	_	_	_	_	_	_
325-3	TOI014	325	325	3	appunto	appunto	_	_	_	_	_	linguistic	_	none	_	_	_	_	_	_
325-4	TOI014	325	325	4	un	un	_	_	_	_	_	linguistic	_	none	_	_	_	_	_	_
325-5	TOI014	325	325	5	ricordo:	ricordo	_	_	_	_	_	linguistic	_	none	_	End=641.8	6x1	_	_	_
326-0	TOI014	326	326	0	sul	sul	_	_	_	_	_	linguistic	_	none	_	Begin=642.6	_	_	_	_
326-1	TOI014	326	326	1	tuo	tuo	_	_	_	_	_	linguistic	_	none	_	_	_	_	_	_
326-2	TOI014	326	326	2	corpo	corpo	_	_	_	_	_	linguistic	_	none	_	_	_	_	_	_
326-3	TOI014	326	326	3	per	per	_	_	_	_	_	linguistic	_	none	_	_	_	_	_	_
326-4	TOI014	326	326	4	sempre	sempre	_	_	_	_	_	linguistic	_	none	_	End=644.01	_	_	_	_
327-0	TOI014	327	327	0	quindi	quindi	_	_	_	_	_	linguistic	_	none	_	Begin=644.01	_	_	_	_
327-1	TOI014	327	327	1	molte	molte	_	_	_	_	_	linguistic	_	none	_	_	_	_	_	_
327-2	TOI014	327	327	2	volte	volte	_	_	_	_	_	linguistic	_	none	_	_	_	_	_	_
327-3	TOI014	327	327	3	va:	va	_	_	_	_	_	linguistic	_	none	_	_	1x1	_	_	_
327-4	TOI014	327	327	4	più	più	_	_	_	_	_	linguistic	_	none	_	_	_	_	_	_
327-5	TOI014	327	327	5	il	il	_	_	_	_	_	linguistic	_	none	_	_	_	_	_	_
327-6	TOI014	327	327	6	momento	momento	_	_	_	_	_	linguistic	_	none	_	_	_	_	_	_
327-7	TOI014	327	327	7	e	e	_	_	_	_	_	linguistic	_	none	_	_	_	_	_	_
327-8	TOI014	327	327	8	l'	l'	_	_	_	_	_	linguistic	_	none	SpaceAfter=No	_	_	_	_	_
327-9	TOI014	327	327	9	idea	idea	_	_	_	_	_	linguistic	_	none	_	_	_	_	_	_
327-10	TOI014	327	327	10	di	di	_	_	_	_	_	linguistic	_	none	_	_	_	_	_	_
327-11	TOI014	327	327	11	quello	quello	_	_	_	_	_	linguistic	_	none	_	_	_	_	_	_
327-12	TOI014	327	327	12	che	che	_	_	_	_	_	linguistic	_	none	_	_	_	_	_	_
327-13	TOI014	327	327	13	é	é	_	_	_	_	_	linguistic	_	none	_	_	_	_	_	_
327-14	TOI014	327	327	14	stato	stato	_	_	_	_	_	linguistic	_	none	_	_	_	_	_	_
327-15	TOI014	327	327	15	fatto	fatto	_	_	_	_	_	linguistic	_	none	_	_	_	_	_	_
327-16	TOI014	327	327	16	rispetto:	rispetto	_	_	_	_	_	linguistic	_	none	_	End=648.71	7x1	_	_	_
328-0	TOI014	328	328	0	a	a	_	_	_	_	_	linguistic	_	none	_	Begin=649.0	_	_	_	_
328-1	TOI014	328	328	1	quel	quel	_	_	_	_	_	linguistic	_	none	_	_	_	_	_	_
328-2	TOI014	328	328	2	[disegno	disegno	_	_	_	_	_	linguistic	_	none	_	_	_	_	_	0-7(56)
328-3	TOI014	328	328	3	nel	nel	_	_	_	_	_	linguistic	_	none	_	_	_	_	_	0-3(56)
328-4	TOI014	328	328	4	concreto]	concreto	_	_	_	_	_	linguistic	_	none	_	_	_	_	_	0-8(56)
328-5	TOI014	328	328	5	esat[to]	esatto	_	_	_	_	_	linguistic	_	none	_	End=651.289	_	_	_	4-6(57)
329-0	TOR001	329	329	0	[a	a	_	_	_	_	_	linguistic	_	none	_	Begin=649.6	_	_	_	0-1(56)
329-1	TOR001	329	329	1	quella	quella	_	_	_	_	_	linguistic	_	none	_	_	_	_	_	0-6(56)
329-2	TOR001	329	329	2	cosa	cosa	_	_	_	_	_	linguistic	_	none	_	_	_	_	_	0-4(56)
329-3	TOR001	329	329	3	in	in	_	_	_	_	_	linguistic	_	none	_	_	_	_	_	0-2(56)
329-4	TOR001	329	329	4	sé]	sé	_	_	_	_	_	linguistic	_	none	_	End=650.52	_	_	_	0-2(56)
330-0	TOR001	330	330	0	[okay]	okay	_	_	_	_	_	linguistic	_	none	_	Begin=650.9|End=651.28	_	_	_	0-4(57)
331-0	TOR001	331	331	0	d'	d'	_	_	_	_	_	linguistic	_	none	SpaceAfter=No	Begin=652.11	_	_	_	_
331-1	TOR001	331	331	1	accordo	accordo	_	_	_	_	_	linguistic	_	none	_	End=652.81	_	_	_	_
332-0	TOR001	332	332	0	e:::mh	emh	_	_	_	_	_	linguistic	_	none	_	Begin=654.09	0x3	_	_	_
332-1	TOR001	332	332	1	mh	mh	_	_	_	_	_	linguistic	_	none	_	_	_	_	_	_
332-2	TOR001	332	332	2	mh	mh	_	_	_	_	_	linguistic	_	none	_	_	_	_	_	_
332-3	TOR001	332	332	3	mh	mh	_	_	_	_	_	linguistic	_	none	_	End=655.9	_	_	_	_
333-0	TOR001	333	333	0	ti	ti	_	_	_	_	_	linguistic	_	none	_	Begin=655.93	_	_	_	_
333-1	TOR001	333	333	1	trasferiresti	trasferiresti	_	_	_	_	_	linguistic	_	none	_	_	_	_	_	_
333-2	TOR001	333	333	2	all'	all'	_	_	_	_	_	linguistic	_	none	SpaceAfter=No	_	_	_	_	_
333-3	TOR001	333	333	3	estero	estero	_	_	_	_	_	linguistic	_	none	_	_	_	_	_	_
333-4	TOR001	333	333	4	per	per	_	_	_	_	_	linguistic	_	none	_	_	_	_	_	_
333-5	TOR001	333	333	5	lavorare?	lavorare	_	_	_	_	_	linguistic	_	none	Intonation=Rising	End=657.76	_	_	_	_
334-0	TOI014	334	334	0	sì:	sì	_	_	_	_	_	linguistic	_	none	_	Begin=658.2	1x1	_	_	_
334-1	TOI014	334	334	1	e	e	_	_	_	_	_	linguistic	_	none	_	_	_	_	_	_
334-2	TOI014	334	334	2	me	me	_	_	_	_	_	linguistic	_	none	_	_	_	_	_	_
334-3	TOI014	334	334	3	ci	ci	_	_	_	_	_	linguistic	_	none	_	_	_	_	_	_
334-4	TOI014	334	334	4	trasferirei	trasferirei	_	_	_	_	_	linguistic	_	none	_	_	_	_	_	_
334-5	TOI014	334	334	5	a	a	_	_	_	_	_	linguistic	_	none	_	_	_	_	_	_
334-6	TOI014	334	334	6	anche	anche	_	_	_	_	_	linguistic	_	none	_	_	_	_	_	_
334-7	TOI014	334	334	7	subito	subito	_	_	_	_	_	linguistic	_	none	_	End=661.175	_	_	_	_
335-0	TOR001	335	335	0	{ride}	{ride}	_	_	_	_	_	nonverbalbehavior	_	none	_	Begin=659.99|End=661.175	_	_	_	_
336-0	TOI014	336	336	0	{ride}	{ride}	_	_	_	_	_	nonverbalbehavior	_	none	_	Begin=661.175	_	_	_	_
336-1	TOI014	336	336	1	il	il	_	_	_	_	_	linguistic	_	none	_	_	_	_	_	_
336-2	TOI014	336	336	2	[prima	prima	_	_	_	_	_	linguistic	_	none	_	_	_	_	_	0-5(58)
336-3	TOI014	336	336	3	possi]bile	possibile	_	_	_	_	_	linguistic	_	none	_	End=662.61	_	_	_	0-5(58)
337-0	TOR001	337	337	0	[okay]	okay	_	_	_	_	_	linguistic	_	none	_	Begin=661.6|End=662.2	_	_	_	0-4(58)
338-0	TOI014	338	338	0	e::h	eh	_	_	_	_	_	linguistic	_	none	_	Begin=663.2|End=663.896	0x2	_	_	_
339-0	TOI014	339	339	0	appunto	appunto	_	_	_	_	_	linguistic	_	none	_	Begin=664.124	_	_	_	_
339-1	TOI014	339	339	1	perché	perché	_	_	_	_	_	linguistic	_	none	_	_	_	_	_	_
339-2	TOI014	339	339	2	io	io	_	_	_	_	_	linguistic	_	none	_	_	_	_	_	_
339-3	TOI014	339	339	3	ho	ho	_	_	_	_	_	linguistic	_	none	_	_	_	_	_	_
339-4	TOI014	339	339	4	questa::	questa	_	_	_	_	_	linguistic	_	none	_	End=665.671	5x2	_	_	_
340-0	TOI014	340	340	0	ammirazione	ammirazione	_	_	_	_	_	linguistic	_	none	_	Begin=666.006	_	_	_	_
340-1	TOI014	340	340	1	verso	verso	_	_	_	_	_	linguistic	_	none	_	_	_	_	_	_
340-2	TOI014	340	340	2	la	la	_	_	_	_	_	linguistic	_	none	_	_	_	_	_	_
340-3	TOI014	340	340	3	spagna	spagna	_	_	_	_	_	linguistic	_	none	_	_	_	_	_	_
340-4	TOI014	340	340	4	e:	e	_	_	_	_	_	linguistic	_	none	_	End=668.4	0x1	_	_	_
341-0	TOI014	341	341	0	il	il	_	_	_	_	_	linguistic	_	none	_	Begin=668.6	_	_	_	_
341-1	TOI014	341	341	1	calore:	calore	_	_	_	_	_	linguistic	_	none	_	_	5x1	_	_	_
341-2	TOI014	341	341	2	mi	mi	_	_	_	_	_	linguistic	_	none	_	_	_	_	_	_
341-3	TOI014	341	341	3	piace	piace	_	_	_	_	_	linguistic	_	none	_	_	_	_	_	_
341-4	TOI014	341	341	4	{ride}	{ride}	_	_	_	_	_	nonverbalbehavior	_	none	_	End=670.682	_	_	_	_
342-0	TOR001	342	342	0	{ride}	{ride}	_	_	_	_	_	nonverbalbehavior	_	none	_	Begin=669.613|End=670.193	_	_	_	_
343-0	TOR001	343	343	0	okay	okay	_	_	_	_	_	linguistic	_	none	_	Begin=671.496	_	_	_	_
343-1	TOR001	343	343	1	quindi	quindi	_	_	_	_	_	linguistic	_	none	_	_	_	_	_	_
343-2	TOR001	343	343	2	sempre	sempre	_	_	_	_	_	linguistic	_	none	_	_	_	_	_	_
343-3	TOR001	343	343	3	a	a	_	_	_	_	_	linguistic	_	none	_	_	_	_	_	_
343-4	TOR001	343	343	4	valencia	valencia	_	_	_	_	_	linguistic	_	none	_	_	_	_	_	_
343-5	TOR001	343	343	5	dicevi	dicevi	_	_	_	_	_	linguistic	_	none	_	_	_	_	_	_
343-6	TOR001	343	343	6	giu[sto]?	giusto	_	_	_	_	_	linguistic	_	none	Intonation=Rising	End=673.606	_	_	_	3-6(59)
344-0	TOI014	344	344	0	[sì:]	sì	_	_	_	_	_	linguistic	_	none	_	Begin=673.296|End=673.599	1x1	_	_	0-2(59)
345-0	TOI014	345	345	0	[adesso]	adesso	_	_	_	_	_	linguistic	_	none	_	Begin=673.813|End=674.31	_	_	_	0-6(60)
346-0	TOR001	346	346	0	[e	e	_	_	_	_	_	linguistic	_	none	_	Begin=673.82	_	_	_	0-1(60)
346-1	TOR001	346	346	1	ci	ci	_	_	_	_	_	linguistic	_	none	_	_	_	_	_	0-2(60)
346-2	TOR001	346	346	2	sono	sono	_	_	_	_	_	linguistic	_	none	_	_	_	_	_	0-4(60)
346-3	TOR001	346	346	3	al]tri	altri	_	_	_	_	_	linguistic	_	none	_	_	_	_	_	0-2(60)
346-4	TOR001	346	346	4	posti	posti	_	_	_	_	_	linguistic	_	none	_	_	_	_	_	_
346-5	TOR001	346	346	5	in	in	_	_	_	_	_	linguistic	_	none	_	_	_	_	_	_
346-6	TOR001	346	346	6	cui	cui	_	_	_	_	_	linguistic	_	none	_	_	_	_	_	_
346-7	TOR001	346	346	7	andresti?	andresti	_	_	_	_	_	linguistic	_	none	Intonation=Rising	End=675.8	_	_	_	_
347-0	TOI014	347	347	0	m:::h	mh	_	_	_	_	_	linguistic	_	none	_	Begin=676.11	0x3	_	_	_
347-1	TOI014	347	347	1	mi	mi	_	_	_	_	_	linguistic	_	none	_	_	_	_	_	_
347-2	TOI014	347	347	2	ispira	ispira	_	_	_	_	_	linguistic	_	none	_	_	_	_	_	_
347-3	TOI014	347	347	3	madrid	madrid	_	_	_	_	_	linguistic	_	none	_	_	_	_	_	_
347-4	TOI014	347	347	4	anche	anche	_	_	_	_	_	linguistic	_	none	_	End=678.062	_	_	_	_
348-0	TOR001	348	348	0	mh	mh	_	_	_	_	_	linguistic	_	none	_	Begin=678.289	_	_	_	_
348-1	TOR001	348	348	1	mh	mh	_	_	_	_	_	linguistic	_	none	_	End=678.613	_	_	_	_
349-0	TOI014	349	349	0	mi	mi	_	_	_	_	_	linguistic	_	none	_	Begin=679.117	_	_	_	_
349-1	TOI014	349	349	1	ispira	ispira	_	_	_	_	_	linguistic	_	none	_	_	_	_	_	_
349-2	TOI014	349	349	2	madrid	madrid	_	_	_	_	_	linguistic	_	none	_	End=680.379	_	_	_	_
350-0	TOI014	350	350	0	e:::h	eh	_	_	_	_	_	linguistic	_	none	_	Begin=680.903|End=681.82	0x3	_	_	_
351-0	TOI014	351	351	0	se	se	_	_	_	_	_	linguistic	_	none	_	Begin=682.503	_	_	_	_
351-1	TOI014	351	351	1	la	la	_	_	_	_	_	linguistic	_	none	_	_	_	_	_	_
351-2	TOI014	351	351	2	situazione	situazione	_	_	_	_	_	linguistic	_	none	_	_	_	_	_	_
351-3	TOI014	351	351	3	a	a	_	_	_	_	_	linguistic	_	none	_	_	_	_	_	_
351-4	TOI014	351	351	4	barcellona::	barcellona	_	_	_	_	_	linguistic	_	none	_	End=684.303	9x2	_	_	_
352-0	TOI014	352	352	0	migliorasse	migliorasse	_	_	_	_	_	linguistic	_	none	_	Begin=684.703	_	_	_	_
352-1	TOI014	352	352	1	un	un	_	_	_	_	_	linguistic	_	none	_	_	_	_	_	_
352-2	TOI014	352	352	2	minimo	minimo	_	_	_	_	_	linguistic	_	none	_	_	_	_	_	_
352-3	TOI014	352	352	3	opterei	opterei	_	_	_	_	_	linguistic	_	none	_	_	_	_	_	_
352-4	TOI014	352	352	4	anche	anche	_	_	_	_	_	linguistic	_	none	_	_	_	_	_	_
352-5	TOI014	352	352	5	l'	l'	_	_	_	_	_	linguistic	_	none	SpaceAfter=No	_	_	_	_	_
352-6	TOI014	352	352	6	idea	idea	_	_	_	_	_	linguistic	_	none	_	_	_	_	_	_
352-7	TOI014	352	352	7	di	di	_	_	_	_	_	linguistic	_	none	_	_	_	_	_	_
352-8	TOI014	352	352	8	tornarci	tornarci	_	_	_	_	_	linguistic	_	none	_	End=687.117	_	_	_	_
353-0	TOR001	353	353	0	mh	mh	_	_	_	_	_	linguistic	_	none	_	Begin=687.296	_	_	_	_
353-1	TOR001	353	353	1	mh	mh	_	_	_	_	_	linguistic	_	none	_	_	_	_	_	_
353-2	TOR001	353	353	2	mh	mh	_	_	_	_	_	linguistic	_	none	_	_	_	_	_	_
353-3	TOR001	353	353	3	mh	mh	_	_	_	_	_	linguistic	_	none	_	End=687.993	_	_	_	_
354-0	TOR001	354	354	0	ma	ma	_	_	_	_	_	linguistic	_	none	_	Begin=688.882	_	_	_	_
354-1	TOR001	354	354	1	forse	forse	_	_	_	_	_	linguistic	_	none	_	_	_	_	_	_
354-2	TOR001	354	354	2	é	é	_	_	_	_	_	linguistic	_	none	_	_	_	_	_	_
354-3	TOR001	354	354	3	me~	me~	_	_	_	_	_	linguistic	_	none	Interrupted=Yes|PauseAfter=Yes	_	_	_	_	_
354-4	TOR001	354	354	4	{P}	{P}	_	_	_	_	_	shortpause	_	none	_	_	_	_	_	_
354-5	TOR001	354	354	5	tipo	tipo	_	_	_	_	_	linguistic	_	none	_	_	_	_	_	_
354-6	TOR001	354	354	6	madrid	madrid	_	_	_	_	_	linguistic	_	none	_	_	_	_	_	_
354-7	TOR001	354	354	7	o	o	_	_	_	_	_	linguistic	_	none	_	_	_	_	_	_
354-8	TOR001	354	354	8	valencia	valencia	_	_	_	_	_	linguistic	_	none	_	End=691.42	_	_	_	_
355-0	TOR001	355	355	0	>c(io)è	cioè	_	_	_	_	_	linguistic	_	none	_	Begin=691.475	_	Fast=0-4(0)	1-3(0)	_
355-1	TOR001	355	355	1	c(io)è<	cioè	_	_	_	_	_	linguistic	_	none	_	_	_	Fast=0-4(0)	1-3(1)	_
355-2	TOR001	355	355	2	sono	sono	_	_	_	_	_	linguistic	_	none	_	_	_	_	_	_
355-3	TOR001	355	355	3	comunque	comunque	_	_	_	_	_	linguistic	_	none	_	_	_	_	_	_
355-4	TOR001	355	355	4	mete	mete	_	_	_	_	_	linguistic	_	none	_	_	_	_	_	_
355-5	TOR001	355	355	5	turistiche	turistiche	_	_	_	_	_	linguistic	_	none	_	_	_	_	_	_
355-6	TOR001	355	355	6	però	però	_	_	_	_	_	linguistic	_	none	_	_	_	_	_	_
355-7	TOR001	355	355	7	magari	magari	_	_	_	_	_	linguistic	_	none	_	_	_	_	_	_
355-8	TOR001	355	355	8	meno::	meno	_	_	_	_	_	linguistic	_	none	_	End=694.434	3x2	_	_	_
356-0	TOI014	356	356	0	sì.	sì	_	_	_	_	_	linguistic	_	none	Intonation=Falling|PauseAfter=Yes	Begin=694.993	_	_	_	_
356-1	TOI014	356	356	1	{P}	{P}	_	_	_	_	_	shortpause	_	none	_	_	_	_	_	_
356-2	TOI014	356	356	2	sono:	sono	_	_	_	_	_	linguistic	_	none	_	_	3x1	_	_	_
356-3	TOI014	356	356	3	delle	delle	_	_	_	_	_	linguistic	_	none	_	_	_	_	_	_
356-4	TOI014	356	356	4	realtà	realtà	_	_	_	_	_	linguistic	_	none	_	_	_	_	_	_
356-5	TOI014	356	356	5	molto	molto	_	_	_	_	_	linguistic	_	none	_	_	_	_	_	_
356-6	TOI014	356	356	6	diverse	diverse	_	_	_	_	_	linguistic	_	none	_	End=697.786	_	_	_	_
357-0	TOI014	357	357	0	e:::h	eh	_	_	_	_	_	linguistic	_	none	_	Begin=698.186|End=699.413	0x3	_	_	_
358-0	TOI014	358	358	0	appunto	appunto	_	_	_	_	_	linguistic	_	none	_	Begin=699.517	_	_	_	_
358-1	TOI014	358	358	1	mh	mh	_	_	_	_	_	linguistic	_	none	_	_	_	_	_	_
358-2	TOI014	358	358	2	nella	nella	_	_	_	_	_	linguistic	_	none	_	_	_	_	_	_
358-3	TOI014	358	358	3	spagna	spagna	_	_	_	_	_	linguistic	_	none	_	_	_	_	_	_
358-4	TOI014	358	358	4	più	più	_	_	_	_	_	linguistic	_	none	_	_	_	_	_	_
358-5	TOI014	358	358	5	si	si	_	_	_	_	_	linguistic	_	none	_	_	_	_	_	_
358-6	TOI014	358	358	6	va	va	_	_	_	_	_	linguistic	_	none	_	_	_	_	_	_
358-7	TOI014	358	358	7	verso	verso	_	_	_	_	_	linguistic	_	none	_	_	_	_	_	_
358-8	TOI014	358	358	8	sud	sud	_	_	_	_	_	linguistic	_	none	_	_	_	_	_	_
358-9	TOI014	358	358	9	più	più	_	_	_	_	_	linguistic	_	none	_	_	_	_	_	_
358-10	TOI014	358	358	10	la	la	_	_	_	_	_	linguistic	_	none	_	_	_	_	_	_
358-11	TOI014	358	358	11	vita	vita	_	_	_	_	_	linguistic	_	none	_	_	_	_	_	_
358-12	TOI014	358	358	12	costa	costa	_	_	_	_	_	linguistic	_	none	_	_	_	_	_	_
358-13	TOI014	358	358	13	men[o]	meno	_	_	_	_	_	linguistic	_	none	_	End=703.616	_	_	_	3-4(61)
359-0	TOR001	359	359	0	[mh]	mh	_	_	_	_	_	linguistic	_	none	_	Begin=703.406	_	_	_	0-2(61)
359-1	TOR001	359	359	1	mh	mh	_	_	_	_	_	linguistic	_	none	_	_	_	_	_	_
359-2	TOR001	359	359	2	mh	mh	_	_	_	_	_	linguistic	_	none	_	_	_	_	_	_
359-3	TOR001	359	359	3	mh	mh	_	_	_	_	_	linguistic	_	none	_	End=704.2	_	_	_	_
360-0	TOI014	360	360	0	quindi::	quindi	_	_	_	_	_	linguistic	_	none	PauseAfter=Yes	Begin=704.2	5x2	_	_	_
360-1	TOI014	360	360	1	{P}	{P}	_	_	_	_	_	shortpause	_	none	_	_	_	_	_	_
360-2	TOI014	360	360	2	dipende	dipende	_	_	_	_	_	linguistic	_	none	_	_	_	_	_	_
360-3	TOI014	360	360	3	un	un	_	_	_	_	_	linguistic	_	none	_	_	_	_	_	_
360-4	TOI014	360	360	4	po'	po'	_	_	_	_	_	linguistic	_	none	_	_	_	_	_	_
360-5	TOI014	360	360	5	da	da	_	_	_	_	_	linguistic	_	none	_	_	_	_	_	_
360-6	TOI014	360	360	6	quello	quello	_	_	_	_	_	linguistic	_	none	_	_	_	_	_	_
360-7	TOI014	360	360	7	che	che	_	_	_	_	_	linguistic	_	none	_	_	_	_	_	_
360-8	TOI014	360	360	8	si	si	_	_	_	_	_	linguistic	_	none	_	_	_	_	_	_
360-9	TOI014	360	360	9	deve	deve	_	_	_	_	_	linguistic	_	none	_	_	_	_	_	_
360-10	TOI014	360	360	10	fare	fare	_	_	_	_	_	linguistic	_	none	_	End=707.551	_	_	_	_
361-0	TOI014	361	361	0	ecco	ecco	_	_	_	_	_	linguistic	_	none	_	Begin=707.558	_	_	_	_
361-1	TOI014	361	361	1	quelle	quelle	_	_	_	_	_	linguistic	_	none	_	_	_	_	_	_
361-2	TOI014	361	361	2	che	che	_	_	_	_	_	linguistic	_	none	_	_	_	_	_	_
361-3	TOI014	361	361	3	sono::	sono	_	_	_	_	_	linguistic	_	none	_	_	3x2	_	_	_
361-4	TOI014	361	361	4	il	il	_	_	_	_	_	linguistic	_	none	_	_	_	_	_	_
361-5	TOI014	361	361	5	il	il	_	_	_	_	_	linguistic	_	none	_	_	_	_	_	_
361-6	TOI014	361	361	6	tuo	tuo	_	_	_	_	_	linguistic	_	none	_	_	_	_	_	_
361-7	TOI014	361	361	7	stile	stile	_	_	_	_	_	linguistic	_	none	_	_	_	_	_	_
361-8	TOI014	361	361	8	di	di	_	_	_	_	_	linguistic	_	none	_	_	_	_	_	_
361-9	TOI014	361	361	9	vita	vita	_	_	_	_	_	linguistic	_	none	_	_	_	_	_	_
361-10	TOI014	361	361	10	in	in	_	_	_	_	_	linguistic	_	none	_	_	_	_	_	_
361-11	TOI014	361	361	11	generale	generale	_	_	_	_	_	linguistic	_	none	_	_	_	_	_	_
361-12	TOI014	361	361	12	quello	quello	_	_	_	_	_	linguistic	_	none	_	_	_	_	_	_
361-13	TOI014	361	361	13	che	che	_	_	_	_	_	linguistic	_	none	_	_	_	_	_	_
361-14	TOI014	361	361	14	cerchi	cerchi	_	_	_	_	_	linguistic	_	none	_	End=711.848	_	_	_	_
362-0	TOI014	362	362	0	e:::	e	_	_	_	_	_	linguistic	_	none	_	Begin=711.896	0x3	_	_	_
362-1	TOI014	362	362	1	é	é	_	_	_	_	_	linguistic	_	none	_	_	_	_	_	_
362-2	TOI014	362	362	2	importante	importante	_	_	_	_	_	linguistic	_	none	_	_	_	_	_	_
362-3	TOI014	362	362	3	trovare	trovare	_	_	_	_	_	linguistic	_	none	_	_	_	_	_	_
362-4	TOI014	362	362	4	un	un	_	_	_	_	_	linguistic	_	none	_	_	_	_	_	_
362-5	TOI014	362	362	5	luogo	luogo	_	_	_	_	_	linguistic	_	none	_	_	_	_	_	_
362-6	TOI014	362	362	6	che::	che	_	_	_	_	_	linguistic	_	none	_	_	2x2	_	_	_
362-7	TOI014	362	362	7	ti	ti	_	_	_	_	_	linguistic	_	none	_	_	_	_	_	_
362-8	TOI014	362	362	8	permetta	permetta	_	_	_	_	_	linguistic	_	none	_	_	_	_	_	_
362-9	TOI014	362	362	9	di:::	di	_	_	_	_	_	linguistic	_	none	_	_	1x3	_	_	_
362-10	TOI014	362	362	10	vivere::	vivere	_	_	_	_	_	linguistic	_	none	_	_	5x2	_	_	_
362-11	TOI014	362	362	11	bene.	bene	_	_	_	_	_	linguistic	_	none	Intonation=Falling	End=717.717	_	_	_	_
363-0	TOR001	363	363	0	certo	certo	_	_	_	_	_	linguistic	_	none	_	Begin=717.813	_	_	_	_
363-1	TOR001	363	363	1	come	come	_	_	_	_	_	linguistic	_	none	_	_	_	_	_	_
363-2	TOR001	363	363	2	vuoi	vuoi	_	_	_	_	_	linguistic	_	none	_	End=718.703	_	_	_	_
364-0	TOR001	364	364	0	[cer]to	certo	_	_	_	_	_	linguistic	_	none	_	Begin=718.903|End=719.393	_	_	_	0-3(62)
365-0	TOI014	365	365	0	[sì]	sì	_	_	_	_	_	linguistic	_	none	_	Begin=718.903|End=719.2	_	_	_	0-2(62)
366-0	TOR001	366	366	0	m::h	mh	_	_	_	_	_	linguistic	_	none	_	Begin=720.4	0x2	_	_	_
366-1	TOR001	366	366	1	in	in	_	_	_	_	_	linguistic	_	none	_	_	_	_	_	_
366-2	TOR001	366	366	2	che	che	_	_	_	_	_	linguistic	_	none	_	_	_	_	_	_
366-3	TOR001	366	366	3	zona	zona	_	_	_	_	_	linguistic	_	none	_	_	_	_	_	_
366-4	TOR001	366	366	4	di	di	_	_	_	_	_	linguistic	_	none	_	_	_	_	_	_
366-5	TOR001	366	366	5	torino	torino	_	_	_	_	_	linguistic	_	none	_	_	_	_	_	_
366-6	TOR001	366	366	6	vivi?	vivi	_	_	_	_	_	linguistic	_	none	Intonation=Rising	End=722.255	_	_	_	_
367-0	TOI014	367	367	0	io	io	_	_	_	_	_	linguistic	_	none	_	Begin=722.613	_	_	_	_
367-1	TOI014	367	367	1	vivo	vivo	_	_	_	_	_	linguistic	_	none	_	_	_	_	_	_
367-2	TOI014	367	367	2	a:	a	_	_	_	_	_	linguistic	_	none	_	_	0x1	_	_	_
367-3	TOI014	367	367	3	mirafiori	mirafiori	_	_	_	_	_	linguistic	_	none	_	End=723.903	_	_	_	_
368-0	TOR001	368	368	0	okay	okay	_	_	_	_	_	linguistic	_	none	PauseAfter=Yes	Begin=724.096	_	_	_	_
368-1	TOR001	368	368	1	{P}	{P}	_	_	_	_	_	shortpause	_	none	_	_	_	_	_	_
368-2	TOR001	368	368	2	hai	hai	_	_	_	_	_	linguistic	_	none	_	_	_	_	_	_
368-3	TOR001	368	368	3	sempre	sempre	_	_	_	_	_	linguistic	_	none	_	_	_	_	_	_
368-4	TOR001	368	368	4	vissuto	vissuto	_	_	_	_	_	linguistic	_	none	_	_	_	_	_	_
368-5	TOR001	368	368	5	lì?	lì	_	_	_	_	_	linguistic	_	none	Intonation=Rising	End=725.71	_	_	_	_
369-0	TOI014	369	369	0	sempre	sempre	_	_	_	_	_	linguistic	_	none	_	Begin=726.089	_	_	_	_
369-1	TOI014	369	369	1	vissuto:	vissuto	_	_	_	_	_	linguistic	_	none	_	_	6x1	_	_	_
369-2	TOI014	369	369	2	sì	sì	_	_	_	_	_	linguistic	_	none	_	_	_	_	_	_
369-3	TOI014	369	369	3	nella	nella	_	_	_	_	_	linguistic	_	none	_	_	_	_	_	_
369-4	TOI014	369	369	4	circoscrizione	circoscrizione	_	_	_	_	_	linguistic	_	none	_	_	_	_	_	_
369-5	TOI014	369	369	5	due	due	_	_	_	_	_	linguistic	_	none	_	_	_	_	_	_
369-6	TOI014	369	369	6	che	che	_	_	_	_	_	linguistic	_	none	_	_	_	_	_	_
369-7	TOI014	369	369	7	é	é	_	_	_	_	_	linguistic	_	none	_	_	_	_	_	_
369-8	TOI014	369	369	8	santa	santa	_	_	_	_	_	linguistic	_	none	_	_	_	_	_	_
369-9	TOI014	369	369	9	rita	rita	_	_	_	_	_	linguistic	_	none	_	_	_	_	_	_
369-10	TOI014	369	369	10	mirafiori	mirafiori	_	_	_	_	_	linguistic	_	none	_	End=729.8	_	_	_	_
370-0	TOR001	370	370	0	okay	okay	_	_	_	_	_	linguistic	_	none	_	Begin=729.896|End=730.4	_	_	_	_
371-0	TOR001	371	371	0	hai	hai	_	_	_	_	_	linguistic	_	none	_	Begin=730.8	_	_	_	_
371-1	TOR001	371	371	1	frequentato	frequentato	_	_	_	_	_	linguistic	_	none	_	_	_	_	_	_
371-2	TOR001	371	371	2	le	le	_	_	_	_	_	linguistic	_	none	_	_	_	_	_	_
371-3	TOR001	371	371	3	scuole	scuole	_	_	_	_	_	linguistic	_	none	_	_	_	_	_	_
371-4	TOR001	371	371	4	lì	lì	_	_	_	_	_	linguistic	_	none	_	_	_	_	_	_
371-5	TOR001	371	371	5	quindi?	quindi	_	_	_	_	_	linguistic	_	none	Intonation=Rising	End=732.234	_	_	_	_
372-0	TOI014	372	372	0	ho	ho	_	_	_	_	_	linguistic	_	none	_	Begin=732.406	_	_	_	_
372-1	TOI014	372	372	1	frequentato:::	frequentato	_	_	_	_	_	linguistic	_	none	_	_	10x3	_	_	_
372-2	TOI014	372	372	2	le	le	_	_	_	_	_	linguistic	_	none	_	_	_	_	_	_
372-3	TOI014	372	372	3	scuol[e:::]	scuole	_	_	_	_	_	linguistic	_	none	_	End=734.715	5x3	_	_	5-6(63)
373-0	TOR002	373	373	0	[xxx]	xxx	_	_	_	_	_	unknown	_	none	Syllables=3	Begin=734.489	_	_	_	0-3(?)
373-1	TOR002	373	373	1	tempo	tempo	_	_	_	_	_	linguistic	_	none	_	_	_	_	_	_
373-2	TOR002	373	373	2	di	di	_	_	_	_	_	linguistic	_	none	_	_	_	_	_	_
373-3	TOR002	373	373	3	scuole	scuole	_	_	_	_	_	linguistic	_	none	_	_	_	_	_	_
373-4	TOR002	373	373	4	pensare	pensare	_	_	_	_	_	linguistic	_	none	_	_	_	_	_	_
373-5	TOR002	373	373	5	{ride}	{ride}	_	_	_	_	_	nonverbalbehavior	_	none	_	End=737.174	_	_	_	_
374-0	TOI014	374	374	0	{ride}	{ride}	_	_	_	_	_	nonverbalbehavior	_	none	_	Begin=735.896|End=736.406	_	_	_	_
375-0	TOR001	375	375	0	{ride}	{ride}	_	_	_	_	_	nonverbalbehavior	_	none	_	Begin=736.096|End=736.813	_	_	_	_
376-0	TOI014	376	376	0	ho	ho	_	_	_	_	_	linguistic	_	none	_	Begin=737.006	_	_	_	_
376-1	TOI014	376	376	1	cambiato	cambiato	_	_	_	_	_	linguistic	_	none	_	_	_	_	_	_
376-2	TOI014	376	376	2	varie	varie	_	_	_	_	_	linguistic	_	none	_	_	_	_	_	_
376-3	TOI014	376	376	3	scuole	scuole	_	_	_	_	_	linguistic	_	none	_	_	_	_	_	_
376-4	TOI014	376	376	4	{ride}	{ride}	_	_	_	_	_	nonverbalbehavior	_	none	_	_	_	_	_	_
376-5	TOI014	376	376	5	[appun]to	appunto	_	_	_	_	_	linguistic	_	none	_	End=739.386	_	_	_	0-5(?)
377-0	TOR001	377	377	0	[okay]	okay	_	_	_	_	_	linguistic	_	none	_	Begin=738.696|End=739.2	_	_	_	0-4(65)
378-0	TOI014	378	378	0	e:::	e	_	_	_	_	_	linguistic	_	none	_	Begin=739.406	0x3	_	_	_
378-1	TOI014	378	378	1	ho	ho	_	_	_	_	_	linguistic	_	none	_	_	_	_	_	_
378-2	TOI014	378	378	2	conseguito	conseguito	_	_	_	_	_	linguistic	_	none	_	_	_	_	_	_
378-3	TOI014	378	378	3	un	un	_	_	_	_	_	linguistic	_	none	_	_	_	_	_	_
378-4	TOI014	378	378	4	diploma::	diploma	_	_	_	_	_	linguistic	_	none	_	_	6x2	_	_	_
378-5	TOI014	378	378	5	in	in	_	_	_	_	_	linguistic	_	none	_	_	_	_	_	_
378-6	TOI014	378	378	6	centro	centro	_	_	_	_	_	linguistic	_	none	PauseAfter=Yes	_	_	_	_	_
378-7	TOI014	378	378	7	{P}	{P}	_	_	_	_	_	shortpause	_	none	_	_	_	_	_	_
378-8	TOI014	378	378	8	a	a	_	_	_	_	_	linguistic	_	none	_	_	_	_	_	_
378-9	TOI014	378	378	9	[torino]	torino	_	_	_	_	_	linguistic	_	none	_	End=742.627	_	_	_	0-6(66)
379-0	TOR001	379	379	0	[okay]	okay	_	_	_	_	_	linguistic	_	none	_	Begin=742.013|End=742.627	_	_	_	0-4(66)
380-0	TOR001	380	380	0	d'	d'	_	_	_	_	_	linguistic	_	none	SpaceAfter=No	Begin=742.71	_	_	_	_
380-1	TOR001	380	380	1	accordo	accordo	_	_	_	_	_	linguistic	_	none	PauseAfter=Yes	_	_	_	_	_
380-2	TOR001	380	380	2	{P}	{P}	_	_	_	_	_	shortpause	_	none	_	_	_	_	_	_
380-3	TOR001	380	380	3	e:	e	_	_	_	_	_	linguistic	_	none	_	_	0x1	_	_	_
380-4	TOR001	380	380	4	i	i	_	_	_	_	_	linguistic	_	none	_	_	_	_	_	_
380-5	TOR001	380	380	5	tuoi	tuoi	_	_	_	_	_	linguistic	_	none	_	_	_	_	_	_
380-6	TOR001	380	380	6	amici	amici	_	_	_	_	_	linguistic	_	none	_	_	_	_	_	_
380-7	TOR001	380	380	7	vivono	vivono	_	_	_	_	_	linguistic	_	none	_	_	_	_	_	_
380-8	TOR001	380	380	8	nella	nella	_	_	_	_	_	linguistic	_	none	_	_	_	_	_	_
380-9	TOR001	380	380	9	tua	tua	_	_	_	_	_	linguistic	_	none	_	_	_	_	_	_
380-10	TOR001	380	380	10	zona	zona	_	_	_	_	_	linguistic	_	none	_	_	_	_	_	_
380-11	TOR001	380	380	11	o	o	_	_	_	_	_	linguistic	_	none	_	_	_	_	_	_
380-12	TOR001	380	380	12	sono	sono	_	_	_	_	_	linguistic	_	none	_	_	_	_	_	_
380-13	TOR001	380	380	13	sparsi,	sparsi	_	_	_	_	_	linguistic	_	none	Intonation=WeaklyRising	_	_	_	_	_
380-14	TOR001	380	380	14	[per:	per	_	_	_	_	_	linguistic	_	none	_	_	2x1	_	_	0-3(67)
380-15	TOR001	380	380	15	la	la	_	_	_	_	_	linguistic	_	none	_	_	_	_	_	0-2(67)
380-16	TOR001	380	380	16	città]?	città	_	_	_	_	_	linguistic	_	none	Intonation=Rising	End=747.606	_	_	_	0-5(67)
381-0	TOI014	381	381	0	[m::h]	mh	_	_	_	_	_	linguistic	_	none	_	Begin=746.744	0x2	_	_	0-2(67)
381-1	TOI014	381	381	1	i	i	_	_	_	_	_	linguistic	_	none	_	_	_	_	_	_
381-2	TOI014	381	381	2	miei	miei	_	_	_	_	_	linguistic	_	none	_	_	_	_	_	_
381-3	TOI014	381	381	3	amici	amici	_	_	_	_	_	linguistic	_	none	_	_	_	_	_	_
381-4	TOI014	381	381	4	sono	sono	_	_	_	_	_	linguistic	_	none	_	_	_	_	_	_
381-5	TOI014	381	381	5	sparsi	sparsi	_	_	_	_	_	linguistic	_	none	_	End=749.097	_	_	_	_
382-0	TOI014	382	382	0	non	non	_	_	_	_	_	linguistic	_	none	_	Begin=749.123	_	_	_	_
382-1	TOI014	382	382	1	ho::	ho	_	_	_	_	_	linguistic	_	none	PauseAfter=Yes	_	1x2	_	_	_
382-2	TOI014	382	382	2	{P}	{P}	_	_	_	_	_	shortpause	_	none	_	_	_	_	_	_
382-3	TOI014	382	382	3	un	un	_	_	_	_	_	linguistic	_	none	_	_	_	_	_	_
382-4	TOI014	382	382	4	gruppo:	gruppo	_	_	_	_	_	linguistic	_	none	_	_	5x1	_	_	_
382-5	TOI014	382	382	5	del	del	_	_	_	_	_	linguistic	_	none	_	_	_	_	_	_
382-6	TOI014	382	382	6	mio	mio	_	_	_	_	_	linguistic	_	none	_	_	_	_	_	_
382-7	TOI014	382	382	7	quartiere	quartiere	_	_	_	_	_	linguistic	_	none	_	_	_	_	_	_
382-8	TOI014	382	382	8	ma	ma	_	_	_	_	_	linguistic	_	none	_	_	_	_	_	_
382-9	TOI014	382	382	9	ho	ho	_	_	_	_	_	linguistic	_	none	_	_	_	_	_	_
382-10	TOI014	382	382	10	vari	vari	_	_	_	_	_	linguistic	_	none	_	_	_	_	_	_
382-11	TOI014	382	382	11	amici	amici	_	_	_	_	_	linguistic	_	none	_	_	_	_	_	_
382-12	TOI014	382	382	12	sparsi	sparsi	_	_	_	_	_	linguistic	_	none	_	_	_	_	_	_
382-13	TOI014	382	382	13	per	per	_	_	_	_	_	linguistic	_	none	_	_	_	_	_	_
382-14	TOI014	382	382	14	torino	torino	_	_	_	_	_	linguistic	_	none	_	_	_	_	_	_
382-15	TOI014	382	382	15	e::	e	_	_	_	_	_	linguistic	_	none	_	_	0x2	_	_	_
382-16	TOI014	382	382	16	[dintor]ni	dintorni	_	_	_	_	_	linguistic	_	none	_	End=754.806	_	_	_	0-6(68)
383-0	TOR001	383	383	0	[okay]	okay	_	_	_	_	_	linguistic	_	none	_	Begin=754.193|End=754.606	_	_	_	0-4(68)
384-0	TOR001	384	384	0	ti	ti	_	_	_	_	_	linguistic	_	none	_	Begin=757.91	_	_	_	_
384-1	TOR001	384	384	1	piace	piace	_	_	_	_	_	linguistic	_	none	_	_	_	_	_	_
384-2	TOR001	384	384	2	la	la	_	_	_	_	_	linguistic	_	none	_	_	_	_	_	_
384-3	TOR001	384	384	3	zona	zona	_	_	_	_	_	linguistic	_	none	_	_	_	_	_	_
384-4	TOR001	384	384	4	in	in	_	_	_	_	_	linguistic	_	none	_	_	_	_	_	_
384-5	TOR001	384	384	5	cui	cui	_	_	_	_	_	linguistic	_	none	_	_	_	_	_	_
384-6	TOR001	384	384	6	vivi?	vivi	_	_	_	_	_	linguistic	_	none	Intonation=Rising	End=759.206	_	_	_	_
385-0	TOI014	385	385	0	mi	mi	_	_	_	_	_	linguistic	_	none	_	Begin=760.0	_	_	_	_
385-1	TOI014	385	385	1	piace:::	piace	_	_	_	_	_	linguistic	_	none	_	_	4x3	_	_	_
385-2	TOI014	385	385	2	la	la	_	_	_	_	_	linguistic	_	none	_	_	_	_	_	_
385-3	TOI014	385	385	3	tranquillità	tranquillità	_	_	_	_	_	linguistic	_	none	_	_	_	_	_	_
385-4	TOI014	385	385	4	che	che	_	_	_	_	_	linguistic	_	none	_	_	_	_	_	_
385-5	TOI014	385	385	5	ho	ho	_	_	_	_	_	linguistic	_	none	_	_	_	_	_	_
385-6	TOI014	385	385	6	io	io	_	_	_	_	_	linguistic	_	none	_	_	_	_	_	_
385-7	TOI014	385	385	7	nel	nel	_	_	_	_	_	linguistic	_	none	_	_	_	_	_	_
385-8	TOI014	385	385	8	mio	mio	_	_	_	_	_	linguistic	_	none	_	_	_	_	_	_
385-9	TOI014	385	385	9	quartiere	quartiere	_	_	_	_	_	linguistic	_	none	_	End=763.117	_	_	_	_
386-0	TOI014	386	386	0	e::mh	emh	_	_	_	_	_	linguistic	_	none	_	Begin=763.889	0x2	_	_	_
386-1	TOI014	386	386	1	però	però	_	_	_	_	_	linguistic	_	none	_	_	_	_	_	_
386-2	TOI014	386	386	2	noto	noto	_	_	_	_	_	linguistic	_	none	_	_	_	_	_	_
386-3	TOI014	386	386	3	anche	anche	_	_	_	_	_	linguistic	_	none	_	_	_	_	_	_
386-4	TOI014	386	386	4	vari	vari	_	_	_	_	_	linguistic	_	none	_	_	_	_	_	_
386-5	TOI014	386	386	5	lati	lati	_	_	_	_	_	linguistic	_	none	_	_	_	_	_	_
386-6	TOI014	386	386	6	negativi	negativi	_	_	_	_	_	linguistic	_	none	_	_	_	_	_	_
386-7	TOI014	386	386	7	quello	quello	_	_	_	_	_	linguistic	_	none	_	_	_	_	_	_
386-8	TOI014	386	386	8	che	che	_	_	_	_	_	linguistic	_	none	_	_	_	_	_	_
386-9	TOI014	386	386	9	é	é	_	_	_	_	_	linguistic	_	none	_	_	_	_	_	_
386-10	TOI014	386	386	10	la	la	_	_	_	_	_	linguistic	_	none	_	_	_	_	_	_
386-11	TOI014	386	386	11	realtà	realtà	_	_	_	_	_	linguistic	_	none	_	End=767.662	_	_	_	_
387-0	TOR001	387	387	0	mh	mh	_	_	_	_	_	linguistic	_	none	_	Begin=767.806	_	_	_	_
387-1	TOR001	387	387	1	mh	mh	_	_	_	_	_	linguistic	_	none	_	End=768.289	_	_	_	_
388-0	TOI014	388	388	0	ad	ad	_	_	_	_	_	linguistic	_	none	_	Begin=768.593	_	_	_	_
388-1	TOI014	388	388	1	esempio::	esempio	_	_	_	_	_	linguistic	_	none	_	_	6x2	_	_	_
388-2	TOI014	388	388	2	i	i	_	_	_	_	_	linguistic	_	none	_	_	_	_	_	_
388-3	TOI014	388	388	3	mezzi	mezzi	_	_	_	_	_	linguistic	_	none	_	_	_	_	_	_
388-4	TOI014	388	388	4	di	di	_	_	_	_	_	linguistic	_	none	_	_	_	_	_	_
388-5	TOI014	388	388	5	comunicazione	comunicazione	_	_	_	_	_	linguistic	_	none	_	_	_	_	_	_
388-6	TOI014	388	388	6	non::	non	_	_	_	_	_	linguistic	_	none	_	End=771.303	2x2	_	_	_
389-0	TOI014	389	389	0	non	non	_	_	_	_	_	linguistic	_	none	_	Begin=771.793	_	_	_	_
389-1	TOI014	389	389	1	mi	mi	_	_	_	_	_	linguistic	_	none	_	_	_	_	_	_
389-2	TOI014	389	389	2	piaciono	piaciono	_	_	_	_	_	linguistic	_	none	_	_	_	_	_	_
389-3	TOI014	389	389	3	molto	molto	_	_	_	_	_	linguistic	_	none	_	_	_	_	_	_
389-4	TOI014	389	389	4	mi	mi	_	_	_	_	_	linguistic	_	none	_	_	_	_	_	_
389-5	TOI014	389	389	5	dà	dà	_	_	_	_	_	linguistic	_	none	_	_	_	_	_	_
389-6	TOI014	389	389	6	fastidio:	fastidio	_	_	_	_	_	linguistic	_	none	_	_	7x1	_	_	_
389-7	TOI014	389	389	7	che	che	_	_	_	_	_	linguistic	_	none	_	_	_	_	_	_
389-8	TOI014	389	389	8	per	per	_	_	_	_	_	linguistic	_	none	_	_	_	_	_	_
389-9	TOI014	389	389	9	andare:	andare	_	_	_	_	_	linguistic	_	none	_	_	5x1	_	_	_
389-10	TOI014	389	389	10	in	in	_	_	_	_	_	linguistic	_	none	_	_	_	_	_	_
389-11	TOI014	389	389	11	centro	centro	_	_	_	_	_	linguistic	_	none	_	_	_	_	_	_
389-12	TOI014	389	389	12	ci	ci	_	_	_	_	_	linguistic	_	none	_	_	_	_	_	_
389-13	TOI014	389	389	13	metto:	metto	_	_	_	_	_	linguistic	_	none	_	_	4x1	_	_	_
389-14	TOI014	389	389	14	quaranta	quaranta	_	_	_	_	_	linguistic	_	none	_	_	_	_	_	_
389-15	TOI014	389	389	15	minuti	minuti	_	_	_	_	_	linguistic	_	none	_	_	_	_	_	_
389-16	TOI014	389	389	16	con	con	_	_	_	_	_	linguistic	_	none	_	_	_	_	_	_
389-17	TOI014	389	389	17	l'	l'	_	_	_	_	_	linguistic	_	none	SpaceAfter=No	_	_	_	_	_
389-18	TOI014	389	389	18	autobus	autobus	_	_	_	_	_	linguistic	_	none	_	End=777.289	_	_	_	_
390-0	TOR001	390	390	0	mh	mh	_	_	_	_	_	linguistic	_	none	_	Begin=777.793	_	_	_	_
390-1	TOR001	390	390	1	mh	mh	_	_	_	_	_	linguistic	_	none	_	End=778.193	_	_	_	_
391-0	TOI014	391	391	0	e::	e	_	_	_	_	_	linguistic	_	none	_	Begin=778.4	0x2	_	_	_
391-1	TOI014	391	391	1	poi	poi	_	_	_	_	_	linguistic	_	none	_	_	_	_	_	_
391-2	TOI014	391	391	2	contando	contando	_	_	_	_	_	linguistic	_	none	_	_	_	_	_	_
391-3	TOI014	391	391	3	tutti	tutti	_	_	_	_	_	linguistic	_	none	_	_	_	_	_	_
391-4	TOI014	391	391	4	anche	anche	_	_	_	_	_	linguistic	_	none	_	_	_	_	_	_
391-5	TOI014	391	391	5	i	i	_	_	_	_	_	linguistic	_	none	_	_	_	_	_	_
391-6	TOI014	391	391	6	ritardi:::	ritardi	_	_	_	_	_	linguistic	_	none	_	End=781.312	6x3	_	_	_
392-0	TOI014	392	392	0	mi	mi	_	_	_	_	_	linguistic	_	none	_	Begin=782.0	_	_	_	_
392-1	TOI014	392	392	1	é:	é	_	_	_	_	_	linguistic	_	none	_	_	0x1	_	_	_
392-2	TOI014	392	392	2	mi	mi	_	_	_	_	_	linguistic	_	none	_	_	_	_	_	_
392-3	TOI014	392	392	3	é	é	_	_	_	_	_	linguistic	_	none	_	_	_	_	_	_
392-4	TOI014	392	392	4	difficile	difficile	_	_	_	_	_	linguistic	_	none	_	_	_	_	_	_
392-5	TOI014	392	392	5	diciamo	diciamo	_	_	_	_	_	linguistic	_	none	_	_	_	_	_	_
392-6	TOI014	392	392	6	che::	che	_	_	_	_	_	linguistic	_	none	_	End=783.903	2x2	_	_	_
393-0	TOI014	393	393	0	ti	ti	_	_	_	_	_	linguistic	_	none	_	Begin=784.096	_	_	_	_
393-1	TOI014	393	393	1	obbliga	obbliga	_	_	_	_	_	linguistic	_	none	_	_	_	_	_	_
393-2	TOI014	393	393	2	quasi	quasi	_	_	_	_	_	linguistic	_	none	_	_	_	_	_	_
393-3	TOI014	393	393	3	all'	all'	_	_	_	_	_	linguistic	_	none	SpaceAfter=No	_	_	_	_	_
393-4	TOI014	393	393	4	acquisto	acquisto	_	_	_	_	_	linguistic	_	none	_	_	_	_	_	_
393-5	TOI014	393	393	5	di	di	_	_	_	_	_	linguistic	_	none	_	_	_	_	_	_
393-6	TOI014	393	393	6	una	una	_	_	_	_	_	linguistic	_	none	_	_	_	_	_	_
393-7	TOI014	393	393	7	macchina	macchina	_	_	_	_	_	linguistic	_	none	_	End=786.262	_	_	_	_
394-0	TOR001	394	394	0	mh	mh	_	_	_	_	_	linguistic	_	none	_	Begin=786.303	_	_	_	_
394-1	TOR001	394	394	1	mh	mh	_	_	_	_	_	linguistic	_	none	_	_	_	_	_	_
394-2	TOR001	394	394	2	mh	mh	_	_	_	_	_	linguistic	_	none	_	End=786.743	_	_	_	_
395-0	TOI014	395	395	0	questa	questa	_	_	_	_	_	linguistic	_	none	_	Begin=786.993	_	_	_	_
395-1	TOI014	395	395	1	cosa::	cosa	_	_	_	_	_	linguistic	_	none	_	_	3x2	_	_	_
395-2	TOI014	395	395	2	mi	mi	_	_	_	_	_	linguistic	_	none	_	_	_	_	_	_
395-3	TOI014	395	395	3	preclude	preclude	_	_	_	_	_	linguistic	_	none	_	_	_	_	_	_
395-4	TOI014	395	395	4	al~	al~	_	_	_	_	_	linguistic	_	none	Interrupted=Yes	_	_	_	_	_
395-5	TOI014	395	395	5	mh	mh	_	_	_	_	_	linguistic	_	none	_	_	_	_	_	_
395-6	TOI014	395	395	6	ad	ad	_	_	_	_	_	linguistic	_	none	_	_	_	_	_	_
395-7	TOI014	395	395	7	esempio	esempio	_	_	_	_	_	linguistic	_	none	_	_	_	_	_	_
395-8	TOI014	395	395	8	la	la	_	_	_	_	_	linguistic	_	none	_	_	_	_	_	_
395-9	TOI014	395	395	9	mia	mia	_	_	_	_	_	linguistic	_	none	_	_	_	_	_	_
395-10	TOI014	395	395	10	indipendenza	indipendenza	_	_	_	_	_	linguistic	_	none	_	_	_	_	_	_
395-11	TOI014	395	395	11	da	da	_	_	_	_	_	linguistic	_	none	_	_	_	_	_	_
395-12	TOI014	395	395	12	altri	altri	_	_	_	_	_	linguistic	_	none	_	_	_	_	_	_
395-13	TOI014	395	395	13	punti	punti	_	_	_	_	_	linguistic	_	none	_	_	_	_	_	_
395-14	TOI014	395	395	14	di	di	_	_	_	_	_	linguistic	_	none	_	_	_	_	_	_
395-15	TOI014	395	395	15	vista	vista	_	_	_	_	_	linguistic	_	none	_	_	_	_	_	_
395-16	TOI014	395	395	16	come	come	_	_	_	_	_	linguistic	_	none	_	_	_	_	_	_
395-17	TOI014	395	395	17	ad	ad	_	_	_	_	_	linguistic	_	none	_	_	_	_	_	_
395-18	TOI014	395	395	18	esempio	esempio	_	_	_	_	_	linguistic	_	none	_	_	_	_	_	_
395-19	TOI014	395	395	19	andare	andare	_	_	_	_	_	linguistic	_	none	_	_	_	_	_	_
395-20	TOI014	395	395	20	a	a	_	_	_	_	_	linguistic	_	none	_	_	_	_	_	_
395-21	TOI014	395	395	21	vivere::	vivere	_	_	_	_	_	linguistic	_	none	_	_	5x2	_	_	_
395-22	TOI014	395	395	22	da	da	_	_	_	_	_	linguistic	_	none	_	_	_	_	_	_
395-23	TOI014	395	395	23	solo	solo	_	_	_	_	_	linguistic	_	none	_	_	_	_	_	_
395-24	TOI014	395	395	24	prima	prima	_	_	_	_	_	linguistic	_	none	_	End=793.117	_	_	_	_
396-0	TOR001	396	396	0	mh	mh	_	_	_	_	_	linguistic	_	none	_	Begin=793.4	_	_	_	_
396-1	TOR001	396	396	1	[mh	mh	_	_	_	_	_	linguistic	_	none	_	_	_	_	_	0-2(69)
396-2	TOR001	396	396	2	mh]	mh	_	_	_	_	_	linguistic	_	none	_	End=793.896	_	_	_	0-2(69)
397-0	TOI014	397	397	0	[perché::]	perché	_	_	_	_	_	linguistic	_	none	_	Begin=793.613	5x2	_	_	0-6(69)
397-1	TOI014	397	397	1	uno	uno	_	_	_	_	_	linguistic	_	none	_	_	_	_	_	_
397-2	TOI014	397	397	2	si:	si	_	_	_	_	_	linguistic	_	none	_	_	1x1	_	_	_
397-3	TOI014	397	397	3	si	si	_	_	_	_	_	linguistic	_	none	_	_	_	_	_	_
397-4	TOI014	397	397	4	pone::	pone	_	_	_	_	_	linguistic	_	none	_	_	3x2	_	_	_
397-5	TOI014	397	397	5	determinate::	determinate	_	_	_	_	_	linguistic	_	none	PauseAfter=Yes	_	10x2	_	_	_
397-6	TOI014	397	397	6	{P}	{P}	_	_	_	_	_	shortpause	_	none	_	_	_	_	_	_
397-7	TOI014	397	397	7	scelte	scelte	_	_	_	_	_	linguistic	_	none	_	_	_	_	_	_
397-8	TOI014	397	397	8	ec[co]	ecco	_	_	_	_	_	linguistic	_	none	_	End=797.31	_	_	_	2-4(70)
398-0	TOR001	398	398	0	[cer]to	certo	_	_	_	_	_	linguistic	_	none	_	Begin=797.006|End=797.613	_	_	_	0-3(70)
399-0	TOR001	399	399	0	e	e	_	_	_	_	_	linguistic	_	none	_	Begin=798.296	_	_	_	_
399-1	TOR001	399	399	1	ti	ti	_	_	_	_	_	linguistic	_	none	_	_	_	_	_	_
399-2	TOR001	399	399	2	muovi	muovi	_	_	_	_	_	linguistic	_	none	_	_	_	_	_	_
399-3	TOR001	399	399	3	con	con	_	_	_	_	_	linguistic	_	none	_	_	_	_	_	_
399-4	TOR001	399	399	4	i	i	_	_	_	_	_	linguistic	_	none	_	_	_	_	_	_
399-5	TOR001	399	399	5	mezzi	mezzi	_	_	_	_	_	linguistic	_	none	_	_	_	_	_	_
399-6	TOR001	399	399	6	quindi	quindi	_	_	_	_	_	linguistic	_	none	_	_	_	_	_	_
399-7	TOR001	399	399	7	[solitamente]?	solitamente	_	_	_	_	_	linguistic	_	none	Intonation=Rising	End=800.524	_	_	_	0-11(71)
400-0	TOI014	400	400	0	[io:::	io	_	_	_	_	_	linguistic	_	none	_	Begin=799.702	1x3	_	_	0-2(71)
400-1	TOI014	400	400	1	ho	ho	_	_	_	_	_	linguistic	_	none	_	_	_	_	_	0-2(71)
400-2	TOI014	400	400	2	la	la	_	_	_	_	_	linguistic	_	none	_	_	_	_	_	0-2(71)
400-3	TOI014	400	400	3	macchi]na	macchina	_	_	_	_	_	linguistic	_	none	_	_	_	_	_	0-6(71)
400-4	TOI014	400	400	4	però	però	_	_	_	_	_	linguistic	_	none	_	_	_	_	_	_
400-5	TOI014	400	400	5	cerco	cerco	_	_	_	_	_	linguistic	_	none	_	_	_	_	_	_
400-6	TOI014	400	400	6	di:	di	_	_	_	_	_	linguistic	_	none	_	_	1x1	_	_	_
400-7	TOI014	400	400	7	usarla::	usarla	_	_	_	_	_	linguistic	_	none	_	_	5x2	_	_	_
400-8	TOI014	400	400	8	il	il	_	_	_	_	_	linguistic	_	none	_	_	_	_	_	_
400-9	TOI014	400	400	9	meno	meno	_	_	_	_	_	linguistic	_	none	_	_	_	_	_	_
400-10	TOI014	400	400	10	possibile	possibile	_	_	_	_	_	linguistic	_	none	_	_	_	_	_	_
400-11	TOI014	400	400	11	soltanto	soltanto	_	_	_	_	_	linguistic	_	none	_	_	_	_	_	_
400-12	TOI014	400	400	12	quando	quando	_	_	_	_	_	linguistic	_	none	_	_	_	_	_	_
400-13	TOI014	400	400	13	esco	esco	_	_	_	_	_	linguistic	_	none	_	_	_	_	_	_
400-14	TOI014	400	400	14	magari	magari	_	_	_	_	_	linguistic	_	none	_	_	_	_	_	_
400-15	TOI014	400	400	15	la	la	_	_	_	_	_	linguistic	_	none	_	_	_	_	_	_
400-16	TOI014	400	400	16	sera	sera	_	_	_	_	_	linguistic	_	none	_	_	_	_	_	_
400-17	TOI014	400	400	17	che	che	_	_	_	_	_	linguistic	_	none	_	_	_	_	_	_
400-18	TOI014	400	400	18	non	non	_	_	_	_	_	linguistic	_	none	_	_	_	_	_	_
400-19	TOI014	400	400	19	ho	ho	_	_	_	_	_	linguistic	_	none	_	_	_	_	_	_
400-20	TOI014	400	400	20	i	i	_	_	_	_	_	linguistic	_	none	_	_	_	_	_	_
400-21	TOI014	400	400	21	mezzi	mezzi	_	_	_	_	_	linguistic	_	none	_	End=806.048	_	_	_	_
401-0	TOR001	401	401	0	mh	mh	_	_	_	_	_	linguistic	_	none	_	Begin=806.11	_	_	_	_
401-1	TOR001	401	401	1	mh	mh	_	_	_	_	_	linguistic	_	none	_	End=806.503	_	_	_	_
402-0	TOI014	402	402	0	m::h	mh	_	_	_	_	_	linguistic	_	none	_	Begin=807.006	0x2	_	_	_
402-1	TOI014	402	402	1	diciamo	diciamo	_	_	_	_	_	linguistic	_	none	_	_	_	_	_	_
402-2	TOI014	402	402	2	che	che	_	_	_	_	_	linguistic	_	none	_	_	_	_	_	_
402-3	TOI014	402	402	3	dove	dove	_	_	_	_	_	linguistic	_	none	_	_	_	_	_	_
402-4	TOI014	402	402	4	il	il	_	_	_	_	_	linguistic	_	none	_	_	_	_	_	_
402-5	TOI014	402	402	5	pullman	pullman	_	_	_	_	_	linguistic	_	none	_	_	_	_	_	_
402-6	TOI014	402	402	6	mi	mi	_	_	_	_	_	linguistic	_	none	_	_	_	_	_	_
402-7	TOI014	402	402	7	limita	limita	_	_	_	_	_	linguistic	_	none	_	_	_	_	_	_
402-8	TOI014	402	402	8	io	io	_	_	_	_	_	linguistic	_	none	_	_	_	_	_	_
402-9	TOI014	402	402	9	cerco	cerco	_	_	_	_	_	linguistic	_	none	_	_	_	_	_	_
402-10	TOI014	402	402	10	di	di	_	_	_	_	_	linguistic	_	none	_	_	_	_	_	_
402-11	TOI014	402	402	11	usare	usare	_	_	_	_	_	linguistic	_	none	_	_	_	_	_	_
402-12	TOI014	402	402	12	la	la	_	_	_	_	_	linguistic	_	none	_	_	_	_	_	_
402-13	TOI014	402	402	13	macchina	macchina	_	_	_	_	_	linguistic	_	none	_	_	_	_	_	_
402-14	TOI014	402	402	14	ec[co]	ecco	_	_	_	_	_	linguistic	_	none	_	End=811.303	_	_	_	2-4(72)
403-0	TOR001	403	403	0	[mh]	mh	_	_	_	_	_	linguistic	_	none	_	Begin=811.206	_	_	_	0-2(72)
403-1	TOR001	403	403	1	mh	mh	_	_	_	_	_	linguistic	_	none	_	_	_	_	_	_
403-2	TOR001	403	403	2	mh	mh	_	_	_	_	_	linguistic	_	none	_	_	_	_	_	_
403-3	TOR001	403	403	3	okay	okay	_	_	_	_	_	linguistic	_	none	_	_	_	_	_	_
403-4	TOR001	403	403	4	però	però	_	_	_	_	_	linguistic	_	none	_	_	_	_	_	_
403-5	TOR001	403	403	5	se	se	_	_	_	_	_	linguistic	_	none	_	_	_	_	_	_
403-6	TOR001	403	403	6	puoi	puoi	_	_	_	_	_	linguistic	_	none	_	_	_	_	_	_
403-7	TOR001	403	403	7	scegliere	scegliere	_	_	_	_	_	linguistic	_	none	_	_	_	_	_	_
403-8	TOR001	403	403	8	diciamo	diciamo	_	_	_	_	_	linguistic	_	none	_	_	_	_	_	_
403-9	TOR001	403	403	9	che	che	_	_	_	_	_	linguistic	_	none	_	_	_	_	_	_
403-10	TOR001	403	403	10	preferisci	preferisci	_	_	_	_	_	linguistic	_	none	_	_	_	_	_	_
403-11	TOR001	403	403	11	usare	usare	_	_	_	_	_	linguistic	_	none	_	_	_	_	_	_
403-12	TOR001	403	403	12	i	i	_	_	_	_	_	linguistic	_	none	_	_	_	_	_	_
403-13	TOR001	403	403	13	me[zzi]	mezzi	_	_	_	_	_	linguistic	_	none	_	End=814.393	_	_	_	2-5(73)
404-0	TOI014	404	404	0	[se	se	_	_	_	_	_	linguistic	_	none	_	Begin=814.2	_	_	_	0-2(73)
404-1	TOI014	404	404	1	posso]::	posso	_	_	_	_	_	linguistic	_	none	_	_	4x2	_	_	0-5(73)
404-2	TOI014	404	404	2	scegliere	scegliere	_	_	_	_	_	linguistic	_	none	_	_	_	_	_	_
404-3	TOI014	404	404	3	uso	uso	_	_	_	_	_	linguistic	_	none	_	_	_	_	_	_
404-4	TOI014	404	404	4	i	i	_	_	_	_	_	linguistic	_	none	_	_	_	_	_	_
404-5	TOI014	404	404	5	mezzi	mezzi	_	_	_	_	_	linguistic	_	none	_	_	_	_	_	_
404-6	TOI014	404	404	6	[sì].	sì	_	_	_	_	_	linguistic	_	none	Intonation=Falling	End=816.2	_	_	_	0-2(74)
405-0	TOR001	405	405	0	[okay]	okay	_	_	_	_	_	linguistic	_	none	_	Begin=816.013	_	_	_	0-4(74)
405-1	TOR001	405	405	1	però	però	_	_	_	_	_	linguistic	_	none	_	_	_	_	_	_
405-2	TOR001	405	405	2	in	in	_	_	_	_	_	linguistic	_	none	_	_	_	_	_	_
405-3	TOR001	405	405	3	effetti	effetti	_	_	_	_	_	linguistic	_	none	_	_	_	_	_	_
405-4	TOR001	405	405	4	é	é	_	_	_	_	_	linguistic	_	none	_	_	_	_	_	_
405-5	TOR001	405	405	5	complicato	complicato	_	_	_	_	_	linguistic	_	none	_	End=817.662	_	_	_	_
406-0	TOI014	406	406	0	sì.	sì	_	_	_	_	_	linguistic	_	none	Intonation=Falling|PauseAfter=Yes	Begin=817.696	_	_	_	_
406-1	TOI014	406	406	1	{P}	{P}	_	_	_	_	_	shortpause	_	none	_	_	_	_	_	_
406-2	TOI014	406	406	2	perché::	perché	_	_	_	_	_	linguistic	_	none	_	_	5x2	_	_	_
406-3	TOI014	406	406	3	nel	nel	_	_	_	_	_	linguistic	_	none	_	_	_	_	_	_
406-4	TOI014	406	406	4	mio	mio	_	_	_	_	_	linguistic	_	none	_	_	_	_	_	_
406-5	TOI014	406	406	5	quartiere	quartiere	_	_	_	_	_	linguistic	_	none	_	_	_	_	_	_
406-6	TOI014	406	406	6	non	non	_	_	_	_	_	linguistic	_	none	_	_	_	_	_	_
406-7	TOI014	406	406	7	c'	c'	_	_	_	_	_	linguistic	_	none	SpaceAfter=No	_	_	_	_	_
406-8	TOI014	406	406	8	é	é	_	_	_	_	_	linguistic	_	none	_	_	_	_	_	_
406-9	TOI014	406	406	9	la	la	_	_	_	_	_	linguistic	_	none	_	_	_	_	_	_
406-10	TOI014	406	406	10	metropolitana::	metropolitana	_	_	_	_	_	linguistic	_	none	_	End=821.103	12x2	_	_	_
407-0	TOI014	407	407	0	e:::h	eh	_	_	_	_	_	linguistic	_	none	_	Begin=821.206|End=821.8	0x3	_	_	_
408-0	TOI014	408	408	0	appunto	appunto	_	_	_	_	_	linguistic	_	none	_	Begin=822.103	_	_	_	_
408-1	TOI014	408	408	1	sì.	sì	_	_	_	_	_	linguistic	_	none	Intonation=Falling	End=822.903	_	_	_	_
409-0	TOI014	409	409	0	anche	anche	_	_	_	_	_	linguistic	_	none	_	Begin=823.11	_	_	_	_
409-1	TOI014	409	409	1	l'	l'	_	_	_	_	_	linguistic	_	none	SpaceAfter=No	_	_	_	_	_
409-2	TOI014	409	409	2	idea	idea	_	_	_	_	_	linguistic	_	none	_	_	_	_	_	_
409-3	TOI014	409	409	3	di	di	_	_	_	_	_	linguistic	_	none	_	_	_	_	_	_
409-4	TOI014	409	409	4	prendere	prendere	_	_	_	_	_	linguistic	_	none	_	_	_	_	_	_
409-5	TOI014	409	409	5	la	la	_	_	_	_	_	linguistic	_	none	_	_	_	_	_	_
409-6	TOI014	409	409	6	bicicletta::	bicicletta	_	_	_	_	_	linguistic	_	none	_	End=825.31	9x2	_	_	_
410-0	TOI014	410	410	0	eh	eh	_	_	_	_	_	linguistic	_	none	_	Begin=825.993	_	_	_	_
410-1	TOI014	410	410	1	lo	lo	_	_	_	_	_	linguistic	_	none	_	_	_	_	_	_
410-2	TOI014	410	410	2	puoi	puoi	_	_	_	_	_	linguistic	_	none	_	_	_	_	_	_
410-3	TOI014	410	410	3	fare	fare	_	_	_	_	_	linguistic	_	none	_	_	_	_	_	_
410-4	TOI014	410	410	4	d'	d'	_	_	_	_	_	linguistic	_	none	SpaceAfter=No	_	_	_	_	_
410-5	TOI014	410	410	5	estate	estate	_	_	_	_	_	linguistic	_	none	_	End=827.593	_	_	_	_
411-0	TOI014	411	411	0	ma	ma	_	_	_	_	_	linguistic	_	none	_	Begin=827.903	_	_	_	_
411-1	TOI014	411	411	1	secondo	secondo	_	_	_	_	_	linguistic	_	none	_	_	_	_	_	_
411-2	TOI014	411	411	2	me:	me	_	_	_	_	_	linguistic	_	none	_	_	1x1	_	_	_
411-3	TOI014	411	411	3	d'	d'	_	_	_	_	_	linguistic	_	none	SpaceAfter=No	_	_	_	_	_
411-4	TOI014	411	411	4	inverno::	inverno	_	_	_	_	_	linguistic	_	none	_	_	6x2	_	_	_
411-5	TOI014	411	411	5	conviene	conviene	_	_	_	_	_	linguistic	_	none	_	_	_	_	_	_
411-6	TOI014	411	411	6	usare	usare	_	_	_	_	_	linguistic	_	none	_	_	_	_	_	_
411-7	TOI014	411	411	7	la	la	_	_	_	_	_	linguistic	_	none	_	_	_	_	_	_
411-8	TOI014	411	411	8	macchina	macchina	_	_	_	_	_	linguistic	_	none	_	_	_	_	_	_
411-9	TOI014	411	411	9	quando	quando	_	_	_	_	_	linguistic	_	none	_	_	_	_	_	_
411-10	TOI014	411	411	10	non	non	_	_	_	_	_	linguistic	_	none	_	_	_	_	_	_
411-11	TOI014	411	411	11	ci	ci	_	_	_	_	_	linguistic	_	none	_	_	_	_	_	_
411-12	TOI014	411	411	12	sono	sono	_	_	_	_	_	linguistic	_	none	_	_	_	_	_	_
411-13	TOI014	411	411	13	i	i	_	_	_	_	_	linguistic	_	none	_	_	_	_	_	_
411-14	TOI014	411	411	14	mezzi	mezzi	_	_	_	_	_	linguistic	_	none	_	End=832.103	_	_	_	_
412-0	TOR001	412	412	0	[certo]	certo	_	_	_	_	_	linguistic	_	none	PauseAfter=Yes	Begin=832.4	_	_	_	0-5(75)
412-1	TOR001	412	412	1	{P}	{P}	_	_	_	_	_	shortpause	_	none	_	_	_	_	_	_
412-2	TOR001	412	412	2	okay	okay	_	_	_	_	_	linguistic	_	none	_	End=833.489	_	_	_	_
413-0	TOI014	413	413	0	[ecco]	ecco	_	_	_	_	_	linguistic	_	none	_	Begin=832.4|End=832.71	_	_	_	0-4(75)
414-0	TOR001	414	414	0	e:hm	ehm	_	_	_	_	_	linguistic	_	none	_	Begin=834.096	0x1	_	_	_
414-1	TOR001	414	414	1	ci	ci	_	_	_	_	_	linguistic	_	none	_	_	_	_	_	_
414-2	TOR001	414	414	2	sono	sono	_	_	_	_	_	linguistic	_	none	_	_	_	_	_	_
414-3	TOR001	414	414	3	dei	dei	_	_	_	_	_	linguistic	_	none	_	_	_	_	_	_
414-4	TOR001	414	414	4	problemi	problemi	_	_	_	_	_	linguistic	_	none	_	_	_	_	_	_
414-5	TOR001	414	414	5	nella	nella	_	_	_	_	_	linguistic	_	none	_	_	_	_	_	_
414-6	TOR001	414	414	6	tua	tua	_	_	_	_	_	linguistic	_	none	_	_	_	_	_	_
414-7	TOR001	414	414	7	zona	zona	_	_	_	_	_	linguistic	_	none	_	_	_	_	_	_
414-8	TOR001	414	414	8	al	al	_	_	_	_	_	linguistic	_	none	_	_	_	_	_	_
414-9	TOR001	414	414	9	di	di	_	_	_	_	_	linguistic	_	none	_	_	_	_	_	_
414-10	TOR001	414	414	10	là	là	_	_	_	_	_	linguistic	_	none	_	_	_	_	_	_
414-11	TOR001	414	414	11	dei:	dei	_	_	_	_	_	linguistic	_	none	_	_	2x1	_	_	_
414-12	TOR001	414	414	12	mezzi?	mezzi	_	_	_	_	_	linguistic	_	none	Intonation=Rising	End=837.462	_	_	_	_
415-0	TOI014	415	415	0	m::h	mh	_	_	_	_	_	linguistic	_	none	_	Begin=838.289	0x2	_	_	_
415-1	TOI014	415	415	1	nel	nel	_	_	_	_	_	linguistic	_	none	_	_	_	_	_	_
415-2	TOI014	415	415	2	mio	mio	_	_	_	_	_	linguistic	_	none	_	_	_	_	_	_
415-3	TOI014	415	415	3	quartiere	quartiere	_	_	_	_	_	linguistic	_	none	_	_	_	_	_	_
415-4	TOI014	415	415	4	non	non	_	_	_	_	_	linguistic	_	none	_	_	_	_	_	_
415-5	TOI014	415	415	5	c'	c'	_	_	_	_	_	linguistic	_	none	SpaceAfter=No	_	_	_	_	_
415-6	TOI014	415	415	6	é	é	_	_	_	_	_	linguistic	_	none	_	_	_	_	_	_
415-7	TOI014	415	415	7	molta	molta	_	_	_	_	_	linguistic	_	none	_	_	_	_	_	_
415-8	TOI014	415	415	8	richiesta::	richiesta	_	_	_	_	_	linguistic	_	none	_	_	8x2	_	_	_
415-9	TOI014	415	415	9	a	a	_	_	_	_	_	linguistic	_	none	_	_	_	_	_	_
415-10	TOI014	415	415	10	livello	livello	_	_	_	_	_	linguistic	_	none	_	_	_	_	_	_
415-11	TOI014	415	415	11	di	di	_	_	_	_	_	linguistic	_	none	_	_	_	_	_	_
415-12	TOI014	415	415	12	occupazione	occupazione	_	_	_	_	_	linguistic	_	none	_	End=842.606	_	_	_	_
416-0	TOI014	416	416	0	[a	a	_	_	_	_	_	linguistic	_	none	_	Begin=842.696	_	_	_	0-1(76)
416-1	TOI014	416	416	1	livello	livello	_	_	_	_	_	linguistic	_	none	_	_	_	_	_	0-7(76)
416-2	TOI014	416	416	2	lav]orativo:	lavorativo	_	_	_	_	_	linguistic	_	none	PauseAfter=Yes	_	9x1	_	_	0-3(76)
416-3	TOI014	416	416	3	{P}	{P}	_	_	_	_	_	shortpause	_	none	_	_	_	_	_	_
416-4	TOI014	416	416	4	mi	mi	_	_	_	_	_	linguistic	_	none	_	_	_	_	_	_
416-5	TOI014	416	416	5	rendo	rendo	_	_	_	_	_	linguistic	_	none	_	_	_	_	_	_
416-6	TOI014	416	416	6	che:::	che	_	_	_	_	_	linguistic	_	none	_	End=845.599	2x3	_	_	_
417-0	TOR001	417	417	0	[mh	mh	_	_	_	_	_	linguistic	_	none	_	Begin=842.703	_	_	_	0-2(76)
417-1	TOR001	417	417	1	mh]	mh	_	_	_	_	_	linguistic	_	none	_	End=843.103	_	_	_	0-2(76)
418-0	TOI014	418	418	0	i	i	_	_	_	_	_	linguistic	_	none	_	Begin=845.599	_	_	_	_
418-1	TOI014	418	418	1	pochi	pochi	_	_	_	_	_	linguistic	_	none	_	_	_	_	_	_
418-2	TOI014	418	418	2	negozi	negozi	_	_	_	_	_	linguistic	_	none	_	_	_	_	_	_
418-3	TOI014	418	418	3	che	che	_	_	_	_	_	linguistic	_	none	_	_	_	_	_	_
418-4	TOI014	418	418	4	ci	ci	_	_	_	_	_	linguistic	_	none	_	_	_	_	_	_
418-5	TOI014	418	418	5	sono	sono	_	_	_	_	_	linguistic	_	none	_	_	_	_	_	_
418-6	TOI014	418	418	6	vanno	vanno	_	_	_	_	_	linguistic	_	none	_	_	_	_	_	_
418-7	TOI014	418	418	7	avanti	avanti	_	_	_	_	_	linguistic	_	none	_	_	_	_	_	_
418-8	TOI014	418	418	8	con	con	_	_	_	_	_	linguistic	_	none	_	_	_	_	_	_
418-9	TOI014	418	418	9	lo	lo	_	_	_	_	_	linguistic	_	none	_	_	_	_	_	_
418-10	TOI014	418	418	10	stesso	stesso	_	_	_	_	_	linguistic	_	none	_	_	_	_	_	_
418-11	TOI014	418	418	11	personale	personale	_	_	_	_	_	linguistic	_	none	_	_	_	_	_	_
418-12	TOI014	418	418	12	da	da	_	_	_	_	_	linguistic	_	none	_	_	_	_	_	_
418-13	TOI014	418	418	13	molti	molti	_	_	_	_	_	linguistic	_	none	_	_	_	_	_	_
418-14	TOI014	418	418	14	anni	anni	_	_	_	_	_	linguistic	_	none	_	_	_	_	_	_
418-15	TOI014	418	418	15	sono	sono	_	_	_	_	_	linguistic	_	none	_	_	_	_	_	_
418-16	TOI014	418	418	16	molto::	molto	_	_	_	_	_	linguistic	_	none	_	End=850.144	4x2	_	_	_
419-0	TOI014	419	419	0	delle	delle	_	_	_	_	_	linguistic	_	none	_	Begin=850.889	_	_	_	_
419-1	TOI014	419	419	1	realtà::	realtà	_	_	_	_	_	linguistic	_	none	_	End=852.041	5x2	_	_	_
420-0	TOI014	420	420	0	m:h	mh	_	_	_	_	_	linguistic	_	none	_	Begin=852.71	0x1	_	_	_
420-1	TOI014	420	420	1	per	per	_	_	_	_	_	linguistic	_	none	_	_	_	_	_	_
420-2	TOI014	420	420	2	poche	poche	_	_	_	_	_	linguistic	_	none	_	_	_	_	_	_
420-3	TOI014	420	420	3	persone	persone	_	_	_	_	_	linguistic	_	none	_	_	_	_	_	_
420-4	TOI014	420	420	4	ecco	ecco	_	_	_	_	_	linguistic	_	none	_	_	_	_	_	_
420-5	TOI014	420	420	5	magari	magari	_	_	_	_	_	linguistic	_	none	_	_	_	_	_	_
420-6	TOI014	420	420	6	il	il	_	_	_	_	_	linguistic	_	none	_	_	_	_	_	_
420-7	TOI014	420	420	7	negozio	negozio	_	_	_	_	_	linguistic	_	none	_	_	_	_	_	_
420-8	TOI014	420	420	8	d'	d'	_	_	_	_	_	linguistic	_	none	SpaceAfter=No	_	_	_	_	_
420-9	TOI014	420	420	9	abbigliamento	abbigliamento	_	_	_	_	_	linguistic	_	none	_	_	_	_	_	_
420-10	TOI014	420	420	10	dove	dove	_	_	_	_	_	linguistic	_	none	_	_	_	_	_	_
420-11	TOI014	420	420	11	ci	ci	_	_	_	_	_	linguistic	_	none	_	_	_	_	_	_
420-12	TOI014	420	420	12	sono::	sono	_	_	_	_	_	linguistic	_	none	_	End=856.406	3x2	_	_	_
421-0	TOI014	421	421	0	due	due	_	_	_	_	_	linguistic	_	none	_	Begin=856.703	_	_	_	_
421-1	TOI014	421	421	1	commessi	commessi	_	_	_	_	_	linguistic	_	none	_	_	_	_	_	_
421-2	TOI014	421	421	2	sono	sono	_	_	_	_	_	linguistic	_	none	_	_	_	_	_	_
421-3	TOI014	421	421	3	gli	gli	_	_	_	_	_	linguistic	_	none	_	_	_	_	_	_
421-4	TOI014	421	421	4	stessi	stessi	_	_	_	_	_	linguistic	_	none	_	End=858.455	_	_	_	_
422-0	TOR001	422	422	0	mh	mh	_	_	_	_	_	linguistic	_	none	_	Begin=858.6	_	_	_	_
422-1	TOR001	422	422	1	mh	mh	_	_	_	_	_	linguistic	_	none	_	End=859.096	_	_	_	_
423-0	TOI014	423	423	0	o:::	o	_	_	_	_	_	linguistic	_	none	_	Begin=859.172|End=860.103	0x3	_	_	_
424-0	TOI014	424	424	0	o	o	_	_	_	_	_	linguistic	_	none	_	Begin=861.103	_	_	_	_
424-1	TOI014	424	424	1	altri	altri	_	_	_	_	_	linguistic	_	none	_	_	_	_	_	_
424-2	TOI014	424	424	2	tipi	tipi	_	_	_	_	_	linguistic	_	none	_	_	_	_	_	_
424-3	TOI014	424	424	3	di	di	_	_	_	_	_	linguistic	_	none	_	_	_	_	_	_
424-4	TOI014	424	424	4	negozi	negozi	_	_	_	_	_	linguistic	_	none	_	_	_	_	_	_
424-5	TOI014	424	424	5	che	che	_	_	_	_	_	linguistic	_	none	_	_	_	_	_	_
424-6	TOI014	424	424	6	non	non	_	_	_	_	_	linguistic	_	none	_	_	_	_	_	_
424-7	TOI014	424	424	7	sian	sian	_	_	_	_	_	linguistic	_	none	_	_	_	_	_	_
424-8	TOI014	424	424	8	semplicemente	semplicemente	_	_	_	_	_	linguistic	_	none	_	_	_	_	_	_
424-9	TOI014	424	424	9	negozi	negozi	_	_	_	_	_	linguistic	_	none	_	_	_	_	_	_
424-10	TOI014	424	424	10	di	di	_	_	_	_	_	linguistic	_	none	_	_	_	_	_	_
424-11	TOI014	424	424	11	abbiggliamento	abbiggliamento	_	_	_	_	_	linguistic	_	none	_	_	_	_	_	_
424-12	TOI014	424	424	12	e	e	_	_	_	_	_	linguistic	_	none	_	_	_	_	_	_
424-13	TOI014	424	424	13	s~	s~	_	_	_	_	_	linguistic	_	none	Interrupted=Yes	_	_	_	_	_
424-14	TOI014	424	424	14	gira	gira	_	_	_	_	_	linguistic	_	none	_	_	_	_	_	_
424-15	TOI014	424	424	15	sempre	sempre	_	_	_	_	_	linguistic	_	none	_	_	_	_	_	_
424-16	TOI014	424	424	16	intorno	intorno	_	_	_	_	_	linguistic	_	none	_	_	_	_	_	_
424-17	TOI014	424	424	17	a:::	a	_	_	_	_	_	linguistic	_	none	_	End=866.6	0x3	_	_	_
425-0	TOI014	425	425	0	alle	alle	_	_	_	_	_	linguistic	_	none	_	Begin=867.096	_	_	_	_
425-1	TOI014	425	425	1	stesse	stesse	_	_	_	_	_	linguistic	_	none	_	_	_	_	_	_
425-2	TOI014	425	425	2	per[sone	persone	_	_	_	_	_	linguistic	_	none	_	_	_	_	_	3-7(77)
425-3	TOI014	425	425	3	ecco]	ecco	_	_	_	_	_	linguistic	_	none	_	End=868.406	_	_	_	0-4(77)
426-0	TOR001	426	426	0	[alle	alle	_	_	_	_	_	linguistic	_	none	_	Begin=867.703	_	_	_	0-4(77)
426-1	TOR001	426	426	1	stesse	stesse	_	_	_	_	_	linguistic	_	none	_	_	_	_	_	0-6(77)
426-2	TOR001	426	426	2	perso]ne	persone	_	_	_	_	_	linguistic	_	none	_	_	_	_	_	0-5(77)
426-3	TOR001	426	426	3	okay	okay	_	_	_	_	_	linguistic	_	none	_	End=869.0	_	_	_	_
427-0	TOR001	427	427	0	quindi	quindi	_	_	_	_	_	linguistic	_	none	_	Begin=869.11	_	_	_	_
427-1	TOR001	427	427	1	tu	tu	_	_	_	_	_	linguistic	_	none	_	_	_	_	_	_
427-2	TOR001	427	427	2	comunque	comunque	_	_	_	_	_	linguistic	_	none	PauseAfter=Yes	_	_	_	_	_
427-3	TOR001	427	427	3	{P}	{P}	_	_	_	_	_	shortpause	_	none	_	_	_	_	_	_
427-4	TOR001	427	427	4	cercando	cercando	_	_	_	_	_	linguistic	_	none	_	_	_	_	_	_
427-5	TOR001	427	427	5	lavoro	lavoro	_	_	_	_	_	linguistic	_	none	_	_	_	_	_	_
427-6	TOR001	427	427	6	ti	ti	_	_	_	_	_	linguistic	_	none	_	_	_	_	_	_
427-7	TOR001	427	427	7	sposti	sposti	_	_	_	_	_	linguistic	_	none	_	_	_	_	_	_
427-8	TOR001	427	427	8	verso	verso	_	_	_	_	_	linguistic	_	none	_	_	_	_	_	_
427-9	TOR001	427	427	9	il	il	_	_	_	_	_	linguistic	_	none	_	_	_	_	_	_
427-10	TOR001	427	427	10	cen[tro]	centro	_	_	_	_	_	linguistic	_	none	_	End=872.4	_	_	_	3-6(78)
428-0	TOI014	428	428	0	[sì]	sì	_	_	_	_	_	linguistic	_	none	_	Begin=872.206	_	_	_	0-2(78)
428-1	TOI014	428	428	1	io	io	_	_	_	_	_	linguistic	_	none	_	_	_	_	_	_
428-2	TOI014	428	428	2	cercando	cercando	_	_	_	_	_	linguistic	_	none	_	_	_	_	_	_
428-3	TOI014	428	428	3	lavoro::	lavoro	_	_	_	_	_	linguistic	_	none	_	End=874.0	5x2	_	_	_
429-0	TOI014	429	429	0	in	in	_	_	_	_	_	linguistic	_	none	_	Begin=874.4	_	_	_	_
429-1	TOI014	429	429	1	realtà	realtà	_	_	_	_	_	linguistic	_	none	_	_	_	_	_	_
429-2	TOI014	429	429	2	guardo:::	guardo	_	_	_	_	_	linguistic	_	none	_	_	5x3	_	_	_
429-3	TOI014	429	429	3	in	in	_	_	_	_	_	linguistic	_	none	_	_	_	_	_	_
429-4	TOI014	429	429	4	tutta	tutta	_	_	_	_	_	linguistic	_	none	_	_	_	_	_	_
429-5	TOI014	429	429	5	la	la	_	_	_	_	_	linguistic	_	none	_	_	_	_	_	_
429-6	TOI014	429	429	6	città	città	_	_	_	_	_	linguistic	_	none	_	End=877.0	_	_	_	_
430-0	TOR001	430	430	0	mh	mh	_	_	_	_	_	linguistic	_	none	_	Begin=877.055	_	_	_	_
430-1	TOR001	430	430	1	mh	mh	_	_	_	_	_	linguistic	_	none	_	End=877.413	_	_	_	_
431-0	TOI014	431	431	0	cerco	cerco	_	_	_	_	_	linguistic	_	none	_	Begin=877.703	_	_	_	_
431-1	TOI014	431	431	1	di::	di	_	_	_	_	_	linguistic	_	none	_	_	1x2	_	_	_
431-2	TOI014	431	431	2	non	non	_	_	_	_	_	linguistic	_	none	_	_	_	_	_	_
431-3	TOI014	431	431	3	ho	ho	_	_	_	_	_	linguistic	_	none	_	_	_	_	_	_
431-4	TOI014	431	431	4	delle	delle	_	_	_	_	_	linguistic	_	none	_	_	_	_	_	_
431-5	TOI014	431	431	5	preferenze	preferenze	_	_	_	_	_	linguistic	_	none	_	_	_	_	_	_
431-6	TOI014	431	431	6	semplicemente:::	semplicemente	_	_	_	_	_	linguistic	_	none	_	End=881.048	12x3	_	_	_
432-0	TOI014	432	432	0	spero	spero	_	_	_	_	_	linguistic	_	none	_	Begin=881.903	_	_	_	_
432-1	TOI014	432	432	1	non	non	_	_	_	_	_	linguistic	_	none	_	_	_	_	_	_
432-2	TOI014	432	432	2	sia::	sia	_	_	_	_	_	linguistic	_	none	_	_	2x2	_	_	_
432-3	TOI014	432	432	3	troppo	troppo	_	_	_	_	_	linguistic	_	none	_	_	_	_	_	_
432-4	TOI014	432	432	4	lontano	lontano	_	_	_	_	_	linguistic	_	none	_	_	_	_	_	_
432-5	TOI014	432	432	5	{ride}	{ride}	_	_	_	_	_	nonverbalbehavior	_	none	_	End=884.597	_	_	_	_
433-0	TOR001	433	433	0	o	o	_	_	_	_	_	linguistic	_	none	_	Begin=884.597	_	_	_	_
433-1	TOR001	433	433	1	almento	almento	_	_	_	_	_	linguistic	_	none	_	_	_	_	_	_
433-2	TOR001	433	433	2	raggiungibile	raggiungibile	_	_	_	_	_	linguistic	_	none	_	_	_	_	_	_
433-3	TOR001	433	433	3	{ride}	{ride}	_	_	_	_	_	nonverbalbehavior	_	none	_	End=886.431	_	_	_	_
434-0	TOI014	434	434	0	o	o	_	_	_	_	_	linguistic	_	none	_	Begin=885.503	_	_	_	_
434-1	TOI014	434	434	1	almeno	almeno	_	_	_	_	_	linguistic	_	none	_	_	_	_	_	_
434-2	TOI014	434	434	2	raggiungile	raggiungile	_	_	_	_	_	linguistic	_	none	_	_	_	_	_	_
434-3	TOI014	434	434	3	ec[co]	ecco	_	_	_	_	_	linguistic	_	none	_	End=886.917	_	_	_	2-4(80)
435-0	TOR001	435	435	0	[certo]	certo	_	_	_	_	_	linguistic	_	none	_	Begin=886.806|End=887.2	_	_	_	0-5(?)
436-0	TOI014	436	436	0	[però]::	però	_	_	_	_	_	linguistic	_	none	_	Begin=886.917	3x2	_	_	0-4(81)
436-1	TOI014	436	436	1	mh	mh	_	_	_	_	_	linguistic	_	none	_	_	_	_	_	_
436-2	TOI014	436	436	2	è	è	_	_	_	_	_	linguistic	_	none	_	_	_	_	_	_
436-3	TOI014	436	436	3	indifferente	indifferente	_	_	_	_	_	linguistic	_	none	_	End=888.606	_	_	_	_
437-0	TOR001	437	437	0	okay	okay	_	_	_	_	_	linguistic	_	none	PauseAfter=Yes	Begin=889.006	_	_	_	_
437-1	TOR001	437	437	1	{P}	{P}	_	_	_	_	_	shortpause	_	none	_	_	_	_	_	_
437-2	TOR001	437	437	2	e::m:h	emh	_	_	_	_	_	linguistic	_	none	_	_	0x2,1x1	_	_	_
437-3	TOR001	437	437	3	in	in	_	_	_	_	_	linguistic	_	none	_	_	_	_	_	_
437-4	TOR001	437	437	4	cosa	cosa	_	_	_	_	_	linguistic	_	none	_	_	_	_	_	_
437-5	TOR001	437	437	5	miglioreresti	miglioreresti	_	_	_	_	_	linguistic	_	none	_	_	_	_	_	_
437-6	TOR001	437	437	6	la	la	_	_	_	_	_	linguistic	_	none	_	_	_	_	_	_
437-7	TOR001	437	437	7	tua	tua	_	_	_	_	_	linguistic	_	none	_	_	_	_	_	_
437-8	TOR001	437	437	8	zona?	zona	_	_	_	_	_	linguistic	_	none	Intonation=Rising	End=892.51	_	_	_	_
438-0	TOI014	438	438	0	m:::h	mh	_	_	_	_	_	linguistic	_	none	_	Begin=893.496	0x3	_	_	_
438-1	TOI014	438	438	1	avessi	avessi	_	_	_	_	_	linguistic	_	none	_	_	_	_	_	_
438-2	TOI014	438	438	2	la	la	_	_	_	_	_	linguistic	_	none	_	_	_	_	_	_
438-3	TOI014	438	438	3	possibilità	possibilità	_	_	_	_	_	linguistic	_	none	_	_	_	_	_	_
438-4	TOI014	438	438	4	creerei	creerei	_	_	_	_	_	linguistic	_	none	_	_	_	_	_	_
438-5	TOI014	438	438	5	un	un	_	_	_	_	_	linguistic	_	none	_	_	_	_	_	_
438-6	TOI014	438	438	6	collegamento	collegamento	_	_	_	_	_	linguistic	_	none	_	_	_	_	_	_
438-7	TOI014	438	438	7	con	con	_	_	_	_	_	linguistic	_	none	_	_	_	_	_	_
438-8	TOI014	438	438	8	la	la	_	_	_	_	_	linguistic	_	none	_	_	_	_	_	_
438-9	TOI014	438	438	9	metropolitana	metropolitana	_	_	_	_	_	linguistic	_	none	_	End=898.013	_	_	_	_
439-0	TOR001	439	439	0	mh	mh	_	_	_	_	_	linguistic	_	none	_	Begin=898.206	_	_	_	_
439-1	TOR001	439	439	1	mh	mh	_	_	_	_	_	linguistic	_	none	_	End=898.634	_	_	_	_
440-0	TOI014	440	440	0	perché::	perché	_	_	_	_	_	linguistic	_	none	_	Begin=898.634	5x2	_	_	_
440-1	TOI014	440	440	1	tutta	tutta	_	_	_	_	_	linguistic	_	none	_	_	_	_	_	_
440-2	TOI014	440	440	2	la	la	_	_	_	_	_	linguistic	_	none	_	_	_	_	_	_
440-3	TOI014	440	440	3	circoscrizione::	circoscrizione	_	_	_	_	_	linguistic	_	none	_	End=901.406	13x2	_	_	_
441-0	TOI014	441	441	0	ne	ne	_	_	_	_	_	linguistic	_	none	_	Begin=901.406	_	_	_	_
441-1	TOI014	441	441	1	sente	sente	_	_	_	_	_	linguistic	_	none	_	_	_	_	_	_
441-2	TOI014	441	441	2	il	il	_	_	_	_	_	linguistic	_	none	_	_	_	_	_	_
441-3	TOI014	441	441	3	bisogno	bisogno	_	_	_	_	_	linguistic	_	none	_	_	_	_	_	_
441-4	TOI014	441	441	4	ap[punto]	appunto	_	_	_	_	_	linguistic	_	none	PauseAfter=Yes	_	_	_	_	2-7(82)
441-5	TOI014	441	441	5	{P}	{P}	_	_	_	_	_	shortpause	_	none	_	_	_	_	_	_
441-6	TOI014	441	441	6	perché	perché	_	_	_	_	_	linguistic	_	none	_	_	_	_	_	_
441-7	TOI014	441	441	7	mirafiori::	mirafiori	_	_	_	_	_	linguistic	_	none	_	End=904.117	8x2	_	_	_
442-0	TOR001	442	442	0	[eh	eh	_	_	_	_	_	linguistic	_	none	_	Begin=902.413	_	_	_	0-2(82)
442-1	TOR001	442	442	1	sì]	sì	_	_	_	_	_	linguistic	_	none	_	End=902.779	_	_	_	0-2(82)
443-0	TOI014	443	443	0	é::	é	_	_	_	_	_	linguistic	_	none	_	Begin=904.503	0x2	_	_	_
443-1	TOI014	443	443	1	un	un	_	_	_	_	_	linguistic	_	none	_	_	_	_	_	_
443-2	TOI014	443	443	2	quartiere:::	quartiere	_	_	_	_	_	linguistic	_	none	_	End=905.779	8x3	_	_	_
444-0	TOI014	444	444	0	molto	molto	_	_	_	_	_	linguistic	_	none	_	Begin=905.91	_	_	_	_
444-1	TOI014	444	444	1	abitato	abitato	_	_	_	_	_	linguistic	_	none	_	_	_	_	_	_
444-2	TOI014	444	444	2	e	e	_	_	_	_	_	linguistic	_	none	_	_	_	_	_	_
444-3	TOI014	444	444	3	tutte	tutte	_	_	_	_	_	linguistic	_	none	_	_	_	_	_	_
444-4	TOI014	444	444	4	quelle	quelle	_	_	_	_	_	linguistic	_	none	_	_	_	_	_	_
444-5	TOI014	444	444	5	persone::	persone	_	_	_	_	_	linguistic	_	none	_	_	6x2	_	_	_
444-6	TOI014	444	444	6	dovrebbero	dovrebbero	_	_	_	_	_	linguistic	_	none	_	_	_	_	_	_
444-7	TOI014	444	444	7	avere	avere	_	_	_	_	_	linguistic	_	none	_	_	_	_	_	_
444-8	TOI014	444	444	8	la	la	_	_	_	_	_	linguistic	_	none	_	_	_	_	_	_
444-9	TOI014	444	444	9	possibiltà	possibiltà	_	_	_	_	_	linguistic	_	none	_	_	_	_	_	_
444-10	TOI014	444	444	10	che	che	_	_	_	_	_	linguistic	_	none	_	_	_	_	_	_
444-11	TOI014	444	444	11	hanno:	hanno	_	_	_	_	_	linguistic	_	none	_	_	4x1	_	_	_
444-12	TOI014	444	444	12	le	le	_	_	_	_	_	linguistic	_	none	_	_	_	_	_	_
444-13	TOI014	444	444	13	persone	persone	_	_	_	_	_	linguistic	_	none	_	_	_	_	_	_
444-14	TOI014	444	444	14	negli	negli	_	_	_	_	_	linguistic	_	none	_	_	_	_	_	_
444-15	TOI014	444	444	15	altri	altri	_	_	_	_	_	linguistic	_	none	_	_	_	_	_	_
444-16	TOI014	444	444	16	quartieri	quartieri	_	_	_	_	_	linguistic	_	none	_	_	_	_	_	_
444-17	TOI014	444	444	17	ecco	ecco	_	_	_	_	_	linguistic	_	none	_	End=912.275	_	_	_	_
445-0	TOR001	445	445	0	mh	mh	_	_	_	_	_	linguistic	_	none	_	Begin=912.275	_	_	_	_
445-1	TOR001	445	445	1	mh	mh	_	_	_	_	_	linguistic	_	none	_	_	_	_	_	_
445-2	TOR001	445	445	2	mh	mh	_	_	_	_	_	linguistic	_	none	_	_	_	_	_	_
445-3	TOR001	445	445	3	mh	mh	_	_	_	_	_	linguistic	_	none	_	_	_	_	_	_
445-4	TOR001	445	445	4	eh	eh	_	_	_	_	_	linguistic	_	none	_	_	_	_	_	_
445-5	TOR001	445	445	5	sì	sì	_	_	_	_	_	linguistic	_	none	_	End=913.517	_	_	_	_
446-0	TOR001	446	446	0	e	e	_	_	_	_	_	linguistic	_	none	_	Begin=913.91	_	_	_	_
446-1	TOR001	446	446	1	poi	poi	_	_	_	_	_	linguistic	_	none	_	_	_	_	_	_
446-2	TOR001	446	446	2	torino	torino	_	_	_	_	_	linguistic	_	none	_	_	_	_	_	_
446-3	TOR001	446	446	3	comunque	comunque	_	_	_	_	_	linguistic	_	none	_	_	_	_	_	_
446-4	TOR001	446	446	4	solo	solo	_	_	_	_	_	linguistic	_	none	_	_	_	_	_	_
446-5	TOR001	446	446	5	con	con	_	_	_	_	_	linguistic	_	none	_	_	_	_	_	_
446-6	TOR001	446	446	6	una	una	_	_	_	_	_	linguistic	_	none	_	_	_	_	_	_
446-7	TOR001	446	446	7	linea:	linea	_	_	_	_	_	linguistic	_	none	_	_	4x1	_	_	_
446-8	TOR001	446	446	8	ci	ci	_	_	_	_	_	linguistic	_	none	_	_	_	_	_	_
446-9	TOR001	446	446	9	so[no	sono	_	_	_	_	_	linguistic	_	none	_	_	_	_	_	2-4(84)
446-10	TOR001	446	446	10	un	un	_	_	_	_	_	linguistic	_	none	_	_	_	_	_	0-2(84)
446-11	TOR001	446	446	11	sacco	sacco	_	_	_	_	_	linguistic	_	none	_	_	_	_	_	0-5(84)
446-12	TOR001	446	446	12	di]:	di	_	_	_	_	_	linguistic	_	none	_	_	1x1	_	_	0-2(84)
446-13	TOR001	446	446	13	di	di	_	_	_	_	_	linguistic	_	none	_	_	_	_	_	_
446-14	TOR001	446	446	14	aree	aree	_	_	_	_	_	linguistic	_	none	_	_	_	_	_	_
446-15	TOR001	446	446	15	sco[perte]	scoperte	_	_	_	_	_	linguistic	_	none	_	End=918.195	_	_	_	3-8(83)
447-0	TOI014	447	447	0	[esatto]	esatto	_	_	_	_	_	linguistic	_	none	_	Begin=915.951|End=916.503	_	_	_	0-6(84)
448-0	TOI014	448	448	0	[la	la	_	_	_	_	_	linguistic	_	none	_	Begin=917.42	_	_	_	0-2(83)
448-1	TOI014	448	448	1	città]:	città	_	_	_	_	_	linguistic	_	none	_	_	4x1	_	_	0-5(83)
448-2	TOI014	448	448	2	é	é	_	_	_	_	_	linguistic	_	none	_	_	_	_	_	_
448-3	TOI014	448	448	3	molto	molto	_	_	_	_	_	linguistic	_	none	_	_	_	_	_	_
448-4	TOI014	448	448	4	scoperta	scoperta	_	_	_	_	_	linguistic	_	none	_	End=918.903	_	_	_	_
449-0	TOR001	449	449	0	eh	eh	_	_	_	_	_	linguistic	_	none	_	Begin=918.903	_	_	_	_
449-1	TOR001	449	449	1	sì	sì	_	_	_	_	_	linguistic	_	none	_	End=919.413	_	_	_	_
450-0	TOR001	450	450	0	m::::h	mh	_	_	_	_	_	linguistic	_	none	_	Begin=920.703	0x4	_	_	_
450-1	TOR001	450	450	1	trovi	trovi	_	_	_	_	_	linguistic	_	none	_	_	_	_	_	_
450-2	TOR001	450	450	2	tutto	tutto	_	_	_	_	_	linguistic	_	none	_	_	_	_	_	_
450-3	TOR001	450	450	3	nel	nel	_	_	_	_	_	linguistic	_	none	_	_	_	_	_	_
450-4	TOR001	450	450	4	tuo	tuo	_	_	_	_	_	linguistic	_	none	_	_	_	_	_	_
450-5	TOR001	450	450	5	quartiere	quartiere	_	_	_	_	_	linguistic	_	none	_	_	_	_	_	_
450-6	TOR001	450	450	6	o	o	_	_	_	_	_	linguistic	_	none	_	_	_	_	_	_
450-7	TOR001	450	450	7	sei	sei	_	_	_	_	_	linguistic	_	none	_	_	_	_	_	_
450-8	TOR001	450	450	8	t~	t~	_	_	_	_	_	linguistic	_	none	Interrupted=Yes	_	_	_	_	_
450-9	TOR001	450	450	9	costretto	costretto	_	_	_	_	_	linguistic	_	none	_	_	_	_	_	_
450-10	TOR001	450	450	10	a	a	_	_	_	_	_	linguistic	_	none	_	_	_	_	_	_
450-11	TOR001	450	450	11	spostarti	spostarti	_	_	_	_	_	linguistic	_	none	_	_	_	_	_	_
450-12	TOR001	450	450	12	spesso?	spesso	_	_	_	_	_	linguistic	_	none	Intonation=Rising	End=925.02	_	_	_	_
451-0	TOI014	451	451	0	e::h	eh	_	_	_	_	_	linguistic	_	none	_	Begin=925.206	0x2	_	_	_
451-1	TOI014	451	451	1	mi	mi	_	_	_	_	_	linguistic	_	none	_	_	_	_	_	_
451-2	TOI014	451	451	2	sento	sento	_	_	_	_	_	linguistic	_	none	_	_	_	_	_	_
451-3	TOI014	451	451	3	costretto	costretto	_	_	_	_	_	linguistic	_	none	_	_	_	_	_	_
451-4	TOI014	451	451	4	a	a	_	_	_	_	_	linguistic	_	none	_	_	_	_	_	_
451-5	TOI014	451	451	5	spostarmi	spostarmi	_	_	_	_	_	linguistic	_	none	_	_	_	_	_	_
451-6	TOI014	451	451	6	spesso	spesso	_	_	_	_	_	linguistic	_	none	_	End=927.475	_	_	_	_
452-0	TOR001	452	452	0	okay	okay	_	_	_	_	_	linguistic	_	none	_	Begin=927.6|End=928.02	_	_	_	_
453-0	TOI014	453	453	0	e:::m:h	emh	_	_	_	_	_	linguistic	_	none	PauseAfter=Yes	Begin=928.606	0x3,1x1	_	_	_
453-1	TOI014	453	453	1	{P}	{P}	_	_	_	_	_	shortpause	_	none	_	_	_	_	_	_
453-2	TOI014	453	453	2	sempre::::	sempre	_	_	_	_	_	linguistic	_	none	_	_	5x4	_	_	_
453-3	TOI014	453	453	3	in	in	_	_	_	_	_	linguistic	_	none	_	_	_	_	_	_
453-4	TOI014	453	453	4	centro	centro	_	_	_	_	_	linguistic	_	none	_	_	_	_	_	_
453-5	TOI014	453	453	5	ma	ma	_	_	_	_	_	linguistic	_	none	_	_	_	_	_	_
453-6	TOI014	453	453	6	anche	anche	_	_	_	_	_	linguistic	_	none	_	_	_	_	_	_
453-7	TOI014	453	453	7	solo	solo	_	_	_	_	_	linguistic	_	none	_	_	_	_	_	_
453-8	TOI014	453	453	8	quello	quello	_	_	_	_	_	linguistic	_	none	_	_	_	_	_	_
453-9	TOI014	453	453	9	che	che	_	_	_	_	_	linguistic	_	none	_	_	_	_	_	_
453-10	TOI014	453	453	10	é	é	_	_	_	_	_	linguistic	_	none	_	_	_	_	_	_
453-11	TOI014	453	453	11	bersi	bersi	_	_	_	_	_	linguistic	_	none	_	_	_	_	_	_
453-12	TOI014	453	453	12	una	una	_	_	_	_	_	linguistic	_	none	_	_	_	_	_	_
453-13	TOI014	453	453	13	birra::	birra	_	_	_	_	_	linguistic	_	none	_	End=933.206	4x2	_	_	_
454-0	TOI014	454	454	0	m:::h	mh	_	_	_	_	_	linguistic	_	none	_	Begin=933.703	0x3	_	_	_
454-1	TOI014	454	454	1	sono	sono	_	_	_	_	_	linguistic	_	none	_	_	_	_	_	_
454-2	TOI014	454	454	2	costretto	costretto	_	_	_	_	_	linguistic	_	none	_	_	_	_	_	_
454-3	TOI014	454	454	3	a	a	_	_	_	_	_	linguistic	_	none	_	_	_	_	_	_
454-4	TOI014	454	454	4	dover	dover	_	_	_	_	_	linguistic	_	none	_	_	_	_	_	_
454-5	TOI014	454	454	5	andare	andare	_	_	_	_	_	linguistic	_	none	_	_	_	_	_	_
454-6	TOI014	454	454	6	in	in	_	_	_	_	_	linguistic	_	none	_	_	_	_	_	_
454-7	TOI014	454	454	7	san	san	_	_	_	_	_	linguistic	_	none	_	_	_	_	_	_
454-8	TOI014	454	454	8	salvario	salvario	_	_	_	_	_	linguistic	_	none	_	_	_	_	_	_
454-9	TOI014	454	454	9	ai	ai	_	_	_	_	_	linguistic	_	none	_	_	_	_	_	_
454-10	TOI014	454	454	10	murazzi	murazzi	_	_	_	_	_	linguistic	_	none	_	End=937.62	_	_	_	_
455-0	TOR001	455	455	0	mh	mh	_	_	_	_	_	linguistic	_	none	_	Begin=937.813	_	_	_	_
455-1	TOR001	455	455	1	mh	mh	_	_	_	_	_	linguistic	_	none	_	End=938.22	_	_	_	_
456-0	TOI014	456	456	0	verso	verso	_	_	_	_	_	linguistic	_	none	_	Begin=938.434	_	_	_	_
456-1	TOI014	456	456	1	piazza	piazza	_	_	_	_	_	linguistic	_	none	_	_	_	_	_	_
456-2	TOI014	456	456	2	vittorio::	vittorio	_	_	_	_	_	linguistic	_	none	_	_	7x2	_	_	_
456-3	TOI014	456	456	3	tutto	tutto	_	_	_	_	_	linguistic	_	none	_	_	_	_	_	_
456-4	TOI014	456	456	4	quello	quello	_	_	_	_	_	linguistic	_	none	_	_	_	_	_	_
456-5	TOI014	456	456	5	che	che	_	_	_	_	_	linguistic	_	none	_	_	_	_	_	_
456-6	TOI014	456	456	6	é	é	_	_	_	_	_	linguistic	_	none	_	_	_	_	_	_
456-7	TOI014	456	456	7	il	il	_	_	_	_	_	linguistic	_	none	_	_	_	_	_	_
456-8	TOI014	456	456	8	centro	centro	_	_	_	_	_	linguistic	_	none	PauseAfter=Yes	_	_	_	_	_
456-9	TOI014	456	456	9	{P}	{P}	_	_	_	_	_	shortpause	_	none	_	_	_	_	_	_
456-10	TOI014	456	456	10	e	e	_	_	_	_	_	linguistic	_	none	_	_	_	_	_	_
456-11	TOI014	456	456	11	dintorni	dintorni	_	_	_	_	_	linguistic	_	none	_	_	_	_	_	_
456-12	TOI014	456	456	12	anche	anche	_	_	_	_	_	linguistic	_	none	_	_	_	_	_	_
456-13	TOI014	456	456	13	in	in	_	_	_	_	_	linguistic	_	none	_	_	_	_	_	_
456-14	TOI014	456	456	14	vanchiglia	vanchiglia	_	_	_	_	_	linguistic	_	none	_	End=942.579	_	_	_	_
457-0	TOR001	457	457	0	ok[ay]	okay	_	_	_	_	_	linguistic	_	none	_	Begin=942.91|End=943.303	_	_	_	2-4(85)
458-0	TOI014	458	458	0	[che]:::::	che	_	_	_	_	_	linguistic	_	none	_	Begin=943.069|End=944.0	2x5	_	_	0-3(85)
459-0	TOI014	459	459	0	ad	ad	_	_	_	_	_	linguistic	_	none	_	Begin=944.018	_	_	_	_
459-1	TOI014	459	459	1	esempio	esempio	_	_	_	_	_	linguistic	_	none	_	_	_	_	_	_
459-2	TOI014	459	459	2	per	per	_	_	_	_	_	linguistic	_	none	_	_	_	_	_	_
459-3	TOI014	459	459	3	andare	andare	_	_	_	_	_	linguistic	_	none	_	_	_	_	_	_
459-4	TOI014	459	459	4	in	in	_	_	_	_	_	linguistic	_	none	_	_	_	_	_	_
459-5	TOI014	459	459	5	vanchiglia	vanchiglia	_	_	_	_	_	linguistic	_	none	_	_	_	_	_	_
459-6	TOI014	459	459	6	con	con	_	_	_	_	_	linguistic	_	none	_	_	_	_	_	_
459-7	TOI014	459	459	7	i	i	_	_	_	_	_	linguistic	_	none	_	_	_	_	_	_
459-8	TOI014	459	459	8	mezzi	mezzi	_	_	_	_	_	linguistic	_	none	_	_	_	_	_	_
459-9	TOI014	459	459	9	io	io	_	_	_	_	_	linguistic	_	none	_	_	_	_	_	_
459-10	TOI014	459	459	10	ci	ci	_	_	_	_	_	linguistic	_	none	_	_	_	_	_	_
459-11	TOI014	459	459	11	metto	metto	_	_	_	_	_	linguistic	_	none	_	_	_	_	_	_
459-12	TOI014	459	459	12	un'	un'	_	_	_	_	_	linguistic	_	none	SpaceAfter=No	_	_	_	_	_
459-13	TOI014	459	459	13	ora	ora	_	_	_	_	_	linguistic	_	none	PauseAfter=Yes	_	_	_	_	_
459-14	TOI014	459	459	14	{P}	{P}	_	_	_	_	_	shortpause	_	none	_	_	_	_	_	_
459-15	TOI014	459	459	15	da	da	_	_	_	_	_	linguistic	_	none	_	_	_	_	_	_
459-16	TOI014	459	459	16	casa	casa	_	_	_	_	_	linguistic	_	none	_	_	_	_	_	_
459-17	TOI014	459	459	17	mia	mia	_	_	_	_	_	linguistic	_	none	_	End=947.703	_	_	_	_
460-0	TOR001	460	460	0	madonna	madonna	_	_	_	_	_	linguistic	_	none	_	Begin=947.703|End=948.338	_	_	_	_
461-0	TOR002	461	461	0	eh	eh	_	_	_	_	_	linguistic	_	none	_	Begin=948.406	_	_	_	_
461-1	TOR002	461	461	1	beh	beh	_	_	_	_	_	linguistic	_	none	_	_	_	_	_	_
461-2	TOR002	461	461	2	[é	é	_	_	_	_	_	linguistic	_	none	_	_	_	_	_	0-1(86)
461-3	TOR002	461	461	3	proprio	proprio	_	_	_	_	_	linguistic	_	none	_	_	_	_	_	0-7(86)
461-4	TOR002	461	461	4	da]lla	dalla	_	_	_	_	_	linguistic	_	none	_	_	_	_	_	0-2(86)
461-5	TOR002	461	461	5	parte	parte	_	_	_	_	_	linguistic	_	none	_	_	_	_	_	_
461-6	TOR002	461	461	6	opposta	opposta	_	_	_	_	_	linguistic	_	none	_	End=950.2	_	_	_	_
462-0	TOI014	462	462	0	[e::h]	eh	_	_	_	_	_	linguistic	_	none	_	Begin=948.71|End=949.103	0x2	_	_	0-2(86)
463-0	TOI014	463	463	0	sì	sì	_	_	_	_	_	linguistic	_	none	_	Begin=950.31|End=950.606	_	_	_	_
464-0	TOR001	464	464	0	sì	sì	_	_	_	_	_	linguistic	_	none	_	Begin=951.31	_	_	_	_
464-1	TOR001	464	464	1	poi	poi	_	_	_	_	_	linguistic	_	none	_	_	_	_	_	_
464-2	TOR001	464	464	2	vanchiglia	vanchiglia	_	_	_	_	_	linguistic	_	none	_	_	_	_	_	_
464-3	TOR001	464	464	3	non	non	_	_	_	_	_	linguistic	_	none	_	_	_	_	_	_
464-4	TOR001	464	464	4	é	é	_	_	_	_	_	linguistic	_	none	_	_	_	_	_	_
464-5	TOR001	464	464	5	tanto	tanto	_	_	_	_	_	linguistic	_	none	_	_	_	_	_	_
464-6	TOR001	464	464	6	coperta	coperta	_	_	_	_	_	linguistic	_	none	_	_	_	_	_	_
464-7	TOR001	464	464	7	comu[nque]	comunque	_	_	_	_	_	linguistic	_	none	_	_	_	_	_	4-8(87)
464-8	TOR001	464	464	8	a	a	_	_	_	_	_	linguistic	_	none	_	_	_	_	_	_
464-9	TOR001	464	464	9	mezzi	mezzi	_	_	_	_	_	linguistic	_	none	_	_	_	_	_	_
464-10	TOR001	464	464	10	eh	eh	_	_	_	_	_	linguistic	_	none	_	End=954.007	_	_	_	_
465-0	TOR002	465	465	0	[mh]	mh	_	_	_	_	_	linguistic	_	none	_	Begin=952.975|End=953.31	_	_	_	0-2(87)
466-0	TOR002	466	466	0	no	no	_	_	_	_	_	linguistic	_	none	_	Begin=954.103	_	_	_	_
466-1	TOR002	466	466	1	per	per	_	_	_	_	_	linguistic	_	none	_	_	_	_	_	_
466-2	TOR002	466	466	2	niente	niente	_	_	_	_	_	linguistic	_	none	_	_	_	_	_	_
466-3	TOR002	466	466	3	proprio	proprio	_	_	_	_	_	linguistic	_	none	_	End=955.42	_	_	_	_
467-0	TOI014	467	467	0	ho	ho	_	_	_	_	_	linguistic	_	none	_	Begin=955.443	_	_	_	_
467-1	TOI014	467	467	1	un	un	_	_	_	_	_	linguistic	_	none	_	_	_	_	_	_
467-2	TOI014	467	467	2	autobus	autobus	_	_	_	_	_	linguistic	_	none	_	_	_	_	_	_
467-3	TOI014	467	467	3	che	che	_	_	_	_	_	linguistic	_	none	_	_	_	_	_	_
467-4	TOI014	467	467	4	mi	mi	_	_	_	_	_	linguistic	_	none	_	_	_	_	_	_
467-5	TOI014	467	467	5	porta::	porta	_	_	_	_	_	linguistic	_	none	_	_	4x2	_	_	_
467-6	TOI014	467	467	6	in	in	_	_	_	_	_	linguistic	_	none	_	_	_	_	_	_
467-7	TOI014	467	467	7	santa	santa	_	_	_	_	_	linguistic	_	none	_	_	_	_	_	_
467-8	TOI014	467	467	8	giulia	giulia	_	_	_	_	_	linguistic	_	none	_	_	_	_	_	_
467-9	TOI014	467	467	9	ad	ad	_	_	_	_	_	linguistic	_	none	_	_	_	_	_	_
467-10	TOI014	467	467	10	esempio	esempio	_	_	_	_	_	linguistic	_	none	_	_	_	_	_	_
467-11	TOI014	467	467	11	ed	ed	_	_	_	_	_	linguistic	_	none	_	_	_	_	_	_
467-12	TOI014	467	467	12	impiega	impiega	_	_	_	_	_	linguistic	_	none	_	_	_	_	_	_
467-13	TOI014	467	467	13	appunto	appunto	_	_	_	_	_	linguistic	_	none	_	_	_	_	_	_
467-14	TOI014	467	467	14	un'	un'	_	_	_	_	_	linguistic	_	none	SpaceAfter=No	_	_	_	_	_
467-15	TOI014	467	467	15	ora	ora	_	_	_	_	_	linguistic	_	none	_	End=960.179	_	_	_	_
468-0	TOI014	468	468	0	che	che	_	_	_	_	_	linguistic	_	none	_	Begin=960.503	_	_	_	_
468-1	TOI014	468	468	1	é	é	_	_	_	_	_	linguistic	_	none	_	_	_	_	_	_
468-2	TOI014	468	468	2	il	il	_	_	_	_	_	linguistic	_	none	_	_	_	_	_	_
468-3	TOI014	468	468	3	cinquantacinque	cinquantacinque	_	_	_	_	_	linguistic	_	none	_	End=961.6	_	_	_	_
469-0	TOI014	469	469	0	sono:	sono	_	_	_	_	_	linguistic	_	none	_	Begin=962.006	3x1	_	_	_
469-1	TOI014	469	469	1	trenta	trenta	_	_	_	_	_	linguistic	_	none	_	_	_	_	_	_
469-2	TOI014	469	469	2	fermate	fermate	_	_	_	_	_	linguistic	_	none	_	End=963.613	_	_	_	_
470-0	TOI014	470	470	0	che::	che	_	_	_	_	_	linguistic	_	none	_	Begin=964.51|End=965.013	2x2	_	_	_
471-0	TOI014	471	471	0	é	é	_	_	_	_	_	linguistic	_	none	_	Begin=965.896	_	_	_	_
471-1	TOI014	471	471	1	davvero	davvero	_	_	_	_	_	linguistic	_	none	_	_	_	_	_	_
471-2	TOI014	471	471	2	diffi[cile]	difficile	_	_	_	_	_	linguistic	_	none	_	End=966.8	_	_	_	5-9(88)
472-0	TOR001	472	472	0	[eh	eh	_	_	_	_	_	linguistic	_	none	_	Begin=966.703	_	_	_	0-2(88)
472-1	TOR001	472	472	1	sì]	sì	_	_	_	_	_	linguistic	_	none	_	_	_	_	_	0-2(88)
472-2	TOR001	472	472	2	non	non	_	_	_	_	_	linguistic	_	none	_	_	_	_	_	_
472-3	TOR001	472	472	3	ti	ti	_	_	_	_	_	linguistic	_	none	_	_	_	_	_	_
472-4	TOR001	472	472	4	passa	passa	_	_	_	_	_	linguistic	_	none	_	_	_	_	_	_
472-5	TOR001	472	472	5	più	più	_	_	_	_	_	linguistic	_	none	_	End=967.696	_	_	_	_
473-0	TOI014	473	473	0	sì	sì	_	_	_	_	_	linguistic	_	none	_	Begin=967.903|End=968.11	_	_	_	_
474-0	TOR001	474	474	0	c(io)è	cioè	_	_	_	_	_	linguistic	_	none	_	Begin=968.206	_	_	1-3(0)	_
474-1	TOR001	474	474	1	un'	un'	_	_	_	_	_	linguistic	_	none	SpaceAfter=No	_	_	_	_	_
474-2	TOR001	474	474	2	ora	ora	_	_	_	_	_	linguistic	_	none	_	_	_	_	_	_
474-3	TOR001	474	474	3	{ride}	{ride}	_	_	_	_	_	nonverbalbehavior	_	none	_	End=969.4	_	_	_	_
475-0	TOI014	475	475	0	sì	sì	_	_	_	_	_	linguistic	_	none	_	Begin=969.41|End=969.71	_	_	_	_
476-0	TOR001	476	476	0	beh	beh	_	_	_	_	_	linguistic	_	none	_	Begin=970.213	_	_	_	_
476-1	TOR001	476	476	1	a	a	_	_	_	_	_	linguistic	_	none	_	_	_	_	_	_
476-2	TOR001	476	476	2	parte	parte	_	_	_	_	_	linguistic	_	none	_	_	_	_	_	_
476-3	TOR001	476	476	3	che	che	_	_	_	_	_	linguistic	_	none	_	_	_	_	_	_
476-4	TOR001	476	476	4	noi	noi	_	_	_	_	_	linguistic	_	none	_	_	_	_	_	_
476-5	TOR001	476	476	5	da	da	_	_	_	_	_	linguistic	_	none	_	_	_	_	_	_
476-6	TOR001	476	476	6	quà	quà	_	_	_	_	_	linguistic	_	none	PauseAfter=Yes	_	_	_	_	_
476-7	TOR001	476	476	7	{P}	{P}	_	_	_	_	_	shortpause	_	none	_	_	_	_	_	_
476-8	TOR001	476	476	8	per	per	_	_	_	_	_	linguistic	_	none	_	_	_	_	_	_
476-9	TOR001	476	476	9	arrivare	arrivare	_	_	_	_	_	linguistic	_	none	_	_	_	_	_	_
476-10	TOR001	476	476	10	in	in	_	_	_	_	_	linguistic	_	none	_	_	_	_	_	_
476-11	TOR001	476	476	11	vanchiglia	vanchiglia	_	_	_	_	_	linguistic	_	none	_	_	_	_	_	_
476-12	TOR001	476	476	12	ci	ci	_	_	_	_	_	linguistic	_	none	_	_	_	_	_	_
476-13	TOR001	476	476	13	mettiamo	mettiamo	_	_	_	_	_	linguistic	_	none	_	_	_	_	_	_
476-14	TOR001	476	476	14	comunque	comunque	_	_	_	_	_	linguistic	_	none	_	End=973.51	_	_	_	_
477-0	TOR001	477	477	0	c(io)è	cioè	_	_	_	_	_	linguistic	_	none	_	Begin=973.813	_	_	1-3(0)	_
477-1	TOR001	477	477	1	quarantacinque	quarantacinque	_	_	_	_	_	linguistic	_	none	_	_	_	_	_	_
477-2	TOR001	477	477	2	minuti	minuti	_	_	_	_	_	linguistic	_	none	_	_	_	_	_	_
477-3	TOR001	477	477	3	eh	eh	_	_	_	_	_	linguistic	_	none	_	End=975.103	_	_	_	_
478-0	TOR002	478	478	0	e::h	eh	_	_	_	_	_	linguistic	_	none	_	Begin=975.606	0x2	_	_	_
478-1	TOR002	478	478	1	sì	sì	_	_	_	_	_	linguistic	_	none	_	_	_	_	_	_
478-2	TOR002	478	478	2	se	se	_	_	_	_	_	linguistic	_	none	_	_	_	_	_	_
478-3	TOR002	478	478	3	conti	conti	_	_	_	_	_	linguistic	_	none	_	_	_	_	_	_
478-4	TOR002	478	478	4	proprio	proprio	_	_	_	_	_	linguistic	_	none	_	_	_	_	_	_
478-5	TOR002	478	478	5	da	da	_	_	_	_	_	linguistic	_	none	_	_	_	_	_	_
478-6	TOR002	478	478	6	quando	quando	_	_	_	_	_	linguistic	_	none	_	_	_	_	_	_
478-7	TOR002	478	478	7	esci	esci	_	_	_	_	_	linguistic	_	none	_	_	_	_	_	_
478-8	TOR002	478	478	8	di	di	_	_	_	_	_	linguistic	_	none	_	_	_	_	_	_
478-9	TOR002	478	478	9	casa	casa	_	_	_	_	_	linguistic	_	none	_	_	_	_	_	_
478-10	TOR002	478	478	10	a	a	_	_	_	_	_	linguistic	_	none	_	_	_	_	_	_
478-11	TOR002	478	478	11	quando	quando	_	_	_	_	_	linguistic	_	none	_	_	_	_	_	_
478-12	TOR002	478	478	12	arrivi	arrivi	_	_	_	_	_	linguistic	_	none	_	_	_	_	_	_
478-13	TOR002	478	478	13	sì	sì	_	_	_	_	_	linguistic	_	none	_	_	_	_	_	_
478-14	TOR002	478	478	14	sono::::	sono	_	_	_	_	_	linguistic	_	none	PauseAfter=Yes	_	3x4	_	_	_
478-15	TOR002	478	478	15	{P}	{P}	_	_	_	_	_	shortpause	_	none	_	_	_	_	_	_
478-16	TOR002	478	478	16	quaranta	quaranta	_	_	_	_	_	linguistic	_	none	_	_	_	_	_	_
478-17	TOR002	478	478	17	quarantacinque	quarantacinque	_	_	_	_	_	linguistic	_	none	_	_	_	_	_	_
478-18	TOR002	478	478	18	minu[ti]	minuti	_	_	_	_	_	linguistic	_	none	_	End=982.806	_	_	_	4-6(89)
479-0	TOR001	479	479	0	[n]o	no	_	_	_	_	_	linguistic	_	none	_	Begin=982.71	_	_	_	0-1(89)
479-1	TOR001	479	479	1	dico	dico	_	_	_	_	_	linguistic	_	none	_	_	_	_	_	_
479-2	TOR001	479	479	2	c(io)è	cioè	_	_	_	_	_	linguistic	_	none	_	_	_	_	1-3(0)	_
479-3	TOR001	479	479	3	ridendo	ridendo	_	_	_	_	_	linguistic	_	none	_	_	_	_	_	_
479-4	TOR001	479	479	4	e	e	_	_	_	_	_	linguistic	_	none	_	_	_	_	_	_
479-5	TOR001	479	479	5	scherzando	scherzando	_	_	_	_	_	linguistic	_	none	_	_	_	_	_	_
479-6	TOR001	479	479	6	non	non	_	_	_	_	_	linguistic	_	none	_	_	_	_	_	_
479-7	TOR001	479	479	7	é	é	_	_	_	_	_	linguistic	_	none	_	_	_	_	_	_
479-8	TOR001	479	479	8	che	che	_	_	_	_	_	linguistic	_	none	_	_	_	_	_	_
479-9	TOR001	479	479	9	si[a::]	sia	_	_	_	_	_	linguistic	_	none	_	End=985.372	2x2	_	_	2-3(90)
480-0	TOR002	480	480	0	[eh	eh	_	_	_	_	_	linguistic	_	none	_	Begin=985.103	_	_	_	0-2(90)
480-1	TOR002	480	480	1	no]	no	_	_	_	_	_	linguistic	_	none	PauseAfter=Yes	_	_	_	_	0-2(90)
480-2	TOR002	480	480	2	{P}	{P}	_	_	_	_	_	shortpause	_	none	_	_	_	_	_	_
480-3	TOR002	480	480	3	sì	sì	_	_	_	_	_	linguistic	_	none	_	End=986.013	_	_	_	_
481-0	TOR001	481	481	0	perché	perché	_	_	_	_	_	linguistic	_	none	_	Begin=986.503	_	_	_	_
481-1	TOR001	481	481	1	non	non	_	_	_	_	_	linguistic	_	none	_	_	_	_	_	_
481-2	TOR001	481	481	2	essendoci	essendoci	_	_	_	_	_	linguistic	_	none	_	_	_	_	_	_
481-3	TOR001	481	481	3	né	né	_	_	_	_	_	linguistic	_	none	_	_	_	_	_	_
481-4	TOR001	481	481	4	metro	metro	_	_	_	_	_	linguistic	_	none	_	_	_	_	_	_
481-5	TOR001	481	481	5	né	né	_	_	_	_	_	linguistic	_	none	_	_	_	_	_	_
481-6	TOR001	481	481	6	niente	niente	_	_	_	_	_	linguistic	_	none	_	_	_	_	_	_
481-7	TOR001	481	481	7	non:::	non	_	_	_	_	_	linguistic	_	none	_	End=989.22	2x3	_	_	_
482-0	TOR001	482	482	0	va	va	_	_	_	_	_	linguistic	_	none	_	Begin=990.206	_	_	_	_
482-1	TOR001	482	482	1	bene	bene	_	_	_	_	_	linguistic	_	none	_	_	_	_	_	_
482-2	TOR001	482	482	2	come	come	_	_	_	_	_	linguistic	_	none	_	_	_	_	_	_
482-3	TOR001	482	482	3	ti	ti	_	_	_	_	_	linguistic	_	none	_	_	_	_	_	_
482-4	TOR001	482	482	4	muovi	muovi	_	_	_	_	_	linguistic	_	none	_	_	_	_	_	_
482-5	TOR001	482	482	5	in	in	_	_	_	_	_	linguistic	_	none	_	_	_	_	_	_
482-6	TOR001	482	482	6	città	città	_	_	_	_	_	linguistic	_	none	_	_	_	_	_	_
482-7	TOR001	482	482	7	mi	mi	_	_	_	_	_	linguistic	_	none	_	_	_	_	_	_
482-8	TOR001	482	482	8	hai	hai	_	_	_	_	_	linguistic	_	none	_	_	_	_	_	_
482-9	TOR001	482	482	9	già	già	_	_	_	_	_	linguistic	_	none	_	_	_	_	_	_
482-10	TOR001	482	482	10	risposto:.	risposto	_	_	_	_	_	linguistic	_	none	Intonation=Falling	End=992.772	7x1	_	_	_
483-0	TOR001	483	483	0	m::h	mh	_	_	_	_	_	linguistic	_	none	_	Begin=993.006	0x2	_	_	_
483-1	TOR001	483	483	1	pensi	pensi	_	_	_	_	_	linguistic	_	none	_	_	_	_	_	_
483-2	TOR001	483	483	2	che	che	_	_	_	_	_	linguistic	_	none	_	_	_	_	_	_
483-3	TOR001	483	483	3	torino	torino	_	_	_	_	_	linguistic	_	none	_	_	_	_	_	_
483-4	TOR001	483	483	4	sia	sia	_	_	_	_	_	linguistic	_	none	_	_	_	_	_	_
483-5	TOR001	483	483	5	cambiata	cambiata	_	_	_	_	_	linguistic	_	none	_	_	_	_	_	_
483-6	TOR001	483	483	6	motlo	motlo	_	_	_	_	_	linguistic	_	none	_	_	_	_	_	_
483-7	TOR001	483	483	7	negli	negli	_	_	_	_	_	linguistic	_	none	_	_	_	_	_	_
483-8	TOR001	483	483	8	ultimi	ultimi	_	_	_	_	_	linguistic	_	none	_	_	_	_	_	_
483-9	TOR001	483	483	9	anni?	anni	_	_	_	_	_	linguistic	_	none	Intonation=Rising	End=996.006	_	_	_	_
484-0	TOI014	484	484	0	penso	penso	_	_	_	_	_	linguistic	_	none	_	Begin=996.696	_	_	_	_
484-1	TOI014	484	484	1	che	che	_	_	_	_	_	linguistic	_	none	_	_	_	_	_	_
484-2	TOI014	484	484	2	torino:::	torino	_	_	_	_	_	linguistic	_	none	_	End=998.151	5x3	_	_	_
485-0	TOI014	485	485	0	m:::h	mh	_	_	_	_	_	linguistic	_	none	PauseAfter=Yes	Begin=998.151	0x3	_	_	_
485-1	TOI014	485	485	1	{P}	{P}	_	_	_	_	_	shortpause	_	none	_	_	_	_	_	_
485-2	TOI014	485	485	2	non	non	_	_	_	_	_	linguistic	_	none	_	_	_	_	_	_
485-3	TOI014	485	485	3	sia	sia	_	_	_	_	_	linguistic	_	none	_	_	_	_	_	_
485-4	TOI014	485	485	4	cambiata	cambiata	_	_	_	_	_	linguistic	_	none	_	_	_	_	_	_
485-5	TOI014	485	485	5	troppo	troppo	_	_	_	_	_	linguistic	_	none	_	_	_	_	_	_
485-6	TOI014	485	485	6	nei	nei	_	_	_	_	_	linguistic	_	none	_	_	_	_	_	_
485-7	TOI014	485	485	7	pros~	pros~	_	_	_	_	_	linguistic	_	none	Interrupted=Yes	_	_	_	_	_
485-8	TOI014	485	485	8	in	in	_	_	_	_	_	linguistic	_	none	_	_	_	_	_	_
485-9	TOI014	485	485	9	questi	questi	_	_	_	_	_	linguistic	_	none	_	_	_	_	_	_
485-10	TOI014	485	485	10	anni	anni	_	_	_	_	_	linguistic	_	none	_	End=1001.875	_	_	_	_
486-0	TOR001	486	486	0	ok[ay]	okay	_	_	_	_	_	linguistic	_	none	_	Begin=1001.883|End=1002.206	_	_	_	2-4(91)
487-0	TOI014	487	487	0	[per]ché	perché	_	_	_	_	_	linguistic	_	none	_	Begin=1002.006	_	_	_	0-3(91)
487-1	TOI014	487	487	1	vedo	vedo	_	_	_	_	_	linguistic	_	none	_	_	_	_	_	_
487-2	TOI014	487	487	2	che::	che	_	_	_	_	_	linguistic	_	none	_	End=1003.406	2x2	_	_	_
488-0	TOI014	488	488	0	i	i	_	_	_	_	_	linguistic	_	none	_	Begin=1003.938	_	_	_	_
488-1	TOI014	488	488	1	problemi:	problemi	_	_	_	_	_	linguistic	_	none	PauseAfter=Yes	_	7x1	_	_	_
488-2	TOI014	488	488	2	{P}	{P}	_	_	_	_	_	shortpause	_	none	_	_	_	_	_	_
488-3	TOI014	488	488	3	del	del	_	_	_	_	_	linguistic	_	none	_	_	_	_	_	_
488-4	TOI014	488	488	4	quale	quale	_	_	_	_	_	linguistic	_	none	_	_	_	_	_	_
488-5	TOI014	488	488	5	mi	mi	_	_	_	_	_	linguistic	_	none	_	_	_	_	_	_
488-6	TOI014	488	488	6	sto	sto	_	_	_	_	_	linguistic	_	none	_	_	_	_	_	_
488-7	TOI014	488	488	7	lamentando	lamentando	_	_	_	_	_	linguistic	_	none	_	_	_	_	_	_
488-8	TOI014	488	488	8	io	io	_	_	_	_	_	linguistic	_	none	_	_	_	_	_	_
488-9	TOI014	488	488	9	sono	sono	_	_	_	_	_	linguistic	_	none	_	_	_	_	_	_
488-10	TOI014	488	488	10	gli	gli	_	_	_	_	_	linguistic	_	none	_	_	_	_	_	_
488-11	TOI014	488	488	11	stessi	stessi	_	_	_	_	_	linguistic	_	none	_	_	_	_	_	_
488-12	TOI014	488	488	12	da::	da	_	_	_	_	_	linguistic	_	none	_	_	1x2	_	_	_
488-13	TOI014	488	488	13	da	da	_	_	_	_	_	linguistic	_	none	_	_	_	_	_	_
488-14	TOI014	488	488	14	un	un	_	_	_	_	_	linguistic	_	none	_	_	_	_	_	_
488-15	TOI014	488	488	15	po'	po'	_	_	_	_	_	linguistic	_	none	_	_	_	_	_	_
488-16	TOI014	488	488	16	di	di	_	_	_	_	_	linguistic	_	none	_	_	_	_	_	_
488-17	TOI014	488	488	17	tempo	tempo	_	_	_	_	_	linguistic	_	none	_	End=1008.703	_	_	_	_
489-0	TOI014	489	489	0	la	la	_	_	_	_	_	linguistic	_	none	_	Begin=1008.724	_	_	_	_
489-1	TOI014	489	489	1	situazione	situazione	_	_	_	_	_	linguistic	_	none	_	_	_	_	_	_
489-2	TOI014	489	489	2	lavorativa:	lavorativa	_	_	_	_	_	linguistic	_	none	_	_	9x1	_	_	_
489-3	TOI014	489	489	3	i	i	_	_	_	_	_	linguistic	_	none	_	_	_	_	_	_
489-4	TOI014	489	489	4	mezzi	mezzi	_	_	_	_	_	linguistic	_	none	_	End=1011.206	_	_	_	_
490-0	TOR001	490	490	0	mh	mh	_	_	_	_	_	linguistic	_	none	_	Begin=1011.503	_	_	_	_
490-1	TOR001	490	490	1	mh	mh	_	_	_	_	_	linguistic	_	none	_	End=1011.862	_	_	_	_
491-0	TOI014	491	491	0	tutte	tutte	_	_	_	_	_	linguistic	_	none	_	Begin=1011.874	_	_	_	_
491-1	TOI014	491	491	1	delle	delle	_	_	_	_	_	linguistic	_	none	_	_	_	_	_	_
491-2	TOI014	491	491	2	dinamiche	dinamiche	_	_	_	_	_	linguistic	_	none	_	_	_	_	_	_
491-3	TOI014	491	491	3	che	che	_	_	_	_	_	linguistic	_	none	_	_	_	_	_	_
491-4	TOI014	491	491	4	non:::	non	_	_	_	_	_	linguistic	_	none	PauseAfter=Yes	_	2x3	_	_	_
491-5	TOI014	491	491	5	{P}	{P}	_	_	_	_	_	shortpause	_	none	_	_	_	_	_	_
491-6	TOI014	491	491	6	oh	oh	_	_	_	_	_	linguistic	_	none	_	_	_	_	_	_
491-7	TOI014	491	491	7	no	no	_	_	_	_	_	linguistic	_	none	PauseAfter=Yes	_	_	_	_	_
491-8	TOI014	491	491	8	{P}	{P}	_	_	_	_	_	shortpause	_	none	_	_	_	_	_	_
491-9	TOI014	491	491	9	ho	ho	_	_	_	_	_	linguistic	_	none	_	_	_	_	_	_
491-10	TOI014	491	491	10	visto	visto	_	_	_	_	_	linguistic	_	none	_	_	_	_	_	_
491-11	TOI014	491	491	11	invariate	invariate	_	_	_	_	_	linguistic	_	none	_	_	_	_	_	_
491-12	TOI014	491	491	12	ecco	ecco	_	_	_	_	_	linguistic	_	none	_	End=1016.651	_	_	_	_
492-0	TOR001	492	492	0	okay	okay	_	_	_	_	_	linguistic	_	none	_	Begin=1016.651	_	_	_	_
492-1	TOR001	492	492	1	quindi	quindi	_	_	_	_	_	linguistic	_	none	_	_	_	_	_	_
492-2	TOR001	492	492	2	ti	ti	_	_	_	_	_	linguistic	_	none	_	_	_	_	_	_
492-3	TOR001	492	492	3	sembra	sembra	_	_	_	_	_	linguistic	_	none	_	_	_	_	_	_
492-4	TOR001	492	492	4	comunque	comunque	_	_	_	_	_	linguistic	_	none	_	_	_	_	_	_
492-5	TOR001	492	492	5	[stati]ca,	statica	_	_	_	_	_	linguistic	_	none	Intonation=WeaklyRising	_	_	_	_	0-5(92)
492-6	TOR001	492	492	6	c(io)[è:::]	cioè	_	_	_	_	_	linguistic	_	none	_	End=1019.0	3x3	_	1-3(0)	3-4(93)
493-0	TOI014	493	493	0	[sì]	sì	_	_	_	_	_	linguistic	_	none	_	Begin=1018.11|End=1018.404	_	_	_	0-2(92)
494-0	TOI014	494	494	0	[mi]	mi	_	_	_	_	_	linguistic	_	none	_	Begin=1018.806	_	_	_	0-2(93)
494-1	TOI014	494	494	1	sembra	sembra	_	_	_	_	_	linguistic	_	none	_	_	_	_	_	_
494-2	TOI014	494	494	2	che	che	_	_	_	_	_	linguistic	_	none	_	_	_	_	_	_
494-3	TOI014	494	494	3	la	la	_	_	_	_	_	linguistic	_	none	_	_	_	_	_	_
494-4	TOI014	494	494	4	situazione	situazione	_	_	_	_	_	linguistic	_	none	_	_	_	_	_	_
494-5	TOI014	494	494	5	non	non	_	_	_	_	_	linguistic	_	none	_	_	_	_	_	_
494-6	TOI014	494	494	6	sia	sia	_	_	_	_	_	linguistic	_	none	_	_	_	_	_	_
494-7	TOI014	494	494	7	troppo	troppo	_	_	_	_	_	linguistic	_	none	_	_	_	_	_	_
494-8	TOI014	494	494	8	diversa	diversa	_	_	_	_	_	linguistic	_	none	_	_	_	_	_	_
494-9	TOI014	494	494	9	rispetto	rispetto	_	_	_	_	_	linguistic	_	none	_	_	_	_	_	_
494-10	TOI014	494	494	10	a	a	_	_	_	_	_	linguistic	_	none	_	_	_	_	_	_
494-11	TOI014	494	494	11	qualche	qualche	_	_	_	_	_	linguistic	_	none	_	_	_	_	_	_
494-12	TOI014	494	494	12	anno	anno	_	_	_	_	_	linguistic	_	none	_	_	_	_	_	_
494-13	TOI014	494	494	13	fa	fa	_	_	_	_	_	linguistic	_	none	_	End=1021.717	_	_	_	_
495-0	TOR001	495	495	0	okay	okay	_	_	_	_	_	linguistic	_	none	PauseAfter=Yes	Begin=1021.896	_	_	_	_
495-1	TOR001	495	495	1	{P}	{P}	_	_	_	_	_	shortpause	_	none	_	_	_	_	_	_
495-2	TOR001	495	495	2	e	e	_	_	_	_	_	linguistic	_	none	_	_	_	_	_	_
495-3	TOR001	495	495	3	in	in	_	_	_	_	_	linguistic	_	none	_	_	_	_	_	_
495-4	TOR001	495	495	4	termini	termini	_	_	_	_	_	linguistic	_	none	_	_	_	_	_	_
495-5	TOR001	495	495	5	per	per	_	_	_	_	_	linguistic	_	none	_	_	_	_	_	_
495-6	TOR001	495	495	6	esempio	esempio	_	_	_	_	_	linguistic	_	none	_	_	_	_	_	_
495-7	TOR001	495	495	7	di	di	_	_	_	_	_	linguistic	_	none	_	_	_	_	_	_
495-8	TOR001	495	495	8	turismo?	turismo	_	_	_	_	_	linguistic	_	none	Intonation=Rising	End=1024.496	_	_	_	_
496-0	TOI014	496	496	0	in	in	_	_	_	_	_	linguistic	_	none	_	Begin=1025.204	_	_	_	_
496-1	TOI014	496	496	1	termini	termini	_	_	_	_	_	linguistic	_	none	_	_	_	_	_	_
496-2	TOI014	496	496	2	di	di	_	_	_	_	_	linguistic	_	none	_	_	_	_	_	_
496-3	TOI014	496	496	3	turismo::	turismo	_	_	_	_	_	linguistic	_	none	_	_	6x2	_	_	_
496-4	TOI014	496	496	4	ho	ho	_	_	_	_	_	linguistic	_	none	_	_	_	_	_	_
496-5	TOI014	496	496	5	notato::::	notato	_	_	_	_	_	linguistic	_	none	_	End=1027.413	5x4	_	_	_
497-0	TOI014	497	497	0	che	che	_	_	_	_	_	linguistic	_	none	_	Begin=1028.296	_	_	_	_
497-1	TOI014	497	497	1	c'	c'	_	_	_	_	_	linguistic	_	none	SpaceAfter=No	_	_	_	_	_
497-2	TOI014	497	497	2	è::	è	_	_	_	_	_	linguistic	_	none	_	_	0x2	_	_	_
497-3	TOI014	497	497	3	ah	ah	_	_	_	_	_	linguistic	_	none	_	_	_	_	_	_
497-4	TOI014	497	497	4	molto	molto	_	_	_	_	_	linguistic	_	none	_	_	_	_	_	_
497-5	TOI014	497	497	5	più	più	_	_	_	_	_	linguistic	_	none	_	_	_	_	_	_
497-6	TOI014	497	497	6	afflusso	afflusso	_	_	_	_	_	linguistic	_	none	_	_	_	_	_	_
497-7	TOI014	497	497	7	di	di	_	_	_	_	_	linguistic	_	none	_	_	_	_	_	_
497-8	TOI014	497	497	8	turisti	turisti	_	_	_	_	_	linguistic	_	none	_	_	_	_	_	_
497-9	TOI014	497	497	9	[questo	questo	_	_	_	_	_	linguistic	_	none	_	_	_	_	_	0-6(94)
497-10	TOI014	497	497	10	sì]	sì	_	_	_	_	_	linguistic	_	none	_	End=1031.31	_	_	_	0-2(94)
498-0	TOR001	498	498	0	[m::h	mh	_	_	_	_	_	linguistic	_	none	_	Begin=1030.887	0x2	_	_	0-2(?)
498-1	TOR001	498	498	1	m::h]	mh	_	_	_	_	_	linguistic	_	none	_	End=1031.55	0x2	_	_	0-2(?)
499-0	TOI014	499	499	0	[qu]esto	questo	_	_	_	_	_	linguistic	_	none	_	Begin=1031.425	_	_	_	0-2(95)
499-1	TOI014	499	499	1	sicuramente	sicuramente	_	_	_	_	_	linguistic	_	none	_	_	_	_	_	_
499-2	TOI014	499	499	2	mi	mi	_	_	_	_	_	linguistic	_	none	_	_	_	_	_	_
499-3	TOI014	499	499	3	capita	capita	_	_	_	_	_	linguistic	_	none	_	_	_	_	_	_
499-4	TOI014	499	499	4	di:	di	_	_	_	_	_	linguistic	_	none	_	_	1x1	_	_	_
499-5	TOI014	499	499	5	andare	andare	_	_	_	_	_	linguistic	_	none	_	_	_	_	_	_
499-6	TOI014	499	499	6	in	in	_	_	_	_	_	linguistic	_	none	_	_	_	_	_	_
499-7	TOI014	499	499	7	centro:	centro	_	_	_	_	_	linguistic	_	none	_	_	5x1	_	_	_
499-8	TOI014	499	499	8	e	e	_	_	_	_	_	linguistic	_	none	_	_	_	_	_	_
499-9	TOI014	499	499	9	vedere	vedere	_	_	_	_	_	linguistic	_	none	_	_	_	_	_	_
499-10	TOI014	499	499	10	persone	persone	_	_	_	_	_	linguistic	_	none	_	_	_	_	_	_
499-11	TOI014	499	499	11	che	che	_	_	_	_	_	linguistic	_	none	_	_	_	_	_	_
499-12	TOI014	499	499	12	vengono	vengono	_	_	_	_	_	linguistic	_	none	_	_	_	_	_	_
499-13	TOI014	499	499	13	da:::	da	_	_	_	_	_	linguistic	_	none	PauseAfter=Yes	_	1x3	_	_	_
499-14	TOI014	499	499	14	{P}	{P}	_	_	_	_	_	shortpause	_	none	_	_	_	_	_	_
499-15	TOI014	499	499	15	ogni	ogni	_	_	_	_	_	linguistic	_	none	_	_	_	_	_	_
499-16	TOI014	499	499	16	paese	paese	_	_	_	_	_	linguistic	_	none	_	End=1037.012	_	_	_	_
500-0	TOR001	500	500	0	mh	mh	_	_	_	_	_	linguistic	_	none	_	Begin=1037.303	_	_	_	_
500-1	TOR001	500	500	1	mh	mh	_	_	_	_	_	linguistic	_	none	_	End=1037.627	_	_	_	_
501-0	TOI014	501	501	0	perché:	perché	_	_	_	_	_	linguistic	_	none	_	Begin=1038.096	5x1	_	_	_
501-1	TOI014	501	501	1	la	la	_	_	_	_	_	linguistic	_	none	_	_	_	_	_	_
501-2	TOI014	501	501	2	città	città	_	_	_	_	_	linguistic	_	none	_	_	_	_	_	_
501-3	TOI014	501	501	3	piace	piace	_	_	_	_	_	linguistic	_	none	_	End=1039.496	_	_	_	_
502-0	TOI014	502	502	0	m:::h	mh	_	_	_	_	_	linguistic	_	none	_	Begin=1040.598	0x3	_	_	_
502-1	TOI014	502	502	1	e	e	_	_	_	_	_	linguistic	_	none	_	_	_	_	_	_
502-2	TOI014	502	502	2	la	la	_	_	_	_	_	linguistic	_	none	_	_	_	_	_	_
502-3	TOI014	502	502	3	gente	gente	_	_	_	_	_	linguistic	_	none	_	_	_	_	_	_
502-4	TOI014	502	502	4	é	é	_	_	_	_	_	linguistic	_	none	_	_	_	_	_	_
502-5	TOI014	502	502	5	invogliata	invogliata	_	_	_	_	_	linguistic	_	none	_	_	_	_	_	_
502-6	TOI014	502	502	6	a	a	_	_	_	_	_	linguistic	_	none	_	_	_	_	_	_
502-7	TOI014	502	502	7	venirci	venirci	_	_	_	_	_	linguistic	_	none	_	End=1042.867	_	_	_	_
503-0	TOR001	503	503	0	okay	okay	_	_	_	_	_	linguistic	_	none	_	Begin=1043.2|End=1043.598	_	_	_	_
504-0	TOR001	504	504	0	eh	eh	_	_	_	_	_	linguistic	_	none	PauseAfter=Yes	Begin=1044.296	_	_	_	_
504-1	TOR001	504	504	1	{P}	{P}	_	_	_	_	_	shortpause	_	none	_	_	_	_	_	_
504-2	TOR001	504	504	2	ti	ti	_	_	_	_	_	linguistic	_	none	_	_	_	_	_	_
504-3	TOR001	504	504	3	ricordi	ricordi	_	_	_	_	_	linguistic	_	none	_	_	_	_	_	_
504-4	TOR001	504	504	4	se	se	_	_	_	_	_	linguistic	_	none	_	_	_	_	_	_
504-5	TOR001	504	504	5	era	era	_	_	_	_	_	linguistic	_	none	_	_	_	_	_	_
504-6	TOR001	504	504	6	così	così	_	_	_	_	_	linguistic	_	none	_	_	_	_	_	_
504-7	TOR001	504	504	7	anche	anche	_	_	_	_	_	linguistic	_	none	_	_	_	_	_	_
504-8	TOR001	504	504	8	quando	quando	_	_	_	_	_	linguistic	_	none	_	_	_	_	_	_
504-9	TOR001	504	504	9	eri	eri	_	_	_	_	_	linguistic	_	none	_	_	_	_	_	_
504-10	TOR001	504	504	10	piccolo?	piccolo	_	_	_	_	_	linguistic	_	none	Intonation=Rising	End=1046.848	_	_	_	_
505-0	TOR001	505	505	0	c(io)è	cioè	_	_	_	_	_	linguistic	_	none	_	Begin=1046.875	_	_	1-3(0)	_
505-1	TOR001	505	505	1	un	un	_	_	_	_	_	linguistic	_	none	PauseAfter=Yes	_	_	_	_	_
505-2	TOR001	505	505	2	{P}	{P}	_	_	_	_	_	shortpause	_	none	_	_	_	_	_	_
505-3	TOR001	505	505	3	di~	di~	_	_	_	_	_	linguistic	_	none	Interrupted=Yes	_	_	_	_	_
505-4	TOR001	505	505	4	nel	nel	_	_	_	_	_	linguistic	_	none	_	_	_	_	_	_
505-5	TOR001	505	505	5	senso	senso	_	_	_	_	_	linguistic	_	none	_	_	_	_	_	_
505-6	TOR001	505	505	6	la	la	_	_	_	_	_	linguistic	_	none	_	_	_	_	_	_
505-7	TOR001	505	505	7	domanda	domanda	_	_	_	_	_	linguistic	_	none	_	_	_	_	_	_
505-8	TOR001	505	505	8	é.	é	_	_	_	_	_	linguistic	_	none	Intonation=Falling	_	_	_	_	_
505-9	TOR001	505	505	9	una	una	_	_	_	_	_	linguistic	_	none	_	_	_	_	_	_
505-10	TOR001	505	505	10	cosa	cosa	_	_	_	_	_	linguistic	_	none	_	_	_	_	_	_
505-11	TOR001	505	505	11	secondo	secondo	_	_	_	_	_	linguistic	_	none	_	_	_	_	_	_
505-12	TOR001	505	505	12	te	te	_	_	_	_	_	linguistic	_	none	_	_	_	_	_	_
505-13	TOR001	505	505	13	degli	degli	_	_	_	_	_	linguistic	_	none	_	_	_	_	_	_
505-14	TOR001	505	505	14	ultimi	ultimi	_	_	_	_	_	linguistic	_	none	_	_	_	_	_	_
505-15	TOR001	505	505	15	anni,	anni	_	_	_	_	_	linguistic	_	none	Intonation=WeaklyRising	End=1050.407	_	_	_	_
506-0	TOR001	506	506	0	oppure	oppure	_	_	_	_	_	linguistic	_	none	_	Begin=1051.096	_	_	_	_
506-1	TOR001	506	506	1	é	é	_	_	_	_	_	linguistic	_	none	_	_	_	_	_	_
506-2	TOR001	506	506	2	sempre	sempre	_	_	_	_	_	linguistic	_	none	_	_	_	_	_	_
506-3	TOR001	506	506	3	stato	stato	_	_	_	_	_	linguistic	_	none	_	_	_	_	_	_
506-4	TOR001	506	506	4	così?	così	_	_	_	_	_	linguistic	_	none	Intonation=Rising	End=1052.407	_	_	_	_
507-0	TOI014	507	507	0	ma	ma	_	_	_	_	_	linguistic	_	none	_	Begin=1052.607	_	_	_	_
507-1	TOI014	507	507	1	io	io	_	_	_	_	_	linguistic	_	none	_	_	_	_	_	_
507-2	TOI014	507	507	2	penso	penso	_	_	_	_	_	linguistic	_	none	_	_	_	_	_	_
507-3	TOI014	507	507	3	che::::	che	_	_	_	_	_	linguistic	_	none	_	End=1053.807	2x4	_	_	_
508-0	TOI014	508	508	0	da	da	_	_	_	_	_	linguistic	_	none	_	Begin=1054.393	_	_	_	_
508-1	TOI014	508	508	1	vent'	vent'	_	_	_	_	_	linguistic	_	none	SpaceAfter=No	_	_	_	_	_
508-2	TOI014	508	508	2	anni	anni	_	_	_	_	_	linguistic	_	none	_	_	_	_	_	_
508-3	TOI014	508	508	3	a:	a	_	_	_	_	_	linguistic	_	none	_	_	0x1	_	_	_
508-4	TOI014	508	508	4	oggi	oggi	_	_	_	_	_	linguistic	_	none	_	End=1055.703	_	_	_	_
509-0	TOI014	509	509	0	la	la	_	_	_	_	_	linguistic	_	none	_	Begin=1056.296	_	_	_	_
509-1	TOI014	509	509	1	situazione	situazione	_	_	_	_	_	linguistic	_	none	_	_	_	_	_	_
509-2	TOI014	509	509	2	sia::::	sia	_	_	_	_	_	linguistic	_	none	_	_	2x4	_	_	_
509-3	TOI014	509	509	3	leggermente	leggermente	_	_	_	_	_	linguistic	_	none	_	_	_	_	_	_
509-4	TOI014	509	509	4	cambiata	cambiata	_	_	_	_	_	linguistic	_	none	_	_	_	_	_	_
509-5	TOI014	509	509	5	vedo	vedo	_	_	_	_	_	linguistic	_	none	_	_	_	_	_	_
509-6	TOI014	509	509	6	più	più	_	_	_	_	_	linguistic	_	none	_	_	_	_	_	_
509-7	TOI014	509	509	7	turisti	turisti	_	_	_	_	_	linguistic	_	none	_	_	_	_	_	_
509-8	TOI014	509	509	8	questo	questo	_	_	_	_	_	linguistic	_	none	_	_	_	_	_	_
509-9	TOI014	509	509	9	sì	sì	_	_	_	_	_	linguistic	_	none	_	End=1060.289	_	_	_	_
510-0	TOR001	510	510	0	okay	okay	_	_	_	_	_	linguistic	_	none	_	Begin=1060.489|End=1060.896	_	_	_	_
511-0	TOR001	511	511	0	e:::h	eh	_	_	_	_	_	linguistic	_	none	_	Begin=1062.4	0x3	_	_	_
511-1	TOR001	511	511	1	e	e	_	_	_	_	_	linguistic	_	none	_	_	_	_	_	_
511-2	TOR001	511	511	2	quindi	quindi	_	_	_	_	_	linguistic	_	none	_	_	_	_	_	_
511-3	TOR001	511	511	3	vedi	vedi	_	_	_	_	_	linguistic	_	none	_	_	_	_	_	_
511-4	TOR001	511	511	4	altri	altri	_	_	_	_	_	linguistic	_	none	_	_	_	_	_	_
511-5	TOR001	511	511	5	cambiamenti	cambiamenti	_	_	_	_	_	linguistic	_	none	_	_	_	_	_	_
511-6	TOR001	511	511	6	oltre	oltre	_	_	_	_	_	linguistic	_	none	_	_	_	_	_	_
511-7	TOR001	511	511	7	a	a	_	_	_	_	_	linguistic	_	none	_	_	_	_	_	_
511-8	TOR001	511	511	8	questo	questo	_	_	_	_	_	linguistic	_	none	_	_	_	_	_	_
511-9	TOR001	511	511	9	oppure	oppure	_	_	_	_	_	linguistic	_	none	_	_	_	_	_	_
511-10	TOR001	511	511	10	dici.	dici	_	_	_	_	_	linguistic	_	none	Intonation=Falling	_	_	_	_	_
511-11	TOR001	511	511	11	in	in	_	_	_	_	_	linguistic	_	none	_	_	_	_	_	_
511-12	TOR001	511	511	12	generale	generale	_	_	_	_	_	linguistic	_	none	_	_	_	_	_	_
511-13	TOR001	511	511	13	piuttosto	piuttosto	_	_	_	_	_	linguistic	_	none	_	_	_	_	_	_
511-14	TOR001	511	511	14	ferma,	ferma	_	_	_	_	_	linguistic	_	none	Intonation=WeaklyRising	End=1067.482	_	_	_	_
512-0	TOI014	512	512	0	[m:::::h]	mh	_	_	_	_	_	linguistic	_	none	_	Begin=1067.482|End=1068.613	0x5	_	_	0-2(96)
513-0	TOR001	513	513	0	[a	a	_	_	_	_	_	linguistic	_	none	_	Begin=1067.807	_	_	_	0-1(96)
513-1	TOR001	513	513	1	parte	parte	_	_	_	_	_	linguistic	_	none	_	_	_	_	_	0-5(96)
513-2	TOR001	513	513	2	questo]?	questo	_	_	_	_	_	linguistic	_	none	Intonation=Rising	End=1068.607	_	_	_	0-6(96)
514-0	TOI014	514	514	0	mi	mi	_	_	_	_	_	linguistic	_	none	_	Begin=1070.096	_	_	_	_
514-1	TOI014	514	514	1	rendo	rendo	_	_	_	_	_	linguistic	_	none	_	_	_	_	_	_
514-2	TOI014	514	514	2	conto	conto	_	_	_	_	_	linguistic	_	none	_	_	_	_	_	_
514-3	TOI014	514	514	3	che:	che	_	_	_	_	_	linguistic	_	none	_	_	2x1	_	_	_
514-4	TOI014	514	514	4	l'	l'	_	_	_	_	_	linguistic	_	none	SpaceAfter=No	_	_	_	_	_
514-5	TOI014	514	514	5	università	università	_	_	_	_	_	linguistic	_	none	_	_	_	_	_	_
514-6	TOI014	514	514	6	a	a	_	_	_	_	_	linguistic	_	none	_	_	_	_	_	_
514-7	TOI014	514	514	7	torino	torino	_	_	_	_	_	linguistic	_	none	_	_	_	_	_	_
514-8	TOI014	514	514	8	sia:::	sia	_	_	_	_	_	linguistic	_	none	_	End=1073.2	2x3	_	_	_
515-0	TOI014	515	515	0	decisamente	decisamente	_	_	_	_	_	linguistic	_	none	_	Begin=1073.407	_	_	_	_
515-1	TOI014	515	515	1	una	una	_	_	_	_	_	linguistic	_	none	_	_	_	_	_	_
515-2	TOI014	515	515	2	scelta	scelta	_	_	_	_	_	linguistic	_	none	_	_	_	_	_	_
515-3	TOI014	515	515	3	che	che	_	_	_	_	_	linguistic	_	none	_	_	_	_	_	_
515-4	TOI014	515	515	4	molte	molte	_	_	_	_	_	linguistic	_	none	_	_	_	_	_	_
515-5	TOI014	515	515	5	persone	persone	_	_	_	_	_	linguistic	_	none	_	_	_	_	_	_
515-6	TOI014	515	515	6	optano	optano	_	_	_	_	_	linguistic	_	none	_	_	_	_	_	_
515-7	TOI014	515	515	7	quindi::	quindi	_	_	_	_	_	linguistic	_	none	_	_	5x2	_	_	_
515-8	TOI014	515	515	8	probabilmente	probabilmente	_	_	_	_	_	linguistic	_	none	_	End=1077.586	_	_	_	_
516-0	TOI014	516	516	0	anche	anche	_	_	_	_	_	linguistic	_	none	_	Begin=1078.489	_	_	_	_
516-1	TOI014	516	516	1	a	a	_	_	_	_	_	linguistic	_	none	_	_	_	_	_	_
516-2	TOI014	516	516	2	livello:::	livello	_	_	_	_	_	linguistic	_	none	_	End=1080.0	6x3	_	_	_
517-0	TOI014	517	517	0	per	per	_	_	_	_	_	linguistic	_	none	_	Begin=1080.696	_	_	_	_
517-1	TOI014	517	517	1	lo	lo	_	_	_	_	_	linguistic	_	none	_	_	_	_	_	_
517-2	TOI014	517	517	2	studio	studio	_	_	_	_	_	linguistic	_	none	_	_	_	_	_	_
517-3	TOI014	517	517	3	le	le	_	_	_	_	_	linguistic	_	none	_	_	_	_	_	_
517-4	TOI014	517	517	4	persone	persone	_	_	_	_	_	linguistic	_	none	_	_	_	_	_	_
517-5	TOI014	517	517	5	vengono	vengono	_	_	_	_	_	linguistic	_	none	_	_	_	_	_	_
517-6	TOI014	517	517	6	da	da	_	_	_	_	_	linguistic	_	none	_	_	_	_	_	_
517-7	TOI014	517	517	7	fuori	fuori	_	_	_	_	_	linguistic	_	none	_	_	_	_	_	_
517-8	TOI014	517	517	8	per	per	_	_	_	_	_	linguistic	_	none	_	_	_	_	_	_
517-9	TOI014	517	517	9	studiare	studiare	_	_	_	_	_	linguistic	_	none	_	End=1083.365	_	_	_	_
518-0	TOR001	518	518	0	mh	mh	_	_	_	_	_	linguistic	_	none	_	Begin=1083.4	_	_	_	_
518-1	TOR001	518	518	1	mh	mh	_	_	_	_	_	linguistic	_	none	_	_	_	_	_	_
518-2	TOR001	518	518	2	[mh]	mh	_	_	_	_	_	linguistic	_	none	_	End=1084.013	_	_	_	0-2(97)
519-0	TOI014	519	519	0	[quin]di:::	quindi	_	_	_	_	_	linguistic	_	none	_	Begin=1083.8|End=1084.6	5x3	_	_	0-4(97)
520-0	TOI014	520	520	0	ha::	ha	_	_	_	_	_	linguistic	_	none	_	Begin=1085.2	1x2	_	_	_
520-1	TOI014	520	520	1	molti	molti	_	_	_	_	_	linguistic	_	none	_	_	_	_	_	_
520-2	TOI014	520	520	2	lati	lati	_	_	_	_	_	linguistic	_	none	_	_	_	_	_	_
520-3	TOI014	520	520	3	positivi	positivi	_	_	_	_	_	linguistic	_	none	_	_	_	_	_	_
520-4	TOI014	520	520	4	ecco	ecco	_	_	_	_	_	linguistic	_	none	_	_	_	_	_	_
520-5	TOI014	520	520	5	la	la	_	_	_	_	_	linguistic	_	none	_	_	_	_	_	_
520-6	TOI014	520	520	6	città	città	_	_	_	_	_	linguistic	_	none	_	End=1087.303	_	_	_	_
521-0	TOR001	521	521	0	mh	mh	_	_	_	_	_	linguistic	_	none	_	Begin=1087.4	_	_	_	_
521-1	TOR001	521	521	1	mh	mh	_	_	_	_	_	linguistic	_	none	_	End=1087.71	_	_	_	_
522-0	TOR001	522	522	0	e::hm::	ehm	_	_	_	_	_	linguistic	_	none	_	Begin=1088.496	0x2,2x2	_	_	_
522-1	TOR001	522	522	1	sei	sei	_	_	_	_	_	linguistic	_	none	_	_	_	_	_	_
522-2	TOR001	522	522	2	contento	contento	_	_	_	_	_	linguistic	_	none	_	_	_	_	_	_
522-3	TOR001	522	522	3	complessivamente	complessivamente	_	_	_	_	_	linguistic	_	none	_	_	_	_	_	_
522-4	TOR001	522	522	4	della	della	_	_	_	_	_	linguistic	_	none	_	_	_	_	_	_
522-5	TOR001	522	522	5	tua	tua	_	_	_	_	_	linguistic	_	none	_	_	_	_	_	_
522-6	TOR001	522	522	6	città?	città	_	_	_	_	_	linguistic	_	none	Intonation=Rising	End=1091.893	_	_	_	_
523-0	TOI014	523	523	0	m:::h	mh	_	_	_	_	_	linguistic	_	none	_	Begin=1092.593	0x3	_	_	_
523-1	TOI014	523	523	1	abbastanza	abbastanza	_	_	_	_	_	linguistic	_	none	_	_	_	_	_	_
523-2	TOI014	523	523	2	non	non	_	_	_	_	_	linguistic	_	none	_	_	_	_	_	_
523-3	TOI014	523	523	3	tropp[o]	troppo	_	_	_	_	_	linguistic	_	none	_	End=1095.193	_	_	_	5-6(98)
524-0	TOR001	524	524	0	[o]kay	okay	_	_	_	_	_	linguistic	_	none	_	Begin=1095.065	_	_	_	0-1(98)
524-1	TOR001	524	524	1	{ride}	{ride}	_	_	_	_	_	nonverbalbehavior	_	none	_	End=1095.807	_	_	_	_
525-0	TOI014	525	525	0	e:::h	eh	_	_	_	_	_	linguistic	_	none	_	Begin=1096.903|End=1097.613	0x3	_	_	_
526-0	TOI014	526	526	0	sì:.	sì	_	_	_	_	_	linguistic	_	none	Intonation=Falling|PauseAfter=Yes	Begin=1098.193	1x1	_	_	_
526-1	TOI014	526	526	1	{P}	{P}	_	_	_	_	_	shortpause	_	none	_	_	_	_	_	_
526-2	TOI014	526	526	2	ci	ci	_	_	_	_	_	linguistic	_	none	_	_	_	_	_	_
526-3	TOI014	526	526	3	fossero::	fossero	_	_	_	_	_	linguistic	_	none	_	End=1099.896	6x2	_	_	_
527-0	TOI014	527	527	0	m:::h	mh	_	_	_	_	_	linguistic	_	none	_	Begin=1100.6|End=1101.407	0x3	_	_	_
528-0	TOI014	528	528	0	tutte	tutte	_	_	_	_	_	linguistic	_	none	_	Begin=1101.993	_	_	_	_
528-1	TOI014	528	528	1	le	le	_	_	_	_	_	linguistic	_	none	_	_	_	_	_	_
528-2	TOI014	528	528	2	risorse	risorse	_	_	_	_	_	linguistic	_	none	_	_	_	_	_	_
528-3	TOI014	528	528	3	che::	che	_	_	_	_	_	linguistic	_	none	PauseAfter=Yes	_	2x2	_	_	_
528-4	TOI014	528	528	4	{P}	{P}	_	_	_	_	_	shortpause	_	none	_	_	_	_	_	_
528-5	TOI014	528	528	5	del	del	_	_	_	_	_	linguistic	_	none	_	_	_	_	_	_
528-6	TOI014	528	528	6	quale	quale	_	_	_	_	_	linguistic	_	none	_	_	_	_	_	_
528-7	TOI014	528	528	7	ho	ho	_	_	_	_	_	linguistic	_	none	_	_	_	_	_	_
528-8	TOI014	528	528	8	bisogno	bisogno	_	_	_	_	_	linguistic	_	none	_	_	_	_	_	_
528-9	TOI014	528	528	9	io	io	_	_	_	_	_	linguistic	_	none	_	End=1104.71	_	_	_	_
529-0	TOI014	529	529	0	la	la	_	_	_	_	_	linguistic	_	none	_	Begin=1105.2	_	_	_	_
529-1	TOI014	529	529	1	penserei	penserei	_	_	_	_	_	linguistic	_	none	_	_	_	_	_	_
529-2	TOI014	529	529	2	diversamente	diversamente	_	_	_	_	_	linguistic	_	none	_	_	_	_	_	_
529-3	TOI014	529	529	3	ecco	ecco	_	_	_	_	_	linguistic	_	none	PauseAfter=Yes	_	_	_	_	_
529-4	TOI014	529	529	4	{P}	{P}	_	_	_	_	_	shortpause	_	none	_	_	_	_	_	_
529-5	TOI014	529	529	5	ci	ci	_	_	_	_	_	linguistic	_	none	_	_	_	_	_	_
529-6	TOI014	529	529	6	fossero::	fossero	_	_	_	_	_	linguistic	_	none	_	End=1107.829	6x2	_	_	_
530-0	TOI014	530	530	0	ci	ci	_	_	_	_	_	linguistic	_	none	_	Begin=1108.089	_	_	_	_
530-1	TOI014	530	530	1	fosse	fosse	_	_	_	_	_	linguistic	_	none	_	_	_	_	_	_
530-2	TOI014	530	530	2	la	la	_	_	_	_	_	linguistic	_	none	_	_	_	_	_	_
530-3	TOI014	530	530	3	metropolitana::	metropolitana	_	_	_	_	_	linguistic	_	none	_	_	12x2	_	_	_
530-4	TOI014	530	530	4	in	in	_	_	_	_	_	linguistic	_	none	_	_	_	_	_	_
530-5	TOI014	530	530	5	tutta	tutta	_	_	_	_	_	linguistic	_	none	_	_	_	_	_	_
530-6	TOI014	530	530	6	la	la	_	_	_	_	_	linguistic	_	none	_	_	_	_	_	_
530-7	TOI014	530	530	7	città:::	città	_	_	_	_	_	linguistic	_	none	_	End=1110.8	4x3	_	_	_
531-0	TOI014	531	531	0	ci	ci	_	_	_	_	_	linguistic	_	none	_	Begin=1111.407	_	_	_	_
531-1	TOI014	531	531	1	fosse:	fosse	_	_	_	_	_	linguistic	_	none	_	_	4x1	_	_	_
531-2	TOI014	531	531	2	più	più	_	_	_	_	_	linguistic	_	none	_	_	_	_	_	_
531-3	TOI014	531	531	3	richiesta:::	richiesta	_	_	_	_	_	linguistic	_	none	_	End=1113.709	8x3	_	_	_
532-0	TOI014	532	532	0	m::h	mh	_	_	_	_	_	linguistic	_	none	_	Begin=1114.2	0x2	_	_	_
532-1	TOI014	532	532	1	lavorativa	lavorativa	_	_	_	_	_	linguistic	_	none	_	_	_	_	_	_
532-2	TOI014	532	532	2	magari::	magari	_	_	_	_	_	linguistic	_	none	_	End=1116.793	5x2	_	_	_
533-0	TOI014	533	533	0	penserei	penserei	_	_	_	_	_	linguistic	_	none	_	Begin=1117.4	_	_	_	_
533-1	TOI014	533	533	1	a	a	_	_	_	_	_	linguistic	_	none	_	_	_	_	_	_
533-2	TOI014	533	533	2	rimanere	rimanere	_	_	_	_	_	linguistic	_	none	_	_	_	_	_	_
533-3	TOI014	533	533	3	qua	qua	_	_	_	_	_	linguistic	_	none	_	_	_	_	_	_
533-4	TOI014	533	533	4	più	più	_	_	_	_	_	linguistic	_	none	_	_	_	_	_	_
533-5	TOI014	533	533	5	tempo	tempo	_	_	_	_	_	linguistic	_	none	_	_	_	_	_	_
533-6	TOI014	533	533	6	ecco	ecco	_	_	_	_	_	linguistic	_	none	_	End=1119.489	_	_	_	_
534-0	TOR001	534	534	0	mh	mh	_	_	_	_	_	linguistic	_	none	_	Begin=1119.508	_	_	_	_
534-1	TOR001	534	534	1	[mh]	mh	_	_	_	_	_	linguistic	_	none	_	End=1120.0	_	_	_	0-2(99)
535-0	TOI014	535	535	0	[invece	invece	_	_	_	_	_	linguistic	_	none	_	Begin=1119.696	_	_	_	0-6(99)
535-1	TOI014	535	535	1	mi]	mi	_	_	_	_	_	linguistic	_	none	_	_	_	_	_	0-2(99)
535-2	TOI014	535	535	2	sento	sento	_	_	_	_	_	linguistic	_	none	_	_	_	_	_	_
535-3	TOI014	535	535	3	proprio	proprio	_	_	_	_	_	linguistic	_	none	_	_	_	_	_	_
535-4	TOI014	535	535	4	costretto	costretto	_	_	_	_	_	linguistic	_	none	_	_	_	_	_	_
535-5	TOI014	535	535	5	io	io	_	_	_	_	_	linguistic	_	none	_	_	_	_	_	_
535-6	TOI014	535	535	6	a	a	_	_	_	_	_	linguistic	_	none	_	_	_	_	_	_
535-7	TOI014	535	535	7	dovermi	dovermi	_	_	_	_	_	linguistic	_	none	_	_	_	_	_	_
535-8	TOI014	535	535	8	spostare	spostare	_	_	_	_	_	linguistic	_	none	_	_	_	_	_	_
535-9	TOI014	535	535	9	per	per	_	_	_	_	_	linguistic	_	none	_	_	_	_	_	_
535-10	TOI014	535	535	10	fare	fare	_	_	_	_	_	linguistic	_	none	_	_	_	_	_	_
535-11	TOI014	535	535	11	quello	quello	_	_	_	_	_	linguistic	_	none	_	_	_	_	_	_
535-12	TOI014	535	535	12	che:	che	_	_	_	_	_	linguistic	_	none	_	_	2x1	_	_	_
535-13	TOI014	535	535	13	che	che	_	_	_	_	_	linguistic	_	none	_	_	_	_	_	_
535-14	TOI014	535	535	14	voglio	voglio	_	_	_	_	_	linguistic	_	none	_	End=1123.596	_	_	_	_
536-0	TOR001	536	536	0	mh	mh	_	_	_	_	_	linguistic	_	none	_	Begin=1123.807	_	_	_	_
536-1	TOR001	536	536	1	mh	mh	_	_	_	_	_	linguistic	_	none	_	End=1124.207	_	_	_	_
537-0	TOR001	537	537	0	okay	okay	_	_	_	_	_	linguistic	_	none	PauseAfter=Yes	Begin=1124.696	_	_	_	_
537-1	TOR001	537	537	1	{P}	{P}	_	_	_	_	_	shortpause	_	none	_	_	_	_	_	_
537-2	TOR001	537	537	2	e	e	_	_	_	_	_	linguistic	_	none	_	_	_	_	_	_
537-3	TOR001	537	537	3	per	per	_	_	_	_	_	linguistic	_	none	_	_	_	_	_	_
537-4	TOR001	537	537	4	questo	questo	_	_	_	_	_	linguistic	_	none	_	_	_	_	_	_
537-5	TOR001	537	537	5	punteresti	punteresti	_	_	_	_	_	linguistic	_	none	_	_	_	_	_	_
537-6	TOR001	537	537	6	direttamente	direttamente	_	_	_	_	_	linguistic	_	none	_	_	_	_	_	_
537-7	TOR001	537	537	7	all'	all'	_	_	_	_	_	linguistic	_	none	SpaceAfter=No	_	_	_	_	_
537-8	TOR001	537	537	8	estero?	estero	_	_	_	_	_	linguistic	_	none	Intonation=Rising	End=1127.903	_	_	_	_
538-0	TOI014	538	538	0	esatto	esatto	_	_	_	_	_	linguistic	_	none	PauseAfter=Yes	Begin=1128.096	_	_	_	_
538-1	TOI014	538	538	1	{P}	{P}	_	_	_	_	_	shortpause	_	none	_	_	_	_	_	_
538-2	TOI014	538	538	2	punterei	punterei	_	_	_	_	_	linguistic	_	none	_	_	_	_	_	_
538-3	TOI014	538	538	3	alla	alla	_	_	_	_	_	linguistic	_	none	_	_	_	_	_	_
538-4	TOI014	538	538	4	spagna	spagna	_	_	_	_	_	linguistic	_	none	_	_	_	_	_	_
538-5	TOI014	538	538	5	sì.	sì	_	_	_	_	_	linguistic	_	none	Intonation=Falling	End=1130.4	_	_	_	_
539-0	TOR001	539	539	0	okay	okay	_	_	_	_	_	linguistic	_	none	PauseAfter=Yes	Begin=1130.607	_	_	_	_
539-1	TOR001	539	539	1	{P}	{P}	_	_	_	_	_	shortpause	_	none	_	_	_	_	_	_
539-2	TOR001	539	539	2	e	e	_	_	_	_	_	linguistic	_	none	_	_	_	_	_	_
539-3	TOR001	539	539	3	ci	ci	_	_	_	_	_	linguistic	_	none	_	_	_	_	_	_
539-4	TOR001	539	539	4	sono	sono	_	_	_	_	_	linguistic	_	none	_	_	_	_	_	_
539-5	TOR001	539	539	5	invece	invece	_	_	_	_	_	linguistic	_	none	_	_	_	_	_	_
539-6	TOR001	539	539	6	aspetti	aspetti	_	_	_	_	_	linguistic	_	none	_	_	_	_	_	_
539-7	TOR001	539	539	7	positivi	positivi	_	_	_	_	_	linguistic	_	none	_	_	_	_	_	_
539-8	TOR001	539	539	8	di	di	_	_	_	_	_	linguistic	_	none	_	_	_	_	_	_
539-9	TOR001	539	539	9	torino?	torino	_	_	_	_	_	linguistic	_	none	Intonation=Rising	End=1133.607	_	_	_	_
540-0	TOR001	540	540	0	per	per	_	_	_	_	_	linguistic	_	none	_	Begin=1134.4	_	_	_	_
540-1	TOR001	540	540	1	te:?	te	_	_	_	_	_	linguistic	_	none	Intonation=Rising	_	1x1	_	_	_
540-2	TOR001	540	540	2	c(io)è	cioè	_	_	_	_	_	linguistic	_	none	_	_	_	_	1-3(0)	_
540-3	TOR001	540	540	3	per:::::	per	_	_	_	_	_	linguistic	_	none	PauseAfter=Yes	_	2x5	_	_	_
540-4	TOR001	540	540	4	{P}	{P}	_	_	_	_	_	shortpause	_	none	_	_	_	_	_	_
540-5	TOR001	540	540	5	il	il	_	_	_	_	_	linguistic	_	none	_	_	_	_	_	_
540-6	TOR001	540	540	6	tuo	tuo	_	_	_	_	_	linguistic	_	none	_	_	_	_	_	_
540-7	TOR001	540	540	7	quotidiano	quotidiano	_	_	_	_	_	linguistic	_	none	_	_	_	_	_	_
540-8	TOR001	540	540	8	dico	dico	_	_	_	_	_	linguistic	_	none	_	End=1137.407	_	_	_	_
541-0	TOI014	541	541	0	e::::h	eh	_	_	_	_	_	linguistic	_	none	_	Begin=1138.2|End=1139.213	0x4	_	_	_
542-0	TOI014	542	542	0	sincero:::	sincero	_	_	_	_	_	linguistic	_	none	_	Begin=1140.096	6x3	_	_	_
542-1	TOI014	542	542	1	io	io	_	_	_	_	_	linguistic	_	none	_	_	_	_	_	_
542-2	TOI014	542	542	2	in	in	_	_	_	_	_	linguistic	_	none	_	_	_	_	_	_
542-3	TOI014	542	542	3	questo	questo	_	_	_	_	_	linguistic	_	none	_	_	_	_	_	_
542-4	TOI014	542	542	4	periodo	periodo	_	_	_	_	_	linguistic	_	none	_	_	_	_	_	_
542-5	TOI014	542	542	5	sto	sto	_	_	_	_	_	linguistic	_	none	_	_	_	_	_	_
542-6	TOI014	542	542	6	vivendo	vivendo	_	_	_	_	_	linguistic	_	none	_	_	_	_	_	_
542-7	TOI014	542	542	7	la	la	_	_	_	_	_	linguistic	_	none	_	_	_	_	_	_
542-8	TOI014	542	542	8	città::::	città	_	_	_	_	_	linguistic	_	none	_	End=1143.51	4x4	_	_	_
543-0	TOI014	543	543	0	come	come	_	_	_	_	_	linguistic	_	none	_	Begin=1144.71	_	_	_	_
543-1	TOI014	543	543	1	se	se	_	_	_	_	_	linguistic	_	none	_	_	_	_	_	_
543-2	TOI014	543	543	2	ne	ne	_	_	_	_	_	linguistic	_	none	_	_	_	_	_	_
543-3	TOI014	543	543	3	fossi	fossi	_	_	_	_	_	linguistic	_	none	_	_	_	_	_	_
543-4	TOI014	543	543	4	costretto	costretto	_	_	_	_	_	linguistic	_	none	_	_	_	_	_	_
543-5	TOI014	543	543	5	ecco	ecco	_	_	_	_	_	linguistic	_	none	_	_	_	_	_	_
543-6	TOI014	543	543	6	perché::::::	perché	_	_	_	_	_	linguistic	_	none	_	End=1147.668	5x6	_	_	_
544-0	TOI014	544	544	0	avrei	avrei	_	_	_	_	_	linguistic	_	none	_	Begin=1148.103	_	_	_	_
544-1	TOI014	544	544	1	voluto	voluto	_	_	_	_	_	linguistic	_	none	_	_	_	_	_	_
544-2	TOI014	544	544	2	restare	restare	_	_	_	_	_	linguistic	_	none	_	_	_	_	_	_
544-3	TOI014	544	544	3	in	in	_	_	_	_	_	linguistic	_	none	_	_	_	_	_	_
544-4	TOI014	544	544	4	spagna	spagna	_	_	_	_	_	linguistic	_	none	_	_	_	_	_	_
544-5	TOI014	544	544	5	di	di	_	_	_	_	_	linguistic	_	none	_	_	_	_	_	_
544-6	TOI014	544	544	6	conseguenza:::::	conseguenza	_	_	_	_	_	linguistic	_	none	_	End=1151.207	10x5	_	_	_
545-0	TOI014	545	545	0	faccio	faccio	_	_	_	_	_	linguistic	_	none	_	Begin=1151.593	_	_	_	_
545-1	TOI014	545	545	1	fatica	fatica	_	_	_	_	_	linguistic	_	none	_	_	_	_	_	_
545-2	TOI014	545	545	2	a::	a	_	_	_	_	_	linguistic	_	none	_	_	0x2	_	_	_
545-3	TOI014	545	545	3	trovarmi	trovarmi	_	_	_	_	_	linguistic	_	none	_	_	_	_	_	_
545-4	TOI014	545	545	4	bene	bene	_	_	_	_	_	linguistic	_	none	_	_	_	_	_	_
545-5	TOI014	545	545	5	in	in	_	_	_	_	_	linguistic	_	none	_	_	_	_	_	_
545-6	TOI014	545	545	6	quella	quella	_	_	_	_	_	linguistic	_	none	_	_	_	_	_	_
545-7	TOI014	545	545	7	che	che	_	_	_	_	_	linguistic	_	none	_	_	_	_	_	_
545-8	TOI014	545	545	8	é	é	_	_	_	_	_	linguistic	_	none	_	_	_	_	_	_
545-9	TOI014	545	545	9	la	la	_	_	_	_	_	linguistic	_	none	_	_	_	_	_	_
545-10	TOI014	545	545	10	realtà	realtà	_	_	_	_	_	linguistic	_	none	_	_	_	_	_	_
545-11	TOI014	545	545	11	per	per	_	_	_	_	_	linguistic	_	none	_	_	_	_	_	_
545-12	TOI014	545	545	12	me	me	_	_	_	_	_	linguistic	_	none	_	_	_	_	_	_
545-13	TOI014	545	545	13	qua	qua	_	_	_	_	_	linguistic	_	none	_	_	_	_	_	_
545-14	TOI014	545	545	14	adesso	adesso	_	_	_	_	_	linguistic	_	none	_	End=1155.207	_	_	_	_
546-0	TOI014	546	546	0	[perché	perché	_	_	_	_	_	linguistic	_	none	_	Begin=1155.289	_	_	_	0-6(100)
546-1	TOI014	546	546	1	mi	mi	_	_	_	_	_	linguistic	_	none	_	_	_	_	_	0-2(100)
546-2	TOI014	546	546	2	e]ro	ero	_	_	_	_	_	linguistic	_	none	_	_	_	_	_	0-1(100)
546-3	TOI014	546	546	3	abituato	abituato	_	_	_	_	_	linguistic	_	none	_	_	_	_	_	_
546-4	TOI014	546	546	4	a::	a	_	_	_	_	_	linguistic	_	none	_	_	0x2	_	_	_
546-5	TOI014	546	546	5	una	una	_	_	_	_	_	linguistic	_	none	_	_	_	_	_	_
546-6	TOI014	546	546	6	quotidianità	quotidianità	_	_	_	_	_	linguistic	_	none	_	_	_	_	_	_
546-7	TOI014	546	546	7	diversa	diversa	_	_	_	_	_	linguistic	_	none	_	End=1158.006	_	_	_	_
547-0	TOR001	547	547	0	[mh	mh	_	_	_	_	_	linguistic	_	none	_	Begin=1155.31	_	_	_	0-2(100)
547-1	TOR001	547	547	1	mh]	mh	_	_	_	_	_	linguistic	_	none	_	End=1155.71	_	_	_	0-2(100)
548-0	TOI014	548	548	0	e	e	_	_	_	_	_	linguistic	_	none	_	Begin=1158.6	_	_	_	_
548-1	TOI014	548	548	1	mi	mi	_	_	_	_	_	linguistic	_	none	_	_	_	_	_	_
548-2	TOI014	548	548	2	piaceva	piaceva	_	_	_	_	_	linguistic	_	none	_	_	_	_	_	_
548-3	TOI014	548	548	3	più	più	_	_	_	_	_	linguistic	_	none	_	_	_	_	_	_
548-4	TOI014	548	548	4	di	di	_	_	_	_	_	linguistic	_	none	_	_	_	_	_	_
548-5	TOI014	548	548	5	quella	quella	_	_	_	_	_	linguistic	_	none	_	_	_	_	_	_
548-6	TOI014	548	548	6	che	che	_	_	_	_	_	linguistic	_	none	_	_	_	_	_	_
548-7	TOI014	548	548	7	é	é	_	_	_	_	_	linguistic	_	none	_	_	_	_	_	_
548-8	TOI014	548	548	8	qui.	qui	_	_	_	_	_	linguistic	_	none	Intonation=Falling	End=1160.71	_	_	_	_
549-0	TOR001	549	549	0	ok[ay]	okay	_	_	_	_	_	linguistic	_	none	_	Begin=1161.096|End=1161.517	_	_	_	2-4(101)
550-0	TOI014	550	550	0	[quin]di::	quindi	_	_	_	_	_	linguistic	_	none	PauseAfter=Yes	Begin=1161.303	5x2	_	_	0-4(101)
550-1	TOI014	550	550	1	{P}	{P}	_	_	_	_	_	shortpause	_	none	_	_	_	_	_	_
550-2	TOI014	550	550	2	sto	sto	_	_	_	_	_	linguistic	_	none	_	_	_	_	_	_
550-3	TOI014	550	550	3	aspettando	aspettando	_	_	_	_	_	linguistic	_	none	_	_	_	_	_	_
550-4	TOI014	550	550	4	di	di	_	_	_	_	_	linguistic	_	none	_	_	_	_	_	_
550-5	TOI014	550	550	5	trovare	trovare	_	_	_	_	_	linguistic	_	none	_	_	_	_	_	_
550-6	TOI014	550	550	6	un'	un'	_	_	_	_	_	linguistic	_	none	SpaceAfter=No	_	_	_	_	_
550-7	TOI014	550	550	7	occupazione	occupazione	_	_	_	_	_	linguistic	_	none	_	_	_	_	_	_
550-8	TOI014	550	550	8	per	per	_	_	_	_	_	linguistic	_	none	_	_	_	_	_	_
550-9	TOI014	550	550	9	poter	poter	_	_	_	_	_	linguistic	_	none	_	_	_	_	_	_
550-10	TOI014	550	550	10	poi	poi	_	_	_	_	_	linguistic	_	none	_	_	_	_	_	_
550-11	TOI014	550	550	11	ripartir[e]	ripartire	_	_	_	_	_	linguistic	_	none	_	End=1166.103	_	_	_	7-9(102)
551-0	TOR001	551	551	0	[sp]ostarti	spostarti	_	_	_	_	_	linguistic	_	none	_	Begin=1166.0|End=1166.82	_	_	_	0-2(102)
552-0	TOI014	552	552	0	s[ì]	sì	_	_	_	_	_	linguistic	_	none	_	Begin=1166.82|End=1167.2	_	_	_	1-2(103)
553-0	TOR001	553	553	0	[o]kay	okay	_	_	_	_	_	linguistic	_	none	_	Begin=1166.993|End=1167.424	_	_	_	0-1(103)
554-0	TOR001	554	554	0	ma	ma	_	_	_	_	_	linguistic	_	none	_	Begin=1167.696	_	_	_	_
554-1	TOR001	554	554	1	tu	tu	_	_	_	_	_	linguistic	_	none	_	_	_	_	_	_
554-2	TOR001	554	554	2	qui	qui	_	_	_	_	_	linguistic	_	none	_	_	_	_	_	_
554-3	TOR001	554	554	3	vivi	vivi	_	_	_	_	_	linguistic	_	none	_	_	_	_	_	_
554-4	TOR001	554	554	4	con	con	_	_	_	_	_	linguistic	_	none	_	_	_	_	_	_
554-5	TOR001	554	554	5	i	i	_	_	_	_	_	linguistic	_	none	_	_	_	_	_	_
554-6	TOR001	554	554	6	tuoi?	tuoi	_	_	_	_	_	linguistic	_	none	Intonation=Rising	End=1169.0	_	_	_	_
555-0	TOI014	555	555	0	io	io	_	_	_	_	_	linguistic	_	none	_	Begin=1169.022	_	_	_	_
555-1	TOI014	555	555	1	qui	qui	_	_	_	_	_	linguistic	_	none	_	_	_	_	_	_
555-2	TOI014	555	555	2	vivo	vivo	_	_	_	_	_	linguistic	_	none	_	_	_	_	_	_
555-3	TOI014	555	555	3	con	con	_	_	_	_	_	linguistic	_	none	_	_	_	_	_	_
555-4	TOI014	555	555	4	[i	i	_	_	_	_	_	linguistic	_	none	_	_	_	_	_	0-1(104)
555-5	TOI014	555	555	5	miei	miei	_	_	_	_	_	linguistic	_	none	_	_	_	_	_	0-4(104)
555-6	TOI014	555	555	6	sì]	sì	_	_	_	_	_	linguistic	_	none	_	End=1170.089	_	_	_	0-2(104)
556-0	TOR001	556	556	0	[okay]	okay	_	_	_	_	_	linguistic	_	none	_	Begin=1169.682	_	_	_	0-4(104)
556-1	TOR001	556	556	1	mentre	mentre	_	_	_	_	_	linguistic	_	none	_	_	_	_	_	_
556-2	TOR001	556	556	2	invece	invece	_	_	_	_	_	linguistic	_	none	_	_	_	_	_	_
556-3	TOR001	556	556	3	lì	lì	_	_	_	_	_	linguistic	_	none	_	_	_	_	_	_
556-4	TOR001	556	556	4	eri:	eri	_	_	_	_	_	linguistic	_	none	PauseAfter=Yes	_	2x1	_	_	_
556-5	TOR001	556	556	5	{P}	{P}	_	_	_	_	_	shortpause	_	none	_	_	_	_	_	_
556-6	TOR001	556	556	6	[da	da	_	_	_	_	_	linguistic	_	none	_	_	_	_	_	0-2(105)
556-7	TOR001	556	556	7	solo]	solo	_	_	_	_	_	linguistic	_	none	_	End=1171.703	_	_	_	0-4(105)
557-0	TOI014	557	557	0	[lì	lì	_	_	_	_	_	linguistic	_	none	_	Begin=1171.096	_	_	_	0-2(105)
557-1	TOI014	557	557	1	ero	ero	_	_	_	_	_	linguistic	_	none	_	_	_	_	_	0-3(105)
557-2	TOI014	557	557	2	da	da	_	_	_	_	_	linguistic	_	none	_	_	_	_	_	0-2(105)
557-3	TOI014	557	557	3	so]lo:::	solo	_	_	_	_	_	linguistic	_	none	_	End=1172.207	3x3	_	_	0-2(105)
558-0	TOR001	558	558	0	quindi	quindi	_	_	_	_	_	linguistic	_	none	_	Begin=1172.296|End=1172.607	_	_	_	_
559-0	TOI014	559	559	0	totale	totale	_	_	_	_	_	linguistic	_	none	_	Begin=1172.607	_	_	_	_
559-1	TOI014	559	559	1	autonomia	autonomia	_	_	_	_	_	linguistic	_	none	_	_	_	_	_	_
559-2	TOI014	559	559	2	[ecco]	ecco	_	_	_	_	_	linguistic	_	none	_	End=1173.896	_	_	_	0-4(106)
560-0	TOR001	560	560	0	[qui]ndi	quindi	_	_	_	_	_	linguistic	_	none	_	Begin=1173.678	_	_	_	0-3(106)
560-1	TOR001	560	560	1	già	già	_	_	_	_	_	linguistic	_	none	_	_	_	_	_	_
560-2	TOR001	560	560	2	anhe	anhe	_	_	_	_	_	linguistic	_	none	_	_	_	_	_	_
560-3	TOR001	560	560	3	questo	questo	_	_	_	_	_	linguistic	_	none	_	_	_	_	_	_
560-4	TOR001	560	560	4	[forse	forse	_	_	_	_	_	linguistic	_	none	_	_	_	_	_	0-5(107)
560-5	TOR001	560	560	5	ha::]	ha	_	_	_	_	_	linguistic	_	none	_	_	1x2	_	_	0-2(107)
560-6	TOR001	560	560	6	{ride}	{ride}	_	_	_	_	_	nonverbalbehavior	_	none	_	End=1176.472	_	_	_	_
561-0	TOI014	561	561	0	[sì]	sì	_	_	_	_	_	linguistic	_	none	PauseAfter=Yes	Begin=1174.593	_	_	_	0-2(107)
561-1	TOI014	561	561	1	{P}	{P}	_	_	_	_	_	shortpause	_	none	_	_	_	_	_	_
561-2	TOI014	561	561	2	é	é	_	_	_	_	_	linguistic	_	none	_	_	_	_	_	_
561-3	TOI014	561	561	3	difficile	difficile	_	_	_	_	_	linguistic	_	none	_	_	_	_	_	_
561-4	TOI014	561	561	4	tornare	tornare	_	_	_	_	_	linguistic	_	none	_	_	_	_	_	_
561-5	TOI014	561	561	5	a	a	_	_	_	_	_	linguistic	_	none	_	_	_	_	_	_
561-6	TOI014	561	561	6	casa	casa	_	_	_	_	_	linguistic	_	none	_	_	_	_	_	_
561-7	TOI014	561	561	7	dopo	dopo	_	_	_	_	_	linguistic	_	none	_	_	_	_	_	_
561-8	TOI014	561	561	8	ch[e::]	che	_	_	_	_	_	linguistic	_	none	_	End=1177.593	2x2	_	_	2-3(108)
562-0	TOR001	562	562	0	[eh	eh	_	_	_	_	_	linguistic	_	none	_	Begin=1177.193	_	_	_	0-2(108)
562-1	TOR001	562	562	1	sì]	sì	_	_	_	_	_	linguistic	_	none	_	End=1177.592	_	_	_	0-2(108)
563-0	TOI014	563	563	0	si	si	_	_	_	_	_	linguistic	_	none	_	Begin=1178.096	_	_	_	_
563-1	TOI014	563	563	1	ha	ha	_	_	_	_	_	linguistic	_	none	_	_	_	_	_	_
563-2	TOI014	563	563	2	[vissuto]	vissuto	_	_	_	_	_	linguistic	_	none	PauseAfter=Yes	_	_	_	_	0-7(109)
563-3	TOI014	563	563	3	{P}	{P}	_	_	_	_	_	shortpause	_	none	_	_	_	_	_	_
563-4	TOI014	563	563	4	da	da	_	_	_	_	_	linguistic	_	none	_	_	_	_	_	_
563-5	TOI014	563	563	5	soli	soli	_	_	_	_	_	linguistic	_	none	_	_	_	_	_	_
563-6	TOI014	563	563	6	[ecco]	ecco	_	_	_	_	_	linguistic	_	none	_	End=1179.8	_	_	_	0-4(110)
564-0	TOR001	564	564	0	[certo]	certo	_	_	_	_	_	linguistic	_	none	_	Begin=1178.393|End=1178.703	_	_	_	0-5(109)
565-0	TOR002	565	565	0	[é]	é	_	_	_	_	_	linguistic	_	none	_	Begin=1179.593	_	_	_	0-1(110)
565-1	TOR002	565	565	1	una	una	_	_	_	_	_	linguistic	_	none	_	_	_	_	_	_
565-2	TOR002	565	565	2	merda	merda	_	_	_	_	_	linguistic	_	none	_	_	_	_	_	_
565-3	TOR002	565	565	3	non	non	_	_	_	_	_	linguistic	_	none	_	_	_	_	_	_
565-4	TOR002	565	565	4	é	é	_	_	_	_	_	linguistic	_	none	_	_	_	_	_	_
565-5	TOR002	565	565	5	difficile	difficile	_	_	_	_	_	linguistic	_	none	_	_	_	_	_	_
565-6	TOR002	565	565	6	{ride}	{ride}	_	_	_	_	_	nonverbalbehavior	_	none	_	End=1183.0	_	_	_	_
566-0	TOR001	566	566	0	{ride}	{ride}	_	_	_	_	_	nonverbalbehavior	_	none	_	Begin=1181.103|End=1183.0	_	_	_	_
567-0	TOR001	567	567	0	eh	eh	_	_	_	_	_	linguistic	_	none	_	Begin=1183.4	_	_	_	_
567-1	TOR001	567	567	1	si	si	_	_	_	_	_	linguistic	_	none	_	_	_	_	_	_
567-2	TOR001	567	567	2	vabbè	vabbè	_	_	_	_	_	linguistic	_	none	_	_	_	_	_	_
567-3	TOR001	567	567	3	per	per	_	_	_	_	_	linguistic	_	none	_	_	_	_	_	_
567-4	TOR001	567	567	4	[forza].	forza	_	_	_	_	_	linguistic	_	none	Intonation=Falling	End=1184.696	_	_	_	0-5(111)
568-0	TOR002	568	568	0	[ma	ma	_	_	_	_	_	linguistic	_	none	_	Begin=1184.289	_	_	_	0-2(111)
568-1	TOR002	568	568	1	io	io	_	_	_	_	_	linguistic	_	none	_	_	_	_	_	0-2(111)
568-2	TOR002	568	568	2	for]se	forse	_	_	_	_	_	linguistic	_	none	_	_	_	_	_	0-3(111)
568-3	TOR002	568	568	3	due	due	_	_	_	_	_	linguistic	_	none	_	_	_	_	_	_
568-4	TOR002	568	568	4	volte	volte	_	_	_	_	_	linguistic	_	none	_	_	_	_	_	_
568-5	TOR002	568	568	5	son	son	_	_	_	_	_	linguistic	_	none	_	_	_	_	_	_
568-6	TOR002	568	568	6	tornato	tornato	_	_	_	_	_	linguistic	_	none	_	_	_	_	_	_
568-7	TOR002	568	568	7	a	a	_	_	_	_	_	linguistic	_	none	_	_	_	_	_	_
568-8	TOR002	568	568	8	casa	casa	_	_	_	_	_	linguistic	_	none	_	_	_	_	_	_
568-9	TOR002	568	568	9	dopo	dopo	_	_	_	_	_	linguistic	_	none	_	_	_	_	_	_
568-10	TOR002	568	568	10	che	che	_	_	_	_	_	linguistic	_	none	_	_	_	_	_	_
568-11	TOR002	568	568	11	vivevo	vivevo	_	_	_	_	_	linguistic	_	none	_	_	_	_	_	_
568-12	TOR002	568	568	12	da	da	_	_	_	_	_	linguistic	_	none	_	_	_	_	_	_
568-13	TOR002	568	568	13	solo	solo	_	_	_	_	_	linguistic	_	none	_	_	_	_	_	_
568-14	TOR002	568	568	14	non	non	_	_	_	_	_	linguistic	_	none	_	_	_	_	_	_
568-15	TOR002	568	568	15	una	una	_	_	_	_	_	linguistic	_	none	_	End=1188.346	_	_	_	_
569-0	TOI014	569	569	0	hai	hai	_	_	_	_	_	linguistic	_	none	_	Begin=1188.496	_	_	_	_
569-1	TOI014	569	569	1	fatto	fatto	_	_	_	_	_	linguistic	_	none	_	_	_	_	_	_
569-2	TOI014	569	569	2	fatica?	fatica	_	_	_	_	_	linguistic	_	none	Intonation=Rising	End=1189.407	_	_	_	_
570-0	TOR002	570	570	0	ma	ma	_	_	_	_	_	linguistic	_	none	_	Begin=1190.703	_	_	_	_
570-1	TOR002	570	570	1	eh	eh	_	_	_	_	_	linguistic	_	none	_	_	_	_	_	_
570-2	TOR002	570	570	2	che	che	_	_	_	_	_	linguistic	_	none	_	_	_	_	_	_
570-3	TOR002	570	570	3	ho	ho	_	_	_	_	_	linguistic	_	none	_	_	_	_	_	_
570-4	TOR002	570	570	4	fatto	fatto	_	_	_	_	_	linguistic	_	none	_	_	_	_	_	_
570-5	TOR002	570	570	5	fati~	fati~	_	_	_	_	_	linguistic	_	none	Interrupted=Yes|PauseAfter=Yes	_	_	_	_	_
570-6	TOR002	570	570	6	{P}	{P}	_	_	_	_	_	shortpause	_	none	_	_	_	_	_	_
570-7	TOR002	570	570	7	non	non	_	_	_	_	_	linguistic	_	none	_	_	_	_	_	_
570-8	TOR002	570	570	8	c'	c'	_	_	_	_	_	linguistic	_	none	SpaceAfter=No	_	_	_	_	_
570-9	TOR002	570	570	9	era	era	_	_	_	_	_	linguistic	_	none	_	_	_	_	_	_
570-10	TOR002	570	570	10	più	più	_	_	_	_	_	linguistic	_	none	_	_	_	_	_	_
570-11	TOR002	570	570	11	spa~	spa~	_	_	_	_	_	linguistic	_	none	Interrupted=Yes	_	_	_	_	_
570-12	TOR002	570	570	12	mio	mio	_	_	_	_	_	linguistic	_	none	_	_	_	_	_	_
570-13	TOR002	570	570	13	fratello	fratello	_	_	_	_	_	linguistic	_	none	_	_	_	_	_	_
570-14	TOR002	570	570	14	si	si	_	_	_	_	_	linguistic	_	none	_	_	_	_	_	_
570-15	TOR002	570	570	15	é	é	_	_	_	_	_	linguistic	_	none	_	_	_	_	_	_
570-16	TOR002	570	570	16	espanso::	espanso	_	_	_	_	_	linguistic	_	none	_	_	6x2	_	_	_
570-17	TOR002	570	570	17	e	e	_	_	_	_	_	linguistic	_	none	_	_	_	_	_	_
570-18	TOR002	570	570	18	quindi::	quindi	_	_	_	_	_	linguistic	_	none	_	End=1195.51	5x2	_	_	_
571-0	TOR001	571	571	0	{ride}	{ride}	_	_	_	_	_	nonverbalbehavior	_	none	_	Begin=1194.207|End=1195.703	_	_	_	_
572-0	TOR002	572	572	0	camera	camera	_	_	_	_	_	linguistic	_	none	_	Begin=1195.582	_	_	_	_
572-1	TOR002	572	572	1	nostra	nostra	_	_	_	_	_	linguistic	_	none	_	_	_	_	_	_
572-2	TOR002	572	572	2	é	é	_	_	_	_	_	linguistic	_	none	_	_	_	_	_	_
572-3	TOR002	572	572	3	diventata	diventata	_	_	_	_	_	linguistic	_	none	_	_	_	_	_	_
572-4	TOR002	572	572	4	camera	camera	_	_	_	_	_	linguistic	_	none	_	_	_	_	_	_
572-5	TOR002	572	572	5	sua	sua	_	_	_	_	_	linguistic	_	none	_	_	_	_	_	_
572-6	TOR002	572	572	6	e:	e	_	_	_	_	_	linguistic	_	none	_	_	0x1	_	_	_
572-7	TOR002	572	572	7	quindi::	quindi	_	_	_	_	_	linguistic	_	none	_	_	5x2	_	_	_
572-8	TOR002	572	572	8	la	la	_	_	_	_	_	linguistic	_	none	_	_	_	_	_	_
572-9	TOR002	572	572	9	mia	mia	_	_	_	_	_	linguistic	_	none	_	_	_	_	_	_
572-10	TOR002	572	572	10	roba	roba	_	_	_	_	_	linguistic	_	none	_	End=1199.2	_	_	_	_
573-0	TOR002	573	573	0	e::h	eh	_	_	_	_	_	linguistic	_	none	_	Begin=1199.2	0x2	_	_	_
573-1	TOR002	573	573	1	eh	eh	_	_	_	_	_	linguistic	_	none	_	_	_	_	_	_
573-2	TOR002	573	573	2	é	é	_	_	_	_	_	linguistic	_	none	_	_	_	_	_	_
573-3	TOR002	573	573	3	rimasta	rimasta	_	_	_	_	_	linguistic	_	none	_	_	_	_	_	_
573-4	TOR002	573	573	4	negli	negli	_	_	_	_	_	linguistic	_	none	_	_	_	_	_	_
573-5	TOR002	573	573	5	scatoloni	scatoloni	_	_	_	_	_	linguistic	_	none	_	_	_	_	_	_
573-6	TOR002	573	573	6	finché	finché	_	_	_	_	_	linguistic	_	none	_	_	_	_	_	_
573-7	TOR002	573	573	7	non	non	_	_	_	_	_	linguistic	_	none	_	_	_	_	_	_
573-8	TOR002	573	573	8	me	me	_	_	_	_	_	linguistic	_	none	_	_	_	_	_	_
573-9	TOR002	573	573	9	ne	ne	_	_	_	_	_	linguistic	_	none	_	_	_	_	_	_
573-10	TOR002	573	573	10	sono	sono	_	_	_	_	_	linguistic	_	none	_	_	_	_	_	_
573-11	TOR002	573	573	11	andato	andato	_	_	_	_	_	linguistic	_	none	_	_	_	_	_	_
573-12	TOR002	573	573	12	un'	un'	_	_	_	_	_	linguistic	_	none	SpaceAfter=No	_	_	_	_	_
573-13	TOR002	573	573	13	altra	altra	_	_	_	_	_	linguistic	_	none	_	_	_	_	_	_
573-14	TOR002	573	573	14	volta	volta	_	_	_	_	_	linguistic	_	none	_	_	_	_	_	_
573-15	TOR002	573	573	15	{ride}	{ride}	_	_	_	_	_	nonverbalbehavior	_	none	_	End=1204.289	_	_	_	_
574-0	TOR001	574	574	0	quand'	quand'	_	_	_	_	_	linguistic	_	none	SpaceAfter=No	Begin=1203.896	_	_	_	_
574-1	TOR001	574	574	1	é	é	_	_	_	_	_	linguistic	_	none	_	_	_	_	_	_
574-2	TOR001	574	574	2	che	che	_	_	_	_	_	linguistic	_	none	_	_	_	_	_	_
574-3	TOR001	574	574	3	sei	sei	_	_	_	_	_	linguistic	_	none	_	_	_	_	_	_
574-4	TOR001	574	574	4	tornato	tornato	_	_	_	_	_	linguistic	_	none	_	_	_	_	_	_
574-5	TOR001	574	574	5	tu?	tu	_	_	_	_	_	linguistic	_	none	Intonation=Rising	End=1205.0	_	_	_	_
575-0	TOI014	575	575	0	{ride}	{ride}	_	_	_	_	_	nonverbalbehavior	_	none	_	Begin=1204.323|End=1204.999	_	_	_	_
576-0	TOR002	576	576	0	eh	eh	_	_	_	_	_	linguistic	_	none	_	Begin=1206.213	_	_	_	_
576-1	TOR002	576	576	1	io	io	_	_	_	_	_	linguistic	_	none	_	_	_	_	_	_
576-2	TOR002	576	576	2	son	son	_	_	_	_	_	linguistic	_	none	_	_	_	_	_	_
576-3	TOR002	576	576	3	tornato	tornato	_	_	_	_	_	linguistic	_	none	_	_	_	_	_	_
576-4	TOR002	576	576	4	dopo	dopo	_	_	_	_	_	linguistic	_	none	_	_	_	_	_	_
576-5	TOR002	576	576	5	la	la	_	_	_	_	_	linguistic	_	none	_	_	_	_	_	_
576-6	TOR002	576	576	6	germa~	germa~	_	_	_	_	_	linguistic	_	none	Interrupted=Yes	End=1208.407	_	_	_	_
577-0	TOR002	577	577	0	sì.	sì	_	_	_	_	_	linguistic	_	none	Intonation=Falling	Begin=1209.089|End=1209.496	_	_	_	_
578-0	TOR002	578	578	0	dopo	dopo	_	_	_	_	_	linguistic	_	none	_	Begin=1211.296	_	_	_	_
578-1	TOR002	578	578	1	la	la	_	_	_	_	_	linguistic	_	none	_	_	_	_	_	_
578-2	TOR002	578	578	2	germania:	germania	_	_	_	_	_	linguistic	_	none	_	_	7x1	_	_	_
578-3	TOR002	578	578	3	sono	sono	_	_	_	_	_	linguistic	_	none	_	_	_	_	_	_
578-4	TOR002	578	578	4	stato	stato	_	_	_	_	_	linguistic	_	none	_	_	_	_	_	_
578-5	TOR002	578	578	5	un	un	_	_	_	_	_	linguistic	_	none	_	_	_	_	_	_
578-6	TOR002	578	578	6	po'	po'	_	_	_	_	_	linguistic	_	none	_	_	_	_	_	_
578-7	TOR002	578	578	7	dai	dai	_	_	_	_	_	linguistic	_	none	_	_	_	_	_	_
578-8	TOR002	578	578	8	miei	miei	_	_	_	_	_	linguistic	_	none	_	End=1213.703	_	_	_	_
579-0	TOR001	579	579	0	che	che	_	_	_	_	_	linguistic	_	none	_	Begin=1214.096	_	_	_	_
579-1	TOR001	579	579	1	io	io	_	_	_	_	_	linguistic	_	none	_	_	_	_	_	_
579-2	TOR001	579	579	2	ero	ero	_	_	_	_	_	linguistic	_	none	_	_	_	_	_	_
579-3	TOR001	579	579	3	ancora	ancora	_	_	_	_	_	linguistic	_	none	_	_	_	_	_	_
579-4	TOR001	579	579	4	in	in	_	_	_	_	_	linguistic	_	none	_	_	_	_	_	_
579-5	TOR001	579	579	5	vanchiglia	vanchiglia	_	_	_	_	_	linguistic	_	none	_	End=1215.303	_	_	_	_
580-0	TOR002	580	580	0	che	che	_	_	_	_	_	linguistic	_	none	_	Begin=1215.32	_	_	_	_
580-1	TOR002	580	580	1	tu	tu	_	_	_	_	_	linguistic	_	none	_	_	_	_	_	_
580-2	TOR002	580	580	2	eri	eri	_	_	_	_	_	linguistic	_	none	_	_	_	_	_	_
580-3	TOR002	580	580	3	ancora	ancora	_	_	_	_	_	linguistic	_	none	_	_	_	_	_	_
580-4	TOR002	580	580	4	in	in	_	_	_	_	_	linguistic	_	none	_	_	_	_	_	_
580-5	TOR002	580	580	5	vanchiglia	vanchiglia	_	_	_	_	_	linguistic	_	none	_	End=1217.096	_	_	_	_
581-0	TOR002	581	581	0	e	e	_	_	_	_	_	linguistic	_	none	_	Begin=1217.503	_	_	_	_
581-1	TOR002	581	581	1	poi::	poi	_	_	_	_	_	linguistic	_	none	_	_	2x2	_	_	_
581-2	TOR002	581	581	2	e	e	_	_	_	_	_	linguistic	_	none	_	_	_	_	_	_
581-3	TOR002	581	581	3	prima	prima	_	_	_	_	_	linguistic	_	none	_	_	_	_	_	_
581-4	TOR002	581	581	4	ero	ero	_	_	_	_	_	linguistic	_	none	_	_	_	_	_	_
581-5	TOR002	581	581	5	stat~	stat~	_	_	_	_	_	linguistic	_	none	Interrupted=Yes	_	_	_	_	_
581-6	TOR002	581	581	6	e	e	_	_	_	_	_	linguistic	_	none	_	_	_	_	_	_
581-7	TOR002	581	581	7	poi	poi	_	_	_	_	_	linguistic	_	none	_	_	_	_	_	_
581-8	TOR002	581	581	8	durante	durante	_	_	_	_	_	linguistic	_	none	_	_	_	_	_	_
581-9	TOR002	581	581	9	il	il	_	_	_	_	_	linguistic	_	none	_	_	_	_	_	_
581-10	TOR002	581	581	10	dottorato	dottorato	_	_	_	_	_	linguistic	_	none	_	_	_	_	_	_
581-11	TOR002	581	581	11	stavo	stavo	_	_	_	_	_	linguistic	_	none	_	_	_	_	_	_
581-12	TOR002	581	581	12	dai	dai	_	_	_	_	_	linguistic	_	none	_	_	_	_	_	_
581-13	TOR002	581	581	13	miei	miei	_	_	_	_	_	linguistic	_	none	_	_	_	_	_	_
581-14	TOR002	581	581	14	però	però	_	_	_	_	_	linguistic	_	none	_	_	_	_	_	_
581-15	TOR002	581	581	15	prima	prima	_	_	_	_	_	linguistic	_	none	_	_	_	_	_	_
581-16	TOR002	581	581	16	ero	ero	_	_	_	_	_	linguistic	_	none	_	_	_	_	_	_
581-17	TOR002	581	581	17	stato	stato	_	_	_	_	_	linguistic	_	none	_	_	_	_	_	_
581-18	TOR002	581	581	18	in	in	_	_	_	_	_	linguistic	_	none	_	_	_	_	_	_
581-19	TOR002	581	581	19	collegio	collegio	_	_	_	_	_	linguistic	_	none	_	End=1223.208	_	_	_	_
582-0	TOR001	582	582	0	e	e	_	_	_	_	_	linguistic	_	none	_	Begin=1223.696	_	_	_	_
582-1	TOR001	582	582	1	poi	poi	_	_	_	_	_	linguistic	_	none	_	_	_	_	_	_
582-2	TOR001	582	582	2	sei	sei	_	_	_	_	_	linguistic	_	none	_	_	_	_	_	_
582-3	TOR001	582	582	3	andato:	andato	_	_	_	_	_	linguistic	_	none	_	_	5x1	_	_	_
582-4	TOR001	582	582	4	da	da	_	_	_	_	_	linguistic	_	none	_	_	_	_	_	_
582-5	TOR001	582	582	5	giulio	giulio	_	_	_	_	_	linguistic	_	none	_	End=1225.11	_	_	_	_
583-0	TOR002	583	583	0	poi	poi	_	_	_	_	_	linguistic	_	none	_	Begin=1225.296	_	_	_	_
583-1	TOR002	583	583	1	sono	sono	_	_	_	_	_	linguistic	_	none	_	_	_	_	_	_
583-2	TOR002	583	583	2	stato	stato	_	_	_	_	_	linguistic	_	none	_	_	_	_	_	_
583-3	TOR002	583	583	3	da	da	_	_	_	_	_	linguistic	_	none	_	_	_	_	_	_
583-4	TOR002	583	583	4	giulio	giulio	_	_	_	_	_	linguistic	_	none	_	_	_	_	_	_
583-5	TOR002	583	583	5	e	e	_	_	_	_	_	linguistic	_	none	_	_	_	_	_	_
583-6	TOR002	583	583	6	poi	poi	_	_	_	_	_	linguistic	_	none	_	_	_	_	_	_
583-7	TOR002	583	583	7	son	son	_	_	_	_	_	linguistic	_	none	_	_	_	_	_	_
583-8	TOR002	583	583	8	stato::	stato	_	_	_	_	_	linguistic	_	none	_	_	4x2	_	_	_
583-9	TOR002	583	583	9	bast[a]	basta	_	_	_	_	_	linguistic	_	none	_	End=1228.11	_	_	_	4-5(113)
584-0	TOR001	584	584	0	[un	un	_	_	_	_	_	linguistic	_	none	_	Begin=1227.992	_	_	_	0-2(113)
584-1	TOR001	584	584	1	n]omade	nomade	_	_	_	_	_	linguistic	_	none	_	_	_	_	_	0-1(113)
584-2	TOR001	584	584	2	praticamente	praticamente	_	_	_	_	_	linguistic	_	none	_	_	_	_	_	_
584-3	TOR001	584	584	3	{ride}	{ride}	_	_	_	_	_	nonverbalbehavior	_	none	_	End=1230.31	_	_	_	_
585-0	TOR002	585	585	0	{ride}	{ride}	_	_	_	_	_	nonverbalbehavior	_	none	_	Begin=1229.582|End=1230.306	_	_	_	_
586-0	TOR001	586	586	0	no	no	_	_	_	_	_	linguistic	_	none	_	Begin=1230.903	_	_	_	_
586-1	TOR001	586	586	1	però	però	_	_	_	_	_	linguistic	_	none	_	_	_	_	_	_
586-2	TOR001	586	586	2	é	é	_	_	_	_	_	linguistic	_	none	_	_	_	_	_	_
586-3	TOR001	586	586	3	vero	vero	_	_	_	_	_	linguistic	_	none	_	_	_	_	_	_
586-4	TOR001	586	586	4	c(io)è	cioè	_	_	_	_	_	linguistic	_	none	_	_	_	_	1-3(0)	_
586-5	TOR001	586	586	5	quando	quando	_	_	_	_	_	linguistic	_	none	_	_	_	_	_	_
586-6	TOR001	586	586	6	stai	stai	_	_	_	_	_	linguistic	_	none	_	_	_	_	_	_
586-7	TOR001	586	586	7	fuori	fuori	_	_	_	_	_	linguistic	_	none	_	_	_	_	_	_
586-8	TOR001	586	586	8	casa	casa	_	_	_	_	_	linguistic	_	none	_	_	_	_	_	_
586-9	TOR001	586	586	9	poi:	poi	_	_	_	_	_	linguistic	_	none	_	_	2x1	_	_	_
586-10	TOR001	586	586	10	rientrare	rientrare	_	_	_	_	_	linguistic	_	none	_	_	_	_	_	_
586-11	TOR001	586	586	11	coi	coi	_	_	_	_	_	linguistic	_	none	_	_	_	_	_	_
586-12	TOR001	586	586	12	tuoi	tuoi	_	_	_	_	_	linguistic	_	none	_	_	_	_	_	_
586-13	TOR001	586	586	13	é:::	é	_	_	_	_	_	linguistic	_	none	_	End=1235.103	0x3	_	_	_
587-0	TOI014	587	587	0	é	é	_	_	_	_	_	linguistic	_	none	_	Begin=1235.105	_	_	_	_
587-1	TOI014	587	587	1	difficile	difficile	_	_	_	_	_	linguistic	_	none	_	End=1235.8	_	_	_	_
588-0	TOR001	588	588	0	c(io)è	cioè	_	_	_	_	_	linguistic	_	none	_	Begin=1235.804	_	_	1-3(0)	_
588-1	TOR001	588	588	1	ti	ti	_	_	_	_	_	linguistic	_	none	_	_	_	_	_	_
588-2	TOR001	588	588	2	ricambia	ricambia	_	_	_	_	_	linguistic	_	none	_	_	_	_	_	_
588-3	TOR001	588	588	3	qualunque	qualunque	_	_	_	_	_	linguistic	_	none	PauseAfter=Yes	_	_	_	_	_
588-4	TOR001	588	588	4	{P}	{P}	_	_	_	_	_	shortpause	_	none	_	_	_	_	_	_
588-5	TOR001	588	588	5	dinamica	dinamica	_	_	_	_	_	linguistic	_	none	_	_	_	_	_	_
588-6	TOR001	588	588	6	ti	ti	_	_	_	_	_	linguistic	_	none	_	_	_	_	_	_
588-7	TOR001	588	588	7	sei	sei	_	_	_	_	_	linguistic	_	none	_	_	_	_	_	_
588-8	TOR001	588	588	8	creato	creato	_	_	_	_	_	linguistic	_	none	_	_	_	_	_	_
588-9	TOR001	588	588	9	da	da	_	_	_	_	_	linguistic	_	none	_	_	_	_	_	_
588-10	TOR001	588	588	10	solo	solo	_	_	_	_	_	linguistic	_	none	PauseAfter=Yes	_	_	_	_	_
588-11	TOR001	588	588	11	{P}	{P}	_	_	_	_	_	shortpause	_	none	_	_	_	_	_	_
588-12	TOR001	588	588	12	un	un	_	_	_	_	_	linguistic	_	none	_	_	_	_	_	_
588-13	TOR001	588	588	13	disastro	disastro	_	_	_	_	_	linguistic	_	none	_	End=1239.303	_	_	_	_
589-0	TOI014	589	589	0	sì::	sì	_	_	_	_	_	linguistic	_	none	_	Begin=1239.303	1x2	_	_	_
589-1	TOI014	589	589	1	non	non	_	_	_	_	_	linguistic	_	none	_	_	_	_	_	_
589-2	TOI014	589	589	2	hai	hai	_	_	_	_	_	linguistic	_	none	_	_	_	_	_	_
589-3	TOI014	589	589	3	più	più	_	_	_	_	_	linguistic	_	none	_	_	_	_	_	_
589-4	TOI014	589	589	4	le	le	_	_	_	_	_	linguistic	_	none	_	_	_	_	_	_
589-5	TOI014	589	589	5	tue	tue	_	_	_	_	_	linguistic	_	none	_	_	_	_	_	_
589-6	TOI014	589	589	6	abitudini	abitudini	_	_	_	_	_	linguistic	_	none	_	End=1240.903	_	_	_	_
590-0	TOR001	590	590	0	no::	no	_	_	_	_	_	linguistic	_	none	_	Begin=1241.386	1x2	_	_	_
590-1	TOR001	590	590	1	ma	ma	_	_	_	_	_	linguistic	_	none	_	_	_	_	_	_
590-2	TOR001	590	590	2	non	non	_	_	_	_	_	linguistic	_	none	_	_	_	_	_	_
590-3	TOR001	590	590	3	c'	c'	_	_	_	_	_	linguistic	_	none	SpaceAfter=No	_	_	_	_	_
590-4	TOR001	590	590	4	é	é	_	_	_	_	_	linguistic	_	none	_	_	_	_	_	_
590-5	TOR001	590	590	5	proprio	proprio	_	_	_	_	_	linguistic	_	none	_	_	_	_	_	_
590-6	TOR001	590	590	6	spazio	spazio	_	_	_	_	_	linguistic	_	none	_	_	_	_	_	_
590-7	TOR001	590	590	7	per	per	_	_	_	_	_	linguistic	_	none	_	_	_	_	_	_
590-8	TOR001	590	590	8	inserirle	inserirle	_	_	_	_	_	linguistic	_	none	_	_	_	_	_	_
590-9	TOR001	590	590	9	secondo	secondo	_	_	_	_	_	linguistic	_	none	_	_	_	_	_	_
590-10	TOR001	590	590	10	me	me	_	_	_	_	_	linguistic	_	none	_	_	_	_	_	_
590-11	TOR001	590	590	11	le	le	_	_	_	_	_	linguistic	_	none	_	_	_	_	_	_
590-12	TOR001	590	590	12	tue	tue	_	_	_	_	_	linguistic	_	none	_	_	_	_	_	_
590-13	TOR001	590	590	13	abitu~	abitu~	_	_	_	_	_	linguistic	_	none	Interrupted=Yes	End=1244.193	_	_	_	_
591-0	TOR001	591	591	0	c(io)è	cioè	_	_	_	_	_	linguistic	_	none	_	Begin=1244.296	_	_	1-3(0)	_
591-1	TOR001	591	591	1	sei::	sei	_	_	_	_	_	linguistic	_	none	PauseAfter=Yes	_	2x2	_	_	_
591-2	TOR001	591	591	2	{P}	{P}	_	_	_	_	_	shortpause	_	none	_	_	_	_	_	_
591-3	TOR001	591	591	3	inserito	inserito	_	_	_	_	_	linguistic	_	none	_	_	_	_	_	_
591-4	TOR001	591	591	4	[nelle	nelle	_	_	_	_	_	linguistic	_	none	_	_	_	_	_	0-5(114)
591-5	TOR001	591	591	5	abitu]dini	abitudini	_	_	_	_	_	linguistic	_	none	_	_	_	_	_	0-5(114)
591-6	TOR001	591	591	6	di	di	_	_	_	_	_	linguistic	_	none	_	_	_	_	_	_
591-7	TOR001	591	591	7	altre	altre	_	_	_	_	_	linguistic	_	none	_	_	_	_	_	_
591-8	TOR001	591	591	8	persone	persone	_	_	_	_	_	linguistic	_	none	_	_	_	_	_	_
591-9	TOR001	591	591	9	no[n::]	non	_	_	_	_	_	linguistic	_	none	_	End=1247.703	2x2	_	_	2-3(192)
592-0	TOR002	592	592	0	[xxx]	xxx	_	_	_	_	_	unknown	_	none	Syllables=3	Begin=1245.586|End=1246.007	_	_	_	0-3(114)
593-0	TOI014	593	593	0	[sì	sì	_	_	_	_	_	linguistic	_	none	PauseAfter=Yes	Begin=1247.261	_	_	_	0-2(192)
593-1	TOI014	593	593	1	{P}	{P}	_	_	_	_	_	shortpause	_	none	_	_	_	_	_	0-3(192)
593-2	TOI014	593	593	2	io	io	_	_	_	_	_	linguistic	_	none	_	_	_	_	_	0-2(192)
593-3	TOI014	593	593	3	sono	sono	_	_	_	_	_	linguistic	_	none	_	_	_	_	_	0-4(192)
593-4	TOI014	593	593	4	fortuna]to	fortunato	_	_	_	_	_	linguistic	_	none	_	End=1249.007	_	_	_	0-7(192)
594-0	TOR002	594	594	0	[sì	sì	_	_	_	_	_	linguistic	_	none	_	Begin=1247.575	_	_	_	0-2(192)
594-1	TOR002	594	594	1	no	no	_	_	_	_	_	linguistic	_	none	_	_	_	_	_	0-2(192)
594-2	TOR002	594	594	2	sì]	sì	_	_	_	_	_	linguistic	_	none	_	End=1248.607	_	_	_	0-2(192)
595-0	TOI014	595	595	0	sono	sono	_	_	_	_	_	linguistic	_	none	_	Begin=1249.503	_	_	_	_
595-1	TOI014	595	595	1	comunque	comunque	_	_	_	_	_	linguistic	_	none	_	_	_	_	_	_
595-2	TOI014	595	595	2	fortunato	fortunato	_	_	_	_	_	linguistic	_	none	_	_	_	_	_	_
595-3	TOI014	595	595	3	perché	perché	_	_	_	_	_	linguistic	_	none	_	_	_	_	_	_
595-4	TOI014	595	595	4	vivo::	vivo	_	_	_	_	_	linguistic	_	none	_	_	3x2	_	_	_
595-5	TOI014	595	595	5	con	con	_	_	_	_	_	linguistic	_	none	_	_	_	_	_	_
595-6	TOI014	595	595	6	mio	mio	_	_	_	_	_	linguistic	_	none	_	_	_	_	_	_
595-7	TOI014	595	595	7	papà	papà	_	_	_	_	_	linguistic	_	none	_	End=1252.4	_	_	_	_
596-0	TOI014	596	596	0	eh	eh	_	_	_	_	_	linguistic	_	none	_	Begin=1253.0	_	_	_	_
596-1	TOI014	596	596	1	io	io	_	_	_	_	_	linguistic	_	none	_	_	_	_	_	_
596-2	TOI014	596	596	2	ho	ho	_	_	_	_	_	linguistic	_	none	_	_	_	_	_	_
596-3	TOI014	596	596	3	la	la	_	_	_	_	_	linguistic	_	none	_	_	_	_	_	_
596-4	TOI014	596	596	4	mia	mia	_	_	_	_	_	linguistic	_	none	_	_	_	_	_	_
596-5	TOI014	596	596	5	stanza	stanza	_	_	_	_	_	linguistic	_	none	_	_	_	_	_	_
596-6	TOI014	596	596	6	mio	mio	_	_	_	_	_	linguistic	_	none	_	_	_	_	_	_
596-7	TOI014	596	596	7	papà	papà	_	_	_	_	_	linguistic	_	none	_	_	_	_	_	_
596-8	TOI014	596	596	8	ha	ha	_	_	_	_	_	linguistic	_	none	_	_	_	_	_	_
596-9	TOI014	596	596	9	la	la	_	_	_	_	_	linguistic	_	none	_	_	_	_	_	_
596-10	TOI014	596	596	10	sua	sua	_	_	_	_	_	linguistic	_	none	_	End=1255.903	_	_	_	_
597-0	TOI014	597	597	0	é	é	_	_	_	_	_	linguistic	_	none	_	Begin=1256.089	_	_	_	_
597-1	TOI014	597	597	1	un	un	_	_	_	_	_	linguistic	_	none	_	_	_	_	_	_
597-2	TOI014	597	597	2	po'	po'	_	_	_	_	_	linguistic	_	none	_	_	_	_	_	_
597-3	TOI014	597	597	3	come	come	_	_	_	_	_	linguistic	_	none	_	_	_	_	_	_
597-4	TOI014	597	597	4	a	a	_	_	_	_	_	linguistic	_	none	_	_	_	_	_	_
597-5	TOI014	597	597	5	barcellona	barcellona	_	_	_	_	_	linguistic	_	none	_	_	_	_	_	_
597-6	TOI014	597	597	6	quando:	quando	_	_	_	_	_	linguistic	_	none	_	_	5x1	_	_	_
597-7	TOI014	597	597	7	ero::	ero	_	_	_	_	_	linguistic	_	none	_	_	2x2	_	_	_
597-8	TOI014	597	597	8	coi	coi	_	_	_	_	_	linguistic	_	none	_	_	_	_	_	_
597-9	TOI014	597	597	9	conquilini	conquilini	_	_	_	_	_	linguistic	_	none	_	_	_	_	_	_
597-10	TOI014	597	597	10	che	che	_	_	_	_	_	linguistic	_	none	_	_	_	_	_	_
597-11	TOI014	597	597	11	loro	loro	_	_	_	_	_	linguistic	_	none	_	_	_	_	_	_
597-12	TOI014	597	597	12	avevano	avevano	_	_	_	_	_	linguistic	_	none	_	_	_	_	_	_
597-13	TOI014	597	597	13	la	la	_	_	_	_	_	linguistic	_	none	_	_	_	_	_	_
597-14	TOI014	597	597	14	propria	propria	_	_	_	_	_	linguistic	_	none	_	_	_	_	_	_
597-15	TOI014	597	597	15	stanza	stanza	_	_	_	_	_	linguistic	_	none	_	_	_	_	_	_
597-16	TOI014	597	597	16	io	io	_	_	_	_	_	linguistic	_	none	_	_	_	_	_	_
597-17	TOI014	597	597	17	avevo	avevo	_	_	_	_	_	linguistic	_	none	_	_	_	_	_	_
597-18	TOI014	597	597	18	la	la	_	_	_	_	_	linguistic	_	none	_	_	_	_	_	_
597-19	TOI014	597	597	19	mia	mia	_	_	_	_	_	linguistic	_	none	_	End=1261.696	_	_	_	_
598-0	TOR001	598	598	0	mh	mh	_	_	_	_	_	linguistic	_	none	_	Begin=1262.393	_	_	_	_
598-1	TOR001	598	598	1	[mh]	mh	_	_	_	_	_	linguistic	_	none	_	End=1262.813	_	_	_	0-2(115)
599-0	TOI014	599	599	0	[e::]:h	eh	_	_	_	_	_	linguistic	_	none	_	Begin=1262.496|End=1263.193	0x3	_	_	0-1(115)
600-0	TOI014	600	600	0	ognuno	ognuno	_	_	_	_	_	linguistic	_	none	_	Begin=1263.896	_	_	_	_
600-1	TOI014	600	600	1	faceva	faceva	_	_	_	_	_	linguistic	_	none	_	_	_	_	_	_
600-2	TOI014	600	600	2	la	la	_	_	_	_	_	linguistic	_	none	_	_	_	_	_	_
600-3	TOI014	600	600	3	propria	propria	_	_	_	_	_	linguistic	_	none	_	_	_	_	_	_
600-4	TOI014	600	600	4	vita	vita	_	_	_	_	_	linguistic	_	none	_	_	_	_	_	_
600-5	TOI014	600	600	5	>ecco<	ecco	_	_	_	_	_	linguistic	_	none	_	_	_	Fast=0-4(0)	_	_
600-6	TOI014	600	600	6	ogni	ogni	_	_	_	_	_	linguistic	_	none	_	_	_	_	_	_
600-7	TOI014	600	600	7	tanto	tanto	_	_	_	_	_	linguistic	_	none	_	_	_	_	_	_
600-8	TOI014	600	600	8	si	si	_	_	_	_	_	linguistic	_	none	_	_	_	_	_	_
600-9	TOI014	600	600	9	faceva:::	faceva	_	_	_	_	_	linguistic	_	none	_	End=1266.91	5x3	_	_	_
601-0	TOI014	601	601	0	quattro	quattro	_	_	_	_	_	linguistic	_	none	_	Begin=1267.007	_	_	_	_
601-1	TOI014	601	601	1	chiacchiere	chiacchiere	_	_	_	_	_	linguistic	_	none	_	_	_	_	_	_
601-2	TOI014	601	601	2	adesso:	adesso	_	_	_	_	_	linguistic	_	none	_	_	5x1	_	_	_
601-3	TOI014	601	601	3	con	con	_	_	_	_	_	linguistic	_	none	_	_	_	_	_	_
601-4	TOI014	601	601	4	mio	mio	_	_	_	_	_	linguistic	_	none	_	_	_	_	_	_
601-5	TOI014	601	601	5	papà	papà	_	_	_	_	_	linguistic	_	none	_	_	_	_	_	_
601-6	TOI014	601	601	6	é	é	_	_	_	_	_	linguistic	_	none	_	_	_	_	_	_
601-7	TOI014	601	601	7	identico	identico	_	_	_	_	_	linguistic	_	none	_	_	_	_	_	_
601-8	TOI014	601	601	8	quin[di::]	quindi	_	_	_	_	_	linguistic	_	none	_	End=1270.213	5x2	_	_	4-6(116)
602-0	TOR001	602	602	0	[>okay<]	okay	_	_	_	_	_	linguistic	_	none	_	Begin=1269.703	_	Fast=0-4(0)	_	0-4(116)
602-1	TOR001	602	602	1	{ride}	{ride}	_	_	_	_	_	nonverbalbehavior	_	none	_	End=1270.764	_	_	_	_
603-0	TOR002	603	603	0	{ride}	{ride}	_	_	_	_	_	nonverbalbehavior	_	none	_	Begin=1270.799|End=1271.351	_	_	_	_
604-0	TOI014	604	604	0	m:h	mh	_	_	_	_	_	linguistic	_	none	_	Begin=1271.379	0x1	_	_	_
604-1	TOI014	604	604	1	mi	mi	_	_	_	_	_	linguistic	_	none	_	_	_	_	_	_
604-2	TOI014	604	604	2	trovo:::	trovo	_	_	_	_	_	linguistic	_	none	_	_	4x3	_	_	_
604-3	TOI014	604	604	3	peggio	peggio	_	_	_	_	_	linguistic	_	none	_	_	_	_	_	_
604-4	TOI014	604	604	4	sicuramente	sicuramente	_	_	_	_	_	linguistic	_	none	_	_	_	_	_	_
604-5	TOI014	604	604	5	che	che	_	_	_	_	_	linguistic	_	none	_	_	_	_	_	_
604-6	TOI014	604	604	6	rispetto	rispetto	_	_	_	_	_	linguistic	_	none	_	_	_	_	_	_
604-7	TOI014	604	604	7	a	a	_	_	_	_	_	linguistic	_	none	_	_	_	_	_	_
604-8	TOI014	604	604	8	quando	quando	_	_	_	_	_	linguistic	_	none	_	_	_	_	_	_
604-9	TOI014	604	604	9	ero	ero	_	_	_	_	_	linguistic	_	none	_	_	_	_	_	_
604-10	TOI014	604	604	10	a	a	_	_	_	_	_	linguistic	_	none	_	_	_	_	_	_
604-11	TOI014	604	604	11	barcellona	barcellona	_	_	_	_	_	linguistic	_	none	_	End=1276.117	_	_	_	_
605-0	TOR001	605	605	0	mh	mh	_	_	_	_	_	linguistic	_	none	_	Begin=1276.296	_	_	_	_
605-1	TOR001	605	605	1	mh	mh	_	_	_	_	_	linguistic	_	none	_	End=1276.703	_	_	_	_
606-0	TOI014	606	606	0	e:::h	eh	_	_	_	_	_	linguistic	_	none	_	Begin=1277.282	0x3	_	_	_
606-1	TOI014	606	606	1	perché::	perché	_	_	_	_	_	linguistic	_	none	_	_	5x2	_	_	_
606-2	TOI014	606	606	2	convivere	convivere	_	_	_	_	_	linguistic	_	none	_	_	_	_	_	_
606-3	TOI014	606	606	3	con	con	_	_	_	_	_	linguistic	_	none	_	_	_	_	_	_
606-4	TOI014	606	606	4	una	una	_	_	_	_	_	linguistic	_	none	_	_	_	_	_	_
606-5	TOI014	606	606	5	persona	persona	_	_	_	_	_	linguistic	_	none	_	_	_	_	_	_
606-6	TOI014	606	606	6	non	non	_	_	_	_	_	linguistic	_	none	_	_	_	_	_	_
606-7	TOI014	606	606	7	é	é	_	_	_	_	_	linguistic	_	none	_	_	_	_	_	_
606-8	TOI014	606	606	8	semplice	semplice	_	_	_	_	_	linguistic	_	none	_	_	_	_	_	_
606-9	TOI014	606	606	9	perché	perché	_	_	_	_	_	linguistic	_	none	_	_	_	_	_	_
606-10	TOI014	606	606	10	ci	ci	_	_	_	_	_	linguistic	_	none	_	_	_	_	_	_
606-11	TOI014	606	606	11	sono	sono	_	_	_	_	_	linguistic	_	none	_	_	_	_	_	_
606-12	TOI014	606	606	12	cose	cose	_	_	_	_	_	linguistic	_	none	_	_	_	_	_	_
606-13	TOI014	606	606	13	che:::	che	_	_	_	_	_	linguistic	_	none	_	End=1281.889	2x3	_	_	_
607-0	TOI014	607	607	0	m:h	mh	_	_	_	_	_	linguistic	_	none	_	Begin=1282.703	0x1	_	_	_
607-1	TOI014	607	607	1	io	io	_	_	_	_	_	linguistic	_	none	_	_	_	_	_	_
607-2	TOI014	607	607	2	faccio	faccio	_	_	_	_	_	linguistic	_	none	_	_	_	_	_	_
607-3	TOI014	607	607	3	che	che	_	_	_	_	_	linguistic	_	none	_	_	_	_	_	_
607-4	TOI014	607	607	4	magari	magari	_	_	_	_	_	linguistic	_	none	_	_	_	_	_	_
607-5	TOI014	607	607	5	altre	altre	_	_	_	_	_	linguistic	_	none	_	_	_	_	_	_
607-6	TOI014	607	607	6	persone	persone	_	_	_	_	_	linguistic	_	none	_	_	_	_	_	_
607-7	TOI014	607	607	7	non	non	_	_	_	_	_	linguistic	_	none	_	_	_	_	_	_
607-8	TOI014	607	607	8	fanno	fanno	_	_	_	_	_	linguistic	_	none	_	_	_	_	_	_
607-9	TOI014	607	607	9	é:::	é	_	_	_	_	_	linguistic	_	none	_	_	0x3	_	_	_
607-10	TOI014	607	607	10	difficile	difficile	_	_	_	_	_	linguistic	_	none	_	_	_	_	_	_
607-11	TOI014	607	607	11	trovare	trovare	_	_	_	_	_	linguistic	_	none	_	_	_	_	_	_
607-12	TOI014	607	607	12	un	un	_	_	_	_	_	linguistic	_	none	_	_	_	_	_	_
607-13	TOI014	607	607	13	punto	punto	_	_	_	_	_	linguistic	_	none	_	_	_	_	_	_
607-14	TOI014	607	607	14	d'	d'	_	_	_	_	_	linguistic	_	none	SpaceAfter=No	_	_	_	_	_
607-15	TOI014	607	607	15	incontro	incontro	_	_	_	_	_	linguistic	_	none	_	End=1287.4	_	_	_	_
608-0	TOR001	608	608	0	>mh	mh	_	_	_	_	_	linguistic	_	none	_	Begin=1287.503	_	Fast=0-2(0)	_	_
608-1	TOR001	608	608	1	mh	mh	_	_	_	_	_	linguistic	_	none	_	_	_	Fast=0-2(0)	_	_
608-2	TOR001	608	608	2	mh<	mh	_	_	_	_	_	linguistic	_	none	_	_	_	Fast=0-2(0)	_	_
608-3	TOR001	608	608	3	certo	certo	_	_	_	_	_	linguistic	_	none	_	End=1288.6	_	_	_	_
609-0	TOR001	609	609	0	okay	okay	_	_	_	_	_	linguistic	_	none	_	Begin=1290.6	_	_	_	_
609-1	TOR001	609	609	1	cosa	cosa	_	_	_	_	_	linguistic	_	none	_	_	_	_	_	_
609-2	TOR001	609	609	2	fai	fai	_	_	_	_	_	linguistic	_	none	_	_	_	_	_	_
609-3	TOR001	609	609	3	durante	durante	_	_	_	_	_	linguistic	_	none	_	_	_	_	_	_
609-4	TOR001	609	609	4	il	il	_	_	_	_	_	linguistic	_	none	_	_	_	_	_	_
609-5	TOR001	609	609	5	tempo	tempo	_	_	_	_	_	linguistic	_	none	_	_	_	_	_	_
609-6	TOR001	609	609	6	libero?	libero	_	_	_	_	_	linguistic	_	none	Intonation=Rising	End=1292.503	_	_	_	_
610-0	TOI014	610	610	0	io	io	_	_	_	_	_	linguistic	_	none	_	Begin=1292.689	_	_	_	_
610-1	TOI014	610	610	1	nel	nel	_	_	_	_	_	linguistic	_	none	_	_	_	_	_	_
610-2	TOI014	610	610	2	tempo	tempo	_	_	_	_	_	linguistic	_	none	_	_	_	_	_	_
610-3	TOI014	610	610	3	libero	libero	_	_	_	_	_	linguistic	_	none	_	_	_	_	_	_
610-4	TOI014	610	610	4	vado	vado	_	_	_	_	_	linguistic	_	none	_	_	_	_	_	_
610-5	TOI014	610	610	5	in	in	_	_	_	_	_	linguistic	_	none	_	_	_	_	_	_
610-6	TOI014	610	610	6	skate	skate	_	_	_	_	_	linguistic	_	none	_	End=1294.503	_	_	_	_
611-0	TOR001	611	611	0	perché	perché	_	_	_	_	_	linguistic	_	none	_	Begin=1295.096	_	_	_	_
611-1	TOR001	611	611	1	ridi?	ridi	_	_	_	_	_	linguistic	_	none	Intonation=Rising	End=1295.703	_	_	_	_
612-0	TOR001	612	612	0	{ride}	{ride}	_	_	_	_	_	nonverbalbehavior	_	none	_	Begin=1296.634|End=1302.11	_	_	_	_
613-0	TOR002	613	613	0	solo	solo	_	_	_	_	_	linguistic	_	none	_	Begin=1297.607	_	_	_	_
613-1	TOR002	613	613	1	una	una	_	_	_	_	_	linguistic	_	none	_	_	_	_	_	_
613-2	TOR002	613	613	2	cazzzata	cazzzata	_	_	_	_	_	linguistic	_	none	_	_	_	_	_	_
613-3	TOR002	613	613	3	non	non	_	_	_	_	_	linguistic	_	none	_	_	_	_	_	_
613-4	TOR002	613	613	4	importante	importante	_	_	_	_	_	linguistic	_	none	_	_	_	_	_	_
613-5	TOR002	613	613	5	{ride}	{ride}	_	_	_	_	_	nonverbalbehavior	_	none	_	End=1302.11	_	_	_	_
614-0	TOI014	614	614	0	e::	e	_	_	_	_	_	linguistic	_	none	_	Begin=1302.496	0x2	_	_	_
614-1	TOI014	614	614	1	vado	vado	_	_	_	_	_	linguistic	_	none	_	_	_	_	_	_
614-2	TOI014	614	614	2	in	in	_	_	_	_	_	linguistic	_	none	_	_	_	_	_	_
614-3	TOI014	614	614	3	skate	skate	_	_	_	_	_	linguistic	_	none	PauseAfter=Yes	_	_	_	_	_
614-4	TOI014	614	614	4	{P}	{P}	_	_	_	_	_	shortpause	_	none	_	_	_	_	_	_
614-5	TOI014	614	614	5	da::	da	_	_	_	_	_	linguistic	_	none	_	_	1x2	_	_	_
614-6	TOI014	614	614	6	sette	sette	_	_	_	_	_	linguistic	_	none	_	_	_	_	_	_
614-7	TOI014	614	614	7	anni	anni	_	_	_	_	_	linguistic	_	none	_	End=1305.6	_	_	_	_
615-0	TOR001	615	615	0	okay	okay	_	_	_	_	_	linguistic	_	none	_	Begin=1305.703|End=1306.213	_	_	_	_
616-0	TOI014	616	616	0	e:::	e	_	_	_	_	_	linguistic	_	none	_	Begin=1306.593	0x3	_	_	_
616-1	TOI014	616	616	1	ho	ho	_	_	_	_	_	linguistic	_	none	_	_	_	_	_	_
616-2	TOI014	616	616	2	un	un	_	_	_	_	_	linguistic	_	none	_	_	_	_	_	_
616-3	TOI014	616	616	3	negozio::	negozio	_	_	_	_	_	linguistic	_	none	_	_	6x2	_	_	_
616-4	TOI014	616	616	4	che	che	_	_	_	_	_	linguistic	_	none	_	_	_	_	_	_
616-5	TOI014	616	616	5	mi	mi	_	_	_	_	_	linguistic	_	none	_	_	_	_	_	_
616-6	TOI014	616	616	6	supporta::	supporta	_	_	_	_	_	linguistic	_	none	_	End=1309.8	7x2	_	_	_
617-0	TOI014	617	617	0	faccio	faccio	_	_	_	_	_	linguistic	_	none	_	Begin=1309.903	_	_	_	_
617-1	TOI014	617	617	1	video::	video	_	_	_	_	_	linguistic	_	none	_	_	4x2	_	_	_
617-2	TOI014	617	617	2	e	e	_	_	_	_	_	linguistic	_	none	_	_	_	_	_	_
617-3	TOI014	617	617	3	in	in	_	_	_	_	_	linguistic	_	none	_	_	_	_	_	_
617-4	TOI014	617	617	4	cambio	cambio	_	_	_	_	_	linguistic	_	none	_	_	_	_	_	_
617-5	TOI014	617	617	5	ricevo::	ricevo	_	_	_	_	_	linguistic	_	none	_	_	5x2	_	_	_
617-6	TOI014	617	617	6	materiale	materiale	_	_	_	_	_	linguistic	_	none	PauseAfter=Yes	_	_	_	_	_
617-7	TOI014	617	617	7	{P}	{P}	_	_	_	_	_	shortpause	_	none	_	_	_	_	_	_
617-8	TOI014	617	617	8	per	per	_	_	_	_	_	linguistic	_	none	_	_	_	_	_	_
617-9	TOI014	617	617	9	poter::	poter	_	_	_	_	_	linguistic	_	none	PauseAfter=Yes	_	4x2	_	_	_
617-10	TOI014	617	617	10	{P}	{P}	_	_	_	_	_	shortpause	_	none	_	_	_	_	_	_
617-11	TOI014	617	617	11	andare	andare	_	_	_	_	_	linguistic	_	none	_	_	_	_	_	_
617-12	TOI014	617	617	12	avanti	avanti	_	_	_	_	_	linguistic	_	none	_	_	_	_	_	_
617-13	TOI014	617	617	13	con	con	_	_	_	_	_	linguistic	_	none	_	_	_	_	_	_
617-14	TOI014	617	617	14	questa	questa	_	_	_	_	_	linguistic	_	none	_	_	_	_	_	_
617-15	TOI014	617	617	15	mia	mia	_	_	_	_	_	linguistic	_	none	_	_	_	_	_	_
617-16	TOI014	617	617	16	passione	passione	_	_	_	_	_	linguistic	_	none	_	End=1317.503	_	_	_	_
618-0	TOR001	618	618	0	okay	okay	_	_	_	_	_	linguistic	_	none	_	Begin=1317.8|End=1318.213	_	_	_	_
619-0	TOI014	619	619	0	e:::	e	_	_	_	_	_	linguistic	_	none	_	Begin=1318.903	0x3	_	_	_
619-1	TOI014	619	619	1	[mi	mi	_	_	_	_	_	linguistic	_	none	_	_	_	_	_	0-2(117)
619-2	TOI014	619	619	2	piace]	piace	_	_	_	_	_	linguistic	_	none	_	End=1320.007	_	_	_	0-5(117)
620-0	TOR001	620	620	0	[in	in	_	_	_	_	_	linguistic	_	none	_	Begin=1319.6	_	_	_	0-2(117)
620-1	TOR001	620	620	1	che	che	_	_	_	_	_	linguistic	_	none	_	_	_	_	_	0-3(117)
620-2	TOR001	620	620	2	sens]o	senso	_	_	_	_	_	linguistic	_	none	_	_	_	_	_	0-4(117)
620-3	TOR001	620	620	3	hai	hai	_	_	_	_	_	linguistic	_	none	_	_	_	_	_	_
620-4	TOR001	620	620	4	un	un	_	_	_	_	_	linguistic	_	none	_	_	_	_	_	_
620-5	TOR001	620	620	5	negozio	negozio	_	_	_	_	_	linguistic	_	none	_	_	_	_	_	_
620-6	TOR001	620	620	6	che	che	_	_	_	_	_	linguistic	_	none	_	_	_	_	_	_
620-7	TOR001	620	620	7	ti	ti	_	_	_	_	_	linguistic	_	none	_	_	_	_	_	_
620-8	TOR001	620	620	8	supporta	supporta	_	_	_	_	_	linguistic	_	none	_	_	_	_	_	_
620-9	TOR001	620	620	9	scus[ami]?	scusami	_	_	_	_	_	linguistic	_	none	Intonation=Rising	End=1321.807	_	_	_	4-7(118)
621-0	TOI014	621	621	0	[nel	nel	_	_	_	_	_	linguistic	_	none	_	Begin=1321.441	_	_	_	0-3(118)
621-1	TOI014	621	621	1	sens]o	senso	_	_	_	_	_	linguistic	_	none	_	_	_	_	_	0-4(118)
621-2	TOI014	621	621	2	che::	che	_	_	_	_	_	linguistic	_	none	_	_	2x2	_	_	_
621-3	TOI014	621	621	3	c'	c'	_	_	_	_	_	linguistic	_	none	SpaceAfter=No	_	_	_	_	_
621-4	TOI014	621	621	4	é	é	_	_	_	_	_	linguistic	_	none	_	_	_	_	_	_
621-5	TOI014	621	621	5	un	un	_	_	_	_	_	linguistic	_	none	_	_	_	_	_	_
621-6	TOI014	621	621	6	negozio	negozio	_	_	_	_	_	linguistic	_	none	_	_	_	_	_	_
621-7	TOI014	621	621	7	di	di	_	_	_	_	_	linguistic	_	none	_	_	_	_	_	_
621-8	TOI014	621	621	8	skate	skate	_	_	_	_	_	linguistic	_	none	_	_	_	_	_	_
621-9	TOI014	621	621	9	in	in	_	_	_	_	_	linguistic	_	none	_	_	_	_	_	_
621-10	TOI014	621	621	10	centro	centro	_	_	_	_	_	linguistic	_	none	_	_	_	_	_	_
621-11	TOI014	621	621	11	a	a	_	_	_	_	_	linguistic	_	none	_	_	_	_	_	_
621-12	TOI014	621	621	12	torino	torino	_	_	_	_	_	linguistic	_	none	PauseAfter=Yes	_	_	_	_	_
621-13	TOI014	621	621	13	{P}	{P}	_	_	_	_	_	shortpause	_	none	_	_	_	_	_	_
621-14	TOI014	621	621	14	[che]::	che	_	_	_	_	_	linguistic	_	none	_	End=1326.0	2x2	_	_	0-3(119)
622-0	TOR001	622	622	0	[mh	mh	_	_	_	_	_	linguistic	_	none	_	Begin=1325.007	_	_	_	0-2(119)
622-1	TOR001	622	622	1	mh]	mh	_	_	_	_	_	linguistic	_	none	_	End=1325.503	_	_	_	0-2(119)
623-0	TOI014	623	623	0	ha	ha	_	_	_	_	_	linguistic	_	none	_	Begin=1326.11	_	_	_	_
623-1	TOI014	623	623	1	diciamo::	diciamo	_	_	_	_	_	linguistic	_	none	_	_	6x2	_	_	_
623-2	TOI014	623	623	2	un	un	_	_	_	_	_	linguistic	_	none	_	_	_	_	_	_
623-3	TOI014	623	623	3	team	team	_	_	_	_	_	linguistic	_	none	_	_	_	_	_	_
623-4	TOI014	623	623	4	del	del	_	_	_	_	_	linguistic	_	none	_	_	_	_	_	_
623-5	TOI014	623	623	5	proprio	proprio	_	_	_	_	_	linguistic	_	none	_	_	_	_	_	_
623-6	TOI014	623	623	6	negozio	negozio	_	_	_	_	_	linguistic	_	none	_	_	_	_	_	_
623-7	TOI014	623	623	7	con	con	_	_	_	_	_	linguistic	_	none	_	_	_	_	_	_
623-8	TOI014	623	623	8	[i	i	_	_	_	_	_	linguistic	_	none	_	_	_	_	_	0-1(120)
623-9	TOI014	623	623	9	rider]s	riders	_	_	_	_	_	linguistic	_	none	_	_	_	_	_	0-5(120)
623-10	TOI014	623	623	10	che	che	_	_	_	_	_	linguistic	_	none	_	_	_	_	_	_
623-11	TOI014	623	623	11	sono	sono	_	_	_	_	_	linguistic	_	none	_	_	_	_	_	_
623-12	TOI014	623	623	12	i	i	_	_	_	_	_	linguistic	_	none	_	_	_	_	_	_
623-13	TOI014	623	623	13	ragazzi	ragazzi	_	_	_	_	_	linguistic	_	none	_	_	_	_	_	_
623-14	TOI014	623	623	14	che	che	_	_	_	_	_	linguistic	_	none	_	_	_	_	_	_
623-15	TOI014	623	623	15	vanno	vanno	_	_	_	_	_	linguistic	_	none	_	_	_	_	_	_
623-16	TOI014	623	623	16	in	in	_	_	_	_	_	linguistic	_	none	_	_	_	_	_	_
623-17	TOI014	623	623	17	skate	skate	_	_	_	_	_	linguistic	_	none	_	End=1331.096	_	_	_	_
624-0	TOR001	624	624	0	[mh	mh	_	_	_	_	_	linguistic	_	none	_	Begin=1328.793	_	_	_	0-2(120)
624-1	TOR001	624	624	1	mh]	mh	_	_	_	_	_	linguistic	_	none	_	End=1329.213	_	_	_	0-2(120)
625-0	TOR001	625	625	0	ok[ay]	okay	_	_	_	_	_	linguistic	_	none	_	Begin=1331.503|End=1332.007	_	_	_	2-4(121)
626-0	TOI014	626	626	0	[e:::]	e	_	_	_	_	_	linguistic	_	none	_	Begin=1331.703	0x3	_	_	0-1(121)
626-1	TOI014	626	626	1	noi	noi	_	_	_	_	_	linguistic	_	none	_	_	_	_	_	_
626-2	TOI014	626	626	2	facciamo	facciamo	_	_	_	_	_	linguistic	_	none	_	_	_	_	_	_
626-3	TOI014	626	626	3	video	video	_	_	_	_	_	linguistic	_	none	_	_	_	_	_	_
626-4	TOI014	626	626	4	foto	foto	_	_	_	_	_	linguistic	_	none	_	_	_	_	_	_
626-5	TOI014	626	626	5	con::	con	_	_	_	_	_	linguistic	_	none	_	_	2x2	_	_	_
626-6	TOI014	626	626	6	il	il	_	_	_	_	_	linguistic	_	none	_	_	_	_	_	_
626-7	TOI014	626	626	7	le	le	_	_	_	_	_	linguistic	_	none	_	_	_	_	_	_
626-8	TOI014	626	626	8	magliette	magliette	_	_	_	_	_	linguistic	_	none	_	_	_	_	_	_
626-9	TOI014	626	626	9	con	con	_	_	_	_	_	linguistic	_	none	_	_	_	_	_	_
626-10	TOI014	626	626	10	il	il	_	_	_	_	_	linguistic	_	none	_	_	_	_	_	_
626-11	TOI014	626	626	11	logo	logo	_	_	_	_	_	linguistic	_	none	_	_	_	_	_	_
626-12	TOI014	626	626	12	per	per	_	_	_	_	_	linguistic	_	none	_	_	_	_	_	_
626-13	TOI014	626	626	13	publiccizare	publiccizare	_	_	_	_	_	linguistic	_	none	_	_	_	_	_	_
626-14	TOI014	626	626	14	il	il	_	_	_	_	_	linguistic	_	none	_	_	_	_	_	_
626-15	TOI014	626	626	15	negozio	negozio	_	_	_	_	_	linguistic	_	none	_	End=1337.815	_	_	_	_
627-0	TOI014	627	627	0	video	video	_	_	_	_	_	linguistic	_	none	PauseAfter=Yes	Begin=1338.2	_	_	_	_
627-1	TOI014	627	627	1	{P}	{P}	_	_	_	_	_	shortpause	_	none	_	_	_	_	_	_
627-2	TOI014	627	627	2	tour	tour	_	_	_	_	_	linguistic	_	none	PauseAfter=Yes	_	_	_	_	_
627-3	TOI014	627	627	3	{P}	{P}	_	_	_	_	_	shortpause	_	none	_	_	_	_	_	_
627-4	TOI014	627	627	4	e::::h	eh	_	_	_	_	_	linguistic	_	none	_	End=1340.8	0x4	_	_	_
628-0	TOI014	628	628	0	e	e	_	_	_	_	_	linguistic	_	none	_	Begin=1341.213	_	_	_	_
628-1	TOI014	628	628	1	lui::	lui	_	_	_	_	_	linguistic	_	none	_	_	2x2	_	_	_
628-2	TOI014	628	628	2	ci::	ci	_	_	_	_	_	linguistic	_	none	_	_	1x2	_	_	_
628-3	TOI014	628	628	3	ci	ci	_	_	_	_	_	linguistic	_	none	_	_	_	_	_	_
628-4	TOI014	628	628	4	dà::	dà	_	_	_	_	_	linguistic	_	none	_	_	1x2	_	_	_
628-5	TOI014	628	628	5	tutto	tutto	_	_	_	_	_	linguistic	_	none	_	_	_	_	_	_
628-6	TOI014	628	628	6	quel	quel	_	_	_	_	_	linguistic	_	none	_	_	_	_	_	_
628-7	TOI014	628	628	7	che	che	_	_	_	_	_	linguistic	_	none	_	_	_	_	_	_
628-8	TOI014	628	628	8	é	é	_	_	_	_	_	linguistic	_	none	_	_	_	_	_	_
628-9	TOI014	628	628	9	il	il	_	_	_	_	_	linguistic	_	none	_	_	_	_	_	_
628-10	TOI014	628	628	10	materiale	materiale	_	_	_	_	_	linguistic	_	none	_	End=1344.8	_	_	_	_
629-0	TOR001	629	629	0	[okay]	okay	_	_	_	_	_	linguistic	_	none	_	Begin=1344.806|End=1345.103	_	_	_	0-4(122)
630-0	TOI014	630	630	0	[a::h]	ah	_	_	_	_	_	linguistic	_	none	PauseAfter=Yes	Begin=1344.806	0x2	_	_	0-2(122)
630-1	TOI014	630	630	1	{P}	{P}	_	_	_	_	_	shortpause	_	none	_	_	_	_	_	_
630-2	TOI014	630	630	2	mh	mh	_	_	_	_	_	linguistic	_	none	_	_	_	_	_	_
630-3	TOI014	630	630	3	a	a	_	_	_	_	_	linguistic	_	none	_	_	_	_	_	_
630-4	TOI014	630	630	4	prezzi	prezzi	_	_	_	_	_	linguistic	_	none	_	_	_	_	_	_
630-5	TOI014	630	630	5	decisamente::	decisamente	_	_	_	_	_	linguistic	_	none	_	_	10x2	_	_	_
630-6	TOI014	630	630	6	più	più	_	_	_	_	_	linguistic	_	none	_	_	_	_	_	_
630-7	TOI014	630	630	7	favorevoli	favorevoli	_	_	_	_	_	linguistic	_	none	_	_	_	_	_	_
630-8	TOI014	630	630	8	ec[co]	ecco	_	_	_	_	_	linguistic	_	none	_	End=1348.432	_	_	_	2-4(123)
631-0	TOR001	631	631	0	[okay]	okay	_	_	_	_	_	linguistic	_	none	_	Begin=1348.0|End=1348.432	_	_	_	0-4(123)
632-0	TOR001	632	632	0	e	e	_	_	_	_	_	linguistic	_	none	_	Begin=1349.607	_	_	_	_
632-1	TOR001	632	632	1	dove	dove	_	_	_	_	_	linguistic	_	none	_	_	_	_	_	_
632-2	TOR001	632	632	2	vai:	vai	_	_	_	_	_	linguistic	_	none	_	_	2x1	_	_	_
632-3	TOR001	632	632	3	in	in	_	_	_	_	_	linguistic	_	none	_	_	_	_	_	_
632-4	TOR001	632	632	4	skate	skate	_	_	_	_	_	linguistic	_	none	_	_	_	_	_	_
632-5	TOR001	632	632	5	a	a	_	_	_	_	_	linguistic	_	none	_	_	_	_	_	_
632-6	TOR001	632	632	6	tori[no]?	torino	_	_	_	_	_	linguistic	_	none	Intonation=Rising	End=1351.207	_	_	_	4-6(124)
633-0	TOI014	633	633	0	[io]	io	_	_	_	_	_	linguistic	_	none	_	Begin=1351.096	_	_	_	0-2(124)
633-1	TOI014	633	633	1	a	a	_	_	_	_	_	linguistic	_	none	_	_	_	_	_	_
633-2	TOI014	633	633	2	torino::	torino	_	_	_	_	_	linguistic	_	none	_	_	5x2	_	_	_
633-3	TOI014	633	633	3	vado	vado	_	_	_	_	_	linguistic	_	none	_	_	_	_	_	_
633-4	TOI014	633	633	4	sempre	sempre	_	_	_	_	_	linguistic	_	none	_	_	_	_	_	_
633-5	TOI014	633	633	5	in	in	_	_	_	_	_	linguistic	_	none	_	_	_	_	_	_
633-6	TOI014	633	633	6	piazza	piazza	_	_	_	_	_	linguistic	_	none	_	_	_	_	_	_
633-7	TOI014	633	633	7	castello	castello	_	_	_	_	_	linguistic	_	none	_	_	_	_	_	_
633-8	TOI014	633	633	8	e	e	_	_	_	_	_	linguistic	_	none	_	_	_	_	_	_
633-9	TOI014	633	633	9	in	in	_	_	_	_	_	linguistic	_	none	_	_	_	_	_	_
633-10	TOI014	633	633	10	piazzale	piazzale	_	_	_	_	_	linguistic	_	none	_	_	_	_	_	_
633-11	TOI014	633	633	11	valdo	valdo	_	_	_	_	_	linguistic	_	none	_	_	_	_	_	_
633-12	TOI014	633	633	12	fusi	fusi	_	_	_	_	_	linguistic	_	none	_	End=1354.607	_	_	_	_
634-0	TOR001	634	634	0	mh	mh	_	_	_	_	_	linguistic	_	none	_	Begin=1354.607	_	_	_	_
634-1	TOR001	634	634	1	mh	mh	_	_	_	_	_	linguistic	_	none	_	End=1355.013	_	_	_	_
635-0	TOI014	635	635	0	anche	anche	_	_	_	_	_	linguistic	_	none	_	Begin=1355.04	_	_	_	_
635-1	TOI014	635	635	1	perché	perché	_	_	_	_	_	linguistic	_	none	_	_	_	_	_	_
635-2	TOI014	635	635	2	sono::	sono	_	_	_	_	_	linguistic	_	none	_	_	3x2	_	_	_
635-3	TOI014	635	635	3	gli	gli	_	_	_	_	_	linguistic	_	none	_	_	_	_	_	_
635-4	TOI014	635	635	4	unici	unici	_	_	_	_	_	linguistic	_	none	_	_	_	_	_	_
635-5	TOI014	635	635	5	posti	posti	_	_	_	_	_	linguistic	_	none	_	_	_	_	_	_
635-6	TOI014	635	635	6	dove	dove	_	_	_	_	_	linguistic	_	none	_	_	_	_	_	_
635-7	TOI014	635	635	7	c'	c'	_	_	_	_	_	linguistic	_	none	SpaceAfter=No	_	_	_	_	_
635-8	TOI014	635	635	8	é::	é	_	_	_	_	_	linguistic	_	none	_	_	0x2	_	_	_
635-9	TOI014	635	635	9	la	la	_	_	_	_	_	linguistic	_	none	_	_	_	_	_	_
635-10	TOI014	635	635	10	gente	gente	_	_	_	_	_	linguistic	_	none	_	_	_	_	_	_
635-11	TOI014	635	635	11	che	che	_	_	_	_	_	linguistic	_	none	_	_	_	_	_	_
635-12	TOI014	635	635	12	skaita	skaita	_	_	_	_	_	linguistic	_	none	_	_	_	_	_	_
635-13	TOI014	635	635	13	a	a	_	_	_	_	_	linguistic	_	none	_	_	_	_	_	_
635-14	TOI014	635	635	14	torino	torino	_	_	_	_	_	linguistic	_	none	_	_	_	_	_	_
635-15	TOI014	635	635	15	ecco	ecco	_	_	_	_	_	linguistic	_	none	_	End=1359.917	_	_	_	_
636-0	TOR001	636	636	0	mh	mh	_	_	_	_	_	linguistic	_	none	_	Begin=1360.0	_	_	_	_
636-1	TOR001	636	636	1	mh	mh	_	_	_	_	_	linguistic	_	none	_	End=1360.42	_	_	_	_
637-0	TOR002	637	637	0	verso	verso	_	_	_	_	_	linguistic	_	none	_	Begin=1361.096	_	_	_	_
637-1	TOR002	637	637	1	arbarello	arbarello	_	_	_	_	_	linguistic	_	none	_	_	_	_	_	_
637-2	TOR002	637	637	2	no?	no	_	_	_	_	_	linguistic	_	none	Intonation=Rising	End=1362.407	_	_	_	_
638-0	TOI014	638	638	0	non	non	_	_	_	_	_	linguistic	_	none	_	Begin=1362.51	_	_	_	_
638-1	TOI014	638	638	1	c'	c'	_	_	_	_	_	linguistic	_	none	SpaceAfter=No	_	_	_	_	_
638-2	TOI014	638	638	2	è	è	_	_	_	_	_	linguistic	_	none	_	_	_	_	_	_
638-3	TOI014	638	638	3	più	più	_	_	_	_	_	linguistic	_	none	_	_	_	_	_	_
638-4	TOI014	638	638	4	niente	niente	_	_	_	_	_	linguistic	_	none	_	End=1363.496	_	_	_	_
639-0	TOR002	639	639	0	no?	no	_	_	_	_	_	linguistic	_	none	Intonation=Rising	Begin=1363.689|End=1364.0	_	_	_	_
640-0	TOI014	640	640	0	no.	no	_	_	_	_	_	linguistic	_	none	Intonation=Falling	Begin=1364.089|End=1364.393	_	_	_	_
641-0	TOR002	641	641	0	ma	ma	_	_	_	_	_	linguistic	_	none	_	Begin=1365.4	_	_	_	_
641-1	TOR002	641	641	1	per~	per~	_	_	_	_	_	linguistic	_	none	Interrupted=Yes	_	_	_	_	_
641-2	TOR002	641	641	2	han	han	_	_	_	_	_	linguistic	_	none	_	_	_	_	_	_
641-3	TOR002	641	641	3	tirato	tirato	_	_	_	_	_	linguistic	_	none	_	_	_	_	_	_
641-4	TOR002	641	641	4	via	via	_	_	_	_	_	linguistic	_	none	_	_	_	_	_	_
641-5	TOR002	641	641	5	tutto?	tutto	_	_	_	_	_	linguistic	_	none	Intonation=Rising	End=1366.71	_	_	_	_
642-0	TOI014	642	642	0	le	le	_	_	_	_	_	linguistic	_	none	_	Begin=1366.807	_	_	_	_
642-1	TOI014	642	642	1	strutture	strutture	_	_	_	_	_	linguistic	_	none	_	_	_	_	_	_
642-2	TOI014	642	642	2	che	che	_	_	_	_	_	linguistic	_	none	_	_	_	_	_	_
642-3	TOI014	642	642	3	erano	erano	_	_	_	_	_	linguistic	_	none	_	_	_	_	_	_
642-4	TOI014	642	642	4	in	in	_	_	_	_	_	linguistic	_	none	_	_	_	_	_	_
642-5	TOI014	642	642	5	piazza	piazza	_	_	_	_	_	linguistic	_	none	_	_	_	_	_	_
642-6	TOI014	642	642	6	al~	al~	_	_	_	_	_	linguistic	_	none	Interrupted=Yes	_	_	_	_	_
642-7	TOI014	642	642	7	arbarello	arbarello	_	_	_	_	_	linguistic	_	none	_	_	_	_	_	_
642-8	TOI014	642	642	8	sono	sono	_	_	_	_	_	linguistic	_	none	_	_	_	_	_	_
642-9	TOI014	642	642	9	state	state	_	_	_	_	_	linguistic	_	none	_	_	_	_	_	_
642-10	TOI014	642	642	10	spostate::	spostate	_	_	_	_	_	linguistic	_	none	_	_	7x2	_	_	_
642-11	TOI014	642	642	11	in	in	_	_	_	_	_	linguistic	_	none	_	_	_	_	_	_
642-12	TOI014	642	642	12	corso	corso	_	_	_	_	_	linguistic	_	none	_	_	_	_	_	_
642-13	TOI014	642	642	13	casale	casale	_	_	_	_	_	linguistic	_	none	_	End=1371.007	_	_	_	_
643-0	TOR002	643	643	0	ah.	ah	_	_	_	_	_	linguistic	_	none	Intonation=Falling|PauseAfter=Yes	Begin=1371.593	_	_	_	_
643-1	TOR002	643	643	1	{P}	{P}	_	_	_	_	_	shortpause	_	none	_	_	_	_	_	_
643-2	TOR002	643	643	2	non	non	_	_	_	_	_	linguistic	_	none	_	_	_	_	_	_
643-3	TOR002	643	643	3	sa[pevo]	sapevo	_	_	_	_	_	linguistic	_	none	_	End=1372.8	_	_	_	2-6(125)
644-0	TOI014	644	644	0	[sono]	sono	_	_	_	_	_	linguistic	_	none	_	Begin=1372.407	_	_	_	0-4(125)
644-1	TOI014	644	644	1	lì	lì	_	_	_	_	_	linguistic	_	none	_	End=1373.007	_	_	_	_
645-0	TOR002	645	645	0	mh	mh	_	_	_	_	_	linguistic	_	none	_	Begin=1373.31	_	_	_	_
645-1	TOR002	645	645	1	mh	mh	_	_	_	_	_	linguistic	_	none	_	End=1373.703	_	_	_	_
646-0	TOI014	646	646	0	e::h	eh	_	_	_	_	_	linguistic	_	none	_	Begin=1374.407|End=1375.0	0x2	_	_	_
647-0	TOI014	647	647	0	é	é	_	_	_	_	_	linguistic	_	none	_	Begin=1375.193	_	_	_	_
647-1	TOI014	647	647	1	anche	anche	_	_	_	_	_	linguistic	_	none	_	_	_	_	_	_
647-2	TOI014	647	647	2	quello	quello	_	_	_	_	_	linguistic	_	none	_	_	_	_	_	_
647-3	TOI014	647	647	3	il	il	_	_	_	_	_	linguistic	_	none	_	_	_	_	_	_
647-4	TOI014	647	647	4	discorso	discorso	_	_	_	_	_	linguistic	_	none	_	_	_	_	_	_
647-5	TOI014	647	647	5	che	che	_	_	_	_	_	linguistic	_	none	_	_	_	_	_	_
647-6	TOI014	647	647	6	non	non	_	_	_	_	_	linguistic	_	none	_	_	_	_	_	_
647-7	TOI014	647	647	7	mi	mi	_	_	_	_	_	linguistic	_	none	_	_	_	_	_	_
647-8	TOI014	647	647	8	rende	rende	_	_	_	_	_	linguistic	_	none	_	_	_	_	_	_
647-9	TOI014	647	647	9	troppo	troppo	_	_	_	_	_	linguistic	_	none	_	_	_	_	_	_
647-10	TOI014	647	647	10	felice	felice	_	_	_	_	_	linguistic	_	none	_	_	_	_	_	_
647-11	TOI014	647	647	11	della	della	_	_	_	_	_	linguistic	_	none	_	_	_	_	_	_
647-12	TOI014	647	647	12	città	città	_	_	_	_	_	linguistic	_	none	_	_	_	_	_	_
647-13	TOI014	647	647	13	il	il	_	_	_	_	_	linguistic	_	none	_	_	_	_	_	_
647-14	TOI014	647	647	14	fatto	fatto	_	_	_	_	_	linguistic	_	none	_	_	_	_	_	_
647-15	TOI014	647	647	15	che	che	_	_	_	_	_	linguistic	_	none	_	_	_	_	_	_
647-16	TOI014	647	647	16	io	io	_	_	_	_	_	linguistic	_	none	_	_	_	_	_	_
647-17	TOI014	647	647	17	che	che	_	_	_	_	_	linguistic	_	none	_	_	_	_	_	_
647-18	TOI014	647	647	18	p~	p~	_	_	_	_	_	linguistic	_	none	Interrupted=Yes	_	_	_	_	_
647-19	TOI014	647	647	19	per	per	_	_	_	_	_	linguistic	_	none	_	_	_	_	_	_
647-20	TOI014	647	647	20	andare	andare	_	_	_	_	_	linguistic	_	none	_	_	_	_	_	_
647-21	TOI014	647	647	21	in	in	_	_	_	_	_	linguistic	_	none	_	_	_	_	_	_
647-22	TOI014	647	647	22	skate	skate	_	_	_	_	_	linguistic	_	none	_	_	_	_	_	_
647-23	TOI014	647	647	23	impiego	impiego	_	_	_	_	_	linguistic	_	none	_	_	_	_	_	_
647-24	TOI014	647	647	24	quaranta	quaranta	_	_	_	_	_	linguistic	_	none	_	_	_	_	_	_
647-25	TOI014	647	647	25	minuti	minuti	_	_	_	_	_	linguistic	_	none	_	_	_	_	_	_
647-26	TOI014	647	647	26	con	con	_	_	_	_	_	linguistic	_	none	_	_	_	_	_	_
647-27	TOI014	647	647	27	l	l	_	_	_	_	_	linguistic	_	none	_	_	_	_	_	_
647-28	TOI014	647	647	28	'autobus	'autobus	_	_	_	_	_	linguistic	_	none	Truncated=Yes	End=1382.593	_	_	_	_
648-0	TOI014	648	648	0	per	per	_	_	_	_	_	linguistic	_	none	_	Begin=1382.807	_	_	_	_
648-1	TOI014	648	648	1	po[termi	potermi	_	_	_	_	_	linguistic	_	none	_	_	_	_	_	2-7(126)
648-2	TOI014	648	648	2	allenare]	allenare	_	_	_	_	_	linguistic	_	none	_	End=1384.0	_	_	_	0-8(126)
649-0	TOR001	649	649	0	[certo	certo	_	_	_	_	_	linguistic	_	none	_	Begin=1383.103	_	_	_	0-5(126)
649-1	TOR001	649	649	1	per	per	_	_	_	_	_	linguistic	_	none	_	_	_	_	_	0-3(126)
649-2	TOR001	649	649	2	arriva]re	arrivare	_	_	_	_	_	linguistic	_	none	_	End=1384.2	_	_	_	0-6(126)
650-0	TOI014	650	650	0	e:::h	eh	_	_	_	_	_	linguistic	_	none	_	Begin=1384.6|End=1385.407	0x3	_	_	_
651-0	TOI014	651	651	0	vorrei	vorrei	_	_	_	_	_	linguistic	_	none	_	Begin=1386.496	_	_	_	_
651-1	TOI014	651	651	1	ci	ci	_	_	_	_	_	linguistic	_	none	_	_	_	_	_	_
651-2	TOI014	651	651	2	fossero	fossero	_	_	_	_	_	linguistic	_	none	_	_	_	_	_	_
651-3	TOI014	651	651	3	degli	degli	_	_	_	_	_	linguistic	_	none	_	_	_	_	_	_
651-4	TOI014	651	651	4	spazi	spazi	_	_	_	_	_	linguistic	_	none	_	_	_	_	_	_
651-5	TOI014	651	651	5	dedicati:::	dedicati	_	_	_	_	_	linguistic	_	none	_	_	7x3	_	_	_
651-6	TOI014	651	651	6	a	a	_	_	_	_	_	linguistic	_	none	_	_	_	_	_	_
651-7	TOI014	651	651	7	questa	questa	_	_	_	_	_	linguistic	_	none	_	_	_	_	_	_
651-8	TOI014	651	651	8	pratica::	pratica	_	_	_	_	_	linguistic	_	none	_	End=1390.007	6x2	_	_	_
652-0	TOI014	652	652	0	in	in	_	_	_	_	_	linguistic	_	none	_	Begin=1390.407	_	_	_	_
652-1	TOI014	652	652	1	tutta	tutta	_	_	_	_	_	linguistic	_	none	_	_	_	_	_	_
652-2	TOI014	652	652	2	la	la	_	_	_	_	_	linguistic	_	none	_	_	_	_	_	_
652-3	TOI014	652	652	3	città	città	_	_	_	_	_	linguistic	_	none	_	_	_	_	_	_
652-4	TOI014	652	652	4	magari:	magari	_	_	_	_	_	linguistic	_	none	_	End=1391.903	5x1	_	_	_
653-0	TOI014	653	653	0	non	non	_	_	_	_	_	linguistic	_	none	_	Begin=1392.8	_	_	_	_
653-1	TOI014	653	653	1	d~	d~	_	_	_	_	_	linguistic	_	none	Interrupted=Yes	_	_	_	_	_
653-2	TOI014	653	653	2	non	non	_	_	_	_	_	linguistic	_	none	_	_	_	_	_	_
653-3	TOI014	653	653	3	troppo	troppo	_	_	_	_	_	linguistic	_	none	_	_	_	_	_	_
653-4	TOI014	653	653	4	grandi	grandi	_	_	_	_	_	linguistic	_	none	_	_	_	_	_	_
653-5	TOI014	653	653	5	ma::	ma	_	_	_	_	_	linguistic	_	none	_	_	1x2	_	_	_
653-6	TOI014	653	653	6	che	che	_	_	_	_	_	linguistic	_	none	_	_	_	_	_	_
653-7	TOI014	653	653	7	ci	ci	_	_	_	_	_	linguistic	_	none	_	_	_	_	_	_
653-8	TOI014	653	653	8	sia	sia	_	_	_	_	_	linguistic	_	none	_	_	_	_	_	_
653-9	TOI014	653	653	9	uno	uno	_	_	_	_	_	linguistic	_	none	_	_	_	_	_	_
653-10	TOI014	653	653	10	spazio	spazio	_	_	_	_	_	linguistic	_	none	_	_	_	_	_	_
653-11	TOI014	653	653	11	dedicato	dedicato	_	_	_	_	_	linguistic	_	none	_	_	_	_	_	_
653-12	TOI014	653	653	12	giusto	giusto	_	_	_	_	_	linguistic	_	none	_	_	_	_	_	_
653-13	TOI014	653	653	13	per	per	_	_	_	_	_	linguistic	_	none	_	_	_	_	_	_
653-14	TOI014	653	653	14	riunire	riunire	_	_	_	_	_	linguistic	_	none	_	_	_	_	_	_
653-15	TOI014	653	653	15	delle	delle	_	_	_	_	_	linguistic	_	none	_	_	_	_	_	_
653-16	TOI014	653	653	16	person[e:::]	persone	_	_	_	_	_	linguistic	_	none	_	End=1398.007	6x3	_	_	6-7(127)
654-0	TOR001	654	654	0	[mh	mh	_	_	_	_	_	linguistic	_	none	_	Begin=1397.696	_	_	_	0-2(127)
654-1	TOR001	654	654	1	mh]	mh	_	_	_	_	_	linguistic	_	none	_	_	_	_	_	0-2(127)
654-2	TOR001	654	654	2	mh	mh	_	_	_	_	_	linguistic	_	none	_	_	_	_	_	_
654-3	TOR001	654	654	3	mh	mh	_	_	_	_	_	linguistic	_	none	_	End=1398.407	_	_	_	_
655-0	TOI014	655	655	0	e::	e	_	_	_	_	_	linguistic	_	none	_	Begin=1398.427	0x2	_	_	_
655-1	TOI014	655	655	1	andare	andare	_	_	_	_	_	linguistic	_	none	_	_	_	_	_	_
655-2	TOI014	655	655	2	avanti	avanti	_	_	_	_	_	linguistic	_	none	_	_	_	_	_	_
655-3	TOI014	655	655	3	assieme	assieme	_	_	_	_	_	linguistic	_	none	_	_	_	_	_	_
655-4	TOI014	655	655	4	ecco	ecco	_	_	_	_	_	linguistic	_	none	_	End=1400.303	_	_	_	_
656-0	TOR001	656	656	0	okay	okay	_	_	_	_	_	linguistic	_	none	_	Begin=1400.703|End=1401.096	_	_	_	_
657-0	TOR001	657	657	0	e	e	_	_	_	_	_	linguistic	_	none	_	Begin=1401.903	_	_	_	_
657-1	TOR001	657	657	1	quindi	quindi	_	_	_	_	_	linguistic	_	none	_	_	_	_	_	_
657-2	TOR001	657	657	2	piazzale	piazzale	_	_	_	_	_	linguistic	_	none	_	_	_	_	_	_
657-3	TOR001	657	657	3	valdo	valdo	_	_	_	_	_	linguistic	_	none	_	_	_	_	_	_
657-4	TOR001	657	657	4	fusi	fusi	_	_	_	_	_	linguistic	_	none	_	_	_	_	_	_
657-5	TOR001	657	657	5	e::	e	_	_	_	_	_	linguistic	_	none	_	_	0x2	_	_	_
657-6	TOR001	657	657	6	piazza	piazza	_	_	_	_	_	linguistic	_	none	_	_	_	_	_	_
657-7	TOR001	657	657	7	castello	castello	_	_	_	_	_	linguistic	_	none	_	_	_	_	_	_
657-8	TOR001	657	657	8	dic[evi],	dicevi	_	_	_	_	_	linguistic	_	none	Intonation=WeaklyRising	End=1405.0	_	_	_	3-6(128)
658-0	TOI014	658	658	0	[sì].	sì	_	_	_	_	_	linguistic	_	none	Intonation=Falling|PauseAfter=Yes	Begin=1404.607	_	_	_	0-2(128)
658-1	TOI014	658	658	1	{P}	{P}	_	_	_	_	_	shortpause	_	none	_	_	_	_	_	_
658-2	TOI014	658	658	2	piazza	piazza	_	_	_	_	_	linguistic	_	none	_	_	_	_	_	_
658-3	TOI014	658	658	3	castel[lo]	castello	_	_	_	_	_	linguistic	_	none	_	End=1405.91	_	_	_	6-8(129)
659-0	TOR001	659	659	0	[ma	ma	_	_	_	_	_	linguistic	_	none	_	Begin=1405.51	_	_	_	0-2(129)
659-1	TOR001	659	659	1	quin]di	quindi	_	_	_	_	_	linguistic	_	none	_	_	_	_	_	0-4(129)
659-2	TOR001	659	659	2	non	non	_	_	_	_	_	linguistic	_	none	_	_	_	_	_	_
659-3	TOR001	659	659	3	ci	ci	_	_	_	_	_	linguistic	_	none	_	_	_	_	_	_
659-4	TOR001	659	659	4	sono	sono	_	_	_	_	_	linguistic	_	none	_	_	_	_	_	_
659-5	TOR001	659	659	5	skate	skate	_	_	_	_	_	linguistic	_	none	_	_	_	_	_	_
659-6	TOR001	659	659	6	park?	park	_	_	_	_	_	linguistic	_	none	Intonation=Rising	End=1407.117	_	_	_	_
660-0	TOI014	660	660	0	ci	ci	_	_	_	_	_	linguistic	_	none	_	Begin=1407.51	_	_	_	_
660-1	TOI014	660	660	1	[sono:::	sono	_	_	_	_	_	linguistic	_	none	PauseAfter=Yes	_	3x3	_	_	0-4(130)
660-2	TOI014	660	660	2	{P}	{P}	_	_	_	_	_	shortpause	_	none	_	_	_	_	_	0-3(130)
660-3	TOI014	660	660	3	ci	ci	_	_	_	_	_	linguistic	_	none	_	_	_	_	_	0-2(130)
660-4	TOI014	660	660	4	sono]	sono	_	_	_	_	_	linguistic	_	none	_	_	_	_	_	0-4(130)
660-5	TOI014	660	660	5	skate	skate	_	_	_	_	_	linguistic	_	none	_	_	_	_	_	_
660-6	TOI014	660	660	6	park	park	_	_	_	_	_	linguistic	_	none	PauseAfter=Yes	_	_	_	_	_
660-7	TOI014	660	660	7	{P}	{P}	_	_	_	_	_	shortpause	_	none	_	_	_	_	_	_
660-8	TOI014	660	660	8	però	però	_	_	_	_	_	linguistic	_	none	_	_	_	_	_	_
660-9	TOI014	660	660	9	non	non	_	_	_	_	_	linguistic	_	none	_	_	_	_	_	_
660-10	TOI014	660	660	10	sono	sono	_	_	_	_	_	linguistic	_	none	_	_	_	_	_	_
660-11	TOI014	660	660	11	tenuti::	tenuti	_	_	_	_	_	linguistic	_	none	_	_	5x2	_	_	_
660-12	TOI014	660	660	12	come	come	_	_	_	_	_	linguistic	_	none	_	_	_	_	_	_
660-13	TOI014	660	660	13	si	si	_	_	_	_	_	linguistic	_	none	_	_	_	_	_	_
660-14	TOI014	660	660	14	dovrebbe	dovrebbe	_	_	_	_	_	linguistic	_	none	_	End=1412.317	_	_	_	_
661-0	TOR001	661	661	0	[xxx	xxx	_	_	_	_	_	unknown	_	none	Syllables=3	Begin=1407.613	_	_	_	0-3(130)
661-1	TOR001	661	661	1	sono	sono	_	_	_	_	_	linguistic	_	none	_	_	_	_	_	0-4(130)
661-2	TOR001	661	661	2	solo:::]	solo	_	_	_	_	_	linguistic	_	none	_	End=1408.489	3x3	_	_	0-4(130)
662-0	TOR001	662	662	0	okay	okay	_	_	_	_	_	linguistic	_	none	_	Begin=1412.593|End=1412.91	_	_	_	_
663-0	TOI014	663	663	0	e:::h	eh	_	_	_	_	_	linguistic	_	none	_	Begin=1412.93	0x3	_	_	_
663-1	TOI014	663	663	1	la	la	_	_	_	_	_	linguistic	_	none	_	_	_	_	_	_
663-2	TOI014	663	663	2	gente	gente	_	_	_	_	_	linguistic	_	none	_	_	_	_	_	_
663-3	TOI014	663	663	3	si	si	_	_	_	_	_	linguistic	_	none	_	_	_	_	_	_
663-4	TOI014	663	663	4	fa	fa	_	_	_	_	_	linguistic	_	none	_	_	_	_	_	_
663-5	TOI014	663	663	5	male::	male	_	_	_	_	_	linguistic	_	none	_	End=1414.607	3x2	_	_	_
664-0	TOI014	664	664	0	e::h	eh	_	_	_	_	_	linguistic	_	none	_	Begin=1414.91	0x2	_	_	_
664-1	TOI014	664	664	1	di	di	_	_	_	_	_	linguistic	_	none	_	_	_	_	_	_
664-2	TOI014	664	664	2	conseguenza::	conseguenza	_	_	_	_	_	linguistic	_	none	_	_	10x2	_	_	_
664-3	TOI014	664	664	3	sono	sono	_	_	_	_	_	linguistic	_	none	_	_	_	_	_	_
664-4	TOI014	664	664	4	sempre	sempre	_	_	_	_	_	linguistic	_	none	_	_	_	_	_	_
664-5	TOI014	664	664	5	vuoti	vuoti	_	_	_	_	_	linguistic	_	none	_	End=1417.4	_	_	_	_
665-0	TOI014	665	665	0	e	e	_	_	_	_	_	linguistic	_	none	_	Begin=1417.4	_	_	_	_
665-1	TOI014	665	665	1	le	le	_	_	_	_	_	linguistic	_	none	_	_	_	_	_	_
665-2	TOI014	665	665	2	per[sone	persone	_	_	_	_	_	linguistic	_	none	_	_	_	_	_	3-7(131)
665-3	TOI014	665	665	3	che]	che	_	_	_	_	_	linguistic	_	none	_	_	_	_	_	0-3(131)
665-4	TOI014	665	665	4	vanno	vanno	_	_	_	_	_	linguistic	_	none	_	_	_	_	_	_
665-5	TOI014	665	665	5	allo	allo	_	_	_	_	_	linguistic	_	none	_	_	_	_	_	_
665-6	TOI014	665	665	6	skate	skate	_	_	_	_	_	linguistic	_	none	_	_	_	_	_	_
665-7	TOI014	665	665	7	park	park	_	_	_	_	_	linguistic	_	none	_	_	_	_	_	_
665-8	TOI014	665	665	8	non	non	_	_	_	_	_	linguistic	_	none	_	_	_	_	_	_
665-9	TOI014	665	665	9	sono	sono	_	_	_	_	_	linguistic	_	none	_	_	_	_	_	_
665-10	TOI014	665	665	10	persone	persone	_	_	_	_	_	linguistic	_	none	_	_	_	_	_	_
665-11	TOI014	665	665	11	che	che	_	_	_	_	_	linguistic	_	none	_	_	_	_	_	_
665-12	TOI014	665	665	12	vanno	vanno	_	_	_	_	_	linguistic	_	none	_	_	_	_	_	_
665-13	TOI014	665	665	13	in	in	_	_	_	_	_	linguistic	_	none	_	_	_	_	_	_
665-14	TOI014	665	665	14	skate	skate	_	_	_	_	_	linguistic	_	none	_	_	_	_	_	_
665-15	TOI014	665	665	15	di	di	_	_	_	_	_	linguistic	_	none	_	_	_	_	_	_
665-16	TOI014	665	665	16	conse[guenza]	conseguenza	_	_	_	_	_	linguistic	_	none	_	End=1421.607	_	_	_	5-11(132)
666-0	TOR001	666	666	0	[mh	mh	_	_	_	_	_	linguistic	_	none	_	Begin=1417.807	_	_	_	0-2(131)
666-1	TOR001	666	666	1	mh]	mh	_	_	_	_	_	linguistic	_	none	_	End=1418.158	_	_	_	0-2(131)
667-0	TOR001	667	667	0	[okay]	okay	_	_	_	_	_	linguistic	_	none	_	Begin=1420.903|End=1421.296	_	_	_	0-4(132)
668-0	TOI014	668	668	0	non	non	_	_	_	_	_	linguistic	_	none	_	Begin=1422.096	_	_	_	_
668-1	TOI014	668	668	1	sei	sei	_	_	_	_	_	linguistic	_	none	_	_	_	_	_	_
668-2	TOI014	668	668	2	invogliato	invogliato	_	_	_	_	_	linguistic	_	none	_	_	_	_	_	_
668-3	TOI014	668	668	3	a	a	_	_	_	_	_	linguistic	_	none	_	_	_	_	_	_
668-4	TOI014	668	668	4	frequentare	frequentare	_	_	_	_	_	linguistic	_	none	_	_	_	_	_	_
668-5	TOI014	668	668	5	determinati	determinati	_	_	_	_	_	linguistic	_	none	_	_	_	_	_	_
668-6	TOI014	668	668	6	ambienti	ambienti	_	_	_	_	_	linguistic	_	none	_	End=1424.703	_	_	_	_
669-0	TOR001	669	669	0	ok[ay]	okay	_	_	_	_	_	linguistic	_	none	_	Begin=1424.8|End=1425.303	_	_	_	2-4(133)
670-0	TOI014	670	670	0	[per]ché::	perché	_	_	_	_	_	linguistic	_	none	_	Begin=1425.172	5x2	_	_	0-3(133)
670-1	TOI014	670	670	1	ti	ti	_	_	_	_	_	linguistic	_	none	_	_	_	_	_	_
670-2	TOI014	670	670	2	demotivano	demotivano	_	_	_	_	_	linguistic	_	none	_	End=1427.2	_	_	_	_
671-0	TOR001	671	671	0	okay	okay	_	_	_	_	_	linguistic	_	none	_	Begin=1427.4|End=1427.807	_	_	_	_
672-0	TOR001	672	672	0	>c(io)è	cioè	_	_	_	_	_	linguistic	_	none	_	Begin=1428.896	_	Fast=0-4(0)	1-3(0)	_
672-1	TOR001	672	672	1	perché<	perché	_	_	_	_	_	linguistic	_	none	_	_	_	Fast=0-6(0)	_	_
672-2	TOR001	672	672	2	é	é	_	_	_	_	_	linguistic	_	none	_	_	_	_	_	_
672-3	TOR001	672	672	3	gente	gente	_	_	_	_	_	linguistic	_	none	_	_	_	_	_	_
672-4	TOR001	672	672	4	che:::	che	_	_	_	_	_	linguistic	_	none	_	_	2x3	_	_	_
672-5	TOR001	672	672	5	inzia	inzia	_	_	_	_	_	linguistic	_	none	_	_	_	_	_	_
672-6	TOR001	672	672	6	si	si	_	_	_	_	_	linguistic	_	none	_	_	_	_	_	_
672-7	TOR001	672	672	7	improvvisa	improvvisa	_	_	_	_	_	linguistic	_	none	_	_	_	_	_	_
672-8	TOR001	672	672	8	così	così	_	_	_	_	_	linguistic	_	none	_	_	_	_	_	_
672-9	TOR001	672	672	9	e	e	_	_	_	_	_	linguistic	_	none	_	_	_	_	_	_
672-10	TOR001	672	672	10	non	non	_	_	_	_	_	linguistic	_	none	_	_	_	_	_	_
672-11	TOR001	672	672	11	lo	lo	_	_	_	_	_	linguistic	_	none	_	_	_	_	_	_
672-12	TOR001	672	672	12	fa	fa	_	_	_	_	_	linguistic	_	none	_	_	_	_	_	_
672-13	TOR001	672	672	13	spesso	spesso	_	_	_	_	_	linguistic	_	none	_	_	_	_	_	_
672-14	TOR001	672	672	14	[dici]?	dici	_	_	_	_	_	linguistic	_	none	Intonation=Rising	End=1432.996	_	_	_	0-4(134)
673-0	TOI014	673	673	0	[no::]	no	_	_	_	_	_	linguistic	_	none	_	Begin=1432.496	1x2	_	_	0-2(134)
673-1	TOI014	673	673	1	é	é	_	_	_	_	_	linguistic	_	none	_	_	_	_	_	_
673-2	TOI014	673	673	2	gente	gente	_	_	_	_	_	linguistic	_	none	_	_	_	_	_	_
673-3	TOI014	673	673	3	che::	che	_	_	_	_	_	linguistic	_	none	_	_	2x2	_	_	_
673-4	TOI014	673	673	4	magari	magari	_	_	_	_	_	linguistic	_	none	_	End=1434.303	_	_	_	_
674-0	TOI014	674	674	0	va::	va	_	_	_	_	_	linguistic	_	none	_	Begin=1434.31	1x2	_	_	_
674-1	TOI014	674	674	1	allo	allo	_	_	_	_	_	linguistic	_	none	_	_	_	_	_	_
674-2	TOI014	674	674	2	skate	skate	_	_	_	_	_	linguistic	_	none	_	_	_	_	_	_
674-3	TOI014	674	674	3	park	park	_	_	_	_	_	linguistic	_	none	_	_	_	_	_	_
674-4	TOI014	674	674	4	per	per	_	_	_	_	_	linguistic	_	none	_	_	_	_	_	_
674-5	TOI014	674	674	5	bersi	bersi	_	_	_	_	_	linguistic	_	none	_	_	_	_	_	_
674-6	TOI014	674	674	6	una	una	_	_	_	_	_	linguistic	_	none	_	_	_	_	_	_
674-7	TOI014	674	674	7	birra	birra	_	_	_	_	_	linguistic	_	none	_	_	_	_	_	_
674-8	TOI014	674	674	8	in	in	_	_	_	_	_	linguistic	_	none	_	_	_	_	_	_
674-9	TOI014	674	674	9	c[ompagni]a::	compagnia	_	_	_	_	_	linguistic	_	none	_	_	8x2	_	_	1-8(135)
674-10	TOI014	674	674	10	e	e	_	_	_	_	_	linguistic	_	none	_	_	_	_	_	_
674-11	TOI014	674	674	11	stare	stare	_	_	_	_	_	linguistic	_	none	_	_	_	_	_	_
674-12	TOI014	674	674	12	lì	lì	_	_	_	_	_	linguistic	_	none	_	_	_	_	_	_
674-13	TOI014	674	674	13	[a	a	_	_	_	_	_	linguistic	_	none	_	_	_	_	_	0-1(136)
674-14	TOI014	674	674	14	usare	usare	_	_	_	_	_	linguistic	_	none	_	_	_	_	_	0-5(136)
674-15	TOI014	674	674	15	le	le	_	_	_	_	_	linguistic	_	none	_	_	_	_	_	0-2(136)
674-16	TOI014	674	674	16	panchine	panchine	_	_	_	_	_	linguistic	_	none	_	_	_	_	_	0-8(136)
674-17	TOI014	674	674	17	dove	dove	_	_	_	_	_	linguistic	_	none	_	_	_	_	_	0-4(136)
674-18	TOI014	674	674	18	io	io	_	_	_	_	_	linguistic	_	none	_	_	_	_	_	0-2(136)
674-19	TOI014	674	674	19	dovrei]::	dovrei	_	_	_	_	_	linguistic	_	none	_	_	5x2	_	_	0-6(136)
674-20	TOI014	674	674	20	fare	fare	_	_	_	_	_	linguistic	_	none	_	_	_	_	_	_
674-21	TOI014	674	674	21	i	i	_	_	_	_	_	linguistic	_	none	_	_	_	_	_	_
674-22	TOI014	674	674	22	miei	miei	_	_	_	_	_	linguistic	_	none	_	_	_	_	_	_
674-23	TOI014	674	674	23	salti	salti	_	_	_	_	_	linguistic	_	none	_	_	_	_	_	_
674-24	TOI014	674	674	24	ecc[o]	ecco	_	_	_	_	_	linguistic	_	none	_	End=1441.482	_	_	_	3-4(137)
675-0	TOR001	675	675	0	[ah	ah	_	_	_	_	_	linguistic	_	none	_	Begin=1436.6	_	_	_	0-2(135)
675-1	TOR001	675	675	1	okay]	okay	_	_	_	_	_	linguistic	_	none	_	End=1437.007	_	_	_	0-4(135)
676-0	TOR001	676	676	0	[quindi	quindi	_	_	_	_	_	linguistic	_	none	_	Begin=1438.007	_	_	_	0-6(136)
676-1	TOR001	676	676	1	tutt'	tutt'	_	_	_	_	_	linguistic	_	none	SpaceAfter=No	_	_	_	_	0-5(136)
676-2	TOR001	676	676	2	altro	altro	_	_	_	_	_	linguistic	_	none	_	_	_	_	_	0-5(136)
676-3	TOR001	676	676	3	okay]	okay	_	_	_	_	_	linguistic	_	none	_	End=1439.4	_	_	_	0-4(136)
677-0	TOR001	677	677	0	[o]kay	okay	_	_	_	_	_	linguistic	_	none	_	Begin=1441.4|End=1441.896	_	_	_	0-1(137)
678-0	TOR001	678	678	0	e	e	_	_	_	_	_	linguistic	_	none	_	Begin=1442.11	_	_	_	_
678-1	TOR001	678	678	1	in	in	_	_	_	_	_	linguistic	_	none	_	_	_	_	_	_
678-2	TOR001	678	678	2	altre	altre	_	_	_	_	_	linguistic	_	none	_	_	_	_	_	_
678-3	TOR001	678	678	3	città	città	_	_	_	_	_	linguistic	_	none	_	_	_	_	_	_
678-4	TOR001	678	678	4	che	che	_	_	_	_	_	linguistic	_	none	_	_	_	_	_	_
678-5	TOR001	678	678	5	tu	tu	_	_	_	_	_	linguistic	_	none	_	_	_	_	_	_
678-6	TOR001	678	678	6	sappia	sappia	_	_	_	_	_	linguistic	_	none	_	_	_	_	_	_
678-7	TOR001	678	678	7	ci	ci	_	_	_	_	_	linguistic	_	none	_	_	_	_	_	_
678-8	TOR001	678	678	8	sono	sono	_	_	_	_	_	linguistic	_	none	_	_	_	_	_	_
678-9	TOR001	678	678	9	skate	skate	_	_	_	_	_	linguistic	_	none	_	_	_	_	_	_
678-10	TOR001	678	678	10	park?	park	_	_	_	_	_	linguistic	_	none	Intonation=Rising	End=1444.51	_	_	_	_
679-0	TOI014	679	679	0	e:::h	eh	_	_	_	_	_	linguistic	_	none	_	Begin=1444.703	0x3	_	_	_
679-1	TOI014	679	679	1	io	io	_	_	_	_	_	linguistic	_	none	_	_	_	_	_	_
679-2	TOI014	679	679	2	penso	penso	_	_	_	_	_	linguistic	_	none	_	_	_	_	_	_
679-3	TOI014	679	679	3	che	che	_	_	_	_	_	linguistic	_	none	_	_	_	_	_	_
679-4	TOI014	679	679	4	milano	milano	_	_	_	_	_	linguistic	_	none	_	_	_	_	_	_
679-5	TOI014	679	679	5	sia	sia	_	_	_	_	_	linguistic	_	none	_	_	_	_	_	_
679-6	TOI014	679	679	6	un'	un'	_	_	_	_	_	linguistic	_	none	SpaceAfter=No	_	_	_	_	_
679-7	TOI014	679	679	7	ottima	ottima	_	_	_	_	_	linguistic	_	none	_	_	_	_	_	_
679-8	TOI014	679	679	8	realtà	realtà	_	_	_	_	_	linguistic	_	none	_	_	_	_	_	_
679-9	TOI014	679	679	9	per	per	_	_	_	_	_	linguistic	_	none	_	_	_	_	_	_
679-10	TOI014	679	679	10	quello	quello	_	_	_	_	_	linguistic	_	none	_	_	_	_	_	_
679-11	TOI014	679	679	11	che	che	_	_	_	_	_	linguistic	_	none	_	_	_	_	_	_
679-12	TOI014	679	679	12	é	é	_	_	_	_	_	linguistic	_	none	_	_	_	_	_	_
679-13	TOI014	679	679	13	lo	lo	_	_	_	_	_	linguistic	_	none	_	_	_	_	_	_
679-14	TOI014	679	679	14	skate	skate	_	_	_	_	_	linguistic	_	none	_	_	_	_	_	_
679-15	TOI014	679	679	15	in	in	_	_	_	_	_	linguistic	_	none	_	_	_	_	_	_
679-16	TOI014	679	679	16	italia	italia	_	_	_	_	_	linguistic	_	none	_	End=1448.993	_	_	_	_
680-0	TOR001	680	680	0	mh	mh	_	_	_	_	_	linguistic	_	none	_	Begin=1449.041	_	_	_	_
680-1	TOR001	680	680	1	mh	mh	_	_	_	_	_	linguistic	_	none	_	End=1449.4	_	_	_	_
681-0	TOI014	681	681	0	e::h	eh	_	_	_	_	_	linguistic	_	none	PauseAfter=Yes	Begin=1449.434	0x2	_	_	_
681-1	TOI014	681	681	1	{P}	{P}	_	_	_	_	_	shortpause	_	none	_	_	_	_	_	_
681-2	TOI014	681	681	2	si	si	_	_	_	_	_	linguistic	_	none	_	_	_	_	_	_
681-3	TOI014	681	681	3	organizzano	organizzano	_	_	_	_	_	linguistic	_	none	_	_	_	_	_	_
681-4	TOI014	681	681	4	molti	molti	_	_	_	_	_	linguistic	_	none	_	_	_	_	_	_
681-5	TOI014	681	681	5	più	più	_	_	_	_	_	linguistic	_	none	_	_	_	_	_	_
681-6	TOI014	681	681	6	eventi	eventi	_	_	_	_	_	linguistic	_	none	_	_	_	_	_	_
681-7	TOI014	681	681	7	a	a	_	_	_	_	_	linguistic	_	none	_	_	_	_	_	_
681-8	TOI014	681	681	8	milano	milano	_	_	_	_	_	linguistic	_	none	_	End=1452.91	_	_	_	_
682-0	TOI014	682	682	0	e	e	_	_	_	_	_	linguistic	_	none	_	Begin=1453.207	_	_	_	_
682-1	TOI014	682	682	1	soprattutto::	soprattutto	_	_	_	_	_	linguistic	_	none	_	_	10x2	_	_	_
682-2	TOI014	682	682	2	nei	nei	_	_	_	_	_	linguistic	_	none	_	_	_	_	_	_
682-3	TOI014	682	682	3	dintorni	dintorni	_	_	_	_	_	linguistic	_	none	_	_	_	_	_	_
682-4	TOI014	682	682	4	della	della	_	_	_	_	_	linguistic	_	none	_	_	_	_	_	_
682-5	TOI014	682	682	5	città	città	_	_	_	_	_	linguistic	_	none	_	_	_	_	_	_
682-6	TOI014	682	682	6	ci	ci	_	_	_	_	_	linguistic	_	none	_	_	_	_	_	_
682-7	TOI014	682	682	7	sono:::	sono	_	_	_	_	_	linguistic	_	none	_	_	3x3	_	_	_
682-8	TOI014	682	682	8	m~	m~	_	_	_	_	_	linguistic	_	none	Interrupted=Yes	_	_	_	_	_
682-9	TOI014	682	682	9	molti::	molti	_	_	_	_	_	linguistic	_	none	_	_	4x2	_	_	_
682-10	TOI014	682	682	10	skate	skate	_	_	_	_	_	linguistic	_	none	_	_	_	_	_	_
682-11	TOI014	682	682	11	park::	park	_	_	_	_	_	linguistic	_	none	_	End=1458.974	3x2	_	_	_
683-0	TOI014	683	683	0	a	a	_	_	_	_	_	linguistic	_	none	_	Begin=1458.999	_	_	_	_
683-1	TOI014	683	683	1	livello	livello	_	_	_	_	_	linguistic	_	none	PauseAfter=Yes	_	_	_	_	_
683-2	TOI014	683	683	2	{P}	{P}	_	_	_	_	_	shortpause	_	none	_	_	_	_	_	_
683-3	TOI014	683	683	3	competitivi::	competitivi	_	_	_	_	_	linguistic	_	none	_	_	10x2	_	_	_
683-4	TOI014	683	683	4	con	con	_	_	_	_	_	linguistic	_	none	_	_	_	_	_	_
683-5	TOI014	683	683	5	[quello	quello	_	_	_	_	_	linguistic	_	none	_	_	_	_	_	0-6(138)
683-6	TOI014	683	683	6	che:::]	che	_	_	_	_	_	linguistic	_	none	_	_	2x3	_	_	0-3(138)
683-7	TOI014	683	683	7	é	é	_	_	_	_	_	linguistic	_	none	_	_	_	_	_	_
683-8	TOI014	683	683	8	la	la	_	_	_	_	_	linguistic	_	none	_	_	_	_	_	_
683-9	TOI014	683	683	9	realtà	realtà	_	_	_	_	_	linguistic	_	none	_	_	_	_	_	_
683-10	TOI014	683	683	10	italiana	italiana	_	_	_	_	_	linguistic	_	none	_	End=1462.781	_	_	_	_
684-0	TOR001	684	684	0	[mh	mh	_	_	_	_	_	linguistic	_	none	_	Begin=1460.6	_	_	_	0-2(138)
684-1	TOR001	684	684	1	mh	mh	_	_	_	_	_	linguistic	_	none	_	_	_	_	_	0-2(138)
684-2	TOR001	684	684	2	mh	mh	_	_	_	_	_	linguistic	_	none	_	_	_	_	_	0-2(138)
684-3	TOR001	684	684	3	mh]	mh	_	_	_	_	_	linguistic	_	none	_	End=1461.309	_	_	_	0-2(138)
685-0	TOI014	685	685	0	e:::h	eh	_	_	_	_	_	linguistic	_	none	_	Begin=1463.703	0x3	_	_	_
685-1	TOI014	685	685	1	anche	anche	_	_	_	_	_	linguistic	_	none	_	_	_	_	_	_
685-2	TOI014	685	685	2	il	il	_	_	_	_	_	linguistic	_	none	_	_	_	_	_	_
685-3	TOI014	685	685	3	fatto	fatto	_	_	_	_	_	linguistic	_	none	_	_	_	_	_	_
685-4	TOI014	685	685	4	che:::	che	_	_	_	_	_	linguistic	_	none	_	_	2x3	_	_	_
685-5	TOI014	685	685	5	il	il	_	_	_	_	_	linguistic	_	none	_	_	_	_	_	_
685-6	TOI014	685	685	6	clima	clima	_	_	_	_	_	linguistic	_	none	_	_	_	_	_	_
685-7	TOI014	685	685	7	di	di	_	_	_	_	_	linguistic	_	none	_	_	_	_	_	_
685-8	TOI014	685	685	8	torino	torino	_	_	_	_	_	linguistic	_	none	_	_	_	_	_	_
685-9	TOI014	685	685	9	non	non	_	_	_	_	_	linguistic	_	none	_	_	_	_	_	_
685-10	TOI014	685	685	10	aiuta	aiuta	_	_	_	_	_	linguistic	_	none	_	_	_	_	_	_
685-11	TOI014	685	685	11	questa	questa	_	_	_	_	_	linguistic	_	none	_	_	_	_	_	_
685-12	TOI014	685	685	12	pratica	pratica	_	_	_	_	_	linguistic	_	none	_	_	_	_	_	_
685-13	TOI014	685	685	13	in	in	_	_	_	_	_	linguistic	_	none	_	_	_	_	_	_
685-14	TOI014	685	685	14	quanto	quanto	_	_	_	_	_	linguistic	_	none	_	End=1468.503	_	_	_	_
686-0	TOI014	686	686	0	piovendo	piovendo	_	_	_	_	_	linguistic	_	none	_	Begin=1469.303	_	_	_	_
686-1	TOI014	686	686	1	spesso::	spesso	_	_	_	_	_	linguistic	_	none	_	_	5x2	_	_	_
686-2	TOI014	686	686	2	e	e	_	_	_	_	_	linguistic	_	none	_	_	_	_	_	_
686-3	TOI014	686	686	3	non	non	_	_	_	_	_	linguistic	_	none	_	_	_	_	_	_
686-4	TOI014	686	686	4	c'	c'	_	_	_	_	_	linguistic	_	none	SpaceAfter=No	_	_	_	_	_
686-5	TOI014	686	686	5	é	é	_	_	_	_	_	linguistic	_	none	_	_	_	_	_	_
686-6	TOI014	686	686	6	uno	uno	_	_	_	_	_	linguistic	_	none	_	_	_	_	_	_
686-7	TOI014	686	686	7	skate	skate	_	_	_	_	_	linguistic	_	none	_	_	_	_	_	_
686-8	TOI014	686	686	8	park	park	_	_	_	_	_	linguistic	_	none	_	_	_	_	_	_
686-9	TOI014	686	686	9	al	al	_	_	_	_	_	linguistic	_	none	_	_	_	_	_	_
686-10	TOI014	686	686	10	chiuso::	chiuso	_	_	_	_	_	linguistic	_	none	_	End=1472.317	5x2	_	_	_
687-0	TOI014	687	687	0	tutto	tutto	_	_	_	_	_	linguistic	_	none	_	Begin=1472.413	_	_	_	_
687-1	TOI014	687	687	1	il	il	_	_	_	_	_	linguistic	_	none	_	_	_	_	_	_
687-2	TOI014	687	687	2	tempo	tempo	_	_	_	_	_	linguistic	_	none	_	_	_	_	_	_
687-3	TOI014	687	687	3	in	in	_	_	_	_	_	linguistic	_	none	_	_	_	_	_	_
687-4	TOI014	687	687	4	cui::	cui	_	_	_	_	_	linguistic	_	none	PauseAfter=Yes	_	2x2	_	_	_
687-5	TOI014	687	687	5	{P}	{P}	_	_	_	_	_	shortpause	_	none	_	_	_	_	_	_
687-6	TOI014	687	687	6	ci	ci	_	_	_	_	_	linguistic	_	none	_	_	_	_	_	_
687-7	TOI014	687	687	7	sono	sono	_	_	_	_	_	linguistic	_	none	_	_	_	_	_	_
687-8	TOI014	687	687	8	intemperie	intemperie	_	_	_	_	_	linguistic	_	none	_	_	_	_	_	_
687-9	TOI014	687	687	9	uno	uno	_	_	_	_	_	linguistic	_	none	_	_	_	_	_	_
687-10	TOI014	687	687	10	non	non	_	_	_	_	_	linguistic	_	none	_	_	_	_	_	_
687-11	TOI014	687	687	11	può	può	_	_	_	_	_	linguistic	_	none	_	_	_	_	_	_
687-12	TOI014	687	687	12	allenarsi	allenarsi	_	_	_	_	_	linguistic	_	none	_	_	_	_	_	_
687-13	TOI014	687	687	13	[rimane	rimane	_	_	_	_	_	linguistic	_	none	_	_	_	_	_	0-6(139)
687-14	TOI014	687	687	14	a:h]	ah	_	_	_	_	_	linguistic	_	none	_	_	0x1	_	_	0-2(139)
687-15	TOI014	687	687	15	a	a	_	_	_	_	_	linguistic	_	none	_	_	_	_	_	_
687-16	TOI014	687	687	16	casa	casa	_	_	_	_	_	linguistic	_	none	_	_	_	_	_	_
687-17	TOI014	687	687	17	fare	fare	_	_	_	_	_	linguistic	_	none	_	_	_	_	_	_
687-18	TOI014	687	687	18	al[tro]	altro	_	_	_	_	_	linguistic	_	none	_	End=1477.938	_	_	_	2-5(140)
688-0	TOR001	688	688	0	[certo]	certo	_	_	_	_	_	linguistic	_	none	_	Begin=1475.807|End=1476.296	_	_	_	0-5(139)
689-0	TOR001	689	689	0	[e	e	_	_	_	_	_	linguistic	_	none	_	Begin=1477.661	_	_	_	0-1(140)
689-1	TOR001	689	689	1	inve]ce	invece	_	_	_	_	_	linguistic	_	none	_	_	_	_	_	0-4(140)
689-2	TOR001	689	689	2	a	a	_	_	_	_	_	linguistic	_	none	_	_	_	_	_	_
689-3	TOR001	689	689	3	milano	milano	_	_	_	_	_	linguistic	_	none	_	_	_	_	_	_
689-4	TOR001	689	689	4	sono	sono	_	_	_	_	_	linguistic	_	none	_	_	_	_	_	_
689-5	TOR001	689	689	5	al	al	_	_	_	_	_	linguistic	_	none	_	_	_	_	_	_
689-6	TOR001	689	689	6	coper[to]?	coperto	_	_	_	_	_	linguistic	_	none	Intonation=Rising	End=1479.096	_	_	_	5-7(141)
690-0	TOI014	690	690	0	[a]	a	_	_	_	_	_	linguistic	_	none	_	Begin=1478.882	_	_	_	0-1(141)
690-1	TOI014	690	690	1	milano	milano	_	_	_	_	_	linguistic	_	none	_	_	_	_	_	_
690-2	TOI014	690	690	2	a	a	_	_	_	_	_	linguistic	_	none	_	_	_	_	_	_
690-3	TOI014	690	690	3	milano	milano	_	_	_	_	_	linguistic	_	none	_	_	_	_	_	_
690-4	TOI014	690	690	4	ci	ci	_	_	_	_	_	linguistic	_	none	_	_	_	_	_	_
690-5	TOI014	690	690	5	sono	sono	_	_	_	_	_	linguistic	_	none	_	_	_	_	_	_
690-6	TOI014	690	690	6	vari	vari	_	_	_	_	_	linguistic	_	none	_	_	_	_	_	_
690-7	TOI014	690	690	7	posti::	posti	_	_	_	_	_	linguistic	_	none	_	_	4x2	_	_	_
690-8	TOI014	690	690	8	al	al	_	_	_	_	_	linguistic	_	none	_	_	_	_	_	_
690-9	TOI014	690	690	9	chiuso::	chiuso	_	_	_	_	_	linguistic	_	none	_	_	5x2	_	_	_
690-10	TOI014	690	690	10	[nei	nei	_	_	_	_	_	linguistic	_	none	_	_	_	_	_	0-3(142)
690-11	TOI014	690	690	11	dinto]rni	dintorni	_	_	_	_	_	linguistic	_	none	_	_	_	_	_	0-5(142)
690-12	TOI014	690	690	12	della	della	_	_	_	_	_	linguistic	_	none	_	_	_	_	_	_
690-13	TOI014	690	690	13	città	città	_	_	_	_	_	linguistic	_	none	PauseAfter=Yes	_	_	_	_	_
690-14	TOI014	690	690	14	{P}	{P}	_	_	_	_	_	shortpause	_	none	_	_	_	_	_	_
690-15	TOI014	690	690	15	[sì].	sì	_	_	_	_	_	linguistic	_	none	Intonation=Falling	End=1483.593	_	_	_	0-2(143)
691-0	TOR001	691	691	0	[okay]	okay	_	_	_	_	_	linguistic	_	none	_	Begin=1481.8|End=1482.207	_	_	_	0-4(142)
692-0	TOR001	692	692	0	[okay]	okay	_	_	_	_	_	linguistic	_	none	_	Begin=1483.0|End=1483.6	_	_	_	0-4(143)
693-0	TOR001	693	693	0	mio	mio	_	_	_	_	_	linguistic	_	none	_	Begin=1484.689	_	_	_	_
693-1	TOR001	693	693	1	cugino	cugino	_	_	_	_	_	linguistic	_	none	_	_	_	_	_	_
693-2	TOR001	693	693	2	fa	fa	_	_	_	_	_	linguistic	_	none	_	_	_	_	_	_
693-3	TOR001	693	693	3	l'	l'	_	_	_	_	_	linguistic	_	none	SpaceAfter=No	_	_	_	_	_
693-4	TOR001	693	693	4	architteto	architteto	_	_	_	_	_	linguistic	_	none	_	_	_	_	_	_
693-5	TOR001	693	693	5	e	e	_	_	_	_	_	linguistic	_	none	_	_	_	_	_	_
693-6	TOR001	693	693	6	disegna	disegna	_	_	_	_	_	linguistic	_	none	_	_	_	_	_	_
693-7	TOR001	693	693	7	skate	skate	_	_	_	_	_	linguistic	_	none	_	_	_	_	_	_
693-8	TOR001	693	693	8	park	park	_	_	_	_	_	linguistic	_	none	_	_	_	_	_	_
693-9	TOR001	693	693	9	per	per	_	_	_	_	_	linguistic	_	none	_	_	_	_	_	_
693-10	TOR001	693	693	10	quello	quello	_	_	_	_	_	linguistic	_	none	_	_	_	_	_	_
693-11	TOR001	693	693	11	stavo:::	stavo	_	_	_	_	_	linguistic	_	none	_	End=1487.694	4x3	_	_	_
694-0	TOR001	694	694	0	la[vora	lavora	_	_	_	_	_	linguistic	_	none	_	Begin=1487.731	_	_	_	2-6(145)
694-1	TOR001	694	694	1	a	a	_	_	_	_	_	linguistic	_	none	_	_	_	_	_	0-1(145)
694-2	TOR001	694	694	2	mila]no	milano	_	_	_	_	_	linguistic	_	none	_	_	_	_	_	0-4(145)
694-3	TOR001	694	694	3	[sì].	sì	_	_	_	_	_	linguistic	_	none	Intonation=Falling	End=1488.896	_	_	_	0-2(144)
695-0	TOR002	695	695	0	[vero]?	vero	_	_	_	_	_	linguistic	_	none	Intonation=Rising	Begin=1487.807|End=1488.186	_	_	_	0-4(145)
696-0	TOI014	696	696	0	[bomba]	bomba	_	_	_	_	_	linguistic	_	none	_	Begin=1488.517|End=1488.896	_	_	_	0-5(144)
697-0	TOR001	697	697	0	{ride}	{ride}	_	_	_	_	_	nonverbalbehavior	_	none	_	Begin=1489.31	_	_	_	_
697-1	TOR001	697	697	1	un	un	_	_	_	_	_	linguistic	_	none	_	_	_	_	_	_
697-2	TOR001	697	697	2	cugino	cugino	_	_	_	_	_	linguistic	_	none	_	_	_	_	_	_
697-3	TOR001	697	697	3	di	di	_	_	_	_	_	linguistic	_	none	_	_	_	_	_	_
697-4	TOR001	697	697	4	mia	mia	_	_	_	_	_	linguistic	_	none	_	_	_	_	_	_
697-5	TOR001	697	697	5	madre	madre	_	_	_	_	_	linguistic	_	none	_	_	_	_	_	_
697-6	TOR001	697	697	6	anzi	anzi	_	_	_	_	_	linguistic	_	none	_	_	_	_	_	_
697-7	TOR001	697	697	7	che	che	_	_	_	_	_	linguistic	_	none	_	_	_	_	_	_
697-8	TOR001	697	697	8	però	però	_	_	_	_	_	linguistic	_	none	_	_	_	_	_	_
697-9	TOR001	697	697	9	e:::h	eh	_	_	_	_	_	linguistic	_	none	_	_	0x3	_	_	_
697-10	TOR001	697	697	10	c(io)è	cioè	_	_	_	_	_	linguistic	_	none	_	_	_	_	1-3(0)	_
697-11	TOR001	697	697	11	ha	ha	_	_	_	_	_	linguistic	_	none	PauseAfter=Yes	_	_	_	_	_
697-12	TOR001	697	697	12	{P}	{P}	_	_	_	_	_	shortpause	_	none	_	_	_	_	_	_
697-13	TOR001	697	697	13	oddio	oddio	_	_	_	_	_	linguistic	_	none	_	_	_	_	_	_
697-14	TOR001	697	697	14	per	per	_	_	_	_	_	linguistic	_	none	_	_	_	_	_	_
697-15	TOR001	697	697	15	me	me	_	_	_	_	_	linguistic	_	none	_	_	_	_	_	_
697-16	TOR001	697	697	16	é	é	_	_	_	_	_	linguistic	_	none	_	_	_	_	_	_
697-17	TOR001	697	697	17	giovane	giovane	_	_	_	_	_	linguistic	_	none	_	_	_	_	_	_
697-18	TOR001	697	697	18	ma	ma	_	_	_	_	_	linguistic	_	none	_	_	_	_	_	_
697-19	TOR001	697	697	19	ormai	ormai	_	_	_	_	_	linguistic	_	none	_	_	_	_	_	_
697-20	TOR001	697	697	20	c'	c'	_	_	_	_	_	linguistic	_	none	SpaceAfter=No	_	_	_	_	_
697-21	TOR001	697	697	21	ha	ha	_	_	_	_	_	linguistic	_	none	_	_	_	_	_	_
697-22	TOR001	697	697	22	n'	n'	_	_	_	_	_	linguistic	_	none	SpaceAfter=No	_	_	_	_	_
697-23	TOR001	697	697	23	età	età	_	_	_	_	_	linguistic	_	none	_	_	_	_	_	_
697-24	TOR001	697	697	24	pure	pure	_	_	_	_	_	linguistic	_	none	_	_	_	_	_	_
697-25	TOR001	697	697	25	lui	lui	_	_	_	_	_	linguistic	_	none	_	_	_	_	_	_
697-26	TOR001	697	697	26	{ride}	{ride}	_	_	_	_	_	nonverbalbehavior	_	none	_	End=1495.0	_	_	_	_
698-0	TOR001	698	698	0	avrà:	avrà	_	_	_	_	_	linguistic	_	none	_	Begin=1495.013	3x1	_	_	_
698-1	TOR001	698	698	1	trentacinque	trentacinque	_	_	_	_	_	linguistic	_	none	_	_	_	_	_	_
698-2	TOR001	698	698	2	anni	anni	_	_	_	_	_	linguistic	_	none	_	End=1496.379	_	_	_	_
699-0	TOR001	699	699	0	>per	per	_	_	_	_	_	linguistic	_	none	_	Begin=1497.4	_	Fast=0-3(0)	_	_
699-1	TOR001	699	699	1	quello	quello	_	_	_	_	_	linguistic	_	none	_	_	_	Fast=0-6(0)	_	_
699-2	TOR001	699	699	2	chiedevo	chiedevo	_	_	_	_	_	linguistic	_	none	_	_	_	Fast=0-8(0)	_	_
699-3	TOR001	699	699	3	milano<	milano	_	_	_	_	_	linguistic	_	none	_	End=1498.207	_	Fast=0-6(0)	_	_
700-0	TOR001	700	700	0	ehm::	ehm	_	_	_	_	_	linguistic	_	none	_	Begin=1498.896	2x2	_	_	_
700-1	TOR001	700	700	1	ogni	ogni	_	_	_	_	_	linguistic	_	none	_	_	_	_	_	_
700-2	TOR001	700	700	2	quanto	quanto	_	_	_	_	_	linguistic	_	none	_	_	_	_	_	_
700-3	TOR001	700	700	3	ti	ti	_	_	_	_	_	linguistic	_	none	_	_	_	_	_	_
700-4	TOR001	700	700	4	alleni	alleni	_	_	_	_	_	linguistic	_	none	_	_	_	_	_	_
700-5	TOR001	700	700	5	quindi	quindi	_	_	_	_	_	linguistic	_	none	_	_	_	_	_	_
700-6	TOR001	700	700	6	con	con	_	_	_	_	_	linguistic	_	none	_	_	_	_	_	_
700-7	TOR001	700	700	7	lo	lo	_	_	_	_	_	linguistic	_	none	_	_	_	_	_	_
700-8	TOR001	700	700	8	skate?	skate	_	_	_	_	_	linguistic	_	none	Intonation=Rising	End=1501.703	_	_	_	_
701-0	TOI014	701	701	0	sì	sì	_	_	_	_	_	linguistic	_	none	_	Begin=1501.793	_	_	_	_
701-1	TOI014	701	701	1	io::	io	_	_	_	_	_	linguistic	_	none	_	_	1x2	_	_	_
701-2	TOI014	701	701	2	mediamente	mediamente	_	_	_	_	_	linguistic	_	none	_	_	_	_	_	_
701-3	TOI014	701	701	3	mi	mi	_	_	_	_	_	linguistic	_	none	_	_	_	_	_	_
701-4	TOI014	701	701	4	alleno::	alleno	_	_	_	_	_	linguistic	_	none	_	End=1504.103	5x2	_	_	_
702-0	TOI014	702	702	0	se	se	_	_	_	_	_	linguistic	_	none	_	Begin=1504.407	_	_	_	_
702-1	TOI014	702	702	1	il	il	_	_	_	_	_	linguistic	_	none	_	_	_	_	_	_
702-2	TOI014	702	702	2	tempo	tempo	_	_	_	_	_	linguistic	_	none	_	_	_	_	_	_
702-3	TOI014	702	702	3	permette	permette	_	_	_	_	_	linguistic	_	none	_	_	_	_	_	_
702-4	TOI014	702	702	4	anche	anche	_	_	_	_	_	linguistic	_	none	_	_	_	_	_	_
702-5	TOI014	702	702	5	due	due	_	_	_	_	_	linguistic	_	none	_	_	_	_	_	_
702-6	TOI014	702	702	6	ore	ore	_	_	_	_	_	linguistic	_	none	_	_	_	_	_	_
702-7	TOI014	702	702	7	al	al	_	_	_	_	_	linguistic	_	none	_	_	_	_	_	_
702-8	TOI014	702	702	8	giorno::	giorno	_	_	_	_	_	linguistic	_	none	_	End=1507.503	5x2	_	_	_
703-0	TOI014	703	703	0	cinque	cinque	_	_	_	_	_	linguistic	_	none	_	Begin=1507.8	_	_	_	_
703-1	TOI014	703	703	1	volte	volte	_	_	_	_	_	linguistic	_	none	_	_	_	_	_	_
703-2	TOI014	703	703	2	a	a	_	_	_	_	_	linguistic	_	none	_	_	_	_	_	_
703-3	TOI014	703	703	3	settimana	settimana	_	_	_	_	_	linguistic	_	none	_	End=1509.615	_	_	_	_
704-0	TOI014	704	704	0	sì	sì	_	_	_	_	_	linguistic	_	none	_	Begin=1510.6|End=1510.903	_	_	_	_
705-0	TOI014	705	705	0	>il	il	_	_	_	_	_	linguistic	_	none	_	Begin=1511.6	_	Fast=0-2(0)	_	_
705-1	TOI014	705	705	1	più<	più	_	_	_	_	_	linguistic	_	none	PauseAfter=Yes	_	_	Fast=0-3(0)	_	_
705-2	TOI014	705	705	2	{P}	{P}	_	_	_	_	_	shortpause	_	none	_	_	_	_	_	_
705-3	TOI014	705	705	3	diciamo:::	diciamo	_	_	_	_	_	linguistic	_	none	_	_	6x3	_	_	_
705-4	TOI014	705	705	4	quando	quando	_	_	_	_	_	linguistic	_	none	_	_	_	_	_	_
705-5	TOI014	705	705	5	ne	ne	_	_	_	_	_	linguistic	_	none	_	_	_	_	_	_
705-6	TOI014	705	705	6	ho	ho	_	_	_	_	_	linguistic	_	none	_	_	_	_	_	_
705-7	TOI014	705	705	7	le	le	_	_	_	_	_	linguistic	_	none	_	_	_	_	_	_
705-8	TOI014	705	705	8	possibilità	possibilità	_	_	_	_	_	linguistic	_	none	_	End=1514.2	_	_	_	_
706-0	TOI014	706	706	0	poi	poi	_	_	_	_	_	linguistic	_	none	_	Begin=1514.22	_	_	_	_
706-1	TOI014	706	706	1	magari:::	magari	_	_	_	_	_	linguistic	_	none	PauseAfter=Yes	_	5x3	_	_	_
706-2	TOI014	706	706	2	{P}	{P}	_	_	_	_	_	shortpause	_	none	_	_	_	_	_	_
706-3	TOI014	706	706	3	se	se	_	_	_	_	_	linguistic	_	none	_	_	_	_	_	_
706-4	TOI014	706	706	4	lavoro::	lavoro	_	_	_	_	_	linguistic	_	none	_	_	5x2	_	_	_
706-5	TOI014	706	706	5	il	il	_	_	_	_	_	linguistic	_	none	_	_	_	_	_	_
706-6	TOI014	706	706	6	lavoro	lavoro	_	_	_	_	_	linguistic	_	none	_	_	_	_	_	_
706-7	TOI014	706	706	7	viene	viene	_	_	_	_	_	linguistic	_	none	_	_	_	_	_	_
706-8	TOI014	706	706	8	prima	prima	_	_	_	_	_	linguistic	_	none	_	_	_	_	_	_
706-9	TOI014	706	706	9	se	se	_	_	_	_	_	linguistic	_	none	_	_	_	_	_	_
706-10	TOI014	706	706	10	lavorassi	lavorassi	_	_	_	_	_	linguistic	_	none	_	_	_	_	_	_
706-11	TOI014	706	706	11	dalle	dalle	_	_	_	_	_	linguistic	_	none	_	_	_	_	_	_
706-12	TOI014	706	706	12	nove	nove	_	_	_	_	_	linguistic	_	none	_	_	_	_	_	_
706-13	TOI014	706	706	13	alle	alle	_	_	_	_	_	linguistic	_	none	_	_	_	_	_	_
706-14	TOI014	706	706	14	diciotto	diciotto	_	_	_	_	_	linguistic	_	none	_	_	_	_	_	_
706-15	TOI014	706	706	15	tutti	tutti	_	_	_	_	_	linguistic	_	none	_	_	_	_	_	_
706-16	TOI014	706	706	16	i	i	_	_	_	_	_	linguistic	_	none	_	_	_	_	_	_
706-17	TOI014	706	706	17	giorni	giorni	_	_	_	_	_	linguistic	_	none	_	_	_	_	_	_
706-18	TOI014	706	706	18	andrei::	andrei	_	_	_	_	_	linguistic	_	none	_	_	5x2	_	_	_
706-19	TOI014	706	706	19	sabato	sabato	_	_	_	_	_	linguistic	_	none	_	_	_	_	_	_
706-20	TOI014	706	706	20	e	e	_	_	_	_	_	linguistic	_	none	_	_	_	_	_	_
706-21	TOI014	706	706	21	la	la	_	_	_	_	_	linguistic	_	none	_	_	_	_	_	_
706-22	TOI014	706	706	22	do[menica]	domenica	_	_	_	_	_	linguistic	_	none	_	End=1521.303	_	_	_	2-8(146)
707-0	TOR001	707	707	0	[certo]	certo	_	_	_	_	_	linguistic	_	none	_	Begin=1520.896|End=1521.248	_	_	_	0-5(146)
708-0	TOR001	708	708	0	[ti	ti	_	_	_	_	_	linguistic	_	none	_	Begin=1521.289	_	_	_	0-2(148)
708-1	TOR001	708	708	1	organi]zzi	organizzi	_	_	_	_	_	linguistic	_	none	PauseAfter=Yes	_	_	_	_	0-6(148)
708-2	TOR001	708	708	2	{P}	{P}	_	_	_	_	_	shortpause	_	none	_	_	_	_	_	_
708-3	TOR001	708	708	3	certo	certo	_	_	_	_	_	linguistic	_	none	_	End=1522.496	_	_	_	_
709-0	TOI014	709	709	0	[ecco]	ecco	_	_	_	_	_	linguistic	_	none	_	Begin=1521.312|End=1521.703	_	_	_	0-4(148)
710-0	TOR001	710	710	0	okay	okay	_	_	_	_	_	linguistic	_	none	_	Begin=1523.4	_	_	_	_
710-1	TOR001	710	710	1	m:::h	mh	_	_	_	_	_	linguistic	_	none	_	_	0x3	_	_	_
710-2	TOR001	710	710	2	uscite	uscite	_	_	_	_	_	linguistic	_	none	_	_	_	_	_	_
710-3	TOR001	710	710	3	esci	esci	_	_	_	_	_	linguistic	_	none	_	_	_	_	_	_
710-4	TOR001	710	710	4	spesso?	spesso	_	_	_	_	_	linguistic	_	none	Intonation=Rising	End=1526.31	_	_	_	_
711-0	TOI014	711	711	0	sì	sì	_	_	_	_	_	linguistic	_	none	_	Begin=1526.6	_	_	_	_
711-1	TOI014	711	711	1	io::	io	_	_	_	_	_	linguistic	_	none	_	_	1x2	_	_	_
711-2	TOI014	711	711	2	esco	esco	_	_	_	_	_	linguistic	_	none	_	_	_	_	_	_
711-3	TOI014	711	711	3	spesso	spesso	_	_	_	_	_	linguistic	_	none	PauseAfter=Yes	_	_	_	_	_
711-4	TOI014	711	711	4	{P}	{P}	_	_	_	_	_	shortpause	_	none	_	_	_	_	_	_
711-5	TOI014	711	711	5	esco:::	esco	_	_	_	_	_	linguistic	_	none	_	_	3x3	_	_	_
711-6	TOI014	711	711	6	quasi	quasi	_	_	_	_	_	linguistic	_	none	_	_	_	_	_	_
711-7	TOI014	711	711	7	tutte	tutte	_	_	_	_	_	linguistic	_	none	_	_	_	_	_	_
711-8	TOI014	711	711	8	le	le	_	_	_	_	_	linguistic	_	none	_	_	_	_	_	_
711-9	TOI014	711	711	9	sere	sere	_	_	_	_	_	linguistic	_	none	_	End=1530.807	_	_	_	_
712-0	TOR001	712	712	0	okay	okay	_	_	_	_	_	linguistic	_	none	_	Begin=1530.896|End=1531.296	_	_	_	_
713-0	TOI014	713	713	0	mi::	mi	_	_	_	_	_	linguistic	_	none	_	Begin=1531.607	1x2	_	_	_
713-1	TOI014	713	713	1	trovo	trovo	_	_	_	_	_	linguistic	_	none	_	_	_	_	_	_
713-2	TOI014	713	713	2	con	con	_	_	_	_	_	linguistic	_	none	_	_	_	_	_	_
713-3	TOI014	713	713	3	vari	vari	_	_	_	_	_	linguistic	_	none	_	_	_	_	_	_
713-4	TOI014	713	713	4	amici	amici	_	_	_	_	_	linguistic	_	none	_	_	_	_	_	_
713-5	TOI014	713	713	5	facciamo	facciamo	_	_	_	_	_	linguistic	_	none	_	_	_	_	_	_
713-6	TOI014	713	713	6	giri	giri	_	_	_	_	_	linguistic	_	none	_	_	_	_	_	_
713-7	TOI014	713	713	7	in	in	_	_	_	_	_	linguistic	_	none	_	_	_	_	_	_
713-8	TOI014	713	713	8	macchina	macchina	_	_	_	_	_	linguistic	_	none	_	_	_	_	_	_
713-9	TOI014	713	713	9	andiamo	andiamo	_	_	_	_	_	linguistic	_	none	_	_	_	_	_	_
713-10	TOI014	713	713	10	in	in	_	_	_	_	_	linguistic	_	none	_	_	_	_	_	_
713-11	TOI014	713	713	11	san	san	_	_	_	_	_	linguistic	_	none	_	_	_	_	_	_
713-12	TOI014	713	713	12	salvario:::	salvario	_	_	_	_	_	linguistic	_	none	_	End=1535.979	7x3	_	_	_
714-0	TOI014	714	714	0	andia[mo	andiamo	_	_	_	_	_	linguistic	_	none	_	Begin=1536.303	_	_	_	5-7(149)
714-1	TOI014	714	714	1	a	a	_	_	_	_	_	linguistic	_	none	_	_	_	_	_	0-1(149)
714-2	TOI014	714	714	2	berc]i	berci	_	_	_	_	_	linguistic	_	none	_	_	_	_	_	0-4(149)
714-3	TOI014	714	714	3	una	una	_	_	_	_	_	linguistic	_	none	_	_	_	_	_	_
714-4	TOI014	714	714	4	cosa	cosa	_	_	_	_	_	linguistic	_	none	_	_	_	_	_	_
714-5	TOI014	714	714	5	xxx	xxx	_	_	_	_	_	unknown	_	none	Syllables=3	_	_	_	_	_
714-6	TOI014	714	714	6	e::h	eh	_	_	_	_	_	linguistic	_	none	_	_	0x2	_	_	_
714-7	TOI014	714	714	7	in	in	_	_	_	_	_	linguistic	_	none	_	_	_	_	_	_
714-8	TOI014	714	714	8	tranquillità::	tranquillità	_	_	_	_	_	linguistic	_	none	_	_	11x2	_	_	_
714-9	TOI014	714	714	9	[ecco]	ecco	_	_	_	_	_	linguistic	_	none	_	End=1540.103	_	_	_	0-4(150)
715-0	TOR001	715	715	0	[mh	mh	_	_	_	_	_	linguistic	_	none	_	Begin=1536.6	_	_	_	0-2(149)
715-1	TOR001	715	715	1	mh]	mh	_	_	_	_	_	linguistic	_	none	_	End=1537.007	_	_	_	0-2(149)
716-0	TOR001	716	716	0	[okay]	okay	_	_	_	_	_	linguistic	_	none	_	Begin=1539.6|End=1540.096	_	_	_	0-4(150)
717-0	TOR001	717	717	0	quindi	quindi	_	_	_	_	_	linguistic	_	none	_	Begin=1540.289	_	_	_	_
717-1	TOR001	717	717	1	come	come	_	_	_	_	_	linguistic	_	none	_	_	_	_	_	_
717-2	TOR001	717	717	2	zona	zona	_	_	_	_	_	linguistic	_	none	_	_	_	_	_	_
717-3	TOR001	717	717	3	san	san	_	_	_	_	_	linguistic	_	none	_	_	_	_	_	_
717-4	TOR001	717	717	4	salvario?	salvario	_	_	_	_	_	linguistic	_	none	Intonation=Rising	End=1541.607	_	_	_	_
718-0	TOI014	718	718	0	sì	sì	_	_	_	_	_	linguistic	_	none	_	Begin=1541.807	_	_	_	_
718-1	TOI014	718	718	1	come	come	_	_	_	_	_	linguistic	_	none	_	_	_	_	_	_
718-2	TOI014	718	718	2	zona::	zona	_	_	_	_	_	linguistic	_	none	_	_	3x2	_	_	_
718-3	TOI014	718	718	3	san	san	_	_	_	_	_	linguistic	_	none	_	_	_	_	_	_
718-4	TOI014	718	718	4	salavario::	salavario	_	_	_	_	_	linguistic	_	none	_	_	8x2	_	_	_
718-5	TOI014	718	718	5	o	o	_	_	_	_	_	linguistic	_	none	_	_	_	_	_	_
718-6	TOI014	718	718	6	il	il	_	_	_	_	_	linguistic	_	none	_	_	_	_	_	_
718-7	TOI014	718	718	7	centro	centro	_	_	_	_	_	linguistic	_	none	_	End=1544.8	_	_	_	_
719-0	TOR001	719	719	0	okay	okay	_	_	_	_	_	linguistic	_	none	PauseAfter=Yes	Begin=1545.103	_	_	_	_
719-1	TOR001	719	719	1	{P}	{P}	_	_	_	_	_	shortpause	_	none	_	_	_	_	_	_
719-2	TOR001	719	719	2	centro	centro	_	_	_	_	_	linguistic	_	none	_	_	_	_	_	_
719-3	TOR001	719	719	3	intendi::	intendi	_	_	_	_	_	linguistic	_	none	_	_	6x2	_	_	_
719-4	TOR001	719	719	4	piazza	piazza	_	_	_	_	_	linguistic	_	none	_	_	_	_	_	_
719-5	TOR001	719	719	5	vit[torio]?	vittorio	_	_	_	_	_	linguistic	_	none	Intonation=Rising	End=1546.903	_	_	_	3-8(151)
720-0	TOI014	720	720	0	[si::]	si	_	_	_	_	_	linguistic	_	none	_	Begin=1546.689	1x2	_	_	0-2(151)
720-1	TOI014	720	720	1	da	da	_	_	_	_	_	linguistic	_	none	_	_	_	_	_	_
720-2	TOI014	720	720	2	piazza	piazza	_	_	_	_	_	linguistic	_	none	_	_	_	_	_	_
720-3	TOI014	720	720	3	arbarello	arbarello	_	_	_	_	_	linguistic	_	none	_	_	_	_	_	_
720-4	TOI014	720	720	4	a	a	_	_	_	_	_	linguistic	_	none	_	_	_	_	_	_
720-5	TOI014	720	720	5	piazza	piazza	_	_	_	_	_	linguistic	_	none	_	_	_	_	_	_
720-6	TOI014	720	720	6	vittorio	vittorio	_	_	_	_	_	linguistic	_	none	_	_	_	_	_	_
720-7	TOI014	720	720	7	più	più	_	_	_	_	_	linguistic	_	none	_	_	_	_	_	_
720-8	TOI014	720	720	8	o	o	_	_	_	_	_	linguistic	_	none	_	_	_	_	_	_
720-9	TOI014	720	720	9	[meno]	meno	_	_	_	_	_	linguistic	_	none	_	End=1549.013	_	_	_	0-4(152)
721-0	TOR001	721	721	0	[okay]	okay	_	_	_	_	_	linguistic	_	none	PauseAfter=Yes	Begin=1548.6	_	_	_	0-4(152)
721-1	TOR001	721	721	1	{P}	{P}	_	_	_	_	_	shortpause	_	none	_	_	_	_	_	_
721-2	TOR001	721	721	2	d'	d'	_	_	_	_	_	linguistic	_	none	SpaceAfter=No	_	_	_	_	_
721-3	TOR001	721	721	3	accordo	accordo	_	_	_	_	_	linguistic	_	none	_	End=1549.993	_	_	_	_
722-0	TOR001	722	722	0	ehm	ehm	_	_	_	_	_	linguistic	_	none	_	Begin=1550.4	_	_	_	_
722-1	TOR001	722	722	1	che	che	_	_	_	_	_	linguistic	_	none	_	_	_	_	_	_
722-2	TOR001	722	722	2	posti	posti	_	_	_	_	_	linguistic	_	none	_	_	_	_	_	_
722-3	TOR001	722	722	3	preferisci?	preferisci	_	_	_	_	_	linguistic	_	none	Intonation=Rising	End=1551.903	_	_	_	_
723-0	TOI014	723	723	0	m::::h	mh	_	_	_	_	_	linguistic	_	none	_	Begin=1552.496	0x4	_	_	_
723-1	TOI014	723	723	1	non	non	_	_	_	_	_	linguistic	_	none	_	_	_	_	_	_
723-2	TOI014	723	723	2	é	é	_	_	_	_	_	linguistic	_	none	_	_	_	_	_	_
723-3	TOI014	723	723	3	delle	delle	_	_	_	_	_	linguistic	_	none	_	_	_	_	_	_
723-4	TOI014	723	723	4	preferenze	preferenze	_	_	_	_	_	linguistic	_	none	_	_	_	_	_	_
723-5	TOI014	723	723	5	per	per	_	_	_	_	_	linguistic	_	none	_	_	_	_	_	_
723-6	TOI014	723	723	6	quello	quello	_	_	_	_	_	linguistic	_	none	_	_	_	_	_	_
723-7	TOI014	723	723	7	che	che	_	_	_	_	_	linguistic	_	none	_	_	_	_	_	_
723-8	TOI014	723	723	8	é::	é	_	_	_	_	_	linguistic	_	none	_	_	0x2	_	_	_
723-9	TOI014	723	723	9	uscire	uscire	_	_	_	_	_	linguistic	_	none	_	_	_	_	_	_
723-10	TOI014	723	723	10	per	per	_	_	_	_	_	linguistic	_	none	_	_	_	_	_	_
723-11	TOI014	723	723	11	me	me	_	_	_	_	_	linguistic	_	none	_	_	_	_	_	_
723-12	TOI014	723	723	12	la	la	_	_	_	_	_	linguistic	_	none	_	_	_	_	_	_
723-13	TOI014	723	723	13	sera::	sera	_	_	_	_	_	linguistic	_	none	_	_	3x2	_	_	_
723-14	TOI014	723	723	14	a	a	_	_	_	_	_	linguistic	_	none	_	_	_	_	_	_
723-15	TOI014	723	723	15	torino	torino	_	_	_	_	_	linguistic	_	none	_	End=1556.207	_	_	_	_
724-0	TOI014	724	724	0	decidono:::	decidono	_	_	_	_	_	linguistic	_	none	_	Begin=1557.2	7x3	_	_	_
724-1	TOI014	724	724	1	sempre	sempre	_	_	_	_	_	linguistic	_	none	_	_	_	_	_	_
724-2	TOI014	724	724	2	gli	gli	_	_	_	_	_	linguistic	_	none	_	_	_	_	_	_
724-3	TOI014	724	724	3	[altri]	altri	_	_	_	_	_	linguistic	_	none	_	_	_	_	_	0-5(153)
724-4	TOI014	724	724	4	{ride}	{ride}	_	_	_	_	_	nonverbalbehavior	_	none	_	End=1559.407	_	_	_	_
725-0	TOR001	725	725	0	[okay]	okay	_	_	_	_	_	linguistic	_	none	_	Begin=1558.634	_	_	_	0-4(153)
725-1	TOR001	725	725	1	{ride}	{ride}	_	_	_	_	_	nonverbalbehavior	_	none	_	End=1559.496	_	_	_	_
726-0	TOI014	726	726	0	faccio	faccio	_	_	_	_	_	linguistic	_	none	_	Begin=1559.517	_	_	_	_
726-1	TOI014	726	726	1	fare	fare	_	_	_	_	_	linguistic	_	none	_	_	_	_	_	_
726-2	TOI014	726	726	2	agli	agli	_	_	_	_	_	linguistic	_	none	_	_	_	_	_	_
726-3	TOI014	726	726	3	altri	altri	_	_	_	_	_	linguistic	_	none	_	_	_	_	_	_
726-4	TOI014	726	726	4	mi	mi	_	_	_	_	_	linguistic	_	none	_	_	_	_	_	_
726-5	TOI014	726	726	5	tolgo	tolgo	_	_	_	_	_	linguistic	_	none	_	_	_	_	_	_
726-6	TOI014	726	726	6	questo	questo	_	_	_	_	_	linguistic	_	none	_	_	_	_	_	_
726-7	TOI014	726	726	7	problema::	problema	_	_	_	_	_	linguistic	_	none	_	End=1561.758	7x2	_	_	_
727-0	TOR002	727	727	0	{ride}	{ride}	_	_	_	_	_	nonverbalbehavior	_	none	_	Begin=1560.276|End=1560.903	_	_	_	_
728-0	TOR001	728	728	0	{ride}	{ride}	_	_	_	_	_	nonverbalbehavior	_	none	_	Begin=1561.758	_	_	_	_
728-1	TOR001	728	728	1	va	va	_	_	_	_	_	linguistic	_	none	_	_	_	_	_	_
728-2	TOR001	728	728	2	bene	bene	_	_	_	_	_	linguistic	_	none	_	End=1562.51	_	_	_	_
729-0	TOR001	729	729	0	ehm::	ehm	_	_	_	_	_	linguistic	_	none	_	Begin=1563.096	2x2	_	_	_
729-1	TOR001	729	729	1	ascolti	ascolti	_	_	_	_	_	linguistic	_	none	_	_	_	_	_	_
729-2	TOR001	729	729	2	musica?	musica	_	_	_	_	_	linguistic	_	none	Intonation=Rising	End=1564.71	_	_	_	_
730-0	TOI014	730	730	0	sì	sì	_	_	_	_	_	linguistic	_	none	_	Begin=1565.096	_	_	_	_
730-1	TOI014	730	730	1	io	io	_	_	_	_	_	linguistic	_	none	_	_	_	_	_	_
730-2	TOI014	730	730	2	ascolto:::	ascolto	_	_	_	_	_	linguistic	_	none	PauseAfter=Yes	_	6x3	_	_	_
730-3	TOI014	730	730	3	{P}	{P}	_	_	_	_	_	shortpause	_	none	_	_	_	_	_	_
730-4	TOI014	730	730	4	tutti	tutti	_	_	_	_	_	linguistic	_	none	_	_	_	_	_	_
730-5	TOI014	730	730	5	i	i	_	_	_	_	_	linguistic	_	none	_	_	_	_	_	_
730-6	TOI014	730	730	6	giorni	giorni	_	_	_	_	_	linguistic	_	none	_	_	_	_	_	_
730-7	TOI014	730	730	7	la	la	_	_	_	_	_	linguistic	_	none	_	_	_	_	_	_
730-8	TOI014	730	730	8	musica	musica	_	_	_	_	_	linguistic	_	none	_	End=1568.4	_	_	_	_
731-0	TOR001	731	731	0	ok[ay]	okay	_	_	_	_	_	linguistic	_	none	_	Begin=1568.607|End=1569.007	_	_	_	2-4(154)
732-0	TOI014	732	732	0	[quan]do	quando	_	_	_	_	_	linguistic	_	none	_	Begin=1568.895	_	_	_	0-4(154)
732-1	TOI014	732	732	1	mi	mi	_	_	_	_	_	linguistic	_	none	_	_	_	_	_	_
732-2	TOI014	732	732	2	alleno:	alleno	_	_	_	_	_	linguistic	_	none	_	_	5x1	_	_	_
732-3	TOI014	732	732	3	soprattutto	soprattutto	_	_	_	_	_	linguistic	_	none	_	_	_	_	_	_
732-4	TOI014	732	732	4	con	con	_	_	_	_	_	linguistic	_	none	_	_	_	_	_	_
732-5	TOI014	732	732	5	le	le	_	_	_	_	_	linguistic	_	none	_	_	_	_	_	_
732-6	TOI014	732	732	6	cuffie	cuffie	_	_	_	_	_	linguistic	_	none	_	_	_	_	_	_
732-7	TOI014	732	732	7	mi::	mi	_	_	_	_	_	linguistic	_	none	_	_	1x2	_	_	_
732-8	TOI014	732	732	8	is[olo	isolo	_	_	_	_	_	linguistic	_	none	_	_	_	_	_	2-5(155)
732-9	TOI014	732	732	9	abbas]tanza	abbastanza	_	_	_	_	_	linguistic	_	none	_	_	_	_	_	0-5(155)
732-10	TOI014	732	732	10	con	con	_	_	_	_	_	linguistic	_	none	_	_	_	_	_	_
732-11	TOI014	732	732	11	la	la	_	_	_	_	_	linguistic	_	none	_	_	_	_	_	_
732-12	TOI014	732	732	12	musica	musica	_	_	_	_	_	linguistic	_	none	_	End=1573.489	_	_	_	_
733-0	TOR001	733	733	0	[mh	mh	_	_	_	_	_	linguistic	_	none	_	Begin=1571.8	_	_	_	0-2(155)
733-1	TOR001	733	733	1	mh]	mh	_	_	_	_	_	linguistic	_	none	_	End=1572.213	_	_	_	0-2(155)
734-0	TOR001	734	734	0	okay	okay	_	_	_	_	_	linguistic	_	none	PauseAfter=Yes	Begin=1574.496	_	_	_	_
734-1	TOR001	734	734	1	{P}	{P}	_	_	_	_	_	shortpause	_	none	_	_	_	_	_	_
734-2	TOR001	734	734	2	che	che	_	_	_	_	_	linguistic	_	none	_	_	_	_	_	_
734-3	TOR001	734	734	3	musica	musica	_	_	_	_	_	linguistic	_	none	_	_	_	_	_	_
734-4	TOR001	734	734	4	a[scolti]?	ascolti	_	_	_	_	_	linguistic	_	none	Intonation=Rising	End=1576.361	_	_	_	1-7(156)
735-0	TOI014	735	735	0	[a:::h	ah	_	_	_	_	_	linguistic	_	none	_	Begin=1575.785	0x3	_	_	0-2(156)
735-1	TOI014	735	735	1	io	io	_	_	_	_	_	linguistic	_	none	_	_	_	_	_	0-2(156)
735-2	TOI014	735	735	2	ascol]to:::	ascolto	_	_	_	_	_	linguistic	_	none	_	_	6x3	_	_	0-5(156)
735-3	TOI014	735	735	3	di	di	_	_	_	_	_	linguistic	_	none	_	_	_	_	_	_
735-4	TOI014	735	735	4	tutto	tutto	_	_	_	_	_	linguistic	_	none	_	_	_	_	_	_
735-5	TOI014	735	735	5	dal	dal	_	_	_	_	_	linguistic	_	none	_	_	_	_	_	_
735-6	TOI014	735	735	6	rock	rock	_	_	_	_	_	linguistic	_	none	_	_	_	_	_	_
735-7	TOI014	735	735	7	all'	all'	_	_	_	_	_	linguistic	_	none	SpaceAfter=No	_	_	_	_	_
735-8	TOI014	735	735	8	hip	hip	_	_	_	_	_	linguistic	_	none	_	_	_	_	_	_
735-9	TOI014	735	735	9	hop	hop	_	_	_	_	_	linguistic	_	none	_	_	_	_	_	_
735-10	TOI014	735	735	10	non	non	_	_	_	_	_	linguistic	_	none	_	_	_	_	_	_
735-11	TOI014	735	735	11	ho::	ho	_	_	_	_	_	linguistic	_	none	_	_	1x2	_	_	_
735-12	TOI014	735	735	12	uno	uno	_	_	_	_	_	linguistic	_	none	_	_	_	_	_	_
735-13	TOI014	735	735	13	stile	stile	_	_	_	_	_	linguistic	_	none	_	_	_	_	_	_
735-14	TOI014	735	735	14	che::	che	_	_	_	_	_	linguistic	_	none	_	_	2x2	_	_	_
735-15	TOI014	735	735	15	preferisco	preferisco	_	_	_	_	_	linguistic	_	none	_	End=1582.496	_	_	_	_
736-0	TOR001	736	736	0	okay	okay	_	_	_	_	_	linguistic	_	none	_	Begin=1582.607	_	_	_	_
736-1	TOR001	736	736	1	tipo?	tipo	_	_	_	_	_	linguistic	_	none	Intonation=Rising|PauseAfter=Yes	_	_	_	_	_
736-2	TOR001	736	736	2	{P}	{P}	_	_	_	_	_	shortpause	_	none	_	_	_	_	_	_
736-3	TOR001	736	736	3	per	per	_	_	_	_	_	linguistic	_	none	_	_	_	_	_	_
736-4	TOR001	736	736	4	farmi	farmi	_	_	_	_	_	linguistic	_	none	_	_	_	_	_	_
736-5	TOR001	736	736	5	ca[pire]	capire	_	_	_	_	_	linguistic	_	none	_	End=1585.0	_	_	_	2-6(157)
737-0	TOI014	737	737	0	[m:::h]	mh	_	_	_	_	_	linguistic	_	none	_	Begin=1584.689	0x3	_	_	0-2(157)
737-1	TOI014	737	737	1	un	un	_	_	_	_	_	linguistic	_	none	_	_	_	_	_	_
737-2	TOI014	737	737	2	artista	artista	_	_	_	_	_	linguistic	_	none	_	_	_	_	_	_
737-3	TOI014	737	737	3	che	che	_	_	_	_	_	linguistic	_	none	_	_	_	_	_	_
737-4	TOI014	737	737	4	mi	mi	_	_	_	_	_	linguistic	_	none	_	_	_	_	_	_
737-5	TOI014	737	737	5	piac[e:::],	piace	_	_	_	_	_	linguistic	_	none	Intonation=WeaklyRising	End=1587.669	4x3	_	_	4-5(158)
738-0	TOR001	738	738	0	[sì]	sì	_	_	_	_	_	linguistic	_	none	_	Begin=1587.489	_	_	_	0-2(158)
738-1	TOR001	738	738	1	o	o	_	_	_	_	_	linguistic	_	none	_	_	_	_	_	_
738-2	TOR001	738	738	2	gruppi	gruppi	_	_	_	_	_	linguistic	_	none	_	_	_	_	_	_
738-3	TOR001	738	738	3	quello	quello	_	_	_	_	_	linguistic	_	none	_	_	_	_	_	_
738-4	TOR001	738	738	4	che	che	_	_	_	_	_	linguistic	_	none	_	_	_	_	_	_
738-5	TOR001	738	738	5	ti	ti	_	_	_	_	_	linguistic	_	none	_	_	_	_	_	_
738-6	TOR001	738	738	6	pare	pare	_	_	_	_	_	linguistic	_	none	_	End=1588.917	_	_	_	_
739-0	TOI014	739	739	0	ma:::	ma	_	_	_	_	_	linguistic	_	none	_	Begin=1590.096	1x3	_	_	_
739-1	TOI014	739	739	1	mi	mi	_	_	_	_	_	linguistic	_	none	_	_	_	_	_	_
739-2	TOI014	739	739	2	piace::::	piace	_	_	_	_	_	linguistic	_	none	_	_	4x4	_	_	_
739-3	TOI014	739	739	3	drake	drake	_	_	_	_	_	linguistic	_	none	_	End=1592.703	_	_	_	_
740-0	TOR001	740	740	0	mh	mh	_	_	_	_	_	linguistic	_	none	_	Begin=1592.724	_	_	_	_
740-1	TOR001	740	740	1	[mh]	mh	_	_	_	_	_	linguistic	_	none	_	End=1593.11	_	_	_	0-2(159)
741-0	TOI014	741	741	0	[che]	che	_	_	_	_	_	linguistic	_	none	_	Begin=1593.0	_	_	_	0-3(159)
741-1	TOI014	741	741	1	é:::	é	_	_	_	_	_	linguistic	_	none	_	_	0x3	_	_	_
741-2	TOI014	741	741	2	un	un	_	_	_	_	_	linguistic	_	none	_	_	_	_	_	_
741-3	TOI014	741	741	3	rapper	rapper	_	_	_	_	_	linguistic	_	none	_	_	_	_	_	_
741-4	TOI014	741	741	4	america[no]	americano	_	_	_	_	_	linguistic	_	none	_	End=1594.91	_	_	_	7-9(160)
742-0	TOR001	742	742	0	[mh	mh	_	_	_	_	_	linguistic	_	none	_	Begin=1594.626	_	_	_	0-2(160)
742-1	TOR001	742	742	1	mh]	mh	_	_	_	_	_	linguistic	_	none	_	End=1595.013	_	_	_	0-2(160)
743-0	TOI014	743	743	0	mi:::	mi	_	_	_	_	_	linguistic	_	none	PauseAfter=Yes	Begin=1596.2	1x3	_	_	_
743-1	TOI014	743	743	1	{P}	{P}	_	_	_	_	_	shortpause	_	none	_	_	_	_	_	_
743-2	TOI014	743	743	2	mi	mi	_	_	_	_	_	linguistic	_	none	_	_	_	_	_	_
743-3	TOI014	743	743	3	piace:::	piace	_	_	_	_	_	linguistic	_	none	_	_	4x3	_	_	_
743-4	TOI014	743	743	4	anche	anche	_	_	_	_	_	linguistic	_	none	_	_	_	_	_	_
743-5	TOI014	743	743	5	la	la	_	_	_	_	_	linguistic	_	none	_	_	_	_	_	_
743-6	TOI014	743	743	6	musica	musica	_	_	_	_	_	linguistic	_	none	_	_	_	_	_	_
743-7	TOI014	743	743	7	italiana	italiana	_	_	_	_	_	linguistic	_	none	_	_	_	_	_	_
743-8	TOI014	743	743	8	ad	ad	_	_	_	_	_	linguistic	_	none	_	_	_	_	_	_
743-9	TOI014	743	743	9	esempio	esempio	_	_	_	_	_	linguistic	_	none	_	_	_	_	_	_
743-10	TOI014	743	743	10	ci	ci	_	_	_	_	_	linguistic	_	none	_	_	_	_	_	_
743-11	TOI014	743	743	11	sono	sono	_	_	_	_	_	linguistic	_	none	_	_	_	_	_	_
743-12	TOI014	743	743	12	vari	vari	_	_	_	_	_	linguistic	_	none	_	_	_	_	_	_
743-13	TOI014	743	743	13	artisti::::	artisti	_	_	_	_	_	linguistic	_	none	_	End=1601.812	6x4	_	_	_
744-0	TOI014	744	744	0	e:::h	eh	_	_	_	_	_	linguistic	_	none	_	Begin=1602.096	0x3	_	_	_
744-1	TOI014	744	744	1	anche	anche	_	_	_	_	_	linguistic	_	none	_	_	_	_	_	_
744-2	TOI014	744	744	2	dagli	dagli	_	_	_	_	_	linguistic	_	none	_	_	_	_	_	_
744-3	TOI014	744	744	3	emergenti	emergenti	_	_	_	_	_	linguistic	_	none	_	End=1603.903	_	_	_	_
745-0	TOI014	745	745	0	e:hm	ehm	_	_	_	_	_	linguistic	_	none	PauseAfter=Yes	Begin=1604.207	0x1	_	_	_
745-1	TOI014	745	745	1	{P}	{P}	_	_	_	_	_	shortpause	_	none	_	_	_	_	_	_
745-2	TOI014	745	745	2	cerco	cerco	_	_	_	_	_	linguistic	_	none	_	_	_	_	_	_
745-3	TOI014	745	745	3	di::	di	_	_	_	_	_	linguistic	_	none	_	_	1x2	_	_	_
745-4	TOI014	745	745	4	fa~	fa~	_	_	_	_	_	linguistic	_	none	Interrupted=Yes	_	_	_	_	_
745-5	TOI014	745	745	5	ascoltare:::	ascoltare	_	_	_	_	_	linguistic	_	none	_	_	8x3	_	_	_
745-6	TOI014	745	745	6	il	il	_	_	_	_	_	linguistic	_	none	_	_	_	_	_	_
745-7	TOI014	745	745	7	più	più	_	_	_	_	_	linguistic	_	none	_	_	_	_	_	_
745-8	TOI014	745	745	8	possibile	possibile	_	_	_	_	_	linguistic	_	none	_	End=1608.91	_	_	_	_
746-0	TOI014	746	746	0	vari	vari	_	_	_	_	_	linguistic	_	none	_	Begin=1609.503	_	_	_	_
746-1	TOI014	746	746	1	generi	generi	_	_	_	_	_	linguistic	_	none	_	_	_	_	_	_
746-2	TOI014	746	746	2	diversi	diversi	_	_	_	_	_	linguistic	_	none	_	_	_	_	_	_
746-3	TOI014	746	746	3	per	per	_	_	_	_	_	linguistic	_	none	_	_	_	_	_	_
746-4	TOI014	746	746	4	avere	avere	_	_	_	_	_	linguistic	_	none	_	_	_	_	_	_
746-5	TOI014	746	746	5	una	una	_	_	_	_	_	linguistic	_	none	_	_	_	_	_	_
746-6	TOI014	746	746	6	cultura:::	cultura	_	_	_	_	_	linguistic	_	none	PauseAfter=Yes	_	6x3	_	_	_
746-7	TOI014	746	746	7	{P}	{P}	_	_	_	_	_	shortpause	_	none	_	_	_	_	_	_
746-8	TOI014	746	746	8	abbastanza	abbastanza	_	_	_	_	_	linguistic	_	none	_	_	_	_	_	_
746-9	TOI014	746	746	9	ampia	ampia	_	_	_	_	_	linguistic	_	none	_	_	_	_	_	_
746-10	TOI014	746	746	10	in	in	_	_	_	_	_	linguistic	_	none	_	_	_	_	_	_
746-11	TOI014	746	746	11	quello	quello	_	_	_	_	_	linguistic	_	none	_	_	_	_	_	_
746-12	TOI014	746	746	12	che	che	_	_	_	_	_	linguistic	_	none	_	_	_	_	_	_
746-13	TOI014	746	746	13	é	é	_	_	_	_	_	linguistic	_	none	_	_	_	_	_	_
746-14	TOI014	746	746	14	la	la	_	_	_	_	_	linguistic	_	none	_	_	_	_	_	_
746-15	TOI014	746	746	15	mus[ica]	musica	_	_	_	_	_	linguistic	_	none	_	End=1613.993	_	_	_	3-6(161)
747-0	TOR001	747	747	0	[okay]	okay	_	_	_	_	_	linguistic	_	none	_	Begin=1613.586|End=1613.979	_	_	_	0-4(161)
748-0	TOR001	748	748	0	beh	beh	_	_	_	_	_	linguistic	_	none	_	Begin=1614.296	_	_	_	_
748-1	TOR001	748	748	1	anche	anche	_	_	_	_	_	linguistic	_	none	_	_	_	_	_	_
748-2	TOR001	748	748	2	perché	perché	_	_	_	_	_	linguistic	_	none	_	_	_	_	_	_
748-3	TOR001	748	748	3	se	se	_	_	_	_	_	linguistic	_	none	_	_	_	_	_	_
748-4	TOR001	748	748	4	ti	ti	_	_	_	_	_	linguistic	_	none	_	_	_	_	_	_
748-5	TOR001	748	748	5	alleni	alleni	_	_	_	_	_	linguistic	_	none	_	_	_	_	_	_
748-6	TOR001	748	748	6	ascoltando	ascoltando	_	_	_	_	_	linguistic	_	none	_	_	_	_	_	_
748-7	TOR001	748	748	7	la	la	_	_	_	_	_	linguistic	_	none	_	_	_	_	_	_
748-8	TOR001	748	748	8	musica	musica	_	_	_	_	_	linguistic	_	none	_	_	_	_	_	_
748-9	TOR001	748	748	9	hai	hai	_	_	_	_	_	linguistic	_	none	_	_	_	_	_	_
748-10	TOR001	748	748	10	un	un	_	_	_	_	_	linguistic	_	none	_	_	_	_	_	_
748-11	TOR001	748	748	11	sacco	sacco	_	_	_	_	_	linguistic	_	none	_	_	_	_	_	_
748-12	TOR001	748	748	12	di	di	_	_	_	_	_	linguistic	_	none	_	_	_	_	_	_
748-13	TOR001	748	748	13	tempo	tempo	_	_	_	_	_	linguistic	_	none	_	_	_	_	_	_
748-14	TOR001	748	748	14	per	per	_	_	_	_	_	linguistic	_	none	_	_	_	_	_	_
748-15	TOR001	748	748	15	pot[erla]	poterla	_	_	_	_	_	linguistic	_	none	_	End=1617.51	_	_	_	3-7(162)
749-0	TOI014	749	749	0	[esatto]	esatto	_	_	_	_	_	linguistic	_	none	PauseAfter=Yes	Begin=1617.393	_	_	_	0-6(162)
749-1	TOI014	749	749	1	{P}	{P}	_	_	_	_	_	shortpause	_	none	_	_	_	_	_	_
749-2	TOI014	749	749	2	esatto	esatto	_	_	_	_	_	linguistic	_	none	_	End=1618.813	_	_	_	_
750-0	TOR001	750	750	0	okay	okay	_	_	_	_	_	linguistic	_	none	PauseAfter=Yes	Begin=1619.0	_	_	_	_
750-1	TOR001	750	750	1	{P}	{P}	_	_	_	_	_	shortpause	_	none	_	_	_	_	_	_
750-2	TOR001	750	750	2	e::hm	ehm	_	_	_	_	_	linguistic	_	none	_	_	0x2	_	_	_
750-3	TOR001	750	750	3	vai	vai	_	_	_	_	_	linguistic	_	none	_	_	_	_	_	_
750-4	TOR001	750	750	4	ai	ai	_	_	_	_	_	linguistic	_	none	_	_	_	_	_	_
750-5	TOR001	750	750	5	concerti?	concerti	_	_	_	_	_	linguistic	_	none	Intonation=Rising	End=1621.703	_	_	_	_
751-0	TOI014	751	751	0	m::::h	mh	_	_	_	_	_	linguistic	_	none	_	Begin=1622.4	0x4	_	_	_
751-1	TOI014	751	751	1	quando::	quando	_	_	_	_	_	linguistic	_	none	_	_	5x2	_	_	_
751-2	TOI014	751	751	2	c'	c'	_	_	_	_	_	linguistic	_	none	SpaceAfter=No	_	_	_	_	_
751-3	TOI014	751	751	3	è	è	_	_	_	_	_	linguistic	_	none	_	_	_	_	_	_
751-4	TOI014	751	751	4	un'	un'	_	_	_	_	_	linguistic	_	none	SpaceAfter=No	_	_	_	_	_
751-5	TOI014	751	751	5	artista	artista	_	_	_	_	_	linguistic	_	none	_	_	_	_	_	_
751-6	TOI014	751	751	6	che	che	_	_	_	_	_	linguistic	_	none	_	_	_	_	_	_
751-7	TOI014	751	751	7	mi	mi	_	_	_	_	_	linguistic	_	none	_	_	_	_	_	_
751-8	TOI014	751	751	8	piace:::	piace	_	_	_	_	_	linguistic	_	none	_	_	4x3	_	_	_
751-9	TOI014	751	751	9	vado	vado	_	_	_	_	_	linguistic	_	none	_	_	_	_	_	_
751-10	TOI014	751	751	10	ai	ai	_	_	_	_	_	linguistic	_	none	_	_	_	_	_	_
751-11	TOI014	751	751	11	concerti	concerti	_	_	_	_	_	linguistic	_	none	_	_	_	_	_	_
751-12	TOI014	751	751	12	é	é	_	_	_	_	_	linguistic	_	none	_	_	_	_	_	_
751-13	TOI014	751	751	13	da	da	_	_	_	_	_	linguistic	_	none	_	_	_	_	_	_
751-14	TOI014	751	751	14	un	un	_	_	_	_	_	linguistic	_	none	_	_	_	_	_	_
751-15	TOI014	751	751	15	sacco	sacco	_	_	_	_	_	linguistic	_	none	_	_	_	_	_	_
751-16	TOI014	751	751	16	di	di	_	_	_	_	_	linguistic	_	none	_	_	_	_	_	_
751-17	TOI014	751	751	17	tempo	tempo	_	_	_	_	_	linguistic	_	none	_	_	_	_	_	_
751-18	TOI014	751	751	18	che	che	_	_	_	_	_	linguistic	_	none	_	_	_	_	_	_
751-19	TOI014	751	751	19	non	non	_	_	_	_	_	linguistic	_	none	_	_	_	_	_	_
751-20	TOI014	751	751	20	ci	ci	_	_	_	_	_	linguistic	_	none	_	_	_	_	_	_
751-21	TOI014	751	751	21	vado::::	vado	_	_	_	_	_	linguistic	_	none	_	End=1628.703	3x4	_	_	_
752-0	TOI014	752	752	0	e::::h	eh	_	_	_	_	_	linguistic	_	none	PauseAfter=Yes	Begin=1629.503	0x4	_	_	_
752-1	TOI014	752	752	1	{P}	{P}	_	_	_	_	_	shortpause	_	none	_	_	_	_	_	_
752-2	TOI014	752	752	2	m::::h	mh	_	_	_	_	_	linguistic	_	none	_	_	0x4	_	_	_
752-3	TOI014	752	752	3	non	non	_	_	_	_	_	linguistic	_	none	_	_	_	_	_	_
752-4	TOI014	752	752	4	lo	lo	_	_	_	_	_	linguistic	_	none	_	_	_	_	_	_
752-5	TOI014	752	752	5	so	so	_	_	_	_	_	linguistic	_	none	_	_	_	_	_	_
752-6	TOI014	752	752	6	quando	quando	_	_	_	_	_	linguistic	_	none	_	_	_	_	_	_
752-7	TOI014	752	752	7	andrò	andrò	_	_	_	_	_	linguistic	_	none	_	_	_	_	_	_
752-8	TOI014	752	752	8	al	al	_	_	_	_	_	linguistic	_	none	_	_	_	_	_	_
752-9	TOI014	752	752	9	prossimo	prossimo	_	_	_	_	_	linguistic	_	none	_	_	_	_	_	_
752-10	TOI014	752	752	10	concert[o]	concerto	_	_	_	_	_	linguistic	_	none	_	End=1634.0	_	_	_	7-8(163)
753-0	TOR001	753	753	0	[o]kay	okay	_	_	_	_	_	linguistic	_	none	_	Begin=1633.8	_	_	_	0-1(163)
753-1	TOR001	753	753	1	non	non	_	_	_	_	_	linguistic	_	none	_	_	_	_	_	_
753-2	TOR001	753	753	2	hai	hai	_	_	_	_	_	linguistic	_	none	_	_	_	_	_	_
753-3	TOR001	753	753	3	niente	niente	_	_	_	_	_	linguistic	_	none	_	_	_	_	_	_
753-4	TOR001	753	753	4	pianific[ato]	pianificato	_	_	_	_	_	linguistic	_	none	_	End=1635.393	_	_	_	8-11(164)
754-0	TOI014	754	754	0	[esa]tt[o]	esatto	_	_	_	_	_	linguistic	_	none	_	Begin=1635.2|End=1635.889	_	_	_	0-3(164),5-6(165)
755-0	TOR001	755	755	0	[ok]ay	okay	_	_	_	_	_	linguistic	_	none	_	Begin=1635.764|End=1636.207	_	_	_	0-2(165)
756-0	TOR001	756	756	0	che	che	_	_	_	_	_	linguistic	_	none	_	Begin=1636.8	_	_	_	_
756-1	TOR001	756	756	1	concerti	concerti	_	_	_	_	_	linguistic	_	none	_	_	_	_	_	_
756-2	TOR001	756	756	2	hai	hai	_	_	_	_	_	linguistic	_	none	_	_	_	_	_	_
756-3	TOR001	756	756	3	visto	visto	_	_	_	_	_	linguistic	_	none	_	_	_	_	_	_
756-4	TOR001	756	756	4	che	che	_	_	_	_	_	linguistic	_	none	_	_	_	_	_	_
756-5	TOR001	756	756	5	ti	ti	_	_	_	_	_	linguistic	_	none	_	_	_	_	_	_
756-6	TOR001	756	756	6	sono	sono	_	_	_	_	_	linguistic	_	none	_	_	_	_	_	_
756-7	TOR001	756	756	7	piaciuti	piaciuti	_	_	_	_	_	linguistic	_	none	PauseAfter=Yes	_	_	_	_	_
756-8	TOR001	756	756	8	{P}	{P}	_	_	_	_	_	shortpause	_	none	_	_	_	_	_	_
756-9	TOR001	756	756	9	particolarmente?	particolarmente	_	_	_	_	_	linguistic	_	none	Intonation=Rising	End=1639.407	_	_	_	_
757-0	TOI014	757	757	0	m:::h	mh	_	_	_	_	_	linguistic	_	none	_	Begin=1640.096	0x3	_	_	_
757-1	TOI014	757	757	1	ho	ho	_	_	_	_	_	linguistic	_	none	_	_	_	_	_	_
757-2	TOI014	757	757	2	ascoltato	ascoltato	_	_	_	_	_	linguistic	_	none	_	_	_	_	_	_
757-3	TOI014	757	757	3	carl	carl	_	_	_	_	_	linguistic	_	none	_	_	_	_	_	_
757-4	TOI014	757	757	4	brave	brave	_	_	_	_	_	linguistic	_	none	PauseAfter=Yes	_	_	_	_	_
757-5	TOI014	757	757	5	{P}	{P}	_	_	_	_	_	shortpause	_	none	_	_	_	_	_	_
757-6	TOI014	757	757	6	al[l'	all'	_	_	_	_	_	linguistic	_	none	SpaceAfter=No	_	_	_	_	2-4(166)
757-7	TOI014	757	757	7	asto]ria	astoria	_	_	_	_	_	linguistic	_	none	_	_	_	_	_	0-4(166)
757-8	TOI014	757	757	8	che:::	che	_	_	_	_	_	linguistic	_	none	_	_	2x3	_	_	_
757-9	TOI014	757	757	9	é	é	_	_	_	_	_	linguistic	_	none	_	_	_	_	_	_
757-10	TOI014	757	757	10	un::	un	_	_	_	_	_	linguistic	_	none	_	_	1x2	_	_	_
757-11	TOI014	757	757	11	un	un	_	_	_	_	_	linguistic	_	none	_	_	_	_	_	_
757-12	TOI014	757	757	12	italiano	italiano	_	_	_	_	_	linguistic	_	none	_	_	_	_	_	_
757-13	TOI014	757	757	13	{ride}	{ride}	_	_	_	_	_	nonverbalbehavior	_	none	_	End=1646.0	_	_	_	_
758-0	TOR001	758	758	0	[mh	mh	_	_	_	_	_	linguistic	_	none	_	Begin=1642.696	_	_	_	0-2(166)
758-1	TOR001	758	758	1	mh]	mh	_	_	_	_	_	linguistic	_	none	_	End=1643.103	_	_	_	0-2(166)
759-0	TOR001	759	759	0	mh	mh	_	_	_	_	_	linguistic	_	none	_	Begin=1646.0	_	_	_	_
759-1	TOR001	759	759	1	mh	mh	_	_	_	_	_	linguistic	_	none	_	End=1646.407	_	_	_	_
760-0	TOI014	760	760	0	che	che	_	_	_	_	_	linguistic	_	none	_	Begin=1646.407	_	_	_	_
760-1	TOI014	760	760	1	é	é	_	_	_	_	_	linguistic	_	none	_	_	_	_	_	_
760-2	TOI014	760	760	2	venuto	venuto	_	_	_	_	_	linguistic	_	none	_	_	_	_	_	_
760-3	TOI014	760	760	3	>a	a	_	_	_	_	_	linguistic	_	none	_	_	_	Fast=0-1(0)	_	_
760-4	TOI014	760	760	4	torino<	torino	_	_	_	_	_	linguistic	_	none	_	_	_	Fast=0-6(0)	_	_
760-5	TOI014	760	760	5	a::::	a	_	_	_	_	_	linguistic	_	none	_	_	0x4	_	_	_
760-6	TOI014	760	760	6	a	a	_	_	_	_	_	linguistic	_	none	_	_	_	_	_	_
760-7	TOI014	760	760	7	suonare	suonare	_	_	_	_	_	linguistic	_	none	_	_	_	_	_	_
760-8	TOI014	760	760	8	e	e	_	_	_	_	_	linguistic	_	none	_	_	_	_	_	_
760-9	TOI014	760	760	9	mi	mi	_	_	_	_	_	linguistic	_	none	_	_	_	_	_	_
760-10	TOI014	760	760	10	é	é	_	_	_	_	_	linguistic	_	none	_	_	_	_	_	_
760-11	TOI014	760	760	11	piaciuto	piaciuto	_	_	_	_	_	linguistic	_	none	_	_	_	_	_	_
760-12	TOI014	760	760	12	molto	molto	_	_	_	_	_	linguistic	_	none	_	End=1649.6	_	_	_	_
761-0	TOR001	761	761	0	okay	okay	_	_	_	_	_	linguistic	_	none	_	Begin=1649.6|End=1650.096	_	_	_	_
762-0	TOR001	762	762	0	abbiam	abbiam	_	_	_	_	_	linguistic	_	none	_	Begin=1652.496	_	_	_	_
762-1	TOR001	762	762	1	quasi	quasi	_	_	_	_	_	linguistic	_	none	_	_	_	_	_	_
762-2	TOR001	762	762	2	finito	finito	_	_	_	_	_	linguistic	_	none	_	_	_	_	_	_
762-3	TOR001	762	762	3	eh	eh	_	_	_	_	_	linguistic	_	none	PauseAfter=Yes	_	_	_	_	_
762-4	TOR001	762	762	4	{P}	{P}	_	_	_	_	_	shortpause	_	none	_	_	_	_	_	_
762-5	TOR001	762	762	5	[e:::h]	eh	_	_	_	_	_	linguistic	_	none	_	_	0x3	_	_	0-2(167)
762-6	TOR001	762	762	6	altri	altri	_	_	_	_	_	linguistic	_	none	_	_	_	_	_	_
762-7	TOR001	762	762	7	interessi	interessi	_	_	_	_	_	linguistic	_	none	_	_	_	_	_	_
762-8	TOR001	762	762	8	sport	sport	_	_	_	_	_	linguistic	_	none	_	_	_	_	_	_
762-9	TOR001	762	762	9	e:::::h	eh	_	_	_	_	_	linguistic	_	none	_	End=1656.71	0x5	_	_	_
763-0	TOI014	763	763	0	[mh	mh	_	_	_	_	_	linguistic	_	none	_	Begin=1653.6	_	_	_	0-2(167)
763-1	TOI014	763	763	1	mh]	mh	_	_	_	_	_	linguistic	_	none	_	End=1654.02	_	_	_	0-2(167)
764-0	TOR001	764	764	0	calcio::,	calcio	_	_	_	_	_	linguistic	_	none	Intonation=WeaklyRising	Begin=1657.407|End=1658.179	5x2	_	_	_
765-0	TOI014	765	765	0	no::	no	_	_	_	_	_	linguistic	_	none	_	Begin=1658.2	1x2	_	_	_
765-1	TOI014	765	765	1	{ride}	{ride}	_	_	_	_	_	nonverbalbehavior	_	none	PauseAfter=Yes	_	_	_	_	_
765-2	TOI014	765	765	2	{P}	{P}	_	_	_	_	_	shortpause	_	none	_	_	_	_	_	_
765-3	TOI014	765	765	3	vado	vado	_	_	_	_	_	linguistic	_	none	_	_	_	_	_	_
765-4	TOI014	765	765	4	in	in	_	_	_	_	_	linguistic	_	none	_	_	_	_	_	_
765-5	TOI014	765	765	5	skat[e::]	skate	_	_	_	_	_	linguistic	_	none	_	_	4x2	_	_	4-5(?)
765-6	TOI014	765	765	6	mi	mi	_	_	_	_	_	linguistic	_	none	_	_	_	_	_	_
765-7	TOI014	765	765	7	piace	piace	_	_	_	_	_	linguistic	_	none	_	_	_	_	_	_
765-8	TOI014	765	765	8	solo	solo	_	_	_	_	_	linguistic	_	none	_	_	_	_	_	_
765-9	TOI014	765	765	9	quell	quell	_	_	_	_	_	linguistic	_	none	_	_	_	_	_	_
765-10	TOI014	765	765	10	e	e	_	_	_	_	_	linguistic	_	none	_	_	_	_	_	_
765-11	TOI014	765	765	11	i	i	_	_	_	_	_	linguistic	_	none	_	_	_	_	_	_
765-12	TOI014	765	765	12	tatuaggi	tatuaggi	_	_	_	_	_	linguistic	_	none	_	_	_	_	_	_
765-13	TOI014	765	765	13	{ride}	{ride}	_	_	_	_	_	nonverbalbehavior	_	none	_	End=1664.0	_	_	_	_
766-0	TOR001	766	766	0	[okay]	okay	_	_	_	_	_	linguistic	_	none	_	Begin=1660.689	_	_	_	0-4(168)
766-1	TOR001	766	766	1	{ride}	{ride}	_	_	_	_	_	nonverbalbehavior	_	none	_	End=1661.496	_	_	_	_
767-0	TOR001	767	767	0	{ride}	{ride}	_	_	_	_	_	nonverbalbehavior	_	none	_	Begin=1663.689	_	_	_	_
767-1	TOR001	767	767	1	va	va	_	_	_	_	_	linguistic	_	none	_	_	_	_	_	_
767-2	TOR001	767	767	2	bene	bene	_	_	_	_	_	linguistic	_	none	PauseAfter=Yes	_	_	_	_	_
767-3	TOR001	767	767	3	{P}	{P}	_	_	_	_	_	shortpause	_	none	_	_	_	_	_	_
767-4	TOR001	767	767	4	cinema?	cinema	_	_	_	_	_	linguistic	_	none	Intonation=Rising	End=1665.496	_	_	_	_
768-0	TOI014	768	768	0	cinema:::	cinema	_	_	_	_	_	linguistic	_	none	_	Begin=1665.896	5x3	_	_	_
768-1	TOI014	768	768	1	guardo	guardo	_	_	_	_	_	linguistic	_	none	_	_	_	_	_	_
768-2	TOI014	768	768	2	molti	molti	_	_	_	_	_	linguistic	_	none	_	_	_	_	_	_
768-3	TOI014	768	768	3	film	film	_	_	_	_	_	linguistic	_	none	_	End=1668.007	_	_	_	_
769-0	TOR001	769	769	0	okay	okay	_	_	_	_	_	linguistic	_	none	_	Begin=1668.2|End=1668.558	_	_	_	_
770-0	TOI014	770	770	0	e:::h	eh	_	_	_	_	_	linguistic	_	none	_	Begin=1668.6	0x3	_	_	_
770-1	TOI014	770	770	1	mi	mi	_	_	_	_	_	linguistic	_	none	_	_	_	_	_	_
770-2	TOI014	770	770	2	sono	sono	_	_	_	_	_	linguistic	_	none	_	_	_	_	_	_
770-3	TOI014	770	770	3	scaricato	scaricato	_	_	_	_	_	linguistic	_	none	_	_	_	_	_	_
770-4	TOI014	770	770	4	netflix::	netflix	_	_	_	_	_	linguistic	_	none	_	End=1670.903	6x2	_	_	_
771-0	TOR001	771	771	0	{ride}	{ride}	_	_	_	_	_	nonverbalbehavior	_	none	_	Begin=1670.903|End=1671.503	_	_	_	_
772-0	TOI014	772	772	0	ed	ed	_	_	_	_	_	linguistic	_	none	_	Begin=1671.586	_	_	_	_
772-1	TOI014	772	772	1	é	é	_	_	_	_	_	linguistic	_	none	_	_	_	_	_	_
772-2	TOI014	772	772	2	una	una	_	_	_	_	_	linguistic	_	none	_	_	_	_	_	_
772-3	TOI014	772	772	3	rovina	rovina	_	_	_	_	_	linguistic	_	none	_	_	_	_	_	_
772-4	TOI014	772	772	4	appunto	appunto	_	_	_	_	_	linguistic	_	none	_	_	_	_	_	_
772-5	TOI014	772	772	5	perché:	perché	_	_	_	_	_	linguistic	_	none	_	_	5x1	_	_	_
772-6	TOI014	772	772	6	quando	quando	_	_	_	_	_	linguistic	_	none	_	_	_	_	_	_
772-7	TOI014	772	772	7	non	non	_	_	_	_	_	linguistic	_	none	_	_	_	_	_	_
772-8	TOI014	772	772	8	esco	esco	_	_	_	_	_	linguistic	_	none	_	_	_	_	_	_
772-9	TOI014	772	772	9	la	la	_	_	_	_	_	linguistic	_	none	_	_	_	_	_	_
772-10	TOI014	772	772	10	sera::	sera	_	_	_	_	_	linguistic	_	none	_	_	3x2	_	_	_
772-11	TOI014	772	772	11	decido	decido	_	_	_	_	_	linguistic	_	none	_	_	_	_	_	_
772-12	TOI014	772	772	12	sempre	sempre	_	_	_	_	_	linguistic	_	none	_	_	_	_	_	_
772-13	TOI014	772	772	13	di	di	_	_	_	_	_	linguistic	_	none	_	_	_	_	_	_
772-14	TOI014	772	772	14	guardare::	guardare	_	_	_	_	_	linguistic	_	none	_	_	7x2	_	_	_
772-15	TOI014	772	772	15	un	un	_	_	_	_	_	linguistic	_	none	_	_	_	_	_	_
772-16	TOI014	772	772	16	o	o	_	_	_	_	_	linguistic	_	none	_	_	_	_	_	_
772-17	TOI014	772	772	17	una	una	_	_	_	_	_	linguistic	_	none	_	_	_	_	_	_
772-18	TOI014	772	772	18	serie	serie	_	_	_	_	_	linguistic	_	none	_	_	_	_	_	_
772-19	TOI014	772	772	19	o	o	_	_	_	_	_	linguistic	_	none	_	_	_	_	_	_
772-20	TOI014	772	772	20	dei	dei	_	_	_	_	_	linguistic	_	none	_	_	_	_	_	_
772-21	TOI014	772	772	21	film	film	_	_	_	_	_	linguistic	_	none	_	End=1678.317	_	_	_	_
773-0	TOR001	773	773	0	lui	lui	_	_	_	_	_	linguistic	_	none	_	Begin=1678.489	_	_	_	_
773-1	TOR001	773	773	1	ride	ride	_	_	_	_	_	linguistic	_	none	_	_	_	_	_	_
773-2	TOR001	773	773	2	perché	perché	_	_	_	_	_	linguistic	_	none	_	_	_	_	_	_
773-3	TOR001	773	773	3	é	é	_	_	_	_	_	linguistic	_	none	_	_	_	_	_	_
773-4	TOR001	773	773	4	quello	quello	_	_	_	_	_	linguistic	_	none	_	_	_	_	_	_
773-5	TOR001	773	773	5	che	che	_	_	_	_	_	linguistic	_	none	_	_	_	_	_	_
773-6	TOR001	773	773	6	faccio	faccio	_	_	_	_	_	linguistic	_	none	_	_	_	_	_	_
773-7	TOR001	773	773	7	io	io	_	_	_	_	_	linguistic	_	none	_	_	_	_	_	_
773-8	TOR001	773	773	8	nella	nella	_	_	_	_	_	linguistic	_	none	_	_	_	_	_	_
773-9	TOR001	773	773	9	mia	mia	_	_	_	_	_	linguistic	_	none	_	_	_	_	_	_
773-10	TOR001	773	773	10	vita	vita	_	_	_	_	_	linguistic	_	none	_	_	_	_	_	_
773-11	TOR001	773	773	11	praticam[ente]	praticamente	_	_	_	_	_	linguistic	_	none	_	_	_	_	_	8-12(170)
773-12	TOR001	773	773	12	{ride}	{ride}	_	_	_	_	_	nonverbalbehavior	_	none	_	End=1682.496	_	_	_	_
774-0	TOR002	774	774	0	{ride}	{ride}	_	_	_	_	_	nonverbalbehavior	_	none	_	Begin=1680.096|End=1681.02	_	_	_	_
775-0	TOI014	775	775	0	[okay]	okay	_	_	_	_	_	linguistic	_	none	_	Begin=1681.03|End=1681.393	_	_	_	0-4(170)
776-0	TOR001	776	776	0	e:	e	_	_	_	_	_	linguistic	_	none	_	Begin=1683.11	0x1	_	_	_
776-1	TOR001	776	776	1	quindi	quindi	_	_	_	_	_	linguistic	_	none	_	_	_	_	_	_
776-2	TOR001	776	776	2	netflix	netflix	_	_	_	_	_	linguistic	_	none	_	_	_	_	_	_
776-3	TOR001	776	776	3	sia	sia	_	_	_	_	_	linguistic	_	none	_	_	_	_	_	_
776-4	TOR001	776	776	4	serie	serie	_	_	_	_	_	linguistic	_	none	_	_	_	_	_	_
776-5	TOR001	776	776	5	tv	tv	_	_	_	_	_	linguistic	_	none	_	_	_	_	_	_
776-6	TOR001	776	776	6	che	che	_	_	_	_	_	linguistic	_	none	_	_	_	_	_	_
776-7	TOR001	776	776	7	film?	film	_	_	_	_	_	linguistic	_	none	Intonation=Rising	End=1685.407	_	_	_	_
777-0	TOI014	777	777	0	esatto	esatto	_	_	_	_	_	linguistic	_	none	_	Begin=1685.407|End=1686.0	_	_	_	_
778-0	TOR001	778	778	0	okay	okay	_	_	_	_	_	linguistic	_	none	_	Begin=1686.207	_	_	_	_
778-1	TOR001	778	778	1	che	che	_	_	_	_	_	linguistic	_	none	_	_	_	_	_	_
778-2	TOR001	778	778	2	serie	serie	_	_	_	_	_	linguistic	_	none	_	_	_	_	_	_
778-3	TOR001	778	778	3	tv	tv	_	_	_	_	_	linguistic	_	none	_	_	_	_	_	_
778-4	TOR001	778	778	4	guardi?	guardi	_	_	_	_	_	linguistic	_	none	Intonation=Rising	End=1687.303	_	_	_	_
779-0	TOI014	779	779	0	adesso:::	adesso	_	_	_	_	_	linguistic	_	none	_	Begin=1687.317	5x3	_	_	_
779-1	TOI014	779	779	1	sto	sto	_	_	_	_	_	linguistic	_	none	_	_	_	_	_	_
779-2	TOI014	779	779	2	guardando	guardando	_	_	_	_	_	linguistic	_	none	_	_	_	_	_	_
779-3	TOI014	779	779	3	la	la	_	_	_	_	_	linguistic	_	none	_	_	_	_	_	_
779-4	TOI014	779	779	4	casa	casa	_	_	_	_	_	linguistic	_	none	_	_	_	_	_	_
779-5	TOI014	779	779	5	di	di	_	_	_	_	_	linguistic	_	none	_	_	_	_	_	_
779-6	TOI014	779	779	6	carta	carta	_	_	_	_	_	linguistic	_	none	_	End=1689.91	_	_	_	_
780-0	TOR002	780	780	0	a:h	ah	_	_	_	_	_	linguistic	_	none	_	Begin=1689.91	0x1	_	_	_
780-1	TOR002	780	780	1	bell[o].	bello	_	_	_	_	_	linguistic	_	none	Intonation=Falling	End=1690.71	_	_	_	4-5(171)
781-0	TOR001	781	781	0	>[qu]ello	quello	_	_	_	_	_	linguistic	_	none	_	Begin=1690.496	_	Fast=0-6(0)	_	0-2(171)
781-1	TOR001	781	781	1	che	che	_	_	_	_	_	linguistic	_	none	_	_	_	Fast=0-3(0)	_	_
781-2	TOR001	781	781	2	voleva	voleva	_	_	_	_	_	linguistic	_	none	_	_	_	Fast=0-6(0)	_	_
781-3	TOR001	781	781	3	guardar	guardar	_	_	_	_	_	linguistic	_	none	_	_	_	Fast=0-7(0)	_	_
781-4	TOR001	781	781	4	lui<	lui	_	_	_	_	_	linguistic	_	none	_	End=1691.607	_	Fast=0-3(0)	_	_
782-0	TOI014	782	782	0	e:::h	eh	_	_	_	_	_	linguistic	_	none	_	Begin=1691.627	0x3	_	_	_
782-1	TOI014	782	782	1	la	la	_	_	_	_	_	linguistic	_	none	_	_	_	_	_	_
782-2	TOI014	782	782	2	sto	sto	_	_	_	_	_	linguistic	_	none	_	_	_	_	_	_
782-3	TOI014	782	782	3	guardando	guardando	_	_	_	_	_	linguistic	_	none	_	_	_	_	_	_
782-4	TOI014	782	782	4	in	in	_	_	_	_	_	linguistic	_	none	_	_	_	_	_	_
782-5	TOI014	782	782	5	lingua	lingua	_	_	_	_	_	linguistic	_	none	_	_	_	_	_	_
782-6	TOI014	782	782	6	originale::	originale	_	_	_	_	_	linguistic	_	none	_	_	8x2	_	_	_
782-7	TOI014	782	782	7	in	in	_	_	_	_	_	linguistic	_	none	_	_	_	_	_	_
782-8	TOI014	782	782	8	sp~	sp~	_	_	_	_	_	linguistic	_	none	Interrupted=Yes	End=1694.207	_	_	_	_
783-0	TOR001	783	783	0	che	che	_	_	_	_	_	linguistic	_	none	_	Begin=1694.207	_	_	_	_
783-1	TOR001	783	783	1	é	é	_	_	_	_	_	linguistic	_	none	_	_	_	_	_	_
783-2	TOR001	783	783	2	in	in	_	_	_	_	_	linguistic	_	none	_	_	_	_	_	_
783-3	TOR001	783	783	3	spagn[olo]	spagnolo	_	_	_	_	_	linguistic	_	none	_	End=1695.11	_	_	_	5-8(172)
784-0	TOI014	784	784	0	[esa]tto	esatto	_	_	_	_	_	linguistic	_	none	_	Begin=1694.807	_	_	_	0-3(172)
784-1	TOI014	784	784	1	in	in	_	_	_	_	_	linguistic	_	none	_	_	_	_	_	_
784-2	TOI014	784	784	2	spagnolo	spagnolo	_	_	_	_	_	linguistic	_	none	_	_	_	_	_	_
784-3	TOI014	784	784	3	appunto:	appunto	_	_	_	_	_	linguistic	_	none	_	_	6x1	_	_	_
784-4	TOI014	784	784	4	coi	coi	_	_	_	_	_	linguistic	_	none	_	_	_	_	_	_
784-5	TOI014	784	784	5	sottotitoli	sottotitoli	_	_	_	_	_	linguistic	_	none	_	_	_	_	_	_
784-6	TOI014	784	784	6	in	in	_	_	_	_	_	linguistic	_	none	_	_	_	_	_	_
784-7	TOI014	784	784	7	italiano	italiano	_	_	_	_	_	linguistic	_	none	_	End=1698.11	_	_	_	_
785-0	TOR001	785	785	0	okay	okay	_	_	_	_	_	linguistic	_	none	_	Begin=1698.133|End=1698.607	_	_	_	_
786-0	TOI014	786	786	0	perché::	perché	_	_	_	_	_	linguistic	_	none	_	Begin=1698.793	5x2	_	_	_
786-1	TOI014	786	786	1	ho	ho	_	_	_	_	_	linguistic	_	none	_	_	_	_	_	_
786-2	TOI014	786	786	2	notato	notato	_	_	_	_	_	linguistic	_	none	_	_	_	_	_	_
786-3	TOI014	786	786	3	che::	che	_	_	_	_	_	linguistic	_	none	_	_	2x2	_	_	_
786-4	TOI014	786	786	4	molte	molte	_	_	_	_	_	linguistic	_	none	_	_	_	_	_	_
786-5	TOI014	786	786	5	volte::	volte	_	_	_	_	_	linguistic	_	none	_	End=1701.6	4x2	_	_	_
787-0	TOI014	787	787	0	m:::h	mh	_	_	_	_	_	linguistic	_	none	PauseAfter=Yes	Begin=1702.096	0x3	_	_	_
787-1	TOI014	787	787	1	{P}	{P}	_	_	_	_	_	shortpause	_	none	_	_	_	_	_	_
787-2	TOI014	787	787	2	non	non	_	_	_	_	_	linguistic	_	none	_	_	_	_	_	_
787-3	TOI014	787	787	3	viene	viene	_	_	_	_	_	linguistic	_	none	_	_	_	_	_	_
787-4	TOI014	787	787	4	tradotto	tradotto	_	_	_	_	_	linguistic	_	none	_	_	_	_	_	_
787-5	TOI014	787	787	5	alla	alla	_	_	_	_	_	linguistic	_	none	_	_	_	_	_	_
787-6	TOI014	787	787	6	perfezione	perfezione	_	_	_	_	_	linguistic	_	none	_	_	_	_	_	_
787-7	TOI014	787	787	7	quindi	quindi	_	_	_	_	_	linguistic	_	none	_	_	_	_	_	_
787-8	TOI014	787	787	8	ascolti	ascolti	_	_	_	_	_	linguistic	_	none	_	_	_	_	_	_
787-9	TOI014	787	787	9	fai	fai	_	_	_	_	_	linguistic	_	none	_	_	_	_	_	_
787-10	TOI014	787	787	10	una	una	_	_	_	_	_	linguistic	_	none	_	_	_	_	_	_
787-11	TOI014	787	787	11	pratica	pratica	_	_	_	_	_	linguistic	_	none	_	_	_	_	_	_
787-12	TOI014	787	787	12	leg[gi::	leggi	_	_	_	_	_	linguistic	_	none	_	_	4x2	_	_	3-5(173)
787-13	TOI014	787	787	13	e	e	_	_	_	_	_	linguistic	_	none	_	_	_	_	_	0-1(173)
787-14	TOI014	787	787	14	cer]chi	cerchi	_	_	_	_	_	linguistic	_	none	_	_	_	_	_	0-3(173)
787-15	TOI014	787	787	15	di	di	_	_	_	_	_	linguistic	_	none	_	_	_	_	_	_
787-16	TOI014	787	787	16	comprendere	comprendere	_	_	_	_	_	linguistic	_	none	_	_	_	_	_	_
787-17	TOI014	787	787	17	quando	quando	_	_	_	_	_	linguistic	_	none	_	_	_	_	_	_
787-18	TOI014	787	787	18	é	é	_	_	_	_	_	linguistic	_	none	_	_	_	_	_	_
787-19	TOI014	787	787	19	giusto	giusto	_	_	_	_	_	linguistic	_	none	_	_	_	_	_	_
787-20	TOI014	787	787	20	appunto	appunto	_	_	_	_	_	linguistic	_	none	_	End=1709.8	_	_	_	_
788-0	TOR001	788	788	0	[mh	mh	_	_	_	_	_	linguistic	_	none	_	Begin=1707.096	_	_	_	0-2(173)
788-1	TOR001	788	788	1	mh	mh	_	_	_	_	_	linguistic	_	none	_	_	_	_	_	0-2(173)
788-2	TOR001	788	788	2	mh]	mh	_	_	_	_	_	linguistic	_	none	_	End=1707.717	_	_	_	0-2(173)
789-0	TOR001	789	789	0	okay	okay	_	_	_	_	_	linguistic	_	none	PauseAfter=Yes	Begin=1709.772	_	_	_	_
789-1	TOR001	789	789	1	{P}	{P}	_	_	_	_	_	shortpause	_	none	_	_	_	_	_	_
789-2	TOR001	789	789	2	e::h	eh	_	_	_	_	_	linguistic	_	none	_	_	0x2	_	_	_
789-3	TOR001	789	789	3	com'	com'	_	_	_	_	_	linguistic	_	none	SpaceAfter=No	_	_	_	_	_
789-4	TOR001	789	789	4	è	è	_	_	_	_	_	linguistic	_	none	_	_	_	_	_	_
789-5	TOR001	789	789	5	questo,	questo	_	_	_	_	_	linguistic	_	none	Intonation=WeaklyRising	_	_	_	_	_
789-6	TOR001	789	789	6	di	di	_	_	_	_	_	linguistic	_	none	_	_	_	_	_	_
789-7	TOR001	789	789	7	telefilm	telefilm	_	_	_	_	_	linguistic	_	none	_	_	_	_	_	_
789-8	TOR001	789	789	8	mh	mh	_	_	_	_	_	linguistic	_	none	_	_	_	_	_	_
789-9	TOR001	789	789	9	che	che	_	_	_	_	_	linguistic	_	none	_	_	_	_	_	_
789-10	TOR001	789	789	10	stai	stai	_	_	_	_	_	linguistic	_	none	_	_	_	_	_	_
789-11	TOR001	789	789	11	guardando?	guardando	_	_	_	_	_	linguistic	_	none	Intonation=Rising	End=1712.993	_	_	_	_
790-0	TOI014	790	790	0	mi::	mi	_	_	_	_	_	linguistic	_	none	_	Begin=1713.0	1x2	_	_	_
790-1	TOI014	790	790	1	mi::	mi	_	_	_	_	_	linguistic	_	none	_	_	1x2	_	_	_
790-2	TOI014	790	790	2	mi	mi	_	_	_	_	_	linguistic	_	none	_	_	_	_	_	_
790-3	TOI014	790	790	3	crea	crea	_	_	_	_	_	linguistic	_	none	_	_	_	_	_	_
790-4	TOI014	790	790	4	molta	molta	_	_	_	_	_	linguistic	_	none	_	_	_	_	_	_
790-5	TOI014	790	790	5	hype	hype	_	_	_	_	_	linguistic	_	none	_	End=1715.475	_	_	_	_
791-0	TOI014	791	791	0	mi	mi	_	_	_	_	_	linguistic	_	none	_	Begin=1715.492	_	_	_	_
791-1	TOI014	791	791	1	fa::	fa	_	_	_	_	_	linguistic	_	none	_	_	1x2	_	_	_
791-2	TOI014	791	791	2	[seguire]	seguire	_	_	_	_	_	linguistic	_	none	PauseAfter=Yes	_	_	_	_	0-7(175)
791-3	TOI014	791	791	3	{P}	{P}	_	_	_	_	_	shortpause	_	none	_	_	_	_	_	_
791-4	TOI014	791	791	4	le	le	_	_	_	_	_	linguistic	_	none	_	_	_	_	_	_
791-5	TOI014	791	791	5	puntate::	puntate	_	_	_	_	_	linguistic	_	none	_	_	6x2	_	_	_
791-6	TOI014	791	791	6	standoci	standoci	_	_	_	_	_	linguistic	_	none	_	_	_	_	_	_
791-7	TOI014	791	791	7	fino	fino	_	_	_	_	_	linguistic	_	none	_	_	_	_	_	_
791-8	TOI014	791	791	8	all'	all'	_	_	_	_	_	linguistic	_	none	SpaceAfter=No	_	_	_	_	_
791-9	TOI014	791	791	9	ultimo	ultimo	_	_	_	_	_	linguistic	_	none	_	_	_	_	_	_
791-10	TOI014	791	791	10	secondo	secondo	_	_	_	_	_	linguistic	_	none	_	_	_	_	_	_
791-11	TOI014	791	791	11	attaccato	attaccato	_	_	_	_	_	linguistic	_	none	_	_	_	_	_	_
791-12	TOI014	791	791	12	ecc[o]	ecco	_	_	_	_	_	linguistic	_	none	_	End=1721.0	_	_	_	2-4(176)
792-0	TOR001	792	792	0	[okay]	okay	_	_	_	_	_	linguistic	_	none	_	Begin=1716.096	_	_	_	0-4(175)
792-1	TOR001	792	792	1	{ride}	{ride}	_	_	_	_	_	nonverbalbehavior	_	none	_	End=1716.993	_	_	_	_
793-0	TOR001	793	793	0	[oka]y	okay	_	_	_	_	_	linguistic	_	none	_	Begin=1720.689	_	_	_	0-3(176)
793-1	TOR001	793	793	1	allora	allora	_	_	_	_	_	linguistic	_	none	_	_	_	_	_	_
793-2	TOR001	793	793	2	proviamo	proviamo	_	_	_	_	_	linguistic	_	none	_	End=1722.196	_	_	_	_
794-0	TOI014	794	794	0	sì	sì	_	_	_	_	_	linguistic	_	none	_	Begin=1722.186	_	_	_	_
794-1	TOI014	794	794	1	{ride}	{ride}	_	_	_	_	_	nonverbalbehavior	_	none	_	End=1723.013	_	_	_	_
795-0	TOR001	795	795	0	{ride}	{ride}	_	_	_	_	_	nonverbalbehavior	_	none	_	Begin=1723.096|End=1723.523	_	_	_	_
796-0	TOI014	796	796	0	penso	penso	_	_	_	_	_	linguistic	_	none	_	Begin=1723.531	_	_	_	_
796-1	TOI014	796	796	1	che	che	_	_	_	_	_	linguistic	_	none	_	_	_	_	_	_
796-2	TOI014	796	796	2	in	in	_	_	_	_	_	linguistic	_	none	_	_	_	_	_	_
796-3	TOI014	796	796	3	spagnolo	spagnolo	_	_	_	_	_	linguistic	_	none	_	_	_	_	_	_
796-4	TOI014	796	796	4	sia	sia	_	_	_	_	_	linguistic	_	none	_	_	_	_	_	_
796-5	TOI014	796	796	5	meglio	meglio	_	_	_	_	_	linguistic	_	none	_	_	_	_	_	_
796-6	TOI014	796	796	6	decisam[ente]	decisamente	_	_	_	_	_	linguistic	_	none	_	End=1725.938	_	_	_	7-11(178)
797-0	TOR001	797	797	0	[eh	eh	_	_	_	_	_	linguistic	_	none	_	Begin=1725.4	_	_	_	0-2(178)
797-1	TOR001	797	797	1	lui]	lui	_	_	_	_	_	linguistic	_	none	_	_	_	_	_	0-3(178)
797-2	TOR001	797	797	2	lo	lo	_	_	_	_	_	linguistic	_	none	_	_	_	_	_	_
797-3	TOR001	797	797	3	capisce	capisce	_	_	_	_	_	linguistic	_	none	_	End=1726.207	_	_	_	_
798-0	TOR002	798	798	0	eh	eh	_	_	_	_	_	linguistic	_	none	_	Begin=1726.386	_	_	_	_
798-1	TOR002	798	798	1	guardo	guardo	_	_	_	_	_	linguistic	_	none	_	_	_	_	_	_
798-2	TOR002	798	798	2	che	che	_	_	_	_	_	linguistic	_	none	_	_	_	_	_	_
798-3	TOR002	798	798	3	é	é	_	_	_	_	_	linguistic	_	none	_	_	_	_	_	_
798-4	TOR002	798	798	4	vero	vero	_	_	_	_	_	linguistic	_	none	_	_	_	_	_	_
798-5	TOR002	798	798	5	e::h	eh	_	_	_	_	_	linguistic	_	none	_	_	0x2	_	_	_
798-6	TOR002	798	798	6	io	io	_	_	_	_	_	linguistic	_	none	_	_	_	_	_	_
798-7	TOR002	798	798	7	ho	ho	_	_	_	_	_	linguistic	_	none	_	_	_	_	_	_
798-8	TOR002	798	798	8	vissuto::	vissuto	_	_	_	_	_	linguistic	_	none	_	_	6x2	_	_	_
798-9	TOR002	798	798	9	eh	eh	_	_	_	_	_	linguistic	_	none	_	_	_	_	_	_
798-10	TOR002	798	798	10	due	due	_	_	_	_	_	linguistic	_	none	_	_	_	_	_	_
798-11	TOR002	798	798	11	mesi	mesi	_	_	_	_	_	linguistic	_	none	_	_	_	_	_	_
798-12	TOR002	798	798	12	però	però	_	_	_	_	_	linguistic	_	none	_	_	_	_	_	_
798-13	TOR002	798	798	13	saltuari	saltuari	_	_	_	_	_	linguistic	_	none	_	_	_	_	_	_
798-14	TOR002	798	798	14	in	in	_	_	_	_	_	linguistic	_	none	_	_	_	_	_	_
798-15	TOR002	798	798	15	spagna	spagna	_	_	_	_	_	linguistic	_	none	_	End=1732.389	_	_	_	_
799-0	TOR001	799	799	0	{ride}	{ride}	_	_	_	_	_	nonverbalbehavior	_	none	_	Begin=1728.289|End=1729.096	_	_	_	_
800-0	TOR002	800	800	0	in	in	_	_	_	_	_	linguistic	_	none	_	Begin=1733.4	_	_	_	_
800-1	TOR002	800	800	1	[anda]lucia	andalucia	_	_	_	_	_	linguistic	_	none	_	End=1734.289	_	_	_	0-4(179)
801-0	TOI014	801	801	0	[sì]?	sì	_	_	_	_	_	linguistic	_	none	Intonation=Rising	Begin=1733.496|End=1733.793	_	_	_	0-2(179)
802-0	TOR001	802	802	0	ed	ed	_	_	_	_	_	linguistic	_	none	_	Begin=1735.296	_	_	_	_
802-1	TOR001	802	802	1	é	é	_	_	_	_	_	linguistic	_	none	_	_	_	_	_	_
802-2	TOR001	802	802	2	nato	nato	_	_	_	_	_	linguistic	_	none	_	_	_	_	_	_
802-3	TOR001	802	802	3	lo	lo	_	_	_	_	_	linguistic	_	none	_	_	_	_	_	_
802-4	TOR001	802	802	4	spagno~	spagno~	_	_	_	_	_	linguistic	_	none	Interrupted=Yes	_	_	_	_	_
802-5	TOR001	802	802	5	beh	beh	_	_	_	_	_	linguistic	_	none	_	_	_	_	_	_
802-6	TOR001	802	802	6	ma	ma	_	_	_	_	_	linguistic	_	none	_	_	_	_	_	_
802-7	TOR001	802	802	7	io	io	_	_	_	_	_	linguistic	_	none	_	_	_	_	_	_
802-8	TOR001	802	802	8	capire	capire	_	_	_	_	_	linguistic	_	none	_	_	_	_	_	_
802-9	TOR001	802	802	9	lo	lo	_	_	_	_	_	linguistic	_	none	_	_	_	_	_	_
802-10	TOR001	802	802	10	capisco	capisco	_	_	_	_	_	linguistic	_	none	_	_	_	_	_	_
802-11	TOR001	802	802	11	dai	dai	_	_	_	_	_	linguistic	_	none	_	End=1738.0	_	_	_	_
803-0	TOR002	803	803	0	ma:::	ma	_	_	_	_	_	linguistic	_	none	_	Begin=1738.4	1x3	_	_	_
803-1	TOR002	803	803	1	[xxx]	xxx	_	_	_	_	_	unknown	_	none	Syllables=3	End=1740.007	_	_	_	0-3(180)
804-0	TOI014	804	804	0	[non	non	_	_	_	_	_	linguistic	_	none	_	Begin=1739.676	_	_	_	0-3(180)
804-1	TOI014	804	804	1	é]	é	_	_	_	_	_	linguistic	_	none	_	_	_	_	_	0-1(180)
804-2	TOI014	804	804	2	difficile	difficile	_	_	_	_	_	linguistic	_	none	_	End=1740.6	_	_	_	_
805-0	TOR001	805	805	0	n[o::]	no	_	_	_	_	_	linguistic	_	none	_	Begin=1740.593|End=1741.0	1x2	_	_	1-2(182)
806-0	TOR002	806	806	0	[coi]	coi	_	_	_	_	_	linguistic	_	none	_	Begin=1740.8	_	_	_	0-3(182)
806-1	TOR002	806	806	1	sottotitoli	sottotitoli	_	_	_	_	_	linguistic	_	none	_	_	_	_	_	_
806-2	TOR002	806	806	2	si	si	_	_	_	_	_	linguistic	_	none	_	_	_	_	_	_
806-3	TOR002	806	806	3	capisce:	capisce	_	_	_	_	_	linguistic	_	none	_	End=1742.796	6x1	_	_	_
807-0	TOI014	807	807	0	sì.	sì	_	_	_	_	_	linguistic	_	none	Intonation=Falling	Begin=1743.503	_	_	_	_
807-1	TOI014	807	807	1	molte	molte	_	_	_	_	_	linguistic	_	none	_	_	_	_	_	_
807-2	TOI014	807	807	2	parole	parole	_	_	_	_	_	linguistic	_	none	_	_	_	_	_	_
807-3	TOI014	807	807	3	son	son	_	_	_	_	_	linguistic	_	none	_	_	_	_	_	_
807-4	TOI014	807	807	4	simili	simili	_	_	_	_	_	linguistic	_	none	_	End=1745.482	_	_	_	_
808-0	TOR001	808	808	0	sì.	sì	_	_	_	_	_	linguistic	_	none	Intonation=Falling	Begin=1745.506|End=1745.793	_	_	_	_
809-0	TOR001	809	809	0	ma	ma	_	_	_	_	_	linguistic	_	none	_	Begin=1746.51	_	_	_	_
809-1	TOR001	809	809	1	fai	fai	_	_	_	_	_	linguistic	_	none	_	_	_	_	_	_
809-2	TOR001	809	809	2	conto	conto	_	_	_	_	_	linguistic	_	none	_	_	_	_	_	_
809-3	TOR001	809	809	3	io	io	_	_	_	_	_	linguistic	_	none	_	_	_	_	_	_
809-4	TOR001	809	809	4	sono	sono	_	_	_	_	_	linguistic	_	none	_	_	_	_	_	_
809-5	TOR001	809	809	5	stata:	stata	_	_	_	_	_	linguistic	_	none	_	_	4x1	_	_	_
809-6	TOR001	809	809	6	quasi	quasi	_	_	_	_	_	linguistic	_	none	_	_	_	_	_	_
809-7	TOR001	809	809	7	quattro	quattro	_	_	_	_	_	linguistic	_	none	_	_	_	_	_	_
809-8	TOR001	809	809	8	mesi	mesi	_	_	_	_	_	linguistic	_	none	_	_	_	_	_	_
809-9	TOR001	809	809	9	in	in	_	_	_	_	_	linguistic	_	none	_	_	_	_	_	_
809-10	TOR001	809	809	10	svizzera	svizzera	_	_	_	_	_	linguistic	_	none	_	_	_	_	_	_
809-11	TOR001	809	809	11	e	e	_	_	_	_	_	linguistic	_	none	_	_	_	_	_	_
809-12	TOR001	809	809	12	interagivo	interagivo	_	_	_	_	_	linguistic	_	none	_	_	_	_	_	_
809-13	TOR001	809	809	13	praticamente	praticamente	_	_	_	_	_	linguistic	_	none	_	_	_	_	_	_
809-14	TOR001	809	809	14	solo	solo	_	_	_	_	_	linguistic	_	none	_	_	_	_	_	_
809-15	TOR001	809	809	15	con	con	_	_	_	_	_	linguistic	_	none	_	_	_	_	_	_
809-16	TOR001	809	809	16	un	un	_	_	_	_	_	linguistic	_	none	_	_	_	_	_	_
809-17	TOR001	809	809	17	collega	collega	_	_	_	_	_	linguistic	_	none	_	_	_	_	_	_
809-18	TOR001	809	809	18	spagnolo	spagnolo	_	_	_	_	_	linguistic	_	none	_	End=1752.186	_	_	_	_
810-0	TOR001	810	810	0	per	per	_	_	_	_	_	linguistic	_	none	_	Begin=1752.896	_	_	_	_
810-1	TOR001	810	810	1	cui	cui	_	_	_	_	_	linguistic	_	none	_	_	_	_	_	_
810-2	TOR001	810	810	2	ho	ho	_	_	_	_	_	linguistic	_	none	_	_	_	_	_	_
810-3	TOR001	810	810	3	imparato	imparato	_	_	_	_	_	linguistic	_	none	_	_	_	_	_	_
810-4	TOR001	810	810	4	{ride}	{ride}	_	_	_	_	_	nonverbalbehavior	_	none	_	_	_	_	_	_
810-5	TOR001	810	810	5	a	a	_	_	_	_	_	linguistic	_	none	_	_	_	_	_	_
810-6	TOR001	810	810	6	capire	capire	_	_	_	_	_	linguistic	_	none	_	_	_	_	_	_
810-7	TOR001	810	810	7	lo	lo	_	_	_	_	_	linguistic	_	none	_	_	_	_	_	_
810-8	TOR001	810	810	8	spagnolo	spagnolo	_	_	_	_	_	linguistic	_	none	_	_	_	_	_	_
810-9	TOR001	810	810	9	così	così	_	_	_	_	_	linguistic	_	none	_	End=1755.71	_	_	_	_
811-0	TOR001	811	811	0	e::h	eh	_	_	_	_	_	linguistic	_	none	_	Begin=1756.296	0x2	_	_	_
811-1	TOR001	811	811	1	che	che	_	_	_	_	_	linguistic	_	none	_	_	_	_	_	_
811-2	TOR001	811	811	2	altre	altre	_	_	_	_	_	linguistic	_	none	_	_	_	_	_	_
811-3	TOR001	811	811	3	serie	serie	_	_	_	_	_	linguistic	_	none	_	_	_	_	_	_
811-4	TOR001	811	811	4	tv?	tv	_	_	_	_	_	linguistic	_	none	Intonation=Rising	End=1757.4	_	_	_	_
812-0	TOI014	812	812	0	altre	altre	_	_	_	_	_	linguistic	_	none	_	Begin=1757.807	_	_	_	_
812-1	TOI014	812	812	1	serie	serie	_	_	_	_	_	linguistic	_	none	_	_	_	_	_	_
812-2	TOI014	812	812	2	tv:::	tv	_	_	_	_	_	linguistic	_	none	_	End=1759.496	1x3	_	_	_
813-0	TOI014	813	813	0	m:::h	mh	_	_	_	_	_	linguistic	_	none	_	Begin=1760.103	0x3	_	_	_
813-1	TOI014	813	813	1	in	in	_	_	_	_	_	linguistic	_	none	_	_	_	_	_	_
813-2	TOI014	813	813	2	questo	questo	_	_	_	_	_	linguistic	_	none	_	_	_	_	_	_
813-3	TOI014	813	813	3	momento::	momento	_	_	_	_	_	linguistic	_	none	_	_	6x2	_	_	_
813-4	TOI014	813	813	4	non:	non	_	_	_	_	_	linguistic	_	none	_	_	2x1	_	_	_
813-5	TOI014	813	813	5	non	non	_	_	_	_	_	linguistic	_	none	_	_	_	_	_	_
813-6	TOI014	813	813	6	sto	sto	_	_	_	_	_	linguistic	_	none	_	_	_	_	_	_
813-7	TOI014	813	813	7	seguendo	seguendo	_	_	_	_	_	linguistic	_	none	_	_	_	_	_	_
813-8	TOI014	813	813	8	nulla	nulla	_	_	_	_	_	linguistic	_	none	_	_	_	_	_	_
813-9	TOI014	813	813	9	sto	sto	_	_	_	_	_	linguistic	_	none	_	_	_	_	_	_
813-10	TOI014	813	813	10	guar[dando	guardando	_	_	_	_	_	linguistic	_	none	_	_	_	_	_	4-9(183)
813-11	TOI014	813	813	11	solo	solo	_	_	_	_	_	linguistic	_	none	_	_	_	_	_	0-4(183)
813-12	TOI014	813	813	12	quella]	quella	_	_	_	_	_	linguistic	_	none	_	End=1765.2	_	_	_	0-6(183)
814-0	TOR001	814	814	0	[okay	okay	_	_	_	_	_	linguistic	_	none	_	Begin=1764.384	_	_	_	0-4(183)
814-1	TOR001	814	814	1	quindi	quindi	_	_	_	_	_	linguistic	_	none	_	_	_	_	_	0-6(183)
814-2	TOR001	814	814	2	solo	solo	_	_	_	_	_	linguistic	_	none	_	_	_	_	_	0-4(183)
814-3	TOR001	814	814	3	ques]ta	questa	_	_	_	_	_	linguistic	_	none	_	End=1765.496	_	_	_	0-4(183)
815-0	TOI014	815	815	0	es[atto]	esatto	_	_	_	_	_	linguistic	_	none	_	Begin=1765.496|End=1766.007	_	_	_	2-6(184)
816-0	TOR001	816	816	0	[okay]	okay	_	_	_	_	_	linguistic	_	none	_	Begin=1765.703	_	_	_	0-4(184)
816-1	TOR001	816	816	1	sei:	sei	_	_	_	_	_	linguistic	_	none	_	_	2x1	_	_	_
816-2	TOR001	816	816	2	in	in	_	_	_	_	_	linguistic	_	none	_	_	_	_	_	_
816-3	TOR001	816	816	3	full	full	_	_	_	_	_	linguistic	_	none	_	_	_	_	_	_
816-4	TOR001	816	816	4	immersion	immersion	_	_	_	_	_	linguistic	_	none	_	End=1767.267	_	_	_	_
817-0	TOI014	817	817	0	esatto	esatto	_	_	_	_	_	linguistic	_	none	_	Begin=1767.278|End=1768.02	_	_	_	_
818-0	TOR001	818	818	0	d'	d'	_	_	_	_	_	linguistic	_	none	SpaceAfter=No	Begin=1768.028	_	_	_	_
818-1	TOR001	818	818	1	accordo	accordo	_	_	_	_	_	linguistic	_	none	_	_	_	_	_	_
818-2	TOR001	818	818	2	va	va	_	_	_	_	_	linguistic	_	none	_	_	_	_	_	_
818-3	TOR001	818	818	3	bene	bene	_	_	_	_	_	linguistic	_	none	_	_	_	_	_	_
818-4	TOR001	818	818	4	finito	finito	_	_	_	_	_	linguistic	_	none	_	_	_	_	_	_
818-5	TOR001	818	818	5	se	se	_	_	_	_	_	linguistic	_	none	_	_	_	_	_	_
818-6	TOR001	818	818	6	non	non	_	_	_	_	_	linguistic	_	none	_	_	_	_	_	_
818-7	TOR001	818	818	7	hai::	hai	_	_	_	_	_	linguistic	_	none	_	_	2x2	_	_	_
818-8	TOR001	818	818	8	altri	altri	_	_	_	_	_	linguistic	_	none	_	_	_	_	_	_
818-9	TOR001	818	818	9	interessi	interessi	_	_	_	_	_	linguistic	_	none	_	_	_	_	_	_
818-10	TOR001	818	818	10	o	o	_	_	_	_	_	linguistic	_	none	_	_	_	_	_	_
818-11	TOR001	818	818	11	cose	cose	_	_	_	_	_	linguistic	_	none	_	_	_	_	_	_
818-12	TOR001	818	818	12	che	che	_	_	_	_	_	linguistic	_	none	_	_	_	_	_	_
818-13	TOR001	818	818	13	non	non	_	_	_	_	_	linguistic	_	none	_	_	_	_	_	_
818-14	TOR001	818	818	14	ho	ho	_	_	_	_	_	linguistic	_	none	_	_	_	_	_	_
818-15	TOR001	818	818	15	considerato	considerato	_	_	_	_	_	linguistic	_	none	_	_	_	_	_	_
818-16	TOR001	818	818	16	a	a	_	_	_	_	_	linguistic	_	none	_	_	_	_	_	_
818-17	TOR001	818	818	17	[post]o	posto	_	_	_	_	_	linguistic	_	none	_	_	_	_	_	0-4(185)
818-18	TOR001	818	818	18	basta	basta	_	_	_	_	_	linguistic	_	none	_	_	_	_	_	_
818-19	TOR001	818	818	19	finito	finito	_	_	_	_	_	linguistic	_	none	_	_	_	_	_	_
818-20	TOR001	818	818	20	libero	libero	_	_	_	_	_	linguistic	_	none	_	End=1773.924	_	_	_	_
819-0	TOI014	819	819	0	[no].	no	_	_	_	_	_	linguistic	_	none	Intonation=Falling	Begin=1772.496|End=1772.807	_	_	_	0-2(185)
820-0	TOI014	820	820	0	perfett[o]	perfetto	_	_	_	_	_	linguistic	_	none	_	Begin=1773.968	_	_	_	7-8(186)
820-1	TOI014	820	820	1	{ride}	{ride}	_	_	_	_	_	nonverbalbehavior	_	none	_	End=1775.207	_	_	_	_
821-0	TOR001	821	821	0	[gr]azie	grazie	_	_	_	_	_	linguistic	_	none	_	Begin=1774.4	_	_	_	0-2(186)
821-1	TOR001	821	821	1	mille	mille	_	_	_	_	_	linguistic	_	none	_	End=1775.207	_	_	_	_
822-0	TOI014	822	822	0	grazie	grazie	_	_	_	_	_	linguistic	_	none	_	Begin=1775.235|End=1775.793	_	_	_	_
823-0	TOR001	823	823	0	allora	allora	_	_	_	_	_	linguistic	_	none	_	Begin=1777.393	_	_	_	_
823-1	TOR001	823	823	1	m::h	mh	_	_	_	_	_	linguistic	_	none	_	End=1778.761	0x2	_	_	_
824-0	TOR002	824	824	0	così	così	_	_	_	_	_	linguistic	_	none	_	Begin=1778.761	_	_	_	_
824-1	TOR002	824	824	1	abbiamo	abbiamo	_	_	_	_	_	linguistic	_	none	_	_	_	_	_	_
824-2	TOR002	824	824	2	anche	anche	_	_	_	_	_	linguistic	_	none	_	_	_	_	_	_
824-3	TOR002	824	824	3	il	il	_	_	_	_	_	linguistic	_	none	_	_	_	_	_	_
824-4	TOR002	824	824	4	tatuatore	tatuatore	_	_	_	_	_	linguistic	_	none	_	_	_	_	_	_
824-5	TOR002	824	824	5	{ride}	{ride}	_	_	_	_	_	nonverbalbehavior	_	none	_	End=1780.65	_	_	_	_
825-0	TOR001	825	825	0	{ride}	{ride}	_	_	_	_	_	nonverbalbehavior	_	none	_	Begin=1780.407|End=1781.42	_	_	_	_
826-0	TOR001	826	826	0	xxx	xxx	_	_	_	_	_	unknown	_	none	Syllables=3	Begin=1783.103	_	_	_	_
826-1	TOR001	826	826	1	metto	metto	_	_	_	_	_	linguistic	_	none	_	_	_	_	_	_
826-2	TOR001	826	826	2	via	via	_	_	_	_	_	linguistic	_	none	_	_	_	_	_	_
826-3	TOR001	826	826	3	sta	sta	_	_	_	_	_	linguistic	_	none	_	_	_	_	_	_
826-4	TOR001	826	826	4	roba	roba	_	_	_	_	_	linguistic	_	none	_	_	_	_	_	_
826-5	TOR001	826	826	5	mi	mi	_	_	_	_	_	linguistic	_	none	_	_	_	_	_	_
826-6	TOR001	826	826	6	perdo	perdo	_	_	_	_	_	linguistic	_	none	_	_	_	_	_	_
826-7	TOR001	826	826	7	sempre	sempre	_	_	_	_	_	linguistic	_	none	_	_	_	_	_	_
826-8	TOR001	826	826	8	tutto::	tutto	_	_	_	_	_	linguistic	_	none	_	End=1785.807	4x2	_	_	_
827-0	TOI014	827	827	0	ce	ce	_	_	_	_	_	linguistic	_	none	_	Begin=1786.0	_	_	_	_
827-1	TOI014	827	827	1	l'	l'	_	_	_	_	_	linguistic	_	none	SpaceAfter=No	_	_	_	_	_
827-2	TOI014	827	827	2	hai	hai	_	_	_	_	_	linguistic	_	none	_	_	_	_	_	_
827-3	TOI014	827	827	3	una	una	_	_	_	_	_	linguistic	_	none	_	_	_	_	_	_
827-4	TOI014	827	827	4	cartina	cartina	_	_	_	_	_	linguistic	_	none	_	_	_	_	_	_
827-5	TOI014	827	827	5	corta?	corta	_	_	_	_	_	linguistic	_	none	Intonation=Rising	_	_	_	_	_
827-6	TOI014	827	827	6	che	che	_	_	_	_	_	linguistic	_	none	_	_	_	_	_	_
827-7	TOI014	827	827	7	io	io	_	_	_	_	_	linguistic	_	none	_	_	_	_	_	_
827-8	TOI014	827	827	8	ho	ho	_	_	_	_	_	linguistic	_	none	_	_	_	_	_	_
827-9	TOI014	827	827	9	il	il	_	_	_	_	_	linguistic	_	none	_	_	_	_	_	_
827-10	TOI014	827	827	10	tabacco	tabacco	_	_	_	_	_	linguistic	_	none	_	End=1787.896	_	_	_	_
828-0	TOR001	828	828	0	ma	ma	_	_	_	_	_	linguistic	_	none	_	Begin=1787.896	_	_	_	_
828-1	TOR001	828	828	1	vuoi	vuoi	_	_	_	_	_	linguistic	_	none	_	_	_	_	_	_
828-2	TOR001	828	828	2	una	una	_	_	_	_	_	linguistic	_	none	_	_	_	_	_	_
828-3	TOR001	828	828	3	sigaretta?	sigaretta	_	_	_	_	_	linguistic	_	none	Intonation=Rising	_	_	_	_	_
828-4	TOR001	828	828	4	prendila	prendila	_	_	_	_	_	linguistic	_	none	PauseAfter=Yes	_	_	_	_	_
828-5	TOR001	828	828	5	{P}	{P}	_	_	_	_	_	shortpause	_	none	_	_	_	_	_	_
828-6	TOR001	828	828	6	[tran]quill[o]	tranquillo	_	_	_	_	_	linguistic	_	none	_	End=1790.193	_	_	_	0-4(187),9-10(188)
829-0	TOI014	829	829	0	[posso]?	posso	_	_	_	_	_	linguistic	_	none	Intonation=Rising	Begin=1789.193|End=1789.703	_	_	_	0-5(187)
830-0	TOI014	830	830	0	[perché::]	perché	_	_	_	_	_	linguistic	_	none	_	Begin=1789.889	5x2	_	_	0-6(188)
830-1	TOI014	830	830	1	se	se	_	_	_	_	_	linguistic	_	none	_	_	_	_	_	_
830-2	TOI014	830	830	2	avevi	avevi	_	_	_	_	_	linguistic	_	none	_	_	_	_	_	_
830-3	TOI014	830	830	3	la	la	_	_	_	_	_	linguistic	_	none	_	_	_	_	_	_
830-4	TOI014	830	830	4	cartina::	cartina	_	_	_	_	_	linguistic	_	none	_	End=1791.4	6x2	_	_	_
831-0	TOR001	831	831	0	no.	no	_	_	_	_	_	linguistic	_	none	Intonation=Falling	Begin=1791.4	_	_	_	_
831-1	TOR001	831	831	1	guarda	guarda	_	_	_	_	_	linguistic	_	none	_	_	_	_	_	_
831-2	TOR001	831	831	2	tanto	tanto	_	_	_	_	_	linguistic	_	none	_	_	_	_	_	_
831-3	TOR001	831	831	3	ho	ho	_	_	_	_	_	linguistic	_	none	_	_	_	_	_	_
831-4	TOR001	831	831	4	il	il	_	_	_	_	_	linguistic	_	none	_	_	_	_	_	_
831-5	TOR001	831	831	5	pacchetto	pacchetto	_	_	_	_	_	linguistic	_	none	_	_	_	_	_	_
831-6	TOR001	831	831	6	nuovo	nuovo	_	_	_	_	_	linguistic	_	none	_	_	_	_	_	_
831-7	TOR001	831	831	7	dai	dai	_	_	_	_	_	linguistic	_	none	_	_	_	_	_	_
831-8	TOR001	831	831	8	[vai	vai	_	_	_	_	_	linguistic	_	none	_	_	_	_	_	0-3(189)
831-9	TOR001	831	831	9	tranquillo]	tranquillo	_	_	_	_	_	linguistic	_	none	_	End=1793.496	_	_	_	0-10(189)
832-0	TOR002	832	832	0	[ma	ma	_	_	_	_	_	linguistic	_	none	_	Begin=1792.993	_	_	_	0-2(189)
832-1	TOR002	832	832	1	se	se	_	_	_	_	_	linguistic	_	none	_	_	_	_	_	0-2(189)
832-2	TOR002	832	832	2	é]	é	_	_	_	_	_	linguistic	_	none	_	_	_	_	_	0-1(189)
832-3	TOR002	832	832	3	perché	perché	_	_	_	_	_	linguistic	_	none	_	_	_	_	_	_
832-4	TOR002	832	832	4	la	la	_	_	_	_	_	linguistic	_	none	_	_	_	_	_	_
832-5	TOR002	832	832	5	prefersci	prefersci	_	_	_	_	_	linguistic	_	none	_	_	_	_	_	_
832-6	TOR002	832	832	6	girata::	girata	_	_	_	_	_	linguistic	_	none	_	_	5x2	_	_	_
832-7	TOR002	832	832	7	sì	sì	_	_	_	_	_	linguistic	_	none	_	_	_	_	_	_
832-8	TOR002	832	832	8	se	se	_	_	_	_	_	linguistic	_	none	_	_	_	_	_	_
832-9	TOR002	832	832	9	no	no	_	_	_	_	_	linguistic	_	none	_	_	_	_	_	_
832-10	TOR002	832	832	10	piglia	piglia	_	_	_	_	_	linguistic	_	none	_	_	_	_	_	_
832-11	TOR002	832	832	11	da	da	_	_	_	_	_	linguistic	_	none	_	_	_	_	_	_
832-12	TOR002	832	832	12	lei	lei	_	_	_	_	_	linguistic	_	none	_	End=1796.8	_	_	_	_
833-0	TOR001	833	833	0	c(io)è	cioè	_	_	_	_	_	linguistic	_	none	_	Begin=1796.807	_	_	1-3(0)	_
833-1	TOR001	833	833	1	[vai	vai	_	_	_	_	_	linguistic	_	none	_	_	_	_	_	0-3(190)
833-2	TOR001	833	833	2	proprio	proprio	_	_	_	_	_	linguistic	_	none	_	_	_	_	_	0-7(190)
833-3	TOR001	833	833	3	sereno]	sereno	_	_	_	_	_	linguistic	_	none	_	_	_	_	_	0-6(190)
833-4	TOR001	833	833	4	tranquillo	tranquillo	_	_	_	_	_	linguistic	_	none	_	End=1798.689	_	_	_	_
834-0	TOI014	834	834	0	[allora	allora	_	_	_	_	_	linguistic	_	none	_	Begin=1797.0	_	_	_	0-6(190)
834-1	TOI014	834	834	1	sì	sì	_	_	_	_	_	linguistic	_	none	_	_	_	_	_	0-2(190)
834-2	TOI014	834	834	2	prendo	prendo	_	_	_	_	_	linguistic	_	none	_	_	_	_	_	0-6(190)
834-3	TOI014	834	834	3	una	una	_	_	_	_	_	linguistic	_	none	_	_	_	_	_	0-3(190)
834-4	TOI014	834	834	4	siga]	siga	_	_	_	_	_	linguistic	_	none	_	_	_	_	_	0-4(190)
834-5	TOI014	834	834	5	{ride}	{ride}	_	_	_	_	_	nonverbalbehavior	_	none	_	End=1798.689	_	_	_	_
835-0	TOI014	835	835	0	grazie	grazie	_	_	_	_	_	linguistic	_	none	_	Begin=1798.748|End=1799.289	_	_	_	_
836-0	TOR001	836	836	0	figurati	figurati	_	_	_	_	_	linguistic	_	none	_	Begin=1799.313|End=1799.896	_	_	_	_
837-0	TOI014	837	837	0	sì	sì	_	_	_	_	_	linguistic	_	none	_	Begin=1801.8	_	_	_	_
837-1	TOI014	837	837	1	comunque	comunque	_	_	_	_	_	linguistic	_	none	_	_	_	_	_	_
837-2	TOI014	837	837	2	sta	sta	_	_	_	_	_	linguistic	_	none	_	_	_	_	_	_
837-3	TOI014	837	837	3	cosa	cosa	_	_	_	_	_	linguistic	_	none	_	_	_	_	_	_
837-4	TOI014	837	837	4	delle	delle	_	_	_	_	_	linguistic	_	none	_	_	_	_	_	_
837-5	TOI014	837	837	5	fotografe	fotografe	_	_	_	_	_	linguistic	_	none	_	_	_	_	_	_
837-6	TOI014	837	837	6	mi::	mi	_	_	_	_	_	linguistic	_	none	_	_	1x2	_	_	_
837-7	TOI014	837	837	7	xxx	xxx	_	_	_	_	_	unknown	_	none	Syllables=3	_	_	_	_	_
837-8	TOI014	837	837	8	culo	culo	_	_	_	_	_	linguistic	_	none	_	End=1805.289	_	_	_	_
838-0	TOI014	838	838	0	oh	oh	_	_	_	_	_	linguistic	_	none	_	Begin=1805.896	_	_	_	_
838-1	TOI014	838	838	1	ma	ma	_	_	_	_	_	linguistic	_	none	_	_	_	_	_	_
838-2	TOI014	838	838	2	te	te	_	_	_	_	_	linguistic	_	none	_	_	_	_	_	_
838-3	TOI014	838	838	3	ne	ne	_	_	_	_	_	linguistic	_	none	_	_	_	_	_	_
838-4	TOI014	838	838	4	rendi	rendi	_	_	_	_	_	linguistic	_	none	_	_	_	_	_	_
838-5	TOI014	838	838	5	conto?	conto	_	_	_	_	_	linguistic	_	none	Intonation=Rising	End=1807.186	_	_	_	_
839-0	TOI014	839	839	0	é	é	_	_	_	_	_	linguistic	_	none	_	Begin=1807.721	_	_	_	_
839-1	TOI014	839	839	1	dello	dello	_	_	_	_	_	linguistic	_	none	_	_	_	_	_	_
839-2	TOI014	839	839	2	stesso	stesso	_	_	_	_	_	linguistic	_	none	_	_	_	_	_	_
839-3	TOI014	839	839	3	segno	segno	_	_	_	_	_	linguistic	_	none	_	_	_	_	_	_
839-4	TOI014	839	839	4	e::::h	eh	_	_	_	_	_	linguistic	_	none	_	End=1809.71	0x4	_	_	_
840-0	TOI014	840	840	0	e	e	_	_	_	_	_	linguistic	_	none	_	Begin=1809.74	_	_	_	_
840-1	TOI014	840	840	1	quando	quando	_	_	_	_	_	linguistic	_	none	_	_	_	_	_	_
840-2	TOI014	840	840	2	i	i	_	_	_	_	_	linguistic	_	none	PauseAfter=Yes	_	_	_	_	_
840-3	TOI014	840	840	3	{P}	{P}	_	_	_	_	_	shortpause	_	none	_	_	_	_	_	_
840-4	TOI014	840	840	4	ti	ti	_	_	_	_	_	linguistic	_	none	_	_	_	_	_	_
840-5	TOI014	840	840	5	parlo	parlo	_	_	_	_	_	linguistic	_	none	_	_	_	_	_	_
840-6	TOI014	840	840	6	molte	molte	_	_	_	_	_	linguistic	_	none	_	_	_	_	_	_
840-7	TOI014	840	840	7	risposte	risposte	_	_	_	_	_	linguistic	_	none	_	_	_	_	_	_
840-8	TOI014	840	840	8	che	che	_	_	_	_	_	linguistic	_	none	_	_	_	_	_	_
840-9	TOI014	840	840	9	mi	mi	_	_	_	_	_	linguistic	_	none	_	_	_	_	_	_
840-10	TOI014	840	840	10	vengono	vengono	_	_	_	_	_	linguistic	_	none	_	_	_	_	_	_
840-11	TOI014	840	840	11	date:	date	_	_	_	_	_	linguistic	_	none	_	End=1813.299	3x1	_	_	_
841-0	TOI014	841	841	0	mi	mi	_	_	_	_	_	linguistic	_	none	_	Begin=1814.007	_	_	_	_
841-1	TOI014	841	841	1	creano::	creano	_	_	_	_	_	linguistic	_	none	_	_	5x2	_	_	_
841-2	TOI014	841	841	2	uno	uno	_	_	_	_	_	linguistic	_	none	_	_	_	_	_	_
841-3	TOI014	841	841	3	stato	stato	_	_	_	_	_	linguistic	_	none	_	_	_	_	_	_
841-4	TOI014	841	841	4	di	di	_	_	_	_	_	linguistic	_	none	_	_	_	_	_	_
841-5	TOI014	841	841	5	confusione	confusione	_	_	_	_	_	linguistic	_	none	_	End=1816.738	_	_	_	_
842-0	TOR001	842	842	0	{ride}	{ride}	_	_	_	_	_	nonverbalbehavior	_	none	_	Begin=1816.751|End=1817.503	_	_	_	_
843-0	TOI014	843	843	0	perché	perché	_	_	_	_	_	linguistic	_	none	_	Begin=1817.407	_	_	_	_
843-1	TOI014	843	843	1	io	io	_	_	_	_	_	linguistic	_	none	_	_	_	_	_	_
843-2	TOI014	843	843	2	dico	dico	_	_	_	_	_	linguistic	_	none	_	_	_	_	_	_
843-3	TOI014	843	843	3	queste	queste	_	_	_	_	_	linguistic	_	none	_	_	_	_	_	_
843-4	TOI014	843	843	4	cose	cose	_	_	_	_	_	linguistic	_	none	_	_	_	_	_	_
843-5	TOI014	843	843	5	le	le	_	_	_	_	_	linguistic	_	none	_	_	_	_	_	_
843-6	TOI014	843	843	6	ho	ho	_	_	_	_	_	linguistic	_	none	_	_	_	_	_	_
843-7	TOI014	843	843	7	già	già	_	_	_	_	_	linguistic	_	none	_	_	_	_	_	_
843-8	TOI014	843	843	8	sentite	sentite	_	_	_	_	_	linguistic	_	none	_	_	_	_	_	_
843-9	TOI014	843	843	9	queste	queste	_	_	_	_	_	linguistic	_	none	_	_	_	_	_	_
843-10	TOI014	843	843	10	cose	cose	_	_	_	_	_	linguistic	_	none	_	_	_	_	_	_
843-11	TOI014	843	843	11	le	le	_	_	_	_	_	linguistic	_	none	_	_	_	_	_	_
843-12	TOI014	843	843	12	ho	ho	_	_	_	_	_	linguistic	_	none	_	_	_	_	_	_
843-13	TOI014	843	843	13	già	già	_	_	_	_	_	linguistic	_	none	_	_	_	_	_	_
843-14	TOI014	843	843	14	viste	viste	_	_	_	_	_	linguistic	_	none	_	End=1821.054	_	_	_	_
844-0	TOR002	844	844	0	{ride}	{ride}	_	_	_	_	_	nonverbalbehavior	_	none	_	Begin=1820.117|End=1821.062	_	_	_	_
845-0	TOI014	845	845	0	penso	penso	_	_	_	_	_	linguistic	_	none	_	Begin=1821.303	_	_	_	_
845-1	TOI014	845	845	1	alla	alla	_	_	_	_	_	linguistic	_	none	_	_	_	_	_	_
845-2	TOI014	845	845	2	routine	routine	_	_	_	_	_	linguistic	_	none	_	_	_	_	_	_
845-3	TOI014	845	845	3	della	della	_	_	_	_	_	linguistic	_	none	_	_	_	_	_	_
845-4	TOI014	845	845	4	quotidianità	quotidianità	_	_	_	_	_	linguistic	_	none	_	_	_	_	_	_
845-5	TOI014	845	845	5	e	e	_	_	_	_	_	linguistic	_	none	_	_	_	_	_	_
845-6	TOI014	845	845	6	dico	dico	_	_	_	_	_	linguistic	_	none	_	_	_	_	_	_
845-7	TOI014	845	845	7	ma	ma	_	_	_	_	_	linguistic	_	none	_	_	_	_	_	_
845-8	TOI014	845	845	8	sto	sto	_	_	_	_	_	linguistic	_	none	_	_	_	_	_	_
845-9	TOI014	845	845	9	facendo	facendo	_	_	_	_	_	linguistic	_	none	_	_	_	_	_	_
845-10	TOI014	845	845	10	la	la	_	_	_	_	_	linguistic	_	none	_	_	_	_	_	_
845-11	TOI014	845	845	11	stessa	stessa	_	_	_	_	_	linguistic	_	none	_	_	_	_	_	_
845-12	TOI014	845	845	12	vita	vita	_	_	_	_	_	linguistic	_	none	_	End=1824.8	_	_	_	_
846-0	TOR001	846	846	0	{ride}	{ride}	_	_	_	_	_	nonverbalbehavior	_	none	_	Begin=1825.2|End=1825.703	_	_	_	_
847-0	TOI014	847	847	0	va:	va	_	_	_	_	_	linguistic	_	none	_	Begin=1825.2	1x1	_	_	_
847-1	TOI014	847	847	1	all'	all'	_	_	_	_	_	linguistic	_	none	SpaceAfter=No	_	_	_	_	_
847-2	TOI014	847	847	2	astoria	astoria	_	_	_	_	_	linguistic	_	none	_	_	_	_	_	_
847-3	TOI014	847	847	3	fa	fa	_	_	_	_	_	linguistic	_	none	_	_	_	_	_	_
847-4	TOI014	847	847	4	le	le	_	_	_	_	_	linguistic	_	none	_	_	_	_	_	_
847-5	TOI014	847	847	5	foto	foto	_	_	_	_	_	linguistic	_	none	_	_	_	_	_	_
847-6	TOI014	847	847	6	quando	quando	_	_	_	_	_	linguistic	_	none	_	_	_	_	_	_
847-7	TOI014	847	847	7	stacca	stacca	_	_	_	_	_	linguistic	_	none	_	_	_	_	_	_
847-8	TOI014	847	847	8	viene	viene	_	_	_	_	_	linguistic	_	none	_	_	_	_	_	_
847-9	TOI014	847	847	9	da	da	_	_	_	_	_	linguistic	_	none	_	_	_	_	_	_
847-10	TOI014	847	847	10	me	me	_	_	_	_	_	linguistic	_	none	_	_	_	_	_	_
847-11	TOI014	847	847	11	che	che	_	_	_	_	_	linguistic	_	none	_	_	_	_	_	_
847-12	TOI014	847	847	12	sono	sono	_	_	_	_	_	linguistic	_	none	_	_	_	_	_	_
847-13	TOI014	847	847	13	le	le	_	_	_	_	_	linguistic	_	none	_	_	_	_	_	_
847-14	TOI014	847	847	14	qua~	qua~	_	_	_	_	_	linguistic	_	none	Interrupted=Yes	End=1828.686	_	_	_	_
