token_id	speaker	tu_id	unit	id	span	form	lemma	upos	xpos	feats	deprel	type	meta_label	variation	jefferson_feats	align	prolongations	pace	guesses	overlaps
0-0	TO071	0	0	0	allora	allora	_	_	_	_	_	linguistic	_	none	_	Begin=1.588	_	_	_	_
0-1	TO071	0	0	1	carla	carla	_	_	_	_	_	linguistic	_	none	PauseAfter=Yes	_	_	_	_	_
0-2	TO071	0	0	2	{P}	{P}	_	_	_	_	_	shortpause	_	none	_	_	_	_	_	_
0-3	TO071	0	0	3	grazie	grazie	_	_	_	_	_	linguistic	_	none	_	_	_	_	_	_
0-4	TO071	0	0	4	mille	mille	_	_	_	_	_	linguistic	_	none	_	_	_	_	_	_
0-5	TO071	0	0	5	per	per	_	_	_	_	_	linguistic	_	none	_	_	_	_	_	_
0-6	TO071	0	0	6	aver	aver	_	_	_	_	_	linguistic	_	none	_	_	_	_	_	_
0-7	TO071	0	0	7	partecipato	partecipato	_	_	_	_	_	linguistic	_	none	_	End=4.11	_	_	_	_
1-0	TO073	1	1	0	a	a	_	_	_	_	_	linguistic	_	none	_	Begin=4.11	_	_	_	_
1-1	TO073	1	1	1	te.	te	_	_	_	_	_	linguistic	_	none	Intonation=Falling	End=4.45	_	_	_	_
2-0	TO071	2	2	0	a	a	_	_	_	_	_	linguistic	_	none	_	Begin=4.45	_	_	_	_
2-1	TO071	2	2	1	quest'	quest'	_	_	_	_	_	linguistic	_	none	SpaceAfter=No	_	_	_	_	_
2-2	TO071	2	2	2	inter~	inter~	_	_	_	_	_	linguistic	_	none	Interrupted=Yes|PauseAfter=Yes	_	_	_	_	_
2-3	TO071	2	2	3	{P}	{P}	_	_	_	_	_	shortpause	_	none	_	_	_	_	_	_
2-4	TO071	2	2	4	a	a	_	_	_	_	_	linguistic	_	none	_	_	_	_	_	_
2-5	TO071	2	2	5	quest'	quest'	_	_	_	_	_	linguistic	_	none	SpaceAfter=No	_	_	_	_	_
2-6	TO071	2	2	6	intervista	intervista	_	_	_	_	_	linguistic	_	none	PauseAfter=Yes	_	_	_	_	_
2-7	TO071	2	2	7	{P}	{P}	_	_	_	_	_	shortpause	_	none	_	_	_	_	_	_
2-8	TO071	2	2	8	a	a	_	_	_	_	_	linguistic	_	none	_	_	_	_	_	_
2-9	TO071	2	2	9	quest'	quest'	_	_	_	_	_	linguistic	_	none	SpaceAfter=No	_	_	_	_	_
2-10	TO071	2	2	10	indagine	indagine	_	_	_	_	_	linguistic	_	none	_	End=7.909	_	_	_	_
3-0	TO071	3	3	0	ehm:::	ehm	_	_	_	_	_	linguistic	_	none	PauseAfter=Yes	Begin=7.909	2x3	_	_	_
3-1	TO071	3	3	1	{P}	{P}	_	_	_	_	_	shortpause	_	none	_	_	_	_	_	_
3-2	TO071	3	3	2	adesso	adesso	_	_	_	_	_	linguistic	_	none	_	_	_	_	_	_
3-3	TO071	3	3	3	ci	ci	_	_	_	_	_	linguistic	_	none	_	_	_	_	_	_
3-4	TO071	3	3	4	facciamo	facciamo	_	_	_	_	_	linguistic	_	none	_	_	_	_	_	_
3-5	TO071	3	3	5	una	una	_	_	_	_	_	linguistic	_	none	_	_	_	_	_	_
3-6	TO071	3	3	6	chiacchierata	chiacchierata	_	_	_	_	_	linguistic	_	none	PauseAfter=Yes	_	_	_	_	_
3-7	TO071	3	3	7	{P}	{P}	_	_	_	_	_	shortpause	_	none	_	_	_	_	_	_
3-8	TO071	3	3	8	sul	sul	_	_	_	_	_	linguistic	_	none	_	_	_	_	_	_
3-9	TO071	3	3	9	concetto	concetto	_	_	_	_	_	linguistic	_	none	_	_	_	_	_	_
3-10	TO071	3	3	10	di	di	_	_	_	_	_	linguistic	_	none	_	_	_	_	_	_
3-11	TO071	3	3	11	casa	casa	_	_	_	_	_	linguistic	_	none	PauseAfter=Yes	_	_	_	_	_
3-12	TO071	3	3	12	{P}	{P}	_	_	_	_	_	shortpause	_	none	_	_	_	_	_	_
3-13	TO071	3	3	13	okay?	okay	_	_	_	_	_	linguistic	_	none	Intonation=Rising	End=13.853	_	_	_	_
4-0	TO071	4	4	0	ma	ma	_	_	_	_	_	linguistic	_	none	_	Begin=13.853	_	_	_	_
4-1	TO071	4	4	1	non	non	_	_	_	_	_	linguistic	_	none	_	_	_	_	_	_
4-2	TO071	4	4	2	eh	eh	_	_	_	_	_	linguistic	_	none	_	_	_	_	_	_
4-3	TO071	4	4	3	astrattamente	astrattamente	_	_	_	_	_	linguistic	_	none	_	_	_	_	_	_
4-4	TO071	4	4	4	ti	ti	_	_	_	_	_	linguistic	_	none	_	_	_	_	_	_
4-5	TO071	4	4	5	chiederò	chiederò	_	_	_	_	_	linguistic	_	none	_	_	_	_	_	_
4-6	TO071	4	4	6	di	di	_	_	_	_	_	linguistic	_	none	_	_	_	_	_	_
4-7	TO071	4	4	7	parlare	parlare	_	_	_	_	_	linguistic	_	none	_	_	_	_	_	_
4-8	TO071	4	4	8	delle	delle	_	_	_	_	_	linguistic	_	none	_	_	_	_	_	_
4-9	TO071	4	4	9	tue	tue	_	_	_	_	_	linguistic	_	none	_	_	_	_	_	_
4-10	TO071	4	4	10	case	case	_	_	_	_	_	linguistic	_	none	PauseAfter=Yes	_	_	_	_	_
4-11	TO071	4	4	11	{P}	{P}	_	_	_	_	_	shortpause	_	none	_	_	_	_	_	_
4-12	TO071	4	4	12	okay?	okay	_	_	_	_	_	linguistic	_	none	Intonation=Rising	End=18.25	_	_	_	_
5-0	TO071	5	5	0	puoi	puoi	_	_	_	_	_	linguistic	_	none	_	Begin=18.268	_	_	_	_
5-1	TO071	5	5	1	parire::	parire	_	_	_	_	_	linguistic	_	none	_	_	5x2	_	_	_
5-2	TO071	5	5	2	da	da	_	_	_	_	_	linguistic	_	none	_	_	_	_	_	_
5-3	TO071	5	5	3	quello	quello	_	_	_	_	_	linguistic	_	none	_	_	_	_	_	_
5-4	TO071	5	5	4	che	che	_	_	_	_	_	linguistic	_	none	_	_	_	_	_	_
5-5	TO071	5	5	5	ti	ti	_	_	_	_	_	linguistic	_	none	_	_	_	_	_	_
5-6	TO071	5	5	6	pare	pare	_	_	_	_	_	linguistic	_	none	PauseAfter=Yes	_	_	_	_	_
5-7	TO071	5	5	7	{P}	{P}	_	_	_	_	_	shortpause	_	none	_	_	_	_	_	_
5-8	TO071	5	5	8	PERÒ	però	_	_	_	_	_	linguistic	_	none	PauseAfter=Yes|Volume=high	_	_	_	_	_
5-9	TO071	5	5	9	{P}	{P}	_	_	_	_	_	shortpause	_	none	_	_	_	_	_	_
5-10	TO071	5	5	10	io	io	_	_	_	_	_	linguistic	_	none	_	_	_	_	_	_
5-11	TO071	5	5	11	direi	direi	_	_	_	_	_	linguistic	_	none	_	_	_	_	_	_
5-12	TO071	5	5	12	che	che	_	_	_	_	_	linguistic	_	none	_	_	_	_	_	_
5-13	TO071	5	5	13	partiamo	partiamo	_	_	_	_	_	linguistic	_	none	_	_	_	_	_	_
5-14	TO071	5	5	14	dal	dal	_	_	_	_	_	linguistic	_	none	_	_	_	_	_	_
5-15	TO071	5	5	15	duemiladiciotto.	duemiladiciotto	_	_	_	_	_	linguistic	_	none	Intonation=Falling	End=24.85	_	_	_	_
6-0	TO071	6	6	0	(o)kay?	okay	_	_	_	_	_	linguistic	_	none	Intonation=Rising	Begin=24.85|End=25.32	_	_	0-1(0)	_
7-0	TO073	7	7	0	d'	d'	_	_	_	_	_	linguistic	_	none	SpaceAfter=No	Begin=25.32	_	_	_	_
7-1	TO073	7	7	1	accordo.	accordo	_	_	_	_	_	linguistic	_	none	Intonation=Falling	End=25.87	_	_	_	_
8-0	TO071	8	8	0	nel	nel	_	_	_	_	_	linguistic	_	none	_	Begin=26.042	_	_	_	_
8-1	TO071	8	8	1	duemiladiciotto	duemiladiciotto	_	_	_	_	_	linguistic	_	none	PauseAfter=Yes	_	_	_	_	_
8-2	TO071	8	8	2	{P}	{P}	_	_	_	_	_	shortpause	_	none	_	_	_	_	_	_
8-3	TO071	8	8	3	dove	dove	_	_	_	_	_	linguistic	_	none	_	_	_	_	_	_
8-4	TO071	8	8	4	hai	hai	_	_	_	_	_	linguistic	_	none	_	_	_	_	_	_
8-5	TO071	8	8	5	vissuto	vissuto	_	_	_	_	_	linguistic	_	none	PauseAfter=Yes	_	_	_	_	_
8-6	TO071	8	8	6	{P}	{P}	_	_	_	_	_	shortpause	_	none	_	_	_	_	_	_
8-7	TO071	8	8	7	[quali	quali	_	_	_	_	_	linguistic	_	none	_	_	_	_	_	0-5(0)
8-8	TO071	8	8	8	sono]	sono	_	_	_	_	_	linguistic	_	none	_	_	_	_	_	0-4(0)
8-9	TO071	8	8	9	state	state	_	_	_	_	_	linguistic	_	none	_	_	_	_	_	_
8-10	TO071	8	8	10	o	o	_	_	_	_	_	linguistic	_	none	_	_	_	_	_	_
8-11	TO071	8	8	11	qualè	qualè	_	_	_	_	_	linguistic	_	none	_	_	_	_	_	_
8-12	TO071	8	8	12	stata	stata	_	_	_	_	_	linguistic	_	none	_	_	_	_	_	_
8-13	TO071	8	8	13	la	la	_	_	_	_	_	linguistic	_	none	_	_	_	_	_	_
8-14	TO071	8	8	14	tua	tua	_	_	_	_	_	linguistic	_	none	_	_	_	_	_	_
8-15	TO071	8	8	15	casa	casa	_	_	_	_	_	linguistic	_	none	_	_	_	_	_	_
8-16	TO071	8	8	16	nel	nel	_	_	_	_	_	linguistic	_	none	_	_	_	_	_	_
8-17	TO071	8	8	17	duemiladiciotto	duemiladiciotto	_	_	_	_	_	linguistic	_	none	_	End=32.13	_	_	_	_
9-0	TO073	9	9	0	[d'	d'	_	_	_	_	_	linguistic	_	none	SpaceAfter=No	Begin=28.726	_	_	_	0-2(0)
9-1	TO073	9	9	1	accordo].	accordo	_	_	_	_	_	linguistic	_	none	Intonation=Falling	End=29.666	_	_	_	0-7(0)
10-0	TO073	10	10	0	allora	allora	_	_	_	_	_	linguistic	_	none	PauseAfter=Yes	Begin=32.15	_	_	_	_
10-1	TO073	10	10	1	{P}	{P}	_	_	_	_	_	shortpause	_	none	_	_	_	_	_	_
10-2	TO073	10	10	2	dunque	dunque	_	_	_	_	_	linguistic	_	none	_	End=34.146	_	_	_	_
11-0	TO073	11	11	0	<e:hm	ehm	_	_	_	_	_	linguistic	_	none	PauseAfter=Yes	Begin=34.146	0x1	Slow=0-3(0)	_	_
11-1	TO073	11	11	1	{P}	{P}	_	_	_	_	_	shortpause	_	none	_	_	_	Slow=0-3(0)	_	_
11-2	TO073	11	11	2	la:	la	_	_	_	_	_	linguistic	_	none	_	_	1x1	Slow=0-2(0)	_	_
11-3	TO073	11	11	3	il	il	_	_	_	_	_	linguistic	_	none	_	_	_	Slow=0-2(0)	_	_
11-4	TO073	11	11	4	mio	mio	_	_	_	_	_	linguistic	_	none	_	_	_	Slow=0-3(0)	_	_
11-5	TO073	11	11	5	concetto	concetto	_	_	_	_	_	linguistic	_	none	_	_	_	Slow=0-8(0)	_	_
11-6	TO073	11	11	6	di	di	_	_	_	_	_	linguistic	_	none	_	_	_	Slow=0-2(0)	_	_
11-7	TO073	11	11	7	casa	casa	_	_	_	_	_	linguistic	_	none	_	_	_	Slow=0-4(0)	_	_
11-8	TO073	11	11	8	è	è	_	_	_	_	_	linguistic	_	none	_	_	_	Slow=0-1(0)	_	_
11-9	TO073	11	11	9	un	un	_	_	_	_	_	linguistic	_	none	_	_	_	Slow=0-2(0)	_	_
11-10	TO073	11	11	10	concetto	concetto	_	_	_	_	_	linguistic	_	none	_	_	_	Slow=0-8(0)	_	_
11-11	TO073	11	11	11	un	un	_	_	_	_	_	linguistic	_	none	_	_	_	Slow=0-2(0)	_	_
11-12	TO073	11	11	12	po'	po'	_	_	_	_	_	linguistic	_	none	PauseAfter=Yes	_	_	Slow=0-3(0)	_	_
11-13	TO073	11	11	13	{P}	{P}	_	_	_	_	_	shortpause	_	none	_	_	_	Slow=0-3(0)	_	_
11-14	TO073	11	11	14	strano	strano	_	_	_	_	_	linguistic	_	none	_	_	_	Slow=0-6(0)	_	_
11-15	TO073	11	11	15	nel	nel	_	_	_	_	_	linguistic	_	none	_	_	_	Slow=0-3(0)	_	_
11-16	TO073	11	11	16	senso	senso	_	_	_	_	_	linguistic	_	none	_	_	_	Slow=0-5(0)	_	_
11-17	TO073	11	11	17	che:>	che	_	_	_	_	_	linguistic	_	none	_	End=41.248	2x1	Slow=0-3(0)	_	_
12-0	TO073	12	12	0	eh	eh	_	_	_	_	_	linguistic	_	none	PauseAfter=Yes	Begin=41.495	_	_	_	_
12-1	TO073	12	12	1	{P}	{P}	_	_	_	_	_	shortpause	_	none	_	_	_	_	_	_
12-2	TO073	12	12	2	io	io	_	_	_	_	_	linguistic	_	none	_	_	_	_	_	_
12-3	TO073	12	12	3	vivo	vivo	_	_	_	_	_	linguistic	_	none	PauseAfter=Yes	_	_	_	_	_
12-4	TO073	12	12	4	{P}	{P}	_	_	_	_	_	shortpause	_	none	_	_	_	_	_	_
12-5	TO073	12	12	5	m:h	mh	_	_	_	_	_	linguistic	_	none	PauseAfter=Yes	_	0x1	_	_	_
12-6	TO073	12	12	6	{P}	{P}	_	_	_	_	_	shortpause	_	none	_	_	_	_	_	_
12-7	TO073	12	12	7	con	con	_	_	_	_	_	linguistic	_	none	_	_	_	_	_	_
12-8	TO073	12	12	8	mia	mia	_	_	_	_	_	linguistic	_	none	_	_	_	_	_	_
12-9	TO073	12	12	9	mamma	mamma	_	_	_	_	_	linguistic	_	none	_	End=46.114	_	_	_	_
13-0	TO071	13	13	0	ah	ah	_	_	_	_	_	linguistic	_	none	_	Begin=46.122	_	_	_	_
13-1	TO071	13	13	1	ah	ah	_	_	_	_	_	linguistic	_	none	_	End=46.633	_	_	_	_
14-0	TO073	14	14	0	e::h	eh	_	_	_	_	_	linguistic	_	none	_	Begin=46.639	0x2	_	_	_
14-1	TO073	14	14	1	a	a	_	_	_	_	_	linguistic	_	none	_	_	_	_	_	_
14-2	TO073	14	14	2	@nomepaese	@nomepaese	_	_	_	_	_	anonymized	_	none	PauseAfter=Yes	_	_	_	_	_
14-3	TO073	14	14	3	{P}	{P}	_	_	_	_	_	shortpause	_	none	_	_	_	_	_	_
14-4	TO073	14	14	4	che	che	_	_	_	_	_	linguistic	_	none	_	_	_	_	_	_
14-5	TO073	14	14	5	è	è	_	_	_	_	_	linguistic	_	none	_	_	_	_	_	_
14-6	TO073	14	14	6	un	un	_	_	_	_	_	linguistic	_	none	PauseAfter=Yes	_	_	_	_	_
14-7	TO073	14	14	7	{P}	{P}	_	_	_	_	_	shortpause	_	none	_	_	_	_	_	_
14-8	TO073	14	14	8	paese	paese	_	_	_	_	_	linguistic	_	none	_	_	_	_	_	_
14-9	TO073	14	14	9	in	in	_	_	_	_	_	linguistic	_	none	_	_	_	_	_	_
14-10	TO073	14	14	10	provincia	provincia	_	_	_	_	_	linguistic	_	none	_	_	_	_	_	_
14-11	TO073	14	14	11	di	di	_	_	_	_	_	linguistic	_	none	_	_	_	_	_	_
14-12	TO073	14	14	12	torino	torino	_	_	_	_	_	linguistic	_	none	_	End=50.653	_	_	_	_
15-0	TO073	15	15	0	eh	eh	_	_	_	_	_	linguistic	_	none	_	Begin=51.095	_	_	_	_
15-1	TO073	15	15	1	paesino	paesino	_	_	_	_	_	linguistic	_	none	_	_	_	_	_	_
15-2	TO073	15	15	2	di	di	_	_	_	_	_	linguistic	_	none	_	_	_	_	_	_
15-3	TO073	15	15	3	diecimila	diecimila	_	_	_	_	_	linguistic	_	none	_	_	_	_	_	_
15-4	TO073	15	15	4	abitanti	abitanti	_	_	_	_	_	linguistic	_	none	PauseAfter=Yes	_	_	_	_	_
15-5	TO073	15	15	5	{P}	{P}	_	_	_	_	_	shortpause	_	none	_	_	_	_	_	_
15-6	TO073	15	15	6	ehm	ehm	_	_	_	_	_	linguistic	_	none	PauseAfter=Yes	_	_	_	_	_
15-7	TO073	15	15	7	{P}	{P}	_	_	_	_	_	shortpause	_	none	_	_	_	_	_	_
15-8	TO073	15	15	8	che	che	_	_	_	_	_	linguistic	_	none	_	_	_	_	_	_
15-9	TO073	15	15	9	io	io	_	_	_	_	_	linguistic	_	none	_	_	_	_	_	_
15-10	TO073	15	15	10	detesto	detesto	_	_	_	_	_	linguistic	_	none	_	_	_	_	_	_
15-11	TO073	15	15	11	alla	alla	_	_	_	_	_	linguistic	_	none	_	_	_	_	_	_
15-12	TO073	15	15	12	follia	follia	_	_	_	_	_	linguistic	_	none	_	End=57.526	_	_	_	_
16-0	TO073	16	16	0	[eh]	eh	_	_	_	_	_	linguistic	_	none	_	Begin=57.534|End=58.291	_	_	_	0-2(1)
17-0	TO071	17	17	0	[e	e	_	_	_	_	_	linguistic	_	none	_	Begin=57.534	_	_	_	0-1(1)
17-1	TO071	17	17	1	perché]?	perché	_	_	_	_	_	linguistic	_	none	Intonation=Rising	End=58.291	_	_	_	0-6(1)
18-0	TO073	18	18	0	perché	perché	_	_	_	_	_	linguistic	_	none	PauseAfter=Yes	Begin=58.677	_	_	_	_
18-1	TO073	18	18	1	{P}	{P}	_	_	_	_	_	shortpause	_	none	_	_	_	_	_	_
18-2	TO073	18	18	2	non	non	_	_	_	_	_	linguistic	_	none	_	_	_	_	_	_
18-3	TO073	18	18	3	mi	mi	_	_	_	_	_	linguistic	_	none	_	_	_	_	_	_
18-4	TO073	18	18	4	piace	piace	_	_	_	_	_	linguistic	_	none	_	_	_	_	_	_
18-5	TO073	18	18	5	per	per	_	_	_	_	_	linguistic	_	none	_	_	_	_	_	_
18-6	TO073	18	18	6	nulla	nulla	_	_	_	_	_	linguistic	_	none	_	_	_	_	_	_
18-7	TO073	18	18	7	la	la	_	_	_	_	_	linguistic	_	none	_	_	_	_	_	_
18-8	TO073	18	18	8	realtà	realtà	_	_	_	_	_	linguistic	_	none	PauseAfter=Yes	_	_	_	_	_
18-9	TO073	18	18	9	{P}	{P}	_	_	_	_	_	shortpause	_	none	_	_	_	_	_	_
18-10	TO073	18	18	10	eh	eh	_	_	_	_	_	linguistic	_	none	_	_	_	_	_	_
18-11	TO073	18	18	11	aggettivopaese	aggettivopaese	_	_	_	_	_	linguistic	_	none	_	_	_	_	_	_
18-12	TO073	18	18	12	perché	perché	_	_	_	_	_	linguistic	_	none	_	_	_	_	_	_
18-13	TO073	18	18	13	non	non	_	_	_	_	_	linguistic	_	none	_	_	_	_	_	_
18-14	TO073	18	18	14	è	è	_	_	_	_	_	linguistic	_	none	_	_	_	_	_	_
18-15	TO073	18	18	15	stimolante	stimolante	_	_	_	_	_	linguistic	_	none	PauseAfter=Yes	_	_	_	_	_
18-16	TO073	18	18	16	{P}	{P}	_	_	_	_	_	shortpause	_	none	_	_	_	_	_	_
18-17	TO073	18	18	17	e:h	eh	_	_	_	_	_	linguistic	_	none	_	End=68.25	0x1	_	_	_
19-0	TO073	19	19	0	né	né	_	_	_	_	_	linguistic	_	none	_	Begin=68.589	_	_	_	_
19-1	TO073	19	19	1	per	per	_	_	_	_	_	linguistic	_	none	_	_	_	_	_	_
19-2	TO073	19	19	2	i	i	_	_	_	_	_	linguistic	_	none	_	_	_	_	_	_
19-3	TO073	19	19	3	giovani	giovani	_	_	_	_	_	linguistic	_	none	_	_	_	_	_	_
19-4	TO073	19	19	4	né	né	_	_	_	_	_	linguistic	_	none	_	_	_	_	_	_
19-5	TO073	19	19	5	per	per	_	_	_	_	_	linguistic	_	none	_	_	_	_	_	_
19-6	TO073	19	19	6	gli	gli	_	_	_	_	_	linguistic	_	none	_	_	_	_	_	_
19-7	TO073	19	19	7	adulti	adulti	_	_	_	_	_	linguistic	_	none	_	_	_	_	_	_
19-8	TO073	19	19	8	secondo	secondo	_	_	_	_	_	linguistic	_	none	_	_	_	_	_	_
19-9	TO073	19	19	9	me	me	_	_	_	_	_	linguistic	_	none	_	End=71.42	_	_	_	_
20-0	TO073	20	20	0	non	non	_	_	_	_	_	linguistic	_	none	_	Begin=71.528	_	_	_	_
20-1	TO073	20	20	1	è	è	_	_	_	_	_	linguistic	_	none	_	_	_	_	_	_
20-2	TO073	20	20	2	stimolante	stimolante	_	_	_	_	_	linguistic	_	none	_	_	_	_	_	_
20-3	TO073	20	20	3	dal	dal	_	_	_	_	_	linguistic	_	none	_	_	_	_	_	_
20-4	TO073	20	20	4	punto	punto	_	_	_	_	_	linguistic	_	none	_	_	_	_	_	_
20-5	TO073	20	20	5	di	di	_	_	_	_	_	linguistic	_	none	_	_	_	_	_	_
20-6	TO073	20	20	6	vista	vista	_	_	_	_	_	linguistic	_	none	PauseAfter=Yes	_	_	_	_	_
20-7	TO073	20	20	7	{P}	{P}	_	_	_	_	_	shortpause	_	none	_	_	_	_	_	_
20-8	TO073	20	20	8	mh	mh	_	_	_	_	_	linguistic	_	none	_	_	_	_	_	_
20-9	TO073	20	20	9	né	né	_	_	_	_	_	linguistic	_	none	_	_	_	_	_	_
20-10	TO073	20	20	10	del:	del	_	_	_	_	_	linguistic	_	none	_	End=75.92	2x1	_	_	_
21-0	TO073	21	21	0	mh	mh	_	_	_	_	_	linguistic	_	none	_	Begin=75.974	_	_	_	_
21-1	TO073	21	21	1	divertimento	divertimento	_	_	_	_	_	linguistic	_	none	_	_	_	_	_	_
21-2	TO073	21	21	2	delle	delle	_	_	_	_	_	linguistic	_	none	_	_	_	_	_	_
21-3	TO073	21	21	3	possibili	possibili	_	_	_	_	_	linguistic	_	none	_	_	_	_	_	_
21-4	TO073	21	21	4	cose	cose	_	_	_	_	_	linguistic	_	none	_	_	_	_	_	_
21-5	TO073	21	21	5	da	da	_	_	_	_	_	linguistic	_	none	_	_	_	_	_	_
21-6	TO073	21	21	6	fare	fare	_	_	_	_	_	linguistic	_	none	PauseAfter=Yes	_	_	_	_	_
21-7	TO073	21	21	7	{P}	{P}	_	_	_	_	_	shortpause	_	none	_	_	_	_	_	_
21-8	TO073	21	21	8	e	e	_	_	_	_	_	linguistic	_	none	_	_	_	_	_	_
21-9	TO073	21	21	9	tantomeno	tantomeno	_	_	_	_	_	linguistic	_	none	_	_	_	_	_	_
21-10	TO073	21	21	10	dal	dal	_	_	_	_	_	linguistic	_	none	_	_	_	_	_	_
21-11	TO073	21	21	11	punto	punto	_	_	_	_	_	linguistic	_	none	_	_	_	_	_	_
21-12	TO073	21	21	12	di	di	_	_	_	_	_	linguistic	_	none	_	_	_	_	_	_
21-13	TO073	21	21	13	vista	vista	_	_	_	_	_	linguistic	_	none	_	_	_	_	_	_
21-14	TO073	21	21	14	culturale	culturale	_	_	_	_	_	linguistic	_	none	_	_	_	_	_	_
21-15	TO073	21	21	15	anzi	anzi	_	_	_	_	_	linguistic	_	none	_	_	_	_	_	_
21-16	TO073	21	21	16	è	è	_	_	_	_	_	linguistic	_	none	_	_	_	_	_	_
21-17	TO073	21	21	17	un	un	_	_	_	_	_	linguistic	_	none	PauseAfter=Yes	_	_	_	_	_
21-18	TO073	21	21	18	{P}	{P}	_	_	_	_	_	shortpause	_	none	_	_	_	_	_	_
21-19	TO073	21	21	19	[covo	covo	_	_	_	_	_	linguistic	_	none	_	_	_	_	_	0-4(2)
21-20	TO073	21	21	20	di	di	_	_	_	_	_	linguistic	_	none	_	_	_	_	_	0-2(2)
21-21	TO073	21	21	21	ignoranza	ignoranza	_	_	_	_	_	linguistic	_	none	_	_	_	_	_	0-9(2)
21-22	TO073	21	21	22	sì]	sì	_	_	_	_	_	linguistic	_	none	_	End=85.11	_	_	_	0-2(2)
22-0	TO071	22	22	0	[un	un	_	_	_	_	_	linguistic	_	none	_	Begin=82.349	_	_	_	0-2(2)
22-1	TO071	22	22	1	po'	po'	_	_	_	_	_	linguistic	_	none	_	_	_	_	_	0-3(2)
22-2	TO071	22	22	2	provinciale	provinciale	_	_	_	_	_	linguistic	_	none	_	_	_	_	_	0-11(2)
22-3	TO071	22	22	3	insomma	insomma	_	_	_	_	_	linguistic	_	none	PauseAfter=Yes	_	_	_	_	0-7(2)
22-4	TO071	22	22	4	{P}	{P}	_	_	_	_	_	shortpause	_	none	_	_	_	_	_	0-3(2)
22-5	TO071	22	22	5	ah]	ah	_	_	_	_	_	linguistic	_	none	_	End=85.115	_	_	_	0-2(2)
23-0	TO073	23	23	0	tremendo	tremendo	_	_	_	_	_	linguistic	_	none	_	Begin=85.115|End=85.79	_	_	_	_
24-0	TO073	24	24	0	ehm:::	ehm	_	_	_	_	_	linguistic	_	none	PauseAfter=Yes	Begin=85.79	2x3	_	_	_
24-1	TO073	24	24	1	{P}	{P}	_	_	_	_	_	shortpause	_	none	_	_	_	_	_	_
24-2	TO073	24	24	2	poi	poi	_	_	_	_	_	linguistic	_	none	_	_	_	_	_	_
24-3	TO073	24	24	3	vabbè	vabbè	_	_	_	_	_	linguistic	_	none	_	_	_	_	_	_
24-4	TO073	24	24	4	devo	devo	_	_	_	_	_	linguistic	_	none	_	_	_	_	_	_
24-5	TO073	24	24	5	dire	dire	_	_	_	_	_	linguistic	_	none	_	_	_	_	_	_
24-6	TO073	24	24	6	che	che	_	_	_	_	_	linguistic	_	none	_	_	_	_	_	_
24-7	TO073	24	24	7	negli	negli	_	_	_	_	_	linguistic	_	none	_	_	_	_	_	_
24-8	TO073	24	24	8	ultimi	ultimi	_	_	_	_	_	linguistic	_	none	_	_	_	_	_	_
24-9	TO073	24	24	9	anni	anni	_	_	_	_	_	linguistic	_	none	PauseAfter=Yes	_	_	_	_	_
24-10	TO073	24	24	10	{P}	{P}	_	_	_	_	_	shortpause	_	none	_	_	_	_	_	_
24-11	TO073	24	24	11	grazie	grazie	_	_	_	_	_	linguistic	_	none	_	_	_	_	_	_
24-12	TO073	24	24	12	alla	alla	_	_	_	_	_	linguistic	_	none	_	_	_	_	_	_
24-13	TO073	24	24	13	mh	mh	_	_	_	_	_	linguistic	_	none	_	End=92.25	_	_	_	_
25-0	TO073	25	25	0	>alla	alla	_	_	_	_	_	linguistic	_	none	_	Begin=92.25	_	_	_	_
25-1	TO073	25	25	1	candidatura	candidatura	_	_	_	_	_	linguistic	_	none	_	_	_	_	_	_
25-2	TO073	25	25	2	del	del	_	_	_	_	_	linguistic	_	none	_	_	_	_	_	_
25-3	TO073	25	25	3	nuovo	nuovo	_	_	_	_	_	linguistic	_	none	_	_	_	_	_	_
25-4	TO073	25	25	4	sindaco	sindaco	_	_	_	_	_	linguistic	_	none	_	_	_	_	_	_
25-5	TO073	25	25	5	le	le	_	_	_	_	_	linguistic	_	none	_	_	_	_	_	_
25-6	TO073	25	25	6	cose	cose	_	_	_	_	_	linguistic	_	none	PauseAfter=Yes	_	_	_	_	_
25-7	TO073	25	25	7	{P}	{P}	_	_	_	_	_	shortpause	_	none	_	_	_	_	_	_
25-8	TO073	25	25	8	so~	so~	_	_	_	_	_	linguistic	_	none	Interrupted=Yes	_	_	_	_	_
25-9	TO073	25	25	9	sono	sono	_	_	_	_	_	linguistic	_	none	_	_	_	_	_	_
25-10	TO073	25	25	10	iniziate	iniziate	_	_	_	_	_	linguistic	_	none	_	_	_	_	_	_
25-11	TO073	25	25	11	un	un	_	_	_	_	_	linguistic	_	none	_	_	_	_	_	_
25-12	TO073	25	25	12	pochino	pochino	_	_	_	_	_	linguistic	_	none	_	_	_	_	_	_
25-13	TO073	25	25	13	hanno	hanno	_	_	_	_	_	linguistic	_	none	_	_	_	_	_	_
25-14	TO073	25	25	14	iniziato	iniziato	_	_	_	_	_	linguistic	_	none	_	_	_	_	_	_
25-15	TO073	25	25	15	un	un	_	_	_	_	_	linguistic	_	none	_	_	_	_	_	_
25-16	TO073	25	25	16	pochino	pochino	_	_	_	_	_	linguistic	_	none	_	_	_	_	_	_
25-17	TO073	25	25	17	a	a	_	_	_	_	_	linguistic	_	none	_	_	_	_	_	_
25-18	TO073	25	25	18	cambiare	cambiare	_	_	_	_	_	linguistic	_	none	_	End=97.532	_	_	_	_
26-0	TO071	26	26	0	di	di	_	_	_	_	_	linguistic	_	none	_	Begin=97.55	_	_	_	_
26-1	TO071	26	26	1	dov'	dov'	_	_	_	_	_	linguistic	_	none	SpaceAfter=No	_	_	_	_	_
26-2	TO071	26	26	2	è	è	_	_	_	_	_	linguistic	_	none	_	_	_	_	_	_
26-3	TO071	26	26	3	il	il	_	_	_	_	_	linguistic	_	none	_	_	_	_	_	_
26-4	TO071	26	26	4	nuovo	nuovo	_	_	_	_	_	linguistic	_	none	_	_	_	_	_	_
26-5	TO071	26	26	5	sindaco,	sindaco	_	_	_	_	_	linguistic	_	none	Intonation=WeaklyRising	_	_	_	_	_
26-6	TO071	26	26	6	di	di	_	_	_	_	_	linguistic	_	none	_	_	_	_	_	_
26-7	TO071	26	26	7	che:	che	_	_	_	_	_	linguistic	_	none	_	End=100.219	2x1	_	_	_
27-0	TO073	27	27	0	eh	eh	_	_	_	_	_	linguistic	_	none	_	Begin=100.228	_	_	_	_
27-1	TO073	27	27	1	pi	pi	_	_	_	_	_	linguistic	_	none	_	_	_	_	_	_
27-2	TO073	27	27	2	di	di	_	_	_	_	_	linguistic	_	none	_	End=101.394	_	_	_	_
28-0	TO071	28	28	0	ah	ah	_	_	_	_	_	linguistic	_	none	_	Begin=101.409	_	_	_	_
28-1	TO071	28	28	1	okay	okay	_	_	_	_	_	linguistic	_	none	_	_	_	_	_	_
28-2	TO071	28	28	2	okay	okay	_	_	_	_	_	linguistic	_	none	_	_	_	_	_	_
28-3	TO071	28	28	3	[okay]	okay	_	_	_	_	_	linguistic	_	none	_	End=102.844	_	_	_	0-4(3)
29-0	TO073	29	29	0	[pi	pi	_	_	_	_	_	linguistic	_	none	_	Begin=102.316	_	_	_	0-2(3)
29-1	TO073	29	29	1	di]	di	_	_	_	_	_	linguistic	_	none	_	End=102.84	_	_	_	0-2(3)
30-0	TO073	30	30	0	e:hm	ehm	_	_	_	_	_	linguistic	_	none	_	Begin=102.9	0x1	_	_	_
30-1	TO073	30	30	1	>però	però	_	_	_	_	_	linguistic	_	none	_	_	_	Fast=0-4(0)	_	_
30-2	TO073	30	30	2	vabbè	vabbè	_	_	_	_	_	linguistic	_	none	_	_	_	Fast=0-5(0)	_	_
30-3	TO073	30	30	3	la	la	_	_	_	_	_	linguistic	_	none	_	_	_	Fast=0-2(0)	_	_
30-4	TO073	30	30	4	sua	sua	_	_	_	_	_	linguistic	_	none	_	_	_	Fast=0-3(0)	_	_
30-5	TO073	30	30	5	lista	lista	_	_	_	_	_	linguistic	_	none	_	_	_	Fast=0-5(0)	_	_
30-6	TO073	30	30	6	è	è	_	_	_	_	_	linguistic	_	none	_	_	_	Fast=0-1(0)	_	_
30-7	TO073	30	30	7	abbastanza	abbastanza	_	_	_	_	_	linguistic	_	none	_	_	_	Fast=0-10(0)	_	_
30-8	TO073	30	30	8	mista	mista	_	_	_	_	_	linguistic	_	none	_	_	_	Fast=0-5(0)	_	_
30-9	TO073	30	30	9	inso~	inso~	_	_	_	_	_	linguistic	_	none	Interrupted=Yes	_	_	Fast=0-5(0)	_	_
30-10	TO073	30	30	10	[c'	c'	_	_	_	_	_	linguistic	_	none	SpaceAfter=No	_	_	Fast=0-2(0)	_	0-2(4)
30-11	TO073	30	30	11	è	è	_	_	_	_	_	linguistic	_	none	_	_	_	Fast=0-1(0)	_	0-1(4)
30-12	TO073	30	30	12	un	un	_	_	_	_	_	linguistic	_	none	_	_	_	Fast=0-2(0)	_	0-2(4)
30-13	TO073	30	30	13	po'	po'	_	_	_	_	_	linguistic	_	none	_	_	_	Fast=0-3(0)	_	0-3(4)
30-14	TO073	30	30	14	di	di	_	_	_	_	_	linguistic	_	none	_	_	_	Fast=0-2(0)	_	0-2(4)
30-15	TO073	30	30	15	tutto	tutto	_	_	_	_	_	linguistic	_	none	_	_	_	Fast=0-5(0)	_	0-5(4)
30-16	TO073	30	30	16	all'	all'	_	_	_	_	_	linguistic	_	none	SpaceAfter=No	_	_	Fast=0-4(0)	_	0-4(4)
30-17	TO073	30	30	17	interno	interno	_	_	_	_	_	linguistic	_	none	_	_	_	Fast=0-7(0)	_	0-7(4)
30-18	TO073	30	30	18	della	della	_	_	_	_	_	linguistic	_	none	_	_	_	Fast=0-5(0)	_	0-5(4)
30-19	TO073	30	30	19	sua	sua	_	_	_	_	_	linguistic	_	none	_	_	_	Fast=0-3(0)	_	0-3(4)
30-20	TO073	30	30	20	lista]<	lista	_	_	_	_	_	linguistic	_	none	_	End=108.157	_	Fast=0-5(0)	_	0-4(4)
31-0	TO071	31	31	0	[chiaro	chiaro	_	_	_	_	_	linguistic	_	none	PauseAfter=Yes	Begin=105.842	_	_	_	0-6(4)
31-1	TO071	31	31	1	{P}	{P}	_	_	_	_	_	shortpause	_	none	_	_	_	_	_	0-3(4)
31-2	TO071	31	31	2	come	come	_	_	_	_	_	linguistic	_	none	_	_	_	_	_	0-4(4)
31-3	TO071	31	31	3	succede:	succede	_	_	_	_	_	linguistic	_	none	_	_	6x1	_	_	0-7(4)
31-4	TO071	31	31	4	(a)spetta]	aspetta	_	_	_	_	_	linguistic	_	none	_	End=108.15	_	_	0-1(0)	0-7(4)
32-0	???	32	32	0	(è	è	_	_	_	_	_	linguistic	_	none	_	Begin=111.33	_	_	0-1(0)	_
32-1	???	32	32	1	qui	qui	_	_	_	_	_	linguistic	_	none	_	_	_	_	0-3(0)	_
32-2	???	32	32	2	romana?)	romana	_	_	_	_	_	linguistic	_	none	Intonation=Rising	End=112.958	_	_	0-6(0)	_
33-0	TO071	33	33	0	eh	eh	_	_	_	_	_	linguistic	_	none	_	Begin=113.299	_	_	_	_
33-1	TO071	33	33	1	non	non	_	_	_	_	_	linguistic	_	none	_	_	_	_	_	_
33-2	TO071	33	33	2	che	che	_	_	_	_	_	linguistic	_	none	_	_	_	_	_	_
33-3	TO071	33	33	3	noi	noi	_	_	_	_	_	linguistic	_	none	_	_	_	_	_	_
33-4	TO071	33	33	4	sappiamo	sappiamo	_	_	_	_	_	linguistic	_	none	PauseAfter=Yes	_	_	_	_	_
33-5	TO071	33	33	5	{P}	{P}	_	_	_	_	_	shortpause	_	none	_	_	_	_	_	_
33-6	TO071	33	33	6	cioè	cioè	_	_	_	_	_	linguistic	_	none	_	_	_	_	_	_
33-7	TO071	33	33	7	siamo	siamo	_	_	_	_	_	linguistic	_	none	_	_	_	_	_	_
33-8	TO071	33	33	8	qui	qui	_	_	_	_	_	linguistic	_	none	_	_	_	_	_	_
33-9	TO071	33	33	9	da:	da	_	_	_	_	_	linguistic	_	none	PauseAfter=Yes	_	1x1	_	_	_
33-10	TO071	33	33	10	{P}	{P}	_	_	_	_	_	shortpause	_	none	_	_	_	_	_	_
33-11	TO071	33	33	11	cinque	cinque	_	_	_	_	_	linguistic	_	none	_	_	_	_	_	_
33-12	TO071	33	33	12	minuti	minuti	_	_	_	_	_	linguistic	_	none	_	_	_	_	_	_
33-13	TO071	33	33	13	e	e	_	_	_	_	_	linguistic	_	none	_	_	_	_	_	_
33-14	TO071	33	33	14	non	non	_	_	_	_	_	linguistic	_	none	_	_	_	_	_	_
33-15	TO071	33	33	15	c'	c'	_	_	_	_	_	linguistic	_	none	SpaceAfter=No	_	_	_	_	_
33-16	TO071	33	33	16	è	è	_	_	_	_	_	linguistic	_	none	_	_	_	_	_	_
33-17	TO071	33	33	17	nessuno	nessuno	_	_	_	_	_	linguistic	_	none	PauseAfter=Yes	_	_	_	_	_
33-18	TO071	33	33	18	{P}	{P}	_	_	_	_	_	shortpause	_	none	_	_	_	_	_	_
33-19	TO071	33	33	19	non	non	_	_	_	_	_	linguistic	_	none	_	_	_	_	_	_
33-20	TO071	33	33	20	c'	c'	_	_	_	_	_	linguistic	_	none	SpaceAfter=No	_	_	_	_	_
33-21	TO071	33	33	21	era	era	_	_	_	_	_	linguistic	_	none	_	_	_	_	_	_
33-22	TO071	33	33	22	nessuno.	nessuno	_	_	_	_	_	linguistic	_	none	Intonation=Falling	End=120.537	_	_	_	_
34-0	???	34	34	0	grazie	grazie	_	_	_	_	_	linguistic	_	none	_	Begin=121.88|End=122.45	_	_	_	_
35-0	TO071	35	35	0	però	però	_	_	_	_	_	linguistic	_	none	_	Begin=122.45	_	_	_	_
35-1	TO071	35	35	1	magari	magari	_	_	_	_	_	linguistic	_	none	_	_	_	_	_	_
35-2	TO071	35	35	2	sbagliamo	sbagliamo	_	_	_	_	_	linguistic	_	none	_	_	_	_	_	_
35-3	TO071	35	35	3	noi	noi	_	_	_	_	_	linguistic	_	none	_	_	_	_	_	_
35-4	TO071	35	35	4	eh	eh	_	_	_	_	_	linguistic	_	none	_	End=125.348	_	_	_	_
36-0	TO071	36	36	0	vai	vai	_	_	_	_	_	linguistic	_	none	_	Begin=132.539	_	_	_	_
36-1	TO071	36	36	1	vai	vai	_	_	_	_	_	linguistic	_	none	_	_	_	_	_	_
36-2	TO071	36	36	2	continua	continua	_	_	_	_	_	linguistic	_	none	_	_	_	_	_	_
36-3	TO071	36	36	3	conti[nua].	continua	_	_	_	_	_	linguistic	_	none	Intonation=Falling	End=133.983	_	_	_	5-8(5)
37-0	TO073	37	37	0	[okay]	okay	_	_	_	_	_	linguistic	_	none	_	Begin=133.407	_	_	_	0-4(5)
37-1	TO073	37	37	1	ehm	ehm	_	_	_	_	_	linguistic	_	none	_	_	_	_	_	_
37-2	TO073	37	37	2	>appunto	appunto	_	_	_	_	_	linguistic	_	none	_	_	_	Fast=0-7(0)	_	_
37-3	TO073	37	37	3	una	una	_	_	_	_	_	linguistic	_	none	_	_	_	Fast=0-3(0)	_	_
37-4	TO073	37	37	4	lista	lista	_	_	_	_	_	linguistic	_	none	_	_	_	Fast=0-5(0)	_	_
37-5	TO073	37	37	5	un	un	_	_	_	_	_	linguistic	_	none	_	_	_	Fast=0-2(0)	_	_
37-6	TO073	37	37	6	po'	po'	_	_	_	_	_	linguistic	_	none	_	_	_	Fast=0-3(0)	_	_
37-7	TO073	37	37	7	mista<	mista	_	_	_	_	_	linguistic	_	none	_	End=135.99	_	Fast=0-5(0)	_	_
38-0	TO073	38	38	0	ehm:	ehm	_	_	_	_	_	linguistic	_	none	PauseAfter=Yes	Begin=136.0	2x1	_	_	_
38-1	TO073	38	38	1	{P}	{P}	_	_	_	_	_	shortpause	_	none	_	_	_	_	_	_
38-2	TO073	38	38	2	quindi	quindi	_	_	_	_	_	linguistic	_	none	_	_	_	_	_	_
38-3	TO073	38	38	3	le	le	_	_	_	_	_	linguistic	_	none	_	_	_	_	_	_
38-4	TO073	38	38	4	cose	cose	_	_	_	_	_	linguistic	_	none	PauseAfter=Yes	_	_	_	_	_
38-5	TO073	38	38	5	{P}	{P}	_	_	_	_	_	shortpause	_	none	_	_	_	_	_	_
38-6	TO073	38	38	6	hanno	hanno	_	_	_	_	_	linguistic	_	none	_	_	_	_	_	_
38-7	TO073	38	38	7	iniziato	iniziato	_	_	_	_	_	linguistic	_	none	_	_	_	_	_	_
38-8	TO073	38	38	8	un	un	_	_	_	_	_	linguistic	_	none	_	_	_	_	_	_
38-9	TO073	38	38	9	pochino	pochino	_	_	_	_	_	linguistic	_	none	_	_	_	_	_	_
38-10	TO073	38	38	10	a	a	_	_	_	_	_	linguistic	_	none	_	_	_	_	_	_
38-11	TO073	38	38	11	cambiare	cambiare	_	_	_	_	_	linguistic	_	none	_	_	_	_	_	_
38-12	TO073	38	38	12	ma	ma	_	_	_	_	_	linguistic	_	none	PauseAfter=Yes	_	_	_	_	_
38-13	TO073	38	38	13	{P}	{P}	_	_	_	_	_	shortpause	_	none	_	_	_	_	_	_
38-14	TO073	38	38	14	mh	mh	_	_	_	_	_	linguistic	_	none	_	_	_	_	_	_
38-15	TO073	38	38	15	la	la	_	_	_	_	_	linguistic	_	none	_	_	_	_	_	_
38-16	TO073	38	38	16	mentalità	mentalità	_	_	_	_	_	linguistic	_	none	_	_	_	_	_	_
38-17	TO073	38	38	17	del	del	_	_	_	_	_	linguistic	_	none	_	_	_	_	_	_
38-18	TO073	38	38	18	aggettivopaese	aggettivopaese	_	_	_	_	_	linguistic	_	none	_	_	_	_	_	_
38-19	TO073	38	38	19	è	è	_	_	_	_	_	linguistic	_	none	_	_	_	_	_	_
38-20	TO073	38	38	20	abbastanza	abbastanza	_	_	_	_	_	linguistic	_	none	_	_	_	_	_	_
38-21	TO073	38	38	21	radicata	radicata	_	_	_	_	_	linguistic	_	none	_	End=143.975	_	_	_	_
39-0	TO073	39	39	0	poco	poco	_	_	_	_	_	linguistic	_	none	_	Begin=143.975	_	_	_	_
39-1	TO073	39	39	1	inclusiva	inclusiva	_	_	_	_	_	linguistic	_	none	PauseAfter=Yes	_	_	_	_	_
39-2	TO073	39	39	2	{P}	{P}	_	_	_	_	_	shortpause	_	none	_	_	_	_	_	_
39-3	TO073	39	39	3	verso	verso	_	_	_	_	_	linguistic	_	none	PauseAfter=Yes	_	_	_	_	_
39-4	TO073	39	39	4	{P}	{P}	_	_	_	_	_	shortpause	_	none	_	_	_	_	_	_
39-5	TO073	39	39	5	qualsiasi	qualsiasi	_	_	_	_	_	linguistic	_	none	_	_	_	_	_	_
39-6	TO073	39	39	6	cosa	cosa	_	_	_	_	_	linguistic	_	none	PauseAfter=Yes	_	_	_	_	_
39-7	TO073	39	39	7	{P}	{P}	_	_	_	_	_	shortpause	_	none	_	_	_	_	_	_
39-8	TO073	39	39	8	possa	possa	_	_	_	_	_	linguistic	_	none	_	_	_	_	_	_
39-9	TO073	39	39	9	essere	essere	_	_	_	_	_	linguistic	_	none	_	_	_	_	_	_
39-10	TO073	39	39	10	definita	definita	_	_	_	_	_	linguistic	_	none	_	_	_	_	_	_
39-11	TO073	39	39	11	nuova	nuova	_	_	_	_	_	linguistic	_	none	_	_	_	_	_	_
39-12	TO073	39	39	12	[o	o	_	_	_	_	_	linguistic	_	none	PauseAfter=Yes	_	_	_	_	0-1(6)
39-13	TO073	39	39	13	{P}	{P}	_	_	_	_	_	shortpause	_	none	_	_	_	_	_	0-3(6)
39-14	TO073	39	39	14	diversa]	diversa	_	_	_	_	_	linguistic	_	none	_	End=149.64	_	_	_	0-7(6)
40-0	TO071	40	40	0	[mh	mh	_	_	_	_	_	linguistic	_	none	_	Begin=147.975	_	_	_	0-2(6)
40-1	TO071	40	40	1	mh	mh	_	_	_	_	_	linguistic	_	none	_	_	_	_	_	0-2(6)
40-2	TO071	40	40	2	diversa]	diversa	_	_	_	_	_	linguistic	_	none	PauseAfter=Yes	_	_	_	_	0-7(6)
40-3	TO071	40	40	3	{P}	{P}	_	_	_	_	_	shortpause	_	none	_	_	_	_	_	_
40-4	TO071	40	40	4	chiaro	chiaro	_	_	_	_	_	linguistic	_	none	_	_	_	_	_	_
40-5	TO071	40	40	5	immagino	immagino	_	_	_	_	_	linguistic	_	none	_	End=150.5	_	_	_	_
41-0	TO073	41	41	0	e::hm	ehm	_	_	_	_	_	linguistic	_	none	_	Begin=150.498|End=151.679	0x2	_	_	_
42-0	TO073	42	42	0	e	e	_	_	_	_	_	linguistic	_	none	_	Begin=152.094	_	_	_	_
42-1	TO073	42	42	1	poi	poi	_	_	_	_	_	linguistic	_	none	PauseAfter=Yes	_	_	_	_	_
42-2	TO073	42	42	2	{P}	{P}	_	_	_	_	_	shortpause	_	none	_	_	_	_	_	_
42-3	TO073	42	42	3	diciamo	diciamo	_	_	_	_	_	linguistic	_	none	_	_	_	_	_	_
42-4	TO073	42	42	4	che	che	_	_	_	_	_	linguistic	_	none	PauseAfter=Yes	_	_	_	_	_
42-5	TO073	42	42	5	{P}	{P}	_	_	_	_	_	shortpause	_	none	_	_	_	_	_	_
42-6	TO073	42	42	6	il	il	_	_	_	_	_	linguistic	_	none	_	_	_	_	_	_
42-7	TO073	42	42	7	mio	mio	_	_	_	_	_	linguistic	_	none	_	_	_	_	_	_
42-8	TO073	42	42	8	rapporto	rapporto	_	_	_	_	_	linguistic	_	none	_	_	_	_	_	_
42-9	TO073	42	42	9	con:	con	_	_	_	_	_	linguistic	_	none	_	_	2x1	_	_	_
42-10	TO073	42	42	10	proprio	proprio	_	_	_	_	_	linguistic	_	none	_	_	_	_	_	_
42-11	TO073	42	42	11	casa	casa	_	_	_	_	_	linguistic	_	none	_	_	_	_	_	_
42-12	TO073	42	42	12	mia	mia	_	_	_	_	_	linguistic	_	none	_	_	_	_	_	_
42-13	TO073	42	42	13	mia	mia	_	_	_	_	_	linguistic	_	none	_	_	_	_	_	_
42-14	TO073	42	42	14	la	la	_	_	_	_	_	linguistic	_	none	_	_	_	_	_	_
42-15	TO073	42	42	15	casa	casa	_	_	_	_	_	linguistic	_	none	_	_	_	_	_	_
42-16	TO073	42	42	16	dove	dove	_	_	_	_	_	linguistic	_	none	_	_	_	_	_	_
42-17	TO073	42	42	17	sono	sono	_	_	_	_	_	linguistic	_	none	_	_	_	_	_	_
42-18	TO073	42	42	18	nata	nata	_	_	_	_	_	linguistic	_	none	_	End=158.03	_	_	_	_
43-0	TO073	43	43	0	non	non	_	_	_	_	_	linguistic	_	none	_	Begin=158.18	_	_	_	_
43-1	TO073	43	43	1	è	è	_	_	_	_	_	linguistic	_	none	_	_	_	_	_	_
43-2	TO073	43	43	2	dei	dei	_	_	_	_	_	linguistic	_	none	_	_	_	_	_	_
43-3	TO073	43	43	3	migliori	migliori	_	_	_	_	_	linguistic	_	none	PauseAfter=Yes	_	_	_	_	_
43-4	TO073	43	43	4	{P}	{P}	_	_	_	_	_	shortpause	_	none	_	_	_	_	_	_
43-5	TO073	43	43	5	[eh]	eh	_	_	_	_	_	linguistic	_	none	_	_	_	_	_	0-2(8)
43-6	TO073	43	43	6	perché:	perché	_	_	_	_	_	linguistic	_	none	_	_	5x1	_	_	_
43-7	TO073	43	43	7	mh	mh	_	_	_	_	_	linguistic	_	none	_	End=161.87	_	_	_	_
44-0	TO071	44	44	0	[mh	mh	_	_	_	_	_	linguistic	_	none	_	Begin=159.9	_	_	_	0-2(8)
44-1	TO071	44	44	1	mh]	mh	_	_	_	_	_	linguistic	_	none	_	End=160.453	_	_	_	0-2(8)
45-0	TO073	45	45	0	non	non	_	_	_	_	_	linguistic	_	none	_	Begin=162.185	_	_	_	_
45-1	TO073	45	45	1	la	la	_	_	_	_	_	linguistic	_	none	_	_	_	_	_	_
45-2	TO073	45	45	2	sento	sento	_	_	_	_	_	linguistic	_	none	_	_	_	_	_	_
45-3	TO073	45	45	3	mai	mai	_	_	_	_	_	linguistic	_	none	_	_	_	_	_	_
45-4	TO073	45	45	4	tanto	tanto	_	_	_	_	_	linguistic	_	none	_	_	_	_	_	_
45-5	TO073	45	45	5	casa	casa	_	_	_	_	_	linguistic	_	none	_	_	_	_	_	_
45-6	TO073	45	45	6	mia	mia	_	_	_	_	_	linguistic	_	none	PauseAfter=Yes	_	_	_	_	_
45-7	TO073	45	45	7	{P}	{P}	_	_	_	_	_	shortpause	_	none	_	_	_	_	_	_
45-8	TO073	45	45	8	eh	eh	_	_	_	_	_	linguistic	_	none	_	_	_	_	_	_
45-9	TO073	45	45	9	io	io	_	_	_	_	_	linguistic	_	none	_	_	_	_	_	_
45-10	TO073	45	45	10	ho	ho	_	_	_	_	_	linguistic	_	none	_	_	_	_	_	_
45-11	TO073	45	45	11	perso	perso	_	_	_	_	_	linguistic	_	none	_	_	_	_	_	_
45-12	TO073	45	45	12	il	il	_	_	_	_	_	linguistic	_	none	_	_	_	_	_	_
45-13	TO073	45	45	13	papà	papà	_	_	_	_	_	linguistic	_	none	PauseAfter=Yes	_	_	_	_	_
45-14	TO073	45	45	14	{P}	{P}	_	_	_	_	_	shortpause	_	none	_	_	_	_	_	_
45-15	TO073	45	45	15	[ehm]	ehm	_	_	_	_	_	linguistic	_	none	PauseAfter=Yes	_	_	_	_	0-3(9)
45-16	TO073	45	45	16	{P}	{P}	_	_	_	_	_	shortpause	_	none	_	_	_	_	_	_
45-17	TO073	45	45	17	quando	quando	_	_	_	_	_	linguistic	_	none	_	_	_	_	_	_
45-18	TO073	45	45	18	avevo	avevo	_	_	_	_	_	linguistic	_	none	_	_	_	_	_	_
45-19	TO073	45	45	19	quindici	quindici	_	_	_	_	_	linguistic	_	none	_	_	_	_	_	_
45-20	TO073	45	45	20	anni	anni	_	_	_	_	_	linguistic	_	none	_	_	_	_	_	_
45-21	TO073	45	45	21	anni	anni	_	_	_	_	_	linguistic	_	none	PauseAfter=Yes	_	_	_	_	_
45-22	TO073	45	45	22	{P}	{P}	_	_	_	_	_	shortpause	_	none	_	_	_	_	_	_
45-23	TO073	45	45	23	e	e	_	_	_	_	_	linguistic	_	none	ProsodicLink=Yes	_	_	_	_	_
45-24	TO073	45	45	24	mh	mh	_	_	_	_	_	linguistic	_	none	_	End=169.92	_	_	_	_
46-0	TO071	46	46	0	[mh	mh	_	_	_	_	_	linguistic	_	none	_	Begin=165.87	_	_	_	0-2(9)
46-1	TO071	46	46	1	mh]	mh	_	_	_	_	_	linguistic	_	none	_	End=166.6	_	_	_	0-2(9)
47-0	TO073	47	47	0	diciamo	diciamo	_	_	_	_	_	linguistic	_	none	_	Begin=170.171	_	_	_	_
47-1	TO073	47	47	1	che	che	_	_	_	_	_	linguistic	_	none	_	_	_	_	_	_
47-2	TO073	47	47	2	da	da	_	_	_	_	_	linguistic	_	none	_	_	_	_	_	_
47-3	TO073	47	47	3	lì	lì	_	_	_	_	_	linguistic	_	none	_	_	_	_	_	_
47-4	TO073	47	47	4	stare	stare	_	_	_	_	_	linguistic	_	none	_	_	_	_	_	_
47-5	TO073	47	47	5	in	in	_	_	_	_	_	linguistic	_	none	_	_	_	_	_	_
47-6	TO073	47	47	6	casa	casa	_	_	_	_	_	linguistic	_	none	_	_	_	_	_	_
47-7	TO073	47	47	7	n:~	n~	_	_	_	_	_	linguistic	_	none	Interrupted=Yes	_	0x1	_	_	_
47-8	TO073	47	47	8	non	non	_	_	_	_	_	linguistic	_	none	PauseAfter=Yes	_	_	_	_	_
47-9	TO073	47	47	9	{P}	{P}	_	_	_	_	_	shortpause	_	none	_	_	_	_	_	_
47-10	TO073	47	47	10	non	non	_	_	_	_	_	linguistic	_	none	_	_	_	_	_	_
47-11	TO073	47	47	11	è	è	_	_	_	_	_	linguistic	_	none	_	_	_	_	_	_
47-12	TO073	47	47	12	che	che	_	_	_	_	_	linguistic	_	none	_	_	_	_	_	_
47-13	TO073	47	47	13	mi	mi	_	_	_	_	_	linguistic	_	none	_	_	_	_	_	_
47-14	TO073	47	47	14	sia	sia	_	_	_	_	_	linguistic	_	none	_	_	_	_	_	_
47-15	TO073	47	47	15	mai:	mai	_	_	_	_	_	linguistic	_	none	PauseAfter=Yes	_	2x1	_	_	_
47-16	TO073	47	47	16	{P}	{P}	_	_	_	_	_	shortpause	_	none	_	_	_	_	_	_
47-17	TO073	47	47	17	piaciuto	piaciuto	_	_	_	_	_	linguistic	_	none	_	_	_	_	_	_
47-18	TO073	47	47	18	particolarme[nte]	particolarmente	_	_	_	_	_	linguistic	_	none	_	End=176.47	_	_	_	12-15(10)
48-0	TO071	48	48	0	[ah	ah	_	_	_	_	_	linguistic	_	none	_	Begin=175.89	_	_	_	0-2(10)
48-1	TO071	48	48	1	ah]	ah	_	_	_	_	_	linguistic	_	none	_	End=176.47	_	_	_	0-2(10)
49-0	TO073	49	49	0	>soprattutto	soprattutto	_	_	_	_	_	linguistic	_	none	_	Begin=176.47	_	Fast=0-11(0)	_	_
49-1	TO073	49	49	1	perché	perché	_	_	_	_	_	linguistic	_	none	_	_	_	Fast=0-6(0)	_	_
49-2	TO073	49	49	2	casa	casa	_	_	_	_	_	linguistic	_	none	_	_	_	Fast=0-4(0)	_	_
49-3	TO073	49	49	3	mia	mia	_	_	_	_	_	linguistic	_	none	_	_	_	Fast=0-3(0)	_	_
49-4	TO073	49	49	4	è	è	_	_	_	_	_	linguistic	_	none	_	_	_	Fast=0-1(0)	_	_
49-5	TO073	49	49	5	una	una	_	_	_	_	_	linguistic	_	none	_	_	_	Fast=0-3(0)	_	_
49-6	TO073	49	49	6	casa	casa	_	_	_	_	_	linguistic	_	none	_	_	_	Fast=0-4(0)	_	_
49-7	TO073	49	49	7	strutturata<	strutturata	_	_	_	_	_	linguistic	_	none	_	_	_	Fast=0-11(0)	_	_
49-8	TO073	49	49	8	in	in	_	_	_	_	_	linguistic	_	none	_	_	_	Slow=0-2(0)	_	_
49-9	TO073	49	49	9	ehm	ehm	_	_	_	_	_	linguistic	_	none	PauseAfter=Yes	_	_	Slow=0-3(0)	_	_
49-10	TO073	49	49	10	{P}	{P}	_	_	_	_	_	shortpause	_	none	_	_	_	Slow=0-3(0)	_	_
49-11	TO073	49	49	11	in	in	_	_	_	_	_	linguistic	_	none	_	_	_	Slow=0-2(0)	_	_
49-12	TO073	49	49	12	maniera	maniera	_	_	_	_	_	linguistic	_	none	_	_	_	Slow=0-7(0)	_	_
49-13	TO073	49	49	13	abbastanza	abbastanza	_	_	_	_	_	linguistic	_	none	_	_	_	Slow=0-10(0)	_	_
49-14	TO073	49	49	14	strana	strana	_	_	_	_	_	linguistic	_	none	_	_	_	Slow=0-6(0)	_	_
49-15	TO073	49	49	15	nel	nel	_	_	_	_	_	linguistic	_	none	_	_	_	Slow=0-3(0)	_	_
49-16	TO073	49	49	16	senso	senso	_	_	_	_	_	linguistic	_	none	_	_	_	Slow=0-5(0)	_	_
49-17	TO073	49	49	17	che	che	_	_	_	_	_	linguistic	_	none	PauseAfter=Yes	_	_	Slow=0-3(0)	_	_
49-18	TO073	49	49	18	{P}	{P}	_	_	_	_	_	shortpause	_	none	_	_	_	Slow=0-3(0)	_	_
49-19	TO073	49	49	19	eh	eh	_	_	_	_	_	linguistic	_	none	_	_	_	Slow=0-2(0)	_	_
49-20	TO073	49	49	20	>è	è	_	_	_	_	_	linguistic	_	none	_	_	_	Fast=0-1(1)	_	_
49-21	TO073	49	49	21	una	una	_	_	_	_	_	linguistic	_	none	_	_	_	Fast=0-3(1)	_	_
49-22	TO073	49	49	22	casa	casa	_	_	_	_	_	linguistic	_	none	_	_	_	Fast=0-4(1)	_	_
49-23	TO073	49	49	23	molto	molto	_	_	_	_	_	linguistic	_	none	_	_	_	Fast=0-5(1)	_	_
49-24	TO073	49	49	24	piccola<	piccola	_	_	_	_	_	linguistic	_	none	_	End=183.786	_	Fast=0-7(1)	_	_
50-0	TO073	50	50	0	>eh	eh	_	_	_	_	_	linguistic	_	none	_	Begin=183.786	_	Fast=0-2(0)	_	_
50-1	TO073	50	50	1	e	e	_	_	_	_	_	linguistic	_	none	_	_	_	Fast=0-1(0)	_	_
50-2	TO073	50	50	2	soprattutto	soprattutto	_	_	_	_	_	linguistic	_	none	_	_	_	Fast=0-11(0)	_	_
50-3	TO073	50	50	3	peve~	peve~	_	_	_	_	_	linguistic	_	none	Interrupted=Yes	_	_	Fast=0-5(0)	_	_
50-4	TO073	50	50	4	prevede	prevede	_	_	_	_	_	linguistic	_	none	_	_	_	Fast=0-7(0)	_	_
50-5	TO073	50	50	5	pochissimi	pochissimi	_	_	_	_	_	linguistic	_	none	_	_	_	Fast=0-10(0)	_	_
50-6	TO073	50	50	6	spazi	spazi	_	_	_	_	_	linguistic	_	none	_	_	_	Fast=0-5(0)	_	_
50-7	TO073	50	50	7	comuni	comuni	_	_	_	_	_	linguistic	_	none	_	_	_	Fast=0-6(0)	_	_
50-8	TO073	50	50	8	nel	nel	_	_	_	_	_	linguistic	_	none	_	_	_	Fast=0-3(0)	_	_
50-9	TO073	50	50	9	senso	senso	_	_	_	_	_	linguistic	_	none	_	_	_	Fast=0-5(0)	_	_
50-10	TO073	50	50	10	che	che	_	_	_	_	_	linguistic	_	none	_	_	_	Fast=0-3(0)	_	_
50-11	TO073	50	50	11	io	io	_	_	_	_	_	linguistic	_	none	_	_	_	Fast=0-2(0)	_	_
50-12	TO073	50	50	12	a	a	_	_	_	_	_	linguistic	_	none	_	_	_	Fast=0-1(0)	_	_
50-13	TO073	50	50	13	casa	casa	_	_	_	_	_	linguistic	_	none	_	_	_	Fast=0-4(0)	_	_
50-14	TO073	50	50	14	mia	mia	_	_	_	_	_	linguistic	_	none	_	_	_	Fast=0-3(0)	_	_
50-15	TO073	50	50	15	ho	ho	_	_	_	_	_	linguistic	_	none	_	_	_	Fast=0-2(0)	_	_
50-16	TO073	50	50	16	una	una	_	_	_	_	_	linguistic	_	none	_	_	_	Fast=0-3(0)	_	_
50-17	TO073	50	50	17	cucina<	cucina	_	_	_	_	_	linguistic	_	none	_	End=188.755	_	Fast=0-6(0)	_	_
51-0	TO073	51	51	0	ho:	ho	_	_	_	_	_	linguistic	_	none	PauseAfter=Yes	Begin=188.785	1x1	_	_	_
51-1	TO073	51	51	1	{P}	{P}	_	_	_	_	_	shortpause	_	none	_	_	_	_	_	_
51-2	TO073	51	51	2	il	il	_	_	_	_	_	linguistic	_	none	_	_	_	_	_	_
51-3	TO073	51	51	3	bagno	bagno	_	_	_	_	_	linguistic	_	none	PauseAfter=Yes	_	_	_	_	_
51-4	TO073	51	51	4	{P}	{P}	_	_	_	_	_	shortpause	_	none	_	_	_	_	_	_
51-5	TO073	51	51	5	la	la	_	_	_	_	_	linguistic	_	none	_	_	_	_	_	_
51-6	TO073	51	51	6	camera	camera	_	_	_	_	_	linguistic	_	none	_	_	_	_	_	_
51-7	TO073	51	51	7	di	di	_	_	_	_	_	linguistic	_	none	PauseAfter=Yes	_	_	_	_	_
51-8	TO073	51	51	8	{P}	{P}	_	_	_	_	_	shortpause	_	none	_	_	_	_	_	_
51-9	TO073	51	51	9	>che	che	_	_	_	_	_	linguistic	_	none	_	_	_	Fast=0-3(0)	_	_
51-10	TO073	51	51	10	era	era	_	_	_	_	_	linguistic	_	none	_	_	_	Fast=0-3(0)	_	_
51-11	TO073	51	51	11	dei	dei	_	_	_	_	_	linguistic	_	none	_	_	_	Fast=0-3(0)	_	_
51-12	TO073	51	51	12	miei	miei	_	_	_	_	_	linguistic	_	none	_	_	_	Fast=0-4(0)	_	_
51-13	TO073	51	51	13	genitori	genitori	_	_	_	_	_	linguistic	_	none	_	_	_	Fast=0-8(0)	_	_
51-14	TO073	51	51	14	ora	ora	_	_	_	_	_	linguistic	_	none	_	_	_	Fast=0-3(0)	_	_
51-15	TO073	51	51	15	è	è	_	_	_	_	_	linguistic	_	none	_	_	_	Fast=0-1(0)	_	_
51-16	TO073	51	51	16	di	di	_	_	_	_	_	linguistic	_	none	_	_	_	Fast=0-2(0)	_	_
51-17	TO073	51	51	17	mia	mia	_	_	_	_	_	linguistic	_	none	_	_	_	Fast=0-3(0)	_	_
51-18	TO073	51	51	18	mamma<	mamma	_	_	_	_	_	linguistic	_	none	PauseAfter=Yes	_	_	Fast=0-5(0)	_	_
51-19	TO073	51	51	19	{P}	{P}	_	_	_	_	_	shortpause	_	none	_	_	_	_	_	_
51-20	TO073	51	51	20	e	e	_	_	_	_	_	linguistic	_	none	_	_	_	_	_	_
51-21	TO073	51	51	21	camera	camera	_	_	_	_	_	linguistic	_	none	_	_	_	_	_	_
51-22	TO073	51	51	22	mia	mia	_	_	_	_	_	linguistic	_	none	_	End=194.353	_	_	_	_
52-0	TO073	52	52	0	che	che	_	_	_	_	_	linguistic	_	none	_	Begin=194.353	_	_	_	_
52-1	TO073	52	52	1	è	è	_	_	_	_	_	linguistic	_	none	_	_	_	_	_	_
52-2	TO073	52	52	2	sempre	sempre	_	_	_	_	_	linguistic	_	none	_	_	_	_	_	_
52-3	TO073	52	52	3	stata	stata	_	_	_	_	_	linguistic	_	none	_	_	_	_	_	_
52-4	TO073	52	52	4	una	una	_	_	_	_	_	linguistic	_	none	_	_	_	_	_	_
52-5	TO073	52	52	5	camera	camera	_	_	_	_	_	linguistic	_	none	_	_	_	_	_	_
52-6	TO073	52	52	6	un	un	_	_	_	_	_	linguistic	_	none	_	_	_	_	_	_
52-7	TO073	52	52	7	po'	po'	_	_	_	_	_	linguistic	_	none	_	_	_	_	_	_
52-8	TO073	52	52	8	adibita	adibita	_	_	_	_	_	linguistic	_	none	_	_	_	_	_	_
52-9	TO073	52	52	9	a	a	_	_	_	_	_	linguistic	_	none	_	_	_	_	_	_
52-10	TO073	52	52	10	tutto	tutto	_	_	_	_	_	linguistic	_	none	_	_	_	_	_	_
52-11	TO073	52	52	11	cioè	cioè	_	_	_	_	_	linguistic	_	none	_	_	_	_	_	_
52-12	TO073	52	52	12	la	la	_	_	_	_	_	linguistic	_	none	_	_	_	_	_	_
52-13	TO073	52	52	13	camera	camera	_	_	_	_	_	linguistic	_	none	_	_	_	_	_	_
52-14	TO073	52	52	14	dove	dove	_	_	_	_	_	linguistic	_	none	_	_	_	_	_	_
52-15	TO073	52	52	15	si	si	_	_	_	_	_	linguistic	_	none	_	_	_	_	_	_
52-16	TO073	52	52	16	stira	stira	_	_	_	_	_	linguistic	_	none	_	_	_	_	_	_
52-17	TO073	52	52	17	la	la	_	_	_	_	_	linguistic	_	none	_	_	_	_	_	_
52-18	TO073	52	52	18	camera	camera	_	_	_	_	_	linguistic	_	none	_	_	_	_	_	_
52-19	TO073	52	52	19	[dove	dove	_	_	_	_	_	linguistic	_	none	_	_	_	_	_	0-4(11)
52-20	TO073	52	52	20	c'	c'	_	_	_	_	_	linguistic	_	none	SpaceAfter=No	_	_	_	_	0-2(11)
52-21	TO073	52	52	21	è]	è	_	_	_	_	_	linguistic	_	none	PauseAfter=Yes	_	_	_	_	0-1(11)
52-22	TO073	52	52	22	{P}	{P}	_	_	_	_	_	shortpause	_	none	_	_	_	_	_	_
52-23	TO073	52	52	23	il	il	_	_	_	_	_	linguistic	_	none	_	_	_	_	_	_
52-24	TO073	52	52	24	divano	divano	_	_	_	_	_	linguistic	_	none	_	_	_	_	_	_
52-25	TO073	52	52	25	la	la	_	_	_	_	_	linguistic	_	none	_	_	_	_	_	_
52-26	TO073	52	52	26	camera	camera	_	_	_	_	_	linguistic	_	none	_	_	_	_	_	_
52-27	TO073	52	52	27	dove	dove	_	_	_	_	_	linguistic	_	none	PauseAfter=Yes	_	_	_	_	_
52-28	TO073	52	52	28	{P}	{P}	_	_	_	_	_	shortpause	_	none	_	_	_	_	_	_
52-29	TO073	52	52	29	ehm:	ehm	_	_	_	_	_	linguistic	_	none	_	End=201.85	2x1	_	_	_
53-0	TO071	53	53	0	[eh	eh	_	_	_	_	_	linguistic	_	none	_	Begin=198.05	_	_	_	0-2(11)
53-1	TO071	53	53	1	okay]	okay	_	_	_	_	_	linguistic	_	none	_	End=198.903	_	_	_	0-4(11)
54-0	TO073	54	54	0	dove	dove	_	_	_	_	_	linguistic	_	none	_	Begin=201.86	_	_	_	_
54-1	TO073	54	54	1	mh	mh	_	_	_	_	_	linguistic	_	none	_	_	_	_	_	_
54-2	TO073	54	54	2	c'	c'	_	_	_	_	_	linguistic	_	none	SpaceAfter=No	_	_	_	_	_
54-3	TO073	54	54	3	è	è	_	_	_	_	_	linguistic	_	none	_	_	_	_	_	_
54-4	TO073	54	54	4	l'	l'	_	_	_	_	_	linguistic	_	none	SpaceAfter=No	_	_	_	_	_
54-5	TO073	54	54	5	armadietto	armadietto	_	_	_	_	_	linguistic	_	none	_	_	_	_	_	_
54-6	TO073	54	54	6	con:	con	_	_	_	_	_	linguistic	_	none	PauseAfter=Yes	_	2x1	_	_	_
54-7	TO073	54	54	7	{P}	{P}	_	_	_	_	_	shortpause	_	none	_	_	_	_	_	_
54-8	TO073	54	54	8	gli	gli	_	_	_	_	_	linguistic	_	none	_	_	_	_	_	_
54-9	TO073	54	54	9	amari	amari	_	_	_	_	_	linguistic	_	none	_	_	_	_	_	_
54-10	TO073	54	54	10	e:	e	_	_	_	_	_	linguistic	_	none	_	_	0x1	_	_	_
54-11	TO073	54	54	11	gli	gli	_	_	_	_	_	linguistic	_	none	_	_	_	_	_	_
54-12	TO073	54	54	12	ammazzacaffè	ammazzacaffè	_	_	_	_	_	linguistic	_	none	PauseAfter=Yes	_	_	_	_	_
54-13	TO073	54	54	13	{P}	{P}	_	_	_	_	_	shortpause	_	none	_	_	_	_	_	_
54-14	TO073	54	54	14	eh	eh	_	_	_	_	_	linguistic	_	none	_	_	_	_	_	_
54-15	TO073	54	54	15	la	la	_	_	_	_	_	linguistic	_	none	_	_	_	_	_	1-2(12)
54-16	TO073	54	54	16	[camer~]	camer~	_	_	_	_	_	linguistic	_	none	Interrupted=Yes	End=206.962	_	_	_	0-5(12)
55-0	TO071	55	55	0	{ride}	{ride}	_	_	_	_	_	nonverbalbehavior	_	none	_	Begin=204.79	_	_	_	_
55-1	TO071	55	55	1	[(v)abbè	vabbè	_	_	_	_	_	linguistic	_	none	_	_	_	_	0-1(0)	0-5(12)
55-2	TO071	55	55	2	non]	non	_	_	_	_	_	linguistic	_	none	_	_	_	_	_	0-3(12)
55-3	TO071	55	55	3	è	è	_	_	_	_	_	linguistic	_	none	_	_	_	_	_	_
55-4	TO071	55	55	4	un	un	_	_	_	_	_	linguistic	_	none	_	_	_	_	_	_
55-5	TO071	55	55	5	male	male	_	_	_	_	_	linguistic	_	none	_	_	_	_	_	_
55-6	TO071	55	55	6	a	a	_	_	_	_	_	linguistic	_	none	_	_	_	_	_	_
55-7	TO071	55	55	7	tene'	tene'	_	_	_	_	_	linguistic	_	none	Truncated=Yes	_	_	_	_	_
55-8	TO071	55	55	8	gli	gli	_	_	_	_	_	linguistic	_	none	_	_	_	_	_	_
55-9	TO071	55	55	9	ammazzacaffè	ammazzacaffè	_	_	_	_	_	linguistic	_	none	_	_	_	_	_	_
55-10	TO071	55	55	10	in	in	_	_	_	_	_	linguistic	_	none	_	_	_	_	_	_
55-11	TO071	55	55	11	[cam(era)]	camera	_	_	_	_	_	linguistic	_	none	_	End=209.12	_	_	3-6(1)	0-6(13)
56-0	TO073	56	56	0	[no	no	_	_	_	_	_	linguistic	_	none	_	Begin=208.183	_	_	_	0-2(13)
56-1	TO073	56	56	1	per]	per	_	_	_	_	_	linguistic	_	none	_	_	_	_	_	0-3(13)
56-2	TO073	56	56	2	nulla	nulla	_	_	_	_	_	linguistic	_	none	_	_	_	_	_	_
56-3	TO073	56	56	3	quand~	quand~	_	_	_	_	_	linguistic	_	none	Interrupted=Yes	_	_	_	_	_
56-4	TO073	56	56	4	da	da	_	_	_	_	_	linguistic	_	none	_	_	_	_	_	_
56-5	TO073	56	56	5	quando	quando	_	_	_	_	_	linguistic	_	none	_	_	_	_	_	_
56-6	TO073	56	56	6	ho:	ho	_	_	_	_	_	linguistic	_	none	_	_	1x1	_	_	_
56-7	TO073	56	56	7	capito	capito	_	_	_	_	_	linguistic	_	none	_	_	_	_	_	_
56-8	TO073	56	56	8	che	che	_	_	_	_	_	linguistic	_	none	_	_	_	_	_	_
56-9	TO073	56	56	9	non	non	_	_	_	_	_	linguistic	_	none	_	_	_	_	_	_
56-10	TO073	56	56	10	fosse	fosse	_	_	_	_	_	linguistic	_	none	_	_	_	_	_	_
56-11	TO073	56	56	11	un	un	_	_	_	_	_	linguistic	_	none	_	_	_	_	_	_
56-12	TO073	56	56	12	male	male	_	_	_	_	_	linguistic	_	none	_	_	_	_	_	_
56-13	TO073	56	56	13	prima	prima	_	_	_	_	_	linguistic	_	none	_	_	_	_	_	_
56-14	TO073	56	56	14	che	che	_	_	_	_	_	linguistic	_	none	_	_	_	_	_	_
56-15	TO073	56	56	15	ero	ero	_	_	_	_	_	linguistic	_	none	_	_	_	_	_	_
56-16	TO073	56	56	16	una	una	_	_	_	_	_	linguistic	_	none	_	_	_	_	_	_
56-17	TO073	56	56	17	bam[bina]	bambina	_	_	_	_	_	linguistic	_	none	_	End=212.41	_	_	_	3-7(14)
57-0	TO071	57	57	0	[ah]	ah	_	_	_	_	_	linguistic	_	none	_	Begin=212.167	_	_	_	0-2(14)
57-1	TO071	57	57	1	okay	okay	_	_	_	_	_	linguistic	_	none	_	End=213.106	_	_	_	_
58-0	TO073	58	58	0	capisci	capisci	_	_	_	_	_	linguistic	_	none	_	Begin=213.106	_	_	_	_
58-1	TO073	58	58	1	che	che	_	_	_	_	_	linguistic	_	none	_	_	_	_	_	_
58-2	TO073	58	58	2	eh	eh	_	_	_	_	_	linguistic	_	none	_	_	_	_	_	_
58-3	TO073	58	58	3	questo	questo	_	_	_	_	_	linguistic	_	none	_	_	_	_	_	_
58-4	TO073	58	58	4	per	per	_	_	_	_	_	linguistic	_	none	_	_	_	_	_	_
58-5	TO073	58	58	5	me	me	_	_	_	_	_	linguistic	_	none	_	_	_	_	_	_
58-6	TO073	58	58	6	è	è	_	_	_	_	_	linguistic	_	none	_	_	_	_	_	_
58-7	TO073	58	58	7	tremendo	tremendo	_	_	_	_	_	linguistic	_	none	_	_	_	_	_	_
58-8	TO073	58	58	8	>nel	nel	_	_	_	_	_	linguistic	_	none	_	_	_	Fast=0-3(0)	_	_
58-9	TO073	58	58	9	senso	senso	_	_	_	_	_	linguistic	_	none	_	_	_	Fast=0-5(0)	_	_
58-10	TO073	58	58	10	che<	che	_	_	_	_	_	linguistic	_	none	_	End=215.878	_	Fast=0-3(0)	_	_
59-0	TO073	59	59	0	>può	può	_	_	_	_	_	linguistic	_	none	_	Begin=215.897	_	Fast=0-3(0)	_	_
59-1	TO073	59	59	1	sembrare	sembrare	_	_	_	_	_	linguistic	_	none	_	_	_	Fast=0-8(0)	_	_
59-2	TO073	59	59	2	strano	strano	_	_	_	_	_	linguistic	_	none	_	_	_	Fast=0-6(0)	_	_
59-3	TO073	59	59	3	ma	ma	_	_	_	_	_	linguistic	_	none	_	_	_	Fast=0-2(0)	_	_
59-4	TO073	59	59	4	per	per	_	_	_	_	_	linguistic	_	none	_	_	_	Fast=0-3(0)	_	_
59-5	TO073	59	59	5	me	me	_	_	_	_	_	linguistic	_	none	_	_	_	Fast=0-2(0)	_	_
59-6	TO073	59	59	6	la	la	_	_	_	_	_	linguistic	_	none	_	_	_	Fast=0-2(0)	_	_
59-7	TO073	59	59	7	violenza	violenza	_	_	_	_	_	linguistic	_	none	_	_	_	Fast=0-8(0)	_	_
59-8	TO073	59	59	8	psicologica	psicologica	_	_	_	_	_	linguistic	_	none	_	_	_	Fast=0-11(0)	_	_
59-9	TO073	59	59	9	più	più	_	_	_	_	_	linguistic	_	none	_	_	_	Fast=0-3(0)	_	_
59-10	TO073	59	59	10	grande	grande	_	_	_	_	_	linguistic	_	none	_	_	_	Fast=0-6(0)	_	_
59-11	TO073	59	59	11	che<	che	_	_	_	_	_	linguistic	_	none	PauseAfter=Yes	_	_	Fast=0-3(0)	_	_
59-12	TO073	59	59	12	{P}	{P}	_	_	_	_	_	shortpause	_	none	_	_	_	Slow=0-3(0)	_	_
59-13	TO073	59	59	13	>si	si	_	_	_	_	_	linguistic	_	none	_	_	_	Fast=0-2(1)	_	_
59-14	TO073	59	59	14	possa	possa	_	_	_	_	_	linguistic	_	none	_	_	_	Fast=0-5(1)	_	_
59-15	TO073	59	59	15	fare	fare	_	_	_	_	_	linguistic	_	none	_	_	_	Fast=0-4(1)	_	_
59-16	TO073	59	59	16	a	a	_	_	_	_	_	linguistic	_	none	_	_	_	Fast=0-1(1)	_	_
59-17	TO073	59	59	17	una	una	_	_	_	_	_	linguistic	_	none	_	_	_	Fast=0-3(1)	_	_
59-18	TO073	59	59	18	persona	persona	_	_	_	_	_	linguistic	_	none	_	_	_	Fast=0-7(1)	_	_
59-19	TO073	59	59	19	è	è	_	_	_	_	_	linguistic	_	none	_	_	_	Fast=0-1(1)	_	_
59-20	TO073	59	59	20	quella	quella	_	_	_	_	_	linguistic	_	none	_	_	_	Fast=0-6(1)	_	_
59-21	TO073	59	59	21	di	di	_	_	_	_	_	linguistic	_	none	_	_	_	Fast=0-2(1)	_	_
59-22	TO073	59	59	22	non<	non	_	_	_	_	_	linguistic	_	none	PauseAfter=Yes	_	_	Fast=0-3(1)	_	_
59-23	TO073	59	59	23	{P}	{P}	_	_	_	_	_	shortpause	_	none	_	_	_	_	_	_
59-24	TO073	59	59	24	definire	definire	_	_	_	_	_	linguistic	_	none	_	_	_	_	_	_
59-25	TO073	59	59	25	l'	l'	_	_	_	_	_	linguistic	_	none	SpaceAfter=No	_	_	_	_	_
59-26	TO073	59	59	26	identità	identità	_	_	_	_	_	linguistic	_	none	_	_	_	_	_	_
59-27	TO073	59	59	27	tra	tra	_	_	_	_	_	linguistic	_	none	_	_	_	_	_	_
59-28	TO073	59	59	28	quattro	quattro	_	_	_	_	_	linguistic	_	none	_	_	_	_	_	_
59-29	TO073	59	59	29	mura	mura	_	_	_	_	_	linguistic	_	none	PauseAfter=Yes	_	_	_	_	_
59-30	TO073	59	59	30	{P}	{P}	_	_	_	_	_	shortpause	_	none	_	_	_	_	_	_
59-31	TO073	59	59	31	[nel	nel	_	_	_	_	_	linguistic	_	none	_	_	_	_	_	0-3(15)
59-32	TO073	59	59	32	senso	senso	_	_	_	_	_	linguistic	_	none	_	_	_	_	_	0-5(15)
59-33	TO073	59	59	33	che]	che	_	_	_	_	_	linguistic	_	none	_	End=224.33	_	_	_	0-3(15)
60-0	TO071	60	60	0	[assolutamente]	assolutamente	_	_	_	_	_	linguistic	_	none	_	Begin=223.142|End=224.33	_	_	_	0-13(15)
61-0	TO073	61	61	0	ehm	ehm	_	_	_	_	_	linguistic	_	none	PauseAfter=Yes	Begin=224.33	_	_	_	_
61-1	TO073	61	61	1	{P}	{P}	_	_	_	_	_	shortpause	_	none	_	_	_	_	_	_
61-2	TO073	61	61	2	io	io	_	_	_	_	_	linguistic	_	none	_	_	_	_	_	_
61-3	TO073	61	61	3	mi	mi	_	_	_	_	_	linguistic	_	none	_	_	_	_	_	_
61-4	TO073	61	61	4	auspico	auspico	_	_	_	_	_	linguistic	_	none	_	_	_	_	_	_
61-5	TO073	61	61	5	quando	quando	_	_	_	_	_	linguistic	_	none	_	_	_	_	_	_
61-6	TO073	61	61	6	sarò	sarò	_	_	_	_	_	linguistic	_	none	_	_	_	_	_	_
61-7	TO073	61	61	7	grande	grande	_	_	_	_	_	linguistic	_	none	_	_	_	_	_	_
61-8	TO073	61	61	8	quando	quando	_	_	_	_	_	linguistic	_	none	_	_	_	_	_	_
61-9	TO073	61	61	9	avrò	avrò	_	_	_	_	_	linguistic	_	none	_	_	_	_	_	_
61-10	TO073	61	61	10	una	una	_	_	_	_	_	linguistic	_	none	_	_	_	_	_	_
61-11	TO073	61	61	11	casa	casa	_	_	_	_	_	linguistic	_	none	_	End=229.113	_	_	_	_
62-0	TO073	62	62	0	innanzitutto	innanzitutto	_	_	_	_	_	linguistic	_	none	_	Begin=229.113	_	_	_	_
62-1	TO073	62	62	1	di	di	_	_	_	_	_	linguistic	_	none	_	_	_	_	_	_
62-2	TO073	62	62	2	avere	avere	_	_	_	_	_	linguistic	_	none	_	_	_	_	_	_
62-3	TO073	62	62	3	una	una	_	_	_	_	_	linguistic	_	none	_	_	_	_	_	_
62-4	TO073	62	62	4	casa	casa	_	_	_	_	_	linguistic	_	none	_	_	_	_	_	_
62-5	TO073	62	62	5	con	con	_	_	_	_	_	linguistic	_	none	PauseAfter=Yes	_	_	_	_	_
62-6	TO073	62	62	6	{P}	{P}	_	_	_	_	_	shortpause	_	none	_	_	_	_	_	_
62-7	TO073	62	62	7	uno	uno	_	_	_	_	_	linguistic	_	none	_	_	_	_	_	_
62-8	TO073	62	62	8	spazio	spazio	_	_	_	_	_	linguistic	_	none	_	_	_	_	_	_
62-9	TO073	62	62	9	comune	comune	_	_	_	_	_	linguistic	_	none	_	_	_	_	_	_
62-10	TO073	62	62	10	grande	grande	_	_	_	_	_	linguistic	_	none	_	_	_	_	_	_
62-11	TO073	62	62	11	un	un	_	_	_	_	_	linguistic	_	none	_	_	_	_	_	_
62-12	TO073	62	62	12	divano	divano	_	_	_	_	_	linguistic	_	none	_	_	_	_	_	_
62-13	TO073	62	62	13	grande	grande	_	_	_	_	_	linguistic	_	none	_	_	_	_	_	_
62-14	TO073	62	62	14	dove	dove	_	_	_	_	_	linguistic	_	none	_	_	_	_	_	_
62-15	TO073	62	62	15	ci	ci	_	_	_	_	_	linguistic	_	none	_	_	_	_	_	_
62-16	TO073	62	62	16	possono	possono	_	_	_	_	_	linguistic	_	none	_	_	_	_	_	_
62-17	TO073	62	62	17	stare	stare	_	_	_	_	_	linguistic	_	none	_	_	_	_	_	_
62-18	TO073	62	62	18	tante	tante	_	_	_	_	_	linguistic	_	none	_	_	_	_	_	_
62-19	TO073	62	62	19	persone	persone	_	_	_	_	_	linguistic	_	none	_	_	_	_	_	_
62-20	TO073	62	62	20	sedute	sedute	_	_	_	_	_	linguistic	_	none	_	End=235.279	_	_	_	_
63-0	TO073	63	63	0	di	di	_	_	_	_	_	linguistic	_	none	_	Begin=235.279	_	_	_	_
63-1	TO073	63	63	1	fronte	fronte	_	_	_	_	_	linguistic	_	none	PauseAfter=Yes	_	_	_	_	_
63-2	TO073	63	63	2	{P}	{P}	_	_	_	_	_	shortpause	_	none	_	_	_	_	_	_
63-3	TO073	63	63	3	alla	alla	_	_	_	_	_	linguistic	_	none	_	_	_	_	_	_
63-4	TO073	63	63	4	televisione	televisione	_	_	_	_	_	linguistic	_	none	_	_	_	_	_	_
63-5	TO073	63	63	5	che	che	_	_	_	_	_	linguistic	_	none	_	_	_	_	_	_
63-6	TO073	63	63	6	può	può	_	_	_	_	_	linguistic	_	none	_	_	_	_	_	_
63-7	TO073	63	63	7	esserci	esserci	_	_	_	_	_	linguistic	_	none	_	_	_	_	_	_
63-8	TO073	63	63	8	o	o	_	_	_	_	_	linguistic	_	none	_	_	_	_	_	_
63-9	TO073	63	63	9	può	può	_	_	_	_	_	linguistic	_	none	_	_	_	_	_	_
63-10	TO073	63	63	10	non	non	_	_	_	_	_	linguistic	_	none	_	_	_	_	_	_
63-11	TO073	63	63	11	esserci	esserci	_	_	_	_	_	linguistic	_	none	_	_	_	_	_	_
63-12	TO073	63	63	12	non	non	_	_	_	_	_	linguistic	_	none	_	_	_	_	_	_
63-13	TO073	63	63	13	la	la	_	_	_	_	_	linguistic	_	none	_	_	_	_	_	_
63-14	TO073	63	63	14	guardo	guardo	_	_	_	_	_	linguistic	_	none	_	_	_	_	_	_
63-15	TO073	63	63	15	mai	mai	_	_	_	_	_	linguistic	_	none	_	_	_	_	_	_
63-16	TO073	63	63	16	io	io	_	_	_	_	_	linguistic	_	none	_	_	_	_	_	_
63-17	TO073	63	63	17	tutto	tutto	_	_	_	_	_	linguistic	_	none	_	_	_	_	_	_
63-18	TO073	63	63	18	quello	quello	_	_	_	_	_	linguistic	_	none	_	_	_	_	_	_
63-19	TO073	63	63	19	che	che	_	_	_	_	_	linguistic	_	none	_	_	_	_	_	_
63-20	TO073	63	63	20	guardo	guardo	_	_	_	_	_	linguistic	_	none	_	_	_	_	_	_
63-21	TO073	63	63	21	è	è	_	_	_	_	_	linguistic	_	none	_	_	_	_	_	_
63-22	TO073	63	63	22	sempre	sempre	_	_	_	_	_	linguistic	_	none	PauseAfter=Yes	_	_	_	_	_
63-23	TO073	63	63	23	{P}	{P}	_	_	_	_	_	shortpause	_	none	_	_	_	_	_	_
63-24	TO073	63	63	24	netflix	netflix	_	_	_	_	_	linguistic	_	none	_	_	_	_	_	_
63-25	TO073	63	63	25	o	o	_	_	_	_	_	linguistic	_	none	_	_	_	_	_	_
63-26	TO073	63	63	26	[streaming]	streaming	_	_	_	_	_	linguistic	_	none	_	End=242.32	_	_	_	0-9(16)
64-0	TO071	64	64	0	[mh	mh	_	_	_	_	_	linguistic	_	none	_	Begin=241.504	_	_	_	0-2(16)
64-1	TO071	64	64	1	mh]	mh	_	_	_	_	_	linguistic	_	none	_	End=242.32	_	_	_	0-2(16)
65-0	TO073	65	65	0	legale	legale	_	_	_	_	_	linguistic	_	none	PauseAfter=Yes	Begin=242.94	_	_	_	_
65-1	TO073	65	65	1	{P}	{P}	_	_	_	_	_	shortpause	_	none	_	_	_	_	_	_
65-2	TO073	65	65	2	eh	eh	_	_	_	_	_	linguistic	_	none	_	_	_	_	_	_
65-3	TO073	65	65	3	mh	mh	_	_	_	_	_	linguistic	_	none	PauseAfter=Yes	_	_	_	_	_
65-4	TO073	65	65	4	{P}	{P}	_	_	_	_	_	shortpause	_	none	_	_	_	_	_	_
65-5	TO073	65	65	5	ehm	ehm	_	_	_	_	_	linguistic	_	none	_	_	_	_	_	_
65-6	TO073	65	65	6	quindi	quindi	_	_	_	_	_	linguistic	_	none	_	_	_	_	_	_
65-7	TO073	65	65	7	mh	mh	_	_	_	_	_	linguistic	_	none	_	End=247.296	_	_	_	_
66-0	TO071	66	66	0	{ride}	{ride}	_	_	_	_	_	nonverbalbehavior	_	none	_	Begin=244.91|End=247.61	_	_	_	_
67-0	TO073	67	67	0	ecco	ecco	_	_	_	_	_	linguistic	_	none	_	Begin=247.758	_	_	_	_
67-1	TO073	67	67	1	appunto	appunto	_	_	_	_	_	linguistic	_	none	_	_	_	_	_	_
67-2	TO073	67	67	2	diciamo	diciamo	_	_	_	_	_	linguistic	_	none	_	_	_	_	_	_
67-3	TO073	67	67	3	che	che	_	_	_	_	_	linguistic	_	none	_	_	_	_	_	_
67-4	TO073	67	67	4	non:	non	_	_	_	_	_	linguistic	_	none	_	End=249.931	2x1	_	_	_
68-0	TO073	68	68	0	mh	mh	_	_	_	_	_	linguistic	_	none	_	Begin=250.162	_	_	_	_
68-1	TO073	68	68	1	però	però	_	_	_	_	_	linguistic	_	none	_	_	_	_	_	_
68-2	TO073	68	68	2	un	un	_	_	_	_	_	linguistic	_	none	_	_	_	_	_	_
68-3	TO073	68	68	3	proprio	proprio	_	_	_	_	_	linguistic	_	none	_	_	_	_	_	_
68-4	TO073	68	68	4	un	un	_	_	_	_	_	linguistic	_	none	_	_	_	_	_	_
68-5	TO073	68	68	5	posto	posto	_	_	_	_	_	linguistic	_	none	_	_	_	_	_	_
68-6	TO073	68	68	6	dove	dove	_	_	_	_	_	linguistic	_	none	_	_	_	_	_	_
68-7	TO073	68	68	7	ci	ci	_	_	_	_	_	linguistic	_	none	_	_	_	_	_	_
68-8	TO073	68	68	8	sia	sia	_	_	_	_	_	linguistic	_	none	_	_	_	_	_	_
68-9	TO073	68	68	9	un	un	_	_	_	_	_	linguistic	_	none	_	_	_	_	_	_
68-10	TO073	68	68	10	tavolo	tavolo	_	_	_	_	_	linguistic	_	none	_	_	_	_	_	_
68-11	TO073	68	68	11	per	per	_	_	_	_	_	linguistic	_	none	_	_	_	_	_	_
68-12	TO073	68	68	12	parlare	parlare	_	_	_	_	_	linguistic	_	none	_	_	_	_	_	_
68-13	TO073	68	68	13	chiacchierare	chiacchierare	_	_	_	_	_	linguistic	_	none	_	_	_	_	_	_
68-14	TO073	68	68	14	comunicare	comunicare	_	_	_	_	_	linguistic	_	none	PauseAfter=Yes	_	_	_	_	_
68-15	TO073	68	68	15	{P}	{P}	_	_	_	_	_	shortpause	_	none	_	_	_	_	_	_
68-16	TO073	68	68	16	una:	una	_	_	_	_	_	linguistic	_	none	_	End=256.685	2x1	_	_	_
69-0	TO073	69	69	0	un	un	_	_	_	_	_	linguistic	_	none	_	Begin=256.738	_	_	_	_
69-1	TO073	69	69	1	posto	posto	_	_	_	_	_	linguistic	_	none	_	_	_	_	_	_
69-2	TO073	69	69	2	comodo	comodo	_	_	_	_	_	linguistic	_	none	_	_	_	_	_	_
69-3	TO073	69	69	3	dove	dove	_	_	_	_	_	linguistic	_	none	_	_	_	_	_	_
69-4	TO073	69	69	4	anche	anche	_	_	_	_	_	linguistic	_	none	PauseAfter=Yes	_	_	_	_	_
69-5	TO073	69	69	5	{P}	{P}	_	_	_	_	_	shortpause	_	none	_	_	_	_	_	_
69-6	TO073	69	69	6	non	non	_	_	_	_	_	linguistic	_	none	_	_	_	_	_	_
69-7	TO073	69	69	7	dover	dover	_	_	_	_	_	linguistic	_	none	_	_	_	_	_	_
69-8	TO073	69	69	8	stare	stare	_	_	_	_	_	linguistic	_	none	_	_	_	_	_	_
69-9	TO073	69	69	9	necessariamente	necessariamente	_	_	_	_	_	linguistic	_	none	_	_	_	_	_	_
69-10	TO073	69	69	10	seduti	seduti	_	_	_	_	_	linguistic	_	none	_	_	_	_	_	_
69-11	TO073	69	69	11	su	su	_	_	_	_	_	linguistic	_	none	_	_	_	_	_	_
69-12	TO073	69	69	12	una	una	_	_	_	_	_	linguistic	_	none	_	_	_	_	_	_
69-13	TO073	69	69	13	sedia	sedia	_	_	_	_	_	linguistic	_	none	_	_	_	_	_	_
69-14	TO073	69	69	14	ma	ma	_	_	_	_	_	linguistic	_	none	PauseAfter=Yes	_	_	_	_	_
69-15	TO073	69	69	15	{P}	{P}	_	_	_	_	_	shortpause	_	none	_	_	_	_	_	_
69-16	TO073	69	69	16	un:	un	_	_	_	_	_	linguistic	_	none	_	_	1x1	_	_	_
69-17	TO073	69	69	17	divano	divano	_	_	_	_	_	linguistic	_	none	_	_	_	_	_	_
69-18	TO073	69	69	18	grande	grande	_	_	_	_	_	linguistic	_	none	_	_	_	_	_	_
69-19	TO073	69	69	19	delle	delle	_	_	_	_	_	linguistic	_	none	_	_	_	_	_	_
69-20	TO073	69	69	20	poltrone	poltrone	_	_	_	_	_	linguistic	_	none	_	_	_	_	_	_
69-21	TO073	69	69	21	un	un	_	_	_	_	_	linguistic	_	none	_	_	_	_	_	_
69-22	TO073	69	69	22	tappeto	tappeto	_	_	_	_	_	linguistic	_	none	PauseAfter=Yes	_	_	_	_	_
69-23	TO073	69	69	23	{P}	{P}	_	_	_	_	_	shortpause	_	none	_	_	_	_	_	_
69-24	TO073	69	69	24	dove	dove	_	_	_	_	_	linguistic	_	none	_	_	_	_	_	_
69-25	TO073	69	69	25	poter	poter	_	_	_	_	_	linguistic	_	none	_	_	_	_	_	_
69-26	TO073	69	69	26	stare	stare	_	_	_	_	_	linguistic	_	none	_	_	_	_	_	_
69-27	TO073	69	69	27	tutti	tutti	_	_	_	_	_	linguistic	_	none	_	_	_	_	_	_
69-28	TO073	69	69	28	insieme	insieme	_	_	_	_	_	linguistic	_	none	_	_	_	_	_	_
69-29	TO073	69	69	29	>cosa	cosa	_	_	_	_	_	linguistic	_	none	_	_	_	Fast=0-4(0)	_	_
69-30	TO073	69	69	30	che	che	_	_	_	_	_	linguistic	_	none	_	_	_	Fast=0-3(0)	_	_
69-31	TO073	69	69	31	nella	nella	_	_	_	_	_	linguistic	_	none	_	_	_	Fast=0-5(0)	_	_
69-32	TO073	69	69	32	mia	mia	_	_	_	_	_	linguistic	_	none	_	_	_	Fast=0-3(0)	_	_
69-33	TO073	69	69	33	famiglia	famiglia	_	_	_	_	_	linguistic	_	none	_	_	_	Fast=0-8(0)	_	_
69-34	TO073	69	69	34	è	è	_	_	_	_	_	linguistic	_	none	_	_	_	Fast=0-1(0)	_	_
69-35	TO073	69	69	35	sempre	sempre	_	_	_	_	_	linguistic	_	none	_	_	_	Fast=0-6(0)	_	_
69-36	TO073	69	69	36	un	un	_	_	_	_	_	linguistic	_	none	_	_	_	Fast=0-2(0)	_	_
69-37	TO073	69	69	37	po'	po'	_	_	_	_	_	linguistic	_	none	_	_	_	Fast=0-3(0)	_	_
69-38	TO073	69	69	38	mancata<	mancata	_	_	_	_	_	linguistic	_	none	PauseAfter=Yes	_	_	Fast=0-7(0)	_	_
69-39	TO073	69	69	39	{P}	{P}	_	_	_	_	_	shortpause	_	none	_	_	_	_	_	_
69-40	TO073	69	69	40	eh	eh	_	_	_	_	_	linguistic	_	none	_	End=269.69	_	_	_	_
70-0	TO073	70	70	0	>e	e	_	_	_	_	_	linguistic	_	none	_	Begin=269.731	_	Fast=0-1(0)	_	_
70-1	TO073	70	70	1	che	che	_	_	_	_	_	linguistic	_	none	_	_	_	Fast=0-3(0)	_	_
70-2	TO073	70	70	2	secondo	secondo	_	_	_	_	_	linguistic	_	none	_	_	_	Fast=0-7(0)	_	_
70-3	TO073	70	70	3	me<	me	_	_	_	_	_	linguistic	_	none	_	_	_	Fast=0-2(0)	_	_
70-4	TO073	70	70	4	eh	eh	_	_	_	_	_	linguistic	_	none	PauseAfter=Yes	_	_	_	_	_
70-5	TO073	70	70	5	{P}	{P}	_	_	_	_	_	shortpause	_	none	_	_	_	_	_	_
70-6	TO073	70	70	6	ha	ha	_	_	_	_	_	linguistic	_	none	_	_	_	_	_	_
70-7	TO073	70	70	7	influito	influito	_	_	_	_	_	linguistic	_	none	_	_	_	_	_	_
70-8	TO073	70	70	8	tanto	tanto	_	_	_	_	_	linguistic	_	none	_	_	_	_	_	_
70-9	TO073	70	70	9	sui	sui	_	_	_	_	_	linguistic	_	none	_	_	_	_	_	_
70-10	TO073	70	70	10	nostri	nostri	_	_	_	_	_	linguistic	_	none	_	_	_	_	_	_
70-11	TO073	70	70	11	rapporti	rapporti	_	_	_	_	_	linguistic	_	none	_	_	_	_	_	_
70-12	TO073	70	70	12	fami[liari]	familiari	_	_	_	_	_	linguistic	_	none	_	End=274.61	_	_	_	4-9(17)
71-0	TO071	71	71	0	[mh	mh	_	_	_	_	_	linguistic	_	none	_	Begin=274.126	_	_	_	0-2(17)
71-1	TO071	71	71	1	mh]	mh	_	_	_	_	_	linguistic	_	none	_	_	_	_	_	0-2(17)
71-2	TO071	71	71	2	mh	mh	_	_	_	_	_	linguistic	_	none	_	_	_	_	_	_
71-3	TO071	71	71	3	mh	mh	_	_	_	_	_	linguistic	_	none	_	End=274.883	_	_	_	_
72-0	TO073	72	72	0	cioè	cioè	_	_	_	_	_	linguistic	_	none	_	Begin=274.883	_	_	_	_
72-1	TO073	72	72	1	io	io	_	_	_	_	_	linguistic	_	none	PauseAfter=Yes	_	_	_	_	_
72-2	TO073	72	72	2	{P}	{P}	_	_	_	_	_	shortpause	_	none	_	_	_	_	_	_
72-3	TO073	72	72	3	penso	penso	_	_	_	_	_	linguistic	_	none	_	_	_	_	_	_
72-4	TO073	72	72	4	proprio	proprio	_	_	_	_	_	linguistic	_	none	_	_	_	_	_	_
72-5	TO073	72	72	5	che	che	_	_	_	_	_	linguistic	_	none	PauseAfter=Yes	_	_	_	_	_
72-6	TO073	72	72	6	{P}	{P}	_	_	_	_	_	shortpause	_	none	_	_	_	_	_	_
72-7	TO073	72	72	7	abbia	abbia	_	_	_	_	_	linguistic	_	none	_	_	_	_	_	_
72-8	TO073	72	72	8	influito.	influito	_	_	_	_	_	linguistic	_	none	Intonation=Falling	End=278.348	_	_	_	_
73-0	TO073	73	73	0	ehm:	ehm	_	_	_	_	_	linguistic	_	none	_	Begin=278.363|End=279.925	2x1	_	_	_
74-0	TO071	74	74	0	cioè	cioè	_	_	_	_	_	linguistic	_	none	_	Begin=279.925	_	_	_	_
74-1	TO071	74	74	1	avere	avere	_	_	_	_	_	linguistic	_	none	_	_	_	_	_	_
74-2	TO071	74	74	2	avuto	avuto	_	_	_	_	_	linguistic	_	none	_	_	_	_	_	_
74-3	TO071	74	74	3	una	una	_	_	_	_	_	linguistic	_	none	_	_	_	_	_	_
74-4	TO071	74	74	4	casa	casa	_	_	_	_	_	linguistic	_	none	_	_	_	_	_	_
74-5	TO071	74	74	5	diversa	diversa	_	_	_	_	_	linguistic	_	none	PauseAfter=Yes	_	_	_	_	_
74-6	TO071	74	74	6	{P}	{P}	_	_	_	_	_	shortpause	_	none	_	_	_	_	_	_
74-7	TO071	74	74	7	forse	forse	_	_	_	_	_	linguistic	_	none	_	_	_	_	_	_
74-8	TO071	74	74	8	[avrebbe	avrebbe	_	_	_	_	_	linguistic	_	none	_	_	_	_	_	0-7(18)
74-9	TO071	74	74	9	(anche)	anche	_	_	_	_	_	linguistic	_	none	_	_	_	_	0-5(0)	0-5(18)
74-10	TO071	74	74	10	significato	significato	_	_	_	_	_	linguistic	_	none	_	_	_	_	_	0-11(18)
74-11	TO071	74	74	11	qualcosa	qualcosa	_	_	_	_	_	linguistic	_	none	_	_	_	_	_	0-8(18)
74-12	TO071	74	74	12	di	di	_	_	_	_	_	linguistic	_	none	_	_	_	_	_	0-2(18)
74-13	TO071	74	74	13	diverso]	diverso	_	_	_	_	_	linguistic	_	none	_	End=284.656	_	_	_	0-7(18)
75-0	TO073	75	75	0	[secondo	secondo	_	_	_	_	_	linguistic	_	none	_	Begin=282.366	_	_	_	0-7(18)
75-1	TO073	75	75	1	me	me	_	_	_	_	_	linguistic	_	none	_	_	_	_	_	0-2(18)
75-2	TO073	75	75	2	sì	sì	_	_	_	_	_	linguistic	_	none	PauseAfter=Yes	_	_	_	_	0-2(18)
75-3	TO073	75	75	3	{P}	{P}	_	_	_	_	_	shortpause	_	none	_	_	_	_	_	0-3(18)
75-4	TO073	75	75	4	secondo	secondo	_	_	_	_	_	linguistic	_	none	_	_	_	_	_	0-7(18)
75-5	TO073	75	75	5	me	me	_	_	_	_	_	linguistic	_	none	_	_	_	_	_	0-2(18)
75-6	TO073	75	75	6	sì].	sì	_	_	_	_	_	linguistic	_	none	Intonation=Falling	End=284.696	_	_	_	0-2(18)
76-0	TO073	76	76	0	>all'	all'	_	_	_	_	_	linguistic	_	none	SpaceAfter=No	Begin=284.696	_	Fast=0-4(0)	_	_
76-1	TO073	76	76	1	interno	interno	_	_	_	_	_	linguistic	_	none	_	_	_	Fast=0-7(0)	_	_
76-2	TO073	76	76	2	della	della	_	_	_	_	_	linguistic	_	none	_	_	_	Fast=0-5(0)	_	_
76-3	TO073	76	76	3	mia	mia	_	_	_	_	_	linguistic	_	none	_	_	_	Fast=0-3(0)	_	_
76-4	TO073	76	76	4	famiglia	famiglia	_	_	_	_	_	linguistic	_	none	_	_	_	Fast=0-8(0)	_	_
76-5	TO073	76	76	5	anche	anche	_	_	_	_	_	linguistic	_	none	_	_	_	Fast=0-5(0)	_	_
76-6	TO073	76	76	6	perché<	perché	_	_	_	_	_	linguistic	_	none	PauseAfter=Yes	_	_	Fast=0-6(0)	_	_
76-7	TO073	76	76	7	{P}	{P}	_	_	_	_	_	shortpause	_	none	_	_	_	_	_	_
76-8	TO073	76	76	8	ehm	ehm	_	_	_	_	_	linguistic	_	none	PauseAfter=Yes	_	_	_	_	_
76-9	TO073	76	76	9	{P}	{P}	_	_	_	_	_	shortpause	_	none	_	_	_	_	_	_
76-10	TO073	76	76	10	ha	ha	_	_	_	_	_	linguistic	_	none	_	_	_	_	_	_
76-11	TO073	76	76	11	me	me	_	_	_	_	_	linguistic	_	none	_	_	_	_	_	_
76-12	TO073	76	76	12	è	è	_	_	_	_	_	linguistic	_	none	_	_	_	_	_	_
76-13	TO073	76	76	13	mancato	mancato	_	_	_	_	_	linguistic	_	none	PauseAfter=Yes	_	_	_	_	_
76-14	TO073	76	76	14	{P}	{P}	_	_	_	_	_	shortpause	_	none	_	_	_	_	_	_
76-15	TO073	76	76	15	mio	mio	_	_	_	_	_	linguistic	_	none	_	_	_	_	_	_
76-16	TO073	76	76	16	papà	papà	_	_	_	_	_	linguistic	_	none	_	_	_	_	_	_
76-17	TO073	76	76	17	ma	ma	_	_	_	_	_	linguistic	_	none	PauseAfter=Yes	_	_	_	_	_
76-18	TO073	76	76	18	{P}	{P}	_	_	_	_	_	shortpause	_	none	_	_	_	_	_	_
76-19	TO073	76	76	19	lui	lui	_	_	_	_	_	linguistic	_	none	PauseAfter=Yes	_	_	_	_	_
76-20	TO073	76	76	20	{P}	{P}	_	_	_	_	_	shortpause	_	none	_	_	_	_	_	_
76-21	TO073	76	76	21	eh	eh	_	_	_	_	_	linguistic	_	none	PauseAfter=Yes	_	_	_	_	_
76-22	TO073	76	76	22	{P}	{P}	_	_	_	_	_	shortpause	_	none	_	_	_	_	_	_
76-23	TO073	76	76	23	si	si	_	_	_	_	_	linguistic	_	none	_	_	_	_	_	_
76-24	TO073	76	76	24	è	è	_	_	_	_	_	linguistic	_	none	_	_	_	_	_	_
76-25	TO073	76	76	25	suicidato	suicidato	_	_	_	_	_	linguistic	_	none	_	End=291.578	_	_	_	_
77-0	TO071	77	77	0	mh	mh	_	_	_	_	_	linguistic	_	none	_	Begin=291.578	_	_	_	_
77-1	TO071	77	77	1	mh	mh	_	_	_	_	_	linguistic	_	none	_	End=292.165	_	_	_	_
78-0	TO073	78	78	0	ehm:	ehm	_	_	_	_	_	linguistic	_	none	PauseAfter=Yes	Begin=292.216	2x1	_	_	_
78-1	TO073	78	78	1	{P}	{P}	_	_	_	_	_	shortpause	_	none	_	_	_	_	_	_
78-2	TO073	78	78	2	ecco	ecco	_	_	_	_	_	linguistic	_	none	_	_	_	_	_	_
78-3	TO073	78	78	3	appunto	appunto	_	_	_	_	_	linguistic	_	none	PauseAfter=Yes	_	_	_	_	_
78-4	TO073	78	78	4	{P}	{P}	_	_	_	_	_	shortpause	_	none	_	_	_	_	_	_
78-5	TO073	78	78	5	secondo	secondo	_	_	_	_	_	linguistic	_	none	_	_	_	_	_	_
78-6	TO073	78	78	6	me	me	_	_	_	_	_	linguistic	_	none	_	_	_	_	_	_
78-7	TO073	78	78	7	e:hm	ehm	_	_	_	_	_	linguistic	_	none	_	End=297.306	0x1	_	_	_
79-0	TO073	79	79	0	non	non	_	_	_	_	_	linguistic	_	none	_	Begin=298.122	_	_	_	_
79-1	TO073	79	79	1	lo	lo	_	_	_	_	_	linguistic	_	none	_	_	_	_	_	_
79-2	TO073	79	79	2	so	so	_	_	_	_	_	linguistic	_	none	PauseAfter=Yes	_	_	_	_	_
79-3	TO073	79	79	3	{P}	{P}	_	_	_	_	_	shortpause	_	none	_	_	_	_	_	_
79-4	TO073	79	79	4	>tante	tante	_	_	_	_	_	linguistic	_	none	_	_	_	Fast=0-5(0)	_	_
79-5	TO073	79	79	5	dinamiche	dinamiche	_	_	_	_	_	linguistic	_	none	_	_	_	Fast=0-9(0)	_	_
79-6	TO073	79	79	6	familiari<	familiari	_	_	_	_	_	linguistic	_	none	_	_	_	Fast=0-9(0)	_	_
79-7	TO073	79	79	7	son~	son~	_	_	_	_	_	linguistic	_	none	Interrupted=Yes	_	_	_	_	_
79-8	TO073	79	79	8	son~	son~	_	_	_	_	_	linguistic	_	none	Interrupted=Yes|PauseAfter=Yes	_	_	_	_	_
79-9	TO073	79	79	9	{P}	{P}	_	_	_	_	_	shortpause	_	none	_	_	_	_	_	_
79-10	TO073	79	79	10	sono	sono	_	_	_	_	_	linguistic	_	none	_	_	_	_	_	_
79-11	TO073	79	79	11	diventate	diventate	_	_	_	_	_	linguistic	_	none	_	_	_	_	_	_
79-12	TO073	79	79	12	tali	tali	_	_	_	_	_	linguistic	_	none	_	_	_	_	_	_
79-13	TO073	79	79	13	anche	anche	_	_	_	_	_	linguistic	_	none	_	_	_	_	_	_
79-14	TO073	79	79	14	a	a	_	_	_	_	_	linguistic	_	none	_	_	_	_	_	_
79-15	TO073	79	79	15	causa	causa	_	_	_	_	_	linguistic	_	none	_	_	_	_	_	_
79-16	TO073	79	79	16	dei:	dei	_	_	_	_	_	linguistic	_	none	_	_	2x1	_	_	_
79-17	TO073	79	79	17	non	non	_	_	_	_	_	linguistic	_	none	_	_	_	_	_	_
79-18	TO073	79	79	18	spazi	spazi	_	_	_	_	_	linguistic	_	none	_	_	_	_	_	_
79-19	TO073	79	79	19	che	che	_	_	_	_	_	linguistic	_	none	_	_	_	_	_	_
79-20	TO073	79	79	20	abbiamo	abbiamo	_	_	_	_	_	linguistic	_	none	_	_	_	_	_	_
79-21	TO073	79	79	21	vissuto	vissuto	_	_	_	_	_	linguistic	_	none	_	_	_	_	_	_
79-22	TO073	79	79	22	ecco.	ecco	_	_	_	_	_	linguistic	_	none	Intonation=Falling	End=305.552	_	_	_	_
80-0	TO073	80	80	0	poi	poi	_	_	_	_	_	linguistic	_	none	_	Begin=305.588	_	_	_	_
80-1	TO073	80	80	1	magari	magari	_	_	_	_	_	linguistic	_	none	_	_	_	_	_	_
80-2	TO073	80	80	2	una	una	_	_	_	_	_	linguistic	_	none	_	_	_	_	_	_
80-3	TO073	80	80	3	minima	minima	_	_	_	_	_	linguistic	_	none	_	_	_	_	_	_
80-4	TO073	80	80	4	parte	parte	_	_	_	_	_	linguistic	_	none	_	_	_	_	_	_
80-5	TO073	80	80	5	ma	ma	_	_	_	_	_	linguistic	_	none	_	_	_	_	_	_
80-6	TO073	80	80	6	secondo	secondo	_	_	_	_	_	linguistic	_	none	_	_	_	_	_	_
80-7	TO073	80	80	7	me	me	_	_	_	_	_	linguistic	_	none	PauseAfter=Yes	_	_	_	_	_
80-8	TO073	80	80	8	{P}	{P}	_	_	_	_	_	shortpause	_	none	_	_	_	_	_	_
80-9	TO073	80	80	9	già	già	_	_	_	_	_	linguistic	_	none	_	_	_	_	_	_
80-10	TO073	80	80	10	tanto	tanto	_	_	_	_	_	linguistic	_	none	_	_	_	_	_	_
80-11	TO073	80	80	11	[(può	può	_	_	_	_	_	linguistic	_	none	_	_	_	_	0-3(0)	0-3(19)
80-12	TO073	80	80	12	voler	voler	_	_	_	_	_	linguistic	_	none	_	_	_	_	0-5(0)	0-5(19)
80-13	TO073	80	80	13	dire)	dire	_	_	_	_	_	linguistic	_	none	_	_	_	_	0-4(0)	0-4(19)
80-14	TO073	80	80	14	anche	anche	_	_	_	_	_	linguistic	_	none	_	_	_	_	_	0-5(19)
80-15	TO073	80	80	15	perché]	perché	_	_	_	_	_	linguistic	_	none	_	End=309.186	_	_	_	0-6(19)
81-0	TO071	81	81	0	[ci	ci	_	_	_	_	_	linguistic	_	none	_	Begin=308.286	_	_	_	0-2(19)
81-1	TO071	81	81	1	può	può	_	_	_	_	_	linguistic	_	none	_	_	_	_	_	0-3(19)
81-2	TO071	81	81	2	stare]	stare	_	_	_	_	_	linguistic	_	none	_	End=309.172	_	_	_	0-5(19)
82-0	TO073	82	82	0	essendo	essendo	_	_	_	_	_	linguistic	_	none	PauseAfter=Yes	Begin=309.496	_	_	_	_
82-1	TO073	82	82	1	{P}	{P}	_	_	_	_	_	shortpause	_	none	_	_	_	_	_	_
82-2	TO073	82	82	2	disposta	disposta	_	_	_	_	_	linguistic	_	none	_	_	_	_	_	_
82-3	TO073	82	82	3	in	in	_	_	_	_	_	linguistic	_	none	_	_	_	_	_	_
82-4	TO073	82	82	4	questo	questo	_	_	_	_	_	linguistic	_	none	_	_	_	_	_	_
82-5	TO073	82	82	5	modo	modo	_	_	_	_	_	linguistic	_	none	_	_	_	_	_	_
82-6	TO073	82	82	6	la	la	_	_	_	_	_	linguistic	_	none	_	_	_	_	_	_
82-7	TO073	82	82	7	casa	casa	_	_	_	_	_	linguistic	_	none	PauseAfter=Yes	_	_	_	_	_
82-8	TO073	82	82	8	{P}	{P}	_	_	_	_	_	shortpause	_	none	_	_	_	_	_	_
82-9	TO073	82	82	9	da	da	_	_	_	_	_	linguistic	_	none	_	_	_	_	_	_
82-10	TO073	82	82	10	quando	quando	_	_	_	_	_	linguistic	_	none	_	_	_	_	_	_
82-11	TO073	82	82	11	sono	sono	_	_	_	_	_	linguistic	_	none	_	_	_	_	_	_
82-12	TO073	82	82	12	piccola	piccola	_	_	_	_	_	linguistic	_	none	_	_	_	_	_	_
82-13	TO073	82	82	13	la	la	_	_	_	_	_	linguistic	_	none	PauseAfter=Yes	_	_	_	_	_
82-14	TO073	82	82	14	{P}	{P}	_	_	_	_	_	shortpause	_	none	_	_	_	_	_	_
82-15	TO073	82	82	15	la	la	_	_	_	_	_	linguistic	_	none	_	_	_	_	_	_
82-16	TO073	82	82	16	sera	sera	_	_	_	_	_	linguistic	_	none	_	_	_	_	_	_
82-17	TO073	82	82	17	è	è	_	_	_	_	_	linguistic	_	none	_	_	_	_	_	_
82-18	TO073	82	82	18	sempre	sempre	_	_	_	_	_	linguistic	_	none	_	_	_	_	_	_
82-19	TO073	82	82	19	stata	stata	_	_	_	_	_	linguistic	_	none	_	_	_	_	_	_
82-20	TO073	82	82	20	io	io	_	_	_	_	_	linguistic	_	none	_	_	_	_	_	_
82-21	TO073	82	82	21	in	in	_	_	_	_	_	linguistic	_	none	_	_	_	_	_	_
82-22	TO073	82	82	22	camera	camera	_	_	_	_	_	linguistic	_	none	_	_	_	_	_	_
82-23	TO073	82	82	23	mia	mia	_	_	_	_	_	linguistic	_	none	_	_	_	_	_	_
82-24	TO073	82	82	24	a:	a	_	_	_	_	_	linguistic	_	none	_	_	0x1	_	_	_
82-25	TO073	82	82	25	guardarmi	guardarmi	_	_	_	_	_	linguistic	_	none	_	_	_	_	_	_
82-26	TO073	82	82	26	la	la	_	_	_	_	_	linguistic	_	none	_	_	_	_	_	_
82-27	TO073	82	82	27	mia	mia	_	_	_	_	_	linguistic	_	none	_	_	_	_	_	_
82-28	TO073	82	82	28	televisione	televisione	_	_	_	_	_	linguistic	_	none	_	End=316.488	_	_	_	_
83-0	TO073	83	83	0	mia	mia	_	_	_	_	_	linguistic	_	none	_	Begin=316.488	_	_	_	_
83-1	TO073	83	83	1	mamma	mamma	_	_	_	_	_	linguistic	_	none	_	_	_	_	_	_
83-2	TO073	83	83	2	in	in	_	_	_	_	_	linguistic	_	none	_	_	_	_	_	_
83-3	TO073	83	83	3	camera	camera	_	_	_	_	_	linguistic	_	none	_	_	_	_	_	_
83-4	TO073	83	83	4	da	da	_	_	_	_	_	linguistic	_	none	_	_	_	_	_	_
83-5	TO073	83	83	5	letto	letto	_	_	_	_	_	linguistic	_	none	_	_	_	_	_	_
83-6	TO073	83	83	6	a	a	_	_	_	_	_	linguistic	_	none	_	_	_	_	_	_
83-7	TO073	83	83	7	guardare	guardare	_	_	_	_	_	linguistic	_	none	_	_	_	_	_	_
83-8	TO073	83	83	8	la	la	_	_	_	_	_	linguistic	_	none	_	_	_	_	_	_
83-9	TO073	83	83	9	tua	tua	_	_	_	_	_	linguistic	_	none	_	_	_	_	_	_
83-10	TO073	83	83	10	televisione	televisione	_	_	_	_	_	linguistic	_	none	PauseAfter=Yes	_	_	_	_	_
83-11	TO073	83	83	11	{P}	{P}	_	_	_	_	_	shortpause	_	none	_	_	_	_	_	_
83-12	TO073	83	83	12	mio	mio	_	_	_	_	_	linguistic	_	none	_	_	_	_	_	_
83-13	TO073	83	83	13	papà	papà	_	_	_	_	_	linguistic	_	none	_	_	_	_	_	_
83-14	TO073	83	83	14	in	in	_	_	_	_	_	linguistic	_	none	_	_	_	_	_	_
83-15	TO073	83	83	15	cucina	cucina	_	_	_	_	_	linguistic	_	none	_	_	_	_	_	_
83-16	TO073	83	83	16	a	a	_	_	_	_	_	linguistic	_	none	_	_	_	_	_	_
83-17	TO073	83	83	17	finire	finire	_	_	_	_	_	linguistic	_	none	_	_	_	_	_	_
83-18	TO073	83	83	18	magari	magari	_	_	_	_	_	linguistic	_	none	_	_	_	_	_	_
83-19	TO073	83	83	19	i	i	_	_	_	_	_	linguistic	_	none	_	_	_	_	_	_
83-20	TO073	83	83	20	conti	conti	_	_	_	_	_	linguistic	_	none	_	_	_	_	_	_
83-21	TO073	83	83	21	del	del	_	_	_	_	_	linguistic	_	none	_	_	_	_	_	_
83-22	TO073	83	83	22	negozio	negozio	_	_	_	_	_	linguistic	_	none	PauseAfter=Yes	_	_	_	_	_
83-23	TO073	83	83	23	{P}	{P}	_	_	_	_	_	shortpause	_	none	_	_	_	_	_	_
83-24	TO073	83	83	24	ehm	ehm	_	_	_	_	_	linguistic	_	none	_	End=322.275	_	_	_	_
84-0	TO073	84	84	0	a	a	_	_	_	_	_	linguistic	_	none	_	Begin=322.6	_	_	_	_
84-1	TO073	84	84	1	a	a	_	_	_	_	_	linguistic	_	none	_	_	_	_	_	_
84-2	TO073	84	84	2	compilare	compilare	_	_	_	_	_	linguistic	_	none	_	_	_	_	_	_
84-3	TO073	84	84	3	le	le	_	_	_	_	_	linguistic	_	none	_	_	_	_	_	_
84-4	TO073	84	84	4	fatture	fatture	_	_	_	_	_	linguistic	_	none	_	_	_	_	_	_
84-5	TO073	84	84	5	che	che	_	_	_	_	_	linguistic	_	none	_	_	_	_	_	_
84-6	TO073	84	84	6	non	non	_	_	_	_	_	linguistic	_	none	_	_	_	_	_	_
84-7	TO073	84	84	7	era	era	_	_	_	_	_	linguistic	_	none	_	_	_	_	_	_
84-8	TO073	84	84	8	riuscito	riuscito	_	_	_	_	_	linguistic	_	none	_	_	_	_	_	_
84-9	TO073	84	84	9	a	a	_	_	_	_	_	linguistic	_	none	_	_	_	_	_	_
84-10	TO073	84	84	10	compilare	compilare	_	_	_	_	_	linguistic	_	none	_	_	_	_	_	_
84-11	TO073	84	84	11	di	di	_	_	_	_	_	linguistic	_	none	_	_	_	_	_	_
84-12	TO073	84	84	12	giorno	giorno	_	_	_	_	_	linguistic	_	none	_	_	_	_	_	_
84-13	TO073	84	84	13	fino	fino	_	_	_	_	_	linguistic	_	none	_	_	_	_	_	_
84-14	TO073	84	84	14	a	a	_	_	_	_	_	linguistic	_	none	_	_	_	_	_	_
84-15	TO073	84	84	15	tardi	tardi	_	_	_	_	_	linguistic	_	none	_	End=326.337	_	_	_	_
85-0	TO073	85	85	0	eh	eh	_	_	_	_	_	linguistic	_	none	_	Begin=326.558	_	_	_	_
85-1	TO073	85	85	1	un	un	_	_	_	_	_	linguistic	_	none	_	_	_	_	_	_
85-2	TO073	85	85	2	papà	papà	_	_	_	_	_	linguistic	_	none	_	_	_	_	_	_
85-3	TO073	85	85	3	che	che	_	_	_	_	_	linguistic	_	none	_	_	_	_	_	_
85-4	TO073	85	85	4	ha	ha	_	_	_	_	_	linguistic	_	none	_	_	_	_	_	_
85-5	TO073	85	85	5	sempre	sempre	_	_	_	_	_	linguistic	_	none	_	_	_	_	_	_
85-6	TO073	85	85	6	lavorato	lavorato	_	_	_	_	_	linguistic	_	none	_	_	_	_	_	_
85-7	TO073	85	85	7	tantissimo	tantissimo	_	_	_	_	_	linguistic	_	none	_	_	_	_	_	_
85-8	TO073	85	85	8	quindi	quindi	_	_	_	_	_	linguistic	_	none	_	_	_	_	_	_
85-9	TO073	85	85	9	già	già	_	_	_	_	_	linguistic	_	none	_	_	_	_	_	_
85-10	TO073	85	85	10	che	che	_	_	_	_	_	linguistic	_	none	_	_	_	_	_	_
85-11	TO073	85	85	11	era	era	_	_	_	_	_	linguistic	_	none	_	_	_	_	_	_
85-12	TO073	85	85	12	presente	presente	_	_	_	_	_	linguistic	_	none	_	_	_	_	_	_
85-13	TO073	85	85	13	poco	poco	_	_	_	_	_	linguistic	_	none	_	_	_	_	_	_
85-14	TO073	85	85	14	in	in	_	_	_	_	_	linguistic	_	none	_	_	_	_	_	_
85-15	TO073	85	85	15	casa	casa	_	_	_	_	_	linguistic	_	none	_	_	_	_	_	_
85-16	TO073	85	85	16	anche	anche	_	_	_	_	_	linguistic	_	none	_	_	_	_	_	_
85-17	TO073	85	85	17	quando	quando	_	_	_	_	_	linguistic	_	none	_	_	_	_	_	_
85-18	TO073	85	85	18	era	era	_	_	_	_	_	linguistic	_	none	PauseAfter=Yes	_	_	_	_	_
85-19	TO073	85	85	19	{P}	{P}	_	_	_	_	_	shortpause	_	none	_	_	_	_	_	_
85-20	TO073	85	85	20	in	in	_	_	_	_	_	linguistic	_	none	_	_	_	_	_	_
85-21	TO073	85	85	21	realtà	realtà	_	_	_	_	_	linguistic	_	none	_	_	_	_	_	_
85-22	TO073	85	85	22	non	non	_	_	_	_	_	linguistic	_	none	_	_	_	_	_	_
85-23	TO073	85	85	23	c'	c'	_	_	_	_	_	linguistic	_	none	SpaceAfter=No	_	_	_	_	_
85-24	TO073	85	85	24	era	era	_	_	_	_	_	linguistic	_	none	_	_	_	_	_	_
85-25	TO073	85	85	25	così	così	_	_	_	_	_	linguistic	_	none	_	_	_	_	_	_
85-26	TO073	85	85	26	tanto	tanto	_	_	_	_	_	linguistic	_	none	_	End=333.103	_	_	_	_
86-0	TO073	86	86	0	n~	n~	_	_	_	_	_	linguistic	_	none	Interrupted=Yes	Begin=333.112	_	_	_	_
86-1	TO073	86	86	1	non	non	_	_	_	_	_	linguistic	_	none	_	_	_	_	_	_
86-2	TO073	86	86	2	c'	c'	_	_	_	_	_	linguistic	_	none	SpaceAfter=No	_	_	_	_	_
86-3	TO073	86	86	3	è	è	_	_	_	_	_	linguistic	_	none	_	_	_	_	_	_
86-4	TO073	86	86	4	mai	mai	_	_	_	_	_	linguistic	_	none	_	_	_	_	_	_
86-5	TO073	86	86	5	stata	stata	_	_	_	_	_	linguistic	_	none	_	_	_	_	_	_
86-6	TO073	86	86	6	la	la	_	_	_	_	_	linguistic	_	none	_	_	_	_	_	_
86-7	TO073	86	86	7	serata	serata	_	_	_	_	_	linguistic	_	none	_	_	_	_	_	_
86-8	TO073	86	86	8	ci	ci	_	_	_	_	_	linguistic	_	none	_	_	_	_	_	_
86-9	TO073	86	86	9	mettiamo	mettiamo	_	_	_	_	_	linguistic	_	none	_	_	_	_	_	_
86-10	TO073	86	86	10	davanti	davanti	_	_	_	_	_	linguistic	_	none	_	_	_	_	_	_
86-11	TO073	86	86	11	al	al	_	_	_	_	_	linguistic	_	none	_	_	_	_	_	_
86-12	TO073	86	86	12	televisore	televisore	_	_	_	_	_	linguistic	_	none	_	_	_	_	_	_
86-13	TO073	86	86	13	[guardiamo	guardiamo	_	_	_	_	_	linguistic	_	none	_	_	_	_	_	0-9(20)
86-14	TO073	86	86	14	tutti	tutti	_	_	_	_	_	linguistic	_	none	_	_	_	_	_	0-5(20)
86-15	TO073	86	86	15	(l)a]	la	_	_	_	_	_	linguistic	_	none	PauseAfter=Yes	_	_	_	0-1(0)	0-2(20)
86-16	TO073	86	86	16	{P}	{P}	_	_	_	_	_	shortpause	_	none	_	_	_	_	_	_
86-17	TO073	86	86	17	l~	l~	_	_	_	_	_	linguistic	_	none	Interrupted=Yes	_	_	_	_	_
86-18	TO073	86	86	18	la:	la	_	_	_	_	_	linguistic	_	none	_	_	1x1	_	_	_
86-19	TO073	86	86	19	la	la	_	_	_	_	_	linguistic	_	none	_	_	_	_	_	_
86-20	TO073	86	86	20	tivù	tivù	_	_	_	_	_	linguistic	_	none	_	_	_	_	_	_
86-21	TO073	86	86	21	insieme	insieme	_	_	_	_	_	linguistic	_	none	PauseAfter=Yes	_	_	_	_	_
86-22	TO073	86	86	22	{P}	{P}	_	_	_	_	_	shortpause	_	none	_	_	_	_	_	_
86-23	TO073	86	86	23	>per	per	_	_	_	_	_	linguistic	_	none	_	_	_	Fast=0-3(0)	_	_
86-24	TO073	86	86	24	quanto	quanto	_	_	_	_	_	linguistic	_	none	_	_	_	Fast=0-6(0)	_	_
86-25	TO073	86	86	25	possa	possa	_	_	_	_	_	linguistic	_	none	_	_	_	Fast=0-5(0)	_	_
86-26	TO073	86	86	26	essere	essere	_	_	_	_	_	linguistic	_	none	_	_	_	Fast=0-6(0)	_	_
86-27	TO073	86	86	27	magari	magari	_	_	_	_	_	linguistic	_	none	_	_	_	Fast=0-6(0)	_	_
86-28	TO073	86	86	28	una	una	_	_	_	_	_	linguistic	_	none	_	_	_	Fast=0-3(0)	_	_
86-29	TO073	86	86	29	cosa<	cosa	_	_	_	_	_	linguistic	_	none	_	End=341.2	_	Fast=0-4(0)	_	_
87-0	TO071	87	87	0	[okay]	okay	_	_	_	_	_	linguistic	_	none	_	Begin=336.543|End=337.586	_	_	_	0-4(20)
88-0	TO073	88	88	0	non	non	_	_	_	_	_	linguistic	_	none	_	Begin=341.951	_	_	_	_
88-1	TO073	88	88	1	così	così	_	_	_	_	_	linguistic	_	none	PauseAfter=Yes	_	_	_	_	_
88-2	TO073	88	88	2	{P}	{P}	_	_	_	_	_	shortpause	_	none	_	_	_	_	_	_
88-3	TO073	88	88	3	eh	eh	_	_	_	_	_	linguistic	_	none	_	_	_	_	_	_
88-4	TO073	88	88	4	produttiva	produttiva	_	_	_	_	_	linguistic	_	none	_	_	_	_	_	_
88-5	TO073	88	88	5	o	o	_	_	_	_	_	linguistic	_	none	_	_	_	_	_	_
88-6	TO073	88	88	6	>esaltante	esaltante	_	_	_	_	_	linguistic	_	none	_	_	_	Fast=0-9(0)	_	_
88-7	TO073	88	88	7	guardare	guardare	_	_	_	_	_	linguistic	_	none	_	_	_	Fast=0-8(0)	_	_
88-8	TO073	88	88	8	la	la	_	_	_	_	_	linguistic	_	none	_	_	_	Fast=0-2(0)	_	_
88-9	TO073	88	88	9	televisione	televisione	_	_	_	_	_	linguistic	_	none	_	_	_	Fast=0-11(0)	_	_
88-10	TO073	88	88	10	[tutti	tutti	_	_	_	_	_	linguistic	_	none	_	_	_	Fast=0-5(0)	_	0-5(21)
88-11	TO073	88	88	11	insieme]<	insieme	_	_	_	_	_	linguistic	_	none	_	_	_	Fast=0-7(0)	_	0-7(21)
88-12	TO073	88	88	12	ma	ma	_	_	_	_	_	linguistic	_	none	PauseAfter=Yes	_	_	Slow=0-2(0)	_	_
88-13	TO073	88	88	13	{P}	{P}	_	_	_	_	_	shortpause	_	none	_	_	_	Slow=0-3(0)	_	_
88-14	TO073	88	88	14	>il	il	_	_	_	_	_	linguistic	_	none	_	_	_	Fast=0-2(1)	_	_
88-15	TO073	88	88	15	momento	momento	_	_	_	_	_	linguistic	_	none	_	_	_	Fast=0-7(1)	_	_
88-16	TO073	88	88	16	proprio	proprio	_	_	_	_	_	linguistic	_	none	_	_	_	Fast=0-7(1)	_	_
88-17	TO073	88	88	17	di	di	_	_	_	_	_	linguistic	_	none	_	_	_	Fast=0-2(1)	_	_
88-18	TO073	88	88	18	condivisione	condivisione	_	_	_	_	_	linguistic	_	none	_	_	_	Fast=0-12(1)	_	_
88-19	TO073	88	88	19	che<	che	_	_	_	_	_	linguistic	_	none	PauseAfter=Yes	_	_	Fast=0-3(1)	_	_
88-20	TO073	88	88	20	{P}	{P}	_	_	_	_	_	shortpause	_	none	_	_	_	_	_	_
88-21	TO073	88	88	21	c'	c'	_	_	_	_	_	linguistic	_	none	SpaceAfter=No	_	_	_	_	_
88-22	TO073	88	88	22	era	era	_	_	_	_	_	linguistic	_	none	_	_	_	_	_	_
88-23	TO073	88	88	23	ed	ed	_	_	_	_	_	linguistic	_	none	_	_	_	_	_	_
88-24	TO073	88	88	24	era	era	_	_	_	_	_	linguistic	_	none	_	_	_	_	_	_
88-25	TO073	88	88	25	a	a	_	_	_	_	_	linguistic	_	none	_	_	_	_	_	_
88-26	TO073	88	88	26	tavola	tavola	_	_	_	_	_	linguistic	_	none	PauseAfter=Yes	_	_	_	_	_
88-27	TO073	88	88	27	{P}	{P}	_	_	_	_	_	shortpause	_	none	_	_	_	_	_	_
88-28	TO073	88	88	28	ma	ma	_	_	_	_	_	linguistic	_	none	_	_	_	_	_	_
88-29	TO073	88	88	29	poi	poi	_	_	_	_	_	linguistic	_	none	_	_	_	_	_	_
88-30	TO073	88	88	30	si	si	_	_	_	_	_	linguistic	_	none	_	_	_	_	_	_
88-31	TO073	88	88	31	esauriva	esauriva	_	_	_	_	_	linguistic	_	none	_	_	_	_	_	_
88-32	TO073	88	88	32	a	a	_	_	_	_	_	linguistic	_	none	_	_	_	_	_	_
88-33	TO073	88	88	33	tavola.	tavola	_	_	_	_	_	linguistic	_	none	Intonation=Falling	End=351.037	_	_	_	_
89-0	TO071	89	89	0	[no	no	_	_	_	_	_	linguistic	_	none	_	Begin=345.34	_	_	_	0-2(21)
89-1	TO071	89	89	1	no	no	_	_	_	_	_	linguistic	_	none	_	_	_	_	_	0-2(21)
89-2	TO071	89	89	2	no]	no	_	_	_	_	_	linguistic	_	none	_	End=346.195	_	_	_	0-2(21)
90-0	TO071	90	90	0	guarda	guarda	_	_	_	_	_	linguistic	_	none	_	Begin=351.079	_	_	_	_
90-1	TO071	90	90	1	io	io	_	_	_	_	_	linguistic	_	none	_	_	_	_	_	_
90-2	TO071	90	90	2	ho	ho	_	_	_	_	_	linguistic	_	none	_	_	_	_	_	_
90-3	TO071	90	90	3	capito	capito	_	_	_	_	_	linguistic	_	none	_	_	_	_	_	_
90-4	TO071	90	90	4	l'	l'	_	_	_	_	_	linguistic	_	none	SpaceAfter=No	_	_	_	_	_
90-5	TO071	90	90	5	importanza	importanza	_	_	_	_	_	linguistic	_	none	_	_	_	_	_	_
90-6	TO071	90	90	6	di	di	_	_	_	_	_	linguistic	_	none	PauseAfter=Yes	_	_	_	_	_
90-7	TO071	90	90	7	{P}	{P}	_	_	_	_	_	shortpause	_	none	_	_	_	_	_	_
90-8	TO071	90	90	8	avere	avere	_	_	_	_	_	linguistic	_	none	_	_	_	_	_	_
90-9	TO071	90	90	9	un	un	_	_	_	_	_	linguistic	_	none	_	_	_	_	_	_
90-10	TO071	90	90	10	divano	divano	_	_	_	_	_	linguistic	_	none	PauseAfter=Yes	_	_	_	_	_
90-11	TO071	90	90	11	{P}	{P}	_	_	_	_	_	shortpause	_	none	_	_	_	_	_	_
90-12	TO071	90	90	12	che	che	_	_	_	_	_	linguistic	_	none	_	_	_	_	_	_
90-13	TO071	90	90	13	è	è	_	_	_	_	_	linguistic	_	none	_	_	_	_	_	_
90-14	TO071	90	90	14	una	una	_	_	_	_	_	linguistic	_	none	_	_	_	_	_	_
90-15	TO071	90	90	15	stronzata	stronzata	_	_	_	_	_	linguistic	_	none	PauseAfter=Yes	_	_	_	_	_
90-16	TO071	90	90	16	{P}	{P}	_	_	_	_	_	shortpause	_	none	_	_	_	_	_	_
90-17	TO071	90	90	17	a	a	_	_	_	_	_	linguistic	_	none	_	_	_	_	_	_
90-18	TO071	90	90	18	[casa	casa	_	_	_	_	_	linguistic	_	none	PauseAfter=Yes	_	_	_	_	0-4(22)
90-19	TO071	90	90	19	{P}	{P}	_	_	_	_	_	shortpause	_	none	_	_	_	_	_	0-3(22)
90-20	TO071	90	90	20	dal	dal	_	_	_	_	_	linguistic	_	none	_	_	_	_	_	0-3(22)
90-21	TO071	90	90	21	momento]	momento	_	_	_	_	_	linguistic	_	none	_	_	_	_	_	0-7(22)
90-22	TO071	90	90	22	in	in	_	_	_	_	_	linguistic	_	none	_	_	_	_	_	_
90-23	TO071	90	90	23	cui	cui	_	_	_	_	_	linguistic	_	none	_	_	_	_	_	_
90-24	TO071	90	90	24	non	non	_	_	_	_	_	linguistic	_	none	_	_	_	_	_	_
90-25	TO071	90	90	25	ce	ce	_	_	_	_	_	linguistic	_	none	_	_	_	_	_	_
90-26	TO071	90	90	26	l'	l'	_	_	_	_	_	linguistic	_	none	SpaceAfter=No	_	_	_	_	_
90-27	TO071	90	90	27	ho	ho	_	_	_	_	_	linguistic	_	none	_	_	_	_	_	_
90-28	TO071	90	90	28	avuto	avuto	_	_	_	_	_	linguistic	_	none	_	_	_	_	_	_
90-29	TO071	90	90	29	più	più	_	_	_	_	_	linguistic	_	none	_	_	_	_	_	_
90-30	TO071	90	90	30	qua	qua	_	_	_	_	_	linguistic	_	none	_	_	_	_	_	_
90-31	TO071	90	90	31	a	a	_	_	_	_	_	linguistic	_	none	_	_	_	_	_	_
90-32	TO071	90	90	32	torino	torino	_	_	_	_	_	linguistic	_	none	_	End=358.162	_	_	_	_
91-0	TO073	91	91	0	[no	no	_	_	_	_	_	linguistic	_	none	_	Begin=355.1	_	_	_	0-2(22)
91-1	TO073	91	91	1	no	no	_	_	_	_	_	linguistic	_	none	_	_	_	_	_	0-2(22)
91-2	TO073	91	91	2	ma	ma	_	_	_	_	_	linguistic	_	none	_	_	_	_	_	0-2(22)
91-3	TO073	91	91	3	io]	io	_	_	_	_	_	linguistic	_	none	_	End=356.282	_	_	_	0-2(22)
92-0	TO071	92	92	0	eh	eh	_	_	_	_	_	linguistic	_	none	_	Begin=358.162	_	_	_	_
92-1	TO071	92	92	1	nell'	nell'	_	_	_	_	_	linguistic	_	none	SpaceAfter=No	_	_	_	_	_
92-2	TO071	92	92	2	ultima	ultima	_	_	_	_	_	linguistic	_	none	_	_	_	_	_	_
92-3	TO071	92	92	3	casa	casa	_	_	_	_	_	linguistic	_	none	_	_	_	_	_	_
92-4	TO071	92	92	4	in	in	_	_	_	_	_	linguistic	_	none	_	_	_	_	_	_
92-5	TO071	92	92	5	cui	cui	_	_	_	_	_	linguistic	_	none	_	_	_	_	_	_
92-6	TO071	92	92	6	ho	ho	_	_	_	_	_	linguistic	_	none	_	_	_	_	_	_
92-7	TO071	92	92	7	vissuto	vissuto	_	_	_	_	_	linguistic	_	none	_	_	_	_	_	_
92-8	TO071	92	92	8	non	non	_	_	_	_	_	linguistic	_	none	_	_	_	_	_	_
92-9	TO071	92	92	9	ho	ho	_	_	_	_	_	linguistic	_	none	_	_	_	_	_	_
92-10	TO071	92	92	10	il	il	_	_	_	_	_	linguistic	_	none	_	_	_	_	_	_
92-11	TO071	92	92	11	divano	divano	_	_	_	_	_	linguistic	_	none	_	_	_	_	_	_
92-12	TO071	92	92	12	e	e	_	_	_	_	_	linguistic	_	none	_	_	_	_	_	_
92-13	TO071	92	92	13	per	per	_	_	_	_	_	linguistic	_	none	_	_	_	_	_	_
92-14	TO071	92	92	14	me	me	_	_	_	_	_	linguistic	_	none	_	_	_	_	_	_
92-15	TO071	92	92	15	è	è	_	_	_	_	_	linguistic	_	none	_	_	_	_	_	_
92-16	TO071	92	92	16	un	un	_	_	_	_	_	linguistic	_	none	_	_	_	_	_	_
92-17	TO071	92	92	17	disastro	disastro	_	_	_	_	_	linguistic	_	none	_	_	_	_	_	_
92-18	TO071	92	92	18	perché	perché	_	_	_	_	_	linguistic	_	none	_	_	_	_	_	_
92-19	TO071	92	92	19	mi	mi	_	_	_	_	_	linguistic	_	none	_	_	_	_	_	_
92-20	TO071	92	92	20	son	son	_	_	_	_	_	linguistic	_	none	_	_	_	_	_	_
92-21	TO071	92	92	21	reso	reso	_	_	_	_	_	linguistic	_	none	_	_	_	_	_	_
92-22	TO071	92	92	22	conto	conto	_	_	_	_	_	linguistic	_	none	_	_	_	_	_	_
92-23	TO071	92	92	23	che	che	_	_	_	_	_	linguistic	_	none	_	_	_	_	_	_
92-24	TO071	92	92	24	io	io	_	_	_	_	_	linguistic	_	none	_	_	_	_	_	_
92-25	TO071	92	92	25	sul	sul	_	_	_	_	_	linguistic	_	none	_	_	_	_	_	_
92-26	TO071	92	92	26	divano	divano	_	_	_	_	_	linguistic	_	none	_	_	_	_	_	_
92-27	TO071	92	92	27	ci	ci	_	_	_	_	_	linguistic	_	none	_	_	_	_	_	_
92-28	TO071	92	92	28	vivevo	vivevo	_	_	_	_	_	linguistic	_	none	PauseAfter=Yes	_	_	_	_	_
92-29	TO071	92	92	29	{P}	{P}	_	_	_	_	_	shortpause	_	none	_	_	_	_	_	_
92-30	TO071	92	92	30	quindi	quindi	_	_	_	_	_	linguistic	_	none	_	_	_	_	_	_
92-31	TO071	92	92	31	capisco	capisco	_	_	_	_	_	linguistic	_	none	_	_	_	_	_	_
92-32	TO071	92	92	32	benissimo	benissimo	_	_	_	_	_	linguistic	_	none	PauseAfter=Yes	_	_	_	_	_
92-33	TO071	92	92	33	{P}	{P}	_	_	_	_	_	shortpause	_	none	_	_	_	_	_	_
92-34	TO071	92	92	34	quello	quello	_	_	_	_	_	linguistic	_	none	_	_	_	_	_	_
92-35	TO071	92	92	35	che	che	_	_	_	_	_	linguistic	_	none	_	_	_	_	_	_
92-36	TO071	92	92	36	dici	dici	_	_	_	_	_	linguistic	_	none	_	_	_	_	_	_
92-37	TO071	92	92	37	tu.	tu	_	_	_	_	_	linguistic	_	none	Intonation=Falling	End=368.405	_	_	_	_
93-0	TO071	93	93	0	ehm	ehm	_	_	_	_	_	linguistic	_	none	PauseAfter=Yes	Begin=368.458	_	_	_	_
93-1	TO071	93	93	1	{P}	{P}	_	_	_	_	_	shortpause	_	none	_	_	_	_	_	_
93-2	TO071	93	93	2	casa	casa	_	_	_	_	_	linguistic	_	none	PauseAfter=Yes	_	_	_	_	_
93-3	TO071	93	93	3	{P}	{P}	_	_	_	_	_	shortpause	_	none	_	_	_	_	_	_
93-4	TO071	93	93	4	in	in	_	_	_	_	_	linguistic	_	none	_	_	_	_	_	_
93-5	TO071	93	93	5	italia	italia	_	_	_	_	_	linguistic	_	none	PauseAfter=Yes	_	_	_	_	_
93-6	TO071	93	93	6	{P}	{P}	_	_	_	_	_	shortpause	_	none	_	_	_	_	_	_
93-7	TO071	93	93	7	però	però	_	_	_	_	_	linguistic	_	none	_	_	_	_	_	_
93-8	TO071	93	93	8	so	so	_	_	_	_	_	linguistic	_	none	_	_	_	_	_	_
93-9	TO071	93	93	9	che	che	_	_	_	_	_	linguistic	_	none	_	_	_	_	_	_
93-10	TO071	93	93	10	tu	tu	_	_	_	_	_	linguistic	_	none	_	_	_	_	_	_
93-11	TO071	93	93	11	sei	sei	_	_	_	_	_	linguistic	_	none	_	_	_	_	_	_
93-12	TO071	93	93	12	stata	stata	_	_	_	_	_	linguistic	_	none	_	_	_	_	_	_
93-13	TO071	93	93	13	anche	anche	_	_	_	_	_	linguistic	_	none	_	_	_	_	_	_
93-14	TO071	93	93	14	in	in	_	_	_	_	_	linguistic	_	none	_	_	_	_	_	_
93-15	TO071	93	93	15	erasmus	erasmus	_	_	_	_	_	linguistic	_	none	PauseAfter=Yes	_	_	_	_	_
93-16	TO071	93	93	16	{P}	{P}	_	_	_	_	_	shortpause	_	none	_	_	_	_	_	_
93-17	TO071	93	93	17	[eh]?	eh	_	_	_	_	_	linguistic	_	none	Intonation=Rising	End=373.837	_	_	_	0-2(23)
94-0	TO073	94	94	0	[sì]	sì	_	_	_	_	_	linguistic	_	none	_	Begin=373.394	_	_	_	0-2(23)
94-1	TO073	94	94	1	sì	sì	_	_	_	_	_	linguistic	_	none	_	_	_	_	_	_
94-2	TO073	94	94	2	sì	sì	_	_	_	_	_	linguistic	_	none	_	_	_	_	_	_
94-3	TO073	94	94	3	sì	sì	_	_	_	_	_	linguistic	_	none	_	End=374.804	_	_	_	_
95-0	TO073	95	95	0	[eh]	eh	_	_	_	_	_	linguistic	_	none	_	Begin=374.804	_	_	_	0-2(24)
95-1	TO073	95	95	1	e	e	_	_	_	_	_	linguistic	_	none	_	_	_	_	_	_
95-2	TO073	95	95	2	sì	sì	_	_	_	_	_	linguistic	_	none	_	_	_	_	_	_
95-3	TO073	95	95	3	qua	qua	_	_	_	_	_	linguistic	_	none	_	_	_	_	_	_
95-4	TO073	95	95	4	si	si	_	_	_	_	_	linguistic	_	none	_	_	_	_	_	_
95-5	TO073	95	95	5	aggancia	aggancia	_	_	_	_	_	linguistic	_	none	_	_	_	_	_	_
95-6	TO073	95	95	6	molto	molto	_	_	_	_	_	linguistic	_	none	PauseAfter=Yes	_	_	_	_	_
95-7	TO073	95	95	7	{P}	{P}	_	_	_	_	_	shortpause	_	none	_	_	_	_	_	_
95-8	TO073	95	95	8	il	il	_	_	_	_	_	linguistic	_	none	_	_	_	_	_	_
95-9	TO073	95	95	9	mio	mio	_	_	_	_	_	linguistic	_	none	_	_	_	_	_	_
95-10	TO073	95	95	10	concetto	concetto	_	_	_	_	_	linguistic	_	none	_	_	_	_	_	_
95-11	TO073	95	95	11	di	di	_	_	_	_	_	linguistic	_	none	_	_	_	_	_	_
95-12	TO073	95	95	12	casa	casa	_	_	_	_	_	linguistic	_	none	_	_	_	_	_	_
95-13	TO073	95	95	13	[ideale]	ideale	_	_	_	_	_	linguistic	_	none	_	_	_	_	_	0-6(25)
95-14	TO073	95	95	14	nel	nel	_	_	_	_	_	linguistic	_	none	_	_	_	_	_	_
95-15	TO073	95	95	15	senso	senso	_	_	_	_	_	linguistic	_	none	_	_	_	_	_	_
95-16	TO073	95	95	16	che	che	_	_	_	_	_	linguistic	_	none	_	End=378.944	_	_	_	_
96-0	TO071	96	96	0	[eh]	eh	_	_	_	_	_	linguistic	_	none	_	Begin=374.813|End=375.429	_	_	_	0-2(24)
97-0	TO071	97	97	0	[ecco]	ecco	_	_	_	_	_	linguistic	_	none	_	Begin=377.627|End=378.327	_	_	_	0-4(25)
98-0	TO073	98	98	0	mh	mh	_	_	_	_	_	linguistic	_	none	_	Begin=379.418	_	_	_	_
98-1	TO073	98	98	1	appunto	appunto	_	_	_	_	_	linguistic	_	none	_	_	_	_	_	_
98-2	TO073	98	98	2	eh	eh	_	_	_	_	_	linguistic	_	none	_	_	_	_	_	_
98-3	TO073	98	98	3	le:	le	_	_	_	_	_	linguistic	_	none	_	_	1x1	_	_	_
98-4	TO073	98	98	4	mh	mh	_	_	_	_	_	linguistic	_	none	PauseAfter=Yes	_	_	_	_	_
98-5	TO073	98	98	5	{P}	{P}	_	_	_	_	_	shortpause	_	none	_	_	_	_	_	_
98-6	TO073	98	98	6	ho	ho	_	_	_	_	_	linguistic	_	none	_	_	_	_	_	_
98-7	TO073	98	98	7	vissuto	vissuto	_	_	_	_	_	linguistic	_	none	_	_	_	_	_	_
98-8	TO073	98	98	8	diverse	diverse	_	_	_	_	_	linguistic	_	none	_	_	_	_	_	_
98-9	TO073	98	98	9	esperienze	esperienze	_	_	_	_	_	linguistic	_	none	_	_	_	_	_	_
98-10	TO073	98	98	10	di:	di	_	_	_	_	_	linguistic	_	none	_	_	1x1	_	_	_
98-11	TO073	98	98	11	di	di	_	_	_	_	_	linguistic	_	none	_	_	_	_	_	_
98-12	TO073	98	98	12	coinquilina[ggio]	coinquilinaggio	_	_	_	_	_	linguistic	_	none	_	End=385.11	_	_	_	11-15(26)
99-0	TO071	99	99	0	[mh	mh	_	_	_	_	_	linguistic	_	none	_	Begin=384.54	_	_	_	0-2(26)
99-1	TO071	99	99	1	mh]	mh	_	_	_	_	_	linguistic	_	none	_	End=385.124	_	_	_	0-2(26)
100-0	TO073	100	100	0	e:hm	ehm	_	_	_	_	_	linguistic	_	none	PauseAfter=Yes	Begin=385.465	0x1	_	_	_
100-1	TO073	100	100	1	{P}	{P}	_	_	_	_	_	shortpause	_	none	_	_	_	_	_	_
100-2	TO073	100	100	2	la	la	_	_	_	_	_	linguistic	_	none	_	_	_	_	_	_
100-3	TO073	100	100	3	prima	prima	_	_	_	_	_	linguistic	_	none	_	_	_	_	_	_
100-4	TO073	100	100	4	di	di	_	_	_	_	_	linguistic	_	none	_	_	_	_	_	_
100-5	TO073	100	100	5	tutte	tutte	_	_	_	_	_	linguistic	_	none	_	_	_	_	_	_
100-6	TO073	100	100	6	in	in	_	_	_	_	_	linguistic	_	none	_	_	_	_	_	_
100-7	TO073	100	100	7	erasmus	erasmus	_	_	_	_	_	linguistic	_	none	_	_	_	_	_	_
100-8	TO073	100	100	8	e:d	ed	_	_	_	_	_	linguistic	_	none	_	_	0x1	_	_	_
100-9	TO073	100	100	9	è	è	_	_	_	_	_	linguistic	_	none	_	_	_	_	_	_
100-10	TO073	100	100	10	stato	stato	_	_	_	_	_	linguistic	_	none	PauseAfter=Yes	_	_	_	_	_
100-11	TO073	100	100	11	{P}	{P}	_	_	_	_	_	shortpause	_	none	_	_	_	_	_	_
100-12	TO073	100	100	12	bellissi[mo]	bellissimo	_	_	_	_	_	linguistic	_	none	_	End=390.41	_	_	_	8-10(27)
101-0	TO071	101	101	0	[mh	mh	_	_	_	_	_	linguistic	_	none	_	Begin=390.116	_	_	_	0-2(27)
101-1	TO071	101	101	1	mh]	mh	_	_	_	_	_	linguistic	_	none	_	_	_	_	_	0-2(27)
101-2	TO071	101	101	2	lì	lì	_	_	_	_	_	linguistic	_	none	_	_	_	_	_	_
101-3	TO071	101	101	3	com'	com'	_	_	_	_	_	linguistic	_	none	SpaceAfter=No	_	_	_	_	_
101-4	TO071	101	101	4	era	era	_	_	_	_	_	linguistic	_	none	_	_	_	_	_	_
101-5	TO071	101	101	5	la	la	_	_	_	_	_	linguistic	_	none	_	_	_	_	_	_
101-6	TO071	101	101	6	casa,	casa	_	_	_	_	_	linguistic	_	none	Intonation=WeaklyRising|PauseAfter=Yes	_	_	_	_	_
101-7	TO071	101	101	7	{P}	{P}	_	_	_	_	_	shortpause	_	none	_	_	_	_	_	_
101-8	TO071	101	101	8	ma	ma	_	_	_	_	_	linguistic	_	none	_	_	_	_	_	_
101-9	TO071	101	101	9	era	era	_	_	_	_	_	linguistic	_	none	_	_	_	_	_	_
101-10	TO071	101	101	10	uno	uno	_	_	_	_	_	linguistic	_	none	_	_	_	_	_	_
101-11	TO071	101	101	11	studentato	studentato	_	_	_	_	_	linguistic	_	none	_	_	_	_	_	_
101-12	TO071	101	101	12	o	o	_	_	_	_	_	linguistic	_	none	_	_	_	_	_	_
101-13	TO071	101	101	13	o	o	_	_	_	_	_	linguistic	_	none	_	_	_	_	_	_
101-14	TO071	101	101	14	[(che	che	_	_	_	_	_	linguistic	_	none	_	_	_	_	0-3(0)	0-3(28)
101-15	TO071	101	101	15	era?)]	era	_	_	_	_	_	linguistic	_	none	Intonation=Rising	End=394.42	_	_	0-3(0)	0-3(28)
102-0	TO073	102	102	0	[no	no	_	_	_	_	_	linguistic	_	none	_	Begin=393.045	_	_	_	0-2(28)
102-1	TO073	102	102	1	no	no	_	_	_	_	_	linguistic	_	none	_	_	_	_	_	0-2(28)
102-2	TO073	102	102	2	no]	no	_	_	_	_	_	linguistic	_	none	_	_	_	_	_	0-2(28)
102-3	TO073	102	102	3	eravamo	eravamo	_	_	_	_	_	linguistic	_	none	_	_	_	_	_	_
102-4	TO073	102	102	4	in	in	_	_	_	_	_	linguistic	_	none	_	_	_	_	_	_
102-5	TO073	102	102	5	un:	un	_	_	_	_	_	linguistic	_	none	_	_	1x1	_	_	_
102-6	TO073	102	102	6	in	in	_	_	_	_	_	linguistic	_	none	_	_	_	_	_	_
102-7	TO073	102	102	7	un	un	_	_	_	_	_	linguistic	_	none	_	_	_	_	_	_
102-8	TO073	102	102	8	appartamento	appartamento	_	_	_	_	_	linguistic	_	none	_	End=395.278	_	_	_	_
103-0	TO073	103	103	0	e:hm:	ehm	_	_	_	_	_	linguistic	_	none	PauseAfter=Yes	Begin=395.278	0x1,2x1	_	_	_
103-1	TO073	103	103	1	{P}	{P}	_	_	_	_	_	shortpause	_	none	_	_	_	_	_	_
103-2	TO073	103	103	2	ed	ed	_	_	_	_	_	linguistic	_	none	_	_	_	_	_	_
103-3	TO073	103	103	3	era	era	_	_	_	_	_	linguistic	_	none	_	_	_	_	_	_
103-4	TO073	103	103	4	un	un	_	_	_	_	_	linguistic	_	none	_	_	_	_	_	_
103-5	TO073	103	103	5	appartamento	appartamento	_	_	_	_	_	linguistic	_	none	_	_	_	_	_	_
103-6	TO073	103	103	6	molto	molto	_	_	_	_	_	linguistic	_	none	_	_	_	_	_	_
103-7	TO073	103	103	7	grande	grande	_	_	_	_	_	linguistic	_	none	PauseAfter=Yes	_	_	_	_	_
103-8	TO073	103	103	8	{P}	{P}	_	_	_	_	_	shortpause	_	none	_	_	_	_	_	_
103-9	TO073	103	103	9	ehm	ehm	_	_	_	_	_	linguistic	_	none	_	_	_	_	_	_
103-10	TO073	103	103	10	con	con	_	_	_	_	_	linguistic	_	none	_	_	_	_	_	_
103-11	TO073	103	103	11	un	un	_	_	_	_	_	linguistic	_	none	_	_	_	_	_	_
103-12	TO073	103	103	12	salone	salone	_	_	_	_	_	linguistic	_	none	_	_	_	_	_	_
103-13	TO073	103	103	13	enorme	enorme	_	_	_	_	_	linguistic	_	none	_	_	_	_	_	_
103-14	TO073	103	103	14	un	un	_	_	_	_	_	linguistic	_	none	_	_	_	_	_	_
103-15	TO073	103	103	15	divano	divano	_	_	_	_	_	linguistic	_	none	_	_	_	_	_	_
103-16	TO073	103	103	16	gigante	gigante	_	_	_	_	_	linguistic	_	none	_	End=401.86	_	_	_	_
104-0	TO071	104	104	0	mh	mh	_	_	_	_	_	linguistic	_	none	_	Begin=401.86	_	_	_	_
104-1	TO071	104	104	1	mh	mh	_	_	_	_	_	linguistic	_	none	_	End=402.465	_	_	_	_
105-0	TO073	105	105	0	le	le	_	_	_	_	_	linguistic	_	none	_	Begin=402.477	_	_	_	_
105-1	TO073	105	105	1	poltrone	poltrone	_	_	_	_	_	linguistic	_	none	_	_	_	_	_	_
105-2	TO073	105	105	2	eh	eh	_	_	_	_	_	linguistic	_	none	_	_	_	_	_	_
105-3	TO073	105	105	3	un	un	_	_	_	_	_	linguistic	_	none	_	_	_	_	_	_
105-4	TO073	105	105	4	tavolo	tavolo	_	_	_	_	_	linguistic	_	none	_	_	_	_	_	_
105-5	TO073	105	105	5	molto	molto	_	_	_	_	_	linguistic	_	none	_	_	_	_	_	_
105-6	TO073	105	105	6	grande	grande	_	_	_	_	_	linguistic	_	none	_	_	_	_	_	_
105-7	TO073	105	105	7	eh	eh	_	_	_	_	_	linguistic	_	none	_	_	_	_	_	_
105-8	TO073	105	105	8	in	in	_	_	_	_	_	linguistic	_	none	_	_	_	_	_	_
105-9	TO073	105	105	9	cui	cui	_	_	_	_	_	linguistic	_	none	_	_	_	_	_	_
105-10	TO073	105	105	10	si	si	_	_	_	_	_	linguistic	_	none	_	_	_	_	_	_
105-11	TO073	105	105	11	poteva	poteva	_	_	_	_	_	linguistic	_	none	_	_	_	_	_	_
105-12	TO073	105	105	12	mangiare	mangiare	_	_	_	_	_	linguistic	_	none	_	_	_	_	_	_
105-13	TO073	105	105	13	in	in	_	_	_	_	_	linguistic	_	none	_	_	_	_	_	_
105-14	TO073	105	105	14	tanti	tanti	_	_	_	_	_	linguistic	_	none	_	End=407.894	_	_	_	_
106-0	TO073	106	106	0	proprio	proprio	_	_	_	_	_	linguistic	_	none	_	Begin=408.124	_	_	_	_
106-1	TO073	106	106	1	la	la	_	_	_	_	_	linguistic	_	none	_	_	_	_	_	_
106-2	TO073	106	106	2	sala	sala	_	_	_	_	_	linguistic	_	none	_	_	_	_	_	_
106-3	TO073	106	106	3	era	era	_	_	_	_	_	linguistic	_	none	PauseAfter=Yes	_	_	_	_	_
106-4	TO073	106	106	4	{P}	{P}	_	_	_	_	_	shortpause	_	none	_	_	_	_	_	_
106-5	TO073	106	106	5	grande	grande	_	_	_	_	_	linguistic	_	none	_	_	_	_	_	_
106-6	TO073	106	106	6	e	e	_	_	_	_	_	linguistic	_	none	_	_	_	_	_	_
106-7	TO073	106	106	7	abbastanza	abbastanza	_	_	_	_	_	linguistic	_	none	_	_	_	_	_	_
106-8	TO073	106	106	8	vuota	vuota	_	_	_	_	_	linguistic	_	none	_	_	_	_	_	_
106-9	TO073	106	106	9	>da	da	_	_	_	_	_	linguistic	_	none	_	_	_	Fast=0-2(0)	_	_
106-10	TO073	106	106	10	poter	poter	_	_	_	_	_	linguistic	_	none	_	_	_	Fast=0-5(0)	_	_
106-11	TO073	106	106	11	contenere	contenere	_	_	_	_	_	linguistic	_	none	_	_	_	Fast=0-9(0)	_	_
106-12	TO073	106	106	12	tante	tante	_	_	_	_	_	linguistic	_	none	_	_	_	Fast=0-5(0)	_	_
106-13	TO073	106	106	13	persone	persone	_	_	_	_	_	linguistic	_	none	_	_	_	Fast=0-7(0)	_	_
106-14	TO073	106	106	14	quindi	quindi	_	_	_	_	_	linguistic	_	none	_	_	_	Fast=0-6(0)	_	_
106-15	TO073	106	106	15	anche<	anche	_	_	_	_	_	linguistic	_	none	_	End=413.116	_	Fast=0-5(0)	_	_
107-0	TO073	107	107	0	>quando	quando	_	_	_	_	_	linguistic	_	none	_	Begin=413.138	_	Fast=0-6(0)	_	_
107-1	TO073	107	107	1	eravamo	eravamo	_	_	_	_	_	linguistic	_	none	_	_	_	Fast=0-7(0)	_	_
107-2	TO073	107	107	2	in	in	_	_	_	_	_	linguistic	_	none	_	_	_	Fast=0-2(0)	_	_
107-3	TO073	107	107	3	tanti	tanti	_	_	_	_	_	linguistic	_	none	PauseAfter=Yes	_	_	Fast=0-5(0)	_	_
107-4	TO073	107	107	4	{P}	{P}	_	_	_	_	_	shortpause	_	none	_	_	_	Fast=0-3(0)	_	_
107-5	TO073	107	107	5	ci	ci	_	_	_	_	_	linguistic	_	none	_	_	_	Fast=0-2(0)	_	_
107-6	TO073	107	107	6	si	si	_	_	_	_	_	linguistic	_	none	_	_	_	Fast=0-2(0)	_	_
107-7	TO073	107	107	7	poteva	poteva	_	_	_	_	_	linguistic	_	none	_	_	_	Fast=0-6(0)	_	_
107-8	TO073	107	107	8	sedere	sedere	_	_	_	_	_	linguistic	_	none	PauseAfter=Yes	_	_	Fast=0-6(0)	_	_
107-9	TO073	107	107	9	{P}	{P}	_	_	_	_	_	shortpause	_	none	_	_	_	Fast=0-3(0)	_	_
107-10	TO073	107	107	10	su	su	_	_	_	_	_	linguistic	_	none	_	_	_	Fast=0-2(0)	_	_
107-11	TO073	107	107	11	mille	mille	_	_	_	_	_	linguistic	_	none	_	_	_	Fast=0-5(0)	_	_
107-12	TO073	107	107	12	sedie	sedie	_	_	_	_	_	linguistic	_	none	_	_	_	Fast=0-5(0)	_	_
107-13	TO073	107	107	13	diverse	diverse	_	_	_	_	_	linguistic	_	none	PauseAfter=Yes	_	_	Fast=0-7(0)	_	_
107-14	TO073	107	107	14	{P}	{P}	_	_	_	_	_	shortpause	_	none	_	_	_	Fast=0-3(0)	_	_
107-15	TO073	107	107	15	(ci	ci	_	_	_	_	_	linguistic	_	none	_	_	_	Fast=0-2(0)	0-2(0)	_
107-16	TO073	107	107	16	si	si	_	_	_	_	_	linguistic	_	none	_	_	_	Fast=0-2(0)	0-2(0)	_
107-17	TO073	107	107	17	poteva)	poteva	_	_	_	_	_	linguistic	_	none	_	_	_	Fast=0-6(0)	0-6(0)	_
107-18	TO073	107	107	18	stare	stare	_	_	_	_	_	linguistic	_	none	_	_	_	Fast=0-5(0)	_	_
107-19	TO073	107	107	19	per	per	_	_	_	_	_	linguistic	_	none	_	_	_	Fast=0-3(0)	_	_
107-20	TO073	107	107	20	terra	terra	_	_	_	_	_	linguistic	_	none	_	_	_	Fast=0-5(0)	_	_
107-21	TO073	107	107	21	sul	sul	_	_	_	_	_	linguistic	_	none	_	_	_	Fast=0-3(0)	_	_
107-22	TO073	107	107	22	divano<	divano	_	_	_	_	_	linguistic	_	none	_	_	_	Fast=0-6(0)	_	_
107-23	TO073	107	107	23	in:	in	_	_	_	_	_	linguistic	_	none	_	_	1x1	_	_	_
107-24	TO073	107	107	24	novanta	novanta	_	_	_	_	_	linguistic	_	none	PauseAfter=Yes	_	_	_	_	_
107-25	TO073	107	107	25	{P}	{P}	_	_	_	_	_	shortpause	_	none	_	_	_	_	_	_
107-26	TO073	107	107	26	ehm:	ehm	_	_	_	_	_	linguistic	_	none	_	End=420.647	2x1	_	_	_
108-0	TO071	108	108	0	[mh	mh	_	_	_	_	_	linguistic	_	none	_	Begin=418.697	_	_	_	0-2(29)
108-1	TO071	108	108	1	mh]	mh	_	_	_	_	_	linguistic	_	none	_	End=419.338	_	_	_	0-2(29)
109-0	TO073	109	109	0	e	e	_	_	_	_	_	linguistic	_	none	_	Begin=420.662	_	_	_	_
109-1	TO073	109	109	1	poi	poi	_	_	_	_	_	linguistic	_	none	PauseAfter=Yes	_	_	_	_	_
109-2	TO073	109	109	2	{P}	{P}	_	_	_	_	_	shortpause	_	none	_	_	_	_	_	_
109-3	TO073	109	109	3	la	la	_	_	_	_	_	linguistic	_	none	_	_	_	_	_	_
109-4	TO073	109	109	4	cosa	cosa	_	_	_	_	_	linguistic	_	none	_	_	_	_	_	_
109-5	TO073	109	109	5	bellissima	bellissima	_	_	_	_	_	linguistic	_	none	_	_	_	_	_	_
109-6	TO073	109	109	6	era	era	_	_	_	_	_	linguistic	_	none	_	_	_	_	_	_
109-7	TO073	109	109	7	che	che	_	_	_	_	_	linguistic	_	none	PauseAfter=Yes	_	_	_	_	_
109-8	TO073	109	109	8	{P}	{P}	_	_	_	_	_	shortpause	_	none	_	_	_	_	_	_
109-9	TO073	109	109	9	ehm	ehm	_	_	_	_	_	linguistic	_	none	_	End=424.171	_	_	_	_
110-0	TO073	110	110	0	per	per	_	_	_	_	_	linguistic	_	none	_	Begin=424.235	_	_	_	_
110-1	TO073	110	110	1	la	la	_	_	_	_	_	linguistic	_	none	_	_	_	_	_	_
110-2	TO073	110	110	2	prima	prima	_	_	_	_	_	linguistic	_	none	_	_	_	_	_	_
110-3	TO073	110	110	3	volta	volta	_	_	_	_	_	linguistic	_	none	_	_	_	_	_	_
110-4	TO073	110	110	4	ho	ho	_	_	_	_	_	linguistic	_	none	_	_	_	_	_	_
110-5	TO073	110	110	5	avuto	avuto	_	_	_	_	_	linguistic	_	none	_	_	_	_	_	_
110-6	TO073	110	110	6	una	una	_	_	_	_	_	linguistic	_	none	_	_	_	_	_	_
110-7	TO073	110	110	7	camera	camera	_	_	_	_	_	linguistic	_	none	_	_	_	_	_	_
110-8	TO073	110	110	8	che	che	_	_	_	_	_	linguistic	_	none	_	_	_	_	_	_
110-9	TO073	110	110	9	era	era	_	_	_	_	_	linguistic	_	none	_	_	_	_	_	_
110-10	TO073	110	110	10	camera	camera	_	_	_	_	_	linguistic	_	none	_	_	_	_	_	_
110-11	TO073	110	110	11	mia	mia	_	_	_	_	_	linguistic	_	none	_	_	_	_	_	_
110-12	TO073	110	110	12	la	la	_	_	_	_	_	linguistic	_	none	_	_	_	_	_	_
110-13	TO073	110	110	13	[mia	mia	_	_	_	_	_	linguistic	_	none	PauseAfter=Yes	_	_	_	_	0-3(30)
110-14	TO073	110	110	14	{P}	{P}	_	_	_	_	_	shortpause	_	none	_	_	_	_	_	0-3(30)
110-15	TO073	110	110	15	camera	camera	_	_	_	_	_	linguistic	_	none	_	_	_	_	_	0-6(30)
110-16	TO073	110	110	16	defi]nita	definita	_	_	_	_	_	linguistic	_	none	PauseAfter=Yes	_	_	_	_	0-4(30)
110-17	TO073	110	110	17	{P}	{P}	_	_	_	_	_	shortpause	_	none	_	_	_	_	_	_
110-18	TO073	110	110	18	>in	in	_	_	_	_	_	linguistic	_	none	_	_	_	Fast=0-2(0)	_	_
110-19	TO073	110	110	19	cui	cui	_	_	_	_	_	linguistic	_	none	_	_	_	Fast=0-3(0)	_	_
110-20	TO073	110	110	20	io	io	_	_	_	_	_	linguistic	_	none	_	_	_	Fast=0-2(0)	_	_
110-21	TO073	110	110	21	potevo	potevo	_	_	_	_	_	linguistic	_	none	_	_	_	Fast=0-6(0)	_	_
110-22	TO073	110	110	22	esprimere	esprimere	_	_	_	_	_	linguistic	_	none	_	_	_	Fast=0-9(0)	_	_
110-23	TO073	110	110	23	il	il	_	_	_	_	_	linguistic	_	none	_	_	_	Fast=0-2(0)	_	_
110-24	TO073	110	110	24	mio	mio	_	_	_	_	_	linguistic	_	none	_	_	_	Fast=0-3(0)	_	_
110-25	TO073	110	110	25	essere<	essere	_	_	_	_	_	linguistic	_	none	_	End=430.659	_	Fast=0-6(0)	_	_
111-0	TO071	111	111	0	[okay]	okay	_	_	_	_	_	linguistic	_	none	_	Begin=427.33|End=428.42	_	_	_	0-4(30)
112-0	TO073	112	112	0	>ecco	ecco	_	_	_	_	_	linguistic	_	none	_	Begin=430.834	_	Fast=0-4(0)	_	_
112-1	TO073	112	112	1	appunto	appunto	_	_	_	_	_	linguistic	_	none	_	_	_	Fast=0-7(0)	_	_
112-2	TO073	112	112	2	secondo	secondo	_	_	_	_	_	linguistic	_	none	_	_	_	Fast=0-7(0)	_	_
112-3	TO073	112	112	3	me	me	_	_	_	_	_	linguistic	_	none	_	_	_	Fast=0-2(0)	_	_
112-4	TO073	112	112	4	una	una	_	_	_	_	_	linguistic	_	none	_	_	_	Fast=0-3(0)	_	_
112-5	TO073	112	112	5	cosa	cosa	_	_	_	_	_	linguistic	_	none	_	_	_	Fast=0-4(0)	_	_
112-6	TO073	112	112	6	importantissima	importantissima	_	_	_	_	_	linguistic	_	none	_	_	_	Fast=0-15(0)	_	_
112-7	TO073	112	112	7	oltre	oltre	_	_	_	_	_	linguistic	_	none	_	_	_	Fast=0-5(0)	_	_
112-8	TO073	112	112	8	allo	allo	_	_	_	_	_	linguistic	_	none	_	_	_	Fast=0-4(0)	_	_
112-9	TO073	112	112	9	spazio	spazio	_	_	_	_	_	linguistic	_	none	_	_	_	Fast=0-6(0)	_	_
112-10	TO073	112	112	10	comune	comune	_	_	_	_	_	linguistic	_	none	PauseAfter=Yes	_	_	Fast=0-6(0)	_	_
112-11	TO073	112	112	11	{P}	{P}	_	_	_	_	_	shortpause	_	none	_	_	_	Fast=0-3(0)	_	_
112-12	TO073	112	112	12	è	è	_	_	_	_	_	linguistic	_	none	_	_	_	Fast=0-1(0)	_	_
112-13	TO073	112	112	13	proprio	proprio	_	_	_	_	_	linguistic	_	none	_	_	_	Fast=0-7(0)	_	_
112-14	TO073	112	112	14	la	la	_	_	_	_	_	linguistic	_	none	_	_	_	Fast=0-2(0)	_	_
112-15	TO073	112	112	15	definizione	definizione	_	_	_	_	_	linguistic	_	none	_	_	_	Fast=0-11(0)	_	_
112-16	TO073	112	112	16	di	di	_	_	_	_	_	linguistic	_	none	_	_	_	Fast=0-2(0)	_	_
112-17	TO073	112	112	17	quattro	quattro	_	_	_	_	_	linguistic	_	none	_	_	_	Fast=0-7(0)	_	_
112-18	TO073	112	112	18	mura	mura	_	_	_	_	_	linguistic	_	none	_	_	_	Fast=0-4(0)	_	_
112-19	TO073	112	112	19	che	che	_	_	_	_	_	linguistic	_	none	_	_	_	Fast=0-3(0)	_	_
112-20	TO073	112	112	20	siano	siano	_	_	_	_	_	linguistic	_	none	_	_	_	Fast=0-5(0)	_	_
112-21	TO073	112	112	21	tue	tue	_	_	_	_	_	linguistic	_	none	_	_	_	Fast=0-3(0)	_	_
112-22	TO073	112	112	22	tue	tue	_	_	_	_	_	linguistic	_	none	_	_	_	Fast=0-3(0)	_	_
112-23	TO073	112	112	23	e	e	_	_	_	_	_	linguistic	_	none	_	_	_	Fast=0-1(0)	_	_
112-24	TO073	112	112	24	basta<	basta	_	_	_	_	_	linguistic	_	none	_	End=437.158	_	Fast=0-5(0)	_	_
113-0	TO073	113	113	0	>dove	dove	_	_	_	_	_	linguistic	_	none	_	Begin=437.39	_	Fast=0-4(0)	_	_
113-1	TO073	113	113	1	ci	ci	_	_	_	_	_	linguistic	_	none	_	_	_	Fast=0-2(0)	_	_
113-2	TO073	113	113	2	sono	sono	_	_	_	_	_	linguistic	_	none	_	_	_	Fast=0-4(0)	_	_
113-3	TO073	113	113	3	le	le	_	_	_	_	_	linguistic	_	none	_	_	_	Fast=0-2(0)	_	_
113-4	TO073	113	113	4	tue	tue	_	_	_	_	_	linguistic	_	none	_	_	_	Fast=0-3(0)	_	_
113-5	TO073	113	113	5	foto	foto	_	_	_	_	_	linguistic	_	none	_	_	_	Fast=0-4(0)	_	_
113-6	TO073	113	113	6	dove	dove	_	_	_	_	_	linguistic	_	none	_	_	_	Fast=0-4(0)	_	_
113-7	TO073	113	113	7	ci	ci	_	_	_	_	_	linguistic	_	none	_	_	_	Fast=0-2(0)	_	_
113-8	TO073	113	113	8	sono	sono	_	_	_	_	_	linguistic	_	none	_	_	_	Fast=0-4(0)	_	_
113-9	TO073	113	113	9	i	i	_	_	_	_	_	linguistic	_	none	_	_	_	Fast=0-1(0)	_	_
113-10	TO073	113	113	10	tuoi	tuoi	_	_	_	_	_	linguistic	_	none	_	_	_	Fast=0-4(0)	_	_
113-11	TO073	113	113	11	poster	poster	_	_	_	_	_	linguistic	_	none	_	_	_	Fast=0-6(0)	_	_
113-12	TO073	113	113	12	appesi	appesi	_	_	_	_	_	linguistic	_	none	PauseAfter=Yes	_	_	Fast=0-6(0)	_	_
113-13	TO073	113	113	13	{P}	{P}	_	_	_	_	_	shortpause	_	none	_	_	_	Fast=0-3(0)	_	_
113-14	TO073	113	113	14	dove	dove	_	_	_	_	_	linguistic	_	none	_	_	_	Fast=0-4(0)	_	_
113-15	TO073	113	113	15	c'	c'	_	_	_	_	_	linguistic	_	none	SpaceAfter=No	_	_	Fast=0-2(0)	_	_
113-16	TO073	113	113	16	è	è	_	_	_	_	_	linguistic	_	none	_	_	_	Fast=0-1(0)	_	_
113-17	TO073	113	113	17	la	la	_	_	_	_	_	linguistic	_	none	_	_	_	Fast=0-2(0)	_	_
113-18	TO073	113	113	18	cartina	cartina	_	_	_	_	_	linguistic	_	none	_	_	_	Fast=0-7(0)	_	_
113-19	TO073	113	113	19	del	del	_	_	_	_	_	linguistic	_	none	_	_	_	Fast=0-3(0)	_	_
113-20	TO073	113	113	20	mondo	mondo	_	_	_	_	_	linguistic	_	none	_	_	_	Fast=0-5(0)	_	_
113-21	TO073	113	113	21	con	con	_	_	_	_	_	linguistic	_	none	_	_	_	Fast=0-3(0)	_	_
113-22	TO073	113	113	22	i	i	_	_	_	_	_	linguistic	_	none	_	_	_	Fast=0-1(0)	_	_
113-23	TO073	113	113	23	tuoi	tuoi	_	_	_	_	_	linguistic	_	none	_	_	_	Fast=0-4(0)	_	_
113-24	TO073	113	113	24	posti	posti	_	_	_	_	_	linguistic	_	none	_	_	_	Fast=0-5(0)	_	_
113-25	TO073	113	113	25	segnati	segnati	_	_	_	_	_	linguistic	_	none	_	_	_	Fast=0-7(0)	_	_
113-26	TO073	113	113	26	dove	dove	_	_	_	_	_	linguistic	_	none	_	_	_	Fast=0-4(0)	_	_
113-27	TO073	113	113	27	ci	ci	_	_	_	_	_	linguistic	_	none	_	_	_	Fast=0-2(0)	_	_
113-28	TO073	113	113	28	sono<	sono	_	_	_	_	_	linguistic	_	none	_	End=443.703	_	Fast=0-4(0)	_	_
114-0	TO073	114	114	0	>perché	perché	_	_	_	_	_	linguistic	_	none	_	Begin=444.041	_	Fast=0-6(0)	_	_
114-1	TO073	114	114	1	(in)	in	_	_	_	_	_	linguistic	_	none	PauseAfter=Yes	_	_	Fast=0-2(0)	0-2(0)	_
114-2	TO073	114	114	2	{P}	{P}	_	_	_	_	_	shortpause	_	none	_	_	_	Fast=0-3(0)	_	_
114-3	TO073	114	114	3	camera	camera	_	_	_	_	_	linguistic	_	none	_	_	_	Fast=0-6(0)	_	_
114-4	TO073	114	114	4	mia<	mia	_	_	_	_	_	linguistic	_	none	_	_	_	Fast=0-3(0)	_	_
114-5	TO073	114	114	5	di	di	_	_	_	_	_	linguistic	_	none	_	_	_	_	_	_
114-6	TO073	114	114	6	@nomepaese	@nomepaese	_	_	_	_	_	anonymized	_	none	_	End=446.35	_	_	_	_
115-0	TO071	115	115	0	mh	mh	_	_	_	_	_	linguistic	_	none	_	Begin=446.36	_	_	_	_
115-1	TO071	115	115	1	mh	mh	_	_	_	_	_	linguistic	_	none	_	End=446.908	_	_	_	_
116-0	TO073	116	116	0	>ha	ha	_	_	_	_	_	linguistic	_	none	_	Begin=447.17	_	Fast=0-2(0)	_	_
116-1	TO073	116	116	1	tante	tante	_	_	_	_	_	linguistic	_	none	_	_	_	Fast=0-5(0)	_	_
116-2	TO073	116	116	2	di	di	_	_	_	_	_	linguistic	_	none	_	_	_	Fast=0-2(0)	_	_
116-3	TO073	116	116	3	queste	queste	_	_	_	_	_	linguistic	_	none	_	_	_	Fast=0-6(0)	_	_
116-4	TO073	116	116	4	cose	cose	_	_	_	_	_	linguistic	_	none	_	_	_	Fast=0-4(0)	_	_
116-5	TO073	116	116	5	ha	ha	_	_	_	_	_	linguistic	_	none	_	_	_	Fast=0-2(0)	_	_
116-6	TO073	116	116	6	foto	foto	_	_	_	_	_	linguistic	_	none	_	_	_	Fast=0-4(0)	_	_
116-7	TO073	116	116	7	ha	ha	_	_	_	_	_	linguistic	_	none	_	_	_	Fast=0-2(0)	_	_
116-8	TO073	116	116	8	poster	poster	_	_	_	_	_	linguistic	_	none	_	_	_	Fast=0-6(0)	_	_
116-9	TO073	116	116	9	appesi	appesi	_	_	_	_	_	linguistic	_	none	_	_	_	Fast=0-6(0)	_	_
116-10	TO073	116	116	10	ma<	ma	_	_	_	_	_	linguistic	_	none	_	End=449.972	_	Fast=0-2(0)	_	_
117-0	TO073	117	117	0	niente	niente	_	_	_	_	_	linguistic	_	none	_	Begin=450.566	_	_	_	_
117-1	TO073	117	117	1	di	di	_	_	_	_	_	linguistic	_	none	_	_	_	_	_	_
117-2	TO073	117	117	2	così	così	_	_	_	_	_	linguistic	_	none	_	_	_	_	_	_
117-3	TO073	117	117	3	personale	personale	_	_	_	_	_	linguistic	_	none	_	_	_	_	_	_
117-4	TO073	117	117	4	perché	perché	_	_	_	_	_	linguistic	_	none	_	_	_	_	_	_
117-5	TO073	117	117	5	è	è	_	_	_	_	_	linguistic	_	none	_	_	_	_	_	_
117-6	TO073	117	117	6	comunque	comunque	_	_	_	_	_	linguistic	_	none	_	_	_	_	_	_
117-7	TO073	117	117	7	uno	uno	_	_	_	_	_	linguistic	_	none	_	_	_	_	_	_
117-8	TO073	117	117	8	spazio	spazio	_	_	_	_	_	linguistic	_	none	_	_	_	_	_	_
117-9	TO073	117	117	9	che	che	_	_	_	_	_	linguistic	_	none	_	_	_	_	_	_
117-10	TO073	117	117	10	è	è	_	_	_	_	_	linguistic	_	none	_	_	_	_	_	_
117-11	TO073	117	117	11	sempre	sempre	_	_	_	_	_	linguistic	_	none	_	_	_	_	_	_
117-12	TO073	117	117	12	stato	stato	_	_	_	_	_	linguistic	_	none	_	_	_	_	_	_
117-13	TO073	117	117	13	condiviso	condiviso	_	_	_	_	_	linguistic	_	none	_	_	_	_	_	_
117-14	TO073	117	117	14	e	e	_	_	_	_	_	linguistic	_	none	_	_	_	_	_	_
117-15	TO073	117	117	15	un	un	_	_	_	_	_	linguistic	_	none	_	_	_	_	_	_
117-16	TO073	117	117	16	po'	po'	_	_	_	_	_	linguistic	_	none	_	_	_	_	_	_
117-17	TO073	117	117	17	comune	comune	_	_	_	_	_	linguistic	_	none	_	End=455.375	_	_	_	_
118-0	TO073	118	118	0	e:h	eh	_	_	_	_	_	linguistic	_	none	PauseAfter=Yes	Begin=455.689	0x1	_	_	_
118-1	TO073	118	118	1	{P}	{P}	_	_	_	_	_	shortpause	_	none	_	_	_	_	_	_
118-2	TO073	118	118	2	>mai	mai	_	_	_	_	_	linguistic	_	none	_	_	_	Fast=0-3(0)	_	_
118-3	TO073	118	118	3	troppo	troppo	_	_	_	_	_	linguistic	_	none	_	_	_	Fast=0-6(0)	_	_
118-4	TO073	118	118	4	condiviso	condiviso	_	_	_	_	_	linguistic	_	none	_	_	_	Fast=0-9(0)	_	_
118-5	TO073	118	118	5	ma	ma	_	_	_	_	_	linguistic	_	none	_	_	_	Fast=0-2(0)	_	_
118-6	TO073	118	118	6	neanche	neanche	_	_	_	_	_	linguistic	_	none	_	_	_	Fast=0-7(0)	_	_
118-7	TO073	118	118	7	mai	mai	_	_	_	_	_	linguistic	_	none	_	_	_	Fast=0-3(0)	_	_
118-8	TO073	118	118	8	troppo	troppo	_	_	_	_	_	linguistic	_	none	_	_	_	Fast=0-6(0)	_	_
118-9	TO073	118	118	9	mio<	mio	_	_	_	_	_	linguistic	_	none	_	_	_	Fast=0-3(0)	_	_
118-10	TO073	118	118	10	quindi	quindi	_	_	_	_	_	linguistic	_	none	_	_	_	_	_	_
118-11	TO073	118	118	11	[lì	lì	_	_	_	_	_	linguistic	_	none	_	_	_	_	_	0-2(31)
118-12	TO073	118	118	12	è	è	_	_	_	_	_	linguistic	_	none	_	_	_	_	_	0-1(31)
118-13	TO073	118	118	13	nel]	nel	_	_	_	_	_	linguistic	_	none	_	_	_	_	_	0-3(31)
118-14	TO073	118	118	14	limbo.	limbo	_	_	_	_	_	linguistic	_	none	Intonation=Falling	End=459.524	_	_	_	_
119-0	TO071	119	119	0	[okay]	okay	_	_	_	_	_	linguistic	_	none	_	Begin=458.58|End=459.227	_	_	_	0-4(31)
120-0	TO073	120	120	0	>e	e	_	_	_	_	_	linguistic	_	none	_	Begin=460.089	_	Fast=0-1(0)	_	_
120-1	TO073	120	120	1	invece	invece	_	_	_	_	_	linguistic	_	none	_	_	_	Fast=0-6(0)	_	_
120-2	TO073	120	120	2	camera	camera	_	_	_	_	_	linguistic	_	none	_	_	_	Fast=0-6(0)	_	_
120-3	TO073	120	120	3	mia	mia	_	_	_	_	_	linguistic	_	none	_	_	_	Fast=0-3(0)	_	_
120-4	TO073	120	120	4	di	di	_	_	_	_	_	linguistic	_	none	_	_	_	Fast=0-2(0)	_	_
120-5	TO073	120	120	5	murcia	murcia	_	_	_	_	_	linguistic	_	none	_	_	_	Fast=0-6(0)	_	_
120-6	TO073	120	120	6	era	era	_	_	_	_	_	linguistic	_	none	_	_	_	Fast=0-3(0)	_	_
120-7	TO073	120	120	7	mh	mh	_	_	_	_	_	linguistic	_	none	PauseAfter=Yes	_	_	Fast=0-2(0)	_	_
120-8	TO073	120	120	8	{P}	{P}	_	_	_	_	_	shortpause	_	none	_	_	_	Fast=0-3(0)	_	_
120-9	TO073	120	120	9	era	era	_	_	_	_	_	linguistic	_	none	_	_	_	Fast=0-3(0)	_	_
120-10	TO073	120	120	10	bellissima	bellissima	_	_	_	_	_	linguistic	_	none	_	_	_	Fast=0-10(0)	_	_
120-11	TO073	120	120	11	perché	perché	_	_	_	_	_	linguistic	_	none	_	_	_	Fast=0-6(0)	_	_
120-12	TO073	120	120	12	era	era	_	_	_	_	_	linguistic	_	none	_	_	_	Fast=0-3(0)	_	_
120-13	TO073	120	120	13	esattamente	esattamente	_	_	_	_	_	linguistic	_	none	_	_	_	Fast=0-11(0)	_	_
120-14	TO073	120	120	14	come	come	_	_	_	_	_	linguistic	_	none	_	_	_	Fast=0-4(0)	_	_
120-15	TO073	120	120	15	la	la	_	_	_	_	_	linguistic	_	none	_	_	_	Fast=0-2(0)	_	_
120-16	TO073	120	120	16	volevo	volevo	_	_	_	_	_	linguistic	_	none	_	_	_	Fast=0-6(0)	_	_
120-17	TO073	120	120	17	io<	io	_	_	_	_	_	linguistic	_	none	_	_	_	Fast=0-2(0)	_	_
120-18	TO073	120	120	18	piccolissima	piccolissima	_	_	_	_	_	linguistic	_	none	_	_	_	_	_	_
120-19	TO073	120	120	19	però	però	_	_	_	_	_	linguistic	_	none	_	End=465.205	_	_	_	_
121-0	TO073	121	121	0	[con	con	_	_	_	_	_	linguistic	_	none	_	Begin=465.447	_	_	_	0-3(32)
121-1	TO073	121	121	1	le]	le	_	_	_	_	_	linguistic	_	none	PauseAfter=Yes	_	_	_	_	0-2(32)
121-2	TO073	121	121	2	{P}	{P}	_	_	_	_	_	shortpause	_	none	_	_	_	_	_	_
121-3	TO073	121	121	3	sì	sì	_	_	_	_	_	linguistic	_	none	_	_	_	_	_	_
121-4	TO073	121	121	4	con	con	_	_	_	_	_	linguistic	_	none	_	_	_	_	_	_
121-5	TO073	121	121	5	le	le	_	_	_	_	_	linguistic	_	none	_	_	_	_	_	_
121-6	TO073	121	121	6	mie	mie	_	_	_	_	_	linguistic	_	none	_	_	_	_	_	_
121-7	TO073	121	121	7	foto	foto	_	_	_	_	_	linguistic	_	none	_	_	_	_	_	_
121-8	TO073	121	121	8	dei	dei	_	_	_	_	_	linguistic	_	none	_	_	_	_	_	_
121-9	TO073	121	121	9	miei	miei	_	_	_	_	_	linguistic	_	none	_	_	_	_	_	_
121-10	TO073	121	121	10	amici	amici	_	_	_	_	_	linguistic	_	none	_	_	_	_	_	_
121-11	TO073	121	121	11	dell'	dell'	_	_	_	_	_	linguistic	_	none	SpaceAfter=No	_	_	_	_	_
121-12	TO073	121	121	12	italia	italia	_	_	_	_	_	linguistic	_	none	_	End=469.06	_	_	_	_
122-0	TO071	122	122	0	[tua]	tua	_	_	_	_	_	linguistic	_	none	_	Begin=465.447|End=466.001	_	_	_	0-3(32)
123-0	TO073	123	123	0	che	che	_	_	_	_	_	linguistic	_	none	_	Begin=469.06	_	_	_	_
123-1	TO073	123	123	1	guardavo	guardavo	_	_	_	_	_	linguistic	_	none	_	_	_	_	_	_
123-2	TO073	123	123	2	ogni	ogni	_	_	_	_	_	linguistic	_	none	_	_	_	_	_	_
123-3	TO073	123	123	3	sera	sera	_	_	_	_	_	linguistic	_	none	_	_	_	_	_	_
123-4	TO073	123	123	4	con	con	_	_	_	_	_	linguistic	_	none	_	_	_	_	_	_
123-5	TO073	123	123	5	le	le	_	_	_	_	_	linguistic	_	none	_	_	_	_	_	_
123-6	TO073	123	123	6	polaroid	polaroid	_	_	_	_	_	linguistic	_	none	_	_	_	_	_	_
123-7	TO073	123	123	7	con	con	_	_	_	_	_	linguistic	_	none	PauseAfter=Yes	_	_	_	_	_
123-8	TO073	123	123	8	{P}	{P}	_	_	_	_	_	shortpause	_	none	_	_	_	_	_	_
123-9	TO073	123	123	9	eh	eh	_	_	_	_	_	linguistic	_	none	_	_	_	_	_	_
123-10	TO073	123	123	10	le	le	_	_	_	_	_	linguistic	_	none	_	_	_	_	_	_
123-11	TO073	123	123	11	cose	cose	_	_	_	_	_	linguistic	_	none	_	_	_	_	_	_
123-12	TO073	123	123	12	appese	appese	_	_	_	_	_	linguistic	_	none	_	_	_	_	_	_
123-13	TO073	123	123	13	che	che	_	_	_	_	_	linguistic	_	none	_	_	_	_	_	_
123-14	TO073	123	123	14	vivevo	vivevo	_	_	_	_	_	linguistic	_	none	_	_	_	_	_	_
123-15	TO073	123	123	15	lì:	lì	_	_	_	_	_	linguistic	_	none	ProsodicLink=Yes	_	1x1	_	_	_
123-16	TO073	123	123	16	il	il	_	_	_	_	_	linguistic	_	none	_	_	_	_	_	_
123-17	TO073	123	123	17	biglietti	biglietti	_	_	_	_	_	linguistic	_	none	_	_	_	_	_	_
123-18	TO073	123	123	18	di	di	_	_	_	_	_	linguistic	_	none	_	_	_	_	_	_
123-19	TO073	123	123	19	concerti	concerti	_	_	_	_	_	linguistic	_	none	_	_	_	_	_	_
123-20	TO073	123	123	20	a	a	_	_	_	_	_	linguistic	_	none	_	_	_	_	_	_
123-21	TO073	123	123	21	cui	cui	_	_	_	_	_	linguistic	_	none	_	_	_	_	_	_
123-22	TO073	123	123	22	andavo	andavo	_	_	_	_	_	linguistic	_	none	_	_	_	_	_	_
123-23	TO073	123	123	23	di	di	_	_	_	_	_	linguistic	_	none	_	_	_	_	_	_
123-24	TO073	123	123	24	serate	serate	_	_	_	_	_	linguistic	_	none	_	_	_	_	_	_
123-25	TO073	123	123	25	che	che	_	_	_	_	_	linguistic	_	none	_	_	_	_	_	_
123-26	TO073	123	123	26	facevo	facevo	_	_	_	_	_	linguistic	_	none	_	End=477.446	_	_	_	_
124-0	TO073	124	124	0	ehm	ehm	_	_	_	_	_	linguistic	_	none	_	Begin=477.779	_	_	_	_
124-1	TO073	124	124	1	>le	le	_	_	_	_	_	linguistic	_	none	_	_	_	Fast=0-2(0)	_	_
124-2	TO073	124	124	2	mie	mie	_	_	_	_	_	linguistic	_	none	_	_	_	Fast=0-3(0)	_	_
124-3	TO073	124	124	3	piantine	piantine	_	_	_	_	_	linguistic	_	none	_	_	_	Fast=0-8(0)	_	_
124-4	TO073	124	124	4	che	che	_	_	_	_	_	linguistic	_	none	_	_	_	Fast=0-3(0)	_	_
124-5	TO073	124	124	5	mi	mi	_	_	_	_	_	linguistic	_	none	_	_	_	Fast=0-2(0)	_	_
124-6	TO073	124	124	6	avevano	avevano	_	_	_	_	_	linguistic	_	none	_	_	_	Fast=0-7(0)	_	_
124-7	TO073	124	124	7	regalato	regalato	_	_	_	_	_	linguistic	_	none	_	_	_	Fast=0-8(0)	_	_
124-8	TO073	124	124	8	lì	lì	_	_	_	_	_	linguistic	_	none	PauseAfter=Yes	_	_	Fast=0-2(0)	_	_
124-9	TO073	124	124	9	{P}	{P}	_	_	_	_	_	shortpause	_	none	_	_	_	Fast=0-3(0)	_	_
124-10	TO073	124	124	10	che	che	_	_	_	_	_	linguistic	_	none	_	_	_	Fast=0-3(0)	_	_
124-11	TO073	124	124	11	mi	mi	_	_	_	_	_	linguistic	_	none	_	_	_	Fast=0-2(0)	_	_
124-12	TO073	124	124	12	ha	ha	_	_	_	_	_	linguistic	_	none	_	_	_	Fast=0-2(0)	_	_
124-13	TO073	124	124	13	regalato	regalato	_	_	_	_	_	linguistic	_	none	_	_	_	Fast=0-8(0)	_	_
124-14	TO073	124	124	14	una	una	_	_	_	_	_	linguistic	_	none	_	_	_	Fast=0-3(0)	_	_
124-15	TO073	124	124	15	delle	delle	_	_	_	_	_	linguistic	_	none	_	_	_	Fast=0-5(0)	_	_
124-16	TO073	124	124	16	mie	mie	_	_	_	_	_	linguistic	_	none	_	_	_	Fast=0-3(0)	_	_
124-17	TO073	124	124	17	coinquiline<	coinquiline	_	_	_	_	_	linguistic	_	none	_	_	_	Fast=0-11(0)	_	_
124-18	TO073	124	124	18	mh	mh	_	_	_	_	_	linguistic	_	none	_	_	_	_	_	_
124-19	TO073	124	124	19	anche	anche	_	_	_	_	_	linguistic	_	none	_	_	_	_	_	_
124-20	TO073	124	124	20	molto	molto	_	_	_	_	_	linguistic	_	none	_	_	_	_	_	_
124-21	TO073	124	124	21	amica	amica	_	_	_	_	_	linguistic	_	none	PauseAfter=Yes	_	_	_	_	_
124-22	TO073	124	124	22	{P}	{P}	_	_	_	_	_	shortpause	_	none	_	_	_	_	_	_
124-23	TO073	124	124	23	ehm	ehm	_	_	_	_	_	linguistic	_	none	_	End=484.966	_	_	_	_
125-0	TO073	125	125	0	bello	bello	_	_	_	_	_	linguistic	_	none	_	Begin=485.303	_	_	_	_
125-1	TO073	125	125	1	era	era	_	_	_	_	_	linguistic	_	none	_	_	_	_	_	_
125-2	TO073	125	125	2	proprio	proprio	_	_	_	_	_	linguistic	_	none	_	_	_	_	_	_
125-3	TO073	125	125	3	un	un	_	_	_	_	_	linguistic	_	none	_	_	_	_	_	_
125-4	TO073	125	125	4	posto	posto	_	_	_	_	_	linguistic	_	none	PauseAfter=Yes	_	_	_	_	_
125-5	TO073	125	125	5	{P}	{P}	_	_	_	_	_	shortpause	_	none	_	_	_	_	_	_
125-6	TO073	125	125	6	felice	felice	_	_	_	_	_	linguistic	_	none	_	_	_	_	_	_
125-7	TO073	125	125	7	un	un	_	_	_	_	_	linguistic	_	none	_	_	_	_	_	_
125-8	TO073	125	125	8	posto	posto	_	_	_	_	_	linguistic	_	none	_	_	_	_	_	_
125-9	TO073	125	125	9	bello	bello	_	_	_	_	_	linguistic	_	none	_	End=488.407	_	_	_	_
126-0	TO073	126	126	0	le	le	_	_	_	_	_	linguistic	_	none	_	Begin=488.407	_	_	_	_
126-1	TO073	126	126	1	lucine	lucine	_	_	_	_	_	linguistic	_	none	_	_	_	_	_	_
126-2	TO073	126	126	2	questo	questo	_	_	_	_	_	linguistic	_	none	_	_	_	_	_	_
126-3	TO073	126	126	3	quell'	quell'	_	_	_	_	_	linguistic	_	none	SpaceAfter=No	_	_	_	_	_
126-4	TO073	126	126	4	altro	altro	_	_	_	_	_	linguistic	_	none	_	_	_	_	_	_
126-5	TO073	126	126	5	x	x	_	_	_	_	_	unknown	_	none	Syllables=1	_	_	_	_	_
126-6	TO073	126	126	6	un	un	_	_	_	_	_	linguistic	_	none	_	_	_	_	_	_
126-7	TO073	126	126	7	posto	posto	_	_	_	_	_	linguistic	_	none	_	_	_	_	_	_
126-8	TO073	126	126	8	un	un	_	_	_	_	_	linguistic	_	none	_	_	_	_	_	_
126-9	TO073	126	126	9	posto	posto	_	_	_	_	_	linguistic	_	none	_	_	_	_	_	_
126-10	TO073	126	126	10	bello	bello	_	_	_	_	_	linguistic	_	none	_	_	_	_	_	_
126-11	TO073	126	126	11	che	che	_	_	_	_	_	linguistic	_	none	_	_	_	_	_	_
126-12	TO073	126	126	12	era	era	_	_	_	_	_	linguistic	_	none	_	_	_	_	_	_
126-13	TO073	126	126	13	mio	mio	_	_	_	_	_	linguistic	_	none	_	End=492.822	_	_	_	_
127-0	TO073	127	127	0	e	e	_	_	_	_	_	linguistic	_	none	_	Begin=492.839	_	_	_	_
127-1	TO073	127	127	1	in	in	_	_	_	_	_	linguistic	_	none	_	_	_	_	_	_
127-2	TO073	127	127	2	cui	cui	_	_	_	_	_	linguistic	_	none	_	_	_	_	_	_
127-3	TO073	127	127	3	stavo	stavo	_	_	_	_	_	linguistic	_	none	_	_	_	_	_	_
127-4	TO073	127	127	4	bene	bene	_	_	_	_	_	linguistic	_	none	PauseAfter=Yes	_	_	_	_	_
127-5	TO073	127	127	5	{P}	{P}	_	_	_	_	_	shortpause	_	none	_	_	_	_	_	_
127-6	TO073	127	127	6	e	e	_	_	_	_	_	linguistic	_	none	_	_	_	_	_	_
127-7	TO073	127	127	7	>mi	mi	_	_	_	_	_	linguistic	_	none	_	_	_	Fast=0-2(0)	_	_
127-8	TO073	127	127	8	sentivo	sentivo	_	_	_	_	_	linguistic	_	none	_	_	_	Fast=0-7(0)	_	_
127-9	TO073	127	127	9	che	che	_	_	_	_	_	linguistic	_	none	_	_	_	Fast=0-3(0)	_	_
127-10	TO073	127	127	10	veramente	veramente	_	_	_	_	_	linguistic	_	none	_	_	_	Fast=0-9(0)	_	_
127-11	TO073	127	127	11	fosse	fosse	_	_	_	_	_	linguistic	_	none	_	_	_	Fast=0-5(0)	_	_
127-12	TO073	127	127	12	il	il	_	_	_	_	_	linguistic	_	none	_	_	_	Fast=0-2(0)	_	_
127-13	TO073	127	127	13	posto	posto	_	_	_	_	_	linguistic	_	none	_	_	_	Fast=0-5(0)	_	_
127-14	TO073	127	127	14	che	che	_	_	_	_	_	linguistic	_	none	_	_	_	Fast=0-3(0)	_	_
127-15	TO073	127	127	15	mi	mi	_	_	_	_	_	linguistic	_	none	_	_	_	Fast=0-2(0)	_	_
127-16	TO073	127	127	16	potesse	potesse	_	_	_	_	_	linguistic	_	none	_	_	_	Fast=0-7(0)	_	_
127-17	TO073	127	127	17	rappresentare	rappresentare	_	_	_	_	_	linguistic	_	none	_	_	_	Fast=0-13(0)	_	_
127-18	TO073	127	127	18	di	di	_	_	_	_	_	linguistic	_	none	_	_	_	Fast=0-2(0)	_	_
127-19	TO073	127	127	19	più	più	_	_	_	_	_	linguistic	_	none	_	_	_	Fast=0-3(0)	_	_
127-20	TO073	127	127	20	che	che	_	_	_	_	_	linguistic	_	none	_	_	_	Fast=0-3(0)	_	_
127-21	TO073	127	127	21	mi	mi	_	_	_	_	_	linguistic	_	none	_	_	_	Fast=0-2(0)	_	_
127-22	TO073	127	127	22	potesse	potesse	_	_	_	_	_	linguistic	_	none	PauseAfter=Yes	_	_	Fast=0-7(0)	_	_
127-23	TO073	127	127	23	{P}	{P}	_	_	_	_	_	shortpause	_	none	_	_	_	Fast=0-3(0)	_	_
127-24	TO073	127	127	24	accogliere	accogliere	_	_	_	_	_	linguistic	_	none	_	_	_	Fast=0-10(0)	_	_
127-25	TO073	127	127	25	quando	quando	_	_	_	_	_	linguistic	_	none	_	_	_	Fast=0-6(0)	_	_
127-26	TO073	127	127	26	non	non	_	_	_	_	_	linguistic	_	none	_	_	_	Fast=0-3(0)	_	_
127-27	TO073	127	127	27	avevo	avevo	_	_	_	_	_	linguistic	_	none	_	_	_	Fast=0-5(0)	_	_
127-28	TO073	127	127	28	voglia	voglia	_	_	_	_	_	linguistic	_	none	_	_	_	Fast=0-6(0)	_	_
127-29	TO073	127	127	29	di	di	_	_	_	_	_	linguistic	_	none	_	_	_	Fast=0-2(0)	_	_
127-30	TO073	127	127	30	parlare	parlare	_	_	_	_	_	linguistic	_	none	_	_	_	Fast=0-7(0)	_	_
127-31	TO073	127	127	31	con	con	_	_	_	_	_	linguistic	_	none	_	_	_	Fast=0-3(0)	_	_
127-32	TO073	127	127	32	nessuno<	nessuno	_	_	_	_	_	linguistic	_	none	_	End=501.205	_	Fast=0-7(0)	_	_
128-0	TO071	128	128	0	ti	ti	_	_	_	_	_	linguistic	_	none	_	Begin=501.222	_	_	_	_
128-1	TO071	128	128	1	chiudevi	chiudevi	_	_	_	_	_	linguistic	_	none	_	_	_	_	_	_
128-2	TO071	128	128	2	in	in	_	_	_	_	_	linguistic	_	none	_	_	_	_	_	_
128-3	TO071	128	128	3	camera	camera	_	_	_	_	_	linguistic	_	none	_	End=502.12	_	_	_	_
129-0	TO073	129	129	0	esatto	esatto	_	_	_	_	_	linguistic	_	none	_	Begin=502.126	_	_	_	_
129-1	TO073	129	129	1	ma	ma	_	_	_	_	_	linguistic	_	none	_	_	_	_	_	_
129-2	TO073	129	129	2	dall'	dall'	_	_	_	_	_	linguistic	_	none	SpaceAfter=No	_	_	_	_	_
129-3	TO073	129	129	3	altra	altra	_	_	_	_	_	linguistic	_	none	_	_	_	_	_	_
129-4	TO073	129	129	4	parte	parte	_	_	_	_	_	linguistic	_	none	_	End=503.792	_	_	_	_
130-0	TO073	130	130	0	>sì	sì	_	_	_	_	_	linguistic	_	none	_	Begin=503.792	_	Fast=0-2(0)	_	_
130-1	TO073	130	130	1	che	che	_	_	_	_	_	linguistic	_	none	_	_	_	Fast=0-3(0)	_	_
130-2	TO073	130	130	2	poi	poi	_	_	_	_	_	linguistic	_	none	_	_	_	Fast=0-3(0)	_	_
130-3	TO073	130	130	3	era	era	_	_	_	_	_	linguistic	_	none	PauseAfter=Yes	_	_	Fast=0-3(0)	_	_
130-4	TO073	130	130	4	{P}	{P}	_	_	_	_	_	shortpause	_	none	_	_	_	Fast=0-3(0)	_	_
130-5	TO073	130	130	5	attaccata	attaccata	_	_	_	_	_	linguistic	_	none	_	_	_	Fast=0-9(0)	_	_
130-6	TO073	130	130	6	a	a	_	_	_	_	_	linguistic	_	none	_	_	_	Fast=0-1(0)	_	_
130-7	TO073	130	130	7	quella	quella	_	_	_	_	_	linguistic	_	none	_	_	_	Fast=0-6(0)	_	_
130-8	TO073	130	130	8	di	di	_	_	_	_	_	linguistic	_	none	_	_	_	Fast=0-2(0)	_	_
130-9	TO073	130	130	9	jack<	jack	_	_	_	_	_	linguistic	_	none	_	_	_	Fast=0-4(0)	_	_
130-10	TO073	130	130	10	quindi	quindi	_	_	_	_	_	linguistic	_	none	_	_	_	_	_	_
130-11	TO073	130	130	11	era	era	_	_	_	_	_	linguistic	_	none	_	_	_	_	_	_
130-12	TO073	130	130	12	come	come	_	_	_	_	_	linguistic	_	none	_	_	_	_	_	_
130-13	TO073	130	130	13	se	se	_	_	_	_	_	linguistic	_	none	_	_	_	_	_	_
130-14	TO073	130	130	14	fossi	fossi	_	_	_	_	_	linguistic	_	none	_	_	_	_	_	_
130-15	TO073	130	130	15	in	in	_	_	_	_	_	linguistic	_	none	_	_	_	_	_	_
130-16	TO073	130	130	16	camera	camera	_	_	_	_	_	linguistic	_	none	_	_	_	_	_	_
130-17	TO073	130	130	17	insieme	insieme	_	_	_	_	_	linguistic	_	none	_	_	_	_	_	_
130-18	TO073	130	130	18	in	in	_	_	_	_	_	linguistic	_	none	_	_	_	_	_	_
130-19	TO073	130	130	19	realtà	realtà	_	_	_	_	_	linguistic	_	none	_	_	_	_	_	_
130-20	TO073	130	130	20	{ride}	{ride}	_	_	_	_	_	nonverbalbehavior	_	none	_	End=507.75	_	_	_	_
131-0	TO071	131	131	0	{ride}	{ride}	_	_	_	_	_	nonverbalbehavior	_	none	_	Begin=505.417|End=507.75	_	_	_	_
132-0	TO071	132	132	0	ah	ah	_	_	_	_	_	linguistic	_	none	_	Begin=507.75	_	_	_	_
132-1	TO071	132	132	1	ma	ma	_	_	_	_	_	linguistic	_	none	_	_	_	_	_	_
132-2	TO071	132	132	2	quindi	quindi	_	_	_	_	_	linguistic	_	none	_	_	_	_	_	_
132-3	TO071	132	132	3	tu	tu	_	_	_	_	_	linguistic	_	none	_	_	_	_	_	_
132-4	TO071	132	132	4	hai	hai	_	_	_	_	_	linguistic	_	none	_	_	_	_	_	_
132-5	TO071	132	132	5	sentito	sentito	_	_	_	_	_	linguistic	_	none	_	_	_	_	_	_
132-6	TO071	132	132	6	cose	cose	_	_	_	_	_	linguistic	_	none	_	_	_	_	_	_
132-7	TO071	132	132	7	[che	che	_	_	_	_	_	linguistic	_	none	_	_	_	_	_	0-3(33)
132-8	TO071	132	132	8	ha	ha	_	_	_	_	_	linguistic	_	none	_	_	_	_	_	0-2(33)
132-9	TO071	132	132	9	fatto	fatto	_	_	_	_	_	linguistic	_	none	_	_	_	_	_	0-5(33)
132-10	TO071	132	132	10	jack,	jack	_	_	_	_	_	linguistic	_	none	Intonation=WeaklyRising	_	_	_	_	0-4(33)
132-11	TO071	132	132	11	ah	ah	_	_	_	_	_	linguistic	_	none	_	_	_	_	_	0-2(33)
132-12	TO071	132	132	12	okay]	okay	_	_	_	_	_	linguistic	_	none	_	End=510.74	_	_	_	0-4(33)
133-0	TO073	133	133	0	[sì	sì	_	_	_	_	_	linguistic	_	none	_	Begin=509.203	_	_	_	0-2(33)
133-1	TO073	133	133	1	sì	sì	_	_	_	_	_	linguistic	_	none	_	_	_	_	_	0-2(33)
133-2	TO073	133	133	2	sì	sì	_	_	_	_	_	linguistic	_	none	PauseAfter=Yes	_	_	_	_	0-2(33)
133-3	TO073	133	133	3	{P}	{P}	_	_	_	_	_	shortpause	_	none	_	_	_	_	_	0-3(33)
133-4	TO073	133	133	4	sì	sì	_	_	_	_	_	linguistic	_	none	_	_	_	_	_	0-2(33)
133-5	TO073	133	133	5	sì]	sì	_	_	_	_	_	linguistic	_	none	PauseAfter=Yes	_	_	_	_	0-2(33)
133-6	TO073	133	133	6	{P}	{P}	_	_	_	_	_	shortpause	_	none	_	_	_	_	_	_
133-7	TO073	133	133	7	ciao	ciao	_	_	_	_	_	linguistic	_	none	_	_	_	_	_	_
133-8	TO073	133	133	8	jack	jack	_	_	_	_	_	linguistic	_	none	_	_	_	_	_	_
133-9	TO073	133	133	9	se	se	_	_	_	_	_	linguistic	_	none	_	_	_	_	_	_
133-10	TO073	133	133	10	mai	mai	_	_	_	_	_	linguistic	_	none	_	_	_	_	_	_
133-11	TO073	133	133	11	sentirai	sentirai	_	_	_	_	_	linguistic	_	none	_	_	_	_	_	_
133-12	TO073	133	133	12	questo	questo	_	_	_	_	_	linguistic	_	none	_	_	_	_	_	_
133-13	TO073	133	133	13	audio	audio	_	_	_	_	_	linguistic	_	none	_	_	_	_	_	_
133-14	TO073	133	133	14	{ride}	{ride}	_	_	_	_	_	nonverbalbehavior	_	none	_	End=513.587	_	_	_	_
134-0	TO071	134	134	0	{ride}	{ride}	_	_	_	_	_	nonverbalbehavior	_	none	_	Begin=510.75|End=513.587	_	_	_	_
135-0	TO073	135	135	0	>anche	anche	_	_	_	_	_	linguistic	_	none	_	Begin=513.587	_	Fast=0-5(0)	_	_
135-1	TO073	135	135	1	perché	perché	_	_	_	_	_	linguistic	_	none	_	_	_	Fast=0-6(0)	_	_
135-2	TO073	135	135	2	camera	camera	_	_	_	_	_	linguistic	_	none	_	_	_	Fast=0-6(0)	_	_
135-3	TO073	135	135	3	mia	mia	_	_	_	_	_	linguistic	_	none	_	_	_	Fast=0-3(0)	_	_
135-4	TO073	135	135	4	e	e	_	_	_	_	_	linguistic	_	none	_	_	_	Fast=0-1(0)	_	_
135-5	TO073	135	135	5	di	di	_	_	_	_	_	linguistic	_	none	_	_	_	Fast=0-2(0)	_	_
135-6	TO073	135	135	6	jack	jack	_	_	_	_	_	linguistic	_	none	_	_	_	Fast=0-4(0)	_	_
135-7	TO073	135	135	7	era<	era	_	_	_	_	_	linguistic	_	none	_	_	_	Fast=0-3(0)	_	_
135-8	TO073	135	135	8	(sì:)	sì	_	_	_	_	_	linguistic	_	none	_	End=516.352	1x1	_	0-2(0)	_
136-0	TO073	136	136	0	insomma	insomma	_	_	_	_	_	linguistic	_	none	_	Begin=516.745	_	_	_	_
136-1	TO073	136	136	1	era	era	_	_	_	_	_	linguistic	_	none	_	_	_	_	_	_
136-2	TO073	136	136	2	suddivisa	suddivisa	_	_	_	_	_	linguistic	_	none	_	_	_	_	_	_
136-3	TO073	136	136	3	da	da	_	_	_	_	_	linguistic	_	none	_	_	_	_	_	_
136-4	TO073	136	136	4	un	un	_	_	_	_	_	linguistic	_	none	_	_	_	_	_	_
136-5	TO073	136	136	5	muro	muro	_	_	_	_	_	linguistic	_	none	_	_	_	_	_	_
136-6	TO073	136	136	6	di	di	_	_	_	_	_	linguistic	_	none	_	_	_	_	_	_
136-7	TO073	136	136	7	cartongesso	cartongesso	_	_	_	_	_	linguistic	_	none	_	End=519.269	_	_	_	_
137-0	TO073	137	137	0	che	che	_	_	_	_	_	linguistic	_	none	PauseAfter=Yes	Begin=519.28	_	_	_	_
137-1	TO073	137	137	1	{P}	{P}	_	_	_	_	_	shortpause	_	none	_	_	_	_	_	_
137-2	TO073	137	137	2	<ehm:	ehm	_	_	_	_	_	linguistic	_	none	_	_	2x1	_	_	_
137-3	TO073	137	137	3	finiva	finiva	_	_	_	_	_	linguistic	_	none	_	_	_	_	_	_
137-4	TO073	137	137	4	con	con	_	_	_	_	_	linguistic	_	none	_	_	_	_	_	_
137-5	TO073	137	137	5	una	una	_	_	_	_	_	linguistic	_	none	_	_	_	_	_	_
137-6	TO073	137	137	6	finestrina	finestrina	_	_	_	_	_	linguistic	_	none	_	_	_	_	_	_
137-7	TO073	137	137	7	di	di	_	_	_	_	_	linguistic	_	none	_	_	_	_	_	_
137-8	TO073	137	137	8	vetro>	vetro	_	_	_	_	_	linguistic	_	none	_	_	_	_	_	_
137-9	TO073	137	137	9	[insomma	insomma	_	_	_	_	_	linguistic	_	none	_	_	_	_	_	0-7(34)
137-10	TO073	137	137	10	>molto	molto	_	_	_	_	_	linguistic	_	none	_	_	_	_	_	0-5(34)
137-11	TO073	137	137	11	alta]	alta	_	_	_	_	_	linguistic	_	none	_	_	_	_	_	0-4(34)
137-12	TO073	137	137	12	quindi	quindi	_	_	_	_	_	linguistic	_	none	_	_	_	_	_	_
137-13	TO073	137	137	13	non	non	_	_	_	_	_	linguistic	_	none	_	_	_	_	_	_
137-14	TO073	137	137	14	si	si	_	_	_	_	_	linguistic	_	none	_	_	_	_	_	_
137-15	TO073	137	137	15	vedeva	vedeva	_	_	_	_	_	linguistic	_	none	_	_	_	_	_	_
137-16	TO073	137	137	16	nulla	nulla	_	_	_	_	_	linguistic	_	none	_	_	_	_	_	_
137-17	TO073	137	137	17	da	da	_	_	_	_	_	linguistic	_	none	_	_	_	_	_	_
137-18	TO073	137	137	18	una	una	_	_	_	_	_	linguistic	_	none	_	_	_	_	_	_
137-19	TO073	137	137	19	camera	camera	_	_	_	_	_	linguistic	_	none	_	_	_	_	_	_
137-20	TO073	137	137	20	all'	all'	_	_	_	_	_	linguistic	_	none	SpaceAfter=No	_	_	_	_	_
137-21	TO073	137	137	21	altra	altra	_	_	_	_	_	linguistic	_	none	_	End=526.725	_	_	_	_
138-0	TO071	138	138	0	[a:h]	ah	_	_	_	_	_	linguistic	_	none	_	Begin=523.78|End=524.96	0x1	_	_	0-2(34)
139-0	TO071	139	139	0	ma	ma	_	_	_	_	_	linguistic	_	none	_	Begin=526.725	_	_	_	_
139-1	TO071	139	139	1	volendo	volendo	_	_	_	_	_	linguistic	_	none	_	_	_	_	_	_
139-2	TO071	139	139	2	{ride}	{ride}	_	_	_	_	_	nonverbalbehavior	_	none	_	End=528.591	_	_	_	_
140-0	TO073	140	140	0	volendo	volendo	_	_	_	_	_	linguistic	_	none	_	Begin=527.676	_	_	_	_
140-1	TO073	140	140	1	esatto	esatto	_	_	_	_	_	linguistic	_	none	_	_	_	_	_	_
140-2	TO073	140	140	2	sì.	sì	_	_	_	_	_	linguistic	_	none	Intonation=Falling	End=528.596	_	_	_	_
141-0	TO073	141	141	0	e	e	_	_	_	_	_	linguistic	_	none	_	Begin=528.817	_	_	_	_
141-1	TO073	141	141	1	poi	poi	_	_	_	_	_	linguistic	_	none	_	_	_	_	_	_
141-2	TO073	141	141	2	(io)	io	_	_	_	_	_	linguistic	_	none	_	_	_	_	0-2(0)	_
141-3	TO073	141	141	3	soprattutto	soprattutto	_	_	_	_	_	linguistic	_	none	_	_	_	_	_	_
141-4	TO073	141	141	4	se	se	_	_	_	_	_	linguistic	_	none	_	_	_	_	_	_
141-5	TO073	141	141	5	io	io	_	_	_	_	_	linguistic	_	none	_	_	_	_	_	_
141-6	TO073	141	141	6	tenevo	tenevo	_	_	_	_	_	linguistic	_	none	_	_	_	_	_	_
141-7	TO073	141	141	7	la	la	_	_	_	_	_	linguistic	_	none	_	_	_	_	_	_
141-8	TO073	141	141	8	luce	luce	_	_	_	_	_	linguistic	_	none	_	_	_	_	_	_
141-9	TO073	141	141	9	accesa	accesa	_	_	_	_	_	linguistic	_	none	PauseAfter=Yes	_	_	_	_	_
141-10	TO073	141	141	10	{P}	{P}	_	_	_	_	_	shortpause	_	none	_	_	_	_	_	_
141-11	TO073	141	141	11	passava	passava	_	_	_	_	_	linguistic	_	none	PauseAfter=Yes	_	_	_	_	_
141-12	TO073	141	141	12	{P}	{P}	_	_	_	_	_	shortpause	_	none	_	_	_	_	_	_
141-13	TO073	141	141	13	[in	in	_	_	_	_	_	linguistic	_	none	_	_	_	_	_	0-2(36)
141-14	TO073	141	141	14	camera]	camera	_	_	_	_	_	linguistic	_	none	_	_	_	_	_	0-6(36)
141-15	TO073	141	141	15	sua	sua	_	_	_	_	_	linguistic	_	none	_	End=532.77	_	_	_	_
142-0	TO071	142	142	0	[okay]	okay	_	_	_	_	_	linguistic	_	none	_	Begin=531.772|End=532.4	_	_	_	0-4(36)
143-0	TO073	143	143	0	o	o	_	_	_	_	_	linguistic	_	none	_	Begin=533.7	_	_	_	_
143-1	TO073	143	143	1	viceversa	viceversa	_	_	_	_	_	linguistic	_	none	_	_	_	_	_	_
143-2	TO073	143	143	2	in	in	_	_	_	_	_	linguistic	_	none	_	_	_	_	_	_
143-3	TO073	143	143	3	camera	camera	_	_	_	_	_	linguistic	_	none	_	_	_	_	_	_
143-4	TO073	143	143	4	mia.	mia	_	_	_	_	_	linguistic	_	none	Intonation=Falling	End=535.473	_	_	_	_
144-0	TO073	144	144	0	e:::h	eh	_	_	_	_	_	linguistic	_	none	_	Begin=535.775	0x3	_	_	_
144-1	TO073	144	144	1	>però	però	_	_	_	_	_	linguistic	_	none	_	_	_	Fast=0-4(0)	_	_
144-2	TO073	144	144	2	questo	questo	_	_	_	_	_	linguistic	_	none	_	_	_	Fast=0-6(0)	_	_
144-3	TO073	144	144	3	non	non	_	_	_	_	_	linguistic	_	none	_	_	_	Fast=0-3(0)	_	_
144-4	TO073	144	144	4	c'	c'	_	_	_	_	_	linguistic	_	none	SpaceAfter=No	_	_	Fast=0-2(0)	_	_
144-5	TO073	144	144	5	ha	ha	_	_	_	_	_	linguistic	_	none	_	_	_	Fast=0-2(0)	_	_
144-6	TO073	144	144	6	mai	mai	_	_	_	_	_	linguistic	_	none	_	_	_	Fast=0-3(0)	_	_
144-7	TO073	144	144	7	dato	dato	_	_	_	_	_	linguistic	_	none	_	_	_	Fast=0-4(0)	_	_
144-8	TO073	144	144	8	più	più	_	_	_	_	_	linguistic	_	none	_	_	_	Fast=0-3(0)	_	_
144-9	TO073	144	144	9	di	di	_	_	_	_	_	linguistic	_	none	_	_	_	Fast=0-2(0)	_	_
144-10	TO073	144	144	10	tanti	tanti	_	_	_	_	_	linguistic	_	none	_	_	_	Fast=0-5(0)	_	_
144-11	TO073	144	144	11	problemi	problemi	_	_	_	_	_	linguistic	_	none	_	_	_	Fast=0-8(0)	_	_
144-12	TO073	144	144	12	nel	nel	_	_	_	_	_	linguistic	_	none	_	_	_	Fast=0-3(0)	_	_
144-13	TO073	144	144	13	senso	senso	_	_	_	_	_	linguistic	_	none	_	_	_	Fast=0-5(0)	_	_
144-14	TO073	144	144	14	che	che	_	_	_	_	_	linguistic	_	none	_	_	_	Fast=0-3(0)	_	_
144-15	TO073	144	144	15	alla	alla	_	_	_	_	_	linguistic	_	none	_	_	_	Fast=0-4(0)	_	_
144-16	TO073	144	144	16	fine<	fine	_	_	_	_	_	linguistic	_	none	PauseAfter=Yes	_	_	Slow=3-4(0)|Fast=0-4(0)	_	_
144-17	TO073	144	144	17	{P}	{P}	_	_	_	_	_	shortpause	_	none	_	_	_	Slow=0-3(0)	_	_
144-18	TO073	144	144	18	>si	si	_	_	_	_	_	linguistic	_	none	_	_	_	Fast=0-2(1)	_	_
144-19	TO073	144	144	19	è	è	_	_	_	_	_	linguistic	_	none	_	_	_	Fast=0-1(1)	_	_
144-20	TO073	144	144	20	sempre	sempre	_	_	_	_	_	linguistic	_	none	_	_	_	Fast=0-6(1)	_	_
144-21	TO073	144	144	21	risolta	risolta	_	_	_	_	_	linguistic	_	none	_	_	_	Fast=0-7(1)	_	_
144-22	TO073	144	144	22	la	la	_	_	_	_	_	linguistic	_	none	_	_	_	Fast=0-2(1)	_	_
144-23	TO073	144	144	23	cosa<	cosa	_	_	_	_	_	linguistic	_	none	_	End=540.745	_	Fast=0-4(1)	_	_
145-0	TO071	145	145	0	{ride}	{ride}	_	_	_	_	_	nonverbalbehavior	_	none	_	Begin=538.293|End=539.001	_	_	_	_
146-0	TO073	146	146	0	ehm:	ehm	_	_	_	_	_	linguistic	_	none	PauseAfter=Yes	Begin=541.182	2x1	_	_	_
146-1	TO073	146	146	1	{P}	{P}	_	_	_	_	_	shortpause	_	none	_	_	_	_	_	_
146-2	TO073	146	146	2	questo	questo	_	_	_	_	_	linguistic	_	none	_	End=543.7	_	_	_	_
147-0	TO073	147	147	0	eh	eh	_	_	_	_	_	linguistic	_	none	_	Begin=543.7	_	_	_	_
147-1	TO073	147	147	1	e	e	_	_	_	_	_	linguistic	_	none	_	_	_	_	_	_
147-2	TO073	147	147	2	quindi	quindi	_	_	_	_	_	linguistic	_	none	PauseAfter=Yes	_	_	_	_	_
147-3	TO073	147	147	3	{P}	{P}	_	_	_	_	_	shortpause	_	none	_	_	_	_	_	_
147-4	TO073	147	147	4	il	il	_	_	_	_	_	linguistic	_	none	_	_	_	_	_	_
147-5	TO073	147	147	5	bello	bello	_	_	_	_	_	linguistic	_	none	_	_	_	_	_	_
147-6	TO073	147	147	6	era	era	_	_	_	_	_	linguistic	_	none	_	_	_	_	_	_
147-7	TO073	147	147	7	appunto	appunto	_	_	_	_	_	linguistic	_	none	_	_	_	_	_	_
147-8	TO073	147	147	8	che	che	_	_	_	_	_	linguistic	_	none	_	_	_	_	_	_
147-9	TO073	147	147	9	eh	eh	_	_	_	_	_	linguistic	_	none	_	_	_	_	_	_
147-10	TO073	147	147	10	>uscivo	uscivo	_	_	_	_	_	linguistic	_	none	_	_	_	Fast=0-6(0)	_	_
147-11	TO073	147	147	11	da	da	_	_	_	_	_	linguistic	_	none	_	_	_	Fast=0-2(0)	_	_
147-12	TO073	147	147	12	camera	camera	_	_	_	_	_	linguistic	_	none	_	_	_	Fast=0-6(0)	_	_
147-13	TO073	147	147	13	mia	mia	_	_	_	_	_	linguistic	_	none	_	_	_	Fast=0-3(0)	_	_
147-14	TO073	147	147	14	in	in	_	_	_	_	_	linguistic	_	none	_	_	_	Fast=0-2(0)	_	_
147-15	TO073	147	147	15	cui	cui	_	_	_	_	_	linguistic	_	none	_	_	_	Fast=0-3(0)	_	_
147-16	TO073	147	147	16	mi	mi	_	_	_	_	_	linguistic	_	none	_	_	_	Fast=0-2(0)	_	_
147-17	TO073	147	147	17	piaceva	piaceva	_	_	_	_	_	linguistic	_	none	_	_	_	Fast=0-7(0)	_	_
147-18	TO073	147	147	18	tantissimo	tantissimo	_	_	_	_	_	linguistic	_	none	_	_	_	Fast=0-10(0)	_	_
147-19	TO073	147	147	19	stare	stare	_	_	_	_	_	linguistic	_	none	_	_	_	Fast=0-5(0)	_	_
147-20	TO073	147	147	20	e	e	_	_	_	_	_	linguistic	_	none	_	_	_	Fast=0-1(0)	_	_
147-21	TO073	147	147	21	c'	c'	_	_	_	_	_	linguistic	_	none	SpaceAfter=No	_	_	Fast=0-2(0)	_	_
147-22	TO073	147	147	22	era	era	_	_	_	_	_	linguistic	_	none	_	_	_	Fast=0-3(0)	_	_
147-23	TO073	147	147	23	lo	lo	_	_	_	_	_	linguistic	_	none	_	_	_	Fast=0-2(0)	_	_
147-24	TO073	147	147	24	spazio	spazio	_	_	_	_	_	linguistic	_	none	_	_	_	Fast=0-6(0)	_	_
147-25	TO073	147	147	25	condiviso	condiviso	_	_	_	_	_	linguistic	_	none	_	_	_	Fast=0-9(0)	_	_
147-26	TO073	147	147	26	in	in	_	_	_	_	_	linguistic	_	none	_	_	_	Fast=0-2(0)	_	_
147-27	TO073	147	147	27	cui	cui	_	_	_	_	_	linguistic	_	none	_	_	_	Fast=0-3(0)	_	_
147-28	TO073	147	147	28	potevo	potevo	_	_	_	_	_	linguistic	_	none	_	_	_	Fast=0-6(0)	_	_
147-29	TO073	147	147	29	stare	stare	_	_	_	_	_	linguistic	_	none	_	_	_	Fast=0-5(0)	_	_
147-30	TO073	147	147	30	con	con	_	_	_	_	_	linguistic	_	none	_	_	_	Fast=0-3(0)	_	_
147-31	TO073	147	147	31	tutti	tutti	_	_	_	_	_	linguistic	_	none	_	_	_	Fast=0-5(0)	_	_
147-32	TO073	147	147	32	perché	perché	_	_	_	_	_	linguistic	_	none	_	_	_	Fast=0-6(0)	_	_
147-33	TO073	147	147	33	alla	alla	_	_	_	_	_	linguistic	_	none	_	_	_	Fast=0-4(0)	_	_
147-34	TO073	147	147	34	fine<	fine	_	_	_	_	_	linguistic	_	none	_	End=551.657	_	Fast=0-4(0)	_	_
148-0	TO073	148	148	0	in	in	_	_	_	_	_	linguistic	_	none	_	Begin=551.668	_	_	_	_
148-1	TO073	148	148	1	camera	camera	_	_	_	_	_	linguistic	_	none	_	_	_	_	_	_
148-2	TO073	148	148	2	vabbé	vabbé	_	_	_	_	_	linguistic	_	none	PauseAfter=Yes	_	_	_	_	_
148-3	TO073	148	148	3	{P}	{P}	_	_	_	_	_	shortpause	_	none	_	_	_	_	_	_
148-4	TO073	148	148	4	già	già	_	_	_	_	_	linguistic	_	none	_	_	_	_	_	_
148-5	TO073	148	148	5	il	il	_	_	_	_	_	linguistic	_	none	_	_	_	_	_	_
148-6	TO073	148	148	6	casa	casa	_	_	_	_	_	linguistic	_	none	_	_	_	_	_	_
148-7	TO073	148	148	7	stavamo	stavamo	_	_	_	_	_	linguistic	_	none	_	_	_	_	_	_
148-8	TO073	148	148	8	pochissimo	pochissimo	_	_	_	_	_	linguistic	_	none	_	_	_	_	_	_
148-9	TO073	148	148	9	tempo	tempo	_	_	_	_	_	linguistic	_	none	_	End=554.259	_	_	_	_
149-0	TO073	149	149	0	>in	in	_	_	_	_	_	linguistic	_	none	_	Begin=554.679	_	Fast=0-2(0)	_	_
149-1	TO073	149	149	1	camera	camera	_	_	_	_	_	linguistic	_	none	_	_	_	Fast=0-6(0)	_	_
149-2	TO073	149	149	2	ne	ne	_	_	_	_	_	linguistic	_	none	_	_	_	Fast=0-2(0)	_	_
149-3	TO073	149	149	3	passavamo	passavamo	_	_	_	_	_	linguistic	_	none	_	_	_	Fast=0-9(0)	_	_
149-4	TO073	149	149	4	ancor	ancor	_	_	_	_	_	linguistic	_	none	_	_	_	Fast=0-5(0)	_	_
149-5	TO073	149	149	5	meno	meno	_	_	_	_	_	linguistic	_	none	_	_	_	Fast=0-4(0)	_	_
149-6	TO073	149	149	6	[nel	nel	_	_	_	_	_	linguistic	_	none	_	_	_	Fast=0-3(0)	_	0-3(37)
149-7	TO073	149	149	7	senso	senso	_	_	_	_	_	linguistic	_	none	_	_	_	Fast=0-5(0)	_	0-5(37)
149-8	TO073	149	149	8	che	che	_	_	_	_	_	linguistic	_	none	_	_	_	Fast=0-3(0)	_	0-3(37)
149-9	TO073	149	149	9	alla	alla	_	_	_	_	_	linguistic	_	none	_	_	_	Fast=0-4(0)	_	0-4(37)
149-10	TO073	149	149	10	fine	fine	_	_	_	_	_	linguistic	_	none	_	_	_	Fast=0-4(0)	_	0-4(37)
149-11	TO073	149	149	11	tutte]	tutte	_	_	_	_	_	linguistic	_	none	_	_	_	Fast=0-5(0)	_	0-5(37)
149-12	TO073	149	149	12	(le)	le	_	_	_	_	_	linguistic	_	none	_	_	_	Fast=0-2(0)	0-2(0)	_
149-13	TO073	149	149	13	volte	volte	_	_	_	_	_	linguistic	_	none	_	_	_	Fast=0-5(0)	_	_
149-14	TO073	149	149	14	che	che	_	_	_	_	_	linguistic	_	none	_	_	_	Fast=0-3(0)	_	_
149-15	TO073	149	149	15	uno	uno	_	_	_	_	_	linguistic	_	none	_	_	_	Fast=0-3(0)	_	_
149-16	TO073	149	149	16	era	era	_	_	_	_	_	linguistic	_	none	_	_	_	Fast=0-3(0)	_	_
149-17	TO073	149	149	17	in	in	_	_	_	_	_	linguistic	_	none	_	_	_	Fast=0-2(0)	_	_
149-18	TO073	149	149	18	casa<	casa	_	_	_	_	_	linguistic	_	none	_	End=558.271	_	Fast=0-4(0)	_	_
150-0	TO071	150	150	0	[eh	eh	_	_	_	_	_	linguistic	_	none	_	Begin=556.08	_	_	_	0-2(37)
150-1	TO071	150	150	1	certo]	certo	_	_	_	_	_	linguistic	_	none	_	End=556.97	_	_	_	0-5(37)
151-0	TO073	151	151	0	bene	bene	_	_	_	_	_	linguistic	_	none	_	Begin=558.32	_	_	_	_
151-1	TO073	151	151	1	o	o	_	_	_	_	_	linguistic	_	none	_	_	_	_	_	_
151-2	TO073	151	151	2	male	male	_	_	_	_	_	linguistic	_	none	_	_	_	_	_	_
151-3	TO073	151	151	3	stavamo	stavamo	_	_	_	_	_	linguistic	_	none	_	_	_	_	_	_
151-4	TO073	151	151	4	sempre	sempre	_	_	_	_	_	linguistic	_	none	PauseAfter=Yes	_	_	_	_	_
151-5	TO073	151	151	5	{P}	{P}	_	_	_	_	_	shortpause	_	none	_	_	_	_	_	_
151-6	TO073	151	151	6	sempre	sempre	_	_	_	_	_	linguistic	_	none	_	_	_	_	_	_
151-7	TO073	151	151	7	in	in	_	_	_	_	_	linguistic	_	none	_	_	_	_	_	_
151-8	TO073	151	151	8	soggiorno	soggiorno	_	_	_	_	_	linguistic	_	none	_	_	_	_	_	_
151-9	TO073	151	151	9	tutti	tutti	_	_	_	_	_	linguistic	_	none	_	_	_	_	_	_
151-10	TO073	151	151	10	insieme	insieme	_	_	_	_	_	linguistic	_	none	_	_	_	_	_	_
151-11	TO073	151	151	11	questo	questo	_	_	_	_	_	linguistic	_	none	PauseAfter=Yes	_	_	_	_	_
151-12	TO073	151	151	12	{P}	{P}	_	_	_	_	_	shortpause	_	none	_	_	_	_	_	_
151-13	TO073	151	151	13	è	è	_	_	_	_	_	linguistic	_	none	_	_	_	_	_	_
151-14	TO073	151	151	14	sempre	sempre	_	_	_	_	_	linguistic	_	none	_	_	_	_	_	_
151-15	TO073	151	151	15	stato	stato	_	_	_	_	_	linguistic	_	none	PauseAfter=Yes	_	_	_	_	_
151-16	TO073	151	151	16	{P}	{P}	_	_	_	_	_	shortpause	_	none	_	_	_	_	_	_
151-17	TO073	151	151	17	bellissimo	bellissimo	_	_	_	_	_	linguistic	_	none	_	_	_	_	_	_
151-18	TO073	151	151	18	per	per	_	_	_	_	_	linguistic	_	none	_	_	_	_	_	_
151-19	TO073	151	151	19	me	me	_	_	_	_	_	linguistic	_	none	_	_	_	_	_	_
151-20	TO073	151	151	20	proprio	proprio	_	_	_	_	_	linguistic	_	none	PauseAfter=Yes	_	_	_	_	_
151-21	TO073	151	151	21	{P}	{P}	_	_	_	_	_	shortpause	_	none	_	_	_	_	_	_
151-22	TO073	151	151	22	bellissimo	bellissimo	_	_	_	_	_	linguistic	_	none	_	_	_	_	_	_
151-23	TO073	151	151	23	e:h	eh	_	_	_	_	_	linguistic	_	none	_	End=566.022	0x1	_	_	_
152-0	TO073	152	152	0	>oltre	oltre	_	_	_	_	_	linguistic	_	none	_	Begin=566.458	_	Fast=0-5(0)	_	_
152-1	TO073	152	152	1	a	a	_	_	_	_	_	linguistic	_	none	_	_	_	Fast=0-1(0)	_	_
152-2	TO073	152	152	2	questa	questa	_	_	_	_	_	linguistic	_	none	_	_	_	Fast=0-6(0)	_	_
152-3	TO073	152	152	3	esperienza	esperienza	_	_	_	_	_	linguistic	_	none	_	_	_	Fast=0-10(0)	_	_
152-4	TO073	152	152	4	di	di	_	_	_	_	_	linguistic	_	none	_	_	_	Fast=0-2(0)	_	_
152-5	TO073	152	152	5	coinquilinaggio<	coinquilinaggio	_	_	_	_	_	linguistic	_	none	PauseAfter=Yes	_	_	Fast=0-15(0)	_	_
152-6	TO073	152	152	6	{P}	{P}	_	_	_	_	_	shortpause	_	none	_	_	_	_	_	_
152-7	TO073	152	152	7	ne	ne	_	_	_	_	_	linguistic	_	none	_	_	_	_	_	_
152-8	TO073	152	152	8	ho	ho	_	_	_	_	_	linguistic	_	none	_	_	_	_	_	_
152-9	TO073	152	152	9	avuta	avuta	_	_	_	_	_	linguistic	_	none	_	_	_	_	_	_
152-10	TO073	152	152	10	una	una	_	_	_	_	_	linguistic	_	none	_	_	_	_	_	_
152-11	TO073	152	152	11	qua	qua	_	_	_	_	_	linguistic	_	none	_	_	_	_	_	_
152-12	TO073	152	152	12	a	a	_	_	_	_	_	linguistic	_	none	_	_	_	_	_	_
152-13	TO073	152	152	13	torino	torino	_	_	_	_	_	linguistic	_	none	_	_	_	_	_	_
152-14	TO073	152	152	14	vivevo	vivevo	_	_	_	_	_	linguistic	_	none	_	_	_	_	_	_
152-15	TO073	152	152	15	in:	in	_	_	_	_	_	linguistic	_	none	_	End=571.988	1x1	_	_	_
153-0	TO073	153	153	0	in	in	_	_	_	_	_	linguistic	_	none	_	Begin=572.28	_	_	_	_
153-1	TO073	153	153	1	via	via	_	_	_	_	_	linguistic	_	none	_	_	_	_	_	_
153-2	TO073	153	153	2	gaudenzio	gaudenzio	_	_	_	_	_	linguistic	_	none	_	_	_	_	_	_
153-3	TO073	153	153	3	ferrari	ferrari	_	_	_	_	_	linguistic	_	none	_	_	_	_	_	_
153-4	TO073	153	153	4	qua	qua	_	_	_	_	_	linguistic	_	none	_	_	_	_	_	_
153-5	TO073	153	153	5	dietro	dietro	_	_	_	_	_	linguistic	_	none	_	_	_	_	_	_
153-6	TO073	153	153	6	(a)	a	_	_	_	_	_	linguistic	_	none	_	_	_	_	0-1(0)	_
153-7	TO073	153	153	7	t~	t~	_	_	_	_	_	linguistic	_	none	Interrupted=Yes	_	_	_	_	_
153-8	TO073	153	153	8	di	di	_	_	_	_	_	linguistic	_	none	_	_	_	_	_	_
153-9	TO073	153	153	9	fronte	fronte	_	_	_	_	_	linguistic	_	none	_	_	_	_	_	_
153-10	TO073	153	153	10	alla	alla	_	_	_	_	_	linguistic	_	none	_	_	_	_	_	_
153-11	TO073	153	153	11	mole	mole	_	_	_	_	_	linguistic	_	none	_	End=575.669	_	_	_	_
154-0	TO073	154	154	0	eh	eh	_	_	_	_	_	linguistic	_	none	PauseAfter=Yes	Begin=575.785	_	_	_	_
154-1	TO073	154	154	1	{P}	{P}	_	_	_	_	_	shortpause	_	none	_	_	_	_	_	_
154-2	TO073	154	154	2	[dove	dove	_	_	_	_	_	linguistic	_	none	_	_	_	_	_	0-4(38)
154-3	TO073	154	154	3	è	è	_	_	_	_	_	linguistic	_	none	_	_	_	_	_	0-1(38)
154-4	TO073	154	154	4	venuto	venuto	_	_	_	_	_	linguistic	_	none	_	_	_	_	_	0-6(38)
154-5	TO073	154	154	5	jack	jack	_	_	_	_	_	linguistic	_	none	_	_	_	_	_	0-4(38)
154-6	TO073	154	154	6	esatto]	esatto	_	_	_	_	_	linguistic	_	none	_	End=579.668	_	_	_	0-6(38)
155-0	TO071	155	155	0	[che	che	_	_	_	_	_	linguistic	_	none	_	Begin=576.555	_	_	_	0-3(38)
155-1	TO071	155	155	1	è	è	_	_	_	_	_	linguistic	_	none	_	_	_	_	_	0-1(38)
155-2	TO071	155	155	2	il	il	_	_	_	_	_	linguistic	_	none	_	_	_	_	_	0-2(38)
155-3	TO071	155	155	3	posto	posto	_	_	_	_	_	linguistic	_	none	_	_	_	_	_	0-5(38)
155-4	TO071	155	155	4	dove	dove	_	_	_	_	_	linguistic	_	none	_	_	_	_	_	0-4(38)
155-5	TO071	155	155	5	è	è	_	_	_	_	_	linguistic	_	none	_	_	_	_	_	0-1(38)
155-6	TO071	155	155	6	venuto	venuto	_	_	_	_	_	linguistic	_	none	_	_	_	_	_	0-6(38)
155-7	TO071	155	155	7	x	x	_	_	_	_	_	unknown	_	none	Syllables=1	_	_	_	_	0-1(38)
155-8	TO071	155	155	8	sì	sì	_	_	_	_	_	linguistic	_	none	_	_	_	_	_	0-2(38)
155-9	TO071	155	155	9	esatto]	esatto	_	_	_	_	_	linguistic	_	none	_	End=579.66	_	_	_	0-6(38)
156-0	TO073	156	156	0	esattamente	esattamente	_	_	_	_	_	linguistic	_	none	_	Begin=579.839	_	_	_	_
156-1	TO073	156	156	1	eh	eh	_	_	_	_	_	linguistic	_	none	_	_	_	_	_	_
156-2	TO073	156	156	2	però	però	_	_	_	_	_	linguistic	_	none	_	_	_	_	_	_
156-3	TO073	156	156	3	una	una	_	_	_	_	_	linguistic	_	none	_	_	_	_	_	_
156-4	TO073	156	156	4	casa	casa	_	_	_	_	_	linguistic	_	none	_	_	_	_	_	_
156-5	TO073	156	156	5	anche	anche	_	_	_	_	_	linguistic	_	none	_	_	_	_	_	_
156-6	TO073	156	156	6	lì	lì	_	_	_	_	_	linguistic	_	none	PauseAfter=Yes	_	_	_	_	_
156-7	TO073	156	156	7	{P}	{P}	_	_	_	_	_	shortpause	_	none	_	_	_	_	_	_
156-8	TO073	156	156	8	molto	molto	_	_	_	_	_	linguistic	_	none	_	_	_	_	_	_
156-9	TO073	156	156	9	particolare	particolare	_	_	_	_	_	linguistic	_	none	PauseAfter=Yes	_	_	_	_	_
156-10	TO073	156	156	10	{P}	{P}	_	_	_	_	_	shortpause	_	none	_	_	_	_	_	_
156-11	TO073	156	156	11	con	con	_	_	_	_	_	linguistic	_	none	_	_	_	_	_	_
156-12	TO073	156	156	12	una	una	_	_	_	_	_	linguistic	_	none	_	_	_	_	_	_
156-13	TO073	156	156	13	padrona	padrona	_	_	_	_	_	linguistic	_	none	_	_	_	_	_	_
156-14	TO073	156	156	14	di	di	_	_	_	_	_	linguistic	_	none	_	_	_	_	_	_
156-15	TO073	156	156	15	casa	casa	_	_	_	_	_	linguistic	_	none	_	_	_	_	_	_
156-16	TO073	156	156	16	molto	molto	_	_	_	_	_	linguistic	_	none	_	_	_	_	_	_
156-17	TO073	156	156	17	particolare	particolare	_	_	_	_	_	linguistic	_	none	_	End=585.74	_	_	_	_
157-0	TO073	157	157	0	moltissimo	moltissimo	_	_	_	_	_	linguistic	_	none	_	Begin=585.788	_	_	_	_
157-1	TO073	157	157	1	particolare	particolare	_	_	_	_	_	linguistic	_	none	_	End=587.361	_	_	_	_
158-0	TO071	158	158	0	aspè	aspè	_	_	_	_	_	linguistic	_	none	_	Begin=587.361	_	_	_	_
158-1	TO071	158	158	1	io	io	_	_	_	_	_	linguistic	_	none	_	_	_	_	_	_
158-2	TO071	158	158	2	ti	ti	_	_	_	_	_	linguistic	_	none	_	_	_	_	_	_
158-3	TO071	158	158	3	devo	devo	_	_	_	_	_	linguistic	_	none	_	_	_	_	_	_
158-4	TO071	158	158	4	fare	fare	_	_	_	_	_	linguistic	_	none	_	_	_	_	_	_
158-5	TO071	158	158	5	una	una	_	_	_	_	_	linguistic	_	none	_	_	_	_	_	_
158-6	TO071	158	158	6	domanda	domanda	_	_	_	_	_	linguistic	_	none	PauseAfter=Yes	_	_	_	_	_
158-7	TO071	158	158	7	{P}	{P}	_	_	_	_	_	shortpause	_	none	_	_	_	_	_	_
158-8	TO071	158	158	8	come	come	_	_	_	_	_	linguistic	_	none	_	_	_	_	_	_
158-9	TO071	158	158	9	si	si	_	_	_	_	_	linguistic	_	none	_	_	_	_	_	_
158-10	TO071	158	158	10	fa	fa	_	_	_	_	_	linguistic	_	none	_	_	_	_	_	_
158-11	TO071	158	158	11	a	a	_	_	_	_	_	linguistic	_	none	_	_	_	_	_	_
158-12	TO071	158	158	12	trovare	trovare	_	_	_	_	_	linguistic	_	none	_	_	_	_	_	_
158-13	TO071	158	158	13	casa	casa	_	_	_	_	_	linguistic	_	none	_	_	_	_	_	_
158-14	TO071	158	158	14	in	in	_	_	_	_	_	linguistic	_	none	_	_	_	_	_	_
158-15	TO071	158	158	15	via	via	_	_	_	_	_	linguistic	_	none	_	_	_	_	_	_
158-16	TO071	158	158	16	gaudenzio	gaudenzio	_	_	_	_	_	linguistic	_	none	_	_	_	_	_	_
158-17	TO071	158	158	17	ferrari,	ferrari	_	_	_	_	_	linguistic	_	none	Intonation=WeaklyRising	End=592.639	_	_	_	_
159-0	TO073	159	159	0	[eh]	eh	_	_	_	_	_	linguistic	_	none	_	Begin=592.638	_	_	_	0-2(?)
159-1	TO073	159	159	1	e	e	_	_	_	_	_	linguistic	_	none	_	_	_	_	_	_
159-2	TO073	159	159	2	sopratutto	sopratutto	_	_	_	_	_	linguistic	_	none	_	_	_	_	_	_
159-3	TO073	159	159	3	al	al	_	_	_	_	_	linguistic	_	none	_	_	_	_	_	_
159-4	TO073	159	159	4	prezzo	prezzo	_	_	_	_	_	linguistic	_	none	_	_	_	_	_	_
159-5	TO073	159	159	5	modico	modico	_	_	_	_	_	linguistic	_	none	PauseAfter=Yes	_	_	_	_	_
159-6	TO073	159	159	6	{P}	{P}	_	_	_	_	_	shortpause	_	none	_	_	_	_	_	_
159-7	TO073	159	159	7	che	che	_	_	_	_	_	linguistic	_	none	_	_	_	_	_	_
159-8	TO073	159	159	8	la	la	_	_	_	_	_	linguistic	_	none	_	_	_	_	_	_
159-9	TO073	159	159	9	pagavo	pagavo	_	_	_	_	_	linguistic	_	none	_	_	_	_	_	_
159-10	TO073	159	159	10	io	io	_	_	_	_	_	linguistic	_	none	_	End=595.298	_	_	_	_
160-0	TO071	160	160	0	[>cioè<]	cioè	_	_	_	_	_	linguistic	_	none	_	Begin=592.639|End=593.205	_	Fast=0-4(0)	_	0-4(39)
161-0	TO071	161	161	0	[eh]	eh	_	_	_	_	_	linguistic	_	none	_	Begin=594.454|End=594.688	_	_	_	0-2(40)
162-0	TO073	162	162	0	ehm:	ehm	_	_	_	_	_	linguistic	_	none	_	Begin=595.676	2x1	_	_	_
162-1	TO073	162	162	1	si	si	_	_	_	_	_	linguistic	_	none	_	_	_	_	_	_
162-2	TO073	162	162	2	fa	fa	_	_	_	_	_	linguistic	_	none	_	_	_	_	_	_
162-3	TO073	162	162	3	che	che	_	_	_	_	_	linguistic	_	none	_	_	_	_	_	_
162-4	TO073	162	162	4	eh	eh	_	_	_	_	_	linguistic	_	none	_	_	_	_	_	_
162-5	TO073	162	162	5	ho	ho	_	_	_	_	_	linguistic	_	none	_	_	_	_	_	_
162-6	TO073	162	162	6	questa	questa	_	_	_	_	_	linguistic	_	none	_	_	_	_	_	_
162-7	TO073	162	162	7	amica	amica	_	_	_	_	_	linguistic	_	none	_	_	_	_	_	_
162-8	TO073	162	162	8	di	di	_	_	_	_	_	linguistic	_	none	_	_	_	_	_	_
162-9	TO073	162	162	9	infanzia	infanzia	_	_	_	_	_	linguistic	_	none	_	_	_	_	_	_
162-10	TO073	162	162	10	che	che	_	_	_	_	_	linguistic	_	none	_	_	_	_	_	_
162-11	TO073	162	162	11	conosco	conosco	_	_	_	_	_	linguistic	_	none	_	_	_	_	_	_
162-12	TO073	162	162	12	da	da	_	_	_	_	_	linguistic	_	none	_	_	_	_	_	_
162-13	TO073	162	162	13	quando	quando	_	_	_	_	_	linguistic	_	none	_	_	_	_	_	_
162-14	TO073	162	162	14	sono	sono	_	_	_	_	_	linguistic	_	none	_	_	_	_	_	_
162-15	TO073	162	162	15	nata	nata	_	_	_	_	_	linguistic	_	none	_	_	_	_	_	_
162-16	TO073	162	162	16	praticamente	praticamente	_	_	_	_	_	linguistic	_	none	_	End=602.533	_	_	_	_
163-0	TO073	163	163	0	e:h	eh	_	_	_	_	_	linguistic	_	none	_	Begin=602.659	0x1	_	_	_
163-1	TO073	163	163	1	molto	molto	_	_	_	_	_	linguistic	_	none	_	_	_	_	_	_
163-2	TO073	163	163	2	abbiente	abbiente	_	_	_	_	_	linguistic	_	none	_	_	_	_	_	_
163-3	TO073	163	163	3	ehm	ehm	_	_	_	_	_	linguistic	_	none	_	_	_	_	_	_
163-4	TO073	163	163	4	[figlia	figlia	_	_	_	_	_	linguistic	_	none	_	_	_	_	_	0-6(42)
163-5	TO073	163	163	5	di	di	_	_	_	_	_	linguistic	_	none	_	_	_	_	_	0-2(42)
163-6	TO073	163	163	6	due	due	_	_	_	_	_	linguistic	_	none	_	_	_	_	_	0-3(42)
163-7	TO073	163	163	7	medici]	medici	_	_	_	_	_	linguistic	_	none	_	End=606.56	_	_	_	0-6(42)
164-0	TO071	164	164	0	[ah]	ah	_	_	_	_	_	linguistic	_	none	_	Begin=605.277|End=606.57	_	_	_	0-2(42)
165-0	TO073	165	165	0	la:	la	_	_	_	_	_	linguistic	_	none	_	Begin=606.99	1x1	_	_	_
165-1	TO073	165	165	1	cui	cui	_	_	_	_	_	linguistic	_	none	_	_	_	_	_	_
165-2	TO073	165	165	2	casa	casa	_	_	_	_	_	linguistic	_	none	_	_	_	_	_	_
165-3	TO073	165	165	3	è	è	_	_	_	_	_	linguistic	_	none	_	_	_	_	_	_
165-4	TO073	165	165	4	proprio	proprio	_	_	_	_	_	linguistic	_	none	_	_	_	_	_	_
165-5	TO073	165	165	5	di	di	_	_	_	_	_	linguistic	_	none	_	_	_	_	_	_
165-6	TO073	165	165	6	proprietà.	proprietà	_	_	_	_	_	linguistic	_	none	Intonation=Falling	End=609.923	_	_	_	_
166-0	TO073	166	166	0	quindi	quindi	_	_	_	_	_	linguistic	_	none	_	Begin=610.011	_	_	_	_
166-1	TO073	166	166	1	i	i	_	_	_	_	_	linguistic	_	none	_	_	_	_	_	_
166-2	TO073	166	166	2	suoi	suoi	_	_	_	_	_	linguistic	_	none	_	_	_	_	_	_
166-3	TO073	166	166	3	genitori	genitori	_	_	_	_	_	linguistic	_	none	_	_	_	_	_	_
166-4	TO073	166	166	4	hanno	hanno	_	_	_	_	_	linguistic	_	none	_	_	_	_	_	_
166-5	TO073	166	166	5	comprato	comprato	_	_	_	_	_	linguistic	_	none	_	_	_	_	_	_
166-6	TO073	166	166	6	questa	questa	_	_	_	_	_	linguistic	_	none	_	_	_	_	_	_
166-7	TO073	166	166	7	casa	casa	_	_	_	_	_	linguistic	_	none	_	_	_	_	_	_
166-8	TO073	166	166	8	per	per	_	_	_	_	_	linguistic	_	none	_	_	_	_	_	_
166-9	TO073	166	166	9	lei	lei	_	_	_	_	_	linguistic	_	none	PauseAfter=Yes	_	_	_	_	_
166-10	TO073	166	166	10	{P}	{P}	_	_	_	_	_	shortpause	_	none	_	_	_	_	_	_
166-11	TO073	166	166	11	con	con	_	_	_	_	_	linguistic	_	none	_	_	_	_	_	_
166-12	TO073	166	166	12	box	box	_	_	_	_	_	linguistic	_	none	_	End=614.486	_	_	_	_
167-0	TO073	167	167	0	io	io	_	_	_	_	_	linguistic	_	none	_	Begin=614.523	_	_	_	_
167-1	TO073	167	167	1	non	non	_	_	_	_	_	linguistic	_	none	_	_	_	_	_	_
167-2	TO073	167	167	2	conosco	conosco	_	_	_	_	_	linguistic	_	none	_	_	_	_	_	_
167-3	TO073	167	167	3	nessuno	nessuno	_	_	_	_	_	linguistic	_	none	_	_	_	_	_	_
167-4	TO073	167	167	4	studente	studente	_	_	_	_	_	linguistic	_	none	_	_	_	_	_	_
167-5	TO073	167	167	5	che	che	_	_	_	_	_	linguistic	_	none	_	_	_	_	_	_
167-6	TO073	167	167	6	abbia	abbia	_	_	_	_	_	linguistic	_	none	_	_	_	_	_	_
167-7	TO073	167	167	7	una	una	_	_	_	_	_	linguistic	_	none	_	_	_	_	_	_
167-8	TO073	167	167	8	casa	casa	_	_	_	_	_	linguistic	_	none	PauseAfter=Yes	_	_	_	_	_
167-9	TO073	167	167	9	{P}	{P}	_	_	_	_	_	shortpause	_	none	_	_	_	_	_	_
167-10	TO073	167	167	10	con	con	_	_	_	_	_	linguistic	_	none	_	_	_	_	_	_
167-11	TO073	167	167	11	box	box	_	_	_	_	_	linguistic	_	none	_	End=617.609	_	_	_	_
168-0	TO071	168	168	0	{ride}	{ride}	_	_	_	_	_	nonverbalbehavior	_	none	_	Begin=616.202|End=617.265	_	_	_	_
169-0	TO073	169	169	0	soprattuto	soprattuto	_	_	_	_	_	linguistic	_	none	_	Begin=617.628	_	_	_	_
169-1	TO073	169	169	1	in	in	_	_	_	_	_	linguistic	_	none	_	_	_	_	_	_
169-2	TO073	169	169	2	via	via	_	_	_	_	_	linguistic	_	none	_	_	_	_	_	_
169-3	TO073	169	169	3	gaudenzio	gaudenzio	_	_	_	_	_	linguistic	_	none	_	_	_	_	_	_
169-4	TO073	169	169	4	ferrari	ferrari	_	_	_	_	_	linguistic	_	none	_	_	_	_	_	_
169-5	TO073	169	169	5	>perché	perché	_	_	_	_	_	linguistic	_	none	_	_	_	Fast=0-6(0)	_	_
169-6	TO073	169	169	6	neanche	neanche	_	_	_	_	_	linguistic	_	none	_	_	_	Fast=0-7(0)	_	_
169-7	TO073	169	169	7	in	in	_	_	_	_	_	linguistic	_	none	_	_	_	Fast=0-2(0)	_	_
169-8	TO073	169	169	8	barriera	barriera	_	_	_	_	_	linguistic	_	none	_	_	_	Fast=0-8(0)	_	_
169-9	TO073	169	169	9	(di	di	_	_	_	_	_	linguistic	_	none	_	_	_	Fast=0-2(0)	0-2(0)	_
169-10	TO073	169	169	10	milano)	milano	_	_	_	_	_	linguistic	_	none	_	_	_	Fast=0-6(0)	0-6(0)	_
169-11	TO073	169	169	11	te	te	_	_	_	_	_	linguistic	_	none	_	_	_	Fast=0-2(0)	_	_
169-12	TO073	169	169	12	lo	lo	_	_	_	_	_	linguistic	_	none	_	_	_	Fast=0-2(0)	_	_
169-13	TO073	169	169	13	puoi	puoi	_	_	_	_	_	linguistic	_	none	_	_	_	Fast=0-4(0)	_	_
169-14	TO073	169	169	14	permettere	permettere	_	_	_	_	_	linguistic	_	none	_	_	_	Fast=0-10(0)	_	_
169-15	TO073	169	169	15	se<	se	_	_	_	_	_	linguistic	_	none	PauseAfter=Yes	_	_	Fast=0-2(0)	_	_
169-16	TO073	169	169	16	{P}	{P}	_	_	_	_	_	shortpause	_	none	_	_	_	_	_	_
169-17	TO073	169	169	17	[affitti]	affitti	_	_	_	_	_	linguistic	_	none	_	End=622.398	_	_	_	0-7(43)
170-0	TO071	170	170	0	[io	io	_	_	_	_	_	linguistic	_	none	_	Begin=621.239	_	_	_	0-2(43)
170-1	TO071	170	170	1	non	non	_	_	_	_	_	linguistic	_	none	_	_	_	_	_	0-3(43)
170-2	TO071	170	170	2	conosco	conosco	_	_	_	_	_	linguistic	_	none	_	_	_	_	_	0-7(43)
170-3	TO071	170	170	3	nessun	nessun	_	_	_	_	_	linguistic	_	none	_	_	_	_	_	0-6(43)
170-4	TO071	170	170	4	tor]inese	torinese	_	_	_	_	_	linguistic	_	none	_	_	_	_	_	0-3(43)
170-5	TO071	170	170	5	che	che	_	_	_	_	_	linguistic	_	none	_	_	_	_	_	_
170-6	TO071	170	170	6	[abbia]	abbia	_	_	_	_	_	linguistic	_	none	_	End=623.75	_	_	_	0-5(44)
171-0	TO073	171	171	0	[esatto].	esatto	_	_	_	_	_	linguistic	_	none	Intonation=Falling	Begin=622.952|End=623.759	_	_	_	0-6(44)
172-0	TO073	172	172	0	eh	eh	_	_	_	_	_	linguistic	_	none	_	Begin=624.269	_	_	_	_
172-1	TO073	172	172	1	anche	anche	_	_	_	_	_	linguistic	_	none	_	_	_	_	_	_
172-2	TO073	172	172	2	esattamente	esattamente	_	_	_	_	_	linguistic	_	none	_	End=625.612	_	_	_	_
173-0	TO073	173	173	0	ehm	ehm	_	_	_	_	_	linguistic	_	none	_	Begin=625.772	_	_	_	_
173-1	TO073	173	173	1	lei	lei	_	_	_	_	_	linguistic	_	none	_	_	_	_	_	_
173-2	TO073	173	173	2	ha	ha	_	_	_	_	_	linguistic	_	none	_	_	_	_	_	_
173-3	TO073	173	173	3	il	il	_	_	_	_	_	linguistic	_	none	_	_	_	_	_	_
173-4	TO073	173	173	4	box	box	_	_	_	_	_	linguistic	_	none	PauseAfter=Yes	_	_	_	_	_
173-5	TO073	173	173	5	{P}	{P}	_	_	_	_	_	shortpause	_	none	_	_	_	_	_	_
173-6	TO073	173	173	6	e	e	_	_	_	_	_	linguistic	_	none	_	_	_	_	_	_
173-7	TO073	173	173	7	quindi	quindi	_	_	_	_	_	linguistic	_	none	_	_	_	_	_	_
173-8	TO073	173	173	8	ha	ha	_	_	_	_	_	linguistic	_	none	_	_	_	_	_	_
173-9	TO073	173	173	9	anche	anche	_	_	_	_	_	linguistic	_	none	_	_	_	_	_	_
173-10	TO073	173	173	10	l'	l'	_	_	_	_	_	linguistic	_	none	SpaceAfter=No	_	_	_	_	_
173-11	TO073	173	173	11	accesso	accesso	_	_	_	_	_	linguistic	_	none	_	_	_	_	_	_
173-12	TO073	173	173	12	alla	alla	_	_	_	_	_	linguistic	_	none	_	_	_	_	_	_
173-13	TO073	173	173	13	zeta	zeta	_	_	_	_	_	linguistic	_	none	_	_	_	_	_	_
173-14	TO073	173	173	14	ti	ti	_	_	_	_	_	linguistic	_	none	_	_	_	_	_	_
173-15	TO073	173	173	15	elle	elle	_	_	_	_	_	linguistic	_	none	_	_	_	_	_	_
173-16	TO073	173	173	16	>perché	perché	_	_	_	_	_	linguistic	_	none	_	_	_	Fast=0-6(0)	_	_
173-17	TO073	173	173	17	ovviamente<	ovviamente	_	_	_	_	_	linguistic	_	none	_	_	_	Fast=0-10(0)	_	_
173-18	TO073	173	173	18	lei	lei	_	_	_	_	_	linguistic	_	none	_	_	_	_	_	_
173-19	TO073	173	173	19	ha	ha	_	_	_	_	_	linguistic	_	none	_	_	_	_	_	_
173-20	TO073	173	173	20	la	la	_	_	_	_	_	linguistic	_	none	_	_	_	_	_	_
173-21	TO073	173	173	21	re[sidenza	residenza	_	_	_	_	_	linguistic	_	none	_	_	_	_	_	1-9(45)
173-22	TO073	173	173	22	proprio	proprio	_	_	_	_	_	linguistic	_	none	_	_	_	_	_	0-7(45)
173-23	TO073	173	173	23	lì]	lì	_	_	_	_	_	linguistic	_	none	_	End=632.06	_	_	_	0-2(45)
174-0	TO071	174	174	0	[mh	mh	_	_	_	_	_	linguistic	_	none	_	Begin=631.091	_	_	_	0-2(45)
174-1	TO071	174	174	1	mh]	mh	_	_	_	_	_	linguistic	_	none	_	End=632.068	_	_	_	0-2(45)
175-0	TO073	175	175	0	quindi	quindi	_	_	_	_	_	linguistic	_	none	_	Begin=632.094	_	_	_	_
175-1	TO073	175	175	1	lei	lei	_	_	_	_	_	linguistic	_	none	_	_	_	_	_	_
175-2	TO073	175	175	2	entra	entra	_	_	_	_	_	linguistic	_	none	_	_	_	_	_	_
175-3	TO073	175	175	3	tranquillamente	tranquillamente	_	_	_	_	_	linguistic	_	none	_	_	_	_	_	_
175-4	TO073	175	175	4	con	con	_	_	_	_	_	linguistic	_	none	_	_	_	_	_	_
175-5	TO073	175	175	5	la	la	_	_	_	_	_	linguistic	_	none	_	_	_	_	_	_
175-6	TO073	175	175	6	sua	sua	_	_	_	_	_	linguistic	_	none	_	_	_	_	_	_
175-7	TO073	175	175	7	macchina	macchina	_	_	_	_	_	linguistic	_	none	_	_	_	_	_	_
175-8	TO073	175	175	8	nel	nel	_	_	_	_	_	linguistic	_	none	_	_	_	_	_	_
175-9	TO073	175	175	9	box	box	_	_	_	_	_	linguistic	_	none	_	_	_	_	_	_
175-10	TO073	175	175	10	mentre	mentre	_	_	_	_	_	linguistic	_	none	_	_	_	_	_	_
175-11	TO073	175	175	11	ehm	ehm	_	_	_	_	_	linguistic	_	none	PauseAfter=Yes	_	_	_	_	_
175-12	TO073	175	175	12	{P}	{P}	_	_	_	_	_	shortpause	_	none	_	_	_	_	_	_
175-13	TO073	175	175	13	>le	le	_	_	_	_	_	linguistic	_	none	_	_	_	Fast=0-2(0)	_	_
175-14	TO073	175	175	14	mie	mie	_	_	_	_	_	linguistic	_	none	_	_	_	Fast=0-3(0)	_	_
175-15	TO073	175	175	15	amiche	amiche	_	_	_	_	_	linguistic	_	none	_	_	_	Fast=0-6(0)	_	_
175-16	TO073	175	175	16	che	che	_	_	_	_	_	linguistic	_	none	_	_	_	Fast=0-3(0)	_	_
175-17	TO073	175	175	17	vivono	vivono	_	_	_	_	_	linguistic	_	none	_	_	_	Fast=0-6(0)	_	_
175-18	TO073	175	175	18	in	in	_	_	_	_	_	linguistic	_	none	_	_	_	Fast=0-2(0)	_	_
175-19	TO073	175	175	19	via	via	_	_	_	_	_	linguistic	_	none	_	_	_	Fast=0-3(0)	_	_
175-20	TO073	175	175	20	vanchiglia<	vanchiglia	_	_	_	_	_	linguistic	_	none	PauseAfter=Yes	_	_	Fast=0-10(0)	_	_
175-21	TO073	175	175	21	{P}	{P}	_	_	_	_	_	shortpause	_	none	_	_	_	_	_	_
175-22	TO073	175	175	22	eh	eh	_	_	_	_	_	linguistic	_	none	_	End=637.806	_	_	_	_
176-0	TO073	176	176	0	eh	eh	_	_	_	_	_	linguistic	_	none	_	Begin=638.28	_	_	_	_
176-1	TO073	176	176	1	una	una	_	_	_	_	_	linguistic	_	none	_	_	_	_	_	_
176-2	TO073	176	176	2	di	di	_	_	_	_	_	linguistic	_	none	_	_	_	_	_	_
176-3	TO073	176	176	3	loro	loro	_	_	_	_	_	linguistic	_	none	_	_	_	_	_	_
176-4	TO073	176	176	4	ha	ha	_	_	_	_	_	linguistic	_	none	_	_	_	_	_	_
176-5	TO073	176	176	5	proprio	proprio	_	_	_	_	_	linguistic	_	none	_	_	_	_	_	_
176-6	TO073	176	176	6	la	la	_	_	_	_	_	linguistic	_	none	_	_	_	_	_	_
176-7	TO073	176	176	7	macchina	macchina	_	_	_	_	_	linguistic	_	none	_	_	_	_	_	_
176-8	TO073	176	176	8	sua	sua	_	_	_	_	_	linguistic	_	none	_	_	_	_	_	_
176-9	TO073	176	176	9	che	che	_	_	_	_	_	linguistic	_	none	_	_	_	_	_	_
176-10	TO073	176	176	10	non	non	_	_	_	_	_	linguistic	_	none	_	_	_	_	_	_
176-11	TO073	176	176	11	è	è	_	_	_	_	_	linguistic	_	none	_	_	_	_	_	_
176-12	TO073	176	176	12	in	in	_	_	_	_	_	linguistic	_	none	_	_	_	_	_	_
176-13	TO073	176	176	13	condivisione	condivisione	_	_	_	_	_	linguistic	_	none	_	_	_	_	_	_
176-14	TO073	176	176	14	coi	coi	_	_	_	_	_	linguistic	_	none	_	_	_	_	_	_
176-15	TO073	176	176	15	genitori	genitori	_	_	_	_	_	linguistic	_	none	_	End=641.84	_	_	_	_
177-0	TO073	177	177	0	viene	viene	_	_	_	_	_	linguistic	_	none	PauseAfter=Yes	Begin=641.84	_	_	_	_
177-1	TO073	177	177	1	{P}	{P}	_	_	_	_	_	shortpause	_	none	_	_	_	_	_	_
177-2	TO073	177	177	2	eh	eh	_	_	_	_	_	linguistic	_	none	_	_	_	_	_	_
177-3	TO073	177	177	3	tutte	tutte	_	_	_	_	_	linguistic	_	none	_	_	_	_	_	_
177-4	TO073	177	177	4	le	le	_	_	_	_	_	linguistic	_	none	_	_	_	_	_	_
177-5	TO073	177	177	5	volte	volte	_	_	_	_	_	linguistic	_	none	_	_	_	_	_	_
177-6	TO073	177	177	6	in	in	_	_	_	_	_	linguistic	_	none	_	_	_	_	_	_
177-7	TO073	177	177	7	macchina	macchina	_	_	_	_	_	linguistic	_	none	_	_	_	_	_	_
177-8	TO073	177	177	8	e	e	_	_	_	_	_	linguistic	_	none	_	_	_	_	_	_
177-9	TO073	177	177	9	quindi	quindi	_	_	_	_	_	linguistic	_	none	_	_	_	_	_	_
177-10	TO073	177	177	10	ci	ci	_	_	_	_	_	linguistic	_	none	_	_	_	_	_	_
177-11	TO073	177	177	11	porta	porta	_	_	_	_	_	linguistic	_	none	_	End=645.063	_	_	_	_
178-0	TO073	178	178	0	e:h	eh	_	_	_	_	_	linguistic	_	none	_	Begin=645.076	0x1	_	_	_
178-1	TO073	178	178	1	>la	la	_	_	_	_	_	linguistic	_	none	_	_	_	Fast=0-2(0)	_	_
178-2	TO073	178	178	2	parcheggiamo	parcheggiamo	_	_	_	_	_	linguistic	_	none	_	_	_	Fast=0-12(0)	_	_
178-3	TO073	178	178	3	in	in	_	_	_	_	_	linguistic	_	none	_	_	_	Fast=0-2(0)	_	_
178-4	TO073	178	178	4	corso	corso	_	_	_	_	_	linguistic	_	none	_	_	_	Fast=0-5(0)	_	_
178-5	TO073	178	178	5	tortona	tortona	_	_	_	_	_	linguistic	_	none	_	_	_	Fast=0-7(0)	_	_
178-6	TO073	178	178	6	non	non	_	_	_	_	_	linguistic	_	none	_	_	_	Fast=0-3(0)	_	_
178-7	TO073	178	178	7	so	so	_	_	_	_	_	linguistic	_	none	_	_	_	Fast=0-2(0)	_	_
178-8	TO073	178	178	8	se	se	_	_	_	_	_	linguistic	_	none	_	_	_	Fast=0-2(0)	_	_
178-9	TO073	178	178	9	hai	hai	_	_	_	_	_	linguistic	_	none	_	_	_	Fast=0-3(0)	_	_
178-10	TO073	178	178	10	presente	presente	_	_	_	_	_	linguistic	_	none	PauseAfter=Yes	_	_	Fast=0-8(0)	_	_
178-11	TO073	178	178	11	{P}	{P}	_	_	_	_	_	shortpause	_	none	_	_	_	Fast=0-3(0)	_	_
178-12	TO073	178	178	12	[e	e	_	_	_	_	_	linguistic	_	none	_	_	_	Fast=0-1(0)	_	0-1(46)
178-13	TO073	178	178	13	poi	poi	_	_	_	_	_	linguistic	_	none	_	_	_	Fast=0-3(0)	_	0-3(46)
178-14	TO073	178	178	14	andiamo	andiamo	_	_	_	_	_	linguistic	_	none	_	_	_	Fast=0-7(0)	_	0-7(46)
178-15	TO073	178	178	15	a	a	_	_	_	_	_	linguistic	_	none	_	_	_	Fast=0-1(0)	_	0-1(46)
178-16	TO073	178	178	16	piedi]	piedi	_	_	_	_	_	linguistic	_	none	_	_	_	Fast=0-5(0)	_	0-5(46)
178-17	TO073	178	178	17	in	in	_	_	_	_	_	linguistic	_	none	_	_	_	Fast=0-2(0)	_	_
178-18	TO073	178	178	18	via	via	_	_	_	_	_	linguistic	_	none	_	_	_	Fast=0-3(0)	_	_
178-19	TO073	178	178	19	vanchiglia	vanchiglia	_	_	_	_	_	linguistic	_	none	_	_	_	Fast=0-10(0)	_	_
178-20	TO073	178	178	20	quindi<	quindi	_	_	_	_	_	linguistic	_	none	_	End=649.176	_	Fast=0-6(0)	_	_
179-0	TO071	179	179	0	[sì	sì	_	_	_	_	_	linguistic	_	none	_	Begin=647.975	_	_	_	0-2(46)
179-1	TO071	179	179	1	sì]	sì	_	_	_	_	_	linguistic	_	none	_	End=648.556	_	_	_	0-2(46)
180-0	TO073	180	180	0	ci	ci	_	_	_	_	_	linguistic	_	none	_	Begin=649.585	_	_	_	_
180-1	TO073	180	180	1	facciamo	facciamo	_	_	_	_	_	linguistic	_	none	_	_	_	_	_	_
180-2	TO073	180	180	2	venti	venti	_	_	_	_	_	linguistic	_	none	_	_	_	_	_	_
180-3	TO073	180	180	3	minuti	minuti	_	_	_	_	_	linguistic	_	none	_	_	_	_	_	_
180-4	TO073	180	180	4	[di	di	_	_	_	_	_	linguistic	_	none	_	_	_	_	_	0-2(47)
180-5	TO073	180	180	5	strada]	strada	_	_	_	_	_	linguistic	_	none	_	_	_	_	_	0-6(47)
180-6	TO073	180	180	6	{ride}	{ride}	_	_	_	_	_	nonverbalbehavior	_	none	PauseAfter=Yes	_	_	_	_	_
180-7	TO073	180	180	7	{P}	{P}	_	_	_	_	_	shortpause	_	none	_	_	_	_	_	_
180-8	TO073	180	180	8	tutte	tutte	_	_	_	_	_	linguistic	_	none	_	_	_	_	_	_
180-9	TO073	180	180	9	le	le	_	_	_	_	_	linguistic	_	none	_	_	_	_	_	_
180-10	TO073	180	180	10	volte	volte	_	_	_	_	_	linguistic	_	none	_	_	_	_	_	_
180-11	TO073	180	180	11	ecco	ecco	_	_	_	_	_	linguistic	_	none	_	_	_	_	_	_
180-12	TO073	180	180	12	puoi	puoi	_	_	_	_	_	linguistic	_	none	_	_	_	_	_	_
180-13	TO073	180	180	13	capire.	capire	_	_	_	_	_	linguistic	_	none	Intonation=Falling	End=653.39	_	_	_	_
181-0	TO071	181	181	0	[io	io	_	_	_	_	_	linguistic	_	none	_	Begin=650.36	_	_	_	0-2(47)
181-1	TO071	181	181	1	abito	abito	_	_	_	_	_	linguistic	_	none	_	_	_	_	_	0-5(47)
181-2	TO071	181	181	2	là]	là	_	_	_	_	_	linguistic	_	none	_	End=651.435	_	_	_	0-2(47)
182-0	TO073	182	182	0	ehm:	ehm	_	_	_	_	_	linguistic	_	none	_	Begin=653.421|End=654.464	2x1	_	_	_
183-0	TO073	183	183	0	perché	perché	_	_	_	_	_	linguistic	_	none	_	Begin=654.557	_	_	_	_
183-1	TO073	183	183	1	lì	lì	_	_	_	_	_	linguistic	_	none	_	_	_	_	_	_
183-2	TO073	183	183	2	è	è	_	_	_	_	_	linguistic	_	none	_	_	_	_	_	_
183-3	TO073	183	183	3	l'	l'	_	_	_	_	_	linguistic	_	none	SpaceAfter=No	_	_	_	_	_
183-4	TO073	183	183	4	unico	unico	_	_	_	_	_	linguistic	_	none	_	_	_	_	_	_
183-5	TO073	183	183	5	posto	posto	_	_	_	_	_	linguistic	_	none	_	_	_	_	_	_
183-6	TO073	183	183	6	dove	dove	_	_	_	_	_	linguistic	_	none	_	_	_	_	_	_
183-7	TO073	183	183	7	ormai	ormai	_	_	_	_	_	linguistic	_	none	_	_	_	_	_	_
183-8	TO073	183	183	8	non	non	_	_	_	_	_	linguistic	_	none	_	_	_	_	_	_
183-9	TO073	183	183	9	ci	ci	_	_	_	_	_	linguistic	_	none	_	_	_	_	_	_
183-10	TO073	183	183	10	sono	sono	_	_	_	_	_	linguistic	_	none	_	_	_	_	_	_
183-11	TO073	183	183	11	le	le	_	_	_	_	_	linguistic	_	none	PauseAfter=Yes	_	_	_	_	_
183-12	TO073	183	183	12	{P}	{P}	_	_	_	_	_	shortpause	_	none	_	_	_	_	_	_
183-13	TO073	183	183	13	le	le	_	_	_	_	_	linguistic	_	none	_	_	_	_	_	_
183-14	TO073	183	183	14	scrice	scrice	_	_	_	_	_	linguistic	_	none	_	_	_	_	_	_
183-15	TO073	183	183	15	blu.	blu	_	_	_	_	_	linguistic	_	none	Intonation=Falling	End=658.359	_	_	_	_
184-0	TO073	184	184	0	ehm	ehm	_	_	_	_	_	linguistic	_	none	PauseAfter=Yes	Begin=658.486	_	_	_	_
184-1	TO073	184	184	1	{P}	{P}	_	_	_	_	_	shortpause	_	none	_	_	_	_	_	_
184-2	TO073	184	184	2	>ecco	ecco	_	_	_	_	_	linguistic	_	none	_	_	_	Fast=0-4(0)	_	_
184-3	TO073	184	184	3	infatti	infatti	_	_	_	_	_	linguistic	_	none	_	_	_	Fast=0-7(0)	_	_
184-4	TO073	184	184	4	questa	questa	_	_	_	_	_	linguistic	_	none	_	_	_	Fast=0-6(0)	_	_
184-5	TO073	184	184	5	esperienza	esperienza	_	_	_	_	_	linguistic	_	none	_	_	_	Fast=0-10(0)	_	_
184-6	TO073	184	184	6	di	di	_	_	_	_	_	linguistic	_	none	_	_	_	Fast=0-2(0)	_	_
184-7	TO073	184	184	7	coinquilinaggio	coinquilinaggio	_	_	_	_	_	linguistic	_	none	_	_	_	Fast=0-15(0)	_	_
184-8	TO073	184	184	8	è	è	_	_	_	_	_	linguistic	_	none	_	_	_	Fast=0-1(0)	_	_
184-9	TO073	184	184	9	stata	stata	_	_	_	_	_	linguistic	_	none	PauseAfter=Yes	_	_	Fast=0-5(0)	_	_
184-10	TO073	184	184	10	{P}	{P}	_	_	_	_	_	shortpause	_	none	_	_	_	Fast=0-3(0)	_	_
184-11	TO073	184	184	11	forte	forte	_	_	_	_	_	linguistic	_	none	_	_	_	Fast=0-5(0)	_	_
184-12	TO073	184	184	12	perché	perché	_	_	_	_	_	linguistic	_	none	_	_	_	Fast=0-6(0)	_	_
184-13	TO073	184	184	13	vabbè	vabbè	_	_	_	_	_	linguistic	_	none	PauseAfter=Yes	_	_	Fast=0-5(0)	_	_
184-14	TO073	184	184	14	{P}	{P}	_	_	_	_	_	shortpause	_	none	_	_	_	Fast=0-3(0)	_	_
184-15	TO073	184	184	15	da	da	_	_	_	_	_	linguistic	_	none	_	_	_	Fast=0-2(0)	_	_
184-16	TO073	184	184	16	una	una	_	_	_	_	_	linguistic	_	none	_	_	_	Fast=0-3(0)	_	_
184-17	TO073	184	184	17	parte	parte	_	_	_	_	_	linguistic	_	none	_	_	_	Fast=0-5(0)	_	_
184-18	TO073	184	184	18	ero	ero	_	_	_	_	_	linguistic	_	none	_	_	_	Fast=0-3(0)	_	_
184-19	TO073	184	184	19	av~	av~	_	_	_	_	_	linguistic	_	none	Interrupted=Yes	_	_	Fast=0-3(0)	_	_
184-20	TO073	184	184	20	condividevo	condividevo	_	_	_	_	_	linguistic	_	none	_	_	_	Fast=0-11(0)	_	_
184-21	TO073	184	184	21	con	con	_	_	_	_	_	linguistic	_	none	_	_	_	Fast=0-3(0)	_	_
184-22	TO073	184	184	22	una	una	_	_	_	_	_	linguistic	_	none	PauseAfter=Yes	_	_	Fast=0-3(0)	_	_
184-23	TO073	184	184	23	{P}	{P}	_	_	_	_	_	shortpause	_	none	_	_	_	Fast=0-3(0)	_	_
184-24	TO073	184	184	24	carissima	carissima	_	_	_	_	_	linguistic	_	none	_	_	_	Fast=0-9(0)	_	_
184-25	TO073	184	184	25	amica	amica	_	_	_	_	_	linguistic	_	none	_	_	_	Fast=0-5(0)	_	_
184-26	TO073	184	184	26	una	una	_	_	_	_	_	linguistic	_	none	_	_	_	Fast=0-3(0)	_	_
184-27	TO073	184	184	27	delle	delle	_	_	_	_	_	linguistic	_	none	_	_	_	Fast=0-5(0)	_	_
184-28	TO073	184	184	28	mie	mie	_	_	_	_	_	linguistic	_	none	_	_	_	Fast=0-3(0)	_	_
184-29	TO073	184	184	29	migliori	migliori	_	_	_	_	_	linguistic	_	none	_	_	_	Fast=0-8(0)	_	_
184-30	TO073	184	184	30	amiche<	amiche	_	_	_	_	_	linguistic	_	none	_	End=666.477	_	Fast=0-6(0)	_	_
185-0	TO073	185	185	0	ehm	ehm	_	_	_	_	_	linguistic	_	none	PauseAfter=Yes	Begin=666.702	_	_	_	_
185-1	TO073	185	185	1	{P}	{P}	_	_	_	_	_	shortpause	_	none	_	_	_	_	_	_
185-2	TO073	185	185	2	>che	che	_	_	_	_	_	linguistic	_	none	_	_	_	Fast=0-3(0)	_	_
185-3	TO073	185	185	3	in	in	_	_	_	_	_	linguistic	_	none	_	_	_	Fast=0-2(0)	_	_
185-4	TO073	185	185	4	realtà	realtà	_	_	_	_	_	linguistic	_	none	_	_	_	Fast=0-6(0)	_	_
185-5	TO073	185	185	5	ho	ho	_	_	_	_	_	linguistic	_	none	_	_	_	Fast=0-2(0)	_	_
185-6	TO073	185	185	6	conosciuto	conosciuto	_	_	_	_	_	linguistic	_	none	_	_	_	Fast=0-10(0)	_	_
185-7	TO073	185	185	7	soltanto	soltanto	_	_	_	_	_	linguistic	_	none	_	_	_	Fast=0-8(0)	_	_
185-8	TO073	185	185	8	al	al	_	_	_	_	_	linguistic	_	none	_	_	_	Fast=0-2(0)	_	_
185-9	TO073	185	185	9	primo	primo	_	_	_	_	_	linguistic	_	none	_	_	_	Fast=0-5(0)	_	_
185-10	TO073	185	185	10	anno	anno	_	_	_	_	_	linguistic	_	none	_	_	_	Fast=0-4(0)	_	_
185-11	TO073	185	185	11	di	di	_	_	_	_	_	linguistic	_	none	_	_	_	Fast=0-2(0)	_	_
185-12	TO073	185	185	12	università	università	_	_	_	_	_	linguistic	_	none	_	_	_	Fast=0-10(0)	_	_
185-13	TO073	185	185	13	quindi	quindi	_	_	_	_	_	linguistic	_	none	_	_	_	Fast=0-6(0)	_	_
185-14	TO073	185	185	14	quattro	quattro	_	_	_	_	_	linguistic	_	none	_	_	_	Fast=0-7(0)	_	_
185-15	TO073	185	185	15	anni	anni	_	_	_	_	_	linguistic	_	none	_	_	_	Fast=0-4(0)	_	_
185-16	TO073	185	185	16	fa<	fa	_	_	_	_	_	linguistic	_	none	_	End=671.242	_	Fast=0-2(0)	_	_
186-0	TO073	186	186	0	ehm:	ehm	_	_	_	_	_	linguistic	_	none	_	Begin=671.611	2x1	_	_	_
186-1	TO073	186	186	1	che	che	_	_	_	_	_	linguistic	_	none	_	_	_	_	_	_
186-2	TO073	186	186	2	però	però	_	_	_	_	_	linguistic	_	none	PauseAfter=Yes	_	_	_	_	_
186-3	TO073	186	186	3	{P}	{P}	_	_	_	_	_	shortpause	_	none	_	_	_	_	_	_
186-4	TO073	186	186	4	ehm	ehm	_	_	_	_	_	linguistic	_	none	_	End=674.347	_	_	_	_
187-0	TO073	187	187	0	ha	ha	_	_	_	_	_	linguistic	_	none	_	Begin=674.547	_	_	_	_
187-1	TO073	187	187	1	fatto	fatto	_	_	_	_	_	linguistic	_	none	_	_	_	_	_	_
187-2	TO073	187	187	2	(ab~)	ab~	_	_	_	_	_	linguistic	_	none	Interrupted=Yes	_	_	_	0-3(0)	_
187-3	TO073	187	187	3	>con	con	_	_	_	_	_	linguistic	_	none	_	_	_	Fast=0-3(0)	_	_
187-4	TO073	187	187	4	cui	cui	_	_	_	_	_	linguistic	_	none	_	_	_	Fast=0-3(0)	_	_
187-5	TO073	187	187	5	però	però	_	_	_	_	_	linguistic	_	none	_	_	_	Fast=0-4(0)	_	_
187-6	TO073	187	187	6	ho	ho	_	_	_	_	_	linguistic	_	none	_	_	_	Fast=0-2(0)	_	_
187-7	TO073	187	187	7	condiviso	condiviso	_	_	_	_	_	linguistic	_	none	_	_	_	Fast=0-9(0)	_	_
187-8	TO073	187	187	8	tantissime	tantissime	_	_	_	_	_	linguistic	_	none	_	_	_	Fast=0-10(0)	_	_
187-9	TO073	187	187	9	esperienze	esperienze	_	_	_	_	_	linguistic	_	none	PauseAfter=Yes	_	_	Fast=0-10(0)	_	_
187-10	TO073	187	187	10	{P}	{P}	_	_	_	_	_	shortpause	_	none	_	_	_	Fast=0-3(0)	_	_
187-11	TO073	187	187	11	tra	tra	_	_	_	_	_	linguistic	_	none	_	_	_	Fast=0-3(0)	_	_
187-12	TO073	187	187	12	cui	cui	_	_	_	_	_	linguistic	_	none	_	_	_	Fast=0-3(0)	_	_
187-13	TO073	187	187	13	l'	l'	_	_	_	_	_	linguistic	_	none	SpaceAfter=No	_	_	Fast=0-2(0)	_	_
187-14	TO073	187	187	14	erasmus	erasmus	_	_	_	_	_	linguistic	_	none	PauseAfter=Yes	_	_	Fast=0-7(0)	_	_
187-15	TO073	187	187	15	{P}	{P}	_	_	_	_	_	shortpause	_	none	_	_	_	Fast=0-3(0)	_	_
187-16	TO073	187	187	16	nel	nel	_	_	_	_	_	linguistic	_	none	_	_	_	Fast=0-3(0)	_	_
187-17	TO073	187	187	17	senso	senso	_	_	_	_	_	linguistic	_	none	_	_	_	Fast=0-5(0)	_	_
187-18	TO073	187	187	18	in	in	_	_	_	_	_	linguistic	_	none	_	_	_	Fast=0-2(0)	_	_
187-19	TO073	187	187	19	due	due	_	_	_	_	_	linguistic	_	none	_	_	_	Fast=0-3(0)	_	_
187-20	TO073	187	187	20	posti	posti	_	_	_	_	_	linguistic	_	none	_	_	_	Fast=0-5(0)	_	_
187-21	TO073	187	187	21	diversi	diversi	_	_	_	_	_	linguistic	_	none	_	_	_	Fast=0-7(0)	_	_
187-22	TO073	187	187	22	perché	perché	_	_	_	_	_	linguistic	_	none	_	_	_	Fast=0-6(0)	_	_
187-23	TO073	187	187	23	noi	noi	_	_	_	_	_	linguistic	_	none	_	_	_	Fast=0-3(0)	_	_
187-24	TO073	187	187	24	ci	ci	_	_	_	_	_	linguistic	_	none	_	_	_	Fast=0-2(0)	_	_
187-25	TO073	187	187	25	siamo	siamo	_	_	_	_	_	linguistic	_	none	_	_	_	Fast=0-5(0)	_	_
187-26	TO073	187	187	26	imposte	imposte	_	_	_	_	_	linguistic	_	none	_	_	_	Fast=0-7(0)	_	_
187-27	TO073	187	187	27	proprio	proprio	_	_	_	_	_	linguistic	_	none	_	_	_	Fast=0-7(0)	_	_
187-28	TO073	187	187	28	di	di	_	_	_	_	_	linguistic	_	none	_	_	_	Fast=0-2(0)	_	_
187-29	TO073	187	187	29	scegliere	scegliere	_	_	_	_	_	linguistic	_	none	_	_	_	Fast=0-9(0)	_	_
187-30	TO073	187	187	30	due	due	_	_	_	_	_	linguistic	_	none	_	_	_	Fast=0-3(0)	_	_
187-31	TO073	187	187	31	posti	posti	_	_	_	_	_	linguistic	_	none	_	_	_	Fast=0-5(0)	_	_
187-32	TO073	187	187	32	diversi<	diversi	_	_	_	_	_	linguistic	_	none	_	End=682.342	_	Fast=0-7(0)	_	_
188-0	TO073	188	188	0	[(però	però	_	_	_	_	_	linguistic	_	none	_	Begin=682.489	_	_	0-4(0)	0-4(48)
188-1	TO073	188	188	1	insomma)]	insomma	_	_	_	_	_	linguistic	_	none	_	_	_	_	0-7(0)	0-7(48)
188-2	TO073	188	188	2	abbiamo	abbiamo	_	_	_	_	_	linguistic	_	none	_	End=683.627	_	_	_	_
189-0	TO071	189	189	0	[perché]?	perché	_	_	_	_	_	linguistic	_	none	Intonation=Rising	Begin=682.49|End=683.163	_	_	_	0-6(48)
190-0	TO073	190	190	0	mh	mh	_	_	_	_	_	linguistic	_	none	PauseAfter=Yes	Begin=683.663	_	_	_	_
190-1	TO073	190	190	1	{P}	{P}	_	_	_	_	_	shortpause	_	none	_	_	_	_	_	_
190-2	TO073	190	190	2	>perché	perché	_	_	_	_	_	linguistic	_	none	_	_	_	Fast=0-6(0)	_	_
190-3	TO073	190	190	3	nessuna	nessuna	_	_	_	_	_	linguistic	_	none	_	_	_	Fast=0-7(0)	_	_
190-4	TO073	190	190	4	delle	delle	_	_	_	_	_	linguistic	_	none	_	_	_	Fast=0-5(0)	_	_
190-5	TO073	190	190	5	due	due	_	_	_	_	_	linguistic	_	none	_	_	_	Fast=0-3(0)	_	_
190-6	TO073	190	190	6	voleva	voleva	_	_	_	_	_	linguistic	_	none	_	_	_	Fast=0-6(0)	_	_
190-7	TO073	190	190	7	essere	essere	_	_	_	_	_	linguistic	_	none	_	_	_	Fast=0-6(0)	_	_
190-8	TO073	190	190	8	limitata	limitata	_	_	_	_	_	linguistic	_	none	_	_	_	Fast=0-8(0)	_	_
190-9	TO073	190	190	9	dal[l'	dall'	_	_	_	_	_	linguistic	_	none	SpaceAfter=No	_	_	Fast=0-5(0)	_	3-5(49)
190-10	TO073	190	190	10	altra	altra	_	_	_	_	_	linguistic	_	none	_	_	_	Fast=0-5(0)	_	0-5(49)
190-11	TO073	190	190	11	in	in	_	_	_	_	_	linguistic	_	none	_	_	_	Fast=0-2(0)	_	0-2(49)
190-12	TO073	190	190	12	questa	questa	_	_	_	_	_	linguistic	_	none	_	_	_	Fast=0-6(0)	_	0-6(49)
190-13	TO073	190	190	13	espe]rienza	esperienza	_	_	_	_	_	linguistic	_	none	_	_	_	Fast=0-10(0)	_	0-4(49)
190-14	TO073	190	190	14	io	io	_	_	_	_	_	linguistic	_	none	_	_	_	Fast=0-2(0)	_	_
190-15	TO073	190	190	15	volevo	volevo	_	_	_	_	_	linguistic	_	none	_	_	_	Fast=0-6(0)	_	_
190-16	TO073	190	190	16	partire	partire	_	_	_	_	_	linguistic	_	none	_	_	_	Fast=0-7(0)	_	_
190-17	TO073	190	190	17	proprio	proprio	_	_	_	_	_	linguistic	_	none	_	_	_	Fast=0-7(0)	_	_
190-18	TO073	190	190	18	sola	sola	_	_	_	_	_	linguistic	_	none	_	_	_	Fast=0-4(0)	_	_
190-19	TO073	190	190	19	senza	senza	_	_	_	_	_	linguistic	_	none	_	_	_	Fast=0-5(0)	_	_
190-20	TO073	190	190	20	conoscere	conoscere	_	_	_	_	_	linguistic	_	none	_	_	_	Fast=0-9(0)	_	_
190-21	TO073	190	190	21	e	e	_	_	_	_	_	linguistic	_	none	_	_	_	Fast=0-1(0)	_	_
190-22	TO073	190	190	22	sono	sono	_	_	_	_	_	linguistic	_	none	_	_	_	Fast=0-4(0)	_	_
190-23	TO073	190	190	23	stata	stata	_	_	_	_	_	linguistic	_	none	_	_	_	Fast=0-5(0)	_	_
190-24	TO073	190	190	24	anche<	anche	_	_	_	_	_	linguistic	_	none	_	End=690.032	_	Fast=0-5(0)	_	_
191-0	TO071	191	191	0	[okay]	okay	_	_	_	_	_	linguistic	_	none	_	Begin=686.35|End=687.03	_	_	_	0-4(49)
192-0	TO073	192	192	0	fra	fra	_	_	_	_	_	linguistic	_	none	_	Begin=690.213	_	_	_	_
192-1	TO073	192	192	1	le	le	_	_	_	_	_	linguistic	_	none	_	_	_	_	_	_
192-2	TO073	192	192	2	poche	poche	_	_	_	_	_	linguistic	_	none	_	_	_	_	_	_
192-3	TO073	192	192	3	eh	eh	_	_	_	_	_	linguistic	_	none	_	_	_	_	_	_
192-4	TO073	192	192	4	soprattutto	soprattutto	_	_	_	_	_	linguistic	_	none	_	_	_	_	_	_
192-5	TO073	192	192	5	femmin~	femmin~	_	_	_	_	_	linguistic	_	none	Interrupted=Yes	_	_	_	_	_
192-6	TO073	192	192	6	poi	poi	_	_	_	_	_	linguistic	_	none	_	_	_	_	_	_
192-7	TO073	192	192	7	io	io	_	_	_	_	_	linguistic	_	none	_	_	_	_	_	_
192-8	TO073	192	192	8	ero	ero	_	_	_	_	_	linguistic	_	none	_	_	_	_	_	_
192-9	TO073	192	192	9	anche	anche	_	_	_	_	_	linguistic	_	none	_	_	_	_	_	_
192-10	TO073	192	192	10	m~	m~	_	_	_	_	_	linguistic	_	none	Interrupted=Yes	_	_	_	_	_
192-11	TO073	192	192	11	molto	molto	_	_	_	_	_	linguistic	_	none	PauseAfter=Yes	_	_	_	_	_
192-12	TO073	192	192	12	{P}	{P}	_	_	_	_	_	shortpause	_	none	_	_	_	_	_	_
192-13	TO073	192	192	13	giovane	giovane	_	_	_	_	_	linguistic	_	none	_	_	_	_	_	_
192-14	TO073	192	192	14	tra	tra	_	_	_	_	_	linguistic	_	none	_	_	_	_	_	_
192-15	TO073	192	192	15	virgolette	virgolette	_	_	_	_	_	linguistic	_	none	_	_	_	_	_	_
192-16	TO073	192	192	16	>nel	nel	_	_	_	_	_	linguistic	_	none	_	_	_	Fast=0-3(0)	_	_
192-17	TO073	192	192	17	senso	senso	_	_	_	_	_	linguistic	_	none	_	_	_	Fast=0-5(0)	_	_
192-18	TO073	192	192	18	che	che	_	_	_	_	_	linguistic	_	none	PauseAfter=Yes	_	_	Fast=0-3(0)	_	_
192-19	TO073	192	192	19	{P}	{P}	_	_	_	_	_	shortpause	_	none	_	_	_	Fast=0-3(0)	_	_
192-20	TO073	192	192	20	ho	ho	_	_	_	_	_	linguistic	_	none	_	_	_	Fast=0-2(0)	_	_
192-21	TO073	192	192	21	fatto	fatto	_	_	_	_	_	linguistic	_	none	_	_	_	Fast=0-5(0)	_	_
192-22	TO073	192	192	22	l'	l'	_	_	_	_	_	linguistic	_	none	SpaceAfter=No	_	_	Fast=0-2(0)	_	_
192-23	TO073	192	192	23	erasmus	erasmus	_	_	_	_	_	linguistic	_	none	_	_	_	Fast=0-7(0)	_	_
192-24	TO073	192	192	24	a	a	_	_	_	_	_	linguistic	_	none	_	_	_	Fast=0-1(0)	_	_
192-25	TO073	192	192	25	vent'	vent'	_	_	_	_	_	linguistic	_	none	SpaceAfter=No	_	_	Fast=0-5(0)	_	_
192-26	TO073	192	192	26	anni<	anni	_	_	_	_	_	linguistic	_	none	_	End=697.469	_	Fast=0-3(0)	_	_
193-0	TO073	193	193	0	eh	eh	_	_	_	_	_	linguistic	_	none	PauseAfter=Yes	Begin=697.774	_	_	_	_
193-1	TO073	193	193	1	{P}	{P}	_	_	_	_	_	shortpause	_	none	_	_	_	_	_	_
193-2	TO073	193	193	2	>mi	mi	_	_	_	_	_	linguistic	_	none	_	_	_	Fast=0-2(0)	_	_
193-3	TO073	193	193	3	sono	sono	_	_	_	_	_	linguistic	_	none	_	_	_	Fast=0-4(0)	_	_
193-4	TO073	193	193	4	confrontata	confrontata	_	_	_	_	_	linguistic	_	none	_	_	_	Fast=0-11(0)	_	_
193-5	TO073	193	193	5	con<	con	_	_	_	_	_	linguistic	_	none	_	_	_	Fast=0-3(0)	_	_
193-6	TO073	193	193	6	tutta	tutta	_	_	_	_	_	linguistic	_	none	_	_	_	_	_	_
193-7	TO073	193	193	7	gente	gente	_	_	_	_	_	linguistic	_	none	_	_	_	_	_	_
193-8	TO073	193	193	8	quasi	quasi	_	_	_	_	_	linguistic	_	none	_	_	_	_	_	_
193-9	TO073	193	193	9	tutta	tutta	_	_	_	_	_	linguistic	_	none	_	_	_	_	_	_
193-10	TO073	193	193	10	gente	gente	_	_	_	_	_	linguistic	_	none	_	_	_	_	_	_
193-11	TO073	193	193	11	più	più	_	_	_	_	_	linguistic	_	none	_	_	_	_	_	_
193-12	TO073	193	193	12	grande	grande	_	_	_	_	_	linguistic	_	none	_	_	_	_	_	_
193-13	TO073	193	193	13	di	di	_	_	_	_	_	linguistic	_	none	_	_	_	_	_	_
193-14	TO073	193	193	14	un	un	_	_	_	_	_	linguistic	_	none	_	_	_	_	_	_
193-15	TO073	193	193	15	paio	paio	_	_	_	_	_	linguistic	_	none	_	_	_	_	_	_
193-16	TO073	193	193	16	d'	d'	_	_	_	_	_	linguistic	_	none	SpaceAfter=No	_	_	_	_	_
193-17	TO073	193	193	17	anni	anni	_	_	_	_	_	linguistic	_	none	_	_	_	_	_	_
193-18	TO073	193	193	18	almeno.	almeno	_	_	_	_	_	linguistic	_	none	Intonation=Falling	End=703.095	_	_	_	_
194-0	TO073	194	194	0	e:	e	_	_	_	_	_	linguistic	_	none	_	Begin=703.197	0x1	_	_	_
194-1	TO073	194	194	1	e	e	_	_	_	_	_	linguistic	_	none	_	_	_	_	_	_
194-2	TO073	194	194	2	sono	sono	_	_	_	_	_	linguistic	_	none	_	_	_	_	_	_
194-3	TO073	194	194	3	stata	stata	_	_	_	_	_	linguistic	_	none	_	_	_	_	_	_
194-4	TO073	194	194	4	una	una	_	_	_	_	_	linguistic	_	none	_	_	_	_	_	_
194-5	TO073	194	194	5	delle	delle	_	_	_	_	_	linguistic	_	none	_	_	_	_	_	_
194-6	TO073	194	194	6	poche	poche	_	_	_	_	_	linguistic	_	none	_	_	_	_	_	_
194-7	TO073	194	194	7	a	a	_	_	_	_	_	linguistic	_	none	_	_	_	_	_	_
194-8	TO073	194	194	8	partire	partire	_	_	_	_	_	linguistic	_	none	_	_	_	_	_	_
194-9	TO073	194	194	9	proprio	proprio	_	_	_	_	_	linguistic	_	none	PauseAfter=Yes	_	_	_	_	_
194-10	TO073	194	194	10	{P}	{P}	_	_	_	_	_	shortpause	_	none	_	_	_	_	_	_
194-11	TO073	194	194	11	sola	sola	_	_	_	_	_	linguistic	_	none	PauseAfter=Yes	_	_	_	_	_
194-12	TO073	194	194	12	{P}	{P}	_	_	_	_	_	shortpause	_	none	_	_	_	_	_	_
194-13	TO073	194	194	13	anche	anche	_	_	_	_	_	linguistic	_	none	_	_	_	_	_	_
194-14	TO073	194	194	14	proprio	proprio	_	_	_	_	_	linguistic	_	none	_	_	_	_	_	_
194-15	TO073	194	194	15	dalla	dalla	_	_	_	_	_	linguistic	_	none	_	_	_	_	_	_
194-16	TO073	194	194	16	città	città	_	_	_	_	_	linguistic	_	none	_	_	_	_	_	_
194-17	TO073	194	194	17	originaria	originaria	_	_	_	_	_	linguistic	_	none	PauseAfter=Yes	_	_	_	_	_
194-18	TO073	194	194	18	{P}	{P}	_	_	_	_	_	shortpause	_	none	_	_	_	_	_	_
194-19	TO073	194	194	19	eravamo	eravamo	_	_	_	_	_	linguistic	_	none	_	_	_	_	_	_
194-20	TO073	194	194	20	in	in	_	_	_	_	_	linguistic	_	none	_	_	_	_	_	_
194-21	TO073	194	194	21	un	un	_	_	_	_	_	linguistic	_	none	_	_	_	_	_	_
194-22	TO073	194	194	22	po'	po'	_	_	_	_	_	linguistic	_	none	_	_	_	_	_	_
194-23	TO073	194	194	23	di	di	_	_	_	_	_	linguistic	_	none	_	_	_	_	_	_
194-24	TO073	194	194	24	torino	torino	_	_	_	_	_	linguistic	_	none	_	_	_	_	_	_
194-25	TO073	194	194	25	ma	ma	_	_	_	_	_	linguistic	_	none	_	_	_	_	_	_
194-26	TO073	194	194	26	io	io	_	_	_	_	_	linguistic	_	none	_	_	_	_	_	_
194-27	TO073	194	194	27	sono	sono	_	_	_	_	_	linguistic	_	none	_	_	_	_	_	_
194-28	TO073	194	194	28	partita	partita	_	_	_	_	_	linguistic	_	none	_	_	_	_	_	_
194-29	TO073	194	194	29	da	da	_	_	_	_	_	linguistic	_	none	_	_	_	_	_	_
194-30	TO073	194	194	30	sola.	sola	_	_	_	_	_	linguistic	_	none	Intonation=Falling	End=711.398	_	_	_	_
195-0	TO073	195	195	0	ehm:	ehm	_	_	_	_	_	linguistic	_	none	PauseAfter=Yes	Begin=711.603	2x1	_	_	_
195-1	TO073	195	195	1	{P}	{P}	_	_	_	_	_	shortpause	_	none	_	_	_	_	_	_
195-2	TO073	195	195	2	>e	e	_	_	_	_	_	linguistic	_	none	_	_	_	Fast=0-1(0)	_	_
195-3	TO073	195	195	3	niente	niente	_	_	_	_	_	linguistic	_	none	_	_	_	Fast=0-6(0)	_	_
195-4	TO073	195	195	4	quindi	quindi	_	_	_	_	_	linguistic	_	none	_	_	_	Fast=0-6(0)	_	_
195-5	TO073	195	195	5	ci	ci	_	_	_	_	_	linguistic	_	none	_	_	_	Fast=0-2(0)	_	_
195-6	TO073	195	195	6	siamo:<	siamo	_	_	_	_	_	linguistic	_	none	_	End=714.88	4x1	Fast=0-5(0)	_	_
196-0	TO073	196	196	0	ci	ci	_	_	_	_	_	linguistic	_	none	_	Begin=714.88	_	_	_	_
196-1	TO073	196	196	1	siamo	siamo	_	_	_	_	_	linguistic	_	none	_	_	_	_	_	_
196-2	TO073	196	196	2	proprio	proprio	_	_	_	_	_	linguistic	_	none	_	_	_	_	_	_
196-3	TO073	196	196	3	imposte	imposte	_	_	_	_	_	linguistic	_	none	_	_	_	_	_	_
196-4	TO073	196	196	4	di	di	_	_	_	_	_	linguistic	_	none	_	_	_	_	_	_
196-5	TO073	196	196	5	di:	di	_	_	_	_	_	linguistic	_	none	_	_	1x1	_	_	_
196-6	TO073	196	196	6	scegliere	scegliere	_	_	_	_	_	linguistic	_	none	_	_	_	_	_	_
196-7	TO073	196	196	7	posti	posti	_	_	_	_	_	linguistic	_	none	_	_	_	_	_	_
196-8	TO073	196	196	8	diversi	diversi	_	_	_	_	_	linguistic	_	none	_	_	_	_	_	_
196-9	TO073	196	196	9	>però	però	_	_	_	_	_	linguistic	_	none	_	_	_	Fast=0-4(0)	_	_
196-10	TO073	196	196	10	comunque	comunque	_	_	_	_	_	linguistic	_	none	_	_	_	Fast=0-8(0)	_	_
196-11	TO073	196	196	11	l'	l'	_	_	_	_	_	linguistic	_	none	SpaceAfter=No	_	_	Fast=0-2(0)	_	_
196-12	TO073	196	196	12	abbiamo	abbiamo	_	_	_	_	_	linguistic	_	none	_	_	_	Fast=0-7(0)	_	_
196-13	TO073	196	196	13	vissuta	vissuta	_	_	_	_	_	linguistic	_	none	_	_	_	Fast=0-7(0)	_	_
196-14	TO073	196	196	14	insieme	insieme	_	_	_	_	_	linguistic	_	none	_	_	_	Fast=0-7(0)	_	_
196-15	TO073	196	196	15	a	a	_	_	_	_	_	linguistic	_	none	_	_	_	Fast=0-1(0)	_	_
196-16	TO073	196	196	16	distanza	distanza	_	_	_	_	_	linguistic	_	none	_	_	_	Fast=0-8(0)	_	_
196-17	TO073	196	196	17	ed	ed	_	_	_	_	_	linguistic	_	none	_	_	_	Fast=0-2(0)	_	_
196-18	TO073	196	196	18	è	è	_	_	_	_	_	linguistic	_	none	_	_	_	Fast=0-1(0)	_	_
196-19	TO073	196	196	19	stato	stato	_	_	_	_	_	linguistic	_	none	_	_	_	Fast=0-5(0)	_	_
196-20	TO073	196	196	20	molto	molto	_	_	_	_	_	linguistic	_	none	_	_	_	Fast=0-5(0)	_	_
196-21	TO073	196	196	21	bello	bello	_	_	_	_	_	linguistic	_	none	_	_	_	Fast=0-5(0)	_	_
196-22	TO073	196	196	22	perché<	perché	_	_	_	_	_	linguistic	_	none	_	End=720.703	_	Fast=0-6(0)	_	_
197-0	TO073	197	197	0	non	non	_	_	_	_	_	linguistic	_	none	_	Begin=720.703	_	_	_	_
197-1	TO073	197	197	1	c'	c'	_	_	_	_	_	linguistic	_	none	SpaceAfter=No	_	_	_	_	_
197-2	TO073	197	197	2	era	era	_	_	_	_	_	linguistic	_	none	_	_	_	_	_	_
197-3	TO073	197	197	3	nessuno	nessuno	_	_	_	_	_	linguistic	_	none	_	_	_	_	_	_
197-4	TO073	197	197	4	più	più	_	_	_	_	_	linguistic	_	none	_	_	_	_	_	_
197-5	TO073	197	197	5	di	di	_	_	_	_	_	linguistic	_	none	_	_	_	_	_	_
197-6	TO073	197	197	6	lei	lei	_	_	_	_	_	linguistic	_	none	_	_	_	_	_	_
197-7	TO073	197	197	7	che	che	_	_	_	_	_	linguistic	_	none	_	_	_	_	_	_
197-8	TO073	197	197	8	potesse	potesse	_	_	_	_	_	linguistic	_	none	_	_	_	_	_	_
197-9	TO073	197	197	9	capirmi	capirmi	_	_	_	_	_	linguistic	_	none	_	_	_	_	_	_
197-10	TO073	197	197	10	nel	nel	_	_	_	_	_	linguistic	_	none	_	_	_	_	_	_
197-11	TO073	197	197	11	giorno	giorno	_	_	_	_	_	linguistic	_	none	_	_	_	_	_	_
197-12	TO073	197	197	12	di	di	_	_	_	_	_	linguistic	_	none	_	_	_	_	_	_
197-13	TO073	197	197	13	up	up	_	_	_	_	_	linguistic	_	none	_	_	_	_	_	_
197-14	TO073	197	197	14	massimo	massimo	_	_	_	_	_	linguistic	_	none	_	_	_	_	_	_
197-15	TO073	197	197	15	e	e	_	_	_	_	_	linguistic	_	none	_	_	_	_	_	_
197-16	TO073	197	197	16	nel	nel	_	_	_	_	_	linguistic	_	none	_	_	_	_	_	_
197-17	TO073	197	197	17	giorno	giorno	_	_	_	_	_	linguistic	_	none	_	_	_	_	_	_
197-18	TO073	197	197	18	di	di	_	_	_	_	_	linguistic	_	none	_	_	_	_	_	_
197-19	TO073	197	197	19	down	down	_	_	_	_	_	linguistic	_	none	_	_	_	_	_	_
197-20	TO073	197	197	20	in	in	_	_	_	_	_	linguistic	_	none	_	_	_	_	_	_
197-21	TO073	197	197	21	cui	cui	_	_	_	_	_	linguistic	_	none	_	_	_	_	_	_
197-22	TO073	197	197	22	[dici]	dici	_	_	_	_	_	linguistic	_	none	_	End=725.425	_	_	_	0-4(50)
198-0	TO071	198	198	0	[certo]	certo	_	_	_	_	_	linguistic	_	none	_	Begin=724.833|End=725.42	_	_	_	0-5(50)
199-0	TO073	199	199	0	fanculo	fanculo	_	_	_	_	_	linguistic	_	none	PauseAfter=Yes	Begin=725.522	_	_	_	_
199-1	TO073	199	199	1	{P}	{P}	_	_	_	_	_	shortpause	_	none	_	_	_	_	_	_
199-2	TO073	199	199	2	mi	mi	_	_	_	_	_	linguistic	_	none	_	_	_	_	_	_
199-3	TO073	199	199	3	fa	fa	_	_	_	_	_	linguistic	_	none	_	_	_	_	_	_
199-4	TO073	199	199	4	schifo	schifo	_	_	_	_	_	linguistic	_	none	_	_	_	_	_	_
199-5	TO073	199	199	5	tutto	tutto	_	_	_	_	_	linguistic	_	none	_	_	_	_	_	_
199-6	TO073	199	199	6	>oppure	oppure	_	_	_	_	_	linguistic	_	none	_	_	_	Fast=0-6(0)	_	_
199-7	TO073	199	199	7	fanculo	fanculo	_	_	_	_	_	linguistic	_	none	_	_	_	Fast=0-7(0)	_	_
199-8	TO073	199	199	8	non	non	_	_	_	_	_	linguistic	_	none	_	_	_	Fast=0-3(0)	_	_
199-9	TO073	199	199	9	voglio	voglio	_	_	_	_	_	linguistic	_	none	_	_	_	Fast=0-6(0)	_	_
199-10	TO073	199	199	10	mai	mai	_	_	_	_	_	linguistic	_	none	_	_	_	Fast=0-3(0)	_	_
199-11	TO073	199	199	11	più	più	_	_	_	_	_	linguistic	_	none	_	_	_	Fast=0-3(0)	_	_
199-12	TO073	199	199	12	tornare	tornare	_	_	_	_	_	linguistic	_	none	_	_	_	Fast=0-7(0)	_	_
199-13	TO073	199	199	13	a	a	_	_	_	_	_	linguistic	_	none	_	_	_	Fast=0-1(0)	_	_
199-14	TO073	199	199	14	casa<	casa	_	_	_	_	_	linguistic	_	none	_	_	_	Fast=0-4(0)	_	_
199-15	TO073	199	199	15	ecco	ecco	_	_	_	_	_	linguistic	_	none	_	_	_	_	_	_
199-16	TO073	199	199	16	quelli	quelli	_	_	_	_	_	linguistic	_	none	_	_	_	_	_	_
199-17	TO073	199	199	17	li	li	_	_	_	_	_	linguistic	_	none	_	_	_	_	_	_
199-18	TO073	199	199	18	abbiamo	abbiamo	_	_	_	_	_	linguistic	_	none	_	_	_	_	_	_
199-19	TO073	199	199	19	condivisi	condivisi	_	_	_	_	_	linguistic	_	none	_	_	_	_	_	_
199-20	TO073	199	199	20	tanto.	tanto	_	_	_	_	_	linguistic	_	none	Intonation=Falling	End=731.31	_	_	_	_
200-0	TO071	200	200	0	{ride}	{ride}	_	_	_	_	_	nonverbalbehavior	_	none	_	Begin=728.99|End=729.779	_	_	_	_
201-0	TO073	201	201	0	purtroppo.	purtroppo	_	_	_	_	_	linguistic	_	none	Intonation=Falling	Begin=731.426|End=732.063	_	_	_	_
202-0	TO073	202	202	0	eh	eh	_	_	_	_	_	linguistic	_	none	_	Begin=732.215	_	_	_	_
202-1	TO073	202	202	1	anzi	anzi	_	_	_	_	_	linguistic	_	none	_	_	_	_	_	_
202-2	TO073	202	202	2	per	per	_	_	_	_	_	linguistic	_	none	_	_	_	_	_	_
202-3	TO073	202	202	3	fortuna.	fortuna	_	_	_	_	_	linguistic	_	none	Intonation=Falling	End=733.31	_	_	_	_
203-0	TO073	203	203	0	ehm:	ehm	_	_	_	_	_	linguistic	_	none	PauseAfter=Yes	Begin=733.35	2x1	_	_	_
203-1	TO073	203	203	1	{P}	{P}	_	_	_	_	_	shortpause	_	none	_	_	_	_	_	_
203-2	TO073	203	203	2	>però	però	_	_	_	_	_	linguistic	_	none	_	_	_	Fast=0-4(0)	_	_
203-3	TO073	203	203	3	dall'	dall'	_	_	_	_	_	linguistic	_	none	SpaceAfter=No	_	_	Fast=0-5(0)	_	_
203-4	TO073	203	203	4	altra	altra	_	_	_	_	_	linguistic	_	none	_	_	_	Fast=0-5(0)	_	_
203-5	TO073	203	203	5	la	la	_	_	_	_	_	linguistic	_	none	_	_	_	Fast=0-2(0)	_	_
203-6	TO073	203	203	6	padrona	padrona	_	_	_	_	_	linguistic	_	none	_	_	_	Fast=0-7(0)	_	_
203-7	TO073	203	203	7	di	di	_	_	_	_	_	linguistic	_	none	_	_	_	Fast=0-2(0)	_	_
203-8	TO073	203	203	8	casa<	casa	_	_	_	_	_	linguistic	_	none	_	_	_	Fast=0-4(0)	_	_
203-9	TO073	203	203	9	era	era	_	_	_	_	_	linguistic	_	none	_	_	_	_	_	_
203-10	TO073	203	203	10	una	una	_	_	_	_	_	linguistic	_	none	_	_	_	_	_	_
203-11	TO073	203	203	11	pazza	pazza	_	_	_	_	_	linguistic	_	none	_	_	_	_	_	_
203-12	TO073	203	203	12	spostata	spostata	_	_	_	_	_	linguistic	_	none	_	_	_	_	_	_
203-13	TO073	203	203	13	mentale	mentale	_	_	_	_	_	linguistic	_	none	_	_	_	_	_	_
203-14	TO073	203	203	14	deviata	deviata	_	_	_	_	_	linguistic	_	none	_	End=738.217	_	_	_	_
204-0	TO071	204	204	0	{ride}	{ride}	_	_	_	_	_	nonverbalbehavior	_	none	_	Begin=736.5|End=737.34	_	_	_	_
205-0	TO073	205	205	0	purtroppo	purtroppo	_	_	_	_	_	linguistic	_	none	_	Begin=738.283	_	_	_	_
205-1	TO073	205	205	1	e	e	_	_	_	_	_	linguistic	_	none	_	_	_	_	_	_
205-2	TO073	205	205	2	quindi:	quindi	_	_	_	_	_	linguistic	_	none	_	_	5x1	_	_	_
205-3	TO073	205	205	3	è	è	_	_	_	_	_	linguistic	_	none	_	_	_	_	_	_
205-4	TO073	205	205	4	vis~	vis~	_	_	_	_	_	linguistic	_	none	Interrupted=Yes|PauseAfter=Yes	_	_	_	_	_
205-5	TO073	205	205	5	{P}	{P}	_	_	_	_	_	shortpause	_	none	_	_	_	_	_	_
205-6	TO073	205	205	6	è	è	_	_	_	_	_	linguistic	_	none	_	_	_	_	_	_
205-7	TO073	205	205	7	duranta	duranta	_	_	_	_	_	linguistic	_	none	_	_	_	_	_	_
205-8	TO073	205	205	8	molto	molto	_	_	_	_	_	linguistic	_	none	_	_	_	_	_	_
205-9	TO073	205	205	9	poco	poco	_	_	_	_	_	linguistic	_	none	_	_	_	_	_	_
205-10	TO073	205	205	10	la	la	_	_	_	_	_	linguistic	_	none	_	_	_	_	_	_
205-11	TO073	205	205	11	la	la	_	_	_	_	_	linguistic	_	none	_	_	_	_	_	_
205-12	TO073	205	205	12	convivenza	convivenza	_	_	_	_	_	linguistic	_	none	_	_	_	_	_	_
205-13	TO073	205	205	13	anche	anche	_	_	_	_	_	linguistic	_	none	_	_	_	_	_	_
205-14	TO073	205	205	14	perché	perché	_	_	_	_	_	linguistic	_	none	_	_	_	_	_	_
205-15	TO073	205	205	15	era	era	_	_	_	_	_	linguistic	_	none	_	_	_	_	_	_
205-16	TO073	205	205	16	un	un	_	_	_	_	_	linguistic	_	none	_	_	_	_	_	_
205-17	TO073	205	205	17	om~	om~	_	_	_	_	_	linguistic	_	none	Interrupted=Yes	_	_	_	_	_
205-18	TO073	205	205	18	un	un	_	_	_	_	_	linguistic	_	none	_	_	_	_	_	_
205-19	TO073	205	205	19	monolocale	monolocale	_	_	_	_	_	linguistic	_	none	_	_	_	_	_	_
205-20	TO073	205	205	20	soppalcato	soppalcato	_	_	_	_	_	linguistic	_	none	_	End=744.653	_	_	_	_
206-0	TO073	206	206	0	per	per	_	_	_	_	_	linguistic	_	none	_	Begin=744.808	_	_	_	_
206-1	TO073	206	206	1	carità	carità	_	_	_	_	_	linguistic	_	none	_	_	_	_	_	_
206-2	TO073	206	206	2	la	la	_	_	_	_	_	linguistic	_	none	_	_	_	_	_	_
206-3	TO073	206	206	3	posizione	posizione	_	_	_	_	_	linguistic	_	none	_	_	_	_	_	_
206-4	TO073	206	206	4	era	era	_	_	_	_	_	linguistic	_	none	PauseAfter=Yes	_	_	_	_	_
206-5	TO073	206	206	5	{P}	{P}	_	_	_	_	_	shortpause	_	none	_	_	_	_	_	_
206-6	TO073	206	206	6	bellissima	bellissima	_	_	_	_	_	linguistic	_	none	_	End=747.813	_	_	_	_
207-0	TO073	207	207	0	ma	ma	_	_	_	_	_	linguistic	_	none	_	Begin=748.729	_	_	_	_
207-1	TO073	207	207	1	mh	mh	_	_	_	_	_	linguistic	_	none	PauseAfter=Yes	_	_	_	_	_
207-2	TO073	207	207	2	{P}	{P}	_	_	_	_	_	shortpause	_	none	_	_	_	_	_	_
207-3	TO073	207	207	3	la	la	_	_	_	_	_	linguistic	_	none	_	_	_	_	_	_
207-4	TO073	207	207	4	casa	casa	_	_	_	_	_	linguistic	_	none	_	_	_	_	_	_
207-5	TO073	207	207	5	in	in	_	_	_	_	_	linguistic	_	none	_	_	_	_	_	_
207-6	TO073	207	207	6	sè	sè	_	_	_	_	_	linguistic	_	none	_	End=751.203	_	_	_	_
208-0	TO073	208	208	0	era	era	_	_	_	_	_	linguistic	_	none	_	Begin=751.52	_	_	_	_
208-1	TO073	208	208	1	al	al	_	_	_	_	_	linguistic	_	none	PauseAfter=Yes	_	_	_	_	_
208-2	TO073	208	208	2	{P}	{P}	_	_	_	_	_	shortpause	_	none	_	_	_	_	_	_
208-3	TO073	208	208	3	primo	primo	_	_	_	_	_	linguistic	_	none	_	_	_	_	_	_
208-4	TO073	208	208	4	piano:	piano	_	_	_	_	_	linguistic	_	none	_	_	4x1	_	_	_
208-5	TO073	208	208	5	senza	senza	_	_	_	_	_	linguistic	_	none	_	_	_	_	_	_
208-6	TO073	208	208	6	finestre:	finestre	_	_	_	_	_	linguistic	_	none	_	End=755.329	7x1	_	_	_
209-0	TO073	209	209	0	[m:h	mh	_	_	_	_	_	linguistic	_	none	_	Begin=755.89	0x1	_	_	0-2(51)
209-1	TO073	209	209	1	nel]	nel	_	_	_	_	_	linguistic	_	none	_	_	_	_	_	0-3(51)
209-2	TO073	209	209	2	sens~	sens~	_	_	_	_	_	linguistic	_	none	Interrupted=Yes	_	_	_	_	_
209-3	TO073	209	209	3	mh	mh	_	_	_	_	_	linguistic	_	none	_	_	_	_	_	_
209-4	TO073	209	209	4	nel	nel	_	_	_	_	_	linguistic	_	none	_	_	_	_	_	_
209-5	TO073	209	209	5	senso	senso	_	_	_	_	_	linguistic	_	none	_	_	_	_	_	_
209-6	TO073	209	209	6	l'	l'	_	_	_	_	_	linguistic	_	none	SpaceAfter=No	_	_	_	_	_
209-7	TO073	209	209	7	unica	unica	_	_	_	_	_	linguistic	_	none	_	_	_	_	_	_
209-8	TO073	209	209	8	finestra	finestra	_	_	_	_	_	linguistic	_	none	_	_	_	_	_	_
209-9	TO073	209	209	9	era	era	_	_	_	_	_	linguistic	_	none	_	_	_	_	_	_
209-10	TO073	209	209	10	alla	alla	_	_	_	_	_	linguistic	_	none	_	_	_	_	_	_
209-11	TO073	209	209	11	porta	porta	_	_	_	_	_	linguistic	_	none	_	_	_	_	_	_
209-12	TO073	209	209	12	d'	d'	_	_	_	_	_	linguistic	_	none	SpaceAfter=No	_	_	_	_	_
209-13	TO073	209	209	13	ingresso:	ingresso	_	_	_	_	_	linguistic	_	none	_	End=760.23	7x1	_	_	_
210-0	TO071	210	210	0	[okay]	okay	_	_	_	_	_	linguistic	_	none	_	Begin=755.89|End=757.03	_	_	_	0-4(51)
211-0	TO073	211	211	0	vivevam~	vivevam~	_	_	_	_	_	linguistic	_	none	Interrupted=Yes	Begin=760.23	_	_	_	_
211-1	TO073	211	211	1	dor~	dor~	_	_	_	_	_	linguistic	_	none	Interrupted=Yes	_	_	_	_	_
211-2	TO073	211	211	2	condividevamo	condividevamo	_	_	_	_	_	linguistic	_	none	_	_	_	_	_	_
211-3	TO073	211	211	3	il	il	_	_	_	_	_	linguistic	_	none	_	_	_	_	_	_
211-4	TO073	211	211	4	letto	letto	_	_	_	_	_	linguistic	_	none	_	_	_	_	_	_
211-5	TO073	211	211	5	più	più	_	_	_	_	_	linguistic	_	none	_	_	_	_	_	_
211-6	TO073	211	211	6	una	una	_	_	_	_	_	linguistic	_	none	_	_	_	_	_	_
211-7	TO073	211	211	7	brandina	brandina	_	_	_	_	_	linguistic	_	none	_	_	_	_	_	_
211-8	TO073	211	211	8	che	che	_	_	_	_	_	linguistic	_	none	_	_	_	_	_	_
211-9	TO073	211	211	9	si	si	_	_	_	_	_	linguistic	_	none	_	_	_	_	_	_
211-10	TO073	211	211	10	siamo	siamo	_	_	_	_	_	linguistic	_	none	_	_	_	_	_	_
211-11	TO073	211	211	11	andate	andate	_	_	_	_	_	linguistic	_	none	_	_	_	_	_	_
211-12	TO073	211	211	12	a	a	_	_	_	_	_	linguistic	_	none	_	_	_	_	_	_
211-13	TO073	211	211	13	prendere	prendere	_	_	_	_	_	linguistic	_	none	_	_	_	_	_	_
211-14	TO073	211	211	14	noi	noi	_	_	_	_	_	linguistic	_	none	_	_	_	_	_	_
211-15	TO073	211	211	15	inquiline	inquiline	_	_	_	_	_	linguistic	_	none	_	_	_	_	_	_
211-16	TO073	211	211	16	perché	perché	_	_	_	_	_	linguistic	_	none	_	End=765.471	_	_	_	_
212-0	TO073	212	212	0	>secondo	secondo	_	_	_	_	_	linguistic	_	none	_	Begin=765.558	_	Fast=0-7(0)	_	_
212-1	TO073	212	212	1	la	la	_	_	_	_	_	linguistic	_	none	_	_	_	Fast=0-2(0)	_	_
212-2	TO073	212	212	2	padrona	padrona	_	_	_	_	_	linguistic	_	none	_	_	_	Fast=0-7(0)	_	_
212-3	TO073	212	212	3	di	di	_	_	_	_	_	linguistic	_	none	_	_	_	Fast=0-2(0)	_	_
212-4	TO073	212	212	4	casa	casa	_	_	_	_	_	linguistic	_	none	_	_	_	Fast=0-4(0)	_	_
212-5	TO073	212	212	5	una	una	_	_	_	_	_	linguistic	_	none	_	_	_	Fast=0-3(0)	_	_
212-6	TO073	212	212	6	di	di	_	_	_	_	_	linguistic	_	none	_	_	_	Fast=0-2(0)	_	_
212-7	TO073	212	212	7	noi	noi	_	_	_	_	_	linguistic	_	none	_	_	_	Fast=0-3(0)	_	_
212-8	TO073	212	212	8	poteva	poteva	_	_	_	_	_	linguistic	_	none	_	_	_	Fast=0-6(0)	_	_
212-9	TO073	212	212	9	tranquillamente	tranquillamente	_	_	_	_	_	linguistic	_	none	_	_	_	Fast=0-15(0)	_	_
212-10	TO073	212	212	10	dormire	dormire	_	_	_	_	_	linguistic	_	none	_	_	_	Fast=0-7(0)	_	_
212-11	TO073	212	212	11	sul	sul	_	_	_	_	_	linguistic	_	none	_	_	_	Fast=0-3(0)	_	_
212-12	TO073	212	212	12	divano<	divano	_	_	_	_	_	linguistic	_	none	_	End=768.456	_	Fast=0-6(0)	_	_
213-0	TO071	213	213	0	{ride}	{ride}	_	_	_	_	_	nonverbalbehavior	_	none	_	Begin=768.17|End=768.74	_	_	_	_
214-0	TO073	214	214	0	quindi	quindi	_	_	_	_	_	linguistic	_	none	PauseAfter=Yes	Begin=768.528	_	_	_	_
214-1	TO073	214	214	1	{P}	{P}	_	_	_	_	_	shortpause	_	none	_	_	_	_	_	_
214-2	TO073	214	214	2	zero	zero	_	_	_	_	_	linguistic	_	none	_	_	_	_	_	_
214-3	TO073	214	214	3	spazi	spazi	_	_	_	_	_	linguistic	_	none	_	_	_	_	_	_
214-4	TO073	214	214	4	l'	l'	_	_	_	_	_	linguistic	_	none	SpaceAfter=No	_	_	_	_	_
214-5	TO073	214	214	5	armadio	armadio	_	_	_	_	_	linguistic	_	none	_	_	_	_	_	_
214-6	TO073	214	214	6	era	era	_	_	_	_	_	linguistic	_	none	_	_	_	_	_	_
214-7	TO073	214	214	7	in	in	_	_	_	_	_	linguistic	_	none	_	_	_	_	_	_
214-8	TO073	214	214	8	cucina	cucina	_	_	_	_	_	linguistic	_	none	_	End=771.337	_	_	_	_
215-0	TO071	215	215	0	mamma	mamma	_	_	_	_	_	linguistic	_	none	_	Begin=771.337|End=771.916	_	_	_	_
216-0	TO073	216	216	0	delle	delle	_	_	_	_	_	linguistic	_	none	_	Begin=771.916	_	_	_	_
216-1	TO073	216	216	1	cose	cose	_	_	_	_	_	linguistic	_	none	PauseAfter=Yes	_	_	_	_	_
216-2	TO073	216	216	2	{P}	{P}	_	_	_	_	_	shortpause	_	none	_	_	_	_	_	_
216-3	TO073	216	216	3	brutte.	brutte	_	_	_	_	_	linguistic	_	none	Intonation=Falling	End=773.473	_	_	_	_
217-0	TO073	217	217	0	brutto	brutto	_	_	_	_	_	linguistic	_	none	_	Begin=773.539	_	_	_	_
217-1	TO073	217	217	1	brutto	brutto	_	_	_	_	_	linguistic	_	none	_	End=774.41	_	_	_	_
218-0	TO073	218	218	0	piccolo	piccolo	_	_	_	_	_	linguistic	_	none	_	Begin=774.483	_	_	_	_
218-1	TO073	218	218	1	piccolissimo	piccolissimo	_	_	_	_	_	linguistic	_	none	_	_	_	_	_	_
218-2	TO073	218	218	2	e:	e	_	_	_	_	_	linguistic	_	none	_	End=776.928	0x1	_	_	_
219-0	TO073	219	219	0	soffocante	soffocante	_	_	_	_	_	linguistic	_	none	_	Begin=777.019	_	_	_	_
219-1	TO073	219	219	1	>sia	sia	_	_	_	_	_	linguistic	_	none	_	_	_	Fast=0-3(0)	_	_
219-2	TO073	219	219	2	dal	dal	_	_	_	_	_	linguistic	_	none	_	_	_	Fast=0-3(0)	_	_
219-3	TO073	219	219	3	punto	punto	_	_	_	_	_	linguistic	_	none	_	_	_	Fast=0-5(0)	_	_
219-4	TO073	219	219	4	di	di	_	_	_	_	_	linguistic	_	none	_	_	_	Fast=0-2(0)	_	_
219-5	TO073	219	219	5	vista	vista	_	_	_	_	_	linguistic	_	none	_	_	_	Fast=0-5(0)	_	_
219-6	TO073	219	219	6	proprio	proprio	_	_	_	_	_	linguistic	_	none	_	_	_	Fast=0-7(0)	_	_
219-7	TO073	219	219	7	di	di	_	_	_	_	_	linguistic	_	none	_	_	_	Fast=0-2(0)	_	_
219-8	TO073	219	219	8	metratura	metratura	_	_	_	_	_	linguistic	_	none	_	_	_	Fast=0-9(0)	_	_
219-9	TO073	219	219	9	sia	sia	_	_	_	_	_	linguistic	_	none	_	_	_	Fast=0-3(0)	_	_
219-10	TO073	219	219	10	dal	dal	_	_	_	_	_	linguistic	_	none	_	_	_	Fast=0-3(0)	_	_
219-11	TO073	219	219	11	punto	punto	_	_	_	_	_	linguistic	_	none	_	_	_	Fast=0-5(0)	_	_
219-12	TO073	219	219	12	di	di	_	_	_	_	_	linguistic	_	none	_	_	_	Fast=0-2(0)	_	_
219-13	TO073	219	219	13	vista	vista	_	_	_	_	_	linguistic	_	none	_	_	_	Fast=0-5(0)	_	_
219-14	TO073	219	219	14	della	della	_	_	_	_	_	linguistic	_	none	_	_	_	Fast=0-5(0)	_	_
219-15	TO073	219	219	15	compagnia	compagnia	_	_	_	_	_	linguistic	_	none	_	_	_	Fast=0-9(0)	_	_
219-16	TO073	219	219	16	che	che	_	_	_	_	_	linguistic	_	none	_	_	_	Fast=0-3(0)	_	_
219-17	TO073	219	219	17	avevamo<.	avevamo	_	_	_	_	_	linguistic	_	none	Intonation=Falling	End=781.426	_	Fast=0-7(0)	_	_
220-0	TO073	220	220	0	quindi	quindi	_	_	_	_	_	linguistic	_	none	_	Begin=781.507	_	_	_	_
220-1	TO073	220	220	1	brutto	brutto	_	_	_	_	_	linguistic	_	none	_	End=782.515	_	_	_	_
221-0	TO073	221	221	0	e:	e	_	_	_	_	_	linguistic	_	none	_	Begin=782.608	0x1	_	_	_
221-1	TO073	221	221	1	e	e	_	_	_	_	_	linguistic	_	none	_	_	_	_	_	_
221-2	TO073	221	221	2	in	in	_	_	_	_	_	linguistic	_	none	_	_	_	_	_	_
221-3	TO073	221	221	3	realtà	realtà	_	_	_	_	_	linguistic	_	none	_	_	_	_	_	_
221-4	TO073	221	221	4	poi	poi	_	_	_	_	_	linguistic	_	none	_	_	_	_	_	_
221-5	TO073	221	221	5	da	da	_	_	_	_	_	linguistic	_	none	_	_	_	_	_	_
221-6	TO073	221	221	6	quando:	quando	_	_	_	_	_	linguistic	_	none	_	_	5x1	_	_	_
221-7	TO073	221	221	7	ho	ho	_	_	_	_	_	linguistic	_	none	_	_	_	_	_	_
221-8	TO073	221	221	8	iniziato	iniziato	_	_	_	_	_	linguistic	_	none	_	_	_	_	_	_
221-9	TO073	221	221	9	l'	l'	_	_	_	_	_	linguistic	_	none	SpaceAfter=No	_	_	_	_	_
221-10	TO073	221	221	10	università:	università	_	_	_	_	_	linguistic	_	none	_	_	9x1	_	_	_
221-11	TO073	221	221	11	ormai	ormai	_	_	_	_	_	linguistic	_	none	_	_	_	_	_	_
221-12	TO073	221	221	12	quattro	quattro	_	_	_	_	_	linguistic	_	none	_	_	_	_	_	_
221-13	TO073	221	221	13	anni	anni	_	_	_	_	_	linguistic	_	none	_	_	_	_	_	_
221-14	TO073	221	221	14	fa	fa	_	_	_	_	_	linguistic	_	none	_	End=786.977	_	_	_	_
222-0	TO073	222	222	0	ehm	ehm	_	_	_	_	_	linguistic	_	none	_	Begin=787.205	_	_	_	_
222-1	TO073	222	222	1	io	io	_	_	_	_	_	linguistic	_	none	_	_	_	_	_	_
222-2	TO073	222	222	2	ho	ho	_	_	_	_	_	linguistic	_	none	_	_	_	_	_	_
222-3	TO073	222	222	3	delle	delle	_	_	_	_	_	linguistic	_	none	_	_	_	_	_	_
222-4	TO073	222	222	4	amiche	amiche	_	_	_	_	_	linguistic	_	none	PauseAfter=Yes	_	_	_	_	_
222-5	TO073	222	222	5	{P}	{P}	_	_	_	_	_	shortpause	_	none	_	_	_	_	_	_
222-6	TO073	222	222	6	eh	eh	_	_	_	_	_	linguistic	_	none	_	_	_	_	_	_
222-7	TO073	222	222	7	che:	che	_	_	_	_	_	linguistic	_	none	_	_	2x1	_	_	_
222-8	TO073	222	222	8	vivono	vivono	_	_	_	_	_	linguistic	_	none	_	_	_	_	_	_
222-9	TO073	222	222	9	in	in	_	_	_	_	_	linguistic	_	none	_	_	_	_	_	_
222-10	TO073	222	222	10	via	via	_	_	_	_	_	linguistic	_	none	_	_	_	_	_	_
222-11	TO073	222	222	11	vanchiglia	vanchiglia	_	_	_	_	_	linguistic	_	none	_	End=791.146	_	_	_	_
223-0	TO073	223	223	0	ehm	ehm	_	_	_	_	_	linguistic	_	none	PauseAfter=Yes	Begin=791.18	_	_	_	_
223-1	TO073	223	223	1	{P}	{P}	_	_	_	_	_	shortpause	_	none	_	_	_	_	_	_
223-2	TO073	223	223	2	perché	perché	_	_	_	_	_	linguistic	_	none	_	_	_	_	_	_
223-3	TO073	223	223	3	>una	una	_	_	_	_	_	linguistic	_	none	_	_	_	Fast=0-3(0)	_	_
223-4	TO073	223	223	4	di	di	_	_	_	_	_	linguistic	_	none	_	_	_	Fast=0-2(0)	_	_
223-5	TO073	223	223	5	queste	queste	_	_	_	_	_	linguistic	_	none	_	_	_	Fast=0-6(0)	_	_
223-6	TO073	223	223	6	di	di	_	_	_	_	_	linguistic	_	none	_	_	_	Fast=0-2(0)	_	_
223-7	TO073	223	223	7	mie	mie	_	_	_	_	_	linguistic	_	none	_	_	_	Fast=0-3(0)	_	_
223-8	TO073	223	223	8	amiche	amiche	_	_	_	_	_	linguistic	_	none	_	_	_	Fast=0-6(0)	_	_
223-9	TO073	223	223	9	ha	ha	_	_	_	_	_	linguistic	_	none	_	_	_	Fast=0-2(0)	_	_
223-10	TO073	223	223	10	proprio	proprio	_	_	_	_	_	linguistic	_	none	_	_	_	Fast=0-7(0)	_	_
223-11	TO073	223	223	11	questa	questa	_	_	_	_	_	linguistic	_	none	_	_	_	Fast=0-6(0)	_	_
223-12	TO073	223	223	12	casa	casa	_	_	_	_	_	linguistic	_	none	_	_	_	Fast=0-4(0)	_	_
223-13	TO073	223	223	13	di	di	_	_	_	_	_	linguistic	_	none	_	_	_	Fast=0-2(0)	_	_
223-14	TO073	223	223	14	proprietà<	proprietà	_	_	_	_	_	linguistic	_	none	PauseAfter=Yes	_	_	Fast=0-9(0)	_	_
223-15	TO073	223	223	15	{P}	{P}	_	_	_	_	_	shortpause	_	none	_	_	_	_	_	_
223-16	TO073	223	223	16	sono	sono	_	_	_	_	_	linguistic	_	none	_	_	_	_	_	_
223-17	TO073	223	223	17	fortunata	fortunata	_	_	_	_	_	linguistic	_	none	_	_	_	_	_	_
223-18	TO073	223	223	18	ho	ho	_	_	_	_	_	linguistic	_	none	_	_	_	_	_	_
223-19	TO073	223	223	19	molte	molte	_	_	_	_	_	linguistic	_	none	_	_	_	_	_	_
223-20	TO073	223	223	20	amich[e	amiche	_	_	_	_	_	linguistic	_	none	PauseAfter=Yes	_	_	_	_	5-6(52)
223-21	TO073	223	223	21	{P}	{P}	_	_	_	_	_	shortpause	_	none	_	_	_	_	_	0-3(52)
223-22	TO073	223	223	22	abbienti	abbienti	_	_	_	_	_	linguistic	_	none	_	_	_	_	_	0-8(52)
223-23	TO073	223	223	23	e]	e	_	_	_	_	_	linguistic	_	none	_	_	_	_	_	0-1(52)
223-24	TO073	223	223	24	ricche	ricche	_	_	_	_	_	linguistic	_	none	_	End=797.813	_	_	_	_
224-0	TO071	224	224	0	[ecco	ecco	_	_	_	_	_	linguistic	_	none	_	Begin=796.124	_	_	_	0-4(52)
224-1	TO071	224	224	1	sì]	sì	_	_	_	_	_	linguistic	_	none	_	End=797.034	_	_	_	0-2(52)
225-0	TO073	225	225	0	ehm	ehm	_	_	_	_	_	linguistic	_	none	PauseAfter=Yes	Begin=797.874	_	_	_	_
225-1	TO073	225	225	1	{P}	{P}	_	_	_	_	_	shortpause	_	none	_	_	_	_	_	_
225-2	TO073	225	225	2	perché	perché	_	_	_	_	_	linguistic	_	none	_	_	_	_	_	_
225-3	TO073	225	225	3	i	i	_	_	_	_	_	linguistic	_	none	_	_	_	_	_	_
225-4	TO073	225	225	4	nonni	nonni	_	_	_	_	_	linguistic	_	none	_	_	_	_	_	_
225-5	TO073	225	225	5	avevano	avevano	_	_	_	_	_	linguistic	_	none	_	_	_	_	_	_
225-6	TO073	225	225	6	fatto	fatto	_	_	_	_	_	linguistic	_	none	_	_	_	_	_	_
225-7	TO073	225	225	7	questo	questo	_	_	_	_	_	linguistic	_	none	_	_	_	_	_	_
225-8	TO073	225	225	8	invenstimento	invenstimento	_	_	_	_	_	linguistic	_	none	_	_	_	_	_	_
225-9	TO073	225	225	9	negli	negli	_	_	_	_	_	linguistic	_	none	_	_	_	_	_	_
225-10	TO073	225	225	10	anni	anni	_	_	_	_	_	linguistic	_	none	_	_	_	_	_	_
225-11	TO073	225	225	11	d'	d'	_	_	_	_	_	linguistic	_	none	SpaceAfter=No	_	_	_	_	_
225-12	TO073	225	225	12	oro	oro	_	_	_	_	_	linguistic	_	none	_	End=801.938	_	_	_	_
226-0	TO073	226	226	0	del	del	_	_	_	_	_	linguistic	_	none	_	Begin=801.991	_	_	_	_
226-1	TO073	226	226	1	boom	boom	_	_	_	_	_	linguistic	_	none	_	_	_	_	_	_
226-2	TO073	226	226	2	economico	economico	_	_	_	_	_	linguistic	_	none	_	_	_	_	_	_
226-3	TO073	226	226	3	italiano	italiano	_	_	_	_	_	linguistic	_	none	_	End=804.065	_	_	_	_
227-0	TO073	227	227	0	e:h	eh	_	_	_	_	_	linguistic	_	none	_	Begin=804.105	0x1	_	_	_
227-1	TO073	227	227	1	comprando	comprando	_	_	_	_	_	linguistic	_	none	_	_	_	_	_	_
227-2	TO073	227	227	2	questa	questa	_	_	_	_	_	linguistic	_	none	_	_	_	_	_	_
227-3	TO073	227	227	3	casa	casa	_	_	_	_	_	linguistic	_	none	_	_	_	_	_	_
227-4	TO073	227	227	4	a	a	_	_	_	_	_	linguistic	_	none	_	_	_	_	_	_
227-5	TO073	227	227	5	una	una	_	_	_	_	_	linguistic	_	none	_	_	_	_	_	_
227-6	TO073	227	227	6	cifra	cifra	_	_	_	_	_	linguistic	_	none	_	_	_	_	_	_
227-7	TO073	227	227	7	abbastanza	abbastanza	_	_	_	_	_	linguistic	_	none	_	_	_	_	_	_
227-8	TO073	227	227	8	irrisoria	irrisoria	_	_	_	_	_	linguistic	_	none	_	_	_	_	_	_
227-9	TO073	227	227	9	rispetto	rispetto	_	_	_	_	_	linguistic	_	none	_	_	_	_	_	_
227-10	TO073	227	227	10	ad	ad	_	_	_	_	_	linguistic	_	none	_	_	_	_	_	_
227-11	TO073	227	227	11	ora	ora	_	_	_	_	_	linguistic	_	none	_	End=808.236	_	_	_	_
228-0	TO073	228	228	0	>anche	anche	_	_	_	_	_	linguistic	_	none	_	Begin=808.313	_	Fast=0-5(0)	_	_
228-1	TO073	228	228	1	perché	perché	_	_	_	_	_	linguistic	_	none	_	_	_	Fast=0-6(0)	_	_
228-2	TO073	228	228	2	vanchiglia	vanchiglia	_	_	_	_	_	linguistic	_	none	_	_	_	Fast=0-10(0)	_	_
228-3	TO073	228	228	3	mh	mh	_	_	_	_	_	linguistic	_	none	_	_	_	Fast=0-2(0)	_	_
228-4	TO073	228	228	4	prima	prima	_	_	_	_	_	linguistic	_	none	_	_	_	Fast=0-5(0)	_	_
228-5	TO073	228	228	5	non	non	_	_	_	_	_	linguistic	_	none	_	_	_	Fast=0-3(0)	_	_
228-6	TO073	228	228	6	era	era	_	_	_	_	_	linguistic	_	none	_	_	_	Fast=0-3(0)	_	_
228-7	TO073	228	228	7	così:<	così	_	_	_	_	_	linguistic	_	none	_	End=811.135	3x1	Fast=0-4(0)	_	_
229-0	TO073	229	229	0	[mh	mh	_	_	_	_	_	linguistic	_	none	_	Begin=811.28	_	_	_	0-2(53)
229-1	TO073	229	229	1	esatto	esatto	_	_	_	_	_	linguistic	_	none	_	_	_	_	_	0-6(53)
229-2	TO073	229	229	2	ri]cercata	ricercata	_	_	_	_	_	linguistic	_	none	_	End=813.12	_	_	_	0-2(53)
230-0	TO071	230	230	0	[ricercata]?	ricercata	_	_	_	_	_	linguistic	_	none	Intonation=Rising	Begin=811.28|End=812.471	_	_	_	0-9(53)
231-0	TO073	231	231	0	e:	e	_	_	_	_	_	linguistic	_	none	_	Begin=813.574	0x1	_	_	_
231-1	TO073	231	231	1	e	e	_	_	_	_	_	linguistic	_	none	_	_	_	_	_	_
231-2	TO073	231	231	2	quindi:	quindi	_	_	_	_	_	linguistic	_	none	_	_	5x1	_	_	_
231-3	TO073	231	231	3	nulla	nulla	_	_	_	_	_	linguistic	_	none	_	_	_	_	_	_
231-4	TO073	231	231	4	eh	eh	_	_	_	_	_	linguistic	_	none	_	_	_	_	_	_
231-5	TO073	231	231	5	casa	casa	_	_	_	_	_	linguistic	_	none	_	_	_	_	_	_
231-6	TO073	231	231	6	in	in	_	_	_	_	_	linguistic	_	none	_	_	_	_	_	_
231-7	TO073	231	231	7	cui	cui	_	_	_	_	_	linguistic	_	none	_	_	_	_	_	_
231-8	TO073	231	231	8	sono	sono	_	_	_	_	_	linguistic	_	none	_	_	_	_	_	_
231-9	TO073	231	231	9	stati	stati	_	_	_	_	_	linguistic	_	none	_	_	_	_	_	_
231-10	TO073	231	231	10	già	già	_	_	_	_	_	linguistic	_	none	_	_	_	_	_	_
231-11	TO073	231	231	11	i	i	_	_	_	_	_	linguistic	_	none	_	_	_	_	_	_
231-12	TO073	231	231	12	suoi	suoi	_	_	_	_	_	linguistic	_	none	_	_	_	_	_	_
231-13	TO073	231	231	13	cugini	cugini	_	_	_	_	_	linguistic	_	none	_	_	_	_	_	_
231-14	TO073	231	231	14	poi	poi	_	_	_	_	_	linguistic	_	none	_	_	_	_	_	_
231-15	TO073	231	231	15	adesso	adesso	_	_	_	_	_	linguistic	_	none	_	_	_	_	_	_
231-16	TO073	231	231	16	sta	sta	_	_	_	_	_	linguistic	_	none	_	_	_	_	_	_
231-17	TO073	231	231	17	lei	lei	_	_	_	_	_	linguistic	_	none	PauseAfter=Yes	_	_	_	_	_
231-18	TO073	231	231	18	{P}	{P}	_	_	_	_	_	shortpause	_	none	_	_	_	_	_	_
231-19	TO073	231	231	19	eh	eh	_	_	_	_	_	linguistic	_	none	_	_	_	_	_	_
231-20	TO073	231	231	20	insomma	insomma	_	_	_	_	_	linguistic	_	none	_	_	_	_	_	_
231-21	TO073	231	231	21	è	è	_	_	_	_	_	linguistic	_	none	_	_	_	_	_	_
231-22	TO073	231	231	22	la	la	_	_	_	_	_	linguistic	_	none	_	_	_	_	_	_
231-23	TO073	231	231	23	casa	casa	_	_	_	_	_	linguistic	_	none	_	_	_	_	_	_
231-24	TO073	231	231	24	dell'	dell'	_	_	_	_	_	linguistic	_	none	SpaceAfter=No	_	_	_	_	_
231-25	TO073	231	231	25	università	università	_	_	_	_	_	linguistic	_	none	_	_	_	_	_	_
231-26	TO073	231	231	26	di	di	_	_	_	_	_	linguistic	_	none	_	_	_	_	_	_
231-27	TO073	231	231	27	famiglia.	famiglia	_	_	_	_	_	linguistic	_	none	Intonation=Falling	End=821.985	_	_	_	_
232-0	TO073	232	232	0	ehm:	ehm	_	_	_	_	_	linguistic	_	none	_	Begin=822.198|End=824.233	2x1	_	_	_
233-0	TO073	233	233	0	e	e	_	_	_	_	_	linguistic	_	none	_	Begin=824.941	_	_	_	_
233-1	TO073	233	233	1	nulla	nulla	_	_	_	_	_	linguistic	_	none	_	_	_	_	_	_
233-2	TO073	233	233	2	quindi	quindi	_	_	_	_	_	linguistic	_	none	_	_	_	_	_	_
233-3	TO073	233	233	3	da:	da	_	_	_	_	_	linguistic	_	none	_	_	1x1	_	_	_
233-4	TO073	233	233	4	da	da	_	_	_	_	_	linguistic	_	none	_	_	_	_	_	_
233-5	TO073	233	233	5	quando	quando	_	_	_	_	_	linguistic	_	none	_	_	_	_	_	_
233-6	TO073	233	233	6	ho	ho	_	_	_	_	_	linguistic	_	none	_	_	_	_	_	_
233-7	TO073	233	233	7	iniziato	iniziato	_	_	_	_	_	linguistic	_	none	_	_	_	_	_	_
233-8	TO073	233	233	8	l'	l'	_	_	_	_	_	linguistic	_	none	SpaceAfter=No	_	_	_	_	_
233-9	TO073	233	233	9	università	università	_	_	_	_	_	linguistic	_	none	_	_	_	_	_	_
233-10	TO073	233	233	10	sempre	sempre	_	_	_	_	_	linguistic	_	none	_	_	_	_	_	_
233-11	TO073	233	233	11	un	un	_	_	_	_	_	linguistic	_	none	_	_	_	_	_	_
233-12	TO073	233	233	12	po'	po'	_	_	_	_	_	linguistic	_	none	_	_	_	_	_	_
233-13	TO073	233	233	13	abusivamente	abusivamente	_	_	_	_	_	linguistic	_	none	_	_	_	_	_	_
233-14	TO073	233	233	14	ho	ho	_	_	_	_	_	linguistic	_	none	PauseAfter=Yes	_	_	_	_	_
233-15	TO073	233	233	15	{P}	{P}	_	_	_	_	_	shortpause	_	none	_	_	_	_	_	_
233-16	TO073	233	233	16	ho	ho	_	_	_	_	_	linguistic	_	none	_	_	_	_	_	_
233-17	TO073	233	233	17	vissuto	vissuto	_	_	_	_	_	linguistic	_	none	_	_	_	_	_	_
233-18	TO073	233	233	18	lì	lì	_	_	_	_	_	linguistic	_	none	_	End=830.839	_	_	_	_
234-0	TO073	234	234	0	ehm	ehm	_	_	_	_	_	linguistic	_	none	PauseAfter=Yes	Begin=831.153	_	_	_	_
234-1	TO073	234	234	1	{P}	{P}	_	_	_	_	_	shortpause	_	none	_	_	_	_	_	_
234-2	TO073	234	234	2	e	e	_	_	_	_	_	linguistic	_	none	_	_	_	_	_	_
234-3	TO073	234	234	3	per	per	_	_	_	_	_	linguistic	_	none	_	_	_	_	_	_
234-4	TO073	234	234	4	me	me	_	_	_	_	_	linguistic	_	none	_	_	_	_	_	_
234-5	TO073	234	234	5	è	è	_	_	_	_	_	linguistic	_	none	_	_	_	_	_	_
234-6	TO073	234	234	6	quella	quella	_	_	_	_	_	linguistic	_	none	_	_	_	_	_	_
234-7	TO073	234	234	7	proprio	proprio	_	_	_	_	_	linguistic	_	none	_	_	_	_	_	_
234-8	TO073	234	234	8	se	se	_	_	_	_	_	linguistic	_	none	_	_	_	_	_	_
234-9	TO073	234	234	9	devo	devo	_	_	_	_	_	linguistic	_	none	_	_	_	_	_	_
234-10	TO073	234	234	10	dire	dire	_	_	_	_	_	linguistic	_	none	_	_	_	_	_	_
234-11	TO073	234	234	11	in	in	_	_	_	_	_	linguistic	_	none	_	_	_	_	_	_
234-12	TO073	234	234	12	questo	questo	_	_	_	_	_	linguistic	_	none	_	_	_	_	_	_
234-13	TO073	234	234	13	momento	momento	_	_	_	_	_	linguistic	_	none	_	_	_	_	_	_
234-14	TO073	234	234	14	nel	nel	_	_	_	_	_	linguistic	_	none	_	_	_	_	_	_
234-15	TO073	234	234	15	duemiladiciotto	duemiladiciotto	_	_	_	_	_	linguistic	_	none	_	_	_	_	_	_
234-16	TO073	234	234	16	cos'	cos'	_	_	_	_	_	linguistic	_	none	SpaceAfter=No	_	_	_	_	_
234-17	TO073	234	234	17	è	è	_	_	_	_	_	linguistic	_	none	_	_	_	_	_	_
234-18	TO073	234	234	18	per	per	_	_	_	_	_	linguistic	_	none	_	_	_	_	_	_
234-19	TO073	234	234	19	me	me	_	_	_	_	_	linguistic	_	none	_	_	_	_	_	_
234-20	TO073	234	234	20	casa	casa	_	_	_	_	_	linguistic	_	none	_	_	_	_	_	_
234-21	TO073	234	234	21	se	se	_	_	_	_	_	linguistic	_	none	_	_	_	_	_	_
234-22	TO073	234	234	22	prima	prima	_	_	_	_	_	linguistic	_	none	_	_	_	_	_	_
234-23	TO073	234	234	23	lo	lo	_	_	_	_	_	linguistic	_	none	_	_	_	_	_	_
234-24	TO073	234	234	24	è	è	_	_	_	_	_	linguistic	_	none	_	_	_	_	_	_
234-25	TO073	234	234	25	stato	stato	_	_	_	_	_	linguistic	_	none	_	_	_	_	_	_
234-26	TO073	234	234	26	murcia	murcia	_	_	_	_	_	linguistic	_	none	_	End=838.14	_	_	_	_
235-0	TO073	235	235	0	ora	ora	_	_	_	_	_	linguistic	_	none	_	Begin=838.475	_	_	_	_
235-1	TO073	235	235	1	è	è	_	_	_	_	_	linguistic	_	none	_	_	_	_	_	_
235-2	TO073	235	235	2	in	in	_	_	_	_	_	linguistic	_	none	_	_	_	_	_	_
235-3	TO073	235	235	3	[nomeluogo	nomeluogo	_	_	_	_	_	linguistic	_	none	_	_	_	_	_	0-9(54)
235-4	TO073	235	235	4	per	per	_	_	_	_	_	linguistic	_	none	_	_	_	_	_	0-3(54)
235-5	TO073	235	235	5	me	me	_	_	_	_	_	linguistic	_	none	_	_	_	_	_	0-2(54)
235-6	TO073	235	235	6	è]	è	_	_	_	_	_	linguistic	_	none	_	_	_	_	_	0-1(54)
235-7	TO073	235	235	7	casa	casa	_	_	_	_	_	linguistic	_	none	_	_	_	_	_	_
235-8	TO073	235	235	8	sì.	sì	_	_	_	_	_	linguistic	_	none	Intonation=Falling	End=840.924	_	_	_	_
236-0	TO071	236	236	0	[quella	quella	_	_	_	_	_	linguistic	_	none	_	Begin=839.26	_	_	_	0-6(54)
236-1	TO071	236	236	1	di	di	_	_	_	_	_	linguistic	_	none	_	_	_	_	_	0-2(54)
236-2	TO071	236	236	2	nomeluogo]	nomeluogo	_	_	_	_	_	linguistic	_	none	_	End=840.49	_	_	_	0-9(54)
237-0	TO071	237	237	0	e:	e	_	_	_	_	_	linguistic	_	none	_	Begin=840.946	0x1	_	_	_
237-1	TO071	237	237	1	dimmi	dimmi	_	_	_	_	_	linguistic	_	none	_	_	_	_	_	_
237-2	TO071	237	237	2	un	un	_	_	_	_	_	linguistic	_	none	_	_	_	_	_	_
237-3	TO071	237	237	3	po'	po'	_	_	_	_	_	linguistic	_	none	_	_	_	_	_	_
237-4	TO071	237	237	4	di	di	_	_	_	_	_	linguistic	_	none	_	_	_	_	_	_
237-5	TO071	237	237	5	murcia	murcia	_	_	_	_	_	linguistic	_	none	_	_	_	_	_	_
237-6	TO071	237	237	6	ehm:	ehm	_	_	_	_	_	linguistic	_	none	PauseAfter=Yes	_	2x1	_	_	_
237-7	TO071	237	237	7	{P}	{P}	_	_	_	_	_	shortpause	_	none	_	_	_	_	_	_
237-8	TO071	237	237	8	eh	eh	_	_	_	_	_	linguistic	_	none	_	_	_	_	_	_
237-9	TO071	237	237	9	a~	a~	_	_	_	_	_	linguistic	_	none	Interrupted=Yes	_	_	_	_	_
237-10	TO071	237	237	10	avevi	avevi	_	_	_	_	_	linguistic	_	none	_	_	_	_	_	_
237-11	TO071	237	237	11	dei	dei	_	_	_	_	_	linguistic	_	none	_	_	_	_	_	_
237-12	TO071	237	237	12	coinquilini	coinquilini	_	_	_	_	_	linguistic	_	none	_	_	_	_	_	_
237-13	TO071	237	237	13	no,	no	_	_	_	_	_	linguistic	_	none	Intonation=WeaklyRising	_	_	_	_	_
237-14	TO071	237	237	14	uno	uno	_	_	_	_	_	linguistic	_	none	_	_	_	_	_	_
237-15	TO071	237	237	15	era	era	_	_	_	_	_	linguistic	_	none	_	_	_	_	_	_
237-16	TO071	237	237	16	jack	jack	_	_	_	_	_	linguistic	_	none	PauseAfter=Yes	_	_	_	_	_
237-17	TO071	237	237	17	{P}	{P}	_	_	_	_	_	shortpause	_	none	_	_	_	_	_	_
237-18	TO071	237	237	18	gli	gli	_	_	_	_	_	linguistic	_	none	_	_	_	_	_	_
237-19	TO071	237	237	19	altri?	altri	_	_	_	_	_	linguistic	_	none	Intonation=Rising	End=846.813	_	_	_	_
238-0	TO073	238	238	0	sì	sì	_	_	_	_	_	linguistic	_	none	_	Begin=846.813	_	_	_	_
238-1	TO073	238	238	1	a:llora	allora	_	_	_	_	_	linguistic	_	none	_	_	0x1	_	_	_
238-2	TO073	238	238	2	nel	nel	_	_	_	_	_	linguistic	_	none	_	_	_	_	_	_
238-3	TO073	238	238	3	primo	primo	_	_	_	_	_	linguistic	_	none	_	_	_	_	_	_
238-4	TO073	238	238	4	semestre	semestre	_	_	_	_	_	linguistic	_	none	_	_	_	_	_	_
238-5	TO073	238	238	5	ho	ho	_	_	_	_	_	linguistic	_	none	_	_	_	_	_	_
238-6	TO073	238	238	6	vissuto	vissuto	_	_	_	_	_	linguistic	_	none	_	_	_	_	_	_
238-7	TO073	238	238	7	con	con	_	_	_	_	_	linguistic	_	none	_	_	_	_	_	_
238-8	TO073	238	238	8	jack	jack	_	_	_	_	_	linguistic	_	none	_	_	_	_	_	_
238-9	TO073	238	238	9	con:	con	_	_	_	_	_	linguistic	_	none	_	End=850.403	2x1	_	_	_
239-0	TO073	239	239	0	io	io	_	_	_	_	_	linguistic	_	none	_	Begin=850.74	_	_	_	_
239-1	TO073	239	239	1	tutte	tutte	_	_	_	_	_	linguistic	_	none	_	_	_	_	_	_
239-2	TO073	239	239	2	le	le	_	_	_	_	_	linguistic	_	none	_	_	_	_	_	_
239-3	TO073	239	239	3	volte	volte	_	_	_	_	_	linguistic	_	none	_	_	_	_	_	_
239-4	TO073	239	239	4	che	che	_	_	_	_	_	linguistic	_	none	_	_	_	_	_	_
239-5	TO073	239	239	5	ne	ne	_	_	_	_	_	linguistic	_	none	_	_	_	_	_	_
239-6	TO073	239	239	6	parlo	parlo	_	_	_	_	_	linguistic	_	none	_	_	_	_	_	_
239-7	TO073	239	239	7	mi	mi	_	_	_	_	_	linguistic	_	none	_	_	_	_	_	_
239-8	TO073	239	239	8	brillano	brillano	_	_	_	_	_	linguistic	_	none	_	_	_	_	_	_
239-9	TO073	239	239	9	gli	gli	_	_	_	_	_	linguistic	_	none	_	_	_	_	_	_
239-10	TO073	239	239	10	occhi	occhi	_	_	_	_	_	linguistic	_	none	_	End=852.603	_	_	_	_
240-0	TO071	240	240	0	eh	eh	_	_	_	_	_	linguistic	_	none	_	Begin=852.611|End=853.043	_	_	_	_
241-0	TO073	241	241	0	con	con	_	_	_	_	_	linguistic	_	none	_	Begin=853.043	_	_	_	_
241-1	TO073	241	241	1	jack	jack	_	_	_	_	_	linguistic	_	none	_	_	_	_	_	_
241-2	TO073	241	241	2	con	con	_	_	_	_	_	linguistic	_	none	_	_	_	_	_	_
241-3	TO073	241	241	3	clara	clara	_	_	_	_	_	linguistic	_	none	PauseAfter=Yes	_	_	_	_	_
241-4	TO073	241	241	4	{P}	{P}	_	_	_	_	_	shortpause	_	none	_	_	_	_	_	_
241-5	TO073	241	241	5	e	e	_	_	_	_	_	linguistic	_	none	_	_	_	_	_	_
241-6	TO073	241	241	6	con	con	_	_	_	_	_	linguistic	_	none	_	_	_	_	_	_
241-7	TO073	241	241	7	ludovico	ludovico	_	_	_	_	_	linguistic	_	none	_	End=855.643	_	_	_	_
242-0	TO073	242	242	0	<eh	eh	_	_	_	_	_	linguistic	_	none	_	Begin=855.643	_	Slow=0-2(0)	_	_
242-1	TO073	242	242	1	ludovico	ludovico	_	_	_	_	_	linguistic	_	none	_	_	_	Slow=0-8(0)	_	_
242-2	TO073	242	242	2	è	è	_	_	_	_	_	linguistic	_	none	_	_	_	Slow=0-1(0)	_	_
242-3	TO073	242	242	3	un	un	_	_	_	_	_	linguistic	_	none	_	_	_	Slow=0-2(0)	_	_
242-4	TO073	242	242	4	ragazzo	ragazzo	_	_	_	_	_	linguistic	_	none	_	_	_	Slow=0-7(0)	_	_
242-5	TO073	242	242	5	del	del	_	_	_	_	_	linguistic	_	none	_	_	_	Slow=0-3(0)	_	_
242-6	TO073	242	242	6	novantatré>	novantatré	_	_	_	_	_	linguistic	_	none	_	End=858.964	_	Slow=0-10(0)	_	_
243-0	TO071	243	243	0	mh	mh	_	_	_	_	_	linguistic	_	none	_	Begin=858.995	_	_	_	_
243-1	TO071	243	243	1	mh	mh	_	_	_	_	_	linguistic	_	none	_	End=859.34	_	_	_	_
244-0	TO073	244	244	0	di	di	_	_	_	_	_	linguistic	_	none	PauseAfter=Yes	Begin=859.34	_	_	_	_
244-1	TO073	244	244	1	{P}	{P}	_	_	_	_	_	shortpause	_	none	_	_	_	_	_	_
244-2	TO073	244	244	2	padova	padova	_	_	_	_	_	linguistic	_	none	_	End=860.891	_	_	_	_
245-0	TO073	245	245	0	eh	eh	_	_	_	_	_	linguistic	_	none	_	Begin=861.144	_	_	_	_
245-1	TO073	245	245	1	che	che	_	_	_	_	_	linguistic	_	none	_	_	_	_	_	_
245-2	TO073	245	245	2	è	è	_	_	_	_	_	linguistic	_	none	_	_	_	_	_	_
245-3	TO073	245	245	3	arrivato	arrivato	_	_	_	_	_	linguistic	_	none	_	_	_	_	_	_
245-4	TO073	245	245	4	in	in	_	_	_	_	_	linguistic	_	none	_	_	_	_	_	_
245-5	TO073	245	245	5	erasmus	erasmus	_	_	_	_	_	linguistic	_	none	_	_	_	_	_	_
245-6	TO073	245	245	6	con	con	_	_	_	_	_	linguistic	_	none	_	_	_	_	_	_
245-7	TO073	245	245	7	clara	clara	_	_	_	_	_	linguistic	_	none	_	_	_	_	_	_
245-8	TO073	245	245	8	che	che	_	_	_	_	_	linguistic	_	none	_	_	_	_	_	_
245-9	TO073	245	245	9	è	è	_	_	_	_	_	linguistic	_	none	_	_	_	_	_	_
245-10	TO073	245	245	10	una	una	_	_	_	_	_	linguistic	_	none	_	_	_	_	_	_
245-11	TO073	245	245	11	ragazza	ragazza	_	_	_	_	_	linguistic	_	none	_	_	_	_	_	_
245-12	TO073	245	245	12	del	del	_	_	_	_	_	linguistic	_	none	_	_	_	_	_	_
245-13	TO073	245	245	13	novantasei	novantasei	_	_	_	_	_	linguistic	_	none	_	_	_	_	_	_
245-14	TO073	245	245	14	quindi	quindi	_	_	_	_	_	linguistic	_	none	_	_	_	_	_	_
245-15	TO073	245	245	15	mia	mia	_	_	_	_	_	linguistic	_	none	_	_	_	_	_	_
245-16	TO073	245	245	16	coetanea	coetanea	_	_	_	_	_	linguistic	_	none	_	_	_	_	_	_
245-17	TO073	245	245	17	di	di	_	_	_	_	_	linguistic	_	none	_	_	_	_	_	_
245-18	TO073	245	245	18	padova	padova	_	_	_	_	_	linguistic	_	none	_	End=866.301	_	_	_	_
246-0	TO073	246	246	0	eh	eh	_	_	_	_	_	linguistic	_	none	_	Begin=866.606	_	_	_	_
246-1	TO073	246	246	1	con	con	_	_	_	_	_	linguistic	_	none	_	_	_	_	_	_
246-2	TO073	246	246	2	cui:	cui	_	_	_	_	_	linguistic	_	none	_	_	2x1	_	_	_
246-3	TO073	246	246	3	c'	c'	_	_	_	_	_	linguistic	_	none	SpaceAfter=No	_	_	_	_	_
246-4	TO073	246	246	4	è	è	_	_	_	_	_	linguistic	_	none	_	_	_	_	_	_
246-5	TO073	246	246	5	sempre	sempre	_	_	_	_	_	linguistic	_	none	_	_	_	_	_	_
246-6	TO073	246	246	6	stato	stato	_	_	_	_	_	linguistic	_	none	_	_	_	_	_	_
246-7	TO073	246	246	7	un	un	_	_	_	_	_	linguistic	_	none	_	_	_	_	_	_
246-8	TO073	246	246	8	rapporto	rapporto	_	_	_	_	_	linguistic	_	none	_	_	_	_	_	_
246-9	TO073	246	246	9	di:	di	_	_	_	_	_	linguistic	_	none	_	End=870.538	1x1	_	_	_
247-0	TO073	247	247	0	odio	odio	_	_	_	_	_	linguistic	_	none	_	Begin=870.932	_	_	_	_
247-1	TO073	247	247	1	e	e	_	_	_	_	_	linguistic	_	none	_	_	_	_	_	_
247-2	TO073	247	247	2	amo[re]	amore	_	_	_	_	_	linguistic	_	none	PauseAfter=Yes	_	_	_	_	3-5(55)
247-3	TO073	247	247	3	{P}	{P}	_	_	_	_	_	shortpause	_	none	_	_	_	_	_	_
247-4	TO073	247	247	4	profondissimo	profondissimo	_	_	_	_	_	linguistic	_	none	_	_	_	_	_	_
247-5	TO073	247	247	5	nel	nel	_	_	_	_	_	linguistic	_	none	_	_	_	_	_	_
247-6	TO073	247	247	6	senso	senso	_	_	_	_	_	linguistic	_	none	_	_	_	_	_	_
247-7	TO073	247	247	7	che	che	_	_	_	_	_	linguistic	_	none	_	End=874.082	_	_	_	_
248-0	TO071	248	248	0	[mh	mh	_	_	_	_	_	linguistic	_	none	_	Begin=871.733	_	_	_	0-2(55)
248-1	TO071	248	248	1	mh]	mh	_	_	_	_	_	linguistic	_	none	_	End=872.219	_	_	_	0-2(55)
249-0	TO073	249	249	0	abbiamo	abbiamo	_	_	_	_	_	linguistic	_	none	_	Begin=874.17	_	_	_	_
249-1	TO073	249	249	1	vissuto	vissuto	_	_	_	_	_	linguistic	_	none	_	_	_	_	_	_
249-2	TO073	249	249	2	questo	questo	_	_	_	_	_	linguistic	_	none	_	_	_	_	_	_
249-3	TO073	249	249	3	erasmus	erasmus	_	_	_	_	_	linguistic	_	none	PauseAfter=Yes	_	_	_	_	_
249-4	TO073	249	249	4	{P}	{P}	_	_	_	_	_	shortpause	_	none	_	_	_	_	_	_
249-5	TO073	249	249	5	praticamente	praticamente	_	_	_	_	_	linguistic	_	none	_	_	_	_	_	_
249-6	TO073	249	249	6	in	in	_	_	_	_	_	linguistic	_	none	_	_	_	_	_	_
249-7	TO073	249	249	7	simbiosi	simbiosi	_	_	_	_	_	linguistic	_	none	_	_	_	_	_	_
249-8	TO073	249	249	8	io	io	_	_	_	_	_	linguistic	_	none	_	_	_	_	_	_
249-9	TO073	249	249	9	e	e	_	_	_	_	_	linguistic	_	none	_	_	_	_	_	_
249-10	TO073	249	249	10	lei	lei	_	_	_	_	_	linguistic	_	none	_	End=877.854	_	_	_	_
250-0	TO073	250	250	0	<un	un	_	_	_	_	_	linguistic	_	none	_	Begin=878.883	_	Slow=0-2(0)	_	_
250-1	TO073	250	250	1	po'	po'	_	_	_	_	_	linguistic	_	none	_	_	_	Slow=0-3(0)	_	_
250-2	TO073	250	250	2	in	in	_	_	_	_	_	linguistic	_	none	_	_	_	Slow=0-2(0)	_	_
250-3	TO073	250	250	3	maniera>	maniera	_	_	_	_	_	linguistic	_	none	_	End=880.786	_	Slow=0-7(0)	_	_
251-0	TO073	251	251	0	ecco	ecco	_	_	_	_	_	linguistic	_	none	_	Begin=881.183	_	_	_	_
251-1	TO073	251	251	1	una	una	_	_	_	_	_	linguistic	_	none	_	_	_	_	_	_
251-2	TO073	251	251	2	simbiosi	simbiosi	_	_	_	_	_	linguistic	_	none	_	_	_	_	_	_
251-3	TO073	251	251	3	non	non	_	_	_	_	_	linguistic	_	none	_	_	_	_	_	_
251-4	TO073	251	251	4	troppo:	troppo	_	_	_	_	_	linguistic	_	none	_	End=883.391	5x1	_	_	_
252-0	TO071	252	252	0	saluta[re	salutare	_	_	_	_	_	linguistic	_	none	_	Begin=883.391	_	_	_	6-8(56)
252-1	TO071	252	252	1	questo	questo	_	_	_	_	_	linguistic	_	none	_	_	_	_	_	0-6(56)
252-2	TO071	252	252	2	vuoi	vuoi	_	_	_	_	_	linguistic	_	none	_	_	_	_	_	0-4(56)
252-3	TO071	252	252	3	dire]	dire	_	_	_	_	_	linguistic	_	none	_	End=884.87	_	_	_	0-4(56)
253-0	TO073	253	253	0	[salutare	salutare	_	_	_	_	_	linguistic	_	none	_	Begin=883.783	_	_	_	0-8(56)
253-1	TO073	253	253	1	esatto]	esatto	_	_	_	_	_	linguistic	_	none	_	_	_	_	_	0-6(56)
253-2	TO073	253	253	2	un	un	_	_	_	_	_	linguistic	_	none	_	_	_	_	_	_
253-3	TO073	253	253	3	po':	po'	_	_	_	_	_	linguistic	_	none	PauseAfter=Yes	_	1x1	_	_	_
253-4	TO073	253	253	4	{P}	{P}	_	_	_	_	_	shortpause	_	none	_	_	_	_	_	_
253-5	TO073	253	253	5	parassitaria	parassitaria	_	_	_	_	_	linguistic	_	none	_	_	_	_	_	_
253-6	TO073	253	253	6	ecco	ecco	_	_	_	_	_	linguistic	_	none	_	_	_	_	_	_
253-7	TO073	253	253	7	mettiamola	mettiamola	_	_	_	_	_	linguistic	_	none	_	_	_	_	_	_
253-8	TO073	253	253	8	così	così	_	_	_	_	_	linguistic	_	none	_	End=887.494	_	_	_	_
254-0	TO073	254	254	0	>sia	sia	_	_	_	_	_	linguistic	_	none	_	Begin=887.494	_	Fast=0-3(0)	_	_
254-1	TO073	254	254	1	da	da	_	_	_	_	_	linguistic	_	none	_	_	_	Fast=0-2(0)	_	_
254-2	TO073	254	254	2	parte	parte	_	_	_	_	_	linguistic	_	none	_	_	_	Fast=0-5(0)	_	_
254-3	TO073	254	254	3	mia	mia	_	_	_	_	_	linguistic	_	none	_	_	_	Fast=0-3(0)	_	_
254-4	TO073	254	254	4	sia	sia	_	_	_	_	_	linguistic	_	none	_	_	_	Fast=0-3(0)	_	_
254-5	TO073	254	254	5	da	da	_	_	_	_	_	linguistic	_	none	_	_	_	Fast=0-2(0)	_	_
254-6	TO073	254	254	6	parte	parte	_	_	_	_	_	linguistic	_	none	_	_	_	Fast=0-5(0)	_	_
254-7	TO073	254	254	7	sua	sua	_	_	_	_	_	linguistic	_	none	_	_	_	Fast=0-3(0)	_	_
254-8	TO073	254	254	8	nel	nel	_	_	_	_	_	linguistic	_	none	_	_	_	Fast=0-3(0)	_	_
254-9	TO073	254	254	9	senso	senso	_	_	_	_	_	linguistic	_	none	_	_	_	Fast=0-5(0)	_	_
254-10	TO073	254	254	10	che<	che	_	_	_	_	_	linguistic	_	none	PauseAfter=Yes	_	_	Fast=0-3(0)	_	_
254-11	TO073	254	254	11	{P}	{P}	_	_	_	_	_	shortpause	_	none	_	_	_	_	_	_
254-12	TO073	254	254	12	ehm:	ehm	_	_	_	_	_	linguistic	_	none	_	End=891.563	2x1	_	_	_
255-0	TO073	255	255	0	s~	s~	_	_	_	_	_	linguistic	_	none	Interrupted=Yes	Begin=891.891	_	_	_	_
255-1	TO073	255	255	1	eh	eh	_	_	_	_	_	linguistic	_	none	_	_	_	_	_	_
255-2	TO073	255	255	2	il	il	_	_	_	_	_	linguistic	_	none	_	_	_	_	_	_
255-3	TO073	255	255	3	rapporto	rapporto	_	_	_	_	_	linguistic	_	none	_	_	_	_	_	_
255-4	TO073	255	255	4	è	è	_	_	_	_	_	linguistic	_	none	_	_	_	_	_	_
255-5	TO073	255	255	5	nato	nato	_	_	_	_	_	linguistic	_	none	_	End=894.254	_	_	_	_
256-0	TO073	256	256	0	in	in	_	_	_	_	_	linguistic	_	none	_	Begin=894.418	_	_	_	_
256-1	TO073	256	256	1	maniera	maniera	_	_	_	_	_	linguistic	_	none	_	_	_	_	_	_
256-2	TO073	256	256	2	un	un	_	_	_	_	_	linguistic	_	none	_	_	_	_	_	_
256-3	TO073	256	256	3	po'	po'	_	_	_	_	_	linguistic	_	none	_	_	_	_	_	_
256-4	TO073	256	256	4	burrascosa:	burrascosa	_	_	_	_	_	linguistic	_	none	_	_	9x1	_	_	_
256-5	TO073	256	256	5	un	un	_	_	_	_	_	linguistic	_	none	_	_	_	_	_	_
256-6	TO073	256	256	6	po':	po'	_	_	_	_	_	linguistic	_	none	_	End=897.542	1x1	_	_	_
257-0	TO073	257	257	0	io	io	_	_	_	_	_	linguistic	_	none	_	Begin=897.555	_	_	_	_
257-1	TO073	257	257	1	ero	ero	_	_	_	_	_	linguistic	_	none	PauseAfter=Yes	_	_	_	_	_
257-2	TO073	257	257	2	{P}	{P}	_	_	_	_	_	shortpause	_	none	_	_	_	_	_	_
257-3	TO073	257	257	3	lì	lì	_	_	_	_	_	linguistic	_	none	_	_	_	_	_	_
257-4	TO073	257	257	4	da	da	_	_	_	_	_	linguistic	_	none	_	_	_	_	_	_
257-5	TO073	257	257	5	dieci	dieci	_	_	_	_	_	linguistic	_	none	_	_	_	_	_	_
257-6	TO073	257	257	6	giorni	giorni	_	_	_	_	_	linguistic	_	none	_	_	_	_	_	_
257-7	TO073	257	257	7	>prima	prima	_	_	_	_	_	linguistic	_	none	_	_	_	Fast=0-5(0)	_	_
257-8	TO073	257	257	8	di	di	_	_	_	_	_	linguistic	_	none	_	_	_	Fast=0-2(0)	_	_
257-9	TO073	257	257	9	lei	lei	_	_	_	_	_	linguistic	_	none	_	_	_	Fast=0-3(0)	_	_
257-10	TO073	257	257	10	in	in	_	_	_	_	_	linguistic	_	none	_	_	_	Fast=0-2(0)	_	_
257-11	TO073	257	257	11	casa	casa	_	_	_	_	_	linguistic	_	none	_	_	_	Fast=0-4(0)	_	_
257-12	TO073	257	257	12	lei	lei	_	_	_	_	_	linguistic	_	none	_	_	_	Fast=0-3(0)	_	_
257-13	TO073	257	257	13	lei	lei	_	_	_	_	_	linguistic	_	none	_	_	_	Fast=0-3(0)	_	_
257-14	TO073	257	257	14	arrivata	arrivata	_	_	_	_	_	linguistic	_	none	_	_	_	Fast=0-8(0)	_	_
257-15	TO073	257	257	15	in	in	_	_	_	_	_	linguistic	_	none	_	_	_	Fast=0-2(0)	_	_
257-16	TO073	257	257	16	casa	casa	_	_	_	_	_	linguistic	_	none	_	_	_	Fast=0-4(0)	_	_
257-17	TO073	257	257	17	io	io	_	_	_	_	_	linguistic	_	none	_	_	_	Fast=0-2(0)	_	_
257-18	TO073	257	257	18	organizzato	organizzato	_	_	_	_	_	linguistic	_	none	_	_	_	Fast=0-11(0)	_	_
257-19	TO073	257	257	19	questo	questo	_	_	_	_	_	linguistic	_	none	_	_	_	Fast=0-6(0)	_	_
257-20	TO073	257	257	20	mega	mega	_	_	_	_	_	linguistic	_	none	_	_	_	Fast=0-4(0)	_	_
257-21	TO073	257	257	21	io	io	_	_	_	_	_	linguistic	_	none	_	_	_	Fast=0-2(0)	_	_
257-22	TO073	257	257	22	e	e	_	_	_	_	_	linguistic	_	none	_	_	_	Fast=0-1(0)	_	_
257-23	TO073	257	257	23	jack<	jack	_	_	_	_	_	linguistic	_	none	_	End=902.75	_	Fast=0-4(0)	_	_
258-0	TO073	258	258	0	>jack	jack	_	_	_	_	_	linguistic	_	none	_	Begin=902.75	_	Fast=0-4(0)	_	_
258-1	TO073	258	258	1	mi	mi	_	_	_	_	_	linguistic	_	none	_	_	_	Fast=0-2(0)	_	_
258-2	TO073	258	258	2	malediceva	malediceva	_	_	_	_	_	linguistic	_	none	_	_	_	Fast=0-10(0)	_	_
258-3	TO073	258	258	3	per	per	_	_	_	_	_	linguistic	_	none	_	_	_	Fast=0-3(0)	_	_
258-4	TO073	258	258	4	questa	questa	_	_	_	_	_	linguistic	_	none	_	_	_	Fast=0-6(0)	_	_
258-5	TO073	258	258	5	cosa	cosa	_	_	_	_	_	linguistic	_	none	_	_	_	Fast=0-4(0)	_	_
258-6	TO073	258	258	6	perché	perché	_	_	_	_	_	linguistic	_	none	_	_	_	Fast=0-6(0)	_	_
258-7	TO073	258	258	7	diceva	diceva	_	_	_	_	_	linguistic	_	none	_	_	_	Fast=0-6(0)	_	_
258-8	TO073	258	258	8	{ride}	{ride}	_	_	_	_	_	nonverbalbehavior	_	none	PauseAfter=Yes	_	_	Fast=0-6(0)	_	_
258-9	TO073	258	258	9	{P}	{P}	_	_	_	_	_	shortpause	_	none	_	_	_	Fast=0-3(0)	_	_
258-10	TO073	258	258	10	fatti	fatti	_	_	_	_	_	linguistic	_	none	_	_	_	Fast=0-5(0)	_	_
258-11	TO073	258	258	11	i	i	_	_	_	_	_	linguistic	_	none	_	_	_	Fast=0-1(0)	_	_
258-12	TO073	258	258	12	cazzi	cazzi	_	_	_	_	_	linguistic	_	none	_	_	_	Fast=0-5(0)	_	_
258-13	TO073	258	258	13	i	i	_	_	_	_	_	linguistic	_	none	_	_	_	Fast=0-1(0)	_	_
258-14	TO073	258	258	14	tuoi	tuoi	_	_	_	_	_	linguistic	_	none	_	_	_	Fast=0-4(0)	_	_
258-15	TO073	258	258	15	non	non	_	_	_	_	_	linguistic	_	none	_	_	_	Fast=0-3(0)	_	_
258-16	TO073	258	258	16	rompere	rompere	_	_	_	_	_	linguistic	_	none	_	_	_	Fast=0-7(0)	_	_
258-17	TO073	258	258	17	il	il	_	_	_	_	_	linguistic	_	none	_	_	_	Fast=0-2(0)	_	_
258-18	TO073	258	258	18	il	il	_	_	_	_	_	linguistic	_	none	_	_	_	Fast=0-2(0)	_	_
258-19	TO073	258	258	19	ca~	ca~	_	_	_	_	_	linguistic	_	none	Interrupted=Yes	_	_	Fast=0-3(0)	_	_
258-20	TO073	258	258	20	il	il	_	_	_	_	_	linguistic	_	none	_	_	_	Fast=0-2(0)	_	_
258-21	TO073	258	258	21	cazzo	cazzo	_	_	_	_	_	linguistic	_	none	_	_	_	Fast=0-5(0)	_	_
258-22	TO073	258	258	22	ma	ma	_	_	_	_	_	linguistic	_	none	_	_	_	Fast=0-2(0)	_	_
258-23	TO073	258	258	23	io	io	_	_	_	_	_	linguistic	_	none	PauseAfter=Yes	_	_	Fast=0-2(0)	_	_
258-24	TO073	258	258	24	{P}	{P}	_	_	_	_	_	shortpause	_	none	_	_	_	Fast=0-3(0)	_	_
258-25	TO073	258	258	25	dovevo	dovevo	_	_	_	_	_	linguistic	_	none	_	_	_	Fast=0-6(0)	_	_
258-26	TO073	258	258	26	fare	fare	_	_	_	_	_	linguistic	_	none	_	_	_	Fast=0-4(0)	_	_
258-27	TO073	258	258	27	l'	l'	_	_	_	_	_	linguistic	_	none	SpaceAfter=No	_	_	Fast=0-2(0)	_	_
258-28	TO073	258	258	28	esaltata	esaltata	_	_	_	_	_	linguistic	_	none	_	_	_	Fast=0-8(0)	_	_
258-29	TO073	258	258	29	che	che	_	_	_	_	_	linguistic	_	none	_	_	_	Fast=0-3(0)	_	_
258-30	TO073	258	258	30	accoglievo	accoglievo	_	_	_	_	_	linguistic	_	none	_	_	_	Fast=0-10(0)	_	_
258-31	TO073	258	258	31	[i	i	_	_	_	_	_	linguistic	_	none	_	_	_	Fast=0-1(0)	_	0-1(57)
258-32	TO073	258	258	32	miei	miei	_	_	_	_	_	linguistic	_	none	_	_	_	Fast=0-4(0)	_	0-4(57)
258-33	TO073	258	258	33	nuovi	nuovi	_	_	_	_	_	linguistic	_	none	_	_	_	Fast=0-5(0)	_	0-5(57)
258-34	TO073	258	258	34	coinquilini	coinquilini	_	_	_	_	_	linguistic	_	none	_	_	_	Fast=0-11(0)	_	0-11(57)
258-35	TO073	258	258	35	quindi]<	quindi	_	_	_	_	_	linguistic	_	none	_	End=910.099	_	Fast=0-6(0)	_	0-6(57)
259-0	TO071	259	259	0	{ride}	{ride}	_	_	_	_	_	nonverbalbehavior	_	none	_	Begin=906.912|End=907.816	_	_	_	_
260-0	TO071	260	260	0	[e	e	_	_	_	_	_	linguistic	_	none	_	Begin=908.667	_	_	_	0-1(57)
260-1	TO071	260	260	1	certo	certo	_	_	_	_	_	linguistic	_	none	_	_	_	_	_	0-5(57)
260-2	TO071	260	260	2	x]	x	_	_	_	_	_	unknown	_	none	Syllables=1	End=910.09	_	_	_	0-1(57)
261-0	TO073	261	261	0	>ho	ho	_	_	_	_	_	linguistic	_	none	_	Begin=910.103	_	Fast=0-2(0)	_	_
261-1	TO073	261	261	1	organizzato	organizzato	_	_	_	_	_	linguistic	_	none	_	_	_	Fast=0-11(0)	_	_
261-2	TO073	261	261	2	un	un	_	_	_	_	_	linguistic	_	none	_	_	_	Fast=0-2(0)	_	_
261-3	TO073	261	261	3	bottellon	bottellon	_	_	_	_	_	linguistic	_	none	_	_	_	Fast=0-9(0)	_	_
261-4	TO073	261	261	4	con	con	_	_	_	_	_	linguistic	_	none	_	_	_	Fast=0-3(0)	_	_
261-5	TO073	261	261	5	tu:tte	tutte	_	_	_	_	_	linguistic	_	none	_	_	1x1	Fast=0-5(0)	_	_
261-6	TO073	261	261	6	le	le	_	_	_	_	_	linguistic	_	none	_	_	_	Fast=0-2(0)	_	_
261-7	TO073	261	261	7	persone	persone	_	_	_	_	_	linguistic	_	none	_	_	_	Fast=0-7(0)	_	_
261-8	TO073	261	261	8	che	che	_	_	_	_	_	linguistic	_	none	_	_	_	Fast=0-3(0)	_	_
261-9	TO073	261	261	9	avevo	avevo	_	_	_	_	_	linguistic	_	none	_	_	_	Fast=0-5(0)	_	_
261-10	TO073	261	261	10	conosciuto	conosciuto	_	_	_	_	_	linguistic	_	none	_	_	_	Fast=0-10(0)	_	_
261-11	TO073	261	261	11	in	in	_	_	_	_	_	linguistic	_	none	_	_	_	Fast=0-2(0)	_	_
261-12	TO073	261	261	12	dieci	dieci	_	_	_	_	_	linguistic	_	none	_	_	_	Fast=0-5(0)	_	_
261-13	TO073	261	261	13	giorni<	giorni	_	_	_	_	_	linguistic	_	none	_	End=913.461	_	Fast=0-6(0)	_	_
262-0	TO073	262	262	0	ehm:	ehm	_	_	_	_	_	linguistic	_	none	_	Begin=913.461|End=914.999	2x1	_	_	_
263-0	TO073	263	263	0	ehm	ehm	_	_	_	_	_	linguistic	_	none	_	Begin=915.472	_	_	_	_
263-1	TO073	263	263	1	>jack	jack	_	_	_	_	_	linguistic	_	none	_	_	_	Fast=0-4(0)	_	_
263-2	TO073	263	263	2	continuava	continuava	_	_	_	_	_	linguistic	_	none	_	_	_	Fast=0-10(0)	_	_
263-3	TO073	263	263	3	a	a	_	_	_	_	_	linguistic	_	none	_	_	_	Fast=0-1(0)	_	_
263-4	TO073	263	263	4	dirmi	dirmi	_	_	_	_	_	linguistic	_	none	_	_	_	Fast=0-5(0)	_	_
263-5	TO073	263	263	5	che	che	_	_	_	_	_	linguistic	_	none	_	_	_	Fast=0-3(0)	_	_
263-6	TO073	263	263	6	mi	mi	_	_	_	_	_	linguistic	_	none	_	_	_	Fast=0-2(0)	_	_
263-7	TO073	263	263	7	avrebbero	avrebbero	_	_	_	_	_	linguistic	_	none	_	_	_	Fast=0-9(0)	_	_
263-8	TO073	263	263	8	sputato	sputato	_	_	_	_	_	linguistic	_	none	_	_	_	Fast=0-7(0)	_	_
263-9	TO073	263	263	9	in	in	_	_	_	_	_	linguistic	_	none	_	_	_	Fast=0-2(0)	_	_
263-10	TO073	263	263	10	faccia	faccia	_	_	_	_	_	linguistic	_	none	_	_	_	Fast=0-6(0)	_	_
263-11	TO073	263	263	11	perché	perché	_	_	_	_	_	linguistic	_	none	_	_	_	Fast=0-6(0)	_	_
263-12	TO073	263	263	12	reduci	reduci	_	_	_	_	_	linguistic	_	none	_	_	_	Fast=0-6(0)	_	_
263-13	TO073	263	263	13	da	da	_	_	_	_	_	linguistic	_	none	_	_	_	Fast=0-2(0)	_	_
263-14	TO073	263	263	14	un	un	_	_	_	_	_	linguistic	_	none	_	_	_	Fast=0-2(0)	_	_
263-15	TO073	263	263	15	viaggio<	viaggio	_	_	_	_	_	linguistic	_	none	_	End=919.64	_	Fast=0-7(0)	_	_
264-0	TO073	264	264	0	>magari	magari	_	_	_	_	_	linguistic	_	none	_	Begin=919.64	_	Fast=0-6(0)	_	_
264-1	TO073	264	264	1	era	era	_	_	_	_	_	linguistic	_	none	_	_	_	Fast=0-3(0)	_	_
264-2	TO073	264	264	2	anche	anche	_	_	_	_	_	linguistic	_	none	_	_	_	Fast=0-5(0)	_	_
264-3	TO073	264	264	3	scoglionati	scoglionati	_	_	_	_	_	linguistic	_	none	_	_	_	Fast=0-11(0)	_	_
264-4	TO073	264	264	4	perché	perché	_	_	_	_	_	linguistic	_	none	_	_	_	Fast=0-6(0)	_	_
264-5	TO073	264	264	5	magari	magari	_	_	_	_	_	linguistic	_	none	_	_	_	Fast=0-6(0)	_	_
264-6	TO073	264	264	6	lasciavano	lasciavano	_	_	_	_	_	linguistic	_	none	_	_	_	Fast=0-10(0)	_	_
264-7	TO073	264	264	7	[il	il	_	_	_	_	_	linguistic	_	none	_	_	_	Fast=0-2(0)	_	0-2(58)
264-8	TO073	264	264	8	fidanzato	fidanzato	_	_	_	_	_	linguistic	_	none	_	_	_	Fast=0-9(0)	_	0-9(58)
264-9	TO073	264	264	9	la]	la	_	_	_	_	_	linguistic	_	none	_	_	_	Fast=0-2(0)	_	0-2(58)
264-10	TO073	264	264	10	fidanzata	fidanzata	_	_	_	_	_	linguistic	_	none	_	_	_	Fast=0-9(0)	_	_
264-11	TO073	264	264	11	gli	gli	_	_	_	_	_	linguistic	_	none	_	_	_	Fast=0-3(0)	_	_
264-12	TO073	264	264	12	amici	amici	_	_	_	_	_	linguistic	_	none	_	_	_	Fast=0-5(0)	_	_
264-13	TO073	264	264	13	sti	sti	_	_	_	_	_	linguistic	_	none	_	_	_	Fast=0-3(0)	_	_
264-14	TO073	264	264	14	cazzi<	cazzi	_	_	_	_	_	linguistic	_	none	_	End=923.724	_	Fast=0-5(0)	_	_
265-0	TO071	265	265	0	[beh	beh	_	_	_	_	_	linguistic	_	none	_	Begin=921.459	_	_	_	0-3(58)
265-1	TO071	265	265	1	sì]	sì	_	_	_	_	_	linguistic	_	none	_	End=922.113	_	_	_	0-2(58)
266-0	TO073	266	266	0	>e	e	_	_	_	_	_	linguistic	_	none	_	Begin=923.956	_	Fast=0-1(0)	_	_
266-1	TO073	266	266	1	arrivavano	arrivavano	_	_	_	_	_	linguistic	_	none	_	_	_	Fast=0-10(0)	_	_
266-2	TO073	266	266	2	lì	lì	_	_	_	_	_	linguistic	_	none	_	_	_	Fast=0-2(0)	_	_
266-3	TO073	266	266	3	e	e	_	_	_	_	_	linguistic	_	none	_	_	_	Fast=0-1(0)	_	_
266-4	TO073	266	266	4	dovevano	dovevano	_	_	_	_	_	linguistic	_	none	_	_	_	Fast=0-8(0)	_	_
266-5	TO073	266	266	5	pure	pure	_	_	_	_	_	linguistic	_	none	_	_	_	Fast=0-4(0)	_	_
266-6	TO073	266	266	6	far	far	_	_	_	_	_	linguistic	_	none	_	_	_	Fast=0-3(0)	_	_
266-7	TO073	266	266	7	finta	finta	_	_	_	_	_	linguistic	_	none	_	_	_	Fast=0-5(0)	_	_
266-8	TO073	266	266	8	di	di	_	_	_	_	_	linguistic	_	none	_	_	_	Fast=0-2(0)	_	_
266-9	TO073	266	266	9	essere	essere	_	_	_	_	_	linguistic	_	none	_	_	_	Fast=0-6(0)	_	_
266-10	TO073	266	266	10	contenti<	contenti	_	_	_	_	_	linguistic	_	none	_	End=926.39	_	Fast=0-8(0)	_	_
267-0	TO073	267	267	0	ma	ma	_	_	_	_	_	linguistic	_	none	_	Begin=926.642	_	_	_	_
267-1	TO073	267	267	1	a	a	_	_	_	_	_	linguistic	_	none	_	_	_	_	_	_
267-2	TO073	267	267	2	me	me	_	_	_	_	_	linguistic	_	none	_	_	_	_	_	_
267-3	TO073	267	267	3	non	non	_	_	_	_	_	linguistic	_	none	_	_	_	_	_	_
267-4	TO073	267	267	4	importava	importava	_	_	_	_	_	linguistic	_	none	_	_	_	_	_	_
267-5	TO073	267	267	5	perché	perché	_	_	_	_	_	linguistic	_	none	_	_	_	_	_	_
267-6	TO073	267	267	6	>in	in	_	_	_	_	_	linguistic	_	none	_	_	_	Fast=0-2(0)	_	_
267-7	TO073	267	267	7	quel	quel	_	_	_	_	_	linguistic	_	none	_	_	_	Fast=0-4(0)	_	_
267-8	TO073	267	267	8	momento	momento	_	_	_	_	_	linguistic	_	none	_	_	_	Fast=0-7(0)	_	_
267-9	TO073	267	267	9	per	per	_	_	_	_	_	linguistic	_	none	_	_	_	Fast=0-3(0)	_	_
267-10	TO073	267	267	10	me<	me	_	_	_	_	_	linguistic	_	none	_	_	_	Fast=0-2(0)	_	_
267-11	TO073	267	267	11	era	era	_	_	_	_	_	linguistic	_	none	_	_	_	_	_	_
267-12	TO073	267	267	12	importante	importante	_	_	_	_	_	linguistic	_	none	_	_	_	_	_	_
267-13	TO073	267	267	13	questo	questo	_	_	_	_	_	linguistic	_	none	_	_	_	_	_	_
267-14	TO073	267	267	14	{ride}	{ride}	_	_	_	_	_	nonverbalbehavior	_	none	_	End=929.428	_	_	_	_
268-0	TO073	268	268	0	ero	ero	_	_	_	_	_	linguistic	_	none	_	Begin=929.455	_	_	_	_
268-1	TO073	268	268	1	anche	anche	_	_	_	_	_	linguistic	_	none	_	_	_	_	_	_
268-2	TO073	268	268	2	andata	andata	_	_	_	_	_	linguistic	_	none	_	_	_	_	_	_
268-3	TO073	268	268	3	a	a	_	_	_	_	_	linguistic	_	none	_	_	_	_	_	_
268-4	TO073	268	268	4	comprar(gli)	comprargli	_	_	_	_	_	linguistic	_	none	_	_	_	_	7-10(0)	_
268-5	TO073	268	268	5	delle	delle	_	_	_	_	_	linguistic	_	none	_	_	_	_	_	_
268-6	TO073	268	268	6	cartine	cartine	_	_	_	_	_	linguistic	_	none	_	_	_	_	_	_
268-7	TO073	268	268	7	della	della	_	_	_	_	_	linguistic	_	none	_	_	_	_	_	_
268-8	TO073	268	268	8	città	città	_	_	_	_	_	linguistic	_	none	_	_	_	_	_	_
268-9	TO073	268	268	9	bellissimo	bellissimo	_	_	_	_	_	linguistic	_	none	_	End=932.451	_	_	_	_
269-0	TO073	269	269	0	>cioè<	cioè	_	_	_	_	_	linguistic	_	none	_	Begin=932.53	_	Fast=0-4(0)	_	_
269-1	TO073	269	269	1	non	non	_	_	_	_	_	linguistic	_	none	_	_	_	_	_	_
269-2	TO073	269	269	2	a	a	_	_	_	_	_	linguistic	_	none	_	_	_	_	_	_
269-3	TO073	269	269	3	comprargli	comprargli	_	_	_	_	_	linguistic	_	none	_	_	_	_	_	_
269-4	TO073	269	269	4	a	a	_	_	_	_	_	linguistic	_	none	_	_	_	_	_	_
269-5	TO073	269	269	5	farmele	farmele	_	_	_	_	_	linguistic	_	none	_	_	_	_	_	_
269-6	TO073	269	269	6	dare	dare	_	_	_	_	_	linguistic	_	none	_	_	_	_	_	_
269-7	TO073	269	269	7	dall'	dall'	_	_	_	_	_	linguistic	_	none	SpaceAfter=No	_	_	_	_	_
269-8	TO073	269	269	8	ufficio	ufficio	_	_	_	_	_	linguistic	_	none	PauseAfter=Yes	_	_	_	_	_
269-9	TO073	269	269	9	{P}	{P}	_	_	_	_	_	shortpause	_	none	_	_	_	_	_	_
269-10	TO073	269	269	10	[turistico].	turistico	_	_	_	_	_	linguistic	_	none	Intonation=Falling	End=935.2	_	_	_	0-9(59)
270-0	TO071	270	270	0	[ecco]	ecco	_	_	_	_	_	linguistic	_	none	_	Begin=934.42|End=935.194	_	_	_	0-4(59)
271-0	TO073	271	271	0	sì	sì	_	_	_	_	_	linguistic	_	none	_	Begin=935.784	_	_	_	_
271-1	TO073	271	271	1	sì	sì	_	_	_	_	_	linguistic	_	none	_	_	_	_	_	_
271-2	TO073	271	271	2	ehm:	ehm	_	_	_	_	_	linguistic	_	none	PauseAfter=Yes	_	2x1	_	_	_
271-3	TO073	271	271	3	{P}	{P}	_	_	_	_	_	shortpause	_	none	_	_	_	_	_	_
271-4	TO073	271	271	4	e	e	_	_	_	_	_	linguistic	_	none	_	_	_	_	_	_
271-5	TO073	271	271	5	quindi	quindi	_	_	_	_	_	linguistic	_	none	_	_	_	_	_	_
271-6	TO073	271	271	6	è	è	_	_	_	_	_	linguistic	_	none	_	_	_	_	_	_
271-7	TO073	271	271	7	arrivata	arrivata	_	_	_	_	_	linguistic	_	none	_	_	_	_	_	_
271-8	TO073	271	271	8	gli	gli	_	_	_	_	_	linguistic	_	none	_	_	_	_	_	_
271-9	TO073	271	271	9	ho	ho	_	_	_	_	_	linguistic	_	none	_	_	_	_	_	_
271-10	TO073	271	271	10	p~	p~	_	_	_	_	_	linguistic	_	none	Interrupted=Yes	_	_	_	_	_
271-11	TO073	271	271	11	gli	gli	_	_	_	_	_	linguistic	_	none	_	_	_	_	_	_
271-12	TO073	271	271	12	ho	ho	_	_	_	_	_	linguistic	_	none	_	_	_	_	_	_
271-13	TO073	271	271	13	presentato	presentato	_	_	_	_	_	linguistic	_	none	_	_	_	_	_	_
271-14	TO073	271	271	14	tutti	tutti	_	_	_	_	_	linguistic	_	none	_	_	_	_	_	_
271-15	TO073	271	271	15	sia	sia	_	_	_	_	_	linguistic	_	none	_	_	_	_	_	_
271-16	TO073	271	271	16	a	a	_	_	_	_	_	linguistic	_	none	_	_	_	_	_	_
271-17	TO073	271	271	17	lei	lei	_	_	_	_	_	linguistic	_	none	_	_	_	_	_	_
271-18	TO073	271	271	18	sia	sia	_	_	_	_	_	linguistic	_	none	_	_	_	_	_	_
271-19	TO073	271	271	19	a	a	_	_	_	_	_	linguistic	_	none	_	_	_	_	_	_
271-20	TO073	271	271	20	ludovico	ludovico	_	_	_	_	_	linguistic	_	none	_	End=941.13	_	_	_	_
272-0	TO073	272	272	0	ehm:	ehm	_	_	_	_	_	linguistic	_	none	_	Begin=941.412	2x1	_	_	_
272-1	TO073	272	272	1	quest~	quest~	_	_	_	_	_	linguistic	_	none	Interrupted=Yes|PauseAfter=Yes	_	_	_	_	_
272-2	TO073	272	272	2	{P}	{P}	_	_	_	_	_	shortpause	_	none	_	_	_	_	_	_
272-3	TO073	272	272	3	quindi	quindi	_	_	_	_	_	linguistic	_	none	_	_	_	_	_	_
272-4	TO073	272	272	4	questo	questo	_	_	_	_	_	linguistic	_	none	_	_	_	_	_	_
272-5	TO073	272	272	5	sodalizio	sodalizio	_	_	_	_	_	linguistic	_	none	_	_	_	_	_	_
272-6	TO073	272	272	6	iniziale	iniziale	_	_	_	_	_	linguistic	_	none	_	_	_	_	_	_
272-7	TO073	272	272	7	che	che	_	_	_	_	_	linguistic	_	none	_	_	_	_	_	_
272-8	TO073	272	272	8	poi	poi	_	_	_	_	_	linguistic	_	none	_	_	_	_	_	_
272-9	TO073	272	272	9	si	si	_	_	_	_	_	linguistic	_	none	_	_	_	_	_	_
272-10	TO073	272	272	10	è	è	_	_	_	_	_	linguistic	_	none	_	_	_	_	_	_
272-11	TO073	272	272	11	abbastanza	abbastanza	_	_	_	_	_	linguistic	_	none	_	_	_	_	_	_
272-12	TO073	272	272	12	interrotto	interrotto	_	_	_	_	_	linguistic	_	none	_	_	_	_	_	_
272-13	TO073	272	272	13	perché	perché	_	_	_	_	_	linguistic	_	none	_	End=947.402	_	_	_	_
273-0	TO073	273	273	0	eh	eh	_	_	_	_	_	linguistic	_	none	_	Begin=947.51	_	_	_	_
273-1	TO073	273	273	1	c'	c'	_	_	_	_	_	linguistic	_	none	SpaceAfter=No	_	_	_	_	_
273-2	TO073	273	273	2	è	è	_	_	_	_	_	linguistic	_	none	_	_	_	_	_	_
273-3	TO073	273	273	3	stato	stato	_	_	_	_	_	linguistic	_	none	_	_	_	_	_	_
273-4	TO073	273	273	4	un	un	_	_	_	_	_	linguistic	_	none	PauseAfter=Yes	_	_	_	_	_
273-5	TO073	273	273	5	{P}	{P}	_	_	_	_	_	shortpause	_	none	_	_	_	_	_	_
273-6	TO073	273	273	6	conflitto	conflitto	_	_	_	_	_	linguistic	_	none	_	_	_	_	_	_
273-7	TO073	273	273	7	di	di	_	_	_	_	_	linguistic	_	none	_	_	_	_	_	_
273-8	TO073	273	273	8	interesse	interesse	_	_	_	_	_	linguistic	_	none	_	_	_	_	_	_
273-9	TO073	273	273	9	per	per	_	_	_	_	_	linguistic	_	none	_	_	_	_	_	_
273-10	TO073	273	273	10	un	un	_	_	_	_	_	linguistic	_	none	_	_	_	_	_	_
273-11	TO073	273	273	11	raga[zzo:]	ragazzo	_	_	_	_	_	linguistic	_	none	_	End=951.197	6x1	_	_	3-7(60)
274-0	TO071	274	274	0	[ah]	ah	_	_	_	_	_	linguistic	_	none	_	Begin=950.37	_	_	_	0-2(60)
274-1	TO071	274	274	1	okay	okay	_	_	_	_	_	linguistic	_	none	_	_	_	_	_	_
274-2	TO071	274	274	2	{ride}	{ride}	_	_	_	_	_	nonverbalbehavior	_	none	_	End=952.285	_	_	_	_
275-0	TO073	275	275	0	sì	sì	_	_	_	_	_	linguistic	_	none	_	Begin=952.285	_	_	_	_
275-1	TO073	275	275	1	eh	eh	_	_	_	_	_	linguistic	_	none	_	_	_	_	_	_
275-2	TO073	275	275	2	la	la	_	_	_	_	_	linguistic	_	none	_	_	_	_	_	_
275-3	TO073	275	275	3	cosa	cosa	_	_	_	_	_	linguistic	_	none	_	_	_	_	_	_
275-4	TO073	275	275	4	quindi	quindi	_	_	_	_	_	linguistic	_	none	_	_	_	_	_	_
275-5	TO073	275	275	5	è	è	_	_	_	_	_	linguistic	_	none	_	_	_	_	_	_
275-6	TO073	275	275	6	partita	partita	_	_	_	_	_	linguistic	_	none	PauseAfter=Yes	_	_	_	_	_
275-7	TO073	275	275	7	{P}	{P}	_	_	_	_	_	shortpause	_	none	_	_	_	_	_	_
275-8	TO073	275	275	8	molto	molto	_	_	_	_	_	linguistic	_	none	_	_	_	_	_	_
275-9	TO073	275	275	9	male	male	_	_	_	_	_	linguistic	_	none	_	_	_	_	_	_
275-10	TO073	275	275	10	devo	devo	_	_	_	_	_	linguistic	_	none	_	_	_	_	_	_
275-11	TO073	275	275	11	dire	dire	_	_	_	_	_	linguistic	_	none	_	_	_	_	_	_
275-12	TO073	275	275	12	molto	molto	_	_	_	_	_	linguistic	_	none	_	_	_	_	_	_
275-13	TO073	275	275	13	[male]	male	_	_	_	_	_	linguistic	_	none	_	End=955.921	_	_	_	0-4(61)
276-0	TO071	276	276	0	[sto]	sto	_	_	_	_	_	linguistic	_	none	_	Begin=955.459	_	_	_	0-3(61)
276-1	TO071	276	276	1	conflitto	conflitto	_	_	_	_	_	linguistic	_	none	_	_	_	_	_	_
276-2	TO071	276	276	2	chi	chi	_	_	_	_	_	linguistic	_	none	_	_	_	_	_	_
276-3	TO071	276	276	3	l'	l'	_	_	_	_	_	linguistic	_	none	SpaceAfter=No	_	_	_	_	_
276-4	TO071	276	276	4	ha	ha	_	_	_	_	_	linguistic	_	none	_	_	_	_	_	_
276-5	TO071	276	276	5	vinto	vinto	_	_	_	_	_	linguistic	_	none	_	_	_	_	_	_
276-6	TO071	276	276	6	alla	alla	_	_	_	_	_	linguistic	_	none	_	_	_	_	_	_
276-7	TO071	276	276	7	fine	fine	_	_	_	_	_	linguistic	_	none	PauseAfter=Yes	_	_	_	_	_
276-8	TO071	276	276	8	{P}	{P}	_	_	_	_	_	shortpause	_	none	_	_	_	_	_	_
276-9	TO071	276	276	9	(se)	se	_	_	_	_	_	linguistic	_	none	_	_	_	_	0-2(0)	_
276-10	TO071	276	276	10	si	si	_	_	_	_	_	linguistic	_	none	_	_	_	_	_	_
276-11	TO071	276	276	11	può	può	_	_	_	_	_	linguistic	_	none	_	_	_	_	_	_
276-12	TO071	276	276	12	dire	dire	_	_	_	_	_	linguistic	_	none	_	End=958.08	_	_	_	_
277-0	TO073	277	277	0	eh	eh	_	_	_	_	_	linguistic	_	none	_	Begin=958.087	_	_	_	_
277-1	TO073	277	277	1	sì	sì	_	_	_	_	_	linguistic	_	none	_	_	_	_	_	_
277-2	TO073	277	277	2	ma	ma	_	_	_	_	_	linguistic	_	none	_	_	_	_	_	_
277-3	TO073	277	277	3	in	in	_	_	_	_	_	linguistic	_	none	_	_	_	_	_	_
277-4	TO073	277	277	4	realtà	realtà	_	_	_	_	_	linguistic	_	none	_	_	_	_	_	_
277-5	TO073	277	277	5	[è	è	_	_	_	_	_	linguistic	_	none	_	_	_	_	_	0-1(62)
277-6	TO073	277	277	6	stato	stato	_	_	_	_	_	linguistic	_	none	_	_	_	_	_	0-5(62)
277-7	TO073	277	277	7	tutto	tutto	_	_	_	_	_	linguistic	_	none	_	_	_	_	_	0-5(62)
277-8	TO073	277	277	8	nel	nel	_	_	_	_	_	linguistic	_	none	_	_	_	_	_	0-3(62)
277-9	TO073	277	277	9	senso]	senso	_	_	_	_	_	linguistic	_	none	PauseAfter=Yes	_	_	_	_	0-5(62)
277-10	TO073	277	277	10	{P}	{P}	_	_	_	_	_	shortpause	_	none	_	_	_	_	_	_
277-11	TO073	277	277	11	no	no	_	_	_	_	_	linguistic	_	none	_	_	_	_	_	_
277-12	TO073	277	277	12	nel	nel	_	_	_	_	_	linguistic	_	none	_	_	_	_	_	_
277-13	TO073	277	277	13	senso	senso	_	_	_	_	_	linguistic	_	none	_	_	_	_	_	_
277-14	TO073	277	277	14	che	che	_	_	_	_	_	linguistic	_	none	_	End=961.83	_	_	_	_
278-0	TO071	278	278	0	[pareggio]?	pareggio	_	_	_	_	_	linguistic	_	none	Intonation=Rising	Begin=959.542|End=960.57	_	_	_	0-8(62)
279-0	TO073	279	279	0	ehm::	ehm	_	_	_	_	_	linguistic	_	none	_	Begin=961.881|End=963.136	2x2	_	_	_
280-0	TO073	280	280	0	sì	sì	_	_	_	_	_	linguistic	_	none	_	Begin=963.307	_	_	_	_
280-1	TO073	280	280	1	diciamo	diciamo	_	_	_	_	_	linguistic	_	none	_	_	_	_	_	_
280-2	TO073	280	280	2	che	che	_	_	_	_	_	linguistic	_	none	PauseAfter=Yes	_	_	_	_	_
280-3	TO073	280	280	3	{P}	{P}	_	_	_	_	_	shortpause	_	none	_	_	_	_	_	_
280-4	TO073	280	280	4	ma	ma	_	_	_	_	_	linguistic	_	none	_	_	_	_	_	_
280-5	TO073	280	280	5	neanche	neanche	_	_	_	_	_	linguistic	_	none	_	_	_	_	_	_
280-6	TO073	280	280	6	pareggio	pareggio	_	_	_	_	_	linguistic	_	none	_	_	_	_	_	_
280-7	TO073	280	280	7	(allora)	allora	_	_	_	_	_	linguistic	_	none	_	_	_	_	0-6(0)	_
280-8	TO073	280	280	8	diciamo	diciamo	_	_	_	_	_	linguistic	_	none	_	_	_	_	_	_
280-9	TO073	280	280	9	che	che	_	_	_	_	_	linguistic	_	none	PauseAfter=Yes	_	_	_	_	_
280-10	TO073	280	280	10	{P}	{P}	_	_	_	_	_	shortpause	_	none	_	_	_	_	_	_
280-11	TO073	280	280	11	ehm:	ehm	_	_	_	_	_	linguistic	_	none	_	End=967.327	2x1	_	_	_
281-0	TO073	281	281	0	io	io	_	_	_	_	_	linguistic	_	none	_	Begin=967.442	_	_	_	_
281-1	TO073	281	281	1	ho	ho	_	_	_	_	_	linguistic	_	none	_	_	_	_	_	_
281-2	TO073	281	281	2	presentato	presentato	_	_	_	_	_	linguistic	_	none	_	_	_	_	_	_
281-3	TO073	281	281	3	a	a	_	_	_	_	_	linguistic	_	none	_	_	_	_	_	_
281-4	TO073	281	281	4	lei	lei	_	_	_	_	_	linguistic	_	none	_	_	_	_	_	_
281-5	TO073	281	281	5	questo	questo	_	_	_	_	_	linguistic	_	none	_	_	_	_	_	_
281-6	TO073	281	281	6	ragazzo	ragazzo	_	_	_	_	_	linguistic	_	none	_	End=969.244	_	_	_	_
282-0	TO073	282	282	0	e:h	eh	_	_	_	_	_	linguistic	_	none	PauseAfter=Yes	Begin=969.415	0x1	_	_	_
282-1	TO073	282	282	1	{P}	{P}	_	_	_	_	_	shortpause	_	none	_	_	_	_	_	_
282-2	TO073	282	282	2	con	con	_	_	_	_	_	linguistic	_	none	_	_	_	_	_	_
282-3	TO073	282	282	3	questo	questo	_	_	_	_	_	linguistic	_	none	_	_	_	_	_	_
282-4	TO073	282	282	4	ragazzo	ragazzo	_	_	_	_	_	linguistic	_	none	PauseAfter=Yes	_	_	_	_	_
282-5	TO073	282	282	5	{P}	{P}	_	_	_	_	_	shortpause	_	none	_	_	_	_	_	_
282-6	TO073	282	282	6	c'	c'	_	_	_	_	_	linguistic	_	none	SpaceAfter=No	_	_	_	_	_
282-7	TO073	282	282	7	era	era	_	_	_	_	_	linguistic	_	none	_	_	_	_	_	_
282-8	TO073	282	282	8	un	un	_	_	_	_	_	linguistic	_	none	_	_	_	_	_	_
282-9	TO073	282	282	9	po'	po'	_	_	_	_	_	linguistic	_	none	_	_	_	_	_	_
282-10	TO073	282	282	10	di	di	_	_	_	_	_	linguistic	_	none	_	_	_	_	_	_
282-11	TO073	282	282	11	intesa	intesa	_	_	_	_	_	linguistic	_	none	_	_	_	_	_	_
282-12	TO073	282	282	12	niente	niente	_	_	_	_	_	linguistic	_	none	_	_	_	_	_	_
282-13	TO073	282	282	13	di	di	_	_	_	_	_	linguistic	_	none	PauseAfter=Yes	_	_	_	_	_
282-14	TO073	282	282	14	{P}	{P}	_	_	_	_	_	shortpause	_	none	_	_	_	_	_	_
282-15	TO073	282	282	15	particolare	particolare	_	_	_	_	_	linguistic	_	none	_	_	_	_	_	_
282-16	TO073	282	282	16	però	però	_	_	_	_	_	linguistic	_	none	_	_	_	_	_	_
282-17	TO073	282	282	17	ecco	ecco	_	_	_	_	_	linguistic	_	none	_	_	_	_	_	_
282-18	TO073	282	282	18	insomma	insomma	_	_	_	_	_	linguistic	_	none	_	_	_	_	_	_
282-19	TO073	282	282	19	diciamo	diciamo	_	_	_	_	_	linguistic	_	none	_	_	_	_	_	_
282-20	TO073	282	282	20	che	che	_	_	_	_	_	linguistic	_	none	_	End=975.55	_	_	_	_
283-0	TO073	283	283	0	m:h	mh	_	_	_	_	_	linguistic	_	none	_	Begin=975.713	0x1	_	_	_
283-1	TO073	283	283	1	tutti	tutti	_	_	_	_	_	linguistic	_	none	_	_	_	_	_	_
283-2	TO073	283	283	2	e	e	_	_	_	_	_	linguistic	_	none	_	_	_	_	_	_
283-3	TO073	283	283	3	due	due	_	_	_	_	_	linguistic	_	none	_	_	_	_	_	_
283-4	TO073	283	283	4	mostravamo	mostravamo	_	_	_	_	_	linguistic	_	none	_	_	_	_	_	_
283-5	TO073	283	283	5	interessi:	interessi	_	_	_	_	_	linguistic	_	none	_	_	8x1	_	_	_
283-6	TO073	283	283	6	interesse	interesse	_	_	_	_	_	linguistic	_	none	_	_	_	_	_	_
283-7	TO073	283	283	7	l'	l'	_	_	_	_	_	linguistic	_	none	SpaceAfter=No	_	_	_	_	_
283-8	TO073	283	283	8	un	un	_	_	_	_	_	linguistic	_	none	_	_	_	_	_	_
283-9	TO073	283	283	9	l'	l'	_	_	_	_	_	linguistic	_	none	SpaceAfter=No	_	_	_	_	_
283-10	TO073	283	283	10	altro	altro	_	_	_	_	_	linguistic	_	none	_	End=979.485	_	_	_	_
284-0	TO073	284	284	0	ehm	ehm	_	_	_	_	_	linguistic	_	none	PauseAfter=Yes	Begin=979.555	_	_	_	_
284-1	TO073	284	284	1	{P}	{P}	_	_	_	_	_	shortpause	_	none	_	_	_	_	_	_
284-2	TO073	284	284	2	alla	alla	_	_	_	_	_	linguistic	_	none	_	_	_	_	_	_
284-3	TO073	284	284	3	fine	fine	_	_	_	_	_	linguistic	_	none	PauseAfter=Yes	_	_	_	_	_
284-4	TO073	284	284	4	{P}	{P}	_	_	_	_	_	shortpause	_	none	_	_	_	_	_	_
284-5	TO073	284	284	5	dopo	dopo	_	_	_	_	_	linguistic	_	none	_	_	_	_	_	_
284-6	TO073	284	284	6	pochi	pochi	_	_	_	_	_	linguistic	_	none	_	_	_	_	_	_
284-7	TO073	284	284	7	giorni	giorni	_	_	_	_	_	linguistic	_	none	_	_	_	_	_	_
284-8	TO073	284	284	8	che	che	_	_	_	_	_	linguistic	_	none	_	_	_	_	_	_
284-9	TO073	284	284	9	che	che	_	_	_	_	_	linguistic	_	none	_	_	_	_	_	_
284-10	TO073	284	284	10	lei	lei	_	_	_	_	_	linguistic	_	none	_	_	_	_	_	_
284-11	TO073	284	284	11	era	era	_	_	_	_	_	linguistic	_	none	_	_	_	_	_	_
284-12	TO073	284	284	12	lì	lì	_	_	_	_	_	linguistic	_	none	PauseAfter=Yes	_	_	_	_	_
284-13	TO073	284	284	13	{P}	{P}	_	_	_	_	_	shortpause	_	none	_	_	_	_	_	_
284-14	TO073	284	284	14	ehm:	ehm	_	_	_	_	_	linguistic	_	none	_	End=985.48	2x1	_	_	_
285-0	TO073	285	285	0	sembrava	sembrava	_	_	_	_	_	linguistic	_	none	_	Begin=985.56	_	_	_	_
285-1	TO073	285	285	1	che	che	_	_	_	_	_	linguistic	_	none	_	_	_	_	_	_
285-2	TO073	285	285	2	mh	mh	_	_	_	_	_	linguistic	_	none	_	_	_	_	_	_
285-3	TO073	285	285	3	avessi	avessi	_	_	_	_	_	linguistic	_	none	PauseAfter=Yes	_	_	_	_	_
285-4	TO073	285	285	4	{P}	{P}	_	_	_	_	_	shortpause	_	none	_	_	_	_	_	_
285-5	TO073	285	285	5	guadagnato	guadagnato	_	_	_	_	_	linguistic	_	none	_	_	_	_	_	_
285-6	TO073	285	285	6	una	una	_	_	_	_	_	linguistic	_	none	_	_	_	_	_	_
285-7	TO073	285	285	7	posizione	posizione	_	_	_	_	_	linguistic	_	none	_	_	_	_	_	_
285-8	TO073	285	285	8	di	di	_	_	_	_	_	linguistic	_	none	_	_	_	_	_	_
285-9	TO073	285	285	9	van[taggio	vantaggio	_	_	_	_	_	linguistic	_	none	_	_	_	_	_	3-9(63)
285-10	TO073	285	285	10	ecco	ecco	_	_	_	_	_	linguistic	_	none	_	_	_	_	_	0-4(63)
285-11	TO073	285	285	11	(mettiam~)]	mettiam~	_	_	_	_	_	linguistic	_	none	Interrupted=Yes	_	_	_	0-8(0)	0-8(63)
285-12	TO073	285	285	12	{ride}	{ride}	_	_	_	_	_	nonverbalbehavior	_	none	_	_	_	_	_	_
285-13	TO073	285	285	13	mettiamola	mettiamola	_	_	_	_	_	linguistic	_	none	_	_	_	_	_	_
285-14	TO073	285	285	14	così	così	_	_	_	_	_	linguistic	_	none	_	End=991.388	_	_	_	_
286-0	TO071	286	286	0	[mh	mh	_	_	_	_	_	linguistic	_	none	_	Begin=989.05	_	_	_	0-2(63)
286-1	TO071	286	286	1	mh]	mh	_	_	_	_	_	linguistic	_	none	_	End=989.842	_	_	_	0-2(63)
287-0	TO073	287	287	0	eh	eh	_	_	_	_	_	linguistic	_	none	_	Begin=991.388	_	_	_	_
287-1	TO073	287	287	1	d~	d~	_	_	_	_	_	linguistic	_	none	Interrupted=Yes|PauseAfter=Yes	_	_	_	_	_
287-2	TO073	287	287	2	{P}	{P}	_	_	_	_	_	shortpause	_	none	_	_	_	_	_	_
287-3	TO073	287	287	3	in	in	_	_	_	_	_	linguistic	_	none	_	_	_	_	_	_
287-4	TO073	287	287	4	conseguenza	conseguenza	_	_	_	_	_	linguistic	_	none	_	_	_	_	_	_
287-5	TO073	287	287	5	a	a	_	_	_	_	_	linguistic	_	none	_	_	_	_	_	_
287-6	TO073	287	287	6	una	una	_	_	_	_	_	linguistic	_	none	_	_	_	_	_	_
287-7	TO073	287	287	7	serata	serata	_	_	_	_	_	linguistic	_	none	PauseAfter=Yes	_	_	_	_	_
287-8	TO073	287	287	8	{P}	{P}	_	_	_	_	_	shortpause	_	none	_	_	_	_	_	_
287-9	TO073	287	287	9	molto	molto	_	_	_	_	_	linguistic	_	none	PauseAfter=Yes	_	_	_	_	_
287-10	TO073	287	287	10	{P}	{P}	_	_	_	_	_	shortpause	_	none	_	_	_	_	_	_
287-11	TO073	287	287	11	di	di	_	_	_	_	_	linguistic	_	none	_	_	_	_	_	_
287-12	TO073	287	287	12	festa	festa	_	_	_	_	_	linguistic	_	none	_	_	_	_	_	_
287-13	TO073	287	287	13	ecco	ecco	_	_	_	_	_	linguistic	_	none	_	_	_	_	_	_
287-14	TO073	287	287	14	[mettiamo	mettiamo	_	_	_	_	_	linguistic	_	none	_	_	_	_	_	0-8(64)
287-15	TO073	287	287	15	così]	così	_	_	_	_	_	linguistic	_	none	_	End=996.871	_	_	_	0-4(64)
288-0	TO071	288	288	0	[ecco]	ecco	_	_	_	_	_	linguistic	_	none	_	Begin=995.61	_	_	_	0-4(64)
288-1	TO071	288	288	1	{ride}	{ride}	_	_	_	_	_	nonverbalbehavior	_	none	_	End=996.354	_	_	_	_
289-0	TO073	289	289	0	ehm	ehm	_	_	_	_	_	linguistic	_	none	_	Begin=996.871|End=998.134	_	_	_	_
290-0	TO073	290	290	0	però	però	_	_	_	_	_	linguistic	_	none	_	Begin=998.187	_	_	_	_
290-1	TO073	290	290	1	poi	poi	_	_	_	_	_	linguistic	_	none	_	_	_	_	_	_
290-2	TO073	290	290	2	in	in	_	_	_	_	_	linguistic	_	none	_	_	_	_	_	_
290-3	TO073	290	290	3	realtà	realtà	_	_	_	_	_	linguistic	_	none	_	_	_	_	_	_
290-4	TO073	290	290	4	le	le	_	_	_	_	_	linguistic	_	none	_	_	_	_	_	_
290-5	TO073	290	290	5	cose	cose	_	_	_	_	_	linguistic	_	none	_	_	_	_	_	_
290-6	TO073	290	290	6	s~	s~	_	_	_	_	_	linguistic	_	none	Interrupted=Yes|PauseAfter=Yes	_	_	_	_	_
290-7	TO073	290	290	7	{P}	{P}	_	_	_	_	_	shortpause	_	none	_	_	_	_	_	_
290-8	TO073	290	290	8	si	si	_	_	_	_	_	linguistic	_	none	_	_	_	_	_	_
290-9	TO073	290	290	9	sono	sono	_	_	_	_	_	linguistic	_	none	PauseAfter=Yes	_	_	_	_	_
290-10	TO073	290	290	10	{P}	{P}	_	_	_	_	_	shortpause	_	none	_	_	_	_	_	_
290-11	TO073	290	290	11	un	un	_	_	_	_	_	linguistic	_	none	_	_	_	_	_	_
290-12	TO073	290	290	12	po'	po'	_	_	_	_	_	linguistic	_	none	_	_	_	_	_	_
290-13	TO073	290	290	13	ro~	ro~	_	_	_	_	_	linguistic	_	none	Interrupted=Yes	_	_	_	_	_
290-14	TO073	290	290	14	rovesciate	rovesciate	_	_	_	_	_	linguistic	_	none	_	_	_	_	_	_
290-15	TO073	290	290	15	perché	perché	_	_	_	_	_	linguistic	_	none	_	_	_	_	_	_
290-16	TO073	290	290	16	poi	poi	_	_	_	_	_	linguistic	_	none	_	_	_	_	_	_
290-17	TO073	290	290	17	ci	ci	_	_	_	_	_	linguistic	_	none	_	_	_	_	_	_
290-18	TO073	290	290	18	son	son	_	_	_	_	_	linguistic	_	none	_	_	_	_	_	_
290-19	TO073	290	290	19	state	state	_	_	_	_	_	linguistic	_	none	_	_	_	_	_	_
290-20	TO073	290	290	20	un	un	_	_	_	_	_	linguistic	_	none	_	_	_	_	_	_
290-21	TO073	290	290	21	po'	po'	_	_	_	_	_	linguistic	_	none	_	_	_	_	_	_
290-22	TO073	290	290	22	di	di	_	_	_	_	_	linguistic	_	none	PauseAfter=Yes	_	_	_	_	_
290-23	TO073	290	290	23	{P}	{P}	_	_	_	_	_	shortpause	_	none	_	_	_	_	_	_
290-24	TO073	290	290	24	mh	mh	_	_	_	_	_	linguistic	_	none	_	End=1004.173	_	_	_	_
291-0	TO073	291	291	0	screzi	screzi	_	_	_	_	_	linguistic	_	none	_	Begin=1004.299	_	_	_	_
291-1	TO073	291	291	1	tra	tra	_	_	_	_	_	linguistic	_	none	_	_	_	_	_	_
291-2	TO073	291	291	2	me	me	_	_	_	_	_	linguistic	_	none	_	_	_	_	_	_
291-3	TO073	291	291	3	e	e	_	_	_	_	_	linguistic	_	none	_	_	_	_	_	_
291-4	TO073	291	291	4	questo	questo	_	_	_	_	_	linguistic	_	none	_	_	_	_	_	_
291-5	TO073	291	291	5	ragazzo	ragazzo	_	_	_	_	_	linguistic	_	none	_	_	_	_	_	_
291-6	TO073	291	291	6	e	e	_	_	_	_	_	linguistic	_	none	_	_	_	_	_	_
291-7	TO073	291	291	7	alla	alla	_	_	_	_	_	linguistic	_	none	_	_	_	_	_	_
291-8	TO073	291	291	8	fine	fine	_	_	_	_	_	linguistic	_	none	_	_	_	_	_	_
291-9	TO073	291	291	9	ci	ci	_	_	_	_	_	linguistic	_	none	_	_	_	_	_	_
291-10	TO073	291	291	10	siamo	siamo	_	_	_	_	_	linguistic	_	none	_	_	_	_	_	_
291-11	TO073	291	291	11	molto	molto	_	_	_	_	_	linguistic	_	none	_	_	_	_	_	_
291-12	TO073	291	291	12	allontanati	allontanati	_	_	_	_	_	linguistic	_	none	_	_	_	_	_	_
291-13	TO073	291	291	13	abbiamo	abbiamo	_	_	_	_	_	linguistic	_	none	_	_	_	_	_	_
291-14	TO073	291	291	14	iniziato	iniziato	_	_	_	_	_	linguistic	_	none	_	_	_	_	_	_
291-15	TO073	291	291	15	l'	l'	_	_	_	_	_	linguistic	_	none	SpaceAfter=No	_	_	_	_	_
291-16	TO073	291	291	16	erasmus	erasmus	_	_	_	_	_	linguistic	_	none	_	_	_	_	_	_
291-17	TO073	291	291	17	molto	molto	_	_	_	_	_	linguistic	_	none	_	End=1009.456	_	_	_	_
292-0	TO073	292	292	0	eh	eh	_	_	_	_	_	linguistic	_	none	_	Begin=1009.646	_	_	_	_
292-1	TO073	292	292	1	molto	molto	_	_	_	_	_	linguistic	_	none	_	_	_	_	_	_
292-2	TO073	292	292	2	uniti	uniti	_	_	_	_	_	linguistic	_	none	_	_	_	_	_	_
292-3	TO073	292	292	3	ma	ma	_	_	_	_	_	linguistic	_	none	_	_	_	_	_	_
292-4	TO073	292	292	4	proprio	proprio	_	_	_	_	_	linguistic	_	none	_	_	_	_	_	_
292-5	TO073	292	292	5	dal	dal	_	_	_	_	_	linguistic	_	none	_	_	_	_	_	_
292-6	TO073	292	292	6	punto	punto	_	_	_	_	_	linguistic	_	none	_	_	_	_	_	_
292-7	TO073	292	292	7	di	di	_	_	_	_	_	linguistic	_	none	_	_	_	_	_	_
292-8	TO073	292	292	8	vista	vista	_	_	_	_	_	linguistic	_	none	PauseAfter=Yes	_	_	_	_	_
292-9	TO073	292	292	9	{P}	{P}	_	_	_	_	_	shortpause	_	none	_	_	_	_	_	_
292-10	TO073	292	292	10	anche	anche	_	_	_	_	_	linguistic	_	none	_	_	_	_	_	_
292-11	TO073	292	292	11	amicale	amicale	_	_	_	_	_	linguistic	_	none	_	_	_	_	_	_
292-12	TO073	292	292	12	nel	nel	_	_	_	_	_	linguistic	_	none	_	_	_	_	_	_
292-13	TO073	292	292	13	senso	senso	_	_	_	_	_	linguistic	_	none	_	_	_	_	_	_
292-14	TO073	292	292	14	che	che	_	_	_	_	_	linguistic	_	none	_	_	_	_	_	_
292-15	TO073	292	292	15	uscivamo	uscivamo	_	_	_	_	_	linguistic	_	none	_	_	_	_	_	_
292-16	TO073	292	292	16	tantissimo	tantissimo	_	_	_	_	_	linguistic	_	none	_	_	_	_	_	_
292-17	TO073	292	292	17	insieme	insieme	_	_	_	_	_	linguistic	_	none	_	End=1014.604	_	_	_	_
293-0	TO073	293	293	0	eh	eh	_	_	_	_	_	linguistic	_	none	PauseAfter=Yes	Begin=1014.794	_	_	_	_
293-1	TO073	293	293	1	{P}	{P}	_	_	_	_	_	shortpause	_	none	_	_	_	_	_	_
293-2	TO073	293	293	2	proprio	proprio	_	_	_	_	_	linguistic	_	none	_	_	_	_	_	_
293-3	TO073	293	293	3	anche	anche	_	_	_	_	_	linguistic	_	none	_	_	_	_	_	_
293-4	TO073	293	293	4	nello	nello	_	_	_	_	_	linguistic	_	none	_	_	_	_	_	_
293-5	TO073	293	293	5	stesso	stesso	_	_	_	_	_	linguistic	_	none	_	_	_	_	_	_
293-6	TO073	293	293	6	gruppo	gruppo	_	_	_	_	_	linguistic	_	none	_	_	_	_	_	_
293-7	TO073	293	293	7	facendo	facendo	_	_	_	_	_	linguistic	_	none	_	_	_	_	_	_
293-8	TO073	293	293	8	tantissime	tantissime	_	_	_	_	_	linguistic	_	none	_	_	_	_	_	_
293-9	TO073	293	293	9	cose	cose	_	_	_	_	_	linguistic	_	none	_	_	_	_	_	_
293-10	TO073	293	293	10	insieme	insieme	_	_	_	_	_	linguistic	_	none	PauseAfter=Yes	_	_	_	_	_
293-11	TO073	293	293	11	{P}	{P}	_	_	_	_	_	shortpause	_	none	_	_	_	_	_	_
293-12	TO073	293	293	12	lui	lui	_	_	_	_	_	linguistic	_	none	_	_	_	_	_	_
293-13	TO073	293	293	13	eh	eh	_	_	_	_	_	linguistic	_	none	_	_	_	_	_	_
293-14	TO073	293	293	14	viveva	viveva	_	_	_	_	_	linguistic	_	none	_	_	_	_	_	_
293-15	TO073	293	293	15	in	in	_	_	_	_	_	linguistic	_	none	_	_	_	_	_	_
293-16	TO073	293	293	16	una	una	_	_	_	_	_	linguistic	_	none	_	_	_	_	_	_
293-17	TO073	293	293	17	casa	casa	_	_	_	_	_	linguistic	_	none	_	_	_	_	_	_
293-18	TO073	293	293	18	con	con	_	_	_	_	_	linguistic	_	none	_	_	_	_	_	_
293-19	TO073	293	293	19	un	un	_	_	_	_	_	linguistic	_	none	_	End=1020.608	_	_	_	_
294-0	TO073	294	294	0	con	con	_	_	_	_	_	linguistic	_	none	_	Begin=1020.716	_	_	_	_
294-1	TO073	294	294	1	suo	suo	_	_	_	_	_	linguistic	_	none	_	_	_	_	_	_
294-2	TO073	294	294	2	padrone	padrone	_	_	_	_	_	linguistic	_	none	_	_	_	_	_	_
294-3	TO073	294	294	3	di	di	_	_	_	_	_	linguistic	_	none	_	_	_	_	_	_
294-4	TO073	294	294	4	casa	casa	_	_	_	_	_	linguistic	_	none	_	_	_	_	_	_
294-5	TO073	294	294	5	che	che	_	_	_	_	_	linguistic	_	none	_	_	_	_	_	_
294-6	TO073	294	294	6	era	era	_	_	_	_	_	linguistic	_	none	_	_	_	_	_	_
294-7	TO073	294	294	7	un	un	_	_	_	_	_	linguistic	_	none	_	_	_	_	_	_
294-8	TO073	294	294	8	quarantenne	quarantenne	_	_	_	_	_	linguistic	_	none	_	End=1023.121	_	_	_	_
295-0	TO073	295	295	0	perché	perché	_	_	_	_	_	linguistic	_	none	_	Begin=1023.453	_	_	_	_
295-1	TO073	295	295	1	>diceva	diceva	_	_	_	_	_	linguistic	_	none	_	_	_	Fast=0-6(0)	_	_
295-2	TO073	295	295	2	che	che	_	_	_	_	_	linguistic	_	none	_	_	_	Fast=0-3(0)	_	_
295-3	TO073	295	295	3	altrimenti	altrimenti	_	_	_	_	_	linguistic	_	none	_	_	_	Fast=0-10(0)	_	_
295-4	TO073	295	295	4	non	non	_	_	_	_	_	linguistic	_	none	_	_	_	Fast=0-3(0)	_	_
295-5	TO073	295	295	5	si	si	_	_	_	_	_	linguistic	_	none	_	_	_	Fast=0-2(0)	_	_
295-6	TO073	295	295	6	sarebbe	sarebbe	_	_	_	_	_	linguistic	_	none	_	_	_	Fast=0-7(0)	_	_
295-7	TO073	295	295	7	mai	mai	_	_	_	_	_	linguistic	_	none	_	_	_	Fast=0-3(0)	_	_
295-8	TO073	295	295	8	dato	dato	_	_	_	_	_	linguistic	_	none	_	_	_	Fast=0-4(0)	_	_
295-9	TO073	295	295	9	una	una	_	_	_	_	_	linguistic	_	none	_	_	_	Fast=0-3(0)	_	_
295-10	TO073	295	295	10	regolata	regolata	_	_	_	_	_	linguistic	_	none	_	_	_	Fast=0-8(0)	_	_
295-11	TO073	295	295	11	a	a	_	_	_	_	_	linguistic	_	none	_	_	_	Fast=0-1(0)	_	_
295-12	TO073	295	295	12	viver	viver	_	_	_	_	_	linguistic	_	none	_	_	_	Fast=0-5(0)	_	_
295-13	TO073	295	295	13	con	con	_	_	_	_	_	linguistic	_	none	_	_	_	Fast=0-3(0)	_	_
295-14	TO073	295	295	14	dei	dei	_	_	_	_	_	linguistic	_	none	_	_	_	Fast=0-3(0)	_	_
295-15	TO073	295	295	15	ragazzi	ragazzi	_	_	_	_	_	linguistic	_	none	_	_	_	Fast=0-7(0)	_	_
295-16	TO073	295	295	16	avrebbe	avrebbe	_	_	_	_	_	linguistic	_	none	_	_	_	Fast=0-7(0)	_	_
295-17	TO073	295	295	17	fatto	fatto	_	_	_	_	_	linguistic	_	none	_	_	_	Fast=0-5(0)	_	_
295-18	TO073	295	295	18	una	una	_	_	_	_	_	linguistic	_	none	_	_	_	Fast=0-3(0)	_	_
295-19	TO073	295	295	19	vita	vita	_	_	_	_	_	linguistic	_	none	_	_	_	Fast=0-4(0)	_	_
295-20	TO073	295	295	20	eccessivamente	eccessivamente	_	_	_	_	_	linguistic	_	none	_	_	_	Fast=0-14(0)	_	_
295-21	TO073	295	295	21	smodata<	smodata	_	_	_	_	_	linguistic	_	none	_	End=1028.887	_	Fast=0-7(0)	_	_
296-0	TO073	296	296	0	e	e	_	_	_	_	_	linguistic	_	none	_	Begin=1029.204	_	_	_	_
296-1	TO073	296	296	1	quindi	quindi	_	_	_	_	_	linguistic	_	none	_	_	_	_	_	_
296-2	TO073	296	296	2	ha	ha	_	_	_	_	_	linguistic	_	none	_	_	_	_	_	_
296-3	TO073	296	296	3	preferito	preferito	_	_	_	_	_	linguistic	_	none	_	_	_	_	_	_
296-4	TO073	296	296	4	foc~	foc~	_	_	_	_	_	linguistic	_	none	Interrupted=Yes	_	_	_	_	_
296-5	TO073	296	296	5	con~	con~	_	_	_	_	_	linguistic	_	none	Interrupted=Yes	_	_	_	_	_
296-6	TO073	296	296	6	>prendere	prendere	_	_	_	_	_	linguistic	_	none	_	_	_	Fast=0-8(0)	_	_
296-7	TO073	296	296	7	questa	questa	_	_	_	_	_	linguistic	_	none	_	_	_	Fast=0-6(0)	_	_
296-8	TO073	296	296	8	scelta	scelta	_	_	_	_	_	linguistic	_	none	_	_	_	Fast=0-6(0)	_	_
296-9	TO073	296	296	9	anche	anche	_	_	_	_	_	linguistic	_	none	_	_	_	Fast=0-5(0)	_	_
296-10	TO073	296	296	10	per	per	_	_	_	_	_	linguistic	_	none	_	_	_	Fast=0-3(0)	_	_
296-11	TO073	296	296	11	riuscire	riuscire	_	_	_	_	_	linguistic	_	none	_	_	_	Fast=0-8(0)	_	_
296-12	TO073	296	296	12	a	a	_	_	_	_	_	linguistic	_	none	_	_	_	Fast=0-1(0)	_	_
296-13	TO073	296	296	13	dare	dare	_	_	_	_	_	linguistic	_	none	_	_	_	Fast=0-4(0)	_	_
296-14	TO073	296	296	14	gli	gli	_	_	_	_	_	linguistic	_	none	_	_	_	Fast=0-3(0)	_	_
296-15	TO073	296	296	15	esami	esami	_	_	_	_	_	linguistic	_	none	_	_	_	Fast=0-5(0)	_	_
296-16	TO073	296	296	16	perché	perché	_	_	_	_	_	linguistic	_	none	_	_	_	Fast=0-6(0)	_	_
296-17	TO073	296	296	17	lui	lui	_	_	_	_	_	linguistic	_	none	_	_	_	Fast=0-3(0)	_	_
296-18	TO073	296	296	18	[era	era	_	_	_	_	_	linguistic	_	none	_	_	_	Fast=0-3(0)	_	0-3(65)
296-19	TO073	296	296	19	prossimo]	prossimo	_	_	_	_	_	linguistic	_	none	_	_	_	Fast=0-8(0)	_	0-8(65)
296-20	TO073	296	296	20	alla	alla	_	_	_	_	_	linguistic	_	none	_	_	_	Fast=0-4(0)	_	_
296-21	TO073	296	296	21	laurea<	laurea	_	_	_	_	_	linguistic	_	none	_	End=1035.069	_	Fast=0-6(0)	_	_
297-0	TO071	297	297	0	[certo]	certo	_	_	_	_	_	linguistic	_	none	_	Begin=1033.69|End=1034.21	_	_	_	0-5(65)
298-0	TO073	298	298	0	>e	e	_	_	_	_	_	linguistic	_	none	_	Begin=1035.752	_	Fast=0-1(0)	_	_
298-1	TO073	298	298	1	quindi	quindi	_	_	_	_	_	linguistic	_	none	_	_	_	Fast=0-6(0)	_	_
298-2	TO073	298	298	2	diciamo	diciamo	_	_	_	_	_	linguistic	_	none	_	_	_	Fast=0-7(0)	_	_
298-3	TO073	298	298	3	che	che	_	_	_	_	_	linguistic	_	none	_	_	_	Fast=0-3(0)	_	_
298-4	TO073	298	298	4	il	il	_	_	_	_	_	linguistic	_	none	_	_	_	Fast=0-2(0)	_	_
298-5	TO073	298	298	5	primo	primo	_	_	_	_	_	linguistic	_	none	_	_	_	Fast=0-5(0)	_	_
298-6	TO073	298	298	6	mese	mese	_	_	_	_	_	linguistic	_	none	_	_	_	Fast=0-4(0)	_	_
298-7	TO073	298	298	7	ha	ha	_	_	_	_	_	linguistic	_	none	_	_	_	Fast=0-2(0)	_	_
298-8	TO073	298	298	8	vissuto	vissuto	_	_	_	_	_	linguistic	_	none	_	_	_	Fast=0-7(0)	_	_
298-9	TO073	298	298	9	sempre	sempre	_	_	_	_	_	linguistic	_	none	_	_	_	Fast=0-6(0)	_	_
298-10	TO073	298	298	10	a	a	_	_	_	_	_	linguistic	_	none	_	_	_	Fast=0-1(0)	_	_
298-11	TO073	298	298	11	casa	casa	_	_	_	_	_	linguistic	_	none	_	_	_	Fast=0-4(0)	_	_
298-12	TO073	298	298	12	nostra	nostra	_	_	_	_	_	linguistic	_	none	_	_	_	Fast=0-6(0)	_	_
298-13	TO073	298	298	13	era	era	_	_	_	_	_	linguistic	_	none	_	_	_	Fast=0-3(0)	_	_
298-14	TO073	298	298	14	sempre<	sempre	_	_	_	_	_	linguistic	_	none	_	_	_	Fast=0-6(0)	_	_
298-15	TO073	298	298	15	noi	noi	_	_	_	_	_	linguistic	_	none	_	_	_	_	_	_
298-16	TO073	298	298	16	dormire	dormire	_	_	_	_	_	linguistic	_	none	_	_	_	_	_	_
298-17	TO073	298	298	17	mangiare:	mangiare	_	_	_	_	_	linguistic	_	none	_	_	7x1	_	_	_
298-18	TO073	298	298	18	bere:	bere	_	_	_	_	_	linguistic	_	none	_	_	3x1	_	_	_
298-19	TO073	298	298	19	andare	andare	_	_	_	_	_	linguistic	_	none	_	_	_	_	_	_
298-20	TO073	298	298	20	in	in	_	_	_	_	_	linguistic	_	none	_	_	_	_	_	_
298-21	TO073	298	298	21	bagno	bagno	_	_	_	_	_	linguistic	_	none	_	_	_	_	_	_
298-22	TO073	298	298	22	tutto	tutto	_	_	_	_	_	linguistic	_	none	_	_	_	_	_	_
298-23	TO073	298	298	23	da	da	_	_	_	_	_	linguistic	_	none	_	_	_	_	_	_
298-24	TO073	298	298	24	noi	noi	_	_	_	_	_	linguistic	_	none	_	End=1042.045	_	_	_	_
299-0	TO073	299	299	0	da	da	_	_	_	_	_	linguistic	_	none	_	Begin=1042.146	_	_	_	_
299-1	TO073	299	299	1	lì	lì	_	_	_	_	_	linguistic	_	none	_	_	_	_	_	_
299-2	TO073	299	299	2	poi	poi	_	_	_	_	_	linguistic	_	none	_	_	_	_	_	_
299-3	TO073	299	299	3	le	le	_	_	_	_	_	linguistic	_	none	_	_	_	_	_	_
299-4	TO073	299	299	4	cose	cose	_	_	_	_	_	linguistic	_	none	_	_	_	_	_	_
299-5	TO073	299	299	5	ecco	ecco	_	_	_	_	_	linguistic	_	none	_	_	_	_	_	_
299-6	TO073	299	299	6	do~	do~	_	_	_	_	_	linguistic	_	none	Interrupted=Yes	_	_	_	_	_
299-7	TO073	299	299	7	dopo	dopo	_	_	_	_	_	linguistic	_	none	_	_	_	_	_	_
299-8	TO073	299	299	8	d~	d~	_	_	_	_	_	linguistic	_	none	Interrupted=Yes	_	_	_	_	_
299-9	TO073	299	299	9	dopo	dopo	_	_	_	_	_	linguistic	_	none	_	_	_	_	_	_
299-10	TO073	299	299	10	gli	gli	_	_	_	_	_	linguistic	_	none	_	_	_	_	_	_
299-11	TO073	299	299	11	screzi	screzi	_	_	_	_	_	linguistic	_	none	_	_	_	_	_	_
299-12	TO073	299	299	12	vari	vari	_	_	_	_	_	linguistic	_	none	_	_	_	_	_	_
299-13	TO073	299	299	13	le	le	_	_	_	_	_	linguistic	_	none	_	_	_	_	_	_
299-14	TO073	299	299	14	cose	cose	_	_	_	_	_	linguistic	_	none	_	_	_	_	_	_
299-15	TO073	299	299	15	si	si	_	_	_	_	_	linguistic	_	none	_	_	_	_	_	_
299-16	TO073	299	299	16	sono	sono	_	_	_	_	_	linguistic	_	none	_	_	_	_	_	_
299-17	TO073	299	299	17	molto	molto	_	_	_	_	_	linguistic	_	none	_	_	_	_	_	_
299-18	TO073	299	299	18	molto	molto	_	_	_	_	_	linguistic	_	none	_	_	_	_	_	_
299-19	TO073	299	299	19	ap~	ap~	_	_	_	_	_	linguistic	_	none	Interrupted=Yes	_	_	_	_	_
299-20	TO073	299	299	20	mh	mh	_	_	_	_	_	linguistic	_	none	PauseAfter=Yes	_	_	_	_	_
299-21	TO073	299	299	21	{P}	{P}	_	_	_	_	_	shortpause	_	none	_	_	_	_	_	_
299-22	TO073	299	299	22	eh	eh	_	_	_	_	_	linguistic	_	none	_	End=1048.877	_	_	_	_
300-0	TO073	300	300	0	non	non	_	_	_	_	_	linguistic	_	none	_	Begin=1048.88	_	_	_	_
300-1	TO073	300	300	1	lo	lo	_	_	_	_	_	linguistic	_	none	_	_	_	_	_	_
300-2	TO073	300	300	2	so:	so	_	_	_	_	_	linguistic	_	none	_	_	1x1	_	_	_
300-3	TO073	300	300	3	non	non	_	_	_	_	_	linguistic	_	none	_	_	_	_	_	_
300-4	TO073	300	300	4	so	so	_	_	_	_	_	linguistic	_	none	_	_	_	_	_	_
300-5	TO073	300	300	5	neanche	neanche	_	_	_	_	_	linguistic	_	none	_	_	_	_	_	_
300-6	TO073	300	300	6	come	come	_	_	_	_	_	linguistic	_	none	_	_	_	_	_	_
300-7	TO073	300	300	7	dire	dire	_	_	_	_	_	linguistic	_	none	_	_	_	_	_	_
300-8	TO073	300	300	8	ecco	ecco	_	_	_	_	_	linguistic	_	none	_	_	_	_	_	_
300-9	TO073	300	300	9	ci	ci	_	_	_	_	_	linguistic	_	none	_	_	_	_	_	_
300-10	TO073	300	300	10	siamo	siamo	_	_	_	_	_	linguistic	_	none	_	_	_	_	_	_
300-11	TO073	300	300	11	abbastanza	abbastanza	_	_	_	_	_	linguistic	_	none	_	_	_	_	_	_
300-12	TO073	300	300	12	allontanati	allontanati	_	_	_	_	_	linguistic	_	none	_	End=1052.272	_	_	_	_
301-0	TO073	301	301	0	e:h	eh	_	_	_	_	_	linguistic	_	none	PauseAfter=Yes	Begin=1052.343	0x1	_	_	_
301-1	TO073	301	301	1	{P}	{P}	_	_	_	_	_	shortpause	_	none	_	_	_	_	_	_
301-2	TO073	301	301	2	mentre	mentre	_	_	_	_	_	linguistic	_	none	_	_	_	_	_	_
301-3	TO073	301	301	3	lui	lui	_	_	_	_	_	linguistic	_	none	_	_	_	_	_	_
301-4	TO073	301	301	4	e	e	_	_	_	_	_	linguistic	_	none	_	_	_	_	_	_
301-5	TO073	301	301	5	clara	clara	_	_	_	_	_	linguistic	_	none	_	_	_	_	_	_
301-6	TO073	301	301	6	hanno	hanno	_	_	_	_	_	linguistic	_	none	_	_	_	_	_	_
301-7	TO073	301	301	7	sempre:	sempre	_	_	_	_	_	linguistic	_	none	PauseAfter=Yes	_	5x1	_	_	_
301-8	TO073	301	301	8	{P}	{P}	_	_	_	_	_	shortpause	_	none	_	_	_	_	_	_
301-9	TO073	301	301	9	>continuato	continuato	_	_	_	_	_	linguistic	_	none	_	_	_	Fast=0-10(0)	_	_
301-10	TO073	301	301	10	ad	ad	_	_	_	_	_	linguistic	_	none	_	_	_	Fast=0-2(0)	_	_
301-11	TO073	301	301	11	avere	avere	_	_	_	_	_	linguistic	_	none	_	_	_	Fast=0-5(0)	_	_
301-12	TO073	301	301	12	un	un	_	_	_	_	_	linguistic	_	none	_	_	_	Fast=0-2(0)	_	_
301-13	TO073	301	301	13	rapporto	rapporto	_	_	_	_	_	linguistic	_	none	_	_	_	Fast=0-8(0)	_	_
301-14	TO073	301	301	14	molto	molto	_	_	_	_	_	linguistic	_	none	_	_	_	Fast=0-5(0)	_	_
301-15	TO073	301	301	15	buono	buono	_	_	_	_	_	linguistic	_	none	_	_	_	Fast=0-5(0)	_	_
301-16	TO073	301	301	16	per	per	_	_	_	_	_	linguistic	_	none	_	_	_	Fast=0-3(0)	_	_
301-17	TO073	301	301	17	tutta	tutta	_	_	_	_	_	linguistic	_	none	_	_	_	Fast=0-5(0)	_	_
301-18	TO073	301	301	18	[la	la	_	_	_	_	_	linguistic	_	none	_	_	_	Fast=0-2(0)	_	0-2(66)
301-19	TO073	301	301	19	durata	durata	_	_	_	_	_	linguistic	_	none	_	_	_	Fast=0-6(0)	_	0-6(66)
301-20	TO073	301	301	20	dell'	dell'	_	_	_	_	_	linguistic	_	none	SpaceAfter=No	_	_	Fast=0-5(0)	_	0-5(66)
301-21	TO073	301	301	21	erasmus]<	erasmus	_	_	_	_	_	linguistic	_	none	_	End=1058.237	_	Fast=0-7(0)	_	0-7(66)
302-0	TO071	302	302	0	[okay]	okay	_	_	_	_	_	linguistic	_	none	_	Begin=1057.46|End=1058.215	_	_	_	0-4(66)
303-0	TO073	303	303	0	ad	ad	_	_	_	_	_	linguistic	_	none	_	Begin=1058.44	_	_	_	_
303-1	TO073	303	303	1	oggi	oggi	_	_	_	_	_	linguistic	_	none	_	_	_	_	_	_
303-2	TO073	303	303	2	non	non	_	_	_	_	_	linguistic	_	none	_	_	_	_	_	_
303-3	TO073	303	303	3	so	so	_	_	_	_	_	linguistic	_	none	_	_	_	_	_	_
303-4	TO073	303	303	4	se	se	_	_	_	_	_	linguistic	_	none	_	_	_	_	_	_
303-5	TO073	303	303	5	mai	mai	_	_	_	_	_	linguistic	_	none	_	_	_	_	_	_
303-6	TO073	303	303	6	sia	sia	_	_	_	_	_	linguistic	_	none	_	_	_	_	_	_
303-7	TO073	303	303	7	successo	successo	_	_	_	_	_	linguistic	_	none	PauseAfter=Yes	_	_	_	_	_
303-8	TO073	303	303	8	{P}	{P}	_	_	_	_	_	shortpause	_	none	_	_	_	_	_	_
303-9	TO073	303	303	9	qualcosa	qualcosa	_	_	_	_	_	linguistic	_	none	_	_	_	_	_	_
303-10	TO073	303	303	10	effettivamente	effettivamente	_	_	_	_	_	linguistic	_	none	_	_	_	_	_	_
303-11	TO073	303	303	11	tra	tra	_	_	_	_	_	linguistic	_	none	_	_	_	_	_	_
303-12	TO073	303	303	12	di	di	_	_	_	_	_	linguistic	_	none	_	_	_	_	_	_
303-13	TO073	303	303	13	loro	loro	_	_	_	_	_	linguistic	_	none	_	End=1062.278	_	_	_	_
304-0	TO073	304	304	0	anche	anche	_	_	_	_	_	linguistic	_	none	_	Begin=1062.44	_	_	_	_
304-1	TO073	304	304	1	perché	perché	_	_	_	_	_	linguistic	_	none	_	_	_	_	_	_
304-2	TO073	304	304	2	lei	lei	_	_	_	_	_	linguistic	_	none	_	_	_	_	_	_
304-3	TO073	304	304	3	era	era	_	_	_	_	_	linguistic	_	none	_	_	_	_	_	_
304-4	TO073	304	304	4	fidanzata	fidanzata	_	_	_	_	_	linguistic	_	none	PauseAfter=Yes	_	_	_	_	_
304-5	TO073	304	304	5	{P}	{P}	_	_	_	_	_	shortpause	_	none	_	_	_	_	_	_
304-6	TO073	304	304	6	tra	tra	_	_	_	_	_	linguistic	_	none	_	_	_	_	_	_
304-7	TO073	304	304	7	l'	l'	_	_	_	_	_	linguistic	_	none	SpaceAfter=No	_	_	_	_	_
304-8	TO073	304	304	8	altro	altro	_	_	_	_	_	linguistic	_	none	_	End=1064.361	_	_	_	_
305-0	TO073	305	305	0	eh	eh	_	_	_	_	_	linguistic	_	none	_	Begin=1064.459	_	_	_	_
305-1	TO073	305	305	1	e	e	_	_	_	_	_	linguistic	_	none	_	_	_	_	_	_
305-2	TO073	305	305	2	poi	poi	_	_	_	_	_	linguistic	_	none	_	_	_	_	_	_
305-3	TO073	305	305	3	si	si	_	_	_	_	_	linguistic	_	none	_	_	_	_	_	_
305-4	TO073	305	305	4	è	è	_	_	_	_	_	linguistic	_	none	_	_	_	_	_	_
305-5	TO073	305	305	5	in~	in~	_	_	_	_	_	linguistic	_	none	Interrupted=Yes	_	_	_	_	_
305-6	TO073	305	305	6	si	si	_	_	_	_	_	linguistic	_	none	_	_	_	_	_	_
305-7	TO073	305	305	7	è	è	_	_	_	_	_	linguistic	_	none	_	_	_	_	_	_
305-8	TO073	305	305	8	lasciata	lasciata	_	_	_	_	_	linguistic	_	none	_	_	_	_	_	_
305-9	TO073	305	305	9	[col	col	_	_	_	_	_	linguistic	_	none	_	_	_	_	_	0-3(67)
305-10	TO073	305	305	10	suo	suo	_	_	_	_	_	linguistic	_	none	_	_	_	_	_	0-3(67)
305-11	TO073	305	305	11	fidanzato]	fidanzato	_	_	_	_	_	linguistic	_	none	_	End=1067.23	_	_	_	0-9(67)
306-0	TO071	306	306	0	[vabbé	vabbé	_	_	_	_	_	linguistic	_	none	_	Begin=1065.935	_	_	_	0-5(67)
306-1	TO071	306	306	1	quando:	quando	_	_	_	_	_	linguistic	_	none	_	_	5x1	_	_	0-6(67)
306-2	TO071	306	306	2	sei	sei	_	_	_	_	_	linguistic	_	none	_	_	_	_	_	0-3(67)
306-3	TO071	306	306	3	in	in	_	_	_	_	_	linguistic	_	none	_	_	_	_	_	0-2(67)
306-4	TO071	306	306	4	era]smus	erasmus	_	_	_	_	_	linguistic	_	none	_	_	_	_	_	0-3(67)
306-5	TO071	306	306	5	no~	no~	_	_	_	_	_	linguistic	_	none	Interrupted=Yes	_	_	_	_	_
306-6	TO071	306	306	6	diciamo	diciamo	_	_	_	_	_	linguistic	_	none	_	_	_	_	_	_
306-7	TO071	306	306	7	che	che	_	_	_	_	_	linguistic	_	none	_	_	_	_	_	_
306-8	TO071	306	306	8	non	non	_	_	_	_	_	linguistic	_	none	_	_	_	_	_	_
306-9	TO071	306	306	9	[costituisce	costituisce	_	_	_	_	_	linguistic	_	none	_	_	_	_	_	0-11(68)
306-10	TO071	306	306	10	proprio	proprio	_	_	_	_	_	linguistic	_	none	_	_	_	_	_	0-7(68)
306-11	TO071	306	306	11	un	un	_	_	_	_	_	linguistic	_	none	_	_	_	_	_	0-2(68)
306-12	TO071	306	306	12	problema]	problema	_	_	_	_	_	linguistic	_	none	_	End=1069.98	_	_	_	0-8(68)
307-0	TO073	307	307	0	[esatto	esatto	_	_	_	_	_	linguistic	_	none	_	Begin=1068.211	_	_	_	0-6(68)
307-1	TO073	307	307	1	poi	poi	_	_	_	_	_	linguistic	_	none	_	_	_	_	_	0-3(68)
307-2	TO073	307	307	2	si	si	_	_	_	_	_	linguistic	_	none	_	_	_	_	_	0-2(68)
307-3	TO073	307	307	3	è	è	_	_	_	_	_	linguistic	_	none	_	_	_	_	_	0-1(68)
307-4	TO073	307	307	4	lasciata	lasciata	_	_	_	_	_	linguistic	_	none	_	_	_	_	_	0-8(68)
307-5	TO073	307	307	5	col	col	_	_	_	_	_	linguistic	_	none	_	_	_	_	_	0-3(68)
307-6	TO073	307	307	6	suo]	suo	_	_	_	_	_	linguistic	_	none	_	_	_	_	_	0-3(68)
307-7	TO073	307	307	7	fidanzato	fidanzato	_	_	_	_	_	linguistic	_	none	_	_	_	_	_	_
307-8	TO073	307	307	8	si	si	_	_	_	_	_	linguistic	_	none	_	_	_	_	_	_
307-9	TO073	307	307	9	è	è	_	_	_	_	_	linguistic	_	none	_	_	_	_	_	_
307-10	TO073	307	307	10	iniziata	iniziata	_	_	_	_	_	linguistic	_	none	_	_	_	_	_	_
307-11	TO073	307	307	11	a	a	_	_	_	_	_	linguistic	_	none	_	_	_	_	_	_
307-12	TO073	307	307	12	frequentare	frequentare	_	_	_	_	_	linguistic	_	none	_	_	_	_	_	_
307-13	TO073	307	307	13	con	con	_	_	_	_	_	linguistic	_	none	_	_	_	_	_	_
307-14	TO073	307	307	14	un'	un'	_	_	_	_	_	linguistic	_	none	SpaceAfter=No	_	_	_	_	_
307-15	TO073	307	307	15	altra	altra	_	_	_	_	_	linguistic	_	none	_	_	_	_	_	_
307-16	TO073	307	307	16	persona	persona	_	_	_	_	_	linguistic	_	none	_	_	_	_	_	_
307-17	TO073	307	307	17	quindi	quindi	_	_	_	_	_	linguistic	_	none	_	End=1072.508	_	_	_	_
308-0	TO073	308	308	0	lui	lui	_	_	_	_	_	linguistic	_	none	_	Begin=1072.998	_	_	_	_
308-1	TO073	308	308	1	poi	poi	_	_	_	_	_	linguistic	_	none	_	_	_	_	_	_
308-2	TO073	308	308	2	andava	andava	_	_	_	_	_	linguistic	_	none	_	_	_	_	_	_
308-3	TO073	308	308	3	via	via	_	_	_	_	_	linguistic	_	none	_	_	_	_	_	_
308-4	TO073	308	308	4	a	a	_	_	_	_	_	linguistic	_	none	_	_	_	_	_	_
308-5	TO073	308	308	5	febbraio	febbraio	_	_	_	_	_	linguistic	_	none	_	_	_	_	_	_
308-6	TO073	308	308	6	noi	noi	_	_	_	_	_	linguistic	_	none	_	_	_	_	_	_
308-7	TO073	308	308	7	siamo	siamo	_	_	_	_	_	linguistic	_	none	_	_	_	_	_	_
308-8	TO073	308	308	8	andati	andati	_	_	_	_	_	linguistic	_	none	_	_	_	_	_	_
308-9	TO073	308	308	9	via:	via	_	_	_	_	_	linguistic	_	none	_	_	2x1	_	_	_
308-10	TO073	308	308	10	mh	mh	_	_	_	_	_	linguistic	_	none	_	End=1076.015	_	_	_	_
309-0	TO073	309	309	0	a	a	_	_	_	_	_	linguistic	_	none	_	Begin=1076.346	_	_	_	_
309-1	TO073	309	309	1	giugno	giugno	_	_	_	_	_	linguistic	_	none	_	End=1077.605	_	_	_	_
310-0	TO073	310	310	0	eh	eh	_	_	_	_	_	linguistic	_	none	_	Begin=1077.713	_	_	_	_
310-1	TO073	310	310	1	e	e	_	_	_	_	_	linguistic	_	none	_	_	_	_	_	_
310-2	TO073	310	310	2	nulla	nulla	_	_	_	_	_	linguistic	_	none	_	_	_	_	_	_
310-3	TO073	310	310	3	perciò:	perciò	_	_	_	_	_	linguistic	_	none	_	_	5x1	_	_	_
310-4	TO073	310	310	4	non	non	_	_	_	_	_	linguistic	_	none	_	_	_	_	_	_
310-5	TO073	310	310	5	so	so	_	_	_	_	_	linguistic	_	none	_	_	_	_	_	_
310-6	TO073	310	310	6	ad	ad	_	_	_	_	_	linguistic	_	none	_	_	_	_	_	_
310-7	TO073	310	310	7	oggi	oggi	_	_	_	_	_	linguistic	_	none	_	_	_	_	_	_
310-8	TO073	310	310	8	effettivamente	effettivamente	_	_	_	_	_	linguistic	_	none	_	_	_	_	_	_
310-9	TO073	310	310	9	perché	perché	_	_	_	_	_	linguistic	_	none	_	_	_	_	_	_
310-10	TO073	310	310	10	io	io	_	_	_	_	_	linguistic	_	none	_	_	_	_	_	_
310-11	TO073	310	310	11	poi	poi	_	_	_	_	_	linguistic	_	none	PauseAfter=Yes	_	_	_	_	_
310-12	TO073	310	310	12	{P}	{P}	_	_	_	_	_	shortpause	_	none	_	_	_	_	_	_
310-13	TO073	310	310	13	io	io	_	_	_	_	_	linguistic	_	none	_	_	_	_	_	_
310-14	TO073	310	310	14	e	e	_	_	_	_	_	linguistic	_	none	_	_	_	_	_	_
310-15	TO073	310	310	15	lei	lei	_	_	_	_	_	linguistic	_	none	_	_	_	_	_	_
310-16	TO073	310	310	16	facciamo	facciamo	_	_	_	_	_	linguistic	_	none	_	_	_	_	_	_
310-17	TO073	310	310	17	molta	molta	_	_	_	_	_	linguistic	_	none	_	_	_	_	_	_
310-18	TO073	310	310	18	fatica	fatica	_	_	_	_	_	linguistic	_	none	_	_	_	_	_	_
310-19	TO073	310	310	19	a	a	_	_	_	_	_	linguistic	_	none	_	_	_	_	_	_
310-20	TO073	310	310	20	parlare	parlare	_	_	_	_	_	linguistic	_	none	_	_	_	_	_	_
310-21	TO073	310	310	21	di	di	_	_	_	_	_	linguistic	_	none	_	_	_	_	_	_
310-22	TO073	310	310	22	questa	questa	_	_	_	_	_	linguistic	_	none	_	_	_	_	_	_
310-23	TO073	310	310	23	roba	roba	_	_	_	_	_	linguistic	_	none	_	End=1083.13	_	_	_	_
311-0	TO071	311	311	0	mh	mh	_	_	_	_	_	linguistic	_	none	_	Begin=1083.137	_	_	_	_
311-1	TO071	311	311	1	mh	mh	_	_	_	_	_	linguistic	_	none	_	End=1083.544	_	_	_	_
312-0	TO073	312	312	0	eh	eh	_	_	_	_	_	linguistic	_	none	_	Begin=1083.716	_	_	_	_
312-1	TO073	312	312	1	non	non	_	_	_	_	_	linguistic	_	none	_	_	_	_	_	_
312-2	TO073	312	312	2	so	so	_	_	_	_	_	linguistic	_	none	_	_	_	_	_	_
312-3	TO073	312	312	3	se:	se	_	_	_	_	_	linguistic	_	none	_	End=1085.585	1x1	_	_	_
313-0	TO073	313	313	0	se	se	_	_	_	_	_	linguistic	_	none	_	Begin=1085.935	_	_	_	_
313-1	TO073	313	313	1	sia	sia	_	_	_	_	_	linguistic	_	none	_	_	_	_	_	_
313-2	TO073	313	313	2	successo	successo	_	_	_	_	_	linguistic	_	none	_	_	_	_	_	_
313-3	TO073	313	313	3	qualcosa	qualcosa	_	_	_	_	_	linguistic	_	none	_	_	_	_	_	_
313-4	TO073	313	313	4	però	però	_	_	_	_	_	linguistic	_	none	_	_	_	_	_	_
313-5	TO073	313	313	5	loro	loro	_	_	_	_	_	linguistic	_	none	_	_	_	_	_	_
313-6	TO073	313	313	6	sono	sono	_	_	_	_	_	linguistic	_	none	_	_	_	_	_	_
313-7	TO073	313	313	7	rimasti	rimasti	_	_	_	_	_	linguistic	_	none	PauseAfter=Yes	_	_	_	_	_
313-8	TO073	313	313	8	{P}	{P}	_	_	_	_	_	shortpause	_	none	_	_	_	_	_	_
313-9	TO073	313	313	9	in	in	_	_	_	_	_	linguistic	_	none	_	_	_	_	_	_
313-10	TO073	313	313	10	ottimi	ottimi	_	_	_	_	_	linguistic	_	none	_	_	_	_	_	_
313-11	TO073	313	313	11	rapporti	rapporti	_	_	_	_	_	linguistic	_	none	PauseAfter=Yes	_	_	_	_	_
313-12	TO073	313	313	12	{P}	{P}	_	_	_	_	_	shortpause	_	none	_	_	_	_	_	_
313-13	TO073	313	313	13	>cioè<	cioè	_	_	_	_	_	linguistic	_	none	_	_	_	Fast=0-4(0)	_	_
313-14	TO073	313	313	14	di	di	_	_	_	_	_	linguistic	_	none	_	_	_	_	_	_
313-15	TO073	313	313	15	sicuro	sicuro	_	_	_	_	_	linguistic	_	none	_	_	_	_	_	_
313-16	TO073	313	313	16	meglio	meglio	_	_	_	_	_	linguistic	_	none	_	_	_	_	_	_
313-17	TO073	313	313	17	che	che	_	_	_	_	_	linguistic	_	none	_	End=1090.198	_	_	_	_
314-0	TO073	314	314	0	quelli	quelli	_	_	_	_	_	linguistic	_	none	_	Begin=1090.747	_	_	_	_
314-1	TO073	314	314	1	in	in	_	_	_	_	_	linguistic	_	none	_	_	_	_	_	_
314-2	TO073	314	314	2	cui	cui	_	_	_	_	_	linguistic	_	none	_	_	_	_	_	_
314-3	TO073	314	314	3	siamo	siamo	_	_	_	_	_	linguistic	_	none	_	_	_	_	_	_
314-4	TO073	314	314	4	rimasti	rimasti	_	_	_	_	_	linguistic	_	none	_	_	_	_	_	_
314-5	TO073	314	314	5	[io	io	_	_	_	_	_	linguistic	_	none	_	_	_	_	_	0-2(69)
314-6	TO073	314	314	6	e	e	_	_	_	_	_	linguistic	_	none	_	_	_	_	_	0-1(69)
314-7	TO073	314	314	7	lui]	lui	_	_	_	_	_	linguistic	_	none	_	End=1092.41	_	_	_	0-3(69)
315-0	TO071	315	315	0	[quindi	quindi	_	_	_	_	_	linguistic	_	none	_	Begin=1091.653	_	_	_	0-6(69)
315-1	TO071	315	315	1	il	il	_	_	_	_	_	linguistic	_	none	_	_	_	_	_	0-2(69)
315-2	TO071	315	315	2	rapporto	rapporto	_	_	_	_	_	linguistic	_	none	_	_	_	_	_	0-8(69)
315-3	TO071	315	315	3	con]flittuale	conflittuale	_	_	_	_	_	linguistic	_	none	_	_	_	_	_	0-3(69)
315-4	TO071	315	315	4	con	con	_	_	_	_	_	linguistic	_	none	_	_	_	_	_	_
315-5	TO071	315	315	5	sto	sto	_	_	_	_	_	linguistic	_	none	_	_	_	_	_	_
315-6	TO071	315	315	6	ragazzo	ragazzo	_	_	_	_	_	linguistic	_	none	PauseAfter=Yes	_	_	_	_	_
315-7	TO071	315	315	7	{P}	{P}	_	_	_	_	_	shortpause	_	none	_	_	_	_	_	_
315-8	TO071	315	315	8	poi	poi	_	_	_	_	_	linguistic	_	none	_	_	_	_	_	_
315-9	TO071	315	315	9	rapporto	rapporto	_	_	_	_	_	linguistic	_	none	_	_	_	_	_	_
315-10	TO071	315	315	10	conflittuale	conflittuale	_	_	_	_	_	linguistic	_	none	_	_	_	_	_	_
315-11	TO071	315	315	11	con	con	_	_	_	_	_	linguistic	_	none	_	_	_	_	_	_
315-12	TO071	315	315	12	la	la	_	_	_	_	_	linguistic	_	none	_	_	_	_	_	_
315-13	TO071	315	315	13	raga[zza	ragazza	_	_	_	_	_	linguistic	_	none	_	_	_	_	_	4-7(70)
315-14	TO071	315	315	14	x]	x	_	_	_	_	_	unknown	_	none	Syllables=1	End=1096.574	_	_	_	0-1(70)
316-0	TO073	316	316	0	[con	con	_	_	_	_	_	linguistic	_	none	_	Begin=1095.808	_	_	_	0-3(70)
316-1	TO073	316	316	1	lei	lei	_	_	_	_	_	linguistic	_	none	_	_	_	_	_	0-3(70)
316-2	TO073	316	316	2	poi]	poi	_	_	_	_	_	linguistic	_	none	_	_	_	_	_	0-3(70)
316-3	TO073	316	316	3	in	in	_	_	_	_	_	linguistic	_	none	_	_	_	_	_	_
316-4	TO073	316	316	4	realtà	realtà	_	_	_	_	_	linguistic	_	none	_	_	_	_	_	_
316-5	TO073	316	316	5	da	da	_	_	_	_	_	linguistic	_	none	_	_	_	_	_	_
316-6	TO073	316	316	6	lì:	lì	_	_	_	_	_	linguistic	_	none	_	_	1x1	_	_	_
316-7	TO073	316	316	7	è	è	_	_	_	_	_	linguistic	_	none	_	_	_	_	_	_
316-8	TO073	316	316	8	nata	nata	_	_	_	_	_	linguistic	_	none	_	_	_	_	_	_
316-9	TO073	316	316	9	una	una	_	_	_	_	_	linguistic	_	none	_	_	_	_	_	_
316-10	TO073	316	316	10	sorta	sorta	_	_	_	_	_	linguistic	_	none	_	_	_	_	_	_
316-11	TO073	316	316	11	di	di	_	_	_	_	_	linguistic	_	none	_	End=1098.63	_	_	_	_
317-0	TO073	317	317	0	amicizia	amicizia	_	_	_	_	_	linguistic	_	none	PauseAfter=Yes	Begin=1098.908	_	_	_	_
317-1	TO073	317	317	1	{P}	{P}	_	_	_	_	_	shortpause	_	none	_	_	_	_	_	_
317-2	TO073	317	317	2	morbosa	morbosa	_	_	_	_	_	linguistic	_	none	_	_	_	_	_	_
317-3	TO073	317	317	3	direi	direi	_	_	_	_	_	linguistic	_	none	_	_	_	_	_	_
317-4	TO073	317	317	4	[ecco]	ecco	_	_	_	_	_	linguistic	_	none	_	End=1101.953	_	_	_	0-4(71)
318-0	TO071	318	318	0	[ah	ah	_	_	_	_	_	linguistic	_	none	_	Begin=1101.257	_	_	_	0-2(71)
318-1	TO071	318	318	1	ah]	ah	_	_	_	_	_	linguistic	_	none	_	End=1101.955	_	_	_	0-2(71)
319-0	TO073	319	319	0	la	la	_	_	_	_	_	linguistic	_	none	_	Begin=1102.023	_	_	_	_
319-1	TO073	319	319	1	definirei	definirei	_	_	_	_	_	linguistic	_	none	_	_	_	_	_	_
319-2	TO073	319	319	2	così	così	_	_	_	_	_	linguistic	_	none	_	_	_	_	_	_
319-3	TO073	319	319	3	nel	nel	_	_	_	_	_	linguistic	_	none	_	_	_	_	_	_
319-4	TO073	319	319	4	senso	senso	_	_	_	_	_	linguistic	_	none	_	_	_	_	_	_
319-5	TO073	319	319	5	che	che	_	_	_	_	_	linguistic	_	none	_	_	_	_	_	_
319-6	TO073	319	319	6	mh	mh	_	_	_	_	_	linguistic	_	none	_	_	_	_	_	_
319-7	TO073	319	319	7	lei	lei	_	_	_	_	_	linguistic	_	none	_	_	_	_	_	_
319-8	TO073	319	319	8	è	è	_	_	_	_	_	linguistic	_	none	_	_	_	_	_	_
319-9	TO073	319	319	9	entrata	entrata	_	_	_	_	_	linguistic	_	none	_	_	_	_	_	_
319-10	TO073	319	319	10	molto	molto	_	_	_	_	_	linguistic	_	none	_	_	_	_	_	_
319-11	TO073	319	319	11	nel	nel	_	_	_	_	_	linguistic	_	none	_	_	_	_	_	_
319-12	TO073	319	319	12	mio	mio	_	_	_	_	_	linguistic	_	none	_	_	_	_	_	_
319-13	TO073	319	319	13	gruppo	gruppo	_	_	_	_	_	linguistic	_	none	_	_	_	_	_	_
319-14	TO073	319	319	14	di	di	_	_	_	_	_	linguistic	_	none	_	_	_	_	_	_
319-15	TO073	319	319	15	amiche	amiche	_	_	_	_	_	linguistic	_	none	_	_	_	_	_	_
319-16	TO073	319	319	16	proprio	proprio	_	_	_	_	_	linguistic	_	none	_	End=1107.015	_	_	_	_
320-0	TO073	320	320	0	eh	eh	_	_	_	_	_	linguistic	_	none	PauseAfter=Yes	Begin=1107.091	_	_	_	_
320-1	TO073	320	320	1	{P}	{P}	_	_	_	_	_	shortpause	_	none	_	_	_	_	_	_
320-2	TO073	320	320	2	oltre	oltre	_	_	_	_	_	linguistic	_	none	_	_	_	_	_	_
320-3	TO073	320	320	3	che	che	_	_	_	_	_	linguistic	_	none	_	_	_	_	_	_
320-4	TO073	320	320	4	nella	nella	_	_	_	_	_	linguistic	_	none	_	_	_	_	_	_
320-5	TO073	320	320	5	compagnia	compagnia	_	_	_	_	_	linguistic	_	none	_	_	_	_	_	_
320-6	TO073	320	320	6	con	con	_	_	_	_	_	linguistic	_	none	_	_	_	_	_	_
320-7	TO073	320	320	7	cui	cui	_	_	_	_	_	linguistic	_	none	_	_	_	_	_	_
320-8	TO073	320	320	8	uscivamo	uscivamo	_	_	_	_	_	linguistic	_	none	_	_	_	_	_	_
320-9	TO073	320	320	9	nel	nel	_	_	_	_	_	linguistic	_	none	_	_	_	_	_	_
320-10	TO073	320	320	10	gruppo	gruppo	_	_	_	_	_	linguistic	_	none	_	_	_	_	_	_
320-11	TO073	320	320	11	di	di	_	_	_	_	_	linguistic	_	none	_	_	_	_	_	_
320-12	TO073	320	320	12	amiche	amiche	_	_	_	_	_	linguistic	_	none	_	_	_	_	_	_
320-13	TO073	320	320	13	strette	strette	_	_	_	_	_	linguistic	_	none	_	_	_	_	_	_
320-14	TO073	320	320	14	[con	con	_	_	_	_	_	linguistic	_	none	_	_	_	_	_	0-3(72)
320-15	TO073	320	320	15	cui]	cui	_	_	_	_	_	linguistic	_	none	PauseAfter=Yes	_	_	_	_	0-3(72)
320-16	TO073	320	320	16	{P}	{P}	_	_	_	_	_	shortpause	_	none	_	_	_	_	_	_
320-17	TO073	320	320	17	avevo	avevo	_	_	_	_	_	linguistic	_	none	_	_	_	_	_	_
320-18	TO073	320	320	18	più	più	_	_	_	_	_	linguistic	_	none	_	_	_	_	_	_
320-19	TO073	320	320	19	confidenza	confidenza	_	_	_	_	_	linguistic	_	none	_	End=1113.704	_	_	_	_
321-0	TO071	321	321	0	[ah	ah	_	_	_	_	_	linguistic	_	none	_	Begin=1111.209	_	_	_	0-2(72)
321-1	TO071	321	321	1	ah]	ah	_	_	_	_	_	linguistic	_	none	_	End=1111.823	_	_	_	0-2(72)
322-0	TO073	322	322	0	ehm	ehm	_	_	_	_	_	linguistic	_	none	_	Begin=1113.877	_	_	_	_
322-1	TO073	322	322	1	che	che	_	_	_	_	_	linguistic	_	none	_	_	_	_	_	_
322-2	TO073	322	322	2	erano:	erano	_	_	_	_	_	linguistic	_	none	_	_	4x1	_	_	_
322-3	TO073	322	322	3	altre	altre	_	_	_	_	_	linguistic	_	none	_	_	_	_	_	_
322-4	TO073	322	322	4	tre	tre	_	_	_	_	_	linguistic	_	none	_	_	_	_	_	_
322-5	TO073	322	322	5	ragazze	ragazze	_	_	_	_	_	linguistic	_	none	_	End=1116.898	_	_	_	_
323-0	TO073	323	323	0	eh	eh	_	_	_	_	_	linguistic	_	none	_	Begin=1117.215	_	_	_	_
323-1	TO073	323	323	1	due	due	_	_	_	_	_	linguistic	_	none	_	_	_	_	_	_
323-2	TO073	323	323	2	delle	delle	_	_	_	_	_	linguistic	_	none	_	_	_	_	_	_
323-3	TO073	323	323	3	quali	quali	_	_	_	_	_	linguistic	_	none	_	_	_	_	_	_
323-4	TO073	323	323	4	vivevano	vivevano	_	_	_	_	_	linguistic	_	none	_	_	_	_	_	_
323-5	TO073	323	323	5	nella	nella	_	_	_	_	_	linguistic	_	none	_	_	_	_	_	_
323-6	TO073	323	323	6	stessa	stessa	_	_	_	_	_	linguistic	_	none	_	_	_	_	_	_
323-7	TO073	323	323	7	casa	casa	_	_	_	_	_	linguistic	_	none	_	_	_	_	_	_
323-8	TO073	323	323	8	e	e	_	_	_	_	_	linguistic	_	none	_	_	_	_	_	_
323-9	TO073	323	323	9	una	una	_	_	_	_	_	linguistic	_	none	_	_	_	_	_	_
323-10	TO073	323	323	10	in	in	_	_	_	_	_	linguistic	_	none	_	_	_	_	_	_
323-11	TO073	323	323	11	un'	un'	_	_	_	_	_	linguistic	_	none	SpaceAfter=No	_	_	_	_	_
323-12	TO073	323	323	12	altra	altra	_	_	_	_	_	linguistic	_	none	_	End=1121.064	_	_	_	_
324-0	TO073	324	324	0	ehm	ehm	_	_	_	_	_	linguistic	_	none	PauseAfter=Yes	Begin=1121.445	_	_	_	_
324-1	TO073	324	324	1	{P}	{P}	_	_	_	_	_	shortpause	_	none	_	_	_	_	_	_
324-2	TO073	324	324	2	che	che	_	_	_	_	_	linguistic	_	none	_	_	_	_	_	_
324-3	TO073	324	324	3	è	è	_	_	_	_	_	linguistic	_	none	_	_	_	_	_	_
324-4	TO073	324	324	4	la	la	_	_	_	_	_	linguistic	_	none	_	_	_	_	_	_
324-5	TO073	324	324	5	ragazza	ragazza	_	_	_	_	_	linguistic	_	none	_	_	_	_	_	_
324-6	TO073	324	324	6	che	che	_	_	_	_	_	linguistic	_	none	_	_	_	_	_	_
324-7	TO073	324	324	7	ha	ha	_	_	_	_	_	linguistic	_	none	_	_	_	_	_	_
324-8	TO073	324	324	8	fatto	fatto	_	_	_	_	_	linguistic	_	none	_	_	_	_	_	_
324-9	TO073	324	324	9	il	il	_	_	_	_	_	linguistic	_	none	_	_	_	_	_	_
324-10	TO073	324	324	10	viaggio	viaggio	_	_	_	_	_	linguistic	_	none	_	_	_	_	_	_
324-11	TO073	324	324	11	di	di	_	_	_	_	_	linguistic	_	none	_	_	_	_	_	_
324-12	TO073	324	324	12	ritorno	ritorno	_	_	_	_	_	linguistic	_	none	_	_	_	_	_	_
324-13	TO073	324	324	13	con	con	_	_	_	_	_	linguistic	_	none	_	_	_	_	_	_
324-14	TO073	324	324	14	jack	jack	_	_	_	_	_	linguistic	_	none	_	_	_	_	_	_
324-15	TO073	324	324	15	non	non	_	_	_	_	_	linguistic	_	none	_	_	_	_	_	_
324-16	TO073	324	324	16	so	so	_	_	_	_	_	linguistic	_	none	_	_	_	_	_	_
324-17	TO073	324	324	17	se	se	_	_	_	_	_	linguistic	_	none	_	_	_	_	_	_
324-18	TO073	324	324	18	hai	hai	_	_	_	_	_	linguistic	_	none	_	_	_	_	_	_
324-19	TO073	324	324	19	presente	presente	_	_	_	_	_	linguistic	_	none	_	_	_	_	_	_
324-20	TO073	324	324	20	quel	quel	_	_	_	_	_	linguistic	_	none	_	_	_	_	_	_
324-21	TO073	324	324	21	famoso	famoso	_	_	_	_	_	linguistic	_	none	_	_	_	_	_	_
324-22	TO073	324	324	22	viaggio	viaggio	_	_	_	_	_	linguistic	_	none	_	_	_	_	_	_
324-23	TO073	324	324	23	della	della	_	_	_	_	_	linguistic	_	none	_	_	_	_	_	_
324-24	TO073	324	324	24	speranza	speranza	_	_	_	_	_	linguistic	_	none	_	_	_	_	_	_
324-25	TO073	324	324	25	in	in	_	_	_	_	_	linguistic	_	none	_	_	_	_	_	_
324-26	TO073	324	324	26	cui	cui	_	_	_	_	_	linguistic	_	none	_	_	_	_	_	_
324-27	TO073	324	324	27	gli	gli	_	_	_	_	_	linguistic	_	none	_	_	_	_	_	_
324-28	TO073	324	324	28	hanno	hanno	_	_	_	_	_	linguistic	_	none	_	_	_	_	_	_
324-29	TO073	324	324	29	ritardato	ritardato	_	_	_	_	_	linguistic	_	none	_	_	_	_	_	_
324-30	TO073	324	324	30	il	il	_	_	_	_	_	linguistic	_	none	_	_	_	_	_	_
324-31	TO073	324	324	31	volo	volo	_	_	_	_	_	linguistic	_	none	_	_	_	_	_	_
324-32	TO073	324	324	32	di	di	_	_	_	_	_	linguistic	_	none	_	_	_	_	_	_
324-33	TO073	324	324	33	dodici	dodici	_	_	_	_	_	linguistic	_	none	_	_	_	_	_	_
324-34	TO073	324	324	34	ore	ore	_	_	_	_	_	linguistic	_	none	_	End=1130.07	_	_	_	_
325-0	TO073	325	325	0	quando	quando	_	_	_	_	_	linguistic	_	none	_	Begin=1130.203	_	_	_	_
325-1	TO073	325	325	1	jack	jack	_	_	_	_	_	linguistic	_	none	_	_	_	_	_	_
325-2	TO073	325	325	2	doveva	doveva	_	_	_	_	_	linguistic	_	none	_	_	_	_	_	_
325-3	TO073	325	325	3	tornare	tornare	_	_	_	_	_	linguistic	_	none	_	_	_	_	_	_
325-4	TO073	325	325	4	in	in	_	_	_	_	_	linguistic	_	none	_	_	_	_	_	_
325-5	TO073	325	325	5	[italia]	italia	_	_	_	_	_	linguistic	_	none	_	End=1132.077	_	_	_	0-6(73)
326-0	TO071	326	326	0	[me	me	_	_	_	_	_	linguistic	_	none	_	Begin=1131.19	_	_	_	0-2(73)
326-1	TO071	326	326	1	le	le	_	_	_	_	_	linguistic	_	none	_	_	_	_	_	0-2(73)
326-2	TO071	326	326	2	ha]	ha	_	_	_	_	_	linguistic	_	none	_	_	_	_	_	0-2(73)
326-3	TO071	326	326	3	me	me	_	_	_	_	_	linguistic	_	none	_	_	_	_	_	_
326-4	TO071	326	326	4	l'	l'	_	_	_	_	_	linguistic	_	none	SpaceAfter=No	_	_	_	_	_
326-5	TO071	326	326	5	ha	ha	_	_	_	_	_	linguistic	_	none	_	_	_	_	_	_
326-6	TO071	326	326	6	raccontate	raccontate	_	_	_	_	_	linguistic	_	none	_	_	_	_	_	_
326-7	TO071	326	326	7	tutte	tutte	_	_	_	_	_	linguistic	_	none	_	_	_	_	_	_
326-8	TO071	326	326	8	queste	queste	_	_	_	_	_	linguistic	_	none	_	_	_	_	_	_
326-9	TO071	326	326	9	cose	cose	_	_	_	_	_	linguistic	_	none	_	_	_	_	_	_
326-10	TO071	326	326	10	però	però	_	_	_	_	_	linguistic	_	none	_	_	_	_	_	_
326-11	TO071	326	326	11	visto	visto	_	_	_	_	_	linguistic	_	none	_	_	_	_	_	_
326-12	TO071	326	326	12	che	che	_	_	_	_	_	linguistic	_	none	_	_	_	_	_	_
326-13	TO071	326	326	13	ogni	ogni	_	_	_	_	_	linguistic	_	none	_	_	_	_	_	_
326-14	TO071	326	326	14	volta	volta	_	_	_	_	_	linguistic	_	none	_	_	_	_	_	_
326-15	TO071	326	326	15	che	che	_	_	_	_	_	linguistic	_	none	_	_	_	_	_	_
326-16	TO071	326	326	16	mi	mi	_	_	_	_	_	linguistic	_	none	_	_	_	_	_	_
326-17	TO071	326	326	17	raccontava:	raccontava	_	_	_	_	_	linguistic	_	none	PauseAfter=Yes	_	9x1	_	_	_
326-18	TO071	326	326	18	{P}	{P}	_	_	_	_	_	shortpause	_	none	_	_	_	_	_	_
326-19	TO071	326	326	19	c'	c'	_	_	_	_	_	linguistic	_	none	SpaceAfter=No	_	_	_	_	_
326-20	TO071	326	326	20	era	era	_	_	_	_	_	linguistic	_	none	_	_	_	_	_	_
326-21	TO071	326	326	21	un'	un'	_	_	_	_	_	linguistic	_	none	SpaceAfter=No	_	_	_	_	_
326-22	TO071	326	326	22	odissea	odissea	_	_	_	_	_	linguistic	_	none	_	_	_	_	_	_
326-23	TO071	326	326	23	diversa	diversa	_	_	_	_	_	linguistic	_	none	PauseAfter=Yes	_	_	_	_	_
326-24	TO071	326	326	24	{P}	{P}	_	_	_	_	_	shortpause	_	none	_	_	_	_	_	_
326-25	TO071	326	326	25	potrei	potrei	_	_	_	_	_	linguistic	_	none	_	_	_	_	_	_
326-26	TO071	326	326	26	averlo	averlo	_	_	_	_	_	linguistic	_	none	_	_	_	_	_	_
326-27	TO071	326	326	27	rimosso	rimosso	_	_	_	_	_	linguistic	_	none	_	End=1138.582	_	_	_	_
327-0	TO073	327	327	0	{ride}	{ride}	_	_	_	_	_	nonverbalbehavior	_	none	_	Begin=1134.271|End=1135.244	_	_	_	_
328-0	TO073	328	328	0	comunque	comunque	_	_	_	_	_	linguistic	_	none	_	Begin=1138.574	_	_	_	_
328-1	TO073	328	328	1	vabbè	vabbè	_	_	_	_	_	linguistic	_	none	_	_	_	_	_	_
328-2	TO073	328	328	2	hanno	hanno	_	_	_	_	_	linguistic	_	none	_	_	_	_	_	_
328-3	TO073	328	328	3	fa~	fa~	_	_	_	_	_	linguistic	_	none	Interrupted=Yes	_	_	_	_	_
328-4	TO073	328	328	4	hanno	hanno	_	_	_	_	_	linguistic	_	none	_	_	_	_	_	_
328-5	TO073	328	328	5	condiviso	condiviso	_	_	_	_	_	linguistic	_	none	_	_	_	_	_	_
328-6	TO073	328	328	6	il	il	_	_	_	_	_	linguistic	_	none	_	_	_	_	_	_
328-7	TO073	328	328	7	viaggio	viaggio	_	_	_	_	_	linguistic	_	none	_	_	_	_	_	_
328-8	TO073	328	328	8	di	di	_	_	_	_	_	linguistic	_	none	_	_	_	_	_	_
328-9	TO073	328	328	9	ritorno	ritorno	_	_	_	_	_	linguistic	_	none	_	_	_	_	_	_
328-10	TO073	328	328	10	insieme	insieme	_	_	_	_	_	linguistic	_	none	_	End=1141.559	_	_	_	_
329-0	TO073	329	329	0	ehm	ehm	_	_	_	_	_	linguistic	_	none	PauseAfter=Yes	Begin=1141.597	_	_	_	_
329-1	TO073	329	329	1	{P}	{P}	_	_	_	_	_	shortpause	_	none	_	_	_	_	_	_
329-2	TO073	329	329	2	e	e	_	_	_	_	_	linguistic	_	none	_	_	_	_	_	_
329-3	TO073	329	329	3	nulla	nulla	_	_	_	_	_	linguistic	_	none	_	_	_	_	_	_
329-4	TO073	329	329	4	quindi	quindi	_	_	_	_	_	linguistic	_	none	PauseAfter=Yes	_	_	_	_	_
329-5	TO073	329	329	5	{P}	{P}	_	_	_	_	_	shortpause	_	none	_	_	_	_	_	_
329-6	TO073	329	329	6	queste	queste	_	_	_	_	_	linguistic	_	none	PauseAfter=Yes	_	_	_	_	_
329-7	TO073	329	329	7	{P}	{P}	_	_	_	_	_	shortpause	_	none	_	_	_	_	_	_
329-8	TO073	329	329	8	tre	tre	_	_	_	_	_	linguistic	_	none	_	_	_	_	_	_
329-9	TO073	329	329	9	ragazze	ragazze	_	_	_	_	_	linguistic	_	none	_	_	_	_	_	_
329-10	TO073	329	329	10	con	con	_	_	_	_	_	linguistic	_	none	_	_	_	_	_	_
329-11	TO073	329	329	11	cui	cui	_	_	_	_	_	linguistic	_	none	_	_	_	_	_	_
329-12	TO073	329	329	12	io	io	_	_	_	_	_	linguistic	_	none	_	_	_	_	_	_
329-13	TO073	329	329	13	avev(o)	avevo	_	_	_	_	_	linguistic	_	none	PauseAfter=Yes	_	_	_	4-5(0)	_
329-14	TO073	329	329	14	{P}	{P}	_	_	_	_	_	shortpause	_	none	_	_	_	_	_	_
329-15	TO073	329	329	15	legato	legato	_	_	_	_	_	linguistic	_	none	PauseAfter=Yes	_	_	_	_	_
329-16	TO073	329	329	16	{P}	{P}	_	_	_	_	_	shortpause	_	none	_	_	_	_	_	_
329-17	TO073	329	329	17	particolarmente	particolarmente	_	_	_	_	_	linguistic	_	none	_	End=1147.137	_	_	_	_
330-0	TO073	330	330	0	ehm	ehm	_	_	_	_	_	linguistic	_	none	_	Begin=1147.266	_	_	_	_
330-1	TO073	330	330	1	diciamo	diciamo	_	_	_	_	_	linguistic	_	none	PauseAfter=Yes	_	_	_	_	_
330-2	TO073	330	330	2	{P}	{P}	_	_	_	_	_	shortpause	_	none	_	_	_	_	_	_
330-3	TO073	330	330	3	hanno:	hanno	_	_	_	_	_	linguistic	_	none	_	_	4x1	_	_	_
330-4	TO073	330	330	4	iniziato	iniziato	_	_	_	_	_	linguistic	_	none	_	_	_	_	_	_
330-5	TO073	330	330	5	a	a	_	_	_	_	_	linguistic	_	none	_	_	_	_	_	_
330-6	TO073	330	330	6	conoscere	conoscere	_	_	_	_	_	linguistic	_	none	_	_	_	_	_	_
330-7	TO073	330	330	7	clara	clara	_	_	_	_	_	linguistic	_	none	_	_	_	_	_	_
330-8	TO073	330	330	8	e:	e	_	_	_	_	_	linguistic	_	none	_	_	0x1	_	_	_
330-9	TO073	330	330	9	ed	ed	_	_	_	_	_	linguistic	_	none	_	_	_	_	_	_
330-10	TO073	330	330	10	è	è	_	_	_	_	_	linguistic	_	none	_	_	_	_	_	_
330-11	TO073	330	330	11	entrata	entrata	_	_	_	_	_	linguistic	_	none	_	_	_	_	_	_
330-12	TO073	330	330	12	molto	molto	_	_	_	_	_	linguistic	_	none	_	_	_	_	_	_
330-13	TO073	330	330	13	a	a	_	_	_	_	_	linguistic	_	none	_	_	_	_	_	_
330-14	TO073	330	330	14	far	far	_	_	_	_	_	linguistic	_	none	_	_	_	_	_	_
330-15	TO073	330	330	15	parte	parte	_	_	_	_	_	linguistic	_	none	_	_	_	_	_	_
330-16	TO073	330	330	16	di	di	_	_	_	_	_	linguistic	_	none	_	_	_	_	_	_
330-17	TO073	330	330	17	questo	questo	_	_	_	_	_	linguistic	_	none	_	_	_	_	_	_
330-18	TO073	330	330	18	gruppo	gruppo	_	_	_	_	_	linguistic	_	none	_	End=1153.683	_	_	_	_
331-0	TO073	331	331	0	e	e	_	_	_	_	_	linguistic	_	none	_	Begin=1154.104	_	_	_	_
331-1	TO073	331	331	1	avevamo	avevamo	_	_	_	_	_	linguistic	_	none	_	_	_	_	_	_
331-2	TO073	331	331	2	questa	questa	_	_	_	_	_	linguistic	_	none	_	_	_	_	_	_
331-3	TO073	331	331	3	amicizia	amicizia	_	_	_	_	_	linguistic	_	none	_	_	_	_	_	_
331-4	TO073	331	331	4	molto	molto	_	_	_	_	_	linguistic	_	none	_	_	_	_	_	_
331-5	TO073	331	331	5	molto:	molto	_	_	_	_	_	linguistic	_	none	_	_	4x1	_	_	_
331-6	TO073	331	331	6	stretta	stretta	_	_	_	_	_	linguistic	_	none	_	_	_	_	_	_
331-7	TO073	331	331	7	forte	forte	_	_	_	_	_	linguistic	_	none	_	End=1157.385	_	_	_	_
332-0	TO073	332	332	0	poi	poi	_	_	_	_	_	linguistic	_	none	_	Begin=1157.959	_	_	_	_
332-1	TO073	332	332	1	diciamo	diciamo	_	_	_	_	_	linguistic	_	none	_	_	_	_	_	_
332-2	TO073	332	332	2	che	che	_	_	_	_	_	linguistic	_	none	_	_	_	_	_	_
332-3	TO073	332	332	3	nel	nel	_	_	_	_	_	linguistic	_	none	_	_	_	_	_	_
332-4	TO073	332	332	4	corso	corso	_	_	_	_	_	linguistic	_	none	_	_	_	_	_	_
332-5	TO073	332	332	5	dell'	dell'	_	_	_	_	_	linguistic	_	none	SpaceAfter=No	_	_	_	_	_
332-6	TO073	332	332	6	erasmus	erasmus	_	_	_	_	_	linguistic	_	none	_	_	_	_	_	_
332-7	TO073	332	332	7	le	le	_	_	_	_	_	linguistic	_	none	_	_	_	_	_	_
332-8	TO073	332	332	8	cose	cose	_	_	_	_	_	linguistic	_	none	_	_	_	_	_	_
332-9	TO073	332	332	9	sono	sono	_	_	_	_	_	linguistic	_	none	_	_	_	_	_	_
332-10	TO073	332	332	10	andate	andate	_	_	_	_	_	linguistic	_	none	_	_	_	_	_	_
332-11	TO073	332	332	11	con	con	_	_	_	_	_	linguistic	_	none	_	_	_	_	_	_
332-12	TO073	332	332	12	alti	alti	_	_	_	_	_	linguistic	_	none	_	_	_	_	_	_
332-13	TO073	332	332	13	e	e	_	_	_	_	_	linguistic	_	none	_	_	_	_	_	_
332-14	TO073	332	332	14	bassi	bassi	_	_	_	_	_	linguistic	_	none	_	_	_	_	_	_
332-15	TO073	332	332	15	nel	nel	_	_	_	_	_	linguistic	_	none	_	_	_	_	_	_
332-16	TO073	332	332	16	senso	senso	_	_	_	_	_	linguistic	_	none	_	_	_	_	_	_
332-17	TO073	332	332	17	che	che	_	_	_	_	_	linguistic	_	none	_	End=1162.68	_	_	_	_
333-0	TO073	333	333	0	un	un	_	_	_	_	_	linguistic	_	none	_	Begin=1162.733	_	_	_	_
333-1	TO073	333	333	1	rapporto	rapporto	_	_	_	_	_	linguistic	_	none	_	_	_	_	_	_
333-2	TO073	333	333	2	così	così	_	_	_	_	_	linguistic	_	none	_	_	_	_	_	_
333-3	TO073	333	333	3	morboso:	morboso	_	_	_	_	_	linguistic	_	none	_	_	6x1	_	_	_
333-4	TO073	333	333	4	porta	porta	_	_	_	_	_	linguistic	_	none	_	_	_	_	_	_
333-5	TO073	333	333	5	tanto	tanto	_	_	_	_	_	linguistic	_	none	_	End=1166.628	_	_	_	_
334-0	TO073	334	334	0	al~	al~	_	_	_	_	_	linguistic	_	none	Interrupted=Yes	Begin=1166.725	_	_	_	_
334-1	TO073	334	334	1	allo	allo	_	_	_	_	_	linguistic	_	none	_	_	_	_	_	_
334-2	TO073	334	334	2	squilibrio	squilibrio	_	_	_	_	_	linguistic	_	none	_	_	_	_	_	_
334-3	TO073	334	334	3	al	al	_	_	_	_	_	linguistic	_	none	_	_	_	_	_	_
334-4	TO073	334	334	4	disequilibrio	disequilibrio	_	_	_	_	_	linguistic	_	none	_	_	_	_	_	_
334-5	TO073	334	334	5	al:	al	_	_	_	_	_	linguistic	_	none	_	End=1169.676	1x1	_	_	_
335-0	TO073	335	335	0	a:	a	_	_	_	_	_	linguistic	_	none	_	Begin=1170.554	0x1	_	_	_
335-1	TO073	335	335	1	discussioni	discussioni	_	_	_	_	_	linguistic	_	none	_	_	_	_	_	_
335-2	TO073	335	335	2	liti	liti	_	_	_	_	_	linguistic	_	none	_	End=1172.961	_	_	_	_
336-0	TO073	336	336	0	più	più	_	_	_	_	_	linguistic	_	none	_	Begin=1173.012	_	_	_	_
336-1	TO073	336	336	1	che	che	_	_	_	_	_	linguistic	_	none	_	_	_	_	_	_
336-2	TO073	336	336	2	liti	liti	_	_	_	_	_	linguistic	_	none	_	_	_	_	_	_
336-3	TO073	336	336	3	un	un	_	_	_	_	_	linguistic	_	none	_	_	_	_	_	_
336-4	TO073	336	336	4	po'	po'	_	_	_	_	_	linguistic	_	none	_	_	_	_	_	_
336-5	TO073	336	336	5	a	a	_	_	_	_	_	linguistic	_	none	_	_	_	_	_	_
336-6	TO073	336	336	6	malumori	malumori	_	_	_	_	_	linguistic	_	none	_	_	_	_	_	_
336-7	TO073	336	336	7	a:	a	_	_	_	_	_	linguistic	_	none	_	End=1175.596	0x1	_	_	_
337-0	TO073	337	337	0	[incomprensioni]	incomprensioni	_	_	_	_	_	linguistic	_	none	_	Begin=1175.639|End=1177.27	_	_	_	0-14(75)
338-0	TO071	338	338	0	[forse	forse	_	_	_	_	_	linguistic	_	none	_	Begin=1175.648	_	_	_	0-5(75)
338-1	TO071	338	338	1	magari]	magari	_	_	_	_	_	linguistic	_	none	PauseAfter=Yes	_	_	_	_	0-6(75)
338-2	TO071	338	338	2	{P}	{P}	_	_	_	_	_	shortpause	_	none	_	_	_	_	_	_
338-3	TO071	338	338	3	ancora	ancora	_	_	_	_	_	linguistic	_	none	_	_	_	_	_	_
338-4	TO071	338	338	4	una	una	_	_	_	_	_	linguistic	_	none	_	_	_	_	_	_
338-5	TO071	338	338	5	volta	volta	_	_	_	_	_	linguistic	_	none	_	_	_	_	_	_
338-6	TO071	338	338	6	è	è	_	_	_	_	_	linguistic	_	none	_	_	_	_	_	_
338-7	TO071	338	338	7	stata	stata	_	_	_	_	_	linguistic	_	none	_	_	_	_	_	_
338-8	TO071	338	338	8	la	la	_	_	_	_	_	linguistic	_	none	_	_	_	_	_	_
338-9	TO071	338	338	9	casa	casa	_	_	_	_	_	linguistic	_	none	_	_	_	_	_	_
338-10	TO071	338	338	10	il	il	_	_	_	_	_	linguistic	_	none	_	_	_	_	_	_
338-11	TO071	338	338	11	problema	problema	_	_	_	_	_	linguistic	_	none	_	_	_	_	_	_
338-12	TO071	338	338	12	magari	magari	_	_	_	_	_	linguistic	_	none	_	_	_	_	_	_
338-13	TO071	338	338	13	se	se	_	_	_	_	_	linguistic	_	none	_	_	_	_	_	_
338-14	TO071	338	338	14	non	non	_	_	_	_	_	linguistic	_	none	_	_	_	_	_	_
338-15	TO071	338	338	15	c'	c'	_	_	_	_	_	linguistic	_	none	SpaceAfter=No	_	_	_	_	_
338-16	TO071	338	338	16	avessi	avessi	_	_	_	_	_	linguistic	_	none	_	_	_	_	_	_
338-17	TO071	338	338	17	convissuto	convissuto	_	_	_	_	_	linguistic	_	none	PauseAfter=Yes	_	_	_	_	_
338-18	TO071	338	338	18	{P}	{P}	_	_	_	_	_	shortpause	_	none	_	_	_	_	_	_
338-19	TO071	338	338	19	con	con	_	_	_	_	_	linguistic	_	none	_	_	_	_	_	_
338-20	TO071	338	338	20	[questa	questa	_	_	_	_	_	linguistic	_	none	_	_	_	_	_	0-6(76)
338-21	TO071	338	338	21	persona]	persona	_	_	_	_	_	linguistic	_	none	_	End=1182.32	_	_	_	0-7(76)
339-0	TO073	339	339	0	[sì]	sì	_	_	_	_	_	linguistic	_	none	PauseAfter=Yes	Begin=1181.5	_	_	_	0-2(76)
339-1	TO073	339	339	1	{P}	{P}	_	_	_	_	_	shortpause	_	none	_	_	_	_	_	_
339-2	TO073	339	339	2	probabilmente	probabilmente	_	_	_	_	_	linguistic	_	none	_	_	_	_	_	_
339-3	TO073	339	339	3	e	e	_	_	_	_	_	linguistic	_	none	_	End=1183.19	_	_	_	_
340-0	TO073	340	340	0	sono	sono	_	_	_	_	_	linguistic	_	none	_	Begin=1183.57	_	_	_	_
340-1	TO073	340	340	1	quasi	quasi	_	_	_	_	_	linguistic	_	none	_	_	_	_	_	_
340-2	TO073	340	340	2	sicura	sicura	_	_	_	_	_	linguistic	_	none	_	_	_	_	_	_
340-3	TO073	340	340	3	del	del	_	_	_	_	_	linguistic	_	none	_	_	_	_	_	_
340-4	TO073	340	340	4	fatto	fatto	_	_	_	_	_	linguistic	_	none	_	_	_	_	_	_
340-5	TO073	340	340	5	che	che	_	_	_	_	_	linguistic	_	none	_	_	_	_	_	_
340-6	TO073	340	340	6	se	se	_	_	_	_	_	linguistic	_	none	_	_	_	_	_	_
340-7	TO073	340	340	7	non	non	_	_	_	_	_	linguistic	_	none	_	_	_	_	_	_
340-8	TO073	340	340	8	avessimo	avessimo	_	_	_	_	_	linguistic	_	none	_	_	_	_	_	_
340-9	TO073	340	340	9	convissuto	convissuto	_	_	_	_	_	linguistic	_	none	_	_	_	_	_	_
340-10	TO073	340	340	10	probabilmente	probabilmente	_	_	_	_	_	linguistic	_	none	PauseAfter=Yes	_	_	_	_	_
340-11	TO073	340	340	11	{P}	{P}	_	_	_	_	_	shortpause	_	none	_	_	_	_	_	_
340-12	TO073	340	340	12	a	a	_	_	_	_	_	linguistic	_	none	_	_	_	_	_	_
340-13	TO073	340	340	13	un	un	_	_	_	_	_	linguistic	_	none	_	_	_	_	_	_
340-14	TO073	340	340	14	certo	certo	_	_	_	_	_	linguistic	_	none	_	_	_	_	_	_
340-15	TO073	340	340	15	il	il	_	_	_	_	_	linguistic	_	none	_	_	_	_	_	_
340-16	TO073	340	340	16	nostro	nostro	_	_	_	_	_	linguistic	_	none	_	_	_	_	_	_
340-17	TO073	340	340	17	erasmus	erasmus	_	_	_	_	_	linguistic	_	none	_	_	_	_	_	_
340-18	TO073	340	340	18	avrebbe	avrebbe	_	_	_	_	_	linguistic	_	none	_	_	_	_	_	_
340-19	TO073	340	340	19	preso	preso	_	_	_	_	_	linguistic	_	none	_	_	_	_	_	_
340-20	TO073	340	340	20	pieghe	pieghe	_	_	_	_	_	linguistic	_	none	_	_	_	_	_	_
340-21	TO073	340	340	21	diverse	diverse	_	_	_	_	_	linguistic	_	none	_	End=1189.58	_	_	_	_
341-0	TO071	341	341	0	mh	mh	_	_	_	_	_	linguistic	_	none	_	Begin=1189.596|End=1189.937	_	_	_	_
342-0	TO073	342	342	0	invece	invece	_	_	_	_	_	linguistic	_	none	_	Begin=1189.937	_	_	_	_
342-1	TO073	342	342	1	il	il	_	_	_	_	_	linguistic	_	none	_	_	_	_	_	_
342-2	TO073	342	342	2	fatto	fatto	_	_	_	_	_	linguistic	_	none	_	_	_	_	_	_
342-3	TO073	342	342	3	di:	di	_	_	_	_	_	linguistic	_	none	_	End=1191.424	1x1	_	_	_
343-0	TO073	343	343	0	probabilmente	probabilmente	_	_	_	_	_	linguistic	_	none	_	Begin=1192.061	_	_	_	_
343-1	TO073	343	343	1	di	di	_	_	_	_	_	linguistic	_	none	_	_	_	_	_	_
343-2	TO073	343	343	2	conviverci	conviverci	_	_	_	_	_	linguistic	_	none	_	_	_	_	_	_
343-3	TO073	343	343	3	di	di	_	_	_	_	_	linguistic	_	none	PauseAfter=Yes	_	_	_	_	_
343-4	TO073	343	343	4	{P}	{P}	_	_	_	_	_	shortpause	_	none	_	_	_	_	_	_
343-5	TO073	343	343	5	passare	passare	_	_	_	_	_	linguistic	_	none	_	_	_	_	_	_
343-6	TO073	343	343	6	anche	anche	_	_	_	_	_	linguistic	_	none	_	_	_	_	_	_
343-7	TO073	343	343	7	così	così	_	_	_	_	_	linguistic	_	none	_	_	_	_	_	_
343-8	TO073	343	343	8	tanto	tanto	_	_	_	_	_	linguistic	_	none	_	_	_	_	_	_
343-9	TO073	343	343	9	tempo	tempo	_	_	_	_	_	linguistic	_	none	_	_	_	_	_	_
343-10	TO073	343	343	10	insieme	insieme	_	_	_	_	_	linguistic	_	none	_	_	_	_	_	_
343-11	TO073	343	343	11	anche	anche	_	_	_	_	_	linguistic	_	none	_	_	_	_	_	_
343-12	TO073	343	343	12	quando	quando	_	_	_	_	_	linguistic	_	none	PauseAfter=Yes	_	_	_	_	_
343-13	TO073	343	343	13	{P}	{P}	_	_	_	_	_	shortpause	_	none	_	_	_	_	_	_
343-14	TO073	343	343	14	e:h	eh	_	_	_	_	_	linguistic	_	none	_	End=1197.181	0x1	_	_	_
344-0	TO073	344	344	0	stavamo	stavamo	_	_	_	_	_	linguistic	_	none	_	Begin=1197.621	_	_	_	_
344-1	TO073	344	344	1	ognuno	ognuno	_	_	_	_	_	linguistic	_	none	_	_	_	_	_	_
344-2	TO073	344	344	2	per	per	_	_	_	_	_	linguistic	_	none	_	_	_	_	_	_
344-3	TO073	344	344	3	i	i	_	_	_	_	_	linguistic	_	none	_	_	_	_	_	_
344-4	TO073	344	344	4	fatti	fatti	_	_	_	_	_	linguistic	_	none	_	_	_	_	_	_
344-5	TO073	344	344	5	suoi	suoi	_	_	_	_	_	linguistic	_	none	_	_	_	_	_	_
344-6	TO073	344	344	6	in	in	_	_	_	_	_	linguistic	_	none	_	_	_	_	_	_
344-7	TO073	344	344	7	casa	casa	_	_	_	_	_	linguistic	_	none	_	_	_	_	_	_
344-8	TO073	344	344	8	[comunque	comunque	_	_	_	_	_	linguistic	_	none	_	_	_	_	_	0-8(77)
344-9	TO073	344	344	9	eravamo]	eravamo	_	_	_	_	_	linguistic	_	none	_	_	_	_	_	0-7(77)
344-10	TO073	344	344	10	insieme	insieme	_	_	_	_	_	linguistic	_	none	_	End=1201.223	_	_	_	_
345-0	TO071	345	345	0	[mh	mh	_	_	_	_	_	linguistic	_	none	_	Begin=1199.56	_	_	_	0-2(77)
345-1	TO071	345	345	1	mh]	mh	_	_	_	_	_	linguistic	_	none	_	End=1200.097	_	_	_	0-2(77)
346-0	TO073	346	346	0	probabilmente	probabilmente	_	_	_	_	_	linguistic	_	none	_	Begin=1201.908	_	_	_	_
346-1	TO073	346	346	1	c'	c'	_	_	_	_	_	linguistic	_	none	SpaceAfter=No	_	_	_	_	_
346-2	TO073	346	346	2	ha	ha	_	_	_	_	_	linguistic	_	none	_	_	_	_	_	_
346-3	TO073	346	346	3	c'	c'	_	_	_	_	_	linguistic	_	none	SpaceAfter=No	_	_	_	_	_
346-4	TO073	346	346	4	ha	ha	_	_	_	_	_	linguistic	_	none	_	_	_	_	_	_
346-5	TO073	346	346	5	ha	ha	_	_	_	_	_	linguistic	_	none	_	_	_	_	_	_
346-6	TO073	346	346	6	fatto	fatto	_	_	_	_	_	linguistic	_	none	_	_	_	_	_	_
346-7	TO073	346	346	7	si	si	_	_	_	_	_	linguistic	_	none	_	_	_	_	_	_
346-8	TO073	346	346	8	che	che	_	_	_	_	_	linguistic	_	none	PauseAfter=Yes	_	_	_	_	_
346-9	TO073	346	346	9	{P}	{P}	_	_	_	_	_	shortpause	_	none	_	_	_	_	_	_
346-10	TO073	346	346	10	l'	l'	_	_	_	_	_	linguistic	_	none	SpaceAfter=No	_	_	_	_	_
346-11	TO073	346	346	11	erasmus	erasmus	_	_	_	_	_	linguistic	_	none	_	_	_	_	_	_
346-12	TO073	346	346	12	alla	alla	_	_	_	_	_	linguistic	_	none	_	_	_	_	_	_
346-13	TO073	346	346	13	fine	fine	_	_	_	_	_	linguistic	_	none	_	_	_	_	_	_
346-14	TO073	346	346	14	lo	lo	_	_	_	_	_	linguistic	_	none	_	_	_	_	_	_
346-15	TO073	346	346	15	finissmo	finissmo	_	_	_	_	_	linguistic	_	none	_	_	_	_	_	_
346-16	TO073	346	346	16	insieme	insieme	_	_	_	_	_	linguistic	_	none	_	_	_	_	_	_
346-17	TO073	346	346	17	ma	ma	_	_	_	_	_	linguistic	_	none	PauseAfter=Yes	_	_	_	_	_
346-18	TO073	346	346	18	{P}	{P}	_	_	_	_	_	shortpause	_	none	_	_	_	_	_	_
346-19	TO073	346	346	19	eh	eh	_	_	_	_	_	linguistic	_	none	_	End=1207.127	_	_	_	_
347-0	TO073	347	347	0	siamo	siamo	_	_	_	_	_	linguistic	_	none	_	Begin=1207.942	_	_	_	_
347-1	TO073	347	347	1	andati	andati	_	_	_	_	_	linguistic	_	none	_	_	_	_	_	_
347-2	TO073	347	347	2	via	via	_	_	_	_	_	linguistic	_	none	_	_	_	_	_	_
347-3	TO073	347	347	3	in	in	_	_	_	_	_	linguistic	_	none	_	_	_	_	_	_
347-4	TO073	347	347	4	non	non	_	_	_	_	_	linguistic	_	none	_	_	_	_	_	_
347-5	TO073	347	347	5	in	in	_	_	_	_	_	linguistic	_	none	_	_	_	_	_	_
347-6	TO073	347	347	6	ottimi	ottimi	_	_	_	_	_	linguistic	_	none	_	_	_	_	_	_
347-7	TO073	347	347	7	rapporti	rapporti	_	_	_	_	_	linguistic	_	none	_	_	_	_	_	_
347-8	TO073	347	347	8	ecco	ecco	_	_	_	_	_	linguistic	_	none	_	_	_	_	_	_
347-9	TO073	347	347	9	[l'	l'	_	_	_	_	_	linguistic	_	none	SpaceAfter=No	_	_	_	_	0-2(78)
347-10	TO073	347	347	10	una	una	_	_	_	_	_	linguistic	_	none	_	_	_	_	_	0-3(78)
347-11	TO073	347	347	11	con	con	_	_	_	_	_	linguistic	_	none	_	_	_	_	_	0-3(78)
347-12	TO073	347	347	12	l'	l'	_	_	_	_	_	linguistic	_	none	SpaceAfter=No	_	_	_	_	0-2(78)
347-13	TO073	347	347	13	altra]	altra	_	_	_	_	_	linguistic	_	none	_	_	_	_	_	0-4(78)
347-14	TO073	347	347	14	e	e	_	_	_	_	_	linguistic	_	none	_	_	_	_	_	_
347-15	TO073	347	347	15	tutt'	tutt'	_	_	_	_	_	linguistic	_	none	SpaceAfter=No	_	_	_	_	_
347-16	TO073	347	347	16	ora	ora	_	_	_	_	_	linguistic	_	none	_	_	_	_	_	_
347-17	TO073	347	347	17	è	è	_	_	_	_	_	linguistic	_	none	_	_	_	_	_	_
347-18	TO073	347	347	18	sempre	sempre	_	_	_	_	_	linguistic	_	none	_	_	_	_	_	_
347-19	TO073	347	347	19	un	un	_	_	_	_	_	linguistic	_	none	_	_	_	_	_	_
347-20	TO073	347	347	20	po'	po'	_	_	_	_	_	linguistic	_	none	_	_	_	_	_	_
347-21	TO073	347	347	21	un:	un	_	_	_	_	_	linguistic	_	none	_	End=1214.036	1x1	_	_	_
348-0	TO071	348	348	0	[ah	ah	_	_	_	_	_	linguistic	_	none	_	Begin=1210.382	_	_	_	0-2(78)
348-1	TO071	348	348	1	okay]	okay	_	_	_	_	_	linguistic	_	none	_	End=1211.26	_	_	_	0-4(78)
349-0	TO073	349	349	0	è	è	_	_	_	_	_	linguistic	_	none	_	Begin=1214.577	_	_	_	_
349-1	TO073	349	349	1	sempre	sempre	_	_	_	_	_	linguistic	_	none	_	_	_	_	_	_
349-2	TO073	349	349	2	un	un	_	_	_	_	_	linguistic	_	none	_	_	_	_	_	_
349-3	TO073	349	349	3	po'	po'	_	_	_	_	_	linguistic	_	none	_	_	_	_	_	_
349-4	TO073	349	349	4	una:	una	_	_	_	_	_	linguistic	_	none	_	End=1216.39	2x1	_	_	_
350-0	TO073	350	350	0	mado'	mado'	_	_	_	_	_	linguistic	_	none	Truncated=Yes	Begin=1219.46|End=1219.77	_	_	_	_
351-0	TO071	351	351	0	vai	vai	_	_	_	_	_	linguistic	_	none	_	Begin=1219.785	_	_	_	_
351-1	TO071	351	351	1	vai	vai	_	_	_	_	_	linguistic	_	none	_	_	_	_	_	_
351-2	TO071	351	351	2	vai	vai	_	_	_	_	_	linguistic	_	none	_	End=1220.273	_	_	_	_
352-0	TO073	352	352	0	è	è	_	_	_	_	_	linguistic	_	none	_	Begin=1220.273	_	_	_	_
352-1	TO073	352	352	1	sempre	sempre	_	_	_	_	_	linguistic	_	none	_	_	_	_	_	_
352-2	TO073	352	352	2	un	un	_	_	_	_	_	linguistic	_	none	_	_	_	_	_	_
352-3	TO073	352	352	3	po'	po'	_	_	_	_	_	linguistic	_	none	_	_	_	_	_	_
352-4	TO073	352	352	4	una	una	_	_	_	_	_	linguistic	_	none	_	_	_	_	_	_
352-5	TO073	352	352	5	m:::h	mh	_	_	_	_	_	linguistic	_	none	_	_	0x3	_	_	_
352-6	TO073	352	352	6	non	non	_	_	_	_	_	linguistic	_	none	_	_	_	_	_	_
352-7	TO073	352	352	7	lo	lo	_	_	_	_	_	linguistic	_	none	_	_	_	_	_	_
352-8	TO073	352	352	8	so	so	_	_	_	_	_	linguistic	_	none	_	_	_	_	_	_
352-9	TO073	352	352	9	una	una	_	_	_	_	_	linguistic	_	none	_	_	_	_	_	_
352-10	TO073	352	352	10	mh	mh	_	_	_	_	_	linguistic	_	none	_	End=1224.792	_	_	_	_
353-0	TO073	353	353	0	una	una	_	_	_	_	_	linguistic	_	none	PauseAfter=Yes	Begin=1225.057	_	_	_	_
353-1	TO073	353	353	1	{P}	{P}	_	_	_	_	_	shortpause	_	none	_	_	_	_	_	_
353-2	TO073	353	353	2	questione	questione	_	_	_	_	_	linguistic	_	none	_	_	_	_	_	_
353-3	TO073	353	353	3	d'	d'	_	_	_	_	_	linguistic	_	none	SpaceAfter=No	_	_	_	_	_
353-4	TO073	353	353	4	imbarazzo	imbarazzo	_	_	_	_	_	linguistic	_	none	_	_	_	_	_	_
353-5	TO073	353	353	5	quando	quando	_	_	_	_	_	linguistic	_	none	_	_	_	_	_	_
353-6	TO073	353	353	6	ci	ci	_	_	_	_	_	linguistic	_	none	_	_	_	_	_	_
353-7	TO073	353	353	7	sentiamo	sentiamo	_	_	_	_	_	linguistic	_	none	_	_	_	_	_	_
353-8	TO073	353	353	8	[quando]	quando	_	_	_	_	_	linguistic	_	none	_	End=1228.53	_	_	_	0-6(79)
354-0	TO071	354	354	0	[mh	mh	_	_	_	_	_	linguistic	_	none	_	Begin=1227.91	_	_	_	0-2(79)
354-1	TO071	354	354	1	mh]	mh	_	_	_	_	_	linguistic	_	none	_	End=1228.53	_	_	_	0-2(79)
355-0	TO073	355	355	0	eh	eh	_	_	_	_	_	linguistic	_	none	_	Begin=1228.855	_	_	_	_
355-1	TO073	355	355	1	si	si	_	_	_	_	_	linguistic	_	none	_	_	_	_	_	_
355-2	TO073	355	355	2	ci	ci	_	_	_	_	_	linguistic	_	none	_	_	_	_	_	_
355-3	TO073	355	355	3	diciamo	diciamo	_	_	_	_	_	linguistic	_	none	_	_	_	_	_	_
355-4	TO073	355	355	4	delle	delle	_	_	_	_	_	linguistic	_	none	_	_	_	_	_	_
355-5	TO073	355	355	5	cose	cose	_	_	_	_	_	linguistic	_	none	_	_	_	_	_	_
355-6	TO073	355	355	6	però	però	_	_	_	_	_	linguistic	_	none	_	_	_	_	_	_
355-7	TO073	355	355	7	poi	poi	_	_	_	_	_	linguistic	_	none	_	_	_	_	_	_
355-8	TO073	355	355	8	mai	mai	_	_	_	_	_	linguistic	_	none	_	_	_	_	_	_
355-9	TO073	355	355	9	tutto:	tutto	_	_	_	_	_	linguistic	_	none	_	End=1233.185	4x1	_	_	_
356-0	TO073	356	356	0	>c'	c'	_	_	_	_	_	linguistic	_	none	SpaceAfter=No	Begin=1233.389	_	Fast=0-2(0)	_	_
356-1	TO073	356	356	1	è	è	_	_	_	_	_	linguistic	_	none	_	_	_	Fast=0-1(0)	_	_
356-2	TO073	356	356	2	stata	stata	_	_	_	_	_	linguistic	_	none	_	_	_	Fast=0-5(0)	_	_
356-3	TO073	356	356	3	la	la	_	_	_	_	_	linguistic	_	none	_	_	_	Fast=0-2(0)	_	_
356-4	TO073	356	356	4	laurea	laurea	_	_	_	_	_	linguistic	_	none	_	_	_	Fast=0-6(0)	_	_
356-5	TO073	356	356	5	di	di	_	_	_	_	_	linguistic	_	none	_	_	_	Fast=0-2(0)	_	_
356-6	TO073	356	356	6	una	una	_	_	_	_	_	linguistic	_	none	_	_	_	Fast=0-3(0)	_	_
356-7	TO073	356	356	7	di	di	_	_	_	_	_	linguistic	_	none	_	_	_	Fast=0-2(0)	_	_
356-8	TO073	356	356	8	queste	queste	_	_	_	_	_	linguistic	_	none	_	_	_	Fast=0-6(0)	_	_
356-9	TO073	356	356	9	nostre	nostre	_	_	_	_	_	linguistic	_	none	_	_	_	Fast=0-6(0)	_	_
356-10	TO073	356	356	10	amiche	amiche	_	_	_	_	_	linguistic	_	none	_	_	_	Fast=0-6(0)	_	_
356-11	TO073	356	356	11	carissime<	carissime	_	_	_	_	_	linguistic	_	none	_	End=1236.156	_	Fast=0-9(0)	_	_
357-0	TO073	357	357	0	a	a	_	_	_	_	_	linguistic	_	none	_	Begin=1236.476	_	_	_	_
357-1	TO073	357	357	1	cui	cui	_	_	_	_	_	linguistic	_	none	_	_	_	_	_	_
357-2	TO073	357	357	2	lei	lei	_	_	_	_	_	linguistic	_	none	_	_	_	_	_	_
357-3	TO073	357	357	3	non	non	_	_	_	_	_	linguistic	_	none	_	_	_	_	_	_
357-4	TO073	357	357	4	è	è	_	_	_	_	_	linguistic	_	none	_	_	_	_	_	_
357-5	TO073	357	357	5	stata	stata	_	_	_	_	_	linguistic	_	none	_	_	_	_	_	_
357-6	TO073	357	357	6	invitata	invitata	_	_	_	_	_	linguistic	_	none	_	_	_	_	_	_
357-7	TO073	357	357	7	l'	l'	_	_	_	_	_	linguistic	_	none	SpaceAfter=No	_	_	_	_	_
357-8	TO073	357	357	8	ha	ha	_	_	_	_	_	linguistic	_	none	_	_	_	_	_	_
357-9	TO073	357	357	9	scoperto	scoperto	_	_	_	_	_	linguistic	_	none	_	_	_	_	_	_
357-10	TO073	357	357	10	tramite	tramite	_	_	_	_	_	linguistic	_	none	_	_	_	_	_	_
357-11	TO073	357	357	11	i	i	_	_	_	_	_	linguistic	_	none	_	_	_	_	_	_
357-12	TO073	357	357	12	so:cial	social	_	_	_	_	_	linguistic	_	none	_	_	1x1	_	_	_
357-13	TO073	357	357	13	quindi	quindi	_	_	_	_	_	linguistic	_	none	_	End=1239.91	_	_	_	_
358-0	TO073	358	358	0	questione	questione	_	_	_	_	_	linguistic	_	none	_	Begin=1240.567	_	_	_	_
358-1	TO073	358	358	1	[di:]	di	_	_	_	_	_	linguistic	_	none	_	End=1241.43	1x1	_	_	0-2(80)
359-0	TO071	359	359	0	[non	non	_	_	_	_	_	linguistic	_	none	_	Begin=1241.052	_	_	_	0-3(80)
359-1	TO071	359	359	1	ha]	ha	_	_	_	_	_	linguistic	_	none	_	_	_	_	_	0-2(80)
359-2	TO071	359	359	2	gradito	gradito	_	_	_	_	_	linguistic	_	none	_	End=1241.926	_	_	_	_
360-0	TO073	360	360	0	no.	no	_	_	_	_	_	linguistic	_	none	Intonation=Falling	Begin=1241.93|End=1242.324	_	_	_	_
361-0	TO071	361	361	0	eh	eh	_	_	_	_	_	linguistic	_	none	_	Begin=1242.324|End=1242.942	_	_	_	_
362-0	TO071	362	362	0	(allor~)	allor~	_	_	_	_	_	linguistic	_	none	Interrupted=Yes	Begin=1243.635	_	_	0-6(0)	_
362-1	TO071	362	362	1	mh	mh	_	_	_	_	_	linguistic	_	none	_	End=1244.783	_	_	_	_
363-0	TO071	363	363	0	parliamo	parliamo	_	_	_	_	_	linguistic	_	none	_	Begin=1244.854	_	_	_	_
363-1	TO071	363	363	1	un	un	_	_	_	_	_	linguistic	_	none	_	_	_	_	_	_
363-2	TO071	363	363	2	po'	po'	_	_	_	_	_	linguistic	_	none	_	_	_	_	_	_
363-3	TO071	363	363	3	di	di	_	_	_	_	_	linguistic	_	none	_	_	_	_	_	_
363-4	TO071	363	363	4	murcia	murcia	_	_	_	_	_	linguistic	_	none	_	_	_	_	_	_
363-5	TO071	363	363	5	che	che	_	_	_	_	_	linguistic	_	none	_	_	_	_	_	_
363-6	TO071	363	363	6	pure	pure	_	_	_	_	_	linguistic	_	none	_	_	_	_	_	_
363-7	TO071	363	363	7	giacomo	giacomo	_	_	_	_	_	linguistic	_	none	_	_	_	_	_	_
363-8	TO071	363	363	8	mi	mi	_	_	_	_	_	linguistic	_	none	_	_	_	_	_	_
363-9	TO071	363	363	9	ha:	ha	_	_	_	_	_	linguistic	_	none	_	_	1x1	_	_	_
363-10	TO071	363	363	10	come	come	_	_	_	_	_	linguistic	_	none	_	_	_	_	_	_
363-11	TO071	363	363	11	dire	dire	_	_	_	_	_	linguistic	_	none	_	_	_	_	_	_
363-12	TO071	363	363	12	m'	m'	_	_	_	_	_	linguistic	_	none	SpaceAfter=No	_	_	_	_	_
363-13	TO071	363	363	13	(ha	ha	_	_	_	_	_	linguistic	_	none	_	_	_	_	_	_
363-14	TO071	363	363	14	m'	m'	_	_	_	_	_	linguistic	_	none	SpaceAfter=No	_	_	_	_	_
363-15	TO071	363	363	15	(ha	ha	_	_	_	_	_	linguistic	_	none	_	_	_	_	_	_
363-16	TO071	363	363	16	raccontato	raccontato	_	_	_	_	_	linguistic	_	none	_	_	_	_	_	_
363-17	TO071	363	363	17	qualche	qualche	_	_	_	_	_	linguistic	_	none	_	_	_	_	_	_
363-18	TO071	363	363	18	aneddoto	aneddoto	_	_	_	_	_	linguistic	_	none	_	_	_	_	_	_
363-19	TO071	363	363	19	però	però	_	_	_	_	_	linguistic	_	none	_	_	_	_	_	_
363-20	TO071	363	363	20	vorrei	vorrei	_	_	_	_	_	linguistic	_	none	_	_	_	_	_	_
363-21	TO071	363	363	21	sentirlo	sentirlo	_	_	_	_	_	linguistic	_	none	_	_	_	_	_	_
363-22	TO071	363	363	22	da	da	_	_	_	_	_	linguistic	_	none	_	_	_	_	_	_
363-23	TO071	363	363	23	un'	un'	_	_	_	_	_	linguistic	_	none	SpaceAfter=No	_	_	_	_	_
363-24	TO071	363	363	24	altra	altra	_	_	_	_	_	linguistic	_	none	_	_	_	_	_	_
363-25	TO071	363	363	25	campana	campana	_	_	_	_	_	linguistic	_	none	_	_	_	_	_	_
363-26	TO071	363	363	26	{ride}	{ride}	_	_	_	_	_	nonverbalbehavior	_	none	_	End=1251.828	_	_	_	_
364-0	TO071	364	364	0	dimmi	dimmi	_	_	_	_	_	linguistic	_	none	_	Begin=1251.828	_	_	_	_
364-1	TO071	364	364	1	un	un	_	_	_	_	_	linguistic	_	none	_	_	_	_	_	_
364-2	TO071	364	364	2	po'	po'	_	_	_	_	_	linguistic	_	none	_	_	_	_	_	_
364-3	TO071	364	364	3	del~	del~	_	_	_	_	_	linguistic	_	none	Interrupted=Yes|PauseAfter=Yes	_	_	_	_	_
364-4	TO071	364	364	4	{P}	{P}	_	_	_	_	_	shortpause	_	none	_	_	_	_	_	_
364-5	TO071	364	364	5	della	della	_	_	_	_	_	linguistic	_	none	_	_	_	_	_	_
364-6	TO071	364	364	6	città	città	_	_	_	_	_	linguistic	_	none	_	_	_	_	_	_
364-7	TO071	364	364	7	com'	com'	_	_	_	_	_	linguistic	_	none	SpaceAfter=No	_	_	_	_	_
364-8	TO071	364	364	8	era	era	_	_	_	_	_	linguistic	_	none	_	_	_	_	_	_
364-9	TO071	364	364	9	la	la	_	_	_	_	_	linguistic	_	none	_	_	_	_	_	_
364-10	TO071	364	364	10	vivibilità	vivibilità	_	_	_	_	_	linguistic	_	none	_	_	_	_	_	_
364-11	TO071	364	364	11	la	la	_	_	_	_	_	linguistic	_	none	_	_	_	_	_	_
364-12	TO071	364	364	12	non	non	_	_	_	_	_	linguistic	_	none	_	_	_	_	_	_
364-13	TO071	364	364	13	vivibilità	vivibilità	_	_	_	_	_	linguistic	_	none	_	End=1255.882	_	_	_	_
365-0	TO071	365	365	0	mo	mo	_	_	_	_	_	linguistic	_	none	PauseAfter=Yes	Begin=1255.89	_	_	_	_
365-1	TO071	365	365	1	{P}	{P}	_	_	_	_	_	shortpause	_	none	_	_	_	_	_	_
365-2	TO071	365	365	2	capisco	capisco	_	_	_	_	_	linguistic	_	none	_	_	_	_	_	_
365-3	TO071	365	365	3	che	che	_	_	_	_	_	linguistic	_	none	_	_	_	_	_	_
365-4	TO071	365	365	4	magari	magari	_	_	_	_	_	linguistic	_	none	_	_	_	_	_	_
365-5	TO071	365	365	5	sei	sei	_	_	_	_	_	linguistic	_	none	_	_	_	_	_	_
365-6	TO071	365	365	6	stata	stata	_	_	_	_	_	linguistic	_	none	_	_	_	_	_	_
365-7	TO071	365	365	7	mbriaca	mbriaca	_	_	_	_	_	linguistic	_	none	_	_	_	_	_	_
365-8	TO071	365	365	8	la	la	_	_	_	_	_	linguistic	_	none	_	_	_	_	_	_
365-9	TO071	365	365	9	maggiorparte	maggiorparte	_	_	_	_	_	linguistic	_	none	_	_	_	_	_	_
365-10	TO071	365	365	10	del	del	_	_	_	_	_	linguistic	_	none	_	_	_	_	_	_
365-11	TO071	365	365	11	tempo	tempo	_	_	_	_	_	linguistic	_	none	PauseAfter=Yes	_	_	_	_	_
365-12	TO071	365	365	12	{P}	{P}	_	_	_	_	_	shortpause	_	none	_	_	_	_	_	_
365-13	TO071	365	365	13	però	però	_	_	_	_	_	linguistic	_	none	_	_	_	_	_	_
365-14	TO071	365	365	14	forse	forse	_	_	_	_	_	linguistic	_	none	_	_	_	_	_	_
365-15	TO071	365	365	15	qualcosa	qualcosa	_	_	_	_	_	linguistic	_	none	_	_	_	_	_	_
365-16	TO071	365	365	16	ti	ti	_	_	_	_	_	linguistic	_	none	_	_	_	_	_	_
365-17	TO071	365	365	17	ri[cordi	ricordi	_	_	_	_	_	linguistic	_	none	PauseAfter=Yes	_	_	_	_	2-7(81)
365-18	TO071	365	365	18	{P}	{P}	_	_	_	_	_	shortpause	_	none	_	_	_	_	_	0-3(81)
365-19	TO071	365	365	19	eh]?	eh	_	_	_	_	_	linguistic	_	none	Intonation=Rising	End=1261.064	_	_	_	0-2(81)
366-0	TO073	366	366	0	{ride}	{ride}	_	_	_	_	_	nonverbalbehavior	_	none	_	Begin=1257.422|End=1259.54	_	_	_	_
367-0	TO073	367	367	0	[pro~	pro~	_	_	_	_	_	linguistic	_	none	Interrupted=Yes	Begin=1259.965	_	_	_	0-4(81)
367-1	TO073	367	367	1	no	no	_	_	_	_	_	linguistic	_	none	_	_	_	_	_	0-2(81)
367-2	TO073	367	367	2	mi]	mi	_	_	_	_	_	linguistic	_	none	_	_	_	_	_	0-2(81)
367-3	TO073	367	367	3	ricordo	ricordo	_	_	_	_	_	linguistic	_	none	_	_	_	_	_	_
367-4	TO073	367	367	4	bene	bene	_	_	_	_	_	linguistic	_	none	PauseAfter=Yes	_	_	_	_	_
367-5	TO073	367	367	5	{P}	{P}	_	_	_	_	_	shortpause	_	none	_	_	_	_	_	_
367-6	TO073	367	367	6	molte	molte	_	_	_	_	_	linguistic	_	none	_	_	_	_	_	_
367-7	TO073	367	367	7	cose	cose	_	_	_	_	_	linguistic	_	none	_	End=1262.142	_	_	_	_
368-0	TO073	368	368	0	ehm	ehm	_	_	_	_	_	linguistic	_	none	_	Begin=1262.314	_	_	_	_
368-1	TO073	368	368	1	allora	allora	_	_	_	_	_	linguistic	_	none	PauseAfter=Yes	_	_	_	_	_
368-2	TO073	368	368	2	{P}	{P}	_	_	_	_	_	shortpause	_	none	_	_	_	_	_	_
368-3	TO073	368	368	3	m:h	mh	_	_	_	_	_	linguistic	_	none	_	End=1264.727	0x1	_	_	_
369-0	TO073	369	369	0	vabbè	vabbè	_	_	_	_	_	linguistic	_	none	_	Begin=1264.922	_	_	_	_
369-1	TO073	369	369	1	murcia	murcia	_	_	_	_	_	linguistic	_	none	_	_	_	_	_	_
369-2	TO073	369	369	2	è	è	_	_	_	_	_	linguistic	_	none	_	_	_	_	_	_
369-3	TO073	369	369	3	una	una	_	_	_	_	_	linguistic	_	none	_	_	_	_	_	_
369-4	TO073	369	369	4	città	città	_	_	_	_	_	linguistic	_	none	PauseAfter=Yes	_	_	_	_	_
369-5	TO073	369	369	5	{P}	{P}	_	_	_	_	_	shortpause	_	none	_	_	_	_	_	_
369-6	TO073	369	369	6	(vabbè)	vabbè	_	_	_	_	_	linguistic	_	none	_	_	_	_	0-5(0)	_
369-7	TO073	369	369	7	no	no	_	_	_	_	_	linguistic	_	none	_	_	_	_	_	_
369-8	TO073	369	369	8	partiamo	partiamo	_	_	_	_	_	linguistic	_	none	_	_	_	_	_	_
369-9	TO073	369	369	9	dal	dal	_	_	_	_	_	linguistic	_	none	_	_	_	_	_	_
369-10	TO073	369	369	10	presupposto	presupposto	_	_	_	_	_	linguistic	_	none	_	_	_	_	_	_
369-11	TO073	369	369	11	che	che	_	_	_	_	_	linguistic	_	none	_	_	_	_	_	_
369-12	TO073	369	369	12	io	io	_	_	_	_	_	linguistic	_	none	_	_	_	_	_	_
369-13	TO073	369	369	13	sono	sono	_	_	_	_	_	linguistic	_	none	_	_	_	_	_	_
369-14	TO073	369	369	14	una	una	_	_	_	_	_	linguistic	_	none	_	_	_	_	_	_
369-15	TO073	369	369	15	persona	persona	_	_	_	_	_	linguistic	_	none	_	_	_	_	_	_
369-16	TO073	369	369	16	abbastanza	abbastanza	_	_	_	_	_	linguistic	_	none	_	End=1269.458	_	_	_	_
370-0	TO073	370	370	0	e:h	eh	_	_	_	_	_	linguistic	_	none	_	Begin=1269.683	0x1	_	_	_
370-1	TO073	370	370	1	come	come	_	_	_	_	_	linguistic	_	none	_	_	_	_	_	_
370-2	TO073	370	370	2	dire	dire	_	_	_	_	_	linguistic	_	none	_	End=1271.952	_	_	_	_
371-0	TO073	371	371	0	ehm	ehm	_	_	_	_	_	linguistic	_	none	_	Begin=1272.389|End=1273.498	_	_	_	_
372-0	TO073	372	372	0	abbastanza	abbastanza	_	_	_	_	_	linguistic	_	none	_	Begin=1273.649|End=1275.367	_	_	_	_
373-0	TO073	373	373	0	emotiva	emotiva	_	_	_	_	_	linguistic	_	none	_	Begin=1275.911	_	_	_	_
373-1	TO073	373	373	1	ecco.	ecco	_	_	_	_	_	linguistic	_	none	Intonation=Falling	End=1277.526	_	_	_	_
374-0	TO073	374	374	0	quindi	quindi	_	_	_	_	_	linguistic	_	none	_	Begin=1277.724	_	_	_	_
374-1	TO073	374	374	1	ehm	ehm	_	_	_	_	_	linguistic	_	none	PauseAfter=Yes	_	_	_	_	_
374-2	TO073	374	374	2	{P}	{P}	_	_	_	_	_	shortpause	_	none	_	_	_	_	_	_
374-3	TO073	374	374	3	per	per	_	_	_	_	_	linguistic	_	none	_	_	_	_	_	_
374-4	TO073	374	374	4	me	me	_	_	_	_	_	linguistic	_	none	PauseAfter=Yes	_	_	_	_	_
374-5	TO073	374	374	5	{P}	{P}	_	_	_	_	_	shortpause	_	none	_	_	_	_	_	_
374-6	TO073	374	374	6	qualsiasi	qualsiasi	_	_	_	_	_	linguistic	_	none	_	_	_	_	_	_
374-7	TO073	374	374	7	esperienza	esperienza	_	_	_	_	_	linguistic	_	none	_	_	_	_	_	_
374-8	TO073	374	374	8	qualsiasi	qualsiasi	_	_	_	_	_	linguistic	_	none	_	_	_	_	_	_
374-9	TO073	374	374	9	città	città	_	_	_	_	_	linguistic	_	none	_	_	_	_	_	_
374-10	TO073	374	374	10	qualsiasi	qualsiasi	_	_	_	_	_	linguistic	_	none	_	_	_	_	_	_
374-11	TO073	374	374	11	luogo	luogo	_	_	_	_	_	linguistic	_	none	_	_	_	_	_	_
374-12	TO073	374	374	12	ha	ha	_	_	_	_	_	linguistic	_	none	_	_	_	_	_	_
374-13	TO073	374	374	13	una	una	_	_	_	_	_	linguistic	_	none	_	_	_	_	_	_
374-14	TO073	374	374	14	carica	carica	_	_	_	_	_	linguistic	_	none	_	_	_	_	_	_
374-15	TO073	374	374	15	emotiva	emotiva	_	_	_	_	_	linguistic	_	none	_	_	_	_	_	_
374-16	TO073	374	374	16	fortissima	fortissima	_	_	_	_	_	linguistic	_	none	_	End=1283.98	_	_	_	_
375-0	TO071	375	375	0	mh	mh	_	_	_	_	_	linguistic	_	none	_	Begin=1284.0	_	_	_	_
375-1	TO071	375	375	1	mh	mh	_	_	_	_	_	linguistic	_	none	_	End=1284.359	_	_	_	_
376-0	TO073	376	376	0	date	date	_	_	_	_	_	linguistic	_	none	_	Begin=1284.359	_	_	_	_
376-1	TO073	376	376	1	tutte	tutte	_	_	_	_	_	linguistic	_	none	_	_	_	_	_	_
376-2	TO073	376	376	2	le	le	_	_	_	_	_	linguistic	_	none	PauseAfter=Yes	_	_	_	_	_
376-3	TO073	376	376	3	{P}	{P}	_	_	_	_	_	shortpause	_	none	_	_	_	_	_	_
376-4	TO073	376	376	4	grandi	grandi	_	_	_	_	_	linguistic	_	none	_	_	_	_	_	_
376-5	TO073	376	376	5	esperienze	esperienze	_	_	_	_	_	linguistic	_	none	_	_	_	_	_	_
376-6	TO073	376	376	6	che	che	_	_	_	_	_	linguistic	_	none	_	_	_	_	_	_
376-7	TO073	376	376	7	ho	ho	_	_	_	_	_	linguistic	_	none	_	_	_	_	_	_
376-8	TO073	376	376	8	vissuto	vissuto	_	_	_	_	_	linguistic	_	none	_	_	_	_	_	_
376-9	TO073	376	376	9	lì	lì	_	_	_	_	_	linguistic	_	none	_	_	_	_	_	_
376-10	TO073	376	376	10	per	per	_	_	_	_	_	linguistic	_	none	_	_	_	_	_	_
376-11	TO073	376	376	11	me	me	_	_	_	_	_	linguistic	_	none	_	_	_	_	_	_
376-12	TO073	376	376	12	murcia	murcia	_	_	_	_	_	linguistic	_	none	_	_	_	_	_	_
376-13	TO073	376	376	13	è	è	_	_	_	_	_	linguistic	_	none	_	_	_	_	_	_
376-14	TO073	376	376	14	eh	eh	_	_	_	_	_	linguistic	_	none	_	End=1288.111	_	_	_	_
377-0	TO073	377	377	0	assimilabile	assimilabile	_	_	_	_	_	linguistic	_	none	_	Begin=1288.471	_	_	_	_
377-1	TO073	377	377	1	alla	alla	_	_	_	_	_	linguistic	_	none	_	_	_	_	_	_
377-2	TO073	377	377	2	città	città	_	_	_	_	_	linguistic	_	none	_	_	_	_	_	_
377-3	TO073	377	377	3	più	più	_	_	_	_	_	linguistic	_	none	_	_	_	_	_	_
377-4	TO073	377	377	4	bella	bella	_	_	_	_	_	linguistic	_	none	_	_	_	_	_	_
377-5	TO073	377	377	5	del	del	_	_	_	_	_	linguistic	_	none	_	_	_	_	_	_
377-6	TO073	377	377	6	mondo	mondo	_	_	_	_	_	linguistic	_	none	_	_	_	_	_	_
377-7	TO073	377	377	7	[ecco	ecco	_	_	_	_	_	linguistic	_	none	_	_	_	_	_	0-4(82)
377-8	TO073	377	377	8	mettiamola]	mettiamola	_	_	_	_	_	linguistic	_	none	_	_	_	_	_	0-10(82)
377-9	TO073	377	377	9	così	così	_	_	_	_	_	linguistic	_	none	_	End=1291.636	_	_	_	_
378-0	TO071	378	378	0	[chiaro]	chiaro	_	_	_	_	_	linguistic	_	none	_	Begin=1290.34|End=1291.02	_	_	_	0-6(82)
379-0	TO073	379	379	0	cioè	cioè	_	_	_	_	_	linguistic	_	none	_	Begin=1292.164	_	_	_	_
379-1	TO073	379	379	1	>avrei	avrei	_	_	_	_	_	linguistic	_	none	_	_	_	Fast=0-5(0)	_	_
379-2	TO073	379	379	2	potuto	potuto	_	_	_	_	_	linguistic	_	none	_	_	_	Fast=0-6(0)	_	_
379-3	TO073	379	379	3	fare	fare	_	_	_	_	_	linguistic	_	none	_	_	_	Fast=0-4(0)	_	_
379-4	TO073	379	379	4	l'	l'	_	_	_	_	_	linguistic	_	none	SpaceAfter=No	_	_	Fast=0-2(0)	_	_
379-5	TO073	379	379	5	erasmus<	erasmus	_	_	_	_	_	linguistic	_	none	_	_	_	Slow=6-7(0)|Fast=0-7(0)	_	_
379-6	TO073	379	379	6	anche	anche	_	_	_	_	_	linguistic	_	none	_	_	_	Slow=0-5(0)	_	_
379-7	TO073	379	379	7	a:	a	_	_	_	_	_	linguistic	_	none	PauseAfter=Yes	_	0x1	Slow=0-1(0)	_	_
379-8	TO073	379	379	8	{P}	{P}	_	_	_	_	_	shortpause	_	none	_	_	_	Slow=0-3(0)	_	_
379-9	TO073	379	379	9	poggio	poggio	_	_	_	_	_	linguistic	_	none	_	_	_	Slow=0-6(0)	_	_
379-10	TO073	379	379	10	fiorito	fiorito	_	_	_	_	_	linguistic	_	none	_	_	_	Slow=0-7(0)	_	_
379-11	TO073	379	379	11	ma	ma	_	_	_	_	_	linguistic	_	none	_	_	_	Slow=0-2(0)	_	_
379-12	TO073	379	379	12	eh	eh	_	_	_	_	_	linguistic	_	none	_	_	_	Slow=0-2(0)	_	_
379-13	TO073	379	379	13	>sarebbe	sarebbe	_	_	_	_	_	linguistic	_	none	_	_	_	Fast=0-7(1)	_	_
379-14	TO073	379	379	14	stato	stato	_	_	_	_	_	linguistic	_	none	_	_	_	Fast=0-5(1)	_	_
379-15	TO073	379	379	15	comunque<	comunque	_	_	_	_	_	linguistic	_	none	_	_	_	Fast=0-8(1)	_	_
379-16	TO073	379	379	16	la	la	_	_	_	_	_	linguistic	_	none	_	_	_	_	_	_
379-17	TO073	379	379	17	cosa	cosa	_	_	_	_	_	linguistic	_	none	_	_	_	_	_	_
379-18	TO073	379	379	18	più	più	_	_	_	_	_	linguistic	_	none	PauseAfter=Yes	_	_	_	_	_
379-19	TO073	379	379	19	{P}	{P}	_	_	_	_	_	shortpause	_	none	_	_	_	_	_	_
379-20	TO073	379	379	20	bella	bella	_	_	_	_	_	linguistic	_	none	_	_	_	_	_	_
379-21	TO073	379	379	21	nel	nel	_	_	_	_	_	linguistic	_	none	_	_	_	_	_	_
379-22	TO073	379	379	22	mondo	mondo	_	_	_	_	_	linguistic	_	none	_	End=1299.175	_	_	_	_
380-0	TO073	380	380	0	chiaro	chiaro	_	_	_	_	_	linguistic	_	none	_	Begin=1299.587	_	_	_	_
380-1	TO073	380	380	1	è	è	_	_	_	_	_	linguistic	_	none	_	_	_	_	_	_
380-2	TO073	380	380	2	che	che	_	_	_	_	_	linguistic	_	none	_	_	_	_	_	_
380-3	TO073	380	380	3	quando	quando	_	_	_	_	_	linguistic	_	none	_	_	_	_	_	_
380-4	TO073	380	380	4	i	i	_	_	_	_	_	linguistic	_	none	_	_	_	_	_	_
380-5	TO073	380	380	5	miei	miei	_	_	_	_	_	linguistic	_	none	_	_	_	_	_	_
380-6	TO073	380	380	6	amici	amici	_	_	_	_	_	linguistic	_	none	_	_	_	_	_	_
380-7	TO073	380	380	7	di	di	_	_	_	_	_	linguistic	_	none	_	_	_	_	_	_
380-8	TO073	380	380	8	qua	qua	_	_	_	_	_	linguistic	_	none	_	_	_	_	_	_
380-9	TO073	380	380	9	mi	mi	_	_	_	_	_	linguistic	_	none	_	_	_	_	_	_
380-10	TO073	380	380	10	venivano	venivano	_	_	_	_	_	linguistic	_	none	_	_	_	_	_	_
380-11	TO073	380	380	11	a	a	_	_	_	_	_	linguistic	_	none	_	_	_	_	_	_
380-12	TO073	380	380	12	trovare	trovare	_	_	_	_	_	linguistic	_	none	PauseAfter=Yes	_	_	_	_	_
380-13	TO073	380	380	13	{P}	{P}	_	_	_	_	_	shortpause	_	none	_	_	_	_	_	_
380-14	TO073	380	380	14	ehmh	ehmh	_	_	_	_	_	linguistic	_	none	_	End=1303.821	_	_	_	_
381-0	TO073	381	381	0	non	non	_	_	_	_	_	linguistic	_	none	_	Begin=1304.482	_	_	_	_
381-1	TO073	381	381	1	la	la	_	_	_	_	_	linguistic	_	none	_	_	_	_	_	_
381-2	TO073	381	381	2	vedevano	vedevano	_	_	_	_	_	linguistic	_	none	PauseAfter=Yes	_	_	_	_	_
381-3	TO073	381	381	3	{P}	{P}	_	_	_	_	_	shortpause	_	none	_	_	_	_	_	_
381-4	TO073	381	381	4	architettonicamente	architettonicamente	_	_	_	_	_	linguistic	_	none	_	_	_	_	_	_
381-5	TO073	381	381	5	bella	bella	_	_	_	_	_	linguistic	_	none	_	_	_	_	_	_
381-6	TO073	381	381	6	quanto	quanto	_	_	_	_	_	linguistic	_	none	_	_	_	_	_	_
381-7	TO073	381	381	7	me	me	_	_	_	_	_	linguistic	_	none	_	_	_	_	_	_
381-8	TO073	381	381	8	>perché	perché	_	_	_	_	_	linguistic	_	none	_	_	_	Fast=0-6(0)	_	_
381-9	TO073	381	381	9	io	io	_	_	_	_	_	linguistic	_	none	_	_	_	Fast=0-2(0)	_	_
381-10	TO073	381	381	10	[anche	anche	_	_	_	_	_	linguistic	_	none	_	_	_	Fast=0-5(0)	_	0-5(83)
381-11	TO073	381	381	11	dal	dal	_	_	_	_	_	linguistic	_	none	_	_	_	Fast=0-3(0)	_	0-3(83)
381-12	TO073	381	381	12	punto	punto	_	_	_	_	_	linguistic	_	none	_	_	_	Fast=0-5(0)	_	0-5(83)
381-13	TO073	381	381	13	di	di	_	_	_	_	_	linguistic	_	none	_	_	_	Fast=0-2(0)	_	0-2(83)
381-14	TO073	381	381	14	vis]ta	vista	_	_	_	_	_	linguistic	_	none	_	_	_	Fast=0-5(0)	_	0-3(83)
381-15	TO073	381	381	15	architettonico	architettonico	_	_	_	_	_	linguistic	_	none	_	_	_	Fast=0-14(0)	_	_
381-16	TO073	381	381	16	proprio	proprio	_	_	_	_	_	linguistic	_	none	_	_	_	Fast=0-7(0)	_	_
381-17	TO073	381	381	17	la	la	_	_	_	_	_	linguistic	_	none	_	_	_	Fast=0-2(0)	_	_
381-18	TO073	381	381	18	vedevo<	vedevo	_	_	_	_	_	linguistic	_	none	_	End=1310.244	_	Fast=0-6(0)	_	_
382-0	TO071	382	382	0	[chiaro]	chiaro	_	_	_	_	_	linguistic	_	none	_	Begin=1307.884|End=1308.528	_	_	_	0-6(83)
383-0	TO073	383	383	0	>meraviglioso	meraviglioso	_	_	_	_	_	linguistic	_	none	_	Begin=1310.41	_	_	_	_
383-1	TO073	383	383	1	>cioè<	cioè	_	_	_	_	_	linguistic	_	none	_	_	_	_	_	_
383-2	TO073	383	383	2	la	la	_	_	_	_	_	linguistic	_	none	_	_	_	_	_	_
383-3	TO073	383	383	3	vedo	vedo	_	_	_	_	_	linguistic	_	none	_	_	_	_	_	_
383-4	TO073	383	383	4	tuttora	tuttora	_	_	_	_	_	linguistic	_	none	_	_	_	_	_	_
383-5	TO073	383	383	5	meravigliosa<.	meravigliosa	_	_	_	_	_	linguistic	_	none	Intonation=Falling	End=1312.775	_	_	_	_
384-0	TO073	384	384	0	e	e	_	_	_	_	_	linguistic	_	none	_	Begin=1313.05	_	_	_	_
384-1	TO073	384	384	1	poi	poi	_	_	_	_	_	linguistic	_	none	_	_	_	_	_	_
384-2	TO073	384	384	2	per	per	_	_	_	_	_	linguistic	_	none	_	_	_	_	_	_
384-3	TO073	384	384	3	me	me	_	_	_	_	_	linguistic	_	none	_	_	_	_	_	_
384-4	TO073	384	384	4	è	è	_	_	_	_	_	linguistic	_	none	_	_	_	_	_	_
384-5	TO073	384	384	5	una	una	_	_	_	_	_	linguistic	_	none	_	_	_	_	_	_
384-6	TO073	384	384	6	città	città	_	_	_	_	_	linguistic	_	none	_	_	_	_	_	_
384-7	TO073	384	384	7	bella	bella	_	_	_	_	_	linguistic	_	none	_	_	_	_	_	_
384-8	TO073	384	384	8	perché	perché	_	_	_	_	_	linguistic	_	none	_	_	_	_	_	_
384-9	TO073	384	384	9	è	è	_	_	_	_	_	linguistic	_	none	_	_	_	_	_	_
384-10	TO073	384	384	10	una	una	_	_	_	_	_	linguistic	_	none	_	_	_	_	_	_
384-11	TO073	384	384	11	città	città	_	_	_	_	_	linguistic	_	none	PauseAfter=Yes	_	_	_	_	_
384-12	TO073	384	384	12	{P}	{P}	_	_	_	_	_	shortpause	_	none	_	_	_	_	_	_
384-13	TO073	384	384	13	vivibile	vivibile	_	_	_	_	_	linguistic	_	none	_	_	_	_	_	_
384-14	TO073	384	384	14	io	io	_	_	_	_	_	linguistic	_	none	_	_	_	_	_	_
384-15	TO073	384	384	15	ho	ho	_	_	_	_	_	linguistic	_	none	_	_	_	_	_	_
384-16	TO073	384	384	16	scelto	scelto	_	_	_	_	_	linguistic	_	none	_	_	_	_	_	_
384-17	TO073	384	384	17	di	di	_	_	_	_	_	linguistic	_	none	_	_	_	_	_	_
384-18	TO073	384	384	18	fare	fare	_	_	_	_	_	linguistic	_	none	_	_	_	_	_	_
384-19	TO073	384	384	19	l'	l'	_	_	_	_	_	linguistic	_	none	SpaceAfter=No	_	_	_	_	_
384-20	TO073	384	384	20	erasmus	erasmus	_	_	_	_	_	linguistic	_	none	_	_	_	_	_	_
384-21	TO073	384	384	21	lì	lì	_	_	_	_	_	linguistic	_	none	_	End=1318.17	_	_	_	_
385-0	TO073	385	385	0	nonostante	nonostante	_	_	_	_	_	linguistic	_	none	_	Begin=1318.402	_	_	_	_
385-1	TO073	385	385	1	avessi	avessi	_	_	_	_	_	linguistic	_	none	_	_	_	_	_	_
385-2	TO073	385	385	2	mete	mete	_	_	_	_	_	linguistic	_	none	_	_	_	_	_	_
385-3	TO073	385	385	3	anche	anche	_	_	_	_	_	linguistic	_	none	_	_	_	_	_	_
385-4	TO073	385	385	4	più	più	_	_	_	_	_	linguistic	_	none	_	_	_	_	_	_
385-5	TO073	385	385	5	ambite	ambite	_	_	_	_	_	linguistic	_	none	_	_	_	_	_	_
385-6	TO073	385	385	6	tipo	tipo	_	_	_	_	_	linguistic	_	none	_	_	_	_	_	_
385-7	TO073	385	385	7	barcell[ona	barcellona	_	_	_	_	_	linguistic	_	none	_	_	_	_	_	7-10(84)
385-8	TO073	385	385	8	o]	o	_	_	_	_	_	linguistic	_	none	_	_	_	_	_	0-1(84)
385-9	TO073	385	385	9	madrid	madrid	_	_	_	_	_	linguistic	_	none	_	_	_	_	_	_
385-10	TO073	385	385	10	o	o	_	_	_	_	_	linguistic	_	none	_	_	_	_	_	_
385-11	TO073	385	385	11	anche	anche	_	_	_	_	_	linguistic	_	none	_	_	_	_	_	_
385-12	TO073	385	385	12	solo	solo	_	_	_	_	_	linguistic	_	none	_	_	_	_	_	_
385-13	TO073	385	385	13	granada	granada	_	_	_	_	_	linguistic	_	none	_	_	_	_	_	_
385-14	TO073	385	385	14	che	che	_	_	_	_	_	linguistic	_	none	_	_	_	_	_	_
385-15	TO073	385	385	15	è	è	_	_	_	_	_	linguistic	_	none	_	_	_	_	_	_
385-16	TO073	385	385	16	un	un	_	_	_	_	_	linguistic	_	none	_	_	_	_	_	_
385-17	TO073	385	385	17	po'	po'	_	_	_	_	_	linguistic	_	none	_	_	_	_	_	_
385-18	TO073	385	385	18	più	più	_	_	_	_	_	linguistic	_	none	_	_	_	_	_	_
385-19	TO073	385	385	19	conosciuta	conosciuta	_	_	_	_	_	linguistic	_	none	_	End=1324.846	_	_	_	_
386-0	TO071	386	386	0	[mh	mh	_	_	_	_	_	linguistic	_	none	_	Begin=1321.374	_	_	_	0-2(84)
386-1	TO071	386	386	1	mh]	mh	_	_	_	_	_	linguistic	_	none	_	End=1322.03	_	_	_	0-2(84)
387-0	TO073	387	387	0	<proprio	proprio	_	_	_	_	_	linguistic	_	none	_	Begin=1325.701	_	Slow=0-7(0)	_	_
387-1	TO073	387	387	1	perché:	perché	_	_	_	_	_	linguistic	_	none	_	_	5x1	Slow=0-6(0)	_	_
387-2	TO073	387	387	2	essendo	essendo	_	_	_	_	_	linguistic	_	none	_	_	_	Slow=0-7(0)	_	_
387-3	TO073	387	387	3	una	una	_	_	_	_	_	linguistic	_	none	_	_	_	Slow=0-3(0)	_	_
387-4	TO073	387	387	4	città:	città	_	_	_	_	_	linguistic	_	none	_	_	4x1	Slow=0-5(0)	_	_
387-5	TO073	387	387	5	così	così	_	_	_	_	_	linguistic	_	none	_	_	_	Slow=0-4(0)	_	_
387-6	TO073	387	387	6	piccola	piccola	_	_	_	_	_	linguistic	_	none	ProsodicLink=Yes	_	_	Slow=0-7(0)	_	_
387-7	TO073	387	387	7	e	e	_	_	_	_	_	linguistic	_	none	ProsodicLink=Yes	_	_	Slow=0-1(0)	_	_
387-8	TO073	387	387	8	a:	a	_	_	_	_	_	linguistic	_	none	_	_	0x1	Slow=0-1(0)	_	_
387-9	TO073	387	387	9	misura	misura	_	_	_	_	_	linguistic	_	none	_	_	_	Slow=0-6(0)	_	_
387-10	TO073	387	387	10	d'	d'	_	_	_	_	_	linguistic	_	none	SpaceAfter=No	_	_	Slow=0-2(0)	_	_
387-11	TO073	387	387	11	uomo>	uomo	_	_	_	_	_	linguistic	_	none	_	End=1331.605	_	Slow=0-4(0)	_	_
388-0	TO073	388	388	0	è	è	_	_	_	_	_	linguistic	_	none	_	Begin=1332.327	_	_	_	_
388-1	TO073	388	388	1	stato	stato	_	_	_	_	_	linguistic	_	none	_	_	_	_	_	_
388-2	TO073	388	388	2	facile	facile	_	_	_	_	_	linguistic	_	none	_	_	_	_	_	_
388-3	TO073	388	388	3	facile	facile	_	_	_	_	_	linguistic	_	none	_	_	_	_	_	_
388-4	TO073	388	388	4	inserirsi:	inserirsi	_	_	_	_	_	linguistic	_	none	PauseAfter=Yes	_	8x1	_	_	_
388-5	TO073	388	388	5	{P}	{P}	_	_	_	_	_	shortpause	_	none	_	_	_	_	_	_
388-6	TO073	388	388	6	nelle	nelle	_	_	_	_	_	linguistic	_	none	_	_	_	_	_	_
388-7	TO073	388	388	7	dinamiche	dinamiche	_	_	_	_	_	linguistic	_	none	_	_	_	_	_	_
388-8	TO073	388	388	8	universitarie	universitarie	_	_	_	_	_	linguistic	_	none	_	_	_	_	_	_
388-9	TO073	388	388	9	perché	perché	_	_	_	_	_	linguistic	_	none	PauseAfter=Yes	_	_	_	_	_
388-10	TO073	388	388	10	{P}	{P}	_	_	_	_	_	shortpause	_	none	_	_	_	_	_	_
388-11	TO073	388	388	11	è	è	_	_	_	_	_	linguistic	_	none	_	_	_	_	_	_
388-12	TO073	388	388	12	prettamente	prettamente	_	_	_	_	_	linguistic	_	none	_	_	_	_	_	_
388-13	TO073	388	388	13	una	una	_	_	_	_	_	linguistic	_	none	_	_	_	_	_	_
388-14	TO073	388	388	14	città	città	_	_	_	_	_	linguistic	_	none	_	_	_	_	_	_
388-15	TO073	388	388	15	universi[taria	universitaria	_	_	_	_	_	linguistic	_	none	_	_	_	_	_	8-13(85)
388-16	TO073	388	388	16	ecco].	ecco	_	_	_	_	_	linguistic	_	none	Intonation=Falling	End=1338.548	_	_	_	0-4(85)
389-0	TO071	389	389	0	[chiaro]	chiaro	_	_	_	_	_	linguistic	_	none	_	Begin=1337.984|End=1338.534	_	_	_	0-6(85)
390-0	TO071	390	390	0	so	so	_	_	_	_	_	linguistic	_	none	_	Begin=1338.706	_	_	_	_
390-1	TO071	390	390	1	che	che	_	_	_	_	_	linguistic	_	none	_	_	_	_	_	_
390-2	TO071	390	390	2	fa	fa	_	_	_	_	_	linguistic	_	none	_	_	_	_	_	_
390-3	TO071	390	390	3	anche	anche	_	_	_	_	_	linguistic	_	none	_	_	_	_	_	_
390-4	TO071	390	390	4	pochissimi	pochissimi	_	_	_	_	_	linguistic	_	none	_	_	_	_	_	_
390-5	TO071	390	390	5	abitan[ti	abitanti	_	_	_	_	_	linguistic	_	none	_	_	_	_	_	6-8(86)
390-6	TO071	390	390	6	tipo	tipo	_	_	_	_	_	linguistic	_	none	_	_	_	_	_	0-4(86)
390-7	TO071	390	390	7	cinque	cinque	_	_	_	_	_	linguistic	_	none	_	_	_	_	_	0-6(86)
390-8	TO071	390	390	8	seimila	seimila	_	_	_	_	_	linguistic	_	none	_	_	_	_	_	0-7(86)
390-9	TO071	390	390	9	una	una	_	_	_	_	_	linguistic	_	none	_	_	_	_	_	0-3(86)
390-10	TO071	390	390	10	cosa	cosa	_	_	_	_	_	linguistic	_	none	_	_	_	_	_	0-4(86)
390-11	TO071	390	390	11	del	del	_	_	_	_	_	linguistic	_	none	_	_	_	_	_	0-3(86)
390-12	TO071	390	390	12	genere]	genere	_	_	_	_	_	linguistic	_	none	_	End=1343.165	_	_	_	0-6(86)
391-0	TO073	391	391	0	[sì	sì	_	_	_	_	_	linguistic	_	none	PauseAfter=Yes	Begin=1340.52	_	_	_	0-2(86)
391-1	TO073	391	391	1	{P}	{P}	_	_	_	_	_	shortpause	_	none	_	_	_	_	_	0-3(86)
391-2	TO073	391	391	2	s~	s~	_	_	_	_	_	linguistic	_	none	Interrupted=Yes	_	_	_	_	0-2(86)
391-3	TO073	391	391	3	sì	sì	_	_	_	_	_	linguistic	_	none	_	_	_	_	_	0-2(86)
391-4	TO073	391	391	4	sì	sì	_	_	_	_	_	linguistic	_	none	_	_	_	_	_	0-2(86)
391-5	TO073	391	391	5	sì	sì	_	_	_	_	_	linguistic	_	none	_	_	_	_	_	0-2(86)
391-6	TO073	391	391	6	sì	sì	_	_	_	_	_	linguistic	_	none	_	_	_	_	_	0-2(86)
391-7	TO073	391	391	7	sì	sì	_	_	_	_	_	linguistic	_	none	_	_	_	_	_	0-2(86)
391-8	TO073	391	391	8	mh]	mh	_	_	_	_	_	linguistic	_	none	_	End=1343.166	_	_	_	0-2(86)
392-0	TO073	392	392	0	mh	mh	_	_	_	_	_	linguistic	_	none	_	Begin=1343.349	_	_	_	_
392-1	TO073	392	392	1	no	no	_	_	_	_	_	linguistic	_	none	_	_	_	_	_	_
392-2	TO073	392	392	2	ne	ne	_	_	_	_	_	linguistic	_	none	_	_	_	_	_	_
392-3	TO073	392	392	3	fa?	fa	_	_	_	_	_	linguistic	_	none	Intonation=Rising|PauseAfter=Yes	_	_	_	_	_
392-4	TO073	392	392	4	{P}	{P}	_	_	_	_	_	shortpause	_	none	_	_	_	_	_	_
392-5	TO073	392	392	5	uffa	uffa	_	_	_	_	_	linguistic	_	none	_	_	_	_	_	_
392-6	TO073	392	392	6	adesso	adesso	_	_	_	_	_	linguistic	_	none	_	_	_	_	_	_
392-7	TO073	392	392	7	>(dirtelo)<	dirtelo	_	_	_	_	_	linguistic	_	none	_	_	_	Fast=0-7(0)	0-7(0)	_
392-8	TO073	392	392	8	non	non	_	_	_	_	_	linguistic	_	none	_	_	_	_	_	_
392-9	TO073	392	392	9	lo	lo	_	_	_	_	_	linguistic	_	none	_	_	_	_	_	_
392-10	TO073	392	392	10	so	so	_	_	_	_	_	linguistic	_	none	_	_	_	_	_	_
392-11	TO073	392	392	11	di	di	_	_	_	_	_	linguistic	_	none	_	_	_	_	_	_
392-12	TO073	392	392	12	sicur~	sicur~	_	_	_	_	_	linguistic	_	none	Interrupted=Yes	_	_	_	_	_
392-13	TO073	392	392	13	no	no	_	_	_	_	_	linguistic	_	none	_	_	_	_	_	_
392-14	TO073	392	392	14	di	di	_	_	_	_	_	linguistic	_	none	_	_	_	_	_	_
392-15	TO073	392	392	15	sicuro	sicuro	_	_	_	_	_	linguistic	_	none	_	_	_	_	_	_
392-16	TO073	392	392	16	più	più	_	_	_	_	_	linguistic	_	none	_	_	_	_	_	_
392-17	TO073	392	392	17	di	di	_	_	_	_	_	linguistic	_	none	_	_	_	_	_	_
392-18	TO073	392	392	18	cinque	cinque	_	_	_	_	_	linguistic	_	none	_	_	_	_	_	_
392-19	TO073	392	392	19	sei[mila	seimila	_	_	_	_	_	linguistic	_	none	_	_	_	_	_	3-7(87)
392-20	TO073	392	392	20	perché]	perché	_	_	_	_	_	linguistic	_	none	_	End=1348.447	_	_	_	0-6(87)
393-0	TO071	393	393	0	[okay]	okay	_	_	_	_	_	linguistic	_	none	_	Begin=1347.616|End=1348.44	_	_	_	0-4(87)
394-0	TO073	394	394	0	il	il	_	_	_	_	_	linguistic	_	none	_	Begin=1348.958	_	_	_	_
394-1	TO073	394	394	1	mio	mio	_	_	_	_	_	linguistic	_	none	_	_	_	_	_	_
394-2	TO073	394	394	2	paesino	paesino	_	_	_	_	_	linguistic	_	none	_	_	_	_	_	_
394-3	TO073	394	394	3	ne	ne	_	_	_	_	_	linguistic	_	none	_	_	_	_	_	_
394-4	TO073	394	394	4	fa	fa	_	_	_	_	_	linguistic	_	none	_	_	_	_	_	_
394-5	TO073	394	394	5	diecimila	diecimila	_	_	_	_	_	linguistic	_	none	_	_	_	_	_	_
394-6	TO073	394	394	6	ma	ma	_	_	_	_	_	linguistic	_	none	_	_	_	_	_	_
394-7	TO073	394	394	7	è	è	_	_	_	_	_	linguistic	_	none	_	_	_	_	_	_
394-8	TO073	394	394	8	molto	molto	_	_	_	_	_	linguistic	_	none	_	_	_	_	_	_
394-9	TO073	394	394	9	più	più	_	_	_	_	_	linguistic	_	none	_	_	_	_	_	_
394-10	TO073	394	394	10	piccolo	piccolo	_	_	_	_	_	linguistic	_	none	_	End=1351.305	_	_	_	_
395-0	TO073	395	395	0	(io)	io	_	_	_	_	_	linguistic	_	none	PauseAfter=Yes	Begin=1351.823	_	_	0-2(0)	_
395-1	TO073	395	395	1	{P}	{P}	_	_	_	_	_	shortpause	_	none	_	_	_	_	_	_
395-2	TO073	395	395	2	secondo	secondo	_	_	_	_	_	linguistic	_	none	_	_	_	_	_	_
395-3	TO073	395	395	3	me	me	_	_	_	_	_	linguistic	_	none	_	_	_	_	_	_
395-4	TO073	395	395	4	un:	un	_	_	_	_	_	linguistic	_	none	_	End=1353.842	1x1	_	_	_
396-0	TO073	396	396	0	potrebbe	potrebbe	_	_	_	_	_	linguistic	_	none	_	Begin=1353.98	_	_	_	_
396-1	TO073	396	396	1	essere:	essere	_	_	_	_	_	linguistic	_	none	_	End=1355.1	5x1	_	_	_
397-0	TO073	397	397	0	cinquantamila	cinquantamila	_	_	_	_	_	linguistic	_	none	_	Begin=1355.403	_	_	_	_
397-1	TO073	397	397	1	[x	x	_	_	_	_	_	unknown	_	none	Syllables=1	_	_	_	_	0-1(88)
397-2	TO073	397	397	2	non	non	_	_	_	_	_	linguistic	_	none	_	_	_	_	_	0-3(88)
397-3	TO073	397	397	3	lo	lo	_	_	_	_	_	linguistic	_	none	_	_	_	_	_	0-2(88)
397-4	TO073	397	397	4	so	so	_	_	_	_	_	linguistic	_	none	_	_	_	_	_	0-2(88)
397-5	TO073	397	397	5	eh]	eh	_	_	_	_	_	linguistic	_	none	_	End=1357.29	_	_	_	0-2(88)
398-0	TO071	398	398	0	[eh	eh	_	_	_	_	_	linguistic	_	none	_	Begin=1356.215	_	_	_	0-2(88)
398-1	TO071	398	398	1	eh]	eh	_	_	_	_	_	linguistic	_	none	_	End=1357.3	_	_	_	0-2(88)
399-0	TO073	399	399	0	dovrei	dovrei	_	_	_	_	_	linguistic	_	none	_	Begin=1357.57	_	_	_	_
399-1	TO073	399	399	1	controllare.	controllare	_	_	_	_	_	linguistic	_	none	Intonation=Falling	End=1358.634	_	_	_	_
400-0	TO073	400	400	0	e:hm	ehm	_	_	_	_	_	linguistic	_	none	PauseAfter=Yes	Begin=1358.957	0x1	_	_	_
400-1	TO073	400	400	1	{P}	{P}	_	_	_	_	_	shortpause	_	none	_	_	_	_	_	_
400-2	TO073	400	400	2	>perché	perché	_	_	_	_	_	linguistic	_	none	_	_	_	Fast=0-6(0)	_	_
400-3	TO073	400	400	3	poi	poi	_	_	_	_	_	linguistic	_	none	_	_	_	Fast=0-3(0)	_	_
400-4	TO073	400	400	4	c'	c'	_	_	_	_	_	linguistic	_	none	SpaceAfter=No	_	_	Fast=0-2(0)	_	_
400-5	TO073	400	400	5	è	è	_	_	_	_	_	linguistic	_	none	_	_	_	Fast=0-1(0)	_	_
400-6	TO073	400	400	6	anche	anche	_	_	_	_	_	linguistic	_	none	_	_	_	Fast=0-5(0)	_	_
400-7	TO073	400	400	7	tutta	tutta	_	_	_	_	_	linguistic	_	none	_	_	_	Fast=0-5(0)	_	_
400-8	TO073	400	400	8	la	la	_	_	_	_	_	linguistic	_	none	_	_	_	Fast=0-2(0)	_	_
400-9	TO073	400	400	9	p~	p~	_	_	_	_	_	linguistic	_	none	Interrupted=Yes	_	_	Fast=0-2(0)	_	_
400-10	TO073	400	400	10	la	la	_	_	_	_	_	linguistic	_	none	_	_	_	Fast=0-2(0)	_	_
400-11	TO073	400	400	11	parte	parte	_	_	_	_	_	linguistic	_	none	_	_	_	Fast=0-5(0)	_	_
400-12	TO073	400	400	12	di	di	_	_	_	_	_	linguistic	_	none	_	_	_	Fast=0-2(0)	_	_
400-13	TO073	400	400	13	perfiferia<	perfiferia	_	_	_	_	_	linguistic	_	none	_	End=1362.121	_	Fast=0-10(0)	_	_
401-0	TO073	401	401	0	ehm:	ehm	_	_	_	_	_	linguistic	_	none	_	Begin=1362.289|End=1364.034	2x1	_	_	_
402-0	TO073	402	402	0	e	e	_	_	_	_	_	linguistic	_	none	_	Begin=1364.401	_	_	_	_
402-1	TO073	402	402	1	nulla	nulla	_	_	_	_	_	linguistic	_	none	_	_	_	_	_	_
402-2	TO073	402	402	2	perciò::	perciò	_	_	_	_	_	linguistic	_	none	_	_	5x2	_	_	_
402-3	TO073	402	402	3	mh	mh	_	_	_	_	_	linguistic	_	none	_	End=1366.447	_	_	_	_
403-0	TO073	403	403	0	ehm	ehm	_	_	_	_	_	linguistic	_	none	_	Begin=1367.73	_	_	_	_
403-1	TO073	403	403	1	appunto	appunto	_	_	_	_	_	linguistic	_	none	_	_	_	_	_	_
403-2	TO073	403	403	2	essendo	essendo	_	_	_	_	_	linguistic	_	none	_	_	_	_	_	_
403-3	TO073	403	403	3	una	una	_	_	_	_	_	linguistic	_	none	_	_	_	_	_	_
403-4	TO073	403	403	4	città	città	_	_	_	_	_	linguistic	_	none	_	_	_	_	_	_
403-5	TO073	403	403	5	prevalentemente	prevalentemente	_	_	_	_	_	linguistic	_	none	_	_	_	_	_	_
403-6	TO073	403	403	6	universitaria	universitaria	_	_	_	_	_	linguistic	_	none	_	End=1370.958	_	_	_	_
404-0	TO073	404	404	0	<anche	anche	_	_	_	_	_	linguistic	_	none	_	Begin=1371.348	_	Slow=0-5(0)	_	_
404-1	TO073	404	404	1	la	la	_	_	_	_	_	linguistic	_	none	_	_	_	Slow=0-2(0)	_	_
404-2	TO073	404	404	2	vita	vita	_	_	_	_	_	linguistic	_	none	_	_	_	Slow=0-4(0)	_	_
404-3	TO073	404	404	3	e	e	_	_	_	_	_	linguistic	_	none	_	_	_	Slow=0-1(0)	_	_
404-4	TO073	404	404	4	la	la	_	_	_	_	_	linguistic	_	none	_	_	_	Slow=0-2(0)	_	_
404-5	TO073	404	404	5	movida>	movida	_	_	_	_	_	linguistic	_	none	_	_	_	Slow=0-6(0)	_	_
404-6	TO073	404	404	6	ruota	ruota	_	_	_	_	_	linguistic	_	none	_	_	_	_	_	_
404-7	TO073	404	404	7	attorno	attorno	_	_	_	_	_	linguistic	_	none	_	_	_	_	_	_
404-8	TO073	404	404	8	intorno	intorno	_	_	_	_	_	linguistic	_	none	_	_	_	_	_	_
404-9	TO073	404	404	9	all'	all'	_	_	_	_	_	linguistic	_	none	SpaceAfter=No	_	_	_	_	_
404-10	TO073	404	404	10	università	università	_	_	_	_	_	linguistic	_	none	_	End=1375.612	_	_	_	_
405-0	TO073	405	405	0	ehm	ehm	_	_	_	_	_	linguistic	_	none	_	Begin=1375.916|End=1377.201	_	_	_	_
406-0	TO073	406	406	0	il	il	_	_	_	_	_	linguistic	_	none	_	Begin=1377.321	_	_	_	_
406-1	TO073	406	406	1	bello	bello	_	_	_	_	_	linguistic	_	none	_	_	_	_	_	_
406-2	TO073	406	406	2	di	di	_	_	_	_	_	linguistic	_	none	_	_	_	_	_	_
406-3	TO073	406	406	3	murcia	murcia	_	_	_	_	_	linguistic	_	none	_	_	_	_	_	_
406-4	TO073	406	406	4	è	è	_	_	_	_	_	linguistic	_	none	_	_	_	_	_	_
406-5	TO073	406	406	5	che	che	_	_	_	_	_	linguistic	_	none	PauseAfter=Yes	_	_	_	_	_
406-6	TO073	406	406	6	{P}	{P}	_	_	_	_	_	shortpause	_	none	_	_	_	_	_	_
406-7	TO073	406	406	7	essendo	essendo	_	_	_	_	_	linguistic	_	none	_	_	_	_	_	_
406-8	TO073	406	406	8	così	così	_	_	_	_	_	linguistic	_	none	_	_	_	_	_	_
406-9	TO073	406	406	9	piccola	piccola	_	_	_	_	_	linguistic	_	none	_	_	_	_	_	_
406-10	TO073	406	406	10	e	e	_	_	_	_	_	linguistic	_	none	_	_	_	_	_	_
406-11	TO073	406	406	11	carattersitica	carattersitica	_	_	_	_	_	linguistic	_	none	_	End=1381.078	_	_	_	_
407-0	TO073	407	407	0	ha	ha	_	_	_	_	_	linguistic	_	none	_	Begin=1381.421|End=1382.141	_	_	_	_
408-0	TO073	408	408	0	pochi	pochi	_	_	_	_	_	linguistic	_	none	_	Begin=1382.5	_	_	_	_
408-1	TO073	408	408	1	posti	posti	_	_	_	_	_	linguistic	_	none	_	_	_	_	_	_
408-2	TO073	408	408	2	però	però	_	_	_	_	_	linguistic	_	none	_	_	_	_	_	_
408-3	TO073	408	408	3	molto	molto	_	_	_	_	_	linguistic	_	none	_	_	_	_	_	_
408-4	TO073	408	408	4	caratteri[stici].	caratteristici	_	_	_	_	_	linguistic	_	none	Intonation=Falling	End=1384.678	_	_	_	9-14(89)
409-0	TO071	409	409	0	[okay]	okay	_	_	_	_	_	linguistic	_	none	_	Begin=1384.197|End=1384.668	_	_	_	0-4(89)
410-0	TO073	410	410	0	<quindi	quindi	_	_	_	_	_	linguistic	_	none	_	Begin=1384.719	_	Slow=0-6(0)	_	_
410-1	TO073	410	410	1	c'	c'	_	_	_	_	_	linguistic	_	none	SpaceAfter=No	_	_	Slow=0-2(0)	_	_
410-2	TO073	410	410	2	era	era	_	_	_	_	_	linguistic	_	none	_	_	_	Slow=0-3(0)	_	_
410-3	TO073	410	410	3	il	il	_	_	_	_	_	linguistic	_	none	_	_	_	Slow=0-2(0)	_	_
410-4	TO073	410	410	4	il	il	_	_	_	_	_	linguistic	_	none	_	_	_	Slow=0-2(0)	_	_
410-5	TO073	410	410	5	badulake>	badulake	_	_	_	_	_	linguistic	_	none	_	_	_	Slow=0-8(0)	_	_
410-6	TO073	410	410	6	>che	che	_	_	_	_	_	linguistic	_	none	_	_	_	Fast=0-3(0)	_	_
410-7	TO073	410	410	7	poi	poi	_	_	_	_	_	linguistic	_	none	_	_	_	Fast=0-3(0)	_	_
410-8	TO073	410	410	8	jack	jack	_	_	_	_	_	linguistic	_	none	_	_	_	Fast=0-4(0)	_	_
410-9	TO073	410	410	9	ti	ti	_	_	_	_	_	linguistic	_	none	_	_	_	Fast=0-2(0)	_	_
410-10	TO073	410	410	10	avrà	avrà	_	_	_	_	_	linguistic	_	none	_	_	_	Fast=0-4(0)	_	_
410-11	TO073	410	410	11	parlato	parlato	_	_	_	_	_	linguistic	_	none	_	_	_	Fast=0-7(0)	_	_
410-12	TO073	410	410	12	sicuramente	sicuramente	_	_	_	_	_	linguistic	_	none	_	_	_	Fast=0-11(0)	_	_
410-13	TO073	410	410	13	perché	perché	_	_	_	_	_	linguistic	_	none	_	_	_	Fast=0-6(0)	_	_
410-14	TO073	410	410	14	lui	lui	_	_	_	_	_	linguistic	_	none	_	_	_	Fast=0-3(0)	_	_
410-15	TO073	410	410	15	lo	lo	_	_	_	_	_	linguistic	_	none	_	_	_	Fast=0-2(0)	_	_
410-16	TO073	410	410	16	detestava<	detestava	_	_	_	_	_	linguistic	_	none	_	End=1390.358	_	Fast=0-9(0)	_	_
411-0	TO071	411	411	0	{ride}	{ride}	_	_	_	_	_	nonverbalbehavior	_	none	_	Begin=1388.331|End=1390.346	_	_	_	_
412-0	TO073	412	412	0	e:h	eh	_	_	_	_	_	linguistic	_	none	_	Begin=1390.358	0x1	_	_	_
412-1	TO073	412	412	1	il	il	_	_	_	_	_	linguistic	_	none	_	_	_	_	_	_
412-2	TO073	412	412	2	badulake	badulake	_	_	_	_	_	linguistic	_	none	_	_	_	_	_	_
412-3	TO073	412	412	3	che	che	_	_	_	_	_	linguistic	_	none	_	_	_	_	_	_
412-4	TO073	412	412	4	era	era	_	_	_	_	_	linguistic	_	none	_	_	_	_	_	_
412-5	TO073	412	412	5	il	il	_	_	_	_	_	linguistic	_	none	_	_	_	_	_	_
412-6	TO073	412	412	6	posto	posto	_	_	_	_	_	linguistic	_	none	_	_	_	_	_	_
412-7	TO073	412	412	7	un	un	_	_	_	_	_	linguistic	_	none	_	_	_	_	_	_
412-8	TO073	412	412	8	po'	po'	_	_	_	_	_	linguistic	_	none	_	_	_	_	_	_
412-9	TO073	412	412	9	più	più	_	_	_	_	_	linguistic	_	none	_	_	_	_	_	_
412-10	TO073	412	412	10	mh	mh	_	_	_	_	_	linguistic	_	none	_	End=1393.53	_	_	_	_
413-0	TO073	413	413	0	inflazionato	inflazionato	_	_	_	_	_	linguistic	_	none	_	Begin=1393.623	_	_	_	_
413-1	TO073	413	413	1	dove	dove	_	_	_	_	_	linguistic	_	none	_	_	_	_	_	_
413-2	TO073	413	413	2	andavano	andavano	_	_	_	_	_	linguistic	_	none	_	_	_	_	_	_
413-3	TO073	413	413	3	tutti	tutti	_	_	_	_	_	linguistic	_	none	_	_	_	_	_	_
413-4	TO073	413	413	4	il	il	_	_	_	_	_	linguistic	_	none	_	_	_	_	_	_
413-5	TO073	413	413	5	bar	bar	_	_	_	_	_	linguistic	_	none	_	_	_	_	_	_
413-6	TO073	413	413	6	erasmus	erasmus	_	_	_	_	_	linguistic	_	none	_	End=1396.282	_	_	_	_
414-0	TO073	414	414	0	quindi	quindi	_	_	_	_	_	linguistic	_	none	_	Begin=1396.429	_	_	_	_
414-1	TO073	414	414	1	le	le	_	_	_	_	_	linguistic	_	none	_	_	_	_	_	_
414-2	TO073	414	414	2	prime	prime	_	_	_	_	_	linguistic	_	none	_	_	_	_	_	_
414-3	TO073	414	414	3	ciucche	ciucche	_	_	_	_	_	linguistic	_	none	_	_	_	_	_	_
414-4	TO073	414	414	4	si	si	_	_	_	_	_	linguistic	_	none	_	_	_	_	_	_
414-5	TO073	414	414	5	prendono	prendono	_	_	_	_	_	linguistic	_	none	_	_	_	_	_	_
414-6	TO073	414	414	6	lì	lì	_	_	_	_	_	linguistic	_	none	PauseAfter=Yes	_	_	_	_	_
414-7	TO073	414	414	7	{P}	{P}	_	_	_	_	_	shortpause	_	none	_	_	_	_	_	_
414-8	TO073	414	414	8	eh	eh	_	_	_	_	_	linguistic	_	none	_	_	_	_	_	_
414-9	TO073	414	414	9	le	le	_	_	_	_	_	linguistic	_	none	_	_	_	_	_	_
414-10	TO073	414	414	10	c~	c~	_	_	_	_	_	linguistic	_	none	Interrupted=Yes	_	_	_	_	_
414-11	TO073	414	414	11	le	le	_	_	_	_	_	linguistic	_	none	_	_	_	_	_	_
414-12	TO073	414	414	12	persone	persone	_	_	_	_	_	linguistic	_	none	_	_	_	_	_	_
414-13	TO073	414	414	13	le	le	_	_	_	_	_	linguistic	_	none	_	_	_	_	_	_
414-14	TO073	414	414	14	conosci	conosci	_	_	_	_	_	linguistic	_	none	_	_	_	_	_	_
414-15	TO073	414	414	15	lì	lì	_	_	_	_	_	linguistic	_	none	_	_	_	_	_	_
414-16	TO073	414	414	16	e	e	_	_	_	_	_	linguistic	_	none	_	_	_	_	_	_
414-17	TO073	414	414	17	tutti	tutti	_	_	_	_	_	linguistic	_	none	_	_	_	_	_	_
414-18	TO073	414	414	18	gli	gli	_	_	_	_	_	linguistic	_	none	_	_	_	_	_	_
414-19	TO073	414	414	19	italiani	italiani	_	_	_	_	_	linguistic	_	none	_	_	_	_	_	_
414-20	TO073	414	414	20	che	che	_	_	_	_	_	linguistic	_	none	_	_	_	_	_	_
414-21	TO073	414	414	21	volevi	volevi	_	_	_	_	_	linguistic	_	none	_	_	_	_	_	_
414-22	TO073	414	414	22	incontrare	incontrare	_	_	_	_	_	linguistic	_	none	_	_	_	_	_	_
414-23	TO073	414	414	23	in	in	_	_	_	_	_	linguistic	_	none	_	_	_	_	_	_
414-24	TO073	414	414	24	tutte	tutte	_	_	_	_	_	linguistic	_	none	_	_	_	_	_	_
414-25	TO073	414	414	25	le	le	_	_	_	_	_	linguistic	_	none	_	_	_	_	_	_
414-26	TO073	414	414	26	serate	serate	_	_	_	_	_	linguistic	_	none	_	_	_	_	_	_
414-27	TO073	414	414	27	le	le	_	_	_	_	_	linguistic	_	none	_	_	_	_	_	_
414-28	TO073	414	414	28	trovavi	trovavi	_	_	_	_	_	linguistic	_	none	_	_	_	_	_	_
414-29	TO073	414	414	29	lì	lì	_	_	_	_	_	linguistic	_	none	_	End=1404.061	_	_	_	_
415-0	TO073	415	415	0	ehm:	ehm	_	_	_	_	_	linguistic	_	none	_	Begin=1404.191|End=1405.871	2x1	_	_	_
416-0	TO073	416	416	0	ed	ed	_	_	_	_	_	linguistic	_	none	_	Begin=1406.13	_	_	_	_
416-1	TO073	416	416	1	è	è	_	_	_	_	_	linguistic	_	none	_	_	_	_	_	_
416-2	TO073	416	416	2	stato	stato	_	_	_	_	_	linguistic	_	none	_	_	_	_	_	_
416-3	TO073	416	416	3	il	il	_	_	_	_	_	linguistic	_	none	_	_	_	_	_	_
416-4	TO073	416	416	4	posto	posto	_	_	_	_	_	linguistic	_	none	_	_	_	_	_	_
416-5	TO073	416	416	5	in	in	_	_	_	_	_	linguistic	_	none	_	_	_	_	_	_
416-6	TO073	416	416	6	cui	cui	_	_	_	_	_	linguistic	_	none	_	_	_	_	_	_
416-7	TO073	416	416	7	penso	penso	_	_	_	_	_	linguistic	_	none	PauseAfter=Yes	_	_	_	_	_
416-8	TO073	416	416	8	{P}	{P}	_	_	_	_	_	shortpause	_	none	_	_	_	_	_	_
416-9	TO073	416	416	9	di	di	_	_	_	_	_	linguistic	_	none	_	_	_	_	_	_
416-10	TO073	416	416	10	aver	aver	_	_	_	_	_	linguistic	_	none	_	_	_	_	_	_
416-11	TO073	416	416	11	trascorso	trascorso	_	_	_	_	_	linguistic	_	none	_	_	_	_	_	_
416-12	TO073	416	416	12	più	più	_	_	_	_	_	linguistic	_	none	_	_	_	_	_	_
416-13	TO073	416	416	13	tempo:	tempo	_	_	_	_	_	linguistic	_	none	_	End=1409.104	4x1	_	_	_
417-0	TO071	417	417	0	chiaro	chiaro	_	_	_	_	_	linguistic	_	none	_	Begin=1409.11|End=1409.65	_	_	_	_
418-0	TO073	418	418	0	ehm	ehm	_	_	_	_	_	linguistic	_	none	_	Begin=1409.67|End=1410.449	_	_	_	_
419-0	TO071	419	419	0	quindi	quindi	_	_	_	_	_	linguistic	_	none	_	Begin=1410.441	_	_	_	_
419-1	TO071	419	419	1	non	non	_	_	_	_	_	linguistic	_	none	_	_	_	_	_	_
419-2	TO071	419	419	2	con	con	_	_	_	_	_	linguistic	_	none	_	_	_	_	_	_
419-3	TO071	419	419	3	jack	jack	_	_	_	_	_	linguistic	_	none	_	_	_	_	_	_
419-4	TO071	419	419	4	perché	perché	_	_	_	_	_	linguistic	_	none	_	_	_	_	_	_
419-5	TO071	419	419	5	lo	lo	_	_	_	_	_	linguistic	_	none	_	_	_	_	_	_
419-6	TO071	419	419	6	odiava	odiava	_	_	_	_	_	linguistic	_	none	PauseAfter=Yes	_	_	_	_	_
419-7	TO071	419	419	7	{P}	{P}	_	_	_	_	_	shortpause	_	none	_	_	_	_	_	_
419-8	TO071	419	419	8	[chiaramente]	chiaramente	_	_	_	_	_	linguistic	_	none	_	End=1412.93	_	_	_	0-11(91)
420-0	TO073	420	420	0	[esatto]	esatto	_	_	_	_	_	linguistic	_	none	_	Begin=1412.237	_	_	_	0-6(91)
420-1	TO073	420	420	1	no	no	_	_	_	_	_	linguistic	_	none	_	_	_	_	_	_
420-2	TO073	420	420	2	m~	m~	_	_	_	_	_	linguistic	_	none	Interrupted=Yes	_	_	_	_	_
420-3	TO073	420	420	3	v~	v~	_	_	_	_	_	linguistic	_	none	Interrupted=Yes	_	_	_	_	_
420-4	TO073	420	420	4	>ogni	ogni	_	_	_	_	_	linguistic	_	none	_	_	_	Fast=0-4(0)	_	_
420-5	TO073	420	420	5	tanto	tanto	_	_	_	_	_	linguistic	_	none	_	_	_	Fast=0-5(0)	_	_
420-6	TO073	420	420	6	riuscivamo	riuscivamo	_	_	_	_	_	linguistic	_	none	_	_	_	Fast=0-10(0)	_	_
420-7	TO073	420	420	7	a	a	_	_	_	_	_	linguistic	_	none	_	_	_	Fast=0-1(0)	_	_
420-8	TO073	420	420	8	trascinarlo	trascinarlo	_	_	_	_	_	linguistic	_	none	_	_	_	Fast=0-11(0)	_	_
420-9	TO073	420	420	9	soprattuto	soprattuto	_	_	_	_	_	linguistic	_	none	_	_	_	Fast=0-10(0)	_	_
420-10	TO073	420	420	10	quando	quando	_	_	_	_	_	linguistic	_	none	_	_	_	Fast=0-6(0)	_	_
420-11	TO073	420	420	11	era	era	_	_	_	_	_	linguistic	_	none	_	_	_	Fast=0-3(0)	_	_
420-12	TO073	420	420	12	molto	molto	_	_	_	_	_	linguistic	_	none	_	_	_	Fast=0-5(0)	_	_
420-13	TO073	420	420	13	ubriaco<	ubriaco	_	_	_	_	_	linguistic	_	none	PauseAfter=Yes	_	_	Fast=0-7(0)	_	_
420-14	TO073	420	420	14	{P}	{P}	_	_	_	_	_	shortpause	_	none	_	_	_	_	_	_
420-15	TO073	420	420	15	all'	all'	_	_	_	_	_	linguistic	_	none	SpaceAfter=No	_	_	_	_	_
420-16	TO073	420	420	16	inizio	inizio	_	_	_	_	_	linguistic	_	none	_	End=1416.641	_	_	_	_
421-0	TO071	421	421	0	{ride}	{ride}	_	_	_	_	_	nonverbalbehavior	_	none	_	Begin=1415.082|End=1416.653	_	_	_	_
422-0	TO073	422	422	0	>all'	all'	_	_	_	_	_	linguistic	_	none	SpaceAfter=No	Begin=1416.828	_	Fast=0-4(0)	_	_
422-1	TO073	422	422	1	inizio	inizio	_	_	_	_	_	linguistic	_	none	_	_	_	Fast=0-6(0)	_	_
422-2	TO073	422	422	2	era	era	_	_	_	_	_	linguistic	_	none	_	_	_	Fast=0-3(0)	_	_
422-3	TO073	422	422	3	sempre	sempre	_	_	_	_	_	linguistic	_	none	_	_	_	Fast=0-6(0)	_	_
422-4	TO073	422	422	4	fuori	fuori	_	_	_	_	_	linguistic	_	none	_	_	_	Fast=0-5(0)	_	_
422-5	TO073	422	422	5	dal	dal	_	_	_	_	_	linguistic	_	none	_	_	_	Fast=0-3(0)	_	_
422-6	TO073	422	422	6	badulake	badulake	_	_	_	_	_	linguistic	_	none	_	_	_	Fast=0-8(0)	_	_
422-7	TO073	422	422	7	anche	anche	_	_	_	_	_	linguistic	_	none	_	_	_	Fast=0-5(0)	_	_
422-8	TO073	422	422	8	lui	lui	_	_	_	_	_	linguistic	_	none	_	_	_	Fast=0-3(0)	_	_
422-9	TO073	422	422	9	perché	perché	_	_	_	_	_	linguistic	_	none	PauseAfter=Yes	_	_	Fast=0-6(0)	_	_
422-10	TO073	422	422	10	{P}	{P}	_	_	_	_	_	shortpause	_	none	_	_	_	Fast=0-3(0)	_	_
422-11	TO073	422	422	11	conoscevamo	conoscevamo	_	_	_	_	_	linguistic	_	none	_	_	_	Fast=0-11(0)	_	_
422-12	TO073	422	422	12	solo	solo	_	_	_	_	_	linguistic	_	none	_	_	_	Fast=0-4(0)	_	_
422-13	TO073	422	422	13	quello	quello	_	_	_	_	_	linguistic	_	none	_	_	_	Fast=0-6(0)	_	_
422-14	TO073	422	422	14	quindi	quindi	_	_	_	_	_	linguistic	_	none	_	_	_	Fast=0-6(0)	_	_
422-15	TO073	422	422	15	tutti	tutti	_	_	_	_	_	linguistic	_	none	_	_	_	Fast=0-5(0)	_	_
422-16	TO073	422	422	16	stavamo	stavamo	_	_	_	_	_	linguistic	_	none	_	_	_	Fast=0-7(0)	_	_
422-17	TO073	422	422	17	lì<	lì	_	_	_	_	_	linguistic	_	none	_	End=1420.568	_	Fast=0-2(0)	_	_
423-0	TO071	423	423	0	{ride}	{ride}	_	_	_	_	_	nonverbalbehavior	_	none	_	Begin=1418.212|End=1419.616	_	_	_	_
424-0	TO073	424	424	0	>poi	poi	_	_	_	_	_	linguistic	_	none	_	Begin=1420.677	_	Fast=0-3(0)	_	_
424-1	TO073	424	424	1	quando	quando	_	_	_	_	_	linguistic	_	none	_	_	_	Fast=0-6(0)	_	_
424-2	TO073	424	424	2	ha	ha	_	_	_	_	_	linguistic	_	none	_	_	_	Fast=0-2(0)	_	_
424-3	TO073	424	424	3	iniziato	iniziato	_	_	_	_	_	linguistic	_	none	_	_	_	Fast=0-8(0)	_	_
424-4	TO073	424	424	4	a	a	_	_	_	_	_	linguistic	_	none	_	_	_	Fast=0-1(0)	_	_
424-5	TO073	424	424	5	conoscere	conoscere	_	_	_	_	_	linguistic	_	none	_	_	_	Fast=0-9(0)	_	_
424-6	TO073	424	424	6	anche	anche	_	_	_	_	_	linguistic	_	none	_	_	_	Fast=0-5(0)	_	_
424-7	TO073	424	424	7	il	il	_	_	_	_	_	linguistic	_	none	_	_	_	Fast=0-2(0)	_	_
424-8	TO073	424	424	8	resto	resto	_	_	_	_	_	linguistic	_	none	_	_	_	Fast=0-5(0)	_	_
424-9	TO073	424	424	9	diciamo	diciamo	_	_	_	_	_	linguistic	_	none	_	_	_	Fast=0-7(0)	_	_
424-10	TO073	424	424	10	che	che	_	_	_	_	_	linguistic	_	none	_	_	_	Fast=0-3(0)	_	_
424-11	TO073	424	424	11	si	si	_	_	_	_	_	linguistic	_	none	_	_	_	Fast=0-2(0)	_	_
424-12	TO073	424	424	12	è	è	_	_	_	_	_	linguistic	_	none	_	_	_	Fast=0-1(0)	_	_
424-13	TO073	424	424	13	un	un	_	_	_	_	_	linguistic	_	none	_	_	_	Fast=0-2(0)	_	_
424-14	TO073	424	424	14	po'	po'	_	_	_	_	_	linguistic	_	none	_	_	_	Fast=0-3(0)	_	_
424-15	TO073	424	424	15	distaccato	distaccato	_	_	_	_	_	linguistic	_	none	_	_	_	Fast=0-10(0)	_	_
424-16	TO073	424	424	16	da	da	_	_	_	_	_	linguistic	_	none	_	_	_	Fast=0-2(0)	_	_
424-17	TO073	424	424	17	questo:<	questo	_	_	_	_	_	linguistic	_	none	_	End=1424.44	5x1	Fast=0-6(0)	_	_
425-0	TO073	425	425	0	da	da	_	_	_	_	_	linguistic	_	none	_	Begin=1424.601	_	_	_	_
425-1	TO073	425	425	1	questo:	questo	_	_	_	_	_	linguistic	_	none	_	_	5x1	_	_	_
425-2	TO073	425	425	2	m:h	mh	_	_	_	_	_	linguistic	_	none	_	_	0x1	_	_	_
425-3	TO073	425	425	3	mondo	mondo	_	_	_	_	_	linguistic	_	none	_	_	_	_	_	_
425-4	TO073	425	425	4	però	però	_	_	_	_	_	linguistic	_	none	_	_	_	_	_	_
425-5	TO073	425	425	5	noi	noi	_	_	_	_	_	linguistic	_	none	_	_	_	_	_	_
425-6	TO073	425	425	6	ogni	ogni	_	_	_	_	_	linguistic	_	none	_	_	_	_	_	_
425-7	TO073	425	425	7	tanto	tanto	_	_	_	_	_	linguistic	_	none	_	_	_	_	_	_
425-8	TO073	425	425	8	lo	lo	_	_	_	_	_	linguistic	_	none	_	_	_	_	_	_
425-9	TO073	425	425	9	>trascinavamo	trascinavamo	_	_	_	_	_	linguistic	_	none	_	_	_	Fast=0-12(0)	_	_
425-10	TO073	425	425	10	comunque	comunque	_	_	_	_	_	linguistic	_	none	_	_	_	Fast=0-8(0)	_	_
425-11	TO073	425	425	11	o	o	_	_	_	_	_	linguistic	_	none	_	_	_	Fast=0-1(0)	_	_
425-12	TO073	425	425	12	comunque	comunque	_	_	_	_	_	linguistic	_	none	_	_	_	Fast=0-8(0)	_	_
425-13	TO073	425	425	13	ogni	ogni	_	_	_	_	_	linguistic	_	none	_	_	_	Fast=0-4(0)	_	_
425-14	TO073	425	425	14	tanto	tanto	_	_	_	_	_	linguistic	_	none	_	_	_	Fast=0-5(0)	_	_
425-15	TO073	425	425	15	andavamo	andavamo	_	_	_	_	_	linguistic	_	none	_	_	_	Fast=0-8(0)	_	_
425-16	TO073	425	425	16	noi	noi	_	_	_	_	_	linguistic	_	none	_	_	_	Fast=0-3(0)	_	_
425-17	TO073	425	425	17	dove	dove	_	_	_	_	_	linguistic	_	none	_	_	_	Fast=0-4(0)	_	_
425-18	TO073	425	425	18	andava	andava	_	_	_	_	_	linguistic	_	none	_	_	_	Fast=0-6(0)	_	_
425-19	TO073	425	425	19	lui<	lui	_	_	_	_	_	linguistic	_	none	_	End=1430.318	_	Fast=0-3(0)	_	_
426-0	TO073	426	426	0	ecco	ecco	_	_	_	_	_	linguistic	_	none	_	Begin=1430.433	_	_	_	_
426-1	TO073	426	426	1	sì	sì	_	_	_	_	_	linguistic	_	none	_	_	_	_	_	_
426-2	TO073	426	426	2	insomma.	insomma	_	_	_	_	_	linguistic	_	none	Intonation=Falling	End=1431.447	_	_	_	_
427-0	TO073	427	427	0	ehm:	ehm	_	_	_	_	_	linguistic	_	none	_	Begin=1431.558|End=1432.695	2x1	_	_	_
428-0	TO073	428	428	0	e	e	_	_	_	_	_	linguistic	_	none	_	Begin=1433.323	_	_	_	_
428-1	TO073	428	428	1	nulla	nulla	_	_	_	_	_	linguistic	_	none	_	_	_	_	_	_
428-2	TO073	428	428	2	perciò:	perciò	_	_	_	_	_	linguistic	_	none	PauseAfter=Yes	_	5x1	_	_	_
428-3	TO073	428	428	3	{P}	{P}	_	_	_	_	_	shortpause	_	none	_	_	_	_	_	_
428-4	TO073	428	428	4	c'	c'	_	_	_	_	_	linguistic	_	none	SpaceAfter=No	_	_	_	_	_
428-5	TO073	428	428	5	era	era	_	_	_	_	_	linguistic	_	none	_	_	_	_	_	_
428-6	TO073	428	428	6	il	il	_	_	_	_	_	linguistic	_	none	_	_	_	_	_	_
428-7	TO073	428	428	7	badulake	badulake	_	_	_	_	_	linguistic	_	none	_	_	_	_	_	_
428-8	TO073	428	428	8	poi	poi	_	_	_	_	_	linguistic	_	none	_	_	_	_	_	_
428-9	TO073	428	428	9	c'	c'	_	_	_	_	_	linguistic	_	none	SpaceAfter=No	_	_	_	_	_
428-10	TO073	428	428	10	era:	era	_	_	_	_	_	linguistic	_	none	_	End=1436.356	2x1	_	_	_
429-0	TO073	429	429	0	il	il	_	_	_	_	_	linguistic	_	none	_	Begin=1436.527	_	_	_	_
429-1	TO073	429	429	1	revolver	revolver	_	_	_	_	_	linguistic	_	none	_	_	_	_	_	_
429-2	TO073	429	429	2	ad	ad	_	_	_	_	_	linguistic	_	none	_	_	_	_	_	_
429-3	TO073	429	429	3	esempio	esempio	_	_	_	_	_	linguistic	_	none	_	_	_	_	_	_
429-4	TO073	429	429	4	che	che	_	_	_	_	_	linguistic	_	none	_	_	_	_	_	_
429-5	TO073	429	429	5	è	è	_	_	_	_	_	linguistic	_	none	_	_	_	_	_	_
429-6	TO073	429	429	6	un	un	_	_	_	_	_	linguistic	_	none	_	_	_	_	_	_
429-7	TO073	429	429	7	posto	posto	_	_	_	_	_	linguistic	_	none	_	_	_	_	_	_
429-8	TO073	429	429	8	[ecco	ecco	_	_	_	_	_	linguistic	_	none	_	_	_	_	_	0-4(92)
429-9	TO073	429	429	9	molto	molto	_	_	_	_	_	linguistic	_	none	_	_	_	_	_	0-5(92)
429-10	TO073	429	429	10	pi]ù	più	_	_	_	_	_	linguistic	_	none	_	End=1439.113	_	_	_	0-2(92)
430-0	TO071	430	430	0	[mh	mh	_	_	_	_	_	linguistic	_	none	_	Begin=1437.956	_	_	_	0-2(92)
430-1	TO071	430	430	1	mh]	mh	_	_	_	_	_	linguistic	_	none	_	End=1438.612	_	_	_	0-2(92)
431-0	TO073	431	431	0	molto	molto	_	_	_	_	_	linguistic	_	none	_	Begin=1439.37	_	_	_	_
431-1	TO073	431	431	1	diverso	diverso	_	_	_	_	_	linguistic	_	none	_	_	_	_	_	_
431-2	TO073	431	431	2	molto	molto	_	_	_	_	_	linguistic	_	none	_	_	_	_	_	_
431-3	TO073	431	431	3	meno	meno	_	_	_	_	_	linguistic	_	none	_	_	_	_	_	_
431-4	TO073	431	431	4	inflazionato	inflazionato	_	_	_	_	_	linguistic	_	none	_	_	_	_	_	_
431-5	TO073	431	431	5	dove	dove	_	_	_	_	_	linguistic	_	none	_	_	_	_	_	_
431-6	TO073	431	431	6	facevano	facevano	_	_	_	_	_	linguistic	_	none	_	_	_	_	_	_
431-7	TO073	431	431	7	musica	musica	_	_	_	_	_	linguistic	_	none	_	_	_	_	_	_
431-8	TO073	431	431	8	live	live	_	_	_	_	_	linguistic	_	none	_	End=1443.302	_	_	_	_
432-0	TO073	432	432	0	ehm::	ehm	_	_	_	_	_	linguistic	_	none	_	Begin=1443.495|End=1445.35	2x2	_	_	_
433-0	TO073	433	433	0	rock:	rock	_	_	_	_	_	linguistic	_	none	PauseAfter=Yes	Begin=1445.55	3x1	_	_	_
433-1	TO073	433	433	1	{P}	{P}	_	_	_	_	_	shortpause	_	none	_	_	_	_	_	_
433-2	TO073	433	433	2	e:h	eh	_	_	_	_	_	linguistic	_	none	PauseAfter=Yes	_	0x1	_	_	_
433-3	TO073	433	433	3	{P}	{P}	_	_	_	_	_	shortpause	_	none	_	_	_	_	_	_
433-4	TO073	433	433	4	ed	ed	_	_	_	_	_	linguistic	_	none	_	_	_	_	_	_
433-5	TO073	433	433	5	era	era	_	_	_	_	_	linguistic	_	none	_	_	_	_	_	_
433-6	TO073	433	433	6	una	una	_	_	_	_	_	linguistic	_	none	_	_	_	_	_	_
433-7	TO073	433	433	7	cosa	cosa	_	_	_	_	_	linguistic	_	none	PauseAfter=Yes	_	_	_	_	_
433-8	TO073	433	433	8	{P}	{P}	_	_	_	_	_	shortpause	_	none	_	_	_	_	_	_
433-9	TO073	433	433	9	non	non	_	_	_	_	_	linguistic	_	none	_	_	_	_	_	_
433-10	TO073	433	433	10	è	è	_	_	_	_	_	linguistic	_	none	_	_	_	_	_	_
433-11	TO073	433	433	11	che	che	_	_	_	_	_	linguistic	_	none	PauseAfter=Yes	_	_	_	_	_
433-12	TO073	433	433	12	{P}	{P}	_	_	_	_	_	shortpause	_	none	_	_	_	_	_	_
433-13	TO073	433	433	13	fosse	fosse	_	_	_	_	_	linguistic	_	none	_	_	_	_	_	_
433-14	TO073	433	433	14	un	un	_	_	_	_	_	linguistic	_	none	_	_	_	_	_	_
433-15	TO073	433	433	15	disco	disco	_	_	_	_	_	linguistic	_	none	_	_	_	_	_	_
433-16	TO073	433	433	16	[bar]	bar	_	_	_	_	_	linguistic	_	none	_	End=1451.23	_	_	_	0-3(93)
434-0	???	434	434	0	[ah	ah	_	_	_	_	_	linguistic	_	none	_	Begin=1450.314	_	_	_	0-2(93)
434-1	???	434	434	1	okay]	okay	_	_	_	_	_	linguistic	_	none	_	End=1451.24	_	_	_	0-4(93)
435-0	TO073	435	435	0	un	un	_	_	_	_	_	linguistic	_	none	_	Begin=1451.351	_	_	_	_
435-1	TO073	435	435	1	[disco	disco	_	_	_	_	_	linguistic	_	none	_	_	_	_	_	0-5(94)
435-2	TO073	435	435	2	bar	bar	_	_	_	_	_	linguistic	_	none	_	_	_	_	_	0-3(94)
435-3	TO073	435	435	3	o]	o	_	_	_	_	_	linguistic	_	none	_	End=1452.651	_	_	_	0-1(94)
436-0	TO071	436	436	0	[aspetta	aspetta	_	_	_	_	_	linguistic	_	none	_	Begin=1451.6	_	_	_	0-7(94)
436-1	TO071	436	436	1	un	un	_	_	_	_	_	linguistic	_	none	_	_	_	_	_	0-2(94)
436-2	TO071	436	436	2	attimo]	attimo	_	_	_	_	_	linguistic	_	none	_	End=1452.657	_	_	_	0-6(94)
437-0	TO071	437	437	0	vai	vai	_	_	_	_	_	linguistic	_	none	_	Begin=1453.29|End=1453.861	_	_	_	_
438-0	TO073	438	438	0	okay.	okay	_	_	_	_	_	linguistic	_	none	Intonation=Falling	Begin=1453.873|End=1454.39	_	_	_	_
439-0	TO073	439	439	0	che	che	_	_	_	_	_	linguistic	_	none	_	Begin=1454.519	_	_	_	_
439-1	TO073	439	439	1	non	non	_	_	_	_	_	linguistic	_	none	_	_	_	_	_	_
439-2	TO073	439	439	2	era	era	_	_	_	_	_	linguistic	_	none	_	_	_	_	_	_
439-3	TO073	439	439	3	un:	un	_	_	_	_	_	linguistic	_	none	_	_	1x1	_	_	_
439-4	TO073	439	439	4	mh	mh	_	_	_	_	_	linguistic	_	none	PauseAfter=Yes	_	_	_	_	_
439-5	TO073	439	439	5	{P}	{P}	_	_	_	_	_	shortpause	_	none	_	_	_	_	_	_
439-6	TO073	439	439	6	un	un	_	_	_	_	_	linguistic	_	none	_	_	_	_	_	_
439-7	TO073	439	439	7	disco	disco	_	_	_	_	_	linguistic	_	none	_	_	_	_	_	_
439-8	TO073	439	439	8	bar	bar	_	_	_	_	_	linguistic	_	none	_	_	_	_	_	_
439-9	TO073	439	439	9	>come	come	_	_	_	_	_	linguistic	_	none	_	_	_	Fast=0-4(0)	_	_
439-10	TO073	439	439	10	poteva	poteva	_	_	_	_	_	linguistic	_	none	_	_	_	Fast=0-6(0)	_	_
439-11	TO073	439	439	11	essere	essere	_	_	_	_	_	linguistic	_	none	_	_	_	Fast=0-6(0)	_	_
439-12	TO073	439	439	12	il	il	_	_	_	_	_	linguistic	_	none	_	_	_	Fast=0-2(0)	_	_
439-13	TO073	439	439	13	badulake	badulake	_	_	_	_	_	linguistic	_	none	_	_	_	Fast=0-8(0)	_	_
439-14	TO073	439	439	14	ma	ma	_	_	_	_	_	linguistic	_	none	_	_	_	Fast=0-2(0)	_	_
439-15	TO073	439	439	15	era	era	_	_	_	_	_	linguistic	_	none	_	_	_	Fast=0-3(0)	_	_
439-16	TO073	439	439	16	appunto	appunto	_	_	_	_	_	linguistic	_	none	_	_	_	Fast=0-7(0)	_	_
439-17	TO073	439	439	17	un	un	_	_	_	_	_	linguistic	_	none	_	_	_	Fast=0-2(0)	_	_
439-18	TO073	439	439	18	posto<	posto	_	_	_	_	_	linguistic	_	none	_	End=1459.165	_	Fast=0-5(0)	_	_
440-0	TO073	440	440	0	mh	mh	_	_	_	_	_	linguistic	_	none	_	Begin=1459.282	_	_	_	_
440-1	TO073	440	440	1	più	più	_	_	_	_	_	linguistic	_	none	_	_	_	_	_	_
440-2	TO073	440	440	2	tipo:	tipo	_	_	_	_	_	linguistic	_	none	PauseAfter=Yes	_	3x1	_	_	_
440-3	TO073	440	440	3	{P}	{P}	_	_	_	_	_	shortpause	_	none	_	_	_	_	_	_
440-4	TO073	440	440	4	pub	pub	_	_	_	_	_	linguistic	_	none	_	_	_	_	_	_
440-5	TO073	440	440	5	[dove]	dove	_	_	_	_	_	linguistic	_	none	_	_	_	_	_	0-4(95)
440-6	TO073	440	440	6	>si	si	_	_	_	_	_	linguistic	_	none	_	_	_	Fast=0-2(0)	_	_
440-7	TO073	440	440	7	stava	stava	_	_	_	_	_	linguistic	_	none	_	_	_	Fast=0-5(0)	_	_
440-8	TO073	440	440	8	seduti	seduti	_	_	_	_	_	linguistic	_	none	_	_	_	Fast=0-6(0)	_	_
440-9	TO073	440	440	9	si	si	_	_	_	_	_	linguistic	_	none	_	_	_	Fast=0-2(0)	_	_
440-10	TO073	440	440	10	beveva	beveva	_	_	_	_	_	linguistic	_	none	_	_	_	Fast=0-6(0)	_	_
440-11	TO073	440	440	11	c'	c'	_	_	_	_	_	linguistic	_	none	SpaceAfter=No	_	_	Fast=0-2(0)	_	_
440-12	TO073	440	440	12	era	era	_	_	_	_	_	linguistic	_	none	_	_	_	Fast=0-3(0)	_	_
440-13	TO073	440	440	13	musica	musica	_	_	_	_	_	linguistic	_	none	_	_	_	Fast=0-6(0)	_	_
440-14	TO073	440	440	14	live<	live	_	_	_	_	_	linguistic	_	none	_	_	_	Fast=0-4(0)	_	_
440-15	TO073	440	440	15	poi	poi	_	_	_	_	_	linguistic	_	none	_	_	_	_	_	_
440-16	TO073	440	440	16	si	si	_	_	_	_	_	linguistic	_	none	_	_	_	_	_	_
440-17	TO073	440	440	17	ballava	ballava	_	_	_	_	_	linguistic	_	none	_	_	_	_	_	_
440-18	TO073	440	440	18	anche	anche	_	_	_	_	_	linguistic	_	none	_	End=1464.704	_	_	_	_
441-0	TO071	441	441	0	[mh	mh	_	_	_	_	_	linguistic	_	none	_	Begin=1461.073	_	_	_	0-2(95)
441-1	TO071	441	441	1	mh]	mh	_	_	_	_	_	linguistic	_	none	_	End=1461.524	_	_	_	0-2(95)
442-0	TO073	442	442	0	eh	eh	_	_	_	_	_	linguistic	_	none	_	Begin=1464.907	_	_	_	_
442-1	TO073	442	442	1	oppure	oppure	_	_	_	_	_	linguistic	_	none	_	_	_	_	_	_
442-2	TO073	442	442	2	c'	c'	_	_	_	_	_	linguistic	_	none	SpaceAfter=No	_	_	_	_	_
442-3	TO073	442	442	3	era	era	_	_	_	_	_	linguistic	_	none	_	End=1466.549	_	_	_	_
443-0	TO073	443	443	0	c'	c'	_	_	_	_	_	linguistic	_	none	SpaceAfter=No	Begin=1466.684	_	_	_	_
443-1	TO073	443	443	1	erano	erano	_	_	_	_	_	linguistic	_	none	_	_	_	_	_	_
443-2	TO073	443	443	2	diverse	diverse	_	_	_	_	_	linguistic	_	none	_	_	_	_	_	_
443-3	TO073	443	443	3	discoteche	discoteche	_	_	_	_	_	linguistic	_	none	_	_	_	_	_	_
443-4	TO073	443	443	4	>ad	ad	_	_	_	_	_	linguistic	_	none	_	_	_	Fast=0-2(0)	_	_
443-5	TO073	443	443	5	esempio	esempio	_	_	_	_	_	linguistic	_	none	_	_	_	Fast=0-7(0)	_	_
443-6	TO073	443	443	6	la	la	_	_	_	_	_	linguistic	_	none	_	_	_	Fast=0-2(0)	_	_
443-7	TO073	443	443	7	sala	sala	_	_	_	_	_	linguistic	_	none	_	_	_	Fast=0-4(0)	_	_
443-8	TO073	443	443	8	rem	rem	_	_	_	_	_	linguistic	_	none	_	_	_	Fast=0-3(0)	_	_
443-9	TO073	443	443	9	che	che	_	_	_	_	_	linguistic	_	none	_	_	_	Fast=0-3(0)	_	_
443-10	TO073	443	443	10	apriva	apriva	_	_	_	_	_	linguistic	_	none	_	_	_	Fast=0-6(0)	_	_
443-11	TO073	443	443	11	alle	alle	_	_	_	_	_	linguistic	_	none	_	_	_	Fast=0-4(0)	_	_
443-12	TO073	443	443	12	quattro	quattro	_	_	_	_	_	linguistic	_	none	_	_	_	Fast=0-7(0)	_	_
443-13	TO073	443	443	13	di	di	_	_	_	_	_	linguistic	_	none	_	_	_	Fast=0-2(0)	_	_
443-14	TO073	443	443	14	notte	notte	_	_	_	_	_	linguistic	_	none	_	_	_	Fast=0-5(0)	_	_
443-15	TO073	443	443	15	quindi	quindi	_	_	_	_	_	linguistic	_	none	_	_	_	Fast=0-6(0)	_	_
443-16	TO073	443	443	16	quando	quando	_	_	_	_	_	linguistic	_	none	_	_	_	Fast=0-6(0)	_	_
443-17	TO073	443	443	17	chiudevano	chiudevano	_	_	_	_	_	linguistic	_	none	_	_	_	Fast=0-10(0)	_	_
443-18	TO073	443	443	18	gli	gli	_	_	_	_	_	linguistic	_	none	_	_	_	Fast=0-3(0)	_	_
443-19	TO073	443	443	19	altri	altri	_	_	_	_	_	linguistic	_	none	_	_	_	Fast=0-5(0)	_	_
443-20	TO073	443	443	20	locali	locali	_	_	_	_	_	linguistic	_	none	_	_	_	Fast=0-6(0)	_	_
443-21	TO073	443	443	21	apriva	apriva	_	_	_	_	_	linguistic	_	none	_	_	_	Fast=0-6(0)	_	_
443-22	TO073	443	443	22	quella<	quella	_	_	_	_	_	linguistic	_	none	_	_	_	Fast=0-6(0)	_	_
443-23	TO073	443	443	23	e	e	_	_	_	_	_	linguistic	_	none	_	_	_	_	_	_
443-24	TO073	443	443	24	si	si	_	_	_	_	_	linguistic	_	none	_	_	_	_	_	_
443-25	TO073	443	443	25	andava	andava	_	_	_	_	_	linguistic	_	none	_	End=1473.543	_	_	_	_
444-0	TO073	444	444	0	e	e	_	_	_	_	_	linguistic	_	none	_	Begin=1473.911	_	_	_	_
444-1	TO073	444	444	1	si	si	_	_	_	_	_	linguistic	_	none	_	_	_	_	_	_
444-2	TO073	444	444	2	andava	andava	_	_	_	_	_	linguistic	_	none	_	_	_	_	_	_
444-3	TO073	444	444	3	lì	lì	_	_	_	_	_	linguistic	_	none	_	End=1475.147	_	_	_	_
445-0	TO073	445	445	0	oppure	oppure	_	_	_	_	_	linguistic	_	none	_	Begin=1475.255	_	_	_	_
445-1	TO073	445	445	1	c'	c'	_	_	_	_	_	linguistic	_	none	SpaceAfter=No	_	_	_	_	_
445-2	TO073	445	445	2	era:	era	_	_	_	_	_	linguistic	_	none	_	_	2x1	_	_	_
445-3	TO073	445	445	3	mh	mh	_	_	_	_	_	linguistic	_	none	_	End=1476.89	_	_	_	_
446-0	TO073	446	446	0	>il	il	_	_	_	_	_	linguistic	_	none	_	Begin=1476.928	_	Fast=0-2(0)	_	_
446-1	TO073	446	446	1	luminata	luminata	_	_	_	_	_	linguistic	_	none	_	_	_	Fast=0-8(0)	_	_
446-2	TO073	446	446	2	che	che	_	_	_	_	_	linguistic	_	none	_	_	_	Fast=0-3(0)	_	_
446-3	TO073	446	446	3	era	era	_	_	_	_	_	linguistic	_	none	_	_	_	Fast=0-3(0)	_	_
446-4	TO073	446	446	4	un'	un'	_	_	_	_	_	linguistic	_	none	SpaceAfter=No	_	_	Fast=0-3(0)	_	_
446-5	TO073	446	446	5	altra	altra	_	_	_	_	_	linguistic	_	none	_	_	_	Fast=0-5(0)	_	_
446-6	TO073	446	446	6	discoteca	discoteca	_	_	_	_	_	linguistic	_	none	_	_	_	Fast=0-9(0)	_	_
446-7	TO073	446	446	7	la	la	_	_	_	_	_	linguistic	_	none	_	_	_	Fast=0-2(0)	_	_
446-8	TO073	446	446	8	sala	sala	_	_	_	_	_	linguistic	_	none	_	_	_	Fast=0-4(0)	_	_
446-9	TO073	446	446	9	rem	rem	_	_	_	_	_	linguistic	_	none	_	_	_	Fast=0-3(0)	_	_
446-10	TO073	446	446	10	era	era	_	_	_	_	_	linguistic	_	none	_	_	_	Fast=0-3(0)	_	_
446-11	TO073	446	446	11	sempre	sempre	_	_	_	_	_	linguistic	_	none	_	_	_	Fast=0-6(0)	_	_
446-12	TO073	446	446	12	un	un	_	_	_	_	_	linguistic	_	none	_	_	_	Fast=0-2(0)	_	_
446-13	TO073	446	446	13	po'	po'	_	_	_	_	_	linguistic	_	none	_	_	_	Fast=0-3(0)	_	_
446-14	TO073	446	446	14	più	più	_	_	_	_	_	linguistic	_	none	_	_	_	Fast=0-3(0)	_	_
446-15	TO073	446	446	15	per	per	_	_	_	_	_	linguistic	_	none	_	_	_	Fast=0-3(0)	_	_
446-16	TO073	446	446	16	gli	gli	_	_	_	_	_	linguistic	_	none	_	_	_	Fast=0-3(0)	_	_
446-17	TO073	446	446	17	alt~<	alt~	_	_	_	_	_	linguistic	_	none	Interrupted=Yes	_	_	Fast=0-4(0)	_	_
446-18	TO073	446	446	18	gli	gli	_	_	_	_	_	linguistic	_	none	_	_	_	_	_	_
446-19	TO073	446	446	19	alternativi	alternativi	_	_	_	_	_	linguistic	_	none	_	_	_	_	_	_
446-20	TO073	446	446	20	il	il	_	_	_	_	_	linguistic	_	none	_	_	_	_	_	_
446-21	TO073	446	446	21	luminata	luminata	_	_	_	_	_	linguistic	_	none	_	_	_	_	_	_
446-22	TO073	446	446	22	era	era	_	_	_	_	_	linguistic	_	none	_	_	_	_	_	_
446-23	TO073	446	446	23	un	un	_	_	_	_	_	linguistic	_	none	_	_	_	_	_	_
446-24	TO073	446	446	24	po'	po'	_	_	_	_	_	linguistic	_	none	_	_	_	_	_	_
446-25	TO073	446	446	25	più	più	_	_	_	_	_	linguistic	_	none	PauseAfter=Yes	_	_	_	_	_
446-26	TO073	446	446	26	{P}	{P}	_	_	_	_	_	shortpause	_	none	_	_	_	_	_	_
446-27	TO073	446	446	27	il	il	_	_	_	_	_	linguistic	_	none	_	_	_	_	_	_
446-28	TO073	446	446	28	proseguo	proseguo	_	_	_	_	_	linguistic	_	none	_	_	_	_	_	_
446-29	TO073	446	446	29	del	del	_	_	_	_	_	linguistic	_	none	_	_	_	_	_	_
446-30	TO073	446	446	30	[badulake	badulake	_	_	_	_	_	linguistic	_	none	_	_	_	_	_	0-8(96)
446-31	TO073	446	446	31	tipo]	tipo	_	_	_	_	_	linguistic	_	none	_	End=1483.251	_	_	_	0-4(96)
447-0	TO071	447	447	0	[più	più	_	_	_	_	_	linguistic	_	none	_	Begin=1482.264	_	_	_	0-3(96)
447-1	TO071	447	447	1	mainstream]?	mainstream	_	_	_	_	_	linguistic	_	none	Intonation=Rising	End=1483.261	_	_	_	0-10(96)
448-0	TO073	448	448	0	esatto	esatto	_	_	_	_	_	linguistic	_	none	_	Begin=1483.37|End=1484.363	_	_	_	_
449-0	TO071	449	449	0	{ride}	{ride}	_	_	_	_	_	nonverbalbehavior	_	none	_	Begin=1483.37|End=1484.363	_	_	_	_
450-0	TO073	450	450	0	e::h	eh	_	_	_	_	_	linguistic	_	none	_	Begin=1484.471	0x2	_	_	_
450-1	TO073	450	450	1	oppure	oppure	_	_	_	_	_	linguistic	_	none	_	_	_	_	_	_
450-2	TO073	450	450	2	c'	c'	_	_	_	_	_	linguistic	_	none	SpaceAfter=No	_	_	_	_	_
450-3	TO073	450	450	3	erano:	erano	_	_	_	_	_	linguistic	_	none	_	_	4x1	_	_	_
450-4	TO073	450	450	4	altri	altri	_	_	_	_	_	linguistic	_	none	_	_	_	_	_	_
450-5	TO073	450	450	5	posti	posti	_	_	_	_	_	linguistic	_	none	_	End=1487.128	_	_	_	_
451-0	TO073	451	451	0	un	un	_	_	_	_	_	linguistic	_	none	_	Begin=1487.325	_	_	_	_
451-1	TO073	451	451	1	po'	po'	_	_	_	_	_	linguistic	_	none	_	_	_	_	_	_
451-2	TO073	451	451	2	meno	meno	_	_	_	_	_	linguistic	_	none	_	_	_	_	_	_
451-3	TO073	451	451	3	conosciuti	conosciuti	_	_	_	_	_	linguistic	_	none	_	_	_	_	_	_
451-4	TO073	451	451	4	>tipo	tipo	_	_	_	_	_	linguistic	_	none	_	_	_	Fast=0-4(0)	_	_
451-5	TO073	451	451	5	adesso	adesso	_	_	_	_	_	linguistic	_	none	_	_	_	Fast=0-6(0)	_	_
451-6	TO073	451	451	6	non	non	_	_	_	_	_	linguistic	_	none	_	_	_	Fast=0-3(0)	_	_
451-7	TO073	451	451	7	mi	mi	_	_	_	_	_	linguistic	_	none	_	_	_	Fast=0-2(0)	_	_
451-8	TO073	451	451	8	ricordo	ricordo	_	_	_	_	_	linguistic	_	none	_	_	_	Fast=0-7(0)	_	_
451-9	TO073	451	451	9	come	come	_	_	_	_	_	linguistic	_	none	_	_	_	Fast=0-4(0)	_	_
451-10	TO073	451	451	10	si	si	_	_	_	_	_	linguistic	_	none	_	_	_	Fast=0-2(0)	_	_
451-11	TO073	451	451	11	chiamano	chiamano	_	_	_	_	_	linguistic	_	none	_	_	_	Fast=0-8(0)	_	_
451-12	TO073	451	451	12	dove	dove	_	_	_	_	_	linguistic	_	none	_	_	_	Fast=0-4(0)	_	_
451-13	TO073	451	451	13	andavano	andavano	_	_	_	_	_	linguistic	_	none	_	_	_	Fast=0-8(0)	_	_
451-14	TO073	451	451	14	sempre	sempre	_	_	_	_	_	linguistic	_	none	_	_	_	Fast=0-6(0)	_	_
451-15	TO073	451	451	15	jack	jack	_	_	_	_	_	linguistic	_	none	_	_	_	Fast=0-4(0)	_	_
451-16	TO073	451	451	16	e	e	_	_	_	_	_	linguistic	_	none	_	_	_	Fast=0-1(0)	_	_
451-17	TO073	451	451	17	xxx	xxx	_	_	_	_	_	unknown	_	none	Syllables=3	_	_	Fast=0-3(0)	_	_
451-18	TO073	451	451	18	che	che	_	_	_	_	_	linguistic	_	none	_	_	_	Fast=0-3(0)	_	_
451-19	TO073	451	451	19	faceva	faceva	_	_	_	_	_	linguistic	_	none	_	_	_	Fast=0-6(0)	_	_
451-20	TO073	451	451	20	scassare	scassare	_	_	_	_	_	linguistic	_	none	_	_	_	Fast=0-8(0)	_	_
451-21	TO073	451	451	21	dove	dove	_	_	_	_	_	linguistic	_	none	_	_	_	Fast=0-4(0)	_	_
451-22	TO073	451	451	22	c'	c'	_	_	_	_	_	linguistic	_	none	SpaceAfter=No	_	_	Fast=0-2(0)	_	_
451-23	TO073	451	451	23	era	era	_	_	_	_	_	linguistic	_	none	_	_	_	Fast=0-3(0)	_	_
451-24	TO073	451	451	24	il	il	_	_	_	_	_	linguistic	_	none	_	_	_	Fast=0-2(0)	_	_
451-25	TO073	451	451	25	karaoke<	karaoke	_	_	_	_	_	linguistic	_	none	_	End=1493.115	_	Fast=0-7(0)	_	_
452-0	TO071	452	452	0	ah	ah	_	_	_	_	_	linguistic	_	none	_	Begin=1493.129	_	_	_	_
452-1	TO071	452	452	1	ah	ah	_	_	_	_	_	linguistic	_	none	_	End=1493.469	_	_	_	_
453-0	TO073	453	453	0	>e	e	_	_	_	_	_	linguistic	_	none	_	Begin=1493.469	_	Fast=0-1(0)	_	_
453-1	TO073	453	453	1	loro	loro	_	_	_	_	_	linguistic	_	none	_	_	_	Fast=0-4(0)	_	_
453-2	TO073	453	453	2	si	si	_	_	_	_	_	linguistic	_	none	_	_	_	Fast=0-2(0)	_	_
453-3	TO073	453	453	3	facevano	facevano	_	_	_	_	_	linguistic	_	none	_	_	_	Fast=0-8(0)	_	_
453-4	TO073	453	453	4	sempre	sempre	_	_	_	_	_	linguistic	_	none	_	_	_	Fast=0-6(0)	_	_
453-5	TO073	453	453	5	cantautori	cantautori	_	_	_	_	_	linguistic	_	none	_	_	_	Fast=0-10(0)	_	_
453-6	TO073	453	453	6	improbabili	improbabili	_	_	_	_	_	linguistic	_	none	_	_	_	Fast=0-11(0)	_	_
453-7	TO073	453	453	7	italiani<	italiani	_	_	_	_	_	linguistic	_	none	_	End=1496.418	_	Fast=0-8(0)	_	_
454-0	TO071	454	454	0	{ride}	{ride}	_	_	_	_	_	nonverbalbehavior	_	none	_	Begin=1495.616|End=1496.509	_	_	_	_
455-0	TO073	455	455	0	ma	ma	_	_	_	_	_	linguistic	_	none	_	Begin=1496.534	_	_	_	_
455-1	TO073	455	455	1	ma	ma	_	_	_	_	_	linguistic	_	none	_	_	_	_	_	_
455-2	TO073	455	455	2	era	era	_	_	_	_	_	linguistic	_	none	_	_	_	_	_	_
455-3	TO073	455	455	3	divertentissimo	divertentissimo	_	_	_	_	_	linguistic	_	none	_	_	_	_	_	_
455-4	TO073	455	455	4	veramente	veramente	_	_	_	_	_	linguistic	_	none	_	_	_	_	_	_
455-5	TO073	455	455	5	ho	ho	_	_	_	_	_	linguistic	_	none	_	_	_	_	_	_
455-6	TO073	455	455	6	passato	passato	_	_	_	_	_	linguistic	_	none	_	_	_	_	_	_
455-7	TO073	455	455	7	delle	delle	_	_	_	_	_	linguistic	_	none	_	_	_	_	_	_
455-8	TO073	455	455	8	bellissime	bellissime	_	_	_	_	_	linguistic	_	none	_	_	_	_	_	_
455-9	TO073	455	455	9	serate	serate	_	_	_	_	_	linguistic	_	none	_	_	_	_	_	_
455-10	TO073	455	455	10	anche	anche	_	_	_	_	_	linguistic	_	none	_	_	_	_	_	_
455-11	TO073	455	455	11	lì	lì	_	_	_	_	_	linguistic	_	none	_	End=1499.917	_	_	_	_
456-0	TO073	456	456	0	non	non	_	_	_	_	_	linguistic	_	none	_	Begin=1500.266	_	_	_	_
456-1	TO073	456	456	1	mi	mi	_	_	_	_	_	linguistic	_	none	_	_	_	_	_	_
456-2	TO073	456	456	2	ricordo	ricordo	_	_	_	_	_	linguistic	_	none	_	_	_	_	_	_
456-3	TO073	456	456	3	il	il	_	_	_	_	_	linguistic	_	none	_	_	_	_	_	_
456-4	TO073	456	456	4	nome	nome	_	_	_	_	_	linguistic	_	none	PauseAfter=Yes	_	_	_	_	_
456-5	TO073	456	456	5	{P}	{P}	_	_	_	_	_	shortpause	_	none	_	_	_	_	_	_
456-6	TO073	456	456	6	vabbè	vabbè	_	_	_	_	_	linguistic	_	none	_	End=1501.805	_	_	_	_
457-0	TO073	457	457	0	ehm:::	ehm	_	_	_	_	_	linguistic	_	none	_	Begin=1501.979	2x3	_	_	_
457-1	TO073	457	457	1	nulla	nulla	_	_	_	_	_	linguistic	_	none	_	_	_	_	_	_
457-2	TO073	457	457	2	un	un	_	_	_	_	_	linguistic	_	none	_	_	_	_	_	_
457-3	TO073	457	457	3	po'	po'	_	_	_	_	_	linguistic	_	none	_	_	_	_	_	_
457-4	TO073	457	457	4	questo:	questo	_	_	_	_	_	linguistic	_	none	PauseAfter=Yes	_	5x1	_	_	_
457-5	TO073	457	457	5	{P}	{P}	_	_	_	_	_	shortpause	_	none	_	_	_	_	_	_
457-6	TO073	457	457	6	o:	o	_	_	_	_	_	linguistic	_	none	_	End=1506.96	0x1	_	_	_
458-0	TO071	458	458	0	e	e	_	_	_	_	_	linguistic	_	none	_	Begin=1507.061	_	_	_	_
458-1	TO071	458	458	1	posti	posti	_	_	_	_	_	linguistic	_	none	_	_	_	_	_	_
458-2	TO071	458	458	2	che	che	_	_	_	_	_	linguistic	_	none	_	_	_	_	_	_
458-3	TO071	458	458	3	non	non	_	_	_	_	_	linguistic	_	none	_	_	_	_	_	_
458-4	TO071	458	458	4	erano	erano	_	_	_	_	_	linguistic	_	none	PauseAfter=Yes	_	_	_	_	_
458-5	TO071	458	458	5	{P}	{P}	_	_	_	_	_	shortpause	_	none	_	_	_	_	_	_
458-6	TO071	458	458	6	come	come	_	_	_	_	_	linguistic	_	none	_	_	_	_	_	_
458-7	TO071	458	458	7	dire	dire	_	_	_	_	_	linguistic	_	none	_	_	_	_	_	_
458-8	TO071	458	458	8	locali	locali	_	_	_	_	_	linguistic	_	none	PauseAfter=Yes	_	_	_	_	_
458-9	TO071	458	458	9	{P}	{P}	_	_	_	_	_	shortpause	_	none	_	_	_	_	_	_
458-10	TO071	458	458	10	cioè	cioè	_	_	_	_	_	linguistic	_	none	_	_	_	_	_	_
458-11	TO071	458	458	11	mh	mh	_	_	_	_	_	linguistic	_	none	_	_	_	_	_	_
458-12	TO071	458	458	12	che	che	_	_	_	_	_	linguistic	_	none	_	_	_	_	_	_
458-13	TO071	458	458	13	che	che	_	_	_	_	_	linguistic	_	none	_	_	_	_	_	_
458-14	TO071	458	458	14	vale	vale	_	_	_	_	_	linguistic	_	none	_	_	_	_	_	_
458-15	TO071	458	458	15	la	la	_	_	_	_	_	linguistic	_	none	_	_	_	_	_	_
458-16	TO071	458	458	16	pena	pena	_	_	_	_	_	linguistic	_	none	_	_	_	_	_	_
458-17	TO071	458	458	17	visitare	visitare	_	_	_	_	_	linguistic	_	none	_	End=1512.42	_	_	_	_
459-0	TO073	459	459	0	ah	ah	_	_	_	_	_	linguistic	_	none	_	Begin=1512.453	_	_	_	_
459-1	TO073	459	459	1	vabbè	vabbè	_	_	_	_	_	linguistic	_	none	_	_	_	_	_	_
459-2	TO073	459	459	2	allora	allora	_	_	_	_	_	linguistic	_	none	_	_	_	_	_	_
459-3	TO073	459	459	3	inanzitutto:	inanzitutto	_	_	_	_	_	linguistic	_	none	_	_	10x1	_	_	_
459-4	TO073	459	459	4	la	la	_	_	_	_	_	linguistic	_	none	_	_	_	_	_	_
459-5	TO073	459	459	5	cattedrale	cattedrale	_	_	_	_	_	linguistic	_	none	_	_	_	_	_	_
459-6	TO073	459	459	6	la	la	_	_	_	_	_	linguistic	_	none	_	_	_	_	_	_
459-7	TO073	459	459	7	piazza	piazza	_	_	_	_	_	linguistic	_	none	_	_	_	_	_	_
459-8	TO073	459	459	8	della	della	_	_	_	_	_	linguistic	_	none	_	_	_	_	_	_
459-9	TO073	459	459	9	cattedrale	cattedrale	_	_	_	_	_	linguistic	_	none	_	_	_	_	_	_
459-10	TO073	459	459	10	è	è	_	_	_	_	_	linguistic	_	none	_	_	_	_	_	_
459-11	TO073	459	459	11	bellissima	bellissima	_	_	_	_	_	linguistic	_	none	_	_	_	_	_	_
459-12	TO073	459	459	12	perché	perché	_	_	_	_	_	linguistic	_	none	_	_	_	_	_	_
459-13	TO073	459	459	13	è	è	_	_	_	_	_	linguistic	_	none	_	_	_	_	_	_
459-14	TO073	459	459	14	super	super	_	_	_	_	_	linguistic	_	none	_	_	_	_	_	_
459-15	TO073	459	459	15	maestosa	maestosa	_	_	_	_	_	linguistic	_	none	_	End=1518.068	_	_	_	_
460-0	TO073	460	460	0	ed	ed	_	_	_	_	_	linguistic	_	none	_	Begin=1518.119	_	_	_	_
460-1	TO073	460	460	1	è	è	_	_	_	_	_	linguistic	_	none	_	_	_	_	_	_
460-2	TO073	460	460	2	fronteggiata	fronteggiata	_	_	_	_	_	linguistic	_	none	_	_	_	_	_	_
460-3	TO073	460	460	3	da	da	_	_	_	_	_	linguistic	_	none	_	_	_	_	_	_
460-4	TO073	460	460	4	un	un	_	_	_	_	_	linguistic	_	none	_	_	_	_	_	_
460-5	TO073	460	460	5	edificio	edificio	_	_	_	_	_	linguistic	_	none	_	End=1520.212	_	_	_	_
461-0	TO073	461	461	0	che:	che	_	_	_	_	_	linguistic	_	none	_	Begin=1520.358	2x1	_	_	_
461-1	TO073	461	461	1	mh	mh	_	_	_	_	_	linguistic	_	none	PauseAfter=Yes	_	_	_	_	_
461-2	TO073	461	461	2	{P}	{P}	_	_	_	_	_	shortpause	_	none	_	_	_	_	_	_
461-3	TO073	461	461	3	mh	mh	_	_	_	_	_	linguistic	_	none	_	_	_	_	_	_
461-4	TO073	461	461	4	diciamo	diciamo	_	_	_	_	_	linguistic	_	none	_	End=1523.347	_	_	_	_
462-0	TO073	462	462	0	contrasta:	contrasta	_	_	_	_	_	linguistic	_	none	_	Begin=1523.347	8x1	_	_	_
462-1	TO073	462	462	1	moltissimo	moltissimo	_	_	_	_	_	linguistic	_	none	_	_	_	_	_	_
462-2	TO073	462	462	2	con	con	_	_	_	_	_	linguistic	_	none	_	_	_	_	_	_
462-3	TO073	462	462	3	lo	lo	_	_	_	_	_	linguistic	_	none	_	_	_	_	_	_
462-4	TO073	462	462	4	stile	stile	_	_	_	_	_	linguistic	_	none	_	_	_	_	_	_
462-5	TO073	462	462	5	della	della	_	_	_	_	_	linguistic	_	none	_	_	_	_	_	_
462-6	TO073	462	462	6	della	della	_	_	_	_	_	linguistic	_	none	_	_	_	_	_	_
462-7	TO073	462	462	7	cattedrale	cattedrale	_	_	_	_	_	linguistic	_	none	_	_	_	_	_	_
462-8	TO073	462	462	8	di	di	_	_	_	_	_	linguistic	_	none	_	_	_	_	_	_
462-9	TO073	462	462	9	mur[cia]	murcia	_	_	_	_	_	linguistic	_	none	_	End=1527.146	_	_	_	3-6(97)
463-0	TO071	463	463	0	[ah	ah	_	_	_	_	_	linguistic	_	none	_	Begin=1526.707	_	_	_	0-2(97)
463-1	TO071	463	463	1	ah]	ah	_	_	_	_	_	linguistic	_	none	_	End=1527.121	_	_	_	0-2(97)
464-0	TO073	464	464	0	eh	eh	_	_	_	_	_	linguistic	_	none	_	Begin=1527.266	_	_	_	_
464-1	TO073	464	464	1	un	un	_	_	_	_	_	linguistic	_	none	_	_	_	_	_	_
464-2	TO073	464	464	2	edificio:	edificio	_	_	_	_	_	linguistic	_	none	_	_	7x1	_	_	_
464-3	TO073	464	464	3	molto	molto	_	_	_	_	_	linguistic	_	none	_	_	_	_	_	_
464-4	TO073	464	464	4	nuovo	nuovo	_	_	_	_	_	linguistic	_	none	_	End=1529.707	_	_	_	_
465-0	TO073	465	465	0	eh	eh	_	_	_	_	_	linguistic	_	none	_	Begin=1529.804	_	_	_	_
465-1	TO073	465	465	1	>progettato	progettato	_	_	_	_	_	linguistic	_	none	_	_	_	_	_	_
465-2	TO073	465	465	2	da	da	_	_	_	_	_	linguistic	_	none	_	_	_	_	_	_
465-3	TO073	465	465	3	un	un	_	_	_	_	_	linguistic	_	none	_	_	_	_	_	_
465-4	TO073	465	465	4	architetto	architetto	_	_	_	_	_	linguistic	_	none	_	_	_	_	_	_
465-5	TO073	465	465	5	di	di	_	_	_	_	_	linguistic	_	none	_	_	_	_	_	_
465-6	TO073	465	465	6	cui	cui	_	_	_	_	_	linguistic	_	none	_	_	_	_	_	_
465-7	TO073	465	465	7	ovviamente	ovviamente	_	_	_	_	_	linguistic	_	none	_	_	_	_	_	_
465-8	TO073	465	465	8	non	non	_	_	_	_	_	linguistic	_	none	_	_	_	_	_	_
465-9	TO073	465	465	9	mi	mi	_	_	_	_	_	linguistic	_	none	_	_	_	_	_	_
465-10	TO073	465	465	10	non	non	_	_	_	_	_	linguistic	_	none	_	_	_	_	_	_
465-11	TO073	465	465	11	ricordo	ricordo	_	_	_	_	_	linguistic	_	none	_	_	_	_	_	_
465-12	TO073	465	465	12	il	il	_	_	_	_	_	linguistic	_	none	_	_	_	_	_	_
465-13	TO073	465	465	13	nome>	nome	_	_	_	_	_	linguistic	_	none	_	_	_	_	_	_
465-14	TO073	465	465	14	[però	però	_	_	_	_	_	linguistic	_	none	_	_	_	_	_	0-4(98)
465-15	TO073	465	465	15	che]	che	_	_	_	_	_	linguistic	_	none	_	End=1533.69	_	_	_	0-3(98)
466-0	TO071	466	466	0	[sarà	sarà	_	_	_	_	_	linguistic	_	none	_	Begin=1532.877	_	_	_	0-4(98)
466-1	TO071	466	466	1	gaudì]	gaudì	_	_	_	_	_	linguistic	_	none	_	_	_	_	_	0-5(98)
466-2	TO071	466	466	2	visto	visto	_	_	_	_	_	linguistic	_	none	_	_	_	_	_	_
466-3	TO071	466	466	3	che	che	_	_	_	_	_	linguistic	_	none	_	_	_	_	_	_
466-4	TO071	466	466	4	la	la	_	_	_	_	_	linguistic	_	none	_	_	_	_	_	_
466-5	TO071	466	466	5	spagna	spagna	_	_	_	_	_	linguistic	_	none	_	_	_	_	_	_
466-6	TO071	466	466	6	(eh)	eh	_	_	_	_	_	linguistic	_	none	_	_	_	_	0-2(0)	_
466-7	TO071	466	466	7	li	li	_	_	_	_	_	linguistic	_	none	_	_	_	_	_	_
466-8	TO071	466	466	8	ha	ha	_	_	_	_	_	linguistic	_	none	_	_	_	_	_	_
466-9	TO071	466	466	9	fatti	fatti	_	_	_	_	_	linguistic	_	none	_	_	_	_	_	_
466-10	TO071	466	466	10	tutti	tutti	_	_	_	_	_	linguistic	_	none	_	_	_	_	_	_
466-11	TO071	466	466	11	gaudì	gaudì	_	_	_	_	_	linguistic	_	none	_	End=1535.933	_	_	_	_
467-0	TO073	467	467	0	>potrebbe	potrebbe	_	_	_	_	_	linguistic	_	none	_	Begin=1535.938	_	Fast=0-8(0)	_	_
467-1	TO073	467	467	1	ess~	ess~	_	_	_	_	_	linguistic	_	none	Interrupted=Yes	_	_	Fast=0-4(0)	_	_
467-2	TO073	467	467	2	non	non	_	_	_	_	_	linguistic	_	none	_	_	_	Fast=0-3(0)	_	_
467-3	TO073	467	467	3	credo	credo	_	_	_	_	_	linguistic	_	none	_	_	_	Fast=0-5(0)	_	_
467-4	TO073	467	467	4	perché	perché	_	_	_	_	_	linguistic	_	none	_	_	_	Fast=0-6(0)	_	_
467-5	TO073	467	467	5	non	non	_	_	_	_	_	linguistic	_	none	_	_	_	Fast=0-3(0)	_	_
467-6	TO073	467	467	6	erano	erano	_	_	_	_	_	linguistic	_	none	_	_	_	Fast=0-5(0)	_	_
467-7	TO073	467	467	7	di<	di	_	_	_	_	_	linguistic	_	none	_	_	_	Fast=0-2(0)	_	_
467-8	TO073	467	467	8	fama	fama	_	_	_	_	_	linguistic	_	none	_	_	_	_	_	_
467-9	TO073	467	467	9	così	così	_	_	_	_	_	linguistic	_	none	_	_	_	_	_	_
467-10	TO073	467	467	10	mondiale	mondiale	_	_	_	_	_	linguistic	_	none	_	_	_	_	_	_
467-11	TO073	467	467	11	però	però	_	_	_	_	_	linguistic	_	none	_	_	_	_	_	_
467-12	TO073	467	467	12	ehm	ehm	_	_	_	_	_	linguistic	_	none	_	End=1540.344	_	_	_	_
468-0	TO071	468	468	0	{ride}	{ride}	_	_	_	_	_	nonverbalbehavior	_	none	_	Begin=1535.94|End=1537.53	_	_	_	_
469-0	TO073	469	469	0	>appunto	appunto	_	_	_	_	_	linguistic	_	none	_	Begin=1540.436	_	Fast=0-7(0)	_	_
469-1	TO073	469	469	1	che	che	_	_	_	_	_	linguistic	_	none	_	_	_	Fast=0-3(0)	_	_
469-2	TO073	469	469	2	giocava	giocava	_	_	_	_	_	linguistic	_	none	_	_	_	Fast=0-7(0)	_	_
469-3	TO073	469	469	3	tutto	tutto	_	_	_	_	_	linguistic	_	none	_	_	_	Fast=0-5(0)	_	_
469-4	TO073	469	469	4	con	con	_	_	_	_	_	linguistic	_	none	_	_	_	Fast=0-3(0)	_	_
469-5	TO073	469	469	5	un	un	_	_	_	_	_	linguistic	_	none	_	_	_	Fast=0-2(0)	_	_
469-6	TO073	469	469	6	gioco	gioco	_	_	_	_	_	linguistic	_	none	_	_	_	Fast=0-5(0)	_	_
469-7	TO073	469	469	7	di	di	_	_	_	_	_	linguistic	_	none	_	_	_	Fast=0-2(0)	_	_
469-8	TO073	469	469	8	luci	luci	_	_	_	_	_	linguistic	_	none	_	_	_	Fast=0-4(0)	_	_
469-9	TO073	469	469	9	che	che	_	_	_	_	_	linguistic	_	none	_	_	_	Fast=0-3(0)	_	_
469-10	TO073	469	469	10	si	si	_	_	_	_	_	linguistic	_	none	_	_	_	Fast=0-2(0)	_	_
469-11	TO073	469	469	11	riflettevano	riflettevano	_	_	_	_	_	linguistic	_	none	_	_	_	Fast=0-12(0)	_	_
469-12	TO073	469	469	12	sulla<	sulla	_	_	_	_	_	linguistic	_	none	_	_	_	Fast=0-5(0)	_	_
469-13	TO073	469	469	13	pia[zza	piazza	_	_	_	_	_	linguistic	_	none	_	_	_	_	_	3-6(99)
469-14	TO073	469	469	14	era	era	_	_	_	_	_	linguistic	_	none	_	_	_	_	_	0-3(99)
469-15	TO073	469	469	15	mol]to	molto	_	_	_	_	_	linguistic	_	none	_	_	_	_	_	0-3(99)
469-16	TO073	469	469	16	bello.	bello	_	_	_	_	_	linguistic	_	none	Intonation=Falling	End=1544.346	_	_	_	_
470-0	TO071	470	470	0	[mh	mh	_	_	_	_	_	linguistic	_	none	_	Begin=1543.184	_	_	_	0-2(99)
470-1	TO071	470	470	1	mh]	mh	_	_	_	_	_	linguistic	_	none	_	End=1543.878	_	_	_	0-2(99)
471-0	TO073	471	471	0	eh	eh	_	_	_	_	_	linguistic	_	none	_	Begin=1544.647	_	_	_	_
471-1	TO073	471	471	1	>e	e	_	_	_	_	_	linguistic	_	none	_	_	_	Fast=0-1(0)	_	_
471-2	TO073	471	471	2	a	a	_	_	_	_	_	linguistic	_	none	_	_	_	Fast=0-1(0)	_	_
471-3	TO073	471	471	3	me	me	_	_	_	_	_	linguistic	_	none	_	_	_	Fast=0-2(0)	_	_
471-4	TO073	471	471	4	quella	quella	_	_	_	_	_	linguistic	_	none	_	_	_	Fast=0-6(0)	_	_
471-5	TO073	471	471	5	piazza	piazza	_	_	_	_	_	linguistic	_	none	_	_	_	Fast=0-6(0)	_	_
471-6	TO073	471	471	6	lì	lì	_	_	_	_	_	linguistic	_	none	_	_	_	Fast=0-2(0)	_	_
471-7	TO073	471	471	7	piace	piace	_	_	_	_	_	linguistic	_	none	_	_	_	Fast=0-5(0)	_	_
471-8	TO073	471	471	8	tantissimo	tantissimo	_	_	_	_	_	linguistic	_	none	_	_	_	Fast=0-10(0)	_	_
471-9	TO073	471	471	9	poi	poi	_	_	_	_	_	linguistic	_	none	_	_	_	Fast=0-3(0)	_	_
471-10	TO073	471	471	10	ci	ci	_	_	_	_	_	linguistic	_	none	_	_	_	Fast=0-2(0)	_	_
471-11	TO073	471	471	11	sono	sono	_	_	_	_	_	linguistic	_	none	_	_	_	Fast=0-4(0)	_	_
471-12	TO073	471	471	12	un	un	_	_	_	_	_	linguistic	_	none	_	_	_	Fast=0-2(0)	_	_
471-13	TO073	471	471	13	sacco	sacco	_	_	_	_	_	linguistic	_	none	_	_	_	Fast=0-5(0)	_	_
471-14	TO073	471	471	14	di	di	_	_	_	_	_	linguistic	_	none	_	_	_	Fast=0-2(0)	_	_
471-15	TO073	471	471	15	bar<	bar	_	_	_	_	_	linguistic	_	none	_	End=1548.073	_	Fast=0-3(0)	_	_
472-0	TO073	472	472	0	bar	bar	_	_	_	_	_	linguistic	_	none	_	Begin=1548.078	_	_	_	_
472-1	TO073	472	472	1	storici	storici	_	_	_	_	_	linguistic	_	none	_	_	_	_	_	_
472-2	TO073	472	472	2	dove	dove	_	_	_	_	_	linguistic	_	none	_	_	_	_	_	_
472-3	TO073	472	472	3	vanno	vanno	_	_	_	_	_	linguistic	_	none	_	_	_	_	_	_
472-4	TO073	472	472	4	i	i	_	_	_	_	_	linguistic	_	none	_	_	_	_	_	_
472-5	TO073	472	472	5	signori	signori	_	_	_	_	_	linguistic	_	none	_	_	_	_	_	_
472-6	TO073	472	472	6	anziani	anziani	_	_	_	_	_	linguistic	_	none	_	_	_	_	_	_
472-7	TO073	472	472	7	dove	dove	_	_	_	_	_	linguistic	_	none	_	_	_	_	_	_
472-8	TO073	472	472	8	prendi	prendi	_	_	_	_	_	linguistic	_	none	PauseAfter=Yes	_	_	_	_	_
472-9	TO073	472	472	9	{P}	{P}	_	_	_	_	_	shortpause	_	none	_	_	_	_	_	_
472-10	TO073	472	472	10	cioccolata	cioccolata	_	_	_	_	_	linguistic	_	none	_	_	_	_	_	_
472-11	TO073	472	472	11	e	e	_	_	_	_	_	linguistic	_	none	_	_	_	_	_	_
472-12	TO073	472	472	12	churros	churros	_	_	_	_	_	linguistic	_	none	_	End=1552.829	_	_	_	_
473-0	TO073	473	473	0	tutte	tutte	_	_	_	_	_	linguistic	_	none	_	Begin=1552.839	_	_	_	_
473-1	TO073	473	473	1	queste	queste	_	_	_	_	_	linguistic	_	none	_	_	_	_	_	_
473-2	TO073	473	473	2	cose	cose	_	_	_	_	_	linguistic	_	none	_	_	_	_	_	_
473-3	TO073	473	473	3	qui	qui	_	_	_	_	_	linguistic	_	none	PauseAfter=Yes	_	_	_	_	_
473-4	TO073	473	473	4	{P}	{P}	_	_	_	_	_	shortpause	_	none	_	_	_	_	_	_
473-5	TO073	473	473	5	eh	eh	_	_	_	_	_	linguistic	_	none	_	_	_	_	_	_
473-6	TO073	473	473	6	dolci	dolci	_	_	_	_	_	linguistic	_	none	_	_	_	_	_	_
473-7	TO073	473	473	7	molti	molti	_	_	_	_	_	linguistic	_	none	_	_	_	_	_	_
473-8	TO073	473	473	8	bello	bello	_	_	_	_	_	linguistic	_	none	_	End=1556.735	_	_	_	_
474-0	TO073	474	474	0	eh	eh	_	_	_	_	_	linguistic	_	none	_	Begin=1556.857	_	_	_	_
474-1	TO073	474	474	1	quello	quello	_	_	_	_	_	linguistic	_	none	_	_	_	_	_	_
474-2	TO073	474	474	2	quindi	quindi	_	_	_	_	_	linguistic	_	none	_	_	_	_	_	_
474-3	TO073	474	474	3	un	un	_	_	_	_	_	linguistic	_	none	_	_	_	_	_	_
474-4	TO073	474	474	4	posto	posto	_	_	_	_	_	linguistic	_	none	_	_	_	_	_	_
474-5	TO073	474	474	5	assolutamente	assolutamente	_	_	_	_	_	linguistic	_	none	_	_	_	_	_	_
474-6	TO073	474	474	6	da	da	_	_	_	_	_	linguistic	_	none	_	_	_	_	_	_
474-7	TO073	474	474	7	vedere	vedere	_	_	_	_	_	linguistic	_	none	_	_	_	_	_	_
474-8	TO073	474	474	8	poi	poi	_	_	_	_	_	linguistic	_	none	_	_	_	_	_	_
474-9	TO073	474	474	9	c'	c'	_	_	_	_	_	linguistic	_	none	SpaceAfter=No	_	_	_	_	_
474-10	TO073	474	474	10	è	è	_	_	_	_	_	linguistic	_	none	_	_	_	_	_	_
474-11	TO073	474	474	11	la	la	_	_	_	_	_	linguistic	_	none	_	_	_	_	_	_
474-12	TO073	474	474	12	fuen	fuen	_	_	_	_	_	linguistic	_	none	_	_	_	_	_	_
474-13	TO073	474	474	13	santa	santa	_	_	_	_	_	linguistic	_	none	_	_	_	_	_	_
474-14	TO073	474	474	14	che	che	_	_	_	_	_	linguistic	_	none	_	_	_	_	_	_
474-15	TO073	474	474	15	è	è	_	_	_	_	_	linguistic	_	none	_	_	_	_	_	_
474-16	TO073	474	474	16	un:	un	_	_	_	_	_	linguistic	_	none	_	End=1561.352	1x1	_	_	_
475-0	TO073	475	475	0	un	un	_	_	_	_	_	linguistic	_	none	_	Begin=1561.977	_	_	_	_
475-1	TO073	475	475	1	mirador	mirador	_	_	_	_	_	linguistic	_	none	_	_	_	_	_	_
475-2	TO073	475	475	2	come	come	_	_	_	_	_	linguistic	_	none	_	_	_	_	_	_
475-3	TO073	475	475	3	si	si	_	_	_	_	_	linguistic	_	none	_	_	_	_	_	_
475-4	TO073	475	475	4	dice	dice	_	_	_	_	_	linguistic	_	none	_	_	_	_	_	_
475-5	TO073	475	475	5	un	un	_	_	_	_	_	linguistic	_	none	_	_	_	_	_	_
475-6	TO073	475	475	6	punto:	punto	_	_	_	_	_	linguistic	_	none	_	_	4x1	_	_	_
475-7	TO073	475	475	7	panora[mico	panoramico	_	_	_	_	_	linguistic	_	none	_	_	_	_	_	6-10(100)
475-8	TO073	475	475	8	ecco]	ecco	_	_	_	_	_	linguistic	_	none	_	End=1565.057	_	_	_	0-4(100)
476-0	TO071	476	476	0	[ah	ah	_	_	_	_	_	linguistic	_	none	_	Begin=1564.349	_	_	_	0-2(100)
476-1	TO071	476	476	1	okay]	okay	_	_	_	_	_	linguistic	_	none	_	End=1565.079	_	_	_	0-4(100)
477-0	TO073	477	477	0	che:	che	_	_	_	_	_	linguistic	_	none	PauseAfter=Yes	Begin=1565.424	2x1	_	_	_
477-1	TO073	477	477	1	{P}	{P}	_	_	_	_	_	shortpause	_	none	_	_	_	_	_	_
477-2	TO073	477	477	2	da	da	_	_	_	_	_	linguistic	_	none	PauseAfter=Yes	_	_	_	_	_
477-3	TO073	477	477	3	{P}	{P}	_	_	_	_	_	shortpause	_	none	_	_	_	_	_	_
477-4	TO073	477	477	4	sopra	sopra	_	_	_	_	_	linguistic	_	none	_	_	_	_	_	_
477-5	TO073	477	477	5	murcia	murcia	_	_	_	_	_	linguistic	_	none	_	_	_	_	_	_
477-6	TO073	477	477	6	vedi	vedi	_	_	_	_	_	linguistic	_	none	_	_	_	_	_	_
477-7	TO073	477	477	7	tutto	tutto	_	_	_	_	_	linguistic	_	none	_	_	_	_	_	_
477-8	TO073	477	477	8	ed	ed	_	_	_	_	_	linguistic	_	none	_	_	_	_	_	_
477-9	TO073	477	477	9	è	è	_	_	_	_	_	linguistic	_	none	PauseAfter=Yes	_	_	_	_	_
477-10	TO073	477	477	10	{P}	{P}	_	_	_	_	_	shortpause	_	none	_	_	_	_	_	_
477-11	TO073	477	477	11	bellissimo	bellissimo	_	_	_	_	_	linguistic	_	none	_	_	_	_	_	_
477-12	TO073	477	477	12	super	super	_	_	_	_	_	linguistic	_	none	_	_	_	_	_	_
477-13	TO073	477	477	13	poetico	poetico	_	_	_	_	_	linguistic	_	none	_	_	_	_	_	_
477-14	TO073	477	477	14	anche	anche	_	_	_	_	_	linguistic	_	none	_	_	_	_	_	_
477-15	TO073	477	477	15	lì	lì	_	_	_	_	_	linguistic	_	none	_	_	_	_	_	_
477-16	TO073	477	477	16	c'	c'	_	_	_	_	_	linguistic	_	none	SpaceAfter=No	_	_	_	_	_
477-17	TO073	477	477	17	è	è	_	_	_	_	_	linguistic	_	none	_	_	_	_	_	_
477-18	TO073	477	477	18	un	un	_	_	_	_	_	linguistic	_	none	_	_	_	_	_	_
477-19	TO073	477	477	19	bar	bar	_	_	_	_	_	linguistic	_	none	_	_	_	_	_	_
477-20	TO073	477	477	20	bellissimo	bellissimo	_	_	_	_	_	linguistic	_	none	_	_	_	_	_	_
477-21	TO073	477	477	21	dove	dove	_	_	_	_	_	linguistic	_	none	_	End=1571.807	_	_	_	_
478-0	TO073	478	478	0	mh	mh	_	_	_	_	_	linguistic	_	none	_	Begin=1571.94	_	_	_	_
478-1	TO073	478	478	1	al	al	_	_	_	_	_	linguistic	_	none	_	_	_	_	_	_
478-2	TO073	478	478	2	tramonto	tramonto	_	_	_	_	_	linguistic	_	none	_	_	_	_	_	_
478-3	TO073	478	478	3	si	si	_	_	_	_	_	linguistic	_	none	_	_	_	_	_	_
478-4	TO073	478	478	4	vede	vede	_	_	_	_	_	linguistic	_	none	_	_	_	_	_	_
478-5	TO073	478	478	5	tutto	tutto	_	_	_	_	_	linguistic	_	none	PauseAfter=Yes	_	_	_	_	_
478-6	TO073	478	478	6	{P}	{P}	_	_	_	_	_	shortpause	_	none	_	_	_	_	_	_
478-7	TO073	478	478	7	eh	eh	_	_	_	_	_	linguistic	_	none	_	_	_	_	_	_
478-8	TO073	478	478	8	è	è	_	_	_	_	_	linguistic	_	none	_	_	_	_	_	_
478-9	TO073	478	478	9	molto	molto	_	_	_	_	_	linguistic	_	none	_	_	_	_	_	_
478-10	TO073	478	478	10	molto	molto	_	_	_	_	_	linguistic	_	none	_	_	_	_	_	_
478-11	TO073	478	478	11	bello	bello	_	_	_	_	_	linguistic	_	none	_	End=1575.507	_	_	_	_
479-0	TO073	479	479	0	e	e	_	_	_	_	_	linguistic	_	none	_	Begin=1575.564	_	_	_	_
479-1	TO073	479	479	1	ha	ha	_	_	_	_	_	linguistic	_	none	_	_	_	_	_	_
479-2	TO073	479	479	2	anche	anche	_	_	_	_	_	linguistic	_	none	_	_	_	_	_	_
479-3	TO073	479	479	3	legato	legato	_	_	_	_	_	linguistic	_	none	_	_	_	_	_	_
479-4	TO073	479	479	4	dei	dei	_	_	_	_	_	linguistic	_	none	_	_	_	_	_	_
479-5	TO073	479	479	5	ricordi	ricordi	_	_	_	_	_	linguistic	_	none	_	_	_	_	_	_
479-6	TO073	479	479	6	molto	molto	_	_	_	_	_	linguistic	_	none	_	_	_	_	_	_
479-7	TO073	479	479	7	belli	belli	_	_	_	_	_	linguistic	_	none	_	_	_	_	_	_
479-8	TO073	479	479	8	che	che	_	_	_	_	_	linguistic	_	none	_	_	_	_	_	_
479-9	TO073	479	479	9	ho	ho	_	_	_	_	_	linguistic	_	none	_	_	_	_	_	_
479-10	TO073	479	479	10	di	di	_	_	_	_	_	linguistic	_	none	_	_	_	_	_	_
479-11	TO073	479	479	11	murcia	murcia	_	_	_	_	_	linguistic	_	none	_	_	_	_	_	_
479-12	TO073	479	479	12	perciò	perciò	_	_	_	_	_	linguistic	_	none	_	End=1578.458	_	_	_	_
480-0	TO073	480	480	0	lo	lo	_	_	_	_	_	linguistic	_	none	_	Begin=1578.736	_	_	_	_
480-1	TO073	480	480	1	ricordo	ricordo	_	_	_	_	_	linguistic	_	none	_	_	_	_	_	_
480-2	TO073	480	480	2	con	con	_	_	_	_	_	linguistic	_	none	_	_	_	_	_	_
480-3	TO073	480	480	3	super	super	_	_	_	_	_	linguistic	_	none	_	_	_	_	_	_
480-4	TO073	480	480	4	piacere	piacere	_	_	_	_	_	linguistic	_	none	_	End=1580.23	_	_	_	_
481-0	TO073	481	481	0	[e]	e	_	_	_	_	_	linguistic	_	none	_	Begin=1580.842|End=1581.686	_	_	_	0-1(101)
482-0	TO071	482	482	0	[vabbè	vabbè	_	_	_	_	_	linguistic	_	none	_	Begin=1580.842	_	_	_	0-5(101)
482-1	TO071	482	482	1	ci	ci	_	_	_	_	_	linguistic	_	none	_	_	_	_	_	0-2(101)
482-2	TO071	482	482	2	si	si	_	_	_	_	_	linguistic	_	none	_	_	_	_	_	0-2(101)
482-3	TO071	482	482	3	infra]ttano	infrattano	_	_	_	_	_	linguistic	_	none	_	_	_	_	_	0-5(101)
482-4	TO071	482	482	4	lì	lì	_	_	_	_	_	linguistic	_	none	_	_	_	_	_	_
482-5	TO071	482	482	5	praticamen[te	praticamente	_	_	_	_	_	linguistic	_	none	_	_	_	_	_	10-12(102)
482-6	TO071	482	482	6	x]	x	_	_	_	_	_	unknown	_	none	Syllables=1	End=1583.54	_	_	_	0-1(102)
483-0	TO073	483	483	0	[sì	sì	_	_	_	_	_	linguistic	_	none	_	Begin=1582.532	_	_	_	0-2(102)
483-1	TO073	483	483	1	anche]	anche	_	_	_	_	_	linguistic	_	none	_	_	_	_	_	0-5(102)
483-2	TO073	483	483	2	no	no	_	_	_	_	_	linguistic	_	none	_	_	_	_	_	_
483-3	TO073	483	483	3	però	però	_	_	_	_	_	linguistic	_	none	_	_	_	_	_	_
483-4	TO073	483	483	4	anche	anche	_	_	_	_	_	linguistic	_	none	_	_	_	_	_	_
483-5	TO073	483	483	5	no	no	_	_	_	_	_	linguistic	_	none	_	_	_	_	_	_
483-6	TO073	483	483	6	>nel	nel	_	_	_	_	_	linguistic	_	none	_	_	_	Fast=0-3(0)	_	_
483-7	TO073	483	483	7	senso	senso	_	_	_	_	_	linguistic	_	none	_	_	_	Fast=0-5(0)	_	_
483-8	TO073	483	483	8	che	che	_	_	_	_	_	linguistic	_	none	_	_	_	Fast=0-3(0)	_	_
483-9	TO073	483	483	9	io	io	_	_	_	_	_	linguistic	_	none	_	_	_	Fast=0-2(0)	_	_
483-10	TO073	483	483	10	c'	c'	_	_	_	_	_	linguistic	_	none	SpaceAfter=No	_	_	Fast=0-2(0)	_	_
483-11	TO073	483	483	11	ho	ho	_	_	_	_	_	linguistic	_	none	_	_	_	Fast=0-2(0)	_	_
483-12	TO073	483	483	12	portato	portato	_	_	_	_	_	linguistic	_	none	_	_	_	Fast=0-7(0)	_	_
483-13	TO073	483	483	13	praticamente	praticamente	_	_	_	_	_	linguistic	_	none	_	_	_	Fast=0-12(0)	_	_
483-14	TO073	483	483	14	tutte	tutte	_	_	_	_	_	linguistic	_	none	_	_	_	Fast=0-5(0)	_	_
483-15	TO073	483	483	15	le	le	_	_	_	_	_	linguistic	_	none	_	_	_	Fast=0-2(0)	_	_
483-16	TO073	483	483	16	persone	persone	_	_	_	_	_	linguistic	_	none	_	_	_	Fast=0-7(0)	_	_
483-17	TO073	483	483	17	che	che	_	_	_	_	_	linguistic	_	none	_	_	_	Fast=0-3(0)	_	_
483-18	TO073	483	483	18	sono	sono	_	_	_	_	_	linguistic	_	none	_	_	_	Fast=0-4(0)	_	_
483-19	TO073	483	483	19	venute	venute	_	_	_	_	_	linguistic	_	none	_	_	_	Fast=0-6(0)	_	_
483-20	TO073	483	483	20	a	a	_	_	_	_	_	linguistic	_	none	_	_	_	Fast=0-1(0)	_	_
483-21	TO073	483	483	21	farmi	farmi	_	_	_	_	_	linguistic	_	none	_	_	_	Fast=0-5(0)	_	_
483-22	TO073	483	483	22	[visita<	visita	_	_	_	_	_	linguistic	_	none	PauseAfter=Yes	_	_	Fast=0-6(0)	_	0-6(103)
483-23	TO073	483	483	23	{P}	{P}	_	_	_	_	_	shortpause	_	none	_	_	_	_	_	0-3(103)
483-24	TO073	483	483	24	anche	anche	_	_	_	_	_	linguistic	_	none	_	_	_	_	_	0-5(103)
483-25	TO073	483	483	25	amiche]	amiche	_	_	_	_	_	linguistic	_	none	PauseAfter=Yes	_	_	_	_	0-6(103)
483-26	TO073	483	483	26	{P}	{P}	_	_	_	_	_	shortpause	_	none	_	_	_	_	_	_
483-27	TO073	483	483	27	di	di	_	_	_	_	_	linguistic	_	none	_	_	_	_	_	_
483-28	TO073	483	483	28	sesso	sesso	_	_	_	_	_	linguistic	_	none	_	_	_	_	_	_
483-29	TO073	483	483	29	femminile	femminile	_	_	_	_	_	linguistic	_	none	_	End=1589.58	_	_	_	_
484-0	TO071	484	484	0	{ride}	{ride}	_	_	_	_	_	nonverbalbehavior	_	none	_	Begin=1583.54|End=1584.851	_	_	_	_
485-0	TO071	485	485	0	[ah	ah	_	_	_	_	_	linguistic	_	none	_	Begin=1586.625	_	_	_	0-2(103)
485-1	TO071	485	485	1	va	va	_	_	_	_	_	linguistic	_	none	_	_	_	_	_	0-2(103)
485-2	TO071	485	485	2	bene]	bene	_	_	_	_	_	linguistic	_	none	_	End=1587.93	_	_	_	0-4(103)
486-0	TO071	486	486	0	{ride}	{ride}	_	_	_	_	_	nonverbalbehavior	_	none	_	Begin=1588.599|End=1589.584	_	_	_	_
487-0	TO073	487	487	0	sì	sì	_	_	_	_	_	linguistic	_	none	_	Begin=1590.013	_	_	_	_
487-1	TO073	487	487	1	sì	sì	_	_	_	_	_	linguistic	_	none	_	_	_	_	_	_
487-2	TO073	487	487	2	sì	sì	_	_	_	_	_	linguistic	_	none	_	_	_	_	_	_
487-3	TO073	487	487	3	è	è	_	_	_	_	_	linguistic	_	none	_	_	_	_	_	_
487-4	TO073	487	487	4	il	il	_	_	_	_	_	linguistic	_	none	_	_	_	_	_	_
487-5	TO073	487	487	5	posto	posto	_	_	_	_	_	linguistic	_	none	_	_	_	_	_	_
487-6	TO073	487	487	6	tipo	tipo	_	_	_	_	_	linguistic	_	none	_	_	_	_	_	_
487-7	TO073	487	487	7	delle	delle	_	_	_	_	_	linguistic	_	none	_	_	_	_	_	_
487-8	TO073	487	487	8	confidenze	confidenze	_	_	_	_	_	linguistic	_	none	_	_	_	_	_	_
487-9	TO073	487	487	9	poi	poi	_	_	_	_	_	linguistic	_	none	_	_	_	_	_	_
487-10	TO073	487	487	10	se	se	_	_	_	_	_	linguistic	_	none	_	_	_	_	_	_
487-11	TO073	487	487	11	vuoi	vuoi	_	_	_	_	_	linguistic	_	none	PauseAfter=Yes	_	_	_	_	_
487-12	TO073	487	487	12	{P}	{P}	_	_	_	_	_	shortpause	_	none	_	_	_	_	_	_
487-13	TO073	487	487	13	puoi	puoi	_	_	_	_	_	linguistic	_	none	_	_	_	_	_	_
487-14	TO073	487	487	14	anche	anche	_	_	_	_	_	linguistic	_	none	_	_	_	_	_	_
487-15	TO073	487	487	15	(appartarti)	appartarti	_	_	_	_	_	linguistic	_	none	_	_	_	_	0-10(0)	_
487-16	TO073	487	487	16	chiaramente	chiaramente	_	_	_	_	_	linguistic	_	none	PauseAfter=Yes	_	_	_	_	_
487-17	TO073	487	487	17	{P}	{P}	_	_	_	_	_	shortpause	_	none	_	_	_	_	_	_
487-18	TO073	487	487	18	logico.	logico	_	_	_	_	_	linguistic	_	none	Intonation=Falling	End=1594.25	_	_	_	_
488-0	TO071	488	488	0	<ehm	ehm	_	_	_	_	_	linguistic	_	none	PauseAfter=Yes	Begin=1594.349	_	Slow=0-3(0)	_	_
488-1	TO071	488	488	1	{P}	{P}	_	_	_	_	_	shortpause	_	none	_	_	_	Slow=0-3(0)	_	_
488-2	TO071	488	488	2	okay	okay	_	_	_	_	_	linguistic	_	none	_	_	_	Slow=0-4(0)	_	_
488-3	TO071	488	488	3	allora	allora	_	_	_	_	_	linguistic	_	none	_	_	_	Slow=0-6(0)	_	_
488-4	TO071	488	488	4	ti	ti	_	_	_	_	_	linguistic	_	none	_	_	_	Slow=0-2(0)	_	_
488-5	TO071	488	488	5	faccio	faccio	_	_	_	_	_	linguistic	_	none	_	_	_	Slow=0-6(0)	_	_
488-6	TO071	488	488	6	un	un	_	_	_	_	_	linguistic	_	none	_	_	_	Slow=0-2(0)	_	_
488-7	TO071	488	488	7	un'	un'	_	_	_	_	_	linguistic	_	none	SpaceAfter=No	_	_	Slow=0-3(0)	_	_
488-8	TO071	488	488	8	ultima	ultima	_	_	_	_	_	linguistic	_	none	_	_	_	Slow=0-6(0)	_	_
488-9	TO071	488	488	9	domanda	domanda	_	_	_	_	_	linguistic	_	none	_	_	_	Slow=0-7(0)	_	_
488-10	TO071	488	488	10	io	io	_	_	_	_	_	linguistic	_	none	_	_	_	Slow=0-2(0)	_	_
488-11	TO071	488	488	11	generalmente>	generalmente	_	_	_	_	_	linguistic	_	none	_	_	_	Slow=0-12(0)	_	_
488-12	TO071	488	488	12	{ride}	{ride}	_	_	_	_	_	nonverbalbehavior	_	none	_	End=1598.661	_	_	_	_
489-0	TO071	489	489	0	eh	eh	_	_	_	_	_	linguistic	_	none	_	Begin=1598.919	_	_	_	_
489-1	TO071	489	489	1	come	come	_	_	_	_	_	linguistic	_	none	_	_	_	_	_	_
489-2	TO071	489	489	2	dire	dire	_	_	_	_	_	linguistic	_	none	_	_	_	_	_	_
489-3	TO071	489	489	3	per	per	_	_	_	_	_	linguistic	_	none	_	_	_	_	_	_
489-4	TO071	489	489	4	l'	l'	_	_	_	_	_	linguistic	_	none	SpaceAfter=No	_	_	_	_	_
489-5	TO071	489	489	5	amore	amore	_	_	_	_	_	linguistic	_	none	_	_	_	_	_	_
489-6	TO071	489	489	6	di	di	_	_	_	_	_	linguistic	_	none	_	_	_	_	_	_
489-7	TO071	489	489	7	questa	questa	_	_	_	_	_	linguistic	_	none	_	_	_	_	_	_
489-8	TO071	489	489	8	cosa	cosa	_	_	_	_	_	linguistic	_	none	_	_	_	_	_	_
489-9	TO071	489	489	9	chiedo:	chiedo	_	_	_	_	_	linguistic	_	none	_	End=1601.769	5x1	_	_	_
490-0	TO071	490	490	0	un	un	_	_	_	_	_	linguistic	_	none	_	Begin=1601.805	_	_	_	_
490-1	TO071	490	490	1	aneddoto	aneddoto	_	_	_	_	_	linguistic	_	none	_	_	_	_	_	_
490-2	TO071	490	490	2	sulle	sulle	_	_	_	_	_	linguistic	_	none	_	_	_	_	_	_
490-3	TO071	490	490	3	case	case	_	_	_	_	_	linguistic	_	none	_	_	_	_	_	_
490-4	TO071	490	490	4	ma	ma	_	_	_	_	_	linguistic	_	none	_	_	_	_	_	_
490-5	TO071	490	490	5	visto	visto	_	_	_	_	_	linguistic	_	none	_	_	_	_	_	_
490-6	TO071	490	490	6	che	che	_	_	_	_	_	linguistic	_	none	_	_	_	_	_	_
490-7	TO071	490	490	7	questa	questa	_	_	_	_	_	linguistic	_	none	_	_	_	_	_	_
490-8	TO071	490	490	8	è	è	_	_	_	_	_	linguistic	_	none	_	_	_	_	_	_
490-9	TO071	490	490	9	un	un	_	_	_	_	_	linguistic	_	none	_	_	_	_	_	_
490-10	TO071	490	490	10	intervista	intervista	_	_	_	_	_	linguistic	_	none	_	_	_	_	_	_
490-11	TO071	490	490	11	speciale	speciale	_	_	_	_	_	linguistic	_	none	_	_	_	_	_	_
490-12	TO071	490	490	12	ti	ti	_	_	_	_	_	linguistic	_	none	_	_	_	_	_	_
490-13	TO071	490	490	13	chiedo	chiedo	_	_	_	_	_	linguistic	_	none	_	_	_	_	_	_
490-14	TO071	490	490	14	un	un	_	_	_	_	_	linguistic	_	none	_	_	_	_	_	_
490-15	TO071	490	490	15	aneddoto	aneddoto	_	_	_	_	_	linguistic	_	none	_	_	_	_	_	_
490-16	TO071	490	490	16	su	su	_	_	_	_	_	linguistic	_	none	_	_	_	_	_	_
490-17	TO071	490	490	17	jack	jack	_	_	_	_	_	linguistic	_	none	_	End=1607.004	_	_	_	_
491-0	TO071	491	491	0	che	che	_	_	_	_	_	linguistic	_	none	_	Begin=1607.024	_	_	_	_
491-1	TO071	491	491	1	non	non	_	_	_	_	_	linguistic	_	none	_	_	_	_	_	_
491-2	TO071	491	491	2	userò	userò	_	_	_	_	_	linguistic	_	none	_	_	_	_	_	_
491-3	TO071	491	491	3	contro	contro	_	_	_	_	_	linguistic	_	none	_	_	_	_	_	_
491-4	TO071	491	491	4	di	di	_	_	_	_	_	linguistic	_	none	_	_	_	_	_	_
491-5	TO071	491	491	5	te	te	_	_	_	_	_	linguistic	_	none	_	_	_	_	_	_
491-6	TO071	491	491	6	non	non	_	_	_	_	_	linguistic	_	none	_	_	_	_	_	_
491-7	TO071	491	491	7	userò	userò	_	_	_	_	_	linguistic	_	none	_	_	_	_	_	_
491-8	TO071	491	491	8	contro	contro	_	_	_	_	_	linguistic	_	none	_	_	_	_	_	_
491-9	TO071	491	491	9	di	di	_	_	_	_	_	linguistic	_	none	_	_	_	_	_	_
491-10	TO071	491	491	10	lui	lui	_	_	_	_	_	linguistic	_	none	_	_	_	_	_	_
491-11	TO071	491	491	11	però	però	_	_	_	_	_	linguistic	_	none	_	_	_	_	_	_
491-12	TO071	491	491	12	>cioè<	cioè	_	_	_	_	_	linguistic	_	none	_	_	_	Fast=0-4(0)	_	_
491-13	TO071	491	491	13	mi	mi	_	_	_	_	_	linguistic	_	none	_	_	_	_	_	_
491-14	TO071	491	491	14	mi	mi	_	_	_	_	_	linguistic	_	none	_	_	_	_	_	_
491-15	TO071	491	491	15	mi	mi	_	_	_	_	_	linguistic	_	none	_	_	_	_	_	_
491-16	TO071	491	491	16	puoi	puoi	_	_	_	_	_	linguistic	_	none	_	_	_	_	_	_
491-17	TO071	491	491	17	dire	dire	_	_	_	_	_	linguistic	_	none	_	_	_	_	_	_
491-18	TO071	491	491	18	un	un	_	_	_	_	_	linguistic	_	none	_	_	_	_	_	_
491-19	TO071	491	491	19	segreto,	segreto	_	_	_	_	_	linguistic	_	none	Intonation=WeaklyRising	End=1612.0	_	_	_	_
492-0	TO073	492	492	0	{ride}	{ride}	_	_	_	_	_	nonverbalbehavior	_	none	_	Begin=1608.474|End=1610.386	_	_	_	_
493-0	TO071	493	493	0	[che	che	_	_	_	_	_	linguistic	_	none	_	Begin=1612.0	_	_	_	0-3(104)
493-1	TO071	493	493	1	eh	eh	_	_	_	_	_	linguistic	_	none	_	_	_	_	_	0-2(104)
493-2	TO071	493	493	2	ri]guarda	riguarda	_	_	_	_	_	linguistic	_	none	_	_	_	_	_	0-2(104)
493-3	TO071	493	493	3	il	il	_	_	_	_	_	linguistic	_	none	_	_	_	_	_	_
493-4	TO071	493	493	4	nostro	nostro	_	_	_	_	_	linguistic	_	none	_	_	_	_	_	_
493-5	TO071	493	493	5	giacomo	giacomo	_	_	_	_	_	linguistic	_	none	_	_	_	_	_	_
493-6	TO071	493	493	6	(mancano	mancano	_	_	_	_	_	linguistic	_	none	_	_	_	_	0-7(0)	_
493-7	TO071	493	493	7	quattro	quattro	_	_	_	_	_	linguistic	_	none	_	_	_	_	0-7(0)	_
493-8	TO071	493	493	8	minuti)	minuti	_	_	_	_	_	linguistic	_	none	_	End=1615.312	_	_	0-6(0)	_
494-0	TO073	494	494	0	[va	va	_	_	_	_	_	linguistic	_	none	_	Begin=1612.011	_	_	_	0-2(104)
494-1	TO073	494	494	1	bene]	bene	_	_	_	_	_	linguistic	_	none	_	End=1612.9	_	_	_	0-4(104)
495-0	TO073	495	495	0	{ride}	{ride}	_	_	_	_	_	nonverbalbehavior	_	none	_	Begin=1614.198|End=1615.314	_	_	_	_
496-0	TO073	496	496	0	allora	allora	_	_	_	_	_	linguistic	_	none	_	Begin=1615.603	_	_	_	_
496-1	TO073	496	496	1	ehm	ehm	_	_	_	_	_	linguistic	_	none	_	_	_	_	_	_
496-2	TO073	496	496	2	aspetta	aspetta	_	_	_	_	_	linguistic	_	none	_	_	_	_	_	_
496-3	TO073	496	496	3	che	che	_	_	_	_	_	linguistic	_	none	_	_	_	_	_	_
496-4	TO073	496	496	4	ci	ci	_	_	_	_	_	linguistic	_	none	_	_	_	_	_	_
496-5	TO073	496	496	5	devo	devo	_	_	_	_	_	linguistic	_	none	_	_	_	_	_	_
496-6	TO073	496	496	6	pensare	pensare	_	_	_	_	_	linguistic	_	none	_	_	_	_	_	_
496-7	TO073	496	496	7	perché	perché	_	_	_	_	_	linguistic	_	none	_	_	_	_	_	_
496-8	TO073	496	496	8	di	di	_	_	_	_	_	linguistic	_	none	_	_	_	_	_	_
496-9	TO073	496	496	9	aneddoti	aneddoti	_	_	_	_	_	linguistic	_	none	_	_	_	_	_	_
496-10	TO073	496	496	10	su	su	_	_	_	_	_	linguistic	_	none	_	_	_	_	_	_
496-11	TO073	496	496	11	jack	jack	_	_	_	_	_	linguistic	_	none	_	_	_	_	_	_
496-12	TO073	496	496	12	è	è	_	_	_	_	_	linguistic	_	none	_	_	_	_	_	_
496-13	TO073	496	496	13	pieno	pieno	_	_	_	_	_	linguistic	_	none	_	End=1619.782	_	_	_	_
497-0	TO073	497	497	0	oh	oh	_	_	_	_	_	linguistic	_	none	_	Begin=1620.327	_	_	_	_
497-1	TO073	497	497	1	sì	sì	_	_	_	_	_	linguistic	_	none	_	_	_	_	_	_
497-2	TO073	497	497	2	questo	questo	_	_	_	_	_	linguistic	_	none	_	_	_	_	_	_
497-3	TO073	497	497	3	però	però	_	_	_	_	_	linguistic	_	none	_	_	_	_	_	_
497-4	TO073	497	497	4	è	è	_	_	_	_	_	linguistic	_	none	_	_	_	_	_	_
497-5	TO073	497	497	5	divertente	divertente	_	_	_	_	_	linguistic	_	none	_	_	_	_	_	_
497-6	TO073	497	497	6	e	e	_	_	_	_	_	linguistic	_	none	_	_	_	_	_	_
497-7	TO073	497	497	7	carino	carino	_	_	_	_	_	linguistic	_	none	_	_	_	_	_	_
497-8	TO073	497	497	8	allora	allora	_	_	_	_	_	linguistic	_	none	_	_	_	_	_	_
497-9	TO073	497	497	9	un	un	_	_	_	_	_	linguistic	_	none	_	_	_	_	_	_
497-10	TO073	497	497	10	momento	momento	_	_	_	_	_	linguistic	_	none	_	_	_	_	_	_
497-11	TO073	497	497	11	che	che	_	_	_	_	_	linguistic	_	none	_	_	_	_	_	_
497-12	TO073	497	497	12	ho	ho	_	_	_	_	_	linguistic	_	none	_	_	_	_	_	_
497-13	TO073	497	497	13	vissuto	vissuto	_	_	_	_	_	linguistic	_	none	_	_	_	_	_	_
497-14	TO073	497	497	14	in	in	_	_	_	_	_	linguistic	_	none	_	_	_	_	_	_
497-15	TO073	497	497	15	s~	s~	_	_	_	_	_	linguistic	_	none	Interrupted=Yes	_	_	_	_	_
497-16	TO073	497	497	16	in	in	_	_	_	_	_	linguistic	_	none	_	_	_	_	_	_
497-17	TO073	497	497	17	prima	prima	_	_	_	_	_	linguistic	_	none	_	_	_	_	_	_
497-18	TO073	497	497	18	persona	persona	_	_	_	_	_	linguistic	_	none	_	_	_	_	_	_
497-19	TO073	497	497	19	insieme	insieme	_	_	_	_	_	linguistic	_	none	_	_	_	_	_	_
497-20	TO073	497	497	20	a	a	_	_	_	_	_	linguistic	_	none	_	_	_	_	_	_
497-21	TO073	497	497	21	jack	jack	_	_	_	_	_	linguistic	_	none	_	End=1625.092	_	_	_	_
498-0	TO073	498	498	0	molto	molto	_	_	_	_	_	linguistic	_	none	_	Begin=1625.217	_	_	_	_
498-1	TO073	498	498	1	divertente	divertente	_	_	_	_	_	linguistic	_	none	_	End=1626.83	_	_	_	_
499-0	TO073	499	499	0	eh	eh	_	_	_	_	_	linguistic	_	none	_	Begin=1626.879	_	_	_	_
499-1	TO073	499	499	1	è	è	_	_	_	_	_	linguistic	_	none	_	_	_	_	_	_
499-2	TO073	499	499	2	stato	stato	_	_	_	_	_	linguistic	_	none	_	_	_	_	_	_
499-3	TO073	499	499	3	quando	quando	_	_	_	_	_	linguistic	_	none	_	_	_	_	_	_
499-4	TO073	499	499	4	eh	eh	_	_	_	_	_	linguistic	_	none	_	_	_	_	_	_
499-5	TO073	499	499	5	m:::h	mh	_	_	_	_	_	linguistic	_	none	_	End=1630.405	0x3	_	_	_
500-0	TO073	500	500	0	sì	sì	_	_	_	_	_	linguistic	_	none	_	Begin=1630.874	_	_	_	_
500-1	TO073	500	500	1	dovevamo	dovevamo	_	_	_	_	_	linguistic	_	none	_	_	_	_	_	_
500-2	TO073	500	500	2	eh	eh	_	_	_	_	_	linguistic	_	none	_	_	_	_	_	_
500-3	TO073	500	500	3	allora	allora	_	_	_	_	_	linguistic	_	none	_	_	_	_	_	_
500-4	TO073	500	500	4	eravamo	eravamo	_	_	_	_	_	linguistic	_	none	_	_	_	_	_	_
500-5	TO073	500	500	5	in	in	_	_	_	_	_	linguistic	_	none	_	_	_	_	_	_
500-6	TO073	500	500	6	macchina	macchina	_	_	_	_	_	linguistic	_	none	_	_	_	_	_	_
500-7	TO073	500	500	7	con	con	_	_	_	_	_	linguistic	_	none	_	_	_	_	_	_
500-8	TO073	500	500	8	dade	dade	_	_	_	_	_	linguistic	_	none	_	End=1633.845	_	_	_	_
501-0	TO073	501	501	0	ehm	ehm	_	_	_	_	_	linguistic	_	none	PauseAfter=Yes	Begin=1634.032	_	_	_	_
501-1	TO073	501	501	1	{P}	{P}	_	_	_	_	_	shortpause	_	none	_	_	_	_	_	_
501-2	TO073	501	501	2	dovevamo	dovevamo	_	_	_	_	_	linguistic	_	none	PauseAfter=Yes	_	_	_	_	_
501-3	TO073	501	501	3	{P}	{P}	_	_	_	_	_	shortpause	_	none	_	_	_	_	_	_
501-4	TO073	501	501	4	riaccompagnare	riaccompagnare	_	_	_	_	_	linguistic	_	none	_	_	_	_	_	_
501-5	TO073	501	501	5	la	la	_	_	_	_	_	linguistic	_	none	_	_	_	_	_	_
501-6	TO073	501	501	6	mia	mia	_	_	_	_	_	linguistic	_	none	_	_	_	_	_	_
501-7	TO073	501	501	7	migliore	migliore	_	_	_	_	_	linguistic	_	none	_	_	_	_	_	_
501-8	TO073	501	501	8	amica	amica	_	_	_	_	_	linguistic	_	none	_	_	_	_	_	_
501-9	TO073	501	501	9	che	che	_	_	_	_	_	linguistic	_	none	_	_	_	_	_	_
501-10	TO073	501	501	10	era	era	_	_	_	_	_	linguistic	_	none	_	_	_	_	_	_
501-11	TO073	501	501	11	venuta	venuta	_	_	_	_	_	linguistic	_	none	_	_	_	_	_	_
501-12	TO073	501	501	12	a	a	_	_	_	_	_	linguistic	_	none	_	_	_	_	_	_
501-13	TO073	501	501	13	trovarmi	trovarmi	_	_	_	_	_	linguistic	_	none	_	End=1638.428	_	_	_	_
502-0	TO073	502	502	0	in	in	_	_	_	_	_	linguistic	_	none	_	Begin=1638.618	_	_	_	_
502-1	TO073	502	502	1	aeroporto.	aeroporto	_	_	_	_	_	linguistic	_	none	Intonation=Falling	End=1639.786	_	_	_	_
503-0	TO073	503	503	0	perché	perché	_	_	_	_	_	linguistic	_	none	_	Begin=1640.037	_	_	_	_
503-1	TO073	503	503	1	di	di	_	_	_	_	_	linguistic	_	none	_	_	_	_	_	_
503-2	TO073	503	503	2	lì	lì	_	_	_	_	_	linguistic	_	none	_	_	_	_	_	_
503-3	TO073	503	503	3	avrebbe	avrebbe	_	_	_	_	_	linguistic	_	none	_	_	_	_	_	_
503-4	TO073	503	503	4	perso	perso	_	_	_	_	_	linguistic	_	none	_	_	_	_	_	_
503-5	TO073	503	503	5	l'	l'	_	_	_	_	_	linguistic	_	none	SpaceAfter=No	_	_	_	_	_
503-6	TO073	503	503	6	aereo.	aereo	_	_	_	_	_	linguistic	_	none	Intonation=Falling	End=1641.792	_	_	_	_
504-0	TO073	504	504	0	ehm:	ehm	_	_	_	_	_	linguistic	_	none	_	Begin=1641.948|End=1643.218	2x1	_	_	_
505-0	TO073	505	505	0	ed	ed	_	_	_	_	_	linguistic	_	none	_	Begin=1643.272	_	_	_	_
505-1	TO073	505	505	1	eravamo	eravamo	_	_	_	_	_	linguistic	_	none	_	_	_	_	_	_
505-2	TO073	505	505	2	tutti	tutti	_	_	_	_	_	linguistic	_	none	_	_	_	_	_	_
505-3	TO073	505	505	3	in	in	_	_	_	_	_	linguistic	_	none	_	_	_	_	_	_
505-4	TO073	505	505	4	macchina	macchina	_	_	_	_	_	linguistic	_	none	_	_	_	_	_	_
505-5	TO073	505	505	5	insieme	insieme	_	_	_	_	_	linguistic	_	none	_	_	_	_	_	_
505-6	TO073	505	505	6	io	io	_	_	_	_	_	linguistic	_	none	_	_	_	_	_	_
505-7	TO073	505	505	7	jack	jack	_	_	_	_	_	linguistic	_	none	_	_	_	_	_	_
505-8	TO073	505	505	8	e	e	_	_	_	_	_	linguistic	_	none	_	_	_	_	_	_
505-9	TO073	505	505	9	dade	dade	_	_	_	_	_	linguistic	_	none	_	End=1646.06	_	_	_	_
506-0	TO073	506	506	0	ehm:	ehm	_	_	_	_	_	linguistic	_	none	_	Begin=1646.282|End=1647.56	2x1	_	_	_
507-0	TO073	507	507	0	io	io	_	_	_	_	_	linguistic	_	none	_	Begin=1647.825	_	_	_	_
507-1	TO073	507	507	1	jack	jack	_	_	_	_	_	linguistic	_	none	_	_	_	_	_	_
507-2	TO073	507	507	2	dade	dade	_	_	_	_	_	linguistic	_	none	_	_	_	_	_	_
507-3	TO073	507	507	3	questa	questa	_	_	_	_	_	linguistic	_	none	_	_	_	_	_	_
507-4	TO073	507	507	4	mia	mia	_	_	_	_	_	linguistic	_	none	_	_	_	_	_	_
507-5	TO073	507	507	5	amica	amica	_	_	_	_	_	linguistic	_	none	_	_	_	_	_	_
507-6	TO073	507	507	6	la	la	_	_	_	_	_	linguistic	_	none	_	_	_	_	_	_
507-7	TO073	507	507	7	mia	mia	_	_	_	_	_	linguistic	_	none	_	_	_	_	_	_
507-8	TO073	507	507	8	migliore	migliore	_	_	_	_	_	linguistic	_	none	_	_	_	_	_	_
507-9	TO073	507	507	9	amica	amica	_	_	_	_	_	linguistic	_	none	_	_	_	_	_	_
507-10	TO073	507	507	10	è	è	_	_	_	_	_	linguistic	_	none	_	_	_	_	_	_
507-11	TO073	507	507	11	un'	un'	_	_	_	_	_	linguistic	_	none	SpaceAfter=No	_	_	_	_	_
507-12	TO073	507	507	12	altra	altra	_	_	_	_	_	linguistic	_	none	_	_	_	_	_	_
507-13	TO073	507	507	13	nostra	nostra	_	_	_	_	_	linguistic	_	none	_	_	_	_	_	_
507-14	TO073	507	507	14	amica	amica	_	_	_	_	_	linguistic	_	none	_	_	_	_	_	_
507-15	TO073	507	507	15	di	di	_	_	_	_	_	linguistic	_	none	_	_	_	_	_	_
507-16	TO073	507	507	16	di	di	_	_	_	_	_	linguistic	_	none	_	_	_	_	_	_
507-17	TO073	507	507	17	murcia	murcia	_	_	_	_	_	linguistic	_	none	_	End=1652.0	_	_	_	_
508-0	TO073	508	508	0	e:h	eh	_	_	_	_	_	linguistic	_	none	_	Begin=1652.221	0x1	_	_	_
508-1	TO073	508	508	1	stavamo	stavamo	_	_	_	_	_	linguistic	_	none	_	_	_	_	_	_
508-2	TO073	508	508	2	and~	and~	_	_	_	_	_	linguistic	_	none	Interrupted=Yes	_	_	_	_	_
508-3	TO073	508	508	3	all'	all'	_	_	_	_	_	linguistic	_	none	SpaceAfter=No	_	_	_	_	_
508-4	TO073	508	508	4	aeroporto	aeroporto	_	_	_	_	_	linguistic	_	none	_	_	_	_	_	_
508-5	TO073	508	508	5	e	e	_	_	_	_	_	linguistic	_	none	ProsodicLink=Yes	_	_	_	_	_
508-6	TO073	508	508	6	mh	mh	_	_	_	_	_	linguistic	_	none	_	End=1655.017	_	_	_	_
509-0	TO073	509	509	0	>sì	sì	_	_	_	_	_	linguistic	_	none	_	Begin=1655.334	_	Fast=0-2(0)	_	_
509-1	TO073	509	509	1	insomma	insomma	_	_	_	_	_	linguistic	_	none	_	_	_	Fast=0-7(0)	_	_
509-2	TO073	509	509	2	diciamo	diciamo	_	_	_	_	_	linguistic	_	none	_	_	_	Fast=0-7(0)	_	_
509-3	TO073	509	509	3	che	che	_	_	_	_	_	linguistic	_	none	_	_	_	Fast=0-3(0)	_	_
509-4	TO073	509	509	4	in	in	_	_	_	_	_	linguistic	_	none	_	_	_	Fast=0-2(0)	_	_
509-5	TO073	509	509	5	macchina	macchina	_	_	_	_	_	linguistic	_	none	_	_	_	Fast=0-8(0)	_	_
509-6	TO073	509	509	6	mh<	mh	_	_	_	_	_	linguistic	_	none	_	End=1657.118	_	Fast=0-2(0)	_	_
510-0	TO073	510	510	0	c'	c'	_	_	_	_	_	linguistic	_	none	SpaceAfter=No	Begin=1657.655	_	_	_	_
510-1	TO073	510	510	1	erano:	erano	_	_	_	_	_	linguistic	_	none	ProsodicLink=Yes	_	4x1	_	_	_
510-2	TO073	510	510	2	mh	mh	_	_	_	_	_	linguistic	_	none	_	_	_	_	_	_
510-3	TO073	510	510	3	come	come	_	_	_	_	_	linguistic	_	none	_	_	_	_	_	_
510-4	TO073	510	510	4	dire	dire	_	_	_	_	_	linguistic	_	none	_	End=1659.95	_	_	_	_
511-0	TO071	511	511	0	l'	l'	_	_	_	_	_	linguistic	_	none	SpaceAfter=No	Begin=1659.95	_	_	_	_
511-1	TO071	511	511	1	erba	erba	_	_	_	_	_	linguistic	_	none	PauseAfter=Yes	_	_	_	_	_
511-2	TO071	511	511	2	{P}	{P}	_	_	_	_	_	shortpause	_	none	_	_	_	_	_	_
511-3	TO071	511	511	3	[ecco	ecco	_	_	_	_	_	linguistic	_	none	PauseAfter=Yes	_	_	_	_	_
511-4	TO071	511	511	4	{P}	{P}	_	_	_	_	_	shortpause	_	none	_	_	_	_	_	_
511-5	TO071	511	511	5	sì	sì	_	_	_	_	_	linguistic	_	none	_	_	_	_	_	_
511-6	TO071	511	511	6	sì	sì	_	_	_	_	_	linguistic	_	none	PauseAfter=Yes	_	_	_	_	_
511-7	TO071	511	511	7	{P}	{P}	_	_	_	_	_	shortpause	_	none	_	_	_	_	_	_
511-8	TO071	511	511	8	(tranquil)	tranquil	_	_	_	_	_	linguistic	_	none	_	_	_	_	0-8(0)	_
511-9	TO071	511	511	9	{ride}	{ride}	_	_	_	_	_	nonverbalbehavior	_	none	_	End=1663.12	_	_	_	_
512-0	TO073	512	512	0	[esatto	esatto	_	_	_	_	_	linguistic	_	none	_	Begin=1660.37	_	_	_	0-6(105)
512-1	TO073	512	512	1	ah	ah	_	_	_	_	_	linguistic	_	none	_	_	_	_	_	0-2(105)
512-2	TO073	512	512	2	si	si	_	_	_	_	_	linguistic	_	none	_	_	_	_	_	0-2(105)
512-3	TO073	512	512	3	può,	può	_	_	_	_	_	linguistic	_	none	Intonation=WeaklyRising	_	_	_	_	0-3(105)
512-4	TO073	512	512	4	okay	okay	_	_	_	_	_	linguistic	_	none	_	_	_	_	_	0-4(105)
512-5	TO073	512	512	5	poi	poi	_	_	_	_	_	linguistic	_	none	_	_	_	_	_	0-3(105)
512-6	TO073	512	512	6	si	si	_	_	_	_	_	linguistic	_	none	_	_	_	_	_	0-2(105)
512-7	TO073	512	512	7	bippa	bippa	_	_	_	_	_	linguistic	_	none	_	_	_	_	_	0-5(105)
512-8	TO073	512	512	8	okay]	okay	_	_	_	_	_	linguistic	_	none	_	End=1663.12	_	_	_	0-4(105)
513-0	TO073	513	513	0	eh	eh	_	_	_	_	_	linguistic	_	none	_	Begin=1663.12	_	_	_	_
513-1	TO073	513	513	1	esattamente	esattamente	_	_	_	_	_	linguistic	_	none	_	End=1664.324	_	_	_	_
514-0	TO073	514	514	0	e	e	_	_	_	_	_	linguistic	_	none	_	Begin=1664.482	_	_	_	_
514-1	TO073	514	514	1	la	la	_	_	_	_	_	linguistic	_	none	_	_	_	_	_	_
514-2	TO073	514	514	2	la	la	_	_	_	_	_	linguistic	_	none	PauseAfter=Yes	_	_	_	_	_
514-3	TO073	514	514	3	{P}	{P}	_	_	_	_	_	shortpause	_	none	_	_	_	_	_	_
514-4	TO073	514	514	4	{ride}	{ride}	_	_	_	_	_	nonverbalbehavior	_	none	_	_	_	_	_	_
514-5	TO073	514	514	5	la	la	_	_	_	_	_	linguistic	_	none	_	_	_	_	_	_
514-6	TO073	514	514	6	polizia	polizia	_	_	_	_	_	linguistic	_	none	PauseAfter=Yes	_	_	_	_	_
514-7	TO073	514	514	7	{P}	{P}	_	_	_	_	_	shortpause	_	none	_	_	_	_	_	_
514-8	TO073	514	514	8	ha	ha	_	_	_	_	_	linguistic	_	none	_	_	_	_	_	_
514-9	TO073	514	514	9	iniziato	iniziato	_	_	_	_	_	linguistic	_	none	_	_	_	_	_	_
514-10	TO073	514	514	10	a	a	_	_	_	_	_	linguistic	_	none	_	_	_	_	_	_
514-11	TO073	514	514	11	m:h	mh	_	_	_	_	_	linguistic	_	none	_	End=1668.079	0x1	_	_	_
515-0	TO073	515	515	0	a	a	_	_	_	_	_	linguistic	_	none	_	Begin=1668.079	_	_	_	_
515-1	TO073	515	515	1	starci	starci	_	_	_	_	_	linguistic	_	none	_	_	_	_	_	_
515-2	TO073	515	515	2	dietro	dietro	_	_	_	_	_	linguistic	_	none	_	_	_	_	_	_
515-3	TO073	515	515	3	perché	perché	_	_	_	_	_	linguistic	_	none	_	End=1669.621	_	_	_	_
516-0	TO073	516	516	0	no	no	_	_	_	_	_	linguistic	_	none	_	Begin=1670.08	_	_	_	_
516-1	TO073	516	516	1	non	non	_	_	_	_	_	linguistic	_	none	_	_	_	_	_	_
516-2	TO073	516	516	2	sappiamo	sappiamo	_	_	_	_	_	linguistic	_	none	_	_	_	_	_	_
516-3	TO073	516	516	3	bene	bene	_	_	_	_	_	linguistic	_	none	_	_	_	_	_	_
516-4	TO073	516	516	4	per	per	_	_	_	_	_	linguistic	_	none	_	_	_	_	_	_
516-5	TO073	516	516	5	quale	quale	_	_	_	_	_	linguistic	_	none	_	_	_	_	_	_
516-6	TO073	516	516	6	moti[vo	motivo	_	_	_	_	_	linguistic	_	none	_	_	_	_	_	4-6(106)
516-7	TO073	516	516	7	eh]	eh	_	_	_	_	_	linguistic	_	none	_	_	_	_	_	0-2(106)
516-8	TO073	516	516	8	soltanto	soltanto	_	_	_	_	_	linguistic	_	none	_	_	_	_	_	_
516-9	TO073	516	516	9	che	che	_	_	_	_	_	linguistic	_	none	PauseAfter=Yes	_	_	_	_	_
516-10	TO073	516	516	10	{P}	{P}	_	_	_	_	_	shortpause	_	none	_	_	_	_	_	_
516-11	TO073	516	516	11	dede	dede	_	_	_	_	_	linguistic	_	none	_	_	_	_	_	_
516-12	TO073	516	516	12	ovviamente	ovviamente	_	_	_	_	_	linguistic	_	none	_	_	_	_	_	_
516-13	TO073	516	516	13	è	è	_	_	_	_	_	linguistic	_	none	_	_	_	_	_	_
516-14	TO073	516	516	14	andata	andata	_	_	_	_	_	linguistic	_	none	_	_	_	_	_	_
516-15	TO073	516	516	15	in	in	_	_	_	_	_	linguistic	_	none	_	_	_	_	_	_
516-16	TO073	516	516	16	iperparanoia	iperparanoia	_	_	_	_	_	linguistic	_	none	_	End=1675.256	_	_	_	_
517-0	TO071	517	517	0	[eh]	eh	_	_	_	_	_	linguistic	_	none	_	Begin=1671.701|End=1672.199	_	_	_	0-2(106)
518-0	TO073	518	518	0	ehm:	ehm	_	_	_	_	_	linguistic	_	none	_	Begin=1675.551|End=1676.768	2x1	_	_	_
519-0	TO073	519	519	0	>continuava	continuava	_	_	_	_	_	linguistic	_	none	_	Begin=1676.964	_	Fast=0-10(0)	_	_
519-1	TO073	519	519	1	a	a	_	_	_	_	_	linguistic	_	none	_	_	_	Fast=0-1(0)	_	_
519-2	TO073	519	519	2	far	far	_	_	_	_	_	linguistic	_	none	_	_	_	Fast=0-3(0)	_	_
519-3	TO073	519	519	3	finta	finta	_	_	_	_	_	linguistic	_	none	_	_	_	Fast=0-5(0)	_	_
519-4	TO073	519	519	4	di	di	_	_	_	_	_	linguistic	_	none	_	_	_	Fast=0-2(0)	_	_
519-5	TO073	519	519	5	essere	essere	_	_	_	_	_	linguistic	_	none	_	_	_	Fast=0-6(0)	_	_
519-6	TO073	519	519	6	tranquilla	tranquilla	_	_	_	_	_	linguistic	_	none	_	_	_	Fast=0-10(0)	_	_
519-7	TO073	519	519	7	perché	perché	_	_	_	_	_	linguistic	_	none	_	_	_	Fast=0-6(0)	_	_
519-8	TO073	519	519	8	in	in	_	_	_	_	_	linguistic	_	none	_	_	_	Fast=0-2(0)	_	_
519-9	TO073	519	519	9	tutto	tutto	_	_	_	_	_	linguistic	_	none	_	_	_	Fast=0-5(0)	_	_
519-10	TO073	519	519	10	questo	questo	_	_	_	_	_	linguistic	_	none	_	_	_	Fast=0-6(0)	_	_
519-11	TO073	519	519	11	jack	jack	_	_	_	_	_	linguistic	_	none	_	_	_	Fast=0-4(0)	_	_
519-12	TO073	519	519	12	stava	stava	_	_	_	_	_	linguistic	_	none	_	_	_	Fast=0-5(0)	_	_
519-13	TO073	519	519	13	per	per	_	_	_	_	_	linguistic	_	none	_	_	_	Fast=0-3(0)	_	_
519-14	TO073	519	519	14	girare	girare	_	_	_	_	_	linguistic	_	none	_	_	_	Fast=0-6(0)	_	_
519-15	TO073	519	519	15	una	una	_	_	_	_	_	linguistic	_	none	_	_	_	Fast=0-3(0)	_	_
519-16	TO073	519	519	16	canna<	canna	_	_	_	_	_	linguistic	_	none	_	_	_	Fast=0-5(0)	_	_
519-17	TO073	519	519	17	[n:	n	_	_	_	_	_	linguistic	_	none	_	_	0x1	_	_	0-1(107)
519-18	TO073	519	519	18	dentro	dentro	_	_	_	_	_	linguistic	_	none	_	_	_	_	_	0-6(107)
519-19	TO073	519	519	19	la	la	_	_	_	_	_	linguistic	_	none	_	_	_	_	_	0-2(107)
519-20	TO073	519	519	20	ma]cchina	macchina	_	_	_	_	_	linguistic	_	none	_	End=1682.237	_	_	_	0-2(107)
520-0	TO071	520	520	0	[eh	eh	_	_	_	_	_	linguistic	_	none	_	Begin=1680.82	_	_	_	0-2(107)
520-1	TO071	520	520	1	ecco]	ecco	_	_	_	_	_	linguistic	_	none	_	End=1681.723	_	_	_	0-4(107)
521-0	TO073	521	521	0	ehm:	ehm	_	_	_	_	_	linguistic	_	none	_	Begin=1682.374	2x1	_	_	_
521-1	TO073	521	521	1	il	il	_	_	_	_	_	linguistic	_	none	_	_	_	_	_	_
521-2	TO073	521	521	2	problema	problema	_	_	_	_	_	linguistic	_	none	_	_	_	_	_	_
521-3	TO073	521	521	3	è	è	_	_	_	_	_	linguistic	_	none	_	_	_	_	_	_
521-4	TO073	521	521	4	che	che	_	_	_	_	_	linguistic	_	none	_	_	_	_	_	_
521-5	TO073	521	521	5	appunto	appunto	_	_	_	_	_	linguistic	_	none	_	_	_	_	_	_
521-6	TO073	521	521	6	che	che	_	_	_	_	_	linguistic	_	none	_	_	_	_	_	_
521-7	TO073	521	521	7	la	la	_	_	_	_	_	linguistic	_	none	_	_	_	_	_	_
521-8	TO073	521	521	8	polizia	polizia	_	_	_	_	_	linguistic	_	none	_	_	_	_	_	_
521-9	TO073	521	521	9	continuava	continuava	_	_	_	_	_	linguistic	_	none	_	_	_	_	_	_
521-10	TO073	521	521	10	a	a	_	_	_	_	_	linguistic	_	none	ProsodicLink=Yes	_	_	_	_	_
521-11	TO073	521	521	11	mh	mh	_	_	_	_	_	linguistic	_	none	_	_	_	_	_	_
521-12	TO073	521	521	12	a	a	_	_	_	_	_	linguistic	_	none	_	_	_	_	_	_
521-13	TO073	521	521	13	starci	starci	_	_	_	_	_	linguistic	_	none	_	_	_	_	_	_
521-14	TO073	521	521	14	dietro	dietro	_	_	_	_	_	linguistic	_	none	_	_	_	_	_	_
521-15	TO073	521	521	15	e	e	_	_	_	_	_	linguistic	_	none	_	_	_	_	_	_
521-16	TO073	521	521	16	dede	dede	_	_	_	_	_	linguistic	_	none	_	_	_	_	_	_
521-17	TO073	521	521	17	continuava	continuava	_	_	_	_	_	linguistic	_	none	_	_	_	_	_	_
521-18	TO073	521	521	18	a	a	_	_	_	_	_	linguistic	_	none	_	_	_	_	_	_
521-19	TO073	521	521	19	dire	dire	_	_	_	_	_	linguistic	_	none	PauseAfter=Yes	_	_	_	_	_
521-20	TO073	521	521	20	{P}	{P}	_	_	_	_	_	shortpause	_	none	_	_	_	_	_	_
521-21	TO073	521	521	21	no	no	_	_	_	_	_	linguistic	_	none	_	_	_	_	_	_
521-22	TO073	521	521	22	importa	importa	_	_	_	_	_	linguistic	_	none	_	End=1688.411	_	_	_	_
522-0	TO073	522	522	0	non	non	_	_	_	_	_	linguistic	_	none	_	Begin=1688.411	_	_	_	_
522-1	TO073	522	522	1	succede	succede	_	_	_	_	_	linguistic	_	none	_	_	_	_	_	_
522-2	TO073	522	522	2	niente	niente	_	_	_	_	_	linguistic	_	none	_	_	_	_	_	_
522-3	TO073	522	522	3	state	state	_	_	_	_	_	linguistic	_	none	_	_	_	_	_	_
522-4	TO073	522	522	4	tranquilli.	tranquilli	_	_	_	_	_	linguistic	_	none	Intonation=Falling	End=1690.253	_	_	_	_
523-0	TO071	523	523	0	{ride}	{ride}	_	_	_	_	_	nonverbalbehavior	_	none	_	Begin=1688.411|End=1690.253	_	_	_	_
524-0	TO073	524	524	0	>non	non	_	_	_	_	_	linguistic	_	none	_	Begin=1690.273	_	Fast=0-3(0)	_	_
524-1	TO073	524	524	1	c'	c'	_	_	_	_	_	linguistic	_	none	SpaceAfter=No	_	_	Fast=0-2(0)	_	_
524-2	TO073	524	524	2	è	è	_	_	_	_	_	linguistic	_	none	_	_	_	Fast=0-1(0)	_	_
524-3	TO073	524	524	3	nessun	nessun	_	_	_	_	_	linguistic	_	none	_	_	_	Fast=0-6(0)	_	_
524-4	TO073	524	524	4	problema<	problema	_	_	_	_	_	linguistic	_	none	PauseAfter=Yes	_	_	Fast=0-8(0)	_	_
524-5	TO073	524	524	5	{P}	{P}	_	_	_	_	_	shortpause	_	none	_	_	_	_	_	_
524-6	TO073	524	524	6	tra	tra	_	_	_	_	_	linguistic	_	none	_	_	_	_	_	_
524-7	TO073	524	524	7	l'	l'	_	_	_	_	_	linguistic	_	none	SpaceAfter=No	_	_	_	_	_
524-8	TO073	524	524	8	altro	altro	_	_	_	_	_	linguistic	_	none	_	_	_	_	_	_
524-9	TO073	524	524	9	appunto	appunto	_	_	_	_	_	linguistic	_	none	_	_	_	_	_	_
524-10	TO073	524	524	10	le	le	_	_	_	_	_	linguistic	_	none	_	_	_	_	_	_
524-11	TO073	524	524	11	restrizioni	restrizioni	_	_	_	_	_	linguistic	_	none	_	_	_	_	_	_
524-12	TO073	524	524	12	che	che	_	_	_	_	_	linguistic	_	none	_	End=1692.8	_	_	_	_
525-0	TO073	525	525	0	ehm	ehm	_	_	_	_	_	linguistic	_	none	_	Begin=1692.884|End=1694.045	_	_	_	_
526-0	TO073	526	526	0	che	che	_	_	_	_	_	linguistic	_	none	_	Begin=1694.291	_	_	_	_
526-1	TO073	526	526	1	ci	ci	_	_	_	_	_	linguistic	_	none	_	_	_	_	_	_
526-2	TO073	526	526	2	sono	sono	_	_	_	_	_	linguistic	_	none	_	_	_	_	_	_
526-3	TO073	526	526	3	ora	ora	_	_	_	_	_	linguistic	_	none	_	_	_	_	_	_
526-4	TO073	526	526	4	in	in	_	_	_	_	_	linguistic	_	none	_	_	_	_	_	_
526-5	TO073	526	526	5	spagna	spagna	_	_	_	_	_	linguistic	_	none	PauseAfter=Yes	_	_	_	_	_
526-6	TO073	526	526	6	{P}	{P}	_	_	_	_	_	shortpause	_	none	_	_	_	_	_	_
526-7	TO073	526	526	7	[d~	d~	_	_	_	_	_	linguistic	_	none	Interrupted=Yes	_	_	_	_	0-2(108)
526-8	TO073	526	526	8	da	da	_	_	_	_	_	linguistic	_	none	_	_	_	_	_	0-2(108)
526-9	TO073	526	526	9	poco	poco	_	_	_	_	_	linguistic	_	none	_	_	_	_	_	0-4(108)
526-10	TO073	526	526	10	sono	sono	_	_	_	_	_	linguistic	_	none	_	_	_	_	_	0-4(108)
526-11	TO073	526	526	11	sì	sì	_	_	_	_	_	linguistic	_	none	_	_	_	_	_	0-2(108)
526-12	TO073	526	526	12	sono	sono	_	_	_	_	_	linguistic	_	none	_	_	_	_	_	0-4(108)
526-13	TO073	526	526	13	mo]lto	molto	_	_	_	_	_	linguistic	_	none	_	End=1697.944	_	_	_	0-2(108)
527-0	TO071	527	527	0	[sono	sono	_	_	_	_	_	linguistic	_	none	_	Begin=1695.885	_	_	_	0-4(108)
527-1	TO071	527	527	1	più	più	_	_	_	_	_	linguistic	_	none	_	_	_	_	_	0-3(108)
527-2	TO071	527	527	2	gravi,	gravi	_	_	_	_	_	linguistic	_	none	Intonation=WeaklyRising|PauseAfter=Yes	_	_	_	_	0-5(108)
527-3	TO071	527	527	3	{P}	{P}	_	_	_	_	_	shortpause	_	none	_	_	_	_	_	0-3(108)
527-4	TO071	527	527	4	sì]	sì	_	_	_	_	_	linguistic	_	none	_	End=1697.386	_	_	_	0-2(108)
528-0	TO073	528	528	0	(a)desso	adesso	_	_	_	_	_	linguistic	_	none	PauseAfter=Yes	Begin=1698.197	_	_	0-1(0)	_
528-1	TO073	528	528	1	{P}	{P}	_	_	_	_	_	shortpause	_	none	_	_	_	_	_	_
528-2	TO073	528	528	2	il	il	_	_	_	_	_	linguistic	_	none	_	_	_	_	_	_
528-3	TO073	528	528	3	governa	governa	_	_	_	_	_	linguistic	_	none	_	_	_	_	_	_
528-4	TO073	528	528	4	versa	versa	_	_	_	_	_	linguistic	_	none	_	_	_	_	_	_
528-5	TO073	528	528	5	in:	in	_	_	_	_	_	linguistic	_	none	_	_	1x1	_	_	_
528-6	TO073	528	528	6	condizioni	condizioni	_	_	_	_	_	linguistic	_	none	_	_	_	_	_	_
528-7	TO073	528	528	7	un	un	_	_	_	_	_	linguistic	_	none	_	_	_	_	_	_
528-8	TO073	528	528	8	po'	po'	_	_	_	_	_	linguistic	_	none	_	_	_	_	_	_
528-9	TO073	528	528	9	di	di	_	_	_	_	_	linguistic	_	none	_	_	_	_	_	_
528-10	TO073	528	528	10	crisi	crisi	_	_	_	_	_	linguistic	_	none	_	_	_	_	_	_
528-11	TO073	528	528	11	e	e	_	_	_	_	_	linguistic	_	none	_	_	_	_	_	_
528-12	TO073	528	528	12	quindi	quindi	_	_	_	_	_	linguistic	_	none	_	End=1701.689	_	_	_	_
529-0	TO073	529	529	0	ehm	ehm	_	_	_	_	_	linguistic	_	none	PauseAfter=Yes	Begin=1701.789	_	_	_	_
529-1	TO073	529	529	1	{P}	{P}	_	_	_	_	_	shortpause	_	none	_	_	_	_	_	_
529-2	TO073	529	529	2	cercano	cercano	_	_	_	_	_	linguistic	_	none	_	_	_	_	_	_
529-3	TO073	529	529	3	molti	molti	_	_	_	_	_	linguistic	_	none	_	_	_	_	_	_
529-4	TO073	529	529	4	modi	modi	_	_	_	_	_	linguistic	_	none	_	_	_	_	_	_
529-5	TO073	529	529	5	per	per	_	_	_	_	_	linguistic	_	none	_	_	_	_	_	_
529-6	TO073	529	529	6	sanzionare	sanzionare	_	_	_	_	_	linguistic	_	none	_	End=1704.334	_	_	_	_
530-0	TO073	530	530	0	>le	le	_	_	_	_	_	linguistic	_	none	_	Begin=1704.381	_	Fast=0-2(0)	_	_
530-1	TO073	530	530	1	persone	persone	_	_	_	_	_	linguistic	_	none	_	_	_	Fast=0-7(0)	_	_
530-2	TO073	530	530	2	poi	poi	_	_	_	_	_	linguistic	_	none	_	_	_	Fast=0-3(0)	_	_
530-3	TO073	530	530	3	soprattutto	soprattutto	_	_	_	_	_	linguistic	_	none	_	_	_	Fast=0-11(0)	_	_
530-4	TO073	530	530	4	con	con	_	_	_	_	_	linguistic	_	none	_	_	_	Fast=0-3(0)	_	_
530-5	TO073	530	530	5	gli	gli	_	_	_	_	_	linguistic	_	none	_	_	_	Fast=0-3(0)	_	_
530-6	TO073	530	530	6	erasmus<	erasmus	_	_	_	_	_	linguistic	_	none	_	_	_	Fast=0-7(0)	_	_
530-7	TO073	530	530	7	a	a	_	_	_	_	_	linguistic	_	none	_	_	_	_	_	_
530-8	TO073	530	530	8	me	me	_	_	_	_	_	linguistic	_	none	_	_	_	_	_	_
530-9	TO073	530	530	9	[hanno	hanno	_	_	_	_	_	linguistic	_	none	_	_	_	_	_	0-5(109)
530-10	TO073	530	530	10	fatto	fatto	_	_	_	_	_	linguistic	_	none	_	_	_	_	_	0-5(109)
530-11	TO073	530	530	11	una	una	_	_	_	_	_	linguistic	_	none	_	_	_	_	_	0-3(109)
530-12	TO073	530	530	12	multa]	multa	_	_	_	_	_	linguistic	_	none	_	End=1706.814	_	_	_	0-5(109)
531-0	TO071	531	531	0	[figurati]	figurati	_	_	_	_	_	linguistic	_	none	_	Begin=1706.05|End=1706.81	_	_	_	0-8(109)
532-0	TO073	532	532	0	>a	a	_	_	_	_	_	linguistic	_	none	_	Begin=1706.814	_	Fast=0-1(0)	_	_
532-1	TO073	532	532	1	me	me	_	_	_	_	_	linguistic	_	none	_	_	_	Fast=0-2(0)	_	_
532-2	TO073	532	532	2	hanno	hanno	_	_	_	_	_	linguistic	_	none	_	_	_	Fast=0-5(0)	_	_
532-3	TO073	532	532	3	fatto	fatto	_	_	_	_	_	linguistic	_	none	_	_	_	Fast=0-5(0)	_	_
532-4	TO073	532	532	4	una	una	_	_	_	_	_	linguistic	_	none	_	_	_	Fast=0-3(0)	_	_
532-5	TO073	532	532	5	multa	multa	_	_	_	_	_	linguistic	_	none	_	_	_	Fast=0-5(0)	_	_
532-6	TO073	532	532	6	perché	perché	_	_	_	_	_	linguistic	_	none	_	_	_	Fast=0-6(0)	_	_
532-7	TO073	532	532	7	ero	ero	_	_	_	_	_	linguistic	_	none	_	_	_	Fast=0-3(0)	_	_
532-8	TO073	532	532	8	in	in	_	_	_	_	_	linguistic	_	none	_	_	_	Fast=0-2(0)	_	_
532-9	TO073	532	532	9	macchina	macchina	_	_	_	_	_	linguistic	_	none	_	_	_	Fast=0-8(0)	_	_
532-10	TO073	532	532	10	di	di	_	_	_	_	_	linguistic	_	none	_	_	_	Fast=0-2(0)	_	_
532-11	TO073	532	532	11	dede	dede	_	_	_	_	_	linguistic	_	none	_	_	_	Fast=0-4(0)	_	_
532-12	TO073	532	532	12	con<	con	_	_	_	_	_	linguistic	_	none	PauseAfter=Yes	_	_	Fast=0-3(0)	_	_
532-13	TO073	532	532	13	{P}	{P}	_	_	_	_	_	shortpause	_	none	_	_	_	_	_	_
532-14	TO073	532	532	14	i	i	_	_	_	_	_	linguistic	_	none	_	_	_	_	_	_
532-15	TO073	532	532	15	piedi	piedi	_	_	_	_	_	linguistic	_	none	_	_	_	_	_	_
532-16	TO073	532	532	16	sul	sul	_	_	_	_	_	linguistic	_	none	_	_	_	_	_	_
532-17	TO073	532	532	17	sedile	sedile	_	_	_	_	_	linguistic	_	none	_	_	_	_	_	_
532-18	TO073	532	532	18	perché	perché	_	_	_	_	_	linguistic	_	none	_	_	_	_	_	_
532-19	TO073	532	532	19	non	non	_	_	_	_	_	linguistic	_	none	_	_	_	_	_	_
532-20	TO073	532	532	20	stavo	stavo	_	_	_	_	_	linguistic	_	none	_	_	_	_	_	_
532-21	TO073	532	532	21	bene	bene	_	_	_	_	_	linguistic	_	none	_	_	_	_	_	_
532-22	TO073	532	532	22	e	e	_	_	_	_	_	linguistic	_	none	_	_	_	_	_	_
532-23	TO073	532	532	23	quindi	quindi	_	_	_	_	_	linguistic	_	none	_	_	_	_	_	_
532-24	TO073	532	532	24	avevo	avevo	_	_	_	_	_	linguistic	_	none	_	_	_	_	_	_
532-25	TO073	532	532	25	i	i	_	_	_	_	_	linguistic	_	none	_	_	_	_	_	_
532-26	TO073	532	532	26	piedi	piedi	_	_	_	_	_	linguistic	_	none	_	_	_	_	_	_
532-27	TO073	532	532	27	sul	sul	_	_	_	_	_	linguistic	_	none	_	_	_	_	_	_
532-28	TO073	532	532	28	sedile	sedile	_	_	_	_	_	linguistic	_	none	_	End=1711.941	_	_	_	_
533-0	TO073	533	533	0	>c'	c'	_	_	_	_	_	linguistic	_	none	SpaceAfter=No	Begin=1712.024	_	Fast=0-2(0)	_	_
533-1	TO073	533	533	1	hanno	hanno	_	_	_	_	_	linguistic	_	none	_	_	_	Fast=0-5(0)	_	_
533-2	TO073	533	533	2	fermato	fermato	_	_	_	_	_	linguistic	_	none	_	_	_	Fast=0-7(0)	_	_
533-3	TO073	533	533	3	e	e	_	_	_	_	_	linguistic	_	none	PauseAfter=Yes	_	_	Fast=0-1(0)	_	_
533-4	TO073	533	533	4	{P}	{P}	_	_	_	_	_	shortpause	_	none	_	_	_	Fast=0-3(0)	_	_
533-5	TO073	533	533	5	c'	c'	_	_	_	_	_	linguistic	_	none	SpaceAfter=No	_	_	Fast=0-2(0)	_	_
533-6	TO073	533	533	6	hanno	hanno	_	_	_	_	_	linguistic	_	none	_	_	_	Fast=0-5(0)	_	_
533-7	TO073	533	533	7	fatto	fatto	_	_	_	_	_	linguistic	_	none	_	_	_	Fast=0-5(0)	_	_
533-8	TO073	533	533	8	una	una	_	_	_	_	_	linguistic	_	none	_	_	_	Fast=0-3(0)	_	_
533-9	TO073	533	533	9	multa	multa	_	_	_	_	_	linguistic	_	none	_	_	_	Fast=0-5(0)	_	_
533-10	TO073	533	533	10	di<	di	_	_	_	_	_	linguistic	_	none	PauseAfter=Yes	_	_	Fast=0-1(0)	_	_
533-11	TO073	533	533	11	{P}	{P}	_	_	_	_	_	shortpause	_	none	_	_	_	_	_	_
533-12	TO073	533	533	12	quaranta	quaranta	_	_	_	_	_	linguistic	_	none	_	_	_	_	_	_
533-13	TO073	533	533	13	euro.	euro	_	_	_	_	_	linguistic	_	none	Intonation=Falling	End=1714.483	_	_	_	_
534-0	TO071	534	534	0	minchia	minchia	_	_	_	_	_	linguistic	_	none	_	Begin=1714.505|End=1715.122	_	_	_	_
535-0	TO073	535	535	0	sì.	sì	_	_	_	_	_	linguistic	_	none	Intonation=Falling	Begin=1715.126|End=1715.478	_	_	_	_
536-0	TO073	536	536	0	sempre	sempre	_	_	_	_	_	linguistic	_	none	_	Begin=1715.501	_	_	_	_
536-1	TO073	536	536	1	eh	eh	_	_	_	_	_	linguistic	_	none	_	_	_	_	_	_
536-2	TO073	536	536	2	anche	anche	_	_	_	_	_	linguistic	_	none	_	_	_	_	_	_
536-3	TO073	536	536	3	lì	lì	_	_	_	_	_	linguistic	_	none	_	_	_	_	_	_
536-4	TO073	536	536	4	era	era	_	_	_	_	_	linguistic	_	none	_	_	_	_	_	_
536-5	TO073	536	536	5	presente	presente	_	_	_	_	_	linguistic	_	none	_	_	_	_	_	_
536-6	TO073	536	536	6	jack	jack	_	_	_	_	_	linguistic	_	none	_	_	_	_	_	_
536-7	TO073	536	536	7	>jack	jack	_	_	_	_	_	linguistic	_	none	_	_	_	Fast=0-4(0)	_	_
536-8	TO073	536	536	8	è	è	_	_	_	_	_	linguistic	_	none	_	_	_	Fast=0-1(0)	_	_
536-9	TO073	536	536	9	sempre	sempre	_	_	_	_	_	linguistic	_	none	_	_	_	Fast=0-6(0)	_	_
536-10	TO073	536	536	10	presente	presente	_	_	_	_	_	linguistic	_	none	_	_	_	Fast=0-8(0)	_	_
536-11	TO073	536	536	11	in	in	_	_	_	_	_	linguistic	_	none	_	_	_	Fast=0-2(0)	_	_
536-12	TO073	536	536	12	queste	queste	_	_	_	_	_	linguistic	_	none	_	_	_	Fast=0-6(0)	_	_
536-13	TO073	536	536	13	cose<	cose	_	_	_	_	_	linguistic	_	none	_	End=1718.601	_	Fast=0-4(0)	_	_
537-0	TO073	537	537	0	comunque	comunque	_	_	_	_	_	linguistic	_	none	_	Begin=1718.724	_	_	_	_
537-1	TO073	537	537	1	fatto	fatto	_	_	_	_	_	linguistic	_	none	_	_	_	_	_	_
537-2	TO073	537	537	2	sta	sta	_	_	_	_	_	linguistic	_	none	_	_	_	_	_	_
537-3	TO073	537	537	3	che	che	_	_	_	_	_	linguistic	_	none	_	_	_	_	_	_
537-4	TO073	537	537	4	ehm	ehm	_	_	_	_	_	linguistic	_	none	_	_	_	_	_	_
537-5	TO073	537	537	5	continuano	continuano	_	_	_	_	_	linguistic	_	none	_	_	_	_	_	_
537-6	TO073	537	537	6	a	a	_	_	_	_	_	linguistic	_	none	_	_	_	_	_	_
537-7	TO073	537	537	7	costeggiarci	costeggiarci	_	_	_	_	_	linguistic	_	none	_	_	_	_	_	_
537-8	TO073	537	537	8	a	a	_	_	_	_	_	linguistic	_	none	_	_	_	_	_	_
537-9	TO073	537	537	9	costeggiarci	costeggiarci	_	_	_	_	_	linguistic	_	none	_	End=1722.31	_	_	_	_
538-0	TO073	538	538	0	>non	non	_	_	_	_	_	linguistic	_	none	_	Begin=1722.402	_	Fast=0-3(0)	_	_
538-1	TO073	538	538	1	sapevamo	sapevamo	_	_	_	_	_	linguistic	_	none	_	_	_	Fast=0-8(0)	_	_
538-2	TO073	538	538	2	come	come	_	_	_	_	_	linguistic	_	none	_	_	_	Fast=0-4(0)	_	_
538-3	TO073	538	538	3	fare	fare	_	_	_	_	_	linguistic	_	none	_	_	_	Fast=0-4(0)	_	_
538-4	TO073	538	538	4	imparanoiatissimi	imparanoiatissimi	_	_	_	_	_	linguistic	_	none	_	_	_	Fast=0-17(0)	_	_
538-5	TO073	538	538	5	jack	jack	_	_	_	_	_	linguistic	_	none	_	_	_	Fast=0-4(0)	_	_
538-6	TO073	538	538	6	non	non	_	_	_	_	_	linguistic	_	none	_	_	_	Fast=0-3(0)	_	_
538-7	TO073	538	538	7	sapeva	sapeva	_	_	_	_	_	linguistic	_	none	_	_	_	Fast=0-6(0)	_	_
538-8	TO073	538	538	8	come	come	_	_	_	_	_	linguistic	_	none	_	_	_	Fast=0-4(0)	_	_
538-9	TO073	538	538	9	fare<	fare	_	_	_	_	_	linguistic	_	none	_	End=1725.142	_	Fast=0-4(0)	_	_
539-0	TO073	539	539	0	>cosa	cosa	_	_	_	_	_	linguistic	_	none	_	Begin=1725.142	_	Fast=0-4(0)	_	_
539-1	TO073	539	539	1	faccio,	faccio	_	_	_	_	_	linguistic	_	none	Intonation=WeaklyRising	_	_	Fast=0-6(0)	_	_
539-2	TO073	539	539	2	cosa	cosa	_	_	_	_	_	linguistic	_	none	_	_	_	Fast=0-4(0)	_	_
539-3	TO073	539	539	3	faccio,	faccio	_	_	_	_	_	linguistic	_	none	Intonation=WeaklyRising	_	_	Fast=0-6(0)	_	_
539-4	TO073	539	539	4	la	la	_	_	_	_	_	linguistic	_	none	_	_	_	Fast=0-2(0)	_	_
539-5	TO073	539	539	5	nascondo	nascondo	_	_	_	_	_	linguistic	_	none	_	_	_	Fast=0-8(0)	_	_
539-6	TO073	539	539	6	nelle	nelle	_	_	_	_	_	linguistic	_	none	_	_	_	Fast=0-5(0)	_	_
539-7	TO073	539	539	7	mutande	mutande	_	_	_	_	_	linguistic	_	none	_	_	_	Fast=0-7(0)	_	_
539-8	TO073	539	539	8	la	la	_	_	_	_	_	linguistic	_	none	_	_	_	Fast=0-2(0)	_	_
539-9	TO073	539	539	9	nascondo	nascondo	_	_	_	_	_	linguistic	_	none	_	_	_	Fast=0-8(0)	_	_
539-10	TO073	539	539	10	delle	delle	_	_	_	_	_	linguistic	_	none	_	_	_	Fast=0-5(0)	_	_
539-11	TO073	539	539	11	(mutande)	mutande	_	_	_	_	_	linguistic	_	none	_	_	_	Fast=0-7(0)	0-7(0)	_
539-12	TO073	539	539	12	la	la	_	_	_	_	_	linguistic	_	none	_	_	_	Fast=0-2(0)	_	_
539-13	TO073	539	539	13	buttiamo	buttiamo	_	_	_	_	_	linguistic	_	none	PauseAfter=Yes	_	_	Fast=0-8(0)	_	_
539-14	TO073	539	539	14	{P}	{P}	_	_	_	_	_	shortpause	_	none	_	_	_	Fast=0-3(0)	_	_
539-15	TO073	539	539	15	vabbè	vabbè	_	_	_	_	_	linguistic	_	none	_	_	_	Fast=0-5(0)	_	_
539-16	TO073	539	539	16	me	me	_	_	_	_	_	linguistic	_	none	_	_	_	Fast=0-2(0)	_	_
539-17	TO073	539	539	17	la	la	_	_	_	_	_	linguistic	_	none	_	_	_	Fast=0-2(0)	_	_
539-18	TO073	539	539	18	metto	metto	_	_	_	_	_	linguistic	_	none	_	_	_	Fast=0-5(0)	_	_
539-19	TO073	539	539	19	nelle	nelle	_	_	_	_	_	linguistic	_	none	_	_	_	Fast=0-5(0)	_	_
539-20	TO073	539	539	20	mutande	mutande	_	_	_	_	_	linguistic	_	none	_	_	_	Fast=0-7(0)	_	_
539-21	TO073	539	539	21	non	non	_	_	_	_	_	linguistic	_	none	_	_	_	Fast=0-3(0)	_	_
539-22	TO073	539	539	22	lo	lo	_	_	_	_	_	linguistic	_	none	_	_	_	Fast=0-2(0)	_	_
539-23	TO073	539	539	23	so<	so	_	_	_	_	_	linguistic	_	none	_	_	_	Fast=0-2(0)	_	_
539-24	TO073	539	539	24	finché	finché	_	_	_	_	_	linguistic	_	none	_	_	_	_	_	_
539-25	TO073	539	539	25	la	la	_	_	_	_	_	linguistic	_	none	_	_	_	_	_	_
539-26	TO073	539	539	26	polizia	polizia	_	_	_	_	_	linguistic	_	none	_	_	_	_	_	_
539-27	TO073	539	539	27	non	non	_	_	_	_	_	linguistic	_	none	_	_	_	_	_	_
539-28	TO073	539	539	28	si	si	_	_	_	_	_	linguistic	_	none	_	End=1730.86	_	_	_	_
540-0	TO071	540	540	0	{ride}	{ride}	_	_	_	_	_	nonverbalbehavior	_	none	_	Begin=1726.716|End=1727.678	_	_	_	_
541-0	TO073	541	541	0	e:h	eh	_	_	_	_	_	linguistic	_	none	_	Begin=1731.192	0x1	_	_	_
541-1	TO073	541	541	1	noi	noi	_	_	_	_	_	linguistic	_	none	_	_	_	_	_	_
541-2	TO073	541	541	2	imparanoiatissimi	imparanoiatissimi	_	_	_	_	_	linguistic	_	none	_	_	_	_	_	_
541-3	TO073	541	541	3	ormai	ormai	_	_	_	_	_	linguistic	_	none	_	_	_	_	_	_
541-4	TO073	541	541	4	la	la	_	_	_	_	_	linguistic	_	none	_	_	_	_	_	_
541-5	TO073	541	541	5	mia	mia	_	_	_	_	_	linguistic	_	none	_	_	_	_	_	_
541-6	TO073	541	541	6	amica	amica	_	_	_	_	_	linguistic	_	none	_	_	_	_	_	_
541-7	TO073	541	541	7	vedeva	vedeva	_	_	_	_	_	linguistic	_	none	_	_	_	_	_	_
541-8	TO073	541	541	8	già	già	_	_	_	_	_	linguistic	_	none	_	_	_	_	_	_
541-9	TO073	541	541	9	il	il	_	_	_	_	_	linguistic	_	none	_	_	_	_	_	_
541-10	TO073	541	541	10	suo	suo	_	_	_	_	_	linguistic	_	none	_	_	_	_	_	_
541-11	TO073	541	541	11	aereo	aereo	_	_	_	_	_	linguistic	_	none	_	_	_	_	_	_
541-12	TO073	541	541	12	andato	andato	_	_	_	_	_	linguistic	_	none	_	_	_	_	_	_
541-13	TO073	541	541	13	>non	non	_	_	_	_	_	linguistic	_	none	_	_	_	Fast=0-3(0)	_	_
541-14	TO073	541	541	14	sapeva	sapeva	_	_	_	_	_	linguistic	_	none	_	_	_	Fast=0-6(0)	_	_
541-15	TO073	541	541	15	come	come	_	_	_	_	_	linguistic	_	none	_	_	_	Fast=0-4(0)	_	_
541-16	TO073	541	541	16	dire	dire	_	_	_	_	_	linguistic	_	none	_	_	_	Fast=0-4(0)	_	_
541-17	TO073	541	541	17	a	a	_	_	_	_	_	linguistic	_	none	_	_	_	Fast=0-1(0)	_	_
541-18	TO073	541	541	18	sua	sua	_	_	_	_	_	linguistic	_	none	_	_	_	Fast=0-3(0)	_	_
541-19	TO073	541	541	19	madre	madre	_	_	_	_	_	linguistic	_	none	_	_	_	Fast=0-5(0)	_	_
541-20	TO073	541	541	20	che<	che	_	_	_	_	_	linguistic	_	none	_	End=1735.875	_	Fast=0-3(0)	_	_
542-0	TO071	542	542	0	{ride}	{ride}	_	_	_	_	_	nonverbalbehavior	_	none	_	Begin=1733.733|End=1735.05	_	_	_	_
543-0	TO073	543	543	0	>non	non	_	_	_	_	_	linguistic	_	none	_	Begin=1735.93	_	Fast=0-3(0)	_	_
543-1	TO073	543	543	1	è	è	_	_	_	_	_	linguistic	_	none	_	_	_	Fast=0-1(0)	_	_
543-2	TO073	543	543	2	potuta	potuta	_	_	_	_	_	linguistic	_	none	_	_	_	Fast=0-6(0)	_	_
543-3	TO073	543	543	3	partire	partire	_	_	_	_	_	linguistic	_	none	_	_	_	Fast=0-7(0)	_	_
543-4	TO073	543	543	4	perché	perché	_	_	_	_	_	linguistic	_	none	_	_	_	Fast=0-6(0)	_	_
543-5	TO073	543	543	5	ci	ci	_	_	_	_	_	linguistic	_	none	_	_	_	Fast=0-2(0)	_	_
543-6	TO073	543	543	6	avevano	avevano	_	_	_	_	_	linguistic	_	none	_	_	_	Fast=0-7(0)	_	_
543-7	TO073	543	543	7	fermato	fermato	_	_	_	_	_	linguistic	_	none	_	_	_	Fast=0-7(0)	_	_
543-8	TO073	543	543	8	per<	per	_	_	_	_	_	linguistic	_	none	_	_	_	Fast=0-3(0)	_	_
543-9	TO073	543	543	9	mh	mh	_	_	_	_	_	linguistic	_	none	_	_	_	_	_	_
543-10	TO073	543	543	10	droga	droga	_	_	_	_	_	linguistic	_	none	_	End=1738.83	_	_	_	_
544-0	TO071	544	544	0	{ride}	{ride}	_	_	_	_	_	nonverbalbehavior	_	none	_	Begin=1738.38|End=1739.36	_	_	_	_
545-0	TO073	545	545	0	jack	jack	_	_	_	_	_	linguistic	_	none	_	Begin=1739.128	_	_	_	_
545-1	TO073	545	545	1	imparanoiatissimo	imparanoiatissimo	_	_	_	_	_	linguistic	_	none	PauseAfter=Yes	_	_	_	_	_
545-2	TO073	545	545	2	{P}	{P}	_	_	_	_	_	shortpause	_	none	_	_	_	_	_	_
545-3	TO073	545	545	3	prende	prende	_	_	_	_	_	linguistic	_	none	_	_	_	_	_	_
545-4	TO073	545	545	4	questa	questa	_	_	_	_	_	linguistic	_	none	_	_	_	_	_	_
545-5	TO073	545	545	5	bustina	bustina	_	_	_	_	_	linguistic	_	none	_	_	_	_	_	_
545-6	TO073	545	545	6	>la	la	_	_	_	_	_	linguistic	_	none	_	_	_	Fast=0-2(0)	_	_
545-7	TO073	545	545	7	mette	mette	_	_	_	_	_	linguistic	_	none	_	_	_	Fast=0-5(0)	_	_
545-8	TO073	545	545	8	nelle	nelle	_	_	_	_	_	linguistic	_	none	_	_	_	Fast=0-5(0)	_	_
545-9	TO073	545	545	9	mutande	mutande	_	_	_	_	_	linguistic	_	none	_	_	_	Fast=0-7(0)	_	_
545-10	TO073	545	545	10	perché	perché	_	_	_	_	_	linguistic	_	none	_	_	_	Fast=0-6(0)	_	_
545-11	TO073	545	545	11	non	non	_	_	_	_	_	linguistic	_	none	_	_	_	Fast=0-3(0)	_	_
545-12	TO073	545	545	12	la	la	_	_	_	_	_	linguistic	_	none	_	_	_	Fast=0-2(0)	_	_
545-13	TO073	545	545	13	butta	butta	_	_	_	_	_	linguistic	_	none	_	_	_	Fast=0-5(0)	_	_
545-14	TO073	545	545	14	eh<	eh	_	_	_	_	_	linguistic	_	none	_	End=1743.56	_	Fast=0-2(0)	_	_
546-0	TO073	546	546	0	eh	eh	_	_	_	_	_	linguistic	_	none	_	Begin=1743.799	_	_	_	_
546-1	TO073	546	546	1	ah	ah	_	_	_	_	_	linguistic	_	none	_	_	_	_	_	_
546-2	TO073	546	546	2	ci	ci	_	_	_	_	_	linguistic	_	none	_	_	_	_	_	_
546-3	TO073	546	546	3	affianca	affianca	_	_	_	_	_	linguistic	_	none	_	_	_	_	_	_
546-4	TO073	546	546	4	la	la	_	_	_	_	_	linguistic	_	none	_	_	_	_	_	_
546-5	TO073	546	546	5	polizia	polizia	_	_	_	_	_	linguistic	_	none	PauseAfter=Yes	_	_	_	_	_
546-6	TO073	546	546	6	{P}	{P}	_	_	_	_	_	shortpause	_	none	_	_	_	_	_	_
546-7	TO073	546	546	7	ehm:	ehm	_	_	_	_	_	linguistic	_	none	_	End=1747.126	2x1	_	_	_
547-0	TO073	547	547	0	e	e	_	_	_	_	_	linguistic	_	none	_	Begin=1747.219	_	_	_	_
547-1	TO073	547	547	1	insomma	insomma	_	_	_	_	_	linguistic	_	none	PauseAfter=Yes	_	_	_	_	_
547-2	TO073	547	547	2	{P}	{P}	_	_	_	_	_	shortpause	_	none	_	_	_	_	_	_
547-3	TO073	547	547	3	dede	dede	_	_	_	_	_	linguistic	_	none	_	_	_	_	_	_
547-4	TO073	547	547	4	sbianca	sbianca	_	_	_	_	_	linguistic	_	none	_	_	_	_	_	_
547-5	TO073	547	547	5	sbianca	sbianca	_	_	_	_	_	linguistic	_	none	_	_	_	_	_	_
547-6	TO073	547	547	6	jack	jack	_	_	_	_	_	linguistic	_	none	_	_	_	_	_	_
547-7	TO073	547	547	7	fa	fa	_	_	_	_	_	linguistic	_	none	_	_	_	_	_	_
547-8	TO073	547	547	8	finta	finta	_	_	_	_	_	linguistic	_	none	_	_	_	_	_	_
547-9	TO073	547	547	9	di	di	_	_	_	_	_	linguistic	_	none	_	_	_	_	_	_
547-10	TO073	547	547	10	>di	di	_	_	_	_	_	linguistic	_	none	_	_	_	Fast=0-2(0)	_	_
547-11	TO073	547	547	11	avere	avere	_	_	_	_	_	linguistic	_	none	_	_	_	Fast=0-5(0)	_	_
547-12	TO073	547	547	12	tutto	tutto	_	_	_	_	_	linguistic	_	none	_	_	_	Fast=0-5(0)	_	_
547-13	TO073	547	547	13	sotto	sotto	_	_	_	_	_	linguistic	_	none	_	_	_	Fast=0-5(0)	_	_
547-14	TO073	547	547	14	controllo<	controllo	_	_	_	_	_	linguistic	_	none	_	End=1751.424	_	Fast=0-9(0)	_	_
548-0	TO073	548	548	0	fin	fin	_	_	_	_	_	linguistic	_	none	_	Begin=1751.429	_	_	_	_
548-1	TO073	548	548	1	quando	quando	_	_	_	_	_	linguistic	_	none	_	_	_	_	_	_
548-2	TO073	548	548	2	ci	ci	_	_	_	_	_	linguistic	_	none	_	_	_	_	_	_
548-3	TO073	548	548	3	dice:	dice	_	_	_	_	_	linguistic	_	none	_	_	3x1	_	_	_
548-4	TO073	548	548	4	mh	mh	_	_	_	_	_	linguistic	_	none	PauseAfter=Yes	_	_	_	_	_
548-5	TO073	548	548	5	{P}	{P}	_	_	_	_	_	shortpause	_	none	_	_	_	_	_	_
548-6	TO073	548	548	6	fermatevi	fermatevi	_	_	_	_	_	linguistic	_	none	_	_	_	_	_	_
548-7	TO073	548	548	7	un	un	_	_	_	_	_	linguistic	_	none	_	_	_	_	_	_
548-8	TO073	548	548	8	secondo	secondo	_	_	_	_	_	linguistic	_	none	_	_	_	_	_	_
548-9	TO073	548	548	9	perché	perché	_	_	_	_	_	linguistic	_	none	_	_	_	_	_	_
548-10	TO073	548	548	10	c'	c'	_	_	_	_	_	linguistic	_	none	SpaceAfter=No	_	_	_	_	_
548-11	TO073	548	548	11	è	è	_	_	_	_	_	linguistic	_	none	_	_	_	_	_	_
548-12	TO073	548	548	12	un	un	_	_	_	_	_	linguistic	_	none	_	_	_	_	_	_
548-13	TO073	548	548	13	problema	problema	_	_	_	_	_	linguistic	_	none	_	_	_	_	_	_
548-14	TO073	548	548	14	noi	noi	_	_	_	_	_	linguistic	_	none	_	_	_	_	_	_
548-15	TO073	548	548	15	ovviamente	ovviamente	_	_	_	_	_	linguistic	_	none	_	_	_	_	_	_
548-16	TO073	548	548	16	impanicatissimi	impanicatissimi	_	_	_	_	_	linguistic	_	none	_	_	_	_	_	_
548-17	TO073	548	548	17	morti	morti	_	_	_	_	_	linguistic	_	none	_	_	_	_	_	_
548-18	TO073	548	548	18	tutti	tutti	_	_	_	_	_	linguistic	_	none	_	End=1757.388	_	_	_	_
549-0	TO073	549	549	0	e:h	eh	_	_	_	_	_	linguistic	_	none	_	Begin=1757.561	0x1	_	_	_
549-1	TO073	549	549	1	guardate	guardate	_	_	_	_	_	linguistic	_	none	_	_	_	_	_	_
549-2	TO073	549	549	2	che	che	_	_	_	_	_	linguistic	_	none	_	_	_	_	_	_
549-3	TO073	549	549	3	vi	vi	_	_	_	_	_	linguistic	_	none	_	_	_	_	_	_
549-4	TO073	549	549	4	si	si	_	_	_	_	_	linguistic	_	none	_	_	_	_	_	_
549-5	TO073	549	549	5	è	è	_	_	_	_	_	linguistic	_	none	_	_	_	_	_	_
549-6	TO073	549	549	6	sgonfiato	sgonfiato	_	_	_	_	_	linguistic	_	none	_	_	_	_	_	_
549-7	TO073	549	549	7	il:	il	_	_	_	_	_	linguistic	_	none	_	_	1x1	_	_	_
549-8	TO073	549	549	8	la	la	_	_	_	_	_	linguistic	_	none	_	_	_	_	_	_
549-9	TO073	549	549	9	ruota	ruota	_	_	_	_	_	linguistic	_	none	_	_	_	_	_	_
549-10	TO073	549	549	10	e	e	_	_	_	_	_	linguistic	_	none	_	_	_	_	_	_
549-11	TO073	549	549	11	quindi	quindi	_	_	_	_	_	linguistic	_	none	_	_	_	_	_	_
549-12	TO073	549	549	12	dovete	dovete	_	_	_	_	_	linguistic	_	none	_	_	_	_	_	_
549-13	TO073	549	549	13	andarla	andarla	_	_	_	_	_	linguistic	_	none	_	_	_	_	_	_
549-14	TO073	549	549	14	a	a	_	_	_	_	_	linguistic	_	none	_	_	_	_	_	_
549-15	TO073	549	549	15	gonfiar[e	gonfiare	_	_	_	_	_	linguistic	_	none	PauseAfter=Yes	_	_	_	_	7-8(110)
549-16	TO073	549	549	16	{P}	{P}	_	_	_	_	_	shortpause	_	none	_	_	_	_	_	0-3(110)
549-17	TO073	549	549	17	perché	perché	_	_	_	_	_	linguistic	_	none	_	_	_	_	_	0-6(110)
549-18	TO073	549	549	18	altri]menti	altrimenti	_	_	_	_	_	linguistic	_	none	_	_	_	_	_	0-5(110)
549-19	TO073	549	549	19	non	non	_	_	_	_	_	linguistic	_	none	_	_	_	_	_	_
549-20	TO073	549	549	20	potete	potete	_	_	_	_	_	linguistic	_	none	_	_	_	_	_	_
549-21	TO073	549	549	21	cé	cé	_	_	_	_	_	linguistic	_	none	_	_	_	_	_	_
549-22	TO073	549	549	22	n~	n~	_	_	_	_	_	linguistic	_	none	Interrupted=Yes	_	_	_	_	_
549-23	TO073	549	549	23	non	non	_	_	_	_	_	linguistic	_	none	_	_	_	_	_	_
549-24	TO073	549	549	24	non	non	_	_	_	_	_	linguistic	_	none	_	_	_	_	_	_
549-25	TO073	549	549	25	potete	potete	_	_	_	_	_	linguistic	_	none	_	_	_	_	_	_
549-26	TO073	549	549	26	circolare.	circolare	_	_	_	_	_	linguistic	_	none	Intonation=Falling	End=1764.641	_	_	_	_
550-0	TO071	550	550	0	[nah]	nah	_	_	_	_	_	linguistic	_	none	_	Begin=1761.57|End=1762.299	_	_	_	0-3(110)
551-0	TO073	551	551	0	quindi	quindi	_	_	_	_	_	linguistic	_	none	_	Begin=1764.868	_	_	_	_
551-1	TO073	551	551	1	eh	eh	_	_	_	_	_	linguistic	_	none	_	_	_	_	_	_
551-2	TO073	551	551	2	questo	questo	_	_	_	_	_	linguistic	_	none	_	_	_	_	_	_
551-3	TO073	551	551	3	momento	momento	_	_	_	_	_	linguistic	_	none	_	_	_	_	_	_
551-4	TO073	551	551	4	di	di	_	_	_	_	_	linguistic	_	none	_	_	_	_	_	_
551-5	TO073	551	551	5	di	di	_	_	_	_	_	linguistic	_	none	_	_	_	_	_	_
551-6	TO073	551	551	6	panico	panico	_	_	_	_	_	linguistic	_	none	_	_	_	_	_	_
551-7	TO073	551	551	7	è	è	_	_	_	_	_	linguistic	_	none	_	_	_	_	_	_
551-8	TO073	551	551	8	sceso	sceso	_	_	_	_	_	linguistic	_	none	_	_	_	_	_	_
551-9	TO073	551	551	9	totalmente	totalmente	_	_	_	_	_	linguistic	_	none	_	End=1768.462	_	_	_	_
552-0	TO071	552	552	0	{ride}	{ride}	_	_	_	_	_	nonverbalbehavior	_	none	_	Begin=1767.635|End=1768.46	_	_	_	_
553-0	TO073	553	553	0	>jack	jack	_	_	_	_	_	linguistic	_	none	_	Begin=1768.585	_	Fast=0-4(0)	_	_
553-1	TO073	553	553	1	ovviamente<	ovviamente	_	_	_	_	_	linguistic	_	none	_	End=1769.879	_	Fast=0-10(0)	_	_
554-0	TO073	554	554	0	(aveva)	aveva	_	_	_	_	_	linguistic	_	none	_	Begin=1769.964	_	_	0-5(0)	_
554-1	TO073	554	554	1	mh	mh	_	_	_	_	_	linguistic	_	none	_	_	_	_	_	_
554-2	TO073	554	554	2	ha	ha	_	_	_	_	_	linguistic	_	none	_	_	_	_	_	_
554-3	TO073	554	554	3	usato	usato	_	_	_	_	_	linguistic	_	none	_	_	_	_	_	_
554-4	TO073	554	554	4	delle	delle	_	_	_	_	_	linguistic	_	none	_	_	_	_	_	_
554-5	TO073	554	554	5	espressioni	espressioni	_	_	_	_	_	linguistic	_	none	_	_	_	_	_	_
554-6	TO073	554	554	6	molto	molto	_	_	_	_	_	linguistic	_	none	_	_	_	_	_	_
554-7	TO073	554	554	7	colorite	colorite	_	_	_	_	_	linguistic	_	none	_	_	_	_	_	_
554-8	TO073	554	554	8	per	per	_	_	_	_	_	linguistic	_	none	_	End=1773.27	_	_	_	_
555-0	TO073	555	555	0	mandare	mandare	_	_	_	_	_	linguistic	_	none	_	Begin=1773.352	_	_	_	_
555-1	TO073	555	555	1	a	a	_	_	_	_	_	linguistic	_	none	_	_	_	_	_	_
555-2	TO073	555	555	2	fanculo	fanculo	_	_	_	_	_	linguistic	_	none	PauseAfter=Yes	_	_	_	_	_
555-3	TO073	555	555	3	{P}	{P}	_	_	_	_	_	shortpause	_	none	_	_	_	_	_	_
555-4	TO073	555	555	4	i:	i	_	_	_	_	_	linguistic	_	none	PauseAfter=Yes	_	0x1	_	_	_
555-5	TO073	555	555	5	{P}	{P}	_	_	_	_	_	shortpause	_	none	_	_	_	_	_	_
555-6	TO073	555	555	6	[i	i	_	_	_	_	_	linguistic	_	none	_	_	_	_	_	0-1(111)
555-7	TO073	555	555	7	poli]ziotti	poliziotti	_	_	_	_	_	linguistic	_	none	_	_	_	_	_	0-4(111)
555-8	TO073	555	555	8	nel	nel	_	_	_	_	_	linguistic	_	none	_	_	_	_	_	_
555-9	TO073	555	555	9	momento	momento	_	_	_	_	_	linguistic	_	none	_	_	_	_	_	_
555-10	TO073	555	555	10	appun[to	appunto	_	_	_	_	_	linguistic	_	none	_	_	_	_	_	5-7(112)
555-11	TO073	555	555	11	che]	che	_	_	_	_	_	linguistic	_	none	_	End=1777.34	_	_	_	0-3(112)
556-0	TO071	556	556	0	[i	i	_	_	_	_	_	linguistic	_	none	_	Begin=1775.334	_	_	_	0-1(111)
556-1	TO071	556	556	1	poli~]	poli~	_	_	_	_	_	linguistic	_	none	Interrupted=Yes	End=1775.85	_	_	_	0-5(111)
557-0	TO071	557	557	0	[ma	ma	_	_	_	_	_	linguistic	_	none	_	Begin=1776.82	_	_	_	0-2(112)
557-1	TO071	557	557	1	dopo]	dopo	_	_	_	_	_	linguistic	_	none	_	_	_	_	_	0-4(112)
557-2	TO071	557	557	2	che	che	_	_	_	_	_	linguistic	_	none	_	_	_	_	_	_
557-3	TO071	557	557	3	se	se	_	_	_	_	_	linguistic	_	none	_	_	_	_	_	_
557-4	TO071	557	557	4	n'	n'	_	_	_	_	_	linguistic	_	none	SpaceAfter=No	_	_	_	_	_
557-5	TO071	557	557	5	erano	erano	_	_	_	_	_	linguistic	_	none	_	_	_	_	_	_
557-6	TO071	557	557	6	andati	andati	_	_	_	_	_	linguistic	_	none	_	_	_	_	_	_
557-7	TO071	557	557	7	[suppongo]	suppongo	_	_	_	_	_	linguistic	_	none	_	End=1778.85	_	_	_	0-8(113)
558-0	TO073	558	558	0	[chiaramente].	chiaramente	_	_	_	_	_	linguistic	_	none	Intonation=Falling	Begin=1778.017|End=1778.85	_	_	_	0-11(113)
559-0	TO073	559	559	0	chiaramente	chiaramente	_	_	_	_	_	linguistic	_	none	PauseAfter=Yes	Begin=1779.07	_	_	_	_
559-1	TO073	559	559	1	{P}	{P}	_	_	_	_	_	shortpause	_	none	_	_	_	_	_	_
559-2	TO073	559	559	2	eh	eh	_	_	_	_	_	linguistic	_	none	_	_	_	_	_	_
559-3	TO073	559	559	3	perché	perché	_	_	_	_	_	linguistic	_	none	_	_	_	_	_	_
559-4	TO073	559	559	4	avevamo	avevamo	_	_	_	_	_	linguistic	_	none	_	_	_	_	_	_
559-5	TO073	559	559	5	perso	perso	_	_	_	_	_	linguistic	_	none	_	_	_	_	_	_
559-6	TO073	559	559	6	tutti	tutti	_	_	_	_	_	linguistic	_	none	_	_	_	_	_	_
559-7	TO073	559	559	7	dieci	dieci	_	_	_	_	_	linguistic	_	none	_	_	_	_	_	_
559-8	TO073	559	559	8	anni	anni	_	_	_	_	_	linguistic	_	none	_	_	_	_	_	_
559-9	TO073	559	559	9	di	di	_	_	_	_	_	linguistic	_	none	_	_	_	_	_	_
559-10	TO073	559	559	10	vita	vita	_	_	_	_	_	linguistic	_	none	_	_	_	_	_	_
559-11	TO073	559	559	11	dede	dede	_	_	_	_	_	linguistic	_	none	PauseAfter=Yes	_	_	_	_	_
559-12	TO073	559	559	12	{P}	{P}	_	_	_	_	_	shortpause	_	none	_	_	_	_	_	_
559-13	TO073	559	559	13	venti	venti	_	_	_	_	_	linguistic	_	none	_	_	_	_	_	_
559-14	TO073	559	559	14	perché	perché	_	_	_	_	_	linguistic	_	none	_	_	_	_	_	_
559-15	TO073	559	559	15	lei	lei	_	_	_	_	_	linguistic	_	none	_	_	_	_	_	_
559-16	TO073	559	559	16	era	era	_	_	_	_	_	linguistic	_	none	_	_	_	_	_	_
559-17	TO073	559	559	17	alla	alla	_	_	_	_	_	linguistic	_	none	_	_	_	_	_	_
559-18	TO073	559	559	18	guida	guida	_	_	_	_	_	linguistic	_	none	_	End=1784.208	_	_	_	_
560-0	TO071	560	560	0	{ride}	{ride}	_	_	_	_	_	nonverbalbehavior	_	none	_	Begin=1783.113|End=1784.2	_	_	_	_
561-0	TO073	561	561	0	e	e	_	_	_	_	_	linguistic	_	none	_	Begin=1784.252	_	_	_	_
561-1	TO073	561	561	1	quindi	quindi	_	_	_	_	_	linguistic	_	none	_	_	_	_	_	_
561-2	TO073	561	561	2	poi	poi	_	_	_	_	_	linguistic	_	none	PauseAfter=Yes	_	_	_	_	_
561-3	TO073	561	561	3	{P}	{P}	_	_	_	_	_	shortpause	_	none	_	_	_	_	_	_
561-4	TO073	561	561	4	c'	c'	_	_	_	_	_	linguistic	_	none	SpaceAfter=No	_	_	_	_	_
561-5	TO073	561	561	5	hanno	hanno	_	_	_	_	_	linguistic	_	none	_	_	_	_	_	_
561-6	TO073	561	561	6	accompagnato	accompagnato	_	_	_	_	_	linguistic	_	none	_	_	_	_	_	_
561-7	TO073	561	561	7	ah	ah	_	_	_	_	_	linguistic	_	none	_	_	_	_	_	_
561-8	TO073	561	561	8	ecco	ecco	_	_	_	_	_	linguistic	_	none	_	_	_	_	_	_
561-9	TO073	561	561	9	sì	sì	_	_	_	_	_	linguistic	_	none	_	_	_	_	_	_
561-10	TO073	561	561	10	perché	perché	_	_	_	_	_	linguistic	_	none	_	_	_	_	_	_
561-11	TO073	561	561	11	poi	poi	_	_	_	_	_	linguistic	_	none	_	_	_	_	_	_
561-12	TO073	561	561	12	c'	c'	_	_	_	_	_	linguistic	_	none	SpaceAfter=No	_	_	_	_	_
561-13	TO073	561	561	13	hanno	hanno	_	_	_	_	_	linguistic	_	none	_	_	_	_	_	_
561-14	TO073	561	561	14	accompagnato	accompagnato	_	_	_	_	_	linguistic	_	none	_	_	_	_	_	_
561-15	TO073	561	561	15	fino	fino	_	_	_	_	_	linguistic	_	none	_	_	_	_	_	_
561-16	TO073	561	561	16	a[l:	al	_	_	_	_	_	linguistic	_	none	PauseAfter=Yes	_	1x1	_	_	0-2(114)
561-17	TO073	561	561	17	{P}	{P}	_	_	_	_	_	shortpause	_	none	_	_	_	_	_	0-3(114)
561-18	TO073	561	561	18	al]:	al	_	_	_	_	_	linguistic	_	none	_	_	1x1	_	_	0-1(114)
561-19	TO073	561	561	19	m:h	mh	_	_	_	_	_	linguistic	_	none	_	End=1790.055	0x1	_	_	_
562-0	TO071	562	562	0	[ma	ma	_	_	_	_	_	linguistic	_	none	_	Begin=1787.633	_	_	_	0-2(114)
562-1	TO071	562	562	1	te	te	_	_	_	_	_	linguistic	_	none	_	_	_	_	_	0-2(114)
562-2	TO071	562	562	2	pensa]	pensa	_	_	_	_	_	linguistic	_	none	_	End=1788.98	_	_	_	0-5(114)
563-0	TO073	563	563	0	al	al	_	_	_	_	_	linguistic	_	none	PauseAfter=Yes	Begin=1790.055	_	_	_	_
563-1	TO073	563	563	1	{P}	{P}	_	_	_	_	_	shortpause	_	none	_	_	_	_	_	_
563-2	TO073	563	563	2	tipo	tipo	_	_	_	_	_	linguistic	_	none	PauseAfter=Yes	_	_	_	_	_
563-3	TO073	563	563	3	{P}	{P}	_	_	_	_	_	shortpause	_	none	_	_	_	_	_	_
563-4	TO073	563	563	4	distributore	distributore	_	_	_	_	_	linguistic	_	none	_	_	_	_	_	_
563-5	TO073	563	563	5	di	di	_	_	_	_	_	linguistic	_	none	_	_	_	_	_	_
563-6	TO073	563	563	6	benzina	benzina	_	_	_	_	_	linguistic	_	none	_	_	_	_	_	_
563-7	TO073	563	563	7	che	che	_	_	_	_	_	linguistic	_	none	_	_	_	_	_	_
563-8	TO073	563	563	8	aveva	aveva	_	_	_	_	_	linguistic	_	none	_	_	_	_	_	_
563-9	TO073	563	563	9	anche	anche	_	_	_	_	_	linguistic	_	none	_	_	_	_	_	_
563-10	TO073	563	563	10	un	un	_	_	_	_	_	linguistic	_	none	_	End=1793.369	_	_	_	_
564-0	TO073	564	564	0	una	una	_	_	_	_	_	linguistic	_	none	_	Begin=1793.438	_	_	_	_
564-1	TO073	564	564	1	pompa	pompa	_	_	_	_	_	linguistic	_	none	_	_	_	_	_	_
564-2	TO073	564	564	2	per	per	_	_	_	_	_	linguistic	_	none	_	_	_	_	_	_
564-3	TO073	564	564	3	gonfiare	gonfiare	_	_	_	_	_	linguistic	_	none	_	_	_	_	_	_
564-4	TO073	564	564	4	le	le	_	_	_	_	_	linguistic	_	none	_	_	_	_	_	_
564-5	TO073	564	564	5	gomme	gomme	_	_	_	_	_	linguistic	_	none	_	End=1794.92	_	_	_	_
565-0	TO073	565	565	0	e	e	_	_	_	_	_	linguistic	_	none	_	Begin=1794.957	_	_	_	_
565-1	TO073	565	565	1	poi	poi	_	_	_	_	_	linguistic	_	none	_	_	_	_	_	_
565-2	TO073	565	565	2	c'	c'	_	_	_	_	_	linguistic	_	none	SpaceAfter=No	_	_	_	_	_
565-3	TO073	565	565	3	hanno	hanno	_	_	_	_	_	linguistic	_	none	_	_	_	_	_	_
565-4	TO073	565	565	4	>scortato	scortato	_	_	_	_	_	linguistic	_	none	_	_	_	Fast=0-8(0)	_	_
565-5	TO073	565	565	5	ancora	ancora	_	_	_	_	_	linguistic	_	none	_	_	_	Fast=0-6(0)	_	_
565-6	TO073	565	565	6	un	un	_	_	_	_	_	linguistic	_	none	_	_	_	Fast=0-2(0)	_	_
565-7	TO073	565	565	7	pezzo	pezzo	_	_	_	_	_	linguistic	_	none	_	_	_	Fast=0-5(0)	_	_
565-8	TO073	565	565	8	e	e	_	_	_	_	_	linguistic	_	none	_	_	_	Fast=0-1(0)	_	_
565-9	TO073	565	565	9	poi	poi	_	_	_	_	_	linguistic	_	none	_	_	_	Fast=0-3(0)	_	_
565-10	TO073	565	565	10	c'	c'	_	_	_	_	_	linguistic	_	none	SpaceAfter=No	_	_	Fast=0-2(0)	_	_
565-11	TO073	565	565	11	hanno	hanno	_	_	_	_	_	linguistic	_	none	_	_	_	Fast=0-5(0)	_	_
565-12	TO073	565	565	12	lasciato	lasciato	_	_	_	_	_	linguistic	_	none	_	_	_	Fast=0-8(0)	_	_
565-13	TO073	565	565	13	andare	andare	_	_	_	_	_	linguistic	_	none	_	_	_	Fast=0-6(0)	_	_
565-14	TO073	565	565	14	quindi	quindi	_	_	_	_	_	linguistic	_	none	_	_	_	Fast=0-6(0)	_	_
565-15	TO073	565	565	15	questo	questo	_	_	_	_	_	linguistic	_	none	_	_	_	Fast=0-6(0)	_	_
565-16	TO073	565	565	16	è	è	_	_	_	_	_	linguistic	_	none	_	_	_	Fast=0-1(0)	_	_
565-17	TO073	565	565	17	stato	stato	_	_	_	_	_	linguistic	_	none	_	_	_	Fast=0-5(0)	_	_
565-18	TO073	565	565	18	molto	molto	_	_	_	_	_	linguistic	_	none	_	_	_	Fast=0-5(0)	_	_
565-19	TO073	565	565	19	divertente	divertente	_	_	_	_	_	linguistic	_	none	_	_	_	Fast=0-10(0)	_	_
565-20	TO073	565	565	20	ma	ma	_	_	_	_	_	linguistic	_	none	_	_	_	Fast=0-2(0)	_	_
565-21	TO073	565	565	21	ce	ce	_	_	_	_	_	linguistic	_	none	_	_	_	Fast=0-2(0)	_	_
565-22	TO073	565	565	22	ne	ne	_	_	_	_	_	linguistic	_	none	_	_	_	Fast=0-2(0)	_	_
565-23	TO073	565	565	23	sarebbe	sarebbe	_	_	_	_	_	linguistic	_	none	_	_	_	Fast=0-7(0)	_	_
565-24	TO073	565	565	24	altri	altri	_	_	_	_	_	linguistic	_	none	_	_	_	Fast=0-5(0)	_	_
565-25	TO073	565	565	25	settemila	settemila	_	_	_	_	_	linguistic	_	none	_	_	_	Fast=0-9(0)	_	_
565-26	TO073	565	565	26	tipo<	tipo	_	_	_	_	_	linguistic	_	none	_	End=1800.373	_	Fast=0-3(0)	_	_
566-0	TO071	566	566	0	{ride}	{ride}	_	_	_	_	_	nonverbalbehavior	_	none	_	Begin=1797.273|End=1798.759	_	_	_	_
567-0	TO073	567	567	0	quando	quando	_	_	_	_	_	linguistic	_	none	_	Begin=1800.462	_	_	_	_
567-1	TO073	567	567	1	abbiamo	abbiamo	_	_	_	_	_	linguistic	_	none	_	_	_	_	_	_
567-2	TO073	567	567	2	fatto	fatto	_	_	_	_	_	linguistic	_	none	_	_	_	_	_	_
567-3	TO073	567	567	3	il	il	_	_	_	_	_	linguistic	_	none	_	_	_	_	_	_
567-4	TO073	567	567	4	compleanno	compleanno	_	_	_	_	_	linguistic	_	none	_	_	_	_	_	_
567-5	TO073	567	567	5	di	di	_	_	_	_	_	linguistic	_	none	_	_	_	_	_	_
567-6	TO073	567	567	6	jack	jack	_	_	_	_	_	linguistic	_	none	_	_	_	_	_	_
567-7	TO073	567	567	7	tutti	tutti	_	_	_	_	_	linguistic	_	none	_	_	_	_	_	_
567-8	TO073	567	567	8	con	con	_	_	_	_	_	linguistic	_	none	_	_	_	_	_	_
567-9	TO073	567	567	9	la	la	_	_	_	_	_	linguistic	_	none	_	_	_	_	_	_
567-10	TO073	567	567	10	maschera	maschera	_	_	_	_	_	linguistic	_	none	_	_	_	_	_	_
567-11	TO073	567	567	11	di	di	_	_	_	_	_	linguistic	_	none	_	_	_	_	_	_
567-12	TO073	567	567	12	[jack	jack	_	_	_	_	_	linguistic	_	none	_	_	_	_	_	0-4(115)
567-13	TO073	567	567	13	eh	eh	_	_	_	_	_	linguistic	_	none	_	_	_	_	_	0-2(115)
567-14	TO073	567	567	14	addosso]	addosso	_	_	_	_	_	linguistic	_	none	_	End=1804.11	_	_	_	0-7(115)
568-0	TO071	568	568	0	[sì	sì	_	_	_	_	_	linguistic	_	none	PauseAfter=Yes	Begin=1802.843	_	_	_	0-2(115)
568-1	TO071	568	568	1	{P}	{P}	_	_	_	_	_	shortpause	_	none	_	_	_	_	_	0-3(115)
568-2	TO071	568	568	2	anch'	anch'	_	_	_	_	_	linguistic	_	none	SpaceAfter=No	_	_	_	_	0-5(115)
568-3	TO071	568	568	3	io]	io	_	_	_	_	_	linguistic	_	none	_	_	_	_	_	0-2(115)
568-4	TO071	568	568	4	ho	ho	_	_	_	_	_	linguistic	_	none	_	_	_	_	_	_
568-5	TO071	568	568	5	una	una	_	_	_	_	_	linguistic	_	none	_	_	_	_	_	_
568-6	TO071	568	568	6	maschera	maschera	_	_	_	_	_	linguistic	_	none	_	_	_	_	_	_
568-7	TO071	568	568	7	di	di	_	_	_	_	_	linguistic	_	none	_	_	_	_	_	_
568-8	TO071	568	568	8	quelle	quelle	_	_	_	_	_	linguistic	_	none	PauseAfter=Yes	_	_	_	_	_
568-9	TO071	568	568	9	{P}	{P}	_	_	_	_	_	shortpause	_	none	_	_	_	_	_	_
568-10	TO071	568	568	10	[di:]	di	_	_	_	_	_	linguistic	_	none	_	End=1806.22	1x1	_	_	0-2(116)
569-0	TO073	569	569	0	[anch'	anch'	_	_	_	_	_	linguistic	_	none	SpaceAfter=No	Begin=1805.32	_	_	_	0-5(116)
569-1	TO073	569	569	1	io	io	_	_	_	_	_	linguistic	_	none	_	_	_	_	_	0-2(116)
569-2	TO073	569	569	2	ce	ce	_	_	_	_	_	linguistic	_	none	_	_	_	_	_	0-2(116)
569-3	TO073	569	569	3	l'	l'	_	_	_	_	_	linguistic	_	none	SpaceAfter=No	_	_	_	_	0-2(116)
569-4	TO073	569	569	4	ho	ho	_	_	_	_	_	linguistic	_	none	_	_	_	_	_	0-2(116)
569-5	TO073	569	569	5	in	in	_	_	_	_	_	linguistic	_	none	_	_	_	_	_	0-2(116)
569-6	TO073	569	569	6	cam]era	camera	_	_	_	_	_	linguistic	_	none	PauseAfter=Yes	_	_	_	_	0-2(116)
569-7	TO073	569	569	7	{P}	{P}	_	_	_	_	_	shortpause	_	none	_	_	_	_	_	_
569-8	TO073	569	569	8	appesa	appesa	_	_	_	_	_	linguistic	_	none	_	_	_	_	_	_
569-9	TO073	569	569	9	ed	ed	_	_	_	_	_	linguistic	_	none	_	_	_	_	_	_
569-10	TO073	569	569	10	è	è	_	_	_	_	_	linguistic	_	none	_	_	_	_	_	_
569-11	TO073	569	569	11	bellissima	bellissima	_	_	_	_	_	linguistic	_	none	_	End=1807.698	_	_	_	_
570-0	TO073	570	570	0	oppure	oppure	_	_	_	_	_	linguistic	_	none	_	Begin=1807.728	_	_	_	_
570-1	TO073	570	570	1	quando:	quando	_	_	_	_	_	linguistic	_	none	_	End=1809.504	5x1	_	_	_
571-0	TO073	571	571	0	egi:	egi	_	_	_	_	_	linguistic	_	none	_	Begin=1810.04|End=1810.946	2x1	_	_	_
572-0	TO073	572	572	0	ehm	ehm	_	_	_	_	_	linguistic	_	none	_	Begin=1812.316|End=1813.155	_	_	_	_
573-0	TO073	573	573	0	[(vabbè	vabbè	_	_	_	_	_	linguistic	_	none	_	Begin=1813.491	_	_	0-5(0)	0-5(117)
573-1	TO073	573	573	1	poi	poi	_	_	_	_	_	linguistic	_	none	_	_	_	_	0-3(0)	0-3(117)
573-2	TO073	573	573	2	lo	lo	_	_	_	_	_	linguistic	_	none	_	_	_	_	0-2(0)	0-2(117)
573-3	TO073	573	573	3	saluto)]	saluto	_	_	_	_	_	linguistic	_	none	_	End=1814.614	_	_	0-6(0)	0-6(117)
574-0	TO071	574	574	0	[(non	non	_	_	_	_	_	linguistic	_	none	_	Begin=1813.491	_	_	0-3(0)	0-3(117)
574-1	TO071	574	574	1	ti	ti	_	_	_	_	_	linguistic	_	none	_	_	_	_	0-2(0)	0-2(117)
574-2	TO071	574	574	2	ha	ha	_	_	_	_	_	linguistic	_	none	_	_	_	_	0-2(0)	0-2(117)
574-3	TO071	574	574	3	riconosciuto)]	riconosciuto	_	_	_	_	_	linguistic	_	none	_	_	_	_	0-12(0)	0-12(117)
574-4	TO071	574	574	4	{sussurrando}	{sussurrando}	_	_	_	_	_	nonverbalbehavior	_	none	_	End=1814.614	_	_	_	_
575-0	TO073	575	575	0	ehm::	ehm	_	_	_	_	_	linguistic	_	none	_	Begin=1814.63|End=1816.408	2x2	_	_	_
576-0	TO073	576	576	0	oppure	oppure	_	_	_	_	_	linguistic	_	none	_	Begin=1816.672	_	_	_	_
576-1	TO073	576	576	1	quando:	quando	_	_	_	_	_	linguistic	_	none	ProsodicLink=Yes	_	5x1	_	_	_
576-2	TO073	576	576	2	mh	mh	_	_	_	_	_	linguistic	_	none	_	End=1818.606	_	_	_	_
577-0	TO073	577	577	0	ah	ah	_	_	_	_	_	linguistic	_	none	_	Begin=1818.848	_	_	_	_
577-1	TO073	577	577	1	>doveva	doveva	_	_	_	_	_	linguistic	_	none	_	_	_	Fast=0-6(0)	_	_
577-2	TO073	577	577	2	essere	essere	_	_	_	_	_	linguistic	_	none	_	_	_	Fast=0-6(0)	_	_
577-3	TO073	577	577	3	una	una	_	_	_	_	_	linguistic	_	none	_	_	_	Fast=0-3(0)	_	_
577-4	TO073	577	577	4	sorpresa	sorpresa	_	_	_	_	_	linguistic	_	none	_	_	_	Fast=0-8(0)	_	_
577-5	TO073	577	577	5	la	la	_	_	_	_	_	linguistic	_	none	_	_	_	Fast=0-2(0)	_	_
577-6	TO073	577	577	6	sua	sua	_	_	_	_	_	linguistic	_	none	_	_	_	Fast=0-3(0)	_	_
577-7	TO073	577	577	7	festa	festa	_	_	_	_	_	linguistic	_	none	_	_	_	Fast=0-5(0)	_	_
577-8	TO073	577	577	8	di	di	_	_	_	_	_	linguistic	_	none	_	_	_	Fast=0-2(0)	_	_
577-9	TO073	577	577	9	compleanno	compleanno	_	_	_	_	_	linguistic	_	none	_	_	_	Fast=0-10(0)	_	_
577-10	TO073	577	577	10	lui	lui	_	_	_	_	_	linguistic	_	none	_	_	_	Fast=0-3(0)	_	_
577-11	TO073	577	577	11	l'	l'	_	_	_	_	_	linguistic	_	none	SpaceAfter=No	_	_	Fast=0-2(0)	_	_
577-12	TO073	577	577	12	ha	ha	_	_	_	_	_	linguistic	_	none	_	_	_	Fast=0-2(0)	_	_
577-13	TO073	577	577	13	saputo	saputo	_	_	_	_	_	linguistic	_	none	_	_	_	Fast=0-6(0)	_	_
577-14	TO073	577	577	14	e	e	_	_	_	_	_	linguistic	_	none	_	_	_	Fast=0-1(0)	_	_
577-15	TO073	577	577	15	l'	l'	_	_	_	_	_	linguistic	_	none	SpaceAfter=No	_	_	Fast=0-2(0)	_	_
577-16	TO073	577	577	16	ha<	ha	_	_	_	_	_	linguistic	_	none	PauseAfter=Yes	_	_	Fast=0-1(0)	_	_
577-17	TO073	577	577	17	{P}	{P}	_	_	_	_	_	shortpause	_	none	_	_	_	_	_	_
577-18	TO073	577	577	18	spoilerato	spoilerato	_	_	_	_	_	linguistic	_	none	_	_	_	_	_	_
577-19	TO073	577	577	19	a	a	_	_	_	_	_	linguistic	_	none	_	_	_	_	_	_
577-20	TO073	577	577	20	se	se	_	_	_	_	_	linguistic	_	none	_	_	_	_	_	_
577-21	TO073	577	577	21	stesso	stesso	_	_	_	_	_	linguistic	_	none	_	_	_	_	_	_
577-22	TO073	577	577	22	e	e	_	_	_	_	_	linguistic	_	none	_	_	_	_	_	_
577-23	TO073	577	577	23	a	a	_	_	_	_	_	linguistic	_	none	_	_	_	_	_	_
577-24	TO073	577	577	24	dede	dede	_	_	_	_	_	linguistic	_	none	_	_	_	_	_	3-4(118)
577-25	TO073	577	577	25	[insieme]	insieme	_	_	_	_	_	linguistic	_	none	_	End=1824.336	_	_	_	0-6(118)
578-0	TO071	578	578	0	[mh	mh	_	_	_	_	_	linguistic	_	none	_	Begin=1823.561	_	_	_	0-2(118)
578-1	TO071	578	578	1	mh]	mh	_	_	_	_	_	linguistic	_	none	_	End=1824.333	_	_	_	0-2(118)
579-0	TO073	579	579	0	sì	sì	_	_	_	_	_	linguistic	_	none	_	Begin=1824.405	_	_	_	_
579-1	TO073	579	579	1	non	non	_	_	_	_	_	linguistic	_	none	_	_	_	_	_	_
579-2	TO073	579	579	2	so	so	_	_	_	_	_	linguistic	_	none	_	_	_	_	_	_
579-3	TO073	579	579	3	un	un	_	_	_	_	_	linguistic	_	none	_	_	_	_	_	_
579-4	TO073	579	579	4	po'	po'	_	_	_	_	_	linguistic	_	none	_	_	_	_	_	_
579-5	TO073	579	579	5	un	un	_	_	_	_	_	linguistic	_	none	_	_	_	_	_	_
579-6	TO073	579	579	6	po'	po'	_	_	_	_	_	linguistic	_	none	_	_	_	_	_	_
579-7	TO073	579	579	7	di	di	_	_	_	_	_	linguistic	_	none	_	_	_	_	_	_
579-8	TO073	579	579	8	cose	cose	_	_	_	_	_	linguistic	_	none	_	_	_	_	_	_
579-9	TO073	579	579	9	ho	ho	_	_	_	_	_	linguistic	_	none	_	_	_	_	_	_
579-10	TO073	579	579	10	vissuto	vissuto	_	_	_	_	_	linguistic	_	none	_	_	_	_	_	_
579-11	TO073	579	579	11	con	con	_	_	_	_	_	linguistic	_	none	_	_	_	_	_	_
579-12	TO073	579	579	12	jack	jack	_	_	_	_	_	linguistic	_	none	_	_	_	_	_	_
579-13	TO073	579	579	13	o	o	_	_	_	_	_	linguistic	_	none	_	_	_	_	_	_
579-14	TO073	579	579	14	quando	quando	_	_	_	_	_	linguistic	_	none	_	_	_	_	_	_
579-15	TO073	579	579	15	v~	v~	_	_	_	_	_	linguistic	_	none	Interrupted=Yes	_	_	_	_	_
579-16	TO073	579	579	16	>gli	gli	_	_	_	_	_	linguistic	_	none	_	_	_	Fast=0-3(0)	_	_
579-17	TO073	579	579	17	ho	ho	_	_	_	_	_	linguistic	_	none	_	_	_	Fast=0-2(0)	_	_
579-18	TO073	579	579	18	chiesto	chiesto	_	_	_	_	_	linguistic	_	none	_	_	_	Fast=0-7(0)	_	_
579-19	TO073	579	579	19	di	di	_	_	_	_	_	linguistic	_	none	_	_	_	Fast=0-2(0)	_	_
579-20	TO073	579	579	20	insegnarmi	insegnarmi	_	_	_	_	_	linguistic	_	none	_	_	_	Fast=0-10(0)	_	_
579-21	TO073	579	579	21	a	a	_	_	_	_	_	linguistic	_	none	_	_	_	Fast=0-1(0)	_	_
579-22	TO073	579	579	22	rubare	rubare	_	_	_	_	_	linguistic	_	none	_	_	_	Fast=0-6(0)	_	_
579-23	TO073	579	579	23	e	e	_	_	_	_	_	linguistic	_	none	_	_	_	Fast=0-1(0)	_	_
579-24	TO073	579	579	24	lui	lui	_	_	_	_	_	linguistic	_	none	_	_	_	Fast=0-3(0)	_	_
579-25	TO073	579	579	25	si	si	_	_	_	_	_	linguistic	_	none	_	_	_	Fast=0-2(0)	_	_
579-26	TO073	579	579	26	è	è	_	_	_	_	_	linguistic	_	none	_	_	_	Fast=0-1(0)	_	_
579-27	TO073	579	579	27	rifiutato<	rifiutato	_	_	_	_	_	linguistic	_	none	_	End=1829.79	_	Fast=0-9(0)	_	_
580-0	TO071	580	580	0	{ride}	{ride}	_	_	_	_	_	nonverbalbehavior	_	none	_	Begin=1828.731|End=1829.795	_	_	_	_
581-0	TO071	581	581	0	cioè	cioè	_	_	_	_	_	linguistic	_	none	_	Begin=1830.062	_	_	_	_
581-1	TO071	581	581	1	non	non	_	_	_	_	_	linguistic	_	none	_	_	_	_	_	_
581-2	TO071	581	581	2	è	è	_	_	_	_	_	linguistic	_	none	_	_	_	_	_	_
581-3	TO071	581	581	3	che	che	_	_	_	_	_	linguistic	_	none	_	_	_	_	_	_
581-4	TO071	581	581	4	sia	sia	_	_	_	_	_	linguistic	_	none	_	_	_	_	_	_
581-5	TO071	581	581	5	proprio	proprio	_	_	_	_	_	linguistic	_	none	_	_	_	_	_	_
581-6	TO071	581	581	6	un:	un	_	_	_	_	_	linguistic	_	none	_	_	1x1	_	_	_
581-7	TO071	581	581	7	un	un	_	_	_	_	_	linguistic	_	none	_	_	_	_	_	_
581-8	TO071	581	581	8	mago	mago	_	_	_	_	_	linguistic	_	none	_	_	_	_	_	_
581-9	TO071	581	581	9	d~	d~	_	_	_	_	_	linguistic	_	none	Interrupted=Yes	_	_	_	_	_
581-10	TO071	581	581	10	{ride}	{ride}	_	_	_	_	_	nonverbalbehavior	_	none	PauseAfter=Yes	_	_	_	_	_
581-11	TO071	581	581	11	{P}	{P}	_	_	_	_	_	shortpause	_	none	_	_	_	_	_	_
581-12	TO071	581	581	12	[del	del	_	_	_	_	_	linguistic	_	none	_	_	_	_	_	0-3(119)
581-13	TO071	581	581	13	furto	furto	_	_	_	_	_	linguistic	_	none	_	_	_	_	_	0-5(119)
581-14	TO071	581	581	14	(frances~)]	frances~	_	_	_	_	_	linguistic	_	none	Interrupted=Yes	End=1834.704	_	_	0-8(0)	0-8(119)
582-0	TO073	582	582	0	[n~	n~	_	_	_	_	_	linguistic	_	none	Interrupted=Yes|PauseAfter=Yes	Begin=1833.048	_	_	_	0-2(119)
582-1	TO073	582	582	1	{P}	{P}	_	_	_	_	_	shortpause	_	none	_	_	_	_	_	0-3(119)
582-2	TO073	582	582	2	no	no	_	_	_	_	_	linguistic	_	none	_	_	_	_	_	0-2(119)
582-3	TO073	582	582	3	però]	però	_	_	_	_	_	linguistic	_	none	_	_	_	_	_	0-4(119)
582-4	TO073	582	582	4	comunque	comunque	_	_	_	_	_	linguistic	_	none	PauseAfter=Yes	_	_	_	_	_
582-5	TO073	582	582	5	{P}	{P}	_	_	_	_	_	shortpause	_	none	_	_	_	_	_	_
582-6	TO073	582	582	6	di	di	_	_	_	_	_	linguistic	_	none	_	_	_	_	_	_
582-7	TO073	582	582	7	sicuro	sicuro	_	_	_	_	_	linguistic	_	none	_	_	_	_	_	_
582-8	TO073	582	582	8	gli	gli	_	_	_	_	_	linguistic	_	none	_	_	_	_	_	_
582-9	TO073	582	582	9	sarebbe	sarebbe	_	_	_	_	_	linguistic	_	none	_	_	_	_	_	_
582-10	TO073	582	582	10	andata	andata	_	_	_	_	_	linguistic	_	none	_	_	_	_	_	_
582-11	TO073	582	582	11	meglio	meglio	_	_	_	_	_	linguistic	_	none	_	_	_	_	_	_
582-12	TO073	582	582	12	di	di	_	_	_	_	_	linguistic	_	none	_	_	_	_	_	_
582-13	TO073	582	582	13	come	come	_	_	_	_	_	linguistic	_	none	_	_	_	_	_	_
582-14	TO073	582	582	14	è	è	_	_	_	_	_	linguistic	_	none	_	_	_	_	_	_
582-15	TO073	582	582	15	andata	andata	_	_	_	_	_	linguistic	_	none	_	_	_	_	_	_
582-16	TO073	582	582	16	poi	poi	_	_	_	_	_	linguistic	_	none	_	_	_	_	_	_
582-17	TO073	582	582	17	a	a	_	_	_	_	_	linguistic	_	none	_	_	_	_	_	_
582-18	TO073	582	582	18	noi	noi	_	_	_	_	_	linguistic	_	none	_	_	_	_	_	_
582-19	TO073	582	582	19	perché	perché	_	_	_	_	_	linguistic	_	none	_	_	_	_	_	_
582-20	TO073	582	582	20	b~	b~	_	_	_	_	_	linguistic	_	none	Interrupted=Yes	End=1838.123	_	_	_	_
583-0	TO073	583	583	0	siam	siam	_	_	_	_	_	linguistic	_	none	_	Begin=1838.181	_	_	_	_
583-1	TO073	583	583	1	incappate	incappate	_	_	_	_	_	linguistic	_	none	_	_	_	_	_	_
583-2	TO073	583	583	2	anche	anche	_	_	_	_	_	linguistic	_	none	_	_	_	_	_	_
583-3	TO073	583	583	3	in	in	_	_	_	_	_	linguistic	_	none	_	_	_	_	_	_
583-4	TO073	583	583	4	una	una	_	_	_	_	_	linguistic	_	none	_	_	_	_	_	_
583-5	TO073	583	583	5	serie	serie	_	_	_	_	_	linguistic	_	none	_	_	_	_	_	_
583-6	TO073	583	583	6	di	di	_	_	_	_	_	linguistic	_	none	_	_	_	_	_	_
583-7	TO073	583	583	7	problemi.	problemi	_	_	_	_	_	linguistic	_	none	Intonation=Falling	End=1840.458	_	_	_	_
584-0	TO073	584	584	0	però	però	_	_	_	_	_	linguistic	_	none	_	Begin=1840.514	_	_	_	_
584-1	TO073	584	584	1	sì	sì	_	_	_	_	_	linguistic	_	none	_	_	_	_	_	_
584-2	TO073	584	584	2	non	non	_	_	_	_	_	linguistic	_	none	_	_	_	_	_	_
584-3	TO073	584	584	3	so	so	_	_	_	_	_	linguistic	_	none	_	_	_	_	_	_
584-4	TO073	584	584	4	>tante	tante	_	_	_	_	_	linguistic	_	none	_	_	_	Fast=0-5(0)	_	_
584-5	TO073	584	584	5	cose	cose	_	_	_	_	_	linguistic	_	none	_	_	_	Fast=0-4(0)	_	_
584-6	TO073	584	584	6	cose	cose	_	_	_	_	_	linguistic	_	none	_	_	_	Fast=0-4(0)	_	_
584-7	TO073	584	584	7	ho	ho	_	_	_	_	_	linguistic	_	none	_	_	_	Fast=0-2(0)	_	_
584-8	TO073	584	584	8	vissuto	vissuto	_	_	_	_	_	linguistic	_	none	_	_	_	Fast=0-7(0)	_	_
584-9	TO073	584	584	9	adesso	adesso	_	_	_	_	_	linguistic	_	none	_	_	_	Fast=0-6(0)	_	_
584-10	TO073	584	584	10	mi	mi	_	_	_	_	_	linguistic	_	none	_	_	_	Fast=0-2(0)	_	_
584-11	TO073	584	584	11	vengono	vengono	_	_	_	_	_	linguistic	_	none	_	_	_	Fast=0-7(0)	_	_
584-12	TO073	584	584	12	in	in	_	_	_	_	_	linguistic	_	none	_	_	_	Fast=0-2(0)	_	_
584-13	TO073	584	584	13	mente	mente	_	_	_	_	_	linguistic	_	none	_	_	_	Fast=0-5(0)	_	_
584-14	TO073	584	584	14	queste	queste	_	_	_	_	_	linguistic	_	none	_	_	_	Fast=0-6(0)	_	_
584-15	TO073	584	584	15	ma<	ma	_	_	_	_	_	linguistic	_	none	_	End=1844.173	_	Fast=0-2(0)	_	_
585-0	TO073	585	585	0	>penso	penso	_	_	_	_	_	linguistic	_	none	_	Begin=1844.338	_	Fast=0-5(0)	_	_
585-1	TO073	585	585	1	ce	ce	_	_	_	_	_	linguistic	_	none	_	_	_	Fast=0-2(0)	_	_
585-2	TO073	585	585	2	ne	ne	_	_	_	_	_	linguistic	_	none	_	_	_	Fast=0-2(0)	_	_
585-3	TO073	585	585	3	sarebbero	sarebbero	_	_	_	_	_	linguistic	_	none	_	_	_	Fast=0-9(0)	_	_
585-4	TO073	585	585	4	ottomilanovecento<.	ottomilanovecento	_	_	_	_	_	linguistic	_	none	Intonation=Falling	End=1846.161	_	Fast=0-17(0)	_	_
586-0	TO071	586	586	0	va	va	_	_	_	_	_	linguistic	_	none	_	Begin=1846.745	_	_	_	_
586-1	TO071	586	586	1	bene.	bene	_	_	_	_	_	linguistic	_	none	Intonation=Falling	End=1847.787	_	_	_	_
587-0	TO071	587	587	0	va	va	_	_	_	_	_	linguistic	_	none	_	Begin=1848.842	_	_	_	_
587-1	TO071	587	587	1	bene.	bene	_	_	_	_	_	linguistic	_	none	Intonation=Falling	End=1849.469	_	_	_	_
588-0	TO071	588	588	0	abbiamo	abbiamo	_	_	_	_	_	linguistic	_	none	_	Begin=1849.692	_	_	_	_
588-1	TO071	588	588	1	finito	finito	_	_	_	_	_	linguistic	_	none	PauseAfter=Yes	_	_	_	_	_
588-2	TO071	588	588	2	{P}	{P}	_	_	_	_	_	shortpause	_	none	_	_	_	_	_	_
588-3	TO071	588	588	3	grazie	grazie	_	_	_	_	_	linguistic	_	none	_	_	_	_	_	_
588-4	TO071	588	588	4	mille.	mille	_	_	_	_	_	linguistic	_	none	Intonation=Falling	End=1851.037	_	_	_	_
589-0	TO073	589	589	0	oh	oh	_	_	_	_	_	linguistic	_	none	_	Begin=1851.037	_	_	_	_
589-1	TO073	589	589	1	ma	ma	_	_	_	_	_	linguistic	_	none	PauseAfter=Yes	_	_	_	_	_
589-2	TO073	589	589	2	{P}	{P}	_	_	_	_	_	shortpause	_	none	_	_	_	_	_	_
589-3	TO073	589	589	3	ci	ci	_	_	_	_	_	linguistic	_	none	_	_	_	_	_	_
589-4	TO073	589	589	4	manchere(bbe)	mancherebbe	_	_	_	_	_	linguistic	_	none	_	End=1852.023	_	_	8-11(0)	_
